hour,head_A,head_B,head_R,vol_A,vol_B,q_AB,q_BR,q_WA,q_WB,setting_AB,setting_BR,tracer_1,reactive_1,tracer_2,reactive_2,tracer_3,reactive_3
0.008333333333333377,0.30000064300370227,6.430037019849986e-07,0.0,157.03737664999957,156.99999999999997,0.0,0.0,0.0,0.0,1.0,1.0,0.0,0.0,0.0,0.0,0.0,0.0
0.01666666666666683,0.3000006430037026,6.430037019849986e-07,0.0,157.1497541500106,156.99999999999997,0.0,0.0,0.0,0.0,1.0,1.0,0.0,0.0,0.0,0.0,0.0,0.0
0.024999999999999765,0.3000006430037028,6.430037019849986e-07,0.0,157.337131650019,156.99999999999997,0.0,0.0,0.0,0.0,1.0,1.0,0.0,0.0,0.0,0.0,0.0,0.0
0.033333333333332625,0.3000006430037028,6.430037019849986e-07,0.0,157.59950915003512,156.99999999999997,0.0,0.0,0.0,0.0,1.0,1.0,0.0,0.0,0.0,0.0,0.0,0.0
0.04166666666666549,0.30000064300370244,6.430037019849986e-07,0.0,157.9368866500485,156.99999999999997,0.0,0.0,0.0,0.0,1.0,1.0,0.0,0.0,0.0,0.0,0.0,0.0
0.04999999999999835,0.30000064300370244,6.430037019849986e-07,0.0,158.3492641500699,156.99999999999997,0.0,0.0,0.0,0.0,1.0,1.0,0.0,0.0,0.0,0.0,0.0,0.0
0.05833333333333121,0.30000064300370244,6.430037019849986e-07,0.0,158.83664165009915,156.99999999999997,0.0,0.0,0.0,0.0,1.0,1.0,0.0,0.0,0.0,0.0,0.0,0.0
0.06666666666666407,0.30000064300370277,6.430037019849986e-07,0.0,159.39901915013635,156.99999999999997,0.0,0.0,0.0,0.0,1.0,1.0,0.0,0.0,0.0,0.0,0.0,0.0
0.07499999999999803,0.30000064300370266,6.430037019849986e-07,0.0,160.03639665017081,156.99999999999997,0.0,0.0,0.0,0.0,1.0,1.0,0.0,0.0,0.0,0.0,0.0,0.0
0.08333333333333326,0.3000006430037024,6.430037019849986e-07,0.0,160.74877415021305,156.99999999999997,0.0,0.0,0.0,0.0,1.0,1.0,0.0,0.0,0.0,0.0,0.0,0.0
0.09166666666666848,0.3000006430037021,6.430037019849986e-07,0.0,161.53615165025792,156.99999999999997,0.0,0.0,0.0,0.0,1.0,1.0,0.0,0.0,0.0,0.0,0.0,0.0
0.1000000000000037,0.30000064300370205,6.430037019849986e-07,0.0,162.3985291503107,156.99999999999997,0.0,0.0,0.0,0.0,1.0,1.0,0.0,0.0,0.0,0.0,0.0,0.0
0.10833333333333894,0.30000064300370255,6.430037019849986e-07,0.0,163.33590665036633,156.99999999999997,0.0,0.0,0.0,0.0,1.0,1.0,0.0,0.0,0.0,0.0,0.0,0.0
0.11666666666667416,0.30000064300370266,6.430037019849986e-07,0.0,164.34828415042966,156.99999999999997,0.0,0.0,0.0,0.0,1.0,1.0,0.0,0.0,0.0,0.0,0.0,0.0
0.1250000000000094,0.3000006430037026,6.430037019849986e-07,0.0,165.43566165049555,156.99999999999997,0.0,0.0,0.0,0.0,1.0,1.0,0.0,0.0,0.0,0.0,0.0,0.0
0.13333333333334463,0.3000006430037021,6.430037019849986e-07,0.0,166.5980391505587,156.99999999999997,0.0,0.0,0.0,0.0,1.0,1.0,0.0,0.0,0.0,0.0,0.0,0.0
0.14166666666667987,0.3000006430037017,6.430037019849986e-07,0.0,167.83541665062447,156.99999999999997,0.0,0.0,0.0,0.0,1.0,1.0,0.0,0.0,0.0,0.0,0.0,0.0
0.15000000000001507,0.3000006430037021,6.430037019849986e-07,0.0,169.14779415069836,156.99999999999997,0.0,0.0,0.0,0.0,1.0,1.0,0.0,0.0,0.0,0.0,0.0,0.0
0.1583333333333503,0.3000006430037024,6.430037019849986e-07,0.0,170.5351716507801,156.99999999999997,0.0,0.0,0.0,0.0,1.0,1.0,0.0,0.0,0.0,0.0,0.0,0.0
0.1666666666666855,0.30000064300370266,6.430037019849986e-07,0.0,171.99754915086444,156.99999999999997,0.0,0.0,0.0,0.0,1.0,1.0,0.0,0.0,0.0,0.0,0.0,0.0
0.17500000000002075,0.30000064300370244,6.430037019849986e-07,0.0,173.5349266509565,156.99999999999997,0.0,0.0,0.0,0.0,1.0,1.0,0.0,0.0,0.0,0.0,0.0,0.0
0.18333333333335597,0.3000006430037021,6.430037019849986e-07,0.0,175.14730415105112,156.99999999999997,0.0,0.0,0.0,0.0,1.0,1.0,0.0,0.0,0.0,0.0,0.0,0.0
0.19166666666669122,0.3000006430037022,6.430037019849986e-07,0.0,176.8346816511485,156.99999999999997,0.0,0.0,0.0,0.0,1.0,1.0,0.0,0.0,0.0,0.0,0.0,0.0
0.20000000000002643,0.3000006430037024,6.430037019849986e-07,0.0,178.59705915125377,156.99999999999997,0.0,0.0,0.0,0.0,1.0,1.0,0.0,0.0,0.0,0.0,0.0,0.0
0.20833333333336165,0.30000064300370277,6.430037019849986e-07,0.0,180.43443665136172,156.99999999999997,0.0,0.0,0.0,0.0,1.0,1.0,0.0,0.0,0.0,0.0,0.0,0.0
0.21666666666669687,0.3000006430037026,6.430037019849986e-07,0.0,182.34681415147736,156.99999999999997,0.0,0.0,0.0,0.0,1.0,1.0,0.0,0.0,0.0,0.0,0.0,0.0
0.22500000000003212,0.3000006430037024,6.430037019849986e-07,0.0,184.33419165159034,156.99999999999997,0.0,0.0,0.0,0.0,1.0,1.0,0.0,0.0,0.0,0.0,0.0,0.0
0.23333333333336737,0.3000006430037022,6.430037019849986e-07,0.0,186.39656915171122,156.99999999999997,0.0,0.0,0.0,0.0,1.0,1.0,0.0,0.0,0.0,0.0,0.0,0.0
0.24166666666670256,0.30000064300370227,6.430037019849986e-07,0.0,188.5339466518295,156.99999999999997,0.0,0.0,0.0,0.0,1.0,1.0,0.0,0.0,0.0,0.0,0.0,0.0
0.2500000000000378,0.30000064300370277,6.430037019849986e-07,0.0,190.74632415195583,156.99999999999997,0.0,0.0,0.0,0.0,1.0,1.0,0.0,0.0,0.0,0.0,0.0,0.0
0.25833333333337305,0.30000064300370266,6.430037019849986e-07,0.0,193.03370165208983,156.99999999999997,0.0,0.0,0.0,0.0,1.0,1.0,0.0,0.0,0.0,0.0,0.0,0.0
0.26666666666670824,0.3000006430037028,6.430037019849986e-07,0.0,195.39607915222646,156.99999999999997,0.0,0.0,0.0,0.0,1.0,1.0,0.0,0.0,0.0,0.0,0.0,0.0
0.2750000000000435,0.30000064300370255,6.430037019849986e-07,0.0,197.83345665237084,156.99999999999997,0.0,0.0,0.0,0.0,1.0,1.0,0.0,0.0,0.0,0.0,0.0,0.0
0.28333333333337873,0.3000006430037021,6.430037019849986e-07,0.0,200.34583415251782,156.99999999999997,0.0,0.0,0.0,0.0,1.0,1.0,0.0,0.0,0.0,0.0,0.0,0.0
0.2916666666667057,0.30000064300370277,6.430037019849986e-07,0.0,202.93321165266772,156.99999999999997,0.0,0.0,0.0,0.0,1.0,1.0,0.0,0.0,0.0,0.0,0.0,0.0
0.30000000000003146,0.3000006430037028,6.430037019849986e-07,0.0,205.59558915282537,156.99999999999997,0.0,0.0,0.0,0.0,1.0,1.0,0.0,0.0,0.0,0.0,0.0,0.0
0.3083333333333572,0.300000643003703,6.430037019849986e-07,0.0,208.33296665298565,156.99999999999997,0.0,0.0,0.0,0.0,1.0,1.0,0.0,0.0,0.0,0.0,0.0,0.0
0.31666666666668297,0.30000064300370255,6.430037019849986e-07,0.0,211.14534415314841,156.99999999999997,0.0,0.0,0.0,0.0,1.0,1.0,0.0,0.0,0.0,0.0,0.0,0.0
0.3250000000000087,0.30000064300370205,6.430037019849986e-07,0.0,214.03272165331376,156.99999999999997,0.0,0.0,0.0,0.0,1.0,1.0,0.0,0.0,0.0,0.0,0.0,0.0
0.3333333333333345,0.3000006430037024,6.430037019849986e-07,0.0,216.99509915348713,156.99999999999997,0.0,0.0,0.0,0.0,1.0,1.0,0.0,0.0,0.0,0.0,0.0,0.0
0.34166666666666023,0.3000006430037028,6.430037019849986e-07,0.0,220.03247665366314,156.99999999999997,0.0,0.0,0.0,0.0,1.0,1.0,0.0,0.0,0.0,0.0,0.0,0.0
0.349999999999986,0.3000006430037033,6.430037019849986e-07,0.0,223.1448541538418,156.99999999999997,0.0,0.0,0.0,0.0,1.0,1.0,0.0,0.0,0.0,0.0,0.0,0.0
0.35833333333331174,0.300000643003703,6.430037019849986e-07,0.0,226.33223165402813,156.99999999999997,0.0,0.0,0.0,0.0,1.0,1.0,0.0,0.0,0.0,0.0,0.0,0.0
0.3666666666666375,0.3000006430037031,6.430037019849986e-07,0.0,229.5946091542171,156.99999999999997,0.0,0.0,0.0,0.0,1.0,1.0,0.0,0.0,0.0,0.0,0.0,0.0
0.37499999999996325,0.300000643003703,6.430037019849986e-07,0.0,232.93198665441392,156.99999999999997,0.0,0.0,0.0,0.0,1.0,1.0,0.0,0.0,0.0,0.0,0.0,0.0
0.383333333333289,0.30000064300370316,6.430037019849986e-07,0.0,236.34436415461343,156.99999999999997,0.0,0.0,0.0,0.0,1.0,1.0,0.0,0.0,0.0,0.0,0.0,0.0
0.39166666666661476,0.3000006430037034,6.430037019849986e-07,0.0,239.83174165482097,156.99999999999997,0.0,0.0,0.0,0.0,1.0,1.0,0.0,0.0,0.0,0.0,0.0,0.0
0.3999999999999405,0.3000006430037032,6.430037019849986e-07,0.0,243.39411915502566,156.99999999999997,0.0,0.0,0.0,0.0,1.0,1.0,0.0,0.0,0.0,0.0,0.0,0.0
0.40833333333326627,0.3000006430037032,6.430037019849986e-07,0.0,247.03149665523821,156.99999999999997,0.0,0.0,0.0,0.0,1.0,1.0,0.0,0.0,0.0,0.0,0.0,0.0
0.416666666666592,0.30000064300370277,6.430037019849986e-07,0.0,250.74387382255424,156.99999999999997,0.0,0.0,1.6704649311091881e-06,0.0,1.0,1.0,0.0,0.0,20.0,20.0,0.0,0.0
0.4249999999999178,0.30000064300370277,6.430037019849986e-07,0.0,254.5311164874444,156.99999999999997,0.0,0.0,8.453556466611062e-06,0.0,1.0,1.0,0.0,0.0,20.00000000000001,20.00000000000001,0.0,0.0
0.43333333333324353,0.3000006430037035,6.430037019849986e-07,0.0,258.393033616955,156.99999999999997,0.0,0.0,2.3919251920530724e-05,0.0,1.0,1.0,0.0,0.0,19.999999999999993,19.999999999999993,0.0,0.0
0.4416666666665693,0.30000064300370316,6.430037019849986e-07,0.0,262.3293135749869,156.99999999999997,0.0,0.0,5.144059572976456e-05,0.0,1.0,1.0,0.0,0.0,19.999999999999982,19.999999999999982,0.0,0.0
0.44999999999989504,0.3000006430037047,6.430037019849986e-07,0.0,266.33954586844027,156.99999999999997,0.0,0.0,9.423668600945954e-05,0.0,1.0,1.0,0.0,0.0,20.000000000000004,20.000000000000004,0.0,0.0
0.4583333333332208,0.3000006430037063,6.430037019849986e-07,0.0,270.4232256631943,156.99999999999997,0.0,0.0,0.00015537938864993318,0.0,1.0,1.0,0.0,0.0,19.999999999999986,19.999999999999986,0.0,0.0
0.46666666666654655,0.3000006430037049,6.430037019849986e-07,0.0,274.57975810778936,156.99999999999997,0.0,0.0,0.00023779941669122037,0.0,1.0,1.0,0.0,0.0,19.999999999999993,19.999999999999993,0.0,0.0
0.4749999999998723,0.3000006430037063,6.430037019849986e-07,0.0,278.8084624857736,156.99999999999997,0.0,0.0,0.00034429166847345545,0.0,1.0,1.0,0.0,0.0,19.99999999999999,19.99999999999999,0.0,0.0
0.48333333333319806,0.30000064300370505,6.430037019849986e-07,0.0,283.108576219575,156.99999999999997,0.0,0.0,0.00047751978447863405,0.0,1.0,1.0,0.0,0.0,20.00000000000002,20.00000000000002,0.0,0.0
0.4916666666665238,0.300000643003706,6.430037019849986e-07,0.0,287.47925874940773,156.99999999999997,0.0,0.0,0.0006400199330115877,0.0,1.0,1.0,0.0,0.0,20.000000000000004,20.000000000000004,0.0,0.0
0.49999999999984956,0.3000006430037041,6.430037019849986e-07,0.0,291.9195953096128,156.99999999999997,0.0,0.0,0.0008342038708995828,0.0,1.0,1.0,0.0,0.0,20.000000000000014,20.000000000000014,0.0,0.0
0.5083333333331753,0.3000006430037041,6.430037019849986e-07,0.0,296.42860062327173,156.99999999999997,0.0,0.0,0.0010623613496385255,0.0,1.0,1.0,0.0,0.0,19.99999999999998,19.99999999999998,0.0,0.0
0.5166666666665011,0.3000006430037049,6.430037019849986e-07,0.0,301.0052225334202,156.99999999999997,0.0,0.0,0.0013266619520931507,0.0,1.0,1.0,0.0,0.0,19.999999999999993,19.999999999999993,0.0,0.0
0.5249999999998268,0.3000006430037033,6.430037019849986e-07,0.0,305.64834558656,156.99999999999997,0.0,0.0,0.0016291564521320782,0.0,1.0,1.0,0.0,0.0,20.000000000000032,20.000000000000032,0.0,0.0
0.5333333333331526,0.30000064300370255,6.430037019849986e-07,0.0,310.3567945813868,156.99999999999997,0.0,0.0,0.0019717777912860116,0.0,1.0,1.0,0.0,0.0,20.000000000000053,20.000000000000053,0.0,0.0
0.5416666666664783,0.300000643003703,6.430037019849986e-07,0.0,315.1293380928251,156.99999999999997,0.0,0.0,0.0023563417641689066,0.0,1.0,1.0,0.0,0.0,20.000000000000036,20.000000000000036,0.0,0.0
0.5499999999998041,0.30000064300370377,6.430037019849986e-07,0.0,319.9646919788068,156.99999999999997,0.0,0.0,0.002784547499265398,0.0,1.0,1.0,0.0,0.0,20.000000000000036,20.000000000000036,0.0,0.0
0.5583333333331298,0.30000064300370377,6.430037019849986e-07,0.0,324.86152287466143,156.99999999999997,0.0,0.0,0.0032579778147191502,0.0,1.0,1.0,0.0,0.0,20.00000000000003,20.00000000000003,0.0,0.0
0.5666666666664556,0.30000064300370394,6.430037019849986e-07,0.0,329.81845167784024,156.99999999999997,0.0,0.0,0.0037780995207754233,0.0,1.0,1.0,0.0,0.0,20.000000000000014,20.000000000000014,0.0,0.0
0.5749999999997814,0.30000064300370505,6.430037019849986e-07,0.0,334.83405702355077,156.99999999999997,0.0,0.0,0.004346263731983709,0.0,1.0,1.0,0.0,0.0,20.000000000000057,20.000000000000057,0.0,0.0
0.5833333333331071,0.30000064300370616,6.430037019849986e-07,0.0,339.90687875016664,156.99999999999997,0.0,0.0,0.004963706243663347,0.0,1.0,1.0,0.0,0.0,20.000000000000057,20.000000000000057,0.0,0.0
0.5916666666664329,0.30000064300370666,6.430037019849986e-07,0.0,345.0354213518272,156.99999999999997,0.0,0.0,0.005631548018738616,0.0,1.0,1.0,0.0,0.0,20.000000000000018,20.000000000000018,0.0,0.0
0.5999999999997586,0.3000006430037071,6.430037019849986e-07,0.0,350.2181574142361,156.99999999999997,0.0,0.0,0.006350795822963507,0.0,1.0,1.0,0.0,0.0,20.000000000000004,20.000000000000004,0.0,0.0
0.6083333333330844,0.3000006430037058,6.430037019849986e-07,0.0,355.45353102883706,156.99999999999997,0.0,0.0,0.007122343039094464,0.0,1.0,1.0,0.0,0.0,20.00000000000003,20.00000000000003,0.0,0.0
0.6166666666664101,0.3000006430037082,6.430037019849986e-07,0.0,360.7399611794962,156.99999999999997,0.0,0.0,0.007946970683525132,0.0,1.0,1.0,0.0,0.0,20.00000000000004,20.00000000000004,0.0,0.0
0.6249999999997359,0.30000064300370666,6.430037019849986e-07,0.0,366.07584509548667,156.99999999999997,0.0,0.0,0.008825348642669893,0.0,1.0,1.0,0.0,0.0,20.00000000000007,20.00000000000007,0.0,0.0
0.6333333333330616,0.3000006430037057,6.430037019849986e-07,0.0,371.4595615638661,156.99999999999997,0.0,0.0,0.009758037140536087,0.0,1.0,1.0,0.0,0.0,20.0000000000001,20.0000000000001,0.0,0.0
0.6416666666663874,0.30000064300370266,6.430037019849986e-07,0.0,376.88947419428257,156.99999999999997,0.0,0.0,0.010745488443918146,0.0,1.0,1.0,0.0,0.0,20.00000000000004,20.00000000000004,0.0,0.0
0.6499999999997131,0.30000064300370255,6.430037019849986e-07,0.0,382.3639346290424,156.99999999999997,0.0,0.0,0.01178804880707103,0.0,1.0,1.0,0.0,0.0,20.000000000000043,20.000000000000043,0.0,0.0
0.6583333333330389,0.300000643003703,6.430037019849986e-07,0.0,387.8812856912084,156.99999999999997,0.0,0.0,0.012885960653729898,0.0,1.0,1.0,0.0,0.0,19.99999999999997,19.99999999999997,0.0,0.0
0.6666666666663646,0.3000006430037058,6.430037019849986e-07,0.0,393.4398644637771,156.99999999999997,0.0,0.0,0.014039364990968538,0.0,1.0,1.0,0.0,0.0,20.00000000000002,20.00000000000002,0.0,0.0
0.6749999999996904,0.3000006430037095,6.430037019849986e-07,0.0,399.03800529303214,156.99999999999997,0.0,0.0,0.015248304046367608,0.0,1.0,1.0,0.0,0.0,20.00000000000005,20.00000000000005,0.0,0.0
0.6833333333330162,0.30000064300370965,6.430037019849986e-07,0.0,404.67404270954415,156.99999999999997,0.0,0.0,0.016512724117483807,0.0,1.0,1.0,0.0,0.0,19.999999999999993,19.999999999999993,0.0,0.0
0.6916666666663419,0.30000064300370805,6.430037019849986e-07,0.0,410.3463142606871,156.99999999999997,0.0,0.0,0.017832478620564928,0.0,1.0,1.0,0.0,0.0,19.999999999999954,19.999999999999954,0.0,0.0
0.6999999999996677,0.30000064300370377,6.430037019849986e-07,0.0,416.0531632488531,156.99999999999997,0.0,0.0,0.01920733132368582,0.0,1.0,1.0,0.0,0.0,19.999999999999922,19.999999999999922,0.0,0.0
0.7083333333329934,0.3000006430037041,6.430037019849986e-07,0.0,421.7929413701133,156.99999999999997,0.0,0.0,0.020636959748191835,0.0,1.0,1.0,0.0,0.0,19.999999999999915,19.999999999999915,0.0,0.0
0.7166666666663192,0.30000064300370566,6.430037019849986e-07,0.0,427.564011248488,156.99999999999997,0.0,0.0,0.0221209587212534,0.0,1.0,1.0,0.0,0.0,19.999999999999986,19.999999999999986,0.0,0.0
0.7249999999996449,0.3000006430037065,6.430037019849986e-07,0.0,433.36474886163074,156.99999999999997,0.0,0.0,0.023658844061654135,0.0,1.0,1.0,0.0,0.0,19.999999999999936,19.999999999999936,0.0,0.0
0.7333333333329707,0.30000064300370427,6.430037019849986e-07,0.0,439.19354585414413,156.99999999999997,0.0,0.0,0.02525005638038997,0.0,1.0,1.0,0.0,0.0,19.99999999999994,19.99999999999994,0.0,0.0
0.7416666666662964,0.3000006430037063,6.430037019849986e-07,0.0,445.0488117353716,156.99999999999997,0.0,0.0,0.02689396497743443,0.0,1.0,1.0,0.0,0.0,20.000000000000046,20.000000000000046,0.0,0.0
0.7499999999996222,0.30000064300370693,6.430037019849986e-07,0.0,450.92897595909926,156.99999999999997,0.0,0.0,0.028589871816029733,0.0,1.0,1.0,0.0,0.0,20.00000000000003,20.00000000000003,0.0,0.0
0.758333333332948,0.3000006430037066,6.430037019849986e-07,0.0,456.8324898830672,156.99999999999997,0.0,0.0,0.030337015555921287,0.0,1.0,1.0,0.0,0.0,20.000000000000053,20.000000000000053,0.0,0.0
0.7666666666662738,0.30000064300370505,6.430037019849986e-07,0.0,462.7578286068585,156.99999999999997,0.0,0.0,0.03213457562738536,0.0,1.0,1.0,0.0,0.0,20.000000000000018,20.000000000000018,0.0,0.0
0.7749999999995993,0.30000064300370505,6.430037019849986e-07,0.0,468.7034926871347,156.99999999999997,0.0,0.0,0.033981676328228065,0.0,1.0,1.0,0.0,0.0,19.99999999999996,19.99999999999996,0.0,0.0
0.7833333333329252,0.3000006430037063,6.430037019849986e-07,0.0,474.66800972988915,156.99999999999997,0.0,0.0,0.03587739092667072,0.0,1.0,1.0,0.0,0.0,19.99999999999996,19.99999999999996,0.0,0.0
0.7916666666662511,0.3000006430037079,6.430037019849986e-07,0.0,480.6499358596603,156.99999999999997,0.0,0.0,0.03782074575354063,0.0,1.0,1.0,0.0,0.0,19.99999999999998,19.99999999999998,0.0,0.0
0.7999999999995766,0.30000064300370616,6.430037019849986e-07,0.0,486.6478570664159,156.99999999999997,0.0,0.0,0.039810724268187964,0.0,1.0,1.0,0.0,0.0,19.999999999999986,19.999999999999986,0.0,0.0
0.8083333333329025,0.30000064300370444,6.430037019849986e-07,0.0,492.66039043097965,156.99999999999997,0.0,0.0,0.04184627108317474,0.0,1.0,1.0,0.0,0.0,19.99999999999997,19.99999999999997,0.0,0.0
0.8166666666662283,0.30041743246742497,6.430037019849986e-07,0.0,498.68618523054397,156.99999999999997,0.0,0.0,0.04392629593389507,0.0,1.0,1.0,0.0,0.0,19.999999999999893,19.999999999999893,0.0,0.0
0.8249999999995539,0.30135590685980534,6.430037019849986e-07,0.0,504.72392392606776,156.99999999999997,0.0,0.0,0.0460496775801141,0.0,1.0,1.0,0.0,0.0,19.999999999999915,19.999999999999915,0.0,0.0
0.8333333333328797,0.30239851177070237,6.430037019849986e-07,0.0,510.7723230338564,156.99999999999997,0.0,0.0,0.0482152676275145,0.0,1.0,1.0,0.0,0.0,19.999999999999993,19.999999999999993,0.0,0.0
0.8416666666662056,0.30355716532916466,6.430037019849986e-07,0.0,516.8301337268442,156.99999999999997,0.0,0.0,0.05042200769231315,0.0,1.0,1.0,0.0,0.0,20.00000000000001,20.00000000000001,0.0,0.0
0.8499999999995311,0.3048444524214841,6.430037019849986e-07,0.0,522.8961205631344,156.99999999999997,0.0,0.0,0.052669749203429934,0.0,1.0,1.0,0.0,0.0,19.99999999999997,19.99999999999997,0.0,0.0
0.858333333332857,0.3062735074522266,6.430037019849986e-07,0.0,528.9690908213495,156.99999999999997,0.0,0.0,0.054956114950452314,0.0,1.0,1.0,0.0,0.0,19.99999999999995,19.99999999999995,0.0,0.0
0.8666666666661829,0.3078578660065675,6.430037019849986e-07,0.0,535.047904123378,156.99999999999997,0.0,0.0,0.05727988385819376,0.0,1.0,1.0,0.0,0.0,19.999999999999943,19.999999999999943,0.0,0.0
0.8749999999995084,0.30961128720289594,6.430037019849986e-07,0.0,541.1314568769006,156.99999999999997,0.0,0.0,0.05963982518492126,0.0,1.0,1.0,0.0,0.0,19.999999999999943,19.999999999999943,0.0,0.0
0.8833333333328343,0.31154755035462395,6.430037019849986e-07,0.0,547.2186825174769,156.99999999999997,0.0,0.0,0.062034701685280934,0.0,1.0,1.0,0.0,0.0,19.999999999999943,19.999999999999943,0.0,0.0
0.8916666666661601,0.3136802313642981,6.430037019849986e-07,0.0,553.3085516577593,156.99999999999997,0.0,0.0,0.06446327263634917,0.0,1.0,1.0,0.0,0.0,19.999999999999922,19.999999999999922,0.0,0.0
0.8999999999994857,0.316022465899474,6.430037019849986e-07,0.0,559.4000721480352,156.99999999999997,0.0,0.0,0.06692429672290104,0.0,1.0,1.0,0.0,0.0,19.999999999999925,19.999999999999925,0.0,0.0
0.9083333333328115,0.31858670769225284,6.430037019849986e-07,0.0,565.4922890523774,156.99999999999997,0.0,0.0,0.06941653477890922,0.0,1.0,1.0,0.0,0.0,19.99999999999991,19.99999999999991,0.0,0.0
0.9166666666661374,0.32138449112620276,6.430037019849986e-07,0.0,571.5842845447254,156.99999999999997,0.0,0.0,0.07193875238312537,0.0,1.0,1.0,0.0,0.0,19.999999999999915,19.999999999999915,0.0,0.0
0.9249999999994629,0.3244262075250876,6.430037019849986e-07,0.0,577.675177729348,156.99999999999997,0.0,0.0,0.07448972230741072,0.0,1.0,1.0,0.0,0.0,19.999999999999897,19.999999999999897,0.0,0.0
0.9333333333327888,0.3277209041874804,6.430037019849986e-07,0.0,583.7641243900349,156.99999999999997,0.0,0.0,0.07706822681717966,0.0,1.0,1.0,0.0,0.0,19.999999999999936,19.999999999999936,0.0,0.0
0.9416666666661146,0.3312761142315768,6.430037019849986e-07,0.0,589.8503166725409,156.99999999999997,0.0,0.0,0.07967305982414807,0.0,1.0,1.0,0.0,0.0,19.999999999999925,19.999999999999925,0.0,0.0
0.9499999999994402,0.3350977237964941,6.430037019849986e-07,0.0,595.9329827046407,156.99999999999997,0.0,0.0,0.08230302889212934,0.0,1.0,1.0,0.0,0.0,19.999999999999915,19.999999999999915,0.0,0.0
0.958333333332766,0.33918988121532717,6.430037019849986e-07,0.0,602.0113861581941,156.99999999999997,0.0,0.0,0.08495695709726137,0.0,1.0,1.0,0.0,0.0,19.999999999999876,19.999999999999876,0.0,0.0
0.9666666666660919,0.3435549505943384,6.430037019849986e-07,0.0,608.0848257576044,156.99999999999997,0.0,0.0,0.08763368474467625,0.0,1.0,1.0,0.0,0.0,19.999999999999908,19.999999999999908,0.0,0.0
0.9749999999994174,0.3481935099836488,6.430037019849986e-07,0.0,614.1526347388644,156.99999999999997,0.0,0.0,0.09033207094398722,0.0,1.0,1.0,0.0,0.0,19.999999999999947,19.999999999999947,0.0,0.0
0.9833333333327433,0.35310294706014533,6.430046312077918e-07,0.0,620.2136600177403,157.00052024574083,6.933043057931063e-05,0.0,0.09305099504662478,0.0,1.0,1.0,0.0,0.0,19.999999999999996,19.999999999999996,0.0,0.0
0.9916666666660692,0.3582686612138285,6.430140565471983e-07,0.0,626.2630656476969,157.00579714354924,0.0003015896436502414,0.0,0.09578935794820756,0.0,1.0,1.0,0.0,0.0,19.999999999999964,19.999999999999964,0.0,0.0
0.9999999999993947,0.3636754845689315,6.430389126538482e-07,0.0,632.2964030025134,157.0197124134968,0.0006414734062446443,0.0,0.09854608325980167,0.0,1.0,1.0,0.0,0.0,19.999999999999922,19.999999999999922,0.0,0.0
1.0083333333327205,0.3693092715037083,6.43084572246064e-07,0.0,638.2361821624393,157.04527135927367,0.0010762525745011994,0.0,0.10123988976178813,0.0,1.0,1.0,0.0,0.0,19.999999999999883,19.999999999999883,0.0,0.0
1.0166666666660464,0.375155322969858,6.43155965307435e-07,0.0,644.0079170603765,157.08522789851747,0.0016003350941131843,0.0,0.1037897030145115,0.0,1.0,1.0,0.0,0.0,19.999999999999865,19.999999999999865,0.0,0.0
1.024999999999372,0.3811982193528926,6.432578016643703e-07,0.0,649.613297191707,157.14220728172742,0.002210352034807775,0.0,0.10619593851363618,0.0,1.0,1.0,0.0,0.0,19.99999999999986,19.99999999999986,0.0,0.0
1.0333333333326977,0.38742188510778997,6.433946492633702e-07,0.0,655.054079683103,157.2187477171601,0.002903727373925009,0.0,0.10845946394121349,0.0,1.0,1.0,0.0,0.0,19.999999999999854,19.999999999999854,0.0,0.0
1.0416666666660237,0.3938097306412241,6.435709635390023e-07,0.0,660.3320625877782,157.31731433267174,0.003678102240755209,0.0,0.11058154529078726,0.0,1.0,1.0,0.0,0.0,19.999999999999897,19.999999999999897,0.0,0.0
1.0499999999993492,0.40034482246847014,6.437910959091215e-07,0.0,665.4490716602198,157.4403012046148,0.004531069150945196,0.0,0.11256379756705218,0.0,1.0,1.0,0.0,0.0,19.999999999999854,19.999999999999854,0.0,0.0
1.058333333332675,0.407010059834472,6.440592925756267e-07,0.0,670.4069541791572,157.5900277528596,0.005460045189450505,0.0,0.1144081397304068,0.0,1.0,1.0,0.0,0.0,19.999999999999808,19.999999999999808,0.0,0.0
1.066666666666001,0.4137883461315447,6.443796889272174e-07,0.0,675.2075766844863,157.7687325134496,0.006462216528721866,0.0,0.11611675358199261,0.0,1.0,1.0,0.0,0.0,19.99999999999982,19.99999999999982,0.0,0.0
1.0749999999993265,0.42066274831530365,6.447563023390668e-07,0.0,679.8528248999385,157.97856590325267,0.007534522961664962,0.0,0.1176920463065246,0.0,1.0,1.0,0.0,0.0,19.999999999999815,19.999999999999815,0.0,0.0
1.0833333333326522,0.42761664033399993,6.451930249390551e-07,0.0,684.3446048060665,158.221582906284,0.008673666061255128,0.0,0.1191366164091036,0.0,1.0,1.0,0.0,0.0,19.999999999999787,19.999999999999787,0.0,0.0
1.0916666666659782,0.4346338284276631,6.45693617241532e-07,0.0,688.6848442108703,158.49973623633997,0.009876131515489227,0.0,0.1204532227991951,0.0,1.0,1.0,0.0,0.0,19.999999999999794,19.999999999999794,0.0,0.0
1.0999999999993038,0.4416986574441184,6.462617031530942e-07,0.0,692.8754943968721,158.8148703061961,0.01113821975477955,0.0,0.12164475679028335,0.0,1.0,1.0,0.0,0.0,19.999999999999762,19.999999999999762,0.0,0.0
1.1083333333326295,0.448796098246503,6.469007666053012e-07,0.0,696.9185315738373,159.1687161900439,0.01245608099966218,0.0,0.12271421679803017,0.0,1.0,1.0,0.0,0.0,19.999999999999773,19.999999999999773,0.0,0.0
1.1166666666659555,0.4559118169486085,6.47614149906211e-07,0.0,700.8159579688688,159.56288766957792,0.013825752087070538,0.0,0.12366468553299927,0.0,1.0,1.0,0.0,0.0,19.999999999999797,19.999999999999797,0.0,0.0
1.124999999999281,0.4630322271699737,6.484050537944841e-07,0.0,704.5698024578256,159.99887838784463,0.015243193242262093,0.0,0.12449930949640081,0.0,1.0,1.0,0.0,0.0,19.999999999999783,19.999999999999783,0.0,0.0
1.1333333333326068,0.47014452679439295,6.492765391087038e-07,0.0,708.1821206936443,160.47806008892866,0.01670432352670096,0.0,0.1252212805993079,0.0,1.0,1.0,0.0,0.0,19.99999999999979,19.99999999999979,0.0,0.0
1.1416666666659503,0.47723672087872815,6.502315299395048e-07,0.0,711.6549947239511,161.00168188992788,0.0182050541013076,0.0,0.12583381973681457,0.0,1.0,1.0,0.0,0.0,19.999999999999794,19.999999999999794,0.0,0.0
1.1499999999993138,0.4842976324212932,6.512728181058591e-07,0.0,714.9905321163229,161.57087051065596,0.019741318749423004,0.0,0.12634016215950472,0.0,1.0,1.0,0.0,0.0,19.999999999999773,19.999999999999773,0.0,0.0
1.1583333333326773,0.49131690268619027,6.524030687843709e-07,0.0,718.1908646270446,162.18663137346982,0.0213091013341465,0.0,0.12674354449455297,0.0,1.0,1.0,0.0,0.0,19.999999999999744,19.999999999999744,0.0,0.0
1.1666666666660412,0.4982849827120368,6.536248271179099e-07,0.0,721.2581464607132,162.84985047860022,0.02290446003874779,0.0,0.12704719327879888,0.0,1.0,1.0,0.0,0.0,19.999999999999748,19.999999999999748,0.0,0.0
1.1749999999994047,0.505206319929834,6.54931718444773e-07,0.0,724.1993050418562,163.55654409025476,0.02409794115879313,0.0,0.12725431487502573,0.0,1.0,1.0,0.0,0.0,19.99999999999975,19.99999999999975,0.0,0.0
1.1833333333327685,0.5121076330423396,6.563027109567008e-07,0.0,727.029025383918,164.29487510866403,0.025113276863841336,0.0,0.1273680866518695,0.0,1.0,1.0,0.0,0.0,19.999999999999762,19.999999999999762,0.0,0.0
1.191666666666132,0.5189882740654137,6.577351640060538e-07,0.0,729.7518872528726,165.06301689441375,0.0260862583543785,0.0,0.12739164931582855,0.0,1.0,1.0,0.0,0.0,19.999999999999748,19.999999999999748,0.0,0.0
1.1999999999994957,0.5258462858253405,6.592275861253704e-07,0.0,732.3717537981389,165.85976583953058,0.027021199139616786,0.0,0.12732810029201125,0.0,1.0,1.0,0.0,0.0,19.999999999999773,19.999999999999773,0.0,0.0
1.2083333333328594,0.5326797849350147,6.607787040721366e-07,0.0,734.8922781398052,166.6840361662218,0.027921676649485243,0.0,0.1271804880576319,0.0,1.0,1.0,0.0,0.0,19.99999999999977,19.99999999999977,0.0,0.0
1.2166666666662231,0.5394869942519052,6.623874281967292e-07,0.0,737.3169243076884,167.53484053061354,0.02879070133798926,0.0,0.12695180733958297,0.0,1.0,1.0,0.0,0.0,19.999999999999748,19.999999999999748,0.0,0.0
1.2249999999995866,0.5462662627793728,6.640528255944828e-07,0.0,739.6489839885644,168.41127495037244,0.029630839041452663,0.0,0.12664499509385094,0.0,1.0,1.0,0.0,0.0,19.999999999999783,19.999999999999783,0.0,0.0
1.2333333333329501,0.5530160766630094,6.657740989533077e-07,0.0,741.8915902230137,169.31250689255975,0.030444301359599975,0.0,0.12626292719114723,0.0,1.0,1.0,0.0,0.0,19.999999999999766,19.999999999999766,0.0,0.0
1.241666666666314,0.5597350638539151,6.675505696513997e-07,0.0,744.0477288368755,170.23776571654147,0.03123301363749209,0.0,0.12580841573883364,0.0,1.0,1.0,0.0,0.0,19.99999999999976,19.99999999999976,0.0,0.0
1.2499999999996776,0.5664219942835278,6.693816640820729e-07,0.0,746.1202481589188,171.18633490226904,0.03199866692898472,0.0,0.12528420697502105,0.0,1.0,1.0,0.0,0.0,19.999999999999755,19.999999999999755,0.0,0.0
1.2583333333330413,0.5730757768918628,6.71266902467382e-07,0.0,748.111867419489,172.15754565290155,0.03274275829340602,0.0,0.1246929796757374,0.0,1.0,1.0,0.0,0.0,19.999999999999723,19.999999999999723,0.0,0.0
1.2666666666664048,0.5796954544943331,6.732058896183047e-07,0.0,750.0251841172769,173.15077157002906,0.033466622455463835,0.0,0.12403734402109408,0.0,1.0,1.0,0.0,0.0,19.99999999999973,19.99999999999973,0.0,0.0
1.2749999999997685,0.5862801972153249,6.751983072370364e-07,0.0,751.8626805662059,174.16542417653176,0.03417145697742477,0.0,0.12331984087091687,0.0,1.0,1.0,0.0,0.0,19.99999999999973,19.99999999999973,0.0,0.0
1.2833333333331323,0.5928292950280198,6.772439074554999e-07,0.0,753.6267297809231,175.20094911699925,0.034858342493111746,0.0,0.12254294140450231,0.0,1.0,1.0,0.0,0.0,19.99999999999977,19.99999999999977,0.0,0.0
1.291666666666496,0.5993421497995267,6.793425073757514e-07,0.0,755.3196008207605,176.25682290549136,0.03552825913769332,0.0,0.12170904708314757,0.0,1.0,1.0,0.0,0.0,19.999999999999726,19.999999999999726,0.0,0.0
1.2999999999998595,0.6058182671355961,6.814939844307542e-07,0.0,756.9434636839587,177.33255011979085,0.03618210001440221,0.0,0.12082048989777068,0.0,1.0,1.0,0.0,0.0,19.999999999999726,19.999999999999726,0.0,0.0
1.308333333333223,0.6122572482394124,6.836982724233764e-07,0.0,758.5003938230801,178.4276609631994,0.036820682329733005,0.0,0.11987953286741027,0.0,1.0,1.0,0.0,0.0,19.99999999999974,19.99999999999974,0.0,0.0
1.316666666666587,0.6186587819389173,6.859553581312589e-07,0.0,759.9923763369177,179.54170913147544,0.03744475667669464,0.0,0.1188883707574072,0.0,1.0,1.0,0.0,0.0,19.99999999999974,19.99999999999974,0.0,0.0
1.3249999999999504,0.6250226369910674,6.882652783879402e-07,0.0,761.4213098825729,180.67426993512845,0.038055014834030274,0.0,0.11784913098913778,0.0,1.0,1.0,0.0,0.0,19.99999999999972,19.99999999999972,0.0,0.0
1.3333333333333142,0.6313486547364866,6.906281175681845e-07,0.0,762.7890103423761,181.82493863701796,0.038652096366365546,0.0,0.11676387471581086,0.0,1.0,1.0,0.0,0.0,19.99999999999973,19.99999999999973,0.0,0.0
1.3416666666666777,0.6376367421515837,6.930440054191413e-07,0.0,764.0972142734897,182.99332897277088,0.039236594247976375,0.0,0.1156345980412653,0.0,1.0,1.0,0.0,0.0,19.999999999999723,19.999999999999723,0.0,0.0
1.3500000000000414,0.6438868653249321,6.95513115189708e-07,0.0,765.3475821628206,184.17907182746796,0.03980905968562208,0.0,0.11446323336115521,0.0,1.0,1.0,0.0,0.0,19.999999999999723,19.999999999999723,0.0,0.0
1.3583333333334051,0.6500990433698024,6.980356620190003e-07,0.0,766.5417015056136,185.38181404674845,0.040370006279772636,0.0,0.11325165080781154,0.0,1.0,1.0,0.0,0.0,19.999999999999762,19.999999999999762,0.0,0.0
1.3666666666667688,0.6562733427734846,7.006119015516284e-07,0.0,767.6810897231303,186.6012173642222,0.04091991363567343,0.0,0.11200165978229562,0.0,1.0,1.0,0.0,0.0,19.99999999999978,19.99999999999978,0.0,0.0
1.3750000000001323,0.6624098721757938,7.032421287529695e-07,0.0,768.767196931944,187.83695743008388,0.04145923051400527,0.0,0.11071501055859652,0.0,1.0,1.0,0.0,0.0,19.99999999999979,19.99999999999979,0.0,0.0
1.3833333333334958,0.6685087775634158,7.059266769020572e-07,0.0,769.8014085757533,189.08872292824893,0.04198837759392133,0.0,0.10939339594694414,0.0,1.0,1.0,0.0,0.0,19.99999999999979,19.99999999999979,0.0,0.0
1.3916666666668598,0.6745702378625775,7.086659167433388e-07,0.0,770.7850479286956,190.3562147713066,0.04250774990783262,0.0,0.10803845300439571,0.0,1.0,1.0,0.0,0.0,19.999999999999755,19.999999999999755,0.0,0.0
1.4000000000002233,0.6805944609099188,7.114602557815296e-07,0.0,771.7193784780186,191.63914536419958,0.043017718996675974,0.0,0.1066517647824141,0.0,1.0,1.0,0.0,0.0,19.999999999999744,19.999999999999744,0.0,0.0
1.408333333333587,0.6865816797798918,7.143101377062592e-07,0.0,772.605606192968,192.93723792886865,0.04351863482590044,0.0,0.10523486210243095,0.0,1.0,1.0,0.0,0.0,19.999999999999723,19.999999999999723,0.0,0.0
1.4166666666669505,0.69253214944616,7.172160419352529e-07,0.0,773.4448816857476,194.25022588320314,0.04401082749556572,0.0,0.10378922535141784,0.0,1.0,1.0,0.0,0.0,19.999999999999687,19.999999999999687,0.0,0.0
1.4250000000003142,0.6984461437541944,7.201784832665153e-07,0.0,774.2383022698266,195.57785226855088,0.04449460877241357,0.0,0.1023162862907159,0.0,1.0,1.0,0.0,0.0,19.999999999999698,19.999999999999698,0.0,0.0
1.433333333333678,0.7043239526828504,7.231980116314274e-07,0.0,774.9869139203313,196.91986922080926,0.04497027346730753,0.0,0.10081742987227554,0.0,1.0,1.0,0.0,0.0,19.999999999999712,19.999999999999712,0.0,0.0
1.4416666666670417,0.7101658798728757,7.262752119419038e-07,0.0,775.6917131405894,198.27603748076342,0.04543810067773103,0.0,0.09929399605731987,0.0,1.0,1.0,0.0,0.0,19.999999999999677,19.999999999999677,0.0,0.0
1.4500000000004052,0.7159722404015119,7.294107040258135e-07,0.0,776.3536487387107,199.64612593988286,0.045898354912050784,0.0,0.09774728163338312,0.0,1.0,1.0,0.0,0.0,19.999999999999716,19.999999999999716,0.0,0.0
1.4583333333337687,0.7217433587830683,7.326051426457534e-07,0.0,776.973623517575,201.02991121824533,0.04635128710974501,0.0,0.0961785420263489,0.0,1.0,1.0,0.0,0.0,19.999999999999694,19.999999999999694,0.0,0.0
1.4666666666671326,0.7274795671766339,7.358592175970736e-07,0.0,777.5524958814069,202.42717727165837,0.04679713556974894,0.0,0.09458899310489104,0.0,1.0,1.0,0.0,0.0,19.999999999999698,19.999999999999698,0.0,0.0
1.4750000000004961,0.733181203783032,7.391736538817144e-07,0.0,778.0910813617136,203.83771502538005,0.047236126797338074,0.0,0.09297981297528479,0.0,1.0,1.0,0.0,0.0,19.999999999999645,19.999999999999645,0.0,0.0
1.4833333333338599,0.7388486114144185,7.425492119550318e-07,0.0,778.5901540652595,205.2613220321354,0.04766847627854351,0.0,0.0913521437652803,0.0,1.0,1.0,0.0,0.0,19.99999999999963,19.99999999999963,0.0,0.0
1.4916666666672234,0.7444821362210592,7.459866880433076e-07,0.0,779.0504480464872,206.69780215237324,0.04809438918988513,0.0,0.08970709339625198,0.0,1.0,1.0,0.0,0.0,19.999999999999627,19.999999999999627,0.0,0.0
1.500000000000587,0.7500821265608764,7.494869145301278e-07,0.0,779.4726586065044,208.14696525492735,0.04851406105018448,0.0,0.08804573734333342,0.0,1.0,1.0,0.0,0.0,19.9999999999996,19.9999999999996,0.0,0.0
1.5083333333339508,0.7556489319985065,7.530507604102326e-07,0.0,779.857443520731,209.6086269364365,0.048927678320361045,0.0,0.08636912038388686,0.0,1.0,1.0,0.0,0.0,19.999999999999563,19.999999999999563,0.0,0.0
1.5166666666673145,0.7611829024216081,7.566791318098289e-07,0.0,780.2054241969297,211.0826082580396,0.04933541895637803,0.0,0.08467825833501025,0.0,1.0,1.0,0.0,0.0,19.999999999999563,19.999999999999563,0.0,0.0
1.525000000000678,0.766684387263267,7.603729725727213e-07,0.0,780.5171867653952,212.56873549801307,0.04973745291988591,0.0,0.0829741397814232,0.0,1.0,1.0,0.0,0.0,19.999999999999545,19.999999999999545,0.0,0.0
1.5333333333340415,0.7721537348200296,7.641332649119386e-07,0.0,780.7932831025992,214.06683991914133,0.05013394265055647,0.0,0.08125772779536707,0.0,1.0,1.0,0.0,0.0,19.999999999999545,19.999999999999545,0.0,0.0
1.5416666666674053,0.7775912916562815,7.679610301268418e-07,0.0,781.034231789796,215.57675754972564,0.050525043503660376,0.0,0.07952996165087119,0.0,1.0,1.0,0.0,0.0,19.999999999999556,19.999999999999556,0.0,0.0
1.550000000000769,0.7829974020862537,7.718573293859933e-07,0.0,781.2405190075144,217.09832897723714,0.05091090415602413,0.0,0.07779175853492602,0.0,1.0,1.0,0.0,0.0,19.999999999999545,19.999999999999545,0.0,0.0
1.558333333334133,0.7883724077258311,7.758232645763415e-07,0.0,781.4125993670539,218.63139915370812,0.05129166698316615,0.0,0.07604401525890957,0.0,1.0,1.0,0.0,0.0,19.999999999999517,19.999999999999517,0.0,0.0
1.5666666666674964,0.7937166471070345,7.798599792195375e-07,0.0,781.5508966796506,220.1758172120359,0.05166746841011023,0.0,0.0742876099738667,0.0,1.0,1.0,0.0,0.0,19.999999999999552,19.999999999999552,0.0,0.0
1.57500000000086,0.799030455348569,7.839686594564615e-07,0.0,781.655804663909,221.7314362924419,0.052038439238103876,0.0,0.07252340389395961,0.0,1.0,1.0,0.0,0.0,19.99999999999954,19.99999999999954,0.0,0.0
1.5833333333342237,0.804314163876682,7.881505351012886e-07,0.0,781.7276875918737,223.29811337839692,0.05240470494925688,0.0,0.07075224303286984,0.0,1.0,1.0,0.0,0.0,19.999999999999574,19.999999999999574,0.0,0.0
1.5916666666675874,0.8095681001908241,7.924068807666696e-07,0.0,781.7668808739573,224.87570914137424,0.052766385990893096,0.0,0.06897495995874678,0.0,1.0,1.0,0.0,0.0,19.999999999999584,19.999999999999584,0.0,0.0
1.6000000000009509,0.8147925876693844,7.967390170618544e-07,0.0,781.7736915825745,226.4640877938503,0.05312359804125023,0.0,0.06719237557374227,0.0,1.0,1.0,0.0,0.0,19.999999999999552,19.999999999999552,0.0,0.0
1.6083333333343144,0.8199879454110328,8.0114831186583e-07,0.0,781.7483989142652,228.06311695001307,0.05347645225799219,0.0,0.06540530092520501,0.0,1.0,1.0,0.0,0.0,19.999999999999506,19.999999999999506,0.0,0.0
1.616666666667678,0.8251544881077173,8.056361816777999e-07,0.0,781.6912545896469,229.67266749368446,0.05382505551086535,0.0,0.06361453905627068,0.0,1.0,1.0,0.0,0.0,19.999999999999496,19.999999999999496,0.0,0.0
1.6250000000010418,0.8302925259457794,8.102040930475867e-07,0.0,781.6024831904454,231.2926134529992,0.05416951059971045,0.0,0.06182088690473556,0.0,1.0,1.0,0.0,0.0,19.999999999999492,19.999999999999492,0.0,0.0
1.6333333333344058,0.835402364531872,8.148535640888007e-07,0.0,781.4822824323235,232.92283188141718,0.054509916458922246,0.0,0.06002513726008124,0.0,1.0,1.0,0.0,0.0,19.999999999999464,19.999999999999464,0.0,0.0
1.6416666666677693,0.8404843048409174,8.195861660778882e-07,0.0,781.3308233720763,234.56320274467856,0.05484636834936742,0.0,0.058228080789890675,0.0,1.0,1.0,0.0,0.0,19.99999999999946,19.99999999999946,0.0,0.0
1.6500000000011328,0.8455386431833027,8.244035251424534e-07,0.0,781.1482505472375,236.21360881333953,0.05517895803866164,0.0,0.056430508148381735,0.0,1.0,1.0,0.0,0.0,19.999999999999446,19.999999999999446,0.0,0.0
1.6583333333344965,0.8505656711891076,8.293073240425344e-07,0.0,780.9346820457849,237.873935560551,0.055507773970650376,0.0,0.05463321218145837,0.0,1.0,1.0,0.0,0.0,19.999999999999424,19.999999999999424,0.0,0.0
1.6666666666678602,0.8555656758071841,8.342993040488201e-07,0.0,780.6902095030988,239.54407106476947,0.05583290142485344,0.0,0.052836990244710426,0.0,1.0,1.0,0.0,0.0,19.999999999999392,19.999999999999392,0.0,0.0
1.6750000000012237,0.86053893931722,8.393812669221117e-07,0.0,780.4148980227924,241.2239059171091,0.056154422666575415,0.0,0.05104264665315838,0.0,1.0,1.0,0.0,0.0,19.99999999999938,19.99999999999938,0.0,0.0
1.6833333333345872,0.8654857393530377,8.445550769986638e-07,0.0,780.1087860174545,242.91333313306424,0.056472417088323096,0.0,0.04925099528436876,0.0,1.0,1.0,0.0,0.0,19.99999999999936,19.99999999999936,0.0,0.0
1.691666666667951,0.8704063489357046,8.498226633863967e-07,0.0,779.7718849645485,244.61224806835207,0.05678696134312715,0.0,0.04746286235975856,0.0,1.0,1.0,0.0,0.0,19.999999999999343,19.999999999999343,0.0,0.0
1.7000000000013147,0.8753010365149807,8.5518602227733e-07,0.0,779.4041790719431,246.32054833863853,0.057098129470305944,0.0,0.0456790894329559,0.0,1.0,1.0,0.0,0.0,19.9999999999993,19.9999999999993,0.0,0.0
1.7083333333346786,0.8801700660179681,8.606472193820061e-07,0.0,779.0056248466216,248.03813374293128,0.057405993014178744,0.0,0.043900536618746905,0.0,1.0,1.0,0.0,0.0,19.99999999999933,19.99999999999933,0.0,0.0
1.7166666666680421,0.8850136969038758,8.662083924920574e-07,0.0,778.5761505589277,249.76490619043298,0.05771062113619156,0.0,0.04212808610177392,0.0,1.0,1.0,0.0,0.0,19.999999999999304,19.999999999999304,0.0,0.0
1.7250000000014056,0.8898321842238854,8.718717541775425e-07,0.0,778.1156555935345,251.50076963066402,0.05801208072088075,0.0,0.04036264597113678,0.0,1.0,1.0,0.0,0.0,19.999999999999275,19.999999999999275,0.0,0.0
1.7333333333347694,0.894625778685312,8.776395946261429e-07,0.0,777.624009676654,253.24562998667903,0.05831043647607368,0.0,0.03860515443527205,0.0,1.0,1.0,0.0,0.0,19.999999999999247,19.999999999999247,0.0,0.0
1.741666666668133,0.8993947267192552,8.835142846317949e-07,0.0,777.1010519674238,254.99939509120296,0.058605751027691125,0.0,0.03685658448195748,0.0,1.0,1.0,0.0,0.0,19.999999999999243,19.999999999999243,0.0,0.0
1.7500000000014966,0.904139270551152,8.894982787409164e-07,0.0,776.5465899990121,256.7619746255388,0.05889808500949585,0.0,0.0351179490607253,0.0,1.0,1.0,0.0,0.0,19.999999999999154,19.999999999999154,0.0,0.0
1.75833333333486,0.9088596482734939,8.955941185649172e-07,0.0,775.9603984526655,258.5332800610929,0.0591874971480948,0.0,0.03339030688098164,0.0,1.0,1.0,0.0,0.0,19.999999999999144,19.999999999999144,0.0,0.0
1.7666666666682238,0.9135560939203156,9.018044362683322e-07,0.0,775.3422177446589,260.31322460338316,0.05947404434349549,0.0,0.03167476893867499,0.0,1.0,1.0,0.0,0.0,19.99999999999914,19.99999999999914,0.0,0.0
1.7750000000015875,0.9182288375429473,9.081319582425709e-07,0.0,774.691752402427,262.10172313840116,0.059757781745486495,0.0,0.02997250590938373,0.0,1.0,1.0,0.0,0.0,19.9999999999992,19.9999999999992,0.0,0.0
1.7833333333349515,0.9228781052865345,9.145795089759864e-07,0.0,774.0086692015543,263.89869218120543,0.06003876282608918,0.0,0.028284756577493287,0.0,1.0,1.0,0.0,0.0,19.99999999999984,19.99999999999984,0.0,0.0
1.791666666668315,0.9275041194671456,9.211500151317349e-07,0.0,773.2925950296042,265.70404982663183,0.060317039448327614,0.0,0.02661283751191678,0.0,1.0,1.0,0.0,0.0,20.000000000000462,20.000000000000462,0.0,0.0
1.8000000000016785,0.9321070986489819,9.278465098457291e-07,0.0,772.5431144356538,267.51771570201583,0.060592661931525266,0.0,0.02495815425201527,0.0,1.0,1.0,0.0,0.0,20.000000000000462,20.000000000000462,0.0,0.0
1.8083333333350422,0.9366872577215521,9.346721372578578e-07,0.0,771.7597668155745,269.33961092182153,0.060865679113341065,0.0,0.023322214337188073,0.0,1.0,1.0,0.0,0.0,20.000000000000462,20.000000000000462,0.0,0.0
1.816666666668406,0.9412448079764704,9.41630157290632e-07,0.0,770.9420431716046,271.1696580440888,0.06113613840872949,0.0,0.02170664260649458,0.0,1.0,1.0,0.0,0.0,20.00000000000053,20.00000000000053,0.0,0.0
1.8250000000017694,0.9457799571837486,9.487239506904041e-07,0.0,770.0893823703357,273.0077810286002,0.061404085866007166,0.0,0.02011319932010895,0.0,1.0,1.0,0.0,0.0,20.000000000000707,20.000000000000707,0.0,0.0
1.833333333335133,0.95029290966737,9.559570243474794e-07,0.0,769.2011668041166,274.85390519669295,0.061669566220189896,0.0,0.018543801826009256,0.0,1.0,1.0,0.0,0.0,20.000000000000878,20.000000000000878,0.0,0.0
1.8416666666684967,0.9547838663799948,9.633330169125955e-07,0.0,768.2767173358484,276.7079571926296,0.061932622943755886,0.0,0.017000550734307673,0.0,1.0,1.0,0.0,0.0,20.00000000000112,20.00000000000112,0.0,0.0
1.8500000000018604,0.9592530249767242,9.708557047285766e-07,0.0,767.3152873734002,278.5698649464558,0.06219329829498327,0.0,0.015485761900415606,0.0,1.0,1.0,0.0,0.0,20.000000000001332,20.000000000001332,0.0,0.0
1.8583333333352243,0.9637005798877185,9.785290080973656e-07,0.0,766.3160558739798,280.43955763827216,0.06245163336399259,0.0,0.014002006008779638,0.0,1.0,1.0,0.0,0.0,20.00000000000161,20.00000000000161,0.0,0.0
1.8666666666685878,0.9681267223897083,9.86356997904185e-07,0.0,765.27811901485,282.31696566385574,0.06270766811662909,0.0,0.012552158275628963,0.0,1.0,1.0,0.0,0.0,20.00000000000194,20.00000000000194,0.0,0.0
1.8750000000019513,0.9725316406762039,9.94343902622214e-07,0.0,764.2004801756503,284.2020206015658,0.06296144143629637,0.0,0.011139461894866393,0.0,1.0,1.0,0.0,0.0,20.000000000002267,20.000000000002267,0.0,0.0
1.883333333335315,0.9769155199264021,1.0024941157229916e-06,0.0,763.0820377449559,286.0946551804759,0.06321299116385776,0.0,0.009767610585655449,0.0,1.0,1.0,0.0,0.0,20.000000000002686,20.000000000002686,0.0,0.0
1.8916666666686788,0.9812785423727628,1.010812203519695e-06,0.0,761.9215700638892,287.99480324967624,0.06346235413571016,0.0,0.008440858418449632,0.0,1.0,1.0,0.0,0.0,20.000000000003187,20.000000000003187,0.0,0.0
1.9000000000020423,0.9856208873672221,1.0193029134725692e-06,0.0,760.7177165091379,289.9023997486888,0.06370956622012985,0.0,0.00716416987023272,0.0,1.0,1.0,0.0,0.0,20.000000000003386,20.000000000003386,0.0,0.0
1.9083333333354058,0.9899427314459253,1.0279711829881184e-06,0.0,759.4689532137991,291.8173806789515,0.0639546623519768,0.0,0.005943431557788688,0.0,1.0,1.0,0.0,0.0,20.000000000003297,20.000000000003297,0.0,0.0
1.9166666666687695,0.9942442483925955,1.0368221487461592e-06,0.0,758.1735610661747,293.73968307631867,0.06419767656585218,0.0,0.004785763167416854,0.0,1.0,1.0,0.0,0.0,20.000000000003197,20.000000000003197,0.0,0.0
1.9250000000021332,0.9985256093004444,1.0458611565915982e-06,0.0,756.8295820686845,295.6692449845326,0.06443864202778593,0.0,0.0036999978634267554,0.0,1.0,1.0,0.0,0.0,20.000000000003084,20.000000000003084,0.0,0.0
1.9333333333354972,1.00278698263263,1.055093772030795e-06,0.0,755.4347570797646,297.60600542962675,0.06467759106553123,0.0,0.0026974760694641825,0.0,1.0,1.0,0.0,0.0,20.000000000002878,20.000000000002878,0.0,0.0
1.9416666666688607,1.007028534281298,1.06452579137563e-06,0.0,753.9864312764823,299.54990439521566,0.06491455519754023,0.0,0.001793485033793778,0.0,1.0,1.0,0.0,0.0,20.000000000002498,20.000000000002498,0.0,0.0
1.9500000000022242,1.0112504276251868,1.0741632535819926e-06,0.0,752.4813966813574,301.500882798638,0.06514956516068739,0.0,0.0010102601525046866,0.0,1.0,1.0,0.0,0.0,20.00000000000181,20.00000000000181,0.0,0.0
1.958333333335588,1.015452823585801,1.0840124528332767e-06,0.0,750.9155861005056,303.4588824679097,0.06538265093680357,0.0,0.0003849341728513971,0.0,1.0,1.0,0.0,0.0,20.000000000001204,20.000000000001204,0.0,0.0
1.9666666666689516,1.0196358806822168,1.0940799519237954e-06,0.0,749.2832333438264,305.4238461194586,0.06561384177808446,0.0,8.687991691055737e-06,0.0,1.0,1.0,0.0,0.0,20.000000000001066,20.000000000001066,0.0,0.0
1.9750000000023151,1.023799754954862,1.104372596501544e-06,0.0,747.5739766253471,307.3957173365754,0.06584316622430009,0.0,0.0,0.0,1.0,1.0,0.0,0.0,15.658260451428298,14.107164258748183,0.0,0.0
1.9833333333356786,1.0279445903914777,1.1148975302106834e-06,0.0,745.7828759184035,309.3744405440203,0.06607065159882702,0.0,0.0,0.0,1.0,1.0,0.0,0.0,15.700424174470742,14.140195376103065,0.0,0.0
1.9916666666690424,1.0320704510678098,1.1256622105225099e-06,0.0,743.909978035015,311.35996092791527,0.06629632033199892,0.0,0.0,0.0,1.0,1.0,0.0,0.0,15.742153843421088,14.172831001765546,0.0,0.0
2.000000000002406,1.0361771736273886,1.1366744246003895e-06,0.0,741.9553364610031,313.35222417744467,0.06652018202299664,0.0,0.0,0.0,1.0,1.0,0.0,0.0,15.78345189849955,14.20507356381819,0.0,0.0
2.00833333333577,1.040264186672304,1.1479423046147289e-06,0.0,739.9563846820852,315.35117595636285,0.06674222386345882,0.0,0.0,0.0,1.0,1.0,0.0,0.0,15.824318989039076,14.236923580703342,0.0,0.0
2.0166666666691335,1.044330340829673,1.1594743423024994e-06,0.0,737.950799544386,317.3567610940611,0.06696240182195412,0.0,0.0,0.0,1.0,1.0,0.0,0.0,15.864753318760838,14.26837895016292,0.0,0.0
2.025000000002497,1.048373775890584,1.1712794028657072e-06,0.0,735.9386380962693,319.3689225421776,0.06718063398866915,0.0,0.0,0.0,1.0,1.0,0.0,0.0,15.904750207378106,14.299434458630131,0.0,0.0
2.033333333335861,1.0523918387392373,1.1833667385054426e-06,0.0,733.9199604650767,321.38760017336983,0.06739679676260753,0.0,0.0,0.0,1.0,1.0,0.0,0.0,15.94430191234702,14.330081560596643,0.0,0.0
2.0416666666692245,1.0563810559140863,1.1957460020126045e-06,0.0,731.8948311276872,323.4127295107595,0.0676107240182422,0.0,0.0,0.0,1.0,1.0,0.0,0.0,15.98339770647908,14.360308427229889,0.0,0.0
2.050000000002588,1.0603371575387575,1.2084272608952324e-06,0.0,729.8633201639539,325.4442404744929,0.06782220900724972,0.0,0.0,0.0,1.0,1.0,0.0,0.0,16.02202417584771,14.390100230262563,0.0,0.0
2.0583333333359515,1.0642551450205067,1.2214210125325665e-06,0.0,727.8255044176206,327.4820562208258,0.06803100852780708,0.0,0.0,0.0,1.0,1.0,0.0,0.0,16.06016568627542,14.419439609435544,0.0,0.0
2.066666666669315,1.068129392696719,1.2347382008236424e-06,0.0,725.7814685051516,329.52609213329504,0.06823684878983712,0.0,0.0,0.0,1.0,1.0,0.0,0.0,16.09780496143671,14.448307265321269,0.0,0.0
2.075000000002679,1.0719537729336912,1.2483902347563953e-06,0.0,723.7313056305198,331.57625500792665,0.06843943238497172,0.0,0.0,0.0,1.0,1.0,0.0,0.0,16.134923717685997,14.476682620594113,0.0,0.0
2.083333333336043,1.0757217945795785,1.2623890092719747e-06,0.0,721.6751181813049,333.6324424571416,0.06863844580750833,0.0,0.0,0.0,1.0,1.0,0.0,0.0,16.171503307368408,14.504544498970855,0.0,0.0
2.0916666666694064,1.0794267457688322,1.2767469287459459e-06,0.0,719.6130180970108,335.69454254143596,0.06883356704559378,0.0,0.0,0.0,1.0,1.0,0.0,0.0,16.207525331495248,14.531871779968156,0.0,0.0
2.10000000000277,1.0830618335691227,1.2914769333590525e-06,0.0,717.5451270135962,337.76243362485025,0.06902447285335392,0.0,0.0,0.0,1.0,1.0,0.0,0.0,16.242972192680384,14.55864399768538,0.0,0.0
2.108333333336134,1.0866203146206983,1.3065925285888557e-06,0.0,715.4715761984326,339.8359844400143,0.06921084541184584,0.0,0.0,0.0,1.0,1.0,0.0,0.0,16.2778275690162,14.584841861824154,0.0,0.0
2.1166666666694973,1.0900956125695833,1.322107818022458e-06,0.0,713.3925062972293,341.9150543412177,0.06939237818030326,0.0,0.0,0.0,1.0,1.0,0.0,0.0,16.312076798359076,14.610447688296677,0.0,0.0
2.125000000002861,1.0934814196203324,1.3380375396707214e-06,0.0,711.3080669191452,343.99949371930154,0.06956878082306436,0.0,0.0,0.0,1.0,1.0,0.0,0.0,16.345707169865687,14.635445734558525,0.0,0.0
2.1333333333362243,1.0967717808571018,1.3543971059561358e-06,0.0,709.2184160886287,346.0891445498178,0.06973978316831816,0.0,0.0,0.0,1.0,1.0,0.0,0.0,16.378708125393068,14.659822441002587,0.0,0.0
2.141666666669588,1.0999611610669524,1.3712026475494778e-06,0.0,707.1237195929712,348.18384104547545,0.06990513821097682,0.0,0.0,0.0,1.0,1.0,0.0,0.0,16.41107137755131,14.683566584345602,0.0,0.0
2.1500000000029518,1.1030444946385345,1.3884710612438198e-06,0.0,705.024150253522,350.2834103849252,0.07006462421371834,0.0,0.0,0.0,1.0,1.0,0.0,0.0,16.442790953922614,14.706669352034877,0.0,0.0
2.1583333333363157,1.10601721971525,1.4062200620773558e-06,0.0,702.919887146435,352.38767349201186,0.0702180459887483,0.0,0.0,0.0,1.0,1.0,0.0,0.0,16.473863178438055,14.729124348500068,0.0,0.0
2.166666666669679,1.1088752981802257,1.4244682399479279e-06,0.0,700.8111147960601,354.4964458423871,0.07036523545991487,0.0,0.0,0.0,1.0,1.0,0.0,0.0,16.504286601394178,14.750927544815223,0.0,0.0
2.1750000000030427,1.1116152232736496,1.443235121001256e-06,0.0,698.6980223609501,356.6095382774977,0.07050605161258308,0.0,0.0,0.0,1.0,1.0,0.0,0.0,16.534061889323507,14.772077183265017,0.0,0.0
2.1833333333364067,1.114234016726184,1.46254123412103e-06,0.0,696.5808028292312,358.7267578092165,0.07064037993925136,0.0,0.0,0.0,1.0,1.0,0.0,0.0,16.56319168515656,14.792573647659303,0.0,0.0
2.19166666666977,1.116729217268879,1.4824081829016884e-06,0.0,694.4596522368886,360.8479084015587,0.07076813148424092,0.0,0.0,0.0,1.0,1.0,0.0,0.0,16.591680448000435,14.812419309213727,0.0,0.0
2.2000000000031337,1.119098862280889,1.502858723543899e-06,0.0,692.3347689195381,362.9727917189093,0.07088924158262666,0.0,0.0,0.0,1.0,1.0,0.0,0.0,16.61953428058605,14.831618356580154,0.0,0.0
2.208333333336497,1.121341464187303,1.5239168491785265e-06,0.0,690.2063528055487,365.1012078328996,0.07100366837832259,0.0,0.0,0.0,1.0,1.0,0.0,0.0,16.64676075111372,14.850176617293748,0.0,0.0
2.2166666666698607,1.1234559830418314,1.545607881197548e-06,0.0,688.0746047560109,367.23295588243724,0.07111139119500404,0.0,0.0,0.0,1.0,1.0,0.0,0.0,16.673368714939176,14.868101376602132,0.0,0.0
2.2250000000032246,1.1254417965393169,1.567958568250914e-06,0.0,685.9397259549991,369.3678346834489,0.07121240882216896,0.0,0.0,0.0,1.0,1.0,0.0,0.0,16.699368140356047,14.885401198418899,0.0,0.0
2.2333333333365886,1.1272986685133126,1.590997193657386e-06,0.0,683.8019173518643,371.5056432865838,0.0713067377677038,0.0,0.0,0.0,1.0,1.0,0.0,0.0,16.724769941666654,14.902085752037156,0.0,0.0
2.241666666669952,1.1290267167928885,1.6147536920764989e-06,0.0,681.6613791559295,373.64618148251884,0.07139441051820844,0.0,0.0,0.0,1.0,1.0,0.0,0.0,16.7495858218182,14.918165647272586,0.0,0.0
2.2500000000033156,1.1306263811257065,1.6392597763994113e-06,0.0,679.5183103828414,375.78925025560716,0.07147547383926482,0.0,0.0,0.0,1.0,1.0,0.0,0.0,16.773828126108512,14.933652279880762,0.0,0.0
2.2583333333366795,1.1320983917245804,1.6645490759403113e-06,0.0,677.3729084510029,377.9346521874454,0.0715499871399132,0.0,0.0,0.0,1.0,1.0,0.0,0.0,16.797509707834617,14.948557688412754,0.0,0.0
2.266666666670043,1.1334437388633525,1.6906572871498741e-06,0.0,675.225368825875,380.08219181257346,0.07161802091882874,0.0,0.0,0.0,1.0,1.0,0.0,0.0,16.820643806255923,14.962894423119884,0.0,0.0
2.2750000000034065,1.1346636438352566,1.717622338229997e-06,0.0,673.0758847095094,382.2316759289388,0.0716796553040347,0.0,0.0,0.0,1.0,1.0,0.0,0.0,16.843243936850634,14.976675427085622,0.0,0.0
2.28333333333677,1.1357595314919828,1.7454845692086516e-06,0.0,670.9246467723876,384.38291386606056,0.07173497869334697,0.0,0.0,0.0,1.0,1.0,0.0,0.0,16.865323793554147,14.989913929429374,0.0,0.0
2.2916666666701335,1.1367330045031994,1.7742869292379208e-06,0.0,668.7718429244812,386.53571771396685,0.07178408649902163,0.0,0.0,0.0,1.0,1.0,0.0,0.0,16.88689716245644,15.002623350182255,0.0,0.0
2.3000000000034975,1.1375858194126027,1.804075193112224e-06,0.0,666.6176581223979,388.6899025160501,0.07182707999715406,0.0,0.0,0.0,1.0,1.0,0.0,0.0,16.907977846291278,15.014817216260717,0.0,0.0
2.3083333333368614,1.1383198645158406,1.8348981992720224e-06,0.0,664.4622742094841,390.8452864289642,0.07186406528013703,0.0,0.0,0.0,1.0,1.0,0.0,0.0,16.928579598961598,15.026509087848844,0.0,0.0
2.316666666670225,1.1389371395461891,1.8668081118668757e-06,0.0,662.305869785847,393.0016908526022,0.07189515230882548,0.0,0.0,0.0,1.0,1.0,0.0,0.0,16.948716069296687,15.037712494433016,0.0,0.0
2.3250000000035884,1.1394397371238747,1.8998607098082311e-06,0.0,660.1486201053613,395.1589405330874,0.07192045405986754,0.0,0.0,0.0,1.0,1.0,0.0,0.0,16.96840075322327,15.048440879698006,0.0,0.0
2.3333333333369524,1.1398298259029083,1.9341157061545774e-06,0.0,657.990696996899,397.3168636415495,0.07194008576286534,0.0,0.0,0.0,1.0,1.0,0.0,0.0,16.98764695354091,15.058707554491937,0.0,0.0
2.341666666670316,1.140109635333735,1.969637101650185e-06,0.0,655.8322688071542,399.4752918312937,0.07195416422153719,0.0,0.0,0.0,1.0,1.0,0.0,0.0,17.006467746520247,15.068525657081045,0.0,0.0
2.3500000000036794,1.140281441949905,2.0064935767957165e-06,0.0,653.6735003626552,401.63406027579276,0.07196280721281315,0.0,0.0,0.0,1.0,1.0,0.0,0.0,17.02487595458027,15.07790811994674,0.0,0.0
2.358333333337043,1.1403475570808599,2.0447589274789252e-06,0.0,651.5145529486988,403.7930076897487,0.07196613295773319,0.0,0.0,0.0,1.0,1.0,0.0,0.0,17.042884124349417,15.0868676424179,0.0,0.0
2.3666666666704064,1.1403103158904089,2.084512549954319e-06,0.0,649.3555843031604,405.95197633528744,0.07196425965810713,0.0,0.0,0.0,1.0,1.0,0.0,0.0,17.060504509464423,15.095416668476853,0.0,0.0
2.3750000000037703,1.140172067640266,2.1258399818533142e-06,0.0,647.1967486232836,408.1108120151654,0.07195730509307799,0.0,0.0,0.0,1.0,1.0,0.0,0.0,17.07774905751596,15.103567369127978,0.0,0.0
2.3833333333371343,1.1399351670799274,2.1688335069573354e-06,0.0,645.0381965837431,410.269364054706,0.0719453862699946,0.0,0.0,0.0,1.0,1.0,0.0,0.0,17.094629400602,15.111331628768626,0.0,0.0
2.3916666666704978,1.1396019668673945,2.2135928327069736e-06,0.0,642.8800753644337,412.4274852740151,0.07192861912430605,0.0,0.0,0.0,1.0,1.0,0.0,0.0,17.111156849002313,15.11872103505206,0.0,0.0
2.4000000000038613,1.1391748109294813,2.2602258508895993e-06,0.0,640.7225286865826,414.58503195186574,0.07190711826352794,0.0,0.0,0.0,1.0,1.0,0.0,0.0,17.127342387536846,15.12574687178218,0.0,0.0
2.408333333337225,1.1386560286753737,2.308849493694097e-06,0.0,638.565696855941,416.7418637825066,0.0718809967506836,0.0,0.0,0.0,1.0,1.0,0.0,0.0,17.143196674217627,15.132420114425058,0.0,0.0
2.4166666666705887,1.1380479298772166,2.3595906994024373e-06,0.0,636.4097168119604,418.8978438264876,0.07185036591767821,0.0,0.0,0.0,1.0,1.0,0.0,0.0,17.158730040531008,15.13875142751356,0.0,0.0
2.425000000003952,1.1373527982629825,2.4125875044487746e-06,0.0,634.2547221831551,421.0528384552931,0.07181533510997026,0.0,0.0,0.0,1.0,1.0,0.0,0.0,17.173952487435518,15.14475115733506,0.0,0.0
2.4333333333373157,1.1365728824866692,2.4679902814639773e-06,0.0,632.1008433525038,423.20671728594436,0.07177601129479896,0.0,0.0,0.0,1.0,1.0,0.0,0.0,17.1888736732036,15.150429315550683,0.0,0.0
2.441666666670679,1.1357103887372708,2.525963146559885e-06,0.0,629.9482075338803,425.3593531045675,0.07173249874722204,0.0,0.0,0.0,1.0,1.0,0.0,0.0,17.203502905933917,15.155795568085745,0.0,0.0
2.450000000004043,1.1347674760672029,2.586685563574347e-06,0.0,627.7969388558414,427.5106217826061,0.07168489886853269,0.0,0.0,0.0,1.0,1.0,0.0,0.0,17.217849143762287,15.160859232711417,0.0,0.0
2.458333333337407,1.1337462537667935,2.6503541783065913e-06,0.0,625.6471584492942,429.6604021891533,0.07163331010344891,0.0,0.0,0.0,1.0,1.0,0.0,0.0,17.231921000569645,15.165629282887284,0.0,0.0
2.4666666666707706,1.132648780223763,2.7171849222286796e-06,0.0,623.4989845365214,431.8085761019262,0.07157782792816075,0.0,0.0,0.0,1.0,1.0,0.0,0.0,17.24572675540614,15.17011435589048,0.0,0.0
2.475000000004134,1.1314770628394841,2.7874154330776396e-06,0.0,621.352532519771,433.95502811867686,0.07151854488801927,0.0,0.0,0.0,1.0,1.0,0.0,0.0,17.25927436430552,15.174322763754672,0.0,0.0
2.483333333337498,1.130233058677552,2.8613078494898654e-06,0.0,619.2079150681768,436.0996455702707,0.07145555066886025,0.0,0.0,0.0,1.0,1.0,0.0,0.0,17.272571473512684,15.178262505928291,0.0,0.0
2.4916666666708616,1.1289186756007772,2.93915204892103e-06,0.0,617.0652422021858,438.24231843626217,0.0713889321899908,0.0,0.0,0.0,1.0,1.0,0.0,0.0,17.28562543341383,15.181941282853519,0.0,0.0
2.500000000004225,1.1275357737152356,3.0212694131297977e-06,0.0,614.9246213749844,440.3829392634635,0.0713187737099852,0.0,0.0,0.0,1.0,1.0,0.0,0.0,17.298443312660467,15.185366509891757,0.0,0.0
2.5083333333375886,1.1260861669881577,3.1080172243191124e-06,0.0,612.7861575506415,442.521403087806,0.07124515693883066,0.0,0.0,0.0,1.0,1.0,0.0,0.0,17.311031912131945,15.188545331190234,0.0,0.0
2.516666666670952,1.1245716249434816,3.1997938187058013e-06,0.0,610.6499532788548,444.65760735959293,0.07116816115179928,0.0,0.0,0.0,1.0,1.0,0.0,0.0,17.323397778494506,15.191484633212308,0.0,0.0
2.525000000004316,1.122993874367054,3.2970446542694026e-06,0.0,608.5161087662905,446.7914518721568,0.07108786330181228,0.0,0.0,0.0,1.0,1.0,0.0,0.0,17.335547217201324,15.194191057748444,0.0,0.0
2.53333333333768,1.1213546009749196,3.4002694876300005e-06,0.0,606.3847219446104,448.9228386938373,0.07100433812811892,0.0,0.0,0.0,1.0,1.0,0.0,0.0,17.34748630484026,15.196671014295735,0.0,0.0
2.5416666666710435,1.1196554510141135,3.510030904007656e-06,0.0,604.2558885353054,451.05167210314175,0.07091765825989421,0.0,0.0,0.0,1.0,1.0,0.0,0.0,17.359220900781242,15.198930691745625,0.0,0.0
2.550000000004407,1.1178980327773549,3.626964507526696e-06,0.0,602.1297021115154,453.1778585269316,0.0708278943139452,0.0,0.0,0.0,1.0,1.0,0.0,0.0,17.370756658108927,15.200976069355178,0.0,0.0
2.558333333337771,1.1160839180217206,3.7517911615422724e-06,0.0,600.0062541570064,455.30130648144063,0.07073511498613566,0.0,0.0,0.0,1.0,1.0,0.0,0.0,17.38209903384834,15.202812927005118,0.0,0.0
2.5666666666711344,1.1142146432876774,3.885331776814378e-06,0.0,597.8856341225033,457.4219265159436,0.07063938713644388,0.0,0.0,0.0,1.0,1.0,0.0,0.0,17.393253298505964,15.204446854763919,0.0,0.0
2.575000000004498,1.112291711119268,4.0285252884806614e-06,0.0,595.7679294795643,459.539631158882,0.07054077586777846,0.0,0.0,0.0,1.0,1.0,0.0,0.0,17.404224544960805,15.205883261789754,0.0,0.0
2.5833333333378614,1.1103165911892192,4.18245065392523e-06,0.0,593.6532257721847,461.65433486626216,0.07043934459881895,0.0,0.0,0.0,1.0,1.0,0.0,0.0,17.415017696742826,15.207127384609592,0.0,0.0
2.591666666671225,1.1082907213346505,4.348353961399546e-06,0.0,591.541606666294,463.7659539721525,0.07033515513123498,0.0,0.0,0.0,1.0,1.0,0.0,0.0,17.425637515742366,15.208184294816817,0.0,0.0
2.600000000004589,1.1062155085102636,4.527682090455527e-06,0.0,589.4331539973253,465.87440664112125,0.07022826771169376,0.0,0.0,0.0,1.0,1.0,0.0,0.0,17.43608860939227,15.209058906232457,0.0,0.0
2.608333333337953,1.1040923296663576,4.722124849119607e-06,0.0,587.32794781599,467.9796128224566,0.07011874108908246,0.0,0.0,0.0,1.0,1.0,0.0,0.0,17.446375437364996,15.209755981573114,0.0,0.0
2.6166666666713163,1.101922532559238,4.933668187393715e-06,0.0,585.2260664324069,470.0814942060397,0.07000663256738049,0.0,0.0,0.0,1.0,1.0,0.0,0.0,17.456502317825848,15.210280138667578,0.0,0.0
2.62500000000468,1.099707436501377,5.164662039526115e-06,0.0,583.1275864587005,472.1799741797463,0.06989199805460147,0.0,0.0,0.0,1.0,1.0,0.0,0.0,17.466473433280278,15.210635856262238,0.0,0.0
2.6333333333380438,1.0974483330584108,5.417907712138399e-06,0.0,581.0325828501916,474.2749777882552,0.06977489210820886,0.0,0.0,0.0,1.0,1.0,0.0,0.0,17.476292836051524,15.210827479452767,0.0,0.0
2.6416666666714073,1.0951464859590523,5.696771719411578e-06,0.0,578.941128945426,476.3664316930207,0.06965536793889744,0.0,0.0,0.0,1.0,1.0,0.0,0.0,17.48596445130943,15.210859222395756,0.0,0.0
2.6500000000047708,1.0928031086432752,6.005335897182984e-06,0.0,576.8532965183008,478.4542641201459,0.06953347624910305,0.0,0.0,0.0,1.0,1.0,0.0,0.0,17.49549201625209,15.210735099077798,0.0,0.0
2.6583333333381343,1.09041932617959,6.348598033662717e-06,0.0,574.7691558876551,480.5384047507915,0.06940926324272279,0.0,0.0,0.0,1.0,1.0,0.0,0.0,17.50487897498486,15.210458804120492,0.0,0.0
2.6666666666714978,1.0879961836725924,6.732744035055066e-06,0.0,572.6887760500164,482.61878458843114,0.06928277104048144,0.0,0.0,0.0,1.0,1.0,0.0,0.0,17.5141285057626,15.210033742738805,0.0,0.0
2.6750000000048617,1.0855346631597254,7.165523273127968e-06,0.0,570.6122247887178,484.6953358497299,0.06915403854177249,0.0,0.0,0.0,1.0,1.0,0.0,0.0,17.52324357188326,15.209463087448116,0.0,0.0
2.6833333333382257,1.083035697369623,7.656775830292316e-06,0.0,568.5395687595703,486.7679918788773,0.06902310212945424,0.0,0.0,0.0,1.0,1.0,0.0,0.0,17.532226963194766,15.208749824292651,0.0,0.0
2.691666666671589,1.080500180823576,8.219188543625796e-06,0.0,566.4708735574516,488.83668708099606,0.06888999624143106,0.0,0.0,0.0,1.0,1.0,0.0,0.0,17.54108132970004,15.207896790245819,0.0,0.0
2.7000000000049527,1.0779289787240707,8.869404713363612e-06,0.0,564.4062037674717,490.9013568709754,0.06875475383107824,0.0,0.0,0.0,1.0,1.0,0.0,0.0,17.549809208612427,15.206906703285958,0.0,0.0
2.7083333333383166,1.075322934005352,9.629696806219127e-06,0.0,562.3456230037621,492.9619376346852,0.06861740673514624,0.0,0.0,0.0,1.0,1.0,0.0,0.0,17.558413045994243,15.205782186411353,0.0,0.0
2.71666666667168,1.0726828728624616,1.0530566163718652e-05,0.0,560.289193938418,495.0183667000298,0.06847798596487985,0.0,0.0,0.0,1.0,1.0,0.0,0.0,17.56689521392933,15.204525786653976,0.0,0.0
2.7250000000050436,1.0700096090255464,1.1614930075167355e-05,0.0,558.2369783226941,497.07058231575434,0.06833652193362742,0.0,0.0,0.0,1.0,1.0,0.0,0.0,17.575258024024436,15.203139989981294,0.0,0.0
2.733333333338407,1.0673039470040457,1.2945155098480887e-05,0.0,556.1890370021858,499.11852363626235,0.06819304463212625,0.0,0.0,0.0,1.0,1.0,0.0,0.0,17.58350373790766,15.201627232830438,0.0,0.0
2.7416666666717706,1.0645666844895267,1.4615482300344942e-05,0.0,554.1454299274196,501.1621307110289,0.06804758376087545,0.0,0.0,0.0,1.0,1.0,0.0,0.0,17.591634575278285,15.199989910897832,0.0,0.0
2.7500000000051346,1.0617986140755165,1.6775373362598326e-05,0.0,552.106216161013,503.20134447743555,0.06790016882750147,0.0,0.0,0.0,1.0,1.0,0.0,0.0,17.599652719972564,15.198230385703257,0.0,0.0
2.7583333333384985,1.0590005244268534,1.967689793198348e-05,0.0,550.0714538823624,505.2361067560862,0.06775082921574233,0.0,0.0,0.0,1.0,1.0,0.0,0.0,17.607560324431926,15.196350989361537,0.0,0.0
2.766666666671862,1.056173201009148,2.3781029759278248e-05,0.0,548.0412003906116,507.26636024783727,0.06759959423158987,0.0,0.0,0.0,1.0,1.0,0.0,0.0,17.61535951289323,15.194354027921468,0.0,0.0
2.7750000000052255,1.0533174264704306,3.0030615904503134e-05,0.0,546.0155121065256,509.29204853192323,0.06744649313121223,0.0,0.0,0.0,1.0,1.0,0.0,0.0,17.623052383566073,15.192241783569512,0.0,0.0
2.7833333333385895,1.0504339807513112,4.070279298294944e-05,0.0,543.9944445737481,511.31311606470047,0.06729155513449714,0.0,0.0,0.0,1.0,1.0,0.0,0.0,17.630641010016152,15.190016515944043,0.0,0.0
2.791666666671953,1.0475236409867597,6.306154465477632e-05,0.0,541.978052459832,513.3295081786168,0.06713480942740067,0.0,0.0,0.0,1.0,1.0,0.0,0.0,17.63812744193407,15.187680462762998,0.0,0.0
2.8000000000053165,1.044587181251373,0.00013754798884694296,0.0,539.9663895573303,515.3411678000587,0.06697628515572804,4.2883187320561595e-07,0.0,0.0,1.0,1.0,0.0,0.0,17.64551370543626,15.185235839929378,0.0,0.0
2.80833333333868,1.042090955206257,0.8782183862887397,0.0,538.1271187785744,516.9992232209717,0.034420418348254836,0.034420544753090185,0.0,0.0,1.0,1.0,17.652762164557846,15.182641368221732,17.652801418628595,15.182684419689064,17.652762164557846,15.182641368221732
2.8166666666720435,1.0417976380117855,0.8779270230431759,0.0,537.0945795997511,516.9992213625231,0.03441538829553789,0.03441544356002274,0.0,0.0,1.0,1.0,17.65993725848384,15.17996773078409,17.659975848591348,15.18001005106844,17.65993725848384,15.17996773078409
2.8250000000054074,1.0414673809646404,0.8776516387726231,0.0,536.0622026859514,516.9992196059959,0.03440965239174282,0.034409714216056736,0.0,0.0,1.0,1.0,17.66699271600155,15.177164203399277,17.667030659220153,15.177205810899581,17.66699271600155,15.177164203399277
2.8333333333387714,1.0411008554842507,0.877345519170316,0.0,535.0300073648663,516.9992176534246,0.03440328611791099,0.03440335442417,0.0,0.0,1.0,1.0,17.673931314183328,15.174233863097443,17.67396862496145,15.174274773360917,17.673931314183328,15.174233863097443
2.841666666672135,1.0406987283107274,0.8770091839146505,0.0,533.9980123776141,516.9992155081239,0.0343963007285939,0.03439637540221357,0.0,0.0,1.0,1.0,17.68075576878638,15.171179722434836,17.68079246128729,15.171219950721987,17.68075576878638,15.171179722434836
2.8500000000054984,1.0402616027780225,0.8766431387814146,0.0,532.9662361351575,516.9992131733201,0.03438870629385679,0.03438878725476515,0.0,0.0,1.0,1.0,17.687468574015657,15.168004549219303,17.687504657980703,15.168044105856806,17.687468574015657,15.168004549219303
2.8583333333388623,1.0397893537382263,0.8762473558881555,0.0,531.934696907552,516.9992106488351,0.034380500099757814,0.034380587433604254,0.0,0.0,1.0,1.0,17.694070128550408,15.164708763006704,17.69410559974048,15.16474764265598,17.694070128550408,15.164708763006704
2.866666666672226,1.039281488005756,0.8758213843827357,0.0,530.9034131895924,516.9992079317933,0.03437167314003782,0.03437176693240135,0.0,0.0,1.0,1.0,17.700559755916935,15.161291582090806,17.70059461164575,15.161329781184499,17.700559755916935,15.161291582090806
2.8750000000055893,1.0387376891561138,0.8753648942913586,0.0,529.8724037013292,516.99920502009,0.03436221946181742,0.03436231976832071,0.0,0.0,1.0,1.0,17.706937266397503,15.157752776609785,17.706971506604322,15.157790294555436,17.706937266397503,15.157752776609785
2.883333333338953,1.0381578037592962,0.8748776854243879,0.0,528.8416872984101,516.9992019124483,0.03435213590060478,0.03435224275158931,0.0,0.0,1.0,1.0,17.713202913281126,15.154092619049974,17.713236540136563,15.154129457787361,17.713202913281126,15.154092619049974
2.8916666666723163,1.0375418190395311,0.8743596661191866,0.0,527.8112828943434,516.9991986082833,0.03434142169531482,0.0343415351001828,0.0,0.0,1.0,1.0,17.71935732463296,15.150311807276374,17.719390342193144,15.150347970888769,17.71935732463296,15.150311807276374
2.9000000000056803,1.0368898431105824,0.8738108335534543,0.0,526.7812093936201,516.9991951075773,0.03433007814803351,0.03433019809929394,0.0,0.0,1.0,1.0,17.725401443595615,15.14641139713474,17.7254338574995,15.146446891508402,17.725401443595615,15.14641139713474
2.908333333339044,1.0362020875243587,0.8732312552176336,0.0,525.7514856344317,516.9991914107607,0.03431810832386467,0.03431823480098471,0.0,0.0,1.0,1.0,17.731336476282742,15.14239274358164,17.731368293487723,15.14242757610814,17.731336476282742,15.14239274358164
2.9166666666724077,1.0354788518902962,0.872621051026273,0.0,524.7221303398428,516.9991875185982,0.034305516786576,0.03430564975975901,0.0,0.0,1.0,1.0,17.737163846407622,15.138257449384067,17.73719507495912,15.138291628700593,17.737163846407622,15.138257449384067
2.925000000005771,1.0347205103432024,0.8719803754288128,0.0,523.6931620764037,516.9991834320753,0.03429230936610153,0.0342924488001449,0.0,0.0,1.0,1.0,17.742885155864826,15.134007320517766,17.742915804695834,15.134040856280992,17.742885155864826,15.134007320517766
2.933333333339135,1.0339274996571237,0.8713093986887932,0.0,522.6645992193083,516.9991791522776,0.03427849295428045,0.03427863881271717,0.0,0.0,1.0,1.0,17.748502150562526,15.129644327477004,17.748532229319395,15.129677230166443,17.748502150562526,15.129644327477004
2.9416666666724987,1.033100308821937,0.8706082861927649,0.0,521.6364599232932,516.9991746802604,0.0342640753255047,0.0342642275753152,0.0,0.0,1.0,1.0,17.754016690873666,15.125170571789562,17.75404620976501,15.125202852536823,17.754016690873666,15.125170571789562
2.950000000005862,1.0322394699174768,0.8698771741507586,0.0,520.6087620985808,516.9991700168921,0.034249064979190516,0.03424922359650573,0.0,0.0,1.0,1.0,17.759430726142583,15.120588257104853,17.759459695808278,15.120619927545455,17.759430726142583,15.120588257104853
2.9583333333392257,1.031345550136908,0.869116139226811,0.0,519.581523391262,516.999165162662,0.03423347100115666,0.03423363597859643,0.0,0.0,1.0,1.0,17.76474627274591,15.115899664293327,17.76477470414338,15.115930736438045,17.76474627274591,15.115899664293327
2.966666666672589,1.03041914482663,0.8683251582520601,0.0,518.5547611675834,516.9991601174224,0.03421730294103335,0.03421747429770512,0.0,0.0,1.0,1.0,17.769965395263572,15.111107130057645,17.76999329956904,15.111137616180638,17.769965395263572,15.111107130057645
2.975000000005953,1.029460871424364,0.8675040517791475,0.0,517.5284925017128,516.9991548800284,0.03420057070265441,0.03420074849850241,0.0,0.0,1.0,1.0,17.775090190367003,15.106213028614818,17.775117578889127,15.106242941155777,17.775090190367003,15.106213028614818
2.983333333339317,1.02847136419009,0.8666524009746435,0.0,516.5027341666371,516.9991494478087,0.03418328444380697,0.034183468801205166,0.0,0.0,1.0,1.0,17.780122773078784,15.10121975605982,17.7801496571823,15.101249107537486,17.780122773078784,15.10121975605982
2.9916666666726806,1.0274512696365035,0.8657694194866181,0.0,515.4775026279923,516.9991438157475,0.03416545448032644,0.03416564561806495,0.0,0.0,1.0,1.0,17.785065265098602,15.096129717067196,17.785091656135297,15.096158520001243,17.785065265098602,15.096129717067196
3.000000000006044,1.026401242576552,0.8648537468374797,0.0,514.4528140407966,516.9991379751671,0.034147091186399,0.03414728947562928,0.0,0.0,1.0,1.0,17.7899197849284,15.090945313630227,17.789945694172026,15.090973580467798,17.7899197849284,15.090945313630227
3.008333333339408,1.025321942715949,0.8639030995738862,0.0,513.4286842494115,516.9991319115024,0.03412820487585086,0.034128410936624505,0.0,0.0,1.0,1.0,17.794688439563796,15.08566893557398,17.79471387814412,15.085696678615651,17.794688439563796,15.08566893557398
3.016666666672772,1.0242140317287762,0.8629136522067433,0.0,512.4051287917159,516.9991256003531,0.034108805632449724,0.03410902050917135,0.0,0.0,1.0,1.0,17.799373317547353,15.080302952612916,17.799398296375518,15.080330183929483,17.799373317547353,15.080302952612916
3.025000000006135,1.0230781707659,0.8618788756200748,0.0,511.38216290997605,516.999119000073,0.034088903015043415,0.03408912851468454,0.0,0.0,1.0,1.0,17.80397648321152,15.074849707757098,17.804001012882136,15.074876439081333,17.80397648321152,15.074849707757098
3.033333333339499,1.0219150183627734,0.8607872127320001,0.0,510.35980157456277,516.999112036946,0.03406850544806497,0.034068744838293266,0.0,0.0,1.0,1.0,17.808499971967898,15.069311511905095,17.80852406260791,15.069337754465963,17.808499971967898,15.069311511905095
3.041666666672862,1.0207252287466915,0.8596170622881771,0.0,509.33805953660396,516.9991045731895,0.034047618759880646,0.034047878331449066,0.0,0.0,1.0,1.0,17.81294578654227,15.063690639508732,17.812969447538933,15.063716403734345,17.81294578654227,15.063690639508732
3.050000000006226,1.0195010844413464,0.8583229506257578,0.0,508.31695258776125,516.9990963187513,0.0340260944737404,0.034026388918059675,0.0,0.0,1.0,1.0,17.81729317961973,15.057964219114627,17.817316099424062,15.057989160726033,17.81729317961973,15.057964219114627
3.0583333333395895,1.0182245997322588,0.8567947942818918,0.0,507.29650603032485,516.9990865714688,0.03400358384071389,0.03400394723476149,0.0,0.0,1.0,1.0,17.821492675486233,15.052077699848738,17.82151478822692,15.052101746498753,17.821492675486233,15.052077699848738
3.0666666666729534,1.0168979903538575,0.8572733723236184,0.0,506.2767362963775,516.9990896240591,0.03398026117087016,0.033980764818671044,0.0,0.0,1.0,1.0,17.825550630682272,15.046038284245158,17.82557203484342,15.046061544187195,17.825550630682272,15.046038284245158
3.075000000006317,1.0155242213799742,0.8546581732411145,0.0,505.25769197431833,516.999072943119,0.03395589805606052,0.033956557325948045,0.0,0.0,1.0,1.0,17.829475429915526,15.039855399552431,17.829496092057166,15.03987783755312,17.829475429915526,15.039855399552431
3.083333333339681,1.0141059143825653,0.8541541145369973,0.0,504.23937396415437,516.9990697280012,0.03393098884090509,0.03393166811843419,0.0,0.0,1.0,1.0,17.833274545490482,15.033537457153596,17.833294557398606,15.033559173948495,17.833274545490482,15.033537457153596
3.091666666673045,1.0126455972242612,0.853188275138937,0.0,503.2218182709408,516.9990635674343,0.033905281206434115,0.03390597671788579,0.0,0.0,1.0,1.0,17.836955051156252,15.02709241328493,17.836974438664257,15.027113437879313,17.836955051156252,15.02709241328493
3.100000000006408,1.0111455834898637,0.8518846502776738,0.0,502.20504626974923,516.9990552523166,0.03387878009593105,0.033879561930782245,0.0,0.0,1.0,1.0,17.840523421269474,15.020527552930833,17.840542211197512,15.020547915339973,17.840523421269474,15.020527552930833
3.108333333339772,1.0096080286807456,0.8502067660438831,0.0,501.18907930256944,516.9990445500008,0.033851424141527586,0.03385247233651324,0.0,0.0,1.0,1.0,17.843985652037855,15.013849623415018,17.844003868658675,15.01386935083397,17.843985652037855,15.013849623415018
3.116666666673135,1.0080349477672683,0.8477445864434751,0.0,500.17393997235445,516.9990288450892,0.0338228686287409,0.033824717752658454,0.0,0.0,1.0,1.0,17.84734731016812,15.007064888877714,17.847364968013025,15.00708399790381,17.84734731016812,15.007064888877714
3.125000000006499,1.0064281550058325,0.8483312680138456,0.0,499.15962598445253,516.9990325872135,0.03379558644012799,0.03379632379318187,0.0,0.0,1.0,1.0,17.85061348236206,15.00017907730436,17.850630669550466,15.000197664081865,17.85061348236206,15.00017907730436
3.1333333333398623,1.004789496819779,0.8455900931783022,0.0,498.14618995788567,516.9990151027423,0.033765569802956835,0.03376745579257431,0.0,0.0,1.0,1.0,17.853789095014736,14.993197727848578,17.853805772384128,14.993215750771155,17.853789095014736,14.993197727848578
3.1416666666732262,1.0031205228835103,0.8454719310860955,0.0,497.1336174001926,516.9990143490502,0.03373695821472744,0.033737858689867194,0.0,0.0,1.0,1.0,17.85687850565253,14.986125750241689,17.856894746336927,14.986143289062955,17.85687850565253,14.986125750241689
3.1500000000065898,1.0014228201683686,0.8444411125934566,0.0,496.1219437106203,516.9990077740167,0.033707196906870976,0.03370774704370097,0.0,0.0,1.0,1.0,17.859885951479924,14.97896791101445,17.859901760308535,14.978984971609444,17.859885951479924,14.97896791101445
3.1583333333399537,0.9996978467066207,0.8411234145535745,0.0,495.1111914016135,516.9989866122158,0.033674696902650514,0.033677409833407085,0.0,0.0,1.0,1.0,17.862815349243448,14.971728618137478,17.862830707836707,14.971745181340603,17.862815349243448,14.971728618137478
3.1666666666733176,0.9979468806734384,0.8405215188645292,0.0,494.1013491181869,516.9989827730489,0.0336444460475069,0.03364629274486762,0.0,0.0,1.0,1.0,17.865670255405966,14.964411879323736,17.86568522996212,14.964428017158115,17.865670255405966,14.964411879323736
3.1750000000066807,0.9961712400622666,0.8394435417353923,0.0,493.0924483225625,516.9989758972159,0.033613305466251575,0.033614717814585374,0.0,0.0,1.0,1.0,17.868454135531092,14.957021593506576,17.8684687358807,14.957037317141694,17.868454135531092,14.957021593506576
3.1833333333400446,0.9943721163176524,0.8381475846901395,0.0,492.08450122723866,516.9989676310071,0.03358153252585806,0.033582713656663835,0.0,0.0,1.0,1.0,17.871170182023445,14.949561355052316,17.871184421570504,14.9495766794807,17.871170182023445,14.949561355052316
3.1916666666734077,0.9925506340025851,0.8367548807393128,0.0,491.07752030009624,516.9989587477021,0.03354926192419236,0.03355028958329354,0.0,0.0,1.0,1.0,17.873821393374307,14.942034540023256,17.873835286604645,14.942049481370228,17.873821393374307,14.942034540023256
3.2000000000067716,0.9907078542275018,0.8353485377876211,0.0,490.07151770196435,516.9989497774012,0.03351661136906346,0.033517447455119045,0.0,0.0,1.0,1.0,17.87641058761811,14.93444432137961,17.876424149386576,14.934458896134085,17.87641058761811,14.93444432137961
3.208333333340135,0.9888447797196394,0.8339299505011728,0.0,489.0665054742746,516.9989407290004,0.03348360006572915,0.03348420331189313,0.0,0.0,1.0,1.0,17.8789404166714,14.926793685067834,17.878953660969394,14.926807908757626,17.8789404166714,14.926793685067834
3.216666666673499,0.9869623585082596,0.8324675390598926,0.0,488.0624953715147,516.9989314010691,0.03345019176742751,0.033450583179194096,0.0,0.0,1.0,1.0,17.881413378042346,14.919085443221489,17.88142631760911,14.919099329998794,17.881413378042346,14.919085443221489
3.2250000000068626,0.9850614878570387,0.8308297177840481,0.0,487.0594989111961,516.9989209542932,0.033416159597439626,0.03341665110574599,0.0,0.0,1.0,1.0,17.883831827104164,14.91132224791318,17.883844472202565,14.91133580924539,17.883831827104164,14.91132224791318
3.2333333333402265,0.9831430214244521,0.828783842172602,0.0,486.0575287015747,516.9989079047596,0.033381020392924496,0.03338251136114769,0.0,0.0,1.0,1.0,17.886197987313725,14.90350660264785,17.886210344673614,14.903519846192596,17.886197987313725,14.90350660264785
3.2416666666735905,0.9807131693117692,0.8275820604157181,0.0,485.05666704324824,516.9989002392439,0.03333914002033466,0.03333870437437087,0.0,0.0,1.0,1.0,17.887169800195885,14.894201319686196,17.887169800195885,14.894201319686198,17.887169800195885,14.894201319686196
3.2500000000069535,0.9779370602398629,0.825043166093265,0.0,484.0572671347441,516.9988840450105,0.033288967360457514,0.03328903300562264,0.0,0.0,1.0,1.0,17.88716980019588,14.883861714881336,17.88716980019588,14.883861714881338,17.88716980019588,14.883861714881336
3.2583333333403175,0.975165093097403,0.8227978668404202,0.0,483.05935832179955,516.9988697234613,0.0332393960873438,0.03323923684741112,0.0,0.0,1.0,1.0,17.88716980019587,14.87352928786504,17.887169800195874,14.873529287865043,17.88716980019587,14.87352928786504
3.2666666666736806,0.9723972609953331,0.8213244589014298,0.0,482.0629381243525,516.9988603253893,0.03319171604525366,0.03318902392004814,0.0,0.0,1.0,1.0,17.887169800195863,14.863204033654435,17.887169800195863,14.863204033654437,17.887169800195863,14.863204033654435
3.2750000000070445,0.9696336162004473,0.8171231434666792,0.0,481.068025358461,516.9988335274711,0.03313714403009989,0.03314023588515343,0.0,0.0,1.0,1.0,17.887169800195874,14.85288594727015,17.887169800195874,14.852885947270149,17.887169800195874,14.85288594727015
3.283333333340408,0.9668740502621229,0.8174994594874001,0.0,480.0745809818758,516.9988359277874,0.03309464866457112,0.03308892980660229,0.0,0.0,1.0,1.0,17.88716980019585,14.842575023736227,17.88716980019585,14.842575023736226,17.88716980019585,14.842575023736227
3.291666666673772,0.9641186856964037,0.8141629323251532,0.0,479.082649100401,516.9988146458857,0.03304222751985125,0.03303981082213561,0.0,0.0,1.0,1.0,17.88716980019585,14.832271258080192,17.88716980019585,14.832271258080194,17.88716980019585,14.832271258080192
3.3000000000071354,0.961367445645789,0.8123229119707538,0.0,478.0922020453186,516.9988029093913,0.032993982617253295,0.03298971449635317,0.0,0.0,1.0,1.0,17.887169800195835,14.821974645333052,17.88716980019584,14.821974645333052,17.887169800195835,14.821974645333052
3.3083333333404994,0.9586203846561199,0.808302803012047,0.0,477.10325945314395,516.9987772672912,0.032938847473233536,0.032941077252715716,0.0,0.0,1.0,1.0,17.887169800195842,14.811685180529203,17.887169800195842,14.811685180529203,17.887169800195842,14.811685180529203
3.3166666666738633,0.9558774305280551,0.8069559518039735,0.0,476.11579533209755,516.998768676456,0.03289224399053381,0.03289069397628934,0.0,0.0,1.0,1.0,17.887169800195835,14.801402858706542,17.887169800195835,14.801402858706542,17.887169800195835,14.801402858706542
3.3250000000072264,0.9531386762957417,0.8020169918484609,0.0,475.1298431744939,516.9987371735025,0.032832917987239835,0.03284264749291806,0.0,0.0,1.0,1.0,17.887169800195814,14.791127674906399,17.887169800195817,14.7911276749064,17.887169800195814,14.791127674906399
3.3333333333405903,0.9504040288215974,0.7997615611106589,0.0,474.14536945078163,516.99872278733,0.03278293422111822,0.03279293856998495,0.0,0.0,1.0,1.0,17.887169800195792,14.780859624173512,17.887169800195796,14.780859624173514,17.887169800195792,14.780859624173512
3.3416666666739534,0.9476734890093905,0.8001358995491287,0.0,473.1623744863178,516.9987251750324,0.03274332147685005,0.03274134880656328,0.0,0.0,1.0,1.0,17.88716980019579,14.770598701556091,17.88716980019579,14.77059870155609,17.88716980019579,14.770598701556091
3.3500000000073173,0.9449471509294165,0.7967903422921568,0.0,472.1808921464303,516.9987038355326,0.032689327733483584,0.032692426843676015,0.0,0.0,1.0,1.0,17.887169800195768,14.760344902105773,17.88716980019577,14.760344902105777,17.887169800195768,14.760344902105773
3.358333333340681,0.9422249083199448,0.796903389199439,0.0,471.20088417687174,516.9987045565978,0.03264937300945765,0.03264060373361315,0.0,0.0,1.0,1.0,17.887169800195803,14.750098220877598,17.887169800195803,14.750098220877598,17.887169800195803,14.750098220877598
3.366666666674045,0.9395068460199316,0.7947372832073367,0.0,470.2223811196859,516.9986907401795,0.032600336408258115,0.032590686629583615,0.0,0.0,1.0,1.0,17.88716980019581,14.739858652930131,17.88716980019581,14.739858652930131,17.88716980019581,14.739858652930131
3.3750000000074083,0.9367929707308356,0.7898399767311841,0.0,469.24538538739955,516.998659502911,0.032539160546125545,0.0325433217590308,0.0,0.0,1.0,1.0,17.887169800195803,14.729626193325284,17.887169800195803,14.729626193325284,17.887169800195803,14.729626193325284
3.3833333333407722,0.9340831803289256,0.7891069724403483,0.0,468.26986021544553,516.9986548274732,0.03249641628176002,0.03249216760077758,0.0,0.0,1.0,1.0,17.887169800195807,14.719400837128392,17.88716980019581,14.719400837128394,17.887169800195807,14.719400837128392
3.391666666674136,0.9313775661070465,0.786383358922444,0.0,467.2958384692695,516.9986374550161,0.032444577707314334,0.03244284408543626,0.0,0.0,1.0,1.0,17.887169800195807,14.709182579408271,17.88716980019581,14.709182579408273,17.887169800195807,14.709182579408271
3.4000000000074992,0.9286760873194133,0.7844167019317443,0.0,466.3233054803793,516.9986249107751,0.03239630480536455,0.032392779948668335,0.0,0.0,1.0,1.0,17.887169800195807,14.698971415237137,17.88716980019581,14.698971415237141,17.887169800195807,14.698971415237137
3.408333333340863,0.9259787761779543,0.7810308706087459,0.0,465.3522728450764,516.9986033143889,0.032340852402346604,0.03234415664170498,0.0,0.0,1.0,1.0,17.887169800195807,14.688767339690608,17.88716980019581,14.68876733969061,17.887169800195807,14.688767339690608
3.4166666666742262,0.9232855710003454,0.7803850494747415,0.0,464.3827183577101,516.9985991950452,0.032299443279767644,0.032292703852684894,0.0,0.0,1.0,1.0,17.88716980019581,14.678570347847781,17.88716980019581,14.67857034784778,17.88716980019581,14.678570347847781
3.42500000000759,0.9205965356830343,0.7781770482236391,0.0,463.4146650210163,516.9985851113998,0.03225006259010999,0.03224286750981971,0.0,0.0,1.0,1.0,17.88716980019581,14.66838043479107,17.88716980019581,14.66838043479107,17.88716980019581,14.66838043479107
3.4333333333409537,0.9179116728262486,0.7742186332117333,0.0,462.4481137710774,516.998559862812,0.032190939551023784,0.03219500534004651,0.0,0.0,1.0,1.0,17.887169800195807,14.658197595606381,17.88716980019581,14.658197595606387,17.887169800195807,14.658197595606381
3.4416666666743176,0.9152309094577913,0.7734486151766945,0.0,461.48303833788566,516.9985549512836,0.032149510510463275,0.03214357768445357,0.0,0.0,1.0,1.0,17.88716980019581,14.648021825383006,17.88716980019581,14.648021825383006,17.88716980019581,14.648021825383006
3.450000000007681,0.9125543168252395,0.7710401836069749,0.0,460.5194643705854,516.9985395892016,0.032098886934099964,0.03209400277131,0.0,0.0,1.0,1.0,17.887169800195807,14.637853119213652,17.88716980019581,14.637853119213654,17.887169800195807,14.637853119213652
3.458333333341045,0.9098818841849867,0.7677467024792799,0.0,459.5573880014757,516.9985185818673,0.03191012192023292,0.03207139649229074,0.0,0.0,1.0,1.0,17.887169800195807,14.627691472194437,17.88716980019581,14.627691472194439,17.887169800195807,14.627691472194437
3.466666666674409,0.9072135705614861,0.7662950616248575,0.0,458.5967944793503,516.9985093226356,0.031997850236290405,0.03199480163625329,0.0,0.0,1.0,1.0,17.887169800195807,14.617536879424856,17.88716980019581,14.617536879424856,17.887169800195807,14.617536879424856
3.475000000007772,0.9045494165555221,0.7639832349804669,0.0,457.637698420501,516.9984945767443,0.031947614907220964,0.03194514096401944,0.0,0.0,1.0,1.0,17.88716980019581,14.607389336007847,17.88716980019581,14.607389336007845,17.88716980019581,14.607389336007847
3.483333333341136,0.9018893937450883,0.7627048745272738,0.0,456.6800895929987,516.9984864227745,0.031903991711486515,0.031894102988041954,0.0,0.0,1.0,1.0,17.88716980019581,14.597248837049701,17.88716980019581,14.5972488370497,17.88716980019581,14.597248837049701
3.491666666674499,0.8992335880767393,0.7566536607654719,0.0,455.72399893762326,516.9984478253557,0.031828671855866436,0.03184920690321936,0.0,0.0,1.0,1.0,17.887169800195807,14.58711537766013,17.88716980019581,14.58711537766013,17.887169800195807,14.58711537766013
3.500000000007863,0.8965818305755271,0.757270416218835,0.0,454.76936562335413,516.9984517593051,0.031930728293460525,0.031769385413675084,0.0,0.0,1.0,1.0,17.88716980019581,14.576988952952226,17.88716980019581,14.576988952952231,17.88716980019581,14.576988952952226
3.5083333333412265,0.8939342442869127,0.7562009789813017,0.0,453.8162339465858,516.9984449379435,0.031756286561420155,0.031744502064640086,0.0,0.0,1.0,1.0,17.88716980019581,14.566869558042546,17.88716980019581,14.566869558042544,17.88716980019581,14.566869558042546
3.5166666666745905,0.8912908356618552,0.7530561943443046,0.0,452.8646062296649,516.9984248790637,0.031700151192487175,0.031696082919453625,0.0,0.0,1.0,1.0,17.88716980019581,14.556757188050954,17.88716980019581,14.556757188050952,17.88716980019581,14.556757188050954
3.525000000007954,0.88865155481089,0.7511766428132806,0.0,451.9144645123728,516.9984128904214,0.031652819202932614,0.031645826581038546,0.0,0.0,1.0,1.0,17.887169800195807,14.546651838100765,17.88716980019581,14.546651838100766,17.887169800195807,14.546651838100765
3.533333333341318,0.8860164512968636,0.7472198541870104,0.0,450.9658266373457,516.9983876522074,0.03159012232368277,0.03159862106293863,0.0,0.0,1.0,1.0,17.887169800195807,14.536553503318606,17.88716980019581,14.53655350331861,17.887169800195807,14.536553503318606
3.541666666674682,0.8833854644278858,0.7453091255316622,0.0,450.01867075548887,516.998375464703,0.03154241981576268,0.031548475240906204,0.0,0.0,1.0,1.0,17.887169800195807,14.526462178834525,17.88716980019581,14.526462178834526,17.887169800195807,14.526462178834525
3.550000000008045,0.8807586470604551,0.7418313864433637,0.0,449.0730158951543,516.9983532820869,0.03148247345787021,0.03150059355778932,0.0,0.0,1.0,1.0,17.88716980019581,14.516377859781903,17.88716980019581,14.516377859781905,17.88716980019581,14.516377859781903
3.558333333341409,0.8781359385213099,0.7409190771532682,0.0,448.12884021395354,516.9983474629595,0.03144266529815713,0.03144900584845749,0.0,0.0,1.0,1.0,17.88716980019581,14.506300541297609,17.88716980019581,14.50630054129761,17.88716980019581,14.506300541297609
3.566666666674772,0.8755174002289334,0.7384044345392007,0.0,447.18616582255487,516.9983314234147,0.03139014731318907,0.03139977112534909,0.0,0.0,1.0,1.0,17.88716980019581,14.496230218521806,17.88716980019581,14.496230218521806,17.88716980019581,14.496230218521806
3.575000000008136,0.8729029743487386,0.738224436080542,0.0,446.2449719004936,516.9983302753019,0.031356675634590894,0.03134678680197822,0.0,0.0,1.0,1.0,17.88716980019581,14.486166886598042,17.88716980019581,14.486166886598042,17.88716980019581,14.486166886598042
3.5833333333414994,0.8702927264840006,0.7359138174985734,0.0,445.3052820649638,516.998315537116,0.031305996814767444,0.031297221652797566,0.0,0.0,1.0,1.0,17.88716980019581,14.476110540673263,17.88716980019581,14.476110540673266,17.88716980019581,14.476110540673263
3.5916666666748633,0.8676866468061284,0.7321608379618525,0.0,444.3670927776707,516.99829159889,0.03124297641627117,0.03125010155129158,0.0,0.0,1.0,1.0,17.88716980019581,14.466061175897721,17.88716980019581,14.46606117589772,17.88716980019581,14.466061175897721
3.600000000008227,0.8650846488489967,0.732772693889466,0.0,443.43037291078895,516.9982955015879,0.03121706184168698,0.031195456786128783,0.0,0.0,1.0,1.0,17.88716980019581,14.456018787425137,17.88716980019581,14.456018787425135,17.88716980019581,14.456018787425137
3.608333333341591,0.8624868857878547,0.7274369767455297,0.0,442.49517760744374,516.998261467935,0.031139864713450354,0.03115126818096524,0.0,0.0,1.0,1.0,17.88716980019581,14.445983370412467,17.88716980019581,14.445983370412465,17.88716980019581,14.445983370412467
3.6166666666749547,0.8598931724290675,0.7286535791873103,0.0,441.56144019788377,516.9982692279838,0.031120089529610144,0.031095395928822718,0.0,0.0,1.0,1.0,17.88716980019581,14.435954920020196,17.88716980019581,14.435954920020196,17.88716980019581,14.435954920020196
3.625000000008318,0.8573037036329829,0.723265779597573,0.0,440.6292308318792,516.9982348621251,0.03104148064670533,0.03105154125775489,0.0,0.0,1.0,1.0,17.887169800195807,14.425933431412016,17.88716980019581,14.425933431412016,17.887169800195807,14.425933431412016
3.6333333333416817,0.8547182970873326,0.7235718326898241,0.0,439.6984838769714,516.9982368142721,0.031014374859099515,0.030997233160443217,0.0,0.0,1.0,1.0,17.88716980019581,14.415918899754997,17.88716980019581,14.415918899754997,17.88716980019581,14.415918899754997
3.641666666675045,0.8521371048745958,0.7193059541775334,0.0,438.769254082888,516.998209604541,0.030801540712311608,0.030979384836161025,0.0,0.0,1.0,1.0,17.88716980019581,14.405911320219678,17.88716980019581,14.405911320219674,17.88716980019581,14.405911320219678
3.6500000000084087,0.8495600071367679,0.7185349952434169,0.0,437.84149830071954,516.998204687011,0.03090843870451965,0.03089906215978721,0.0,0.0,1.0,1.0,17.88716980019581,14.395910687979761,17.88716980019581,14.395910687979761,17.88716980019581,14.395910687979761
3.6583333333417722,0.8469870689754468,0.7169152436309542,0.0,436.9152399670563,516.9981943554918,0.03086390201203922,0.03084822134355235,0.0,0.0,1.0,1.0,17.887169800195807,14.385916998212522,17.88716980019581,14.385916998212522,17.887169800195807,14.385916998212522
3.666666666675136,0.8444183390069335,0.7111035288685734,0.0,435.99049658377817,516.9981572857076,0.030777948328495917,0.0308054728430332,0.0,0.0,1.0,1.0,17.88716980019581,14.375930246098436,17.88716980019581,14.375930246098434,17.88716980019581,14.375930246098436
3.6750000000084997,0.841853657477958,0.7119808169966002,0.0,435.0672106396707,516.9981628814539,0.030758372456898546,0.03074995272874473,0.0,0.0,1.0,1.0,17.88716980019581,14.365950426821417,17.88716980019581,14.365950426821415,17.88716980019581,14.365950426821417
3.6833333333418636,0.8392931978797611,0.7077409244194819,0.0,434.14544459162084,516.998135837473,0.03068724738659769,0.03070435875137704,0.0,0.0,1.0,1.0,17.887169800195807,14.355977535568568,17.88716980019581,14.355977535568567,17.887169800195807,14.355977535568568
3.6916666666752276,0.8367368257691319,0.7075112811319264,0.0,433.22515004004146,516.9981343727028,0.030795432170936943,0.03062308432223891,0.0,0.0,1.0,1.0,17.887169800195814,14.346011567530496,17.88716980019581,14.346011567530494,17.887169800195814,14.346011567530496
3.7000000000085906,0.8341846545429705,0.7036191536932606,0.0,432.30636780784306,516.9981095469275,0.030588849486315704,0.030604637776832998,0.0,0.0,1.0,1.0,17.88716980019581,14.336052517901033,17.88716980019581,14.336052517901033,17.88716980019581,14.336052517901033
3.7083333333419546,0.8316365770440812,0.7033438421221505,0.0,431.3890593184101,516.998107790864,0.030715444345799335,0.03051960718073443,0.0,0.0,1.0,1.0,17.88716980019581,14.326100381877405,17.88716980019581,14.326100381877403,17.88716980019581,14.326100381877405
3.7166666666753176,0.8290927107745483,0.6986651842394239,0.0,430.4732668725203,516.9980779482365,0.030481278729088002,0.0305066172842851,0.0,0.0,1.0,1.0,17.887169800195814,14.316155154660194,17.88716980019581,14.316155154660192,17.887169800195814,14.316155154660194
3.7250000000086816,0.8265529035634585,0.6999237248971901,0.0,429.5589356886096,516.9980859757865,0.030468300339597347,0.030449661133324493,0.0,0.0,1.0,1.0,17.88716980019581,14.306216831453279,17.88716980019581,14.306216831453279,17.88716980019581,14.306216831453279
3.733333333342045,0.8240172938469537,0.6977229734068283,0.0,428.6461156037212,516.9980719383834,0.03041784926191897,0.030400050304440252,0.0,0.0,1.0,1.0,17.88716980019581,14.296285407463806,17.88716980019581,14.296285407463806,17.88716980019581,14.296285407463806
3.741666666675409,0.8214858758233241,0.6924929627373457,0.0,427.7348045292382,516.9980385789748,0.030333191226374956,0.030357136962384408,0.0,0.0,1.0,1.0,17.88716980019581,14.286360877902434,17.88716980019581,14.286360877902434,17.88716980019581,14.286360877902434
3.7500000000087725,0.818958523724213,0.6927524544254741,0.0,426.82495718852294,516.998040234132,0.03045389777332041,0.030273400275886014,0.0,0.0,1.0,1.0,17.887169800195807,14.276443237982985,17.88716980019581,14.276443237982985,17.887169800195807,14.276443237982985
3.7583333333421365,0.8164353832012325,0.6886109493662411,0.0,425.9166260161897,516.9980138177117,0.030237078393552844,0.03025699447962115,0.0,0.0,1.0,1.0,17.88716980019581,14.2665324829226,17.88716980019581,14.266532482922596,17.88716980019581,14.2665324829226
3.7666666666755004,0.8139163241656198,0.688886815196364,0.0,425.00976418025357,516.9980155773106,0.03021499977427284,0.030201813664904747,0.0,0.0,1.0,1.0,17.887169800195807,14.256628607941844,17.88716980019581,14.256628607941844,17.887169800195807,14.256628607941844
3.7750000000088635,0.8114014467066832,0.6867903830702148,0.0,424.10440771288893,516.9980022053043,0.03016543124952296,0.030152017926892177,0.0,0.0,1.0,1.0,17.887169800195807,14.246731608264476,17.88716980019581,14.246731608264476,17.887169800195807,14.246731608264476
3.7833333333422274,0.8088907516558617,0.6822746348853014,0.0,423.2005569134137,516.9979734017897,0.030086732934996196,0.030107927444910875,0.0,0.0,1.0,1.0,17.88716980019581,14.23684147911769,17.88716980019581,14.236841479117693,17.88716980019581,14.23684147911769
3.7916666666755905,0.8063841357020158,0.6823603560402423,0.0,422.29817458979403,516.9979739485585,0.030219605636615236,0.030021662017806143,0.0,0.0,1.0,1.0,17.88716980019581,14.226958215731914,17.88716980019581,14.226958215731914,17.88716980019581,14.226958215731914
3.8000000000089544,0.8038817449422777,0.6771000372224866,0.0,421.39731333703116,516.9979403958307,0.0299743873626754,0.0300107771850652,0.0,0.0,1.0,1.0,17.88716980019581,14.21708181334088,17.88716980019581,14.217081813340881,17.88716980019581,14.21708181334088
3.808333333342318,0.8013834295627107,0.6766775966657393,0.0,420.49791922207334,516.997937701311,0.029790896382104286,0.02998718261137924,0.0,0.0,1.0,1.0,17.88716980019581,14.207212267181744,17.88716980019581,14.207212267181745,17.88716980019581,14.207212267181744
3.816666666675682,0.7988892972853852,0.6738080847752983,0.0,419.60003102489065,516.9979193982471,0.029885374677207505,0.029909339630083555,0.0,0.0,1.0,1.0,17.88716980019581,14.19734957249486,17.88716980019581,14.197349572494861,17.88716980019581,14.19734957249486
3.8250000000090454,0.7963992957841,0.6719515019886116,0.0,418.7036299080388,516.9979075561099,0.029838257304883164,0.02985908832713758,0.0,0.0,1.0,1.0,17.887169800195807,14.187493724523893,17.88716980019581,14.187493724523893,17.887169800195807,14.187493724523893
3.8333333333424093,0.7939133980287534,0.6730826780227493,0.0,417.80870614067476,516.9979147712698,0.029829572036153176,0.0298011396055199,0.0,0.0,1.0,1.0,17.887169800195807,14.177644718515852,17.88716980019581,14.177644718515856,17.887169800195807,14.177644718515852
3.8416666666757733,0.7914317398564646,0.6679171066980272,0.0,416.9153086241929,516.997881822885,0.029739844263433502,0.029759367315019016,0.0,0.0,1.0,1.0,17.88716980019581,14.167802549720973,17.88716980019581,14.167802549720971,17.88716980019581,14.167802549720973
3.8500000000091363,0.788954185204473,0.6656683897226524,0.0,416.0233883759679,516.997867479536,0.029687507377891224,0.029710097889268677,0.0,0.0,1.0,1.0,17.88716980019581,14.157967213392928,17.88716980019581,14.157967213392928,17.88716980019581,14.157967213392928
3.8583333333425003,0.7864807658798358,0.6642094191515721,0.0,415.1329568465477,516.9978581735521,0.02949894493861318,0.029687362412401837,0.0,0.0,1.0,1.0,17.88716980019581,14.148138704788531,17.88716980019581,14.148138704788531,17.88716980019581,14.148138704788531
3.8666666666758633,0.7840114787111927,0.663734881326361,0.0,414.2440128942419,516.997855146732,0.029765617614112443,0.029575083857753662,0.0,0.0,1.0,1.0,17.88716980019581,14.138317019167948,17.88716980019581,14.138317019167948,17.88716980019581,14.138317019167948
3.8750000000092273,0.7815463498309512,0.6624583919677041,0.0,413.3565659267233,516.997847004697,0.029578176752516217,0.02955290985496295,0.0,0.0,1.0,1.0,17.88716980019581,14.128502151794692,17.88716980019581,14.128502151794693,17.88716980019581,14.128502151794692
3.883333333342591,0.7790853777859128,0.6605182658692705,0.0,412.47061542084,516.9978346296822,0.029530217061727357,0.02950277974816005,0.0,0.0,1.0,1.0,17.88716980019581,14.11869409793541,17.88716980019581,14.11869409793541,17.88716980019581,14.11869409793541
3.8916666666759547,0.7766285637130754,0.6578194936223379,0.0,411.5861617859116,516.9978174156741,0.029471785138623554,0.02945481471996156,0.0,0.0,1.0,1.0,17.88716980019581,14.10889285286023,17.88716980019581,14.108892852860228,17.88716980019581,14.10889285286023
3.9000000000093182,0.7741759222743567,0.6533816642796336,0.0,410.70321030023183,516.9977891091617,0.029388484281242872,0.0294116504914282,0.0,0.0,1.0,1.0,17.88716980019581,14.099098411842476,17.88716980019581,14.099098411842476,17.88716980019581,14.099098411842476
3.908333333342682,0.7717273586381199,0.6536936835094257,0.0,409.82172682438943,516.9977910993636,0.02937211236674152,0.02935533297873151,0.0,0.0,1.0,1.0,17.88716980019581,14.08931077015874,17.88716980019581,14.089310770158741,17.88716980019581,14.08931077015874
3.916666666676046,0.7692829653761598,0.6523036521263267,0.0,408.941744684252,516.9977822331055,0.029331772876075145,0.029303636056318923,0.0,0.0,1.0,1.0,17.88716980019581,14.079529923088858,17.88716980019581,14.079529923088858,17.88716980019581,14.079529923088858
3.925000000009409,0.7668427271305153,0.6503741218000942,0.0,408.06325835095004,516.9977699256754,0.029283811548329514,0.02925350636672078,0.0,0.0,1.0,1.0,17.88716980019581,14.069755865915983,17.88716980019581,14.069755865915985,17.88716980019581,14.069755865915983
3.933333333342773,0.7644066448439489,0.6478412383011155,0.0,407.1862681638782,516.9977537697819,0.029227080635272906,0.029205194454617882,0.0,0.0,1.0,1.0,17.887169800195814,14.059988593926535,17.88716980019581,14.059988593926535,17.887169800195814,14.059988593926535
3.941666666676136,0.7619747529758296,0.6423559340303391,0.0,406.3107865284173,516.9977187819935,0.02912613529650417,0.029165406788151573,0.0,0.0,1.0,1.0,17.88716980019581,14.050228102410324,17.88716980019581,14.050228102410323,17.88716980019581,14.050228102410324
3.9500000000095,0.7595469364269305,0.6416983297051903,0.0,405.43677200881905,516.9977145874913,0.02896570542083027,0.029137305907217873,0.0,0.0,1.0,1.0,17.88716980019581,14.040474386660245,17.88716980019581,14.040474386660245,17.88716980019581,14.040474386660245
3.9583333333428636,0.7571233101878058,0.6380983717805281,0.0,404.56426600170954,516.9976916253073,0.029022807347170113,0.029066601305998533,0.0,0.0,1.0,1.0,17.887169800195814,14.030727441972527,17.88716980019581,14.030727441972525,17.887169800195814,14.030727441972527
3.9666666666762276,0.7547037480312851,0.6400973701565703,0.0,403.6932230652783,516.9977043758365,0.02903421122187241,0.029004898278348294,0.0,0.0,1.0,1.0,17.887169800195807,14.020987263646708,17.88716980019581,14.020987263646706,17.887169800195807,14.020987263646708
3.975000000009591,0.7522884304348553,0.6355004070659752,0.0,402.8237081714623,516.997675054296,0.028797484900114863,0.028991668552735515,0.0,0.0,1.0,1.0,17.887169800195807,14.011253846985541,17.88716980019581,14.011253846985541,17.887169800195807,14.011253846985541
3.983333333342955,0.7498772284342836,0.6329960404813362,0.0,401.9556748931078,516.9976590802964,0.028887442322740545,0.02891474342592428,0.0,0.0,1.0,1.0,17.88716980019581,14.001527187295045,17.88716980019581,14.001527187295043,17.88716980019581,14.001527187295045
3.991666666676319,0.7474701725808577,0.6305498560179388,0.0,401.0891342286856,516.9976434774092,0.028830545602649926,0.028866330260509998,0.0,0.0,1.0,1.0,17.88716980019581,13.991807279884535,17.88716980019581,13.991807279884533,17.88716980019581,13.991807279884535
4.000000000009682,0.7450672617214165,0.6282213988907573,0.0,400.2240857630575,516.9976286254408,0.028775339671238045,0.028817589149729532,0.0,0.0,1.0,1.0,17.88716980019581,13.982094120066522,17.88716980019581,13.98209412006652,17.88716980019581,13.982094120066522
4.008333333343046,0.7426684951733478,0.6260605287590961,0.0,399.36052925048267,516.9976148424194,0.028722698143120666,0.02876836822633215,0.0,0.0,1.0,1.0,17.88716980019581,13.972387703156874,17.88716980019581,13.972387703156874,17.88716980019581,13.972387703156874
4.016666666676409,0.7402738743772129,0.623974502406488,0.0,398.49846520956373,516.9976015367857,0.028671180102892938,0.02871893908289012,0.0,0.0,1.0,1.0,17.887169800195814,13.962688024474554,17.88716980019581,13.962688024474554,17.887169800195814,13.962688024474554
4.025000000009773,0.7378833980970092,0.6219240424498554,0.0,397.6378931953394,516.997588458011,0.028620168374478824,0.028669416483910228,0.0,0.0,1.0,1.0,17.887169800195807,13.952995079341912,17.88716980019581,13.952995079341912,17.887169800195807,13.952995079341912
4.033333333343137,0.7354970198749637,0.6233257829986819,0.0,396.77879648300075,516.9975973989557,0.02875688814337013,0.02858266411421064,0.0,0.0,1.0,1.0,17.887169800195807,13.943308863084491,17.88716980019581,13.943308863084491,17.887169800195807,13.943308863084491
4.0416666666765,0.7331148778887612,0.6186487104023886,0.0,395.921224816546,516.9975675664399,0.02853181297359464,0.028567833615327075,0.0,0.0,1.0,1.0,17.88716980019581,13.933629371031087,17.88716980019581,13.933629371031087,17.88716980019581,13.933629371031087
4.050000000009864,0.7307368496245438,0.6161970679328,0.0,395.0651340909583,516.997551928739,0.0284739008842092,0.02851960053707732,0.0,0.0,1.0,1.0,17.887169800195814,13.923956598513707,17.88716980019581,13.923956598513705,17.887169800195814,13.923956598513707
4.058333333343228,0.7283629552481232,0.6146450280187431,0.0,394.2105315659343,516.9975420291161,0.02843117366096773,0.028468533912804527,0.0,0.0,1.0,1.0,17.88716980019581,13.914290540867587,17.88716980019581,13.914290540867585,17.88716980019581,13.914290540867587
4.066666666676592,0.7259931637481318,0.6161000782245273,0.0,393.3574060773745,516.9975513100941,0.028439583439818557,0.02840731970635081,0.0,0.0,1.0,1.0,17.88716980019581,13.904631193431296,17.88716980019581,13.904631193431296,17.88716980019581,13.904631193431296
4.075000000009955,0.7236276095833281,0.6114491219169615,0.0,392.5058060304632,516.9975216441601,0.028199534688117606,0.02839472701716175,0.0,0.0,1.0,1.0,17.88716980019581,13.89497855154665,17.88716980019581,13.894978551546647,17.88716980019581,13.89497855154665
4.083333333343319,0.7212661257065913,0.6119465677157891,0.0,391.65567128819816,516.9975248170977,0.02833700217586225,0.028308438404179587,0.0,0.0,1.0,1.0,17.88716980019581,13.885332610558518,17.88716980019581,13.885332610558518,17.88716980019581,13.885332610558518
4.091666666676682,0.7189088286426436,0.6097390673409874,0.0,390.80704379950635,516.9975107366471,0.028440164873691588,0.02822792217756813,0.0,0.0,1.0,1.0,17.887169800195814,13.875693365815156,17.88716980019581,13.875693365815152,17.887169800195814,13.875693365815156
4.100000000010046,0.7165557177554962,0.6047845005032945,0.0,389.95992333543177,516.9974791341457,0.028181059201324014,0.02822000627803404,0.0,0.0,1.0,1.0,17.887169800195807,13.866060812668035,17.88716980019581,13.866060812668035,17.887169800195807,13.866060812668035
4.10833333334341,0.7142067051253285,0.6032908376888151,0.0,389.1142782448184,516.9974696068787,0.027963332645923572,0.02820278386737059,0.0,0.0,1.0,1.0,17.88716980019581,13.856434946471813,17.88716980019581,13.856434946471813,17.88716980019581,13.856434946471813
4.116666666676773,0.7118618502345071,0.6010970761237914,0.0,388.27012994133224,516.9974556140605,0.028085217101864568,0.028119801700894325,0.0,0.0,1.0,1.0,17.88716980019581,13.846815762584374,17.88716980019581,13.846815762584376,17.88716980019581,13.846815762584374
4.125000000010137,0.7095210953716193,0.6020333295751841,0.0,387.42745764885126,516.9974615859147,0.028254838603553732,0.02802608245082061,0.0,0.0,1.0,1.0,17.88716980019581,13.837203256366857,17.88716980019581,13.837203256366855,17.88716980019581,13.837203256366857
4.133333333343501,0.707184532975146,0.599770583128905,0.0,386.5862946452499,516.9974471530794,0.02815774972232979,0.027985976867376826,0.0,0.0,1.0,1.0,17.887169800195807,13.827597423183565,17.88716980019581,13.827597423183565,17.887169800195807,13.827597423183565
4.141666666676865,0.7048521600109829,0.5947126401680978,0.0,385.7466398382501,516.9974148911976,0.027925434271102022,0.027972513096650414,0.0,0.0,1.0,1.0,17.88716980019581,13.817998258402083,17.88716980019581,13.817998258402085,17.88716980019581,13.817998258402083
4.150000000010228,0.7025238282431465,0.5967707173529391,0.0,384.90843986286325,516.9974280185586,0.02794920556001274,0.02790827589764812,0.0,0.0,1.0,1.0,17.88716980019581,13.80840575739316,17.88716980019581,13.80840575739316,17.88716980019581,13.80840575739316
4.158333333343592,0.7001997666776174,0.5905062786501623,0.0,384.07177716129553,516.9973880610933,0.027819258514027657,0.02787424502210891,0.0,0.0,1.0,1.0,17.88716980019581,13.798819915530819,17.88716980019581,13.79881991553082,17.88716980019581,13.798819915530819
4.166666666676955,0.6978797210183321,0.5930723755220272,0.0,383.23656018690525,516.9974044288368,0.027853543310485143,0.0278079659846925,0.0,0.0,1.0,1.0,17.88716980019581,13.789240728192244,17.88716980019581,13.789240728192242,17.88716980019581,13.789240728192244
4.175000000010319,0.6955638911641225,0.5909839801136139,0.0,382.40286090331807,516.9973911080924,0.02780119888199417,0.027758747952366165,0.0,0.0,1.0,1.0,17.88716980019581,13.779668190757851,17.88716980019581,13.77966819075785,17.88716980019581,13.779668190757851
4.183333333343683,0.6932522663343164,0.5849220021174749,0.0,381.5706754294895,516.9973524420144,0.027673137008903257,0.027724395948558387,0.0,0.0,1.0,1.0,17.88716980019581,13.770102298611206,17.88716980019581,13.770102298611205,17.88716980019581,13.770102298611206
4.191666666677046,0.690944675047763,0.586518728612176,0.0,380.73994203216563,516.9973626266689,0.02784426443870456,0.027630571613933726,0.0,0.0,1.0,1.0,17.88716980019581,13.76054304713915,17.88716980019581,13.76054304713915,17.88716980019581,13.76054304713915
4.20000000001041,0.6886412677345168,0.5854867775644239,0.0,379.9107148662009,516.9973560444114,0.0276581259971468,0.027608195094209878,0.0,0.0,1.0,1.0,17.88716980019581,13.750990431731761,17.88716980019581,13.75099043173176,17.88716980019581,13.750990431731761
4.208333333343774,0.6863420960065729,0.5790426485407354,0.0,379.0830125119254,516.9973149407987,0.02752077661981778,0.0275757092090837,0.0,0.0,1.0,1.0,17.88716980019581,13.741444447782191,17.88716980019581,13.741444447782191,17.88716980019581,13.741444447782191
4.2166666666771375,0.684046992189333,0.5779780000213377,0.0,378.256774606445,516.9973081499818,0.027319127835446055,0.027555412994549437,0.0,0.0,1.0,1.0,17.88716980019581,13.731905090686908,17.88716980019581,13.731905090686908,17.88716980019581,13.731905090686908
4.225000000010501,0.6817560603555617,0.5752470658594727,0.0,377.4320386159791,516.9972907308303,0.02746798430256356,0.027466643503103842,0.0,0.0,1.0,1.0,17.88716980019581,13.722372355845485,17.88716980019581,13.722372355845485,17.88716980019581,13.722372355845485
4.2333333333438645,0.6794692685909977,0.5734286010961586,0.0,376.60879305138604,516.9972791318273,0.0274172472097246,0.02741711894582701,0.0,0.0,1.0,1.0,17.88716980019581,13.71284623866076,17.88716980019581,13.712846238660761,17.88716980019581,13.71284623866076
4.241666666677228,0.6771866332746809,0.5708795824818799,0.0,375.78704380912416,516.9972628730167,0.027366395024662832,0.027367269146424383,0.0,0.0,1.0,1.0,17.88716980019581,13.703326734538724,17.88716980019581,13.703326734538722,17.88716980019581,13.703326734538724
4.2500000000105915,0.6749080588853481,0.5741900177592849,0.0,374.9667565015166,516.9972839884923,0.02732009994373472,0.027317075331887916,0.0,0.0,1.0,1.0,17.88716980019581,13.693813838888559,17.88716980019581,13.69381383888856,17.88716980019581,13.693813838888559
4.2583333333439555,0.6726337016026087,0.5725215177831097,0.0,374.1479873532588,516.9972733460337,0.02727166400351556,0.02726694917403354,0.0,0.0,1.0,1.0,17.88716980019581,13.684307547122645,17.88716980019581,13.684307547122646,17.88716980019581,13.684307547122645
4.2666666666773185,0.670363573286608,0.5653513192123275,0.0,373.3307406340059,516.9972276112161,0.0272138036037917,0.027218742596041238,0.0,0.0,1.0,1.0,17.887169800195814,13.674807854656576,17.88716980019581,13.674807854656574,17.887169800195814,13.674807854656576
4.2750000000106825,0.6680975096635764,0.5636461454636958,0.0,372.5149572051628,516.9972167348353,0.027116749891206195,0.027178790785271245,0.0,0.0,1.0,1.0,17.887169800195807,13.66531475690906,17.88716980019581,13.665314756909062,17.887169800195807,13.66531475690906
4.283333333344046,0.665835597271768,0.5615591787772487,0.0,371.7006682205209,516.9972034232039,0.027112039946967495,0.02711966704440837,0.0,0.0,1.0,1.0,17.88716980019581,13.655828249302033,17.88716980019581,13.655828249302035,17.88716980019581,13.655828249302033
4.29166666667741,0.6635777548902713,0.5646036092104132,0.0,370.8878444405334,516.9972228419786,0.027115090333635374,0.027060003919477348,0.0,0.0,1.0,1.0,17.88716980019581,13.64634832726057,17.88716980019581,13.64634832726057,17.88716980019581,13.64634832726057
4.300000000010773,0.6613241212810264,0.5633926991659134,0.0,370.0765358195308,516.9972151182385,0.027029223336051664,0.027016746094438836,0.0,0.0,1.0,1.0,17.88716980019581,13.636874986212984,17.88716980019581,13.636874986212986,17.88716980019581,13.636874986212984
4.308333333344137,0.659074646525521,0.5612304953716141,0.0,369.2667243868371,516.9972013267103,0.026979495614913175,0.026967131261047127,0.0,0.0,1.0,1.0,17.88716980019581,13.627408221590686,17.88716980019581,13.62740822159069,17.88716980019581,13.627408221590686
4.3166666666775,0.6568293748888132,0.5551474239596479,0.0,368.4584260778835,516.9971625260888,0.026725720307665755,0.026957609210294775,0.0,0.0,1.0,1.0,17.88716980019581,13.617948028828357,17.88716980019581,13.617948028828359,17.88716980019581,13.617948028828357
4.325000000010864,0.6545881315178796,0.5569172707669658,0.0,367.65157794554113,516.9971738149841,0.026913501539498723,0.026861516040817997,0.0,0.0,1.0,1.0,17.88716980019581,13.60849440336374,17.88716980019581,13.60849440336374,17.88716980019581,13.60849440336374
4.333333333344228,0.6523511457322764,0.5513215799773497,0.0,366.8462625449031,516.9971381230998,0.026783983799623788,0.026827582077601515,0.0,0.0,1.0,1.0,17.88716980019581,13.59904734063781,17.88716980019581,13.59904734063781,17.88716980019581,13.59904734063781
4.341666666677591,0.6501182524501979,0.5493584117337641,0.0,366.0424204464814,516.9971256011117,0.02673184370516996,0.026778279014363048,0.0,0.0,1.0,1.0,17.88716980019581,13.58960683609468,17.88716980019581,13.589606836094681,17.88716980019581,13.58960683609468
4.350000000010955,0.6478894581393393,0.5506262111262662,0.0,365.2400539786477,516.9971336877181,0.026883082515213427,0.026688387047990054,0.0,0.0,1.0,1.0,17.887169800195807,13.580172885181689,17.887169800195803,13.580172885181687,17.887169800195807,13.580172885181689
4.358333333344319,0.6456648393743643,0.5499628522287435,0.0,364.4391907082986,516.9971294565106,0.026726332776939102,0.02666003200431724,0.0,0.0,1.0,1.0,17.887169800195807,13.570745483349244,17.887169800195807,13.570745483349242,17.887169800195807,13.570745483349244
4.366666666677683,0.6434444067732766,0.5466089486451353,0.0,363.6398344579181,516.9971080637741,0.02682726081433262,0.02657983316795137,0.0,0.0,1.0,1.0,17.88716980019579,13.561324626050924,17.887169800195785,13.561324626050924,17.88716980019579,13.561324626050924
4.375000000011046,0.641228087910708,0.5454485879415821,0.0,362.8419591543566,516.997100662461,0.02660978443226268,0.02656404988069869,0.0,0.0,1.0,1.0,17.887169800195796,13.551910308743523,17.887169800195796,13.551910308743524,17.887169800195796,13.551910308743523
4.38333333334441,0.6390159784662209,0.5399806095830912,0.0,362.04559924227885,516.9970657851853,0.02647944595364743,0.026530186017233816,0.0,0.0,1.0,1.0,17.887169800195775,13.542502526886983,17.887169800195775,13.542502526886985,17.887169800195775,13.542502526886983
4.391666666677773,0.6368079085338306,0.541947798363058,0.0,361.25069355549107,516.9970783328183,0.026514966943661414,0.02646357312094086,0.0,0.0,1.0,1.0,17.887169800195775,13.533101275944349,17.887169800195778,13.53310127594435,17.887169800195775,13.533101275944349
4.400000000011137,0.6346040376810158,0.5405099978253719,0.0,360.45729953832245,516.9970691618665,0.026474448856071472,0.026411907008421557,0.0,0.0,1.0,1.0,17.887169800195757,13.523706551381808,17.887169800195757,13.523706551381808,17.887169800195757,13.523706551381808
4.408333333344501,0.6324043349865175,0.5374647689005599,0.0,359.6654060591126,516.9970497379987,0.026573191691050085,0.02633211616034739,0.0,0.0,1.0,1.0,17.887169800195746,13.514318348668795,17.887169800195746,13.514318348668795,17.887169800195746,13.514318348668795
4.416666666677864,0.6302088111264882,0.5323613063290238,0.0,358.87501696127896,516.997017185772,0.026273283893487917,0.026332513821592234,0.0,0.0,1.0,1.0,17.887169800195775,13.504936663277778,17.887169800195775,13.504936663277778,17.887169800195775,13.504936663277778
4.425000000011228,0.6280173383118737,0.5338080730342606,0.0,358.08608624073236,516.9970264139141,0.026467736331766672,0.026233819249827622,0.0,0.0,1.0,1.0,17.887169800195775,13.495561490684405,17.887169800195775,13.495561490684407,17.887169800195775,13.495561490684405
4.433333333344592,0.6258300581719867,0.5320573460278868,0.0,357.29866488405816,516.9970152469737,0.02642768826984896,0.026182054394932444,0.0,0.0,1.0,1.0,17.887169800195757,13.486192826367448,17.887169800195757,13.486192826367446,17.887169800195757,13.486192826367448
4.441666666677956,0.6236469075100692,0.5316170829771155,0.0,356.51273014040896,516.9970124387738,0.026199293924555223,0.0261678884975965,0.0,0.0,1.0,1.0,17.887169800195757,13.476830665808881,17.88716980019576,13.476830665808881,17.887169800195757,13.476830665808881
4.450000000011319,0.621467942547064,0.5285194737150152,0.0,355.72830224933705,516.9969926808002,0.026338806602175753,0.026080331598509962,0.0,0.0,1.0,1.0,17.887169800195736,13.46747500449376,17.887169800195736,13.46747500449376,17.887169800195736,13.46747500449376
4.458333333344683,0.6192931591584014,0.5230765496771091,0.0,354.9453797259965,516.9969579633325,0.026019028655696243,0.02608477035694569,0.0,0.0,1.0,1.0,17.887169800195743,13.458125837910316,17.887169800195743,13.458125837910316,17.887169800195743,13.458125837910316
4.466666666678046,0.6171224154989396,0.5248411993577127,0.0,354.16391150610326,516.9969692190781,0.02622427437579667,0.025983915842264855,0.0,0.0,1.0,1.0,17.88716980019575,13.448783161549809,17.88716980019575,13.448783161549809,17.88716980019575,13.448783161549809
4.47500000001141,0.6149558510413281,0.5243447427273987,0.0,353.38394779984355,516.9969660524498,0.026035112834525635,0.02596235609969729,0.0,0.0,1.0,1.0,17.88716980019575,13.439446970906758,17.88716980019575,13.439446970906758,17.88716980019575,13.439446970906758
4.483333333344774,0.6127934545233773,0.5223814867054268,0.0,352.60548455282645,516.9969535299018,0.02598198029497641,0.025913304173071177,0.0,0.0,1.0,1.0,17.88716980019575,13.430117261478767,17.88716980019575,13.430117261478768,17.88716980019575,13.430117261478767
4.491666666678137,0.6106352769914225,0.5155307907213882,0.0,351.82854014174467,516.9969098330184,0.025811073816552604,0.025887427654947108,0.0,0.0,1.0,1.0,17.88716980019575,13.420794028766526,17.88716980019575,13.420794028766528,17.88716980019575,13.420794028766526
4.500000000011501,0.6084811522670698,0.5148916576296821,0.0,351.0530547423377,516.9969057563343,0.02566823411553539,0.025855841815690103,0.0,0.0,1.0,1.0,17.88716980019575,13.411477268273908,17.88716980019575,13.411477268273904,17.88716980019575,13.411477268273908
4.508333333344865,0.6063311924951567,0.5129779829252032,0.0,350.27906872677306,516.9968935500386,0.025606858892905773,0.025808301664537788,0.0,0.0,1.0,1.0,17.887169800195746,13.402166975507827,17.88716980019575,13.402166975507829,17.887169800195746,13.402166975507827
4.516666666678229,0.6041853337739712,0.5144224555121185,0.0,349.5065590904197,516.9969027635478,0.025899931741804508,0.02569076820519693,0.0,0.0,1.0,1.0,17.887169800195746,13.392863145978401,17.88716980019575,13.392863145978405,17.887169800195746,13.392863145978401
4.525000000011592,0.6020437136110416,0.5099225298398942,0.0,348.7355753360197,516.9968740609564,0.025455485646053242,0.025718627981459533,0.0,0.0,1.0,1.0,17.88716980019575,13.383565775198864,17.88716980019575,13.383565775198864,17.88716980019575,13.383565775198864
4.533333333344956,0.5999061592889909,0.5109059350437023,0.0,347.9660552852772,516.9968803335662,0.025804411458998006,0.02559043320050669,0.0,0.0,1.0,1.0,17.88716980019575,13.374274858685457,17.88716980019575,13.374274858685457,17.88716980019575,13.374274858685457
4.541666666678319,0.5977727919575324,0.5090863993924519,0.0,347.19804255211704,516.9968687277327,0.025749680505804586,0.025541694719721703,0.0,0.0,1.0,1.0,17.887169800195753,13.364990391957635,17.88716980019575,13.364990391957635,17.887169800195753,13.364990391957635
4.550000000011683,0.5956436235084497,0.5038413421410677,0.0,346.4315414175843,516.9968352723502,0.025340885433140503,0.025562782058534978,0.0,0.0,1.0,1.0,17.88716980019575,13.355712370537946,17.88716980019575,13.355712370537947,17.88716980019575,13.355712370537946
4.558333333344915,0.5935184797505307,0.50680269138351,0.0,345.666489172802,516.9968541611948,0.02548632218379571,0.025474268753573358,0.0,0.0,1.0,1.0,17.887169800195746,13.346440789952007,17.88716980019575,13.346440789952009,17.887169800195746,13.346440789952007
4.5666666666781275,0.5913975650190149,0.5042368232917328,0.0,344.9029593785038,516.9968377949104,0.02548064214383485,0.025416537906149308,0.0,0.0,1.0,1.0,17.887169800195746,13.337175645728596,17.88716980019575,13.337175645728598,17.887169800195746,13.337175645728596
4.5750000000113396,0.589280855054026,0.4977542750351617,0.0,344.1409433011287,516.9967964462422,0.02536771410393727,0.02537872554228808,0.0,0.0,1.0,1.0,17.88716980019575,13.327916933399566,17.88716980019575,13.327916933399566,17.88716980019575,13.327916933399566
4.583333333344552,0.5871682076703502,0.49696549938879425,0.0,343.3803897539666,516.9967914150692,0.02512467214918287,0.025366869082702533,0.0,0.0,1.0,1.0,17.88716980019575,13.318664648499862,17.88716980019575,13.31866464849986,17.88716980019575,13.318664648499862
4.591666666677764,0.5850596538985374,0.4997712512091642,0.0,342.6213099080229,516.996809311442,0.025294929188281544,0.025273712927514826,0.0,0.0,1.0,1.0,17.88716980019575,13.309418786567557,17.88716980019575,13.309418786567559,17.88716980019575,13.309418786567557
4.600000000010976,0.5829554011704758,0.4920788780966669,0.0,341.8637784388252,516.9967602459557,0.025211297751159753,0.025230646363806133,0.0,0.0,1.0,1.0,17.88716980019575,13.300179343143778,17.88716980019575,13.300179343143778,17.88716980019575,13.300179343143778
4.608333333344188,0.5808551279359786,0.4956860962864403,0.0,341.1076795882318,516.9967832544489,0.0252192505884889,0.025169864140086776,0.0,0.0,1.0,1.0,17.887169800195746,13.2909463137728,17.88716980019575,13.290946313772801,17.887169800195746,13.2909463137728
4.6166666666774,0.5787590986385945,0.4928213651862398,0.0,340.3531085559816,516.9967649818791,0.025343040909621035,0.025085355650113668,0.0,0.0,1.0,1.0,17.88716980019575,13.281719694001982,17.88716980019575,13.281719694001982,17.88716980019575,13.281719694001982
4.625000000010612,0.5766671921180414,0.4915284157428171,0.0,339.60002172434486,516.9967567348541,0.025249576749787797,0.02504463416229572,0.0,0.0,1.0,1.0,17.887169800195753,13.272499479381743,17.88716980019575,13.272499479381745,17.887169800195753,13.272499479381743
4.633333333343824,0.574579503013021,0.48537762405982104,0.0,338.8484531632761,516.9967175022816,0.024958230397789237,0.025042918222625277,0.0,0.0,1.0,1.0,17.88716980019575,13.263285665465604,17.88716980019575,13.263285665465608,17.88716980019575,13.263285665465604
4.641666666677036,0.5724958318896803,0.4881623566667507,0.0,338.0983310765422,516.9967352645843,0.025159788892810873,0.024943123041584997,0.0,0.0,1.0,1.0,17.887169800195746,13.254078247810162,17.88716980019575,13.25407824781016,17.887169800195746,13.254078247810162
4.650000000010248,0.5704164285258215,0.4826815651876474,0.0,337.34974538420965,516.9967003055807,0.024745929290373694,0.024965281712997216,0.0,0.0,1.0,1.0,17.88716980019575,13.244877221975118,17.88716980019575,13.244877221975118,17.88716980019575,13.244877221975118
4.65833333334346,0.5683468879112996,0.5339703030963694,0.0,336.60471028392146,516.9970274486919,0.024702792492021595,0.024703445280093494,0.0,0.0,1.0,1.0,17.88716980019575,13.235682583523229,17.88716980019575,13.235682583523227,17.88716980019575,13.235682583523229
4.666666666676672,0.5662900031097289,0.5308992394571189,0.0,335.86423127922524,516.9970078600385,0.024662567994073667,0.024663221106045158,0.0,0.0,1.0,1.0,17.88716980019575,13.226494328020404,17.88716980019575,13.226494328020403,17.88716980019575,13.226494328020404
4.675000000009884,0.5642364805622802,0.5278267657744691,0.0,335.12496268679126,516.996988262391,0.024622098737846904,0.024622752128916438,0.0,0.0,1.0,1.0,17.88716980019575,13.217312451035507,17.88716980019575,13.21731245103551,17.88716980019575,13.217312451035507
4.683333333343096,0.5621863407614158,0.5247530477130182,0.0,334.38691188391067,516.9969686568064,0.02458138253424568,0.02458203617848473,0.0,0.0,1.0,1.0,17.887169800195753,13.208136948140632,17.88716980019575,13.20813694814063,17.887169800195753,13.208136948140632
4.6916666666763085,0.5601396043567451,0.5216781654001017,0.0,333.65008630444765,516.9969490437958,0.024540417781900366,0.02454107167086753,0.0,0.0,1.0,1.0,17.887169800195746,13.198967814910826,17.88716980019575,13.198967814910828,17.887169800195746,13.198967814910826
4.700000000009521,0.5580962921102732,0.5186021201431423,0.0,332.9144934227288,516.9969294233672,0.024499203366556397,0.02449985750783739,0.0,0.0,1.0,1.0,17.88716980019575,13.189805046924203,17.88716980019575,13.189805046924207,17.88716980019575,13.189805046924203
4.708333333342733,0.5560564248598762,0.5155248413559458,0.0,332.1801407403944,516.9969097950707,0.024457738564636684,0.024458392980367658,0.0,0.0,1.0,1.0,17.88716980019575,13.180648639762069,17.88716980019575,13.180648639762067,17.88716980019575,13.180648639762069
4.716666666675945,0.5540200234905803,0.5124461934549154,0.0,331.44703577605867,516.9968901580413,0.024416022952537763,0.02441667767795608,0.0,0.0,1.0,1.0,17.88716980019575,13.171498589008635,17.88716980019575,13.171498589008637,17.88716980019575,13.171498589008635
4.725000000009157,0.5519871089131235,0.5093659825378757,0.0,330.7151860575922,516.9968705110423,0.024374056322656955,0.024374711404714908,0.0,0.0,1.0,1.0,17.88716980019575,13.16235489025131,17.88716980019575,13.16235489025131,17.88716980019575,13.16235489025131
4.733333333342369,0.5499577020492139,0.5062839627058416,0.0,329.9845991168146,516.9968508525052,0.024331838606678265,0.02433249410274447,0.0,0.0,1.0,1.0,17.88716980019575,13.153217539080538,17.88716980019575,13.153217539080538,17.88716980019575,13.153217539080538
4.741666666675581,0.5479318238228712,0.5031998419299165,0.0,329.25528248637795,516.9968311805674,0.02428936980626438,0.024290025782929395,0.0,0.0,1.0,1.0,17.88716980019575,13.144086531089759,17.88716980019575,13.144086531089762,17.88716980019575,13.144086531089759
4.750000000008793,0.5459094951572396,0.5001132874007742,0.0,328.5272436986189,516.9968114931058,0.024246649931008835,0.02424730646300557,0.0,0.0,1.0,1.0,17.88716980019575,13.134961861875551,17.88716980019575,13.134961861875551,17.88716980019575,13.134961861875551
4.758333333342005,0.5438907369762765,0.49702393032687125,0.0,327.8004902861671,516.9967917877685,0.02420367894328929,0.024204336112532254,0.0,0.0,1.0,1.0,17.88716980019575,13.125843527037478,17.88716980019575,13.12584352703748,17.88716980019575,13.125843527037478
4.766666666675217,0.5418755702107694,0.493931370169951,0.0,327.0750297841107,516.9967720620003,0.024160456709513417,0.024161114604257777,0.0,0.0,1.0,1.0,17.887169800195753,13.116731522178178,17.88716980019575,13.116731522178178,17.887169800195753,13.116731522178178
4.775000000008429,0.5398640158081672,0.49083517832318085,0.0,326.35086973353634,516.9967523130676,0.024116982957156842,0.024117641671274358,0.0,0.0,1.0,1.0,17.887169800195746,13.10762584290344,17.88716980019575,13.107625842903442,17.887169800195746,13.10762584290344
4.783333333341641,0.5378560947457718,0.48773490124926105,0.0,325.6280176862774,516.9967325380775,0.024073257236941092,0.024073916869308376,0.0,0.0,1.0,1.0,17.88716980019575,13.09852648482199,17.88716980019575,13.098526484821987,17.88716980019575,13.09852648482199
4.791666666674853,0.535851828046891,0.4846300631037973,0.0,324.90648121072974,516.9967127339947,0.024029278889481545,0.024029939543474838,0.0,0.0,1.0,1.0,17.88716980019575,13.089433443545621,17.88716980019575,13.089433443545621,17.88716980019575,13.089433443545621
4.800000000008065,0.533851236799607,0.4815201678739221,0.0,324.18626789860764,516.9966928976555,0.023985047015740845,0.023985708798830434,0.0,0.0,1.0,1.0,17.88716980019575,13.080346714689131,17.88716980019575,13.08034671468913,17.88716980019575,13.080346714689131
4.808333333341277,0.5318543421778699,0.47840470106433797,0.0,323.46738537253816,516.9966730257783,0.023940560450643626,0.02394122347408103,0.0,0.0,1.0,1.0,17.88716980019575,13.07126629387047,17.88716980019575,13.071266293870469,17.88716980019575,13.07126629387047
4.8166666666744895,0.5298611654646799,0.47528313096314084,0.0,322.7498412944063,516.9966531149714,0.0238958177392391,0.023896482117830114,0.0,0.0,1.0,1.0,17.88716980019575,13.062192176710601,17.88716980019575,13.062192176710601,17.88716980019575,13.062192176710601
4.825000000007702,0.5278717280771688,0.4721549095185663,0.0,322.0336433743843,516.9966331617393,0.023850817114833042,0.02385148296679065,0.0,0.0,1.0,1.0,17.88716980019575,13.053124358833506,17.88716980019575,13.053124358833507,17.88716980019575,13.053124358833506
4.833333333340914,0.5258860515934418,0.4690194728555326,0.0,321.31879938059535,516.9966131624851,0.02380555647854869,0.023806223925419374,0.0,0.0,1.0,1.0,17.88716980019575,13.044062835866132,17.88716980019575,13.044062835866134,17.88716980019575,13.044062835866132
4.841666666674126,0.5239041577810808,0.46587624145781714,0.0,320.60531714937366,516.9965931135125,0.023760033379809555,0.02376070254646841,0.0,0.0,1.0,1.0,17.88716980019575,13.0350076034386,17.88716980019575,13.035007603438599,17.88716980019575,13.0350076034386
4.850000000007338,0.5219260686272498,0.4627246200382444,0.0,319.8932045961035,516.9965730110246,0.023714244997270848,0.023714916011980853,0.0,0.0,1.0,1.0,17.88716980019575,13.025958657183985,17.88716980019575,13.025958657183985,17.88716980019575,13.025958657183985
4.85833333334055,0.5199518063703895,0.45956399711541523,0.0,319.1824697266286,516.9965528511209,0.023668188119752524,0.023668861114284505,0.0,0.0,1.0,1.0,17.88716980019575,13.016915992738362,17.88716980019575,13.016915992738362,17.88716980019575,13.016915992738362
4.866666666673762,0.5179813935335121,0.45639374431149876,0.0,318.4731206492387,516.9965326297934,0.0236218591267485,0.023622534236559228,0.0,0.0,1.0,1.0,17.88716980019575,13.007879605740909,17.88716980019575,13.007879605740907,17.88716980019575,13.007879605740909
4.875000000006974,0.5160148529591562,0.45321321538143533,0.0,317.7651655872528,516.99651234292,0.023575253968102096,0.023575931332568606,0.0,0.0,1.0,1.0,17.88716980019575,12.998849491833802,17.88716980019575,12.998849491833804,17.88716980019575,12.998849491833802
4.883333333340186,0.5140522078460806,0.4500217449796277,0.0,317.0586128922296,516.996491986257,0.023528368142444692,0.02352904790515412,0.0,0.0,1.0,1.0,17.887169800195746,12.989825646662238,17.88716980019575,12.98982564666224,17.887169800195746,12.989825646662238
4.891666666673398,0.5120934817878235,0.4468186471658271,0.0,316.35347105784825,516.9964715554289,0.023481196673995466,0.023481878983090496,0.0,0.0,1.0,1.0,17.88716980019575,12.980808065874418,17.88716980019575,12.980808065874418,17.88716980019575,12.980808065874418
4.90000000000661,0.5101386988132774,0.4436032136474055,0.0,315.6497487345156,516.9964510459181,0.02343373408731176,0.023434419095892764,0.0,0.0,1.0,1.0,17.887169800195746,12.971796745121614,17.88716980019575,12.971796745121615,17.887169800195746,12.971796745121614
4.908333333339822,0.5081878834294655,0.44037471175051074,0.0,314.94745474476565,516.9964304530512,0.023385974379562878,0.023386662246148604,0.0,0.0,1.0,1.0,17.88716980019575,12.962791680058066,17.88716980019575,12.962791680058066,17.88716980019575,12.962791680058066
4.916666666673034,0.5062410606667529,0.43713238210763883,0.0,314.24659809953573,516.9964097719845,0.02333791098987282,0.02333860187892354,0.0,0.0,1.0,1.0,17.88716980019575,12.953792866341066,17.88716980019575,12.953792866341066,17.88716980019575,12.953792866341066
4.925000000006246,0.5042982561267481,0.4338754360438878,0.0,313.5471880154107,516.9963889976876,0.023289536765242362,0.023290230847748783,0.0,0.0,1.0,1.0,17.88716980019575,12.94480029963088,17.88716980019575,12.944800299630883,17.88716980019575,12.94480029963088
4.9333333333394584,0.5023597860965809,0.42570660559061835,0.0,312.8493383558306,516.9963368931376,0.023228456196843,0.0232285475789966,0.0,0.0,1.0,1.0,17.88716980019575,12.93581397559088,17.88716980019575,12.93581397559088,17.88716980019575,12.93581397559088
4.9416666666726705,0.5004259409914112,0.4275080729476583,0.0,312.1531536703202,516.9963483837233,0.02317196294687085,0.023172720545854193,0.0,0.0,1.0,1.0,17.88716980019575,12.92683388988735,17.88716980019575,12.926833889887352,17.88716980019575,12.92683388988735
4.950000000005883,0.4985736225094286,0.3854357280032787,0.0,311.486318588029,516.9960800269967,0.021901408147155046,0.021902539128267902,0.0,0.0,1.0,1.0,17.88716980019575,12.917860038189591,17.88716980019575,12.917860038189591,17.88716980019575,12.917860038189591
4.958333333339095,0.49675587968263657,0.3800138244114797,0.0,310.8319307496101,516.9960454436069,0.021723644668848827,0.021724820574673374,0.0,0.0,1.0,1.0,17.88716980019575,12.90889241616995,17.88716980019575,12.90889241616995,17.88716980019575,12.90889241616995
4.966666666672307,0.49495332552786697,0.3743562389366729,0.0,310.18301083663516,516.99600935693,0.021536583878736415,0.021537815887887918,0.0,0.0,1.0,1.0,17.88716980019575,12.89993101950378,17.88716980019575,12.899931019503784,17.88716980019575,12.89993101950378
4.975000000005519,0.49316683195918276,0.36839475699941726,0.0,309.5398727383686,516.9959713318619,0.02133769037999396,0.021338997261541967,0.0,0.0,1.0,1.0,17.88716980019575,12.89097584386943,17.88716980019575,12.890975843869429,17.88716980019575,12.89097584386943
4.983333333338731,0.4913975550457146,0.3620042370176357,0.0,308.90293263996523,516.9959305701924,0.021122381136643737,0.021123800508282692,0.0,0.0,1.0,1.0,17.88716980019575,12.882026884948175,17.88716980019575,12.882026884948173,17.88716980019575,12.882026884948175
4.991666666671943,0.48964724158659195,0.35487877633123843,0.0,308.2728193895159,516.9958851207336,0.02087962212282065,0.02088126729791361,0.0,0.0,1.0,1.0,17.88716980019575,12.873084138424435,17.88716980019575,12.873084138424435,17.88716980019575,12.873084138424435
5.000000000005155,0.48792015973322284,0.34521240996221825,0.0,307.6510695225156,516.9958234642122,0.020545439292625818,0.020547777270593502,0.0,0.0,1.0,1.0,17.88716980019575,12.864147599985499,17.88716980019575,12.864147599985499,17.88716980019575,12.864147599985499
5.008333333338367,0.48622390262064186,0.33445193540013307,0.0,307.04041656933435,516.9957548289665,0.02016757581805493,0.020169814671543752,0.0,0.0,1.0,1.0,17.88716980019575,12.855217265321684,17.88716980019575,12.855217265321684,17.88716980019575,12.855217265321684
5.016666666671579,0.48455874713009167,0.32414630694736735,0.0,306.44096020728364,516.9956890949381,0.019798921844849403,0.019801066348226527,0.0,0.0,1.0,1.0,17.887169800195746,12.846293130126325,17.88716980019575,12.846293130126325,17.887169800195746,12.846293130126325
5.025000000004791,0.48292393753351004,0.31427368218388596,0.0,305.85242837408606,516.995626122806,0.01943919849999579,0.019441253170453834,0.0,0.0,1.0,1.0,17.88716980019575,12.83737519009569,17.88716980019575,12.837375190095688,17.88716980019575,12.83737519009569
5.033333333338003,0.4813187409181532,0.30481339175684113,0.0,305.2745572209843,516.9955657807315,0.01908813698288707,0.01909010609574604,0.0,0.0,1.0,1.0,17.88716980019575,12.828463440929138,17.88716980019575,12.828463440929136,17.88716980019575,12.828463440929138
5.041666666671215,0.4797424463650094,0.29574586978875284,0.0,304.7070908169695,516.9955079439145,0.018745478143434066,0.018747365746447486,0.0,0.0,1.0,1.0,17.88716980019575,12.819557878328924,17.88716980019575,12.819557878328924,17.88716980019575,12.819557878328924
5.050000000004427,0.47819436416152394,0.2870525888007695,0.0,304.14978086536246,516.9954524941783,0.01841097208025235,0.018412782006988072,0.0,0.0,1.0,1.0,17.887169800195746,12.810658498000334,17.88716980019575,12.810658498000336,17.887169800195746,12.810658498000334
5.0583333333376395,0.47667382504700584,0.27871599883325243,0.0,303.6023864321593,516.9953993195811,0.018084377757855728,0.01808611364021618,0.0,0.0,1.0,1.0,17.887169800195746,12.80176529565159,17.887169800195746,12.80176529565159,17.887169800195746,12.80176529565159
5.0666666666708515,0.4751801794891767,0.27071947047006373,0.0,303.06467368558947,516.9953483140529,0.017765462641851505,0.017767127921793562,0.0,0.0,1.0,1.0,17.88716980019575,12.792878266993899,17.887169800195753,12.792878266993899,17.88716980019575,12.792878266993899
5.075000000004064,0.4737127969903985,0.2630472414950114,0.0,302.53641564635745,516.9952993770551,0.01745400235118995,0.017455600291699763,0.0,0.0,1.0,1.0,17.887169800195757,12.783997407741499,17.887169800195757,12.783997407741497,17.887169800195757,12.783997407741499
5.083333333337276,0.47227106542220154,0.2556843669293095,0.0,302.0173919480724,516.9952524132616,0.017149780326577022,0.017151314021951324,0.0,0.0,1.0,1.0,17.887169800195736,12.775122713611559,17.887169800195736,12.77512271361156,17.887169800195736,12.775122713611559
5.091666666670488,0.47085439038679605,0.24861667221756636,0.0,301.5073886073924,516.9952073322607,0.016852587514209524,0.016854059899690833,0.0,0.0,1.0,1.0,17.887169800195718,12.766254180324214,17.887169800195718,12.766254180324216,17.887169800195718,12.766254180324214
5.1000000000037,0.469462194604328,0.24183070934707562,0.0,301.00619780343635,516.9951640482749,0.01656222206404106,0.01656363592485098,0.0,0.0,1.0,1.0,17.887169800195725,12.757391803602605,17.887169800195725,12.757391803602605,17.887169800195725,12.757391803602605
5.108333333336912,0.46809391732469763,0.23531371570100942,0.0,300.51361766603856,516.9951224798982,0.01627848904183192,0.01627984702164316,0.0,0.0,1.0,1.0,17.887169800195714,12.748535579172808,17.887169800195714,12.748535579172808,17.887169800195714,12.748535579172808
5.116666666670124,0.4667490137628219,0.22905357546072527,0.0,300.029452072443,516.9950825498504,0.01600120015427833,0.016002504763163374,0.0,0.0,1.0,1.0,17.88716980019574,12.739685502763901,17.88716980019574,12.739685502763901,17.88716980019574,12.739685502763901
5.125000000003336,0.4654269545562797,0.22303878338586133,0.0,299.5535104520556,516.9950441847459,0.01573017348655681,0.015731427108448326,0.0,0.0,1.0,1.0,17.887169800195732,12.730841570107899,17.887169800195732,12.730841570107899,17.887169800195732,12.730841570107899
5.133333333336548,0.46412722524433103,0.21725841081328723,0.0,299.0856075988908,516.9950073148765,0.015465233251655995,0.015466438151351482,0.0,0.0,1.0,1.0,17.887169800195725,12.722003776939763,17.88716980019573,12.722003776939765,17.887169800195725,12.722003776939763
5.14166666666976,0.4628493257673538,0.21170207372744235,0.0,298.62556349136895,516.9949718740082,0.01520620955090416,0.015207367880645025,0.0,0.0,1.0,1.0,17.88716980019574,12.713172118997432,17.887169800195736,12.713172118997432,17.88716980019574,12.713172118997432
5.150000000002972,0.4615927699857875,0.20635990276512978,0.0,298.1732031191357,516.9949377991899,0.014952938145132419,0.014954051950785596,0.0,0.0,1.0,1.0,17.887169800195732,12.704346592021908,17.88716980019573,12.704346592021908,17.887169800195732,12.704346592021908
5.158333333336184,0.46035708521772123,0.2012225150276132,0.0,297.7283563165937,516.9949050305729,0.014705260235945667,0.014706331462813797,0.0,0.0,1.0,1.0,17.88716980019574,12.695527191756955,17.88716980019574,12.695527191756959,17.88716980019574,12.695527191756955
5.166666666669396,0.45914181179430247,0.1962809875818452,0.0,297.29085760284966,516.9948735112428,0.014463022256601234,0.014464052754885609,0.0,0.0,1.0,1.0,17.887169800195746,12.686713913949403,17.88716980019575,12.686713913949404,17.887169800195746,12.686713913949403
5.175000000002608,0.4579465026321901,0.19152683254101033,0.0,296.8605460277973,516.9948431870598,0.014226075672023738,0.014227067201962571,0.0,0.0,1.0,1.0,17.887169800195753,12.677906754349076,17.887169800195757,12.677906754349078,17.887169800195753,12.677906754349076
5.1833333333358205,0.45677072282230446,0.18695197362222848,0.0,296.4372650240672,516.9948140065098,0.013994276787508884,0.01399523102421181,0.0,0.0,1.0,1.0,17.887169800195757,12.66910570870863,17.887169800195757,12.66910570870863,17.887169800195757,12.66910570870863
5.1916666666690325,0.45561404923417065,0.18254872408640757,0.0,296.0208622645905,516.9947859205632,0.013767486565694157,0.013768405103692455,0.0,0.0,1.0,1.0,17.887169800195757,12.660310772783733,17.887169800195757,12.660310772783731,17.887169800195757,12.660310772783733
5.200000000002245,0.45447607013518404,0.17830976597181564,0.0,295.6111895255342,516.9947588825428,0.013545570451396701,0.0135464548089274,0.0,0.0,1.0,1.0,17.887169800195757,12.651521942333044,17.887169800195757,12.651521942333046,17.887169800195757,12.651521942333044
5.208333333335457,0.4533563848241545,0.17422813053902558,0.0,295.2081025543772,516.9947328479985,0.013328398203939582,0.013329249826980298,0.0,0.0,1.0,1.0,17.887169800195757,12.642739213118091,17.887169800195757,12.642739213118091,17.887169800195757,12.642739213118091
5.216666666668669,0.452254603278526,0.1702971798505626,0.0,294.81146094290887,516.9947077745909,0.013115843736608889,0.013116664002679211,0.0,0.0,1.0,1.0,17.887169800195757,12.633962580903406,17.887169800195757,12.633962580903404,17.887169800195757,12.633962580903406
5.225000000001881,0.45117034581468546,0.16651058941377966,0.0,294.4211280049408,516.994683621979,0.012907784962901507,0.01290857518464548,0.0,0.0,1.0,1.0,17.887169800195757,12.625192041456414,17.887169800195757,12.625192041456415,17.887169800195757,12.625192041456414
5.233333333335093,0.45010324276081415,0.16286233182037138,0.0,294.0369706585325,516.9946603517176,0.012704103649242831,0.012704865077806323,0.0,0.0,1.0,1.0,17.887169800195757,12.616427590547486,17.887169800195757,12.616427590547485,17.887169800195757,12.616427590547486
5.241666666668305,0.4490529341417514,0.15934666132040737,0.0,293.6588593125429,516.9946379271576,0.01250468527386927,0.012505419102084896,0.0,0.0,1.0,1.0,17.887169800195757,12.607669223949976,17.887169800195757,12.607669223949978,17.887169800195757,12.607669223949976
5.250000000001517,0.44801906937537084,0.15595809927295382,0.0,293.28666775732535,516.9946163133535,0.012309418891586947,0.012310126256978509,0.0,0.0,1.0,1.0,17.887169800195753,12.598916937440109,17.887169800195757,12.59891693744011,17.887169800195753,12.598916937440109
5.258333333334729,0.4470013069799909,0.1526914204192144,0.0,292.92027305939547,516.9945954769764,0.01211819700413278,0.012118878991750258,0.0,0.0,1.0,1.0,17.887169800195757,12.590170726797032,17.887169800195757,12.590170726797032,17.887169800195757,12.590170726797032
5.266666666667941,0.44599931429236334,0.14954163992772365,0.0,292.5595554599068,516.9945753862307,0.011930915435878075,0.011931573080973607,0.0,0.0,1.0,1.0,17.887169800195757,12.58143058780288,17.887169800195757,12.58143058780288,17.887169800195757,12.58143058780288
5.275000000001153,0.44501276719580496,0.14650400116445553,0.0,292.20439827677836,516.9945560107765,0.011747473214628393,0.011748107505182891,0.0,0.0,1.0,1.0,17.887169800195757,12.572696516242743,17.887169800195757,12.572696516242742,17.887169800195757,12.572696516242743
5.283333333334365,0.4440413498580572,0.14357396414381599,0.0,291.85468781032404,516.9945373216555,0.011567772457285398,0.011568384336394837,0.0,0.0,1.0,1.0,17.887169800195753,12.56396850790454,17.887169800195757,12.56396850790454,17.887169800195753,12.56396850790454
5.291666666667577,0.44308475447847995,0.14074719461937962,0.0,291.5103132522421,516.994519291222,0.011391718260149493,0.01139230862827937,0.0,0.0,1.0,1.0,17.887169800195757,12.555246558579153,17.887169800195757,12.555246558579153,17.887169800195757,12.555246558579153
5.300000000000789,0.4421426810441994,0.13801955377589276,0.0,291.1711665978286,516.9945018930767,0.011219218593651648,0.011219788310767503,0.0,0.0,1.0,1.0,17.887169800195757,12.546530664060422,17.887169800195757,12.546530664060423,17.887169800195757,12.546530664060422
5.3083333333340015,0.4412148370948489,0.1353870884865698,0.0,290.8371425612837,516.9944851020049,0.011050184201314428,0.011050734088895803,0.0,0.0,1.0,1.0,17.887169800195757,12.537820820145102,17.887169800195757,12.537820820145104,17.887169800195757,12.537820820145102
5.3166666666672135,0.440300937495562,0.1328460221020402,0.0,290.5081384939896,516.9944688939172,0.010884528502752492,0.010885059345697255,0.0,0.0,1.0,1.0,17.887169800195757,12.529117022632779,17.887169800195757,12.529117022632779,17.887169800195757,12.529117022632779
5.325000000000426,0.43940070421788396,0.13039274573943682,0.0,290.18405430563814,516.9944532457945,0.01072216750053113,0.010722680048956705,0.0,0.0,1.0,1.0,17.887169800195757,12.520419267326059,17.887169800195757,12.520419267326059,17.887169800195757,12.520419267326059
5.333333333333638,0.43851386612829124,0.1280238100421542,0.0,289.8647923880982,516.9944381356353,0.010563019690711441,0.010563514661658871,0.0,0.0,1.0,1.0,17.887169800195753,12.511727550030395,17.887169800195757,12.511727550030397,17.887169800195753,12.511727550030395
5.34166666666685,0.4376401587840164,0.1257359173826631,0.0,289.5502575419122,516.9944235424058,0.010407005976918758,0.010407484055965447,0.0,0.0,1.0,1.0,17.887169800195753,12.503041866554241,17.887169800195757,12.503041866554241,17.887169800195753,12.503041866554241
5.350000000000062,0.4367793242358925,0.123525914482521,0.0,289.2403569053203,516.9944094459929,0.010254049587778938,0.010254511430565279,0.0,0.0,1.0,1.0,17.88716980019576,12.494362212708817,17.887169800195757,12.494362212708817,17.88716980019576,12.494362212708817
5.358333333333274,0.4359311108379417,0.12139078542533953,0.0,288.93499988571233,516.9943958271598,0.01010407599757462,0.010104522231249542,0.0,0.0,1.0,1.0,17.887169800195757,12.4856885843084,17.887169800195757,12.4856885843084,17.887169800195757,12.4856885843084
5.366666666666486,0.43509527306344775,0.11932764503999914,0.0,288.6340980934135,516.9943826675035,0.009957012849981309,0.009957444074571395,0.0,0.0,1.0,1.0,17.887169800195757,12.477020977170108,17.887169800195757,12.477020977170108,17.887169800195757,12.477020977170108
5.374999999999698,0.43427157132725624,0.11733373263279732,0.0,288.3375652777129,516.994369949415,0.00981278988474853,0.009813206674455122,0.0,0.0,1.0,1.0,17.887169800195753,12.468359387113907,17.887169800195757,12.468359387113907,17.887169800195753,12.468359387113907
5.38333333333291,0.4334597718140704,0.11540640604856667,0.0,288.04531726504945,516.9943576560414,0.009671338867200036,0.009671741771628408,0.0,0.0,1.0,1.0,17.887169800195757,12.459703809962745,17.887169800195757,12.459703809962745,17.887169800195757,12.459703809962745
5.391666666666122,0.4326596463125053,0.113543136042002,0.0,287.75727189927176,516.9943457712501,0.009532593520430403,0.00953298306575492,0.0,0.0,1.0,1.0,17.887169800195757,12.451054241542414,17.887169800195757,12.451054241542412,17.887169800195757,12.451054241542414
5.399999999999334,0.4318709720546847,0.11174150094161148,0.0,287.4733489838929,516.9943342795945,0.009396489460083497,0.009396866150152302,0.0,0.0,1.0,1.0,17.887169800195753,12.442410677681725,17.887169800195757,12.442410677681725,17.887169800195753,12.442410677681725
5.408333333332546,0.4310935315611686,0.10999918158976743,0.0,287.19347022626397,516.994323166282,0.009262964131602124,0.009263328448984826,0.0,0.0,1.0,1.0,17.887169800195757,12.433773114212213,17.887169800195757,12.433773114212212,17.887169800195757,12.433773114212213
5.416666666665758,0.4303271124910111,0.10831395654335142,0.0,286.9175591835955,516.9943124171432,0.009131956749844537,0.009132309156826045,0.0,0.0,1.0,1.0,17.887169800195757,12.425141546968351,17.887169800195757,12.425141546968351,17.887169800195757,12.425141546968351
5.42499999999897,0.42957150749675344,0.10668369752040929,0.0,286.6455412107542,516.9943020186029,0.009003408240967244,0.009003749180490808,0.0,0.0,1.0,1.0,17.887169800195757,12.416515971787613,17.887169800195757,12.416515971787613,17.887169800195757,12.416515971787613
5.4333333333321825,0.4288265140841702,0.10510636507913494,0.0,286.37734340977204,516.9942919576525,0.008877261186479525,0.008877591083041758,0.0,0.0,1.0,1.0,17.887169800195757,12.40789638451029,17.887169800195757,12.407896384510291,17.887169800195757,12.40789638451029
5.441666666665395,0.4280919344765891,0.103580004516301,0.0,286.1128945810012,516.9942822218243,0.008753459769378245,0.00875377902987878,0.0,0.0,1.0,1.0,17.887169800195757,12.399282780979522,17.887169800195757,12.399282780979522,17.887169800195757,12.399282780979522
5.449999999998607,0.4273675754836155,0.10210274197303744,0.0,285.852125175855,516.9942727991657,0.008631949722276662,0.008632258736824985,0.0,0.0,1.0,1.0,17.887169800195757,12.390675157041391,17.887169800195757,12.390675157041391,17.887169800195757,12.390675157041391
5.458333333331819,0.4266532483740999,0.10067278073657546,0.0,285.5949672510759,516.9942636782166,0.008512678277444449,0.008512977420126197,0.0,0.0,1.0,1.0,17.887169800195757,12.382073508544849,17.887169800195757,12.382073508544849,17.887169800195757,12.382073508544849
5.466666666665031,0.4259487687531908,0.09952267220267554,0.0,285.3413544244747,516.9942563422966,0.008395594118680079,0.008395789136911046,0.0,0.0,1.0,1.0,17.887169800195757,12.373477831341694,17.887169800195757,12.373477831341694,17.887169800195757,12.373477831341694
5.474999999998243,0.42525395644332453,0.09861210586178158,0.0,285.0912218320866,516.9942505342865,0.008280647334940303,0.008280839590469453,0.0,0.0,1.0,1.0,17.887169800195757,12.364888121286636,17.887169800195757,12.364888121286636,17.887169800195757,12.364888121286636
5.483333333331455,0.42456863536900874,0.09771406712680476,0.0,284.8445060866938,516.9942448061832,0.008167789375655054,0.00816797901061846,0.0,0.0,1.0,1.0,17.887169800195753,12.356304374237299,17.887169800195757,12.356304374237299,17.887169800195753,12.356304374237299
5.491666666664667,0.4238926334452607,0.09682824030390715,0.0,284.6011452376626,516.9942391559732,0.00805697300765881,0.00805716006975245,0.0,0.0,1.0,1.0,17.887169800195753,12.347726586054119,17.887169800195757,12.347726586054119,17.887169800195753,12.347726586054119
5.499999999997879,0.4232257824695702,0.09595440480082006,0.0,284.3610787320504,516.9942335822493,0.007948152273673289,0.007948336809230688,0.0,0.0,1.0,1.0,17.887169800195757,12.339154752600445,17.887169800195757,12.339154752600445,17.887169800195757,12.339154752600445
5.508333333331091,0.42256791801725857,0.09509234515690441,0.0,284.1242473769347,516.9942280836372,0.007841282452278567,0.00784146450659487,0.0,0.0,1.0,1.0,17.887169800195757,12.330588869742483,17.887169800195757,12.330588869742483,17.887169800195757,12.330588869742483
5.516666666664303,0.42191887934011507,0.09424185072915417,0.0,283.89059330292264,516.9942226587933,0.007736320019313399,0.007736499636673236,0.0,0.0,1.0,1.0,17.887169800195757,12.322028933349287,17.887169800195757,12.322028933349287,17.887169800195757,12.322028933349287
5.524999999997515,0.4212785092681905,0.0934027155634862,0.0,283.660059928796,516.9942173064042,0.007633222610646878,0.007633399834351294,0.0,0.0,1.0,1.0,17.887169800195753,12.313474939292796,17.887169800195757,12.313474939292796,17.887169800195753,12.313474939292796
5.533333333330727,0.420646654114638,0.09257473827004226,0.0,283.4325919272543,516.9942120251849,0.0075319489862672555,0.007532123858659807,0.0,0.0,1.0,1.0,17.88716980019576,12.304926883447834,17.887169800195757,12.304926883447832,17.88716980019576,12.304926883447834
5.541666666663939,0.42002316358349406,0.09175772190234777,0.0,283.208135191716,516.9942068138795,0.007432458995635905,0.007432631558127959,0.0,0.0,1.0,1.0,17.887169800195757,12.296384761692089,17.887169800195757,12.296384761692089,17.887169800195757,12.296384761692089
5.549999999997151,0.41940789068029494,0.09095147384018366,0.0,282.98663680414,516.9942016712594,0.007334713544256043,0.007334883837351293,0.0,0.0,1.0,1.0,17.887169800195757,12.287848569906073,17.887169800195757,12.287848569906071,17.887169800195757,12.287848569906073
5.5583333333303635,0.41880069162542927,0.09015580567604413,0.0,282.76804500383304,516.9941965961226,0.007238674561408846,0.007238842624727088,0.0,0.0,1.0,1.0,17.887169800195757,12.27931830397322,17.887169800195757,12.279318303973218,17.887169800195757,12.27931830397322
5.566666666663576,0.418201425770134,0.08937053310505846,0.0,282.5523091572078,516.9941915872937,0.007144304969011288,0.00714447084131145,0.0,0.0,1.0,1.0,17.887169800195757,12.270793959779741,17.887169800195757,12.270793959779741,17.887169800195757,12.270793959779741
5.574999999996788,0.4176099555150381,0.08859547581825228,0.0,282.3393797284589,516.9941866436226,0.0070515686515517425,0.00705173237075425,0.0,0.0,1.0,1.0,17.88716980019576,12.262275533214764,17.887169800195757,12.262275533214764,17.88716980019576,12.262275533214764
5.58333333333,0.4170261462311693,0.0878304573990351,0.0,282.129208251125,516.994181763984,0.006960430427061912,0.0069605920302703485,0.0,0.0,1.0,1.0,17.887169800195757,12.253763020170254,17.887169800195757,12.253763020170254,17.887169800195757,12.253763020170254
5.591666666663212,0.4164498661833375,0.08707530522280164,0.0,281.92174730050743,516.9941769472767,0.006870856019084855,0.006871015542607002,0.0,0.0,1.0,1.0,17.887169800195757,12.245256416540991,17.887169800195757,12.245256416540991,17.887169800195757,12.245256416540991
5.599999999996424,0.41588098645581417,0.08632985035954456,0.0,281.71695046691394,516.9941721924235,0.0067828120296009,0.006782969508969125,0.0,0.0,1.0,1.0,17.887169800195757,12.236755718224693,17.887169800195757,12.236755718224693,17.887169800195757,12.236755718224693
5.608333333329636,0.4153193808802281,0.08559392747936792,0.0,281.5147723297016,516.9941674983696,0.006696265912874626,0.00669642138286566,0.0,0.0,1.0,1.0,17.887169800195757,12.228260921121828,17.887169800195757,12.228260921121828,17.887169800195757,12.228260921121828
5.616666666662848,0.41476492596560444,0.08486737476081271,0.0,281.31516843209107,516.9941628640829,0.00661118595018812,0.00661133944484227,0.0,0.0,1.0,1.0,17.887169800195757,12.219772021135785,17.887169800195757,12.219772021135784,17.887169800195757,12.219772021135785
5.62499999999606,0.41421750083047404,0.08415003380189173,0.0,281.1180952567253,516.994158288553,0.006527541225426705,0.006527692778066489,0.0,0.0,1.0,1.0,17.887169800195757,12.21128901417276,17.887169800195757,12.21128901417276,17.887169800195757,12.21128901417276
5.633333333329272,0.4136769871369803,0.08344174953374581,0.0,280.9235102019487,516.9941537707908,0.006445301601484665,0.0064454512447328915,0.0,0.0,1.0,1.0,17.887169800195753,12.202811896141768,17.887169800195757,12.20281189614177,17.887169800195753,12.202811896141768
5.641666666662484,0.4131432690269218,0.08274237013683228,0.0,280.73137155878175,516.994149309828,0.006364437697460536,0.006364585463257868,0.0,0.0,1.0,1.0,17.887169800195753,12.194340662954703,17.887169800195757,12.194340662954705,17.887169800195753,12.194340662954703
5.649999999995696,0.4126162330596611,0.08205174695956362,0.0,280.5416384885689,516.9941449047164,0.006284920866612174,0.006285066786234169,0.0,0.0,1.0,1.0,17.887169800195757,12.185875310526296,17.887169800195757,12.185875310526297,17.887169800195757,12.185875310526296
5.658333333328908,0.41209576815184146,0.08136973443931084,0.0,280.3542710012758,516.9941405545276,0.0062067231750430555,0.0062068672791167154,0.0,0.0,1.0,1.0,17.887169800195757,12.177415834774115,17.887169800195757,12.177415834774115,17.887169800195757,12.177415834774115
5.66666666666212,0.41158176551884956,0.0806961900256983,0.0,280.16922993441665,516.9941362583521,0.006129817381093135,0.006129959699612991,0.0,0.0,1.0,1.0,17.88716980019576,12.16896223161854,17.887169800195757,12.16896223161854,17.88716980019576,12.16896223161854
5.6749999999953324,0.41107411861796667,0.08003097410610824,0.0,279.98647693258795,516.9941320152997,0.006054176915407541,0.006054317477751245,0.0,0.0,1.0,1.0,17.887169800195757,12.160514496982804,17.887169800195757,12.160514496982804,17.887169800195757,12.160514496982804
5.6833333333285445,0.4105727230931535,0.07937394993332815,0.0,279.8059744275914,516.9941278244979,0.005979775861658528,0.005979914696602015,0.0,0.0,1.0,1.0,17.887169800195753,12.152072626792949,17.887169800195757,12.152072626792949,17.887169800195753,12.152072626792949
5.691666666661757,0.4100774767214154,0.07872498355526808,0.0,279.6276856191253,516.9941236850925,0.005906588937896744,0.005906726073628981,0.0,0.0,1.0,1.0,17.887169800195757,12.143636616977854,17.887169800195757,12.143636616977854,17.887169800195757,12.143636616977854
5.699999999994969,0.40958827936069664,0.07808394374668147,0.0,279.45157445602644,516.9941195962464,0.005834591478508578,0.00583472694264585,0.0,0.0,1.0,1.0,17.887169800195757,12.13520646346925,17.887169800195757,12.135206463469252,17.887169800195757,12.13520646346925
5.708333333328181,0.4091050328992518,0.0774507019428221,0.0,279.2776056180437,516.9941155571395,0.005763759416757483,0.0057638932363573165,0.0,0.0,1.0,1.0,17.887169800195757,12.126782162201648,17.887169800195757,12.126782162201648,17.887169800195757,12.126782162201648
5.716666666661393,0.40862764120645023,0.07682513217497883,0.0,279.1057444981278,516.9941115669684,0.005694069267888388,0.0056942014694630495,0.0,0.0,1.0,1.0,17.887169800195753,12.118363709112407,17.887169800195757,12.118363709112407,17.887169800195753,12.118363709112407
5.724999999994605,0.4081560100849648,0.07620711100782386,0.0,278.9359571852192,516.9941076249457,0.005625498112774577,0.005625628722304203,0.0,0.0,1.0,1.0,17.887169800195757,12.109951100141702,17.887169800195757,12.109951100141704,17.887169800195757,12.109951100141702
5.733333333327817,0.4076900472243014,0.07559651747851841,0.0,278.7682104475186,516.9941037302999,0.005558023582087626,0.005558152625033009,0.0,0.0,1.0,1.0,17.887169800195757,12.101544331232521,17.887169800195757,12.101544331232523,17.887169800195757,12.101544331232521
5.741666666661029,0.4072296621556272,0.07499323303752013,0.0,278.60247171622524,516.9940998822749,0.00549162384097175,0.005491751342286728,0.0,0.0,1.0,1.0,17.887169800195757,12.093143398330657,17.887169800195757,12.093143398330657,17.887169800195757,12.093143398330657
5.749999999994241,0.4067747662078545,0.07439714149103552,0.0,278.4387090697271,516.9940960801293,0.00542627757420428,0.005426403558347799,0.0,0.0,1.0,1.0,17.887169800195757,12.084748297384774,17.887169800195757,12.084748297384778,17.887169800195757,12.084748297384774
5.758333333327453,0.40632527246494166,0.07380812894506761,0.0,278.27689121822897,516.994092323137,0.005361963971825206,0.005362088462773064,0.0,0.0,1.0,1.0,17.887169800195757,12.076359024346305,17.887169800195757,12.076359024346306,17.887169800195757,12.076359024346305
5.766666666660665,0.4058810957243737,0.07322608375100934,0.0,278.1169874888058,516.9940886105857,0.005298662715219258,0.005298785736475513,0.0,0.0,1.0,1.0,17.887169800195753,12.067975575169479,17.887169800195757,12.067975575169479,17.887169800195753,12.067975575169479
5.774999999993877,0.40544215245678267,0.07265089645273051,0.0,277.95896781086583,516.994084941777,0.005236353963634194,0.005236475538242247,0.0,0.0,1.0,1.0,17.887169800195753,12.05959794581135,17.887169800195757,12.05959794581135,17.887169800195753,12.05959794581135
5.783333333327089,0.40500836076667535,0.07208245973511561,0.0,277.80280270201246,516.9940813160267,0.005175018341120387,0.00517513849167378,0.0,0.0,1.0,1.0,17.887169800195757,12.05122613223178,17.887169800195757,12.051226132231783,17.887169800195757,12.05122613223178
5.791666666660301,0.4045796403542309,0.07152066837400349,0.0,277.6484632542916,516.9940777326635,0.005114636923876654,0.005114755672529565,0.0,0.0,1.0,1.0,17.887169800195753,12.042860130393457,17.887169800195757,12.042860130393459,17.887169800195753,12.042860130393457
5.7999999999935135,0.4041559124781371,0.07096541918748937,0.0,277.4959211208127,516.9940741910294,0.0050551912279882955,0.005055308596465758,0.0,0.0,1.0,1.0,17.887169800195757,12.034499936261819,17.887169800195757,12.03449993626182,17.887169800195757,12.034499936261819
5.8083333333267255,0.40373709991943335,0.0704166109885435,0.0,277.34514850273194,516.9940706904788,0.004996663197543818,0.00499677920715166,0.0,0.0,1.0,1.0,17.88716980019575,12.02614554580518,17.887169800195757,12.02614554580518,17.88716980019575,12.02614554580518
5.816666666659938,0.4033231269463271,0.06987414453890825,0.0,277.1961181365866,516.9940672303788,0.004939035193116997,0.004939149864751482,0.0,0.0,1.0,1.0,17.887169800195757,12.017796954994546,17.887169800195757,12.017796954994546,17.887169800195757,12.017796954994546
5.82499999999315,0.40291391927995623,0.06933792250423247,0.0,277.0488032819691,516.9940638101086,0.004882289980601866,0.004882403334759149,0.0,0.0,1.0,1.0,17.887169800195757,12.009454159803841,17.887169800195757,12.009454159803841,17.887169800195757,12.009454159803841
5.833333333326362,0.4025094040610667,0.06880784941040735,0.0,276.9031777095311,516.9940604290591,0.004826410720388441,0.004826522777173697,0.0,0.0,1.0,1.0,17.887169800195753,12.00111715620969,17.887169800195757,12.001117156209691,17.887169800195753,12.00111715620969
5.841666666659574,0.4021095098175791,0.06828383160106442,0.0,276.7592156893075,516.994057086633,0.0047713809568675665,0.0047714917360039116,0.0,0.0,1.0,1.0,17.887169800195757,11.992785940191554,17.887169800195757,11.992785940191554,17.887169800195757,11.992785940191554
5.849999999992786,0.4017141664330174,0.06776577719620598,0.0,276.6168919793506,516.9940537822442,0.004717184608253786,0.004717294129090964,0.0,0.0,1.0,1.0,17.887169800195757,11.98446050773169,17.887169800195757,11.98446050773169,17.887169800195757,11.98446050773169
5.858333333325998,0.40132330511576964,0.06725359605192445,0.0,276.47618181466424,516.9940505153178,0.004663805956715012,0.004663914238237836,0.0,0.0,1.0,1.0,17.887169800195757,11.976140854815116,17.887169800195757,11.976140854815117,17.887169800195757,11.976140854815116
5.86666666665921,0.40093685836916265,0.06674719972118817,0.0,276.33706089643044,516.9940472852895,0.004611229638799219,0.004611336699635799,0.0,0.0,1.0,1.0,17.887169800195757,11.967826977429704,17.887169800195757,11.967826977429704,17.887169800195757,11.967826977429704
5.874999999992422,0.4005547599623191,0.06624650141565282,0.0,276.19950538151807,516.9940440916059,0.0045594406361475805,0.004559546494577344,0.0,0.0,1.0,1.0,17.887169800195753,11.959518871565972,17.887169800195757,11.959518871565972,17.887169800195753,11.959518871565972
5.883333333325634,0.4001769449017792,0.065751415968475,0.0,276.0634918722665,516.9940409337237,0.004508424266484952,0.004508528940446441,0.0,0.0,1.0,1.0,17.887169800195757,11.951216533217384,17.887169800195757,11.951216533217384,17.887169800195757,11.951216533217384
5.891666666658846,0.39980334940386125,0.0652618597980936,0.0,275.9289974065356,516.9940378111098,0.004458166174878067,0.0044582696819765386,0.0,0.0,1.0,1.0,17.88716980019576,11.942919958380067,17.887169800195757,11.942919958380068,17.88716980019576,11.942919958380067
5.899999999992058,0.3994339108677384,0.06477775087294983,0.0,275.7959994480132,516.9940347232408,0.004408652325252524,0.004408754682767352,0.0,0.0,1.0,1.0,17.887169800195757,11.934629143053009,17.887169800195757,11.934629143053009,17.887169800195757,11.934629143053009
5.90833333332527,0.39906856784921463,0.0642990086771235,0.0,275.66447587677453,516.9940316696034,0.004359868992160339,0.00435997021705223,0.0,0.0,1.0,1.0,17.887169800195757,11.926344083237908,17.887169800195757,11.926344083237908,17.887169800195757,11.926344083237908
5.916666666658482,0.398707260035173,0.06382555417685033,0.0,275.5344049800835,516.9940286496933,0.004311802752789194,0.004311902861707212,0.0,0.0,1.0,1.0,17.887169800195757,11.918064774939285,17.887169800195757,11.918064774939287,17.887169800195757,11.918064774939285
5.9249999999916945,0.3983499282186836,0.06335730978790315,0.0,275.40576544343156,516.9940256630157,0.004264440479206048,0.004264539488494461,0.0,0.0,1.0,1.0,17.887169800195757,11.90979121416443,17.887169800195757,11.90979121416443,17.887169800195757,11.90979121416443
5.9333333333249065,0.39799651427474564,0.06289419934380557,0.0,275.27853634180514,516.9940227090847,0.004217769330826987,0.004217867256531933,0.0,0.0,1.0,1.0,17.887169800195753,11.901523396923388,17.887169800195757,11.901523396923388,17.887169800195753,11.901523396923388
5.941666666658119,0.3976469611366488,0.06243614806485507,0.0,275.1526971311752,516.9940197874233,0.004171776747105917,0.004171873604981915,0.0,0.0,1.0,1.0,17.887169800195757,11.893261319228957,17.887169800195757,11.893261319228957,17.887169800195757,11.893261319228957
5.949999999991331,0.39730121277293634,0.061983082527936065,0.0,275.02822764020436,516.9940168975635,0.004126450440435444,0.004126546245951731,0.0,0.0,1.0,1.0,17.887169800195757,11.885004977096745,17.887169800195757,11.885004977096745,17.887169800195757,11.885004977096745
5.958333333324543,0.396959214164948,0.06153493063709262,0.0,274.9051080621622,516.9940140390449,0.0040817783892522115,0.004081873157598907,0.0,0.0,1.0,1.0,17.887169800195757,11.876754366545097,17.887169800195757,11.876754366545097,17.887169800195757,11.876754366545097
5.966666666657755,0.3966209112849319,0.06109162159484589,0.0,274.78331894704553,516.9940112114165,0.004037748831340915,0.004037842577435046,0.0,0.0,1.0,1.0,17.887169800195757,11.868509483595137,17.887169800195757,11.868509483595137,17.887169800195757,11.868509483595137
5.974999999990967,0.3962862510747055,0.06065308587423232,0.0,274.66284119389644,516.9940084142344,0.003994350257330177,0.003994442995821563,0.0,0.0,1.0,1.0,17.887169800195757,11.860270324270708,17.887169800195757,11.860270324270706,17.887169800195757,11.860270324270708
5.983333333324179,0.39595518142485087,0.06021925519154043,0.0,274.54365604331224,516.9940056470631,0.003951571404374073,0.003951663149651039,0.0,0.0,1.0,1.0,17.887169800195757,11.852036884598471,17.887169800195757,11.852036884598471,17.887169800195757,11.852036884598471
5.991666666657391,0.3956276511544279,0.05979006247972818,0.0,274.4257450701428,516.994002909475,0.003909401250013475,0.003909492016208426,0.0,0.0,1.0,1.0,17.887169800195753,11.843809160607861,17.887169800195757,11.843809160607861,17.887169800195753,11.843809160607861
5.999999999990603,0.39530360999119324,0.05936544186250134,0.0,274.3090901763688,516.9940002010499,0.0038678290062115796,0.003867918807206454,0.0,0.0,1.0,1.0,17.887169800195757,11.835587148330985,17.887169800195757,11.835587148330985,17.887169800195757,11.835587148330985
6.008333333323815,0.39498300855230883,0.05894532862903447,0.0,274.1936735841571,516.9939975213748,0.0038268441135579138,0.0038269329629894875,0.0,0.0,1.0,1.0,17.887169800195757,11.8273708438028,17.887169800195757,11.827370843802798,17.887169800195757,11.8273708438028
6.016666666657027,0.39466579832552595,0.05852965920931423,0.0,274.079477829087,516.9939948700444,0.0037864362356354966,0.003786524146900559,0.0,0.0,1.0,1.0,17.887169800195753,11.819160243060917,17.887169800195757,11.819160243060917,17.887169800195753,11.819160243060917
6.024999999990239,0.3943519316508322,0.05811837115009044,0.0,273.9664857535429,516.9939922466605,0.003746595253546061,0.003746682239806472,0.0,0.0,1.0,1.0,17.887169800195757,11.810955342145746,17.887169800195757,11.810955342145748,17.887169800195757,11.810955342145746
6.033333333323451,0.3940413617025489,0.057711403091416126,0.0,273.85468050026975,516.9939896508314,0.0037073112605884332,0.0037073973347760366,0.0,0.0,1.0,1.0,17.887169800195753,11.802756137100484,17.887169800195757,11.802756137100486,17.887169800195753,11.802756137100484
6.041666666656663,0.39373404247186494,0.05730869474376034,0.0,273.74404550608483,516.9939870821727,0.003668574557085083,0.0036686597319065296,0.0,0.0,1.0,1.0,17.887169800195757,11.79456262397102,17.887169800195757,11.794562623971022,17.887169800195757,11.79456262397102
6.0499999999898755,0.39342992874979643,0.05691018686567832,0.0,273.63456449574346,516.9939845403065,0.0036303756453523895,0.003630459933293814,0.0,0.0,1.0,1.0,17.887169800195757,11.786374798806044,17.887169800195757,11.786374798806044,17.887169800195757,11.786374798806044
6.0583333333230875,0.3931289761105591,0.05651582124202302,0.0,273.52622147595304,516.9939820248616,0.003592705224810076,0.0035927886381416784,0.0,0.0,1.0,1.0,17.88716980019575,11.778192657656918,17.887169800195757,11.778192657656922,17.88716980019575,11.778192657656918
6.0666666666563,0.3928311408953429,0.05612554066268378,0.0,273.41900072953183,516.9939795354729,0.003555554187225484,0.0035556367380059914,0.0,0.0,1.0,1.0,17.88716980019576,11.770016196577778,17.887169800195757,11.77001619657778,17.88716980019576,11.770016196577778
6.074999999989512,0.39253638019647674,0.0557392889018353,0.0,273.3128868097084,516.9939770717818,0.00351891361208847,0.0035189953121695086,0.0,0.0,1.0,1.0,17.887169800195757,11.761845411625501,17.887169800195757,11.761845411625503,17.887169800195757,11.761845411625501
6.083333333322724,0.3922446518419745,0.05535701069768756,0.0,273.20786453455787,516.993974633436,0.003482774762113096,0.0034828556231434184,0.0,0.0,1.0,1.0,17.887169800195757,11.753680298859669,17.887169800195757,11.75368029885967,17.887169800195757,11.753680298859669
6.091666666655936,0.39195591438045035,0.05497865173271831,0.0,273.10391898157184,516.9939722200888,0.0034471290788620703,0.003447209112291739,0.0,0.0,1.0,1.0,17.887169800195757,11.745520854342729,17.887169800195757,11.745520854342729,17.887169800195757,11.745520854342729
6.099999999989148,0.3916701270663923,0.0546041586143763,0.0,273.00103548235643,516.9939698313999,0.003411968178490034,0.003412047395574452,0.0,0.0,1.0,1.0,17.887169800195757,11.73736707413966,17.887169800195757,11.737367074139662,17.887169800195757,11.73736707413966
6.10833333332236,0.3913872498457881,0.05423347885624507,0.0,272.89919961745807,516.9939674670343,0.003377283847602482,0.0033773622594063663,0.0,0.0,1.0,1.0,17.887169800195757,11.729218954318323,17.887169800195757,11.729218954318323,17.887169800195757,11.729218954318323
6.116666666655572,0.39110724334208935,0.05386656085965094,0.0,272.7983972113102,516.9939651266628,0.0033430680392263924,0.00334314565662762,0.0,0.0,1.0,1.0,17.887169800195757,11.721076490949224,17.887169800195757,11.721076490949224,17.887169800195757,11.721076490949224
6.124999999988784,0.3908300688425085,0.053503353895706214,0.0,272.69861432730033,516.9939628099621,0.003309312868889419,0.0033093897025828173,0.0,0.0,1.0,1.0,17.88716980019576,11.7129396801057,17.887169800195757,11.7129396801057,17.88716980019576,11.7129396801057
6.133333333321996,0.3905556882846361,0.05314380808777316,0.0,272.5998372629523,516.9939605166139,0.0032760106108042078,0.0032760866713052225,0.0,0.0,1.0,1.0,17.887169800195757,11.704808517863688,17.887169800195757,11.704808517863688,17.887169800195757,11.704808517863688
6.141666666655208,0.39028406424337453,0.05278787439434098,0.0,272.50205254522217,516.9939582463055,0.0032431536941549296,0.003243228991803246,0.0,0.0,1.0,1.0,17.887169800195757,11.696683000301979,17.887169800195757,11.696683000301977,17.887169800195757,11.696683000301979
6.14999999998842,0.3900151599181744,0.05243550459230215,0.0,272.4052469259038,516.9939559987291,0.003210734699482666,0.0032108092444457,0.0,0.0,1.0,1.0,17.887169800195757,11.68856312350196,17.887169800195757,11.688563123501961,17.887169800195757,11.68856312350196
6.158333333321632,0.3897489391205696,0.05208665126061692,0.0,272.3094073771409,516.9939537735825,0.003178746355166815,0.0031788201574431516,0.0,0.0,1.0,1.0,17.887169800195753,11.680448883547788,17.887169800195757,11.680448883547788,17.887169800195753,11.680448883547788
6.166666666654844,0.38948536626200136,0.05174126776435893,0.0,272.21452108704403,516.993951570568,0.003147181533999792,0.0031472546034225475,0.0,0.0,1.0,1.0,17.887169800195753,11.672340276526382,17.887169800195757,11.672340276526384,17.887169800195753,11.672340276526382
6.1749999999880565,0.38922440634192385,0.05139930823912867,0.0,272.12057545540875,516.9939493893933,0.0031160332498520243,0.003116105596092111,0.0,0.0,1.0,1.0,17.887169800195757,11.664237298527368,17.887169800195757,11.66423729852737,17.887169800195757,11.664237298527368
6.1833333333212686,0.38896602493618376,0.05106072757582621,0.0,272.0275580895318,516.9939472297704,0.003085294654424694,0.0030853662869940253,0.0,0.0,1.0,1.0,17.887169800195753,11.65613994564298,17.887169800195757,11.65613994564298,17.887169800195753,11.65613994564298
6.191666666654481,0.3887101881856677,0.050725481405774764,0.0,271.93545680012454,516.9939450914164,0.003054959034087656,0.003055029962342271,0.0,0.0,1.0,1.0,17.88716980019576,11.648048213968245,17.88716980019576,11.648048213968245,17.88716980019576,11.648048213968245
6.199999999987693,0.3884568627852089,0.05039352608618424,0.0,271.84425959731925,516.993942974053,0.0030250198068000026,0.0030250900399431246,0.0,0.0,1.0,1.0,17.88716980019576,11.639962099600986,17.88716980019576,11.639962099600988,17.88716980019576,11.639962099600986
6.208333333320905,0.38820601597274695,0.05006481868594614,0.0,271.7539546867665,516.9939408774063,0.002995470519110706,0.002995540066195724,0.0,0.0,1.0,1.0,17.887169800195764,11.631881598641595,17.887169800195764,11.631881598641595,17.887169800195764,11.631881598641595
6.216666666654117,0.3881886136100638,0.05025353432971201,0.0,271.7476898321723,516.7801490606315,0.0029934241419769456,0.0030128141297566012,0.0,0.0,1.0,1.0,17.755570426508452,11.53211382829129,17.877361878457933,11.616972962054865,17.755570426508452,11.53211382829129
6.224999999987329,0.3879403825756797,0.003089514709534067,0.0,271.6583266023331,516.836560306749,0.002964284986223617,4.610723984923849e-05,0.0,0.0,1.0,1.0,17.858371449197232,11.59569513023033,17.877361878457933,11.608908420232297,17.858371449197232,11.59569513023033
6.233333333320541,0.38769456400031155,0.0005855767652512915,0.0,271.56983185829813,516.924592719188,0.0029355228091042266,3.791310255171114e-06,0.0,0.0,1.0,1.0,17.858371449197225,11.587666147481217,17.877361878457933,11.600849476841917,17.858371449197225,11.587666147481217
6.241666666653753,0.38768243836274063,0.2585800996573178,0.0,271.56546662596577,516.8283513088356,0.0029341064610323192,0.01739834006132361,0.0,0.0,1.0,1.0,14.048960922864849,8.930879666214901,17.867507334999686,11.585944188569167,14.048960922864849,8.930879666214901
6.249999999986965,0.3874391183509982,0.005339890567204468,0.0,271.4778713654144,516.8157949105889,0.002905733419465056,0.00010492287586796352,0.0,0.0,1.0,1.0,17.5551661705106,11.360884615673182,17.8675073349997,11.57790118702585,17.5551661705106,11.360884615673182
6.258333333320177,0.3871981474725337,0.0008160246181635615,0.0,271.3911217933869,516.9016358999761,0.0028777250279451183,6.242179582878009e-06,0.0,0.0,1.0,1.0,17.555166170510596,11.353014439903323,17.867507334999715,11.569863768961362,17.555166170510596,11.353014439903323
6.266666666653389,0.38695949558476445,0.00019196250840431304,0.0,271.30520705854644,516.987472706968,0.0028500754471457988,7.024474496011567e-07,0.0,0.0,1.0,1.0,17.555166170510596,11.345187015052238,17.867507334999715,11.561831930499597,17.555166170510596,11.345187015052238
6.274999999986601,0.3914998906791072,0.9935273530194892,0.0,272.93975034352724,514.4109412077955,-0.06415744827917408,0.036733661134915996,0.0,0.0,1.0,1.0,13.785459160488672,8.723399524108977,17.663395574564383,11.412278876305855,13.785459160488672,8.723399524108977
6.283333333319813,0.3968284869071832,0.9859821275985025,0.0,274.858046219106,511.39285103940085,-0.06373029810849257,0.03658649051208017,0.0,0.0,1.0,1.0,13.785459160488658,8.717343710729114,17.449987743782383,11.256486666156885,13.785459160488658,8.717343710729114
6.291666666653025,0.4021214698578452,0.9784799825218993,0.0,276.7635213065718,508.39199300875964,-0.06330272918258587,0.036439570867689314,0.0,0.0,1.0,1.0,13.785459160488633,8.711292101315328,17.260054252415774,11.117159280511897,13.785459160488633,8.711292101315328
6.2999999999862375,0.407378804309778,0.9710209305417016,0.0,278.6561629262432,505.4083722166805,-0.06287473369258702,0.036292905500982284,0.0,0.0,1.0,1.0,13.785459160488639,8.705244692949242,17.089935870108153,10.991730698197427,13.785459160488639,8.705244692949242
6.30833333331945,0.41260045438249726,0.9636049847536861,0.0,280.5359581611374,502.44199390147435,-0.06244630362683725,0.03614649776622459,0.0,0.0,1.0,1.0,13.785459160488651,8.699201482714447,16.93669651467476,10.87814200080764,13.785459160488651,8.699201482714447
6.316666666652662,0.41778638351916314,0.9562321586086732,0.0,282.4028938507837,499.4928634434691,-0.06201743076399095,0.03600035107381501,0.0,0.0,1.0,1.0,13.785459160488648,8.693162467696563,16.797953027326212,10.774722003698663,13.785459160488648,8.693162467696563
6.324999999985874,0.4229365544688089,0.9489024659242665,0.0,284.25695658482533,496.5609863697065,-0.061588106665826654,0.035854468891419064,0.0,0.0,1.0,1.0,13.785459160488653,8.687127644983272,16.671750869912465,10.680100089497193,13.785459160488653,8.687127644983272
6.333333333319086,0.4280464413916505,0.9416199587815987,0.0,286.09651705989256,493.64798351263937,-0.06097847862418762,0.03570893515054128,0.0,0.0,1.0,1.0,13.785459160488648,8.681097011664274,16.556569033531833,10.593208559861624,13.785459160488648,8.681097011664274
6.341666666652298,0.4330973524455135,0.9344014200831955,0.0,287.9148462084756,490.7605680332781,-0.060245693724311385,0.03556409171507437,0.0,0.0,1.0,1.0,13.785459160488639,8.675070564831275,16.4514081927484,10.513342376254787,13.785459160488639,8.675070564831275
6.34999999998551,0.4380871440431756,0.9272487245229848,0.0,289.7111723386783,487.8994898091938,-0.05951160865970076,0.03541998520603845,0.0,0.0,1.0,1.0,13.785459160488614,8.669048301578009,16.355073880288344,10.439663971468468,13.785459160488614,8.669048301578009
6.358333333318722,0.4430157062074891,0.9201619154391283,0.0,291.485455858702,485.06476617565124,-0.05877618415709706,0.03527662553294672,0.0,0.0,1.0,1.0,13.785459160488612,8.663030219000198,16.266520628196616,10.371440681882463,13.785459160488612,8.663030219000198
6.366666666651934,0.44788292561682735,0.9131410384305884,0.0,293.23765597273496,482.2564153722352,-0.058039379211324266,0.0351340227658508,0.0,0.0,1.0,1.0,13.785459160488614,8.657016314195605,16.184862313140833,10.308051505984997,13.785459160488614,8.657016314195605
6.374999999985146,0.4526886854564726,0.9061861414787052,0.0,294.96773062745166,479.47445659148195,-0.057301150981477963,0.0349921871389495,0.0,0.0,1.0,1.0,13.78545916048861,8.651006584264007,16.10934293018422,10.248966623623803,13.78545916048861,8.651006584264007
6.383333333318358,0.4574328652610216,0.8992972750765781,0.0,296.67563645527906,476.71891003063115,-0.05656145467909829,0.03485112905436334,0.0,0.0,1.0,1.0,13.785459160488612,8.645001026307233,16.039313572400378,10.193731264090538,13.785459160488612,8.645001026307233
6.39166666665157,0.4621153407471106,0.8924744923668723,0.0,298.3613287141775,473.9897969467488,-0.05582024344756191,0.03471085908608922,0.0,0.0,1.0,1.0,13.78545916048864,8.638999637429038,15.974214131567992,10.141952882569088,13.78545916048864,8.638999637429038
6.399999999984782,0.46673598363569446,0.8857178492887251,0.0,300.0247612236609,471.28713971548996,-0.05507746823184009,0.03457138798415033,0.0,0.0,1.0,1.0,13.78545916048862,8.633002414735252,15.913558627750255,10.093290879575102,13.78545916048862,8.633002414735252
6.408333333317994,0.47129466146303545,0.8790274047344852,0.0,301.6658862967532,468.61096189379396,-0.05433307763766966,0.034432726678958636,0.0,0.0,1.0,1.0,13.785459160488616,8.627009355333714,15.856923355098328,10.047448293903697,13.785459160488616,8.627009355333714
6.416666666651206,0.4757912373794779,0.872403220717121,0.0,303.2846546675465,465.96128828684823,-0.05358701777907335,0.03429488628590921,0.0,0.0,1.0,1.0,13.785459160488612,8.621020456334216,15.803937232763094,10.004165040836236,13.785459160488612,8.621020456334216
6.4249999999844185,0.4802255699349879,0.8658453625491768,0.0,304.88101541399595,463.3381450196706,-0.05283923211303363,0.03415787811022702,0.0,0.0,1.0,1.0,13.785459160488607,8.615035714848592,15.754273896801939,9.963212370371693,13.785459160488607,8.615035714848592
6.433333333317631,0.4845975128503308,0.8593538990342846,0.0,306.45491587554324,460.7415596137138,-0.05208966125998073,0.034021713652090245,0.0,0.0,1.0,1.0,13.785459160488589,8.60905512799073,15.707645177350967,9.924388296199785,13.785459160488589,8.60905512799073
6.441666666650843,0.48890691477264836,0.8529289026723292,0.0,308.0063015651243,458.1715610689316,-0.051338242808585094,0.03388640461205594,0.0,0.0,1.0,1.0,13.785459160488577,8.603078692876426,15.663795686049456,9.887513802696198,13.785459160488577,8.603078692876426
6.449999999984055,0.49315361901404897,0.8465704498794597,0.0,309.5351160750619,455.62817995178375,-0.050584911103151456,0.03375196289681705,0.0,0.0,1.0,1.0,13.785459160488582,8.597106406623551,15.622498299385938,9.852429679743876,13.785459160488582,8.597106406623551
6.458333333317267,0.4973374632716908,0.8402786212243415,0.0,311.0413009762954,453.1114484897365,-0.04982959701169316,0.033618400625323924,0.0,0.0,1.0,1.0,13.785459160488585,8.591138266351912,15.583550369657303,9.818993867435749,13.785459160488585,8.591138266351912
6.466666666650479,0.501458279327655,0.8340535016821006,0.0,312.5247957103351,450.6214006728401,-0.04907222767250371,0.03348573013530619,0.0,0.0,1.0,1.0,13.785459160488584,8.585174269183373,15.546770530429262,9.78707921737827,13.785459160488584,8.585174269183373
6.474999999983691,0.5055158927267115,0.8278951809076665,0.0,313.98553747325786,448.1580723630665,-0.048312726216752575,0.03335396399023602,0.0,0.0,1.0,1.0,13.785459160488577,8.579214412241813,15.511995990515263,9.756571596326554,13.785459160488577,8.579214412241813
6.483333333316903,0.5095101224298753,0.8218037535303627,0.0,315.423461090987,445.721501412145,-0.04755101146428426,0.03322311498677857,0.0,0.0,1.0,1.0,13.785459160488578,8.573258692653045,15.479080231552745,9.727368272640653,13.785459160488578,8.573258692653045
6.491666666650115,0.5134407804413749,0.81577931947186,0.0,316.8384988850014,443.31172778874384,-0.04678699758940502,0.033093196162781516,0.0,0.0,1.0,1.0,13.785459160488573,8.567307107544913,15.447891040725873,9.699376537594807,13.785459160488573,8.567307107544913
6.499999999983327,0.5173076714063944,0.8098219842897885,0.0,318.2305805275221,440.9287937159153,-0.046020593752969456,0.032964220805860756,0.0,0.0,1.0,1.0,13.785459160488607,8.561359654047253,15.41830882314448,9.672512522653502,13.785459160488607,8.561359654047253
6.508333333316539,0.5211105921765974,0.8039318595496924,0.0,319.5996328851009,438.5727438198768,-0.045251703696541065,0.03283620246264872,0.0,0.0,1.0,1.0,13.785459160488614,8.555416329291866,15.390225148655595,9.64670018102228,13.785459160488614,8.555416329291866
6.516666666649751,0.5248493313400804,0.798109063228283,0.0,320.94557984940366,436.24362529131304,-0.04448022529375663,0.03270915494877938,0.0,0.0,1.0,1.0,13.78545916048861,8.54947713041258,15.363541496040622,9.621870407511828,13.78545916048861,8.54947713041258
6.524999999982963,0.5285236687119574,0.7923537201513259,0.0,322.26834215382047,433.9414880605302,-0.04370605005326765,0.03258309235969332,0.0,0.0,1.0,1.0,13.785459160488637,8.543542054545199,15.338168164104793,9.597960275345644,13.785459160488637,8.543542054545199
6.533333333316175,0.532133374781274,0.7866659624700046,0.0,323.56783717435457,431.6663849880017,-0.04292906256674511,0.03245802908235947,0.0,0.0,1.0,1.0,13.785459160488621,8.537611098827462,15.31402332444304,9.57491237224025,13.785459160488621,8.537611098827462
6.5416666666493875,0.5356782101093663,0.7810459301800623,0.0,324.8439787130315,429.4183720720248,-0.042149139894367846,0.03233397980802205,0.0,0.0,1.0,1.0,13.785459160488607,8.531684260399263,15.291032194940131,9.552674221081384,13.785459160488607,8.531684260399263
6.5499999999825995,0.5391579246740934,0.7754937716886483,0.0,326.0966767618227,427.1975086754592,-0.041366150878952915,0.032210959546097054,0.0,0.0,1.0,1.0,13.785459160488623,8.525761536402273,15.26912631654042,9.531197772956189,13.785459160488623,8.525761536402273
6.558333333315812,0.5425722571535752,0.7700096444345372,0.0,327.32583724479093,425.00385777381473,-0.04057995537837542,0.03208898363936188,0.0,0.0,1.0,1.0,13.785459160488607,8.519842923980233,15.24824291866513,9.51043896229407,13.785459160488607,8.519842923980233
6.566666666649024,0.5459209341421332,0.764593715568161,0.0,328.53136173582845,422.8374862272643,-0.03979040340410077,0.0319680677806018,0.0,0.0,1.0,1.0,13.785459160488585,8.513928420278951,15.228324360989955,9.490357315503973,13.785459160488585,8.513928420278951
6.574999999982236,0.549203669290023,0.7592461626989188,0.0,329.71314714896124,420.6984650795674,-0.03899733415145647,0.031848228030902793,0.0,0.0,1.0,1.0,13.785459160488603,8.508018022446091,15.20931764122193,9.470915605845923,13.785459160488603,8.508018022446091
6.583333333315448,0.5524201623572482,0.7539671747183848,0.0,330.8710853977209,418.5868698873538,-0.03820057490460225,0.03172948083981053,0.0,0.0,1.0,1.0,13.785459160488603,8.502111727631313,15.191173960110211,9.452079548392431,13.785459160488603,8.502111727631313
6.59166666664866,0.55557009817019,0.7487569527093763,0.0,332.00506301953175,416.5027810837504,-0.03739993979589491,0.03161184306760958,0.0,0.0,1.0,1.0,13.785459160488621,8.496209532986335,15.17384833625274,9.433817529865614,13.785459160488621,8.496209532986335
6.599999999981872,0.5586531454679273,0.7436157109525495,0.0,333.11496076038554,414.4462843810197,-0.03659522839535477,0.03149533201002082,0.0,0.0,1.0,1.0,13.785459160488626,8.490311435664777,15.157299264371924,9.416100368913625,13.785459160488626,8.490311435664777
6.608333333315084,0.5616689556229169,0.7385436780441157,0.0,334.20065311428596,412.41747121764615,-0.03578622410100156,0.03137996542566433,0.0,0.0,1.0,1.0,13.78545916048863,8.484417432822296,15.141488411661236,9.398901103040792,13.78545916048863,8.484417432822296
6.616666666648296,0.5646171612179955,0.7335410981406902,0.0,335.2620078109693,410.416439256276,-0.03497269229471129,0.03126576156669778,0.0,0.0,1.0,1.0,13.78545916048863,8.478527521616448,15.126380347592384,9.382194798957801,13.78545916048863,8.478527521616448
6.624999999981508,0.5674973744584385,0.7286082323501648,0.0,336.2988852442448,408.4432929400658,-0.03415437822059092,0.031152739213113373,0.0,0.0,1.0,1.0,13.78545916048863,8.472641699206859,15.11194230323659,9.365958383581862,13.78545916048863,8.472641699206859
6.63333333331472,0.5703091853938167,0.7237453602910191,0.0,337.3111378318631,406.4981441164075,-0.03333100453324525,0.031040917711267872,0.0,0.0,1.0,1.0,13.78545916048863,8.466759962755049,15.098143956721135,9.350170493314868,13.78545916048863,8.466759962755049
6.641666666647932,0.5730521599195325,0.7189527818468701,0.0,338.2986092960686,404.58111273874795,-0.03250226845111957,0.03093031701733185,0.0,0.0,1.0,1.0,13.78545916048863,8.4608823094245,15.08495724192854,9.334811339567013,13.78545916048863,8.4608823094245
6.649999999981144,0.5757258375218839,0.7142308191483633,0.0,339.2611338518219,402.6923276593452,-0.031667838434523116,0.030820957746480887,0.0,0.0,1.0,1.0,13.78545916048863,8.455008736380723,15.072356177966343,9.319862588787357,13.78545916048863,8.455008736380723
6.658333333314356,0.5783297287230086,0.7095798188212371,0.0,340.19853528697945,400.8319275284947,-0.030827350287893254,0.030712861228823572,0.0,0.0,1.0,1.0,13.78545916048863,8.449139240791178,15.06031671730242,9.305307255517873,13.78545916048863,8.449139240791178
6.6666666666475685,0.580863312172644,0.7050001545477789,0.0,341.11062591532584,399.00006181911147,-0.0299804025598166,0.030606049573275996,0.0,0.0,1.0,1.0,13.78545916048863,8.443273819825295,15.048816610785837,9.29112960721499,13.78545916048863,8.443273819825295
6.6749999999807805,0.5833260313217361,0.700492229999467,0.0,341.9972053790729,397.19689199978666,-0.02912655108016757,0.030500545740863118,0.0,0.0,1.0,1.0,13.78545916048863,8.437412470654426,15.037835288065583,9.277315079784273,13.78545916048863,8.437412470654426
6.683333333313993,0.5857172905977517,0.6960564822121851,0.0,342.8580592719707,395.4225928848739,-0.028265302428486225,0.03039637362927511,0.0,0.0,1.0,1.0,13.78545916048863,8.431555190451904,15.027353752188402,9.263850202960707,13.78545916048863,8.431555190451904
6.691666666647205,0.5880364509819676,0.691693385492811,0.0,343.69295754713113,393.67735419712426,-0.027396106067113263,0.030293558170951685,0.0,0.0,1.0,1.0,13.78545916048863,8.425701976393059,15.017354487412652,9.250722534842174,13.78545916048863,8.425701976393059
6.699999999980417,0.5902828248635636,0.6874034559687444,0.0,344.50165266449966,391.9613823874977,-0.026518344790463944,0.030192125447549116,0.0,0.0,1.0,1.0,13.78545916048863,8.419852825655138,15.007821379525332,9.237920605056026,13.78545916048863,8.419852825655138
6.708333333313629,0.5924556700118172,0.6831872569218126,0.0,345.28387742084436,390.2749027687249,-0.02563132302902911,0.030092102824407004,0.0,0.0,1.0,1.0,13.78545916048863,8.414007735417432,14.998739648208833,9.225433866213237,13.78545916048863,8.414007735417432
6.716666666646841,0.594554182463062,0.679045405087925,0.0,346.03934238905924,388.6181620351699,-0.02473425238963143,0.029993519109650455,0.0,0.0,1.0,1.0,13.78545916048863,8.408166702861104,14.990095791282249,9.213252653494287,13.78545916048863,8.408166702861104
6.724999999980053,0.596577488058779,0.674978578157664,0.0,346.7677328718752,386.99143126306546,-0.02382623359133156,0.029896404743935186,0.0,0.0,1.0,1.0,13.78545916048863,8.402329725169254,14.981877540963108,9.201368152424225,13.78545916048863,8.402329725169254
6.733333333313265,0.5985246322886209,0.6709875237868078,0.0,347.4687052453461,385.39500951472303,-0.02290623363685875,0.029800792028722937,0.0,0.0,1.0,1.0,13.78545916048863,8.396496799527032,14.974073832678965,9.189772375152005,13.78545916048863,8.396496799527032
6.741666666646477,0.6003945679771728,0.667073070528604,0.0,348.1418825260803,383.82922821144143,-0.02197305659115771,0.029706715403591898,0.0,0.0,1.0,1.0,13.78545916048863,8.390667923121446,14.96667478744846,9.17845814587181,13.78545916048863,8.390667923121446
6.749999999979689,0.6021861401902712,0.6632361412453697,0.0,348.7868489375114,382.2944564981477,-0.021025305637881884,0.029614211786794,0.0,0.0,1.0,1.0,13.78545916048863,8.38484309314152,14.959671709499199,9.167419096454463,13.78545916048863,8.38484309314152
6.758333333312901,0.6038980675009887,0.6594777697678733,0.0,349.4031431656492,380.79110790714924,-0.020061333011373035,0.02952332099863051,0.0,0.0,1.0,1.0,13.78545916048863,8.37902230677822,14.95305710168756,9.156649673947298,13.78545916048863,8.37902230677822
6.766666666646113,0.6055289184067624,0.6557991218830076,0.0,349.9902498692395,379.31964875320296,-0.01907917271424784,0.02943408629514266,0.0,0.0,1.0,1.0,13.78545916048863,8.373205561224452,14.946824702574853,9.14614516245015,13.78545916048863,8.373205561224452
6.774999999979325,0.6070770811601138,0.6522015222038388,0.0,350.5475888188171,377.8806088815354,-0.01807644819788106,0.02934655505163137,0.0,0.0,1.0,1.0,13.78545916048863,8.3673928536751,14.940969550935105,9.135901723138861,13.78545916048863,8.3673928536751
6.783333333312537,0.6085407244490262,0.6486864892163391,0.0,351.0745007416318,376.4745956865355,-0.01705024260440369,0.02926077965429017,0.0,0.0,1.0,1.0,13.78545916048863,8.361584181326899,14.935488086433866,9.1259164581558,13.78545916048863,8.361584181326899
6.7916666666457495,0.6099177450277351,0.6452557819933946,0.0,351.57022846872184,375.10231279735774,-0.015996911190447632,0.029176818688544104,0.0,0.0,1.0,1.0,13.78545916048863,8.3557795413787,14.930378299974224,9.11618750721502,13.78545916048863,8.3557795413787
6.7999999999789615,0.6112056961546565,0.641911464077945,0.0,352.03389117255034,373.76458563117785,-0.014911800996533308,0.029094738563603117,0.0,0.0,1.0,1.0,13.78545916048863,8.349978931031087,14.925639955161916,9.106714190999863,13.78545916048863,8.349978931031087
6.808333333312174,0.6124016867424917,0.6386559935801569,0.0,352.4644480610207,372.46239743206263,-0.013788814776959379,0.02901461580235288,0.0,0.0,1.0,1.0,13.78545916048863,8.344182347486756,14.921274916313731,9.097497224619104,13.78545916048863,8.344182347486756
6.816666666645386,0.6135022337632943,0.6354923551367102,0.0,352.8606452432658,371.196942054684,-0.012619698459349982,0.028936540392573047,0.0,0.0,1.0,1.0,13.785459160488628,8.338389787950264,14.917287644416955,9.088539041479468,13.785459160488628,8.338389787950264
6.824999999978598,0.6145030357459388,0.6324242625744385,0.0,353.220934188685,369.96970502977524,-0.01139280235675236,0.02886062092858471,0.0,0.0,1.0,1.0,13.785459160488628,8.332601249628183,14.9136859742835,9.079844302039191,13.785459160488628,8.332601249628183
6.83333333331181,0.615398603112471,0.6294564899240889,0.0,353.54333864794387,368.78259596963545,-0.010090746076637637,0.028786992998905022,0.0,0.0,1.0,1.0,13.785459160488628,8.326816729728892,14.910482399167716,9.071420736297803,13.785459160488628,8.326816729728892
6.841666666645022,0.6161816023624959,0.6265954591279844,0.0,353.82521855920265,367.6381836511937,-0.008685502651965951,0.02871583405668345,0.0,0.0,1.0,1.0,13.785459160488626,8.32103622546285,14.90769636625004,9.063280651344744,13.785459160488626,8.32103622546285
6.849999999978234,0.616841543333734,0.6238504173882555,0.0,354.0627974616125,366.5401669553021,-0.007126229344765773,0.02864739315821206,0.0,0.0,1.0,1.0,13.785459160488617,8.315259734042375,14.905358887699306,9.055443963060048,13.785459160488617,8.315259734042375
6.858333333311446,0.6173615871069826,0.6212363024146934,0.0,354.2500133403625,365.49452096587726,-0.005299864523632498,0.028582063183402392,0.0,0.0,1.0,1.0,13.785459160488628,8.309487252681727,14.903523766804218,9.047945584269499,13.785459160488628,8.309487252681727
6.866666666644658,0.6177069626788922,0.6187841492819992,0.0,354.374348626198,364.51365971279955,-0.002798186768692917,0.028520642333723444,0.0,0.0,1.0,1.0,13.785459160488632,8.30371877859712,14.902308331676231,9.040862257676617,13.785459160488632,8.30371877859712
6.87499999997787,0.6176889933325294,0.6166633537056706,0.0,354.3678796573478,363.6653414822681,0.0027212070602418027,0.02846740384153164,0.0,0.0,1.0,1.0,13.785595264602005,8.298044078166193,14.902077737166282,9.034433969121114,13.785595264602005,8.298044078166193
6.883333333311082,0.6173882597349538,0.6148007394727522,0.0,354.2596154926063,362.92029578910075,0.004326194481388358,0.02842057443682048,0.0,0.0,1.0,1.0,13.786085994243772,8.29260699011559,14.902077737166287,9.02816223458021,13.786085994243772,8.29260699011559
6.891666666644294,0.6169828445509837,0.6130357545728609,0.0,354.11366593253103,362.21430182914423,0.005344259276691022,0.028376129872785365,0.0,0.0,1.0,1.0,13.786749108422217,8.287286992534058,14.90207773716629,9.021894853898543,13.786749108422217,8.287286992534058
6.899999999977506,0.6165040738433889,0.6113400569486173,0.0,353.9413083669703,361.5360227794468,0.006113350705138906,0.028333365043386502,0.0,0.0,1.0,1.0,13.787533892835619,8.282050467017825,14.902077737166286,9.015631824053726,13.787533892835619,8.282050467017825
6.908333333310718,0.6159677913872249,0.6096992757804481,0.0,353.7482465586118,360.8797103121791,0.006735781678418575,0.028291924034547153,0.0,0.0,1.0,1.0,13.788414682684033,8.276880364062187,14.902077737166273,9.00937314202534,13.788414682684033,8.276880364062187
6.9166666666439305,0.6153840240113405,0.608104296645532,0.0,353.5380901681621,360.2417186582127,0.007258985674595118,0.028251581834358424,0.0,0.0,1.0,1.0,13.78937520869095,8.271765856723938,14.902077737166275,9.003118804795147,13.78937520869095,8.271765856723938
6.9249999999771426,0.6147598351150563,0.6065486863392228,0.0,353.31338202101165,359.619474535689,0.007709551000787697,0.02821218001932268,0.0,0.0,1.0,1.0,13.790403983459944,8.266699288771663,14.902077737166293,8.996868809346937,13.790403983459944,8.266699288771663
6.933333333310355,0.6141005322390398,0.6050276022146909,0.0,353.0760328330293,359.01104088587624,0.008104146103051088,0.028173599574400614,0.0,0.0,1.0,1.0,13.791492351625765,8.26167488392144,14.90207773716631,8.990623152666654,13.791492351625765,8.26167488392144
6.941666666643567,0.6134102806394851,0.603537237581391,0.0,352.82754209740915,358.4148950325563,0.008454030581942835,0.02813574709783636,0.0,0.0,1.0,1.0,13.79263350018416,8.256688090215277,14.902077737166321,8.984381831742311,13.79263350018416,8.256688090215277
6.949999999976779,0.6126924531418052,0.6020745052364332,0.0,352.5691240320806,357.8298020945732,0.008767229272823864,0.028098546942737217,0.0,0.0,1.0,1.0,13.793821894675352,8.25173520624388,14.902077737166318,8.978144843564026,13.793821894675352,8.25173520624388
6.958333333309991,0.611949846326365,0.6006368417617756,0.0,352.30178540662234,357.2547367047101,0.009049697758888635,0.028061936365190825,0.0,0.0,1.0,1.0,13.79505293101439,8.246813150165814,14.90207773716632,8.971912185123983,13.79505293101439,8.246813150165814
6.966666666643203,0.6111848223285979,0.599222079063821,0.0,352.02637659033735,356.6888316255283,0.00930599814690162,0.028025862344238633,0.0,0.0,1.0,1.0,13.796322707229667,8.241919308167631,14.902077737166316,8.965683853416422,13.796322707229667,8.241919308167631
6.974999999976415,0.6103994062439598,0.5978283560666582,0.0,351.74362661805833,356.1313424266632,0.0095397152731098,0.027990279398959962,0.0,0.0,1.0,1.0,13.797627866713992,8.237051430326304,14.902077737166321,8.959459845437747,13.797627866713992,8.237051430326304
6.983333333309627,0.6095953555506293,0.5964540557277159,0.0,351.4541681823365,355.5816222910862,0.00975372565898001,0.027955148033627954,0.0,0.0,1.0,1.0,13.798965486520917,8.232207556345324,14.902077737166321,8.953240158186441,13.798965486520917,8.232207556345324
6.991666666642839,0.6087742111041476,0.5950977587387218,0.0,351.1585559915234,355.0391034954886,0.009950378262386376,0.027920433596240243,0.0,0.0,1.0,1.0,13.800332995310582,8.227385960963874,14.90207773716633,8.947024788662999,13.800332995310582,8.227385960963874
6.999999999976051,0.6079373355501301,0.5937582086247537,0.0,350.8572805983559,354.50328344990135,0.010131619980925839,0.027886105419124726,0.0,0.0,1.0,1.0,13.801728111529274,8.222585112798487,14.902077737166316,8.940813733870032,13.801728111529274,8.222585112798487
7.008333333309263,0.6070859428828494,0.5924342848685874,0.0,350.5507790410532,353.9737139474348,0.010299085233693796,0.027852136157940553,0.0,0.0,1.0,1.0,13.803148795822768,8.217803642638753,14.902077737166316,8.934606990812274,13.803148795822768,8.217803642638753
7.016666666642475,0.606221121610651,0.5911249818328029,0.0,350.2394431828717,353.449992733121,0.010454161434716738,0.027818501273859177,0.0,0.0,1.0,1.0,13.804593213724072,8.213040318570838,14.902077737166312,8.928404556496474,13.804593213724072,8.213040318570838
7.024999999975687,0.6053438532016993,0.5898293919642665,0.0,349.9236263525777,352.9317567857065,0.010598037838709978,0.027785178621396046,0.0,0.0,1.0,1.0,13.806059705924655,8.208294026142955,14.902077737166302,8.922206427931528,13.806059705924655,8.208294026142955
7.033333333308899,0.6044550269775921,0.5885466922233129,0.0,349.6036487061523,352.41867688932507,0.010731742643092002,0.02775214811572157,0.0,0.0,1.0,1.0,13.807546764252423,8.203563752327327,14.9020777371663,8.916012602128323,13.807546764252423,8.203563752327327
7.0416666666421115,0.6035554522878096,0.5872761329827522,0.0,349.27980160959567,351.91045319310075,0.010856171620889041,0.027719391460788452,0.0,0.0,1.0,1.0,13.80905301201807,8.198848572389219,14.902077737166321,8.909823076099887,13.80905301201807,8.198848572389219
7.049999999975324,0.6026458685711036,0.5860170288471633,0.0,348.9523512610297,351.4068115388652,0.0109721105322555,0.02768689192470015,0.0,0.0,1.0,1.0,13.810577187756165,8.194147639017107,14.902077737166332,8.903637846861278,13.810577187756165,8.194147639017107
7.058333333308536,0.6017269537526445,0.5847687509854069,0.0,348.6215417136727,350.90750039416264,0.011080252889888925,0.027654634152272824,0.0,0.0,1.0,1.0,13.812118131640327,8.189460173233853,14.902077737166325,8.897456911429682,13.812118131640327,8.189460173233853
7.066666666641748,0.6007993313145307,0.5835307206700118,0.0,348.2875974212243,350.41228826800454,0.01118121420309458,0.02762260400723543,0.0,0.0,1.0,1.0,13.813674774030437,8.184785456729559,14.902077737166314,8.891280266824321,13.813674774030437,8.184785456729559
7.07499999997496,0.5998635762971909,0.5823024037896622,0.0,347.950725398372,349.92096151586475,0.011275543517112121,0.027590788438306556,0.0,0.0,1.0,1.0,13.815246125738646,8.180122825340638,14.902077737166334,8.885107910066504,13.815246125738646,8.180122825340638
7.083333333308172,0.5989202204306789,0.581083306154075,0.0,347.61111706805826,349.43332246162987,0.011363732849643638,0.02755917536469808,0.0,0.0,1.0,1.0,13.816831269694339,8.175471663462375,14.90207773716632,8.878939838179564,13.816831269694339,8.175471663462375
7.091666666641384,0.5979697565513875,0.5798729694499646,0.0,347.2689498514986,348.9491877799857,0.0114462249744134,0.02752775357756855,0.0,0.0,1.0,1.0,13.818429353759065,8.170831399229405,14.902077737166326,8.872776048188932,13.818429353759065,8.170831399229405
7.099999999974596,0.5970126424270643,0.5786709677364164,0.0,346.92438854518804,348.4683870945664,0.011523419892179684,0.027496512654680116,0.0,0.0,1.0,1.0,13.820039584493786,8.166201500332315,14.902077737166344,8.866616537122106,13.820039584493786,8.166201500332315
7.108333333307808,0.5960493040881361,0.5774769043905571,0.0,346.5775865201789,347.9907617562227,0.011595680249786201,0.02746544288606945,0.0,0.0,1.0,1.0,13.821661221721365,8.1615814703656,14.902077737166342,8.860461302008648,13.821661221721365,8.1615814703656
7.11666666664102,0.5950801387442256,0.5762904094317693,0.0,346.2286867720273,347.5161637727076,0.011663335908860966,0.02743453520897074,0.0,0.0,1.0,1.0,13.823293573757594,8.156970845623038,14.902077737166344,8.854310339880179,13.823293573757594,8.156970845623038
7.124999999974232,0.5941055173498768,0.5751111371661982,0.0,345.87782284445495,347.0444548664792,0.011726687821670183,0.02740378115056153,0.0,0.0,1.0,1.0,13.824935993208099,8.152369192271436,14.90207773716633,8.848163647770328,13.824935993208099,8.152369192271436
7.133333333307444,0.5931257868718296,0.573938764103897,0.0,345.52511964556845,346.57550564155866,0.011786011338298194,0.027373172777362648,0.0,0.0,1.0,1.0,13.82658787324718,8.147776103846919,14.902077737166337,8.842021222714923,13.82658787324718,8.147776103846919
7.141666666640656,0.592141272300954,0.5727729871093576,0.0,345.1706941721564,346.10919484374296,0.011841559043866764,0.027342702650330626,0.0,0.0,1.0,1.0,13.828248644308909,8.143191199027836,14.902077737166328,8.835883061751696,13.828248644308909,8.143191199027836
7.149999999973868,0.5911522784445853,0.5716135217528594,0.0,344.8146561549298,345.64540870114365,0.011893563204896065,0.02731236378484473,0.0,0.0,1.0,1.0,13.829917771133685,8.138614119645322,14.902077737166323,8.829749161920518,13.829917771133685,8.138614119645322
7.15833333330708,0.5901590915290585,0.5704601008354774,0.0,344.4571086354358,345.18404033419085,0.011942237888640274,0.027282149614924308,0.0,0.0,1.0,1.0,13.831594750122063,8.134044528900336,14.902077737166334,8.823619520263295,13.831594750122063,8.134044528900336
7.1666666666402925,0.5891619806374655,0.5693124730649286,0.0,344.09814848364965,344.7249892259713,0.011987780807289116,0.027252053961117913,0.0,0.0,1.0,1.0,13.833279106955715,8.129482109759573,14.902077737166346,8.817494133824004,13.833279106955715,8.129482109759573
7.174999999973505,0.5881611990037192,0.5681704018630329,0.0,343.7378668638386,344.26816074521304,0.012030374929457834,0.027222071001594614,0.0,0.0,1.0,1.0,13.834970394451414,8.12492656350807,14.902077737166351,8.81137299964864,13.834970394451414,8.12492656350807
7.183333333306717,0.5871569851808176,0.5670336642884519,0.0,343.3763496551371,343.81346571538063,0.012070189893888573,0.02719219524603827,0.0,0.0,1.0,1.0,13.836668190619596,8.120377608439124,14.902077737166355,8.805256114785278,13.836668190619596,8.120377608439124
7.191666666639929,0.5861495640985424,0.5659020500607992,0.0,343.01367783231865,343.36082002431954,0.012107383254251732,0.027162421512005208,0.0,0.0,1.0,1.0,13.838372096902768,8.115834978665005,14.90207773716633,8.799143476284003,13.838372096902768,8.115834978665005
7.199999999973141,0.5851391480236317,0.5647753606742126,0.0,342.6499278114582,342.9101442696849,0.012142101579085404,0.027132744903454867,0.0,0.0,1.0,1.0,13.840081736572868,8.11129842303467,14.902077737166316,8.793035081197026,13.840081736572868,8.11129842303467
7.208333333306353,0.5841259374336368,0.5636534085901532,0.0,342.2851717645206,342.46136343606116,0.012174481426970299,0.027103160791203656,0.0,0.0,1.0,1.0,13.841796753269312,8.10676770414594,14.90207773716632,8.786930926578506,13.841796753269312,8.10676770414594
7.216666666639565,0.5831101218141281,0.5625360165005817,0.0,341.9194779063549,342.0144066002325,0.012204650213827495,0.027073664795086404,0.0,0.0,1.0,1.0,13.843516809662582,8.102242597442338,14.902077737166323,8.780831009484734,13.843516809662582,8.102242597442338
7.224999999972777,0.5820918803876365,0.561423016653863,0.0,341.5529107571139,341.5692066615451,0.012232726986589688,0.027044252767639106,0.0,0.0,1.0,1.0,13.845241586229129,8.097722890384825,14.902077737166321,8.774735326973992,13.845241586229129,8.097722890384825
7.233333333305989,0.5810713827816024,0.5603142502367233,0.0,341.18553138271534,341.1257000946892,0.012258823115325999,0.027014920779140354,0.0,0.0,1.0,1.0,13.846970780126727,8.093208381691124,14.902077737166334,8.768643876106584,13.846970780126727,8.093208381691124
7.241666666639201,0.5800487896416975,0.5592095668064578,0.0,340.81739761563824,340.68382672258304,0.01228304291409937,0.026985665103870324,0.0,0.0,1.0,1.0,13.848704104159134,8.088698880635402,14.902077737166369,8.762556653944914,13.848704104159134,8.088698880635402
7.249999999972413,0.5790242531960758,0.5581088237682882,0.0,340.4485642580532,340.24352950731515,0.012305484199342468,0.02695648220746325,0.0,0.0,1.0,1.0,13.85044128582166,8.084194206402483,14.90207773716638,8.756473657553421,13.85044128582166,8.084194206402483
7.258333333305625,0.5779979177754372,0.5570118858933922,0.0,340.07908326904567,339.8047543573568,0.012326238793284022,0.026927368735244553,0.0,0.0,1.0,1.0,13.852182066419498,8.07969418749107,14.90207773716639,8.750394883998549,13.852182066419498,8.07969418749107
7.266666666638837,0.5769699202932105,0.5559186248736802,0.0,339.70900393748167,339.36744994947196,0.012345392978906071,0.02689832150145717,0.0,0.0,1.0,1.0,13.853926200251909,8.075198661161453,14.902077737166373,8.74432033034878,13.853926200251909,8.075198661161453
7.274999999972049,0.575940390689647,0.5548289189098158,0.0,339.33837304188177,338.9315675639262,0.012363027912032327,0.026869337479292193,0.0,0.0,1.0,1.0,13.855673453855962,8.07070747292351,14.902077737166346,8.73824999367464,13.855673453855962,8.07070747292351
7.2833333333052614,0.5749094523431977,0.5537426523294072,0.0,338.96723499851686,338.4970609317628,0.012379219995395799,0.026840413791648948,0.0,0.0,1.0,1.0,13.85742360530465,8.066220476061307,14.902077737166357,8.732183871048708,13.85742360530465,8.066220476061307
7.2916666666384735,0.5738772224521591,0.5526597152326308,0.0,338.59563199880085,338.0638860930522,0.012394041218897457,0.02681154770255837,0.0,0.0,1.0,1.0,13.859176443554157,8.06173753119117,14.902077737166337,8.726121959545583,13.859176443554157,8.06173753119117
7.299999999971686,0.5728438123892443,0.5515800031628263,0.0,338.2236041369362,337.6320012651304,0.01240755946973202,0.026782736609209778,0.0,0.0,1.0,1.0,13.860931767836314,8.0572585058501,14.902077737166312,8.72006425624187,13.860931767836314,8.0572585058501
7.308333333304898,0.57180932803146,0.5505034167999104,0.0,337.8511895286699,337.2013667199641,0.012419838815585756,0.02675397803452894,0.0,0.0,1.0,1.0,13.862689387092171,8.052783274111956,14.902077737166325,8.714010758216212,13.862689387092171,8.052783274111956
7.31666666663811,0.5707738700674089,0.549429861674632,0.0,337.47842442192217,336.7719446698527,0.012430939763723855,0.02672526962025955,0.0,0.0,1.0,1.0,13.8644491194431,8.048311716229284,14.90207773716632,8.707961462549301,13.8644491194431,8.048311716229284
7.324999999971322,0.5697375342839228,0.5483592479019425,0.0,337.10534329997466,336.34369916077685,0.012440919498434072,0.026696609120506233,0.0,0.0,1.0,1.0,13.866210791696574,8.043843718298486,14.902077737166302,8.701916366323866,13.866210791696574,8.043843718298486
7.333333333304534,0.5687004118337354,0.5472914899318873,0.0,336.73197897783257,335.91659597275475,0.012449832099008164,0.02666799439570061,0.0,0.0,1.0,1.0,13.867974238883813,8.039379171946642,14.902077737166294,8.695875466624631,13.867974238883813,8.039379171946642
7.341666666637746,0.567662589485737,0.546226506316619,0.0,336.35836269231646,335.4906025266475,0.012457728740180186,0.026639423406956356,0.0,0.0,1.0,1.0,13.869739303826542,8.03491797403773,14.902077737166282,8.689838760538345,13.869739303826542,8.03491797403773
7.349999999970958,0.5666241498591995,0.5451642194922443,0.0,335.98452418638345,335.0656877968976,0.01246465787672471,0.026610894210782332,0.0,0.0,1.0,1.0,13.871505836730693,8.030460026397698,14.90207773716631,8.683806245153798,13.871505836730693,8.030460026397698
7.35833333330417,0.5655851716432267,0.5441045555743539,0.0,335.610491788129,334.6418222297415,0.012470665413722649,0.026582404954125827,0.0,0.0,1.0,1.0,13.873273694805183,8.026005235556092,14.902077737166307,8.677777917561768,13.873273694805183,8.026005235556092
7.366666666637382,0.5645457298025665,0.5430474441661832,0.0,335.2362924848798,334.21897766647317,0.01247579486383839,0.026553953869720447,0.0,0.0,1.0,1.0,13.87504274190356,8.021553512503285,14.902077737166305,8.6717537748551,13.87504274190356,8.021553512503285
7.374999999970594,0.5635058957708209,0.5419928181784557,0.0,334.861951992749,333.7971272713821,0.01248008749280214,0.026525539271715866,0.0,0.0,1.0,1.0,13.876812848187187,8.01710477246236,14.90207773716629,8.66573381412862,13.876812848187187,8.01710477246236
7.383333333303806,0.5624657376319839,0.5409406136600488,0.0,334.48749482199037,333.3762454640194,0.012483582454163407,0.026497159551568557,0.0,0.0,1.0,1.0,13.878583889807768,8.012658934674283,14.902077737166314,8.65971803247919,13.878583889807768,8.012658934674283
7.391666666637018,0.5614253202911684,0.539890769638691,0.0,334.11294433845944,332.95630785547627,0.012486316914270554,0.026468813174174485,0.0,0.0,1.0,1.0,13.880355748608858,8.008215922195586,14.902077737166326,8.653706427005666,13.880355748608858,8.008215922195586
7.39999999997023,0.5603847056352942,0.5388432279709685,0.0,333.73832282146174,332.53729118838726,0.012488326168332934,0.02644049867422623,0.0,0.0,1.0,1.0,13.882128311844085,8.00377566170773,14.902077737166366,8.647698994808925,13.882128311844085,8.00377566170773
7.4083333333034425,0.5593439526844505,0.5377979332009994,0.0,333.36365151824293,332.11917328039965,0.012489643748328415,0.026412214652779212,0.0,0.0,1.0,1.0,13.883901471911352,7.9993380833371095,14.902077737166376,8.6416957329919,13.883901471911352,7.9993380833371095
7.4166666666366545,0.5583031177345834,0.5367548324271562,0.0,332.98895069535683,331.70193297086234,0.012490301523452813,0.02638395977401186,0.0,0.0,1.0,1.0,13.885675126101908,7.9949031204853025,14.902077737166367,8.635696638659473,13.885675126101908,7.9949031204853025
7.424999999969867,0.5572622544921029,0.5357138751763044,0.0,332.61423968712324,331.28555007052165,0.012490329793726596,0.0263557327621672,0.0,0.0,1.0,1.0,13.887449176363162,7.99047070966863,14.902077737166382,8.629701708918578,13.887449176363162,7.99047070966863
7.433333333303079,0.556221414200953,0.5346750132850433,0.0,332.239536941374,330.87000531401725,0.012489757377323529,0.026327532398663082,0.0,0.0,1.0,1.0,13.889223529074489,7.986040790366487,14.902077737166373,8.623710940878123,13.889223529074489,7.986040790366487
7.441666666636291,0.5551806457626527,0.5336382007874841,0.0,331.8648600626673,330.45528031499356,0.012488611692127819,0.026299357519360272,0.0,0.0,1.0,1.0,13.890998094835277,7.981613304877973,14.902077737166405,8.617724331649052,13.890998094835277,7.981613304877973
7.449999999969503,0.5541399958497637,0.5326033938091461,0.0,331.49022585313605,330.04135752365835,0.012486918831976987,0.026271207011977927,0.0,0.0,1.0,1.0,13.892772788264084,7.977188198186117,14.902077737166392,8.611741878344342,13.892772788264084,7.977188198186117
7.458333333302715,0.5530995090132107,0.53157055046657,0.0,331.1156503511236,329.62822018662786,0.012484703638007397,0.02624307981364707,0.0,0.0,1.0,1.0,13.894547527808403,7.972765417829398,14.902077737166401,8.605763578078866,13.894547527808403,7.972765417829398
7.466666666635927,0.5520592277838501,0.5305396307722854,0.0,330.74114886774794,329.215852308914,0.012481989765482059,0.026214974908593192,0.0,0.0,1.0,1.0,13.896322235564512,7.968344913779987,14.902077737166397,8.599789427969606,13.896322235564512,7.968344913779987
7.474999999969139,0.5510191927686474,0.5295105965448083,0.0,330.3667360215261,328.80423861792315,0.012478799746440455,0.02618689132594016,0.0,0.0,1.0,1.0,13.898096837106573,7.963926638328295,14.902077737166422,8.593819425135498,13.898096837106573,7.963926638328295
7.483333333302351,0.5499794427417924,0.5284834113233439,0.0,329.9924257711754,328.3933645293374,0.01247515504848468,0.02615882813762776,0.0,0.0,1.0,1.0,13.899871261324552,7.959510545973575,14.90207773716642,8.587853566697529,13.899871261324552,7.959510545973575
7.491666666635563,0.5489400147310739,0.5274580402869183,0.0,329.6182314467084,327.98321611476723,0.012471076129988514,0.026130784456436067,0.0,0.0,1.0,1.0,13.901645440270276,7.9550965933200715,14.902077737166412,8.581891849778609,13.901645440270276,7.9550965933200715
7.499999999968775,0.5479009440997862,0.5264344501776638,0.0,329.24416577891924,327.57378007106536,0.012466582491987751,0.026102759434110043,0.0,0.0,1.0,1.0,13.903419309011595,7.950684738978497,14.902077737166412,8.575934271503685,13.903419309011595,7.950684738978497
7.508333333301987,0.5468622646244514,0.5254126092280201,0.0,328.8702409273637,327.165043691208,0.012461692726990894,0.02607475225957881,0.0,0.0,1.0,1.0,13.905192805493249,7.9462749434723685,14.902077737166405,8.56998082899969,13.905192805493249,7.9462749434723685
7.516666666635199,0.5458240085685854,0.5243924870916175,0.0,328.4964685069148,326.75699483664687,0.012456424564925767,0.02604676215726371,0.0,0.0,1.0,1.0,13.906965870405278,7.941867169149237,14.902077737166417,8.564031519395561,13.906965870405278,7.941867169149237
7.524999999968411,0.5447862067527542,0.5233740547776262,0.0,328.1228596129837,326.34962191105035,0.012450794916425199,0.026018788385470212,0.0,0.0,1.0,1.0,13.90873844705749,7.937461380096112,14.902077737166413,8.558086339822244,13.90873844705749,7.937461380096112
7.5333333333016235,0.5437488886211255,0.522357284588375,0.0,327.7494248454774,325.94291383534994,0.01244481991363274,0.025990830234858736,0.0,0.0,1.0,1.0,13.910510481260394,7.933057542059173,14.902077737166428,8.552145287412653,13.910510481260394,7.933057542059173
7.5416666666348355,0.5427120823047185,0.5213421500600574,0.0,327.3761743315695,325.5368600240228,0.012438514948696341,0.025962887026990164,0.0,0.0,1.0,1.0,13.912281921211544,7.928655622367445,14.902077737166394,8.546208359301692,13.912281921211544,7.928655622367445
7.549999999968048,0.5416758146815357,0.5203286259063444,0.0,327.0031177473469,325.13145036253763,0.01243189471010623,0.025934958112941643,0.0,0.0,1.0,1.0,13.914052717387781,7.924255589860143,14.902077737166374,8.540275552626229,13.914052717387781,7.924255589860143
7.55833333330126,0.5406401114337535,0.5193166879647542,0.0,326.6302643383992,324.7266751859015,0.012424973217017663,0.025907042871989028,0.0,0.0,1.0,1.0,13.915822822442378,7.919857414817572,14.902077737166364,8.53434686452517,13.915822822442378,7.919857414817572
7.566666666634472,0.5396049971021304,0.5183063131456129,0.0,326.25762293940505,324.32252525824504,0.012417763851692772,0.025879140710352074,0.0,0.0,1.0,1.0,13.917592191107143,7.915461068895268,14.902077737166387,8.528422292139393,13.917592191107143,7.915461068895268
7.574999999967684,0.5385704951377883,0.517297479383478,0.0,325.8852019927739,323.9189917533911,0.01241027939017985,0.02585125105999923,0.0,0.0,1.0,1.0,13.91936078009915,7.911066525061385,14.902077737166374,8.522501832611782,13.91936078009915,7.911066525061385
7.583333333300896,0.537536627951503,0.5162901655908884,0.0,325.51300956639005,323.5160662363552,0.01240253203134213,0.02582337337750879,0.0,0.0,1.0,1.0,13.921128548032087,7.906673757537106,14.902077737166376,8.516585483087129,13.921128548032087,7.906673757537106
7.591666666634108,0.5365034169606472,0.5152843516143129,0.0,325.14105337051274,323.113740645725,0.012394533424343459,0.025795507142983308,0.0,0.0,1.0,1.0,13.922895455331508,7.902282741739755,14.902077737166376,8.510673240712293,13.922895455331508,7.902282741739755
7.59999999996732,0.5354708826338967,0.5142800181921835,0.0,324.76934077387,322.7120072768733,0.01238629469468243,0.02576765185901454,0.0,0.0,1.0,1.0,13.924661464153951,7.897893454228705,14.902077737166337,8.50476510263604,13.924661464153951,7.897893454228705
7.608333333300532,0.5344390445338322,0.5132771469149146,0.0,324.3978788189953,322.3108587659657,0.012377826468864227,0.025739807049696577,0.0,0.0,1.0,1.0,13.926426538310213,7.893505872653711,14.902077737166314,8.49886106600915,13.926426538310213,7.893505872653711
7.616666666633744,0.5334079213575328,0.5122757201867824,0.0,324.02667423684164,321.91028807471287,0.012369138897796979,0.025711972259684107,0.0,0.0,1.0,1.0,13.928190643191982,7.889119975705798,14.902077737166286,8.492961127984433,13.928190643191982,7.889119975705798
7.624999999966956,0.5323775309752741,0.5112757211895933,0.0,323.6557334607122,321.5102884758372,0.01236024167898276,0.02568414705329412,0.0,0.0,1.0,1.0,13.929953745701503,7.884735743070297,14.902077737166284,8.4870652857166,13.929953745701503,7.884735743070297
7.633333333300168,0.5313478904674237,0.5102771338480347,0.0,323.28506263954336,321.1108535392138,0.01235114407758023,0.025656331013648434,0.0,0.0,1.0,1.0,13.931715814185218,7.880353155382189,14.902077737166277,8.481173536362368,13.931715814185218,7.880353155382189
7.64166666663338,0.5303190161596276,0.5092799427966287,0.0,322.9146676505714,320.71197711865136,0.012341854946400756,0.025628523741855248,0.0,0.0,1.0,1.0,13.93347681836958,7.8759721941835,14.902077737166277,8.475285877080394,13.93347681836958,7.8759721941835
7.649999999966592,0.5292909236563701,0.5082841333482077,0.0,322.54455411141436,320.31365333928295,0.012332382744902034,0.025600724856227695,0.0,0.0,1.0,1.0,13.935236729300401,7.871592841882461,14.902077737166278,8.469402305031377,13.935236729300401,7.871592841882461
7.6583333332998045,0.5282636278729936,0.507289691463834,0.0,322.1747273915989,319.91587658553345,0.012322735557236631,0.025572933991537462,0.0,0.0,1.0,1.0,13.93699551928479,7.867215081714827,14.902077737166303,8.463522817377909,13.93699551928479,7.867215081714827
7.6666666666330165,0.5272371430662504,0.5062966037240976,0.0,321.80519262355904,319.51864148963887,0.012312921109406709,0.02554515079830209,0.0,0.0,1.0,1.0,13.938753161835596,7.862838897706767,14.90207773716632,8.4576474112846,13.938753161835596,7.862838897706767
7.674999999966229,0.5262114828634602,0.5053048573017184,0.0,321.43595471313324,319.1219429206873,0.012302946785577792,0.025517374942103932,0.0,0.0,1.0,1.0,13.94050963161856,7.858464274639597,14.902077737166332,8.451776083918018,13.94050963161856,7.858464274639597
7.683333333299441,0.5251866602903438,0.5043144399353913,0.0,321.0670183495839,318.72577597415636,0.012292819643597066,0.025489606102939488,0.0,0.0,1.0,1.0,13.942264904401368,7.854091198015917,14.902077737166344,8.445908832446746,13.942264904401368,7.854091198015917
7.691666666632653,0.5241626877975926,0.5033253399048147,0.0,320.6983880151628,318.33013596192575,0.012282546429759258,0.02546184397459762,0.0,0.0,1.0,1.0,13.944018957005914,7.849719654027505,14.902077737166346,8.440045654041208,13.944018957005914,7.849719654027505
7.699999999965865,0.5231395772862395,0.5023375460068449,0.0,320.3300679942446,317.93501840273785,0.012272133592862383,0.025434088264065187,0.0,0.0,1.0,1.0,13.945771767261546,7.845349629524485,14.902077737166351,8.434186545873912,13.945771767261546,7.845349629524485
7.708333333299077,0.5221173401318866,0.5013510475327249,0.0,319.96206238204854,317.54041901308983,0.012261587297589836,0.02540633869095898,0.0,0.0,1.0,1.0,13.947523313961307,7.84098111198601,14.902077737166353,8.428331505119276,13.947523313961307,7.84098111198601
7.716666666632289,0.5210959872078427,0.5003658342463316,0.0,319.5943750929684,317.14633369853254,0.012250913437256233,0.025378594986982573,0.0,0.0,1.0,1.0,13.949273576819625,7.836614089492229,14.902077737166357,8.422480528953674,13.949273576819625,7.836614089492229
7.724999999965501,0.5200755289072275,0.49938189636339736,0.0,319.22700986852976,316.7527585453588,0.01224011764595071,0.02535085689540694,0.0,0.0,1.0,1.0,13.951022536432102,7.832248550697429,14.902077737166362,8.416633614555469,13.951022536432102,7.832248550697429
7.733333333298713,0.5190559751640854,0.4983992245316568,0.0,318.8599702849908,316.3596898126626,0.012229205310108219,0.025323124170573794,0.0,0.0,1.0,1.0,13.952770174236898,7.827884484804556,14.90207773716635,8.410790759104943,13.952770174236898,7.827884484804556
7.741666666631925,0.5180373354735581,0.49741780981187916,0.0,318.49325976060476,315.96712392475155,0.012218181579539196,0.02529539657742058,0.0,0.0,1.0,1.0,13.954516472478021,7.82352188154069,14.902077737166342,8.404951959784405,13.954516472478021,7.82352188154069
7.749999999965137,0.517019618911161,0.49643764365974574,0.0,318.1268815625592,315.5750574638982,0.012207051377944268,0.025267673891026243,0.0,0.0,1.0,1.0,13.956261414170102,7.8191607311336995,14.902077737166366,8.399117213778041,13.956261414170102,7.8191607311336995
7.758333333298349,0.5160028341512022,0.49545871790852275,0.0,317.7608388136072,315.183487163409,0.012195819412943752,0.025239955896176433,0.0,0.0,1.0,1.0,13.95800498306483,7.8148010242900945,14.902077737166376,8.393286518272035,13.95800498306483,7.8148010242900945
7.766666666631561,0.5149869894843876,0.4944810247525095,0.0,317.3951344984048,314.7924099010037,0.012184490185641944,0.025212242386947845,0.0,0.0,1.0,1.0,13.959747163618657,7.810442752173487,14.902077737166389,8.38745987045454,13.959747163618657,7.810442752173487
7.774999999964773,0.5139720928346445,0.49350455673121263,0.0,317.0297714695675,314.4018226924849,0.01217306799975258,0.025184533166310325,0.0,0.0,1.0,1.0,13.961487940962067,7.806085906384391,14.902077737166376,8.381637267515595,13.961487940962067,7.806085906384391
7.7833333332979855,0.5129581517752051,0.49252930671422007,0.0,316.6647524534607,314.0117226856879,0.012161556970306572,0.025156828045746246,0.0,0.0,1.0,1.0,13.963227300870349,7.801730478940715,14.902077737166385,8.375818706647282,13.963227300870349,7.801730478940715
7.791666666631198,0.5119451735439791,0.4915552678867392,0.0,316.3000800557336,313.6221071546955,0.012149961031963174,0.025129126844886218,0.0,0.0,1.0,1.0,13.964965229735167,7.797376462259144,14.902077737166405,8.370004185043541,13.964965229735167,7.797376462259144
7.79999999996441,0.5109331650582513,0.4905824337357724,0.0,315.9357567666104,313.23297349430885,0.012138283946942913,0.02510142939116048,0.0,0.0,1.0,1.0,13.966701714537948,7.793023849137392,14.902077737166437,8.364193699900312,13.966701714537948,7.793023849137392
7.808333333297622,0.5099221329287312,0.4896107980368998,0.0,315.5717849659479,312.8443192147598,0.012126529312601473,0.025073735519465304,0.0,0.0,1.0,1.0,13.968436742823993,7.788672632737211,14.90207773716641,8.35838724841548,13.968436742823993,7.788672632737211
7.816666666630834,0.508912083472989,0.4886403548416394,0.0,315.208166928073,312.4561419366556,0.012114700568662883,0.025046045071843645,0.0,0.0,1.0,1.0,13.97017030267789,7.784322806568207,14.902077737166412,8.352584827788874,13.97017030267789,7.784322806568207
7.824999999964046,0.5079030227282982,0.4876710984653637,0.0,314.84490482640547,312.06843938614537,0.012102801004126211,0.02501835789717949,0.0,0.0,1.0,1.0,13.97190238270013,7.7799743644722135,14.90207773716641,8.34678643522222,13.97190238270013,7.7799743644722135
7.833333333297258,0.50689495646392,0.48670302347574107,0.0,314.48200073788064,311.6812093902963,0.012090833763864018,0.024990673850905264,0.0,0.0,1.0,1.0,13.973632971984351,7.775627300608618,14.902077737166397,8.340992067919261,13.973632971984351,7.775627300608618
7.84166666663047,0.5058878901928476,0.4857361246816877,0.0,314.1194566471774,311.29444987267493,0.012078801854924784,0.024962992794721812,0.0,0.0,1.0,1.0,13.975362060095987,7.771281609440033,14.9020777371664,8.335201723085634,13.975362060095987,7.771281609440033
7.849999999963682,0.5048818291830384,0.4847703971227972,0.0,313.75727445076154,310.90815884911876,0.012066708152555249,0.024935314596330232,0.0,0.0,1.0,1.0,13.977089637051622,7.766937285718796,14.902077737166403,8.329415397928926,13.977089637051622,7.766937285718796
7.858333333296894,0.5038767784681528,0.4838058360592335,0.0,313.39545596075214,310.5223344236933,0.01205455540595442,0.024907639129175176,0.0,0.0,1.0,1.0,13.978815693299266,7.762594324474135,14.90207773716639,8.32363308965864,13.978815693299266,7.762594324474135
7.866666666630106,0.5028727428578303,0.48284243696206347,0.0,313.03400290862044,310.13697478482527,0.012042346243773807,0.024879966272199107,0.0,0.0,1.0,1.0,13.980540219699577,7.758252720999587,14.902077737166394,8.317854795486289,13.980540219699577,7.758252720999587
7.874999999963318,0.5018697269475105,0.48188019550401634,0.0,312.67291694872563,309.7520782016064,0.01203008317937139,0.02485229590960714,0.0,0.0,1.0,1.0,13.982263207507765,7.753912470841327,14.902077737166378,8.312080512625226,13.982263207507765,7.753912470841327
7.88333333329653,0.5008677351278312,0.4809191075506334,0.0,312.3121996616985,309.36764302025324,0.012017768615838486,0.024824627930641538,0.0,0.0,1.0,1.0,13.983984648356257,7.7495735697867,14.902077737166342,8.30631023829079,13.983984648356257,7.7495735697867
7.891666666629742,0.4998630481050804,0.47996251981342075,0.0,311.9505121009418,308.9850079253682,0.012338026943334293,0.024797057651923058,0.0,0.0,1.0,1.0,13.985710930754694,7.745239890043294,14.902077737166362,8.300543969700303,13.985710930754694,7.745239890043294
7.899999999962954,0.4988397066242042,0.47902476501719016,0.0,311.5821089309418,308.6099060068759,0.012223386554046376,0.024770001925502553,0.0,0.0,1.0,1.0,13.987469376669033,7.740927969610189,14.902077737166334,8.294781704072902,13.987469376669033,7.740927969610189
7.9083333332961665,0.4978257167113874,0.47808063109704185,0.0,311.21707232760787,308.23225243881666,0.01211352704666452,0.024742732243466212,0.0,0.0,1.0,1.0,13.989211841471908,7.736608632438762,14.902077737166334,8.289023438629753,13.989211841471908,7.736608632438762
7.916666666629379,0.49682069137723894,0.47713048201716945,0.0,310.85526297466964,307.85219280686766,0.012008177304395923,0.02471525842870473,0.0,0.0,1.0,1.0,13.990939040918498,7.732282330451842,14.902077737166323,8.283269170593902,13.990939040918498,7.732282330451842
7.924999999962591,0.49582426572731453,0.4761746611407448,0.0,310.49654951004277,307.46986445629784,0.011907078105166795,0.024687589745870427,0.0,0.0,1.0,1.0,13.992651649285596,7.727949489277286,14.90207773716635,8.277518897190337,13.992651649285596,7.727949489277286
7.933333333295803,0.49483609597663525,0.4752134921577915,0.0,310.14080817105526,307.0853968631165,0.011809981976199568,0.024659734925924062,0.0,0.0,1.0,1.0,13.994350301372876,7.723610509545533,14.902077737166335,8.271772615645968,13.994350301372876,7.723610509545533
7.941666666629015,0.4938558584782696,0.474247279998576,0.0,309.7879224447368,306.69891199943027,0.011716653002892107,0.024631702190329886,0.0,0.0,1.0,1.0,13.996035594451175,7.719265768150154,14.90207773716635,8.266030323189652,13.996035594451175,7.719265768150154
7.949999999962227,0.4928832487695769,0.47327631172930673,0.0,309.4377827244663,306.31052469172255,0.011626866597104721,0.024603499274813267,0.0,0.0,1.0,1.0,13.997708090154152,7.714915619469031,14.90207773716633,8.26029201705208,13.997708090154152,7.714915619469031
7.958333333295439,0.4919179806392724,0.4723008574273248,0.0,309.0902859741149,305.9203429709298,0.011540409230076694,0.024575133452605116,0.0,0.0,1.0,1.0,13.999368316310184,7.710560396544727,14.90207773716632,8.254557694466019,13.999368316310184,7.710560396544727
7.966666666628651,0.49095978521805017,0.4713211710333771,0.0,308.74533540067046,305.52846841335077,0.011457078135180373,0.02454661155710731,0.0,0.0,1.0,1.0,14.001016768712535,7.706200412222767,14.902077737166316,8.248827352666028,14.001016768712535,7.706200412222767
7.974999999961863,0.4900084100950556,0.4703374911789442,0.0,308.4028401361667,305.13499647157755,0.011376680985595227,0.02451794000392336,0.0,0.0,1.0,1.0,14.002653912825492,7.701835960247019,14.902077737166316,8.243100988888648,14.002653912825492,7.701835960247019
7.983333333295075,0.489063618462098,0.4693500419869776,0.0,308.06271492960013,304.7400167947909,0.011299035551775952,0.024489124812208374,0.0,0.0,1.0,1.0,14.004280185424957,7.697467316311031,14.902077737166316,8.23737860037233,14.004280185424957,7.697467316311031
7.991666666628287,0.48812518828709217,0.4683590338447568,0.0,307.7248798493689,304.34361353790257,0.011223969343307693,0.024460171625301428,0.0,0.0,1.0,1.0,14.005895996173209,7.69309473906576,14.902077737166316,8.231660184357425,14.005895996173209,7.69309473906576
7.999999999961499,0.48719291151784494,0.4673646641479124,0.0,307.3892599966351,303.94586565916484,0.011151319239412726,0.02443108573061262,0.0,0.0,1.0,1.0,14.007501729126915,7.688718471082781,14.902077737166316,8.225945738086205,14.007501729126915,7.688718471082781
8.008333333294711,0.48626659331697264,0.4663671180149729,0.0,307.0557852298955,303.546847205989,0.011080931112015163,0.02440187207874512,0.0,0.0,1.0,1.0,14.00909774417855,7.684338739774218,14.902077737166316,8.220235258802873,14.00909774417855,7.684338739774218
8.016666666627923,0.4853460513284163,0.4653665689720664,0.0,306.7243899009268,303.14662758882645,0.011012659444889602,0.02437253530183989,0.0,0.0,1.0,1.0,14.010684378432,7.679955758269003,14.902077737166316,8.214528743753506,14.010684378432,7.679955758269003
8.024999999961135,0.48443111497574476,0.4643631796076677,0.0,306.39501260217423,302.745271843067,0.010946366952034312,0.024343079731137782,0.0,0.0,1.0,1.0,14.012261947512776,7.675569726246555,14.902077737166316,8.208826190186137,14.012261947512776,7.675569726246555
8.033333333294348,0.4835216247921983,0.4633571021974905,0.0,306.0675959255674,302.34284087899607,0.010881924198034049,0.02431350941375928,0.0,0.0,1.0,1.0,14.013830746814236,7.671180830728773,14.902077737166316,8.20312759535072,14.013830746814236,7.671180830728773
8.04166666662756,0.48261743178219885,0.4623484792998277,0.0,305.7420862326636,301.939391719931,0.010819209222802008,0.024283828128707826,0.0,0.0,1.0,1.0,14.015391052680938,7.666789246831339,14.902077737166316,8.197432956499053,14.015391052680938,7.666789246831339
8.049999999960772,0.48171839681387585,0.4613374443218149,0.0,305.4184334359574,301.53497772872583,0.010758107172741376,0.0242540394021073,0.0,0.0,1.0,1.0,14.016943123530865,7.662395138475158,14.902077737166316,8.191742270884884,14.016943123530865,7.662395138475158
8.058333333293984,0.4808243900420026,0.4603241220572013,0.0,305.09659079113703,301.1296488228804,0.010698509940041944,0.024224146521687362,0.0,0.0,1.0,1.0,14.018487200918667,7.6579986590598725,14.902077737166316,8.186055535763874,14.018487200918667,7.6579986590598725
8.066666666627196,0.47993529036059646,0.45930862919636567,0.0,304.7765147000207,300.72345167854616,0.010640315811513522,0.024194152550534535,0.0,0.0,1.0,1.0,14.020023510541135,7.653599952099998,14.902077737166316,8.180372748393564,14.020023510541135,7.653599952099998
8.074999999960408,0.4790509848843483,0.4582910748093877,0.0,304.458164523871,300.316429923755,0.010583429128086701,0.02416406034012905,0.0,0.0,1.0,1.0,14.021552263187727,7.64919915182593,14.902077737166316,8.174693906033431,14.021552263187727,7.64919915182593
8.08333333329362,0.478171368457945,0.4572715608030547,0.0,304.14150240675093,299.90862432122174,0.010527759955856463,0.024133872542689578,0.0,0.0,1.0,1.0,14.023073655637644,7.644796383750327,14.902077737166316,8.169019005944824,14.023073655637644,7.644796383750327
8.091666666626832,0.4772963431923052,0.4562501823527555,0.0,303.82649310856846,299.5000729411021,0.010473223769321248,0.024103591622849772,0.0,0.0,1.0,1.0,14.024587871506101,7.640391765202252,14.902077737166316,8.163348045390993,14.024587871506101,7.640391765202252
8.099999999960044,0.47642581802667905,0.4552270283102393,0.0,303.5131038474326,299.0908113240956,0.0104197411472681,0.0240732198686918,0.0,0.0,1.0,1.0,14.026095082042117,7.635985405829922,14.902077737166314,8.157681021637138,14.026095082042117,7.635985405829922
8.108333333293256,0.47555970831555566,0.45420218158824355,0.0,303.2013041509398,298.6808726352973,0.010367237481586633,0.02404275940216241,0.0,0.0,1.0,1.0,14.027595446879262,7.631577408073757,14.902077737166312,8.15201793195025,14.027595446879262,7.631577408073757
8.116666666626468,0.4746979354392901,0.45317571952301555,0.0,302.89106571599973,298.27028780920614,0.01031564269913962,0.0240122121888982,0.0,0.0,1.0,1.0,14.029089114742499,7.627167867611278,14.902077737166314,8.146358773599358,14.029089114742499,7.627167867611278
8.12499999995968,0.4738404264373604,0.45214771421575883,0.0,302.5823622768076,297.8590856863034,0.010264890996689926,0.023981580047486694,0.0,0.0,1.0,1.0,14.030576224112972,7.622756873775037,14.902077737166318,8.140703543855281,14.030576224112972,7.622756873775037
8.133333333292892,0.4729871136631728,0.451118232853999,0.0,302.27516948057394,297.4472931415995,0.01021492058878176,0.023950864658189193,0.0,0.0,1.0,1.0,14.032056903852736,7.618344509945321,14.902077737166321,8.135052239990753,14.032056903852736,7.618344509945321
8.141666666626104,0.47213793445934105,0.4500873380138987,0.0,301.9694647706253,297.03493520555935,0.01016567346837391,0.02392006757115238,0.0,0.0,1.0,1.0,14.033531273791477,7.613930853918659,14.902077737166318,8.129404859280434,14.033531273791477,7.613930853918659
8.149999999959316,0.47129283085238893,0.4490550879444893,0.0,301.6652272764967,296.6220351777956,0.010117095179957427,0.02388919021413387,0.0,0.0,1.0,1.0,14.034999445278006,7.6095159782537545,14.902077737166314,8.123761399000863,14.034999445278006,7.6095159782537545
8.158333333292529,0.47045174926585026,0.4480215368347841,0.0,301.36243771064795,296.2086147339135,0.010069134604827258,0.023858233899767288,0.0,0.0,1.0,1.0,14.036461521697303,7.605099950595817,14.902077737166321,8.118121856430479,14.036461521697303,7.605099950595817
8.16666666662574,0.46961464025076605,0.4469867350647082,0.0,301.0610782714424,295.79469402588313,0.010021743758129538,0.02382719983239138,0.0,0.0,1.0,1.0,14.037917598956083,7.600682833980862,14.902077737166318,8.112486228849534,14.037917598956083,7.600682833980862
8.174999999958953,0.4687814582326183,0.44595072944073066,0.0,300.76113255204297,295.38029177629215,0.00997487759727598,0.02379608911446658,0.0,0.0,1.0,1.0,14.039367765937923,7.596264687120774,14.90207773716631,8.10685451354028,14.039367765937923,7.596264687120774
8.183333333292165,0.46795216127376715,0.44491356341708843,0.0,300.4625854548897,294.96542536683523,0.009928493841282464,0.023764902752602683,0.0,0.0,1.0,1.0,14.040812104930732,7.59184556467068,14.902077737166309,8.101226707786816,14.040812104930732,7.59184556467068
8.191666666625377,0.4671267108505036,0.44387527730341114,0.0,300.1654231114383,294.5501109213643,0.00988255280058137,0.023733641663218966,0.0,0.0,1.0,1.0,14.042250692026675,7.587425517479312,14.902077737166326,8.095602808875102,14.042250692026675,7.587425517479312
8.199999999958589,0.4663050716438636,0.4428359084595485,0.0,299.86963280685364,294.1343633838193,0.009837017216840573,0.023702306677858137,0.0,0.0,1.0,1.0,14.043683597497768,7.583004592823693,14.90207773716634,8.089982814092979,14.043683597497768,7.583004592823693
8.208333333291801,0.46548721134338594,0.44179549147836744,0.0,299.5752029093622,293.7181965913469,0.00979185211231725,0.02367089854817451,0.0,0.0,1.0,1.0,14.04511088614731,7.578582834628837,14.902077737166332,8.084366720730175,14.04511088614731,7.578582834628837
8.216666666625013,0.46467310046304483,0.44075405835722586,0.0,299.2821228039878,293.30162334289025,0.009747024648280304,0.02363941795061527,0.0,0.0,1.0,1.0,14.046532617639922,7.574160283673531,14.902077737166309,8.078754526078349,14.046532617639922,7.574160283673531
8.224999999958225,0.4638627121686152,0.43971163865881624,0.0,298.99038283040323,292.88465546352637,0.009702503992034782,0.02360786549081338,0.0,0.0,1.0,1.0,14.047948846810154,7.569736977783334,14.902077737166312,8.073146227430964,14.047948846810154,7.569736977783334
8.233333333291437,0.46305602211577723,0.43866825966202594,0.0,298.69997422464775,292.4673038648102,0.009658261192092649,0.023576241707709264,0.0,0.0,1.0,1.0,14.049359623952101,7.565312952010907,14.902077737166323,8.067541822083417,14.049359623952101,7.565312952010907
8.24166666662465,0.4622530082982981,0.4376239465034296,0.0,298.4108890644724,292.04957860137176,0.00961426906104318,0.023544547077417998,0.0,0.0,1.0,1.0,14.050764995090322,7.560888238804954,14.902077737166339,8.061941307332983,14.050764995090322,7.560888238804954
8.249999999957861,0.4614536509056669,0.43657872230999256,0.0,298.1231202180888,291.6314889239969,0.00957050206569016,0.023512782016857282,0.0,0.0,1.0,1.0,14.052165002234148,7.556462868168867,14.90207773716634,8.056344680478782,14.052165002234148,7.556462868168867
8.258333333291073,0.46065793218959666,0.4355326083235277,0.0,297.83666129610936,291.213043329411,0.009526936224037521,0.02348094688715093,0.0,0.0,1.0,1.0,14.053559683615388,7.552036867808582,14.902077737166358,8.050751938821827,14.053559683615388,7.552036867808582
8.266666666624285,0.45986583633883776,0.4344856240174271,0.0,297.55150660648064,290.7942496069707,0.00948354900871911,0.023449041996821754,0.0,0.0,1.0,1.0,14.054949073911665,7.547610263271595,14.902077737166357,8.045163079664992,14.054949073911665,7.547610263271595
8.274999999957497,0.4590773493617842,0.43343778720614895,0.0,297.2676511122212,290.37511488245946,0.009440319256485865,0.0234170676047868,0.0,0.0,1.0,1.0,14.056333204454894,7.543183078076864,14.902077737166355,8.03957810031305,14.056333204454894,7.543183078076864
8.28333333329071,0.4582924589763813,0.43238911414791176,0.0,296.9850903917886,289.9556456591646,0.009397227083380075,0.023385023923167193,0.0,0.0,1.0,1.0,14.057712103427285,7.5387553338364555,14.902077737166351,8.033996998072606,14.057712103427285,7.5387553338364555
8.291666666623922,0.4575111545068773,0.4313396196410292,0.0,296.7038206019096,289.5358478564116,0.009354253805242133,0.023352911119924023,0.0,0.0,1.0,1.0,14.05908579604454,7.534327050369621,14.902077737166353,8.028419770252158,14.05908579604454,7.534327050369621
8.299999999957134,0.4567334267869881,0.4302893171142801,0.0,296.42383844271995,289.11572684571195,0.009311381863214264,0.023320729321331217,0.0,0.0,1.0,1.0,14.060454304727502,7.529898245809322,14.902077737166362,8.022846414162082,14.060454304727502,7.529898245809322
8.308333333290346,0.45595926806907294,0.42923821871168855,0.0,296.1451411250671,288.6952874846753,0.009268594753920832,0.023288478614295182,0.0,0.0,1.0,1.0,14.06181764926312,7.52546893670236,14.902077737166362,8.017276927114617,14.06181764926312,7.52546893670236
8.316666666623558,0.4551886719389422,0.42818633537206496,0.0,295.8677263398413,288.27453414882586,0.009225876964021537,0.02325615904853093,0.0,0.0,1.0,1.0,14.063175846955222,7.521039138102788,14.902077737166364,8.011711306423853,14.063175846955222,7.521039138102788
8.32499999995677,0.45442163323594764,0.427133676903639,0.0,295.591592229208,287.85347076145547,0.009183213908850055,0.02322377063860349,0.0,0.0,1.0,1.0,14.064528912765505,7.516608863659666,14.902077737166367,8.006149549405741,14.064528912765505,7.516608863659666
8.333333333289982,0.4536581479780242,0.4260802520540847,0.0,295.31673735962283,287.43210082163375,0.00914059187486676,0.023191313365842688,0.0,0.0,1.0,1.0,14.065876859445796,7.512178125698923,14.902077737166366,8.000591653378109,14.065876859445796,7.512178125698923
8.341666666623194,0.4528982132913773,0.4250260685762249,0.0,295.0431606965192,287.0104274304898,0.009097997965668044,0.0231587871801391,0.0,0.0,1.0,1.0,14.067219697662063,7.507746935300266,14.902077737166369,7.995037615660661,14.067219697662063,7.507746935300266
8.349999999956406,0.45214182734452835,0.42397113328968594,0.0,294.7708615805642,286.5884533158743,0.009055420051309217,0.023126192001628524,0.0,0.0,1.0,1.0,14.068557436110199,7.503315302369148,14.902077737166378,7.989487433574939,14.068557436110199,7.503315302369148
8.358333333289618,0.4513889892864546,0.4229154521387444,0.0,294.4998397053896,286.1661808554976,0.009012846720713192,0.023093527722271284,0.0,0.0,1.0,1.0,14.069890081624484,7.4988832357039925,14.902077737166376,7.9839411044443445,14.069890081624484,7.4988832357039925
8.36666666662283,0.4506396991885711,0.42185903024659627,0.0,294.23009509670476,285.7436120986384,0.008970267236947771,0.023060794207332896,0.0,0.0,1.0,1.0,14.0712176392794,7.494450743059054,14.902077737166383,7.978398625594137,14.0712176392794,7.494450743059054
8.374999999956042,0.4498939579903294,0.420801871966271,0.0,293.96162809271243,285.32074878650826,0.00892767149516863,0.023027991296771737,0.0,0.0,1.0,1.0,14.072540112484553,7.490017831203587,14.90207773716639,7.972859994351442,14.072540112484553,7.490017831203587
8.383333333289254,0.44915176744821333,0.4197439809283819,0.0,293.6944393257473,284.89759237135263,0.008885049983034972,0.022995118806539136,0.0,0.0,1.0,1.0,14.073857503073587,7.485584505976777,14.902077737166385,7.967325208045245,14.073857503073587,7.485584505976777
8.391666666622466,0.4484131300879399,0.4186853600859012,0.0,293.428529705068,284.4741440343604,0.008842393743417921,0.02296217652979677,0.0,0.0,1.0,1.0,14.075169811387314,7.481150772339215,14.902077737166389,7.961794264006378,14.075169811387314,7.481150772339215
8.399999999955678,0.4476780491596744,0.4176260117561321,0.0,293.1639004007348,284.05040470245274,0.008799694339228968,0.022929164238056084,0.0,0.0,1.0,1.0,14.076477036351422,7.476716634421166,14.902077737166376,7.956267159567508,14.076477036351422,7.476716634421166
8.40833333328889,0.4469465285960967,0.4165659376600309,0.0,292.90055282851336,283.6263750640122,0.008756943820208647,0.022896081682243725,0.0,0.0,1.0,1.0,14.077779175548843,7.47228209556743,14.902077737166396,7.950743892063209,14.077779175548843,7.47228209556743
8.416666666622103,0.44621857297315615,0.4155051389590345,0.0,292.6384886357465,283.2020555836137,0.0087141346915207,0.022862928593697245,0.0,0.0,1.0,1.0,14.079076225287428,7.467847158379255,14.902077737166394,7.945224458829824,14.079076225287428,7.467847158379255
8.424999999955315,0.4454941874733746,0.41444361628952214,0.0,292.37770968814334,282.7774465158087,0.008671259884008322,0.02282970468509435,0.0,0.0,1.0,1.0,14.080368180662816,7.46341182475337,14.90207773716638,7.939708857205623,14.080368180662816,7.46341182475337
8.433333333288527,0.444773377851563,0.41338136979503687,0.0,292.11821805743705,282.35254791801464,0.008628312725974537,0.02279640965131912,0.0,0.0,1.0,1.0,14.081655035617043,7.458976095918353,14.902077737166369,7.934197084530657,14.081655035617043,7.458976095918353
8.441666666621739,0.4440561504028301,0.412318399156379,0.0,291.86001600986833,281.92735966255145,0.00858528691635638,0.022763043170268095,0.0,0.0,1.0,1.0,14.082936782993114,7.454539972468571,14.902077737166366,7.9286891381469,14.082936782993114,7.454539972468571
8.44999999995495,0.4433425119327744,0.4112547036196835,0.0,291.6031059954542,281.5018814478733,0.008542176499167761,0.0227296049035991,0.0,0.0,1.0,1.0,14.08421341458502,7.450103454395333,14.902077737166323,7.923185015398087,14.08421341458502,7.450103454395333
8.458333333288163,0.44263246972975356,0.4101902820225663,0.0,291.34749063800507,281.0761128090264,0.008498975839092038,0.022696094497425087,0.0,0.0,1.0,1.0,14.085484921184767,7.445666541116108,14.902077737166334,7.91768471362989,14.085484921184767,7.445666541116108
8.466666666621375,0.4419260315391478,0.4091251328184272,0.0,291.09317272585963,280.65005312737077,0.008455679598110796,0.022662511582955118,0.0,0.0,1.0,1.0,14.086751292625138,7.4412292315012545,14.902077737166337,7.91218823018972,14.086751292625138,7.4412292315012545
8.474999999954587,0.4412232055395283,0.40805925409899585,0.0,290.8401552033054,280.22370163959823,0.008412282713056617,0.02262885577708474,0.0,0.0,1.0,1.0,14.088012517819305,7.4367915238987425,14.902077737166316,7.906695562426894,14.088012517819305,7.4367915238987425
8.4833333332878,0.44052400032066313,0.4069926436151795,0.0,290.5884411626609,279.7970574460717,0.008368780373984187,0.02259512668293712,0.0,0.0,1.0,1.0,14.089268584796775,7.432353416156799,14.90207773716629,7.9012067076925625,14.089268584796775,7.432353416156799
8.491666666621011,0.4398284248632941,0.40592529879627687,0.0,290.33803383699524,279.3701195185106,0.008325168003255067,0.02256132389035653,0.0,0.0,1.0,1.0,14.09051948073631,7.4279149056446565,14.902077737166284,7.895721663339689,14.09051948073631,7.4279149056446565
8.499999999954223,0.4391364885206306,0.4048572167676121,0.0,290.0889365934659,278.94288670704475,0.008281441235233413,0.022527446976355347,0.0,0.0,1.0,1.0,14.091765191995783,7.423475989271226,14.902077737166291,7.890240426723126,14.091765191995783,7.423475989271226
8.508333333287435,0.4384482010015135,0.403788394366636,0.0,289.84115292725795,278.5153577466543,0.0082375958964915,0.022493495505515666,0.0,0.0,1.0,1.0,14.093005704138514,7.419036663502089,14.902077737166296,7.884762995199518,14.093005704138514,7.419036663502089
8.516666666620647,0.4377635723552109,0.40271882815752647,0.0,289.59468645611014,278.0875312630105,0.008193627986424274,0.022459469030346083,0.0,0.0,1.0,1.0,14.094241001957084,7.414596924374692,14.902077737166303,7.8792893661273355,14.094241001957084,7.414596924374692
8.52499999995386,0.43708261295781525,0.4016485144443261,0.0,289.34954091541823,277.6594057777303,0.008149533658171323,0.022425367091594307,0.0,0.0,1.0,1.0,14.095471069493756,7.4101567675115305,14.902077737166316,7.8738195368669475,14.095471069493756,7.4101567675115305
8.533333333287072,0.4364053335002216,0.4005774492826309,0.0,289.1057201539068,277.23097971305225,0.008105309199743383,0.022391189218515767,0.0,0.0,1.0,1.0,14.096695890058207,7.4057161881318425,14.90207773716633,7.868353504780467,14.096695890058207,7.4057161881318425
8.541666666620284,0.43573174497767353,0.3995056284898575,0.0,288.8632281298663,276.8022513959429,0.008060951015247904,0.02235693492909846,0.0,0.0,1.0,1.0,14.097915446242336,7.401275181061604,14.902077737166314,7.8628912672319204,14.097915446242336,7.401275181061604
8.549999999953496,0.4350618586808732,0.39843304765407644,0.0,288.62206890795187,276.3732190616305,0.008016455606105106,0.022322603730243275,0.0,0.0,1.0,1.0,14.099129719931929,7.396833740741495,14.902077737166296,7.857432821587087,14.099129719931929,7.396833740741495
8.558333333286708,0.4343956861886611,0.39735970214142896,0.0,288.38224665654894,275.94388085657147,0.007971819552140035,0.022288195117899846,0.0,0.0,1.0,1.0,14.100338692315605,7.392391861233482,14.90207773716629,7.851978165213642,14.100338692315605,7.392391861233482
8.56666666661992,0.4337332393622809,0.39628558710210676,0.0,288.1437656457079,275.5142348408426,0.007927039492430375,0.022253708577156847,0.0,0.0,1.0,1.0,14.1015423438906,7.387949536225368,14.902077737166273,7.846527295481055,14.1015423438906,7.387949536225368
8.574999999953132,0.4330745303412549,0.39521069747487547,0.0,287.9066302456596,275.08427898995006,0.007882112105781974,0.022219143582285515,0.0,0.0,1.0,1.0,14.10274065446554,7.383506759033919,14.902077737166259,7.8410802097606345,14.10274065446554,7.383506759033919
8.583333333286344,0.43241957154090693,0.3941350279901162,0.0,287.67084492592346,274.6540111960463,0.007837034090693223,0.02218449959673517,0.0,0.0,1.0,1.0,14.103933603160229,7.3790635226058106,14.902077737166229,7.835636905425469,14.103933603160229,7.3790635226058106
8.591666666619556,0.43176837565158144,0.3930585731713411,0.0,287.43641425502653,274.2234292685363,0.007791802144658118,0.022149776073078716,0.0,0.0,1.0,1.0,14.105121168401979,7.3746198195170285,14.90207773716624,7.830197379850559,14.105121168401979,7.3746198195170285
8.599999999952768,0.43112095563962083,0.39198132733513374,0.0,287.203342900855,273.7925309340534,0.007746412942642103,0.022114972452905987,0.0,0.0,1.0,1.0,14.106303327918658,7.370175641970188,14.902077737166241,7.824761630412647,14.106303327918658,7.370175641970188
8.60833333328598,0.4304773247501764,0.39090328458944695,0.0,286.97163563166635,273.3613138357787,0.007700863114547646,0.022080088166662147,0.0,0.0,1.0,1.0,14.107480058728294,7.365730981789937,14.90207773716622,7.819329654490349,14.107480058728294,7.365730981789937
8.616666666619192,0.42983749651194825,0.389824438830185,0.0,286.7412973177958,272.9297755320739,0.007655149221464115,0.022045122633428213,0.0,0.0,1.0,1.0,14.108651337125009,7.361285830416218,14.9020777371662,7.813901449464045,14.108651337125009,7.361285830416218
8.624999999952404,0.4292014847439619,0.38874478373596233,0.0,286.5123329340958,272.4979134943848,0.007609267730471499,0.022010075260639448,0.0,0.0,1.0,1.0,14.109817138660569,7.356840178895239,14.90207773716621,7.808477012715988,14.109817138660569,7.356840178895239
8.633333333285616,0.42856930356451395,0.3876643127609407,0.0,286.28474756315626,272.06572510437616,0.007563214987734062,0.02197494544373773,0.0,0.0,1.0,1.0,14.110977438122632,7.352394017868379,14.902077737166227,7.803056341630244,14.110977438122632,7.352394017868379
8.641666666618828,0.4279409674024425,0.38658301912559967,0.0,286.0585463993624,271.63320765023974,0.007516987189584833,0.02193973256575245,0.0,0.0,1.0,1.0,14.112132209507246,7.347947337558136,14.902077737166195,7.797639433592621,14.112132209507246,7.347947337558136
8.64999999995204,0.42731649101090263,0.38550089580529057,0.0,285.83373475385326,271.20035832211613,0.007470580351253268,0.021904435996804143,0.0,0.0,1.0,1.0,14.11328142598777,7.343500127751783,14.902077737166195,7.792226285990844,14.11328142598777,7.343500127751783
8.658333333285253,0.42669588948385995,0.38441793551637693,0.0,285.6103180604602,270.76717420655064,0.007423990272835152,0.02186905509352354,0.0,0.0,1.0,1.0,14.114425059877414,7.339052377781779,14.902077737166204,7.786816896214378,14.114425059877414,7.339052377781779
8.666666666618465,0.42607917827555253,0.3833341306997605,0.0,285.38830188271226,270.3336522799041,0.00737721250203422,0.02183358919837835,0.0,0.0,1.0,1.0,14.115563082586721,7.33460407650311,14.902077737166222,7.781411261654582,14.115563082586721,7.33460407650311
8.674999999951677,0.42546637322321035,0.38224947350152,0.0,285.1676919220161,269.8997894006079,0.007330242293123765,0.021798037638897844,0.0,0.0,1.0,1.0,14.116695464574146,7.33015521226708,14.902077737166211,7.776009379704513,14.116695464574146,7.33015521226708
8.683333333284889,0.42485749057337585,0.3811639557503785,0.0,284.9484940271306,269.46558230015125,0.007283074561473563,0.02176239972678461,0.0,0.0,1.0,1.0,14.117822175289934,7.325705772891236,14.902077737166211,7.7706112477590965,14.117822175289934,7.325705772891236
8.6916666666181,0.424252547012225,0.380077568931637,0.0,284.730714205083,269.0310275726547,0.007235703832863256,0.021726674756900106,0.0,0.0,1.0,1.0,14.118943183111783,7.3212557456247955,14.9020777371662,7.765216863215107,14.118943183111783,7.3212557456247955
8.699999999951313,0.4236515597003631,0.37899030415716606,0.0,284.51435863369534,268.59612166286627,0.007188124186646371,0.021690862006109115,0.0,0.0,1.0,1.0,14.120058455272261,7.316805117109504,14.902077737166223,7.759826223471081,14.120058455272261,7.316805117109504
8.708333333284525,0.423054546312653,0.37790215213095546,0.0,284.29943367592216,268.16086085238203,0.007140329191635113,0.02165496073196482,0.0,0.0,1.0,1.0,14.121167957775413,7.312353873334798,14.902077737166241,7.754439325927349,14.121167957775413,7.312353873334798
8.716666666617737,0.4224615250837359,0.3768131031096519,0.0,284.08594589623857,267.72524124386064,0.007092311833328798,0.021618970171213614,0.0,0.0,1.0,1.0,14.122271655303047,7.3079019995868455,14.902077737166223,7.749056167986057,14.122271655303047,7.3079019995868455
8.724999999950949,0.4218725148600373,0.37572314685737424,0.0,283.8739020793621,267.2892587429496,0.00704406443079884,0.021582889538093966,0.0,0.0,1.0,1.0,14.123369511107828,7.303449480390867,14.902077737166259,7.743676747051168,14.123369511107828,7.303449480390867
8.733333333284161,0.4212875351592026,0.3746322725939835,0.0,283.66330925164965,266.8529090375933,0.006995578541141603,0.0215467180223994,0.0,0.0,1.0,1.0,14.124461486891473,7.29899629944487,14.90207773716628,7.738301060528455,14.124461486891473,7.29899629944487
8.741666666617373,0.42070660623810274,0.3735404689357897,0.0,283.4541747055794,266.41618757431576,0.006946844848894657,0.02151045478726881,0.0,0.0,1.0,1.0,14.125547542666315,7.294542439544568,14.902077737166307,7.732929105825461,14.125547542666315,7.294542439544568
8.749999999950585,0.42012974917079626,0.3724477238274794,0.0,283.24650602781736,265.97908953099164,0.006897853037136505,0.021474098966660204,0.0,0.0,1.0,1.0,14.126627636597162,7.290087882497363,14.902077737166293,7.7275608803515174,14.126627636597162,7.290087882497363
8.758333333283797,0.41955698593813984,0.37135402446376053,0.0,283.040311131477,265.5416097855041,0.006848591636098348,0.021437649662453772,0.0,0.0,1.0,1.0,14.12770172481998,7.285632609023569,14.90207773716635,7.722196381517827,14.12770172481998,7.285632609023569
8.76666666661701,0.41898833953113623,0.37025935719888015,0.0,282.83559829332455,265.10374287955193,0.006799047843924055,0.02140110594111788,0.0,0.0,1.0,1.0,14.12876976123375,7.281176598643056,14.902077737166346,7.7168356067373285,14.12876976123375,7.281176598643056
8.774999999950222,0.41842383407062095,0.36916370744169824,0.0,282.6323761968665,264.6654829766792,0.006749207312600608,0.021364466829855055,0.0,0.0,1.0,1.0,14.129831697259398,7.2767198295438655,14.902077737166358,7.711478553424756,14.129831697259398,7.2767198295438655
8.783333333283434,0.4178634949465544,0.3680670595334398,0.0,282.4306539824944,264.2268238133758,0.006699053889858693,0.0213277313121247,0.0,0.0,1.0,1.0,14.130887481560828,7.2722622784298165,14.902077737166367,7.7061252189966885,14.130887481560828,7.2722622784298165
8.791666666616646,0.41730734898107913,0.3669693966044123,0.0,282.2304413061858,263.7877586417648,0.006648569304742143,0.02129089832241015,0.0,0.0,1.0,1.0,14.131937059718101,7.267803920342319,14.902077737166373,7.700775600871419,14.131937059718101,7.267803920342319
8.799999999949858,0.41675542462069787,0.36587070040494335,0.0,282.03174840868826,263.3482801619772,0.006597732780128058,0.021253966740060547,0.0,0.0,1.0,1.0,14.132980373843969,7.2633447284505195,14.902077737166387,7.695429696469121,14.132980373843969,7.2633447284505195
8.80833333328307,0.41620775216457306,0.3647709511043148,0.0,281.8345861977073,262.9083804417258,0.00654652054906911,0.021216935381986192,0.0,0.0,1.0,1.0,14.134017362128604,7.258884673802589,14.90207773716636,7.690087503211689,14.134017362128604,7.258884673802589
8.816666666616282,0.41566436403824913,0.36367012704941426,0.0,281.6389663464464,262.4680508197656,0.00649490524230709,0.021179802993913123,0.0,0.0,1.0,1.0,14.135047958295024,7.254423725027481,14.90207773716635,7.684749018522835,14.135047958295024,7.254423725027481
8.824999999949494,0.415125295125378,0.3625682044719044,0.0,281.44490141302833,262.0272817887617,0.0064428550997919,0.021142568239799694,0.0,0.0,1.0,1.0,14.136072090939981,7.249961847974103,14.902077737166351,7.679414239828057,14.136072090939981,7.249961847974103
8.833333333282706,0.41459058317484326,0.3614651571284173,0.0,281.25240498705995,261.5860628513668,0.006390332936252898,0.021105229688866863,0.0,0.0,1.0,1.0,14.137089682726765,7.245499005268808,14.902077737166355,7.674083164554646,14.137089682726765,7.245499005268808
8.841666666615918,0.4140602693079236,0.36036095585179184,0.0,281.06149187221104,261.1443823407166,0.006337294753850415,0.021067785799465562,0.0,0.0,1.0,1.0,14.138100649380812,7.24103515576452,14.90207773716633,7.668755790131698,14.138100649380812,7.24103515576452
8.84999999994913,0.4135343986614303,0.3592555679813058,0.0,280.8721783177441,260.7022271925222,0.006283687832332793,0.021030234898650964,0.0,0.0,1.0,1.0,14.139104898418502,7.236570253842711,14.902077737166316,7.663432113990037,14.139104898418502,7.236570253842711
8.858333333282342,0.41301302122107203,0.35814895662344515,0.0,280.6844823185259,260.25958264937793,0.006229448016104085,0.02099257515575855,0.0,0.0,1.0,1.0,14.140102327502369,7.232104248509582,14.902077737166284,7.658112133562308,14.140102327502369,7.232104248509582
8.866666666615554,0.4124961929304475,0.35704107966688986,0.0,280.49842401426486,259.8164318667558,0.006174495709023343,0.020954804547301312,0.0,0.0,1.0,1.0,14.141092822255683,7.227637082194067,14.902077737166286,7.652795846282949,14.141092822255683,7.227637082194067
8.874999999948766,0.4119839772172866,0.3559318884250747,0.0,280.3140262389585,259.3727553700298,0.006118729666864478,0.020916920808749337,0.0,0.0,1.0,1.0,14.142076253259921,7.223168689094462,14.902077737166293,7.647483249588158,14.142076253259921,7.223168689094462
8.883333333281978,0.41147644718791615,0.35482132568168145,0.0,280.13131531090136,258.92853027267245,0.006062016746957381,0.020878921365334355,0.0,0.0,1.0,1.0,14.143052471744848,7.218698992802735,14.902077737166291,7.642174340915907,14.143052471744848,7.218698992802735
8.89166666661519,0.4109736889758129,0.35370932270387473,0.0,279.950322238165,258.48372908154977,0.006004173452173517,0.020840803226690713,0.0,0.0,1.0,1.0,14.144021303022818,7.214227902681091,14.902077737166273,7.636869117705968,14.144021303022818,7.214227902681091
8.899999999948403,0.41047580730959654,0.35259579426824156,0.0,279.7710847230767,258.0383177072965,0.005944928219488838,0.020802562812077367,0.0,0.0,1.0,1.0,14.144982535591772,7.209755307840407,14.902077737166266,7.631567577399891,14.144982535591772,7.209755307840407
8.908333333281615,0.4099829361353478,0.35148062915598555,0.0,279.5936509862566,257.5922516623941,0.005883826567322441,0.020764195617843026,0.0,0.0,1.0,1.0,14.145935900385194,7.205281065658387,14.902077737166271,7.626269717440954,14.145935900385194,7.205281065658387
8.916666666614827,0.40949526525906965,0.3503636662694828,0.0,279.4180893579097,257.145466507793,0.005819856093592076,0.02072569538626135,0.0,0.0,1.0,1.0,14.146881018837114,7.200804972994935,14.902077737166307,7.620975535274291,14.146881018837114,7.200804972994935
8.924999999948039,0.40901315903036917,0.34924458806051434,0.0,279.24453100397886,256.6978352242056,0.005750325621134373,0.02068705040999008,0.0,0.0,1.0,1.0,14.147817171965102,7.1963266380162505,14.902077737166314,7.615685028346742,14.147817171965102,7.1963266380162505
8.93333333328125,0.40853687775725833,0.34812317153380784,0.0,279.0730696354087,256.249268613523,0.005680851523855144,0.020648252129572997,0.0,0.0,1.0,1.0,14.148743840487391,7.191845780940052,14.902077737166334,7.6103981941069865,14.148743840487391,7.191845780940052
8.941666666614463,0.40806633923275404,0.3469995021055845,0.0,278.90367565766616,255.79980084223368,0.00561249209437784,0.02060930263822202,0.0,0.0,1.0,1.0,14.149661169190102,7.187362491471717,14.902077737166314,7.605115030005365,14.149661169190102,7.187362491471717
8.949999999947675,0.4076014515025098,0.3458736737846824,0.0,278.73631596716535,255.34946951387286,0.00554522506690019,0.020570204344990895,0.0,0.0,1.0,1.0,14.150569321647975,7.182876869503716,14.902077737166323,7.5998355334940735,14.150569321647975,7.182876869503716
8.958333333280887,0.4071421244453343,0.3447457787512558,0.0,278.5709581202564,254.8983115005022,0.0054790287072136006,0.02053095961032158,0.0,0.0,1.0,1.0,14.151468457768559,7.178389012629184,14.902077737166302,7.5945597020270625,14.151468457768559,7.178389012629184
8.966666666614099,0.40668826972951055,0.3436159073996876,0.0,278.4075703175009,254.44636295987493,0.005413881797954707,0.02049157074724808,0.0,0.0,1.0,1.0,14.152358733894404,7.1738990162061205,14.902077737166278,7.58928753306009,14.152358733894404,7.1738990162061205
8.974999999947311,0.40623980077032745,0.34248414838032387,0.0,278.24612138838273,253.99365935212944,0.005349763624323057,0.020452040022565104,0.0,0.0,1.0,1.0,14.153240302901777,7.169406973419354,14.902077737166277,7.584019024050601,14.153240302901777,7.169406973419354
8.983333333280523,0.4057966326887796,0.34135058864007084,0.0,278.0865807764403,253.54023545602823,0.0052866539602476805,0.020412369657963,0.0,0.0,1.0,1.0,14.154113314296266,7.164912975340519,14.902077737166252,7.578754172457831,14.154113314296266,7.164912975340519
8.991666666613735,0.40535868227140315,0.34021531346188044,0.0,277.9289185248074,253.08612538475205,0.0052245330549873575,0.020372561831129572,0.0,0.0,1.0,1.0,14.154977914305146,7.160417110986007,14.902077737166236,7.5734929757427905,14.154977914305146,7.160417110986007
8.999999999946947,0.4049258679312113,0.3390784065031706,0.0,277.77310526214984,252.63136260126814,0.005163381620149151,0.020332618676820492,0.0,0.0,1.0,1.0,14.155834245966787,7.1559194673731055,14.902077737166259,7.568235431368257,14.155834245966787,7.1559194673731055
9.00833333328016,0.40449810966969363,0.3379399498332051,0.0,277.61911218898535,252.17597993328192,0.005103180817110401,0.020292542287898927,0.0,0.0,1.0,1.0,14.156682449217188,7.151420129574261,14.90207773716624,7.562981536798766,14.156682449217188,7.151420129574261
9.016666666613371,0.40407532903984666,0.3368000239694702,0.0,277.46691106437453,251.72000958778796,0.0050439122448302865,0.020252334716345636,0.0,0.0,1.0,1.0,14.15752266097378,7.146919180769669,14.902077737166271,7.557731289500621,14.15752266097378,7.146919180769669
9.024999999946584,0.40365744911020596,0.33565870791307334,0.0,277.3164741929724,251.26348316522922,0.004985557928037512,0.02021199797424024,0.0,0.0,1.0,1.0,14.15835501521642,7.14241670229815,14.902077737166238,7.552484686941872,14.15835501521642,7.14241670229815
9.033333333279796,0.4032443944298463,0.3345160791832051,0.0,277.16777441242846,250.8064316732819,0.004928100305780954,0.020171534034715145,0.0,0.0,1.0,1.0,14.159179643065812,7.137912773706232,14.902077737166215,7.5472417265923175,14.159179643065812,7.137912773706232
9.041666666613008,0.40283609099432155,0.33337221385067234,0.0,277.0207850811248,250.3488855402688,0.004871522220330831,0.020130944832882136,0.0,0.0,1.0,1.0,14.159996672859585,7.133407472796041,14.902077737166218,7.542002405923525,14.159996672859585,7.133407472796041
9.04999999994622,0.4024324662125144,0.33222718657055333,0.0,276.87548006624263,249.8908746282212,0.0048158069064183,0.020090232266733427,0.0,0.0,1.0,1.0,14.160806230225827,7.128900875671347,14.902077737166254,7.53676672240881,14.160806230225827,7.128900875671347
9.058333333279432,0.40203344887437037,0.3310810706139908,0.0,276.7318337321456,249.43242824559618,0.004760937980802132,0.020049398198017536,0.0,0.0,1.0,1.0,14.16160843815448,7.124393056782337,14.902077737166222,7.5315346735232565,14.16160843815448,7.124393056782337
9.066666666612644,0.4016389691194876,0.32993393789914477,0.0,276.5898209290731,248.9735751596578,0.004706899432151105,0.020008444453090732,0.0,0.0,1.0,1.0,14.162403417066212,7.119884088968898,14.902077737166243,7.526306256743676,14.162403417066212,7.119884088968898
9.074999999945856,0.40124895840653535,0.3287858590213374,0.0,276.44941698213,248.51434360853483,0.004653675611231311,0.019967372823745014,0.0,0.0,1.0,1.0,14.16319128487953,7.115374043502663,14.902077737166278,7.521081469548638,14.16319128487953,7.115374043502663
9.083333333279068,0.4008633494834806,0.32763690328241446,0.0,276.310597680569,248.05476131296567,0.00460125122138854,0.01992618506801344,0.0,0.0,1.0,1.0,14.163972157075545,7.110862990127653,14.902077737166262,7.515860309418525,14.163972157075545,7.110862990127653
9.09166666661228,0.40048207635859345,0.3264871387193417,0.0,276.17333926735193,247.59485548773657,0.0045496113093152855,0.01988488291095329,0.0,0.0,1.0,1.0,14.16474614676082,7.10635099709972,14.902077737166286,7.510642773835379,14.16474614676082,7.10635099709972
9.099999999945492,0.400105074272212,0.3253366321320593,0.0,276.0376184289856,247.13465285282362,0.004498741256093158,0.019843468045407833,0.0,0.0,1.0,1.0,14.165513364728344,7.1018381312247785,14.902077737166309,7.505428860283054,14.165513364728344,7.1018381312247785
9.108333333278704,0.39973227966924074,0.32418544911062297,0.0,275.9034122856209,246.67417964424908,0.00444862676850124,0.01980194213274756,0.0,0.0,1.0,1.0,14.166273919516678,7.0973244578959225,14.902077737166334,7.500218566247082,14.166273919516678,7.0973244578959225
9.116666666611916,0.3993636301723643,0.3230336540616444,0.0,275.7706983814099,246.21346162465764,0.004399253870581829,0.019760306803591324,0.0,0.0,1.0,1.0,14.167027917467049,7.092810041129273,14.90207773716631,7.495011889214828,14.167027917467049,7.092810041129273
9.124999999945128,0.39899906455595313,0.32188131023405503,0.0,275.63945467511166,245.7525240936219,0.0043506088954549035,0.019718563658507944,0.0,0.0,1.0,1.0,14.167775462779236,7.0882949435988865,14.902077737166286,7.4898088266753255,14.167775462779236,7.0882949435988865
9.13333333327834,0.3986385227206394,0.3207284797442185,0.0,275.5096595309399,245.29139189768728,0.004302678477372807,0.019676714268699318,0.0,0.0,1.0,1.0,14.168516657565192,7.08377922667057,14.902077737166282,7.4846093761193915,14.168516657565192,7.08377922667057
9.141666666611552,0.3982819456685481,0.31957522360039636,0.0,275.38129170964606,244.83008944015842,0.004255449544007811,0.019634760176664927,0.0,0.0,1.0,1.0,14.169251601901472,7.0792629504346865,14.902077737166294,7.479413535039607,14.169251601901472,7.0792629504346865
9.149999999944765,0.3979292754791588,0.3184216017266027,0.0,275.25433035982934,244.36864069064097,0.004208909308964363,0.019592702896848974,0.0,0.0,1.0,1.0,14.169980393879971,7.074746173737981,14.902077737166296,7.474221300930189,14.169980393879971,7.074746173737981
9.158333333277977,0.3975804552857847,0.3172676729858544,0.0,275.1287550094692,243.90706919434166,0.004163045264509136,0.019550543916270282,0.0,0.0,1.0,1.0,14.170703129657186,7.070228954214419,14.90207773716629,7.469032671287219,14.170703129657186,7.070228954214419
9.166666666611189,0.39723542925264627,0.3161134952028363,0.0,275.00454555767226,243.4453980811344,0.004117845174511357,0.019508284695135603,0.0,0.0,1.0,1.0,14.171419903501947,7.0657113483152285,14.902077737166312,7.463847643608452,14.171419903501947,7.0657113483152285
9.1749999999444,0.3968941425525261,0.31495912518600144,0.0,274.8816822666274,242.98365007440046,0.0040732970675868676,0.019465926667436843,0.0,0.0,1.0,1.0,14.172130807841924,7.0611934113380395,14.902077737166305,7.458666215393399,14.172130807841924,7.0611934113380395
9.183333333277613,0.3965565413449864,0.31380461874911897,0.0,274.76014575376473,242.5218474996475,0.004029389230439348,0.019423471241532687,0.0,0.0,1.0,1.0,14.172835933308589,7.056675197454989,14.902077737166296,7.453488384143293,14.172835933308589,7.056675197454989
9.191666666610825,0.39622257275513356,0.3126500307322884,0.0,274.6399169841102,242.06001229291525,0.003986110201392098,0.019380919800715112,0.0,0.0,1.0,1.0,14.173535368780996,7.052156759740269,14.902077737166268,7.448314147361115,14.173535368780996,7.052156759740269
9.199999999944037,0.39589218485291355,0.31149541502243117,0.0,274.5209772628323,241.59816600897236,0.003943448764104609,0.019338273703761164,0.0,0.0,1.0,1.0,14.174229201428242,7.047638150196754,14.902077737166248,7.443143502551536,14.174229201428242,7.047638150196754
9.208333333277249,0.395565326632924,0.3103408245732796,0.0,274.40330822797443,241.1363298293117,0.0039013939414676217,0.01929553428547055,0.0,0.0,1.0,1.0,14.174917516750755,7.04311941978181,14.902077737166278,7.437976447221061,14.174917516750755,7.04311941978181
9.216666666610461,0.39524194799472684,0.3091863114248724,0.0,274.2868918433673,240.67452456994886,0.0038599349896713416,0.019252702857189382,0.0,0.0,1.0,1.0,14.175600398620414,7.038600618432537,14.90207773716627,7.432812978877829,14.175600398620414,7.038600618432537
9.224999999943673,0.3949219997236496,0.30803192672257473,0.0,274.1717103917174,240.21277068902975,0.003819061392441082,0.01920978070732051,0.0,0.0,1.0,1.0,14.176277929319392,7.034081795090085,14.90207773716627,7.427653095031744,14.176277929319392,7.034081795090085
9.233333333276885,0.3946054334720589,0.306877720735633,0.0,274.0577464678655,239.75108829425307,0.0037787628554351365,0.01916676910182091,0.0,0.0,1.0,1.0,14.176950189578001,7.029562997723422,14.90207773716627,7.422496793194428,14.176950189578001,7.029562997723422
9.241666666610097,0.394292201741095,0.30572374287528004,0.0,273.94498297221116,239.2894971501119,0.0037390293007997003,0.01912366928468636,0.0,0.0,1.0,1.0,14.177617258611642,7.025044273352425,14.90207773716627,7.417344070879231,14.177617258611642,7.025044273352425
9.24999999994331,0.3939822578628534,0.3045700417123996,0.0,273.83340310429793,238.82801668495972,0.003699850861875951,0.019080482478423907,0.0,0.0,1.0,1.0,14.17827921415637,7.020525668070199,14.90207773716627,7.412194925601256,14.17827921415637,7.020525668070199
9.258333333276521,0.3936755559830015,0.30341666499476666,0.0,273.72299035655544,238.36666599790655,0.0036612178780545367,0.019037209884512435,0.0,0.0,1.0,1.0,14.178936132503683,7.0160072270649305,14.90207773716627,7.407049354877308,14.178936132503683,7.0160072270649305
9.266666666609733,0.3933720510438177,0.3022636596638717,0.0,273.6137285081935,237.90546386554857,0.003623120889772771,0.018993852683851675,0.0,0.0,1.0,1.0,14.179588088534288,7.011488994641075,14.90207773716627,7.401907356225915,14.179588088534288,7.011488994641075
9.274999999942946,0.3930716987676422,0.3011110718713427,0.0,273.5056016192443,237.44442874853695,0.003585550633650266,0.0189504120372,0.0,0.0,1.0,1.0,14.180235155750973,7.006971014239858,14.90207773716627,7.396768927167327,14.180235155750973,7.006971014239858
9.283333333276158,0.3927744556407264,0.2999589469949735,0.0,273.3985940247483,236.98357879798928,0.003548498037758474,0.01890688908560132,0.0,0.0,1.0,1.0,14.180877406310547,7.0024533284594295,14.90207773716627,7.391634065223529,14.180877406310547,7.0024533284594295
9.29166666660937,0.39248027889747283,0.29880732965437296,0.0,273.2926903290806,236.52293186174904,0.0035119542170202887,0.018863284950801407,0.0,0.0,1.0,1.0,14.181514911054864,6.997935979074164,14.90207773716627,7.386502767918237,14.181514911054864,6.997935979074164
9.299999999942582,0.39218912650505167,0.29765626372624093,0.0,273.18787540041257,236.06250549049625,0.0034759104687354875,0.01881960073565395,0.0,0.0,1.0,1.0,14.182147739541133,6.993419007053778,14.90207773716627,7.381375032776827,14.182147739541133,6.993419007053778
9.308333333275794,0.39190095714838513,0.29650579235928354,0.0,273.08413436530674,235.6023169437133,0.0034403582682281317,0.018775837524516593,0.0,0.0,1.0,1.0,14.18277596007111,6.9889024525816135,14.90207773716627,7.3762508573264505,14.18277596007111,6.9889024525816135
9.316666666609006,0.3916157302154905,0.29535595798877884,0.0,272.98145260343995,235.14238319551143,0.003405289264612431,0.018731996383637324,0.0,0.0,1.0,1.0,14.183399639719873,6.9843863550726395,14.90207773716627,7.371130239095957,14.183399639719873,6.9843863550726395
9.324999999942218,0.3913334057831701,0.2942068023507981,0.0,272.8798157424517,234.68272094031914,0.0033706952766731782,0.018688078361531423,0.0,0.0,1.0,1.0,14.184018844363681,6.979870753190869,14.90207773716627,7.366013175615913,14.184018844363681,6.979870753190869
9.33333333327543,0.39105394460304077,0.29305836649609635,0.0,272.7792096529151,234.2233465984384,0.003336568288857493,0.018644084489349205,0.0,0.0,1.0,1.0,14.184633638706876,6.975355684866307,14.90207773716627,7.360899664418612,14.184633638706876,6.975355684866307
9.341666666608642,0.39077730808789274,0.2919106908036785,0.0,272.67962044342556,233.7642763214713,0.0033029004473744475,0.01860001578123495,0.0,0.0,1.0,1.0,14.18524408630832,6.970841187311504,14.90207773716627,7.3557897030380355,14.18524408630832,6.970841187311504
9.349999999941854,0.39050345829836797,0.2907638149940497,0.0,272.5810344558055,233.30552599761978,0.0032696840563991073,0.01855587323467709,0.0,0.0,1.0,1.0,14.185850249607078,6.966327297037613,14.90207773716627,7.350683289009886,14.185850249607078,6.966327297037613
9.358333333275066,0.3902323579299528,0.28961777814216005,0.0,272.4834382604213,232.8471112568639,0.0032369115743783312,0.018511657830850056,0.0,0.0,1.0,1.0,14.186452189947394,6.961814049870066,14.90207773716627,7.3455804198715855,14.186452189947394,6.961814049870066
9.366666666608278,0.38996397030027125,0.2884726186900493,0.0,272.3868186516092,232.38904747601958,0.0032045756104345817,0.018467370534947916,0.0,0.0,1.0,1.0,14.187049967602976,6.957301480963752,14.90207773716627,7.3404810931622615,14.187049967602976,6.957301480963752
9.37499999994149,0.38969825933667745,0.28732837445920245,0.0,272.2911626432082,231.93134978368087,0.003172668920865699,0.01842301229651007,0.0,0.0,1.0,1.0,14.187643641800667,6.952789624817883,14.90207773716627,7.335385306422744,14.187643641800667,6.952789624817883
9.383333333274702,0.38943518956413303,0.28618508266262066,0.0,272.19645746419644,231.47403306504816,0.0031411844057368478,0.018378584049739216,0.0,0.0,1.0,1.0,14.188233270743513,6.948278515290497,14.90207773716627,7.330293057195558,14.188233270743513,6.948278515290497
9.391666666607914,0.3891747260933664,0.2850427799166164,0.0,272.102690554428,231.01711196664644,0.0031101151055626854,0.018334086713811787,0.0,0.0,1.0,1.0,14.18881891163316,6.943768185612462,14.90207773716627,7.325204343024967,14.18881891163316,6.943768185612462
9.399999999941127,0.38891683460930354,0.2839015022523418,0.0,272.0098495604683,230.5606009009366,0.0030794541980764707,0.01828952119318111,0.0,0.0,1.0,1.0,14.18940062069191,6.939258668401164,14.90207773716627,7.320119161456927,14.18940062069191,6.939258668401164
9.408333333274339,0.3886614813597663,0.2827612851270526,0.0,271.9179223315253,230.1045140508209,0.0030491949950841625,0.018244888377873393,0.0,0.0,1.0,1.0,14.18997845318384,6.934749995673947,14.90207773716627,7.315037510039074,14.18997845318384,6.934749995673947
9.41666666660755,0.38840863314442775,0.28162216343512037,0.0,271.82689691547375,229.64886537404803,0.003019330939400386,0.01820018914377687,0.0,0.0,1.0,1.0,14.190552463435637,6.930242198861016,14.90207773716627,7.309959386320808,14.190552463435637,6.930242198861016
9.424999999940763,0.3881582573040199,0.2804841715187949,0.0,271.7367615549696,229.19366860751785,0.0029898556018642603,0.018155424352924176,0.0,0.0,1.0,1.0,14.191122704856841,6.925735308818205,14.902077737166268,7.30488478785314,14.191122704856841,6.925735308818205
9.433333333273975,0.3879103217097875,0.2793473431787244,0.0,271.6475046836534,228.73893727148965,0.002960762678432752,0.018110594853768147,0.0,0.0,1.0,1.0,14.191689229959486,6.921229355839217,14.902077737166266,7.299813712188847,14.191689229959486,6.921229355839217
9.441666666607187,0.3876647947531801,0.27821171168423997,0.0,271.5591149224398,228.28468467369586,0.002932045987349072,0.018065701481451264,0.0,0.0,1.0,1.0,14.192252090377421,6.916724369667811,14.902077737166264,7.294746156882397,14.192252090377421,6.916724369667811
9.449999999940399,0.38742164533577744,0.2770773097834133,0.0,271.47158107589024,227.8309239133652,0.0029036994663841197,0.018020745058068978,0.0,0.0,1.0,1.0,14.192811336884967,6.912220379509355,14.902077737166257,7.289682119489927,14.192811336884967,6.912220379509355
9.458333333273611,0.3871808428594419,0.2759441697128867,0.0,271.3848921286681,227.37766788515455,0.0028757171701488705,0.017975726392926855,0.0,0.0,1.0,1.0,14.193367019415222,6.90771741404243,14.90207773716626,7.284621597569301,14.193367019415222,6.90771741404243
9.466666666606823,0.38694235721669146,0.2748123232074874,0.0,271.299037242073,226.92492928299484,0.0028480932674755577,0.017930646282791944,0.0,0.0,1.0,1.0,14.193919187077704,6.903215501429836,14.902077737166257,7.279564588680064,14.193919187077704,6.903215501429836
9.474999999940035,0.38670615878128856,0.273681801509629,0.0,271.21400575065235,226.47272060385149,0.0028208220388656726,0.017885505512138425,0.0,0.0,1.0,1.0,14.194467888175994,6.898714669329551,14.902077737166257,7.2745110903834584,14.194467888175994,6.898714669329551
9.483333333273247,0.38647221839903867,0.27255263537850477,0.0,271.12978715888954,226.02105415140178,0.0027938978740030315,0.01784030485338759,0.0,0.0,1.0,1.0,14.195013170224367,6.894214944905269,14.902077737166257,7.26946110024243,14.195013170224367,6.894214944905269
9.49166666660646,0.3862405073787938,0.27142485509908165,0.0,271.04637113796457,225.56994203963254,0.002767315269329864,0.0177950450671426,0.0,0.0,1.0,1.0,14.195555079964375,6.889716354836777,14.902077737166262,7.264414615821589,14.195555079964375,6.889716354836777
9.499999999939671,0.3860109974836548,0.27029849049089366,0.0,270.96374752258725,225.11939619635734,0.0027410688256842416,0.017749726902417738,0.0,0.0,1.0,1.0,14.196093663381077,6.885218925330053,14.902077737166259,7.259371634687251,14.196093663381077,6.885218925330053
9.508333333272883,0.38578366092236865,0.26917357091664607,0.0,270.8819063079,224.6694283666583,0.002715153245997033,0.01770435109686268,0.0,0.0,1.0,1.0,14.196628965718567,6.880722682126988,14.902077737166268,7.2543321544074315,14.196628965718567,6.880722682126988
9.516666666606096,0.3855584703409148,0.26805012529063194,0.0,270.80083764644917,224.22005011625265,0.0026895633330467662,0.0176589183769817,0.0,0.0,1.0,1.0,14.197161031495337,6.876227650515089,14.902077737166262,7.249296172551826,14.197161031495337,6.876227650515089
9.524999999939308,0.3853353988142764,0.2669281820869653,0.0,270.72053184522247,223.771272834786,0.0026642939872707425,0.017613429458348,0.0,0.0,1.0,1.0,14.19768990451927,6.8717338553367835,14.902077737166264,7.244263686691815,14.19768990451927,6.8717338553367835
9.53333333327252,0.3851144198383922,0.2658077693476363,0.0,270.6409793627516,223.3231077390544,0.0026393402046308396,0.017567885045813282,0.0,0.0,1.0,1.0,14.198215627902115,6.867241320998534,14.902077737166266,7.239234694400466,14.198215627902115,6.867241320998534
9.541666666605732,0.38489550732228284,0.2646889146903952,0.0,270.562170806278,222.87556587615796,0.0026146970745324063,0.0175222858337128,0.0,0.0,1.0,1.0,14.198738244073779,6.862750071479818,14.902077737166262,7.234209193252529,14.198738244073779,6.862750071479818
9.549999999938944,0.3846786355803495,0.26357164531646304,0.0,270.4840969289802,222.4286581265851,0.002590359777794808,0.0174766325060657,0.0,0.0,1.0,1.0,14.19925779479621,6.858260130341657,14.902077737166259,7.229187180824444,14.19925779479621,6.858260130341657
9.558333333272156,0.3844637793248387,0.2624559880180798,0.0,270.4067486272611,221.98239520723178,0.0025663235846722456,0.01743092573677113,0.0,0.0,1.0,1.0,14.199774321176902,6.853771520735242,14.902077737166254,7.224168654694345,14.199774321176902,6.853771520735242
9.566666666605368,0.38425091365847147,0.26134196918589186,0.0,270.3301169380944,221.53678767435662,0.0025425838529233935,0.017385166189800086,0.0,0.0,1.0,1.0,14.200287863682151,6.849284265410224,14.90207773716627,7.219153612442012,14.200287863682151,6.849284265410224
9.57499999993858,0.384040014067229,0.2602296148161803,0.0,270.2541930364278,221.091845926472,0.0025191360259284147,0.01733935451938297,0.0,0.0,1.0,1.0,14.200798462149878,6.844798386722673,14.902077737166273,7.2141420516489125,14.200798462149878,6.844798386722673
9.583333333271792,0.38383105641329585,0.2591189505179367,0.0,270.17896823264203,220.64758020717454,0.0024959756308522594,0.01729349137019314,0.0,0.0,1.0,1.0,14.201306155802415,6.840313906643003,14.902077737166273,7.209133969898239,14.201306155802415,6.840313906643003
9.591666666605004,0.38362401692815185,0.2580100015197889,0.0,270.10443397006435,220.20400060791548,0.0024730982768527408,0.017247577377526524,0.0,0.0,1.0,1.0,14.201810983258582,6.835830846763717,14.902077737166273,7.204129364774802,14.201810983258582,6.835830846763717
9.599999999938216,0.38341887220581417,0.25690279267678284,0.0,270.0305818225356,219.761117070713,0.002450499653332441,0.01720161316747739,0.0,0.0,1.0,1.0,14.202312982545813,6.831349228306944,14.902077737166284,7.199128233865127,14.202312982545813,6.831349228306944
9.608333333271428,0.3832155991962207,0.25579734847701796,0.0,269.95740349202805,219.3189393908071,0.0024281755282328727,0.017155599357110262,0.0,0.0,1.0,1.0,14.202812191111848,6.826869072131682,14.902077737166287,7.1941305747574,14.202812191111848,6.826869072131682
9.61666666660464,0.38301417519875564,0.25469369304814765,0.0,269.8848908063147,218.87747721925894,0.00240612174637012,0.017109536554628296,0.0,0.0,1.0,1.0,14.203308645836207,6.822390398741031,14.90207773716628,7.189136385041506,14.203308645836207,6.822390398741031
9.624999999937852,0.38281457785591116,0.2535918501637396,0.0,269.8130357166876,218.4367400654957,0.0023843342278105977,0.01706342535953791,0.0,0.0,1.0,1.0,14.20380238304143,6.817913228289188,14.902077737166273,7.184145662308952,14.20380238304143,6.817913228289188
9.633333333271064,0.3826167851470833,0.252491843249508,0.0,269.7418302957242,217.9967372998031,0.002362808966285928,0.017017266362810153,0.0,0.0,1.0,1.0,14.20429343850391,6.81343758058828,14.902077737166282,7.17915840415295,14.20429343850391,6.81343758058828
9.641666666604277,0.3824207753824979,0.251393695389413,0.0,269.6712667351008,217.55747815576507,0.002341542027645846,0.01697106014703844,0.0,0.0,1.0,1.0,14.204781847464552,6.8089634751150365,14.902077737166282,7.174174608168377,14.204781847464552,6.8089634751150365
9.649999999937489,0.3822265271972643,0.25029742933163496,0.0,269.60133734345186,217.11897173265385,0.0023205295483481516,0.016924807286593152,0.0,0.0,1.0,1.0,14.205267644639289,6.804490931017296,14.902077737166286,7.169194271951797,14.205267644639289,6.804490931017296
9.6583333332707,0.38203401954555316,0.24920306749442578,0.0,269.5320345442739,216.68122699777018,0.0022997677339846832,0.0168785083477729,0.0,0.0,1.0,1.0,14.205750864229207,6.8000199671204955,14.90207773716628,7.16421739310142,14.205750864229207,6.8000199671204955
9.666666666603913,0.381843231694896,0.24811063197183966,0.0,269.4633508738735,216.24425278873576,0.0022792528578423647,0.0168321638889527,0.0,0.0,1.0,1.0,14.20623153993049,6.795550601933667,14.902077737166275,7.159243969217133,14.20623153993049,6.795550601933667
9.674999999937125,0.3816541432206022,0.2470201445393453,0.0,269.3952789793572,215.80805781573798,0.0022589812594982954,0.016785774460729,0.0,0.0,1.0,1.0,14.206709704944215,6.7910828536557695,14.902077737166287,7.154273997900499,14.206709704944215,6.7910828536557695
9.683333333270337,0.38146673400029324,0.2459316266593246,0.0,269.32781161666423,215.37265066372973,0.002238949343448256,0.016739340606061807,0.0,0.0,1.0,1.0,14.207185391985739,6.786616740181454,14.902077737166286,7.1493074767547276,14.207185391985739,6.786616740181454
9.691666666603549,0.38128098420854817,0.2448450994864577,0.0,269.2609416486384,214.93803979458295,0.0022191535777672795,0.016692862860413778,0.0,0.0,1.0,1.0,14.207658633294127,6.782152279107006,14.902077737166287,7.144344403384673,14.207658633294127,6.782152279107006
9.699999999936761,0.381096874311661,0.24376058387299912,0.0,269.19466204314097,214.5042335491995,0.0021995904928019732,0.01664634175188652,0.0,0.0,1.0,1.0,14.208129460641041,6.777689487735916,14.902077737166298,7.139384775396896,14.208129460641041,6.777689487735916
9.708333333269973,0.3809143850625045,0.24267810037394863,0.0,269.12896587120173,214.07124014957935,0.0021802566798933176,0.016599777801354142,0.0,0.0,1.0,1.0,14.208597905339909,6.773228383084505,14.9020777371663,7.13442859039959,14.208597905339909,6.773228383084505
9.716666666603185,0.38073349749550006,0.2415976692521128,0.0,269.063846305208,213.639067700845,0.002161148790129403,0.016553171522593946,0.0,0.0,1.0,1.0,14.209063998254239,6.768768981887321,14.902077737166298,7.129475846002652,14.209063998254239,6.768768981887321
9.724999999936397,0.3805541929216893,0.2405193104830706,0.0,268.9992966171305,213.2077241932281,0.002142263533127145,0.01650652342241468,0.0,0.0,1.0,1.0,14.209527769806382,6.764311300602442,14.902077737166294,7.124526539817572,14.209527769806382,6.764311300602442
9.73333333326961,0.38037645292390737,0.23944304376003342,0.0,268.93531017678544,212.77721750401327,0.0021235976758424346,0.016459834000781964,0.0,0.0,1.0,1.0,14.209989249985684,6.759855355416721,14.902077737166296,7.119580669457542,14.209989249985684,6.759855355416721
9.741666666602821,0.380200259352053,0.23836888849861249,0.0,268.8718804501323,212.34755539944487,0.0021051480414077256,0.016413103750941446,0.0,0.0,1.0,1.0,14.210448468356637,6.75540116225075,14.902077737166305,7.114638232537411,14.210448468356637,6.75540116225075
9.749999999936033,0.3800255943184549,0.23729686384148677,0.0,268.80900099760527,211.9187455365946,0.0020869115079965514,0.01636633315953924,0.0,0.0,1.0,1.0,14.210905454066738,6.750948736763853,14.902077737166307,7.109699226673654,14.210905454066738,6.750948736763853
9.758333333269245,0.3798524401933314,0.23622698866298097,0.0,268.74666547247887,211.49079546519226,0.0020688850077141673,0.01631952270674016,0.0,0.0,1.0,1.0,14.211360235854357,6.746498094359048,14.902077737166316,7.104763649484439,14.211360235854357,6.746498094359048
9.766666666602458,0.3796807796003422,0.2351592815735496,0.0,268.68486761926647,211.06371262941974,0.0020510655255136867,0.01627267286634345,0.0,0.0,1.0,1.0,14.211812842056233,6.742049250187593,14.902077737166325,7.099831498589548,14.211812842056233,6.742049250187593
9.77499999993567,0.3795105954122278,0.23409376092417586,0.0,268.62360127215084,210.63750436967024,0.0020334500981370194,0.016225784105896406,0.0,0.0,1.0,1.0,14.212263300614904,6.737602219153794,14.902077737166318,7.094902771610464,14.212263300614904,6.737602219153794
9.783333333268882,0.3793418707465385,0.23303044481067986,0.0,268.56286035344607,210.21217792427183,0.0020160358130800558,0.016178856886805575,0.0,0.0,1.0,1.0,14.212711639085986,6.733157015919447,14.902077737166328,7.089977466170259,14.212711639085986,6.733157015919447
9.791666666602094,0.3791745889614463,0.23196935107794386,0.0,268.5026388720902,209.78774043117744,0.001998819807581299,0.01613189166444587,0.0,0.0,1.0,1.0,14.213157884645177,6.728713654908294,14.902077737166325,7.085055579893713,14.213157884645177,6.728713654908294
9.799999999935306,0.37900873365164134,0.230910497324054,0.0,268.442930922168,209.36419892962147,0.0019817992676335735,0.016084888888267534,0.0,0.0,1.0,1.0,14.213602064095344,6.72427215031039,14.90207773716633,7.080137110407231,14.213602064095344,6.72427215031039
9.808333333268518,0.3788442886443102,0.22985390090436028,0.0,268.3837306814628,208.941560361744,0.00196497142701808,0.01603784900190102,0.0,0.0,1.0,1.0,14.214044203873108,6.719832516086328,14.902077737166332,7.075222055338883,14.214044203873108,6.719832516086328
9.81666666660173,0.3786812379951923,0.228799578935459,0.0,268.3250324100372,208.51983157418348,0.0019483335663602322,0.015990772443259874,0.0,0.0,1.0,1.0,14.214484330055777,6.715394765971381,14.902077737166316,7.070310412318313,14.214484330055777,6.715394765971381
9.824999999934942,0.37851956598471576,0.22774754829909438,0.0,268.2668304488415,208.09901931963765,0.0019318830122067889,0.01594365964464155,0.0,0.0,1.0,1.0,14.214922468367547,6.71095891347962,14.902077737166307,7.0654021789769095,14.214922468367547,6.71095891347962
9.833333333268154,0.37835925711420754,0.22669782564598723,0.0,268.20911921835005,207.67913025839476,0.001915617136123645,0.01589651103282637,0.0,0.0,1.0,1.0,14.215358644186086,6.706524971907792,14.902077737166294,7.060497352947654,14.215358644186086,6.706524971907792
9.841666666601366,0.3782002961021799,0.22565042739958846,0.0,268.1518932172236,207.26017095983525,0.0018995333538139407,0.015849327029174572,0.0,0.0,1.0,1.0,14.215792882548486,6.702092954339292,14.902077737166291,7.0555959318651675,14.215792882548486,6.702092954339292
9.849999999934578,0.3780426678806879,0.22460536975975878,0.0,268.0951470209984,206.8421479039034,0.0018836291242557424,0.015802108049721493,0.0,0.0,1.0,1.0,14.216225208157681,6.6976628736479515,14.902077737166294,7.050697913365735,14.216225208157681,6.6976628736479515
9.85833333326779,0.3778863575917585,0.2235626687063784,0.0,268.0388752808009,206.42506748255124,0.001867901948858961,0.015754854505270907,0.0,0.0,1.0,1.0,14.216655645388217,6.693234742501775,14.9020777371663,7.045803295087266,14.216655645388217,6.693234742501775
9.866666666601002,0.3777313505838892,0.2225223400028878,0.0,267.9830727220867,206.008936001155,0.001852349370641012,0.015707566801486734,0.0,0.0,1.0,1.0,14.217084218292028,6.688808573366545,14.902077737166293,7.040912074669326,14.217084218292028,6.688808573366545
9.874999999934214,0.37757763240861475,0.2214843991997596,0.0,267.927734143405,205.5937596799037,0.0018369689734207017,0.015660245338982873,0.0,0.0,1.0,1.0,14.21751095060432,6.684384378509449,14.9020777371663,7.036024249753088,14.21751095060432,6.684384378509449
9.883333333267426,0.37742518881714016,0.2204488616379044,0.0,267.8728544151863,205.17954465516164,0.0018217583810299426,0.015612890513411462,0.0,0.0,1.0,1.0,14.217935865749004,6.679962170002525,14.902077737166284,7.031139817981418,14.217935865749004,6.679962170002525
9.891666666600639,0.37727400575703834,0.2194157424520122,0.0,267.8184284785535,204.76629698080478,0.0018067152565427922,0.015565502715549491,0.0,0.0,1.0,1.0,14.218358986844272,6.675541959726164,14.902077737166296,7.026258776998751,14.218358986844272,6.675541959726164
9.89999999993385,0.37712406936901166,0.21838505657382762,0.0,267.76445134415644,204.35402262953093,0.001791837301521427,0.015518082331383673,0.0,0.0,1.0,1.0,14.21878033670791,6.67112375937237,14.902077737166286,7.021381124451192,14.21878033670791,6.67112375937237
9.908333333267063,0.3769753659837157,0.217356818735367,0.0,267.7109180910278,203.94272749414668,0.0017771222552786516,0.015470629742193973,0.0,0.0,1.0,1.0,14.219199937862507,6.6667075804480245,14.90207773716629,7.0165068579864895,14.219199937862507,6.6667075804480245
9.916666666600275,0.37682788211864365,0.21633104347207013,0.0,267.6578238654621,203.53241738882792,0.0017625678941565284,0.015423145324635389,0.0,0.0,1.0,1.0,14.21961781254063,6.662293434278198,14.9020777371663,7.011635975254017,14.21961781254063,6.662293434278198
9.924999999933487,0.3766816044750696,0.21530774512589745,0.0,267.60516387991487,203.12309805035886,0.0017481720308206118,0.015375629450818447,0.0,0.0,1.0,1.0,14.220033982689824,6.657881332009214,14.902077737166296,7.0067684739047715,14.220033982689824,6.657881332009214
9.933333333266699,0.37653651993505155,0.2142869378483633,0.0,267.55293341192396,202.7147751393452,0.0017339325135696897,0.015328082488388024,0.0,0.0,1.0,1.0,14.220448469977509,6.6534712846117845,14.902077737166296,7.00190435159138,14.220448469977509,6.6534712846117845
9.941666666599911,0.3763926155584893,0.21326863560351655,0.0,267.5011278030504,202.3074542414065,0.0017198472256603008,0.01528050480060091,0.0,0.0,1.0,1.0,14.220861295795972,6.649063302883957,14.902077737166294,6.997043605968113,14.220861295795972,6.649063302883957
9.949999999933123,0.37624987858023984,0.21225285217086293,0.0,267.4497424578396,201.90114086834507,0.0017059140846459818,0.015232896746401875,0.0,0.0,1.0,1.0,14.221272481266777,6.644657397454082,14.90207773716629,6.992186234690854,14.221272481266777,6.644657397454082
9.958333333266335,0.3761082964072857,0.21123960114823465,0.0,267.3987728428025,201.49584045929373,0.0016921310417306527,0.01518525868049848,0.0,0.0,1.0,1.0,14.22168204724564,6.640253578783778,14.902077737166294,6.987332235417122,14.22168204724564,6.640253578783778
9.966666666599547,0.37596785661595805,0.21022889595460326,0.0,267.34821448541527,201.0915583818412,0.0016784960811359517,0.015137590953434397,0.0,0.0,1.0,1.0,14.222090014326886,6.635851857170663,14.9020777371663,6.982481605806065,14.222090014326886,6.635851857170663
9.97499999993276,0.3758285469492104,0.2092207498328442,0.0,267.29806297313854,200.68829993313756,0.0016650072194821144,0.0150898939116616,0.0,0.0,1.0,1.0,14.222496402847757,6.631452242751212,14.902077737166296,6.977634343518435,14.222496402847757,6.631452242751212
9.983333333265971,0.37569035531394457,0.20821517585244678,0.0,267.24831395245405,200.2860703409786,0.001651662505182066,0.015042167897611173,0.0,0.0,1.0,1.0,14.222901232892875,6.6270547455033615,14.9020777371663,6.972790446216648,14.222901232892875,6.6270547455033615
9.991666666599183,0.37555326977838643,0.20721218691217638,0.0,267.1989631279203,199.88487476487043,0.0016384600178484827,0.014994413249762976,0.0,0.0,1.0,1.0,14.223304524298575,6.6226593752492775,14.902077737166305,6.9679499115647126,14.223304524298575,6.6226593752492775
9.999999999932395,0.3754172785695096,0.20621179574268467,0.0,267.1500062612452,199.48471829707375,0.0016253978677133745,0.014946630302713934,0.0,0.0,1.0,1.0,14.22370629665687,6.61826614165795,14.902077737166318,6.963112737228262,14.22370629665687,6.61826614165795
10.008333333265607,0.37528237007050835,0.2052140149090741,0.0,267.10143917037595,199.08560596362952,0.0016124741950600732,0.014898819387245323,0.0,0.0,1.0,1.0,14.224106569319654,6.613875054247666,14.902077737166321,6.958278920874552,14.224106569319654,6.613875054247666
10.01666666659882,0.3751485328183164,0.20421885681341523,0.0,267.053257728606,198.68754272536597,0.001599687169667151,0.014850980830388834,0.0,0.0,1.0,1.0,14.224505361402564,6.609486122388639,14.902077737166316,6.95344846017247,14.224505361402564,6.609486122388639
10.024999999932032,0.3750157555011713,0.2032263336972154,0.0,267.00545786369827,198.29053347888606,0.001587034990264068,0.014803114955491426,0.0,0.0,1.0,1.0,14.224902691789126,6.6050993553052395,14.902077737166296,6.9486213527925065,14.224902691789126,6.6050993553052395
10.033333333265244,0.37488402695622525,0.2022364576438462,0.0,266.95803555702497,197.89458305753837,0.0015745158839983735,0.014755222082279256,0.0,0.0,1.0,1.0,14.225298579134334,6.600714762078698,14.902077737166286,6.9437975964067595,14.225298579134334,6.600714762078698
10.041666666598456,0.3747533361671979,0.201249240580921,0.0,266.91098684272265,197.49969623236828,0.0015621281059139548,0.014707302526920256,0.0,0.0,1.0,1.0,14.225693041868592,6.596332351649172,14.902077737166278,6.938977188688994,14.225693041868592,6.596332351649172
10.049999999931668,0.37462367226207355,0.20026469428263555,0.0,266.86430780686305,197.1058777130541,0.0015498699384402632,0.014659356602085985,0.0,0.0,1.0,1.0,14.226086098201309,6.591952132818243,14.902077737166266,6.934160127314512,14.226086098201309,6.591952132818243
10.05833333326488,0.37449502451083994,0.19928283037206163,0.0,266.81799458663943,196.7131321488245,0.0015377396908922418,0.014611384617012198,0.0,0.0,1.0,1.0,14.226477766124452,6.587574114251108,14.90207773716628,6.929346409960294,14.226477766124452,6.587574114251108
10.066666666598092,0.3743673823232682,0.19830366032340024,0.0,266.7720433695668,196.32146412935998,0.0015257356989805543,0.014563386877558511,0.0,0.0,1.0,1.0,14.226868063416156,6.583198304478718,14.902077737166294,6.924536034304901,14.226868063416156,6.583198304478718
10.074999999931304,0.37424073524673346,0.1973271954641949,0.0,266.7264503926978,195.93087818567784,0.0015138563243321048,0.014515363686267093,0.0,0.0,1.0,1.0,14.227257007644182,6.578824711900025,14.902077737166302,6.919728998028507,14.227257007644182,6.578824711900025
10.083333333264516,0.3741150729640748,0.19635344697750337,0.0,266.6812119418522,195.54137879100125,0.0015020999540204041,0.014467315342420337,0.0,0.0,1.0,1.0,14.227644616169218,6.574453344784185,14.90207773716631,6.914925298812905,14.227644616169218,6.574453344784185
10.091666666597728,0.3739903852914941,0.19538242590403163,0.0,266.63632435086026,195.15297036161252,0.001490465000105662,0.014419242142097648,0.0,0.0,1.0,1.0,14.228030906148346,6.570084211272457,14.902077737166309,6.910124934341519,14.228030906148346,6.570084211272457
10.09999999993094,0.3738666621764925,0.19441414314422922,0.0,266.5917840008201,194.76565725769157,0.0014789498991843594,0.014371144378231327,0.0,0.0,1.0,1.0,14.22841589453813,6.565717319380353,14.902077737166305,6.905327902299346,14.22841589453813,6.565717319380353
10.108333333264152,0.37374389369584426,0.1934486094603462,0.0,266.5475873193681,194.37944378413835,0.00146755311194806,0.014323022340661486,0.0,0.0,1.0,1.0,14.228799598097952,6.561352676999617,14.90207773716632,6.900534200372998,14.228799598097952,6.561352676999617
10.116666666597364,0.37362207005360737,0.19248583547845413,0.0,266.5037307799629,193.99433419138154,0.0014562731227512993,0.014274876316190161,0.0,0.0,1.0,1.0,14.229182033392968,6.556990291900213,14.902077737166305,6.895743826250694,14.229182033392968,6.556990291900213
10.124999999930576,0.3735011815791688,0.191525831690431,0.0,266.46021090118154,193.61033267617228,0.0014451084391882791,0.014226706588634553,0.0,0.0,1.0,1.0,14.229563216797253,6.552630171732193,14.90207773716629,6.8909567776222875,14.229563216797253,6.552630171732193
10.133333333263788,0.3733812187253256,0.1905686084559095,0.0,266.4170242460288,193.22744338236367,0.0014340575916781697,0.014178513438879398,0.0,0.0,1.0,1.0,14.229943164496904,6.548272324027589,14.902077737166307,6.88617305217918,14.229943164496904,6.548272324027589
10.141666666597,0.3732621720663996,0.1896141760041929,0.0,266.3741674212584,192.84567040167704,0.0014231191330589098,0.0141302971449286,0.0,0.0,1.0,1.0,14.230321892492782,6.543916756202277,14.902077737166302,6.881392647614403,14.230321892492782,6.543916756202277
10.149999999930213,0.3731440322963865,0.1886625444361345,0.0,266.3316370767065,192.46501777445368,0.0014122916381892243,0.014082057981955994,0.0,0.0,1.0,1.0,14.23069941660345,6.539563475557758,14.902077737166314,6.876615561622614,14.23069941660345,6.539563475557758
10.158333333263425,0.37302679022713636,0.18771372372598455,0.0,266.2894299046371,192.08548949039368,0.0014015737035586494,0.014033796222355323,0.0,0.0,1.0,1.0,14.231075752468042,6.535212489282932,14.902077737166312,6.871841791900038,14.231075752468042,6.535212489282932
10.166666666596637,0.3729104367865677,0.18676772372320644,0.0,266.2475426390987,191.70708948928245,0.0013909639469055065,0.01398551213578961,0.0,0.0,1.0,1.0,14.23145091554896,6.5308638044558975,14.902077737166305,6.8670713361444955,14.23145091554896,6.5308638044558975
10.174999999929849,0.37279496301691195,0.18582455415425692,0.0,266.2059720552926,191.32982166170265,0.0013804610068424937,0.013937205989239533,0.0,0.0,1.0,1.0,14.231824921134695,6.526517428045565,14.902077737166293,6.862304192055447,14.231824921134695,6.526517428045565
10.183333333263061,0.3726803600729897,0.18488422462433968,0.0,266.1647149689521,190.95368984973575,0.0013700635424898659,0.013888878047051363,0.0,0.0,1.0,1.0,14.232197784342334,6.522173366913356,14.9020777371663,6.857540357333894,14.232197784342334,6.522173366913356
10.191666666596273,0.37256661922051665,0.18394674461912347,0.0,266.1237682357329,190.57869784764927,0.001359770233115903,0.013840528570983947,0.0,0.0,1.0,1.0,14.232569520120133,6.517831627814863,14.902077737166325,6.8527798296824844,14.232569520120133,6.517831627814863
10.199999999929485,0.37245373183443936,0.18301212350643362,0.0,266.08312875061375,190.20484940257333,0.0013495797777846156,0.013792157820255196,0.0,0.0,1.0,1.0,14.23294014325026,6.513492217401384,14.902077737166337,6.848022606805419,14.23294014325026,6.513492217401384
10.208333333262697,0.37234168939730017,0.18208037053791212,0.0,266.0427934473079,189.83214821516475,0.0013394908950104222,0.013743766051587784,0.0,0.0,1.0,1.0,14.233309668351042,6.509155142221541,14.902077737166334,6.843268686408542,14.233309668351042,6.509155142221541
10.21666666659591,0.37223048349763055,0.1811514948506487,0.0,266.00275929768475,189.46059794025936,0.0013295023224197521,0.01369535351925421,0.0,0.0,1.0,1.0,14.233678109879646,6.504820408722844,14.90207773716635,6.838518066199222,14.233678109879646,6.504820408722844
10.224999999929121,0.3721201058283724,0.1802255054687838,0.0,265.96302331120137,189.0902021875134,0.0013196128164193203,0.01364692047512126,0.0,0.0,1.0,1.0,14.234045482134178,6.500488023253142,14.902077737166339,6.8337707438864905,14.234045482134178,6.500488023253142
10.233333333262333,0.3720105481853261,0.17930241130508442,0.0,265.9235825343442,188.72096452203365,0.0013098211518709287,0.013598467168693864,0.0,0.0,1.0,1.0,14.234411799256257,6.496157992062105,14.902077737166325,6.8290267171809385,14.234411799256257,6.496157992062105
10.241666666595545,0.3719018024656271,0.178382221162491,0.0,265.8844340500799,188.35288846499628,0.0013001261217728266,0.01354999384715826,0.0,0.0,1.0,1.0,14.234777075233259,6.491830321302722,14.902077737166323,6.824285983794719,14.234777075233259,6.491830321302722
10.249999999928757,0.37179386066624653,0.17746494373563804,0.0,265.84557497731635,187.9859774942551,0.001290526536947162,0.013501500755424622,0.0,0.0,1.0,1.0,14.235141323900498,6.487505017032675,14.902077737166309,6.8195485414416135,14.235141323900498,6.487505017032675
10.25833333326197,0.37168671488251914,0.17655058761234907,0.0,265.80700247037225,187.6202350449395,0.0012810212257336872,0.013452988136169155,0.0,0.0,1.0,1.0,14.235504558943465,6.483182085215739,14.902077737166275,6.814814387836951,14.235504558943465,6.483182085215739
10.266666666595182,0.3715803573066965,0.1756391612751049,0.0,265.7687137184563,187.25566451004184,0.0012716090336894674,0.013404456229875536,0.0,0.0,1.0,1.0,14.235866793899996,6.478861531723138,14.902077737166294,6.810083520697701,14.235866793899996,6.478861531723138
10.274999999928394,0.37147478022652375,0.17473067310248722,0.0,265.73070594515497,186.89226924099478,0.001262288823294403,0.013355905274875898,0.0,0.0,1.0,1.0,14.236228042162365,6.474543362334915,14.9020777371663,6.805355937742403,14.236228042162365,6.474543362334915
10.283333333261606,0.3713699760238422,0.17382513137059438,0.0,265.6929764079294,186.53005254823762,0.0012530594736625174,0.01330733550739112,0.0,0.0,1.0,1.0,14.236588316979212,6.470227582741151,14.902077737166303,6.8006316366911195,14.236588316979212,6.470227582741151
10.291666666594818,0.37126593717321477,0.17292254425443834,0.0,265.6555223976204,186.1690177017752,0.0012439198802588788,0.013258747161570845,0.0,0.0,1.0,1.0,14.236947631457827,6.465914198543359,14.902077737166293,6.79591061526556,14.236947631457827,6.465914198543359
10.29999999992803,0.371162656240575,0.17202291982931223,0.0,265.61834123796245,185.80916793172477,0.0012348689546219913,0.013210140469532792,0.0,0.0,1.0,1.0,14.237305998565846,6.461603215255674,14.902077737166287,6.791192871189019,14.237305998565846,6.461603215255674
10.308333333261242,0.3710601258818988,0.17112626607213732,0.0,265.58143028510517,185.4505064288548,0.0012259056240915642,0.013161515661401658,0.0,0.0,1.0,1.0,14.237663431133447,6.457294638306135,14.902077737166307,6.78647840218633,14.237663431133447,6.457294638306135
10.316666666594454,0.3709583388418995,0.17023259086278622,0.0,265.5447869271436,185.09303634511437,0.0012170288315415533,0.013112872965347539,0.0,0.0,1.0,1.0,14.238019941855091,6.452988473037786,14.90207773716632,6.7817672059839245,14.238019941855091,6.452988473037786
10.324999999927666,0.37085728795274375,0.16934190198538218,0.0,265.50840858365615,184.73676079415276,0.0012082375351183188,0.01306421260762383,0.0,0.0,1.0,1.0,14.238375543291369,6.448684724710001,14.902077737166318,6.777059280309816,14.238375543291369,6.448684724710001
10.333333333260878,0.37075696613278986,0.16845420712957868,0.0,265.4722927052501,184.38168285183136,0.0011995307079838285,0.013015534812604783,0.0,0.0,1.0,1.0,14.238730247870825,6.444383398499498,14.902077737166307,6.772354622893588,14.238730247870825,6.444383398499498
10.34166666659409,0.3706573663853467,0.1675695138918152,0.0,265.436436773115,184.02780555672598,0.0011909073380637868,0.012966839802822549,0.0,0.0,1.0,1.0,14.239084067891778,6.440084499501564,14.902077737166303,6.767653231466402,14.239084067891778,6.440084499501564
10.349999999927302,0.37055848179745443,0.16668782977654986,0.0,265.4008382985839,183.67513191061983,0.0011823664278005925,0.012918127799003674,0.0,0.0,1.0,1.0,14.239437015524047,6.43578803273118,14.902077737166296,6.7629551037610085,14.239437015524047,6.43578803273118
10.358333333260514,0.37046030553868425,0.16580916219747635,0.0,265.36549482270067,183.32366487899043,0.001173906993910962,0.012869399020105515,0.0,0.0,1.0,1.0,14.239789102810597,6.43149400312401,14.902077737166278,6.758260237511729,14.239789102810597,6.43149400312401
10.366666666593726,0.3703628308599595,0.16493351847871526,0.0,265.3304039157961,182.97340739148598,0.0011655280671482443,0.012820653683351928,0.0,0.0,1.0,1.0,14.2401403416692,6.427202415537522,14.902077737166255,6.753568630454424,14.2401403416692,6.427202415537522
10.374999999926938,0.37026605109239485,0.16406090585598612,0.0,265.29556317707016,182.62436234239433,0.0011572286920691448,0.012771892004268676,0.0,0.0,1.0,1.0,14.240490743894213,6.422913274752098,14.902077737166266,6.748880280326573,14.240490743894213,6.422913274752098
10.38333333326015,0.3701699596461565,0.16319133147776108,0.0,265.26097023418095,182.2765325911043,0.001149007926804981,0.012723114196718519,0.0,0.0,1.0,1.0,14.240840321157936,6.418626585471955,14.902077737166275,6.744195184867211,14.240840321157936,6.418626585471955
10.391666666593363,0.3700745500093398,0.16232480240639835,0.0,265.22662274284136,181.9299209625592,0.0011408648428371717,0.012674320472935912,0.0,0.0,1.0,1.0,14.241189085012238,6.414342352326142,14.90207773716627,6.739513341816911,14.241189085012238,6.414342352326142
10.399999999926575,0.3699798157468665,0.1614613256192539,0.0,265.19251838642174,181.58453024770142,0.001132798524777037,0.01262551104356121,0.0,0.0,1.0,1.0,14.241537046890201,6.410060579869632,14.90207773716627,6.734834748917857,14.241537046890201,6.410060579869632
10.408333333259787,0.3698857504993991,0.1606009080097781,0.0,265.15865487555914,181.24036320391113,0.0011248080701496454,0.012576686117674745,0.0,0.0,1.0,1.0,14.241884218107353,6.405781272584116,14.90207773716626,6.730159403913773,14.241884218107353,6.405781272584116
10.416666666592999,0.36979234798227356,0.15974355638859195,0.0,265.125029947773,180.89742255543666,0.001116892589181781,0.012527845902830455,0.0,0.0,1.0,1.0,14.242230609863439,6.401504434879098,14.902077737166255,6.725487304549966,14.242230609863439,6.401504434879098
10.42499999992621,0.3696996019844504,0.15888927748454437,0.0,265.0916413670877,180.55571099381763,0.0011090512045939165,0.012478990605089203,0.0,0.0,1.0,1.0,14.242576233243462,6.397230071092711,14.90207773716626,6.720818448573305,14.242576233243462,6.397230071092711
10.433333333259423,0.36960750636748124,0.15803807794575273,0.0,265.0584869236603,180.21523117830097,0.0011012830513959695,0.012430120429051776,0.0,0.0,1.0,1.0,14.242921099219418,6.392958185492671,14.902077737166243,6.716152833732225,14.242921099219418,6.392958185492671
10.441666666592635,0.3695160550644933,0.15718996434062477,0.0,265.0255644334154,179.8759857362498,0.0010935872766869308,0.012381235577891612,0.0,0.0,1.0,1.0,14.243265218651299,6.3886887822771,14.902077737166236,6.711490457776683,14.243265218651299,6.3886887822771
10.449999999925847,0.3694252420791905,0.15634494315886419,0.0,264.9928717376848,179.53797726354554,0.001085963039458232,0.012332336253387246,0.0,0.0,1.0,1.0,14.243608602288763,6.38442186557542,14.902077737166257,6.706831318458272,14.243608602288763,6.38442186557542
10.45833333325906,0.36933506148487016,0.15550302081245826,0.0,264.9604067028544,179.20120832498318,0.0010784095104007063,0.012283422655954435,0.0,0.0,1.0,1.0,14.243951260772072,6.380157439449237,14.902077737166271,6.702175413530091,14.243951260772072,6.380157439449237
10.466666666592271,0.3692455074234564,0.15466420363665018,0.0,264.9281672200153,178.86568145465995,0.001070925871715181,0.012234494984678119,0.0,0.0,1.0,1.0,14.244293204633571,6.375895507893057,14.902077737166278,6.697522740746812,14.244293204633571,6.375895507893057
10.474999999925483,0.36915657410454844,0.15382849789089212,0.0,264.8961512046221,178.5313991563567,0.0010635113169264999,0.012185553437343958,0.0,0.0,1.0,1.0,14.244634444298809,6.371636074835149,14.902077737166286,6.692873297864678,14.244634444298809,6.371636074835149
10.483333333258695,0.3690682558044846,0.15299590975978555,0.0,264.864356596155,178.1983639039141,0.0010561650507010245,0.012136598210469807,0.0,0.0,1.0,1.0,14.244974990087778,6.367379144138387,14.902077737166247,6.688227082641474,14.244974990087778,6.367379144138387
10.491666666591907,0.36898054686542153,0.15216644535400317,0.0,264.8327813577893,177.86657814160117,0.0010488862886674846,0.012087629499336837,0.0,0.0,1.0,1.0,14.245314852216014,6.363124719600901,14.902077737166273,6.683584092836565,14.245314852216014,6.363124719600901
10.49999999992512,0.36889344169442795,0.1513401107111962,0.0,264.8014234760684,177.53604428447838,0.00104167425724108,0.012038647498020496,0.0,0.0,1.0,1.0,14.245654040795738,6.358872804956911,14.902077737166302,6.67894432621085,14.245654040795738,6.358872804956911
10.508333333258332,0.36880693476259296,0.15051691179688612,0.0,264.7702809605831,177.20676471875433,0.001034528193450836,0.011989652399421215,0.0,0.0,1.0,1.0,14.245992565836987,6.354623403877411,14.90207773716629,6.6743077805267665,14.245992565836987,6.354623403877411
10.516666666591544,0.36872102060414896,0.1496968545053417,0.0,264.7393518436557,176.87874180213657,0.0010274473447700848,0.011940644395294988,0.0,0.0,1.0,1.0,14.246330437248634,6.350376519970924,14.902077737166305,6.6696744535483585,14.246330437248634,6.350376519970924
10.524999999924756,0.3686356938156077,0.14887994466043988,0.0,264.70863418002926,176.55197786417583,0.0010204309689500492,0.011891623676283623,0.0,0.0,1.0,1.0,14.246667664839487,6.346132156784229,14.902077737166314,6.665044343041153,14.246667664839487,6.346132156784229
10.533333333257968,0.3685509490549113,0.14806618801651344,0.0,264.6781260465617,176.22647520660524,0.0010134783338564594,0.011842590431944978,0.0,0.0,1.0,1.0,14.247004258319185,6.341890317802935,14.90207773716633,6.660417446772299,14.247004258319185,6.341890317802935
10.54166666659118,0.3684667810405957,0.147255590259184,0.0,264.64782554192476,175.9022361036735,0.0010065887173090924,0.011793544850782933,0.0,0.0,1.0,1.0,14.24734022729925,6.337651006452231,14.902077737166334,6.655793762510436,14.24734022729925,6.337651006452231
10.549999999924392,0.36838318455096775,0.14644815700617986,0.0,264.6177307863077,175.57926280247182,0.0009997614069242513,0.011744487120277196,0.0,0.0,1.0,1.0,14.247675581294095,6.333414226097524,14.902077737166318,6.651173288025788,14.247675581294095,6.333414226097524
10.558333333257604,0.3683001544232956,0.14564389380814072,0.0,264.58783992112575,175.25755752325617,0.0009929956999600747,0.01169541742691298,0.0,0.0,1.0,1.0,14.2480103297218,6.329179980045066,14.902077737166318,6.646556021090107,14.2480103297218,6.329179980045066
10.566666666590816,0.36821768555301104,0.14484280614940884,0.0,264.5581511087333,174.93712245976343,0.000986290903164619,0.011646335956210582,0.0,0.0,1.0,1.0,14.24834448190527,6.324948271542602,14.90207773716634,6.641941959476706,14.24834448190527,6.324948271542602
10.574999999924028,0.3681357728929258,0.1440448994488065,0.0,264.5286625321413,174.6179597795225,0.0009796463326267142,0.0115972428927548,0.0,0.0,1.0,1.0,14.248678047072671,6.320719103779899,14.902077737166314,6.6373311009604485,14.248678047072671,6.320719103779899
10.58333333325724,0.36805441145245865,0.14325017906039972,0.0,264.4993723947395,174.30007162415978,0.0009730613136294369,0.011548138420224195,0.0,0.0,1.0,1.0,14.249011034358658,6.316492479889403,14.902077737166316,6.632723443317728,14.249011034358658,6.316492479889403
10.591666666590452,0.367973596296875,0.14245865027424978,0.0,264.47027892002217,173.9834601096998,0.0009665351805062161,0.011499022721420336,0.0,0.0,1.0,1.0,14.249343452805007,6.312268402946733,14.902077737166309,6.6281189843264885,14.249343452805007,6.312268402946733
10.599999999923664,0.3678933225465395,0.14167031831715085,0.0,264.4413803513195,173.66812732686023,0.0009600672764995375,0.011449895978296862,0.0,0.0,1.0,1.0,14.24967531136147,6.308046875971375,14.902077737166337,6.623517721766214,14.24967531136147,6.308046875971375
10.608333333256876,0.3678135853761786,0.14088518835335526,0.0,264.4126749515319,173.35407534134197,0.0009536569536221501,0.011400758371988479,0.0,0.0,1.0,1.0,14.250006618886491,6.30382790192704,14.90207773716634,6.618919653417938,14.250006618886491,6.30382790192704
10.616666666590088,0.36773438001415615,0.14010326548528707,0.0,264.38416100286923,173.0413061941147,0.0009473035725207253,0.011351610082839947,0.0,0.0,1.0,1.0,14.250337384148015,6.2996114837223764,14.902077737166318,6.614324777064229,14.250337384148015,6.2996114837223764
10.6249999999233,0.3676557017417588,0.13932455475424238,0.0,264.35583680659363,172.72982190169682,0.0009410065023419354,0.011302451290434931,0.0,0.0,1.0,1.0,14.250667615823959,6.29539762421136,14.902077737166286,6.609733090489162,14.250667615823959,6.29539762421136
10.633333333256513,0.36757754589249386,0.1385490611410779,0.0,264.3277006827666,172.41962445643105,0.0009347651206009192,0.01125328217362482,0.0,0.0,1.0,1.0,14.25099732250322,6.291186326193849,14.902077737166264,6.605144591478426,14.25099732250322,6.291186326193849
10.641666666589725,0.3674999078513965,0.13777678956688794,0.0,264.2997509699998,172.11071582675504,0.0009285788130520195,0.011204102910557533,0.0,0.0,1.0,1.0,14.251326512686111,6.286977592416024,14.90207773716626,6.600559277819184,14.251326512686111,6.286977592416024
10.649999999922937,0.36742278305434933,0.13700774489366843,0.0,264.27198602520986,171.80309795746726,0.0009224469735618816,0.011154913678706222,0.0,0.0,1.0,1.0,14.251655194785075,6.28277142557087,14.90207773716624,6.595977147300151,14.251655194785075,6.28277142557087
10.658333333256149,0.36734616698741135,0.1362419319249706,0.0,264.244404223377,171.49677276998813,0.0009163690039847206,0.011105714654898033,0.0,0.0,1.0,1.0,14.25198337712528,6.278567828298718,14.902077737166243,6.591398197711592,14.25198337712528,6.278567828298718
10.66666666658936,0.3672700551861573,0.13547935540654313,0.0,264.21700395730704,171.19174216261715,0.0009103443140397835,0.011056506015342821,0.0,0.0,1.0,1.0,14.252311067945028,6.2743668031875055,14.902077737166241,6.586822426845287,14.252311067945028,6.2743668031875055
10.674999999922573,0.36719444323502703,0.13472002002696198,0.0,264.1897836373974,170.8880080107847,0.0009043723211909204,0.01100728793566186,0.0,0.0,1.0,1.0,14.252638275396636,6.270168352773438,14.902077737166225,6.582249832494537,14.252638275396636,6.270168352773438
10.683333333255785,0.3671193267666859,0.13396393041825064,0.0,264.1627416914065,170.58557216730014,0.0008984524505283705,0.010958060590916602,0.0,0.0,1.0,1.0,14.252965007546731,6.265972479541173,14.90207773716622,6.57768041245423,14.252965007546731,6.265972479541173
10.691666666588997,0.36704470146139323,0.13321109115648774,0.0,264.1358765642268,170.28443646259498,0.0008925841346524742,0.010908824155637379,0.0,0.0,1.0,1.0,14.253291272376723,6.261779185924378,14.902077737166248,6.573114164520713,14.253291272376723,6.261779185924378
10.699999999922209,0.3669705630463818,0.13246150676240553,0.0,264.109186717661,169.9846027049621,0.0008867668135594971,0.010859578803852278,0.0,0.0,1.0,1.0,14.25361707778339,6.257588474306083,14.902077737166273,6.56855108649193,14.25361707778339,6.257588474306083
10.708333333255421,0.36689690729524604,0.13171518170197682,0.0,264.0826706302022,169.6860726807906,0.0008809999345293771,0.010810324709115937,0.0,0.0,1.0,1.0,14.253942431579322,6.253400347019023,14.902077737166247,6.563991176167281,14.253942431579322,6.253400347019023
10.716666666588633,0.3668237300273397,0.13097212038699066,0.0,264.05632679681673,169.38884815479614,0.0008752829520154767,0.010761062044538418,0.0,0.0,1.0,1.0,14.254267341493303,6.249214806346026,14.902077737166273,6.559434431347786,14.254267341493303,6.249214806346026
10.724999999921845,0.36675102710718277,0.13023232717561972,0.0,264.03015372873085,169.09293087024776,0.0008696153275361709,0.010711790982814245,0.0,0.0,1.0,1.0,14.254591815170729,6.245031854520345,14.90207773716623,6.554880849835909,14.254591815170729,6.245031854520345
10.733333333255057,0.36667879444387674,0.12949580637297536,0.0,264.0041499532201,168.79832254919003,0.0008639965295683283,0.010662511696251419,0.0,0.0,1.0,1.0,14.254915860174043,6.240851493726061,14.9020777371662,6.550330429435689,14.254915860174043,6.240851493726061
10.74166666658827,0.3666070279905297,0.12876256223165386,0.0,263.9783140134026,168.50502489266142,0.0008584260334426637,0.010613224356800583,0.0,0.0,1.0,1.0,14.255239483982923,6.236673726098277,14.902077737166199,6.545783167952656,14.255239483982923,6.236673726098277
10.749999999921481,0.3665357237436889,0.1280325989522723,0.0,263.9526444680343,168.2130395809088,0.0008529033212408075,0.010563929136084293,0.0,0.0,1.0,1.0,14.255562693994797,6.23249855372359,14.902077737166179,6.541239063193864,14.255562693994797,6.23249855372359
10.758333333254694,0.3664648777427833,0.12730592068399424,0.0,263.92713989130874,167.92236827359758,0.0008474278816942374,0.010514626205426387,0.0,0.0,1.0,1.0,14.255885497524995,6.228325978640186,14.9020777371662,6.536698112967948,14.255885497524995,6.228325978640186
10.766666666587906,0.36639448606957237,0.12658253152504623,0.0,263.90179887265845,167.63301261001837,0.0008419992100848106,0.010465315735881496,0.0,0.0,1.0,1.0,14.256207901807205,6.22415600283838,14.902077737166191,6.532160315085013,14.256207901807205,6.22415600283838
10.774999999921118,0.36632454484760524,0.12586243552322454,0.0,263.8766200165602,167.3449742092897,0.0008366168081471123,0.010415997898264737,0.0,0.0,1.0,1.0,14.25652991399356,6.219988628260656,14.902077737166183,6.527625667356667,14.25652991399356,6.219988628260656
10.78333333325433,0.3662550502416869,0.12514563667639222,0.0,263.8516019423429,167.05825467055678,0.0008312801839724116,0.010366672863181516,0.0,0.0,1.0,1.0,14.256851541154933,6.215823856802059,14.902077737166193,6.523094167596074,14.256851541154933,6.215823856802059
10.791666666587542,0.3661859984573519,0.12443213893296678,0.0,263.82674328399804,166.7728555731866,0.0008259888519142158,0.010317340801057524,0.0,0.0,1.0,1.0,14.257172790281178,6.211661690310472,14.902077737166183,6.518565813617893,14.257172790281178,6.211661690310472
10.799999999920754,0.36611738574034697,0.12372194619239901,0.0,263.8020426899937,166.48877847695948,0.0008207423324954952,0.010268001882168951,0.0,0.0,1.0,1.0,14.257493668281288,6.207502130586709,14.90207773716619,6.5140406032383185,14.257493668281288,6.207502130586709
10.808333333253966,0.3660492083761205,0.12301506230564213,0.0,263.77749882309035,166.20602492225674,0.000815540152317422,0.010218656276672853,0.0,0.0,1.0,1.0,14.257814181983484,6.203345179384867,14.902077737166193,6.509518534275067,14.257814181983484,6.203345179384867
10.816666666587178,0.36598146268931986,0.12231149107561193,0.0,263.7531103601603,165.92459643024466,0.0008103818439696774,0.010169304154637768,0.0,0.0,1.0,1.0,14.258134338135593,6.199190838412504,14.902077737166215,6.504999604547335,14.258134338135593,6.199190838412504
10.82499999992039,0.3659141450432958,0.12161123625763834,0.0,263.7288759920088,165.64449450305523,0.0008052669459422364,0.010119945686074555,0.0,0.0,1.0,1.0,14.258454143404764,6.195039109330833,14.902077737166225,6.500483811875878,14.258454143404764,6.195039109330833
10.833333333253602,0.3658472518396147,0.1209143015599074,0.0,263.7047944231991,165.36572062396283,0.0008001950025386809,0.010070581040967468,0.0,0.0,1.0,1.0,14.258773604377962,6.190889993754917,14.902077737166222,6.495971154082917,14.258773604377962,6.190889993754917
10.841666666586814,0.3657807795175774,0.12022069064389573,0.0,263.68086437187856,165.08827625755816,0.0007951655637909087,0.010021210389305549,0.0,0.0,1.0,1.0,14.259092727561777,6.186743493253875,14.902077737166236,6.491461628992224,14.259092727561777,6.186743493253875
10.849999999920026,0.36571472455374576,0.11953040712479437,0.0,263.6570845696087,164.81216284991763,0.0007901781853753417,0.00997183390111419,0.0,0.0,1.0,1.0,14.259411519382569,6.182599609350934,14.902077737166223,6.486955234429055,14.259411519382569,6.182599609350934
10.858333333253238,0.3656490834614754,0.11884345457192577,0.0,263.6334537611966,164.5373818287702,0.0007852324285304512,0.009922451746487102,0.0,0.0,1.0,1.0,14.259729986186448,6.178458343523783,14.902077737166232,6.4824519682202135,14.259729986186448,6.178458343523783
10.86666666658645,0.36558385279045535,0.1181598365091514,0.0,263.60997070452976,164.26393460366046,0.0007803278599757038,0.009873064095618523,0.0,0.0,1.0,1.0,14.260048134239302,6.174319697204559,14.902077737166257,6.4779518281939525,14.260048134239302,6.174319697204559
10.874999999919662,0.36551902912625556,0.11747955641527094,0.0,263.5866341704123,163.99182256610825,0.0007754640518318888,0.009823671118835794,0.0,0.0,1.0,1.0,14.260365969726763,6.17018367177997,14.902077737166252,6.473454812180095,14.260365969726763,6.17018367177997
10.883333333252875,0.365454609089879,0.11680261772441353,0.0,263.5634429424047,163.7210470897653,0.0007706405815426647,0.009774272986632259,0.0,0.0,1.0,1.0,14.260683498754144,6.166050268591598,14.90207773716625,6.46896091800993,14.260683498754144,6.166050268591598
10.891666666586087,0.36539058933732205,0.11612902382642015,0.0,263.54039581666484,163.45160953056794,0.0007658570317975104,0.009724869869700541,0.0,0.0,1.0,1.0,14.261000727346367,6.161919488935795,14.902077737166255,6.464470143516251,14.261000727346367,6.161919488935795
10.899999999919299,0.3653269665591403,0.11545877806721745,0.0,263.5174916017919,163.18351122688688,0.0007611129904558835,0.009675461938966139,0.0,0.0,1.0,1.0,14.261317661447885,6.157791334063909,14.902077737166234,6.459982486533378,14.261317661447885,6.157791334063909
10.90833333325251,0.36526373748002067,0.11479188374918514,0.0,263.49472911867247,162.91675349967394,0.0007564080504726467,0.009626049365621564,0.0,0.0,1.0,1.0,14.26163430692251,6.153665805182321,14.902077737166247,6.455497944897116,14.26163430692251,6.153665805182321
10.916666666585723,0.3652008988583602,0.11412834413151303,0.0,263.4721072003287,162.6513376526051,0.0007517418098247392,0.009576632321160742,0.0,0.0,1.0,1.0,14.261950669553324,6.149542903452547,14.902077737166248,6.45101651644479,14.261950669553324,6.149542903452547
10.924999999918935,0.36513844748585034,0.11346816243055177,0.0,263.44962469176886,162.38726497222058,0.0007471138714390383,0.009527210977413967,0.0,0.0,1.0,1.0,14.262266755042493,6.145422629991326,14.902077737166275,6.446538199015225,14.262266755042493,6.145422629991326
10.933333333252147,0.36507638018706734,0.112811341820154,0.0,263.42728044983954,162.12453672806149,0.0007425238431213569,0.009477785506583208,0.0,0.0,1.0,1.0,14.262582569011107,6.141304985870585,14.90207773716626,6.442062990448713,14.262582569011107,6.141304985870585
10.941666666585359,0.365014693819069,0.11215788543200894,0.0,263.40507334308086,161.86315417280346,0.0007379713374867203,0.009428356081278007,0.0,0.0,1.0,1.0,14.262898116998926,6.137189972117587,14.902077737166275,6.4375908885871,14.262898116998926,6.137189972117587
10.949999999918571,0.3649533852709964,0.11150779635596898,0.0,263.383002251583,161.60311854238748,0.0007334559718906501,0.009378922874551825,0.0,0.0,1.0,1.0,14.263213404464143,6.133077589714923,14.90207773716626,6.433121891273689,14.263213404464143,6.133077589714923
10.958333333251783,0.364892451463682,0.11086107764036733,0.0,263.3610660668447,161.34443105614682,0.0007289773683616374,0.00932948605993892,0.0,0.0,1.0,1.0,14.263528436783119,6.128967839600533,14.902077737166229,6.428655996353281,14.263528436783119,6.128967839600533
10.966666666584995,0.3648318893492624,0.11021773229232866,0.0,263.33926369163464,161.08709291693134,0.0007245351535346986,0.009280045811491732,0.0,0.0,1.0,1.0,14.263843219250214,6.12486072266773,14.90207773716623,6.424193201672197,14.263843219250214,6.12486072266773
10.974999999918207,0.36477169591079805,0.10957776327807177,0.0,263.3175940398538,160.83110531122858,0.0007201289585860096,0.009230602303818905,0.0,0.0,1.0,1.0,14.264157757077294,6.120756239765174,14.902077737166225,6.419733505078234,14.264157757077294,6.120756239765174
10.98333333325142,0.3647118681618969,0.1089411735232053,0.0,263.2960560364004,160.576469409282,0.0007157584191686111,0.009181155712123912,0.0,0.0,1.0,1.0,14.26447205539363,6.1166543916969465,14.902077737166247,6.415276904420688,14.26447205539363,6.1166543916969465
10.991666666584631,0.3646524031463442,0.10830796591301398,0.0,263.27464861703635,160.32318636520546,0.0007114231753491162,0.00913170621224418,0.0,0.0,1.0,1.0,14.264786119245313,6.112555179222402,14.902077737166254,6.410823397550351,14.264786119245313,6.112555179222402
10.999999999917843,0.36459329793773737,0.10767814329273856,0.0,263.25337072825613,160.0712573170953,0.0007071228715454789,0.00908225398069099,0.0,0.0,1.0,1.0,14.265099953595072,6.10845860305626,14.902077737166262,6.406372982319523,14.265099953595072,6.10845860305626
11.008333333251056,0.3645345496391258,0.10705170846784845,0.0,263.2322213271568,159.82068338713927,0.0007028571564657291,0.009032799194690029,0.0,0.0,1.0,1.0,14.26541356332173,6.104364663868542,14.902077737166284,6.401925656581961,14.26541356332173,6.104364663868542
11.016666666584268,0.3644761553826559,0.10642866420430529,0.0,263.2111993813105,159.571465681722,0.0006986256830477204,0.00898334203222257,0.0,0.0,1.0,1.0,14.265726953219978,6.100273362284442,14.902077737166291,6.397481418192922,14.265726953219978,6.100273362284442
11.02499999991748,0.3644181123292214,0.10580901322881998,0.0,263.1903038686382,159.32360529152788,0.0006944281083998394,0.008933882672067451,0.0,0.0,1.0,1.0,14.266040127999622,6.096184698884372,14.902077737166293,6.393040265009159,14.266040127999622,6.096184698884372
11.033333333250692,0.36436041766811766,0.10519275822910239,0.0,263.1695337772856,159.07710329164084,0.0006902640937426255,0.008884421293843828,0.0,0.0,1.0,1.0,14.266353092285557,6.092098674203857,14.902077737166309,6.388602194888938,14.266353092285557,6.092098674203857
11.041666666583904,0.3643030686167019,0.10457990185410158,0.0,263.1488881055007,158.8319607416405,0.0006861333043513644,0.008834958078054563,0.0,0.0,1.0,1.0,14.266665850616967,6.088015288733448,14.902077737166325,6.38416720569196,14.266665850616967,6.088015288733448
11.049999999917116,0.3642460624200576,0.10397044671424152,0.0,263.1283658615128,158.5881786856965,0.000682035409499593,0.008785493206130701,0.0,0.0,1.0,1.0,14.266978407446796,6.083934542918636,14.902077737166325,6.379735295279443,14.266978407446796,6.083934542918636
11.058333333250328,0.36418939635066316,0.10336439538164596,0.0,263.1079660634137,158.34575815265828,0.000677970082403483,0.00873602686047649,0.0,0.0,1.0,1.0,14.267290767141446,6.079856437159738,14.902077737166298,6.3753064615141,14.267290767141446,6.079856437159738
11.06666666658354,0.3641330677080667,0.10276175039035866,0.0,263.08768773903995,158.10470015614334,0.0006739370001671216,0.00868655922451557,0.0,0.0,1.0,1.0,14.267602933980148,6.075780971811861,14.902077737166284,6.370880702260092,14.267602933980148,6.075780971811861
11.074999999916752,0.3640770738185632,0.10216251423655383,0.0,263.0675299258571,157.8650056946214,0.000669935843728652,0.00863709048273787,0.0,0.0,1.0,1.0,14.267914912154302,6.07170814718473,14.902077737166248,6.366458015383082,14.267914912154302,6.07170814718473
11.083333333249964,0.3640214120348777,0.10156668937874058,0.0,263.04749167084566,157.62667575149612,0.0006659662978072379,0.008587620820747608,0.0,0.0,1.0,1.0,14.268226705766791,6.067637963542554,14.902077737166222,6.36203839875022,14.268226705766791,6.067637963542554
11.091666666583176,0.3639660797358525,0.10097427823795856,0.0,263.02757203038817,157.3897112951833,0.0006620280508509287,0.00853815042531216,0.0,0.0,1.0,1.0,14.268538318831732,6.063570421103938,14.902077737166207,6.357621850230139,14.268538318831732,6.063570421103938
11.099999999916388,0.36391107432613834,0.100385283197967,0.0,263.00777007015836,157.15411327918667,0.000658120794985299,0.008488679484412086,0.0,0.0,1.0,1.0,14.26884975527363,6.059505520041718,14.902077737166204,6.353208367692929,14.26884975527363,6.059505520041718
11.1083333332496,0.36385639323589014,0.09979981510216533,0.0,262.9880848650114,156.91992604086602,0.0006542442259628798,0.008430823894868947,0.0,0.0,1.0,1.0,14.269161018888495,6.055443260465117,14.902077737166223,6.3487979490101845,14.269161018888495,6.055443260465117
11.116666666582812,0.3638020339204672,0.09921919638879567,0.0,262.96851549887595,156.68767855551815,0.0006503980431134586,0.00835735692847512,0.0,0.0,1.0,1.0,14.269472111228955,6.051383641440406,14.902077737166229,6.344390592054979,14.269472111228955,6.051383641440406
11.124999999916025,0.36374799386013645,0.09864376761021756,0.0,262.9490610646476,156.45750704408692,0.0006465819492950395,0.008284758435887196,0.0,0.0,1.0,1.0,14.269783030548249,6.047326660505669,14.902077737166254,6.339986294701846,14.269783030548249,6.047326660505669
11.133333333249237,0.36369427055978093,0.09807346636474126,0.0,262.9297206640836,156.22938654589638,0.0006427956508456922,0.008213015479607365,0.0,0.0,1.0,1.0,14.270093774849492,6.043272315086542,14.902077737166259,6.335585054826791,14.270093774849492,6.043272315086542
11.141666666582449,0.36364086154861164,0.09750823119033393,0.0,262.9104934076995,156.00329247613345,0.0006390388575360561,0.00814211535413367,0.0,0.0,1.0,1.0,14.270404342161562,6.039220602624145,14.90207773716625,6.331186870307292,14.270404342161562,6.039220602624145
11.14999999991566,0.3635877643798836,0.0969480015476603,0.0,262.8913784146664,155.779200619064,0.0006353112825226426,0.008072045581104609,0.0,0.0,1.0,1.0,14.270714730539167,6.035171520574963,14.902077737166222,6.326791739022341,14.270714730539167,6.035171520574963
11.158333333248873,0.3635349766306155,0.09639271780347779,0.0,262.87237481271046,155.557087121391,0.0006316126423018394,0.008002793904559508,0.0,0.0,1.0,1.0,14.271024938062125,6.031125066410601,14.902077737166232,6.322399658852351,14.271024938062125,6.031125066410601
11.166666666582085,0.363482495901313,0.0958423212143796,0.0,262.8534817380133,155.33692848575174,0.0006279426566646111,0.007934348286311864,0.0,0.0,1.0,1.0,14.271334962835436,6.0270812376176846,14.902077737166264,6.3180106276792305,14.271334962835436,6.0270812376176846
11.174999999915297,0.3634303198156965,0.09529675391087818,0.0,262.83469833511356,155.11870156435117,0.0006243010486519296,0.007866696901432626,0.0,0.0,1.0,1.0,14.271644802988916,6.0230400316977075,14.902077737166266,6.313624643386372,14.271644802988916,6.0230400316977075
11.183333333248509,0.36337844602043207,0.09475595888182009,0.0,262.8160237568105,154.9023835527279,0.0006206875445108987,0.007799828133840506,0.0,0.0,1.0,1.0,14.271954456676886,6.01900144616677,14.902077737166305,6.309241703858593,14.271954456676886,6.01900144616677
11.191666666581721,0.3633268721848659,0.09421987995912258,0.0,262.7974571640683,154.68795198364893,0.0006171018736515131,0.007733730571996109,0.0,0.0,1.0,1.0,14.272263922078032,6.014965478555506,14.902077737166309,6.304861806982234,14.272263922078032,6.014965478555506
11.199999999914933,0.36327559600076254,0.09368846180282848,0.0,262.7789977259216,154.47538472113126,0.0006135437686041103,0.007668393004697748,0.0,0.0,1.0,1.0,14.272573197395063,6.010932126408947,14.90207773716633,6.300484950645036,14.272573197395063,6.010932126408947
11.208333333248145,0.3632246151820467,0.09316164988646775,0.0,262.7606446193828,154.264659954587,0.0006100129649774762,0.007603804416975717,0.0,0.0,1.0,1.0,14.27288228085455,6.006901387286315,14.902077737166335,6.296111132736311,14.27288228085455,6.006901387286315
11.216666666581357,0.36317392746454846,0.09263939048272161,0.0,262.7423970293502,154.05575619308854,0.0006065092014175938,0.007539953986082789,0.0,0.0,1.0,1.0,14.273191170706523,6.0028732587608085,14.902077737166323,6.291740351146715,14.273191170706523,6.0028732587608085
11.22499999991457,0.3631235306057517,0.0921216306493792,0.0,262.7242541485174,153.84865225975156,0.0006030322195669901,0.007476831077578082,0.0,0.0,1.0,1.0,14.273499865224482,5.998847738419601,14.902077737166325,6.28737260376844,14.273499865224482,5.998847738419601
11.233333333247781,0.3630734223845465,0.09160831821558267,0.0,262.7062151772844,153.64332728623296,0.0005995817640247733,0.007414425241502151,0.0,0.0,1.0,1.0,14.273808362704928,5.994824823863556,14.902077737166334,6.283007888495135,14.273808362704928,5.994824823863556
11.241666666580993,0.3630236006009838,0.09109940176835252,0.0,262.688279323669,153.4397607073409,0.0005961575823071972,0.007352726208640789,0.0,0.0,1.0,1.0,14.274116661467218,5.990804512707124,14.902077737166346,6.2786462032218875,14.274116661467218,5.990804512707124
11.249999999914206,0.36297406307603447,0.09059483063938678,0.0,262.6704458032202,153.2379322557546,0.0005927594248088819,0.007291723886875173,0.0,0.0,1.0,1.0,14.274424759853236,5.986786802578175,14.902077737166337,6.274287545845282,14.274424759853236,5.986786802578175
11.258333333247418,0.36292480765135066,0.09009455489212796,0.0,262.6527138389323,153.03782195685108,0.0005893870447645854,0.007231408357616215,0.0,0.0,1.0,1.0,14.274732656227432,5.982771691117938,14.90207773716633,6.269931914263332,14.274732656227432,5.982771691117938
11.26666666658063,0.3628758321890309,0.08959852530909176,0.0,262.6350826611603,152.83941012363658,0.0005860401982115892,0.007171769872320911,0.0,0.0,1.0,1.0,14.275040348976226,5.978759175980711,14.902077737166339,6.265579306375523,14.275040348976226,5.978759175980711
11.274999999913842,0.36282713457138804,0.08910669337945044,0.0,262.6175515075363,152.64267735178007,0.0005827186439526307,0.007112798849088465,0.0,0.0,1.0,1.0,14.275347836507992,5.974749254833859,14.902077737166334,6.261229720082778,14.275347836507992,5.974749254833859
11.283333333247054,0.3627787127007204,0.08861901128686682,0.0,262.6001196228871,152.44760451474662,0.0005794221435193948,0.007054485869334342,0.0,0.0,1.0,1.0,14.275655117252809,5.970741925357546,14.902077737166355,6.256883153287523,14.275655117252809,5.970741925357546
11.291666666580266,0.3627305644990857,0.08813543189757135,0.0,262.58278625915324,152.25417275902842,0.000576150461136573,0.006996821674540039,0.0,0.0,1.0,1.0,14.275962189662245,5.966737185244698,14.902077737166346,6.252539603893609,14.275962189662245,5.966737185244698
11.299999999913478,0.36268268790807845,0.08765590874867776,0.0,262.5655506753081,152.062363499471,0.0005729033636864293,0.0069397971630767545,0.0,0.0,1.0,1.0,14.276269052209097,5.962735032200828,14.902077737166332,6.248199069806352,14.276269052209097,5.962735032200828
11.30833333324669,0.36263508088860963,0.0871803960367315,0.0,262.5484121372792,151.87215841469248,0.0005696806206739415,0.00688340338710104,0.0,0.0,1.0,1.0,14.276575703387165,5.958735463943834,14.90207773716628,6.243861548932493,14.276575703387165,5.958735463943834
11.316666666579902,0.36258774142068984,0.08670884860648659,0.0,262.5313699178698,151.6835394425945,0.000566482004192422,0.006827631549520693,0.0,0.0,1.0,1.0,14.276882141710995,5.954738478203959,14.902077737166277,6.239527039180239,14.276882141710995,5.954738478203959
11.324999999913114,0.36254066750321445,0.08624122193990284,0.0,262.51442329668197,151.496488775961,0.0005633072888896768,0.00677247300102879,0.0,0.0,1.0,1.0,14.277188365715825,5.950744072723604,14.902077737166284,6.235195538459294,14.277188365715825,5.950744072723604
11.333333333246326,0.3624938571537528,0.08577747214536313,0.0,262.49757156004006,151.31098885814515,0.0005601562519346518,0.006717919237204649,0.0,0.0,1.0,1.0,14.27749437395727,5.946752245257223,14.902077737166284,6.230867044680747,14.27749437395727,5.946752245257223
11.341666666579538,0.3624473084083395,0.0853175559471007,0.0,262.4808140009161,151.12702237884017,0.0005570286729846361,0.006663961895679494,0.0,0.0,1.0,1.0,14.277800165010978,5.9427629935711614,14.902077737166284,6.2265415557571835,14.277800165010978,5.9427629935711614
11.34999999991275,0.3624010193212678,0.08486143067483576,0.0,262.4641499188552,150.94457226993418,0.0005539243341528431,0.006610592753365587,0.0,0.0,1.0,1.0,14.278105737472606,5.938776315443506,14.902077737166305,6.22221906960262,14.278105737472606,5.938776315443506
11.358333333245962,0.36235498796488647,0.08440905425361503,0.0,262.4475786199025,150.76362170144589,0.0005508430199765507,0.006557803723747127,0.0,0.0,1.0,1.0,14.278411089957665,5.934792208664069,14.902077737166268,6.21789958413254,14.278411089957665,5.934792208664069
11.366666666579174,0.36230921242939973,0.08396038519384887,0.0,262.4310994165311,150.58415407753944,0.0005477845173857275,0.006505586854231173,0.0,0.0,1.0,1.0,14.278716221100975,5.930810671034072,14.902077737166271,6.213583097263851,14.278716221100975,5.930810671034072
11.374999999912387,0.3622636908226683,0.08351538258154367,0.0,262.41471162757034,150.40615303261734,0.0005447486156720526,0.006453934323557422,0.0,0.0,1.0,1.0,14.279021129556945,5.92683170036622,14.902077737166291,6.209269606914893,14.279021129556945,5.92683170036622
11.383333333245599,0.36221842127001425,0.08307400606872375,0.0,262.3984145781358,150.2296024274894,0.0005417351064584466,0.006402838439265178,0.0,0.0,1.0,1.0,14.279325813998977,5.9228552944844255,14.902077737166262,6.204959111005507,14.279325813998977,5.9228552944844255
11.39166666657881,0.3621734019140283,0.08263621586403752,0.0,262.38220759955976,150.0544863456149,0.0005387437836690532,0.006352291635215962,0.0,0.0,1.0,1.0,14.27963027311936,5.91888145122378,14.902077737166268,6.2006516074568925,14.27963027311936,5.91888145122378
11.399999999912023,0.3621286309143786,0.08220197272354779,0.0,262.3660900293222,149.880789089419,0.0005357744434995995,0.006302286469170839,0.0,0.0,1.0,1.0,14.279934505629269,5.914910168430382,14.902077737166268,6.1963470941917835,14.279934505629269,5.914910168430382
11.408333333245235,0.3620841064476231,0.08177123794169666,0.0,262.35006121098365,149.70849517667855,0.0005328268843882845,0.006252815620420541,0.0,0.0,1.0,1.0,14.280238510258267,5.910941443961189,14.9020777371663,6.192045569134316,14.280238510258267,5.910941443961189
11.416666666578447,0.3620398267070242,0.08134397334244681,0.0,262.3341204941181,149.5375893369786,0.0005299009069870339,0.006203871887467609,0.0,0.0,1.0,1.0,14.280542285754306,5.906975275683943,14.902077737166309,6.187747030210057,14.280542285754306,5.906975275683943
11.424999999911659,0.36199578990236486,0.08092014127058983,0.0,262.31826723424706,149.3680565082358,0.0005269963141331612,0.0061554481857587955,0.0,0.0,1.0,1.0,14.28084583088357,5.90301166147712,14.902077737166284,6.183451475346026,14.28084583088357,5.90301166147712
11.433333333244871,0.36195199425976743,0.08049970458322303,0.0,262.3025007927741,149.1998818332891,0.000524112910821477,0.00610753754546697,0.0,0.0,1.0,1.0,14.281149144430154,5.899050599229675,14.902077737166302,6.179158902470675,14.281149144430154,5.899050599229675
11.441666666578083,0.361908438021516,0.08008262664138723,0.0,262.2868205369211,149.03305065655476,0.0005212505041768262,0.006060133109320925,0.0,0.0,1.0,1.0,14.281452225195935,5.895092086840987,14.902077737166282,6.174869309513884,14.281452225195935,5.895092086840987
11.449999999911295,0.3618651194458793,0.0796688713018642,0.0,262.27122583966445,148.86754852074557,0.0005184089034269567,0.006013228130482169,0.0,0.0,1.0,1.0,14.281755072000351,5.891136122220752,14.90207773716631,6.170582694407006,14.281755072000351,5.891136122220752
11.458333333244507,0.3618220368069366,0.07925840290912907,0.0,262.25571607967225,148.70336116365152,0.0005155879198758299,0.005966815970467398,0.0,0.0,1.0,1.0,14.282057683680314,5.887182703288875,14.902077737166282,6.166299055082796,14.282057683680314,5.887182703288875
11.46666666657772,0.3617791883944063,0.07885118628745541,0.0,262.2402906412427,148.54047451498204,0.000512787366877328,0.005920890097115693,0.0,0.0,1.0,1.0,14.2823600590899,5.8832318279753535,14.902077737166278,6.162018389475464,14.2823600590899,5.8832318279753535
11.474999999910931,0.3617365725134755,0.07844718673316897,0.0,262.2249489142429,148.37887469326748,0.0005100070598092793,0.005875444082599266,0.0,0.0,1.0,1.0,14.282662197100228,5.879283494220127,14.902077737166266,6.157740695520632,14.282662197100228,5.879283494220127
11.483333333244143,0.36169418748463306,0.07804637000704685,0.0,262.2096902940482,148.21854800281864,0.0005072468160479397,0.005830471601476679,0.0,0.0,1.0,1.0,14.282964096599342,5.875337699973028,14.902077737166273,6.153465971155372,14.282964096599342,5.875337699973028
11.491666666577355,0.36165203164350346,0.07764870232685972,0.0,262.19451418148327,148.05948093074377,0.0005045064549427647,0.005785966428787658,0.0,0.0,1.0,1.0,14.28326575649196,5.871394443193644,14.902077737166247,6.149194214318201,14.28326575649196,5.871394443193644
11.499999999910568,0.3616101033406839,0.07725415036005262,0.0,262.17941998276257,147.90166014402092,0.0005017857977916055,0.0057419224381882765,0.0,0.0,1.0,1.0,14.283567175699249,5.8674537218511835,14.902077737166271,6.1449254229490275,14.283567175699249,5.8674537218511835
11.50833333324378,0.3615684009415829,0.07686268121656341,0.0,262.1644071094329,147.74507248662525,0.0004990846678162297,0.005698333600125833,0.0,0.0,1.0,1.0,14.283868353158773,5.863515533924398,14.90207773716628,6.140659594989229,14.283868353158773,5.863515533924398
11.516666666576992,0.361526922826261,0.07647426244177413,0.0,262.1494749783156,147.58970497670953,0.0004964028901382183,0.005655193980052214,0.0,0.0,1.0,1.0,14.284169287824245,5.859579877401528,14.90207773716627,6.136396728381588,14.284169287824245,5.859579877401528
11.524999999910204,0.36148566738927285,0.07608886200959299,0.0,262.13462301145,147.43554480383708,0.0004937402917551293,0.005612497736674966,0.0,0.0,1.0,1.0,14.284469978665378,5.855646750280094,14.902077737166268,6.132136821070324,14.284469978665378,5.855646750280094
11.533333333243416,0.3614446330395131,0.07570644831566521,0.0,262.11985063603777,147.28257932626596,0.0004910967015171455,0.005570239120245198,0.0,0.0,1.0,1.0,14.284770424667755,5.851716150566872,14.902077737166266,6.127879871001096,14.284770424667755,5.851716150566872
11.541666666576628,0.36140381820006157,0.07532699017070796,0.0,262.10515728438736,147.13079606828308,0.0004884719501038937,0.005528412470881316,0.0,0.0,1.0,1.0,14.285070624832551,5.847788076277776,14.902077737166262,6.1236258761209506,14.285070624832551,5.847788076277776
11.54999999990984,0.3613632213080328,0.07495045679396917,0.0,262.09054239385955,146.98018271758755,0.0004858658700017217,0.005487012216927911,0.0,0.0,1.0,1.0,14.285370578176467,5.843862525437694,14.9020777371663,6.119374834378414,14.285370578176467,5.843862525437694
11.558333333243052,0.3613228408144259,0.07457681780680554,0.0,262.07600540681375,146.8307271227221,0.0004832782954812243,0.005446032873348836,0.0,0.0,1.0,1.0,14.285670283731603,5.839939496080526,14.902077737166309,6.115126743723396,14.285670283731603,5.839939496080526
11.566666666576264,0.36128267518397683,0.07420604322637893,0.0,262.06154577055446,146.68241729055146,0.0004807090625750972,0.005405469040153781,0.0,0.0,1.0,1.0,14.285969740545113,5.836018986248924,14.902077737166286,6.110881602107221,14.285969740545113,5.836018986248924
11.574999999909476,0.36124272289501286,0.07383810345946666,0.0,262.04716293727927,146.53524138378654,0.0004781580090563665,0.005365315400857417,0.0,0.0,1.0,1.0,14.286268947679332,5.832100993994319,14.902077737166305,6.1066394074827155,14.286268947679332,5.832100993994319
11.583333333242688,0.361202982439308,0.07347296929638622,0.0,262.0328563640263,146.38918771855438,0.00047562497441682534,0.0053255667209705666,0.0,0.0,1.0,1.0,14.28656790421122,5.828185517376764,14.902077737166307,6.102400157804019,14.28656790421122,5.828185517376764
11.5916666665759,0.3611634523219407,0.07311061190502889,0.0,262.0186255126236,146.24424476201145,0.000473109799845841,0.005286217846522421,0.0,0.0,1.0,1.0,14.286866609232705,5.824272554464864,14.90207773716631,6.098163851026739,14.286866609232705,5.824272554464864
11.599999999909112,0.3611241310611536,0.07275100282500219,0.0,262.0044698496381,146.10040113000076,0.00047061232820947086,0.005247263702613239,0.0,0.0,1.0,1.0,14.287165061850075,5.820362103335653,14.902077737166323,6.093930485107921,14.287165061850075,5.820362103335653
11.608333333242324,0.36108501718821434,0.07239411396187785,0.0,261.99038884632586,145.95764558475102,0.0004681324040298025,0.00520869929199675,0.0,0.0,1.0,1.0,14.287463261184026,5.8164541620745185,14.902077737166337,6.089700058005983,14.287463261184026,5.8164541620745185
11.616666666575536,0.3610461092472787,0.07203991758154403,0.0,261.97638197858254,145.8159670326175,0.0004656698734646772,0.005170519693691667,0.0,0.0,1.0,1.0,14.287761206369536,5.812548728775124,14.902077737166346,6.085472567680828,14.287761206369536,5.812548728775124
11.624999999908749,0.3610074057952545,0.0716883863046586,0.0,261.9624487268947,145.6753545218633,0.0004632245842875936,0.005132720061621498,0.0,0.0,1.0,1.0,14.288058896555626,5.808645801539309,14.90207773716634,6.081248012093719,14.288058896555626,5.808645801539309
11.63333333324196,0.36096890540166876,0.07133949310120168,0.0,261.9485885762917,145.53579724048055,0.00046079638586799605,0.0050952956232820845,0.0,0.0,1.0,1.0,14.288356330905385,5.8047453784769685,14.902077737166358,6.077026389207356,14.288356330905385,5.8047453784769685
11.641666666575173,0.36093060664853466,0.07099321128512653,0.0,261.93480101629797,145.3972845140505,0.00045838512915175126,0.005058241678436314,0.0,0.0,1.0,1.0,14.28865350859547,5.800847457706031,14.902077737166373,6.072807696985855,14.28865350859547,5.800847457706031
11.649999999908385,0.3608925081302214,0.07064951450910473,0.0,261.9210855408861,145.25980580364177,0.000455990666641959,0.005021553597835161,0.0,0.0,1.0,1.0,14.28895042881637,5.796952037352258,14.90207773716639,6.0685919333947265,14.28895042881637,5.796952037352258
11.658333333241597,0.3608546084533252,0.07030837675936585,0.0,261.9074416484304,145.1233507037462,0.0004536128523799875,0.004985226821964738,0.0,0.0,1.0,1.0,14.28924709077198,5.793059115549311,14.902077737166389,6.064379096400896,14.28924709077198,5.793059115549311
11.666666666574809,0.3608169062365417,0.0699697723506283,0.0,261.89386884166095,144.9879089402512,0.00045125154192680145,0.004949256859818534,0.0,0.0,1.0,1.0,14.289543493679563,5.78916869043852,14.902077737166396,6.060169183972711,14.289543493679563,5.78916869043852
11.674999999908021,0.3607794001105407,0.06963367592111977,0.0,261.8803666276186,144.8534703684478,0.0004489065923445468,0.004913639287694371,0.0,0.0,1.0,1.0,14.289839636769642,5.78528076016889,14.90207773716641,6.055962194079949,14.289839636769642,5.78528076016889
11.683333333241233,0.3607420887178407,0.06930006242768591,0.0,261.8669345176097,144.72002497107425,0.00044657786217833234,0.004878369748015525,0.0,0.0,1.0,1.0,14.290135519285833,5.781395322896981,14.902077737166367,6.051758124693761,14.290135519285833,5.781395322896981
11.691666666574445,0.36070497071268703,0.06896890714098515,0.0,261.8535720271623,144.58756285639396,0.0004442652114383609,0.004843443948175451,0.0,0.0,1.0,1.0,14.290431140484603,5.777512376786814,14.90207773716637,6.047556973786732,14.290431140484603,5.777512376786814
11.699999999907657,0.3606680447609304,0.06864018564076786,0.0,261.84027867598223,144.45607425630703,0.0004419685015822466,0.0048088576594055524,0.0,0.0,1.0,1.0,14.290726499635207,5.773631920009829,14.902077737166383,6.043358739332827,14.290726499635207,5.773631920009829
11.70833333324087,0.36063130953990635,0.06831387381123817,0.0,261.82705398791006,144.32554952449516,0.00043968759549756046,0.004774606715665521,0.0,0.0,1.0,1.0,14.29102159601964,5.76975395074478,14.90207773716642,6.039163419307457,14.29102159601964,5.76975395074478
11.716666666574081,0.36059476373831756,0.06798994783649706,0.0,261.8138974908784,144.1959791345987,0.00043742235748466397,0.004740687012555712,0.0,0.0,1.0,1.0,14.291316428932392,5.765878467177591,14.902077737166408,6.034971011687388,14.291316428932392,5.765878467177591
11.724999999907293,0.3605584060561167,0.06766838419606508,0.0,261.80080871686994,144.06735367842592,0.0004351726532397564,0.00470709450625112,0.0,0.0,1.0,1.0,14.291610997680369,5.762005467501411,14.902077737166444,6.030781514450837,14.291610997680369,5.762005467501411
11.733333333240505,0.3605222352043903,0.0673491596604826,0.0,261.7877872018756,143.93966386419294,0.00043293834983813763,0.004673825212456358,0.0,0.0,1.0,1.0,14.29190530158272,5.758134949916465,14.902077737166428,6.026594925577394,14.29190530158272,5.758134949916465
11.741666666573717,0.360486249905245,0.06703225128698635,0.0,261.7748324858533,143.81290051479442,0.0004307193157177168,0.0046408752053812685,0.0,0.0,1.0,1.0,14.292199339970699,5.754266912629932,14.902077737166401,6.02241124304807,14.292199339970699,5.754266912629932
11.74999999990693,0.36045044889169453,0.06671763641526146,0.0,261.7619441126879,143.68705456610445,0.00042851542066275655,0.004608240616736739,0.0,0.0,1.0,1.0,14.292493112187602,5.750401353855909,14.902077737166369,6.01823046484529,14.292493112187602,5.750401353855909
11.758333333240142,0.36041483090754833,0.06640529266326607,0.0,261.74912163015034,143.56211706530632,0.0004263265357878227,0.004575917634750136,0.0,0.0,1.0,1.0,14.292786617588584,5.746538271815374,14.902077737166376,6.014052588952834,14.292786617588584,5.746538271815374
11.766666666573354,0.36037939470730107,0.06609519792312847,0.0,261.7363645898585,143.43807916925127,0.0004241525335219399,0.004543902503200071,0.0,0.0,1.0,1.0,14.293079855540546,5.74267766473602,14.902077737166367,6.009877613355905,14.293079855540546,5.74267766473602
11.774999999906566,0.3603441390560239,0.06578733035711405,0.0,261.7236725472377,143.3149321428455,0.0004219932875929994,0.0045121915204699645,0.0,0.0,1.0,1.0,14.293372825422013,5.738819530852292,14.902077737166378,6.0057055360411296,14.293372825422013,5.738819530852292
11.783333333239778,0.3603090627292569,0.06548166839366223,0.0,261.7110450614821,143.19266735746479,0.0004198486730123326,0.00448078103862009,0.0,0.0,1.0,1.0,14.293665526623029,5.734963868405182,14.902077737166392,6.001536354996495,14.293665526623029,5.734963868405182
11.79166666657299,0.36027416451290306,0.06517819072349074,0.0,261.69848169551636,143.07127628939617,0.000417718566059559,0.00444966746247764,0.0,0.0,1.0,1.0,14.293957958544938,5.731110675642312,14.902077737166415,5.9973700682114135,14.293957958544938,5.731110675642312
11.799999999906202,0.36023944320312223,0.06487687629576608,0.0,261.68598201595796,142.9507505183063,0.00041560284426753863,0.004418847248744383,0.0,0.0,1.0,1.0,14.294250120600406,5.72725995081768,14.902077737166412,5.99320667367667,14.294250120600406,5.72725995081768
11.808333333239414,0.3602048976062286,0.06457770431433946,0.0,261.67354559307955,142.83108172573566,0.00041350138640763574,0.004388316905121601,0.0,0.0,1.0,1.0,14.294542012213176,5.723411692191745,14.902077737166397,5.989046169384483,14.294542012213176,5.723411692191745
11.816666666572626,0.3601705265385873,0.06428065423404664,0.0,261.6611720007724,142.71226169361853,0.0004114140724751189,0.004358072989451906,0.0,0.0,1.0,1.0,14.29483363281809,5.719565898031311,14.90207773716638,5.9848885533284,14.29483363281809,5.719565898031311
11.824999999905838,0.3601363288265128,0.0639857057570702,0.0,261.6488608165095,142.59428230282796,0.0004093407836747426,0.004328112108877562,0.0,0.0,1.0,1.0,14.295124981860802,5.715722566609377,14.902077737166415,5.980733823503411,14.295124981860802,5.715722566609377
11.83333333323905,0.36010230330616977,0.06369283882936362,0.0,261.6366116213097,142.47713553174532,0.0004072814024065907,0.0042984309190149585,0.0,0.0,1.0,1.0,14.29541605879776,5.7118816962051815,14.902077737166431,5.976581977905872,14.29541605879776,5.7118816962051815
11.841666666572262,0.36006844882347294,0.06340203363713544,0.0,261.6244239997022,142.36081345485405,0.00040523581225204437,0.00426902612314491,0.0,0.0,1.0,1.0,14.295706863096118,5.708043285104106,14.902077737166424,5.97243301453355,14.295706863096118,5.708043285104106
11.849999999905474,0.3600347642339897,0.06311327060339209,0.0,261.61229753969087,142.24530824135672,0.00040320389795994857,0.004239894471418352,0.0,0.0,1.0,1.0,14.295997394233577,5.7042073315975275,14.902077737166428,5.968286931385605,14.295997394233577,5.7042073315975275
11.858333333238686,0.36000124840284337,0.06282653038453949,0.0,261.6002318327199,142.13061215381566,0.0004011855454329994,0.004211032760077258,0.0,0.0,1.0,1.0,14.296287651698114,5.7003738339828605,14.902077737166428,5.9641437264625665,14.296287651698114,5.7003738339828605
11.866666666571899,0.3599679002046179,0.06254179386704092,0.0,261.5882264736392,142.01671754681627,0.0003991806417143034,0.004182437830690302,0.0,0.0,1.0,1.0,14.296577634988223,5.696542790563418,14.902077737166426,5.960003397766381,14.296577634988223,5.696542790563418
11.87499999990511,0.3599347185232626,0.06225904216413096,0.0,261.57628106067034,141.90361686565228,0.00039718907497403994,0.004154106569403036,0.0,0.0,1.0,1.0,14.296867343612517,5.692714199648354,14.902077737166431,5.955865943300312,14.296867343612517,5.692714199648354
11.883333333238323,0.3599017022519998,0.06197825661258375,0.0,261.5643951953731,141.7913026450334,0.00039521073449644766,0.004126035906202242,0.0,0.0,1.0,1.0,14.297156777089763,5.688888059552649,14.902077737166408,5.951731361069126,14.297156777089763,5.688888059552649
11.891666666571535,0.3598688502932316,0.06169941876953578,0.0,261.55256848261195,141.6797675078142,0.0003932455106668174,0.0040982228141941985,0.0,0.0,1.0,1.0,14.297445934948664,5.685064368597046,14.902077737166412,5.947599649078853,14.297445934948664,5.685064368597046
11.899999999904747,0.3598361615584494,0.06142251040936006,0.0,261.5408005305235,141.5690041637439,0.00039129329495879607,0.0040706643088964534,0.0,0.0,1.0,1.0,14.29773481672789,5.681243125107848,14.902077737166412,5.943470805336976,14.29773481672789,5.681243125107848
11.908333333237959,0.35980363496814305,0.061147513520592944,0.0,261.5290909504839,141.45900540823706,0.0003893539799217629,0.004043357447542976,0.0,0.0,1.0,1.0,14.298023421975754,5.677424327417033,14.902077737166463,5.939344827852369,14.298023421975754,5.677424327417033
11.916666666571171,0.35977126945171223,0.06087441030291171,0.0,261.5174393570768,141.34976412116458,0.00038742745916843567,0.00401629932840232,0.0,0.0,1.0,1.0,14.2983117502503,5.673607973862102,14.902077737166465,5.9352217146352535,14.2983117502503,5.673607973862102
11.924999999904383,0.35973906394737815,0.06060318316416079,0.0,261.50584536806156,141.2412732656642,0.0003855136273625938,0.003989487090108453,0.0,0.0,1.0,1.0,14.298599801119128,5.669794062786068,14.902077737166474,5.931101463697233,14.298599801119128,5.669794062786068
11.933333333237595,0.3597070174020968,0.06033381471742828,0.0,261.4943086043421,141.1335258869712,0.0003836123802070162,0.003962917911004189,0.0,0.0,1.0,1.0,14.298887574159417,5.665982592537317,14.902077737166485,5.926984073051321,14.298887574159417,5.665982592537317
11.941666666570807,0.3596751287714723,0.06006628777816897,0.0,261.4828286899356,141.02651511126749,0.0003817236144315043,0.003936589008496699,0.0,0.0,1.0,1.0,14.299175068957553,5.662173561469629,14.902077737166533,5.922869540711875,14.299175068957553,5.662173561469629
11.94999999990402,0.35964339701967213,0.059800585361375135,0.0,261.47140525194226,140.92023414454994,0.0003798472277811221,0.003910497638425067,0.0,0.0,1.0,1.0,14.299462285109213,5.6583669679420625,14.9020777371665,5.918757864694668,14.299462285109213,5.6583669679420625
11.958333333237231,0.35961182111934287,0.05953669067879364,0.0,261.4600379205145,140.81467627151733,0.00037798311900456817,0.003884641094439573,0.0,0.0,1.0,1.0,14.299749222219326,5.654562810318899,14.902077737166504,5.9146490430168335,14.299749222219326,5.654562810318899
11.966666666570443,0.35958040005152736,0.05927458713618731,0.0,261.4487263288275,140.70983485447482,0.0003761311878427035,0.003859016707392332,0.0,0.0,1.0,1.0,14.300035879901756,5.650761086969675,14.902077737166511,5.910543073696869,14.300035879901756,5.650761086969675
11.974999999903655,0.3595491328055821,0.059014258330641924,0.0,261.4374701130494,140.60570333225667,0.0003742913350172312,0.0038336218447393025,0.0,0.0,1.0,1.0,14.300322257779314,5.64696179626895,14.902077737166518,5.906439954754642,14.300322257779314,5.64696179626895
11.983333333236867,0.3595180183790963,0.05875568804791586,0.0,261.42626891231214,140.50227521916622,0.0003724634622195126,0.00380845390995317,0.0,0.0,1.0,1.0,14.30060835548388,5.643164936596472,14.90207773716652,5.902339684211423,14.30060835548388,5.643164936596472
11.99166666657008,0.35948705577781137,0.05849886025983306,0.0,261.41512236868226,140.3995441039331,0.00037064747209954066,0.0037835103419470734,0.0,0.0,1.0,1.0,14.300894172655884,5.639370506336904,14.902077737166524,5.898242260089872,14.300894172655884,5.639370506336904
11.999999999903292,0.3594562440155414,0.058243759121717684,0.0,261.4040301271327,140.29750364868696,0.00036884326825504724,0.0037587886145088313,0.0,0.0,1.0,1.0,14.301179708944504,5.6355785038798984,14.902077737166513,5.894147680413955,14.301179708944504,5.6355785038798984
12.008333333236505,0.35942558211409503,0.057990368969870545,0.0,261.3929918355144,140.1961475879481,0.000367050755220765,0.0037342862357455566,0.0,0.0,1.0,1.0,14.301464964007533,5.631788927620075,14.902077737166529,5.890055943209067,14.301464964007533,5.631788927620075
12.016666666569717,0.35939506910319713,0.057738674319084964,0.0,261.38200714452796,140.09546972763388,0.0003652698384578007,0.003710000747538287,0.0,0.0,1.0,1.0,14.301749937511154,5.628001775956821,14.902077737166556,5.88596704650196,14.301749937511154,5.628001775956821
12.02499999990293,0.35936470402041276,0.057488659860203635,0.0,261.3710757076966,139.99546394408134,0.0003635004243431897,0.0036859297250066425,0.0,0.0,1.0,1.0,14.30203462913007,5.624217047294342,14.902077737166543,5.881880988320726,14.30203462913007,5.624217047294342
12.033333333236142,0.35933448591107087,0.05724031045771344,0.0,261.3601971813386,139.89612418308525,0.00036174242015953745,0.003662070775983094,0.0,0.0,1.0,1.0,14.302319038547143,5.620434740041603,14.902077737166548,5.87779776669487,14.302319038547143,5.620434740041603
12.041666666569354,0.3593044138281893,0.05699361114737934,0.0,261.3493712245401,139.79744445895162,0.00035999573408483453,0.003638421540496809,0.0,0.0,1.0,1.0,14.302603165453517,5.616654852612237,14.902077737166568,5.8737173796552495,14.302603165453517,5.616654852612237
12.049999999902566,0.35927448683240076,0.05674854713391515,0.0,261.3385974991287,139.69941885356593,0.0003582602751823797,0.0036149796902667543,0.0,0.0,1.0,1.0,14.302887009548527,5.612877383424567,14.902077737166564,5.869639825234082,14.302887009548527,5.612877383424567
12.058333333235778,0.3592447039918792,0.05650510378869212,0.0,261.32787566964674,139.60204151547674,0.0003565359533908224,0.003591742928203994,0.0,0.0,1.0,1.0,14.303170570539402,5.609102330901458,14.902077737166572,5.86556510146495,14.303170570539402,5.609102330901458
12.06666666656899,0.3592150643822675,0.05626326664748268,0.0,261.31720540332554,139.50530665899296,0.0003548226795143715,0.0035687089879228432,0.0,0.0,1.0,1.0,14.303453848141352,5.605329693470319,14.902077737166561,5.861493206382808,14.303453848141352,5.605329693470319
12.074999999902202,0.35918556708660576,0.05602302140824082,0.0,261.3065863700592,139.4092085632962,0.00035312036521308846,0.003545875633260867,0.0,0.0,1.0,1.0,14.30373684207752,5.6015594695630515,14.902077737166557,5.857424138023965,14.30373684207752,5.6015594695630515
12.083333333235414,0.3591562111952601,0.05578435392891661,0.0,261.29601824237943,139.31374157156654,0.0003514289229933328,0.0035232406578073958,0.0,0.0,1.0,1.0,14.304019552078717,5.59779165761604,14.902077737166582,5.853357894426098,14.304019552078717,5.59779165761604
12.091666666568626,0.3591269958058528,0.05554725022530588,0.0,261.28550069542996,139.21890009012225,0.00034974826619830297,0.003500801884440527,0.0,0.0,1.0,1.0,14.304301977883474,5.594026256069975,14.902077737166596,5.849294473628251,14.304301977883474,5.594026256069975
12.099999999901838,0.35909792002319296,0.05531169646893251,0.0,261.27503340694193,139.12467858757287,0.0003480783089987431,0.003478557164872263,0.0,0.0,1.0,1.0,14.30458411923795,5.590263263369961,14.902077737166591,5.84523387367084,14.30458411923795,5.590263263369961
12.10833333323505,0.35906898295920775,0.05507767898496494,0.0,261.26461605720885,139.03107159398587,0.0003464189663837018,0.003456504379201837,0.0,0.0,1.0,1.0,14.304865975895755,5.586502677965328,14.902077737166588,5.84117609259561,14.304865975895755,5.586502677965328
12.116666666568262,0.3590401837328748,0.054845184250164734,0.0,261.25424832906253,138.9380737000658,0.0003447701541514711,0.0034346414354769084,0.0,0.0,1.0,1.0,14.305147547618025,5.5827444983097445,14.902077737166598,5.8371211284456805,14.305147547618025,5.5827444983097445
12.124999999901474,0.35901152147015464,0.05461419889086674,0.0,261.2439299078485,138.84567955634657,0.0003431317889005874,0.003412966269262488,0.0,0.0,1.0,1.0,14.305428834173117,5.578988722860984,14.902077737166612,5.833068979265545,14.305428834173117,5.578988722860984
12.133333333234686,0.3589829953039254,0.05438470968099097,0.0,261.2336604814027,138.75388387239627,0.00034150378802101644,0.0033914768432174907,0.0,0.0,1.0,1.0,14.305709835336787,5.575235350081027,14.90207773716664,5.829019643101064,14.305709835336787,5.575235350081027
12.141666666567899,0.3589546043739162,0.05415670354008577,0.0,261.2234397400274,138.6626814160342,0.0003398860696853555,0.0033701711466788036,0.0,0.0,1.0,1.0,14.305990550891876,5.571484378435971,14.902077737166634,5.824973117999409,14.305990550891876,5.571484378435971
12.14999999990111,0.35892634782664284,0.0539301675314001,0.0,261.2132673764681,138.57206701255993,0.00033827855284023064,0.003349047195252532,0.0,0.0,1.0,1.0,14.306270980628508,5.567735806395945,14.902077737166662,5.820929402009121,14.306270980628508,5.567735806395945
12.158333333234323,0.35889822481534317,0.05370508885998679,0.0,261.20314308589025,138.48203554399458,0.00033668115719774367,0.0033281030304125334,0.0,0.0,1.0,1.0,14.306551124343626,5.563989632435103,14.902077737166609,5.8168884931801195,14.306551124343626,5.563989632435103
12.166666666567535,0.35887023449991456,0.05348145487083408,0.0,261.1930665658567,138.39258194833351,0.00033509380322707964,0.003307336719105888,0.0,0.0,1.0,1.0,14.306830981841184,5.5602458550315985,14.90207773716661,5.812850389563657,14.306830981841184,5.5602458550315985
12.174999999900747,0.3588423760468499,0.05325925304702642,0.0,261.18303751630475,138.30370121881046,0.00033351641214615223,0.0032867463533652955,0.0,0.0,1.0,1.0,14.307110552932043,5.556504472667451,14.902077737166628,5.808815089212354,14.307110552932043,5.556504472667451
12.183333333233959,0.35881464862917684,0.05303847100793308,0.0,261.173055639524,138.2153884031731,0.00033194890591343844,0.003266330049928187,0.0,0.0,1.0,1.0,14.307389837433915,5.552765483828657,14.902077737166625,5.804782590180165,14.307389837433915,5.552765483828657
12.191666666567171,0.35878705142639544,0.05281909650742502,0.0,261.1631206401345,138.12763860296988,0.00033039120721984255,0.003246085949862509,0.0,0.0,1.0,1.0,14.307668835171162,5.54902888700499,14.902077737166639,5.800752890522422,14.307668835171162,5.54902888700499
12.199999999900383,0.358759583624418,0.05260111743211802,0.0,261.15323222506436,138.0404469728471,0.0003288432394806814,0.0032260122181988933,0.0,0.0,1.0,1.0,14.307947545974777,5.545294680690051,14.902077737166664,5.7967259882957665,14.307947545974777,5.545294680690051
12.208333333233595,0.3587322444155087,0.05238452179964363,0.0,261.1433901035285,137.95380871985734,0.00032730492682779864,0.003206107043569298,0.0,0.0,1.0,1.0,14.308225969682383,5.541562863381186,14.90207773716665,5.792701881558225,14.308225969682383,5.541562863381186
12.216666666566807,0.3587050329982249,0.052169297756945655,0.0,261.1335939870074,137.86771910277815,0.0003257761941017654,0.003186368637851805,0.0,0.0,1.0,1.0,14.308504106138209,5.537833433579471,14.90207773716664,5.788680568369156,14.308504106138209,5.537833433579471
12.22499999990002,0.3586779485773572,0.051955433578603064,0.0,261.12384358922543,137.7821734314411,0.000324256966844115,0.0031667952358215914,0.0,0.0,1.0,1.0,14.308781955192627,5.534106389789676,14.902077737166639,5.784662046789264,14.308781955192627,5.534106389789676
12.233333333233231,0.35865099036387227,0.051742917665177676,0.0,261.11413862613057,137.69716706607096,0.00032274717128978267,0.003147385094807853,0.0,0.0,1.0,1.0,14.309059516702636,5.5303817305201814,14.902077737166652,5.780646314880607,14.309059516702636,5.5303817305201814
12.241666666566443,0.3586241575748553,0.051531738541586984,0.0,261.1044788158731,137.61269541663466,0.0003212467343595611,0.0031281364943566035,0.0,0.0,1.0,1.0,14.30933679053137,5.526659454282967,14.902077737166648,5.776633370706592,14.30933679053137,5.526659454282967
12.249999999899655,0.35859744943345295,0.05132188485550171,0.0,261.0948638787859,137.52875394220058,0.00031975558365268176,0.003109047735899283,0.0,0.0,1.0,1.0,14.309613776548252,5.522939559593603,14.902077737166637,5.772623212331957,14.309613776548252,5.522939559593603
12.258333333232867,0.358570865168817,0.0511133453757672,0.0,261.08529353736316,137.44533815030675,0.000318273647439453,0.003090117142426987,0.0,0.0,1.0,1.0,14.309890474628823,5.519222044971152,14.902077737166637,5.768615837822797,14.309890474628823,5.519222044971152
12.26666666656608,0.3585444040160489,0.050906108990848874,0.0,261.0757675162414,137.36244359633943,0.0003168008546540436,0.003071343058170281,0.0,0.0,1.0,1.0,14.310166884654716,5.515506908938138,14.902077737166676,5.764611245246544,14.310166884654716,5.515506908938138
12.274999999899292,0.35851806521614504,0.05070016470730001,0.0,261.066285542179,137.28006588291987,0.0003153371348873174,0.0030527238482843766,0.0,0.0,1.0,1.0,14.310443006513538,5.511794150020568,14.90207773716668,5.760609432671973,14.310443006513538,5.511794150020568
12.283333333232504,0.3584918480159417,0.05049550164825401,0.0,261.05684734403707,137.19820065930148,0.0003138824183797564,0.0030342578985397828,0.0,0.0,1.0,1.0,14.310718840098898,5.50808376674783,14.902077737166687,5.7566103981691965,14.310718840098898,5.50808376674783
12.291666666565716,0.3584657516680619,0.05029210905193714,0.0,261.0474526527595,137.11684362077474,0.0003124366360144933,0.0030159436150180114,0.0,0.0,1.0,1.0,14.310994385310288,5.504375757652668,14.90207773716669,5.752614139809659,14.310994385310288,5.504375757652668
12.299999999898928,0.35843977543086136,0.050089976270205304,0.0,261.03810120135427,137.035990508082,0.00031099971931039495,0.0029977794238126047,0.0,0.0,1.0,1.0,14.311269642052913,5.5006701212712255,14.90207773716671,5.748620655666149,14.311269642052913,5.5006701212712255
12.30833333323214,0.3584139185683764,0.04987689358462046,0.0,261.0287927248743,136.95564619280265,0.0003095716004152605,0.002978674008901717,0.0,0.0,1.0,1.0,14.311392496839893,5.496903061623265,14.902077737166712,5.744629943812795,14.311392496839893,5.496903061623265
12.316666666565352,0.3583881803502717,0.049655387275822103,0.0,261.0195269603987,136.87585047837302,0.00030815221209910544,0.002958853276745673,0.0,0.0,1.0,1.0,14.311392496839888,5.493087093267485,14.902077737166731,5.740642002325084,14.311392496839888,5.493087093267485
12.324999999898564,0.35836256005178846,0.04943534551215095,0.0,261.0103036470141,136.79660429966225,0.0003067414877474943,0.002939207317515102,0.0,0.0,1.0,1.0,14.311392496839902,5.489273773968266,14.90207773716674,5.736656829279801,14.311392496839902,5.489273773968266
12.333333333231776,0.3583370569536939,0.0492167554600672,0.0,261.0011225257966,136.7179027013092,0.00030533936135499195,0.0029197342149731636,0.0,0.0,1.0,1.0,14.3113924968399,5.4854631018866415,14.902077737166742,5.732674422755095,14.3113924968399,5.4854631018866415
12.341666666564988,0.35831167034223,0.04899960442590747,0.0,260.991983339793,136.63974078309016,0.0003039457675186612,0.002900432077979342,0.0,0.0,1.0,1.0,14.311392496839884,5.481655075184902,14.902077737166756,5.7286947808304385,14.311392496839884,5.481655075184902
12.3499999998982,0.3582863995090643,0.04878387985406348,0.0,260.98288583400364,136.56211369918958,0.00030256064143167037,0.0028812990401075812,0.0,0.0,1.0,1.0,14.311392496839888,5.477849692026635,14.902077737166744,5.724717901586631,14.311392496839888,5.477849692026635
12.358333333231412,0.3582612437512404,0.048569569325187564,0.0,260.97382975536397,136.48501665748205,0.000301183918876972,0.002862333259270989,0.0,0.0,1.0,1.0,14.311392496839872,5.474046950576683,14.90207773716675,5.720743783105805,14.311392496839872,5.474046950576683
12.366666666564624,0.3582362023711286,0.04835666055442566,0.0,260.9648148527271,136.40844491882552,0.00029981553622102563,0.0028435329173530444,0.0,0.0,1.0,1.0,14.311392496839897,5.470246849001182,14.902077737166739,5.716772423471444,14.311392496839897,5.470246849001182
12.374999999897836,0.3582112746763777,0.04814514138967703,0.0,260.9558408768465,136.3323937963649,0.0002984554304076324,0.002824896219845186,0.0,0.0,1.0,1.0,14.311392496839886,5.4664493854675325,14.902077737166753,5.712803820768355,14.311392496839886,5.4664493854675325
12.383333333231048,0.35818645997986753,0.047934999809879725,0.0,260.94690758035864,136.2568586548464,0.00029710353895184144,0.0028064213954906037,0.0,0.0,1.0,1.0,14.311392496839918,5.462654558144392,14.902077737166746,5.70883797308263,14.311392496839918,5.462654558144392
12.39166666656426,0.3581617575996612,0.047726223923322195,0.0,260.93801471776624,136.18183490994252,0.0002957597999339078,0.0027881066959341747,0.0,0.0,1.0,1.0,14.311392496839915,5.458862365201722,14.90207773716677,5.704874878501755,14.311392496839915,5.458862365201722
12.399999999897473,0.3581371668589584,0.04751880196597974,0.0,260.9291620454209,136.1073180275867,0.0002944241519933558,0.002769950395378377,0.0,0.0,1.0,1.0,14.311392496839916,5.455072804810728,14.902077737166781,5.7009145351145065,14.311392496839916,5.455072804810728
12.408333333230685,0.3581126870860491,0.04731272229987675,0.0,260.920349321507,136.03330352331872,0.00029309653432307327,0.0027519507902451514,0.0,0.0,1.0,1.0,14.311392496839902,5.451285875143908,14.902077737166778,5.6969569410109955,14.311392496839902,5.451285875143908
12.416666666563897,0.3580883176142673,0.04710797341147208,0.0,260.9115763060244,135.9597869616395,0.0002917768866635002,0.002734106198843447,0.0,0.0,1.0,1.0,14.311392496839893,5.447501574375003,14.902077737166763,5.6930020942826625,14.311392496839893,5.447501574375003
12.424999999897109,0.3580640577819464,0.04690454391006945,0.0,260.9028427607732,135.88676395537584,0.0002904651492969142,0.002716414961042495,0.0,0.0,1.0,1.0,14.31139249683989,5.443719900679004,14.902077737166767,5.689049993022259,14.31139249683989,5.443719900679004
12.43333333323032,0.3580399069323733,0.04670242252625123,0.0,260.89414844933646,135.81423016505445,0.00028916126304171175,0.002698875437950621,0.0,0.0,1.0,1.0,14.311392496839877,5.439940852232229,14.902077737166763,5.685100635323897,14.311392496839877,5.439940852232229
12.441666666563533,0.358015864413745,0.04650159811033489,0.0,260.8854931370648,135.74218129828574,0.00028786516924683204,0.0026814860115994764,0.0,0.0,1.0,1.0,14.311392496839893,5.436164427212221,14.902077737166753,5.681154019282974,14.311392496839893,5.436164427212221
12.449999999896745,0.3579919295791238,0.0463020596308533,0.0,260.87687659106075,135.67061310915656,0.00028657680978621527,0.0026642450846336777,0.0,0.0,1.0,1.0,14.311392496839877,5.432390623797825,14.902077737166799,5.677210142996232,14.311392496839877,5.432390623797825
12.458333333229957,0.3579681017863939,0.046103796173056315,0.0,260.8682985801623,135.59952139763203,0.0002852961270532927,0.002647151080005611,0.0,0.0,1.0,1.0,14.311392496839872,5.428619440169067,14.902077737166774,5.67326900456171,14.311392496839872,5.428619440169067
12.46666666656317,0.3579443803982189,0.045906796937435455,0.0,260.8597588749282,135.52890200896644,0.0002840230639556382,0.0026302024406754504,0.0,0.0,1.0,1.0,14.311392496839897,5.4248508745073325,14.902077737166795,5.669330602078776,14.311392496839897,5.4248508745073325
12.474999999896381,0.3579207647819986,0.04571105123826957,0.0,260.85125724762236,135.45875083312274,0.00028275756390956023,0.0026133976293161902,0.0,0.0,1.0,1.0,14.311392496839902,5.421084924995222,14.902077737166806,5.665394933648131,14.311392496839902,5.421084924995222
12.483333333229593,0.357897254309827,0.04551654850219231,0.0,260.8427934721983,135.38906380420076,0.00028149957083487427,0.0025967351280236305,0.0,0.0,1.0,1.0,14.311392496839874,5.417321589816588,14.9020777371668,5.661461997371797,14.311392496839874,5.417321589816588
12.491666666562805,0.3578738483584508,0.04532327826677995,0.0,260.8343673242848,135.31983689987382,0.00028024902914965284,0.0025802134380312125,0.0,0.0,1.0,1.0,14.311392496839863,5.4135608671565825,14.902077737166797,5.657531791353078,14.311392496839863,5.4135608671565825
12.499999999896017,0.3578505463092275,0.04513123017916055,0.0,260.8259785811705,135.25106614083373,0.0002790058837650641,0.002563831079429645,0.0,0.0,1.0,1.0,14.31139249683988,5.409802755201583,14.90207773716677,5.653604313696657,14.31139249683988,5.409802755201583
12.50833333322923,0.3578273475480852,0.04494039399464293,0.0,260.8176270217891,135.1827475902439,0.0002777700800802972,0.0025475865908911963,0.0,0.0,1.0,1.0,14.311392496839902,5.406047252139254,14.902077737166785,5.649679562508474,14.311392496839902,5.406047252139254
12.516666666562442,0.35780425146548167,0.04475075957536587,0.0,260.80931242670556,135.11487735320063,0.00027654156397751285,0.0025314785293985773,0.0,0.0,1.0,1.0,14.311392496839915,5.402294356158485,14.90207773716678,5.645757535895803,14.311392496839915,5.402294356158485
12.524999999895654,0.35778125745636474,0.044562316888966516,0.0,260.80103457810077,135.04745157620212,0.00027532028181687584,0.0025155054699783175,0.0,0.0,1.0,1.0,14.311392496839916,5.398544065449432,14.902077737166792,5.641838231967239,14.311392496839916,5.398544065449432
12.533333333228866,0.35775836492013185,0.044375056007268626,0.0,260.79279325975773,134.98046644662557,0.00027410618043161115,0.0024996660054385925,0.0,0.0,1.0,1.0,14.311392496839916,5.394796378203534,14.902077737166808,5.637921648832675,14.311392496839916,5.394796378203534
12.541666666562078,0.3577355732605921,0.044188967104989284,0.0,260.7845882570476,134.9139181922115,0.0002728992071231833,0.002483958746111356,0.0,0.0,1.0,1.0,14.311392496839916,5.3910512926134615,14.902077737166804,5.634007784603338,14.311392496839916,5.3910512926134615
12.54999999989529,0.3577128818859262,0.04400404045846437,0.0,260.7764193569152,134.84780308055593,0.000271699309656463,0.002468382319598732,0.0,0.0,1.0,1.0,14.311392496839916,5.387308806873128,14.902077737166792,5.630096637391761,14.311392496839916,5.387308806873128
12.558333333228502,0.35769029020864884,0.043820266444392984,0.0,260.7682863478658,134.78211741861008,0.0002705064362549869,0.0024529353705236424,0.0,0.0,1.0,1.0,14.311392496839916,5.383568919177733,14.902077737166799,5.62618820531176,14.311392496839916,5.383568919177733
12.566666666561714,0.3576677976455703,0.043637635538599,0.0,260.76018901995093,134.71685755218675,0.0002693205355962692,0.0024376165602844595,0.0,0.0,1.0,1.0,14.311392496839916,5.379831627723714,14.902077737166795,5.622282486478509,14.311392496839916,5.379831627723714
12.574999999894926,0.35764540361775893,0.04345613831481095,0.0,260.75212716475505,134.65201986547464,0.0002681415568071658,0.002422424566813729,0.0,0.0,1.0,1.0,14.311392496839916,5.376096930708766,14.902077737166813,5.61837947900844,14.311392496839916,5.376096930708766
12.583333333228138,0.35762310755050397,0.04327576544345898,0.0,260.7441005753821,134.58760078055894,0.0002669694494592844,0.0024073580843408126,0.0,0.0,1.0,1.0,14.311392496839916,5.372364826331804,14.9020777371668,5.614479181019333,14.311392496839916,5.372364826331804
12.59166666656135,0.35760090887327856,0.04309650769048958,0.0,260.7361090464424,134.52359675694953,0.0002658041635644599,0.0023924158231584725,0.0,0.0,1.0,1.0,14.311392496839916,5.368635312793036,14.902077737166797,5.610581590630247,14.311392496839916,5.368635312793036
12.599999999894562,0.357578807019703,0.042918355916196665,0.0,260.72815237403904,134.46000429111552,0.00026464564957026995,0.002377596509393194,0.0,0.0,1.0,1.0,14.311392496839916,5.364908388293898,14.90207773716683,5.606686705961557,14.311392496839916,5.364908388293898
12.608333333227774,0.3575568014275094,0.04274130107406954,0.0,260.72023035575546,134.39681991602674,0.00026349385835563283,0.0023628988847792945,0.0,0.0,1.0,1.0,14.311392496839916,5.361184051037085,14.902077737166826,5.602794525134953,14.311392496839916,5.361184051037085
12.616666666560986,0.35753489153850476,0.04256533420965699,0.0,260.712342790642,134.3340402007016,0.0002623487412263906,0.0023483217064366687,0.0,0.0,1.0,1.0,14.311392496839916,5.357462299226525,14.90207773716682,5.598905046273408,14.311392496839916,5.357462299226525
12.624999999894198,0.35751307679853694,0.042390446459447936,0.0,260.7044894792039,134.27166174976173,0.0002612102499110358,0.0023338637466521796,0.0,0.0,1.0,1.0,14.311392496839916,5.353743131067408,14.90207773716684,5.595018267501192,14.311392496839916,5.353743131067408
12.63333333322741,0.35749135665745835,0.04221662904976742,0.0,260.6966702233878,134.20968120299278,0.00026007833655640835,0.00231952379266455,0.0,0.0,1.0,1.0,14.311392496839916,5.350026544766145,14.902077737166872,5.591134186943934,14.311392496839916,5.350026544766145
12.641666666560623,0.35746973056909204,0.04204387329568828,0.0,260.6888848265699,134.14809523491152,0.00025895295372346404,0.002305300646452734,0.0,0.0,1.0,1.0,14.311392496839916,5.346312538530425,14.902077737166872,5.587252802728478,14.311392496839916,5.346312538530425
12.649999999893835,0.3574481979911971,0.0418721705999583,0.0,260.68113309354334,134.086900554339,0.0002578340543831284,0.0022911931245277115,0.0,0.0,1.0,1.0,14.311392496839916,5.342601110569169,14.902077737166865,5.58337411298305,14.311392496839916,5.342601110569169
12.658333333227047,0.357426758385435,0.04170151245194238,0.0,260.6734148305061,134.0260939039802,0.00025672159191215754,0.00227720005772763,0.0,0.0,1.0,1.0,14.311392496839916,5.338892259092527,14.902077737166872,5.579498115837131,14.311392496839916,5.338892259092527
12.666666666560259,0.35740541121733505,0.04153189042657962,0.0,260.66572984504865,133.96567206000918,0.0002556155200890411,0.00226332029101624,0.0,0.0,1.0,1.0,14.311392496839916,5.3351859823118915,14.902077737166888,5.575624809421508,14.311392496839916,5.3351859823118915
12.67499999989347,0.3573841559562623,0.04136329618335481,0.0,260.65807794614227,133.90563183166034,0.0002545157930899898,0.0022495526832845454,0.0,0.0,1.0,1.0,14.311392496839916,5.33148227843991,14.902077737166898,5.571754191868265,14.311392496839916,5.33148227843991
12.683333333226683,0.35736299207538347,0.0411957214652845,0.0,260.65045894412685,133.84597006082546,0.00025342236548494065,0.0022358961071556366,0.0,0.0,1.0,1.0,14.311392496839916,5.3277811456904836,14.902077737166897,5.567886261310793,14.311392496839916,5.3277811456904836
12.691666666559895,0.35734191905163526,0.04102915809791681,0.0,260.6428726506995,133.78668362165624,0.0002523351922336195,0.0022223494487926213,0.0,0.0,1.0,1.0,14.311392496839916,5.3240825822787325,14.902077737166886,5.564021015883764,14.311392496839916,5.3240825822787325
12.699999999893107,0.3573209363656912,0.040863597988345775,0.0,260.63531887890247,133.7277694201728,0.0002512542286816405,0.0022089116077096444,0.0,0.0,1.0,1.0,14.311392496839916,5.320386586421012,14.902077737166891,5.560158453723142,14.311392496839916,5.320386586421012
12.708333333226319,0.3573000435019301,0.040699033124239135,0.0,260.6277974431122,133.66922439387733,0.0002501794305566537,0.0021955814965859055,0.0,0.0,1.0,1.0,14.311392496839916,5.3166931563349396,14.902077737166884,5.556298572966206,14.311392496839916,5.3166931563349396
12.716666666559531,0.3572792399484044,0.04053545557287898,0.0,260.6203081590273,133.61104551137333,0.0002491107539645393,0.0021823580410825806,0.0,0.0,1.0,1.0,14.311392496839916,5.31300229023935,14.902077737166904,5.552441371751512,14.311392496839916,5.31300229023935
12.724999999892743,0.35725852519680856,0.04037285748021689,0.0,260.6128508436577,133.5532297719902,0.0002480481553856545,0.002169240179662725,0.0,0.0,1.0,1.0,14.311392496839916,5.309313986354323,14.902077737166874,5.548586848218915,14.311392496839916,5.309313986354323
12.733333333225955,0.3572378987424483,0.04021123106994083,0.0,260.60542531531337,133.49577420541294,0.00024699159167108957,0.0021562268634139348,0.0,0.0,1.0,1.0,14.311392496839916,5.305628242901147,14.902077737166875,5.5447350005095455,14.311392496839916,5.305628242901147
12.741666666559167,0.3572173600842098,0.04005056864255609,0.0,260.5980313935932,133.43867587131726,0.00024594102003901077,0.002143317055873892,0.0,0.0,1.0,1.0,14.311392496839916,5.301945058102393,14.902077737166866,5.540885826765868,14.311392496839916,5.301945058102393
12.74999999989238,0.35719690872452864,0.039890862574478075,0.0,260.5906688993739,133.3819318590096,0.00024489639807099065,0.002130509732858595,0.0,0.0,1.0,1.0,14.311392496839915,5.2982644301818285,14.902077737166886,5.53703932513158,14.311392496839915,5.2982644301818285
12.758333333225591,0.3571765441693609,0.03973210531713747,0.0,260.5833376547995,133.325539287072,0.00024385768370845795,0.002117803882293283,0.0,0.0,1.0,1.0,14.311392496839915,5.294586357364484,14.90207773716691,5.5331954937517125,14.311392496839915,5.294586357364484
12.766666666558804,0.3571562659281521,0.03957428939609824,0.0,260.5760374832703,133.2694953030122,0.00024282483524909834,0.002105198504046054,0.0,0.0,1.0,1.0,14.311392496839918,5.2909108378766,14.90207773716693,5.529354330772561,14.311392496839918,5.2909108378766
12.774999999892016,0.3571360735138085,0.03941740741018754,0.0,260.5687682094324,133.21379708291863,0.00024179781134336524,0.0020926926097640797,0.0,0.0,1.0,1.0,14.311392496839922,5.287237869945633,14.902077737166955,5.525515834341709,14.311392496839922,5.287237869945633
12.783333333225228,0.3571159664426673,0.039261452030636995,0.0,260.56152965916715,133.15844183111963,0.00024077657099098307,0.0020802852227123332,0.0,0.0,1.0,1.0,14.311392496839916,5.283567451800316,14.902077737166966,5.521680002608021,14.311392496839916,5.283567451800316
12.79166666655844,0.3570959442344681,0.039106416000236434,0.0,260.5543216595807,133.1034267798481,0.0002397610735375346,0.0020679753776148948,0.0,0.0,1.0,1.0,14.311392496839922,5.2798995816705725,14.902077737166993,5.517846833721658,14.311392496839922,5.2798995816705725
12.799999999891652,0.3570760064123238,0.03895229213249849,0.0,260.5471440389935,133.0487491889101,0.00023875127867102917,0.0020557621204986797,0.0,0.0,1.0,1.0,14.311392496839915,5.276234257787557,14.902077737167,5.514016325834087,14.311392496839915,5.276234257787557
12.808333333224864,0.3570561525026926,0.03879907331083499,0.0,260.5399966269304,132.99440634535864,0.00023774714641858,0.0020436445085396217,0.0,0.0,1.0,1.0,14.311392496839915,5.272571478383682,14.902077737167017,5.510188477098002,14.311392496839915,5.272571478383682
12.816666666558076,0.3570363820353496,0.03864675248774411,0.0,260.53287925411047,132.94039556317134,0.00023674863714305303,0.0020316216099112066,0.0,0.0,1.0,1.0,14.311392496839908,5.268911241692568,14.90207773716704,5.506363285667432,14.311392496839908,5.268911241692568
12.824999999891288,0.35701669454335927,0.03849532268400886,0.0,260.52579175243665,132.88671418293282,0.00023575571153979454,0.0020196925036354,0.0,0.0,1.0,1.0,14.311392496839899,5.265253545949045,14.90207773716705,5.502540749697657,14.311392496839899,5.265253545949045
12.8333333332245,0.35699708956304743,0.038344776987906115,0.0,260.5187339549862,132.83335957152156,0.00023476833063337655,0.0020078562794358205,0.0,0.0,1.0,1.0,14.311392496839895,5.261598389389184,14.902077737167055,5.498720867345236,14.311392496839895,5.261598389389184
12.841666666557712,0.35697756663397445,0.038195108554426614,0.0,260.5117056960007,132.78032912180063,0.00023378645577439047,0.001996112037593231,0.0,0.0,1.0,1.0,14.31139249683989,5.2579457702503065,14.902077737167076,5.4949036367680355,14.31139249683989,5.2579457702503065
12.849999999890924,0.3569581252989078,0.038046310604505015,0.0,260.5047068108764,132.72762025231307,0.00023281004863625913,0.0019844588888032057,0.0,0.0,1.0,1.0,14.311392496839881,5.254295686770921,14.902077737167078,5.491089056125179,14.311392496839881,5.254295686770921
12.858333333224136,0.35693876510379546,0.037898376424260666,0.0,260.49773713615446,132.67523040698103,0.00023183907121210253,0.0019728959540360105,0.0,0.0,1.0,1.0,14.311392496839883,5.250648137190776,14.902077737167069,5.4872771235770825,14.311392496839883,5.250648137190776
12.866666666557348,0.35691948559773934,0.03775129936424823,0.0,260.4907965095114,132.62315705480924,0.00023087348581162342,0.001961422364398617,0.0,0.0,1.0,1.0,14.311392496839884,5.247003119750826,14.902077737167076,5.483467837285413,14.311392496839884,5.247003119750826
12.87499999989056,0.35690028633296916,0.03760507283871866,0.0,260.48388476974986,132.57139768959235,0.00022991325505805513,0.0019500372609988408,0.0,0.0,1.0,1.0,14.31139249683988,5.2433606326932445,14.902077737167035,5.479661195413148,14.31139249683988,5.2433606326932445
12.883333333223772,0.3568811668648165,0.03745969032488967,0.0,260.4770017567891,132.5199498296263,0.00022895834188510914,0.0019387397948115355,0.0,0.0,1.0,1.0,14.311392496839893,5.2397206742614655,14.902077737167023,5.475857196124495,14.311392496839893,5.2397206742614655
12.891666666556985,0.35686212675168866,0.0373151453622263,0.0,260.47014731165564,132.46881101742375,0.00022800870953395332,0.0019275291265468536,0.0,0.0,1.0,1.0,14.31139249683989,5.236083242700095,14.902077737167032,5.4720558375849935,14.31139249683989,5.236083242700095
12.899999999890197,0.3568431655550436,0.03717143155173068,0.0,260.4633212764743,132.41797881943282,0.0002270643215502731,0.001916404426520478,0.0,0.0,1.0,1.0,14.311392496839884,5.232448336254978,14.902077737167058,5.46825711796141,14.311392496839884,5.232448336254978
12.908333333223409,0.35682428283936424,0.03702854255524138,0.0,260.4565234944587,132.3674508257602,0.0002261251417813021,0.0019053648745258388,0.0,0.0,1.0,1.0,14.311392496839893,5.228815953173186,14.902077737167042,5.464461035421804,14.311392496839893,5.228815953173186
12.91666666655662,0.3568054781721341,0.036886472094742086,0.0,260.4497538099029,132.31722464989755,0.00022519113437294747,0.0018944096597082781,0.0,0.0,1.0,1.0,14.31139249683991,5.225186091703002,14.902077737167039,5.4606675881355,14.31139249683991,5.225186091703002
12.924999999889833,0.3567867511238121,0.03674521395167939,0.0,260.44301206817204,132.26729792845197,0.0002242622637668967,0.0018835379804410996,0.0,0.0,1.0,1.0,14.311392496839916,5.2215587500939025,14.902077737167046,5.4568767742731135,14.311392496839916,5.2215587500939025
12.933333333223045,0.3567681012678078,0.03660476196628944,0.0,260.4362981156934,132.2176683208795,0.0002233384946977674,0.0018727490442034967,0.0,0.0,1.0,1.0,14.311392496839918,5.217933926596623,14.902077737167026,5.453088592006494,14.311392496839918,5.217933926596623
12.941666666556257,0.35674952818045735,0.03646511003693369,0.0,260.4296117999479,132.16833350922295,0.00022241979219030322,0.0018620420674603272,0.0,0.0,1.0,1.0,14.311392496839924,5.21431161946306,14.902077737167026,5.449303039508775,14.311392496839924,5.21431161946306
12.949999999889469,0.3567310314410001,0.03632625211944303,0.0,260.4229529694616,132.11929119785216,0.00022150612155660902,0.001851416275543669,0.0,0.0,1.0,1.0,14.31139249683994,5.210691826946376,14.902077737167067,5.445520114954395,14.31139249683994,5.210691826946376
12.958333333222681,0.3567126106315536,0.03618818222647087,0.0,260.4163214737968,132.07053911320895,0.0002205974483933794,0.0018408709025361908,0.0,0.0,1.0,1.0,14.311392496839952,5.207074547300894,14.902077737167081,5.44173981651899,14.311392496839952,5.207074547300894
12.966666666555893,0.35669426533709053,0.03605089442685473,0.0,260.4097171635435,132.02207500355448,0.00021969373857918018,0.001830405191156258,0.0,0.0,1.0,1.0,14.311392496839945,5.20345977878217,14.902077737167096,5.437962142379514,14.311392496839945,5.20345977878217
12.974999999889105,0.35667599514541554,0.03591438284498557,0.0,260.4031398903113,131.9738966387203,0.00021879495827176762,0.0018200183926447286,0.0,0.0,1.0,1.0,14.311392496839924,5.199847519647031,14.902077737167087,5.434187090714167,14.311392496839924,5.199847519647031
12.983333333222317,0.3566577996471418,0.03577864166018623,0.0,260.39658950672083,131.9260018098629,0.0002179010739054205,0.0018097097666534894,0.0,0.0,1.0,1.0,14.311392496839924,5.196237768153429,14.9020777371671,5.430414659702422,14.311392496839924,5.196237768153429
12.99166666655553,0.356639678435668,0.03564366510609713,0.0,260.39006586639556,131.87838832922108,0.00021701205218830504,0.0017994785811356032,0.0,0.0,1.0,1.0,14.311392496839916,5.1926305225605445,14.902077737167112,5.4266448475250035,14.311392496839916,5.1926305225605445
12.999999999888741,0.3566216311071564,0.03550944747007061,0.0,260.38356882395374,131.8310540298768,0.00021612786009988984,0.0017893241122371305,0.0,0.0,1.0,1.0,14.311392496839924,5.1890257811287945,14.902077737167097,5.422877652363925,14.311392496839924,5.1890257811287945
13.008333333221954,0.35660365726050874,0.03537598309257265,0.0,260.37709823499995,131.7839967655192,0.00021524846488833515,0.0017792456441905304,0.0,0.0,1.0,1.0,14.3113924968399,5.185423542119766,14.902077737167097,5.419113072402438,14.3113924968399,5.185423542119766
13.016666666555166,0.3565857564973458,0.03524326636659267,0.0,260.3706539561176,131.7372144102114,0.0002143738340679864,0.0017692424692096545,0.0,0.0,1.0,1.0,14.31139249683991,5.181823803796295,14.902077737167147,5.415351105825059,14.31139249683991,5.181823803796295
13.024999999888378,0.356567928421984,0.03511129173706066,0.0,260.3642358448605,131.6907048581608,0.00021350393541681213,0.0017593138873862831,0.0,0.0,1.0,1.0,14.311392496839918,5.17822656442237,14.902077737167142,5.411591750817563,14.311392496839918,5.17822656442237
13.03333333322159,0.3565501726414141,0.0349800537002722,0.0,260.3578437597452,131.64446602349196,0.0002126387369739435,0.0017494592065882115,0.0,0.0,1.0,1.0,14.311392496839916,5.1746318222632555,14.902077737167124,5.407835005567011,14.311392496839916,5.1746318222632555
13.041666666554802,0.3565324887652795,0.034849546803320565,0.0,260.35147756024327,131.5984958400228,0.00021177820703720469,0.001739677742358814,0.0,0.0,1.0,1.0,14.311392496839916,5.171039575585378,14.902077737167144,5.404080868261682,14.311392496839916,5.171039575585378
13.049999999888014,0.35651487640585455,0.03471976564353605,0.0,260.34513710677334,131.55279226104332,0.00021092231416064788,0.001729968817818081,0.0,0.0,1.0,1.0,14.311392496839922,5.167449822656353,14.902077737167179,5.400329337091128,14.311392496839922,5.167449822656353
13.058333333221226,0.35649733517802373,0.03459070486793307,0.0,260.33882226069375,131.50735325909773,0.0002100710271521734,0.0017203317635651543,0.0,0.0,1.0,1.0,14.311392496839927,5.163862561745022,14.902077737167147,5.396580410246173,14.311392496839927,5.163862561745022
13.066666666554438,0.3564798646992601,0.034462359172663604,0.0,260.3325328842948,131.4621768257688,0.00020922431507111627,0.0017107659175822302,0.0,0.0,1.0,1.0,14.31139249683991,5.160277791121441,14.902077737167161,5.392834085918877,14.31139249683991,5.160277791121441
13.07499999988765,0.3564624645896046,0.034334723302478165,0.0,260.326268840791,131.41726097146557,0.00020838214722590124,0.0017012706251399176,0.0,0.0,1.0,1.0,14.311392496839915,5.15669550905683,14.902077737167177,5.389090362302566,14.311392496839915,5.15669550905683
13.083333333220862,0.35644513447164583,0.03420779205019331,0.0,260.32002999431427,131.3726037252133,0.00020754449317169894,0.0016918452387039453,0.0,0.0,1.0,1.0,14.311392496839916,5.153115713823646,14.90207773716717,5.38534923759183,14.311392496839916,5.153115713823646
13.091666666554074,0.3564278739704988,0.03408156025616612,0.0,260.31381620990584,131.3282031344466,0.0002067113227081124,0.0016824891178432494,0.0,0.0,1.0,1.0,14.311392496839929,5.149538403695507,14.90207773716718,5.381610709982482,14.311392496839929,5.149538403695507
13.099999999887286,0.3564106827137855,0.03395602280777539,0.0,260.3076273535096,131.28405726480472,0.00020588260587690432,0.0016732016291393934,0.0,0.0,1.0,1.0,14.311392496839913,5.145963576947266,14.902077737167174,5.377874777671616,14.311392496839913,5.145963576947266
13.108333333220498,0.3563935603316142,0.03383117463890925,0.0,260.3014632919644,131.2401641999301,0.00020505831295972407,0.0016639821460973012,0.0,0.0,1.0,1.0,14.311392496839911,5.142391231854934,14.902077737167184,5.374141438857561,14.311392496839911,5.142391231854934
13.11666666655371,0.35637650645655955,0.03370701072945944,0.0,260.2953238929971,131.19652204126885,0.00020423841447585978,0.0016548300490572894,0.0,0.0,1.0,1.0,14.311392496839916,5.138821366695776,14.902077737167192,5.370410691739918,14.311392496839916,5.138821366695776
13.124999999886922,0.35635952072364335,0.03358352610482177,0.0,260.28920902521537,131.1531289078743,0.0002034228811800432,0.0016457447251083614,0.0,0.0,1.0,1.0,14.311392496839916,5.13525397974819,14.9020777371672,5.3666825345195095,14.311392496839916,5.13525397974819
13.133333333220135,0.3563426027703146,0.03346071583540302,0.0,260.2831185581008,131.10998293621267,0.00020261168406024253,0.0016367255680027628,0.0,0.0,1.0,1.0,14.311392496839908,5.131689069291801,14.902077737167183,5.362956965398426,14.311392496839908,5.131689069291801
13.141666666553347,0.3563257522364305,0.03333857503613426,0.0,260.27705236200194,131.06708227997166,0.00020180479433552572,0.001627771978071786,0.0,0.0,1.0,1.0,14.311392496839904,5.128126633607442,14.902077737167186,5.359233982579992,14.311392496839904,5.128126633607442
13.149999999886559,0.3563089687642368,0.03321709886598973,0.0,260.27101030812713,131.0244251098709,0.00020100218345386742,0.00161888336214274,0.0,0.0,1.0,1.0,14.311392496839925,5.124566670977113,14.902077737167177,5.35551358426877,14.311392496839925,5.124566670977113
13.15833333321977,0.3562922519983491,0.03309628252751245,0.0,260.2649922685379,130.98200961347544,0.00020020382309006096,0.0016100591334571729,0.0,0.0,1.0,1.0,14.311392496839945,5.12100917968401,14.902077737167158,5.35179576867062,14.311392496839945,5.12100917968401
13.166666666552983,0.3562756015857342,0.03297612126634516,0.0,260.2589981161423,130.93983399501116,0.00019940968514361846,0.0016012987115902153,0.0,0.0,1.0,1.0,14.311392496839945,5.117454158012553,14.902077737167161,5.348080533992601,14.311392496839945,5.117454158012553
13.174999999886195,0.3562590171756911,0.03285661037076764,0.0,260.25302772468785,130.89789647518273,0.00019861974173668054,0.001592601522371119,0.0,0.0,1.0,1.0,14.311392496839947,5.113901604248297,14.902077737167152,5.344367878443022,14.311392496839947,5.113901604248297
13.183333333219407,0.35624249841983296,0.03273774517123937,0.0,260.24708096875514,130.8561952909938,0.00019783396521197427,0.0015839669978049,0.0,0.0,1.0,1.0,14.311392496839927,5.110351516678018,14.902077737167083,5.340657800231468,14.311392496839927,5.110351516678018
13.191666666552619,0.3562260449720684,0.0326195210399482,0.0,260.2411577237512,130.81472869556939,0.00019705232813076436,0.0015753945759951215,0.0,0.0,1.0,1.0,14.31139249683991,5.106803893589702,14.902077737167078,5.336950297568721,14.31139249683991,5.106803893589702
13.199999999885831,0.35620965648858355,0.032501933390364585,0.0,260.235257865903,130.7734949579808,0.00019627480327086082,0.0015668837010677707,0.0,0.0,1.0,1.0,14.311392496839925,5.103258733272493,14.902077737167069,5.3332453686668275,14.311392496839925,5.103258733272493
13.208333333219043,0.35619333262782404,0.03238497767680104,0.0,260.2293812722509,130.7324923630723,0.00019550136362460473,0.001558433823096202,0.0,0.0,1.0,1.0,14.311392496839925,5.0997160340167245,14.902077737167037,5.329543011739073,14.311392496839925,5.0997160340167245
13.216666666552255,0.35617707305047724,0.03226864939397773,0.0,260.2235278206423,130.6917192112905,0.00019473198239691272,0.0015500443980271826,0.0,0.0,1.0,1.0,14.31139249683992,5.09617579411393,14.902077737167023,5.32584322499999,14.31139249683992,5.09617579411393
13.224999999885467,0.3561608774194547,0.032152944076592735,0.0,260.2176973897252,130.6511738185153,0.00019396663300333302,0.0015417148876079511,0.0,0.0,1.0,1.0,14.311392496839918,5.092638011856828,14.902077737167035,5.322146006665345,14.311392496839918,5.092638011856828
13.23333333321868,0.3561447453998745,0.032037857298897986,0.0,260.2118898589421,130.61085451589355,0.00019320528906810046,0.001533444759314314,0.0,0.0,1.0,1.0,14.311392496839936,5.089102685539315,14.902077737167046,5.318451354952146,14.311392496839936,5.089102685539315
13.241666666551891,0.3561286766590441,0.031923384674280346,0.0,260.2061051085235,130.57075964967422,0.0001924479244222346,0.0015252334862797747,0.0,0.0,1.0,1.0,14.31139249683995,5.085569813456466,14.902077737167023,5.31475926807862,14.31139249683995,5.085569813456466
13.249999999885103,0.3561126708664431,0.031809521854848,0.0,260.2003430194821,130.5308875810461,0.00019169451310166024,0.0015170805472256473,0.0,0.0,1.0,1.0,14.311392496839963,5.082039393904554,14.902077737167035,5.31106974426427,14.311392496839963,5.082039393904554
13.258333333218316,0.3560967276937063,0.03169626453102169,0.0,260.1946034736063,130.4912366859772,0.00019094502934532438,0.001508985426392158,0.0,0.0,1.0,1.0,14.311392496839979,5.078511425181031,14.902077737167035,5.307382781729785,14.311392496839979,5.078511425181031
13.266666666551528,0.356080846814607,0.031583608431131,0.0,260.1888863534544,130.4518053550564,0.00019019944759335496,0.0015009476134705054,0.0,0.0,1.0,1.0,14.311392496839975,5.07498590558452,14.902077737167064,5.303698378697133,14.311392496839975,5.07498590558452
13.27499999988474,0.3560650279050398,0.031471549321015944,0.0,260.1831915423484,130.41259199333672,0.00018945774248522326,0.0014929666035358989,0.0,0.0,1.0,1.0,14.311392496839971,5.07146283341484,14.902077737167097,5.300016533389502,14.311392496839971,5.07146283341484
13.283333333217952,0.3560492706430046,0.031360083003632924,0.0,260.17751892436826,130.37359502018103,0.0001887198888579407,0.0014850418969815041,0.0,0.0,1.0,1.0,14.311392496839991,5.067942206972967,14.902077737167094,5.296337244031299,14.311392496839991,5.067942206972967
13.291666666551164,0.35603357470859004,0.031249205318665638,0.0,260.1718683843457,130.33481286910913,0.0001879858617442543,0.001477172999453317,0.0,0.0,1.0,1.0,14.31139249683999,5.0644240245610925,14.902077737167115,5.292660508848189,14.31139249683999,5.0644240245610925
13.299999999884376,0.3560179397839572,0.031138912142141133,0.0,260.1662398078587,130.2962439876472,0.0001872556363708915,0.001469359421785976,0.0,0.0,1.0,1.0,14.311392496839975,5.060908284482567,14.902077737167097,5.288986326067043,14.311392496839975,5.060908284482567
13.308333333217588,0.35600236555332343,0.031029199386049935,0.0,260.16063308122534,130.2578868371787,0.00018652918815677938,0.0014616006799394266,0.0,0.0,1.0,1.0,14.311392496839973,5.057394985041898,14.902077737167128,5.2853146939159785,14.311392496839973,5.057394985041898
13.3166666665508,0.35598685170294675,0.030920062997971245,0.0,260.1550480914986,130.21973989279743,0.0001858064927113313,0.0014538962949365002,0.0,0.0,1.0,1.0,14.311392496839973,5.053884124544819,14.902077737167108,5.281645610624344,14.311392496839973,5.053884124544819
13.324999999884012,0.35597139792110966,0.030811498960702403,0.0,260.14948472646,130.1818016431622,0.00018508752583270898,0.0014462457928013325,0.0,0.0,1.0,1.0,14.311392496839979,5.0503757012982025,14.902077737167103,5.277979074422708,14.311392496839979,5.0503757012982025
13.333333333217224,0.3559560038981037,0.030703503291892895,0.0,260.1439428746144,130.14407059035338,0.00018437226350613532,0.0014386487044986507,0.0,0.0,1.0,1.0,14.31139249684,5.046869713610093,14.902077737167087,5.274315083542851,14.31139249684,5.046869713610093
13.341666666550436,0.3559406693262139,0.03059607204368302,0.0,260.1384224251844,130.10654524973106,0.00018366068190219024,0.001431104565873904,0.0,0.0,1.0,1.0,14.311392496839979,5.04336615978972,14.902077737167085,5.270653636217845,14.311392496839979,5.04336615978972
13.349999999883648,0.3559253938997034,0.030489201302346565,0.0,260.13292326810466,130.06922414979525,0.00018295275737517094,0.0014236129175942084,0.0,0.0,1.0,1.0,14.31139249683998,5.039865038147491,14.902077737167073,5.266994730681916,14.31139249683998,5.039865038147491
13.35833333321686,0.35591017731479807,0.030382887187937968,0.0,260.12744529401635,130.0321058320474,0.00018224846646141472,0.0014161733050901092,0.0,0.0,1.0,1.0,14.311392496840005,5.036366346994988,14.902077737167087,5.263338365170573,14.311392496840005,5.036366346994988
13.366666666550072,0.35589501926967176,0.03027712585394377,0.0,260.1219883942621,129.9951888508539,0.0001815477858776879,0.001408785278498155,0.0,0.0,1.0,1.0,14.311392496840027,5.032870084644973,14.902077737167076,5.259684537920488,14.311392496840027,5.032870084644973
13.374999999883284,0.35587991946443087,0.030171913486938002,0.0,260.11655246088003,129.9584717733112,0.00018085069251954776,0.001401448392604236,0.0,0.0,1.0,1.0,14.311392496840046,5.029376249411351,14.902077737167055,5.256033247169616,14.311392496840046,5.029376249411351
13.383333333216497,0.3558648776010998,0.030067246306242097,0.0,260.11113738659895,129.92195317911234,0.00018015716345976012,0.0013941622067877334,0.0,0.0,1.0,1.0,14.311392496840055,5.025884839609229,14.902077737167062,5.25238449115711,14.311392496840055,5.025884839609229
13.391666666549709,0.3558498933836063,0.029963120563588547,0.0,260.1057430648327,129.88563166041544,0.00017946717594670745,0.0013869262849664108,0.0,0.0,1.0,1.0,14.311392496840025,5.0223958535548485,14.902077737167044,5.248738268123327,14.311392496840025,5.0223958535548485
13.39999999988292,0.35583496651776664,0.029859532542788638,0.0,260.10036938967517,129.8495058217135,0.00017878070740282007,0.0013797401955420534,0.0,0.0,1.0,1.0,14.311392496840012,5.018909289565652,14.90207773716703,5.245094576309881,14.311392496840012,5.018909289565652
13.408333333216133,0.3558200967112715,0.029756478559404186,0.0,260.0950162558948,129.81357427970593,0.0001780977354230418,0.0013726035113468687,0.0,0.0,1.0,1.0,14.311392496840034,5.015425145960251,14.902077737167016,5.24145341395958,14.311392496840034,5.015425145960251
13.416666666549345,0.3558052836736713,0.029653954960423324,0.0,260.08968355892983,129.77783566317166,0.00017741823777326417,0.0013655158095906104,0.0,0.0,1.0,1.0,14.311392496840053,5.011943421058375,14.902077737166996,5.237814779316473,14.311392496840053,5.011943421058375
13.424999999882557,0.3557905271163625,0.029551958123939768,0.0,260.08437119488275,129.7422886128435,0.0001767421923888334,0.001358476671808404,0.0,0.0,1.0,1.0,14.311392496840057,5.008464113180983,14.902077737167,5.234178670625814,14.311392496840057,5.008464113180983
13.433333333215769,0.355775826752573,0.029450484458836367,0.0,260.0790790605157,129.70693178128448,0.0001760695773730361,0.0013514856838093164,0.0,0.0,1.0,1.0,14.311392496840055,5.004987220650158,14.902077737167023,5.230545086134057,14.311392496840055,5.004987220650158
13.441666666548981,0.3557611822973485,0.029349530404471906,0.0,260.07380705324493,129.67176383276515,0.00017540037099560092,0.0013445424356255805,0.0,0.0,1.0,1.0,14.311392496840032,5.001512741789164,14.902077737167001,5.22691402408893,14.311392496840032,5.001512741789164
13.449999999882193,0.35574659346753873,0.029249092430372055,0.0,260.06855507113636,129.6367834431429,0.00017473455169124023,0.0013376465214625433,0.0,0.0,1.0,1.0,14.311392496840021,4.998040674922441,14.902077737167005,5.223285482739316,14.311392496840021,4.998040674922441
13.458333333215405,0.3557320599817835,0.02914916703592366,0.0,260.06332301290024,129.60198929974212,0.00017407209805817315,0.0013307975396492676,0.0,0.0,1.0,1.0,14.311392496840021,4.994571018375587,14.902077737167,5.219659460335349,14.311392496840021,4.994571018375587
13.466666666548617,0.3557175815604996,0.02904975075007271,0.0,260.05811077788655,129.5673801012364,0.00017341298885670958,0.0013239950925898027,0.0,0.0,1.0,1.0,14.311392496839993,4.991103770475325,14.902077737166985,5.2160359551283655,14.311392496839993,4.991103770475325
13.47499999988183,0.3557031579258668,0.02895084013102599,0.0,260.05291826608,129.53295455753164,0.0001727572030077766,0.0013172387867151267,0.0,0.0,1.0,1.0,14.311392496839991,4.987638929549576,14.902077737167032,5.212414965370918,14.311392496839991,4.987638929549576
13.483333333215041,0.355688788801815,0.02885243176595591,0.0,260.0477453780951,129.4987113896508,0.00017210471959154834,0.001310528232435701,0.0,0.0,1.0,1.0,14.31139249684,4.984176493927418,14.902077737167028,5.208796489316784,14.31139249684,4.984176493927418
13.491666666548253,0.3556744739140105,0.028754522270709466,0.0,260.04259201517186,129.46464932962007,0.00017145551784600798,0.0013038630440947196,0.0,0.0,1.0,1.0,14.31139249683998,4.980716461939083,14.902077737167062,5.2051805252209435,14.31139249683998,4.980716461939083
13.499999999881465,0.3556602129898437,0.02865710828951964,0.0,260.0374580791707,129.43076712035622,0.00017080957716558403,0.001297242839921912,0.0,0.0,1.0,1.0,14.311392496839971,4.977258831915965,14.902077737167021,5.201567071339565,14.311392496839971,4.977258831915965
13.508333333214678,0.35564600575841515,0.028560186494721102,0.0,260.03234347256773,129.3970635155554,0.0001701668770997738,0.0012906672419880265,0.0,0.0,1.0,1.0,14.311392496839979,4.973803602190619,14.902077737167001,5.19795612593005,14.311392496839979,4.973803602190619
13.51666666654789,0.3556318519505235,0.02846375358646853,0.0,260.02724809845034,129.36353727958317,0.0001695273973517656,0.0012841358761598784,0.0,0.0,1.0,1.0,14.311392496840003,4.970350771096739,14.902077737166971,5.194347687251035,14.311392496840003,4.970350771096739
13.524999999881102,0.3556177512986523,0.028367806292458674,0.0,260.0221718605127,129.33018718736588,0.00016889111777711817,0.001277648372056022,0.0,0.0,1.0,1.0,14.311392496839986,4.966900336969206,14.902077737166959,5.1907417535623335,14.311392496839986,4.966900336969206
13.533333333214314,0.3556037035369574,0.028272341367655364,0.0,260.01711466305073,129.2970120242834,0.0001682580183824051,0.0012712043630030024,0.0,0.0,1.0,1.0,14.31139249684002,4.963452298144049,14.902077737166941,5.187138323124951,14.31139249684002,4.963452298144049
13.541666666547526,0.3555897084012547,0.02817735559401788,0.0,260.0120764109581,129.2640105860629,0.00016762807932391204,0.0012648034859921915,0.0,0.0,1.0,1.0,14.311392496840027,4.960006652958419,14.902077737166948,5.1835373942011485,14.311392496840027,4.960006652958419
13.549999999880738,0.3555757656290074,0.02808284578023243,0.0,260.0070570097216,129.23118167867426,0.0001670012809063302,0.0012584453816371962,0.0,0.0,1.0,1.0,14.311392496840055,4.95656339975067,14.902077737166902,5.1799389650543475,14.311392496840055,4.95656339975067
13.55833333321395,0.35556187495931374,0.02798880876144675,0.0,260.0020563654165,129.19852411822623,0.00016637760358144242,0.0012521296941318345,0.0,0.0,1.0,1.0,14.31139249684004,4.953122536860277,14.902077737166925,5.176343033949203,14.31139249684004,4.953122536860277
13.566666666547162,0.355548036132895,0.02789524139900751,0.0,259.9970743847023,129.16603673086416,0.0001657570279468703,0.001245856071208648,0.0,0.0,1.0,1.0,14.311392496840044,4.949684062627867,14.902077737166914,5.172749599151562,14.311392496840044,4.949684062627867
13.574999999880374,0.3555342488920834,0.027802140580201237,0.0,259.9921109748186,129.13371835266875,0.00016513953474479762,0.001239624164097992,0.0,0.0,1.0,1.0,14.311392496840016,4.946247975395245,14.90207773716686,5.169158658928479,14.311392496840016,4.946247975395245
13.583333333213586,0.3555205129808096,0.027709503217997946,0.0,259.98716604358043,129.10156782955613,0.00016452510486069706,0.0012334336274876505,0.0,0.0,1.0,1.0,14.311392496839996,4.942814273505356,14.902077737166845,5.165570211548198,14.311392496839996,4.942814273505356
13.591666666546798,0.35550682814459156,0.02761732625079738,0.0,259.98223949937415,129.06958401717895,0.00016391371932211512,0.0012272841194829593,0.0,0.0,1.0,1.0,14.311392496840014,4.939382955302276,14.902077737166847,5.161984255280205,14.311392496840014,4.939382955302276
13.59999999988001,0.3554931941305221,0.027525606642179127,0.0,259.97733125115315,129.03776578082872,0.00016330535929742442,0.0012211753015675122,0.0,0.0,1.0,1.0,14.311392496840003,4.935954019131238,14.902077737166833,5.158400788395146,14.311392496840003,4.935954019131238
13.608333333213222,0.3554796106872577,0.027434341380654363,0.0,259.9724412084336,129.0061119953392,0.00016270000609461033,0.0012151068385643084,0.0,0.0,1.0,1.0,14.31139249684002,4.932527463338636,14.902077737166808,5.154819809164894,14.31139249684002,4.932527463338636
13.616666666546434,0.35546607756500653,0.027343527479421394,0.0,259.96756928129054,128.9746215449911,0.00016209764116006427,0.0012090783985974657,0.0,0.0,1.0,1.0,14.31139249683999,4.929103286272009,14.902077737166813,5.1512413158625066,14.31139249683999,4.929103286272009
13.624999999879646,0.35545259451551736,0.027253161976123607,0.0,259.96271538035336,128.9432933234175,0.0001614982460773952,0.0012030896530544105,0.0,0.0,1.0,1.0,14.31139249684,4.9256814862800615,14.90207773716681,5.14766530676224,14.31139249684,4.9256814862800615
13.633333333212859,0.35543916129206776,0.02716324193261018,0.0,259.957879416802,128.91212623351097,0.00016090180256623788,0.0011971402765485633,0.0,0.0,1.0,1.0,14.31139249684003,4.922262061712607,14.902077737166817,5.144091780139556,14.31139249684003,4.922262061712607
13.64166666654607,0.35542577764945327,0.027073764434699592,0.0,259.9530613023627,128.88111918733105,0.00016030829248109483,0.0011912299468825117,0.0,0.0,1.0,1.0,14.31139249684002,4.918845010920622,14.902077737166795,5.1405207342711075,14.31139249684002,4.918845010920622
13.649999999879283,0.3554124433439756,0.02698472659194569,0.0,259.9482609493041,128.8502711060134,0.0001597176978101541,0.0011853583450116584,0.0,0.0,1.0,1.0,14.311392496839998,4.915430332256214,14.902077737166799,5.13695216743476,14.311392496839998,4.915430332256214
13.658333333212495,0.35539915813343226,0.026896125537406775,0.0,259.9434782704332,128.81958091967965,0.0001591300006741704,0.0011795251550083606,0.0,0.0,1.0,1.0,14.311392496840007,4.91201802407265,14.902077737166806,5.133386077909533,14.311392496840007,4.91201802407265
13.666666666545707,0.3553859217771048,0.02680795842741672,0.0,259.93871317909134,128.78904756734835,0.00015854518332530064,0.0011737300640264972,0.0,0.0,1.0,1.0,14.311392496839982,4.908608084724355,14.902077737166822,5.129822463975688,14.311392496839982,4.908608084724355
13.674999999878919,0.3553727340357487,0.02672022244135911,0.0,259.93396558915043,128.75866999684706,0.00015796322814600616,0.0011679727622665279,0.0,0.0,1.0,1.0,14.311392496839996,4.9052005125668625,14.90207773716682,5.126261323914659,14.311392496839996,4.9052005125668625
13.683333333212131,0.35535959467158207,0.02663291478144396,0.0,259.9292354150089,128.72844716472537,0.00015738411764791723,0.001162252942940997,0.0,0.0,1.0,1.0,14.311392496840003,4.9017953059568695,14.902077737166817,5.122702656009082,14.311392496840003,4.9017953059568695
13.691666666545343,0.3553465034482748,0.02654603267248665,0.0,259.92452257158794,128.6983780361688,0.00015680783447073385,0.001156570302240473,0.0,0.0,1.0,1.0,14.311392496840028,4.89839246325221,14.902077737166817,5.119146458542763,14.311392496840028,4.89839246325221
13.699999999878555,0.35533346013093836,0.02645957336168948,0.0,259.9198269743275,128.6684615849139,0.00015623436138113706,0.0011509245392999252,0.0,0.0,1.0,1.0,14.31139249684003,4.894991982811863,14.902077737166827,5.11559272980073,14.31139249684003,4.894991982811863
13.708333333211767,0.3553204644861149,0.026373534118425846,0.0,259.91514853918284,128.63869679316412,0.0001556636812717059,0.0011453153561655498,0.0,0.0,1.0,1.0,14.311392496840039,4.89159386299594,14.902077737166822,5.112041468069186,14.311392496840039,4.89159386299594
13.71666666654498,0.3553075162817672,0.026287912234026548,0.0,259.9104871826204,128.60908265150684,0.00015509577715984606,0.0011397424577620034,0.0,0.0,1.0,1.0,14.311392496840039,4.888198102165676,14.902077737166836,5.108492671635505,14.311392496840039,4.888198102165676
13.724999999878191,0.35529461528726763,0.026202705021568826,0.0,259.9058428216142,128.57961815883118,0.00015453063218671438,0.0011342055518600768,0.0,0.0,1.0,1.0,14.31139249684003,4.8848046986834515,14.902077737166831,5.104946338788288,14.31139249684003,4.8848046986834515
13.733333333211403,0.35528176127338884,0.02611790981566738,0.0,259.9012153736424,128.55030232224672,0.00015396822961619337,0.0011287043490447544,0.0,0.0,1.0,1.0,14.311392496840025,4.88141365091281,14.90207773716683,5.101402467817289,14.311392496840025,4.88141365091281
13.741666666544615,0.35526895401229286,0.026033523972268064,0.0,259.8966047566832,128.52113415700336,0.00015340855283384045,0.0011232385626837147,0.0,0.0,1.0,1.0,14.31139249684002,4.878024957218408,14.902077737166824,5.097861057013498,14.31139249684002,4.878024957218408
13.749999999877828,0.35525619327752117,0.02594954486844363,0.0,259.8920108892115,128.49211268641182,0.00015285158534585094,0.001117807908896203,0.0,0.0,1.0,1.0,14.311392496840007,4.874638615966032,14.902077737166826,5.094322104669012,14.311392496840007,4.874638615966032
13.75833333321104,0.3552434788439848,0.02586596990219187,0.0,259.8874336901952,128.4632369417652,0.00015229731077803305,0.0011124121065223189,0.0,0.0,1.0,1.0,14.311392496839984,4.871254625522627,14.902077737166842,5.0907856090771855,14.311392496839984,4.871254625522627
13.766666666544252,0.35523081048795413,0.02578279649223604,0.0,259.8828730790917,128.43450596226137,0.00015174571287481013,0.0011070508770926926,0.0,0.0,1.0,1.0,14.311392496839991,4.867872984256239,14.902077737166803,5.087251568532537,14.311392496839991,4.867872984256239
13.774999999877464,0.35521818798704935,0.025700022077827393,0.0,259.8783289758441,128.40591879492644,0.0001511967754982081,0.0011017239447985413,0.0,0.0,1.0,1.0,14.311392496839998,4.86449369053608,14.902077737166794,5.0837199813307485,14.311392496839998,4.86449369053608
13.783333333210676,0.35520561112023086,0.02561764411854984,0.0,259.87380130087814,128.37747449453843,0.0001506504826268874,0.0010964310364620976,0.0,0.0,1.0,1.0,14.311392496840018,4.8611167427324675,14.90207773716679,5.080190845768713,14.311392496840018,4.8611167427324675
13.791666666543888,0.35519307966778896,0.025535660094127128,0.0,259.86928997509824,128.34917212355288,0.00015010681835512341,0.0010911718815074436,0.0,0.0,1.0,1.0,14.31139249684003,4.857742139216862,14.902077737166772,5.076664160144495,14.31139249684003,4.857742139216862
13.7999999998771,0.35518059341133473,0.025454067504231657,0.0,259.8647949198844,128.32101075202814,0.00014956576689186126,0.0010859462119316692,0.0,0.0,1.0,1.0,14.31139249684003,4.854369878361867,14.902077737166758,5.073139922757329,14.31139249684003,4.854369878361867
13.808333333210312,0.3551681521337906,0.025372863868295705,0.0,259.8603160570886,128.29298945755238,0.00014902731255974884,0.0010807537622764295,0.0,0.0,1.0,1.0,14.311392496840046,4.850999958541185,14.902077737166756,5.069618131907659,14.311392496840046,4.850999958541185
13.816666666543524,0.35515575561938045,0.02529204672532483,0.0,259.8558533090314,128.2651073251709,0.00014849143979417297,0.0010755942695998525,0.0,0.0,1.0,1.0,14.311392496840048,4.847632378129667,14.902077737166753,5.066098785897062,14.311392496840048,4.847632378129667
13.824999999876736,0.35514340365362074,0.025211613633712906,0.0,259.8514065984986,128.2373634473145,0.00014795813314233045,0.0010704674734487813,0.0,0.0,1.0,1.0,14.31139249684005,4.844267135503308,14.902077737166772,5.062581883028333,14.31139249684005,4.844267135503308
13.833333333209948,0.355131096023311,0.025131562171059645,0.0,259.8469758487381,128.20975692372858,0.00014742737726227589,0.0010653731158313936,0.0,0.0,1.0,1.0,14.311392496840039,4.840904229039184,14.90207773716679,5.059067421605447,14.311392496840039,4.840904229039184
13.84166666654316,0.3551188325165245,0.025051889933989772,0.0,259.8425609834562,128.1822868614029,0.0001468991569219975,0.0010603109411901415,0.0,0.0,1.0,1.0,14.311392496840032,4.8375436571155515,14.902077737166803,5.0555553999335405,14.311392496840032,4.8375436571155515
13.849999999876372,0.3551066129225994,0.024972594537974537,0.0,259.83816192681456,128.15495237450247,0.00014637345699851102,0.001055280696375052,0.0,0.0,1.0,1.0,14.311392496840023,4.8341854181117645,14.90207773716679,5.052045816318931,14.311392496840023,4.8341854181117645
13.858333333209584,0.3550944370321295,0.02489367361715473,0.0,259.83377860342694,128.12775258429872,0.00014585026247694068,0.0010502821306173325,0.0,0.0,1.0,1.0,14.311392496840037,4.830829510408289,14.902077737166811,5.048538669069114,14.311392496840037,4.830829510408289
13.866666666542796,0.35508230463695545,0.02481512482416604,0.0,259.8294109383558,128.1006866191018,0.0001453295584496165,0.0010453149955033385,0.0,0.0,1.0,1.0,14.311392496840048,4.827475932386742,14.902077737166808,5.045033956492734,14.311392496840048,4.827475932386742
13.874999999876009,0.3550702155301557,0.024736945829965988,0.0,259.8250588571095,128.0737536141936,0.0001448113301151914,0.0010403790449488338,0.0,0.0,1.0,1.0,14.311392496840057,4.8241246824298605,14.902077737166808,5.0415316768996545,14.311392496840057,4.8241246824298605
13.88333333320922,0.3550581695060378,0.0246591343236631,0.0,259.8207222856386,128.04695271176135,0.00014429556277775377,0.0010354740351736043,0.0,0.0,1.0,1.0,14.311392496840066,4.820775758921483,14.902077737166843,5.038031828600888,14.311392496840066,4.820775758921483
13.891666666542433,0.3550461663601294,0.024581688012347537,0.0,259.81640115033315,128.02028306083193,0.00014378224184594427,0.001030599724676356,0.0,0.0,1.0,1.0,14.311392496840073,4.817429160246584,14.90207773716685,5.034534409908616,14.311392496840073,4.817429160246584
13.899999999875645,0.35503420588917,0.024504604620923756,0.0,259.8120953780191,127.9937438172071,0.00014327135283210293,0.0010257558742099388,0.0,0.0,1.0,1.0,14.311392496840096,4.8140848847912565,14.902077737166834,5.031039419136199,14.311392496840096,4.8140848847912565
13.908333333208857,0.3550222878911019,0.024427881891945207,0.0,259.80780489595577,127.96733414339946,0.00014276288135140077,0.0010209422467568918,0.0,0.0,1.0,1.0,14.3113924968401,4.810742930942742,14.902077737166803,5.027546854598161,14.3113924968401,4.810742930942742
13.916666666542069,0.355010412165062,0.024351517585450358,0.0,259.8035296318324,127.94105320856876,0.0001422568131209936,0.001016158607505261,0.0,0.0,1.0,1.0,14.311392496840119,4.807403297089332,14.90207773716678,5.024056714610209,14.311392496840119,4.807403297089332
13.924999999875281,0.3549985785113731,0.02427550947880079,0.0,259.7992695137651,127.9149001884593,0.0001417531339591708,0.0010114047238247346,0.0,0.0,1.0,1.0,14.311392496840107,4.8040659816205205,14.902077737166778,5.020568997489227,14.311392496840107,4.8040659816205205
13.933333333208493,0.3549867867315356,0.02419985536652102,0.0,259.7950244702941,127.8888742653378,0.00014125182978453585,0.0010066803652430739,0.0,0.0,1.0,1.0,14.311392496840075,4.800730982926871,14.902077737166785,5.017083701553224,14.311392496840075,4.800730982926871
13.941666666541705,0.3549750366282194,0.024124553060139928,0.0,259.7907944303803,127.86297462793206,0.00014075288661516845,0.0010019853034228235,0.0,0.0,1.0,1.0,14.311392496840117,4.797398299400059,14.90207773716679,5.013600825121418,14.311392496840117,4.797398299400059
13.949999999874917,0.35496332800525504,0.02404960038803394,0.0,259.7865793234028,127.8372004713701,0.0001402562905678075,0.0009973193121383139,0.0,0.0,1.0,1.0,14.311392496840119,4.7940679294329085,14.902077737166753,5.010120366514182,14.311392496840119,4.7940679294329085
13.95833333320813,0.3549516606676263,0.023974995195271975,0.0,259.7823790791557,127.81155099712025,0.0001397620278570457,0.00099268216725295,0.0,0.0,1.0,1.0,14.31139249684014,4.790739871419317,14.90207773716674,5.006642324053057,14.31139249684014,4.790739871419317
13.966666666541341,0.35494003442146144,0.02390073534346198,0.0,259.7781936278451,127.7860254129317,0.00013927008479451374,0.0009880736466967742,0.0,0.0,1.0,1.0,14.311392496840146,4.787414123754348,14.902077737166747,5.003166696060742,14.311392496840146,4.787414123754348
13.974999999874553,0.35492844907402554,0.02382681871059907,0.0,259.7740229000864,127.76062293277568,0.00013878044778809818,0.0009834935304443011,0.0,0.0,1.0,1.0,14.311392496840128,4.784090684834147,14.90207773716672,4.999693480861108,14.311392496840128,4.784090684834147
13.983333333207765,0.35491690443371215,0.02375324319091538,0.0,259.76986682690114,127.73534277678736,0.00013829310334114006,0.000978941600492631,0.0,0.0,1.0,1.0,14.311392496840122,4.780769553055956,14.902077737166726,4.99622267677919,14.311392496840122,4.780769553055956
13.991666666540977,0.35490540031003576,0.02368000669473133,0.0,259.76572533971466,127.71018417120837,0.0001378080380516692,0.0009744176408398147,0.0,0.0,1.0,1.0,14.311392496840112,4.777450726818169,14.902077737166746,4.992754282141161,14.311392496840112,4.777450726818169
13.99999999987419,0.35489393651362383,0.023607107148308923,0.0,259.7615983703527,127.68514634832991,0.00013732523861161502,0.0009699214374635134,0.0,0.0,1.0,1.0,14.311392496840124,4.774134204520278,14.902077737166744,4.98928829527439,14.311392496840124,4.774134204520278
14.008333333207402,0.3548825128562086,0.023534542493705908,0.0,259.7574858510389,127.6602285464365,0.00013684469180603976,0.0009654527782998739,0.0,0.0,1.0,1.0,14.31139249684012,4.770819984562874,14.902077737166742,4.9858247145074,14.31139249684012,4.770819984562874
14.016666666540614,0.3548711291506199,0.0234623106886322,0.0,259.7533877143918,127.63543000975025,0.00013636638451239088,0.0009610114532227038,0.0,0.0,1.0,1.0,14.311392496840112,4.767508065347664,14.902077737166767,4.982363538169868,14.311392496840112,4.767508065347664
14.024999999873826,0.35485978521077743,0.023390409706307236,0.0,259.7493038934226,127.61074998837596,0.00013589030369974916,0.0009565972540228647,0.0,0.0,1.0,1.0,14.311392496840122,4.764198445277488,14.902077737166781,4.978904764592622,14.311392496840122,4.764198445277488
14.033333333207038,0.35484848085168275,0.023318837535319315,0.0,259.74523432153177,127.58618773824641,0.00013541643642806648,0.0009522099743879419,0.0,0.0,1.0,1.0,14.311392496840144,4.760891122756245,14.902077737166781,4.975448392107665,14.311392496840144,4.760891122756245
14.04166666654025,0.3548372158894118,0.023247592179485986,0.0,259.7411789325066,127.56174252106874,0.00013494476984743056,0.0009478494098821347,0.0,0.0,1.0,1.0,14.31139249684015,4.757586096188991,14.902077737166781,4.971994419048141,14.31139249684015,4.757586096188991
14.049999999873462,0.3548259901411082,0.023176671657716447,0.0,259.7371376605188,127.53741360427092,0.00013447529119736524,0.0009435153579264235,0.0,0.0,1.0,1.0,14.311392496840174,4.754283363981862,14.90207773716678,4.968542843748375,14.311392496840174,4.754283363981862
14.058333333206674,0.35481480342497473,0.023106074003874762,0.0,259.7331104401212,127.51320026094925,0.0001340079878060537,0.0009392076177789331,0.0,0.0,1.0,1.0,14.311392496840197,4.750982924542103,14.902077737166755,4.96509366454383,14.311392496840197,4.750982924542103
14.066666666539886,0.3548036555602666,0.023035797266645015,0.0,259.72909720624574,127.48910176981589,0.0001335428470896574,0.0009349259905155687,0.0,0.0,1.0,1.0,14.311392496840195,4.747684776278085,14.902077737166778,4.961646879771122,14.311392496840195,4.747684776278085
14.074999999873098,0.3547925463672842,0.022965839509397682,0.0,259.72509789420053,127.46511741514755,0.00013307985655159764,0.0009306702790108663,0.0,0.0,1.0,1.0,14.311392496840192,4.744388917599243,14.902077737166755,4.958202487768029,14.311392496840192,4.744388917599243
14.08333333320631,0.35478147566736534,0.02289619881005721,0.0,259.7211124396671,127.4412464867341,0.00013261900378184113,0.0009264402879190686,0.0,0.0,1.0,1.0,14.311392496840195,4.741095346916171,14.902077737166744,4.9547604868734805,14.311392496840195,4.741095346916171
14.091666666539522,0.3547704432828786,0.022826873260971683,0.0,259.717140778698,127.41748827982848,0.00013216027645620253,0.000922235823655462,0.0,0.0,1.0,1.0,14.31139249684017,4.73780406264053,14.902077737166747,4.951320875427577,14.31139249684017,4.73780406264053
14.099999999872734,0.3547594490372161,0.022757860968782836,0.0,259.7131828477146,127.39384209509622,0.00013170366233567017,0.0009180566943778828,0.0,0.0,1.0,1.0,14.311392496840137,4.73451506318508,14.902077737166744,4.947883651771516,14.311392496840137,4.73451506318508
14.108333333205946,0.35474849275478626,0.022689160054298226,0.0,259.7092385835037,127.37030723856634,0.00013124914926569136,0.0009139027099684856,0.0,0.0,1.0,1.0,14.31139249684012,4.731228346963717,14.902077737166753,4.944448814247732,14.31139249684012,4.731228346963717
14.116666666539158,0.3547375742610068,0.022620768652364422,0.0,259.7053079232156,127.34688302158229,0.00013079672517552122,0.0009097736820157183,0.0,0.0,1.0,1.0,14.311392496840151,4.72794391239138,14.902077737166763,4.941016361199736,14.311392496840151,4.72794391239138
14.12499999987237,0.3547266933822979,0.022552684911741564,0.0,259.7013908043617,127.32356876075352,0.0001303463780775248,0.0009056694237965086,0.0,0.0,1.0,1.0,14.311392496840142,4.7246617578841565,14.902077737166742,4.937586290972254,14.311392496840142,4.7246617578841565
14.133333333205583,0.35471584994607525,0.022484906994979185,0.0,259.6974871648115,127.30036377790762,0.0001298980960665312,0.0009015897502586616,0.0,0.0,1.0,1.0,14.311392496840169,4.721381881859224,14.90207773716675,4.934158601911083,14.311392496840169,4.721381881859224
14.141666666538795,0.3547050437807433,0.022417433078293348,0.0,259.6935969427906,127.27726740004285,0.00012945186731916003,0.0008975344780034699,0.0,0.0,1.0,1.0,14.311392496840185,4.7181042827348545,14.902077737166765,4.930733292363207,14.311392496840185,4.7181042827348545
14.149999999872007,0.35469427471568815,0.022350261351445105,0.0,259.68972007687785,127.25427895928131,0.00012900768009316437,0.0008935034252685299,0.0,0.0,1.0,1.0,14.311392496840185,4.714828958930406,14.902077737166735,4.927310360676782,14.311392496840185,4.714828958930406
14.158333333205219,0.3546835425812712,0.022283390017620048,0.0,259.68585650600346,127.2313977928225,0.0001285655227267922,0.0008894964119107545,0.0,0.0,1.0,1.0,14.311392496840185,4.7115559088663765,14.902077737166689,4.92388980520109,14.311392496840185,4.7115559088663765
14.16666666653843,0.35467284720882253,0.02221681729330953,0.0,259.6820061694462,127.20862324289742,0.00012812538363814847,0.0008855132593896118,0.0,0.0,1.0,1.0,14.311392496840185,4.708285130964289,14.902077737166724,4.920471624286537,14.311392496840185,4.708285130964289
14.174999999871643,0.35466218843063385,0.022150541408192483,0.0,259.67816900683096,127.18595465672311,0.00012768725132453402,0.00088155379075052,0.0,0.0,1.0,1.0,14.311392496840185,4.705016623646834,14.902077737166728,4.917055816284714,14.311392496840185,4.705016623646834
14.183333333204855,0.35465156607995196,0.02208456060501892,0.0,259.6743449581266,127.16339138645768,0.00012725111436182995,0.0008776178306084734,0.0,0.0,1.0,1.0,14.311392496840185,4.701750385337756,14.902077737166792,4.913642379548319,14.311392496840185,4.701750385337756
14.191666666538067,0.3546409799909729,0.022018873139494452,0.0,259.6705339636436,127.1409327891558,0.00012681696140388014,0.0008737052051318436,0.0,0.0,1.0,1.0,14.311392496840185,4.698486414461892,14.902077737166776,4.910231312431234,14.311392496840185,4.698486414461892
14.19999999987128,0.3546304299988343,0.021953477280166132,0.0,259.6667359640316,127.11857822672472,0.00012638478118184642,0.0008698157420263822,0.0,0.0,1.0,1.0,14.311392496840185,4.6952247094452035,14.90207773716676,4.906822613288452,14.311392496840185,4.6952247094452035
14.208333333204491,0.35461991593961034,0.021888371308309302,0.0,259.66295090027717,127.09632706588069,0.00012595456250362303,0.0008659492705194026,0.0,0.0,1.0,1.0,14.311392496840185,4.6919652687147195,14.902077737166756,4.903416280476119,14.311392496840185,4.6919652687147195
14.216666666537703,0.3546094376503041,0.021823553517815612,0.0,259.6591787137014,127.07417867810574,0.00012552629425320572,0.0008621056213441463,0.0,0.0,1.0,1.0,14.311392496840185,4.6887080906985625,14.902077737166737,4.900012312351502,14.311392496840185,4.6887080906985625
14.224999999870915,0.35459899496884234,0.021759022215082406,0.0,259.65541934595785,127.05213243960519,0.0001250999653901019,0.0008582846267243438,0.0,0.0,1.0,1.0,14.311392496840185,4.68545317382595,14.90207773716677,4.896610707273051,14.311392496840185,4.68545317382595
14.233333333204127,0.3545885877340684,0.021694775718902926,0.0,259.6516727390302,127.03018773126526,0.00012467556494873136,0.0008544861203589416,0.0,0.0,1.0,1.0,14.311392496840185,4.6822005165271845,14.90207773716675,4.893211463600315,14.311392496840185,4.6822005165271845
14.24166666653734,0.35457821578573634,0.0216308123603579,0.0,259.6479388352297,127.00834393861138,0.0001242530820378251,0.0008507099374070214,0.0,0.0,1.0,1.0,14.311392496840185,4.678950117233679,14.902077737166705,4.889814579694006,14.311392496840185,4.678950117233679
14.249999999870552,0.35456787896450487,0.021567130482707926,0.0,259.6442175771936,126.98660045176675,0.0001238325058398476,0.0008469559144728741,0.0,0.0,1.0,1.0,14.311392496840185,4.675701974377935,14.902077737166724,4.886420053915965,14.311392496840185,4.675701974377935
14.258333333203764,0.35455757711193114,0.021503728441287406,0.0,259.64050890788235,126.96495666541146,0.00012341382561041473,0.0008432238895912784,0.0,0.0,1.0,1.0,14.311392496840185,4.672456086393497,14.902077737166717,4.883027884629176,14.311392496840185,4.672456086393497
14.266666666536976,0.3545473100704644,0.02144060460339911,0.0,259.6368127705777,126.943411978742,0.00012299703067770892,0.0008395137022129223,0.0,0.0,1.0,1.0,14.311392496840185,4.669212451715041,14.9020777371667,4.879638070197749,14.311392496840185,4.669212451715041
14.274999999870188,0.3545370776834404,0.0213777573482101,0.0,259.6331291088805,126.92196579543115,0.00012258211044191382,0.0008358251931900106,0.0,0.0,1.0,1.0,14.311392496840185,4.66597106877831,14.902077737166701,4.8762506089869335,14.311392496840185,4.66597106877831
14.2833333332034,0.35452687979507497,0.021315185066648555,0.0,259.62945786670826,126.90061752358825,0.0001221690543746485,0.0008321582047620324,0.0,0.0,1.0,1.0,14.311392496840185,4.662731936020147,14.90207773716669,4.872865499363117,14.311392496840185,4.662731936020147
14.291666666536612,0.35451671625045855,0.021252886161301585,0.0,259.6257989882937,126.87936657571998,0.00012175785201840817,0.0008285125805416853,0.0,0.0,1.0,1.0,14.311392496840185,4.659495051878474,14.90207773716666,4.869482739693814,14.311392496840185,4.659495051878474
14.299999999869824,0.35450658689555015,0.02119085904631446,0.0,259.62215241818194,126.85821236869153,0.00012134849298600712,0.0008248881655009916,0.0,0.0,1.0,1.0,14.311392496840185,4.656260414792296,14.90207773716667,4.8661023283477,14.311392496840185,4.656260414792296
14.308333333203036,0.35449649157717134,0.02112910214729025,0.0,259.6185181012287,126.83715432368801,0.00012094096696002346,0.0008212848059575327,0.0,0.0,1.0,1.0,14.311392496840185,4.653028023201667,14.902077737166662,4.862724263694543,14.311392496840185,4.653028023201667
14.316666666536248,0.35448643014300046,0.021067613901190982,0.0,259.6148959825981,126.81619186617648,0.00012053526369225057,0.0008177023495608768,0.0,0.0,1.0,1.0,14.311392496840185,4.6497978755478275,14.90207773716666,4.859348544105255,14.311392496840185,4.6497978755478275
14.32499999986946,0.3544764024415673,0.02100639275623962,0.0,259.61128600776095,126.79532442586823,0.00012013137300317459,0.0008141406452791489,0.0,0.0,1.0,1.0,14.311392496840185,4.646569970272992,14.90207773716665,4.855975167951902,14.311392496840185,4.646569970272992
14.333333333202672,0.35446640832224685,0.020945437171822866,0.0,259.60768812249216,126.77455143668143,0.00011972928478141769,0.000810599543385748,0.0,0.0,1.0,1.0,14.311392496840185,4.643344305820477,14.902077737166675,4.852604133607655,14.311392496840185,4.643344305820477
14.341666666535884,0.35445644763525397,0.020884745618395272,0.0,259.604102272869,126.7538723367043,0.00011932898898320701,0.000807078895446237,0.0,0.0,1.0,1.0,14.311392496840185,4.6401208806347185,14.902077737166657,4.849235439446828,14.311392496840185,4.6401208806347185
14.349999999869096,0.35444652023163764,0.0208243165773841,0.0,259.60052840526913,126.73328656815849,0.00011893047563186827,0.0008035785543053671,0.0,0.0,1.0,1.0,14.311392496840185,4.636899693161192,14.90207773716667,4.845869083844859,14.311392496840185,4.636899693161192
14.358333333202308,0.35443662596327546,0.02076414854109499,0.0,259.5969664663684,126.7127935773629,0.00011853373481727536,0.0008000983740742453,0.0,0.0,1.0,1.0,14.311392496840185,4.633680741846514,14.902077737166637,4.842505065178289,14.311392496840185,4.633680741846514
14.36666666653552,0.35442676468286805,0.020704240012618887,0.0,259.59341640313903,126.6923928146979,0.00011813875669535053,0.0007966382101176662,0.0,0.0,1.0,1.0,14.311392496840185,4.63046402513831,14.90207773716666,4.839143381824844,14.311392496840185,4.63046402513831
14.374999999868733,0.3544169362439338,0.020644589505739778,0.0,259.5898781628476,126.67208373456987,0.00011774553148756006,0.0007931979190415816,0.0,0.0,1.0,1.0,14.311392496840185,4.6272495414853285,14.902077737166671,4.835784032163317,14.311392496840185,4.6272495414853285
14.383333333201945,0.3544071405008033,0.020585195544843185,0.0,259.5863516930531,126.65186579537611,0.00011735404948039004,0.0007897773586807024,0.0,0.0,1.0,1.0,14.311392496840185,4.624037289337344,14.902077737166696,4.832427014573676,14.311392496840185,4.624037289337344
14.391666666535157,0.3543973773086135,0.02052605666482576,0.0,259.58283694160474,126.63173845947011,0.00011696430102482653,0.0007863763880862546,0.0,0.0,1.0,1.0,14.311392496840185,4.620827267145253,14.902077737166671,4.829072327436965,14.311392496840185,4.620827267145253
14.399999999868369,0.35438764652330307,0.020467171411005826,0.0,259.57933385664046,126.61170119312717,0.00011657627653589704,0.000782994867513875,0.0,0.0,1.0,1.0,14.311392496840185,4.617619473361027,14.902077737166692,4.825719969135358,14.311392496840185,4.617619473361027
14.40833333320158,0.35437794800160677,0.020408538339034502,0.0,259.5758423865848,126.59175346651034,0.00011618996649215177,0.0007796326584116285,0.0,0.0,1.0,1.0,14.311392496840185,4.614413906437698,14.902077737166714,4.822369938052202,14.311392496840185,4.614413906437698
14.416666666534793,0.3543682816010501,0.020350156014808118,0.0,259.5723624801468,126.57189475363674,0.00011580536143516833,0.0007762896234081833,0.0,0.0,1.0,1.0,14.311392496840185,4.611210564829369,14.902077737166731,4.819022232571933,14.311392496840185,4.611210564829369
14.424999999868005,0.35435864717994414,0.02029202301438109,0.0,259.56889408631844,126.55212453234421,0.00011542245196907949,0.000772965626301099,0.0,0.0,1.0,1.0,14.311392496840185,4.608009446991225,14.902077737166739,4.81567685108011,14.311392496840185,4.608009446991225
14.433333333201217,0.3543490445973803,0.02023413792387986,0.0,259.56543715437266,126.53244228425821,0.00011504122876007444,0.000769660532045257,0.0,0.0,1.0,1.0,14.311392496840185,4.6048105513795,14.902077737166728,4.812333791963399,14.311392496840185,4.6048105513795
14.441666666534429,0.35433947371322544,0.02017649933941787,0.0,259.5619916338614,126.51284749475931,0.00011466168253594282,0.00076637420674143,0.0,0.0,1.0,1.0,14.311392496840185,4.6016138764515455,14.902077737166724,4.808993053609601,14.311392496840185,4.6016138764515455
14.449999999867641,0.3543299343881163,0.02011910586701108,0.0,259.55855747461396,126.49333965295065,0.00011428380408558143,0.000763106517624968,0.0,0.0,1.0,1.0,14.311392496840185,4.598419420665744,14.902077737166758,4.805654634407636,14.311392496840185,4.598419420665744
14.458333333200853,0.35432042648345474,0.020061956122494132,0.0,259.5551346267349,126.47391825162592,0.00011390758425853668,0.000759857333054599,0.0,0.0,1.0,1.0,14.311392496840185,4.595227182481547,14.902077737166769,4.80231853274755,14.311392496840185,4.595227182481547
14.466666666534065,0.3543109498614028,0.02000504873143804,0.0,259.55172304060255,126.4545827872377,0.00011353301396453413,0.0007566265225013936,0.0,0.0,1.0,1.0,14.311392496840186,4.592037160359514,14.902077737166746,4.798984747020485,14.311392496840186,4.592037160359514
14.474999999867277,0.3543015043848774,0.01994838232906804,0.0,259.5483226668669,126.43533275986606,0.00011316008417301291,0.0007534139565378203,0.0,0.0,1.0,1.0,14.311392496840186,4.588849352761243,14.902077737166746,4.795653275618722,14.311392496840186,4.588849352761243
14.48333333320049,0.3542920899175454,0.019891955560182483,0.0,259.5449334564482,126.4161676731874,0.00011278878591268129,0.0007502195068269339,0.0,0.0,1.0,1.0,14.311392496840186,4.585663758149404,14.902077737166731,4.792324116935637,14.311392496840186,4.585663758149404
14.491666666533702,0.3542827063238191,0.019835767079072513,0.0,259.5415553605345,126.39708703444369,0.00011241911027105152,0.0007470430461116865,0.0,0.0,1.0,1.0,14.31139249684019,4.582480374987721,14.902077737166728,4.788997269365753,14.31139249684019,4.582480374987721
14.499999999866914,0.35427335346885086,0.019779815549442574,0.0,259.53818833058097,126.37809035441201,0.00011205104839399828,0.0007438844482043586,0.0,0.0,1.0,1.0,14.31139249684019,4.579299201741024,14.902077737166726,4.785672731304676,14.31139249684019,4.579299201741024
14.508333333200126,0.35426403121852873,0.019724099644331534,0.0,259.53483231830705,126.35917714737435,0.00011168459148531382,0.0007407435879761015,0.0,0.0,1.0,1.0,14.31139249684018,4.576120236875177,14.902077737166735,4.782350501149142,14.31139249684018,4.576120236875177
14.516666666533338,0.354254739439471,0.019668618046034758,0.0,259.53148727569544,126.34034693108777,0.00011131973080625587,0.0007376203413466044,0.0,0.0,1.0,1.0,14.311392496840176,4.572943478857093,14.902077737166733,4.779030577296974,14.311392496840176,4.572943478857093
14.52499999986655,0.35424547799902173,0.0196133694460269,0.0,259.5281531549898,126.32159922675473,0.00011095645767510444,0.0007345145852738745,0.0,0.0,1.0,1.0,14.311392496840176,4.569768926154799,14.902077737166714,4.775712958147157,14.311392496840176,4.569768926154799
14.533333333199762,0.3542362467652466,0.01955835254488532,0.0,259.5248299086939,126.30293355899391,0.00011059476346677013,0.0007314261977441256,0.0,0.0,1.0,1.0,14.311392496840176,4.566596577237358,14.902077737166694,4.772397642099733,14.311392496840176,4.566596577237358
14.541666666532974,0.3542270456069273,0.019503566052214268,0.0,259.5215174895691,126.28434945581107,0.00011023463961231197,0.0007283550577617779,0.0,0.0,1.0,1.0,14.311392496840174,4.563426430574886,14.902077737166705,4.769084627555907,14.311392496840174,4.563426430574886
14.549999999866186,0.35421787439355745,0.019449008686570103,0.0,259.51821585063294,126.26584644857051,0.00010987607759854066,0.0007253010453395863,0.0,0.0,1.0,1.0,14.31139249684018,4.560258484638574,14.902077737166703,4.765773912917947,14.31139249684018,4.560258484638574
14.558333333199398,0.3542087329953377,0.01939467917538678,0.0,259.5149249451578,126.24742407196646,0.00010951906896759445,0.0007222640414888536,0.0,0.0,1.0,1.0,14.311392496840185,4.557092737900673,14.902077737166676,4.76246549658926,14.311392496840185,4.557092737900673
14.56666666653261,0.3541996212831712,0.019340576254902347,0.0,259.51164472666864,126.22908186399503,0.00010916360531650117,0.0007192439282097657,0.0,0.0,1.0,1.0,14.31139249684019,4.553929188834507,14.902077737166683,4.759159376974353,14.31139249684019,4.553929188834507
14.574999999865822,0.35419053912865905,0.019286698670086068,0.0,259.5083751489419,126.21081936592626,0.00010880967829678921,0.000716240588481832,0.0,0.0,1.0,1.0,14.311392496840199,4.55076783591444,14.902077737166673,4.75585555247883,14.311392496840199,4.55076783591444
14.583333333199034,0.354181486404096,0.019233045174566303,0.0,259.5051161660037,126.19263612227657,0.0001084572796140572,0.0007132539062544306,0.0,0.0,1.0,1.0,14.311392496840194,4.547608677615888,14.902077737166652,4.752554021509431,14.311392496840194,4.547608677615888
14.591666666532246,0.3541724629824655,0.019179614530558938,0.0,259.50186773212795,126.1745316807814,0.00010810640102757101,0.0007102837664374529,0.0,0.0,1.0,1.0,14.311392496840194,4.544451712415342,14.902077737166671,4.749254782473967,14.311392496840194,4.544451712415342
14.599999999865458,0.3541634687374355,0.019126405508796712,0.0,259.49862980183514,126.15650559236812,0.00010775703434985534,0.0007073300548920608,0.0,0.0,1.0,1.0,14.311392496840197,4.54129693879034,14.902077737166666,4.7459578337813575,14.311392496840197,4.54129693879034
14.60833333319867,0.35415450354335426,0.019073416888458983,0.0,259.4954023298906,126.13855741112924,0.00010740917144630798,0.000704392658421532,0.0,0.0,1.0,1.0,14.311392496840197,4.538144355219516,14.902077737166652,4.742663173841656,14.311392496840197,4.538144355219516
14.616666666531883,0.3541455672752455,0.019020647457102458,0.0,259.4921852713029,126.1206866942959,0.0001070628042347804,0.0007014714647622229,0.0,0.0,1.0,1.0,14.31139249684021,4.5349939601825096,14.902077737166612,4.739370801065994,14.31139249684021,4.5349939601825096
14.624999999865095,0.35413665980880427,0.018968096010592222,0.0,259.48897858132216,126.10289300221145,0.00010671792468519659,0.0006985663625746097,0.0,0.0,1.0,1.0,14.311392496840211,4.531845752160033,14.90207773716664,4.736080713866626,14.311392496840211,4.531845752160033
14.633333333198307,0.354127781020393,0.01891576135303378,0.0,259.4857822154388,126.08517589830556,0.00010637452481916695,0.0006956772414344465,0.0,0.0,1.0,1.0,14.311392496840215,4.528699729633855,14.902077737166625,4.732792910656903,14.311392496840215,4.528699729633855
14.641666666531519,0.35411893078703627,0.018863642296705556,0.0,259.4825961293817,126.06753494906842,0.00010603259670958099,0.0006928039918240104,0.0,0.0,1.0,1.0,14.311392496840213,4.525555891086799,14.902077737166602,4.729507389851249,14.311392496840213,4.525555891086799
14.64999999986473,0.3541101089864177,0.01881173766199201,0.0,259.47942027911694,126.04996972402509,0.00010569213248024927,0.0006899465051234403,0.0,0.0,1.0,1.0,14.31139249684022,4.522414235002736,14.902077737166591,4.7262241498652315,14.31139249684022,4.522414235002736
14.658333333197943,0.35410131549687474,0.018760046277317515,0.0,259.47625462084596,126.03247979571036,0.00010535312430549476,0.0006871046736021762,0.0,0.0,1.0,1.0,14.311392496840224,4.51927475986662,14.902077737166588,4.7229431891154885,14.311392496840224,4.51927475986662
14.666666666531155,0.3540925501973949,0.018708566979080764,0.0,259.4730991110042,126.01506473964362,0.00010501556440978922,0.000684278390410486,0.0,0.0,1.0,1.0,14.311392496840211,4.51613746416439,14.902077737166595,4.719664506019751,14.311392496840211,4.51613746416439
14.674999999864367,0.35408381296761166,0.018657298611589875,0.0,259.46995370625973,125.99772413430406,0.00010467944506738409,0.0006814675495710906,0.0,0.0,1.0,1.0,14.311392496840204,4.513002346383117,14.9020777371666,4.716388098996892,14.311392496840204,4.513002346383117
14.683333333197579,0.35407510368780026,0.018606240026998032,0.0,259.4668183635116,125.9804575611062,0.00010434475860193354,0.0006786720459708731,0.0,0.0,1.0,1.0,14.311392496840213,4.509869405010869,14.902077737166598,4.713113966466845,14.311392496840213,4.509869405010869
14.691666666530791,0.35406642223887363,0.018555390085239733,0.0,259.4636930398884,125.96326460437544,0.00010401149738612396,0.0006758917753526788,0.0,0.0,1.0,1.0,14.311392496840213,4.506738638536765,14.902077737166639,4.7098421068506315,14.311392496840213,4.506738638536765
14.699999999864003,0.3540577685023782,0.01850474765396779,0.0,259.4605776927469,125.94614485132404,0.00010367965384130667,0.0006731266343072116,0.0,0.0,1.0,1.0,14.311392496840213,4.503610045450989,14.902077737166632,4.706572518570429,14.311392496840213,4.503610045450989
14.708333333197215,0.35404914236048995,0.01845431160849073,0.0,259.4574722796703,125.92909789202729,0.0001033492204371523,0.0006703765202650072,0.0,0.0,1.0,1.0,14.311392496840217,4.500483624244764,14.902077737166618,4.703305200049432,14.311392496840217,4.500483624244764
14.716666666530427,0.35404054369601035,0.01840408083171092,0.0,259.4543767584672,125.91212331939974,0.00010302018969126489,0.000667641331488501,0.0,0.0,1.0,1.0,14.311392496840217,4.4973593734103865,14.902077737166621,4.70004014971199,14.311392496840217,4.4973593734103865
14.72499999986364,0.3540319723923624,0.018354054214063133,0.0,259.45129108716986,125.895220729172,0.00010269255416884795,0.000664920967064174,0.0,0.0,1.0,1.0,14.311392496840206,4.494237291441185,14.902077737166625,4.696777365983496,14.311392496840206,4.494237291441185
14.733333333196851,0.3540234283335867,0.018304230653453938,0.0,259.4482152240328,125.8783897198674,0.00010236630648234539,0.0006622153268947945,0.0,0.0,1.0,1.0,14.3113924968402,4.491117376831477,14.902077737166653,4.693516847290463,14.3113924968402,4.491117376831477
14.741666666530064,0.3540149114043376,0.018254609055201335,0.0,259.44514912753164,125.86162989277909,0.00010204143929109235,0.0006595243116917279,0.0,0.0,1.0,1.0,14.311392496840186,4.487999628076716,14.902077737166625,4.690258592060505,14.311392496840186,4.487999628076716
14.749999999863276,0.35400642148987926,0.018205188331975243,0.0,259.4420927563614,125.84494085194726,0.00010171794530096515,0.0006568478229673419,0.0,0.0,1.0,1.0,14.311392496840194,4.484884043673364,14.90207773716661,4.687002598722319,14.311392496840194,4.484884043673364
14.758333333196488,0.3539979584760814,0.018155967403738357,0.0,259.4390460694351,125.82832220413664,0.00010139581726403255,0.000654185763027487,0.0,0.0,1.0,1.0,14.311392496840181,4.481770622118895,14.902077737166627,4.6837488657057085,14.311392496840181,4.481770622118895
14.7666666665297,0.35398952224941627,0.01810694519768769,0.0,259.43600902588287,125.81177355881425,0.00010107504797823589,0.0006515380349640611,0.0,0.0,1.0,1.0,14.311392496840188,4.478659361911867,14.902077737166628,4.6804973914415315,14.311392496840188,4.478659361911867
14.774999999862912,0.3539811126969541,0.01805812064819653,0.0,259.4329815850498,125.79529452812717,0.00010075563028702069,0.0006489045426476471,0.0,0.0,1.0,1.0,14.311392496840188,4.475550261551876,14.902077737166664,4.677248174361743,14.311392496840188,4.475550261551876
14.783333333196124,0.3539727297063597,0.01800949269675706,0.0,259.4299637064953,125.77888472688075,0.00010043755707903193,0.0006462851907202355,0.0,0.0,1.0,1.0,14.311392496840165,4.472443319539541,14.902077737166662,4.67400121289942,14.311392496840165,4.472443319539541
14.791666666529336,0.35396437316588847,0.017961060291923413,0.0,259.42695534999126,125.76254377251689,0.00010012082128775128,0.0006436798845880229,0.0,0.0,1.0,1.0,14.311392496840167,4.46933853437651,14.902077737166659,4.670756505488706,14.311392496840167,4.46933853437651
14.799999999862548,0.35395604296438316,0.01791282238925538,0.0,259.4239564755211,125.74627128509259,9.980541589119923e-05,0.000641088530414286,0.0,0.0,1.0,1.0,14.31139249684015,4.46623590456553,14.902077737166657,4.667514050564821,14.31139249684015,4.46623590456553
14.80833333319576,0.3539477389912695,0.017864777951262425,0.0,259.420967043278,125.7300668872586,9.949133391157971e-05,0.0006385110351123289,0.0,0.0,1.0,1.0,14.311392496840153,4.463135428610323,14.90207773716668,4.664273846564073,14.311392496840153,4.463135428610323
14.816666666528972,0.3539394611365531,0.017816925947348537,0.0,259.4179870136639,125.71393020423847,9.917856841497327e-05,0.000635947306338514,0.0,0.0,1.0,1.0,14.311392496840158,4.460037105015691,14.902077737166648,4.661035891923886,14.311392496840158,4.460037105015691
14.824999999862184,0.35393120929081545,0.017769265353757235,0.0,259.4150163472882,125.6978608638075,9.886711251101147e-05,0.0006333972524853545,0.0,0.0,1.0,1.0,14.311392496840178,4.456940932287472,14.902077737166607,4.657800185082724,14.311392496840178,4.456940932287472
14.833333333195396,0.35392298334521044,0.017721795153517423,0.0,259.4120550049662,125.6818584962723,9.855695935255204e-05,0.000630860782674694,0.0,0.0,1.0,1.0,14.31139249684019,4.453846908932488,14.90207773716662,4.654566724480182,14.31139249684019,4.453846908932488
14.841666666528608,0.35391478319146064,0.017674514336389457,0.0,259.4091029477181,125.66592273445005,9.82481021353696e-05,0.0006283378067509435,0.0,0.0,1.0,1.0,14.311392496840178,4.450755033458673,14.902077737166628,4.651335508556897,14.311392496840178,4.450755033458673
14.84999999986182,0.35390660872185403,0.017627421898811894,0.0,259.4061601367675,125.65005321364836,9.794053409784242e-05,0.0006258282352743999,0.0,0.0,1.0,1.0,14.311392496840178,4.447665304374949,14.902077737166637,4.648106535754599,14.311392496840178,4.447665304374949
14.858333333195032,0.35389845982924034,0.017580516843848624,0.0,259.40322653354025,125.63424957164514,9.763424852063782e-05,0.0006233319795146322,0.0,0.0,1.0,1.0,14.311392496840147,4.444577720191297,14.902077737166625,4.64487980451611,14.311392496840147,4.444577720191297
14.866666666528245,0.3538903364070273,0.01753379818113663,0.0,259.4003020996631,125.61851144866864,9.73292387264046e-05,0.0006208489514439387,0.0,0.0,1.0,1.0,14.311392496840154,4.44149227941872,14.902077737166621,4.641655313285346,14.311392496840154,4.44149227941872
14.874999999861457,0.35388223834917737,0.017487264926834046,0.0,259.3973867969626,125.60283848737781,9.702549807947189e-05,0.0006183790637308694,0.0,0.0,1.0,1.0,14.311392496840154,4.438408980569224,14.902077737166609,4.638433060507267,14.311392496840154,4.438408980569224
14.883333333194669,0.35387416555020446,0.017440916103568797,0.0,259.39448058746365,125.58723033284264,9.672301998554167e-05,0.0006159222297338176,0.0,0.0,1.0,1.0,14.311392496840169,4.435327822155927,14.902077737166625,4.635213044627939,14.311392496840169,4.435327822155927
14.89166666652788,0.3538661179051701,0.017394750740387786,0.0,259.3915834333884,125.57168663252489,9.642179789138568e-05,0.0006134783634946856,0.0,0.0,1.0,1.0,14.311392496840158,4.432248802692898,14.902077737166637,4.631995264094495,14.311392496840158,4.432248802692898
14.899999999861093,0.3538580953096802,0.01734876787270628,0.0,259.388695297155,125.55620703625888,9.612182528455239e-05,0.0006110473797326036,0.0,0.0,1.0,1.0,14.31139249684014,4.42917192069528,14.902077737166644,4.628779717355152,14.31139249684014,4.42917192069528
14.908333333194305,0.35385009765988185,0.017302966542258075,0.0,259.38581614137627,125.54079119623243,9.582309569307238e-05,0.0006086291938377235,0.0,0.0,1.0,1.0,14.311392496840142,4.426097174679259,14.902077737166639,4.625566402859197,14.311392496840142,4.426097174679259
14.916666666527517,0.3538421248524594,0.01725734579704597,0.0,259.3829459288586,125.52543876696814,9.552560268514946e-05,0.0006062237218650827,0.0,0.0,1.0,1.0,14.311392496840124,4.423024563162001,14.902077737166666,4.622355319057013,14.311392496840124,4.423024563162001
14.924999999860729,0.353834176784632,0.017211904691292582,0.0,259.3800846226009,125.51014940530462,9.52293398688983e-05,0.0006038308805285131,0.0,0.0,1.0,1.0,14.311392496840137,4.419954084661768,14.902077737166644,4.619146464400044,14.311392496840137,4.419954084661768
14.933333333193941,0.3538262533541496,0.01716664228539188,0.0,259.3772321857931,125.49492277037814,9.493430089203657e-05,0.0006014505871946366,0.0,0.0,1.0,1.0,14.31139249684015,4.416885737697773,14.90207773716665,4.615939837340795,14.31139249684015,4.416885737697773
14.941666666527153,0.35381835445928966,0.017121557645860836,0.0,259.3743885818151,125.47975852360416,9.464047944159114e-05,0.0005990827598769029,0.0,0.0,1.0,1.0,14.311392496840154,4.4138195207903355,14.902077737166644,4.612735436332869,14.311392496840154,4.4138195207903355
14.949999999860365,0.3538104799988543,0.017076649845291832,0.0,259.37155377423557,125.46465632865933,9.434786924363791e-05,0.0005967273172297049,0.0,0.0,1.0,1.0,14.311392496840163,4.410755432460718,14.902077737166646,4.609533259830935,14.311392496840163,4.410755432460718
14.958333333193577,0.35380262987216704,0.01703191796230524,0.0,259.368727726811,125.44961585146343,9.405646406300974e-05,0.0005943841785425439,0.0,0.0,1.0,1.0,14.311392496840169,4.407693471231301,14.902077737166637,4.606333306290723,14.311392496840169,4.407693471231301
14.96666666652679,0.35379480397906893,0.01698736108150268,0.0,259.3659104034841,125.43463676016165,9.376625770300727e-05,0.0005920532637342678,0.0,0.0,1.0,1.0,14.311392496840169,4.404633635625408,14.902077737166639,4.60313557416906,14.311392496840169,4.404633635625408
14.974999999860001,0.353787002219916,0.01694297829342037,0.0,259.3631017683831,125.41971872510683,9.347724400512935e-05,0.0005897344933473497,0.0,0.0,1.0,1.0,14.311392496840162,4.401575924167447,14.902077737166639,4.599940061923838,14.311392496840162,4.401575924167447
14.983333333193213,0.35377922449557614,0.016898768694483174,0.0,259.36030178582035,125.40486141884203,9.318941684881445e-05,0.0005874277885422422,0.0,0.0,1.0,1.0,14.311392496840165,4.398520335382815,14.902077737166634,4.596746768013988,14.311392496840165,4.398520335382815
14.991666666526426,0.3537714707074253,0.01685473138695909,0.0,259.3575104202912,125.39006451608326,9.290277015113794e-05,0.0005851330710917905,0.0,0.0,1.0,1.0,14.311392496840176,4.395466867797972,14.90207773716661,4.593555690899551,14.311392496840176,4.395466867797972
14.999999999859638,0.35376374075734524,0.016810865478913927,0.0,259.35472763647306,125.37532769370227,9.261729786657171e-05,0.0005828502633756932,0.0,0.0,1.0,1.0,14.311392496840178,4.392415519940359,14.90207773716663,4.590366829041598,14.311392496840178,4.392415519940359
15.00833333319285,0.35375603454771953,0.01676717008416645,0.0,259.35195339922393,125.36065063070953,9.23329939866966e-05,0.0005805792883750202,0.0,0.0,1.0,1.0,14.311392496840163,4.3893662903384705,14.902077737166618,4.587180180902319,14.311392496840163,4.3893662903384705
15.016666666526062,0.35374835198143106,0.016723644322244102,0.0,259.34918767358175,125.34603300823738,9.204985253994207e-05,0.0005783200696667973,0.0,0.0,1.0,1.0,14.311392496840183,4.386319177521768,14.902077737166632,4.583995744944924,14.311392496840183,4.386319177521768
15.024999999859274,0.35374069296185895,0.016680287318338947,0.0,259.34643042476284,125.3314745095234,9.176786759132707e-05,0.0005760725314186409,0.0,0.0,1.0,1.0,14.311392496840183,4.383274180020819,14.90207773716661,4.580813519633696,14.311392496840183,4.383274180020819
15.033333333192486,0.35373305739287514,0.01663709820326408,0.0,259.34368161816116,125.31697481989379,9.14870332421943e-05,0.0005738365983834442,0.0,0.0,1.0,1.0,14.31139249684019,4.380231296367141,14.902077737166644,4.577633503434029,14.31139249684019,4.380231296367141
15.041666666525698,0.35372544517884175,0.016594076113410395,0.0,259.3409412193471,125.30253362674702,9.120734362995064e-05,0.0005716121958941234,0.0,0.0,1.0,1.0,14.311392496840178,4.377190525093302,14.902077737166634,4.574455694812332,14.311392496840178,4.377190525093302
15.04999999985891,0.35371785622460805,0.016551220190703732,0.0,259.3382091940662,125.28815061953753,9.092879292782218e-05,0.0005693992498584121,0.0,0.0,1.0,1.0,14.311392496840194,4.374151864732869,14.902077737166655,4.571280092236107,14.311392496840194,4.374151864732869
15.058333333192122,0.35371029043550717,0.01650852958256245,0.0,259.33548550823855,125.2738254897597,9.065137534457318e-05,0.0005671976867537155,0.0,0.0,1.0,1.0,14.311392496840174,4.371115313820458,14.902077737166646,4.568106694173909,14.311392496840174,4.371115313820458
15.066666666525334,0.3537027477173535,0.016466003441855417,0.0,259.33277012795725,125.2595579309319,9.037508512428294e-05,0.0005650074336220141,0.0,0.0,1.0,1.0,14.311392496840192,4.368080870891653,14.902077737166614,4.564935499095352,14.311392496840192,4.368080870891653
15.074999999858546,0.3536952279764397,0.016423640926860227,0.0,259.3300630194876,125.24534763858063,9.009991654607629e-05,0.0005628284180648178,0.0,0.0,1.0,1.0,14.3113924968402,4.365048534483128,14.902077737166618,4.561766505471106,14.3113924968402,4.365048534483128
15.083333333191758,0.3536877311195334,0.016381441201221893,0.0,259.3273641492659,125.23119431022486,8.982586392387585e-05,0.0005606605682381704,0.0,0.0,1.0,1.0,14.311392496840208,4.362018303132504,14.902077737166602,4.558599711772933,14.311392496840208,4.362018303132504
15.09166666652497,0.353680257053875,0.016339403433911975,0.0,259.32467348389883,125.21709764536058,8.955292160616752e-05,0.0005585038128477135,0.0,0.0,1.0,1.0,14.31139249684021,4.358990175378458,14.902077737166602,4.555435116473624,14.31139249684021,4.358990175378458
15.099999999858182,0.3536728056871742,0.016297526799187896,0.0,259.3219909901617,125.20305734544536,8.928108397574181e-05,0.000556358081143789,0.0,0.0,1.0,1.0,14.311392496840208,4.355964149760669,14.902077737166623,4.552272718047041,14.311392496840208,4.355964149760669
15.108333333191394,0.35366537692760736,0.016255810476552716,0.0,259.319316634998,125.18907311388308,8.901034544945392e-05,0.0005542233029165971,0.0,0.0,1.0,1.0,14.311392496840208,4.352940224819814,14.902077737166644,4.549112514968124,14.311392496840208,4.352940224819814
15.116666666524607,0.3536579706838148,0.01621425365071536,0.0,259.3166503855183,125.17514465600892,8.874070047799591e-05,0.0005520994084914075,0.0,0.0,1.0,1.0,14.311392496840197,4.349918399097611,14.902077737166643,4.54595450571285,14.311392496840197,4.349918399097611
15.124999999857819,0.35365058686489786,0.016172855511550965,0.0,259.31399220899897,125.16127167907433,8.847214354563892e-05,0.0005499863287238089,0.0,0.0,1.0,1.0,14.311392496840181,4.346898671136756,14.902077737166639,4.5427986887582525,14.311392496840181,4.346898671136756
15.13333333319103,0.35364322538041615,0.016131615254061753,0.0,259.3113420728815,125.14745389223215,8.82046691700107e-05,0.000547883994995014,0.0,0.0,1.0,1.0,14.311392496840174,4.343881039480995,14.902077737166623,4.5396450625824265,14.311392496840174,4.343881039480995
15.141666666524243,0.3536358861403846,0.016090532078338275,0.0,259.3086999447712,125.13369100652201,8.793827190184946e-05,0.0005457923392072127,0.0,0.0,1.0,1.0,14.311392496840144,4.340865502675073,14.902077737166634,4.53649362566453,14.311392496840144,4.340865502675073
15.149999999857455,0.35362856905527096,0.01604960518952079,0.0,259.3060657924365,125.1199827348557,8.767294632477672e-05,0.0005437112937789644,0.0,0.0,1.0,1.0,14.311392496840138,4.337852059264705,14.902077737166634,4.533344376484775,14.311392496840138,4.337852059264705
15.158333333190667,0.3536212740359931,0.016008833797761253,0.0,259.30343958380786,125.10632879200271,8.740868705507253e-05,0.000541640791640647,0.0,0.0,1.0,1.0,14.311392496840146,4.334840707796688,14.902077737166652,4.5301973135244396,14.311392496840146,4.334840707796688
15.166666666523879,0.35361400099391593,0.01596821711818541,0.0,259.3008212869765,125.09272889457598,8.714548874143165e-05,0.000539580766229943,0.0,0.0,1.0,1.0,14.31139249684016,4.331831446818767,14.90207773716662,4.527052435265802,14.31139249684016,4.331831446818767
15.174999999857091,0.3536067498408493,0.015927754370855366,0.0,259.298210870194,125.07918276101768,8.688334606474899e-05,0.0005375311514873762,0.0,0.0,1.0,1.0,14.311392496840147,4.328824274879742,14.902077737166625,4.523909740192278,14.311392496840147,4.328824274879742
15.183333333190303,0.35359952048904464,0.015887444780732427,0.0,259.29560830187086,125.06569011158516,8.662225373788523e-05,0.0005354918818518906,0.0,0.0,1.0,1.0,14.311392496840153,4.325819190529368,14.90207773716665,4.520769226788278,14.311392496840153,4.325819190529368
15.191666666523515,0.35359231285119275,0.015847287577640277,0.0,259.2930135505758,125.05225066833702,8.636220650543955e-05,0.0005334628922564749,0.0,0.0,1.0,1.0,14.31139249684016,4.322816192318438,14.902077737166646,4.517630893539279,14.31139249684016,4.322816192318438
15.199999999856727,0.3535851268404211,0.015807281996228432,0.0,259.29042658503454,125.03886415511927,8.610319914354342e-05,0.0005314441181238295,0.0,0.0,1.0,1.0,14.31139249684018,4.319815278798763,14.902077737166627,4.514494738931807,14.31139249684018,4.319815278798763
15.20833333318994,0.3535779623702912,0.015767427275936143,0.0,259.28784737412934,125.02553029755177,8.584522645962853e-05,0.0005294354953620792,0.0,0.0,1.0,1.0,14.311392496840195,4.316816448523156,14.902077737166616,4.511360761453451,14.311392496840195,4.316816448523156
15.216666666523151,0.3535708193547959,0.01572772266095643,0.0,259.2852758868976,125.01224882301443,8.558828329220683e-05,0.0005274369603605251,0.0,0.0,1.0,1.0,14.311392496840199,4.313819700045383,14.902077737166628,4.508228959592826,14.311392496840199,4.313819700045383
15.224999999856363,0.3535636977083571,0.015688167400200608,0.0,259.282712092531,124.99901946063409,8.533236451066669e-05,0.0005254484499854433,0.0,0.0,1.0,1.0,14.311392496840215,4.310825031920296,14.902077737166623,4.505099331839628,14.311392496840215,4.310825031920296
15.233333333189575,0.3535565973458225,0.015648760747262968,0.0,259.280155960375,124.98584194127083,8.50774650150302e-05,0.0005234699015759203,0.0,0.0,1.0,1.0,14.311392496840227,4.3078324427036945,14.902077737166621,4.501971876684561,14.311392496840227,4.3078324427036945
15.241666666522788,0.35354951818246383,0.015609501960385928,0.0,259.2776074599272,124.97271599750513,8.482357973577219e-05,0.000521501252939736,0.0,0.0,1.0,1.0,14.311392496840192,4.30484193095237,14.902077737166598,4.498846592619407,14.311392496840192,4.30484193095237
15.249999999856,0.3535424601339741,0.01557039030242529,0.0,259.27506656083705,124.95964136362446,8.457070363359082e-05,0.0005195424423492809,0.0,0.0,1.0,1.0,14.311392496840192,4.3018534952241625,14.902077737166634,4.495723478136999,14.311392496840192,4.3018534952241625
15.258333333189212,0.35353542311646496,0.015531425040816005,0.0,259.27253323290483,124.94661777561055,8.43188316992039e-05,0.0005175934085375198,0.0,0.0,1.0,1.0,14.3113924968402,4.298867134077885,14.902077737166614,4.492602531731226,14.3113924968402,4.298867134077885
15.266666666522424,0.35352840704646415,0.015492605447538008,0.0,259.27000744608046,124.93364497112637,8.406795895313015e-05,0.0005156540906939885,0.0,0.0,1.0,1.0,14.311392496840169,4.295882846073346,14.902077737166604,4.489483751896968,14.311392496840169,4.295882846073346
15.274999999855636,0.353521411840913,0.015453930799082652,0.0,259.2674891704628,124.92072268950346,8.381808044549197e-05,0.0005137244284608418,0.0,0.0,1.0,1.0,14.311392496840146,4.292900629771382,14.902077737166579,4.4863671371301805,14.311392496840146,4.292900629771382
15.283333333188848,0.3535144374171645,0.015415400376419116,0.0,259.26497837629887,124.90785067172932,8.356919125581061e-05,0.0005118043619289279,0.0,0.0,1.0,1.0,14.311392496840146,4.28992048373382,14.902077737166602,4.4832526859278765,14.311392496840146,4.28992048373382
15.29166666652206,0.35350748369298024,0.015377013464961255,0.0,259.26247503398287,124.89502866043478,8.332128649280371e-05,0.0005098938316339062,0.0,0.0,1.0,1.0,14.311392496840162,4.286942406523442,14.902077737166584,4.480140396788107,14.311392496840162,4.286942406523442
15.299999999855272,0.3535005505865279,0.015338769354534794,0.0,259.25997911405517,124.8822563998817,8.307436129416602e-05,0.0005079927785524083,0.0,0.0,1.0,1.0,14.311392496840158,4.283966396704099,14.902077737166572,4.477030268209955,14.311392496840158,4.283966396704099
15.308333333188484,0.3534936380163797,0.015300667339344638,0.0,259.25749058720163,124.86953363595057,8.282841082639656e-05,0.0005061011440982278,0.0,0.0,1.0,1.0,14.311392496840144,4.280992452840587,14.902077737166577,4.473922298693564,14.311392496840144,4.280992452840587
15.316666666521696,0.353486745901509,0.015262706717942635,0.0,259.2550094242528,124.85686011612844,8.258343028458222e-05,0.0005042188701185567,0.0,0.0,1.0,1.0,14.311392496840146,4.2780205734987105,14.902077737166579,4.470816486740094,14.311392496840146,4.2780205734987105
15.324999999854908,0.35347987416128873,0.01522488679319546,0.0,259.25253559618284,124.84423558949665,8.233941489220218e-05,0.0005023458988902495,0.0,0.0,1.0,1.0,14.311392496840147,4.275050757245266,14.902077737166575,4.467712830851761,14.311392496840147,4.275050757245266
15.33333333318812,0.3534730227154885,0.01518720687225297,0.0,259.2500690741088,124.83165980671902,8.209635990094118e-05,0.0005004821731161361,0.0,0.0,1.0,1.0,14.311392496840156,4.272083002648066,14.902077737166612,4.464611329531818,14.311392496840156,4.272083002648066
15.341666666521332,0.35346619148427244,0.015149666266516624,0.0,259.2476098292897,124.81913252002985,8.185426059048015e-05,0.0004986276359213585,0.0,0.0,1.0,1.0,14.31139249684015,4.269117308275911,14.902077737166596,4.461511981284549,14.31139249684015,4.269117308275911
15.349999999854544,0.3534593803881968,0.015112264291608255,0.0,259.2451578331258,124.8066534832222,8.161311226831713e-05,0.0004967822308497478,0.0,0.0,1.0,1.0,14.311392496840178,4.266153672698563,14.902077737166605,4.458414784615293,14.311392496840178,4.266153672698563
15.358333333187757,0.353452589348208,0.015075000267339187,0.0,259.24271305715786,124.79422245163623,8.137291026957762e-05,0.0004949459018602425,0.0,0.0,1.0,1.0,14.31139249684017,4.263192094486805,14.902077737166548,4.455319738030419,14.31139249684017,4.263192094486805
15.366666666520969,0.3534458182856397,0.015037873517679457,0.0,259.2402754730659,124.78183918214755,8.113364995680692e-05,0.0004931185933233302,0.0,0.0,1.0,1.0,14.31139249684017,4.260232572212415,14.902077737166533,4.452226840037322,14.31139249684017,4.260232572212415
15.37499999985418,0.3534390671222111,0.015000883370727434,0.0,259.23784505266883,124.76950343315578,8.089532671980688e-05,0.000491300250017535,0.0,0.0,1.0,1.0,14.31139249684019,4.257275104448163,14.90207773716651,4.449136089144454,14.31139249684019,4.257275104448163
15.383333333187393,0.35343233578002436,0.014964029158679695,0.0,259.2354217679234,124.75721496457325,8.065793597542806e-05,0.0004894908171259348,0.0,0.0,1.0,1.0,14.311392496840174,4.254319689767783,14.902077737166536,4.446047483861286,14.311392496840174,4.254319689767783
15.391666666520605,0.3534256241815625,0.014927310217801004,0.0,259.23300559092354,124.74497353781364,8.042147316739858e-05,0.000487690240232709,0.0,0.0,1.0,1.0,14.311392496840204,4.25136632674602,14.90207773716657,4.442961022698316,14.311392496840204,4.25136632674602
15.399999999853817,0.3534189322496871,0.014890725888394756,0.0,259.2305964938993,124.73277891578077,8.018593376613769e-05,0.00048589846531972656,0.0,0.0,1.0,1.0,14.311392496840229,4.248415013958621,14.902077737166563,4.439876704167093,14.311392496840229,4.248415013958621
15.408333333187029,0.3534122599076362,0.014854275514773469,0.0,259.22819444921646,124.72063086285766,7.995131326856477e-05,0.00048411543876315913,0.0,0.0,1.0,1.0,14.311392496840234,4.245465749982303,14.902077737166561,4.436794526780202,14.311392496840234,4.245465749982303
15.416666666520241,0.35340560707902163,0.014817958445229753,0.0,259.22579942937523,124.70852914489538,7.971760719792761e-05,0.00048234110733013865,0.0,0.0,1.0,1.0,14.311392496840247,4.242518533394777,14.902077737166566,4.433714489051262,14.311392496840247,4.242518533394777
15.424999999853453,0.3533989736878277,0.014781774032007295,0.0,259.2234114070099,124.69647352920231,7.948481110362474e-05,0.00048057541817543375,0.0,0.0,1.0,1.0,14.311392496840252,4.239573362774724,14.902077737166584,4.430636589494891,14.311392496840252,4.239573362774724
15.433333333186665,0.353392359658408,0.014745721631272243,0.0,259.2210303548878,124.68446378453322,7.9252920561014e-05,0.00047881831883816886,0.0,0.0,1.0,1.0,14.311392496840252,4.23663023670184,14.902077737166568,4.4275608266267845,14.311392496840252,4.23663023670184
15.441666666519877,0.3533857649154841,0.014709800603084725,0.0,259.2186562459086,124.67249968107859,7.902193117125421e-05,0.0004770697572385667,0.0,0.0,1.0,1.0,14.311392496840234,4.233689153756817,14.90207773716662,4.424487198963641,14.311392496840234,4.233689153756817
15.44999999985309,0.35337918938414303,0.014674010311370778,0.0,259.2162890531037,124.66058099045408,7.87918385611174e-05,0.00047532968167473297,0.0,0.0,1.0,1.0,14.311392496840282,4.230750112521271,14.902077737166605,4.421415705023197,14.311392496840282,4.230750112521271
15.458333333186301,0.3533726329898352,0.014638350123894209,0.0,259.2139287496352,124.6487074856899,7.856263838282044e-05,0.0004735980408194561,0.0,0.0,1.0,1.0,14.31139249684026,4.227813111577852,14.902077737166579,4.4183463433242025,14.31139249684026,4.227813111577852
15.466666666519513,0.3533660956583721,0.01460281941222915,0.0,259.21157530879526,124.63687894122044,7.83343263138459e-05,0.0004718747837170604,0.0,0.0,1.0,1.0,14.311392496840275,4.224878149510181,14.902077737166566,4.415279112386448,14.311392496840275,4.224878149510181
15.474999999852725,0.3533595773159245,0.014567417551732286,0.0,259.2092287040052,124.62509513287391,7.810689805677719e-05,0.00047015985978026136,0.0,0.0,1.0,1.0,14.311392496840266,4.221945224902889,14.902077737166556,4.412214010730754,14.311392496840266,4.221945224902889
15.483333333185938,0.3533530778890204,0.014532143921515866,0.0,259.20688890881524,124.61335583786209,7.788034933913561e-05,0.0004684532187870797,0.0,0.0,1.0,1.0,14.311392496840265,4.219014336341537,14.902077737166572,4.409151036878969,14.311392496840265,4.219014336341537
15.49166666651915,0.35334659730454243,0.014496997904420479,0.0,259.20455589690306,124.60166083477014,7.765467591318531e-05,0.0004667548108777611,0.0,0.0,1.0,1.0,14.311392496840252,4.216085482412729,14.902077737166605,4.406090189353963,14.311392496840252,4.216085482412729
15.499999999852362,0.3533401354897265,0.01446197888698842,0.0,259.2022296420735,124.59000990354659,7.742987355579895e-05,0.0004650645865517432,0.0,0.0,1.0,1.0,14.311392496840222,4.213158661703979,14.902077737166588,4.4030314666796455,14.311392496840222,4.213158661703979
15.508333333185574,0.3533336923721593,0.014427086259437007,0.0,259.19991011825783,124.57840282549323,7.7205938068272e-05,0.0004633824966646398,0.0,0.0,1.0,1.0,14.311392496840213,4.210233872803828,14.90207773716659,4.399974867380925,14.311392496840213,4.210233872803828
15.516666666518786,0.3533272678797763,0.014392319415632258,0.0,259.19759729951284,124.5668393832553,7.698286527616118e-05,0.0004617084924252582,0.0,0.0,1.0,1.0,14.311392496840229,4.2073111143018025,14.902077737166634,4.396920389983753,14.311392496840229,4.2073111143018025
15.524999999851998,0.35332086194086004,0.014357677753062806,0.0,259.19529116002013,124.55531936081158,7.676065102912429e-05,0.00046004252539264814,0.0,0.0,1.0,1.0,14.311392496840243,4.204390384788378,14.902077737166614,4.393868033015093,14.311392496840243,4.204390384788378
15.53333333318521,0.35331447448403785,0.014323160672813943,0.0,259.1929916740856,124.54384254346478,7.653929120076032e-05,0.0004583845474731736,0.0,0.0,1.0,1.0,14.311392496840229,4.201471682855044,14.902077737166586,4.390817795002943,14.311392496840229,4.201471682855044
15.541666666518422,0.35330810543827984,0.01428876757954196,0.0,259.19069881613837,124.53240871783171,7.631878168843446e-05,0.0004567345109176159,0.0,0.0,1.0,1.0,14.311392496840233,4.198555007094239,14.90207773716662,4.387769674476301,14.311392496840233,4.198555007094239
15.549999999851634,0.35330175473289716,0.014254497881448638,0.0,259.1884125607305,124.52101767183386,7.609911841313806e-05,0.0004550923683183028,0.0,0.0,1.0,1.0,14.31139249684026,4.195640356099382,14.902077737166623,4.384723669965213,14.31139249684026,4.195640356099382
15.558333333184846,0.35329542229753963,0.014220350990255995,0.0,259.18613288253596,124.50966919468775,7.588029731931431e-05,0.00045345807260626503,0.0,0.0,1.0,1.0,14.311392496840266,4.1927277284648845,14.902077737166632,4.3816797800007325,14.311392496840266,4.1927277284648845
15.566666666518058,0.35328910806219427,0.014186326321181249,0.0,259.18385975635,124.49836307689567,7.56623143747108e-05,0.0004518315770484218,0.0,0.0,1.0,1.0,14.311392496840282,4.189817122786111,14.902077737166596,4.378638003114939,14.311392496840282,4.189817122786111
15.57499999985127,0.35328281195718325,0.014152423292911852,0.0,259.1815931570886,124.48709911023619,7.544516557022034e-05,0.00045021283524478573,0.0,0.0,1.0,1.0,14.311392496840268,4.186908537659424,14.902077737166596,4.375598337840919,14.311392496840268,4.186908537659424
15.583333333184482,0.3532765339131617,0.014118641327580965,0.0,259.1793330597876,124.47587708775502,7.522884691972553e-05,0.0004486018011257061,0.0,0.0,1.0,1.0,14.311392496840249,4.184001971682154,14.9020777371666,4.372560782712789,14.311392496840249,4.184001971682154
15.591666666517694,0.353270273861116,0.014084979850743053,0.0,259.17707943960204,124.46469680375579,7.501335445994183e-05,0.0004469984289491324,0.0,0.0,1.0,1.0,14.311392496840247,4.181097423452593,14.902077737166625,4.369525336265667,14.311392496840247,4.181097423452593
15.599999999850906,0.35326403173236176,0.014051438291349472,0.0,259.1748322718056,124.45355805379091,7.479868425027322e-05,0.00044540267329789656,0.0,0.0,1.0,1.0,14.311392496840243,4.178194891570021,14.902077737166643,4.366491997035724,14.311392496840243,4.178194891570021
15.608333333184119,0.35325780745854213,0.014018016081724562,0.0,259.17259153178975,124.44246063465258,7.458483237264821e-05,0.00044381448907703284,0.0,0.0,1.0,1.0,14.311392496840252,4.175294374634678,14.90207773716664,4.363460763560104,14.311392496840252,4.175294374634678
15.61666666651733,0.3532516009716261,0.013984712657541767,0.0,259.1703571950633,124.43140434436381,7.437179493139498e-05,0.00044223383151111603,0.0,0.0,1.0,1.0,14.311392496840245,4.172395871247788,14.902077737166623,4.360431634376988,14.311392496840245,4.172395871247788
15.624999999850543,0.3532454122039058,0.013951527457799994,0.0,259.1681292372514,124.4203889821696,7.415956805305892e-05,0.00044066065614162687,0.0,0.0,1.0,1.0,14.31139249684023,4.169499380011536,14.902077737166602,4.357404608025573,14.31139249684023,4.169499380011536
15.633333333183755,0.3532392410879957,0.01391845992480014,0.0,259.1659076340953,124.4094143485281,7.394814788627325e-05,0.00043909491882434095,0.0,0.0,1.0,1.0,14.31139249684023,4.166604899529077,14.90207773716661,4.354379683046066,14.31139249684023,4.166604899529077
15.641666666516967,0.35323308755683014,0.01388550950412186,0.0,259.16369236145124,124.39848024510182,7.373753060161916e-05,0.00043753657572674274,0.0,0.0,1.0,1.0,14.311392496840233,4.16371242840454,14.902077737166593,4.351356857979671,14.311392496840233,4.16371242840454
15.649999999850179,0.35322695154366157,0.013852675644600465,0.0,259.1614833952902,124.3875864747491,7.352771239145975e-05,0.00043598558332546433,0.0,0.0,1.0,1.0,14.311392496840206,4.160821965243018,14.902077737166616,4.348336131368646,14.311392496840206,4.160821965243018
15.658333333183391,0.3532208329820589,0.013819957798304056,0.0,259.15928071169685,124.37673284151542,7.331868946981085e-05,0.0004344418984037476,0.0,0.0,1.0,1.0,14.311392496840213,4.157933508650601,14.902077737166595,4.345317501756238,14.311392496840213,4.157933508650601
15.666666666516603,0.35321473180590574,0.01378735542051086,0.0,259.1570842868694,124.36591915062492,7.31104580721965e-05,0.0004329054780489315,0.0,0.0,1.0,1.0,14.311392496840199,4.155047057234308,14.902077737166595,4.342300967686689,14.311392496840199,4.155047057234308
15.674999999849815,0.3532086479493983,0.013754867969686713,0.0,259.1548940971185,124.35514520847198,7.290301445549827e-05,0.00043137627964996207,0.0,0.0,1.0,1.0,14.311392496840188,4.152162609602131,14.902077737166607,4.339286527705259,14.311392496840188,4.152162609602131
15.683333333183027,0.3532025813470441,0.013722494907462681,0.0,259.1527101188666,124.34441082261284,7.269635489782057e-05,0.00042985426089492206,0.0,0.0,1.0,1.0,14.311392496840194,4.149280164363053,14.902077737166604,4.33627418035824,14.311392496840194,4.149280164363053
15.69166666651624,0.35319653193365963,0.013690235698612942,0.0,259.1505323286479,124.33371580175726,7.249047569835287e-05,0.0004283393797685884,0.0,0.0,1.0,1.0,14.311392496840195,4.146399720127002,14.902077737166598,4.3332639241929005,14.311392496840195,4.146399720127002
15.699999999849451,0.35319049964436927,0.01365808981103285,0.0,259.14836070310696,124.3230599557603,7.228537317722282e-05,0.0004268315945500116,0.0,0.0,1.0,1.0,14.311392496840206,4.143521275504866,14.902077737166602,4.330255757757542,14.311392496840206,4.143521275504866
15.708333333182663,0.35318448441460276,0.013626056715717183,0.0,259.1461952189986,124.31244309561423,7.208104367535901e-05,0.0004253308638101197,0.0,0.0,1.0,1.0,14.311392496840206,4.140644829108518,14.902077737166621,4.327249679601479,14.311392496840206,4.140644829108518
15.716666666515875,0.3531784861800942,0.013594135886738436,0.0,259.14403585318706,124.30186503344031,7.187748355436246e-05,0.00042383714640933544,0.0,0.0,1.0,1.0,14.311392496840208,4.137770379550781,14.902077737166634,4.324245688275008,14.311392496840208,4.137770379550781
15.724999999849087,0.35317250487688007,0.013562326801225497,0.0,259.1418825826454,124.29132558248084,7.167468919636571e-05,0.00042235040149522774,0.0,0.0,1.0,1.0,14.311392496840213,4.134897925445431,14.90207773716663,4.3212437823294545,14.311392496840213,4.134897925445431
15.7333333331823,0.35316654044129725,0.013530628939342272,0.0,259.139735384455,124.28082455709117,7.147265700389359e-05,0.0004208705885001742,0.0,0.0,1.0,1.0,14.311392496840197,4.132027465407226,14.902077737166621,4.318243960317126,14.311392496840197,4.132027465407226
15.741666666515512,0.3531605928099817,0.013499041784266712,0.0,259.13759423580456,124.27036177273177,7.127138339972914e-05,0.0004193976671390541,0.0,0.0,1.0,1.0,14.311392496840185,4.129158998051894,14.902077737166605,4.315246220791367,14.311392496840185,4.129158998051894
15.749999999848724,0.35315466191986655,0.013467564822169854,0.0,259.13545911399024,124.2599370459605,7.107086482679157e-05,0.0004179315974069574,0.0,0.0,1.0,1.0,14.31139249684017,4.126292521996094,14.902077737166586,4.312250562306504,14.31139249684017,4.126292521996094
15.758333333181936,0.3531487477081806,0.01343619754219509,0.0,259.13332999641426,124.24955019442473,7.08710977479876e-05,0.0004164723395769175,0.0,0.0,1.0,1.0,14.311392496840153,4.123428035857465,14.902077737166575,4.309256983417869,14.311392496840153,4.123428035857465
15.766666666515148,0.3531428501124466,0.013404939436437502,0.0,259.1312068605848,124.23920103685364,7.067207864609897e-05,0.0004150198541976589,0.0,0.0,1.0,1.0,14.311392496840126,4.120565538254593,14.902077737166547,4.306265482681793,14.311392496840126,4.120565538254593
15.77499999984836,0.35313696907047953,0.013373789999923589,0.0,259.12908968411534,124.22888939305065,7.047380402363974e-05,0.0004135741020913766,0.0,0.0,1.0,1.0,14.311392496840146,4.117705027807045,14.90207773716652,4.303276058655625,14.311392496840146,4.117705027807045
15.783333333181572,0.35313110452038504,0.01334274873059089,0.0,259.1269784447238,124.21861508388575,7.02762704027273e-05,0.000412135044351526,0.0,0.0,1.0,1.0,14.31139249684013,4.114846503135329,14.902077737166547,4.300288709897707,14.31139249684013,4.114846503135329
15.791666666514784,0.3531252564005576,0.013311815129268016,0.0,259.12487312023217,124.20837793128811,7.007947432495853e-05,0.00041070264234063965,0.0,0.0,1.0,1.0,14.311392496840156,4.111989962860906,14.902077737166527,4.297303434967368,14.311392496840156,4.111989962860906
15.799999999847996,0.3531194246496793,0.013280988699654644,0.0,259.12277368856604,124.19817775823847,6.988341235128492e-05,0.0004092768576881594,0.0,0.0,1.0,1.0,14.31139249684017,4.109135405606203,14.902077737166541,4.294320232424961,14.31139249684017,4.109135405606203
15.808333333181208,0.35311360920671814,0.013250268948301731,0.0,259.1206801277539,124.18801438876181,6.968808106188338e-05,0.0004078576522882891,0.0,0.0,1.0,1.0,14.311392496840163,4.106282829994601,14.902077737166547,4.291339100831819,14.311392496840163,4.106282829994601
15.81666666651442,0.3531078100109259,0.013219655384592001,0.0,259.11859241592623,124.17788764792007,6.949347705602405e-05,0.0004064449882978721,0.0,0.0,1.0,1.0,14.31139249684014,4.103432234650434,14.902077737166543,4.28836003875029,14.31139249684014,4.103432234650434
15.824999999847632,0.3531020270018371,0.013189147520720437,0.0,259.1165105313156,124.1677973618048,6.929959695195446e-05,0.0004050388281342821,0.0,0.0,1.0,1.0,14.311392496840142,4.100583618198991,14.902077737166566,4.285383044743705,14.311392496840142,4.100583618198991
15.833333333180844,0.3530962601192676,0.013158744871674989,0.0,259.1144344522557,124.15774335752995,6.910643738678159e-05,0.00040363913447333515,0.0,0.0,1.0,1.0,14.311392496840126,4.0977369792665295,14.902077737166582,4.282408117376401,14.311392496840126,4.0977369792665295
15.841666666514056,0.3530905093033122,0.013128446955217438,0.0,259.11236415718054,124.14772546322476,6.891399501633196e-05,0.0004022458702472226,0.0,0.0,1.0,1.0,14.311392496840156,4.094892316480256,14.90207773716661,4.27943525521372,14.311392496840156,4.094892316480256
15.849999999847268,0.3530847744943441,0.013098253291864429,0.0,259.11029962462453,124.13774350802659,6.872226651504792e-05,0.00040085899864246086,0.0,0.0,1.0,1.0,14.3113924968402,4.09204962846831,14.902077737166627,4.27646445682198,14.3113924968402,4.09204962846831
15.85833333318048,0.3530790556330125,0.013068163404868603,0.0,259.1082408332213,124.12779732207393,6.853124857585258e-05,0.0003994784830978599,0.0,0.0,1.0,1.0,14.311392496840183,4.0892089138598005,14.902077737166596,4.273495720768517,14.311392496840183,4.0892089138598005
15.866666666513693,0.3530733526602415,0.013038176820199927,0.0,259.1061877617036,124.11788673649943,6.834093791003691e-05,0.0003981042873025112,0.0,0.0,1.0,1.0,14.311392496840176,4.08637017128479,14.90207773716664,4.270529045621625,14.311392496840176,4.08637017128479
15.874999999846905,0.35306766551722857,0.013008293066527133,0.0,259.1041403889025,124.10801158342285,6.81513312471473e-05,0.00039673637519379256,0.0,0.0,1.0,1.0,14.311392496840167,4.083533399374279,14.90207773716661,4.267564429950635,14.311392496840167,4.083533399374279
15.883333333180117,0.353061994145443,0.012978511675199363,0.0,259.1020986937469,124.09817169594439,6.796242533485227e-05,0.00039537471095539437,0.0,0.0,1.0,1.0,14.311392496840185,4.080698596760233,14.902077737166602,4.2646018723258585,14.311392496840185,4.080698596760233
15.891666666513329,0.3530563384866241,0.012948832180227946,0.0,259.1000626552629,124.08836690813766,6.777421693883866e-05,0.00039401925901536136,0.0,0.0,1.0,1.0,14.311392496840169,4.077865762075562,14.902077737166632,4.26164137131855,14.311392496840169,4.077865762075562
15.89999999984654,0.35305069848278037,0.012919254118268225,0.0,259.0980322525736,124.07859705504309,6.758670284269137e-05,0.00039266998404414956,0.0,0.0,1.0,1.0,14.311392496840194,4.075034893954119,14.902077737166644,4.258682925501024,14.311392496840194,4.075034893954119
15.908333333179753,0.3530450740761873,0.012889777028601676,0.0,259.09600746489815,124.0688619726611,6.739987984777306e-05,0.00039132685095270685,0.0,0.0,1.0,1.0,14.311392496840195,4.072205991030708,14.902077737166616,4.255726533446587,14.311392496840195,4.072205991030708
15.916666666512965,0.35303946520938617,0.012860400453118008,0.0,259.0939882715514,124.05916149794551,6.721374477311432e-05,0.00038998982489056404,0.0,0.0,1.0,1.0,14.311392496840233,4.069379051941081,14.902077737166625,4.252772193729478,14.311392496840233,4.069379051941081
15.924999999846177,0.35303387182518275,0.01283112393629757,0.0,259.0919746519434,124.04949546879695,6.702829445530073e-05,0.0003886588712439501,0.0,0.0,1.0,1.0,14.311392496840202,4.066554075321935,14.902077737166643,4.249819904924962,14.311392496840202,4.066554075321935
15.93333333317939,0.35302829386664575,0.012801947025193784,0.0,259.0899665855789,124.0398637240562,6.684352574836044e-05,0.0003873339556339191,0.0,0.0,1.0,1.0,14.311392496840215,4.063731059810936,14.902077737166637,4.246869665609299,14.311392496840215,4.063731059810936
15.941666666512601,0.35302273127710515,0.012772869269415756,0.0,259.08796405205663,124.03026610349792,6.6659435523644e-05,0.00038601504391449766,0.0,0.0,1.0,1.0,14.31139249684022,4.060910004046676,14.902077737166618,4.243921474359742,14.31139249684022,4.060910004046676
15.949999999845813,0.3530171840001508,0.012743890221110967,0.0,259.085967031069,124.02070244782391,6.647602066971853e-05,0.0003847021021708433,0.0,0.0,1.0,1.0,14.31139249684022,4.05809090666867,14.902077737166588,4.240975329754481,14.31139249684022,4.05809090666867
15.958333333179025,0.35301165197963164,0.012715009434948249,0.0,259.08397550240153,124.01117259865698,6.629327809226694e-05,0.0003833950967174296,0.0,0.0,1.0,1.0,14.311392496840227,4.055273766317419,14.902077737166593,4.238031230372736,14.311392496840227,4.055273766317419
15.966666666512237,0.3530061351596532,0.01268622646810065,0.0,259.0819894459322,124.00167639853446,6.611120471395734e-05,0.0003820939940962342,0.0,0.0,1.0,1.0,14.31139249684021,4.0524585816343395,14.902077737166616,4.235089174794731,14.31139249684021,4.0524585816343395
15.97499999984545,0.35300063348457705,0.012657540880228758,0.0,259.0800088416313,123.99221369090195,6.592979747435795e-05,0.00038079876107495827,0.0,0.0,1.0,1.0,14.311392496840217,4.049645351261797,14.902077737166625,4.232149161601637,14.311392496840217,4.049645351261797
15.983333333178662,0.35299514689901906,0.012628952233463846,0.0,259.07803366956034,123.98278432010711,6.574905332980758e-05,0.0003795093646452489,0.0,0.0,1.0,1.0,14.311392496840202,4.046834073843113,14.902077737166605,4.229211189375604,14.311392496840202,4.046834073843113
15.991666666511874,0.3529896753478479,0.012600460092391326,0.0,259.07606390987223,123.97338813139346,6.556896925332145e-05,0.00037822577202094364,0.0,0.0,1.0,1.0,14.311392496840167,4.044024748022541,14.902077737166582,4.226275256699818,14.311392496840167,4.044024748022541
15.999999999845086,0.3529842187761841,0.012572064024034293,0.0,259.07409954281013,123.96402497089417,6.538954223448364e-05,0.00037694795063633114,0.0,0.0,1.0,1.0,14.311392496840147,4.041217372445288,14.9020777371666,4.223341362158393,14.311392496840147,4.041217372445288
16.0083333331783,0.35297877712939796,0.012543763597837083,0.0,259.07214054870747,123.95469468562605,6.521076927933473e-05,0.00037567586814441997,0.0,0.0,1.0,1.0,14.311392496840135,4.0384119457574466,14.902077737166579,4.2204095043364696,14.311392496840135,4.0384119457574466
16.01666666651151,0.35297335035310884,0.012515558385649278,0.0,259.0701869079872,123.94539712348346,6.503264741027339e-05,0.0003744094924152392,0.0,0.0,1.0,1.0,14.311392496840119,4.035608466606134,14.902077737166582,4.217479681820134,14.311392496840119,4.035608466606134
16.024999999844724,0.3529679383931837,0.012487447961709431,0.0,259.06823860116134,123.93613213323236,6.485517366595052e-05,0.0003731487915341346,0.0,0.0,1.0,1.0,14.311392496840112,4.032806933639344,14.902077737166582,4.2145518931964565,14.311392496840112,4.032806933639344
16.033333333177936,0.35296254119573517,0.012459431902629199,0.0,259.06629560883056,123.9268995645043,6.46783451011645e-05,0.0003718937338000922,0.0,0.0,1.0,1.0,14.311392496840114,4.0300073455060375,14.90207773716659,4.21162613705353,14.311392496840114,4.0300073455060375
16.041666666511148,0.352957158707121,0.012431509787377485,0.0,259.0643579116835,123.91769926779058,6.450215878675794e-05,0.00037064428772407487,0.0,0.0,1.0,1.0,14.311392496840114,4.0272097008561,14.902077737166577,4.208702411980376,14.311392496840114,4.0272097008561
16.04999999984436,0.3529517908739423,0.012403681197264729,0.0,259.0624254904966,123.90853109443636,6.432661180952047e-05,0.00036940042202737017,0.0,0.0,1.0,1.0,14.311392496840128,4.024413998340362,14.902077737166572,4.205780716567031,14.311392496840128,4.024413998340362
16.058333333177572,0.35294643764304207,0.012375945715927374,0.0,259.06049832613337,123.89939489663483,6.415170127207896e-05,0.00036816210563995816,0.0,0.0,1.0,1.0,14.311392496840131,4.021620236610594,14.90207773716657,4.202861049404521,14.311392496840131,4.021620236610594
16.066666666510784,0.35294109896150444,0.012348302929312294,0.0,259.058576399544,123.89029052742154,6.397742429281039e-05,0.00036692930769888715,0.0,0.0,1.0,1.0,14.311392496840103,4.0188284143194775,14.902077737166563,4.199943409084801,14.311392496840103,4.0188284143194775
16.074999999843996,0.3529357747766529,0.01232075242566155,0.0,259.056659691765,123.88121784066854,6.380377800573213e-05,0.0003657019975466699,0.0,0.0,1.0,1.0,14.311392496840131,4.016038530120668,14.902077737166598,4.197027794200828,14.311392496840131,4.016038530120668
16.083333333177208,0.35293046503604897,0.012293293795497108,0.0,259.0547481839185,123.87217669107883,6.363075956039739e-05,0.00036448014472969126,0.0,0.0,1.0,1.0,14.311392496840144,4.013250582668723,14.9020777371666,4.1941142033465395,14.311392496840144,4.013250582668723
16.09166666651042,0.35292516968749116,0.012265926631605731,0.0,259.0528418572119,123.86316693418071,6.345836612181292e-05,0.0003632637189966287,0.0,0.0,1.0,1.0,14.311392496840122,4.010464570619175,14.902077737166618,4.191202635116864,14.311392496840122,4.010464570619175
16.099999999843632,0.35291988867901347,0.012238650529024038,0.0,259.0509406929375,123.85418842632217,6.328659487032793e-05,0.0003620526902968907,0.0,0.0,1.0,1.0,14.31139249684009,4.0076804926284275,14.902077737166602,4.1882930881076605,14.31139249684009,4.0076804926284275
16.108333333176844,0.3529146219588847,0.012211465085023514,0.0,259.04904467247195,123.84524102466528,6.311544300154812e-05,0.00036084702877906254,0.0,0.0,1.0,1.0,14.311392496840075,4.00489834735385,14.902077737166595,4.1853855609158055,14.311392496840075,4.00489834735385
16.116666666510056,0.3529093694756061,0.012184369899095835,0.0,259.0471537772758,123.83632458718088,6.294490772623296e-05,0.00035964670478937257,0.0,0.0,1.0,1.0,14.31139249684006,4.002118133453762,14.902077737166582,4.182480052139149,14.31139249684006,4.002118133453762
16.12499999984327,0.352904131177911,0.012157364572938213,0.0,259.045267988893,123.82743897264294,6.27749862701905e-05,0.0003584516888701688,0.0,0.0,1.0,1.0,14.31139249684008,3.9993398495874097,14.902077737166564,4.179576560376487,14.31139249684008,3.9993398495874097
16.13333333317648,0.3528989070147633,0.012130448710438863,0.0,259.04338728895056,123.81858404062326,6.260567587420974e-05,0.0003572619517584095,0.0,0.0,1.0,1.0,14.311392496840089,3.9965634944149317,14.902077737166623,4.176675084227593,14.311392496840089,3.9965634944149317
16.141666666509693,0.35289369693535627,0.012103621917662486,0.0,259.041511659158,123.80975965148608,6.24369737939394e-05,0.0003560774643841638,0.0,0.0,1.0,1.0,14.311392496840071,3.9937890665974423,14.90207773716666,4.173775622293225,14.311392496840071,3.9937890665974423
16.149999999842905,0.3528885008891111,0.01207688380283608,0.0,259.0396410813069,123.8009656663827,6.226887729980657e-05,0.00035489819786913186,0.0,0.0,1.0,1.0,14.311392496840117,3.9910165647969666,14.902077737166671,4.1708781731751134,14.311392496840117,3.9910165647969666
16.158333333176117,0.3528833188256759,0.012050233976334633,0.0,259.0377755372707,123.79220194724626,6.210138367692424e-05,0.0003537241235251715,0.0,0.0,1.0,1.0,14.311392496840128,3.988245987676436,14.902077737166676,4.167982735475964,14.311392496840128,3.988245987676436
16.16666666650933,0.35287815069492456,0.012023672050667114,0.0,259.03591500900393,123.78346835678647,6.193449022500266e-05,0.0003525552128528439,0.0,0.0,1.0,1.0,14.311392496840117,3.98547733389974,14.90207773716668,4.165089307799434,14.311392496840117,3.98547733389974
16.17499999984254,0.35287299644695513,0.011997197640462419,0.0,259.0340594785418,123.77476475848447,6.176819425824252e-05,0.0003513914375399668,0.0,0.0,1.0,1.0,14.311392496840085,3.982710602131675,14.902077737166696,4.162197888750152,14.311392496840085,3.982710602131675
16.183333333175753,0.35286785603208914,0.011970810362455512,0.0,259.0322089280001,123.76609101658751,6.160249310526234e-05,0.00035023276946018184,0.0,0.0,1.0,1.0,14.311392496840076,3.9799457910380034,14.902077737166724,4.159308476933737,14.311392496840076,3.9799457910380034
16.191666666508965,0.35286272940086977,0.011944509835473632,0.0,259.0303633395744,123.75744699610397,6.143738410899514e-05,0.00034907918067153586,0.0,0.0,1.0,1.0,14.311392496840073,3.9771828992853666,14.902077737166726,4.156421070956745,14.311392496840073,3.9771828992853666
16.199999999842177,0.35285761650406133,0.011918295680422594,0.0,259.02852269553983,123.74883256279826,6.127286462660772e-05,0.0003479306434150714,0.0,0.0,1.0,1.0,14.311392496840071,3.9744219255413813,14.902077737166723,4.153535669426719,14.311392496840071,3.9744219255413813
16.20833333317539,0.3528525172926477,0.011892167520273354,0.0,259.02668697825055,123.74024758318569,6.110893202940608e-05,0.00034678713011343786,0.0,0.0,1.0,1.0,14.311392496840092,3.971662868474536,14.902077737166701,4.150652270952177,14.311392496840092,3.971662868474536
16.2166666665086,0.3528474317178311,0.011866124980048378,0.0,259.0248561701394,123.73169192452761,6.0945583702748516e-05,0.0003456486133695012,0.0,0.0,1.0,1.0,14.311392496840117,3.9689057267542807,14.90207773716665,4.147770874142598,14.311392496840117,3.9689057267542807
16.224999999841813,0.35284235973103145,0.01184016768680832,0.0,259.0230302537174,123.72316545482627,6.0782817045970426e-05,0.0003445150659649747,0.0,0.0,1.0,1.0,14.3113924968401,3.966150499050969,14.902077737166634,4.144891477608391,14.3113924968401,3.966150499050969
16.233333333175025,0.3528373012838842,0.011814295269638881,0.0,259.0212092115735,123.71466804282005,6.0620629472266086e-05,0.0003433864608590653,0.0,0.0,1.0,1.0,14.311392496840075,3.963397184035874,14.902077737166652,4.142014079960969,14.311392496840075,3.963397184035874
16.241666666508237,0.35283225632824033,0.011788507359637481,0.0,259.01939302637385,123.70619955797847,6.0459018408642894e-05,0.00034226277118711923,0.0,0.0,1.0,1.0,14.311392496840083,3.960645780381198,14.902077737166652,4.1391386798127074,14.311392496840083,3.960645780381198
16.24999999984145,0.35282722481616435,0.011762803589900304,0.0,259.01758168086184,123.69775987049735,6.029798129580109e-05,0.0003411439702592907,0.0,0.0,1.0,1.0,14.31139249684009,3.957896286760092,14.902077737166655,4.136265275776928,14.31139249684009,3.957896286760092
16.25833333317466,0.3528222066999337,0.011737183595509293,0.0,259.01577515785715,123.68934885129407,6.0137515588065674e-05,0.0003400300315592162,0.0,0.0,1.0,1.0,14.311392496840089,3.955148701846591,14.902077737166683,4.133393866467924,14.311392496840089,3.955148701846591
16.266666666507874,0.35281720193203703,0.011711647013519302,0.0,259.0139734402559,123.68096637200274,5.9977618753298976e-05,0.00033892092874270323,0.0,0.0,1.0,1.0,14.311392496840073,3.9524030243156707,14.902077737166676,4.130524450500952,14.311392496840073,3.9524030243156707
16.274999999841086,0.352812210465174,0.011686193482945311,0.0,259.01217651102974,123.67261230496942,5.981828827282516e-05,0.00033781663563642685,0.0,0.0,1.0,1.0,14.311392496840096,3.9496592528432206,14.90207773716666,4.127657026492231,14.311392496840096,3.9496592528432206
16.283333333174298,0.3528072322522532,0.011660822644749767,0.0,259.0103843532259,123.66428652324744,5.965952164132683e-05,0.0003367171262366414,0.0,0.0,1.0,1.0,14.31139249684008,3.9469173861060347,14.902077737166685,4.124791593058922,14.31139249684008,3.9469173861060347
16.29166666650751,0.35280226724639124,0.01163553414183003,0.0,259.0085969499663,123.65598890059282,5.950131636677288e-05,0.00033562237470790245,0.0,0.0,1.0,1.0,14.311392496840083,3.944177422781866,14.902077737166662,4.1219281488191735,14.311392496840083,3.944177422781866
16.299999999840722,0.35279731540091247,0.011610327619005824,0.0,259.00681428444767,123.64771931145951,5.9343669970348565e-05,0.00033453235538179546,0.0,0.0,1.0,1.0,14.31139249684006,3.9414393615493375,14.902077737166664,4.11906669239208,14.31139249684006,3.9414393615493375
16.308333333173934,0.3527923766693467,0.011585202723006893,0.0,259.0050363399408,123.63947763099486,5.9186579986352306e-05,0.0003334470427556808,0.0,0.0,1.0,1.0,14.311392496840046,3.9387032010880167,14.902077737166678,4.116207222397692,14.311392496840046,3.9387032010880167
16.316666666507146,0.3527874510054289,0.011560159102460754,0.0,259.00326309979016,123.63126373503503,5.9030043962127316e-05,0.00033236641149144905,0.0,0.0,1.0,1.0,14.31139249684006,3.9359689400783813,14.902077737166664,4.113349737457015,14.31139249684006,3.9359689400783813
16.324999999840358,0.35278253836309786,0.011535196407880399,0.0,259.0014945474138,123.62307750010054,5.8874059457982096e-05,0.000331290436414283,0.0,0.0,1.0,1.0,14.311392496840064,3.9332365772018467,14.902077737166646,4.110494236192025,14.311392496840064,3.9332365772018467
16.33333333317357,0.35277763869649525,0.011510314291652255,0.0,258.99973066630264,123.61491880339165,5.8718624047107733e-05,0.00033021909251143377,0.0,0.0,1.0,1.0,14.31139249684006,3.9305061111406836,14.902077737166637,4.107640717225642,14.31139249684006,3.9305061111406836
16.341666666506782,0.35277275195996427,0.011485512408024087,0.0,258.9979714400203,123.60678752278395,5.856373531549473e-05,0.00032915235493100384,0.0,0.0,1.0,1.0,14.311392496840059,3.927777540578138,14.90207773716667,4.104789179181757,14.311392496840059,3.927777540578138
16.349999999839994,0.3527678781080488,0.011460790413093136,0.0,258.99621685220256,123.59868353682403,5.8409390861860716e-05,0.00032809019898074644,0.0,0.0,1.0,1.0,14.311392496840048,3.925050864198345,14.90207773716666,4.101939620685204,14.311392496840048,3.925050864198345
16.358333333173206,0.35276301709549246,0.011436147964794264,0.0,258.99446688655706,123.59060672472495,5.825558829756618e-05,0.0003270326001268702,0.0,0.0,1.0,1.0,14.31139249684004,3.9223260806863753,14.902077737166662,4.099092040361764,14.31139249684004,3.9223260806863753
16.36666666650642,0.35275816887723715,0.011411584722888215,0.0,258.99272152686285,123.58255696636198,5.810232524654459e-05,0.00032597953399285677,0.0,0.0,1.0,1.0,14.31139249684002,3.919603188728185,14.902077737166694,4.096246436838202,14.31139249684002,3.919603188728185
16.37499999983963,0.35275333340842235,0.01138710034894989,0.0,258.9909807569702,123.5745341422682,5.794959934521537e-05,0.00032493097635828423,0.0,0.0,1.0,1.0,14.311392496840005,3.916882187010631,14.902077737166714,4.0934028087422,14.311392496840005,3.916882187010631
16.383333333172843,0.352748510644384,0.011362694506356808,0.0,258.98924456080005,123.56653813363032,5.779740824241558e-05,0.0003238869031576658,0.0,0.0,1.0,1.0,14.311392496840009,3.9141630742215265,14.902077737166742,4.090561154702421,14.311392496840009,3.9141630742215265
16.391666666506055,0.3527437005406534,0.011338366860277643,0.0,258.98751292234357,123.5585688222843,5.764574959931788e-05,0.000322847290479297,0.0,0.0,1.0,1.0,14.311392496840009,3.9114458490495596,14.90207773716675,4.087721473348467,14.311392496840009,3.9114458490495596
16.399999999839267,0.35273890305295635,0.01131411707766069,0.0,258.9857858256621,123.55062609071113,5.749462108936639e-05,0.0003218121145641066,0.0,0.0,1.0,1.0,14.311392496840014,3.9087305101843457,14.902077737166717,4.084883763310893,14.311392496840014,3.9087305101843457
16.40833333317248,0.3527341181372119,0.011289944827222724,0.0,258.98406325488645,123.54270982203276,5.7344020398183954e-05,0.00032078135180452986,0.0,0.0,1.0,1.0,14.311392496839984,3.906017056316414,14.90207773716673,4.082048023221197,14.311392496839984,3.906017056316414
16.41666666650569,0.3527293457495315,0.011265849779437573,0.0,258.9823451942168,123.53481990000778,5.719394522351224e-05,0.0003197549787433767,0.0,0.0,1.0,1.0,14.311392496839964,3.9033054861371523,14.902077737166723,4.079214251711832,14.311392496839964,3.9033054861371523
16.424999999838903,0.3527245858462181,0.011241831606525123,0.0,258.98063162792215,123.52695620902739,5.704439327513261e-05,0.00031873297207272235,0.0,0.0,1.0,1.0,14.311392496839979,3.9005957983389337,14.902077737166746,4.076382447416206,14.311392496839979,3.9005957983389337
16.433333333172115,0.35271983838376453,0.011217889982440152,0.0,258.9789225403399,123.51911863411127,5.68953622747895e-05,0.00031771530863279954,0.0,0.0,1.0,1.0,14.311392496839964,3.8978879916150104,14.902077737166763,4.0735526089686775,14.311392496839964,3.8978879916150104
16.441666666505327,0.35271510331885375,0.011194024582861357,0.0,258.97721791587594,123.51130706090353,5.674684995613022e-05,0.0003167019654109008,0.0,0.0,1.0,1.0,14.311392496839964,3.895182064659529,14.902077737166739,4.0707247350045455,14.311392496839964,3.895182064659529
16.44999999983854,0.3527103806083564,0.011170235085180457,0.0,258.9755177390037,123.50352137566863,5.659885406461501e-05,0.0003156929195402941,0.0,0.0,1.0,1.0,14.311392496839964,3.892478016167538,14.902077737166772,4.067898824160056,14.311392496839964,3.892478016167538
16.45833333317175,0.35270567020933086,0.011146521168491314,0.0,258.9738219942641,123.49576146528736,5.645137235745758e-05,0.0003146881482991415,0.0,0.0,1.0,1.0,14.311392496839964,3.8897758448349946,14.902077737166778,4.065074875072425,14.311392496839964,3.8897758448349946
16.466666666504963,0.3527009720790216,0.011122882513579265,0.0,258.9721306662653,123.48802721725293,5.630440260354258e-05,0.0003136876291094348,0.0,0.0,1.0,1.0,14.311392496839964,3.887075549358779,14.902077737166772,4.062252886379767,14.311392496839964,3.887075549358779
16.474999999838175,0.352696286174859,0.011099318802910364,0.0,258.970443739682,123.48031851966698,5.615794258337123e-05,0.0003126913395359315,0.0,0.0,1.0,1.0,14.311392496839964,3.884377128436664,14.90207773716677,4.059432856721182,14.311392496839964,3.884377128436664
16.483333333171387,0.35269161245445746,0.011075829720620831,0.0,258.9687611992556,123.47263526123561,5.6011990088975056e-05,0.00031169925728510573,0.0,0.0,1.0,1.0,14.311392496839964,3.8816805807673513,14.902077737166781,4.056614784736691,14.311392496839964,3.8816805807673513
16.4916666665046,0.35268695087561525,0.011052414952506546,0.0,258.96708302979334,123.46497733126563,5.5866542923858605e-05,0.0003107113602041074,0.0,0.0,1.0,1.0,14.311392496839964,3.8789859050503757,14.902077737166753,4.053798669067283,14.311392496839964,3.8789859050503757
16.49999999983781,0.352682301396313,0.011029074186012577,0.0,258.96540921616827,123.4573446196605,5.572159890291903e-05,0.000309727626279726,0.0,0.0,1.0,1.0,14.311392496839964,3.876293099986263,14.90207773716673,4.05098450835488,14.311392496839964,3.876293099986263
16.508333333171024,0.35267766397471295,0.011005807110222829,0.0,258.96373974331874,123.4497370169167,5.557715585238243e-05,0.00030874803363736776,0.0,0.0,1.0,1.0,14.311392496839964,3.873602164276399,14.902077737166707,4.048172301242331,14.311392496839964,3.873602164276399
16.516666666504236,0.3526730385691582,0.010982613415849808,0.0,258.9620745962483,123.4421544141198,5.543321160973884e-05,0.000307772560540041,0.0,0.0,1.0,1.0,14.311392496839964,3.870913096623067,14.902077737166689,4.045362046373461,14.311392496839964,3.870913096623067
16.524999999837448,0.3526684251381714,0.010959492795224311,0.0,258.9604137600252,123.43459670294067,5.5289764023663514e-05,0.0003068011853873445,0.0,0.0,1.0,1.0,14.311392496839964,3.868225895729419,14.902077737166685,4.042553742392995,14.311392496839964,3.868225895729419
16.53333333317066,0.3526638236404541,0.010936444942285357,0.0,258.9587572197818,123.42706377563184,5.5146810953963755e-05,0.0003058338867144715,0.0,0.0,1.0,1.0,14.311392496839964,3.865540560299581,14.902077737166682,4.039747387946616,14.311392496839964,3.865540560299581
16.541666666503872,0.3526592340348856,0.010913469552570122,0.0,258.95710496071473,123.4195555250237,5.50043502714974e-05,0.0003048706431912178,0.0,0.0,1.0,1.0,14.311392496839964,3.862857089038542,14.90207773716666,4.036942981680972,14.311392496839964,3.862857089038542
16.549999999837084,0.3526546562805224,0.010890566323203888,0.0,258.9554569680843,123.41207184452077,5.4862379858120074e-05,0.00030391143362099775,0.0,0.0,1.0,1.0,14.311392496839964,3.860175480652203,14.902077737166675,4.03414052224361,14.311392496839964,3.860175480652203
16.558333333170296,0.35265009033659694,0.010867734952890246,0.0,258.9538132272142,123.40461262809816,5.4720897606607834e-05,0.00030295623693987414,0.0,0.0,1.0,1.0,14.311392496839964,3.8574957338473106,14.902077737166664,4.031340008283055,14.311392496839964,3.8574957338473106
16.566666666503508,0.35264553616251676,0.01084497514190111,0.0,258.9521737234911,123.39717777029786,5.457990142059635e-05,0.00030200503221558604,0.0,0.0,1.0,1.0,14.311392496839964,3.8548178473315704,14.902077737166657,4.028541438448739,14.311392496839964,3.8548178473315704
16.57499999983672,0.35264099371786367,0.010822286592067088,0.0,258.9505384423645,123.38976716622508,5.443938921451445e-05,0.00030105779864659707,0.0,0.0,1.0,1.0,14.311392496839964,3.8521418198135784,14.902077737166646,4.025744811391038,14.311392496839964,3.8521418198135784
16.583333333169932,0.352636462962393,0.010799669006767602,0.0,258.9489073693463,123.38238071154471,5.4299358913526364e-05,0.00030011451556113684,0.0,0.0,1.0,1.0,14.311392496839964,3.849467650002791,14.90207773716664,4.022950125761264,14.311392496839964,3.849467650002791
16.591666666503144,0.35263194385603214,0.010777122090921408,0.0,258.9472804900103,123.37501830247786,5.415980845344956e-05,0.0002991751624162658,0.0,0.0,1.0,1.0,14.311392496839964,3.846795336609575,14.902077737166634,4.020157380211699,14.311392496839964,3.846795336609575
16.599999999836356,0.35262743635888055,0.010754645550976959,0.0,258.9456577899923,123.3676798357981,5.40207357807156e-05,0.0002982397187969364,0.0,0.0,1.0,1.0,14.311392496839964,3.8441248783452417,14.902077737166636,4.017366573395509,14.311392496839964,3.8441248783452417
16.60833333316957,0.35262294043120795,0.010732239094902998,0.0,258.94403925498943,123.36036520882821,5.388213885228078e-05,0.0002973081644150708,0.0,0.0,1.0,1.0,14.311392496839964,3.8414562739219145,14.902077737166637,4.014577703966849,14.311392496839964,3.8414562739219145
16.61666666650278,0.3526184560334541,0.010709902432179001,0.0,258.94242487076,123.35307431943653,5.374401563558408e-05,0.0002963804791086351,0.0,0.0,1.0,1.0,14.311392496839964,3.8387895220526573,14.90207773716662,4.011790770580742,14.311392496839964,3.8387895220526573
16.624999999835993,0.3526139831262277,0.010687635273785879,0.0,258.9408146231231,123.34580706603354,5.360636410847549e-05,0.0002954566428407314,0.0,0.0,1.0,1.0,14.311392496839964,3.8361246214514293,14.902077737166653,4.009005771893187,14.311392496839964,3.8361246214514293
16.633333333169205,0.3526095216703055,0.010665437332196754,0.0,258.93920849795836,123.33856334756847,5.3469182259153075e-05,0.00029453663569869515,0.0,0.0,1.0,1.0,14.311392496839964,3.833461570833076,14.902077737166643,4.0062227065611165,14.311392496839964,3.833461570833076
16.641666666502417,0.35260507162663146,0.010643308321367636,0.0,258.93760648120565,123.33134306352586,5.333246808610043e-05,0.0002936204378931951,0.0,0.0,1.0,1.0,14.311392496839964,3.83080036891333,14.902077737166655,4.0034415732423785,14.311392496839964,3.83080036891333
16.64999999983563,0.3526006329563157,0.010621247956728318,0.0,258.9360085588645,123.32414611392221,5.319621959803023e-05,0.0002927080297573456,0.0,0.0,1.0,1.0,14.311392496839964,3.8281410144088035,14.902077737166694,4.00066237059578,14.311392496839964,3.8281410144088035
16.65833333316884,0.3525962056206344,0.01059925595517327,0.0,258.93441471699435,123.3169723993026,5.3060434813822226e-05,0.00029179939174582396,0.0,0.0,1.0,1.0,14.311392496839964,3.825483506037038,14.902077737166703,3.9978850972810336,14.311392496839964,3.825483506037038
16.666666666502053,0.35259178958102766,0.010577332035052638,0.0,258.9328249417137,123.30982182073735,5.292511176245707e-05,0.00029089450443399754,0.0,0.0,1.0,1.0,14.311392496839964,3.8228278425164515,14.902077737166714,3.995109751958808,14.311392496839964,3.8228278425164515
16.674999999835265,0.3525873847991002,0.010555475916163272,0.0,258.9312392192002,123.30269427981878,5.2790248482964945e-05,0.0002899933485170542,0.0,0.0,1.0,1.0,14.311392496839964,3.820174022566305,14.902077737166659,3.9923363332906643,14.311392496839964,3.820174022566305
16.683333333168477,0.35258299123661907,0.010533687319739787,0.0,258.92965753568996,123.29558967865782,5.265584302435675e-05,0.0002890959048091419,0.0,0.0,1.0,1.0,14.311392496839964,3.817522044906805,14.902077737166668,3.989564839939105,14.311392496839964,3.817522044906805
16.69166666650169,0.3525786088555139,0.010511965968445797,0.0,258.92807987747767,123.28850791988089,5.252189344557642e-05,0.00028820215424251616,0.0,0.0,1.0,1.0,14.311392496839964,3.814871908259051,14.902077737166643,3.9867952705675886,14.311392496839964,3.814871908259051
16.6999999998349,0.35257423761787543,0.01049031158636511,0.0,258.92650623091595,123.28144890662652,5.238839781542584e-05,0.0002873120778666934,0.0,0.0,1.0,1.0,14.311392496839964,3.812223611344987,14.902077737166636,3.9840276238404786,14.311392496839964,3.812223611344987
16.708333333168113,0.35256987748595514,0.010468723898993025,0.0,258.9249365824154,123.27441254254228,5.225535421252285e-05,0.0002864256568476114,0.0,0.0,1.0,1.0,14.311392496839964,3.809577152887437,14.902077737166616,3.981261898423049,14.311392496839964,3.809577152887437
16.716666666501325,0.35256552842216415,0.010447202633227686,0.0,258.9233709184439,123.26739873178148,5.212276072523763e-05,0.00028554287246679614,0.0,0.0,1.0,1.0,14.311392496839964,3.8069325316101814,14.90207773716663,3.9784980929815386,14.311392496839964,3.8069325316101814
16.724999999834537,0.35256119038907247,0.01042574751736152,0.0,258.9218092255267,123.26040737900004,5.1990615451630016e-05,0.00028466370612053704,0.0,0.0,1.0,1.0,14.311392496839964,3.8042897462378424,14.902077737166618,3.9757362061830963,14.311392496839964,3.8042897462378424
16.73333333316775,0.35255686334940783,0.010404358281072673,0.0,258.9202514902458,123.25343838935342,5.185891649938722e-05,0.0002837881393190664,0.0,0.0,1.0,1.0,14.311392496839964,3.8016487954958667,14.902077737166637,3.9729762366957795,14.311392496839964,3.8016487954958667
16.74166666650096,0.3525525472660559,0.01038303465541657,0.0,258.91869769924,123.24649166849339,5.172766198578786e-05,0.0002829161536857472,0.0,0.0,1.0,1.0,14.311392496839964,3.7990096781107248,14.902077737166621,3.9702181831885945,14.311392496839964,3.7990096781107248
16.749999999834174,0.35254824210205826,0.010361776372817554,0.0,258.9171478392043,123.239567122565,5.159685003762666e-05,0.00028204773095626964,0.0,0.0,1.0,1.0,14.311392496839964,3.7963723928096784,14.902077737166618,3.967462044331463,14.311392496839964,3.7963723928096784
16.758333333167386,0.35254394782061277,0.010340583167060477,0.0,258.9156018968899,123.23266465820352,5.1466478791168765e-05,0.000281182852977848,0.0,0.0,1.0,1.0,14.311392496839964,3.7937369383208477,14.902077737166618,3.964707818795219,14.311392496839964,3.7937369383208477
16.766666666500598,0.35253966438507167,0.010319454773282461,0.0,258.91405985910353,123.22578418253133,5.1336546392085925e-05,0.0002803215017084306,0.0,0.0,1.0,1.0,14.311392496839964,3.7911033133733016,14.902077737166605,3.961955505251644,14.311392496839964,3.7911033133733016
16.77499999983381,0.35253539175894166,0.010298390927964656,0.0,258.9125217127077,123.21892560315494,5.120705099540373e-05,0.00027946365921591214,0.0,0.0,1.0,1.0,14.311392496839964,3.788471516696991,14.902077737166628,3.9592051023734185,14.311392496839964,3.788471516696991
16.783333333167022,0.3525311299058826,0.010277391368924109,0.0,258.9109874446199,123.21208882816201,5.107799076545077e-05,0.00027860930767735546,0.0,0.0,1.0,1.0,14.311392496839964,3.785841547022691,14.902077737166646,3.9564566088341397,14.311392496839964,3.785841547022691
16.791666666500234,0.3525268787897071,0.010256455835305585,0.0,258.9094570418127,123.20527376611824,5.0949363875800635e-05,0.0002777584293782141,0.0,0.0,1.0,1.0,14.311392496839964,3.7832134030821014,14.902077737166671,3.95371002330835,14.311392496839964,3.7832134030821014
16.799999999833446,0.3525226383743796,0.010235584067573574,0.0,258.9079304913132,123.19848032606455,5.082116850921714e-05,0.00027691100671156833,0.0,0.0,1.0,1.0,14.311392496839964,3.7805870836078257,14.902077737166685,3.9509653444715007,14.311392496839964,3.7805870836078257
16.808333333166658,0.3525184086240155,0.010214775807504307,0.0,258.906407780203,123.1917084175141,5.0693402857605264e-05,0.000276067022177363,0.0,0.0,1.0,1.0,14.311392496839964,3.777962587333249,14.902077737166694,3.948222570999967,14.311392496839964,3.777962587333249
16.81666666649987,0.35251418950288055,0.010194030798177803,0.0,258.9048888956178,123.18495795044927,5.056606512194764e-05,0.0002752264583816527,0.0,0.0,1.0,1.0,14.311392496839964,3.775339912992732,14.902077737166682,3.945481701571018,14.311392496839964,3.775339912992732
16.824999999833082,0.3525099809753898,0.01017334878396994,0.0,258.90337382474695,123.17822883531889,5.043915351225754e-05,0.00027438929803585087,0.0,0.0,1.0,1.0,14.311392496839964,3.7727190593215085,14.902077737166689,3.942742734862869,14.311392496839964,3.7727190593215085
16.833333333166294,0.35250578300610735,0.010152729510544675,0.0,258.9018625548335,123.1715209830353,5.0312666247525955e-05,0.00027355552395598773,0.0,0.0,1.0,1.0,14.311392496839964,3.770100025055619,14.902077737166653,3.940005669554654,14.311392496839964,3.770100025055619
16.841666666499506,0.3525015955597455,0.010132172724846275,0.0,258.9003550731739,123.16483430497148,5.018660155567495e-05,0.00027272511906197407,0.0,0.0,1.0,1.0,14.311392496839964,3.7674828089320505,14.902077737166676,3.9372705043264205,14.311392496839964,3.7674828089320505
16.84999999983272,0.35249741860116346,0.010111678175091631,0.0,258.89885136711746,123.15816871295824,5.0060957673498505e-05,0.00027189806637687125,0.0,0.0,1.0,1.0,14.311392496839964,3.764867409688656,14.902077737166712,3.934537237859102,14.311392496839964,3.764867409688656
16.85833333316593,0.35249325209536714,0.010091245610762509,0.0,258.8973514240663,123.15152411928142,4.993573284659874e-05,0.0002710743490261627,0.0,0.0,1.0,1.0,14.311392496839964,3.762253826064113,14.902077737166705,3.9318058688345907,14.311392496839964,3.762253826064113
16.866666666499142,0.3524890960075085,0.010070874782598046,0.0,258.89585523147514,123.14490043667902,4.981092532936651e-05,0.0002702539502370374,0.0,0.0,1.0,1.0,14.311392496839964,3.759642056798036,14.902077737166714,3.9290763959356654,14.311392496839964,3.759642056798036
16.874999999832355,0.35248495030288435,0.010050565442587063,0.0,258.8943627768508,123.13829757833847,4.9686533384899614e-05,0.00026943685333767294,0.0,0.0,1.0,1.0,14.311392496839964,3.757032100630905,14.90207773716673,3.926348817846043,14.311392496839964,3.757032100630905
16.883333333165567,0.35248081494693595,0.010030317343960723,0.0,258.8928740477521,123.1317154578939,4.9562555284963854e-05,0.0002686230417565322,0.0,0.0,1.0,1.0,14.311392496839964,3.7544239563040187,14.902077737166774,3.9236231332503264,14.311392496839964,3.7544239563040187
16.89166666649878,0.3524766899052482,0.010010130241184953,0.0,258.8913890317897,123.12515398942334,4.943898930994837e-05,0.0002678124990216575,0.0,0.0,1.0,1.0,14.311392496839963,3.751817622559637,14.902077737166751,3.9208993408340658,14.311392496839963,3.751817622559637
16.89999999983199,0.352472575143549,0.009990003889953107,0.0,258.8899077166255,123.11861308744604,4.9315833748802065e-05,0.00026700520875997443,0.0,0.0,1.0,1.0,14.311392496839963,3.7492130981408534,14.902077737166747,3.9181774392836877,14.311392496839963,3.7492130981408534
16.908333333165203,0.3524684706277085,0.009969938047178583,0.0,258.88843008997276,123.11209266691975,4.919308689899851e-05,0.0002662011546966013,0.0,0.0,1.0,1.0,14.31139249683996,3.7466103817915593,14.90207773716674,3.9154574272865386,14.31139249683996,3.7466103817915593
16.916666666498415,0.3524643763237381,0.009949932470987605,0.0,258.88695613959567,123.10559264323808,4.907074706647367e-05,0.0002654003206541654,0.0,0.0,1.0,1.0,14.31139249683996,3.7440094722566624,14.902077737166742,3.9127393035308926,14.31139249683996,3.7440094722566624
16.924999999831627,0.35246029219779057,0.00992998692071188,0.0,258.88548585330915,123.09911293222777,4.894881256558786e-05,0.0002646026905521187,0.0,0.0,1.0,1.0,14.311392496839956,3.7414103682818403,14.902077737166763,3.9100230667059375,14.311392496839956,3.7414103682818403
16.93333333316484,0.3524562182161583,0.009910101156881448,0.0,258.8840192189785,123.0926534501461,4.882728171906719e-05,0.00026380824840606626,0.0,0.0,1.0,1.0,14.311392496839954,3.7388130686136423,14.902077737166781,3.9073087155017387,14.311392496839954,3.7388130686136423
16.94166666649805,0.3524521543452731,0.009890274941217567,0.0,258.88255622451913,123.08621411367822,4.87061528579585e-05,0.00026301697832709634,0.0,0.0,1.0,1.0,14.311392496839945,3.7362175719995587,14.902077737166778,3.904596248609306,14.311392496839945,3.7362175719995587
16.949999999831263,0.35244810055170606,0.009870508036625564,0.0,258.8810968578966,123.07979483993466,4.858542432159274e-05,0.00026222886452111527,0.0,0.0,1.0,1.0,14.311392496839945,3.7336238771878705,14.902077737166783,3.901885664720551,14.311392496839945,3.7336238771878705
16.958333333164475,0.35244405680216573,0.00985080020718783,0.0,258.879641107126,123.07339554644857,4.846509445751462e-05,0.0002614438912881897,0.0,0.0,1.0,1.0,14.31139249683995,3.7310319829277634,14.902077737166774,3.8991769625282693,14.31139249683995,3.7310319829277634
16.966666666497687,0.35244002306349825,0.009831151218156812,0.0,258.878188960272,123.06701615117326,4.834516162145216e-05,0.00026066204302189317,0.0,0.0,1.0,1.0,14.311392496839954,3.728441887969329,14.902077737166794,3.8964701407261906,14.311392496839954,3.728441887969329
16.9749999998309,0.3524359993026864,0.009811560835948061,0.0,258.8767404054483,123.06065657247964,4.8225624177260835e-05,0.00025988330420865667,0.0,0.0,1.0,1.0,14.311392496839963,3.725853591063421,14.902077737166772,3.8937651980089396,14.311392496839963,3.725853591063421
16.98333333316411,0.352431985486849,0.009792028828133334,0.0,258.8752954308177,123.0543167291537,4.810648049688936e-05,0.0002591076594271259,0.0,0.0,1.0,1.0,14.311392496839957,3.723267090961867,14.902077737166778,3.8910621330720496,14.311392496839957,3.723267090961867
16.991666666497323,0.3524279815832403,0.009772554963433742,0.0,258.87385402459176,123.04799654039391,4.798772896031844e-05,0.0002583350933475238,0.0,0.0,1.0,1.0,14.311392496839952,3.720682386417331,14.902077737166808,3.888360944611955,14.311392496839952,3.720682386417331
16.999999999830536,0.3524239875592491,0.009753139011712956,0.0,258.87241617503037,123.04169592580882,4.786936795551784e-05,0.00025756559073101637,0.0,0.0,1.0,1.0,14.31139249683995,3.718099476183275,14.90207773716679,3.8856616313260015,14.31139249683995,3.718099476183275
17.008333333163748,0.3524200033823982,0.009733780743970437,0.0,258.87098187044177,123.03541480541458,4.775139587840784e-05,0.0002567991364290853,0.0,0.0,1.0,1.0,14.311392496839948,3.715518359014133,14.902077737166795,3.882964191912434,14.311392496839948,3.715518359014133
17.01666666649696,0.3524160290203437,0.009714479932334708,0.0,258.86955109918216,123.02915309963235,4.763381113280513e-05,0.00025603571538290347,0.0,0.0,1.0,1.0,14.311392496839945,3.7129390336651458,14.902077737166815,3.8802686250704226,14.311392496839945,3.7129390336651458
17.02499999983017,0.35241206444087453,0.009695236350056743,0.0,258.86812384965555,123.02291072928602,4.7516612130382126e-05,0.00025527531262271906,0.0,0.0,1.0,1.0,14.311392496839943,3.710361498892412,14.902077737166787,3.877574929499999,14.311392496839943,3.710361498892412
17.033333333163384,0.3524081096119115,0.009676049771503286,0.0,258.8667001103134,123.01668761559968,4.7399797290621475e-05,0.0002545179132672394,0.0,0.0,1.0,1.0,14.31139249683994,3.7077857534529457,14.9020777371668,3.87488310390213,14.31139249683994,3.7077857534529457
17.041666666496596,0.35240416450150697,0.009656919972150317,0.0,258.86527986965456,123.01048368019525,4.7283365040769206e-05,0.00025376350252302455,0.0,0.0,1.0,1.0,14.311392496839938,3.7052117961045106,14.902077737166804,3.8721931469786686,14.311392496839938,3.7052117961045106
17.049999999829808,0.3524002290778439,0.009637846728576493,0.0,258.8638631162249,123.00429884509003,4.716731381579287e-05,0.00025301206568388145,0.0,0.0,1.0,1.0,14.311392496839938,3.7026396256058787,14.902077737166799,3.869505057432373,14.311392496839938,3.7026396256058787
17.05833333316302,0.35239630330923544,0.009618829818456706,0.0,258.86244983861707,122.99813303269444,4.705164205833504e-05,0.0002522635881302669,0.0,0.0,1.0,1.0,14.311392496839925,3.700069240716589,14.902077737166827,3.866818833966913,14.311392496839925,3.700069240716589
17.066666666496232,0.35239238716412413,0.009599869020555596,0.0,258.86104002547046,122.99198616580951,4.693634821867349e-05,0.0002515180553286915,0.0,0.0,1.0,1.0,14.311392496839922,3.6975006401970485,14.902077737166858,3.8641344752868534,14.311392496839922,3.6975006401970485
17.074999999829444,0.3523884806110813,0.009580964114721183,0.0,258.85963366547077,122.98585816762464,4.682143075466675e-05,0.00025077545283113073,0.0,0.0,1.0,1.0,14.311392496839929,3.6949338228085926,14.902077737166865,3.8614519800976446,14.311392496839929,3.6949338228085926
17.083333333162656,0.35238458361880665,0.009562114881878515,0.0,258.8582307473498,122.97974896171525,4.6706888131729546e-05,0.00025003576627443964,0.0,0.0,1.0,1.0,14.311392496839936,3.692368787313299,14.90207773716688,3.8587713471056406,14.311392496839936,3.692368787313299
17.09166666649587,0.3523806961561272,0.009543321104023362,0.0,258.8568312598853,122.97365847204044,4.659271882276801e-05,0.0002492989813797726,0.0,0.0,1.0,1.0,14.311392496839924,3.689805532474226,14.90207773716689,3.8560925750181054,14.311392496839924,3.689805532474226
17.09999999982908,0.35237681819199695,0.00952458256421592,0.0,258.85543519190077,122.96758662294077,4.647892130815046e-05,0.00024856508395200595,0.0,0.0,1.0,1.0,14.311392496839925,3.6872440570552096,14.902077737166886,3.85341566254319,14.311392496839925,3.6872440570552096
17.108333333162292,0.3523729496954966,0.009505899046574616,0.0,258.85404253226517,122.96153333913583,4.63654940756709e-05,0.000247834059879168,0.0,0.0,1.0,1.0,14.311392496839924,3.684684359820964,14.902077737166875,3.8507406083899487,14.311392496839924,3.684684359820964
17.116666666495505,0.3523690906358323,0.00948727033626994,0.0,258.8526532698927,122.95549854572211,4.625243562049467e-05,0.00024710589513187136,0.0,0.0,1.0,1.0,14.311392496839924,3.6821264395371216,14.902077737166888,3.8480674112683126,14.311392496839924,3.6821264395371216
17.124999999828717,0.3523652409823351,0.009468696219518262,0.0,258.8512673937426,122.94948216817076,4.613974444511182e-05,0.00024638057576274947,0.0,0.0,1.0,1.0,14.311392496839918,3.6795702949700275,14.90207773716691,3.8453960698891443,14.311392496839918,3.6795702949700275
17.13333333316193,0.35236140070446087,0.009450176483575788,0.0,258.8498848928189,122.94348413232524,4.602741905931081e-05,0.0002456580879059004,0.0,0.0,1.0,1.0,14.311392496839925,3.677015924887047,14.90207773716691,3.842726582964178,14.311392496839925,3.677015924887047
17.14166666649514,0.35235756977178917,0.009431710916732474,0.0,258.8485057561703,122.93750436439922,4.59154579801297e-05,0.00024493841777633056,0.0,0.0,1.0,1.0,14.31139249683994,3.674463328056303,14.902077737166893,3.840058949206047,14.31139249683994,3.674463328056303
17.149999999828353,0.35235374815402276,0.009413299308305983,0.0,258.8471299728898,122.93154279097428,4.580385973180987e-05,0.00024422155166940523,0.0,0.0,1.0,1.0,14.31139249683994,3.671912503246784,14.90207773716689,3.837393167328266,14.31139249683994,3.671912503246784
17.158333333161565,0.35234993582098734,0.009394941448635792,0.0,258.84575753211453,122.92559933899783,4.569262284576629e-05,0.000243507475960305,0.0,0.0,1.0,1.0,14.31139249683994,3.6693634492283875,14.902077737166906,3.834729236045248,14.31139249683994,3.6693634492283875
17.166666666494777,0.35234613274263044,0.009376637129077178,0.0,258.8443884230257,122.91967393578084,4.5581745860541565e-05,0.00024279617710348318,0.0,0.0,1.0,1.0,14.311392496839952,3.666816164771768,14.902077737166914,3.8320671540723152,14.311392496839952,3.666816164771768
17.17499999982799,0.3523423388890213,0.00935838614199535,0.0,258.8430226348482,122.91376650899569,4.5471227321760156e-05,0.00024208764163212738,0.0,0.0,1.0,1.0,14.311392496839941,3.664270648648551,14.902077737166922,3.829406920125675,14.311392496839941,3.664270648648551
17.1833333331612,0.3523385542303499,0.009340188280759647,0.0,258.8416601568504,122.90787698667417,4.536106578209837e-05,0.00024138185615763083,0.0,0.0,1.0,1.0,14.311392496839945,3.6617268996310988,14.902077737166888,3.826748532922416,14.311392496839945,3.6617268996310988
17.191666666494413,0.35233477873692653,0.009322043339737632,0.0,258.8403009783441,122.90200529720511,4.525125980123641e-05,0.00024067880736905876,0.0,0.0,1.0,1.0,14.311392496839936,3.6591849164927206,14.90207773716689,3.824091991180513,14.311392496839936,3.6591849164927206
17.199999999827625,0.3523310123791815,0.009303951114289402,0.0,258.838945088684,122.89615136933253,4.5141807945826094e-05,0.00023997848203262734,0.0,0.0,1.0,1.0,14.31139249683994,3.6566446980075282,14.902077737166872,3.8214372936188594,14.31139249683994,3.6566446980075282
17.208333333160837,0.3523272551276637,0.009285911400761793,0.0,258.8375924772679,122.8903151321533,4.503270878943785e-05,0.00023928086699118086,0.0,0.0,1.0,1.0,14.311392496839934,3.654106242950461,14.902077737166854,3.818784438957211,14.311392496839934,3.654106242950461
17.21666666649405,0.3523235069530412,0.009267923996482724,0.0,258.83624313353613,122.88449651511526,4.49239609125439e-05,0.00023858594916367662,0.0,0.0,1.0,1.0,14.311392496839932,3.6515695500974066,14.902077737166822,3.816133425916217,14.311392496839932,3.6515695500974066
17.22499999982726,0.3523197678260999,0.009249988699755511,0.0,258.8348970469717,122.878695448015,4.4815562902462324e-05,0.0002378937155446713,0.0,0.0,1.0,1.0,14.311392496839925,3.6490346182249596,14.902077737166813,3.813484253217423,14.311392496839925,3.6490346182249596
17.233333333160473,0.352316037717743,0.009232105309853246,0.0,258.8335542070998,122.87291186099587,4.470751335331973e-05,0.0002372041532038118,0.0,0.0,1.0,1.0,14.311392496839936,3.646501446110721,14.902077737166817,3.8108369195832523,14.311392496839936,3.646501446110721
17.241666666493686,0.35231231659899054,0.009214273627013245,0.0,258.8322146034875,122.86714568454596,4.459981086601812e-05,0.00023651724928533245,0.0,0.0,1.0,1.0,14.311392496839936,3.6439700325329882,14.902077737166858,3.808191423737016,14.311392496839936,3.6439700325329882
17.249999999826898,0.352308604440979,0.009196493452431474,0.0,258.8308782257441,122.86139684949603,4.4492454048196224e-05,0.00023583299100755212,0.0,0.0,1.0,1.0,14.311392496839929,3.641440376271033,14.902077737166898,3.805547764402927,14.311392496839929,3.641440376271033
17.25833333316011,0.3523049012149607,0.009178764588257038,0.0,258.82954506352024,122.85566528701752,4.438544151419027e-05,0.0002351513656623774,0.0,0.0,1.0,1.0,14.311392496839922,3.638912476104906,14.902077737166923,3.8029059403060628,14.311392496839922,3.638912476104906
17.26666666649332,0.3523012068923029,0.009161086837586716,0.0,258.8282151065083,122.84995092862052,4.427877188499486e-05,0.00023447236061481,0.0,0.0,1.0,1.0,14.311392496839922,3.6363863308155078,14.902077737166945,3.8002659501724,14.311392496839922,3.6363863308155078
17.274999999826534,0.35229752144448767,0.009143460004459545,0.0,258.8268883444417,122.84425370615183,4.4172443788230357e-05,0.0002337959633024569,0.0,0.0,1.0,1.0,14.311392496839927,3.6338619391846256,14.902077737166907,3.7976277927287905,14.311392496839927,3.6338619391846256
17.283333333159746,0.3522938448431112,0.009125883893851394,0.0,258.8255647670951,122.83857355179295,4.40664558581018e-05,0.0002331221612350448,0.0,0.0,1.0,1.0,14.311392496839927,3.631339299994809,14.902077737166904,3.7949914667029816,14.311392496839927,3.631339299994809
17.291666666492958,0.35229017705988314,0.009108358311669607,0.0,258.82424436428397,122.83291039805813,4.396080673536162e-05,0.000232450941993937,0.0,0.0,1.0,1.0,14.311392496839916,3.6288184120295854,14.902077737166925,3.792356970823593,14.311392496839916,3.6288184120295854
17.29999999982617,0.35228651806662614,0.009090883064747705,0.0,258.82292712586445,122.82726417779246,4.385549506727614e-05,0.0002317822932316571,0.0,0.0,1.0,1.0,14.311392496839938,3.6262992740731455,14.902077737166916,3.7897243038201345,14.311392496839938,3.6262992740731455
17.308333333159382,0.35228286783527524,0.009073457960840029,0.0,258.8216130417332,122.82163482416983,4.375051950758709e-05,0.00023111620267141146,0.0,0.0,1.0,1.0,14.311392496839945,3.6237818849107355,14.902077737166927,3.787093464422984,14.311392496839945,3.6237818849107355
17.316666666492594,0.35227922633787756,0.009056082808616561,0.0,258.8203021018271,122.81602227069118,4.3645878716477335e-05,0.00023045265810662036,0.0,0.0,1.0,1.0,14.311392496839948,3.6212662433282654,14.902077737166943,3.78446445136343,14.311392496839948,3.6212662433282654
17.324999999825806,0.3522755935465916,0.009038757417657662,0.0,258.8189942961232,122.81042645118245,4.354157136053373e-05,0.00022979164740045009,0.0,0.0,1.0,1.0,14.31139249683995,3.618752348112603,14.902077737166971,3.781837263373607,14.31139249683995,3.618752348112603
17.33333333315902,0.3522719694336866,0.00902148159844887,0.0,258.8176896146385,122.80484729979271,4.343759611271141e-05,0.00022913315848534734,0.0,0.0,1.0,1.0,14.311392496839959,3.61624019805138,14.902077737166982,3.7792118991865546,14.311392496839959,3.61624019805138
17.34166666649223,0.35226835397154216,0.009004255162375772,0.0,258.8163880474296,122.79928475099236,4.3333951652296124e-05,0.00022847717936258003,0.0,0.0,1.0,1.0,14.311392496839947,3.613729791933131,14.902077737166978,3.7765883575361863,14.311392496839947,3.613729791933131
17.349999999825442,0.35226474713264755,0.0089870779217189,0.0,258.8150895845926,122.79373873957115,4.323063666486973e-05,0.00022782369810178085,0.0,0.0,1.0,1.0,14.311392496839945,3.611221128547197,14.902077737166971,3.773966637157266,14.311392496839945,3.611221128547197
17.358333333158654,0.35226114888960147,0.008969949689648609,0.0,258.8137942162631,122.78820920063643,4.3127649842281415e-05,0.0002271727028404926,0.0,0.0,1.0,1.0,14.311392496839927,3.608714206683739,14.902077737166984,3.7713467367854805,14.311392496839927,3.608714206683739
17.366666666491867,0.3522575592151115,0.008952870280220052,0.0,258.81250193261576,122.78269606961122,4.302498988260563e-05,0.0002265241817837183,0.0,0.0,1.0,1.0,14.311392496839936,3.6062090251338557,14.902077737167,3.7687286551573838,14.311392496839936,3.6062090251338557
17.37499999982508,0.35225397808199305,0.008935839508368149,0.0,258.8112127238642,122.77719928223244,4.292265549010873e-05,0.0002258781232034746,0.0,0.0,1.0,1.0,14.311392496839929,3.6037055826893307,14.902077737167009,3.7661123910103664,14.311392496839929,3.6037055826893307
17.38333333315829,0.3522504054631697,0.008918857189902627,0.0,258.80992658026076,122.77171877454904,4.282064537522386e-05,0.00022523451543834917,0.0,0.0,1.0,1.0,14.311392496839918,3.6012038781429565,14.902077737167028,3.763497943082759,14.311392496839918,3.6012038781429565
17.391666666491503,0.35224684133167194,0.008901923141503034,0.0,258.8086434920965,122.76625448292026,4.271895825449576e-05,0.00022459334689305962,0.0,0.0,1.0,1.0,14.311392496839916,3.5987039102881835,14.902077737167007,3.7608853101137303,14.311392496839916,3.5987039102881835
17.399999999824715,0.35224328566063706,0.008885037180713845,0.0,258.8073634497009,122.76080634401374,4.26175928505709e-05,0.00022395460603801708,0.0,0.0,1.0,1.0,14.311392496839918,3.5962056779194977,14.902077737167003,3.7582744908433234,14.311392496839918,3.5962056779194977
17.408333333157927,0.3522397384233086,0.008868199125939545,0.0,258.80608644344153,122.75537429480386,4.251654789214886e-05,0.00022331828140889274,0.0,0.0,1.0,1.0,14.311392496839934,3.5937091798320253,14.902077737167014,3.7556654840124515,14.311392496839934,3.5937091798320253
17.41666666649114,0.35223619959303565,0.008851408796439824,0.0,258.8048124637241,122.74995827256987,4.241582211395222e-05,0.00022268436160618858,0.0,0.0,1.0,1.0,14.31139249683994,3.591214414821895,14.902077737167035,3.7530582883629235,14.31139249683994,3.591214414821895
17.42499999982435,0.3522326691432725,0.008834666012324731,0.0,258.80354150099214,122.74455821489416,4.231541425669406e-05,0.00022205283529481043,0.0,0.0,1.0,1.0,14.311392496839966,3.5887213816859456,14.902077737167012,3.750452902637405,14.311392496839966,3.5887213816859456
17.433333333157563,0.3522291470475784,0.008817970594549881,0.0,258.80227354572696,122.73917405966053,4.221532306704955e-05,0.0002214236912036432,0.0,0.0,1.0,1.0,14.311392496839952,3.5862300792219557,14.902077737167016,3.747849325579463,14.311392496839952,3.5862300792219557
17.441666666490775,0.35222563327961637,0.00880132236491167,0.0,258.80100858844725,122.73380574505246,4.211554729760804e-05,0.00022079691812513076,0.0,0.0,1.0,1.0,14.311392496839966,3.583740506228443,14.902077737166985,3.745247555933494,14.311392496839966,3.583740506228443
17.449999999823987,0.3522221278131535,0.008784721146042599,0.0,258.79974661970914,122.72845320955133,4.201608570686066e-05,0.0002201725049148592,0.0,0.0,1.0,1.0,14.311392496839971,3.5812526615048315,14.902077737166973,3.742647592444783,14.311392496839971,3.5812526615048315
17.4583333331572,0.3522186306220598,0.008768166761406527,0.0,258.7984876301059,122.72311639193481,4.191693705915501e-05,0.00021955044049114171,0.0,0.0,1.0,1.0,14.311392496839975,3.5787665438513305,14.902077737166989,3.740049433859501,14.311392496839975,3.5787665438513305
17.46666666649041,0.3522151416803083,0.008751659035294061,0.0,258.7972316102677,122.71779523127506,4.181810012466179e-05,0.0002189307138346092,0.0,0.0,1.0,1.0,14.311392496839966,3.5762821520690133,14.902077737166982,3.7374530789246743,14.311392496839966,3.5762821520690133
17.474999999823623,0.35221166096197415,0.008735197792817851,0.0,258.7959785508617,122.71248966693707,4.171957367935406e-05,0.00021831331398779964,0.0,0.0,1.0,1.0,14.311392496839945,3.573799484959775,14.902077737167007,3.7348585263881997,14.311392496839945,3.573799484959775
17.483333333156835,0.3522081884412341,0.008718782859908061,0.0,258.79472844259146,122.70719963857704,4.162135650496167e-05,0.00021769823005475585,0.0,0.0,1.0,1.0,14.311392496839943,3.5713185413263484,14.90207773716702,3.7322657749988526,14.311392496839943,3.5713185413263484
17.491666666490048,0.35220472409236636,0.008702414063307714,0.0,258.79348127619716,122.70192508614062,4.152344738894831e-05,0.0002170854512006209,0.0,0.0,1.0,1.0,14.311392496839956,3.568839319972275,14.902077737167046,3.7296748235062642,14.311392496839956,3.568839319972275
17.49999999982326,0.3522012678897499,0.008686091230568219,0.0,258.7922370424552,122.69666594986131,4.142584512447874e-05,0.0002164749666512414,0.0,0.0,1.0,1.0,14.31139249683996,3.56636181970196,14.902077737167012,3.7270856706609456,14.31139249683996,3.56636181970196
17.50833333315647,0.352197819807864,0.008669814190044794,0.0,258.7909957321781,122.69142217025885,4.132854851038444e-05,0.00021586676569276987,0.0,0.0,1.0,1.0,14.31139249683997,3.5638860393206095,14.902077737167001,3.7244983152142703,14.31139249683997,3.5638860393206095
17.516666666489684,0.352194379821288,0.008653582770892022,0.0,258.78975733621445,122.68619368813748,4.123155635114035e-05,0.00021526083767127238,0.0,0.0,1.0,1.0,14.311392496839966,3.561411977634268,14.902077737167001,3.72191275591848,14.311392496839966,3.561411977634268
17.524999999822896,0.3521909479047003,0.008637396803059373,0.0,258.78852184544843,122.68098044458442,4.1134867456822224e-05,0.00021465717199233844,0.0,0.0,1.0,1.0,14.311392496839982,3.558939633449829,14.902077737166998,3.719328991526672,14.311392496839982,3.558939633449829
17.533333333156108,0.35218752403287834,0.008621256117286785,0.0,258.7872892508,122.67578238096819,4.103848064308516e-05,0.000214055758120694,0.0,0.0,1.0,1.0,14.311392496839973,3.5564690055749746,14.902077737167014,3.716747020792816,14.311392496839973,3.5564690055749746
17.54166666648932,0.35218410818069823,0.008605160545100266,0.0,258.78605954322444,122.67059943893706,4.094239473112671e-05,0.00021345658557981668,0.0,0.0,1.0,1.0,14.311392496839987,3.5540000928182582,14.902077737167032,3.714166842471758,14.311392496839987,3.5540000928182582
17.549999999822532,0.352180700323134,0.008589109918807505,0.0,258.78483271371243,122.66543156041743,4.0846608547671823e-05,0.000212859643951554,0.0,0.0,1.0,1.0,14.311392496839982,3.5515328939890165,14.902077737167037,3.711588455319197,14.311392496839982,3.5515328939890165
17.558333333155744,0.3521773004352568,0.00857310407149354,0.0,258.7836087532896,122.66027868761226,4.0751120924912793e-05,0.000212264922875745,0.0,0.0,1.0,1.0,14.311392496839984,3.5490674078974673,14.90207773716704,3.709011858091681,14.311392496839984,3.5490674078974673
17.566666666488956,0.35217390849223557,0.008557142837016458,0.0,258.7823876530168,122.65514076299948,4.0655930700512436e-05,0.00021167241204984503,0.0,0.0,1.0,1.0,14.311392496839996,3.546603633354578,14.902077737167062,3.706437049546669,14.311392496839996,3.546603633354578
17.574999999822168,0.3521705244693353,0.008541226050003075,0.0,258.7811694039894,122.65001772933044,4.0561036717552e-05,0.00021108210122855144,0.0,0.0,1.0,1.0,14.311392496839998,3.544141569172248,14.902077737167055,3.703864028442425,14.311392496839998,3.544141569172248
17.58333333315538,0.35216714834191754,0.00852535354584471,0.0,258.7799539973375,122.64490952962844,4.04664378245128e-05,0.00021049398022343418,0.0,0.0,1.0,1.0,14.311392496840003,3.5416812141630785,14.902077737167046,3.7012927935381095,14.311392496840003,3.5416812141630785
17.591666666488592,0.35216378008543936,0.00850952516069293,0.0,258.77874142422564,122.63981610718695,4.037213287524148e-05,0.00020990803890256734,0.0,0.0,1.0,1.0,14.31139249684,3.5392225671405892,14.902077737167058,3.698723343593749,14.31139249684,3.5392225671405892
17.599999999821804,0.3521604196754533,0.008493740731455354,0.0,258.7775316758528,122.63473740556843,4.0278120728925625e-05,0.0002093242671901655,0.0,0.0,1.0,1.0,14.311392496839987,3.536765626919067,14.902077737167058,3.6961556773702,14.311392496839987,3.536765626919067
17.608333333155016,0.3521570670876065,0.008478000095791485,0.0,258.7763247434519,122.62967336860254,4.018440025005461e-05,0.00020874265506621995,0.0,0.0,1.0,1.0,14.311392496840016,3.534310392313677,14.902077737167039,3.6935897936292075,14.311392496840016,3.534310392313677
17.61666666648823,0.3521537222976407,0.008462303092108537,0.0,258.77512061829,122.62462394038471,4.00909703084063e-05,0.00020816319256614066,0.0,0.0,1.0,1.0,14.311392496840014,3.5318568621403474,14.902077737167033,3.6910256911333654,14.311392496840014,3.5318568621403474
17.62499999982144,0.35215038528139153,0.00844664955955733,0.0,258.77391929166777,122.61958906527471,3.999782977900429e-05,0.00020758586978039808,0.0,0.0,1.0,1.0,14.311392496840028,3.5294050352158686,14.902077737167048,3.688463368646141,14.311392496840028,3.5294050352158686
17.633333333154653,0.35214705601478813,0.008431039338028174,0.0,258.77272075491993,122.61456868789503,3.990497754209779e-05,0.0002070106768541696,0.0,0.0,1.0,1.0,14.311392496840018,3.5269549103578397,14.902077737167037,3.685902824931831,14.311392496840018,3.5269549103578397
17.641666666487865,0.35214373447385294,0.00841547226814683,0.0,258.77152499941434,122.60956275312951,3.981241248313457e-05,0.00020643760398698775,0.0,0.0,1.0,1.0,14.311392496840032,3.5245064863846784,14.90207773716701,3.6833440587556017,14.311392496840032,3.5245064863846784
17.649999999821077,0.35214042063470075,0.008399948191270422,0.0,258.77033201655246,122.60457120612183,3.972013349271945e-05,0.00020586664143239106,0.0,0.0,1.0,1.0,14.311392496840027,3.5220597621156258,14.902077737167017,3.680787068883476,14.311392496840027,3.5220597621156258
17.65833333315429,0.3521371144735387,0.008384466949483478,0.0,258.7691417977688,122.59959399227407,3.9628139466602134e-05,0.00020529777949757815,0.0,0.0,1.0,1.0,14.311392496840018,3.519614736370745,14.902077737166973,3.6782318540823544,14.311392496840018,3.519614736370745
17.6666666664875,0.35213381596666576,0.00836902838559384,0.0,258.76795433453105,122.59463105724517,3.953642930564517e-05,0.00020473100854306154,0.0,0.0,1.0,1.0,14.31139249684003,3.5171714079709275,14.902077737166941,3.6756784131199614,14.31139249684003,3.5171714079709275
17.674999999820713,0.35213052509047227,0.008353632343128808,0.0,258.7667696183396,122.58968234694966,3.94450019157881e-05,0.00020416631898232906,0.0,0.0,1.0,1.0,14.311392496840039,3.514729775737828,14.90207773716697,3.6731267447649,14.311392496840039,3.514729775737828
17.683333333153925,0.3521272418214398,0.008338278666331127,0.0,258.76558764072786,122.58474780755603,3.9353856208037935e-05,0.0002036037012815034,0.0,0.0,1.0,1.0,14.311392496840032,3.5122898384940195,14.90207773716697,3.6705768477866156,14.311392496840032,3.5122898384940195
17.691666666487137,0.35212396613613983,0.008322967200155068,0.0,258.76440839326165,122.57982738548547,3.926299109841663e-05,0.00020304314595900473,0.0,0.0,1.0,1.0,14.311392496840003,3.509851595062775,14.902077737166977,3.668028720955432,14.311392496840003,3.509851595062775
17.69999999982035,0.35212069801123463,0.008307697790262577,0.0,258.7632318675393,122.57492102741037,3.9172405507960236e-05,0.00020248464358521838,0.0,0.0,1.0,1.0,14.31139249684,3.507415044268299,14.902077737166971,3.6654823630424764,14.31139249684,3.507415044268299
17.70833333315356,0.3521174374234759,0.00829247028301938,0.0,258.76205805519135,122.57002868025292,3.908209836267422e-05,0.0002019281847821626,0.0,0.0,1.0,1.0,14.311392496839991,3.5049801849355022,14.902077737166971,3.6629377728197814,14.311392496839991,3.5049801849355022
17.716666666486773,0.35211418434970443,0.008277284525491146,0.0,258.7608869478806,122.56515029118376,3.899206859350675e-05,0.00020137376022315865,0.0,0.0,1.0,1.0,14.311392496839979,3.5025470158902396,14.902077737167,3.6603949490601986,14.311392496839979,3.5025470158902396
17.724999999819985,0.3521109387668502,0.008262140365439657,0.0,258.75971853730175,122.56028580762053,3.8902315136336475e-05,0.0002008213606325046,0.0,0.0,1.0,1.0,14.311392496840003,3.500115535959013,14.902077737166984,3.6578538905374463,14.311392496840003,3.500115535959013
17.733333333153197,0.3521077006519315,0.008247037651319029,0.0,258.7585528151815,122.5554351772266,3.881283693193368e-05,0.0002002709767851508,0.0,0.0,1.0,1.0,14.311392496839993,3.4976857439693485,14.902077737166975,3.655314596026097,14.311392496839993,3.4976857439693485
17.74166666648641,0.3521044699820547,0.008231976232271935,0.0,258.75738977327796,122.5505983479095,3.872363292593684e-05,0.00019972259950637775,0.0,0.0,1.0,1.0,14.311392496839998,3.495257638749355,14.902077737167009,3.652777064301559,14.311392496839998,3.495257638749355
17.74999999981962,0.35210124673441395,0.00821695595812587,0.0,258.7562294033812,122.54577526781983,3.863470206882695e-05,0.00019917621967147667,0.0,0.0,1.0,1.0,14.311392496840003,3.4928312191281607,14.902077737167032,3.6502412941401117,14.311392496840003,3.4928312191281607
17.758333333152834,0.3520980308862904,0.008201976679389395,0.0,258.7550716973123,122.5409658853497,3.854604331590123e-05,0.0001986318282054309,0.0,0.0,1.0,1.0,14.31139249684,3.490406483935549,14.902077737167032,3.6477072843188627,14.31139249684,3.490406483935549
17.766666666486046,0.3520948224150523,0.008187038247248491,0.0,258.75391664692387,122.53617014913145,3.845765562725074e-05,0.00019808941608260303,0.0,0.0,1.0,1.0,14.31139249684001,3.487983432002254,14.902077737167021,3.645175033615783,14.31139249684001,3.487983432002254
17.774999999819258,0.35209162129815436,0.008172140513562817,0.0,258.75276424409964,122.53138800803636,3.8369537967732723e-05,0.0001975489743264186,0.0,0.0,1.0,1.0,14.311392496840009,3.485562062159696,14.902077737167023,3.6426445408096852,14.311392496840009,3.485562062159696
17.78333333315247,0.3520884275131372,0.008157283330862134,0.0,258.75161448075414,122.52661941117324,3.828168930693923e-05,0.00019701049400905967,0.0,0.0,1.0,1.0,14.311392496840014,3.483142373240194,14.902077737167017,3.6401158046802156,14.311392496840014,3.483142373240194
17.791666666485682,0.3520852410376271,0.008142466552342622,0.0,258.7504673488329,122.52186430788723,3.819410861918117e-05,0.00019647396625115357,0.0,0.0,1.0,1.0,14.311392496840043,3.4807243640768255,14.902077737167001,3.6375888240079113,14.311392496840043,3.4807243640768255
17.799999999818894,0.35208206184933594,0.008127690031863262,0.0,258.7493228403122,122.51712264775836,3.810679488346091e-05,0.00019593938222146635,0.0,0.0,1.0,1.0,14.311392496840037,3.478308033503499,14.902077737166971,3.6350635975741223,14.311392496840037,3.478308033503499
17.808333333152106,0.35207888992606007,0.008112953623942305,0.0,258.7481809471986,122.51239438060034,3.801974708343895e-05,0.00019540673313660163,0.0,0.0,1.0,1.0,14.311392496840043,3.475893380354958,14.90207773716693,3.6325401241610296,14.311392496840043,3.475893380354958
17.816666666485318,0.3520757252456805,0.008098257183753677,0.0,258.7470416615294,122.5076794564593,3.793296420741899e-05,0.00019487601026069645,0.0,0.0,1.0,1.0,14.311392496840043,3.473480403466683,14.902077737166922,3.6300184025517015,14.311392496840043,3.473480403466683
17.82499999981853,0.3520725677861625,0.008083600567123435,0.0,258.745904975372,122.50297782561236,3.784644524832232e-05,0.00019434720490512248,0.0,0.0,1.0,1.0,14.311392496840039,3.471069101675075,14.902077737166907,3.6274984315300194,14.311392496840039,3.471069101675075
17.833333333151742,0.352069417525555,0.008068983630526274,0.0,258.7447708808241,122.49828943856652,3.776018920365863e-05,0.00019382030842818911,0.0,0.0,1.0,1.0,14.311392496840032,3.4686594738171883,14.902077737166925,3.6249802098807407,14.311392496840032,3.4686594738171883
17.841666666484954,0.35206627444199,0.008054406231082018,0.0,258.74363937001317,122.49361424605726,3.76741950755022e-05,0.00019329531223484734,0.0,0.0,1.0,1.0,14.311392496840032,3.466251518731074,14.902077737166923,3.6224637363894123,14.311392496840032,3.466251518731074
17.849999999818166,0.3520631385136829,0.008039868226552145,0.0,258.7425104350967,122.48895219904743,3.758846187046885e-05,0.00019277220777639707,0.0,0.0,1.0,1.0,14.31139249684005,3.46384523525539,14.902077737166916,3.619949009842465,14.31139249684005,3.46384523525539
17.85833333315138,0.3520600097189314,0.00802536947533634,0.0,258.7413840682619,122.48430324872582,3.750298859969544e-05,0.00019225098655019612,0.0,0.0,1.0,1.0,14.311392496840044,3.461440622229784,14.902077737166904,3.617436029027179,14.311392496840044,3.461440622229784
17.86666666648459,0.35205688803611546,0.008010909836469068,0.0,258.7402602617255,122.47966734650606,3.741777427880635e-05,0.0001917316400993709,0.0,0.0,1.0,1.0,14.311392496840051,3.459037678494555,14.902077737166875,3.6149247927316472,14.311392496840051,3.459037678494555
17.874999999817803,0.35205377344369704,0.007996489169616167,0.0,258.7391390077339,122.47504444402537,3.7332817927907534e-05,0.00019121416001253018,0.0,0.0,1.0,1.0,14.311392496840051,3.456636402890915,14.902077737166866,3.6124152997448293,14.311392496840051,3.456636402890915
17.883333333151015,0.35205066592021944,0.007982107335071452,0.0,258.7380202985627,122.4704344931432,3.724811857154036e-05,0.00019069853792347892,0.0,0.0,1.0,1.0,14.311392496840032,3.454236794260848,14.902077737166886,3.6099075488565,14.311392496840032,3.454236794260848
17.891666666484227,0.3520475654443071,0.007967764193753384,0.0,258.7369041265165,122.46583744594024,3.716367523867354e-05,0.00019018476551093799,0.0,0.0,1.0,1.0,14.311392496840044,3.4518388514470963,14.902077737166858,3.6074015388573026,14.311392496840044,3.4518388514470963
17.89999999981744,0.35204447199466515,0.00795345960720166,0.0,258.73579048392935,122.46125325471695,3.7079486962673786e-05,0.00018967283449826012,0.0,0.0,1.0,1.0,14.311392496840066,3.449442573293314,14.902077737166875,3.604897268538703,14.311392496840066,3.449442573293314
17.90833333315065,0.35204138555007924,0.00793919343757395,0.0,258.73467936316393,122.4566818719926,3.699555278128736e-05,0.00018916273665315337,0.0,0.0,1.0,1.0,14.311392496840059,3.44704795864379,14.902077737166923,3.6023947366930122,14.311392496840059,3.44704795864379
17.916666666483863,0.3520383060894148,0.007924965547642557,0.0,258.7335707566119,122.45212325050392,3.691187173661014e-05,0.0001886544637874033,0.0,0.0,1.0,1.0,14.311392496840057,3.4446550063438113,14.902077737166916,3.5998939421133715,14.311392496840057,3.4446550063438113
17.924999999817075,0.35203523359161687,0.007910775800791178,0.0,258.7324646566934,122.44757734320392,3.6828442875061785e-05,0.0001881480077565994,0.0,0.0,1.0,1.0,14.311392496840055,3.4422637152392888,14.90207773716695,3.5973948835937546,14.311392496840055,3.4422637152392888
17.933333333150287,0.35203216803570997,0.00789662406101159,0.0,258.7313610558573,122.4430441032608,3.674526524737939e-05,0.00018764336045986053,0.0,0.0,1.0,1.0,14.311392496840057,3.439874084177076,14.902077737166922,3.594897559928992,14.311392496840057,3.439874084177076
17.9416666664835,0.3520291094007977,0.007882510192900434,0.0,258.7302599465809,122.43852348405667,3.666233790858799e-05,0.000187140513839565,0.0,0.0,1.0,1.0,14.311392496840073,3.437486112004737,14.902077737166932,3.592401969914764,14.311392496840073,3.437486112004737
17.94999999981671,0.3520260576660618,0.007868434061655995,0.0,258.7291613213696,122.43401543918648,3.6579659917962794e-05,0.000186639459881081,0.0,0.0,1.0,1.0,14.311392496840089,3.4350997975706687,14.902077737166938,3.5899081123475294,14.311392496840089,3.4350997975706687
17.958333333149923,0.35202301281076276,0.00785439553307501,0.0,258.72806517275706,122.42951992245682,3.649723033902921e-05,0.00018614019061250083,0.0,0.0,1.0,1.0,14.311392496840101,3.4327151397240923,14.902077737166964,3.587415986024632,14.311392496840101,3.4327151397240923
17.966666666483135,0.35201997481423836,0.007840394473549466,0.0,258.72697149330503,122.4250368878847,3.6415048239521504e-05,0.00018564269810437386,0.0,0.0,1.0,1.0,14.311392496840101,3.430332137314942,14.90207773716696,3.584925589744227,14.311392496840101,3.430332137314942
17.974999999816347,0.3520169436559042,0.007826430750063446,0.0,258.72588027560306,122.42056628969655,3.633311269137245e-05,0.00018514697446944437,0.0,0.0,1.0,1.0,14.31139249684011,3.4279507891940724,14.902077737166946,3.5824369223053307,14.31139249684011,3.4279507891940724
17.98333333314956,0.35201391931525294,0.007812504230189978,0.0,258.72479151226855,122.41610808232699,3.625142277068794e-05,0.00018465301186238936,0.0,0.0,1.0,1.0,14.311392496840101,3.425571094212991,14.902077737166957,3.5799499825077734,14.311392496840101,3.425571094212991
17.99166666648277,0.3520109017718541,0.007798614782087946,0.0,258.7237051959465,122.41166222041767,3.616997755772777e-05,0.0001841608024795601,0.0,0.0,1.0,1.0,14.31139249684009,3.4231930512241746,14.902077737166934,3.5774647691522174,14.31139249684009,3.4231930512241746
17.999999999815984,0.3520078910053539,0.00778476227449894,0.0,258.72262131930944,122.40722865881624,3.6088776136878925e-05,0.00018367033855872284,0.0,0.0,1.0,1.0,14.311392496840092,3.4208166590807334,14.902077737166897,3.574981281040139,14.311392496840092,3.4208166590807334
18.008333333149196,0.35200488699547433,0.00777094657674421,0.0,258.72153987505743,122.40280735257518,3.600781759663727e-05,0.000183181612378804,0.0,0.0,1.0,1.0,14.311392496840078,3.418441916636675,14.902077737166874,3.5724995169738905,14.311392496840078,3.418441916636675
18.016666666482408,0.35200188972201324,0.007757167558721557,0.0,258.7204608559176,122.39839825695073,3.592710102958106e-05,0.00018269461625963502,0.0,0.0,1.0,1.0,14.311392496840059,3.416068822746805,14.902077737166843,3.570019475756633,14.311392496840059,3.416068822746805
18.02499999981562,0.3519988991648442,0.007743425090902338,0.0,258.7193842546445,122.39400132740168,3.584662553236465e-05,0.000182209342561701,0.0,0.0,1.0,1.0,14.31139249684004,3.413697376266601,14.902077737166813,3.5675411561923536,14.31139249684004,3.413697376266601
18.033333333148832,0.3519959153039156,0.007729719044328392,0.0,258.71831006401953,122.38961651958847,3.576639020567282e-05,0.0001817257836858892,0.0,0.0,1.0,1.0,14.311392496840062,3.4113275760525363,14.9020777371668,3.5650645570858797,14.311392496840062,3.4113275760525363
18.041666666482044,0.35199293811925075,0.007716049290609083,0.0,258.717238276851,122.38524378937187,3.568639415422656e-05,0.00018124393207324144,0.0,0.0,1.0,1.0,14.311392496840044,3.408959420961666,14.902077737166836,3.562589677242852,14.311392496840044,3.408959420961666
18.049999999815256,0.3519899675909472,0.007702415701918251,0.0,258.7161688859741,122.38088309281213,3.560663648673307e-05,0.00018076378020470555,0.0,0.0,1.0,1.0,14.31139249684001,3.406592909852012,14.902077737166817,3.560116515469767,14.31139249684001,3.406592909852012
18.058333333148468,0.3519870036991769,0.007688818150991272,0.0,258.7151018842507,122.37653438616772,3.552711631589473e-05,0.0001802853206008906,0.0,0.0,1.0,1.0,14.31139249683998,3.4042280415822916,14.902077737166797,3.5576450705739298,14.31139249683998,3.4042280415822916
18.06666666648168,0.35198404642418535,0.007675256511122121,0.0,258.7140372645692,122.37219762589436,3.544783275836663e-05,0.00017980854582182437,0.0,0.0,1.0,1.0,14.311392496839963,3.4018648150120194,14.902077737166792,3.5551753413634857,14.311392496839963,3.4018648150120194
18.074999999814892,0.3519810957462916,0.007661730656160404,0.0,258.7129750198444,122.36787276864398,3.536878493474564e-05,0.0001793334484667098,0.0,0.0,1.0,1.0,14.311392496839956,3.3995032290015916,14.90207773716683,3.552707326647381,14.311392496839956,3.3995032290015916
18.083333333148104,0.3519781516458879,0.007648240460508409,0.0,258.71191514301756,122.36355977126355,3.528997196955045e-05,0.0001788600211736843,0.0,0.0,1.0,1.0,14.311392496839987,3.3971432824120114,14.902077737166813,3.5502410252354157,14.311392496839987,3.3971432824120114
18.091666666481316,0.35197521410343896,0.007634785799118299,0.0,258.710857627056,122.35925859079416,3.521139299118911e-05,0.000178388256619584,0.0,0.0,1.0,1.0,14.311392496839977,3.394784974105305,14.9020777371668,3.547776435938203,14.311392496839977,3.394784974105305
18.09999999981453,0.35197228309948236,0.007621366547489147,0.0,258.70980246495316,122.35496918446987,3.513304713196016e-05,0.00017791814751970386,0.0,0.0,1.0,1.0,14.311392496839973,3.3924283029441016,14.90207773716678,3.5453135575672032,14.311392496839973,3.3924283029441016
18.10833333314774,0.3519693586146276,0.007607982581664107,0.0,258.7087496497284,122.35069150971681,3.5054933528012874e-05,0.0001774496866275643,0.0,0.0,1.0,1.0,14.311392496839975,3.3900732677919043,14.902077737166804,3.5428523889346715,14.311392496839975,3.3900732677919043
18.116666666480953,0.3519664406295561,0.007594633778227598,0.0,258.70769917442726,122.34642552415204,3.497705131934246e-05,0.0001769828667346782,0.0,0.0,1.0,1.0,14.311392496839966,3.387719867513026,14.90207773716684,3.5403929288537115,14.311392496839966,3.387719867513026
18.124999999814165,0.35196352912502077,0.0075813200143023726,0.0,258.7066510321206,122.34217118558254,3.489939964975137e-05,0.00017651768067031558,0.0,0.0,1.0,1.0,14.311392496839973,3.385368100972457,14.902077737166824,3.5379351761382454,14.311392496839973,3.385368100972457
18.133333333147377,0.35196062408184553,0.0075680411675468195,0.0,258.70560521590505,122.33792845200423,3.48219776668483e-05,0.0001760541213012771,0.0,0.0,1.0,1.0,14.31139249683997,3.38301796703613,14.902077737166838,3.535479129602993,14.31139249683997,3.38301796703613
18.14166666648059,0.3519577254809256,0.0075547971161520665,0.0,258.7045617189029,122.33369728160099,3.4744784522023684e-05,0.00017559218153166245,0.0,0.0,1.0,1.0,14.311392496839963,3.380669464570624,14.902077737166827,3.533024788063536,14.311392496839963,3.380669464570624
18.1499999998138,0.3519548333032263,0.0075415877388393115,0.0,258.70352053426166,122.32947763274356,3.4667819370422205e-05,0.0001751318543026461,0.0,0.0,1.0,1.0,14.31139249683997,3.378322592443394,14.902077737166824,3.5305721503362677,14.31139249683997,3.378322592443394
18.158333333147013,0.3519519475297836,0.007528412914856962,0.0,258.70248165515426,122.32526946398863,3.4591081370932475e-05,0.0001746731325922489,0.0,0.0,1.0,1.0,14.311392496839996,3.3759773495226812,14.902077737166826,3.5281212152383805,14.311392496839996,3.3759773495226812
18.166666666480225,0.3519490681417029,0.007515272523977913,0.0,258.7014450747787,122.32107273407779,3.4514569686156805e-05,0.00017421600941511472,0.0,0.0,1.0,1.0,14.311392496840007,3.373633734677413,14.90207773716685,3.5256719815879047,14.311392496840007,3.373633734677413
18.174999999813437,0.35194619512015984,0.0075021664464968675,0.0,258.70041078635813,122.31688740193661,3.443828348240909e-05,0.00017376047782228973,0.0,0.0,1.0,1.0,14.311392496840005,3.3712917467774597,14.902077737166863,3.5232244482036834,14.311392496840005,3.3712917467774597
18.18333333314665,0.351943328446399,0.007489094563227599,0.0,258.6993787831407,122.31271342667365,3.436222192968175e-05,0.00017330653090100046,0.0,0.0,1.0,1.0,14.311392496840009,3.368951384693321,14.902077737166836,3.520778613905396,14.311392496840009,3.368951384693321
18.19166666647986,0.35194046810173385,0.007476056755500209,0.0,258.6983490583991,122.3085507675794,3.428638420162538e-05,0.00017285416177443327,0.0,0.0,1.0,1.0,14.311392496840025,3.366612647296388,14.902077737166813,3.518334477513529,14.311392496840025,3.366612647296388
18.199999999813073,0.351937614067547,0.007463052905158533,0.0,258.69732160543117,122.30439938412546,3.421076947554379e-05,0.00017240336360151856,0.0,0.0,1.0,1.0,14.31139249684004,3.3642755334588186,14.902077737166799,3.5158920378494076,14.31139249684004,3.3642755334588186
18.208333333146562,0.35193476632528914,0.00745008289455737,0.0,258.6962964175591,122.3002592359634,3.413537693236497e-05,0.00017195412957671146,0.0,0.0,1.0,1.0,14.311392496840067,3.361940042053449,14.902077737166854,3.5134512937351356,14.311392496840067,3.361940042053449
18.216666666480382,0.3519319248564791,0.007437146606559961,0.0,258.69527348812977,122.29613028292397,3.4060205756617896e-05,0.0001715064529297814,0.0,0.0,1.0,1.0,14.311392496840043,3.3596061719540606,14.902077737166918,3.511012243993659,14.311392496840043,3.3596061719540606
18.2249999998142,0.35192908964270364,0.007424243924535254,0.0,258.6942528105143,122.29201248501612,3.39852551364293e-05,0.00017106032692559438,0.0,0.0,1.0,1.0,14.311392496840009,3.357273922035097,14.902077737166946,3.50857488744875,14.311392496840009,3.357273922035097
18.233333333148018,0.3519262606656168,0.0074113747323553475,0.0,258.6932343781082,122.28790580242594,3.3910524263487446e-05,0.0001706157448639037,0.0,0.0,1.0,1.0,14.31139249684002,3.3549432911718418,14.902077737166938,3.5061392229249697,14.31139249684002,3.3549432911718418
18.241666666481837,0.3519234379069402,0.007398538914392861,0.0,258.6922181843312,122.28381019551588,3.383601233304346e-05,0.00017017270007913817,0.0,0.0,1.0,1.0,14.311392496840046,3.352614278240378,14.902077737166936,3.5037052492477048,14.311392496840046,3.352614278240378
18.249999999815657,0.3519206213484621,0.007385736355518369,0.0,258.6912042226271,122.27972562482373,3.3761718543874456e-05,0.00016973118594019407,0.0,0.0,1.0,1.0,14.311392496840044,3.3502868821174254,14.902077737166945,3.5012729652431913,14.311392496840044,3.3502868821174254
18.258333333149473,0.35191781097203734,0.007372966941097813,0.0,258.6901924864636,122.27565205106168,3.368764209827397e-05,0.00016929119585022651,0.0,0.0,1.0,1.0,14.311392496840082,3.347961101680704,14.902077737166946,3.4988423697384388,14.311392496840082,3.347961101680704
18.266666666483292,0.3519150067595873,0.007360230556989984,0.0,258.6891829693325,122.27158943511549,3.361378220203877e-05,0.00016885272324644487,0.0,0.0,1.0,1.0,14.311392496840085,3.3456369358085354,14.902077737166946,3.496413461561284,14.311392496840085,3.3456369358085354
18.274999999817112,0.35191220869309925,0.007347527089543965,0.0,258.6881756647491,122.26753773804349,3.354013806443885e-05,0.00016841576159990688,0.0,0.0,1.0,1.0,14.311392496840103,3.343314383380088,14.902077737166948,3.493986239540376,14.311392496840103,3.343314383380088
18.283333333150928,0.35190941675462634,0.0073348564255965734,0.0,258.6871705662526,122.26349692107567,3.346670889821386e-05,0.00016798030441531487,0.0,0.0,1.0,1.0,14.311392496840126,3.3409934432753605,14.902077737166946,3.4915607025051933,14.311392496840126,3.3409934432753605
18.291666666484748,0.35190663092628693,0.007322218452469915,0.0,258.6861676674055,122.25946694561287,3.3393493919538194e-05,0.00016754634523081502,0.0,0.0,1.0,1.0,14.311392496840096,3.338674114374974,14.902077737166975,3.4891368492860013,14.311392496840096,3.338674114374974
18.299999999818567,0.3519038511902649,0.007309613057968847,0.0,258.68516696179415,122.25544777322581,3.3320492348026985e-05,0.00016711387761779626,0.0,0.0,1.0,1.0,14.311392496840107,3.3363563955605073,14.902077737166959,3.4867146787138945,14.311392496840107,3.3363563955605073
18.308333333152383,0.3519010775288087,0.007297040130378553,0.0,258.68416844302783,122.25143936565415,3.3247703406689654e-05,0.00016668289518069192,0.0,0.0,1.0,1.0,14.311392496840122,3.3340402857142095,14.902077737166916,3.4842941896207673,14.311392496840122,3.3340402857142095
18.316666666486203,0.3518983099242316,0.0072844995584620195,0.0,258.6831721047394,122.24744168480574,3.3175126321938946e-05,0.0001662533915567807,0.0,0.0,1.0,1.0,14.311392496840094,3.331725783719087,14.90207773716692,3.481875380839333,14.311392496840094,3.331725783719087
18.324999999820022,0.35189554835891107,0.0072719912314575886,0.0,258.6821779405848,122.24345469275562,3.310276032355628e-05,0.00016582536041598965,0.0,0.0,1.0,1.0,14.311392496840107,3.329412888459045,14.902077737166879,3.479458251203115,14.311392496840107,3.329412888459045
18.33333333315384,0.3518927928152887,0.007259515039076601,0.0,258.6811859442429,122.23947835174519,3.3030604644685625e-05,0.00016539879546070165,0.0,0.0,1.0,1.0,14.311392496840119,3.3271015988186092,14.902077737166877,3.4770427995464472,14.311392496840119,3.3271015988186092
18.341666666487658,0.3518900432758698,0.0072470708715008806,0.0,258.6801961094156,122.23551262418135,3.295865852180915e-05,0.00016497369042555902,0.0,0.0,1.0,1.0,14.311392496840133,3.324791913683187,14.902077737166826,3.474629024704473,14.311392496840133,3.324791913683187
18.349999999821478,0.3518872997232232,0.007234658619380417,0.0,258.6792084298277,122.23155747263563,3.288692119473243e-05,0.00016455003907727304,0.0,0.0,1.0,1.0,14.311392496840165,3.32248383193896,14.902077737166815,3.472216925513129,14.311392496840165,3.32248383193896
18.358333333155294,0.351884562139981,0.007222278173830913,0.0,258.67822289922685,122.2276128598433,3.281539190656837e-05,0.0001641278352144313,0.0,0.0,1.0,1.0,14.311392496840162,3.3201773524727543,14.902077737166838,3.469806500809185,14.311392496840162,3.3201773524727543
18.366666666489113,0.35188183050883803,0.0072099294264314304,0.0,258.67723951138305,122.22367874870257,3.274406990372097e-05,0.00016370707266730847,0.0,0.0,1.0,1.0,14.31139249684017,3.317872474172362,14.902077737166852,3.467397749430194,14.31139249684017,3.317872474172362
18.374999999822933,0.35187910481255197,0.007197612269222041,0.0,258.6762582600891,122.21975510227364,3.2672954435864274e-05,0.0001632877452976782,0.0,0.0,1.0,1.0,14.311392496840163,3.3155691959262152,14.90207773716686,3.464990670214547,14.311392496840163,3.3155691959262152
18.38333333315675,0.3518763850339428,0.007185326594701453,0.0,258.67527913916024,122.215841883778,3.2602044755929964e-05,0.0001628698469986244,0.0,0.0,1.0,1.0,14.311392496840162,3.31326751662351,14.902077737166847,3.462585262001411,14.311392496840162,3.31326751662351
18.39166666649057,0.3518736711558928,0.007173072295824688,0.0,258.67430214243404,122.21193905659746,3.253134012009794e-05,0.00016245337169435665,0.0,0.0,1.0,1.0,14.311392496840172,3.310967435154333,14.902077737166868,3.4601815236307663,14.311392496840172,3.310967435154333
18.399999999824388,0.3518709631613458,0.0071608492660007825,0.0,258.67332726377026,122.20804658427343,3.24608397877624e-05,0.0001620383133400252,0.0,0.0,1.0,1.0,14.3113924968402,3.3086689504093756,14.902077737166856,3.4577794539434086,14.3113924968402,3.3086689504093756
18.408333333158204,0.35186826103330743,0.007148657399090469,0.0,258.67235449705095,122.20416443050601,3.2390543021526785e-05,0.00016162466592153755,0.0,0.0,1.0,1.0,14.31139249684023,3.3063720612802303,14.902077737166843,3.4553790517809446,14.31139249684023,3.3063720612802303
18.416666666492024,0.3518655647548446,0.007136496589403841,0.0,258.6713838361802,122.20029255915314,3.232044908718954e-05,0.00016121242345537454,0.0,0.0,1.0,1.0,14.311392496840211,3.3040767666592488,14.902077737166863,3.452980315985755,14.311392496840211,3.3040767666592488
18.424999999825843,0.35186287430908525,0.0071243667316981535,0.0,258.67041527508405,122.1964309342299,3.2250557253723334e-05,0.00016080157998841208,0.0,0.0,1.0,1.0,14.311392496840215,3.301783065439433,14.90207773716685,3.4505832454010497,14.311392496840215,3.301783065439433
18.43333333315966,0.35186018967921795,0.007112267721175478,0.0,258.6694488077104,122.19257951990754,3.2180866793256536e-05,0.00016039212959773866,0.0,0.0,1.0,1.0,14.311392496840213,3.299490956514714,14.902077737166856,3.4481878388708327,14.311392496840213,3.299490956514714
18.44166666649348,0.3518575108484921,0.007100199453480525,0.0,258.668484428029,122.18873828051287,3.211137698106699e-05,0.00015998406639047927,0.0,0.0,1.0,1.0,14.311392496840217,3.297200438779712,14.902077737166838,3.445794095239897,14.311392496840217,3.297200438779712
18.4499999998273,0.3518548378002172,0.0070881618246983365,0.0,258.6675221300313,122.18490718052725,3.2042087095557826e-05,0.00015957738450361582,0.0,0.0,1.0,1.0,14.311392496840218,3.2949115111297527,14.902077737166813,3.443402013353874,14.311392496840218,3.2949115111297527
18.458333333161114,0.3518521705177627,0.007076154731352102,0.0,258.6665619077302,122.18108618458592,3.197299641823988e-05,0.00015917207810381206,0.0,0.0,1.0,1.0,14.311392496840217,3.292624172461081,14.902077737166833,3.4410115920591497,14.311392496840217,3.292624172461081
18.466666666494934,0.35184950898455786,0.00706417807040095,0.0,258.66560375516036,122.17727525747718,3.190410423372632e-05,0.00015876814138723893,0.0,0.0,1.0,1.0,14.311392496840227,3.2903384216705653,14.902077737166842,3.4386228302029753,14.311392496840227,3.2903384216705653
18.474999999828754,0.3518468531840914,0.0070522317392377205,0.0,258.6646476663777,122.17347436414153,3.183540982970576e-05,0.00015836556857939978,0.0,0.0,1.0,1.0,14.311392496840243,3.2880542576558827,14.902077737166875,3.436235726633326,14.311392496840243,3.2880542576558827
18.48333333316257,0.3518442030999114,0.007040315635686798,0.0,258.6636936354594,122.16968346967099,3.1766912496937075e-05,0.00015796435393495835,0.0,0.0,1.0,1.0,14.311392496840208,3.2857716793155483,14.902077737166879,3.4338502801990405,14.311392496840208,3.2857716793155483
18.49166666649639,0.3518415587156247,0.007028429658001924,0.0,258.66274165650407,122.1659025393083,3.1698611529227614e-05,0.00015756449173756672,0.0,0.0,1.0,1.0,14.311392496840183,3.283490685548718,14.902077737166918,3.431466489749721,14.311392496840183,3.283490685548718
18.49999999983021,0.351838920014897,0.00701657370486405,0.0,258.6617917236313,122.16213153844603,3.163050622341592e-05,0.00015716597629969548,0.0,0.0,1.0,1.0,14.311392496840204,3.2812112752554015,14.902077737166907,3.4290843541357554,14.311392496840204,3.2812112752554015
18.508333333164025,0.35183628698145264,0.007004747675379182,0.0,258.66084383098183,122.15837043262599,3.156259587936731e-05,0.0001567688019624645,0.0,0.0,1.0,1.0,14.311392496840202,3.278933447336394,14.902077737166904,3.4267038722083805,14.311392496840202,3.278933447336394
18.516666666497844,0.35183365959907376,0.006992951469076237,0.0,258.65989797271726,122.15461918753826,3.149487979993946e-05,0.0001563729630954742,0.0,0.0,1.0,1.0,14.311392496840227,3.276657200693099,14.902077737166922,3.424325042819588,14.311392496840227,3.276657200693099
18.524999999831664,0.35183103785160075,0.006981184985904964,0.0,258.6589541430201,122.15087776902068,3.1427357290989555e-05,0.00015597845409664042,0.0,0.0,1.0,1.0,14.311392496840254,3.2743825342278847,14.902077737166904,3.421947864822187,14.311392496840254,3.2743825342278847
18.53333333316548,0.3518284217229316,0.006969448126233757,0.0,258.65801233609363,122.1471461430578,3.136002766134503e-05,0.00015558526939202583,0.0,0.0,1.0,1.0,14.311392496840247,3.2721094468437757,14.90207773716694,3.419572337069771,14.311392496840247,3.2721094468437757
18.5416666664993,0.35182581119702194,0.006957740790847619,0.0,258.6570725461618,122.14342427578039,3.129289022279435e-05,0.00015519340343567734,0.0,0.0,1.0,1.0,14.311392496840247,3.269837937444491,14.902077737166941,3.417198458416732,14.311392496840247,3.269837937444491
18.54999999983312,0.3518232062578845,0.006946062880946046,0.0,258.6561347674694,122.1397121334645,3.122594429006854e-05,0.00015480285070946175,0.0,0.0,1.0,1.0,14.311392496840245,3.267568004934675,14.902077737166987,3.4148262277182617,14.311392496840245,3.267568004934675
18.558333333166935,0.351820606889589,0.006934414298140949,0.0,258.65519899428125,122.13600968253084,3.115918918082856e-05,0.0001544136057229025,0.0,0.0,1.0,1.0,14.311392496840245,3.2652996482196444,14.902077737166989,3.412455643830346,14.311392496840245,3.2652996482196444
18.566666666500755,0.35181801307626187,0.006922794944454639,0.0,258.6542652208831,122.13231688954399,3.109262421565194e-05,0.00015402566301302064,0.0,0.0,1.0,1.0,14.311392496840247,3.2630328662053905,14.902077737166934,3.410086705609766,14.311392496840247,3.2630328662053905
18.574999999834574,0.3518154248020861,0.006911204722317708,0.0,258.6533334415807,122.12863372121161,3.1026248718018075e-05,0.000153639017144171,0.0,0.0,1.0,1.0,14.311392496840286,3.260767657798844,14.902077737166941,3.4077194119140892,14.311392496840286,3.260767657798844
18.58333333316839,0.3518128420513009,0.006899643534567048,0.0,258.6524036507002,122.12496014438388,3.096006201428927e-05,0.000153253662707886,0.0,0.0,1.0,1.0,14.311392496840273,3.258504021907583,14.902077737166948,3.405353761601678,14.311392496840273,3.258504021907583
18.59166666650221,0.3518102648082016,0.0068881112844437885,0.0,258.65147584258784,122.12129612605254,3.0894063433703974e-05,0.0001528695943227155,0.0,0.0,1.0,1.0,14.311392496840284,3.2562419574399035,14.90207773716695,3.4029897535316973,14.311392496840284,3.2562419574399035
18.59999999983603,0.35180769305713927,0.006876607875591303,0.0,258.65055001161005,122.11764163335039,3.0828252308357255e-05,0.00015248680663407043,0.0,0.0,1.0,1.0,14.311392496840277,3.253981463304987,14.902077737166962,3.400627386564092,14.311392496840277,3.253981463304987
18.608333333169846,0.3518051267825204,0.006865133212053187,0.0,258.64962615215325,122.11399663355039,3.076262797318696e-05,0.00015210529431406597,0.0,0.0,1.0,1.0,14.311392496840273,3.251722538412677,14.902077737166953,3.398266659559603,14.311392496840273,3.251722538412677
18.616666666503665,0.3518025659688068,0.006853687198271303,0.0,258.6487042586236,122.1103610940651,3.0697189765957174e-05,0.00015172505206136766,0.0,0.0,1.0,1.0,14.311392496840257,3.2494651816735733,14.902077737166913,3.3959075713797713,14.311392496840257,3.2494651816735733
18.624999999837485,0.35180001060051547,0.0068422697390837514,0.0,258.64778432544716,122.1067349824458,3.063193702725162e-05,0.0001513460746010359,0.0,0.0,1.0,1.0,14.311392496840256,3.2472093919991156,14.902077737166909,3.3935501208869123,14.311392496840256,3.2472093919991156
18.6333333331713,0.35179746066221806,0.006830880739722943,0.0,258.6468663470698,122.10311826638203,3.0566869100455725e-05,0.00015096835668437382,0.0,0.0,1.0,1.0,14.311392496840261,3.2449551683014,14.902077737166893,3.391194306944139,14.311392496840261,3.2449551683014
18.64166666650512,0.3517949161385411,0.006819520105813623,0.0,258.6459503179571,122.0995109137006,3.0501985331739467e-05,0.00015059189308877497,0.0,0.0,1.0,1.0,14.311392496840256,3.2427025094933053,14.902077737166884,3.3888401284153504,14.311392496840256,3.2427025094933053
18.64999999983894,0.3517923770141652,0.006808187743370906,0.0,258.645036232594,122.09591289236509,3.0437285070048842e-05,0.00015021667861757118,0.0,0.0,1.0,1.0,14.31139249684025,3.240451414488546,14.902077737166904,3.386487584165242,14.31139249684025,3.240451414488546
18.658333333172756,0.35178984327382534,0.006796883558798403,0.0,258.64412408548515,122.09232417047511,3.037276766709018e-05,0.00014984270809988517,0.0,0.0,1.0,1.0,14.311392496840238,3.2382018822014706,14.902077737166909,3.3841366730592926,14.311392496840238,3.2382018822014706
18.666666666506575,0.35178731490231036,0.006785607458886232,0.0,258.6432138711545,122.08874471626561,3.0308432477316727e-05,0.00014946997639047856,0.0,0.0,1.0,1.0,14.311392496840222,3.2359539115472287,14.902077737166938,3.381787393963763,14.311392496840222,3.2359539115472287
18.674999999840395,0.35178479188446254,0.00677435935080915,0.0,258.6423055841452,122.08517449810614,3.0244278857908844e-05,0.00014909847836960588,0.0,0.0,1.0,1.0,14.311392496840233,3.233707501441787,14.9020777371669,3.379439745745703,14.311392496840233,3.233707501441787
18.68333333317421,0.351782274205178,0.00676313914212462,0.0,258.64139921902,122.08161348450027,3.018030616877624e-05,0.00014872820894286615,0.0,0.0,1.0,1.0,14.311392496840195,3.231462650801754,14.902077737166916,3.377093727272956,14.311392496840195,3.231462650801754
18.69166666650803,0.3517797618494058,0.006751946740770977,0.0,258.6404947703605,122.07806164408484,3.0116513772526975e-05,0.0001483591630410583,0.0,0.0,1.0,1.0,14.311392496840222,3.229219358544552,14.902077737166932,3.3747493374141486,14.311392496840222,3.229219358544552
18.69999999984185,0.35177725480214805,0.006740782055065465,0.0,258.6395922327673,122.0745189456293,3.0052901034459856e-05,0.00014799133562003403,0.0,0.0,1.0,1.0,14.311392496840215,3.226977623588385,14.902077737166923,3.3724065750386845,14.311392496840215,3.226977623588385
18.708333333175666,0.35177475304845984,0.0067296449937024345,0.0,258.63869160086045,122.07098535803505,2.9989467322563195e-05,0.00014762472166055457,0.0,0.0,1.0,1.0,14.311392496840167,3.2247374448521136,14.90207773716692,3.37006543901677,14.311392496840167,3.2247374448521136
18.716666666509486,0.35177225657344846,0.006718535465751454,0.0,258.6377928692785,122.0674608503348,2.992621200748052e-05,0.00014725931616814785,0.0,0.0,1.0,1.0,14.311392496840154,3.2224988212554164,14.90207773716689,3.3677259282193845,14.311392496840154,3.2224988212554164
18.724999999843305,0.35176976536227383,0.0067074533806554745,0.0,258.636896032679,122.06394539169183,2.986313446251503e-05,0.0001468951141729652,0.0,0.0,1.0,1.0,14.311392496840131,3.2202617517187577,14.902077737166872,3.365388041518285,14.311392496840131,3.2202617517187577
18.73333333317712,0.3517672794001479,0.006696398648228997,0.0,258.63600108573814,122.06043895139943,2.980023406360601e-05,0.0001465321107296409,0.0,0.0,1.0,1.0,14.311392496840137,3.218026235163258,14.90207773716684,3.3630517777860143,14.311392496840137,3.218026235163258
18.74166666651094,0.35176479867233446,0.00668537117865624,0.0,258.6351080231511,122.0569414988802,2.9737510189323483e-05,0.0001461703009171512,0.0,0.0,1.0,1.0,14.311392496840146,3.215792270510828,14.902077737166827,3.360717135895917,14.311392496840146,3.215792270510828
18.74999999984476,0.3517623231641492,0.006674370882489318,0.0,258.63421683963134,122.05345300368539,2.967496222085242e-05,0.00014580967983867467,0.0,0.0,1.0,1.0,14.311392496840135,3.213559856684182,14.902077737166836,3.3583841147220963,14.311392496840135,3.213559856684182
18.758333333178577,0.3517598528609589,0.0066633976706464435,0.0,258.633327529911,122.04997343549425,2.9612589541973518e-05,0.00014545024262145373,0.0,0.0,1.0,1.0,14.311392496840144,3.21132899260669,14.902077737166827,3.356052713139445,14.311392496840144,3.21132899260669
18.766666666512396,0.35175738774818177,0.006652451454410146,0.0,258.6324400887406,122.04650276411344,2.9550391539057998e-05,0.00014509198441665726,0.0,0.0,1.0,1.0,14.311392496840147,3.209099677202487,14.902077737166811,3.3537229300236313,14.311392496840147,3.209099677202487
18.774999999846216,0.35175492781128703,0.006641532145425457,0.0,258.6315545108891,122.04304095947634,2.9488367601056843e-05,0.000144734900399243,0.0,0.0,1.0,1.0,14.311392496840172,3.2068719093965483,14.902077737166831,3.3513947642511157,14.311392496840172,3.2068719093965483
18.783333333180032,0.351752473035795,0.006630639655698153,0.0,258.6306707911437,122.03958799164242,2.9426517119482413e-05,0.00014437898576782218,0.0,0.0,1.0,1.0,14.311392496840195,3.2046456881145025,14.902077737166799,3.349068214699146,14.311392496840195,3.2046456881145025
18.79166666651385,0.35175002340727596,0.0066197738975930075,0.0,258.6297889243098,122.03614383079663,2.9364839488392872e-05,0.00014402423574452473,0.0,0.0,1.0,1.0,14.311392496840163,3.2024210122826995,14.902077737166827,3.346743280245716,14.311392496840163,3.2024210122826995
18.79999999984767,0.3517475789113512,0.006608934783831992,0.0,258.62890890521106,122.03270844724881,2.9303334104391363e-05,0.00014367064557486363,0.0,0.0,1.0,1.0,14.31139249684017,3.200197880828343,14.902077737166826,3.3444199597696262,14.31139249684017,3.200197880828343
18.808333333181487,0.3517451395336919,0.006598122227492588,0.0,258.62803072868905,122.02928181143292,2.924200036660565e-05,0.00014331821052760392,0.0,0.0,1.0,1.0,14.311392496840172,3.197976292679297,14.902077737166838,3.34209825215045,14.311392496840172,3.197976292679297
18.816666666515307,0.35174270526001916,0.006587336142006014,0.0,258.62715438960333,122.02586389390659,2.918083767667336e-05,0.0001429669258946286,0.0,0.0,1.0,1.0,14.311392496840165,3.195756246764158,14.9020777371668,3.3397781562685376,14.311392496840165,3.195756246764158
18.824999999849126,0.35174027607610414,0.006576576441155512,0.0,258.6262798828316,122.02245466535045,2.91198454387406e-05,0.0001426167869908074,0.0,0.0,1.0,1.0,14.311392496840172,3.19353774201238,14.902077737166827,3.337459671005011,14.311392496840172,3.19353774201238
18.833333333182942,0.35173785196776725,0.006565843039074619,0.0,258.6254072032692,122.01905409656746,2.905902305943615e-05,0.00014226778915386583,0.0,0.0,1.0,1.0,14.31139249684017,3.191320777354062,14.902077737166806,3.335142795241769,14.31139249684017,3.191320777354062
18.841666666516762,0.3517354329208782,0.0065551358502454965,0.0,258.6245363458292,122.01566215848233,2.8998369947865937e-05,0.0001419199277442562,0.0,0.0,1.0,1.0,14.311392496840167,3.1891053517199794,14.90207773716681,3.332827527861506,14.311392496840167,3.1891053517199794
18.84999999985058,0.35173301892135606,0.006544454789497209,0.0,258.62366730544244,122.01227882214098,2.8937885515601232e-05,0.00014157319814502782,0.0,0.0,1.0,1.0,14.311392496840138,3.1868914640418335,14.902077737166826,3.3305138677476696,14.311392496840138,3.1868914640418335
18.858333333184397,0.3517306099551687,0.0065337997720040395,0.0,258.6228000770574,122.00890405870985,2.8877569176669787e-05,0.0001412275957616991,0.0,0.0,1.0,1.0,14.311392496840162,3.184679113251974,14.90207773716688,3.3282018137844878,14.311392496840162,3.184679113251974
18.866666666518217,0.3517282060083328,0.0065231707132838174,0.0,258.62193465563996,122.00553783947534,2.8817420347538507e-05,0.00014088311602212985,0.0,0.0,1.0,1.0,14.311392496840176,3.1824682982833807,14.90207773716687,3.3258913648569672,14.311392496840176,3.1824682982833807
18.874999999852037,0.3517258070669136,0.0065125675291962636,0.0,258.62107103617376,122.00218013584322,2.8757438447103266e-05,0.0001405397543763954,0.0,0.0,1.0,1.0,14.311392496840186,3.1802590180699872,14.90207773716688,3.3235825198508913,14.311392496840186,3.1802590180699872
18.883333333185853,0.35172341311702454,0.006501990135941304,0.0,258.6202092136595,121.99883091933799,2.8697622896677255e-05,0.00014019750629666006,0.0,0.0,1.0,1.0,14.31139249684019,3.1780512715463547,14.902077737166886,3.321275277652806,14.31139249684019,3.1780512715463547
18.891666666519672,0.35172102414482703,0.00649143845005746,0.0,258.61934918311545,121.99549016160239,2.8637973119973935e-05,0.000139856367277053,0.0,0.0,1.0,1.0,14.311392496840226,3.175845057647714,14.902077737166934,3.3189696371500412,14.311392496840226,3.175845057647714
18.89999999985349,0.35171864013653104,0.006480912388420176,0.0,258.618490939577,121.99215783439672,2.8578488543116958e-05,0.00013951633283354356,0.0,0.0,1.0,1.0,14.311392496840227,3.173640375310167,14.902077737166932,3.3166655972306893,14.311392496840227,3.173640375310167
18.908333333187308,0.3517162610783935,0.006470411868240207,0.0,258.61763447809676,121.9888339095983,2.8519168594592676e-05,0.00013917739850381815,0.0,0.0,1.0,1.0,14.311392496840194,3.171437223470523,14.902077737166945,3.3143631567836223,14.311392496840194,3.171437223470523
18.916666666521127,0.3517138869567193,0.0064599368070620035,0.0,258.6167797937445,121.98551835920084,2.846001270527059e-05,0.00013883955984715798,0.0,0.0,1.0,1.0,14.311392496840222,3.1692356010662475,14.90207773716694,3.312062314698483,14.311392496840222,3.1692356010662475
18.924999999854947,0.35171151775786064,0.006449487122762096,0.0,258.615926881607,121.98221115531402,2.8401020308378756e-05,0.00013850281244431734,0.0,0.0,1.0,1.0,14.311392496840254,3.1670355070356195,14.902077737166966,3.3097630698656837,14.311392496840254,3.1670355070356195
18.933333333188763,0.35170915346821663,0.00643906273354745,0.0,258.61507573678784,121.97891227016268,2.8342190839486223e-05,0.00013816715189740114,0.0,0.0,1.0,1.0,14.311392496840265,3.1648369403176773,14.902077737166984,3.3074654211764063,14.311392496840265,3.1648369403176773
18.941666666522583,0.35170679407423355,0.006428663557953958,0.0,258.6142263544078,121.97562167608646,2.828352373650556e-05,0.0001378325738297475,0.0,0.0,1.0,1.0,14.311392496840233,3.162639899852132,14.902077737166955,3.3051693675225984,14.311392496840233,3.162639899852132
18.949999999856402,0.3517044395624042,0.0064182895148448,0.0,258.61337872960416,121.97233934553914,2.8225018439669105e-05,0.00013749907388580646,0.0,0.0,1.0,1.0,14.311392496840224,3.1604443845794097,14.90207773716698,3.3028749077969772,14.311392496840224,3.1604443845794097
18.958333333190218,0.35170208991926827,0.006407940523408869,0.0,258.61253285753133,121.96906525108808,2.8166674391533636e-05,0.00013716664773102169,0.0,0.0,1.0,1.0,14.311392496840215,3.1582503934407886,14.902077737166962,3.300582040893042,14.311392496840215,3.1582503934407886
18.966666666524038,0.35169974513141133,0.006397616503159225,0.0,258.6116887333601,121.96579936541369,2.8108491036942928e-05,0.00013683529105171309,0.0,0.0,1.0,1.0,14.3113924968402,3.156057925378191,14.902077737166966,3.2982907657050418,14.3113924968402,3.156057925378191
18.974999999857857,0.35169740518546566,0.006387317373931509,0.0,258.610846352278,121.9625416613088,2.8050467823049692e-05,0.00013650499955495844,0.0,0.0,1.0,1.0,14.31139249684021,3.153866979334213,14.90207773716695,3.2960010811280114,14.31139249684021,3.153866979334213
18.983333333191673,0.3516950700681092,0.0063770430558824365,0.0,258.6100057094891,121.95929211167828,2.7992604199276913e-05,0.0001361757689684793,0.0,0.0,1.0,1.0,14.3113924968402,3.1516775542523527,14.90207773716696,3.2937129860577414,14.3113924968402,3.1516775542523527
18.991666666525493,0.3516927397660657,0.006366793469488239,0.0,258.60916680021404,121.95605068953827,2.7934899617321854e-05,0.00013584759504052367,0.0,0.0,1.0,1.0,14.311392496840162,3.149489649076766,14.902077737166946,3.2914264793907924,14.311392496840162,3.149489649076766
18.999999999859313,0.3516904142661044,0.006356568535543077,0.0,258.60832961968964,121.95281736801577,2.7877353531136126e-05,0.00013552047353975047,0.0,0.0,1.0,1.0,14.31139249684017,3.1473032627522355,14.902077737166975,3.2891415600244844,14.31139249684017,3.1473032627522355
19.00833333319313,0.35168809355504016,0.006346368175157633,0.0,258.6074941631693,121.9495921203481,2.781996539692427e-05,0.0001351944002551179,0.0,0.0,1.0,1.0,14.31139249684022,3.145118394224438,14.90207773716698,3.286858226856913,14.31139249684022,3.145118394224438
19.016666666526948,0.35168577761973296,0.006336192309757466,0.0,258.60666042592266,121.94637491988227,2.7762734673125215e-05,0.00013486937099576707,0.0,0.0,1.0,1.0,14.311392496840208,3.1429350424397384,14.902077737166971,3.2845764787869176,14.311392496840208,3.1429350424397384
19.024999999860768,0.3516834664470879,0.006326040861081615,0.0,258.6058284032354,121.94316574007456,2.7705660820407563e-05,0.00013454538159091194,0.0,0.0,1.0,1.0,14.311392496840192,3.14075320634514,14.902077737166993,3.2822963147141264,14.311392496840192,3.14075320634514
19.033333333194584,0.35168116002405486,0.006315913751181052,0.0,258.6049980904096,121.93996455448989,2.7648743301654504e-05,0.0001342224278897262,0.0,0.0,1.0,1.0,14.311392496840192,3.138572884888461,14.902077737166987,3.280017733538939,14.311392496840192,3.138572884888461
19.041666666528403,0.35167885833762846,0.006305810902417184,0.0,258.6041694827633,121.93677133680133,2.7591981581955075e-05,0.0001339005057612314,0.0,0.0,1.0,1.0,14.3113924968402,3.136394077018282,14.902077737166993,3.2777407341624887,14.3113924968402,3.136394077018282
19.049999999862223,0.3516765613748475,0.006295732237460372,0.0,258.60334257563045,121.93358606078957,2.7535375128587132e-05,0.00013357961109418685,0.0,0.0,1.0,1.0,14.311392496840224,3.134216781683852,14.902077737167,3.2754653154866897,14.311392496840224,3.134216781683852
19.05833333319604,0.3516742691227955,0.006285677679288512,0.0,258.6025173643611,121.9304087003424,2.7478923411023004e-05,0.00013325973979698115,0.0,0.0,1.0,1.0,14.311392496840236,3.1320409978350967,14.902077737166977,3.2731914764142043,14.311392496840236,3.1320409978350967
19.06666666652986,0.3516719815685998,0.006275647151185497,0.0,258.6016938443212,121.92723922945416,2.7422625900900938e-05,0.00013294088779752057,0.0,0.0,1.0,1.0,14.311392496840194,3.1298667244228064,14.902077737167005,3.2709192158484783,14.311392496840194,3.1298667244228064
19.074999999863678,0.35166969869943204,0.0062656405767398055,0.0,258.6008720108923,121.92407762222528,2.7366482072028064e-05,0.0001326230510431226,0.0,0.0,1.0,1.0,14.311392496840178,3.127693960398451,14.902077737166984,3.268648532693706,14.311392496840178,3.127693960398451
19.083333333197494,0.3516674205025071,0.006255657879843041,0.0,258.600051859472,121.9209238528617,2.731049140035945e-05,0.00013230622550040725,0.0,0.0,1.0,1.0,14.311392496840192,3.1255227047141183,14.902077737166984,3.266379425854837,14.311392496840192,3.1255227047141183
19.091666666531314,0.35166514696508394,0.006245698984688484,0.0,258.5992333854734,121.91777789567436,2.7254653363998402e-05,0.00013199040715518984,0.0,0.0,1.0,1.0,14.311392496840156,3.1233529563227758,14.902077737166984,3.264111894237597,14.311392496840156,3.1233529563227758
19.099999999865133,0.35166287807446456,0.006235763815769685,0.0,258.5984165843252,121.91463972507879,2.7198967443176276e-05,0.00013167559201237574,0.0,0.0,1.0,1.0,14.311392496840169,3.1211847141780757,14.902077737166971,3.2618459367484496,14.311392496840169,3.1211847141780757
19.10833333319895,0.35166061381799435,0.006225852297879002,0.0,258.5976014514718,121.91150931559443,2.714343312025008e-05,0.00013136177609585282,0.0,0.0,1.0,1.0,14.311392496840172,3.1190179772343423,14.902077737166985,3.259581552294637,14.311392496840172,3.1190179772343423
19.11666666653277,0.3516583541830618,0.0062159643561062305,0.0,258.596787982373,121.90838664184429,2.7088049879686514e-05,0.00013104895544838847,0.0,0.0,1.0,1.0,14.311392496840178,3.1168527444466254,14.902077737166964,3.257318739784148,14.311392496840178,3.1168527444466254
19.12499999986659,0.3516560991570982,0.006206099915837119,0.0,258.5959761725041,121.90527167855436,2.7032817208060274e-05,0.00013073712613152237,0.0,0.0,1.0,1.0,14.311392496840204,3.1146890147708044,14.90207773716694,3.2550574981257445,14.311392496840204,3.1146890147708044
19.133333333200405,0.35165384872757766,0.006196258902752078,0.0,258.5951660173558,121.90216440055312,2.6977734594034733e-05,0.00013042628422546651,0.0,0.0,1.0,1.0,14.311392496840195,3.112526787163417,14.902077737166927,3.2527978262289294,14.311392496840195,3.112526787163417
19.141666666534224,0.3516516028820163,0.006186441242824679,0.0,258.5943575124338,121.89906478277106,2.6922801528346784e-05,0.00013011642582899853,0.0,0.0,1.0,1.0,14.311392496840194,3.110366060581623,14.902077737166879,3.250539723003969,14.311392496840194,3.110366060581623
19.149999999868044,0.3516493616079732,0.006176646862320336,0.0,258.5935506532595,121.89597280024019,2.686801750381884e-05,0.00012980754705936126,0.0,0.0,1.0,1.0,14.31139249684021,3.1082068339834885,14.902077737166895,3.2482831873618725,14.31139249684021,3.1082068339834885
19.15833333320186,0.35164712489304956,0.006166875687794894,0.0,258.59274543536924,121.89288842809354,2.6813382015334156e-05,0.0001294996440521604,0.0,0.0,1.0,1.0,14.3113924968402,3.1060491063277333,14.902077737166861,3.246028218214444,14.3113924968402,3.1060491063277333
19.16666666653568,0.35164489272488814,0.006157127646093298,0.0,258.59194185431437,121.88981164156468,2.6758894559821147e-05,0.0001291927129612639,0.0,0.0,1.0,1.0,14.311392496840156,3.1038928765737483,14.902077737166877,3.243774814474208,14.311392496840156,3.1038928765737483
19.1749999998695,0.35164266509117403,0.006147402664348175,0.0,258.59113990566163,121.8867424159872,2.6704554636260626e-05,0.00012888674995870027,0.0,0.0,1.0,1.0,14.311392496840156,3.1017381436816556,14.902077737166891,3.2415229750544468,14.311392496840156,3.1017381436816556
19.183333333203315,0.3516404419796336,0.006137700669978531,0.0,258.59033958499253,121.88368072679428,2.6650361745658667e-05,0.00012858175123456008,0.0,0.0,1.0,1.0,14.311392496840158,3.0995849066124075,14.902077737166872,3.2392726988692044,14.311392496840158,3.0995849066124075
19.191666666537134,0.3516382233780351,0.0061280215906883775,0.0,258.58954088790347,121.8806265495182,2.6596315391053244e-05,0.00012827771299689605,0.0,0.0,1.0,1.0,14.311392496840153,3.0974331643275823,14.90207773716691,3.237023984833288,14.311392496840153,3.0974331643275823
19.199999999870954,0.3516360092741879,0.006118365354465364,0.0,258.58874381000595,121.87757985978983,2.6542415077493902e-05,0.00012797463147162308,0.0,0.0,1.0,1.0,14.311392496840124,3.0952829157894106,14.902077737166913,3.234776831862233,14.311392496840124,3.0952829157894106
19.20833333320477,0.3516337996559425,0.006108731889579517,0.0,258.5879483469261,121.87454063333819,2.6488660312029523e-05,0.00012767250290242343,0.0,0.0,1.0,1.0,14.311392496840117,3.093134159961002,14.902077737166872,3.232531238872353,14.311392496840117,3.093134159961002
19.21666666653859,0.35163159451119036,0.0060991211245818395,0.0,258.5871544943049,121.87150884598995,2.6435050603709747e-05,0.000127371323550646,0.0,0.0,1.0,1.0,14.311392496840114,3.0909868958061306,14.902077737166874,3.230287204780708,14.311392496840114,3.0909868958061306
19.22499999987241,0.3516293938278639,0.006089532988303024,0.0,258.586362247798,121.86848447366899,2.638158546356869e-05,0.00012707108969521103,0.0,0.0,1.0,1.0,14.311392496840105,3.0888411222892453,14.902077737166856,3.2280447285050977,14.311392496840105,3.0888411222892453
19.233333333206225,0.3516271975939362,0.006079967409852149,0.0,258.5855716030756,121.86546749239588,2.6328264404619685e-05,0.00012677179763251431,0.0,0.0,1.0,1.0,14.311392496840101,3.0866968383754916,14.90207773716687,3.2258038089640833,14.311392496840101,3.0866968383754916
19.241666666540045,0.35162500579742073,0.006070424318615374,0.0,258.5847825558227,121.86245787828753,2.6275086941839106e-05,0.00012647344367633102,0.0,0.0,1.0,1.0,14.311392496840114,3.0845540430308502,14.902077737166849,3.22356444507697,14.311392496840114,3.0845540430308502
19.249999999873864,0.35162281842637133,0.0060609036442546265,0.0,258.58399510173854,121.85945560755661,2.62220525921604e-05,0.00012617602415772067,0.0,0.0,1.0,1.0,14.311392496840124,3.082412735221958,14.902077737166865,3.2213266357638273,14.311392496840124,3.082412735221958
19.25833333320768,0.351620635468882,0.006051405316706327,0.0,258.5832092365371,121.85646065651113,2.616916087446957e-05,0.00012587953542493314,0.0,0.0,1.0,1.0,14.31139249684013,3.0802729139160867,14.90207773716684,3.21909037994546,14.31139249684013,3.0802729139160867
19.2666666665415,0.3516184569130869,0.006041929266180085,0.0,258.5824249559465,121.85347300155401,2.61164113095911e-05,0.00012558397384331393,0.0,0.0,1.0,1.0,14.31139249684017,3.078134578081345,14.902077737166795,3.2168556765434255,14.31139249684017,3.078134578081345
19.27499999987532,0.35161628274715984,0.0060324754231574525,0.0,258.58164225570954,121.8504926191826,2.606380342028076e-05,0.0001252893357952123,0.0,0.0,1.0,1.0,14.311392496840188,3.0759977266865457,14.902077737166785,3.214622524480029,14.311392496840188,3.0759977266865457
19.283333333209136,0.3516141129593147,0.006023043718390618,0.0,258.58086113158305,121.84751948598823,2.601133673121977e-05,0.00012499561767988698,0.0,0.0,1.0,1.0,14.311392496840185,3.0738623587011777,14.902077737166804,3.212390922678338,14.311392496840185,3.0738623587011777
19.291666666542955,0.35161194753780445,0.006013634082901186,0.0,258.58008157933807,121.84455357865578,2.5959010768991462e-05,0.00012470281591341585,0.0,0.0,1.0,1.0,14.311392496840208,3.071728473095365,14.902077737166858,3.210160870062134,14.311392496840208,3.071728473095365
19.299999999876775,0.35160978647092145,0.006004246447978911,0.0,258.57930359475995,121.84159487396322,2.5906825062087646e-05,0.0001244109269286037,0.0,0.0,1.0,1.0,14.311392496840218,3.069596068840132,14.902077737166847,3.2079323655559895,14.311392496840218,3.069596068840132
19.30833333321059,0.3516076297469975,0.005994880745180394,0.0,258.57852717364807,121.83864334878116,2.585477914089673e-05,0.0001241199471748899,0.0,0.0,1.0,1.0,14.311392496840213,3.067465144907111,14.902077737166815,3.2057054080851874,14.311392496840213,3.067465144907111
19.31666666654441,0.3516054773544033,0.005985536906327918,0.0,258.5777523118159,121.83569898007242,2.58028725376873e-05,0.00012382987311826028,0.0,0.0,1.0,1.0,14.311392496840211,3.065335700268633,14.902077737166804,3.2034799965757754,14.311392496840211,3.065335700268633
19.32499999987823,0.35160332928154864,0.005976214863508182,0.0,258.576979005091,121.8327617448916,2.5751104786612426e-05,0.00012354070124115653,0.0,0.0,1.0,1.0,14.31139249684024,3.0632077338977237,14.90207773716682,3.201256129954543,14.31139249684024,3.0632077338977237
19.333333333212046,0.3516011855168819,0.005966914549071074,0.0,258.57620724931473,121.82983162038461,2.5699475423687935e-05,0.00012325242804238655,0.0,0.0,1.0,1.0,14.311392496840224,3.0610812447682396,14.902077737166834,3.1990338071490156,14.311392496840224,3.0610812447682396
19.341666666545866,0.3515990460488899,0.005957635895628422,0.0,258.57543704034236,121.82690858378828,2.5647983986787386e-05,0.00012296505003703563,0.0,0.0,1.0,1.0,14.311392496840176,3.058956231854681,14.90207773716685,3.196813027087482,14.311392496840176,3.058956231854681
19.349999999879685,0.35159691086609823,0.005948378836052825,0.0,258.57466837404314,121.8239926124299,2.559663001563982e-05,0.00012267856375637896,0.0,0.0,1.0,1.0,14.311392496840146,3.0568326941321664,14.90207773716685,3.194593788698962,14.311392496840146,3.0568326941321664
19.3583333332135,0.35159477995707067,0.005939143303476412,0.0,258.57390124629995,121.82108368372683,2.5545413051814777e-05,0.0001223929657477936,0.0,0.0,1.0,1.0,14.31139249684014,3.054710630576665,14.902077737166865,3.1923760909132155,14.31139249684014,3.054710630576665
19.36666666654732,0.3515926533104089,0.005929929231289656,0.0,258.5731356530094,121.81818177518595,2.549433263871339e-05,0.00012210825257467144,0.0,0.0,1.0,1.0,14.3113924968402,3.0525900401648323,14.902077737166891,3.1901599326607464,14.3113924968402,3.0525900401648323
19.37499999988114,0.3515905309147526,0.00592073655314017,0.0,258.57237159008184,121.81528686440345,2.544338832155949e-05,0.00012182442081633306,0.0,0.0,1.0,1.0,14.311392496840236,3.0504709218740085,14.9020777371669,3.187945312872829,14.311392496840236,3.0504709218740085
19.383333333214956,0.3515884127587797,0.005911565202931527,0.0,258.5716090534413,121.81239892906419,2.5392579647401424e-05,0.00012154146706794112,0.0,0.0,1.0,1.0,14.311392496840256,3.048353274682144,14.90207773716691,3.1857322304814293,14.311392496840256,3.048353274682144
19.391666666548776,0.35158629883120546,0.00590241511482206,0.0,258.57084803902524,121.80951794694143,2.534190616508856e-05,0.00012125938794041532,0.0,0.0,1.0,1.0,14.311392496840245,3.0462370975680937,14.90207773716694,3.183520684419297,14.311392496840245,3.0462370975680937
19.399999999882596,0.35158418912078243,0.005893286223223704,0.0,258.57008854278456,121.80664389589633,2.5291367425268466e-05,0.00012097818006034719,0.0,0.0,1.0,1.0,14.311392496840247,3.044122389511329,14.902077737166923,3.1813106736199033,14.311392496840247,3.044122389511329
19.40833333321641,0.35158208361630094,0.005884178462800815,0.0,258.56933056068385,121.80377675387757,2.5240962980383506e-05,0.00012069784006991593,0.0,0.0,1.0,1.0,14.311392496840249,3.0420091494920025,14.902077737166959,3.179102197017455,14.311392496840249,3.0420091494920025
19.41666666655023,0.3515799823065884,0.005875091768469007,0.0,258.5685740887009,121.80091649892096,2.519069238465807e-05,0.00012041836462680421,0.0,0.0,1.0,1.0,14.311392496840206,3.039897376490933,14.902077737166971,3.1768952535469133,14.311392496840206,3.039897376490933
19.42499999988405,0.3515778851805093,0.005866026075394015,0.0,258.567819122827,121.79806310914894,2.5140555194093796e-05,0.00012013975040411551,0.0,0.0,1.0,1.0,14.311392496840195,3.0377870694897955,14.902077737166952,3.174689842143969,14.311392496840195,3.0377870694897955
19.433333333217867,0.3515757922269652,0.0058569813189905135,0.0,258.56706565906666,121.79521656277032,2.5090550966455e-05,0.00011986199409029047,0.0,0.0,1.0,1.0,14.311392496840199,3.0356782274708896,14.902077737166959,3.172485961745063,14.311392496840199,3.0356782274708896
19.441666666551686,0.35157370343489425,0.0058479574349209786,0.0,258.56631369343756,121.79237683807969,2.5040679261265258e-05,0.00011958509238902437,0.0,0.0,1.0,1.0,14.311392496840229,3.0335708494171794,14.902077737166932,3.170283611287377,14.311392496840229,3.0335708494171794
19.449999999885506,0.3515716187932711,0.005838954359094549,0.0,258.5655632219707,121.78954391345718,2.499093963979414e-05,0.00011930904201918577,0.0,0.0,1.0,1.0,14.311392496840257,3.0314649343123548,14.90207773716694,3.1680827897088037,14.311392496840257,3.0314649343123548
19.458333333219322,0.35156953829110715,0.005829972027665916,0.0,258.56481424071006,121.78671776736796,2.4941331665058563e-05,0.00011903383971473538,0.0,0.0,1.0,1.0,14.311392496840245,3.0293604811408916,14.902077737166929,3.165883495947995,14.311392496840245,3.0293604811408916
19.46666666655314,0.35156746191745014,0.005821010377034181,0.0,258.5640667457129,121.7838983783619,2.489185490180757e-05,0.00011875948222464508,0.0,0.0,1.0,1.0,14.311392496840261,3.0272574888879147,14.90207773716694,3.163685728944333,14.311392496840261,3.0272574888879147
19.47499999988696,0.3515653896613838,0.005812069343841711,0.0,258.56332073304935,121.78108572507308,2.484250891651378e-05,0.00011848596631281658,0.0,0.0,1.0,1.0,14.311392496840252,3.025155956539183,14.902077737166932,3.161489487637936,14.311392496840252,3.025155956539183
19.483333333220777,0.35156332151202807,0.005803148864973072,0.0,258.56257619880256,121.77827978621954,2.4793293277369486e-05,0.00011821328875800319,0.0,0.0,1.0,1.0,14.311392496840298,3.0230558830812457,14.902077737166936,3.159294770969661,14.311392496840298,3.0230558830812457
19.491666666554597,0.3515612574585389,0.005794248877553881,0.0,258.56183313906865,121.7754805406028,2.4744207554277505e-05,0.00011794144635372925,0.0,0.0,1.0,1.0,14.311392496840316,3.0209572675013714,14.902077737166946,3.1571015778811127,14.311392496840316,3.0209572675013714
19.499999999888416,0.35155919749010756,0.005785369318949707,0.0,258.56109154995653,121.77268796710737,2.469525131883611e-05,0.00011767043590821095,0.0,0.0,1.0,1.0,14.311392496840316,3.0188601087875098,14.902077737166922,3.1549099073146056,14.311392496840316,3.0188601087875098
19.508333333222232,0.35155714159596146,0.005776510126764983,0.0,258.56035142758805,121.76990204470061,2.4646424144345074e-05,0.0001174002542442789,0.0,0.0,1.0,1.0,14.311392496840359,3.016764405928235,14.902077737166943,3.1527197582131987,14.311392496840359,3.016764405928235
19.516666666556052,0.3515550897653634,0.0057676712388419525,0.0,258.5596127680978,121.76712275243213,2.459772560579264e-05,0.00011713089819930084,0.0,0.0,1.0,1.0,14.311392496840341,3.0146701579128994,14.902077737166948,3.15053112952068,14.311392496840341,3.0146701579128994
19.52499999988987,0.35155304198761134,0.005758852593259504,0.0,258.558875567633,121.76435006943343,2.4549155279835958e-05,0.00011686236462510166,0.0,0.0,1.0,1.0,14.31139249684034,3.0125773637315914,14.902077737166945,3.1483440201815847,14.31139249684034,3.0125773637315914
19.533333333223688,0.35155099825203856,0.005750054128332133,0.0,258.5581398223537,121.76158397491766,2.450071274481175e-05,0.000116594650387888,0.0,0.0,1.0,1.0,14.311392496840384,3.0104860223750634,14.902077737166925,3.146158429141171,14.311392496840384,3.0104860223750634
19.541666666557507,0.35154895854801327,0.005741275782608885,0.0,258.55740552843247,121.75882444817908,2.4452397580710252e-05,0.00011632775236817213,0.0,0.0,1.0,1.0,14.311392496840384,3.0083961328346756,14.90207773716692,3.143974355345438,14.311392496840384,3.0083961328346756
19.549999999891327,0.35154692286493894,0.0057325174948722685,0.0,258.55667268205445,121.75607146859276,2.440420936918794e-05,0.00011606166746069499,0.0,0.0,1.0,1.0,14.31139249684037,3.0063076941026274,14.90207773716692,3.141791797741099,14.31139249684037,3.0063076941026274
19.558333333225143,0.35154489119225346,0.005723779204137205,0.0,258.5559412794174,121.7533250156142,2.4356147693542775e-05,0.00011579639257435166,0.0,0.0,1.0,1.0,14.31139249684035,3.004220705171776,14.902077737166913,3.1396107552756103,14.31139249684035,3.004220705171776
19.566666666558962,0.3515428635194297,0.005715060849649944,0.0,258.5552113167315,121.75058506877892,2.430821213871449e-05,0.00011553192463211462,0.0,0.0,1.0,1.0,14.31139249684036,3.0021351650356762,14.902077737166925,3.1374312268971627,14.31139249684036,3.0021351650356762
19.574999999892782,0.35154083983597484,0.005706362370887023,0.0,258.5544827902193,121.74785160770213,2.426040229127571e-05,0.00011526826057095988,0.0,0.0,1.0,1.0,14.311392496840355,3.000051072688489,14.902077737166925,3.135253211554669,14.311392496840355,3.000051072688489
19.583333333226598,0.35153882013143045,0.005697683707554265,0.0,258.5537556961158,121.74512461207837,2.4212717739421097e-05,0.0001150053973417939,0.0,0.0,1.0,1.0,14.311392496840371,2.9979684271252083,14.902077737166936,3.133076708197773,14.311392496840371,2.9979684271252083
19.591666666560418,0.35153680439537227,0.005689024799585682,0.0,258.55303003066825,121.74240406168107,2.4165158072966368e-05,0.00011474333190937797,0.0,0.0,1.0,1.0,14.311392496840366,2.9958872273414983,14.902077737166913,3.13090171577685,14.311392496840366,2.9958872273414983
19.599999999894237,0.3515347926174106,0.005680385587142428,0.0,258.55230579013636,121.73968993636224,2.4117722883340135e-05,0.00011448206125225473,0.0,0.0,1.0,1.0,14.311392496840329,2.993807472333687,14.902077737166897,3.128728233243001,14.311392496840329,2.993807472333687
19.608333333228053,0.35153278478718925,0.005671766010611846,0.0,258.55158297079186,121.7369822160521,2.407041176356791e-05,0.00011422158236267755,0.0,0.0,1.0,1.0,14.311392496840327,2.991729161098734,14.9020777371669,3.1265562595480656,14.311392496840327,2.991729161098734
19.616666666561873,0.35153078089438594,0.005663166010606379,0.0,258.55086156891883,121.73428088075869,2.4023224308273795e-05,0.0001139618922465359,0.0,0.0,1.0,1.0,14.311392496840353,2.9896522926344207,14.902077737166927,3.124385793644594,14.311392496840353,2.9896522926344207
19.624999999895692,0.35152878092871226,0.00565458552796259,0.0,258.5501415808134,121.73158591056757,2.3976160113671747e-05,0.0001137029879232846,0.0,0.0,1.0,1.0,14.311392496840343,2.9875768659391957,14.902077737166923,3.1222168344858767,14.311392496840343,2.9875768659391957
19.63333333322951,0.3515267848799133,0.005646024503740107,0.0,258.54942300278367,121.72889728564142,2.392921877755162e-05,0.00011344486642587116,0.0,0.0,1.0,1.0,14.311392496840346,2.985502880012172,14.902077737166922,3.120049381025922,14.311392496840346,2.985502880012172
19.641666666563328,0.3515247927377676,0.005637482879220665,0.0,258.5487058311501,121.72621498621965,2.3882399899282884e-05,0.00011318752480066577,0.0,0.0,1.0,1.0,14.311392496840334,2.983430333853094,14.902077737166953,3.117883432219477,14.311392496840334,2.983430333853094
19.649999999897148,0.3515228044920871,0.005628960595907058,0.0,258.5479900622449,121.7235389926181,2.3835703079800727e-05,0.0001129309601073893,0.0,0.0,1.0,1.0,14.311392496840313,2.981359226462518,14.90207773716699,3.1157189870219844,14.311392496840313,2.981359226462518
19.658333333230964,0.35152082013271696,0.005620457595522154,0.0,258.54727569241226,121.7208692852287,2.3789127921601306e-05,0.00011267516941904371,0.0,0.0,1.0,1.0,14.311392496840321,2.9792895568416644,14.902077737166975,3.1135560443896657,14.311392496840321,2.9792895568416644
19.666666666564783,0.3515188396495352,0.005611973820007942,0.0,258.5465627180084,121.71820584451903,2.3742674028725324e-05,0.00011242014982184284,0.0,0.0,1.0,1.0,14.311392496840321,2.977221323992447,14.90207773716698,3.1113946032794133,14.311392496840321,2.977221323992447
19.674999999898603,0.35151686303245283,0.005603509211524483,0.0,258.54585113540116,121.71554865103208,2.369634100676636e-05,0.00011216589841514136,0.0,0.0,1.0,1.0,14.311392496840321,2.9751545269173745,14.902077737166996,3.1092346626488805,14.311392496840321,2.9751545269173745
19.68333333323242,0.35151489027141386,0.005595063712448998,0.0,258.5451409409705,121.71289768538585,2.3650128462856454e-05,0.0001119124123113678,0.0,0.0,1.0,1.0,14.311392496840321,2.9730891646197586,14.902077737166975,3.10707622145641,14.311392496840321,2.9730891646197586
19.69166666656624,0.3515129213563947,0.005586637265374813,0.0,258.54443213110784,121.71025292827296,2.3604036005654234e-05,0.00011165968863595335,0.0,0.0,1.0,1.0,14.311392496840321,2.9710252361036065,14.902077737166985,3.104919278661092,14.311392496840321,2.9710252361036065
19.699999999900058,0.3515109562774045,0.005578229813110436,0.0,258.5437247022165,121.70761436046043,2.355806324534364e-05,0.00011140772452726551,0.0,0.0,1.0,1.0,14.311392496840321,2.9689627403735903,14.902077737166975,3.102763833222746,14.311392496840321,2.9689627403735903
19.708333333233874,0.3515089950244846,0.005569841298678611,0.0,258.5430186507113,121.70498196278919,2.3512209793627957e-05,0.00011115651713654038,0.0,0.0,1.0,1.0,14.311392496840321,2.9669016764350133,14.902077737166985,3.1006098841018943,14.311392496840321,2.9669016764350133
19.716666666567694,0.35150703758770907,0.005561471665315323,0.0,258.542313973019,121.70235571617387,2.3466475263725207e-05,0.00011090606362781462,0.0,0.0,1.0,1.0,14.311392496840321,2.964842043293916,14.902077737167021,3.0984574302597965,14.311392496840321,2.964842043293916
19.724999999901513,0.3515050839571837,0.005553120856468815,0.0,258.54161066557765,121.69973560160237,2.3420859270348735e-05,0.00011065636117785753,0.0,0.0,1.0,1.0,14.311392496840321,2.9627838399570816,14.902077737167057,3.096306470658417,14.311392496840321,2.9627838399570816
19.73333333323533,0.3515031341230466,0.005544788815798701,0.0,258.540908724837,121.69712160013557,2.3375361429714258e-05,0.00011040740697610619,0.0,0.0,1.0,1.0,14.311392496840321,2.960727065431941,14.902077737167062,3.0941570042604436,14.311392496840321,2.960727065431941
19.74166666656915,0.3515011880754677,0.005536475487174959,0.0,258.5402081472581,121.69451369290701,2.3329981359525686e-05,0.00011015919822459781,0.0,0.0,1.0,1.0,14.311392496840321,2.958671718726569,14.90207773716704,3.092009030029297,14.311392496840321,2.958671718726569
19.74999999990297,0.35149924580464875,0.005528180814677063,0.0,258.5395089293137,121.6919118611225,2.328471867897253e-05,0.0001099117321379057,0.0,0.0,1.0,1.0,14.311392496840321,2.956617798849739,14.902077737167055,3.0898625469291074,14.311392496840321,2.956617798849739
19.758333333236784,0.35149730730082307,0.005519904742592967,0.0,258.5388110674877,121.68931608605983,2.3239573008716365e-05,0.00010966500594307164,0.0,0.0,1.0,1.0,14.311392496840321,2.954565304811007,14.90207773716704,3.087717553924731,14.311392496840321,2.954565304811007
19.766666666570604,0.3514953725542556,0.00551164721541822,0.0,258.53811455827554,121.68672634906845,2.3194543970891537e-05,0.00010941901687954253,0.0,0.0,1.0,1.0,14.311392496840321,2.9525142356205607,14.902077737167001,3.0855740499817292,14.311392496840321,2.9525142356205607
19.774999999904423,0.35149344155524276,0.005503408177855038,0.0,258.53741939818394,121.68414263156912,2.31496311890975e-05,0.00010917376219910516,0.0,0.0,1.0,1.0,14.311392496840321,2.950464590289246,14.902077737167025,3.083432034066401,14.311392496840321,2.950464590289246
19.78333333323824,0.35149151429411224,0.0054951875748113456,0.0,258.5367255837308,121.68156491505357,2.310483428838729e-05,0.0001089292391658212,0.0,0.0,1.0,1.0,14.311392496840321,2.948416367828541,14.902077737167016,3.081291505145746,14.311392496840321,2.948416367828541
19.79166666657206,0.35148959076122294,0.005486985351399919,0.0,258.53603311144536,121.67899318108422,2.3060152895266332e-05,0.00010868544505596514,0.0,0.0,1.0,1.0,14.311392496840321,2.946369567250771,14.90207773716705,3.0791524621874955,14.311392496840321,2.946369567250771
19.79999999990588,0.3514876709469648,0.005478801452937422,0.0,258.5353419778681,121.67642741129386,2.3015586637686144e-05,0.0001084423771579591,0.0,0.0,1.0,1.0,14.311392496840321,2.9443241875688537,14.902077737167028,3.0770149041600794,14.311392496840321,2.9443241875688537
19.808333333239695,0.3514857548417588,0.005470635824943541,0.0,258.5346521795504,121.67386758738525,2.297113514503093e-05,0.00010820003277231104,0.0,0.0,1.0,1.0,14.311392496840321,2.9422802277964015,14.902077737167057,3.0748788300326564,14.311392496840321,2.9422802277964015
19.816666666573514,0.35148384243605657,0.005462488413140021,0.0,258.53396371305485,121.67131369113088,2.2926798048115178e-05,0.00010795840921155018,0.0,0.0,1.0,1.0,14.311392496840321,2.940237686947637,14.902077737167055,3.072744238775102,14.311392496840321,2.940237686947637
19.824999999907334,0.35148193372034037,0.0054543591634498385,0.0,258.5332765749552,121.66876570437263,2.288257497917806e-05,0.00010771750380016684,0.0,0.0,1.0,1.0,14.311392496840321,2.9381965640375936,14.902077737167025,3.0706111293579985,14.311392496840321,2.9381965640375936
19.83333333324115,0.3514800286851233,0.005446248021996276,0.0,258.5325907618361,121.66622360902149,2.2838465571879776e-05,0.00010747731387454924,0.0,0.0,1.0,1.0,14.311392496840321,2.9361568580819517,14.90207773716705,3.0684795007526438,14.311392496840321,2.9361568580819517
19.84166666657497,0.3514781273209489,0.005438154935102,0.0,258.5319062702932,121.66368738705715,2.2794469461290787e-05,0.00010723783678292121,0.0,0.0,1.0,1.0,14.311392496840321,2.9341185680970656,14.902077737167057,3.066349351931058,14.311392496840321,2.9341185680970656
19.84999999990879,0.351476229618391,0.005430079849288247,0.0,258.53122309693305,121.6611570205278,2.275058628388505e-05,0.00010699906988528277,0.0,0.0,1.0,1.0,14.311392496840321,2.932081693099895,14.90207773716704,3.064220681865973,14.311392496840321,2.932081693099895
19.858333333242605,0.3514743355680535,0.00542202271127387,0.0,258.53054123837313,121.65863249154971,2.270681567753508e-05,0.00010676101055334692,0.0,0.0,1.0,1.0,14.311392496840321,2.9300462321081664,14.902077737167044,3.0620934895308327,14.311392496840321,2.9300462321081664
19.866666666576425,0.3514724451605708,0.0054139834679745305,0.0,258.52986069124177,121.65611378230706,2.2663157281508384e-05,0.00010652365617048158,0.0,0.0,1.0,1.0,14.311392496840321,2.9280121841403104,14.902077737167039,3.0599677738997864,14.311392496840321,2.9280121841403104
19.874999999910244,0.35147055838660685,0.005405962066501774,0.0,258.52918145217797,121.65360087505148,2.2619610736455547e-05,0.0001062870041316472,0.0,0.0,1.0,1.0,14.311392496840321,2.925979548215416,14.902077737167023,3.0578435339477044,14.311392496840321,2.925979548215416
19.88333333324406,0.3514686752368558,0.005397958454162212,0.0,258.52850351783167,121.65109375210189,2.2576175684410547e-05,0.00010605105184333876,0.0,0.0,1.0,1.0,14.311392496840321,2.923948323353215,14.90207773716701,3.055720768650156,14.311392496840321,2.923948323353215
19.89166666657788,0.3514667957020416,0.005389972578456613,0.0,258.5278268848635,121.64859239584403,2.2532851768780135e-05,0.00010581579672352463,0.0,0.0,1.0,1.0,14.311392496840321,2.9219185085740738,14.902077737167001,3.053599476983439,14.311392496840321,2.9219185085740738
19.8999999999117,0.3514649197729175,0.005382004387079063,0.0,258.52715154994456,121.64609678873033,2.248963863433525e-05,0.00010558123620158817,0.0,0.0,1.0,1.0,14.311392496840321,2.919890102899188,14.902077737167016,3.051479657924559,14.311392496840321,2.919890102899188
19.908333333245515,0.3514630474402668,0.005374053827916142,0.0,258.5264775097569,121.64360691327951,2.2446535927217103e-05,0.00010534736771826959,0.0,0.0,1.0,1.0,14.311392496840321,2.9178631053503596,14.902077737167039,3.0493613104512187,14.311392496840321,2.9178631053503596
19.916666666579335,0.3514611786949019,0.005366120849046018,0.0,258.52580476099297,121.64112275207627,2.240354329491256e-05,0.00010511418872560608,0.0,0.0,1.0,1.0,14.311392496840321,2.915837514950063,14.90207773716703,3.0472444335418416,14.311392496840321,2.915837514950063
19.924999999913155,0.3514593135276645,0.005358205398737677,0.0,258.5251333003557,121.6386442877711,2.2360660386262265e-05,0.0001048816966868757,0.0,0.0,1.0,1.0,14.311392496840321,2.913813330721378,14.90207773716704,3.0451290261755615,14.311392496840321,2.913813330721378
19.93333333324697,0.35145745192942573,0.005350307425449984,0.0,258.52446312455885,121.63617150307984,2.2317886851453294e-05,0.00010464988907653666,0.0,0.0,1.0,1.0,14.311392496840321,2.9117905516881715,14.902077737167053,3.0430150873322135,14.311392496840321,2.9117905516881715
19.94166666658079,0.3514555938910856,0.005342426877830966,0.0,258.5237942303263,121.63370438078346,2.2275222342004914e-05,0.00010441876338017352,0.0,0.0,1.0,1.0,14.311392496840321,2.9097691768749936,14.90207773716704,3.04090261599234,14.311392496840321,2.9097691768749936
19.94999999991461,0.3514537394035732,0.005334563704716871,0.0,258.5231266143926,121.63124290372777,2.2232666510769648e-05,0.00010418831709443682,0.0,0.0,1.0,1.0,14.311392496840321,2.9077492053070206,14.902077737167076,3.0387916111371935,14.311392496840321,2.9077492053070206
19.958333333248426,0.35145188845784653,0.005326717855131429,0.0,258.52246027350253,121.62878705482315,2.2190219011929858e-05,0.00010395854772698892,0.0,0.0,1.0,1.0,14.311392496840321,2.9057306360101,14.902077737167032,3.036682071748745,14.311392496840321,2.9057306360101
19.966666666582245,0.3514500410448923,0.005318889278284966,0.0,258.5217952044113,121.6263368170442,2.214787950097975e-05,0.0001037294527964457,0.0,0.0,1.0,1.0,14.311392496840321,2.9037134680107073,14.902077737167055,3.0345739968096583,14.311392496840321,2.9037134680107073
19.974999999916065,0.3514481971557257,0.0053110779235736125,0.0,258.5211314038845,121.6238921734295,2.2105647634730918e-05,0.00010350102983232142,0.0,0.0,1.0,1.0,14.311392496840321,2.901697700336133,14.902077737167067,3.032467385303297,14.311392496840321,2.901697700336133
19.98333333324988,0.3514463567813909,0.0053032837405785,0.0,258.520468868698,121.6214531070813,2.2063523071309647e-05,0.00010327327637497298,0.0,0.0,1.0,1.0,14.311392496840321,2.899683332014281,14.902077737167046,3.030362236213758,14.311392496840321,2.899683332014281
19.9916666665837,0.35144451991296033,0.00529550667906491,0.0,258.5198075956378,121.61901960116519,2.2021505470135764e-05,0.00010304618997554355,0.0,0.0,1.0,1.0,14.311392496840321,2.897670362073704,14.902077737167025,3.028258548525812,14.311392496840321,2.897670362073704
19.99999999991752,0.35144268654153427,0.00528774668898151,0.0,258.5191475815,121.61659163890995,2.1979594491921925e-05,0.00010281976819590843,0.0,0.0,1.0,1.0,14.311392496840321,2.895658789543571,14.902077737167033,3.0261563212249616,14.311392496840321,2.895658789543571
20.008333333251336,0.351440856658242,0.005280003720459553,0.0,258.5184888230912,121.61416920360713,2.1937789798684895e-05,0.0001025940086086208,0.0,0.0,1.0,1.0,14.311392496840321,2.893648613453843,14.90207773716705,3.0240555532973965,14.311392496840321,2.893648613453843
20.016666666585156,0.35143903025424017,0.005272277723812052,0.0,258.5178313172278,121.61175227861085,2.189609105371375e-05,0.00010236890879685582,0.0,0.0,1.0,1.0,14.311392496840321,2.891639832835129,14.902077737167058,3.0219562437300156,14.311392496840321,2.891639832835129
20.024999999918975,0.35143720732071415,0.005264568649532983,0.0,258.51717506073646,121.60934084733748,2.1854497921585607e-05,0.00010214446635435681,0.0,0.0,1.0,1.0,14.311392496840321,2.889632446718687,14.90207773716708,3.019858391510425,14.311392496840321,2.889632446718687
20.03333333325279,0.35143538784887673,0.005256876448296531,0.0,258.5165200504538,121.60693489326536,2.1813010068147206e-05,0.00010192067888538222,0.0,0.0,1.0,1.0,14.311392496840321,2.887626454136447,14.902077737167055,3.017761995626918,14.311392496840321,2.887626454136447
20.04166666658661,0.35143357182996854,0.005249201070956262,0.0,258.5158662832265,121.60453439993458,2.1771627160510413e-05,0.0001016975440046511,0.0,0.0,1.0,1.0,14.311392496840321,2.885621854120927,14.902077737167042,3.0156670550685023,14.311392496840321,2.885621854120927
20.04999999992043,0.35143175925525794,0.005241542468544417,0.0,258.5152137559111,121.60213935094662,2.17303488670522e-05,0.00010147505933729182,0.0,0.0,1.0,1.0,14.311392496840321,2.883618645705491,14.902077737167069,3.0135735688248904,14.311392496840321,2.883618645705491
20.058333333254247,0.351429950116041,0.005233900592270973,0.0,258.5145624653742,121.59974972996415,2.1689174857408262e-05,0.0001012532225187848,0.0,0.0,1.0,1.0,14.311392496840321,2.881616827924089,14.90207773716709,3.011481535886484,14.311392496840321,2.881616827924089
20.066666666588066,0.3514281444036411,0.005226275393523084,0.0,258.5139124084923,121.59736552071072,2.1648104802461014e-05,0.00010103203119491571,0.0,0.0,1.0,1.0,14.311392496840321,2.8796163998113395,14.902077737167108,3.0093909552444145,14.311392496840321,2.8796163998113395
20.074999999921886,0.3514263421094092,0.0052186668238641465,0.0,258.5132635821516,121.5949867069705,2.1607138374344015e-05,0.00010081148302171901,0.0,0.0,1.0,1.0,14.311392496840321,2.877617360402478,14.902077737167117,3.0073018258904725,14.311392496840321,2.877617360402478
20.083333333255702,0.35142454322472333,0.00521107483503311,0.0,258.5126159832482,121.59261327258798,2.1566275246426816e-05,0.00010059157566542741,0.0,0.0,1.0,1.0,14.311392496840321,2.8756197087334643,14.902077737167122,3.005214146817176,14.311392496840321,2.8756197087334643
20.09166666658952,0.3514227477409888,0.005203499378943687,0.0,258.51196960868816,121.5902452014678,2.1525515093314998e-05,0.00010037230680242017,0.0,0.0,1.0,1.0,14.311392496840321,2.8736234438409705,14.902077737167117,3.0031279170177387,14.311392496840321,2.8736234438409705
20.09999999992334,0.3514209556496378,0.0051959404076836,0.0,258.511324455387,121.58788247757431,2.148485759084266e-05,0.00010015367411917123,0.0,0.0,1.0,1.0,14.311392496840321,2.87162856476229,14.90207773716711,3.0010431354860665,14.311392496840321,2.87162856476229
20.108333333257157,0.3514191669421298,0.005188397873513844,0.0,258.51068052027006,121.58552508493152,2.1444302416067435e-05,9.993567531219909e-05,0.0,0.0,1.0,1.0,14.311392496840321,2.869635070535397,14.902077737167081,2.9989598012167584,14.311392496840321,2.869635070535397
20.116666666590977,0.3514173816099509,0.005180871728867919,0.0,258.5100378002724,121.58317300762263,2.1403849247266746e-05,9.9718308088015e-05,0.0,0.0,1.0,1.0,14.311392496840321,2.867642960198836,14.902077737167067,2.9968779132051324,14.311392496840321,2.867642960198836
20.124999999924796,0.351415599644614,0.005173361926351073,0.0,258.50939629233864,121.58082622978995,2.1363497763931658e-05,9.950157016307273e-05,0.0,0.0,1.0,1.0,14.311392496840321,2.8656522327919607,14.902077737167065,2.994797470447193,14.311392496840321,2.8656522327919607
20.133333333258612,0.35141382103765867,0.005165868418739571,0.0,258.508755993423,121.57848473563442,2.132324764675748e-05,9.92854592637183e-05,0.0,0.0,1.0,1.0,14.311392496840321,2.863662887354756,14.90207773716708,2.992718471939624,14.311392496840321,2.863662887354756
20.14166666659243,0.35141204578065116,0.005158391158979964,0.0,258.5081169004893,121.57614850941565,2.128309857764705e-05,9.906997312614036e-05,0.0,0.0,1.0,1.0,14.311392496840321,2.8616749229278544,14.902077737167078,2.9906409166798307,14.311392496840321,2.8616749229278544
20.14999999992625,0.35141027386518375,0.00515093010018836,0.0,258.5074790105109,121.57381753545134,2.124305023969267e-05,9.885510949632104e-05,0.0,0.0,1.0,1.0,14.311392496840321,2.859688338552569,14.902077737167074,2.9885648036659176,14.311392496840321,2.859688338552569
20.158333333260067,0.3514085052828756,0.005143485195649663,0.0,258.5068423204706,121.57149179811728,2.1203102317183717e-05,9.864086612998526e-05,0.0,0.0,1.0,1.0,14.311392496840321,2.8577031332707548,14.9020777371671,2.9864901318966535,14.311392496840321,2.8577031332707548
20.166666666593887,0.351406740025372,0.00513605639881686,0.0,258.50620682736064,121.5691712818469,2.116325449560056e-05,9.842724079255253e-05,0.0,0.0,1.0,1.0,14.311392496840321,2.855719306125141,14.902077737167108,2.98441690037154,14.311392496840321,2.855719306125141
20.174999999927707,0.3514049780843441,0.0051286436633102995,0.0,258.50557252818277,121.56685597113122,2.1123506461597135e-05,9.821423125908815e-05,0.0,0.0,1.0,1.0,14.311392496840321,2.8537368561590166,14.902077737167085,2.9823451080907453,14.311392496840321,2.8537368561590166
20.183333333261523,0.35140321945148956,0.005121246942916972,0.0,258.504939419948,121.56454585051836,2.108385790300682e-05,9.800183531425444e-05,0.0,0.0,1.0,1.0,14.311392496840321,2.8517557824163364,14.902077737167117,2.9802747540551398,14.311392496840321,2.8517557824163364
20.191666666595342,0.3514014641185316,0.005113866191589773,0.0,258.5043074996768,121.56224090461346,2.10443085088338e-05,9.77900507522625e-05,0.0,0.0,1.0,1.0,14.311392496840321,2.8497760839417015,14.902077737167113,2.9782058372662954,14.311392496840321,2.8497760839417015
20.19999999992916,0.35139971207721954,0.005106501363446814,0.0,258.50367676439896,121.5599411180784,2.1004857969248894e-05,9.757887537682446e-05,0.0,0.0,1.0,1.0,14.311392496840321,2.8477977597803457,14.902077737167144,2.976138356726469,14.311392496840321,2.8477977597803457
20.208333333262978,0.35139796331932843,0.005099152412770696,0.0,258.50304721115333,121.55764647563151,2.096550597558293e-05,9.736830700110576e-05,0.0,0.0,1.0,1.0,14.311392496840321,2.8458208089782953,14.902077737167117,2.974072311438609,14.311392496840321,2.8458208089782953
20.216666666596797,0.35139621783665903,0.005091819294007826,0.0,258.5024188369883,121.55535696204731,2.0926252220325055e-05,9.715834344767782e-05,0.0,0.0,1.0,1.0,14.311392496840321,2.8438452305821413,14.902077737167101,2.9720077004063494,14.311392496840321,2.8438452305821413
20.224999999930617,0.35139447562103754,0.00508450196176771,0.0,258.50179163896127,121.55307256215636,2.088709639711175e-05,9.694898254847157e-05,0.0,0.0,1.0,1.0,14.311392496840321,2.8418710236391758,14.902077737167104,2.9699445226340373,14.311392496840321,2.8418710236391758
20.233333333264433,0.35139273666431586,0.005077200370822198,0.0,258.5011656141389,121.55079326084488,2.0848038200727704e-05,9.674022214472838e-05,0.0,0.0,1.0,1.0,14.311392496840321,2.8398981871972864,14.902077737167096,2.9678827771266962,14.311392496840321,2.8398981871972864
20.241666666598253,0.351391000958371,0.005069914476104851,0.0,258.500540759597,121.54851904305463,2.0809077327097345e-05,9.653206008695549e-05,0.0,0.0,1.0,1.0,14.311392496840321,2.837926720305045,14.902077737167087,2.965822462890039,14.311392496840321,2.837926720305045
20.249999999932072,0.35138926849510543,0.005062644232710241,0.0,258.4999170724203,121.54624989378257,2.0770213473278265e-05,9.632449423487953e-05,0.0,0.0,1.0,1.0,14.311392496840321,2.8359566220117656,14.902077737167064,2.9637635789304726,14.311392496840321,2.8359566220117656
20.258333333265888,0.3513875392664468,0.0050553895958932405,0.0,258.49929454970294,121.54398579808068,2.073144633746461e-05,9.611752245739983e-05,0.0,0.0,1.0,1.0,14.311392496840321,2.83398789136736,14.902077737167083,2.961706124255098,14.311392496840321,2.83398789136736
20.266666666599708,0.35138581326434776,0.005048150521068343,0.0,258.49867318854774,121.54172674105568,2.0692775618969327e-05,9.591114263254261e-05,0.0,0.0,1.0,1.0,14.311392496840321,2.8320205274224075,14.902077737167103,2.9596500978717,14.311392496840321,2.8320205274224075
20.274999999933527,0.3513840904807862,0.005040926963808977,0.0,258.4980529860668,121.53947270786885,2.065420101823447e-05,9.570535264741559e-05,0.0,0.0,1.0,1.0,14.311392496840321,2.8300545292280876,14.902077737167078,2.957595498788758,14.311392496840321,2.8300545292280876
20.283333333267343,0.351382370907765,0.005033718879846861,0.0,258.4974339393811,121.53722368373569,2.0615722236817137e-05,9.550015039816352e-05,0.0,0.0,1.0,1.0,14.311392496840321,2.8280898958362792,14.902077737167112,2.9555423260154265,14.311392496840321,2.8280898958362792
20.291666666601163,0.3513806545373113,0.005026526225071277,0.0,258.4968160456205,121.53497965392579,2.05773389773787e-05,9.529553378992172e-05,0.0,0.0,1.0,1.0,14.311392496840321,2.8261266262996063,14.90207773716708,2.9534905785615595,14.311392496840321,2.8261266262996063
20.299999999934982,0.3513789413614775,0.005019348955528426,0.0,258.49619930192375,121.53274060376253,2.0539050943691947e-05,9.50915007367721e-05,0.0,0.0,1.0,1.0,14.311392496840321,2.824164719671254,14.902077737167081,2.951440255437703,14.311392496840321,2.824164719671254
20.3083333332688,0.35137723137234056,0.005012187027420771,0.0,258.4955837054386,121.53050651862289,2.0500857840632788e-05,9.488804916169914e-05,0.0,0.0,1.0,1.0,14.311392496840321,2.822204175005099,14.902077737167092,2.9493913556550733,14.311392496840321,2.822204175005099
20.316666666602618,0.3513755245620017,0.005005040397106338,0.0,258.4949692533215,121.52827738393712,2.046275937416939e-05,9.46851769965444e-05,0.0,0.0,1.0,1.0,14.311392496840321,2.820244991355604,14.902077737167065,2.9473438782255905,14.311392496840321,2.820244991355604
20.324999999936438,0.35137382092258684,0.004997909021098066,0.0,258.49435594273785,121.52605318518867,2.042475525136451e-05,9.4482882181963e-05,0.0,0.0,1.0,1.0,14.311392496840321,2.8182871677779566,14.902077737167078,2.945297822161845,14.311392496840321,2.8182871677779566
20.333333333270254,0.3513721204462463,0.004990792856063179,0.0,258.4937437708616,121.52383390791378,2.0386845180370864e-05,9.428116266738084e-05,0.0,0.0,1.0,1.0,14.31139249684032,2.816330703328044,14.902077737167058,2.943253186477121,14.31139249684032,2.816330703328044
20.341666666604073,0.3513704231251547,0.004983691858822494,0.0,258.49313273487576,121.52161953770141,2.0349028870422276e-05,9.408001641094985e-05,0.0,0.0,1.0,1.0,14.311392496840321,2.8143755970623467,14.902077737167089,2.941209970185385,14.311392496840321,2.8143755970623467
20.349999999937893,0.35136872895151045,0.00497660598634977,0.0,258.4925228319716,121.5194100601929,2.031130603182419e-05,9.3879441379505e-05,0.0,0.0,1.0,1.0,14.311392496840323,2.812421848038007,14.902077737167104,2.9391681723012906,14.311392496840323,2.812421848038007
20.35833333327171,0.35136703791753654,0.0049695351957710875,0.0,258.4919140593496,121.51720546108177,2.0273676375967096e-05,9.367943554852172e-05,0.0,0.0,1.0,1.0,14.31139249684033,2.8104694553127856,14.902077737167074,2.9371277918401852,14.31139249684033,2.8104694553127856
20.36666666660553,0.35136535001547986,0.004962479444364171,0.0,258.49130641421846,121.51500572611353,2.0236139615304077e-05,9.347999690207271e-05,0.0,0.0,1.0,1.0,14.311392496840332,2.808518417945112,14.902077737167092,2.935088827818076,14.311392496840332,2.808518417945112
20.374999999939348,0.35136366523761087,0.004955438689557768,0.0,258.49069989379564,121.51281084108541,2.019869546334758e-05,9.328112343278574e-05,0.0,0.0,1.0,1.0,14.31139249684033,2.806568734994152,14.90207773716709,2.933051279251663,14.31139249684033,2.806568734994152
20.383333333273164,0.3513619835762243,0.004948412888930998,0.0,258.4900944953072,121.51062079184618,2.0161343634677895e-05,9.308281314180091e-05,0.0,0.0,1.0,1.0,14.311392496840323,2.8046204055196786,14.9020777371671,2.9310151451583493,14.311392496840323,2.8046204055196786
20.391666666606984,0.3513603050236384,0.004941402000212713,0.0,258.4894902159877,121.50843556429585,2.0124083844926965e-05,9.288506403872876e-05,0.0,0.0,1.0,1.0,14.311392496840318,2.802673428582093,14.902077737167104,2.9289804245561832,14.311392496840318,2.802673428582093
20.399999999940803,0.35135862957219527,0.004934405981280886,0.0,258.48888705308036,121.50625514438556,2.0086915810777654e-05,9.268787414160913e-05,0.0,0.0,1.0,1.0,14.311392496840314,2.80072780324242,14.902077737167142,2.926947116463928,14.311392496840314,2.80072780324242
20.40833333327462,0.35135695721426013,0.004927424790161939,0.0,258.4882850038366,121.5040795181173,2.004983924995621e-05,9.2491241476868e-05,0.0,0.0,1.0,1.0,14.311392496840314,2.7987835285623563,14.902077737167163,2.9249152199010022,14.311392496840314,2.7987835285623563
20.41666666660844,0.35135528794222226,0.00492045838503017,0.0,258.48768406551653,121.50190867154359,2.0012853881235254e-05,9.229516407927797e-05,0.0,0.0,1.0,1.0,14.31139249684031,2.7968406036043234,14.902077737167163,2.9228847338875306,14.31139249684031,2.7968406036043234
20.42499999994226,0.3513536217484938,0.004913506724207089,0.0,258.4870842353886,121.49974259076748,1.9975959424417064e-05,9.209963999191606e-05,0.0,0.0,1.0,1.0,14.311392496840309,2.7948990274313488,14.902077737167161,2.920855657444302,14.311392496840309,2.7948990274313488
20.433333333276074,0.35135195862551055,0.004906569766160804,0.0,258.48648551072966,121.49758126194214,1.9939155600342713e-05,9.19046672661228e-05,0.0,0.0,1.0,1.0,14.31139249684031,2.792958799107094,14.90207773716715,2.9188279895927844,14.31139249684031,2.792958799107094
20.441666666609894,0.3513502985657314,0.004899647469505417,0.0,258.4858878888249,121.49542467127078,1.990244213087968e-05,9.171024396146213e-05,0.0,0.0,1.0,1.0,14.311392496840309,2.7910199176958637,14.902077737167177,2.916801729355126,14.311392496840309,2.7910199176958637
20.449999999943714,0.3513486415616384,0.004892739793000394,0.0,258.48529136696783,121.4932728050063,1.9865818738918144e-05,9.151636814568043e-05,0.0,0.0,1.0,1.0,14.311392496840314,2.789082382262574,14.902077737167145,2.9147768757541628,14.311392496840314,2.789082382262574
20.45833333327753,0.3513469876057368,0.004885846695549974,0.0,258.4846959424604,121.49112564945116,1.982928514837025e-05,9.132303789466697e-05,0.0,0.0,1.0,1.0,14.311392496840313,2.7871461918729095,14.902077737167156,2.9127534278134006,14.311392496840313,2.7871461918729095
20.46666666661135,0.35134533669055446,0.004878968136202523,0.0,258.48410161261256,121.48898319095723,1.979284108415663e-05,9.1130251292413e-05,0.0,0.0,1.0,1.0,14.311392496840313,2.78521134559314,14.90207773716719,2.910731384557028,14.311392496840313,2.78521134559314
20.47499999994517,0.3513436888086423,0.004872104074149981,0.0,258.48350837474277,121.4868454159254,1.97564862722137e-05,9.093800643097324e-05,0.0,0.0,1.0,1.0,14.311392496840316,2.7832778424901776,14.902077737167208,2.9087107450099015,14.311392496840316,2.7832778424901776
20.483333333278985,0.3513420439525742,0.004865254468727197,0.0,258.4829162261775,121.48471231080552,1.9720220439485683e-05,9.074630141042479e-05,0.0,0.0,1.0,1.0,14.311392496840325,2.781345681631576,14.902077737167197,2.9066915081975737,14.311392496840325,2.781345681631576
20.491666666612804,0.3513404021149465,0.004858419279411393,0.0,258.48232516425145,121.48258386209615,1.968404331391172e-05,9.055513433882949e-05,0.0,0.0,1.0,1.0,14.311392496840329,2.779414862085469,14.902077737167224,2.9046736731462524,14.311392496840329,2.779414862085469
20.499999999946624,0.35133876328837826,0.004851598465821509,0.0,258.48173518630756,121.48046005634433,1.964795462443261e-05,9.036450333219339e-05,0.0,0.0,1.0,1.0,14.311392496840325,2.7774853829207977,14.902077737167254,2.9026572388828322,14.311392496840325,2.7774853829207977
20.50833333328044,0.3513371274655112,0.00484479198771765,0.0,258.48114628969677,121.47834088014537,1.961195410098595e-05,9.017440651442875e-05,0.0,0.0,1.0,1.0,14.311392496840325,2.7755572432070656,14.902077737167264,2.9006422044348827,14.311392496840325,2.7755572432070656
20.51666666661426,0.3513354946390095,0.004837999805000471,0.0,258.4805584717782,121.47622632014267,1.957604147449449e-05,8.998484201731507e-05,0.0,0.0,1.0,1.0,14.311392496840314,2.7736304420144253,14.902077737167257,2.8986285688306395,14.311392496840314,2.7736304420144253
20.52499999994808,0.3513338648015595,0.004831221877710618,0.0,258.4799717299189,121.47411636302752,1.954021647686559e-05,8.979580798046121e-05,0.0,0.0,1.0,1.0,14.31139249684031,2.771704978413667,14.902077737167293,2.8966163310990214,14.31139249684031,2.771704978413667
20.533333333281895,0.35133223794587,0.004824458166028103,0.0,258.4793860614941,121.47201099553881,1.950447884098699e-05,8.960730255126612e-05,0.0,0.0,1.0,1.0,14.311392496840307,2.7697808514761624,14.902077737167321,2.8946054902696274,14.311392496840307,2.7697808514761624
20.541666666615715,0.3513306140646719,0.004817708630271748,0.0,258.4788014638869,121.46991020446299,1.9468828300723797e-05,8.941932388488158e-05,0.0,0.0,1.0,1.0,14.31139249684031,2.767858060274035,14.902077737167312,2.892596045372722,14.31139249684031,2.767858060274035
20.549999999949534,0.3513289931507185,0.0048109732308986,0.0,258.47821793448844,121.46781397663369,1.9433264590915484e-05,8.923187014417424e-05,0.0,0.0,1.0,1.0,14.311392496840304,2.76593660388004,14.902077737167273,2.8905879954392457,14.311392496840304,2.76593660388004
20.55833333328335,0.351327375196785,0.004804251928503359,0.0,258.47763547069786,121.46572229893165,1.9397787447366242e-05,8.904493949968834e-05,0.0,0.0,1.0,1.0,14.311392496840309,2.7640164813675443,14.902077737167243,2.8885813395008055,14.311392496840309,2.7640164813675443
20.56666666661717,0.35132576019566825,0.0047975446838177845,0.0,258.47705406992196,121.46363515828442,1.93623966068426e-05,8.885853012960751e-05,0.0,0.0,1.0,1.0,14.311392496840314,2.762097691810569,14.902077737167248,2.8865760765896886,14.311392496840314,2.762097691810569
20.57499999995099,0.3513241481401876,0.004790851457710148,0.0,258.4764737295758,121.46155254166625,1.93270918070778e-05,8.867264021971842e-05,0.0,0.0,1.0,1.0,14.311392496840313,2.7601802342837494,14.902077737167232,2.8845722057388503,14.311392496840313,2.7601802342837494
20.583333333284806,0.35132253902318383,0.004784172211184642,0.0,258.47589444708194,121.45947443609782,1.9291872786757264e-05,8.848726796337327e-05,0.0,0.0,1.0,1.0,14.311392496840323,2.758264107862344,14.902077737167229,2.8825697259819165,14.311392496840323,2.758264107862344
20.591666666618625,0.35132093283751964,0.004777506905380844,0.0,258.47531621987105,121.45740082864609,1.9256739285518128e-05,8.830241156145357e-05,0.0,0.0,1.0,1.0,14.311392496840325,2.7563493116223468,14.902077737167248,2.8805686363531873,14.311392496840325,2.7563493116223468
20.599999999952445,0.3513193295760791,0.004770855501573115,0.0,258.4747390453813,121.45533170642406,1.9221691043942668e-05,8.811806922233288e-05,0.0,0.0,1.0,1.0,14.311392496840318,2.7544358446403625,14.90207773716727,2.8785689358876247,14.311392496840318,2.7544358446403625
20.60833333328626,0.3513177292317682,0.004764217961170075,0.0,258.4741629210589,121.45326705659062,1.918672780356208e-05,8.79342391618412e-05,0.0,0.0,1.0,1.0,14.31139249684032,2.752523705993607,14.902077737167243,2.87657062362087,14.31139249684032,2.752523705993607
20.61666666662008,0.3513161317975143,0.004757594245714023,0.0,258.4735878443577,121.45120686635035,1.915184930684507e-05,8.775091960322825e-05,0.0,0.0,1.0,1.0,14.31139249684032,2.7506128947599406,14.90207773716722,2.8745736985892405,14.31139249684032,2.7506128947599406
20.6249999999539,0.3513145372662661,0.004750984316880406,0.0,258.4730138127393,121.44915112295325,1.9117055297194402e-05,8.756810877712828e-05,0.0,0.0,1.0,1.0,14.311392496840323,2.7487034100178023,14.902077737167243,2.8725781598297044,14.311392496840323,2.7487034100178023
20.633333333287716,0.3513129456309937,0.004744388136477225,0.0,258.4724408236728,121.44709981369469,1.90823455189458e-05,8.7385804921523e-05,0.0,0.0,1.0,1.0,14.311392496840316,2.746795250846384,14.902077737167215,2.8705840063799033,14.311392496840316,2.746795250846384
20.641666666621536,0.3513113568846886,0.004737805666444525,0.0,258.4718688746352,121.44505292591504,1.9047719717365128e-05,8.720400628170721e-05,0.0,0.0,1.0,1.0,14.311392496840321,2.7448884163255034,14.90207773716719,2.8685912372781566,14.311392496840321,2.7448884163255034
20.649999999955355,0.3513097710203632,0.004731236868853833,0.0,258.47129796311094,121.44301044699964,1.9013177638637035e-05,8.702271111025313e-05,0.0,0.0,1.0,1.0,14.311392496840327,2.742982905535562,14.902077737167206,2.8665998515634326,14.311392496840327,2.742982905535562
20.65833333328917,0.35130818803105124,0.004724681705907607,0.0,258.4707280865922,121.44097236437852,1.897871902987122e-05,8.684191766697476e-05,0.0,0.0,1.0,1.0,14.31139249684033,2.7410787175576434,14.902077737167202,2.8646098482754025,14.31139249684033,2.7410787175576434
20.66666666662299,0.35130660790980744,0.004718140139938722,0.0,258.4701592425787,121.43893866552627,1.8944343639088105e-05,8.666162421889402e-05,0.0,0.0,1.0,1.0,14.311392496840314,2.739175851473401,14.902077737167225,2.8626212264543653,14.311392496840314,2.739175851473401
20.67499999995681,0.3513050306497074,0.004711612133409886,0.0,258.4695914285776,121.43690933796175,1.8910051215226904e-05,8.648182904020441e-05,0.0,0.0,1.0,1.0,14.31139249684031,2.737274306365148,14.90207773716721,2.860633985141306,14.31139249684031,2.737274306365148
20.683333333290626,0.3513034562438478,0.004705097648913146,0.0,258.46902464210365,121.434884369248,1.8875841508129507e-05,8.630253041223783e-05,0.0,0.0,1.0,1.0,14.31139249684032,2.7353740813159155,14.902077737167216,2.8586481233778738,14.31139249684032,2.7353740813159155
20.691666666624446,0.351301884685346,0.004698596649169331,0.0,258.46845888067924,121.43286374699203,1.8841714268549178e-05,8.612372662342953e-05,0.0,0.0,1.0,1.0,14.311392496840309,2.7334751754093203,14.902077737167229,2.8566636402063725,14.311392496840309,2.7334751754093203
20.699999999958266,0.3513003159673401,0.004692109097027526,0.0,258.467894141834,121.43084745884464,1.8807669248134495e-05,8.594541596928374e-05,0.0,0.0,1.0,1.0,14.311392496840313,2.731577587729594,14.902077737167245,2.8546805346697908,14.311392496840313,2.731577587729594
20.70833333329208,0.3512987500829888,0.0046856349554645505,0.0,258.467330423105,121.42883549250018,1.87737061994272e-05,8.57675967523404e-05,0.0,0.0,1.0,1.0,14.311392496840309,2.729681317361642,14.90207773716726,2.8526988058117606,14.311392496840309,2.729681317361642
20.7166666666259,0.35129718702547147,0.0046791741875844145,0.0,258.46676772203693,121.42682783569644,1.8739824875871463e-05,8.559026728214038e-05,0.0,0.0,1.0,1.0,14.311392496840305,2.7277863633909116,14.90207773716726,2.850718452676586,14.311392496840305,2.7277863633909116
20.72499999995972,0.3512956267879879,0.004672726756617817,0.0,258.46620603618175,121.42482447621443,1.870602503179547e-05,8.541342587519246e-05,0.0,0.0,1.0,1.0,14.3113924968403,2.7258927249035843,14.90207773716726,2.848739474309246,14.3113924968403,2.7258927249035843
20.733333333293537,0.35129406936375857,0.004666292625921602,0.0,258.46564536309864,121.4228254018782,1.8672306422415355e-05,8.523707085493959e-05,0.0,0.0,1.0,1.0,14.311392496840293,2.7240004009864762,14.902077737167254,2.8467618697553614,14.311392496840293,2.7240004009864762
20.741666666627356,0.35129251474602385,0.004659871758978266,0.0,258.4650857003543,121.42083060055465,1.863866880382398e-05,8.506120055172607e-05,0.0,0.0,1.0,1.0,14.311392496840304,2.722109390727006,14.902077737167268,2.8447856380612246,14.311392496840304,2.722109390727006
20.749999999961176,0.35129096292804485,0.004653464119395414,0.0,258.46452704552263,121.4188400601534,1.8605111932999106e-05,8.488581330276368e-05,0.0,0.0,1.0,1.0,14.311392496840313,2.720219693213232,14.902077737167303,2.8428107782737984,14.311392496840313,2.720219693213232
20.758333333294992,0.3512894139031027,0.004647069670905274,0.0,258.4639693961849,121.41685376862652,1.857163556779102e-05,8.471090745209958e-05,0.0,0.0,1.0,1.0,14.311392496840313,2.718331307533838,14.902077737167327,2.8408372894407035,14.311392496840313,2.718331307533838
20.76666666662881,0.35128786766449865,0.0046406883773641655,0.0,258.4634127499295,121.41487171396844,1.8538239466918057e-05,8.453648135058316e-05,0.0,0.0,1.0,1.0,14.311392496840309,2.7164442327780667,14.9020777371673,2.8388651706102155,14.311392496840309,2.7164442327780667
20.77499999996263,0.3512863242055542,0.004634320202752002,0.0,258.4628571043522,121.41289388421575,1.8504923389971125e-05,8.436253335583349e-05,0.0,0.0,1.0,1.0,14.311392496840295,2.7145584680359534,14.902077737167302,2.836894420831273,14.311392496840295,2.7145584680359534
20.783333333296447,0.3512847835196106,0.004627965111171761,0.0,258.4623024570559,121.41092026744697,1.8471687097398424e-05,8.418906183220668e-05,0.0,0.0,1.0,1.0,14.311392496840284,2.7126740123980717,14.902077737167268,2.834925039153468,14.311392496840284,2.7126740123980717
20.791666666630267,0.3512832456000292,0.004621623066849006,0.0,258.4617488056506,121.40895085178244,1.8438530350513565e-05,8.401606515076402e-05,0.0,0.0,1.0,1.0,14.311392496840282,2.710790864955654,14.902077737167277,2.832957024627077,14.311392496840282,2.710790864955654
20.799999999964086,0.35128171044019113,0.004615294034131397,0.0,258.4611961477535,121.40698562538411,1.840545291148215e-05,8.384354168924048e-05,0.0,0.0,1.0,1.0,14.311392496840282,2.7089090248005347,14.902077737167277,2.8309903763030047,14.311392496840282,2.7089090248005347
20.808333333297902,0.3512801780334972,0.0046089779774881445,0.0,258.46064448098895,121.40502457645539,1.8372454543325088e-05,8.36714898320116e-05,0.0,0.0,1.0,1.0,14.311392496840273,2.707028491025169,14.902077737167291,2.829025093232836,14.311392496840273,2.707028491025169
20.816666666631722,0.3512786483733682,0.00460267486150956,0.0,258.46009380298847,121.40306769324094,1.8339535009912988e-05,8.34999079700631e-05,0.0,0.0,1.0,1.0,14.311392496840256,2.7051492627226192,14.902077737167305,2.827061174468802,14.311392496840256,2.7051492627226192
20.82499999996554,0.3512771214532444,0.004596384650906535,0.0,258.4595441113904,121.40111496402658,1.830669407596174e-05,8.332879450095848e-05,0.0,0.0,1.0,1.0,14.311392496840256,2.7032713389866925,14.902077737167346,2.8250986190638026,14.311392496840256,2.7032713389866925
20.833333333299358,0.35127559726658564,0.00459010731051005,0.0,258.45899540384045,121.39916637713894,1.8273931507026895e-05,8.315814782880793e-05,0.0,0.0,1.0,1.0,14.311392496840249,2.701394718911752,14.902077737167339,2.8231374260713906,14.311392496840249,2.701394718911752
20.841666666633177,0.35127407580687126,0.004583842805270696,0.0,258.45844767799105,121.39722192094554,1.8241247069505856e-05,8.29879663642373e-05,0.0,0.0,1.0,1.0,14.311392496840236,2.699519401592795,14.902077737167355,2.821177594545766,14.311392496840236,2.699519401592795
20.849999999966997,0.3512725570675998,0.004577591100258187,0.0,258.4579009315018,121.3952815838544,1.8208640530625738e-05,8.28182485243573e-05,0.0,0.0,1.0,1.0,14.31139249684025,2.697645386125443,14.902077737167355,2.8192191235417994,14.31139249684025,2.697645386125443
20.858333333300813,0.3512710410422899,0.0045713521606608526,0.0,258.4573551620393,121.393345354314,1.817611165845805e-05,8.264899273273182e-05,0.0,0.0,1.0,1.0,14.311392496840256,2.695772671605893,14.902077737167373,2.817262012115011,14.311392496840256,2.695772671605893
20.866666666634632,0.3512695277244787,0.0045651259517851895,0.0,258.45681036727694,121.39141322081304,1.8143660221887532e-05,8.248019741934852e-05,0.0,0.0,1.0,1.0,14.311392496840261,2.6939012571310337,14.90207773716739,2.815306259321575,14.311392496840261,2.6939012571310337
20.874999999968452,0.351268017107723,0.00455891243905535,0.0,258.45626654489524,121.38948517188034,1.811128599063282e-05,8.231186102058711e-05,0.0,0.0,1.0,1.0,14.311392496840249,2.692031141798406,14.902077737167371,2.813351864218335,14.311392496840249,2.692031141798406
20.883333333302268,0.3512665091855985,0.004552711588012702,0.0,258.45572369258133,121.3875611960846,1.8078988735228408e-05,8.214398197919039e-05,0.0,0.0,1.0,1.0,14.311392496840247,2.6901623247061526,14.902077737167344,2.8113988258627653,14.311392496840247,2.6901623247061526
20.891666666636088,0.3512650039517002,0.004546523364315299,0.0,258.4551818080295,121.38564128203431,1.8046768227032813e-05,8.197655874423246e-05,0.0,0.0,1.0,1.0,14.311392496840236,2.688294804953016,14.902077737167364,2.8094471433130033,14.311392496840236,2.688294804953016
20.899999999969907,0.351263501399642,0.004540347733737448,0.0,258.4546408889408,121.38372541837751,1.8014624238213536e-05,8.180958977108992e-05,0.0,0.0,1.0,1.0,14.31139249684024,2.686428581638391,14.902077737167359,2.807496815627856,14.31139249684024,2.686428581638391
20.908333333303723,0.35126200152305687,0.004534184662169228,0.0,258.4541009330229,121.3818135938017,1.798255654175229e-05,8.164307352141163e-05,0.0,0.0,1.0,1.0,14.31139249684022,2.6845636538622366,14.902077737167366,2.8055478418667747,14.31139249684022,2.6845636538622366
20.916666666637543,0.35126050431559647,0.004528034115616023,0.0,258.45356193799057,121.37990579703356,1.7950564911437706e-05,8.147700846308934e-05,0.0,0.0,1.0,1.0,14.311392496840222,2.682700020725186,14.90207773716738,2.8036002210898427,14.311392496840222,2.682700020725186
20.924999999971362,0.3512590097709313,0.00452189606019804,0.0,258.4530239015652,121.37800201683898,1.7918649121859285e-05,8.13113930702275e-05,0.0,0.0,1.0,1.0,14.311392496840236,2.680837681328546,14.902077737167373,2.8016539523578263,14.311392496840236,2.680837681328546
20.93333333330518,0.3512575178827509,0.004515770462149856,0.0,258.4524868214749,121.37610224202268,1.788680894841613e-05,8.11462258231144e-05,0.0,0.0,1.0,1.0,14.31139249684024,2.6789766347741764,14.902077737167357,2.7997090347321376,14.31139249684024,2.6789766347741764
20.941666666638998,0.3512560286447632,0.004509657287819969,0.0,258.45195069545457,121.37420646142822,1.7855044167296154e-05,8.09815052081932e-05,0.0,0.0,1.0,1.0,14.311392496840242,2.6771168801646064,14.902077737167348,2.7977654672748247,14.311392496840242,2.6771168801646064
20.949999999972817,0.35125454205069484,0.004503556503670304,0.0,258.45141552124585,121.37231466393774,1.782335455548771e-05,8.081722971803222e-05,0.0,0.0,1.0,1.0,14.311392496840242,2.6752584166029596,14.902077737167362,2.7958232490485937,14.311392496840242,2.6752584166029596
20.958333333306634,0.3512530580942909,0.004497468076275788,0.0,258.45088129659695,121.37042683847184,1.7791739890765388e-05,8.065339785129665e-05,0.0,0.0,1.0,1.0,14.311392496840242,2.6734012431929277,14.90207773716734,2.7938823791168055,14.311392496840242,2.6734012431929277
20.966666666640453,0.3512515767693153,0.00449139197232387,0.0,258.45034801926283,121.3685429739894,1.7760199951696963e-05,8.049000811271948e-05,0.0,0.0,1.0,1.0,14.311392496840242,2.6715453590388964,14.902077737167348,2.791942856543469,14.311392496840242,2.6715453590388964
20.974999999974273,0.3512500980695501,0.004485328158614089,0.0,258.44981568700507,121.36666305948748,1.772873451763561e-05,8.03270590130732e-05,0.0,0.0,1.0,1.0,14.311392496840252,2.6696907632459004,14.90207773716737,2.7900046803932503,14.311392496840252,2.6696907632459004
20.98333333330809,0.35124862198879564,0.004479276602057602,0.0,258.44928429759176,121.36478708400108,1.769734336870685e-05,8.016454906914112e-05,0.0,0.0,1.0,1.0,14.311392496840273,2.667837454919556,14.902077737167373,2.7880678497314553,14.311392496840273,2.667837454919556
20.99166666664191,0.3512471485208707,0.004473237269676739,0.0,258.4487538487977,121.36291503660301,1.766602628582148e-05,8.000247680368909e-05,0.0,0.0,1.0,1.0,14.311392496840266,2.6659854331660973,14.902077737167362,2.786132363624042,14.311392496840266,2.6659854331660973
20.999999999975728,0.3512456776596121,0.004467210128604564,0.0,258.44822433840415,121.3610469064038,1.763478305066368e-05,7.984084074543754e-05,0.0,0.0,1.0,1.0,14.311392496840272,2.664134697092379,14.902077737167335,2.7841982211376073,14.311392496840272,2.664134697092379
21.008333333309544,0.3512442093988753,0.004461195146084426,0.0,258.447695764199,121.35918268255143,1.7603613445690964e-05,7.967963942903367e-05,0.0,0.0,1.0,1.0,14.3113924968403,2.6622852458058457,14.902077737167334,2.782265421339415,14.3113924968403,2.6622852458058457
21.016666666643363,0.3512427437325332,0.004455192289469507,0.0,258.4471681239766,121.35732235423127,1.7572517254127643e-05,7.951887139502318e-05,0.0,0.0,1.0,1.0,14.3113924968403,2.660437078414579,14.902077737167307,2.7803339632973665,14.3113924968403,2.660437078414579
21.024999999977183,0.3512412806544773,0.004449201526222387,0.0,258.4466414155378,121.35546591066588,1.7541494259962433e-05,7.935853518982286e-05,0.0,0.0,1.0,1.0,14.311392496840288,2.65859019402735,14.902077737167286,2.7784038460800047,14.311392496840288,2.65859019402735
21.033333333311,0.3512398201586165,0.004443222823914618,0.0,258.4461156366898,121.35361334111492,1.7510544247946074e-05,7.919862936569336e-05,0.0,0.0,1.0,1.0,14.311392496840284,2.6567445917534895,14.902077737167291,2.776475068756529,14.311392496840284,2.6567445917534895
21.04166666664482,0.3512383622388782,0.004437256150226266,0.0,258.44559078524657,121.35176463487487,1.747966700359364e-05,7.903915248071138e-05,0.0,0.0,1.0,1.0,14.31139249684029,2.654900270702945,14.902077737167286,2.7745476303967775,14.31139249684029,2.654900270702945
21.04999999997864,0.3512369068892074,0.004431301472945483,0.0,258.44506685902815,121.349919781279,1.7448862313170982e-05,7.888010309874256e-05,0.0,0.0,1.0,1.0,14.311392496840302,2.6530572299862962,14.902077737167287,2.7726215300712314,14.311392496840302,2.6530572299862962
21.058333333312454,0.3512354541035666,0.004425358759968071,0.0,258.4445438558612,121.34807876969717,1.7418129963697117e-05,7.872147978941433e-05,0.0,0.0,1.0,1.0,14.311392496840304,2.6512154687146925,14.902077737167282,2.7706967668510334,14.311392496840304,2.6512154687146925
21.066666666646274,0.3512340038759365,0.0044194279792970645,0.0,258.44402177357864,121.34624158953571,1.738746974294474e-05,7.856328112808933e-05,0.0,0.0,1.0,1.0,14.311392496840307,2.6493749859999127,14.902077737167277,2.7687733398079564,14.311392496840307,2.6493749859999127
21.074999999980093,0.3512325562003152,0.004413509099042289,0.0,258.44350061001984,121.3444082302372,1.7356881439427965e-05,7.84055056958383e-05,0.0,0.0,1.0,1.0,14.311392496840307,2.6475357809544255,14.902077737167254,2.7668512480144307,14.311392496840307,2.6475357809544255
21.08333333331391,0.3512311110707183,0.0044076020874199194,0.0,258.4429803630305,121.34257868128043,1.7326364842409915e-05,7.824815207941312e-05,0.0,0.0,1.0,1.0,14.311392496840318,2.6456978526912898,14.902077737167277,2.7649304905435015,14.311392496840318,2.6456978526912898
21.09166666664773,0.3512296684811792,0.004401706912752112,0.0,258.4424610304625,121.3407529321801,1.729591974189044e-05,7.809121887122162e-05,0.0,0.0,1.0,1.0,14.311392496840304,2.643861200324146,14.902077737167259,2.7630110664688945,14.311392496840304,2.643861200324146
21.09999999998155,0.35122822842574847,0.004395823543466492,0.0,258.44194261017407,121.33893097248688,1.726554592860674e-05,7.793470466929925e-05,0.0,0.0,1.0,1.0,14.311392496840298,2.64202582296727,14.902077737167268,2.7610929748649506,14.311392496840298,2.64202582296727
21.108333333315365,0.35122679089849423,0.004389951948095824,0.0,258.4414251000298,121.33711279178704,1.7235243194032797e-05,7.77786080772845e-05,0.0,0.0,1.0,1.0,14.311392496840286,2.640191719735539,14.902077737167247,2.7591762148066694,14.311392496840286,2.640191719735539
21.116666666649184,0.3512253558935021,0.004384092095277519,0.0,258.4409084979004,121.3352983797025,1.7205011330374134e-05,7.762292770439206e-05,0.0,0.0,1.0,1.0,14.311392496840272,2.638358889744372,14.902077737167286,2.757260785369682,14.311392496840272,2.638358889744372
21.124999999983004,0.3512239234048746,0.004378243953753276,0.0,258.44039280166294,121.33348772589052,1.7174850130561456e-05,7.74676621653871e-05,0.0,0.0,1.0,1.0,14.311392496840273,2.6365273321099547,14.902077737167234,2.7553466856302817,14.311392496840273,2.6365273321099547
21.13333333331682,0.35122249342673195,0.004372407492368619,0.0,258.4398780092006,121.3316808200437,1.7144759388256518e-05,7.731281008055924e-05,0.0,0.0,1.0,1.0,14.311392496840256,2.6346970459490238,14.902077737167224,2.7534339146653775,14.311392496840256,2.6346970459490238
21.14166666665064,0.35122106595321123,0.004366582680072515,0.0,258.43936411840264,121.32987765188973,1.7114738897839926e-05,7.715837007569719e-05,0.0,0.0,1.0,1.0,14.311392496840252,2.632868030378912,14.90207773716723,2.7515224715525277,14.311392496840252,2.632868030378912
21.14999999998446,0.35121964097846653,0.004360769485916945,0.0,258.4388511271647,121.32807821119128,1.7084788454410628e-05,7.70043407820629e-05,0.0,0.0,1.0,1.0,14.311392496840261,2.631040284517581,14.90207773716724,2.7496123553699414,14.311392496840261,2.631040284517581
21.158333333318275,0.3512182184966695,0.004354967879056505,0.0,258.4383390333885,121.32628248774591,1.705490785379296e-05,7.685072083636629e-05,0.0,0.0,1.0,1.0,14.311392496840247,2.6292138074835787,14.902077737167248,2.7477035651964536,14.311392496840247,2.6292138074835787
21.166666666652095,0.35121679850200815,0.004349177828747989,0.0,258.4378278349817,121.32449047138581,1.702509689251284e-05,7.669750888073997e-05,0.0,0.0,1.0,1.0,14.311392496840233,2.627388598396039,14.902077737167247,2.745796100111537,14.311392496840233,2.627388598396039
21.174999999985914,0.35121538098868765,0.004343399304350004,0.0,258.4373175298582,121.32270215197784,1.699535536781125e-05,7.654470356271468e-05,0.0,0.0,1.0,1.0,14.311392496840218,2.625564656374766,14.902077737167271,2.743889959195317,14.311392496840218,2.625564656374766
21.18333333331973,0.35121396595093024,0.00433763227532254,0.0,258.436808115938,121.32091751942315,1.696568307764318e-05,7.639230353519317e-05,0.0,0.0,1.0,1.0,14.311392496840236,2.623741980540198,14.902077737167271,2.741985141528556,14.311392496840236,2.623741980540198
21.19166666665355,0.3512125533829746,0.00433187671122657,0.0,258.43629959114696,121.31913656365725,1.693607982066081e-05,7.62403074564259e-05,0.0,0.0,1.0,1.0,14.311392496840256,2.6219205700133346,14.902077737167277,2.74008164619264,14.311392496840256,2.6219205700133346
21.19999999998737,0.3512111432790766,0.004326132581723668,0.0,258.43579195341727,121.31735927464977,1.6906545396224704e-05,7.608871398998644e-05,0.0,0.0,1.0,1.0,14.311392496840261,2.620100423915802,14.902077737167328,2.738179472269614,14.311392496840261,2.620100423915802
21.208333333321185,0.3512097356335083,0.00432039985657561,0.0,258.43528520068685,121.31558564240439,1.6877079604389935e-05,7.593752180474721e-05,0.0,0.0,1.0,1.0,14.31139249684027,2.6182815413698237,14.902077737167316,2.7362786188421433,14.31139249684027,2.6182815413698237
21.216666666655005,0.351208330440559,0.004314678505643949,0.0,258.4347793308998,121.31381565695857,1.6847682245912044e-05,7.578672957485373e-05,0.0,0.0,1.0,1.0,14.311392496840242,2.61646392149822,14.902077737167323,2.73437908499353,14.311392496840242,2.61646392149822
21.224999999988825,0.351206927694534,0.00430896849888966,0.0,258.4342743420061,121.31204930838359,1.6818353122237272e-05,7.563633597970175e-05,0.0,0.0,1.0,1.0,14.31139249684023,2.6146475634243913,14.902077737167355,2.7324808698077216,14.31139249684023,2.6146475634243913
21.23333333332264,0.3512055273897553,0.004303269806372711,0.0,258.43377023196166,121.31028658678427,1.6789092035505032e-05,7.548633970391193e-05,0.0,0.0,1.0,1.0,14.311392496840224,2.6128324662724607,14.902077737167323,2.7305839723693013,14.311392496840224,2.6128324662724607
21.24166666665646,0.35120412952056146,0.004297582398251699,0.0,258.4332669987283,121.30852748229889,1.675989878853932e-05,7.533673943730656e-05,0.0,0.0,1.0,1.0,14.311392496840238,2.6110186291670905,14.902077737167359,2.728688391763489,14.311392496840238,2.6110186291670905
21.24999999999028,0.3512027340813075,0.00429190624478345,0.0,258.43276464027383,121.30677198509906,1.673077318485527e-05,7.518753387488503e-05,0.0,0.0,1.0,1.0,14.311392496840224,2.6092060512335506,14.902077737167367,2.7267941270761242,14.311392496840224,2.6092060512335506
21.258333333324096,0.35120134106636447,0.004286241316322623,0.0,258.4322631545719,121.3050200853896,1.6701715028643036e-05,7.503872171680018e-05,0.0,0.0,1.0,1.0,14.311392496840233,2.6073947315977266,14.902077737167357,2.7249011773936944,14.311392496840233,2.6073947315977266
21.266666666657915,0.3511999504701201,0.0042805875833213354,0.0,258.431762539602,121.30327177340834,1.6672724124780163e-05,7.489030166833447e-05,0.0,0.0,1.0,1.0,14.311392496840226,2.6055846693860905,14.902077737167353,2.723009541803323,14.311392496840226,2.6055846693860905
21.274999999991735,0.3511985622869781,0.004274945016328792,0.0,258.43126279334956,121.30152703942606,1.664380027881666e-05,7.474227243987707e-05,0.0,0.0,1.0,1.0,14.311392496840227,2.6037758637256805,14.902077737167332,2.7211192193927567,14.311392496840227,2.6037758637256805
21.28333333332555,0.3511971765113584,0.004269313585990868,0.0,258.43076391380566,121.29978587374634,1.6614943296978093e-05,7.459463274689919e-05,0.0,0.0,1.0,1.0,14.311392496840229,2.6019683137442375,14.9020777371673,2.7192302092503806,14.311392496840229,2.6019683137442375
21.29166666665937,0.3511957931376972,0.00426369326304975,0.0,258.43026589896743,121.29804826670541,1.658615298616398e-05,7.444738130993171e-05,0.0,0.0,1.0,1.0,14.31139249684023,2.6001620185700833,14.902077737167271,2.717342510465228,14.31139249684023,2.6001620185700833
21.29999999999319,0.35119441216044656,0.004258084018343563,0.0,258.4297687468375,121.29631420867196,1.6557429153934744e-05,7.43005168545415e-05,0.0,0.0,1.0,1.0,14.311392496840226,2.5983569773321316,14.902077737167346,2.715456122126935,14.311392496840226,2.5983569773321316
21.308333333327006,0.3511930335740744,0.004252485822805989,0.0,258.42927245542444,121.29458369004719,1.652877160852227e-05,7.415403811130878e-05,0.0,0.0,1.0,1.0,14.311392496840218,2.5965531891598834,14.902077737167339,2.713571043325785,14.311392496840218,2.5965531891598834
21.316666666660826,0.351191657373065,0.004246898647465878,0.0,258.42877702274245,121.29285670126447,1.650018015882546e-05,7.40079438158035e-05,0.0,0.0,1.0,1.0,14.311392496840217,2.5947506531834645,14.902077737167348,2.711687273152716,14.311392496840217,2.5947506531834645
21.324999999994645,0.35119028355191834,0.004241322463446894,0.0,258.42828244681164,121.29113323278933,1.647165461439722e-05,7.38622327085631e-05,0.0,0.0,1.0,1.0,14.311392496840222,2.5929493685335867,14.902077737167337,2.709804810699247,14.311392496840222,2.5929493685335867
21.33333333332846,0.35118891210515035,0.00423575724196713,0.0,258.4277887256577,121.28941327511936,1.644319478545555e-05,7.37169035350692e-05,0.0,0.0,1.0,1.0,14.311392496840224,2.5911493343415146,14.902077737167328,2.707923655057564,14.311392496840224,2.5911493343415146
21.34166666666228,0.3511875430272926,0.004230202954338749,0.0,258.427295857312,121.28769681878396,1.641480048286768e-05,7.357195504572564e-05,0.0,0.0,1.0,1.0,14.311392496840236,2.5893505497392413,14.90207773716733,2.706043805320475,14.311392496840236,2.5893505497392413
21.3499999999961,0.3511861763128923,0.004224659571967601,0.0,258.42680383981156,121.28598385434428,1.6386471518153737e-05,7.34273859958353e-05,0.0,0.0,1.0,1.0,14.311392496840224,2.5875530138593112,14.902077737167337,2.7041652605814144,14.311392496840224,2.5875530138593112
21.358333333329917,0.35118481195651263,0.004219127066352866,0.0,258.42631267119907,121.28427437239314,1.6358207703489243e-05,7.328319514557815e-05,0.0,0.0,1.0,1.0,14.311392496840224,2.585756725834851,14.90207773716736,2.702288019934448,14.311392496840224,2.585756725834851
21.366666666663736,0.3511834499527323,0.004213605409086704,0.0,258.42582234952283,121.28256836355482,1.63300088516956e-05,7.313938125998919e-05,0.0,0.0,1.0,1.0,14.311392496840211,2.5839616847995854,14.902077737167351,2.7004120824742675,14.311392496840211,2.5839616847995854
21.374999999997556,0.35118209029614544,0.004208094571853839,0.0,258.42533287283686,121.28086581848498,1.6301874776233972e-05,7.29959431089352e-05,0.0,0.0,1.0,1.0,14.311392496840238,2.582167889887851,14.902077737167367,2.698537447296207,14.311392496840238,2.582167889887851
21.38333333333137,0.3511807329813618,0.004202594526431266,0.0,258.4248442392005,121.27916672787056,1.6273805291215335e-05,7.285287946709412e-05,0.0,0.0,1.0,1.0,14.311392496840227,2.5803753402345664,14.902077737167351,2.696664113496215,14.311392496840227,2.5803753402345664
21.39166666666519,0.3511793780030067,0.004197105244687854,0.0,258.42435644667904,121.27747108242956,1.6245800211383465e-05,7.271018911393263e-05,0.0,0.0,1.0,1.0,14.311392496840229,2.578584034975238,14.902077737167344,2.694792080170863,14.311392496840229,2.578584034975238
21.39999999999901,0.3511780253557207,0.004191626698583982,0.0,258.423869493343,121.27577887291099,1.6217859352126667e-05,7.256787083368378e-05,0.0,0.0,1.0,1.0,14.311392496840215,2.5767939732460596,14.902077737167357,2.692921346417364,14.311392496840215,2.5767939732460596
21.408333333332827,0.35117667503415967,0.004186158860171195,0.0,258.4233833772684,121.27409009009479,1.618998252946087e-05,7.242592341532589e-05,0.0,0.0,1.0,1.0,14.3113924968402,2.57500515418377,14.902077737167359,2.691051911333545,14.3113924968402,2.57500515418377
21.416666666666647,0.35117532703299514,0.004180701701591853,0.0,258.42289809653715,121.27240472479158,1.616216956004017e-05,7.228434565256095e-05,0.0,0.0,1.0,1.0,14.311392496840215,2.5732175769256997,14.902077737167353,2.6891837740178692,14.311392496840215,2.5732175769256997
21.425000000000466,0.35117398134691347,0.004175255195078757,0.0,258.42241364923626,121.27072276784264,1.6134420261143362e-05,7.214313634379268e-05,0.0,0.0,1.0,1.0,14.311392496840199,2.57143124060979,14.902077737167357,2.6873169335694183,14.311392496840199,2.57143124060979
21.433333333334282,0.35117263797061643,0.0041698193129548235,0.0,258.42193003345835,121.26904421011973,1.6106734450677658e-05,7.200229429210588e-05,0.0,0.0,1.0,1.0,14.31139249684021,2.5696461443745706,14.902077737167337,2.6854513890879117,14.31139249684021,2.5696461443745706
21.4416666666681,0.35117129689882104,0.0041643940276327165,0.0,258.42144724730156,121.26736904252505,1.6079111947178977e-05,7.186181830524471e-05,0.0,0.0,1.0,1.0,14.311392496840199,2.5678622873591253,14.902077737167334,2.6835871396736692,14.311392496840199,2.5678622873591253
21.45000000000192,0.3511699581262591,0.004158979311614512,0.0,258.4209652888694,121.26569725599099,1.6051552569799056e-05,7.172170719559177e-05,0.0,0.0,1.0,1.0,14.311392496840213,2.566079668703193,14.902077737167346,2.6817241844276642,14.311392496840213,2.566079668703193
21.458333333335737,0.3511686216476778,0.004153575137491327,0.0,258.42048415627073,121.26402884148014,1.6024056138312624e-05,7.158195978014671e-05,0.0,0.0,1.0,1.0,14.311392496840206,2.5642982875471514,14.902077737167382,2.6798625224514727,14.311392496840206,2.5642982875471514
21.466666666669557,0.351167287457839,0.004148181477943,0.0,258.4200038476199,121.26236378998507,1.599662247311027e-05,7.144257488050579e-05,0.0,0.0,1.0,1.0,14.311392496840215,2.5625181430319075,14.90207773716736,2.6780021528473092,14.311392496840215,2.5625181430319075
21.475000000003376,0.3511659555515198,0.004142798305737727,0.0,258.41952436103674,121.26070209252832,1.596925139519988e-05,7.13035513228406e-05,0.0,0.0,1.0,1.0,14.311392496840218,2.5607392342989908,14.902077737167343,2.676143074718002,14.311392496840218,2.5607392342989908
21.483333333337193,0.351164625923512,0.004137425593731741,0.0,258.4190456946461,121.25904374016213,1.5941942726197828e-05,7.116488793787793e-05,0.0,0.0,1.0,1.0,14.311392496840215,2.558961560490508,14.902077737167374,2.674285287167002,14.311392496840215,2.558961560490508
21.491666666671012,0.35116329856862233,0.0041320633148689495,0.0,258.4185678465786,121.25738872396846,1.5914696288332147e-05,7.102658356087873e-05,0.0,0.0,1.0,1.0,14.311392496840222,2.5571851207491743,14.902077737167344,2.6724287892983885,14.311392496840222,2.5571851207491743
21.50000000000483,0.3511619734816722,0.004126711442180604,0.0,258.4180908149698,121.25573703505883,1.58875119044377e-05,7.088863703161771e-05,0.0,0.0,1.0,1.0,14.311392496840227,2.5554099142182443,14.902077737167318,2.6705735802168578,14.311392496840227,2.5554099142182443
21.508333333338648,0.351160650657498,0.004121369948784973,0.0,258.4176145979609,121.25408866457414,1.5860389397956527e-05,7.075104719436319e-05,0.0,0.0,1.0,1.0,14.311392496840238,2.553635940041643,14.902077737167346,2.668719659027721,14.311392496840238,2.553635940041643
21.516666666672467,0.35115933009095057,0.00411603880788698,0.0,258.4171391936981,121.25244360368467,1.583332859293019e-05,7.061381289785645e-05,0.0,0.0,1.0,1.0,14.311392496840227,2.551863197363889,14.90207773716733,2.6668670248369386,14.311392496840227,2.551863197363889
21.525000000006287,0.3511580117768953,0.00411071799277789,0.0,258.4166646003331,121.25080184358985,1.5806329313999563e-05,7.047693299529174e-05,0.0,0.0,1.0,1.0,14.311392496840213,2.5500916853300857,14.902077737167378,2.6650156767510618,14.311392496840213,2.5500916853300857
21.533333333340103,0.35115669571021246,0.004105407476834967,0.0,258.4161908160226,121.24916337551825,1.5779391386405726e-05,7.034040634429619e-05,0.0,0.0,1.0,1.0,14.31139249684023,2.5483214030859043,14.902077737167367,2.663165613877272,14.31139249684023,2.5483214030859043
21.541666666673922,0.35115538188579676,0.0041001072335211455,0.0,258.4157178389288,121.24752819072732,1.5752514635984626e-05,7.020423180690998e-05,0.0,0.0,1.0,1.0,14.311392496840227,2.546552349777625,14.902077737167387,2.6613168353233654,14.311392496840227,2.546552349777625
21.550000000007742,0.35115407029855733,0.004094817236384704,0.0,258.415245667219,121.24589628050349,1.57256988891663e-05,7.006840824956636e-05,0.0,0.0,1.0,1.0,14.31139249684024,2.544784524552116,14.902077737167408,2.659469340197776,14.31139249684024,2.544784524552116
21.558333333341558,0.35115276094341785,0.004089537459058924,0.0,258.4147742990657,121.24426763616182,1.569894397296956e-05,6.993293454307183e-05,0.0,0.0,1.0,1.0,14.311392496840227,2.5430179265567885,14.902077737167438,2.657623127609532,14.311392496840227,2.5430179265567885
21.566666666675378,0.3511514538153162,0.004084267875261775,0.0,258.41430373264654,121.24264224904607,1.5672249715000653e-05,6.979780956258659e-05,0.0,0.0,1.0,1.0,14.31139249684023,2.541252554939712,14.902077737167458,2.655778196668296,14.31139249684023,2.541252554939712
21.575000000009197,0.35115014890920465,0.00407900845879559,0.0,258.4138339661443,121.24102011052848,1.5645615943451913e-05,6.966303218760507e-05,0.0,0.0,1.0,1.0,14.311392496840213,2.5394884088495746,14.90207773716743,2.6539345464843462,14.311392496840213,2.5394884088495746
21.583333333343013,0.35114884622005,0.004073759183546721,0.0,258.41336499774707,121.23940121200972,1.5619042487102162e-05,6.952860130193603e-05,0.0,0.0,1.0,1.0,14.311392496840211,2.5377254874355826,14.902077737167406,2.652092176168571,14.311392496840211,2.5377254874355826
21.591666666676833,0.3511475457428331,0.004068520023485243,0.0,258.412896825648,121.23778554491872,1.5592529175311964e-05,6.939451579368395e-05,0.0,0.0,1.0,1.0,14.311392496840199,2.5359637898475813,14.90207773716742,2.6502510848324867,14.311392496840199,2.5359637898475813
21.600000000010652,0.35114624747254897,0.004063290952664605,0.0,258.41242944804515,121.23617310071266,1.556607583801552e-05,6.926077455522878e-05,0.0,0.0,1.0,1.0,14.311392496840215,2.5342033152359837,14.902077737167453,2.648411271588214,14.311392496840215,2.5342033152359837
21.60833333334447,0.35114495140420676,0.004058071945221334,0.0,258.411962863142,121.23456387087668,1.5539682305725606e-05,6.912737648320775e-05,0.0,0.0,1.0,1.0,14.311392496840229,2.532444062751795,14.902077737167474,2.6465727355485025,14.311392496840229,2.532444062751795
21.616666666678288,0.35114365753283,0.0040528629753747,0.0,258.4114970691468,121.23295784692401,1.551334840953563e-05,6.899432047849559e-05,0.0,0.0,1.0,1.0,14.311392496840202,2.53068603154658,14.902077737167474,2.6447354758267125,14.311392496840202,2.53068603154658
21.625000000012108,0.3511423658534559,0.004047664017426417,0.0,258.4110320642731,121.23135502039561,1.548707398110141e-05,6.886160544618627e-05,0.0,0.0,1.0,1.0,14.31139249684021,2.5289292207725014,14.902077737167454,2.642899491536819,14.31139249684021,2.5289292207725014
21.633333333345924,0.35114107636113584,0.0040424750457603055,0.0,258.4105678467394,121.2297553828603,1.5460858852657932e-05,6.872923029557342e-05,0.0,0.0,1.0,1.0,14.31139249684023,2.5271736295823874,14.902077737167467,2.6410647817934154,14.31139249684023,2.5271736295823874
21.641666666679743,0.3511397890509352,0.00403729603484199,0.0,258.4101044147692,121.22815892591443,1.543470285699945e-05,6.859719394013197e-05,0.0,0.0,1.0,1.0,14.311392496840247,2.5254192571295957,14.902077737167456,2.639231345711708,14.311392496840247,2.5254192571295957
21.650000000013563,0.35113850391793316,0.004032126959218577,0.0,258.409641766591,121.22656564118194,1.540860582749119e-05,6.84654952974992e-05,0.0,0.0,1.0,1.0,14.31139249684025,2.523666102568073,14.902077737167458,2.6373991824075103,14.31139249684025,2.523666102568073
21.65833333334738,0.35113722095722283,0.00402696779351837,0.0,258.4091799004383,121.22497552031413,1.5382567598057903e-05,6.833413328945661e-05,0.0,0.0,1.0,1.0,14.31139249684025,2.5219141650523578,14.902077737167454,2.635568290997256,14.31139249684025,2.5219141650523578
21.6666666666812,0.3511359401639112,0.0040218185124505194,0.0,258.4087188145496,121.2233885549897,1.53565880031905e-05,6.820310684191102e-05,0.0,0.0,1.0,1.0,14.311392496840257,2.5201634437375735,14.902077737167483,2.633738670598003,14.311392496840257,2.5201634437375735
21.675000000015018,0.3511346615331189,0.004016679090804737,0.0,258.4082585071684,121.22180473691446,1.5330666877935226e-05,6.807241488487604e-05,0.0,0.0,1.0,1.0,14.311392496840275,2.5184139377794246,14.902077737167488,2.6319103203274,14.311392496840275,2.5184139377794246
21.683333333348834,0.35113338505998043,0.004011549503450998,0.0,258.40779897654306,121.2202240578214,1.5304804057894614e-05,6.794205635245458e-05,0.0,0.0,1.0,1.0,14.311392496840277,2.5166656463341326,14.902077737167495,2.6300832393037314,14.311392496840277,2.5166656463341326
21.691666666682654,0.35113211073964373,0.004006429725339212,0.0,258.40734022092687,121.21864650947043,1.5278999379223486e-05,6.781203018281978e-05,0.0,0.0,1.0,1.0,14.311392496840284,2.514918568558651,14.902077737167506,2.628257426645873,14.311392496840284,2.514918568558651
21.700000000016473,0.35113083856727073,0.004001319731498924,0.0,258.40688223857813,121.21707208364838,1.5253252678636631e-05,6.768233531819707e-05,0.0,0.0,1.0,1.0,14.311392496840273,2.513172703610456,14.902077737167525,2.6264328814733244,14.311392496840273,2.513172703610456
21.70833333335029,0.35112956853803656,0.003996219497039023,0.0,258.40642502775984,121.21550077216888,1.5227563793390203e-05,6.75529707048466e-05,0.0,0.0,1.0,1.0,14.311392496840288,2.5114280506475835,14.902077737167538,2.624609602906181,14.311392496840288,2.5114280506475835
21.71666666668411,0.3511283006471301,0.003991128997147436,0.0,258.40596858674,121.2139325668722,1.5201932561290569e-05,6.742393529304494e-05,0.0,0.0,1.0,1.0,14.311392496840284,2.509684608828679,14.902077737167527,2.622787590065173,14.311392496840284,2.509684608828679
21.72500000001793,0.35112703488975355,0.003986048207090816,0.0,258.4055129137914,121.2123674596252,1.5176358820691396e-05,6.729522803706724e-05,0.0,0.0,1.0,1.0,14.311392496840297,2.5079423773129643,14.902077737167499,2.6209668420716272,14.311392496840297,2.5079423773129643
21.733333333351744,0.351125771261123,0.003980977102214257,0.0,258.40505800719194,121.21080544232123,1.5150842410493551e-05,6.716684789516973e-05,0.0,0.0,1.0,1.0,14.31139249684031,2.506201355260238,14.902077737167515,2.6191473580474813,14.31139249684031,2.506201355260238
21.741666666685564,0.3511245097564675,0.0039759156579409795,0.0,258.4046038652239,121.20924650687998,1.5125383170130434e-05,6.70387938295716e-05,0.0,0.0,1.0,1.0,14.311392496840302,2.5044615418308425,14.9020777371675,2.6173291371152856,14.311392496840302,2.5044615418308425
21.750000000019384,0.3511232503710294,0.003970863849772053,0.0,258.40415048617473,121.20769064524741,1.509998093958077e-05,6.691106480643798e-05,0.0,0.0,1.0,1.0,14.31139249684031,2.5027229361857657,14.902077737167529,2.6155121783981907,14.31139249684031,2.5027229361857657
21.7583333333532,0.35112199310006487,0.00396582165328608,0.0,258.40369786833645,121.20613784939565,1.5074635559361797e-05,6.678365979586183e-05,0.0,0.0,1.0,1.0,14.3113924968403,2.5009855374865877,14.902077737167515,2.6136964810199674,14.3113924968403,2.5009855374865877
21.76666666668702,0.3511207379388428,0.003960789044138925,0.0,258.40324601000594,121.20458811132289,1.5049346870518553e-05,6.665657777184735e-05,0.0,0.0,1.0,1.0,14.311392496840313,2.4992493448954423,14.90207773716749,2.611882044104993,14.311392496840313,2.4992493448954423
21.77500000002084,0.35111948488264566,0.003955765998063408,0.0,258.4027949094849,121.2030414230533,1.5024114714637788e-05,6.652981771229218e-05,0.0,0.0,1.0,1.0,14.311392496840334,2.497514357575042,14.902077737167486,2.610068866778243,14.311392496840334,2.497514357575042
21.783333333354655,0.3511182339267689,0.003950752490869003,0.0,258.4023445650797,121.20149777663688,1.499893893383055e-05,6.640337859896986e-05,0.0,0.0,1.0,1.0,14.311392496840334,2.4957805746886894,14.902077737167462,2.6082569481653124,14.311392496840334,2.4957805746886894
21.791666666688474,0.35111698506652117,0.003945748498441569,0.0,258.40189497510147,121.1999571641494,1.4973819370740508e-05,6.627725941751345e-05,0.0,0.0,1.0,1.0,14.311392496840337,2.4940479954002632,14.902077737167467,2.606446287392393,14.311392496840337,2.4940479954002632
21.800000000022294,0.3511157382972243,0.0039407539967430535,0.0,258.40144613786595,121.19841957769226,1.4948755868536619e-05,6.615145915739805e-05,0.0,0.0,1.0,1.0,14.311392496840382,2.492316618874218,14.902077737167463,2.6046368835862945,14.311392496840382,2.492316618874218
21.80833333335611,0.3511144936142131,0.003935768961811204,0.0,258.4009980516938,121.19688500939253,1.4923748270914192e-05,6.602597681192406e-05,0.0,0.0,1.0,1.0,14.311392496840375,2.4905864442755123,14.902077737167497,2.602828735874419,14.311392496840375,2.4905864442755123
21.81666666668993,0.3511132510128353,0.003930793369759268,0.0,258.4005507149102,121.19535345140258,1.4898796422088694e-05,6.590081137819985e-05,0.0,0.0,1.0,1.0,14.311392496840353,2.4888574707698483,14.9020777371675,2.6010218433847836,14.311392496840353,2.4888574707698483
21.82500000002375,0.35111201048845175,0.003925827196775726,0.0,258.4001041258449,121.19382489590029,1.4873900166797377e-05,6.577596185712532e-05,0.0,0.0,1.0,1.0,14.311392496840343,2.4871296975234167,14.902077737167502,2.5992162052460137,14.311392496840343,2.4871296975234167
21.833333333357565,0.35111077203643604,0.003920870419124007,0.0,258.3996582828326,121.19229933508872,1.4849059350296999e-05,6.56514272533755e-05,0.0,0.0,1.0,1.0,14.311392496840343,2.4854031237029948,14.902077737167499,2.5974118205873324,14.311392496840343,2.4854031237029948
21.841666666691385,0.3511095356521748,0.003915923013142203,0.0,258.39921318421233,121.19077676119613,1.4824273818359328e-05,6.552720657538338e-05,0.0,0.0,1.0,1.0,14.31139249684035,2.4836777484759405,14.902077737167494,2.595608688538568,14.31139249684035,2.4836777484759405
21.850000000025204,0.35110830133106735,0.00391098495524277,0.0,258.39876882832795,121.18925716647584,1.4799543417272232e-05,6.540329883532352e-05,0.0,0.0,1.0,1.0,14.311392496840327,2.4819535710101905,14.902077737167499,2.593806808230157,14.311392496840327,2.4819535710101905
21.85833333335902,0.35110706906852596,0.0039060562219122726,0.0,258.3983252135278,121.18774054320615,1.4774867993835175e-05,6.527970304909572e-05,0.0,0.0,1.0,1.0,14.311392496840353,2.4802305904742457,14.902077737167534,2.592006178793134,14.311392496840353,2.4802305904742457
21.86666666669284,0.3511058388599755,0.0039011367897111003,0.0,258.39788233816483,121.18622688369025,1.4750247395359206e-05,6.515641823630873e-05,0.0,0.0,1.0,1.0,14.31139249684036,2.4785088060371727,14.902077737167565,2.590206799359134,14.31139249684036,2.4785088060371727
21.87500000002666,0.35110461070085364,0.003896226635273174,0.0,258.3974402005967,121.1847161802561,1.4725681469664155e-05,6.503344342026363e-05,0.0,0.0,1.0,1.0,14.31139249684037,2.4767882168686066,14.90207773716758,2.5884086690604087,14.31139249684037,2.4767882168686066
21.883333333360476,0.3511033845866105,0.0038913257353056924,0.0,258.3969987991853,121.18320842525632,1.470117006506972e-05,6.491077762793812e-05,0.0,0.0,1.0,1.0,14.311392496840332,2.4750688221388404,14.902077737167586,2.586611787029806,14.311392496840332,2.4750688221388404
21.891666666694295,0.3511021605127091,0.0038864340665888297,0.0,258.39655813229746,121.18170361106822,1.467671303041047e-05,6.47884198899697e-05,0.0,0.0,1.0,1.0,14.311392496840321,2.473350621018697,14.902077737167609,2.5848161524007724,14.311392496840321,2.473350621018697
21.900000000028115,0.3511009384746249,0.0038815516059754977,0.0,258.3961181983043,121.18020173009349,1.465231021502026e-05,6.466636924064059e-05,0.0,0.0,1.0,1.0,14.311392496840336,2.4716336126795557,14.9020777371676,2.5830217643073587,14.311392496840336,2.4716336126795557
21.90833333336193,0.3510997184678459,0.003876678330391029,0.0,258.3956789955814,121.17870277475826,1.4627961468728366e-05,6.454462471786062e-05,0.0,0.0,1.0,1.0,14.311392496840329,2.4699177962933976,14.902077737167598,2.5812286218842124,14.311392496840329,2.4699177962933976
21.91666666669575,0.35109850048787267,0.0038718142168329486,0.0,258.39524052250914,121.17720673751305,1.4603666641872791e-05,6.442318536315248e-05,0.0,0.0,1.0,1.0,14.311392496840343,2.4682031710327488,14.902077737167591,2.579436724266585,14.311392496840343,2.4682031710327488
21.92500000002957,0.3510972845302181,0.00386695924237066,0.0,258.394802777472,121.17571361083247,1.4579425585278655e-05,6.430205022163473e-05,0.0,0.0,1.0,1.0,14.311392496840336,2.4664897360707414,14.902077737167582,2.5776460705903324,14.311392496840336,2.4664897360707414
21.933333333363386,0.3510960705904076,0.0038621133841452216,0.0,258.39436575885924,121.17422338721538,1.4555238150270936e-05,6.418121834200737e-05,0.0,0.0,1.0,1.0,14.311392496840352,2.4647774905810222,14.902077737167588,2.575856659991898,14.311392496840352,2.4647774905810222
21.941666666697206,0.35109485866397877,0.003857276619369043,0.0,258.39392946506433,121.17273605918456,1.4531104188667307e-05,6.406068877653522e-05,0.0,0.0,1.0,1.0,14.311392496840362,2.463066433737852,14.902077737167584,2.574068491608334,14.311392496840362,2.463066433737852
21.950000000031025,0.35109364874648197,0.0038524489253256313,0.0,258.3934938944854,121.1712516192868,1.4507023552778121e-05,6.394046058103262e-05,0.0,0.0,1.0,1.0,14.31139249684037,2.461356564716106,14.902077737167557,2.5722815645773003,14.31139249684037,2.461356564716106
21.95833333336484,0.3510924408334792,0.003847630279369329,0.0,258.3930590455248,121.16977006009273,1.4482996095396509e-05,6.38205328148482e-05,0.0,0.0,1.0,1.0,14.311392496840345,2.459647882691206,14.902077737167549,2.5704958780370433,14.311392496840345,2.459647882691206
21.96666666669866,0.3510912349205452,0.00384282065892504,0.0,258.3926249165894,121.16829137419673,1.445902166981001e-05,6.370090454084902e-05,0.0,0.0,1.0,1.0,14.311392496840345,2.4579403868391214,14.90207773716759,2.5687114311264017,14.311392496840345,2.4579403868391214
21.97500000003248,0.3510900310032668,0.0038380200414879755,0.0,258.3921915060905,121.16681555421683,1.4435100129787874e-05,6.35815748254057e-05,0.0,0.0,1.0,1.0,14.31139249684035,2.4562340763364205,14.902077737167582,2.5669282229848234,14.31139249684035,2.4562340763364205
21.983333333366296,0.3510888290772431,0.0038332284046233875,0.0,258.39175881244375,121.16534259279467,1.4411231329588287e-05,6.346254273837678e-05,0.0,0.0,1.0,1.0,14.311392496840353,2.45452895036022,14.902077737167561,2.56514625275236,14.311392496840353,2.45452895036022
21.991666666700116,0.3510876291380849,0.0038284457259663103,0.0,258.39132683406905,121.16387248259535,1.4387415123941306e-05,6.334380735309395e-05,0.0,0.0,1.0,1.0,14.31139249684035,2.45282500808822,14.902077737167557,2.5633655195696425,14.31139249684035,2.45282500808822
22.000000000033936,0.35108643118141564,0.0038236719832212794,0.0,258.3908955693908,121.16240521630736,1.4363651368066558e-05,6.322536774634609e-05,0.0,0.0,1.0,1.0,14.311392496840355,2.451122248698642,14.902077737167541,2.561586022577906,14.311392496840355,2.451122248698642
22.00833333336775,0.35108523520287044,0.0038189071541621144,0.0,258.39046501683765,121.16094078664256,1.433993991765617e-05,6.310722299836544e-05,0.0,0.0,1.0,1.0,14.311392496840373,2.449420671370332,14.90207773716755,2.55980776091898,14.311392496840373,2.449420671370332
22.01666666670157,0.35108404119809655,0.0038141512166316206,0.0,258.3900351748427,121.15947918633594,1.4316280628881457e-05,6.29893721928117e-05,0.0,0.0,1.0,1.0,14.31139249684038,2.4477202752827476,14.902077737167554,2.558030733735298,14.31139249684038,2.4477202752827476
22.02500000003539,0.3510828491627532,0.003809404148541363,0.0,258.38960604184314,121.1580204081457,1.4292673358384714e-05,6.287181441675764e-05,0.0,0.0,1.0,1.0,14.311392496840378,2.4460210596158607,14.902077737167527,2.556254940169888,14.311392496840378,2.4460210596158607
22.033333333369207,0.3510816590925114,0.003804665927871381,0.0,258.3891776162806,121.15656444485303,1.4269117963282019e-05,6.275454876067388e-05,0.0,0.0,1.0,1.0,14.311392496840392,2.4443230235502145,14.902077737167508,2.5544803793663577,14.311392496840392,2.4443230235502145
22.041666666703026,0.35108047098305417,0.0037999365326699622,0.0,258.388749896601,121.1551112892621,1.4245614301160558e-05,6.263757431841465e-05,0.0,0.0,1.0,1.0,14.311392496840396,2.4426261662669275,14.902077737167499,2.5527070504689235,14.311392496840396,2.4426261662669275
22.050000000036846,0.35107928483007644,0.0037952159410533748,0.0,258.38832288125445,121.15366093419992,1.4222162230078662e-05,6.25208901872028e-05,0.0,0.0,1.0,1.0,14.311392496840382,2.4409304869476993,14.902077737167541,2.5509349526223937,14.311392496840382,2.4409304869476993
22.058333333370662,0.3510781006292849,0.0037905041312056116,0.0,258.38789656869534,121.15221337251633,1.4198761608559329e-05,6.24044954676151e-05,0.0,0.0,1.0,1.0,14.31139249684038,2.43923598477476,14.90207773716757,2.549164084972165,14.31139249684038,2.43923598477476
22.06666666670448,0.3510769183763979,0.0037858010813781448,0.0,258.38747095738233,121.15076859708385,1.4175412295588062e-05,6.228838926356805e-05,0.0,0.0,1.0,1.0,14.311392496840375,2.4375426589309077,14.902077737167556,2.547394446664241,14.311392496840375,2.4375426589309077
22.0750000000383,0.35107573806714554,0.0037811067698896774,0.0,258.3870460457783,121.14932660079756,1.4152114150620108e-05,6.217257068230312e-05,0.0,0.0,1.0,1.0,14.311392496840382,2.4358505085995183,14.902077737167565,2.545626036845199,14.311392496840382,2.4358505085995183
22.083333333372117,0.3510745596972698,0.0037764211751258932,0.0,258.3866218323503,121.14788737657513,1.4128867033567361e-05,6.205703883437278e-05,0.0,0.0,1.0,1.0,14.311392496840385,2.4341595329645953,14.902077737167563,2.5438588546622203,14.311392496840385,2.4341595329645953
22.091666666705937,0.3510733832625243,0.0037717442755392087,0.0,258.3861983155696,121.14645091735663,1.4105670804807773e-05,6.194179283362572e-05,0.0,0.0,1.0,1.0,14.31139249684039,2.432469731210659,14.902077737167566,2.5420928992630745,14.31139249684039,2.432469731210659
22.100000000039756,0.351072208758674,0.003767076049648519,0.0,258.3857754939116,121.14501721610449,1.4082525325169553e-05,6.182683179719288e-05,0.0,0.0,1.0,1.0,14.311392496840378,2.430781102522799,14.902077737167573,2.5403281697961146,14.311392496840378,2.430781102522799
22.108333333373572,0.35107103618149565,0.0037624164760389654,0.0,258.38535336585596,121.14358626580345,1.4059430455942768e-05,6.171215484547331e-05,0.0,0.0,1.0,1.0,14.311392496840362,2.4290936460866637,14.902077737167557,2.538564665410311,14.311392496840362,2.4290936460866637
22.116666666707392,0.35106986552677766,0.003757765533361678,0.0,258.3849319298865,121.14215805946031,1.4036386058872312e-05,6.159776110211987e-05,0.0,0.0,1.0,1.0,14.311392496840366,2.427407361088478,14.902077737167566,2.5368023852552026,14.311392496840366,2.427407361088478
22.12500000004121,0.35106869679031943,0.0037531232003335394,0.0,258.384511184491,121.14073259010415,1.4013391996149268e-05,6.148364969402542e-05,0.0,0.0,1.0,1.0,14.311392496840357,2.4257222467150155,14.902077737167591,2.535041328480922,14.311392496840357,2.4257222467150155
22.133333333375028,0.35106752996793256,0.003748489455736946,0.0,258.3840911281616,121.13930985078592,1.3990448130425774e-05,6.136981975130888e-05,0.0,0.0,1.0,1.0,14.311392496840346,2.424038302153612,14.902077737167613,2.5332814942381994,14.311392496840346,2.424038302153612
22.141666666708847,0.35106636505543953,0.0037438642784195474,0.0,258.3836717593945,121.13788983457859,1.3967554324799814e-05,6.125627040730103e-05,0.0,0.0,1.0,1.0,14.311392496840334,2.4223555265921455,14.902077737167602,2.53152288167834,14.311392496840334,2.4223555265921455
22.150000000042667,0.3510652020486743,0.0037392476472940324,0.0,258.38325307668975,121.13647253457691,1.3944710442812616e-05,6.114300079853106e-05,0.0,0.0,1.0,1.0,14.311392496840345,2.420673919219146,14.902077737167588,2.5297654899532556,14.311392496840345,2.420673919219146
22.158333333376483,0.3510640409434823,0.0037346395413378657,0.0,258.38283507855186,121.13505794389748,1.3921916348454786e-05,6.103001006471252e-05,0.0,0.0,1.0,1.0,14.311392496840353,2.418993479223651,14.902077737167584,2.5280093182154353,14.311392496840353,2.418993479223651
22.166666666710302,0.35106288173572026,0.00373003993959306,0.0,258.38241776348923,121.13364605567851,1.3899171906163663e-05,6.091729734872973e-05,0.0,0.0,1.0,1.0,14.311392496840357,2.4173142057952735,14.902077737167618,2.526254365617964,14.311392496840357,2.4173142057952735
22.175000000044122,0.35106172442125627,0.0037254488211659427,0.0,258.38200113001426,121.13223686307988,1.3876476980818568e-05,6.080486179662429e-05,0.0,0.0,1.0,1.0,14.311392496840353,2.4156360981241685,14.902077737167618,2.524500631314502,14.311392496840353,2.4156360981241685
22.183333333377938,0.3510605689959694,0.0037208661652269118,0.0,258.3815851766435,121.13083035928297,1.3853831437736552e-05,6.069270255758148e-05,0.0,0.0,1.0,1.0,14.311392496840373,2.413959155401065,14.902077737167643,2.5227481144593122,14.311392496840373,2.413959155401065
22.191666666711757,0.35105941545575015,0.003716291951010211,0.0,258.3811699018976,121.12942653749057,1.3831235142676894e-05,6.058081878391684e-05,0.0,0.0,1.0,1.0,14.311392496840398,2.4122833768172556,14.902077737167616,2.520996814207237,14.311392496840398,2.4122833768172556
22.200000000045577,0.35105826379650007,0.0037117261578136725,0.0,258.380755304301,121.12802539092688,1.3808687961834697e-05,6.046920963106222e-05,0.0,0.0,1.0,1.0,14.3113924968404,2.4106087615645873,14.902077737167607,2.5192467297137036,14.3113924968404,2.4106087615645873
22.208333333379393,0.35105711401413203,0.003707168764998513,0.0,258.3803413823823,121.12662691283737,1.3786189761844838e-05,6.035787425755335e-05,0.0,0.0,1.0,1.0,14.311392496840373,2.408935308835401,14.902077737167629,2.5174978601347293,14.311392496840373,2.408935308835401
22.216666666713213,0.3510559661045697,0.0037026197519890824,0.0,258.3799281346742,121.1252310964887,1.376374040977232e-05,6.024681182501576e-05,0.0,0.0,1.0,1.0,14.311392496840392,2.4072630178227277,14.902077737167643,2.5157502046269125,14.311392496840392,2.4072630178227277
22.225000000047032,0.351054820063748,0.00369807909827263,0.0,258.37951555971307,121.12383793516868,1.374133977311351e-05,6.013602149815183e-05,0.0,0.0,1.0,1.0,14.31139249684038,2.4055918877201172,14.902077737167659,2.514003762347451,14.31139249684038,2.4055918877201172
22.23333333338085,0.35105367588761294,0.0036935467833990893,0.0,258.37910365603955,121.12244742218613,1.3718987719802257e-05,6.002550244472784e-05,0.0,0.0,1.0,1.0,14.311392496840396,2.403921917721659,14.9020777371677,2.5122585324541116,14.311392496840396,2.403921917721659
22.241666666714668,0.3510525335721213,0.0036890227869808352,0.0,258.3786924221981,121.12105955087085,1.3696684118197549e-05,5.991525383556051e-05,0.0,0.0,1.0,1.0,14.31139249684039,2.4022531070220077,14.902077737167737,2.5105145141052474,14.31139249684039,2.4022531070220077
22.250000000048487,0.3510513931132409,0.0036845070886924675,0.0,258.3782818567372,121.11967431457353,1.3674428837084771e-05,5.9805274844504334e-05,0.0,0.0,1.0,1.0,14.3113924968404,2.400585454816358,14.902077737167712,2.508771706459815,14.3113924968404,2.400585454816358
22.258333333382303,0.35105025450695054,0.003679999668270572,0.0,258.37787195820914,121.11829170666567,1.3652221745678564e-05,5.969556464843834e-05,0.0,0.0,1.0,1.0,14.311392496840353,2.3989189603005006,14.902077737167739,2.5070301086773115,14.311392496840353,2.3989189603005006
22.266666666716123,0.35104911774923997,0.0036755005055134904,0.0,258.3774627251702,121.1169117205395,1.3630062713618109e-05,5.9586122427253124e-05,0.0,0.0,1.0,1.0,14.31139249684036,2.3972536226707546,14.902077737167755,2.505289719917874,14.31139249684036,2.3972536226707546
22.275000000049943,0.35104798283610966,0.0036710095802811164,0.0,258.3770541561806,121.11553434960791,1.3607951610965126e-05,5.94769473638384e-05,0.0,0.0,1.0,1.0,14.311392496840378,2.3955894411239727,14.902077737167787,2.5035505393421844,14.311392496840378,2.3955894411239727
22.28333333338376,0.3510468497635707,0.0036665268724946445,0.0,258.37664624980425,121.11415958730436,1.3585888308199177e-05,5.936803864406981e-05,0.0,0.0,1.0,1.0,14.311392496840394,2.39392641485758,14.90207773716781,2.501812566111521,14.311392496840394,2.39392641485758
22.29166666671758,0.35104571852764543,0.0036620523621363633,0.0,258.37623900460926,121.1127874270828,1.3563872676223794e-05,5.925939545679632e-05,0.0,0.0,1.0,1.0,14.311392496840396,2.3922645430696363,14.902077737167804,2.500075799387739,14.311392496840396,2.3922645430696363
22.300000000051398,0.35104458912436654,0.003657586029249431,0.0,258.37583241916747,121.11141786241758,1.3541904586360676e-05,5.915101699382784e-05,0.0,0.0,1.0,1.0,14.311392496840387,2.3906038249586823,14.902077737167783,2.498340238333279,14.311392496840387,2.3906038249586823
22.308333333385214,0.35104346154977756,0.0036531278539376527,0.0,258.37542649205443,121.11005088680348,1.3519983910346122e-05,5.904290244992238e-05,0.0,0.0,1.0,1.0,14.311392496840396,2.388944259723842,14.902077737167787,2.496605882111156,14.311392496840396,2.388944259723842
22.316666666719033,0.3510423357999327,0.0036486778163652483,0.0,258.3750212218497,121.10868649375549,1.3498110520330657e-05,5.893505102277333e-05,0.0,0.0,1.0,1.0,14.311392496840398,2.387285846564783,14.902077737167785,2.4948727298849693,14.311392496840398,2.387285846564783
22.325000000052853,0.3510412118708968,0.0036442358967566533,0.0,258.3746166071366,121.10732467680879,1.3476284288880834e-05,5.88274619129975e-05,0.0,0.0,1.0,1.0,14.311392496840405,2.385628584681729,14.9020777371678,2.4931407808189063,14.311392496840405,2.385628584681729
22.33333333338667,0.3510400897587453,0.003639802075396282,0.0,258.3742126465023,121.10596542951869,1.3454505088975104e-05,5.872013432412221e-05,0.0,0.0,1.0,1.0,14.311392496840401,2.3839724732754646,14.902077737167787,2.4914100340777328,14.311392496840401,2.3839724732754646
22.34166666672049,0.3510389694595642,0.0036353763326283065,0.0,258.37380933853774,121.10460874546058,1.3432772793999704e-05,5.8613067462573033e-05,0.0,0.0,1.0,1.0,14.311392496840375,2.3823175115473156,14.902077737167774,2.4896804888267794,14.311392496840375,2.3823175115473156
22.350000000054308,0.35103785096945006,0.0036309586488564812,0.0,258.37340668183776,121.10325461822978,1.3411087277753161e-05,5.85062605376623e-05,0.0,0.0,1.0,1.0,14.311392496840385,2.3806636986991285,14.902077737167737,2.4879521442319743,14.311392496840385,2.3806636986991285
22.358333333388124,0.3510367342845098,0.0036265490045438603,0.0,258.3730046750008,121.10190304144155,1.3389448414435703e-05,5.8399712761575355e-05,0.0,0.0,1.0,1.0,14.311392496840389,2.3790110339333674,14.90207773716774,2.4862249994598167,14.311392496840389,2.3790110339333674
22.366666666721944,0.3510356194008611,0.003622147380212633,0.0,258.3726033166292,121.1005540087309,1.3367856078660791e-05,5.829342334935972e-05,0.0,0.0,1.0,1.0,14.311392496840398,2.3773595164530588,14.90207773716775,2.484499053677383,14.311392496840398,2.3773595164530588
22.375000000055763,0.3510345063146318,0.00361775375644389,0.0,258.372202605329,121.09920751375265,1.3346310145439696e-05,5.818739151891228e-05,0.0,0.0,1.0,1.0,14.31139249684042,2.375709145461751,14.902077737167733,2.4827743060523475,14.31139249684042,2.375709145461751
22.38333333338958,0.35103339502196024,0.0036133681138774067,0.0,258.37180253970996,121.09786355018129,1.3324810490189245e-05,5.808161649096741e-05,0.0,0.0,1.0,1.0,14.311392496840401,2.374059920163554,14.902077737167739,2.481050755752926,14.311392496840401,2.374059920163554
22.3916666667234,0.3510322855189952,0.0036089904332114453,0.0,258.37140311838573,121.09652211171091,1.3303356988728815e-05,5.797609748908514e-05,0.0,0.0,1.0,1.0,14.311392496840405,2.3724118397631173,14.902077737167764,2.4793284019479342,14.311392496840405,2.3724118397631173
22.40000000005722,0.3510311778018955,0.0036046206952025355,0.0,258.3710043399734,121.09518319205512,1.3281949517273005e-05,5.787083373963904e-05,0.0,0.0,1.0,1.0,14.311392496840437,2.3707649034656484,14.902077737167767,2.4776072438067698,14.311392496840437,2.3707649034656484
22.408333333391035,0.3510300718668306,0.0036002588806652532,0.0,258.37060620309404,121.093846784947,1.326058795243672e-05,5.776582447180429e-05,0.0,0.0,1.0,1.0,14.311392496840451,2.369119110476918,14.90207773716779,2.4758872804993857,14.311392496840451,2.369119110476918
22.416666666724854,0.35102896770998016,0.0035959049704720305,0.0,258.3702087063723,121.09251288413901,1.3239272171235344e-05,5.7661068917546084e-05,0.0,0.0,1.0,1.0,14.31139249684045,2.3674744600032196,14.902077737167797,2.474168511196341,14.31139249684045,2.3674744600032196
22.425000000058674,0.351027865327534,0.0035915589455529353,0.0,258.3698118484365,121.09118148340295,1.3218002051074284e-05,5.7556566311607705e-05,0.0,0.0,1.0,1.0,14.311392496840446,2.365830951251377,14.902077737167767,2.4724509350687454,14.311392496840446,2.365830951251377
22.43333333339249,0.351026764715692,0.003587220786895461,0.0,258.3694156279186,121.08985257652982,1.3196777469754516e-05,5.74523158914988e-05,0.0,0.0,1.0,1.0,14.311392496840455,2.3641885834288257,14.902077737167795,2.4707345512882832,14.311392496840455,2.3641885834288257
22.44166666672631,0.35102566587066436,0.0035828904755443205,0.0,258.36902004345427,121.08852615732982,1.3175598305466956e-05,5.7348316897483685e-05,0.0,0.0,1.0,1.0,14.31139249684048,2.362547355743553,14.902077737167806,2.4690193590272402,14.31139249684048,2.362547355743553
22.45000000006013,0.3510245687886716,0.003578567992601231,0.0,258.36862509368297,121.08720221963227,1.3154464436799635e-05,5.724456857256954e-05,0.0,0.0,1.0,1.0,14.311392496840483,2.360907267404071,14.902077737167753,2.467305357458448,14.311392496840483,2.360907267404071
22.458333333393945,0.351023473465944,0.003574253319224753,0.0,258.36823077724745,121.08588075728548,1.3133375742723473e-05,5.7141070162496026e-05,0.0,0.0,1.0,1.0,14.311392496840494,2.3592683176194478,14.90207773716773,2.4655925457553285,14.311392496840494,2.3592683176194478
22.466666666727765,0.35102237989872215,0.0035699464366300104,0.0,258.36783709279445,121.08456176415675,1.3112332102600565e-05,5.703782091572183e-05,0.0,0.0,1.0,1.0,14.311392496840512,2.35763050559929,14.902077737167748,2.4638809230918692,14.311392496840512,2.35763050559929
22.475000000061584,0.35102128808325656,0.003565647326088569,0.0,258.3674440389741,121.08324523413226,1.3091333396177995e-05,5.693482008341536e-05,0.0,0.0,1.0,1.0,14.311392496840508,2.3559938305537544,14.902077737167748,2.462170488642645,14.311392496840508,2.3559938305537544
22.4833333333954,0.35102019801580775,0.003561355968928162,0.0,258.3670516144402,121.08193116111703,1.3070379503588618e-05,5.683206691944162e-05,0.0,0.0,1.0,1.0,14.31139249684053,2.354358291693555,14.90207773716776,2.460461241582777,14.31139249684053,2.354358291693555
22.49166666672922,0.35101910969264616,0.0035570723465325276,0.0,258.3666598178501,121.08061953903481,1.3049470305346494e-05,5.672956068035177e-05,0.0,0.0,1.0,1.0,14.311392496840513,2.3527238882299484,14.902077737167762,2.458753181087981,14.311392496840513,2.3527238882299484
22.50000000006304,0.35101802311005237,0.0035527964403412036,0.0,258.36626864786484,121.07931036182805,1.302860568235249e-05,5.6627300625371844e-05,0.0,0.0,1.0,1.0,14.311392496840515,2.351090619374682,14.902077737167728,2.4570463063345556,14.311392496840515,2.351090619374682
22.508333333396855,0.3510169382643167,0.0035485282318493154,0.0,258.3658781031488,121.0780036234578,1.3007785515882772e-05,5.652528601639115e-05,0.0,0.0,1.0,1.0,14.311392496840508,2.3494584843401385,14.90207773716775,2.4553406164993357,14.311392496840508,2.3494584843401385
22.516666666730675,0.3510158551517393,0.003544267702607397,0.0,258.36548818237026,121.07669931790372,1.2987009687594425e-05,5.642351611795176e-05,0.0,0.0,1.0,1.0,14.311392496840527,2.347827482339233,14.902077737167732,2.453636110759759,14.311392496840527,2.347827482339233
22.525000000064495,0.35101477376863033,0.00354001483422116,0.0,258.36509888420073,121.07539743916382,1.2966278079526226e-05,5.632199019723654e-05,0.0,0.0,1.0,1.0,14.31139249684054,2.34619761258542,14.902077737167737,2.4519327882938167,14.31139249684054,2.34619761258542
22.53333333339831,0.3510136941113098,0.0035357696083513257,0.0,258.3647102073154,121.07409798125467,1.2945590574090903e-05,5.62207075240587e-05,0.0,0.0,1.0,1.0,14.311392496840524,2.344568874292682,14.902077737167726,2.4502306482800775,14.311392496840524,2.344568874292682
22.54166666673213,0.3510126161761073,0.0035315320067134193,0.0,258.364322150393,121.07280093821106,1.2924947054072765e-05,5.6119667370850825e-05,0.0,0.0,1.0,1.0,14.311392496840519,2.3429412666755587,14.902077737167694,2.4485296898976734,14.311392496840519,2.3429412666755587
22.55000000006595,0.3510115399593622,0.003527302011077557,0.0,258.3639347121156,121.07150630408616,1.290434740263275e-05,5.601886901265339e-05,0.0,0.0,1.0,1.0,14.311392496840504,2.34131478894913,14.902077737167687,2.4468299123263164,14.311392496840504,2.34131478894913
22.558333333399766,0.35101046545742376,0.00352307960326828,0.0,258.36354789116905,121.07021407295126,1.2883791503306026e-05,5.591831172710453e-05,0.0,0.0,1.0,1.0,14.3113924968405,2.339689440329022,14.90207773716766,2.44513131474628,14.3113924968405,2.339689440329022
22.566666666733585,0.35100939266665077,0.003518864765164329,0.0,258.36316168624245,121.06892423889585,1.2863279239994299e-05,5.5817994794428566e-05,0.0,0.0,1.0,1.0,14.311392496840519,2.338065220031406,14.902077737167694,2.443433896338413,14.311392496840519,2.338065220031406
22.575000000067405,0.3510083215834118,0.003514657478698483,0.0,258.3627760960285,121.06763679602749,1.2842810496972996e-05,5.571791749742586e-05,0.0,0.0,1.0,1.0,14.311392496840519,2.336442127272956,14.902077737167676,2.441737656284138,14.311392496840519,2.336442127272956
22.58333333340122,0.351007252204085,0.0035104577258573354,0.0,258.3623911192233,121.06635173847172,1.2822385158883574e-05,5.561807912146157e-05,0.0,0.0,1.0,1.0,14.311392496840527,2.334820161270929,14.90207773716768,2.440042593765438,14.311392496840527,2.334820161270929
22.59166666673504,0.351006184525058,0.0035062654886811174,0.0,258.3620067545264,121.0650690603721,1.2802003110731159e-05,5.5518478954455014e-05,0.0,0.0,1.0,1.0,14.31139249684052,2.333199321243178,14.902077737167701,2.4383487079648543,14.31139249684052,2.333199321243178
22.60000000006886,0.35100511854272815,0.0035020807492635118,0.0,258.3616230006409,121.06378875588996,1.2781664237892778e-05,5.541911628686938e-05,0.0,0.0,1.0,1.0,14.31139249684053,2.3315796064080314,14.902077737167692,2.436655998065501,14.31139249684053,2.3315796064080314
22.608333333402676,0.3510040542535023,0.0034979034897514535,0.0,258.36123985627324,121.06251081920452,1.2761368426103321e-05,5.5319990411700884e-05,0.0,0.0,1.0,1.0,14.31139249684053,2.32996101598439,14.902077737167716,2.434964463251078,14.31139249684053,2.32996101598439
22.616666666736496,0.3510029916537967,0.0034937336923449324,0.0,258.3608573201333,121.06123524451276,1.2741115561464336e-05,5.522110062446804e-05,0.0,0.0,1.0,1.0,14.311392496840549,2.328343549191676,14.902077737167712,2.4332741027058225,14.311392496840549,2.328343549191676
22.625000000070315,0.3510019307400373,0.0034895713392968297,0.0,258.3604753909343,121.05996202602927,1.2720905530437418e-05,5.51224462232017e-05,0.0,0.0,1.0,1.0,14.31139249684057,2.3267272052498638,14.902077737167687,2.4315849156145593,14.31139249684057,2.3267272052498638
22.63333333340413,0.35100087150865944,0.003485416412912697,0.0,258.3600940673931,121.05869115798635,1.270073821984662e-05,5.5024026508434e-05,0.0,0.0,1.0,1.0,14.311392496840572,2.3251119833794647,14.902077737167703,2.4298969011626803,14.311392496840572,2.3251119833794647
22.64166666673795,0.3509998139561077,0.003481268895550591,0.0,258.35971334822966,121.0574226346338,1.2680613516870288e-05,5.492584078318837e-05,0.0,0.0,1.0,1.0,14.311392496840558,2.3234978828015382,14.902077737167732,2.428210058536131,14.311392496840558,2.3234978828015382
22.65000000007177,0.35099875807883607,0.0034771287696208886,0.0,258.35933323216744,121.05615645023892,1.2660531309044548e-05,5.482788835296928e-05,0.0,0.0,1.0,1.0,14.311392496840535,2.321884902737669,14.902077737167739,2.4265243869214204,14.311392496840535,2.321884902737669
22.658333333405587,0.3509977038733082,0.0034729960175860853,0.0,258.3589537179334,121.05489259908646,1.2640491484266235e-05,5.4730168525751554e-05,0.0,0.0,1.0,1.0,14.311392496840508,2.320273042409923,14.902077737167739,2.424839885505626,14.311392496840508,2.320273042409923
22.666666666739406,0.35099665133599656,0.0034688706219606217,0.0,258.35857480425756,121.05363107547852,1.2620493930780526e-05,5.4632680611970484e-05,0.0,0.0,1.0,1.0,14.311392496840494,2.318662301041051,14.902077737167735,2.4231565534764044,14.311392496840494,2.318662301041051
22.675000000073226,0.35099560046338346,0.0034647525653106947,0.0,258.3581964898736,121.0523718737345,1.2600538537191815e-05,5.45354239245114e-05,0.0,0.0,1.0,1.0,14.311392496840497,2.3170526778542735,14.902077737167758,2.421474390021952,14.311392496840497,2.3170526778542735
22.68333333340704,0.35099455125196,0.00346064183025407,0.0,258.35781877351826,121.05111498819105,1.2580625192450823e-05,5.443839777869957e-05,0.0,0.0,1.0,1.0,14.311392496840499,2.315444172073336,14.902077737167742,2.419793394331043,14.311392496840499,2.315444172073336
22.69166666674086,0.3509935036982269,0.003456538399459914,0.0,258.35744165393186,121.04986041320198,1.2560753785865993e-05,5.4341601492290315e-05,0.0,0.0,1.0,1.0,14.311392496840496,2.3138367829225315,14.902077737167813,2.4181135655930177,14.311392496840496,2.3138367829225315
22.70000000007468,0.3509924577986939,0.0034524422556485926,0.0,258.35706512985786,121.04860814313825,1.2540924207089035e-05,5.424503438545865e-05,0.0,0.0,1.0,1.0,14.311392496840451,2.312230509626694,14.902077737167826,2.4164349029977705,14.311392496840451,2.312230509626694
22.708333333408497,0.35099141354988,0.0034483533815915066,0.0,258.35668920004315,121.04735817238783,1.2521136346124218e-05,5.4148695780789575e-05,0.0,0.0,1.0,1.0,14.31139249684045,2.310625351411196,14.90207773716784,2.414757405735753,14.31139249684045,2.310625351411196
22.716666666742316,0.35099037094831315,0.0034442717601108953,0.0,258.35631386323774,121.04611049535573,1.2501390093318675e-05,5.405258500326779e-05,0.0,0.0,1.0,1.0,14.311392496840421,2.3090213075019417,14.902077737167833,2.413081072997997,14.311392496840421,2.3090213075019417
22.725000000076136,0.35098932999053073,0.003440197374079673,0.0,258.3559391181951,121.04486510646386,1.2481685339369051e-05,5.395670138026808e-05,0.0,0.0,1.0,1.0,14.31139249684041,2.307418377125379,14.902077737167815,2.411405903976084,14.31139249684041,2.307418377125379
22.733333333409952,0.35098829067307896,0.0034361302064212424,0.0,258.3555649636719,121.04362200015098,1.2462021975313923e-05,5.386104424154556e-05,0.0,0.0,1.0,1.0,14.311392496840416,2.3058165595084574,14.902077737167804,2.4097318978621605,14.311392496840416,2.3058165595084574
22.74166666674377,0.35098725299251327,0.003432070240109311,0.0,258.355191398428,121.04238117087267,1.2442399892535734e-05,5.37656129192253e-05,0.0,0.0,1.0,1.0,14.311392496840408,2.3042158538786772,14.902077737167806,2.408059053848931,14.311392496840408,2.3042158538786772
22.75000000007759,0.350986216945398,0.0034280174581677154,0.0,258.3548184212267,121.0411426131013,1.2422818982757944e-05,5.367040674779298e-05,0.0,0.0,1.0,1.0,14.311392496840412,2.3026162594641417,14.902077737167769,2.4063873711296586,14.311392496840412,2.3026162594641417
22.758333333411407,0.3509851825283068,0.00342397184367025,0.0,258.3544460308344,121.03990632132587,1.2403279138049568e-05,5.357542506408514e-05,0.0,0.0,1.0,1.0,14.311392496840396,2.3010177754934458,14.90207773716776,2.4047168488981625,14.311392496840396,2.3010177754934458
22.766666666745227,0.35098414973782194,0.0034199333797404947,0.0,258.3540742260208,121.03867229005208,1.238378025081346e-05,5.348066720727962e-05,0.0,0.0,1.0,1.0,14.311392496840414,2.29942040119571,14.902077737167748,2.4030474863488425,14.311392496840414,2.29942040119571
22.775000000079046,0.3509831185705349,0.003415902049551631,0.0,258.35370300555877,121.0374405138021,1.236432221379082e-05,5.338613251888566e-05,0.0,0.0,1.0,1.0,14.311392496840439,2.2978241358005964,14.902077737167799,2.4013792826766327,14.311392496840439,2.2978241358005964
22.783333333412862,0.35098208902304573,0.0034118778363262645,0.0,258.35333236822436,121.03621098711464,1.234490492006105e-05,5.329182034273437e-05,0.0,0.0,1.0,1.0,14.311392496840423,2.296228978538304,14.90207773716777,2.3997122370770443,14.311392496840423,2.296228978538304
22.791666666746682,0.35098106109196375,0.0034078607233362524,0.0,258.3529623127969,121.03498370454493,1.2325528263037858e-05,5.3197730024969165e-05,0.0,0.0,1.0,1.0,14.311392496840442,2.2946349286395566,14.902077737167744,2.3980463487461297,14.311392496840442,2.2946349286395566
22.8000000000805,0.35098003477390705,0.003403850693902536,0.0,258.3525928380589,121.03375866066449,1.230619213647279e-05,5.310386091403638e-05,0.0,0.0,1.0,1.0,14.311392496840444,2.2930419853356234,14.902077737167732,2.396381616880522,14.311392496840444,2.2930419853356234
22.808333333414318,0.3509790100655025,0.0033998477313949716,0.0,258.35222394279606,121.03253585006122,1.2286896434447693e-05,5.301021236067591e-05,0.0,0.0,1.0,1.0,14.311392496840462,2.2914501478583045,14.902077737167744,2.3947180406773914,14.311392496840462,2.2914501478583045
22.816666666748137,0.3509779869633857,0.0033958518192321414,0.0,258.3518556257972,121.0313152673393,1.2267641051377696e-05,5.2916783717911483e-05,0.0,0.0,1.0,1.0,14.31139249684047,2.2898594154398726,14.902077737167756,2.393055619334465,14.31139249684047,2.2898594154398726
22.825000000081957,0.3509769654642013,0.003391862940881209,0.0,258.35148788585434,121.03009690711907,1.2248425882007381e-05,5.282357434104184e-05,0.0,0.0,1.0,1.0,14.311392496840497,2.2882697873132325,14.902077737167799,2.3913943520500514,14.311392496840497,2.2882697873132325
22.833333333415773,0.3509759455646025,0.0033878810798577174,0.0,258.3511207217627,121.02888076403708,1.2229250821412694e-05,5.273058358763059e-05,0.0,0.0,1.0,1.0,14.311392496840506,2.2866812627118005,14.902077737167785,2.3897342380229887,14.311392496840506,2.2866812627118005
22.841666666749592,0.3509749272612513,0.00338390621972544,0.0,258.3507541323205,121.02766683274596,1.2210115764997142e-05,5.263781081749764e-05,0.0,0.0,1.0,1.0,14.311392496840526,2.285093840869502,14.902077737167806,2.3880752764526876,14.311392496840526,2.285093840869502
22.850000000083412,0.3509739105508183,0.0033799383440962136,0.0,258.3503881163293,121.02645510791439,1.2191020608490043e-05,5.254525539270989e-05,0.0,0.0,1.0,1.0,14.311392496840542,2.2835075210207942,14.902077737167765,2.3864174665390907,14.311392496840542,2.2835075210207942
22.858333333417228,0.35097289542998283,0.0033759774366297584,0.0,258.3500226725936,121.02524558422697,1.2171965247946915e-05,5.245291667757166e-05,0.0,0.0,1.0,1.0,14.311392496840531,2.2819223024006723,14.90207773716773,2.384760807482739,14.311392496840531,2.2819223024006723
22.866666666751048,0.35097188189543305,0.003372023481033505,0.0,258.34965779992103,121.02403825638427,1.2152949579750863e-05,5.2360794038615614e-05,0.0,0.0,1.0,1.0,14.311392496840517,2.280338184244664,14.902077737167724,2.3831052984846957,14.311392496840517,2.280338184244664
22.875000000084867,0.3509708699438655,0.0033680764610624536,0.0,258.34929349712246,121.02283311910277,1.2133973500606679e-05,5.226888684459427e-05,0.0,0.0,1.0,1.0,14.311392496840524,2.2787551657888248,14.902077737167689,2.381450938746583,14.311392496840524,2.2787551657888248
22.883333333418683,0.3509698595719854,0.0033641363605189816,0.0,258.34892976301177,121.02163016711468,1.2115036907541247e-05,5.217719446647008e-05,0.0,0.0,1.0,1.0,14.31139249684052,2.27717324626973,14.902077737167687,2.3797977274705757,14.31139249684052,2.27717324626973
22.891666666752503,0.3509688507765067,0.0033602031632526904,0.0,258.3485665964059,121.020429395168,1.2096139697904402e-05,5.2085716277406996e-05,0.0,0.0,1.0,1.0,14.311392496840512,2.2755924249245054,14.902077737167675,2.3781456638594185,14.311392496840512,2.2755924249245054
22.900000000086322,0.35096784355415134,0.0033562768531602413,0.0,258.3482039961248,121.01923079802643,1.2077281769359438e-05,5.1994451652761324e-05,0.0,0.0,1.0,1.0,14.311392496840485,2.274012700990732,14.902077737167664,2.3764947471163937,14.311392496840485,2.274012700990732
22.90833333342014,0.35096683790165056,0.0033523574141851773,0.0,258.34784196099173,121.01803437046932,1.2058463019899598e-05,5.190339997007259e-05,0.0,0.0,1.0,1.0,14.311392496840492,2.2724340737066187,14.902077737167668,2.374844976445348,14.311392496840492,2.2724340737066187
22.916666666753958,0.3509658338157436,0.003348444830317782,0.0,258.3474804898328,121.0168401072916,1.20396833478292e-05,5.181256060905501e-05,0.0,0.0,1.0,1.0,14.311392496840476,2.2708565423108826,14.902077737167641,2.3731963510506575,14.311392496840476,2.2708565423108826
22.925000000087778,0.35096483129317807,0.003344539085594893,0.0,258.34711958147716,121.0156480033037,1.2020942651765617e-05,5.172193295158833e-05,0.0,0.0,1.0,1.0,14.311392496840481,2.2692801060427605,14.902077737167641,2.3715488701372784,14.311392496840481,2.2692801060427605
22.933333333421594,0.35096383033071044,0.003340640164099756,0.0,258.3467592347571,121.01445805333157,1.2002240830651565e-05,5.163151638170915e-05,0.0,0.0,1.0,1.0,14.311392496840496,2.2677047641420125,14.90207773716764,2.3699025329107104,14.311392496840496,2.2677047641420125
22.941666666755413,0.35096283092510516,0.0033367480499618663,0.0,258.34639944850784,121.01327025221651,1.1983577783734741e-05,5.154131028560235e-05,0.0,0.0,1.0,1.0,14.311392496840549,2.2661305158489227,14.902077737167662,2.3682573385770036,14.311392496840549,2.2661305158489227
22.950000000089233,0.35096183307313533,0.003332862727356782,0.0,258.34604022156776,121.0120845948153,1.196495341058066e-05,5.1451314051591745e-05,0.0,0.0,1.0,1.0,14.31139249684056,2.264557360404307,14.90207773716767,2.366613286342755,14.31139249684056,2.264557360404307
22.95833333342305,0.3509608367715823,0.0033289841805059996,0.0,258.345681552778,121.01090107599993,1.1946367611065266e-05,5.1361527070132275e-05,0.0,0.0,1.0,1.0,14.311392496840556,2.2629852970494966,14.902077737167694,2.3649703754151066,14.311392496840556,2.2629852970494966
22.96666666675687,0.3509598420172358,0.0033251123936767577,0.0,258.345323440983,121.00971969065766,1.1927820285377397e-05,5.127194873380041e-05,0.0,0.0,1.0,1.0,14.31139249684056,2.261414325026377,14.902077737167705,2.363328605001771,14.31139249684056,2.261414325026377
22.975000000090688,0.35095884880689376,0.003321247351181915,0.0,258.34496588503,121.00854043369097,1.1909311334013466e-05,5.1182578437286485e-05,0.0,0.0,1.0,1.0,14.311392496840545,2.259844443577334,14.902077737167726,2.3616879743109895,14.311392496840545,2.259844443577334
22.983333333424504,0.35095785713736266,0.0033173890373797547,0.0,258.3446088837692,121.00736330001752,1.1890840657781508e-05,5.1093415577385215e-05,0.0,0.0,1.0,1.0,14.311392496840538,2.2582756519452465,14.902077737167737,2.3600484825515697,14.311392496840538,2.2582756519452465
22.991666666758324,0.35095686700545664,0.0033135374366738534,0.0,258.34425243605386,121.00618828456997,1.1872408157788611e-05,5.1004459552987774e-05,0.0,0.0,1.0,1.0,14.311392496840545,2.256707949373558,14.90207773716775,2.3584101289328703,14.311392496840545,2.256707949373558
23.000000000092143,0.35095587840799897,0.0033096925335129312,0.0,258.3438965407402,121.00501538229614,1.1854013735462544e-05,5.091570976507356e-05,0.0,0.0,1.0,1.0,14.311392496840531,2.2551413351062832,14.90207773716776,2.3567729126647783,14.311392496840531,2.2551413351062832
23.00833333342596,0.35095489134182034,0.003305854312390657,0.0,258.34354119668745,121.00384458815873,1.183565729252474e-05,5.082716561670075e-05,0.0,0.0,1.0,1.0,14.311392496840543,2.253575808387913,14.902077737167764,2.355136832957736,14.311392496840543,2.253575808387913
23.01666666675978,0.35095390580376007,0.00330202275784552,0.0,258.3431864027576,121.00267589713546,1.1817338731007245e-05,5.0738826512998695e-05,0.0,0.0,1.0,1.0,14.311392496840545,2.2520113684634686,14.902077737167785,2.3535018890227515,14.311392496840545,2.2520113684634686
23.0250000000936,0.35095292179066534,0.003298197854460669,0.0,258.34283215781574,121.00150930421884,1.1799057953239694e-05,5.065069186115912e-05,0.0,0.0,1.0,1.0,14.311392496840535,2.2504480145784957,14.90207773716781,2.3518680800713536,14.311392496840535,2.2504480145784957
23.033333333427414,0.3509519392993916,0.003294379586863769,0.0,258.34247846072975,121.0003448044163,1.1780814861857475e-05,5.056276107042835e-05,0.0,0.0,1.0,1.0,14.311392496840543,2.2488857459790634,14.902077737167788,2.350235405315647,14.311392496840543,2.2488857459790634
23.041666666761234,0.3509509583268024,0.003290567939726829,0.0,258.3421253103706,120.99918239274999,1.176260935979644e-05,5.0475033552098444e-05,0.0,0.0,1.0,1.0,14.311392496840522,2.2473245619117534,14.902077737167772,2.3486038639682634,14.311392496840522,2.2473245619117534
23.050000000095054,0.3509499788697692,0.003286762897766058,0.0,258.3417727056119,120.99802206425676,1.1744441350290238e-05,5.038750871949922e-05,0.0,0.0,1.0,1.0,14.311392496840485,2.2457644616236876,14.90207773716773,2.346973455242388,14.311392496840485,2.2457644616236876
23.05833333342887,0.350949000925172,0.0032829644457417068,0.0,258.3414206453305,120.99686381398823,1.1726310736876908e-05,5.030018598798975e-05,0.0,0.0,1.0,1.0,14.311392496840508,2.2442054443625024,14.902077737167726,2.345344178351754,14.311392496840508,2.2442054443625024
23.06666666676269,0.3509480244898981,0.0032791725684579243,0.0,258.3410691284059,120.99570763701051,1.1708217423383324e-05,5.021306477495063e-05,0.0,0.0,1.0,1.0,14.311392496840522,2.242647509376358,14.902077737167744,2.343716032510635,14.311392496840522,2.242647509376358
23.07500000009651,0.35094704956084344,0.0032753872507626032,0.0,258.34071815372056,120.99455352840438,1.1690161313942103e-05,5.012614449977563e-05,0.0,0.0,1.0,1.0,14.311392496840536,2.2410906559138613,14.9020777371678,2.3420890169338486,14.311392496840536,2.2410906559138613
23.083333333430325,0.35094607613491163,0.0032716084775472245,0.0,258.34036772015975,120.99340148326509,1.1672142312976046e-05,5.0039424583863375e-05,0.0,0.0,1.0,1.0,14.311392496840536,2.239534883224285,14.902077737167806,2.3404631308367634,14.311392496840536,2.239534883224285
23.091666666764144,0.35094510420901426,0.0032678362337467057,0.0,258.3400178266117,120.99225149670237,1.1654160325202193e-05,4.995290445060947e-05,0.0,0.0,1.0,1.0,14.311392496840561,2.237980190557352,14.902077737167787,2.338838373435293,14.311392496840561,2.237980190557352
23.100000000097964,0.35094413378007067,0.0032640705043392618,0.0,258.3396684719674,120.99110356384035,1.1636215255630162e-05,4.9866583525398553e-05,0.0,0.0,1.0,1.0,14.311392496840527,2.236426577163315,14.902077737167785,2.337214743945892,14.311392496840527,2.236426577163315
23.10833333343178,0.3509431648450087,0.003260311274346252,0.0,258.3393196551208,120.98995767981755,1.1618307009569783e-05,4.978046123559625e-05,0.0,0.0,1.0,1.0,14.311392496840527,2.2348740422929323,14.902077737167795,2.3355922415855592,14.311392496840527,2.2348740422929323
23.1166666667656,0.3509421974007634,0.0032565585288320195,0.0,258.33897137496854,120.98881383978677,1.1600435492613028e-05,4.9694537010540964e-05,0.0,0.0,1.0,1.0,14.31139249684051,2.2333225851974876,14.902077737167813,2.33397086557184,14.31139249684051,2.2333225851974876
23.12500000009942,0.35094123144427797,0.003252812252903758,0.0,258.3386236304102,120.9876720389151,1.1582600610646775e-05,4.960881028153625e-05,0.0,0.0,1.0,1.0,14.311392496840515,2.231772205128794,14.902077737167817,2.3323506151228144,14.311392496840515,2.231772205128794
23.133333333433235,0.3509402669725036,0.0032490724317113654,0.0,258.33827642034817,120.98653227238378,1.1564802269846046e-05,4.952328048184297e-05,0.0,0.0,1.0,1.0,14.311392496840478,2.2302229013391695,14.902077737167833,2.3307314894571216,14.311392496840478,2.2302229013391695
23.141666666767055,0.3509393039823989,0.003245339050447279,0.0,258.33792974368754,120.98539453538835,1.1547040376674431e-05,4.943794704667109e-05,0.0,0.0,1.0,1.0,14.31139249684053,2.2286746730814584,14.902077737167813,2.329113487793931,14.31139249684053,2.2286746730814584
23.150000000100874,0.3509383424709306,0.0032416120943463507,0.0,258.33758359933637,120.98425882313829,1.1529314837881476e-05,4.9352809413172186e-05,0.0,0.0,1.0,1.0,14.311392496840513,2.227127519609027,14.902077737167813,2.327496609352953,14.311392496840513,2.227127519609027
23.15833333343469,0.35093738243507294,0.003237891548685689,0.0,258.3372379862054,120.98312513085727,1.1511625560503097e-05,4.926786702043158e-05,0.0,0.0,1.0,1.0,14.311392496840513,2.2255814401757315,14.902077737167826,2.3258808533544437,14.311392496840513,2.2255814401757315
23.16666666676851,0.3509364238718081,0.0032341773987845206,0.0,258.3368929032082,120.98199345378293,1.1493972451863555e-05,4.918311930946062e-05,0.0,0.0,1.0,1.0,14.311392496840512,2.224036434035943,14.902077737167817,2.3242662190192,14.311392496840512,2.224036434035943
23.17500000010233,0.350935466778126,0.0032304696300040434,0.0,258.3365483492611,120.9808637871669,1.1476355419568239e-05,4.9098565723188947e-05,0.0,0.0,1.0,1.0,14.31139249684051,2.2224925004446234,14.902077737167806,2.322652705568556,14.31139249684051,2.2224925004446234
23.183333333436146,0.3509345111510239,0.0032267682277472742,0.0,258.3362043232831,120.97973612627464,1.1458774371504094e-05,4.901420570645663e-05,0.0,0.0,1.0,1.0,14.311392496840503,2.2209496386572125,14.90207773716782,2.3210403122243957,14.311392496840503,2.2209496386572125
23.191666666769965,0.35093355698750717,0.003223073177458918,0.0,258.3358608241962,120.97861046638559,1.1441229215844667e-05,4.893003870600686e-05,0.0,0.0,1.0,1.0,14.311392496840492,2.219407847929653,14.902077737167811,2.319429038209133,14.311392496840492,2.219407847929653
23.200000000103785,0.3509326042845884,0.003219384464625227,0.0,258.33551785092493,120.97748680279294,1.1423719861038812e-05,4.884606417047833e-05,0.0,0.0,1.0,1.0,14.311392496840455,2.217867127518417,14.90207773716782,2.3178188827457293,14.311392496840455,2.217867127518417
23.2083333334376,0.35093165303928814,0.0032157020747738446,0.0,258.3351754023966,120.97636513080367,1.1406246215820832e-05,4.876228155039732e-05,0.0,0.0,1.0,1.0,14.311392496840462,2.2163274766804784,14.902077737167806,2.3162098450576805,14.311392496840462,2.2163274766804784
23.21666666677142,0.3509307032486342,0.0032120259934736604,0.0,258.33483347754134,120.97524544573847,1.138880818919818e-05,4.867869029817017e-05,0.0,0.0,1.0,1.0,14.311392496840453,2.2147888946733487,14.902077737167797,2.31460192436902,14.311392496840453,2.2147888946733487
23.22500000010524,0.3509297549096624,0.0032083562063347066,0.0,258.33449207529196,120.97412774293174,1.1371405690464651e-05,4.859528986807658e-05,0.0,0.0,1.0,1.0,14.31139249684046,2.213251380755035,14.902077737167815,2.3129951199043255,14.31139249684046,2.213251380755035
23.233333333439056,0.3509288080194158,0.003204692699007972,0.0,258.334151194584,120.97301201773145,1.1354038629185027e-05,4.8512079716261165e-05,0.0,0.0,1.0,1.0,14.311392496840417,2.2117149341840707,14.902077737167824,2.3113894308887164,14.311392496840417,2.2117149341840707
23.241666666772876,0.35092786257494496,0.003201035457185293,0.0,258.33381083435563,120.9718982654992,1.1336706915200645e-05,4.842905930072662e-05,0.0,0.0,1.0,1.0,14.311392496840446,2.210179554219492,14.902077737167817,2.3097848565478367,14.311392496840446,2.210179554219492
23.250000000106695,0.3509269185733081,0.003197384466599189,0.0,258.33347099354785,120.9707864816101,1.1319410458630353e-05,4.8346228081325874e-05,0.0,0.0,1.0,1.0,14.311392496840474,2.208645240120828,14.90207773716783,2.3081813961078725,14.311392496840474,2.208645240120828
23.25833333344051,0.350925976011571,0.0031937397130227495,0.0,258.3331316711043,120.96967666145274,1.1302149169866902e-05,4.826358551975517e-05,0.0,0.0,1.0,1.0,14.311392496840515,2.2071119911481465,14.902077737167835,2.306579048795557,14.311392496840515,2.2071119911481465
23.26666666677433,0.35092503488680654,0.003190101182269482,0.0,258.33279286597127,120.96856880042914,1.1284922959573832e-05,4.8181131079546575e-05,0.0,0.0,1.0,1.0,14.311392496840524,2.205579806562072,14.902077737167845,2.3049778138381507,14.311392496840524,2.205579806562072
23.27500000010815,0.3509240951960954,0.0031864688601931724,0.0,258.33245457709774,120.96746289395476,1.126773173868849e-05,4.809886422606055e-05,0.0,0.0,1.0,1.0,14.311392496840547,2.2040486856236994,14.90207773716785,2.30337769046346,14.311392496840547,2.2040486856236994
23.283333333441966,0.35092315693652537,0.0031828427326877533,0.0,258.3321168034353,120.96635893745832,1.125057541841742e-05,4.801678442647878e-05,0.0,0.0,1.0,1.0,14.311392496840561,2.202518627594646,14.90207773716784,2.3017786778998195,14.311392496840561,2.202518627594646
23.291666666775786,0.3509222201051919,0.0031792227856871696,0.0,258.3317795439384,120.96525692638191,1.1233453910241375e-05,4.793489114979712e-05,0.0,0.0,1.0,1.0,14.311392496840574,2.2009896317370385,14.902077737167843,2.3001807753760874,14.311392496840574,2.2009896317370385
23.300000000109605,0.35092128469919753,0.0031756090051652318,0.0,258.3314427975639,120.96415685618086,1.121636712590616e-05,4.785318386681798e-05,0.0,0.0,1.0,1.0,14.311392496840572,2.199461697313505,14.902077737167874,2.2985839821216794,14.311392496840572,2.199461697313505
23.30833333344342,0.35092035071565236,0.0031720013771354845,0.0,258.3311065632715,120.96305872232367,1.1199314977428673e-05,4.7771662050143413e-05,0.0,0.0,1.0,1.0,14.311392496840599,2.1979348235872043,14.902077737167886,2.296988297366534,14.311392496840599,2.1979348235872043
23.31666666677724,0.35091941815167377,0.0031683998876510916,0.0,258.3307708400233,120.96196252029202,1.1182297377092815e-05,4.769032517416834e-05,0.0,0.0,1.0,1.0,14.311392496840575,2.196409009821792,14.902077737167868,2.2953937203411283,14.311392496840575,2.196409009821792
23.32500000011106,0.3509184870043863,0.0031648045228046696,0.0,258.33043562678426,120.9608682455807,1.116531423744641e-05,4.760917271507277e-05,0.0,0.0,1.0,1.0,14.311392496840577,2.1948842552814454,14.902077737167868,2.2938002502764765,14.311392496840577,2.1948842552814454
23.333333333444877,0.35091755727092205,0.003161215268728168,0.0,258.3301009225219,120.95977589369758,1.1148365471307256e-05,4.752820415081498e-05,0.0,0.0,1.0,1.0,14.311392496840597,2.1933605592308347,14.902077737167872,2.2922078864041158,14.311392496840597,2.1933605592308347
23.341666666778696,0.35091662894842,0.0031576321115927494,0.0,258.3297667262063,120.95868546016357,1.1131450991753471e-05,4.74474189611249e-05,0.0,0.0,1.0,1.0,14.311392496840606,2.191837920935138,14.902077737167895,2.2906166279561284,14.311392496840606,2.191837920935138
23.350000000112516,0.35091570203402667,0.003154055037608635,0.0,258.32943303681014,120.95759694051249,1.1114570712130047e-05,4.736681662749652e-05,0.0,0.0,1.0,1.0,14.311392496840625,2.1903163396600323,14.902077737167861,2.289026474165128,14.311392496840625,2.1903163396600323
23.358333333446332,0.3509147765248957,0.0031504840330249897,0.0,258.3290998533088,120.95651033029118,1.1097724546042747e-05,4.728639663318131e-05,0.0,0.0,1.0,1.0,14.311392496840625,2.188795814671775,14.90207773716786,2.2874374242642492,14.311392496840625,2.188795814671775
23.36666666678015,0.3509138524181879,0.003146919084129765,0.0,258.32876717468,120.95542562505928,1.108091240736011e-05,4.72061584631808e-05,0.0,0.0,1.0,1.0,14.31139249684062,2.187276345237096,14.902077737167899,2.285849477487183,14.31139249684062,2.187276345237096
23.37500000011397,0.3509129297110712,0.0031433601772496086,0.0,258.3284349999044,120.95434282038934,1.1064134210209379e-05,4.7126101604240526e-05,0.0,0.0,1.0,1.0,14.311392496840622,2.1857579306232195,14.902077737167875,2.2842626330681246,14.311392496840622,2.1857579306232195
23.383333333447787,0.3509120084007207,0.0031398072987496905,0.0,258.328103327965,120.95326191186672,1.1047389868980018e-05,4.7046225544842144e-05,0.0,0.0,1.0,1.0,14.311392496840572,2.184240570097887,14.902077737167872,2.2826768902418033,14.311392496840572,2.184240570097887
23.391666666781607,0.3509110884843187,0.003136260435033593,0.0,258.32777215784733,120.95218289508945,1.1030679298321675e-05,4.696652977519712e-05,0.0,0.0,1.0,1.0,14.311392496840565,2.182724262929346,14.902077737167897,2.281092248243506,14.311392496840565,2.182724262929346
23.400000000115426,0.3509101699590546,0.0031327195725431977,0.0,258.3274414885396,120.95110576566834,1.1014002413139614e-05,4.688701378724024e-05,0.0,0.0,1.0,1.0,14.311392496840575,2.1812090083863573,14.90207773716792,2.279508706309033,14.311392496840575,2.1812090083863573
23.408333333449242,0.3509092528221247,0.003129184697758524,0.0,258.32711131903255,120.95003051922687,1.0997359128594718e-05,4.680767707462204e-05,0.0,0.0,1.0,1.0,14.311392496840567,2.179694805738178,14.902077737167955,2.2779262636747157,14.311392496840567,2.179694805738178
23.416666666783062,0.35090833707073255,0.0031256557971976228,0.0,258.3267816483194,120.9489571514011,1.0980749360106986e-05,4.672851913270273e-05,0.0,0.0,1.0,1.0,14.311392496840584,2.1781816542545918,14.902077737167959,2.2763449195774137,14.311392496840584,2.1781816542545918
23.42500000011688,0.35090742270208863,0.0031221328574164288,0.0,258.3264524753959,120.94788565783973,1.0964173023351e-05,4.664953945854484e-05,0.0,0.0,1.0,1.0,14.311392496840543,2.1766695532058637,14.902077737167959,2.274764673254515,14.311392496840543,2.1766695532058637
23.433333333450697,0.35090650971341036,0.0031186158650086627,0.0,258.3261237992604,120.94681603420392,1.0947630034253394e-05,4.657073755090731e-05,0.0,0.0,1.0,1.0,14.31139249684056,2.1751585018627826,14.902077737167962,2.273185523943943,14.31139249684056,2.1751585018627826
23.441666666784517,0.35090559810192257,0.0031151048066056755,0.0,258.3257956189138,120.94574827616738,1.093112030900189e-05,4.649211291023808e-05,0.0,0.0,1.0,1.0,14.311392496840538,2.173648499496577,14.90207773716796,2.2716074708841534,14.311392496840538,2.173648499496577
23.450000000118337,0.3509046878648567,0.003111599668876336,0.0,258.32546793335933,120.94468237941626,1.0914643764031724e-05,4.6413665038667925e-05,0.0,0.0,1.0,1.0,14.311392496840543,2.172139545379089,14.902077737167952,2.2700305133141168,14.311392496840543,2.172139545379089
23.458333333452153,0.3509037789994511,0.003108100438526889,0.0,258.325140741603,120.9436183396491,1.0898200316026644e-05,4.633539344000338e-05,0.0,0.0,1.0,1.0,14.311392496840536,2.1706316387826345,14.902077737167966,2.268454650473352,14.311392496840536,2.1706316387826345
23.466666666785972,0.3509028715029512,0.0031046071023008584,0.0,258.3248140426529,120.94255615257684,1.0881789881925947e-05,4.625729761972085e-05,0.0,0.0,1.0,1.0,14.311392496840538,2.169124778980029,14.90207773716795,2.2668798816018865,14.311392496840538,2.169124778980029
23.475000000119792,0.3509019653726093,0.0031011196469788995,0.0,258.32448783552013,120.9414958139227,1.086541237891895e-05,4.617937708495955e-05,0.0,0.0,1.0,1.0,14.311392496840526,2.1676189652445794,14.902077737167986,2.265306205940284,14.311392496840526,2.1676189652445794
23.483333333453608,0.3509010606056847,0.003097638059378679,0.0,258.3241621192178,120.94043731942222,1.0849067724441465e-05,4.6101631344515056e-05,0.0,0.0,1.0,1.0,14.311392496840527,2.166114196850103,14.902077737167982,2.2637336227296423,14.311392496840527,2.166114196850103
23.491666666787427,0.35090015719944334,0.003094162326354762,0.0,258.3238368927618,120.93938066482313,1.0832755836178331e-05,4.602405990883319e-05,0.0,0.0,1.0,1.0,14.311392496840561,2.164610473070924,14.902077737167984,2.2621621312115585,14.311392496840561,2.164610473070924
23.500000000121247,0.35089925515115816,0.003090692434798457,0.0,258.3235121551703,120.93832584588542,1.0816476632063407e-05,4.5946662290002723e-05,0.0,0.0,1.0,1.0,14.311392496840542,2.1631077931818554,14.902077737167991,2.2605917306281937,14.311392496840542,2.1631077931818554
23.508333333455063,0.350898354458109,0.003087228371637733,0.0,258.3231879054641,120.93727285838116,1.0800230030278064e-05,4.586943800174993e-05,0.0,0.0,1.0,1.0,14.311392496840547,2.1616061564582267,14.902077737167993,2.2590224202222142,14.311392496840547,2.1616061564582267
23.516666666788883,0.3508974551175824,0.003083770123837075,0.0,258.3228641426664,120.93622169809461,1.0784015949245197e-05,4.579238655943166e-05,0.0,0.0,1.0,1.0,14.311392496840565,2.160105562175883,14.902077737168009,2.2574541992368062,14.311392496840565,2.160105562175883
23.525000000122702,0.35089655712687157,0.003080317678397348,0.0,258.3225408658026,120.93517236082207,1.0767834307634242e-05,4.571550748002863e-05,0.0,0.0,1.0,1.0,14.311392496840579,2.1586060096111543,14.902077737167982,2.255887066915692,14.311392496840579,2.1586060096111543
23.53333333345652,0.3508956604832767,0.0030768710223557107,0.0,258.3222180739009,120.9341248423718,1.075168502435967e-05,4.5638800282140076e-05,0.0,0.0,1.0,1.0,14.311392496840563,2.1571074980408476,14.902077737167977,2.2543210225031296,14.311392496840563,2.1571074980408476
23.541666666790338,0.3508947651841045,0.003073430142785473,0.0,258.32189576599166,120.93307913856417,1.0735568018576515e-05,4.556226448597661e-05,0.0,0.0,1.0,1.0,14.311392496840572,2.1556100267422686,14.902077737167993,2.252756065243881,14.311392496840572,2.1556100267422686
23.550000000124157,0.35089387122666876,0.0030699950267959715,0.0,258.32157394110783,120.93203524523143,1.0719483209686878e-05,4.5485899613354163e-05,0.0,0.0,1.0,1.0,14.31139249684053,2.1541135949933183,14.902077737168,2.251192194383247,14.31139249684053,2.1541135949933183
23.558333333457973,0.3508929786082897,0.0030665656615324562,0.0,258.3212525982848,120.93099315821772,1.070343051733045e-05,4.5409705187687716e-05,0.0,0.0,1.0,1.0,14.311392496840533,2.152618202072331,14.902077737167996,2.24962940916704,14.311392496840533,2.152618202072331
23.566666666791793,0.3508920873262943,0.0030631420341759707,0.0,258.3209317365601,120.92995287337911,1.0687409861389017e-05,4.533368073398516e-05,0.0,0.0,1.0,1.0,14.311392496840556,2.151123847258158,14.902077737167977,2.248067708841605,14.311392496840556,2.151123847258158
23.575000000125613,0.3508911973780163,0.0030597241319432213,0.0,258.320611354974,120.92891438658344,1.0671421161982505e-05,4.52578257788408e-05,0.0,0.0,1.0,1.0,14.311392496840547,2.149630529830133,14.902077737167998,2.2465070926537978,14.311392496840547,2.149630529830133
23.58333333345943,0.3508903087607957,0.003056311942086487,0.0,258.3202914525689,120.92787769371037,1.0655464339470488e-05,4.5182139850429755e-05,0.0,0.0,1.0,1.0,14.31139249684057,2.1481382490681042,14.902077737168003,2.244947559851007,14.31139249684057,2.1481382490681042
23.591666666793248,0.3508894214719797,0.003052905451893468,0.0,258.31997202838977,120.92684279065126,1.0639539314452198e-05,4.5106622478501244e-05,0.0,0.0,1.0,1.0,14.31139249684058,2.146647004252409,14.902077737168012,2.2433891096811593,14.31139249684058,2.146647004252409
23.600000000127068,0.3508885355089217,0.0030495046486871806,0.0,258.3196530814838,120.92580967330923,1.0623646007761089e-05,4.503127319437254e-05,0.0,0.0,1.0,1.0,14.311392496840579,2.1451567946638934,14.902077737168007,2.241831741392672,14.311392496840579,2.1451567946638934
23.608333333460884,0.3508876508689817,0.003046109519825853,0.0,258.3193346109006,120.92477833759904,1.060778434046734e-05,4.4956091530923385e-05,0.0,0.0,1.0,1.0,14.311392496840588,2.1436676195838977,14.902077737168009,2.2402754542345042,14.311392496840588,2.1436676195838977
23.616666666794703,0.3508867675495266,0.0030427200527027914,0.0,258.3190166156923,120.92374877944708,1.0591954233880873e-05,4.4881077022589376e-05,0.0,0.0,1.0,1.0,14.31139249684058,2.142179478294265,14.902077737168051,2.2387202474561354,14.31139249684058,2.142179478294265
23.625000000128523,0.35088588554792954,0.003039336234746266,0.0,258.3186990949132,120.9227209947913,1.0576155609543419e-05,4.4806229205356075e-05,0.0,0.0,1.0,1.0,14.311392496840583,2.140692370077331,14.902077737168053,2.237166120307567,14.311392496840583,2.140692370077331
23.63333333346234,0.35088500486157026,0.003035958053419392,0.0,258.31838204762,120.92169497958126,1.0560388389229048e-05,4.473154761675293e-05,0.0,0.0,1.0,1.0,14.311392496840613,2.139206294215915,14.902077737168051,2.2356130720393015,14.311392496840613,2.139206294215915
23.64166666679616,0.35088412548783504,0.003032585496220011,0.0,258.31806547287175,120.92067072977795,1.0544652494947676e-05,4.465703179584722e-05,0.0,0.0,1.0,1.0,14.311392496840629,2.137721249993323,14.902077737168051,2.2340611019023764,14.311392496840629,2.137721249993323
23.650000000129978,0.35088324742411653,0.0030292185506806102,0.0,258.3177493697298,120.91964824135388,1.0528947848938157e-05,4.458268128323882e-05,0.0,0.0,1.0,1.0,14.311392496840629,2.136237236693441,14.902077737168053,2.2325102091483684,14.311392496840629,2.136237236693441
23.658333333463794,0.35088237066781414,0.0030258572043681546,0.0,258.317433737258,120.91862751029299,1.051327437367624e-05,4.450849562105314e-05,0.0,0.0,1.0,1.0,14.311392496840627,2.1347542536005983,14.902077737168016,2.2309603930293367,14.311392496840627,2.1347542536005983
23.666666666797614,0.35088149521633344,0.0030225014448840093,0.0,258.31711857452234,120.91760853259059,1.0497631991864706e-05,4.443447435293599e-05,0.0,0.0,1.0,1.0,14.311392496840632,2.1332722999996165,14.902077737168002,2.2294116527978827,14.311392496840632,2.1332722999996165
23.675000000131433,0.3508806210670865,0.003019151259863815,0.0,258.31680388059107,120.91659130425333,1.0482020626435368e-05,4.436061702404753e-05,0.0,0.0,1.0,1.0,14.31139249684062,2.1317913751758213,14.902077737168014,2.227863987707121,14.31139249684062,2.1317913751758213
23.68333333346525,0.3508797482174918,0.0030158066369773743,0.0,258.3164896545349,120.91557582129923,1.046644020054963e-05,4.428692318105642e-05,0.0,0.0,1.0,1.0,14.311392496840655,2.1303114784150283,14.902077737168048,2.226317397010689,14.311392496840655,2.1303114784150283
23.69166666679907,0.3508788766649742,0.003012467563928526,0.0,258.31617589542685,120.9145620797575,1.0450890637598506e-05,4.421339237213349e-05,0.0,0.0,1.0,1.0,14.311392496840659,2.1288326090035565,14.90207773716803,2.2247718799627387,14.311392496840659,2.1288326090035565
23.70000000013289,0.35087800640696537,0.003009134028455068,0.0,258.31586260234224,120.91355007566871,1.0435371861204162e-05,4.414002414694708e-05,0.0,0.0,1.0,1.0,14.311392496840654,2.12735476622822,14.902077737168003,2.2232274358179334,14.311392496840654,2.12735476622822
23.708333333466705,0.35087713744090254,0.0030058060183286,0.0,258.31554977435843,120.9125398050845,1.0419883795207575e-05,4.4066818056656007e-05,0.0,0.0,1.0,1.0,14.311392496840655,2.125877949376322,14.902077737168007,2.2216840638314608,14.311392496840655,2.125877949376322
23.716666666800524,0.35087626976422986,0.0030024835213544425,0.0,258.3152374105554,120.91153126406775,1.0404426363680468e-05,4.399377365390453e-05,0.0,0.0,1.0,1.0,14.311392496840698,2.1244021577356658,14.902077737167998,2.220141763259035,14.311392496840698,2.1244021577356658
23.725000000134344,0.3508754033743976,0.0029991665253715125,0.0,258.31492551001526,120.91052444869243,1.0388999490919912e-05,4.3920890492816434e-05,0.0,0.0,1.0,1.0,14.311392496840726,2.1229273905945334,14.902077737167994,2.2186005333568657,14.311392496840726,2.1229273905945334
23.73333333346816,0.35087453826886245,0.0029958550182522174,0.0,258.31461407182235,120.9095193550436,1.0373603101445397e-05,4.384816812898937e-05,0.0,0.0,1.0,1.0,14.311392496840714,2.1214536472417276,14.902077737167987,2.2170603733816976,14.311392496840714,2.1214536472417276
23.74166666680198,0.3508736744450871,0.0029925489879023487,0.0,258.3143030950633,120.9085159792174,1.0358237120000386e-05,4.3775606119489235e-05,0.0,0.0,1.0,1.0,14.31139249684073,2.1199809269664676,14.902077737167984,2.2155212825907737,14.31139249684073,2.1199809269664676
23.7500000001358,0.35087281190054065,0.0029892484222609644,0.0,258.3139925788269,120.90751431732095,1.0342901471550875e-05,4.370320402284445e-05,0.0,0.0,1.0,1.0,14.311392496840705,2.118509229058582,14.902077737167959,2.2139832602418745,14.311392496840705,2.118509229058582
23.758333333469615,0.35087195063269866,0.0029859533093002785,0.0,258.3136825222044,120.90651436547235,1.0327596081285945e-05,4.36309613990402e-05,0.0,0.0,1.0,1.0,14.311392496840687,2.1170385528083453,14.902077737167978,2.212446305593278,14.311392496840687,2.1170385528083453
23.766666666803435,0.3508710906390427,0.002982663637025549,0.0,258.3133729242892,120.90551611980065,1.0312320874619278e-05,4.355887780951285e-05,0.0,0.0,1.0,1.0,14.311392496840693,2.115568897506517,14.902077737167964,2.2109104179037806,14.311392496840693,2.115568897506517
23.775000000137254,0.3508702319170607,0.0029793793934749873,0.0,258.31306378417685,120.9045195764458,1.0297075777178887e-05,4.348695281714479e-05,0.0,0.0,1.0,1.0,14.311392496840721,2.1141002624443623,14.902077737167943,2.2093755964327033,14.311392496840721,2.1141002624443623
23.78333333347107,0.3508693744642463,0.0029761005667196297,0.0,258.31275510096526,120.90352473155858,1.0281860714815537e-05,4.341518598625834e-05,0.0,0.0,1.0,1.0,14.311392496840698,2.1126326469136125,14.902077737167964,2.2078418404398703,14.311392496840698,2.1126326469136125
23.79166666680489,0.3508685182781,0.002972827144863241,0.0,258.31244687375437,120.90253158130062,1.0266675613597388e-05,4.334357688261059e-05,0.0,0.0,1.0,1.0,14.311392496840705,2.1111660502065157,14.902077737167936,2.206309149185619,14.311392496840705,2.1111660502065157
23.80000000013871,0.35086766335612807,0.0029695591160421885,0.0,258.31213910164655,120.90154012184438,1.0251520399815475e-05,4.327212507338733e-05,0.0,0.0,1.0,1.0,14.311392496840703,2.109700471615795,14.902077737167934,2.2047775219308012,14.311392496840703,2.109700471615795
23.808333333472525,0.35086680969584283,0.0029662964684253764,0.0,258.3118317837463,120.90055034937302,1.0236394999972941e-05,4.3200830127198684e-05,0.0,0.0,1.0,1.0,14.311392496840712,2.1082359104346757,14.902077737167925,2.2032469579368006,14.311392496840712,2.1082359104346757
23.816666666806345,0.35086595729476294,0.0029630391902140864,0.0,258.3115249191602,120.89956226008044,1.0221299340791984e-05,4.31296916140724e-05,0.0,0.0,1.0,1.0,14.311392496840732,2.10677236595686,14.902077737167922,2.2017174564654862,14.311392496840732,2.10677236595686
23.825000000140165,0.3508651061504131,0.002959787269641911,0.0,258.31121850699725,120.89857585017121,1.0206233349211478e-05,4.305870910544921e-05,0.0,0.0,1.0,1.0,14.311392496840744,2.1053098374765606,14.902077737167895,2.20018901677925,14.311392496840744,2.1053098374765606
23.83333333347398,0.350864256260324,0.002956540694974624,0.0,258.3109125463684,120.89759111586059,1.0191196952383586e-05,4.298788217417704e-05,0.0,0.0,1.0,1.0,14.311392496840726,2.1038483242884607,14.902077737167922,2.1986616381410005,14.311392496840726,2.1038483242884607
23.8416666668078,0.35086340762203244,0.002953299454510095,0.0,258.310607036387,120.89660805337438,1.0176190077676782e-05,4.291721039450596e-05,0.0,0.0,1.0,1.0,14.311392496840725,2.1023878256877198,14.902077737167938,2.197135319814156,14.311392496840725,2.1023878256877198
23.85000000014162,0.35086256023308127,0.0029500635365781584,0.0,258.31030197616843,120.89562665894903,1.0161212652672968e-05,4.284669334208234e-05,0.0,0.0,1.0,1.0,14.31139249684073,2.1009283409699853,14.902077737167925,2.195610061062647,14.31139249684073,2.1009283409699853
23.858333333475436,0.3508617140910194,0.002946832929540538,0.0,258.3099973648303,120.89464692883145,1.0146264605165113e-05,4.277633059394407e-05,0.0,0.0,1.0,1.0,14.31139249684073,2.0994698694314686,14.902077737167891,2.1940858611509095,14.31139249684073,2.0994698694314686
23.866666666809255,0.35086086919340176,0.002943607621790723,0.0,258.30969320149234,120.89366885927916,1.013134586316318e-05,4.270612172851489e-05,0.0,0.0,1.0,1.0,14.311392496840705,2.098012410368813,14.902077737167874,2.1925627193438904,14.311392496840705,2.098012410368813
23.875000000143075,0.3508600255377892,0.0029403876017538673,0.0,258.30938948527654,120.89269244656005,1.0116456354886871e-05,4.26360663255991e-05,0.0,0.0,1.0,1.0,14.311392496840698,2.0965559630791537,14.902077737167904,2.191040634907046,14.311392496840698,2.0965559630791537
23.88333333347689,0.3508591831217486,0.0029371728578866914,0.0,258.30908621530693,120.89171768695249,1.0101596008762248e-05,4.2566163966376526e-05,0.0,0.0,1.0,1.0,14.311392496840693,2.095100526860113,14.902077737167899,2.1895196071063547,14.311392496840693,2.095100526860113
23.89166666681071,0.35085834194285276,0.0029339633786773676,0.0,258.3087833907097,120.89074457674525,1.0086764753432135e-05,4.2496414233396785e-05,0.0,0.0,1.0,1.0,14.31139249684071,2.093646101009791,14.902077737167904,2.1879996352083,14.31139249684071,2.093646101009791
23.90000000014453,0.35085750199868027,0.002930759152645445,0.0,258.3084810106132,120.88977311223746,1.0071962517742445e-05,4.242681671057496e-05,0.0,0.0,1.0,1.0,14.311392496840751,2.0921926848268084,14.902077737167911,2.1864807184798676,14.311392496840751,2.0921926848268084
23.908333333478346,0.35085666328681603,0.002927560168341704,0.0,258.3081790741479,120.88880328973859,1.0057189230753551e-05,4.235737098318527e-05,0.0,0.0,1.0,1.0,14.311392496840728,2.0907402776102364,14.902077737167922,2.184962856188547,14.311392496840728,2.0907402776102364
23.916666666812166,0.35085582580485036,0.0029243664143480874,0.0,258.3078775804464,120.88783510556839,1.0042444821730551e-05,4.2288076637856616e-05,0.0,0.0,1.0,1.0,14.3113924968407,2.0892888786596586,14.9020777371679,2.18344604760235,14.3113924968407,2.0892888786596586
23.925000000145985,0.35085498955038,0.002921177879277592,0.0,258.30757652864355,120.88686855605688,1.0027729220148273e-05,4.221893326256737e-05,0.0,0.0,1.0,1.0,14.311392496840673,2.087838487275128,14.902077737167916,2.181930291989796,14.311392496840673,2.087838487275128
23.9333333334798,0.350854154521007,0.002917994551774164,0.0,258.3072759178759,120.8859036375443,1.0013042355682045e-05,4.2149940446640145e-05,0.0,0.0,1.0,1.0,14.311392496840686,2.0863891027571815,14.902077737167902,2.1804155886198955,14.311392496840686,2.0863891027571815
23.94166666681362,0.3508533207143397,0.0029148164205125976,0.0,258.3069757472827,120.88494034638111,9.998384158222453e-06,4.2081097780736584e-05,0.0,0.0,1.0,1.0,14.311392496840682,2.08494072440686,14.902077737167936,2.178901936762185,14.311392496840682,2.08494072440686
23.95000000014744,0.3508524881279922,0.0029116434741984338,0.0,258.3066760160049,120.8839786789279,9.983754557859797e-06,4.201240485685234e-05,0.0,0.0,1.0,1.0,14.311392496840687,2.0834933515256235,14.902077737167932,2.1773893356866982,14.311392496840687,2.0834933515256235
23.958333333481256,0.35085165675958413,0.0029084757015678626,0.0,258.3063767231855,120.88301863155537,9.96915348488807e-06,4.1943861268312035e-05,0.0,0.0,1.0,1.0,14.311392496840684,2.082046983415496,14.902077737167895,2.1758777846639847,14.311392496840684,2.082046983415496
23.966666666815076,0.3508508266067411,0.0029053130913876263,0.0,258.30607786796986,120.88206020064439,9.954580869806553e-06,4.187546660976429e-05,0.0,0.0,1.0,1.0,14.311392496840668,2.0806016193789882,14.902077737167867,2.174367282965094,14.311392496840668,2.0806016193789882
23.975000000148896,0.3508499976670947,0.0029021556324549213,0.0,258.3057794495053,120.8811033825858,9.940036643317408e-06,4.180722047717669e-05,0.0,0.0,1.0,1.0,14.311392496840698,2.079157258719068,14.902077737167877,2.172857829861575,14.311392496840698,2.079157258719068
23.98333333348271,0.3508491699382819,0.0028990033135972825,0.0,258.30548146694105,120.88014817378053,9.92552073632534e-06,4.17391224678305e-05,0.0,0.0,1.0,1.0,14.311392496840707,2.0777139007391923,14.90207773716787,2.171349424625491,14.311392496840707,2.0777139007391923
23.99166666681653,0.35084834341794574,0.002895856123672504,0.0,258.3051839194287,120.87919457063943,9.911033079936187e-06,4.167117218031598e-05,0.0,0.0,1.0,1.0,14.311392496840696,2.0762715447432925,14.902077737167849,2.1698420665294167,14.311392496840696,2.0762715447432925
24.00000000015035,0.3508475181037349,0.002892714051568534,0.0,258.3048868061218,120.8782425695834,9.896573605458008e-06,4.1603369214527375e-05,0.0,0.0,1.0,1.0,14.311392496840694,2.074830190035792,14.902077737167813,2.1683357548464177,14.311392496840694,2.074830190035792
