hour,head_A,head_B,head_R,vol_A,vol_B,q_AB,q_BR,q_WA,q_WB,setting_AB,setting_BR,tracer_1,reactive_1,tracer_2,reactive_2,tracer_3,reactive_3
0.008333333333333377,0.30000064300370227,6.430037019849986e-07,0.0,157.03737664999957,156.99999999999997,0.0,0.0,0.0,0.0,0.0,0.0,0.0,0.0,0.0,0.0,0.0,0.0
0.01666666666666683,0.3000006430037026,6.430037019849986e-07,0.0,157.1497541500106,156.99999999999997,0.0,0.0,0.0,0.0,0.0,0.0,0.0,0.0,0.0,0.0,0.0,0.0
0.024999999999999765,0.3000006430037028,6.430037019849986e-07,0.0,157.337131650019,156.99999999999997,0.0,0.0,0.0,0.0,0.0,0.0,0.0,0.0,0.0,0.0,0.0,0.0
0.033333333333332625,0.3000006430037028,6.430037019849986e-07,0.0,157.59950915003512,156.99999999999997,0.0,0.0,0.0,0.0,0.0,0.0,0.0,0.0,0.0,0.0,0.0,0.0
0.04166666666666549,0.30000064300370244,6.430037019849986e-07,0.0,157.9368866500485,156.99999999999997,0.0,0.0,0.0,0.0,0.0,0.0,0.0,0.0,0.0,0.0,0.0,0.0
0.04999999999999835,0.30000064300370244,6.430037019849986e-07,0.0,158.3492641500699,156.99999999999997,0.0,0.0,0.0,0.0,0.0,0.0,0.0,0.0,0.0,0.0,0.0,0.0
0.05833333333333121,0.30000064300370244,6.430037019849986e-07,0.0,158.83664165009915,156.99999999999997,0.0,0.0,0.0,0.0,0.0,0.0,0.0,0.0,0.0,0.0,0.0,0.0
0.06666666666666407,0.30000064300370277,6.430037019849986e-07,0.0,159.39901915013635,156.99999999999997,0.0,0.0,0.0,0.0,0.0,0.0,0.0,0.0,0.0,0.0,0.0,0.0
0.07499999999999803,0.30000064300370266,6.430037019849986e-07,0.0,160.03639665017081,156.99999999999997,0.0,0.0,0.0,0.0,0.0,0.0,0.0,0.0,0.0,0.0,0.0,0.0
0.08333333333333326,0.3000006430037024,6.430037019849986e-07,0.0,160.74877415021305,156.99999999999997,0.0,0.0,0.0,0.0,0.0,0.0,0.0,0.0,0.0,0.0,0.0,0.0
0.09166666666666848,0.3000006430037021,6.430037019849986e-07,0.0,161.53615165025792,156.99999999999997,0.0,0.0,0.0,0.0,0.0,0.0,0.0,0.0,0.0,0.0,0.0,0.0
0.1000000000000037,0.30000064300370205,6.430037019849986e-07,0.0,162.3985291503107,156.99999999999997,0.0,0.0,0.0,0.0,0.0,0.0,0.0,0.0,0.0,0.0,0.0,0.0
0.10833333333333894,0.30000064300370255,6.430037019849986e-07,0.0,163.33590665036633,156.99999999999997,0.0,0.0,0.0,0.0,0.0,0.0,0.0,0.0,0.0,0.0,0.0,0.0
0.11666666666667416,0.30000064300370266,6.430037019849986e-07,0.0,164.34828415042966,156.99999999999997,0.0,0.0,0.0,0.0,0.0,0.0,0.0,0.0,0.0,0.0,0.0,0.0
0.1250000000000094,0.3000006430037026,6.430037019849986e-07,0.0,165.43566165049555,156.99999999999997,0.0,0.0,0.0,0.0,0.0,0.0,0.0,0.0,0.0,0.0,0.0,0.0
0.13333333333334463,0.3000006430037021,6.430037019849986e-07,0.0,166.5980391505587,156.99999999999997,0.0,0.0,0.0,0.0,0.0,0.0,0.0,0.0,0.0,0.0,0.0,0.0
0.14166666666667987,0.3000006430037017,6.430037019849986e-07,0.0,167.83541665062447,156.99999999999997,0.0,0.0,0.0,0.0,0.0,0.0,0.0,0.0,0.0,0.0,0.0,0.0
0.15000000000001507,0.3000006430037021,6.430037019849986e-07,0.0,169.14779415069836,156.99999999999997,0.0,0.0,0.0,0.0,0.0,0.0,0.0,0.0,0.0,0.0,0.0,0.0
0.1583333333333503,0.3000006430037024,6.430037019849986e-07,0.0,170.5351716507801,156.99999999999997,0.0,0.0,0.0,0.0,0.0,0.0,0.0,0.0,0.0,0.0,0.0,0.0
0.1666666666666855,0.30000064300370266,6.430037019849986e-07,0.0,171.99754915086444,156.99999999999997,0.0,0.0,0.0,0.0,0.0,0.0,0.0,0.0,0.0,0.0,0.0,0.0
0.17500000000002075,0.30000064300370244,6.430037019849986e-07,0.0,173.5349266509565,156.99999999999997,0.0,0.0,0.0,0.0,0.0,0.0,0.0,0.0,0.0,0.0,0.0,0.0
0.18333333333335597,0.3000006430037021,6.430037019849986e-07,0.0,175.14730415105112,156.99999999999997,0.0,0.0,0.0,0.0,0.0,0.0,0.0,0.0,0.0,0.0,0.0,0.0
0.19166666666669122,0.3000006430037022,6.430037019849986e-07,0.0,176.8346816511485,156.99999999999997,0.0,0.0,0.0,0.0,0.0,0.0,0.0,0.0,0.0,0.0,0.0,0.0
0.20000000000002643,0.3000006430037024,6.430037019849986e-07,0.0,178.59705915125377,156.99999999999997,0.0,0.0,0.0,0.0,0.0,0.0,0.0,0.0,0.0,0.0,0.0,0.0
0.20833333333336165,0.30000064300370277,6.430037019849986e-07,0.0,180.43443665136172,156.99999999999997,0.0,0.0,0.0,0.0,0.0,0.0,0.0,0.0,0.0,0.0,0.0,0.0
0.21666666666669687,0.3000006430037026,6.430037019849986e-07,0.0,182.34681415147736,156.99999999999997,0.0,0.0,0.0,0.0,0.0,0.0,0.0,0.0,0.0,0.0,0.0,0.0
0.22500000000003212,0.3000006430037024,6.430037019849986e-07,0.0,184.33419165159034,156.99999999999997,0.0,0.0,0.0,0.0,0.0,0.0,0.0,0.0,0.0,0.0,0.0,0.0
0.23333333333336737,0.3000006430037022,6.430037019849986e-07,0.0,186.39656915171122,156.99999999999997,0.0,0.0,0.0,0.0,0.0,0.0,0.0,0.0,0.0,0.0,0.0,0.0
0.24166666666670256,0.30000064300370227,6.430037019849986e-07,0.0,188.5339466518295,156.99999999999997,0.0,0.0,0.0,0.0,0.0,0.0,0.0,0.0,0.0,0.0,0.0,0.0
0.2500000000000378,0.30000064300370277,6.430037019849986e-07,0.0,190.74632415195583,156.99999999999997,0.0,0.0,0.0,0.0,0.0,0.0,0.0,0.0,0.0,0.0,0.0,0.0
0.25833333333337305,0.30000064300370266,6.430037019849986e-07,0.0,193.03370165208983,156.99999999999997,0.0,0.0,0.0,0.0,0.0,0.0,0.0,0.0,0.0,0.0,0.0,0.0
0.26666666666670824,0.3000006430037028,6.430037019849986e-07,0.0,195.39607915222646,156.99999999999997,0.0,0.0,0.0,0.0,0.0,0.0,0.0,0.0,0.0,0.0,0.0,0.0
0.2750000000000435,0.30000064300370255,6.430037019849986e-07,0.0,197.83345665237084,156.99999999999997,0.0,0.0,0.0,0.0,0.0,0.0,0.0,0.0,0.0,0.0,0.0,0.0
0.28333333333337873,0.3000006430037021,6.430037019849986e-07,0.0,200.34583415251782,156.99999999999997,0.0,0.0,0.0,0.0,0.0,0.0,0.0,0.0,0.0,0.0,0.0,0.0
0.2916666666667057,0.30000064300370277,6.430037019849986e-07,0.0,202.93321165266772,156.99999999999997,0.0,0.0,0.0,0.0,0.0,0.0,0.0,0.0,0.0,0.0,0.0,0.0
0.30000000000003146,0.3000006430037028,6.430037019849986e-07,0.0,205.59558915282537,156.99999999999997,0.0,0.0,0.0,0.0,0.0,0.0,0.0,0.0,0.0,0.0,0.0,0.0
0.3083333333333572,0.300000643003703,6.430037019849986e-07,0.0,208.33296665298565,156.99999999999997,0.0,0.0,0.0,0.0,0.0,0.0,0.0,0.0,0.0,0.0,0.0,0.0
0.31666666666668297,0.30000064300370255,6.430037019849986e-07,0.0,211.14534415314841,156.99999999999997,0.0,0.0,0.0,0.0,0.0,0.0,0.0,0.0,0.0,0.0,0.0,0.0
0.3250000000000087,0.30000064300370205,6.430037019849986e-07,0.0,214.03272165331376,156.99999999999997,0.0,0.0,0.0,0.0,0.0,0.0,0.0,0.0,0.0,0.0,0.0,0.0
0.3333333333333345,0.3000006430037024,6.430037019849986e-07,0.0,216.99509915348713,156.99999999999997,0.0,0.0,0.0,0.0,0.0,0.0,0.0,0.0,0.0,0.0,0.0,0.0
0.34166666666666023,0.3000006430037028,6.430037019849986e-07,0.0,220.03247665366314,156.99999999999997,0.0,0.0,0.0,0.0,0.0,0.0,0.0,0.0,0.0,0.0,0.0,0.0
0.349999999999986,0.3000006430037033,6.430037019849986e-07,0.0,223.1448541538418,156.99999999999997,0.0,0.0,0.0,0.0,0.0,0.0,0.0,0.0,0.0,0.0,0.0,0.0
0.35833333333331174,0.300000643003703,6.430037019849986e-07,0.0,226.33223165402813,156.99999999999997,0.0,0.0,0.0,0.0,0.0,0.0,0.0,0.0,0.0,0.0,0.0,0.0
0.3666666666666375,0.3000006430037031,6.430037019849986e-07,0.0,229.5946091542171,156.99999999999997,0.0,0.0,0.0,0.0,0.0,0.0,0.0,0.0,0.0,0.0,0.0,0.0
0.37499999999996325,0.300000643003703,6.430037019849986e-07,0.0,232.93198665441392,156.99999999999997,0.0,0.0,0.0,0.0,0.0,0.0,0.0,0.0,0.0,0.0,0.0,0.0
0.383333333333289,0.30000064300370316,6.430037019849986e-07,0.0,236.34436415461343,156.99999999999997,0.0,0.0,0.0,0.0,0.0,0.0,0.0,0.0,0.0,0.0,0.0,0.0
0.39166666666661476,0.3000006430037034,6.430037019849986e-07,0.0,239.83174165482097,156.99999999999997,0.0,0.0,0.0,0.0,0.0,0.0,0.0,0.0,0.0,0.0,0.0,0.0
0.3999999999999405,0.3000006430037032,6.430037019849986e-07,0.0,243.39411915502566,156.99999999999997,0.0,0.0,0.0,0.0,0.0,0.0,0.0,0.0,0.0,0.0,0.0,0.0
0.40833333333326627,0.3000006430037032,6.430037019849986e-07,0.0,247.03149665523821,156.99999999999997,0.0,0.0,0.0,0.0,0.0,0.0,0.0,0.0,0.0,0.0,0.0,0.0
0.416666666666592,0.30000064300370277,6.430037019849986e-07,0.0,250.74387382255424,156.99999999999997,0.0,0.0,1.6704649311091881e-06,0.0,0.0,0.0,0.0,0.0,20.0,20.0,0.0,0.0
0.4249999999999178,0.30000064300370277,6.430037019849986e-07,0.0,254.5311164874444,156.99999999999997,0.0,0.0,8.453556466611062e-06,0.0,0.0,0.0,0.0,0.0,20.00000000000001,20.00000000000001,0.0,0.0
0.43333333333324353,0.3000006430037035,6.430037019849986e-07,0.0,258.393033616955,156.99999999999997,0.0,0.0,2.3919251920530724e-05,0.0,0.0,0.0,0.0,0.0,19.999999999999993,19.999999999999993,0.0,0.0
0.4416666666665693,0.30000064300370316,6.430037019849986e-07,0.0,262.3293135749869,156.99999999999997,0.0,0.0,5.144059572976456e-05,0.0,0.0,0.0,0.0,0.0,19.999999999999982,19.999999999999982,0.0,0.0
0.44999999999989504,0.3000006430037047,6.430037019849986e-07,0.0,266.33954586844027,156.99999999999997,0.0,0.0,9.423668600945954e-05,0.0,0.0,0.0,0.0,0.0,20.000000000000004,20.000000000000004,0.0,0.0
0.4583333333332208,0.3000006430037063,6.430037019849986e-07,0.0,270.4232256631943,156.99999999999997,0.0,0.0,0.00015537938864993318,0.0,0.0,0.0,0.0,0.0,19.999999999999986,19.999999999999986,0.0,0.0
0.46666666666654655,0.3000006430037049,6.430037019849986e-07,0.0,274.57975810778936,156.99999999999997,0.0,0.0,0.00023779941669122037,0.0,0.0,0.0,0.0,0.0,19.999999999999993,19.999999999999993,0.0,0.0
0.4749999999998723,0.3000006430037063,6.430037019849986e-07,0.0,278.8084624857736,156.99999999999997,0.0,0.0,0.00034429166847345545,0.0,0.0,0.0,0.0,0.0,19.99999999999999,19.99999999999999,0.0,0.0
0.48333333333319806,0.30000064300370505,6.430037019849986e-07,0.0,283.108576219575,156.99999999999997,0.0,0.0,0.00047751978447863405,0.0,0.0,0.0,0.0,0.0,20.00000000000002,20.00000000000002,0.0,0.0
0.4916666666665238,0.300000643003706,6.430037019849986e-07,0.0,287.47925874940773,156.99999999999997,0.0,0.0,0.0006400199330115877,0.0,0.0,0.0,0.0,0.0,20.000000000000004,20.000000000000004,0.0,0.0
0.49999999999984956,0.3000006430037041,6.430037019849986e-07,0.0,291.9195953096128,156.99999999999997,0.0,0.0,0.0008342038708995828,0.0,0.0,0.0,0.0,0.0,20.000000000000014,20.000000000000014,0.0,0.0
0.5083333333331753,0.3000006430037041,6.430037019849986e-07,0.0,296.42860062327173,156.99999999999997,0.0,0.0,0.0010623613496385255,0.0,0.0,0.0,0.0,0.0,19.99999999999998,19.99999999999998,0.0,0.0
0.5166666666665011,0.3000006430037049,6.430037019849986e-07,0.0,301.0052225334202,156.99999999999997,0.0,0.0,0.0013266619520931507,0.0,0.0,0.0,0.0,0.0,19.999999999999993,19.999999999999993,0.0,0.0
0.5249999999998268,0.3000006430037033,6.430037019849986e-07,0.0,305.64834558656,156.99999999999997,0.0,0.0,0.0016291564521320782,0.0,0.0,0.0,0.0,0.0,20.000000000000032,20.000000000000032,0.0,0.0
0.5333333333331526,0.30000064300370255,6.430037019849986e-07,0.0,310.3567945813868,156.99999999999997,0.0,0.0,0.0019717777912860116,0.0,0.0,0.0,0.0,0.0,20.000000000000053,20.000000000000053,0.0,0.0
0.5416666666664783,0.300000643003703,6.430037019849986e-07,0.0,315.1293380928251,156.99999999999997,0.0,0.0,0.0023563417641689066,0.0,0.0,0.0,0.0,0.0,20.000000000000036,20.000000000000036,0.0,0.0
0.5499999999998041,0.30000064300370377,6.430037019849986e-07,0.0,319.9646919788068,156.99999999999997,0.0,0.0,0.002784547499265398,0.0,0.0,0.0,0.0,0.0,20.000000000000036,20.000000000000036,0.0,0.0
0.5583333333331298,0.30000064300370377,6.430037019849986e-07,0.0,324.86152287466143,156.99999999999997,0.0,0.0,0.0032579778147191502,0.0,0.0,0.0,0.0,0.0,20.00000000000003,20.00000000000003,0.0,0.0
0.5666666666664556,0.30000064300370394,6.430037019849986e-07,0.0,329.81845167784024,156.99999999999997,0.0,0.0,0.0037780995207754233,0.0,0.0,0.0,0.0,0.0,20.000000000000014,20.000000000000014,0.0,0.0
0.5749999999997814,0.30000064300370505,6.430037019849986e-07,0.0,334.83405702355077,156.99999999999997,0.0,0.0,0.004346263731983709,0.0,0.0,0.0,0.0,0.0,20.000000000000057,20.000000000000057,0.0,0.0
0.5833333333331071,0.30000064300370616,6.430037019849986e-07,0.0,339.90687875016664,156.99999999999997,0.0,0.0,0.004963706243663347,0.0,0.0,0.0,0.0,0.0,20.000000000000057,20.000000000000057,0.0,0.0
0.5916666666664329,0.30000064300370666,6.430037019849986e-07,0.0,345.0354213518272,156.99999999999997,0.0,0.0,0.005631548018738616,0.0,0.0,0.0,0.0,0.0,20.000000000000018,20.000000000000018,0.0,0.0
0.5999999999997586,0.3000006430037071,6.430037019849986e-07,0.0,350.2181574142361,156.99999999999997,0.0,0.0,0.006350795822963507,0.0,0.0,0.0,0.0,0.0,20.000000000000004,20.000000000000004,0.0,0.0
0.6083333333330844,0.3000006430037058,6.430037019849986e-07,0.0,355.45353102883706,156.99999999999997,0.0,0.0,0.007122343039094464,0.0,0.0,0.0,0.0,0.0,20.00000000000003,20.00000000000003,0.0,0.0
0.6166666666664101,0.3000006430037082,6.430037019849986e-07,0.0,360.7399611794962,156.99999999999997,0.0,0.0,0.007946970683525132,0.0,0.0,0.0,0.0,0.0,20.00000000000004,20.00000000000004,0.0,0.0
0.6249999999997359,0.30000064300370666,6.430037019849986e-07,0.0,366.07584509548667,156.99999999999997,0.0,0.0,0.008825348642669893,0.0,0.0,0.0,0.0,0.0,20.00000000000007,20.00000000000007,0.0,0.0
0.6333333333330616,0.3000006430037057,6.430037019849986e-07,0.0,371.4595615638661,156.99999999999997,0.0,0.0,0.009758037140536087,0.0,0.0,0.0,0.0,0.0,20.0000000000001,20.0000000000001,0.0,0.0
0.6416666666663874,0.30000064300370266,6.430037019849986e-07,0.0,376.88947419428257,156.99999999999997,0.0,0.0,0.010745488443918146,0.0,0.0,0.0,0.0,0.0,20.00000000000004,20.00000000000004,0.0,0.0
0.6499999999997131,0.30000064300370255,6.430037019849986e-07,0.0,382.3639346290424,156.99999999999997,0.0,0.0,0.01178804880707103,0.0,0.0,0.0,0.0,0.0,20.000000000000043,20.000000000000043,0.0,0.0
0.6583333333330389,0.300000643003703,6.430037019849986e-07,0.0,387.8812856912084,156.99999999999997,0.0,0.0,0.012885960653729898,0.0,0.0,0.0,0.0,0.0,19.99999999999997,19.99999999999997,0.0,0.0
0.6666666666663646,0.3000006430037058,6.430037019849986e-07,0.0,393.4398644637771,156.99999999999997,0.0,0.0,0.014039364990968538,0.0,0.0,0.0,0.0,0.0,20.00000000000002,20.00000000000002,0.0,0.0
0.6749999999996904,0.3000006430037095,6.430037019849986e-07,0.0,399.03800529303214,156.99999999999997,0.0,0.0,0.015248304046367608,0.0,0.0,0.0,0.0,0.0,20.00000000000005,20.00000000000005,0.0,0.0
0.6833333333330162,0.30000064300370965,6.430037019849986e-07,0.0,404.67404270954415,156.99999999999997,0.0,0.0,0.016512724117483807,0.0,0.0,0.0,0.0,0.0,19.999999999999993,19.999999999999993,0.0,0.0
0.6916666666663419,0.30000064300370805,6.430037019849986e-07,0.0,410.3463142606871,156.99999999999997,0.0,0.0,0.017832478620564928,0.0,0.0,0.0,0.0,0.0,19.999999999999954,19.999999999999954,0.0,0.0
0.6999999999996677,0.30000064300370377,6.430037019849986e-07,0.0,416.0531632488531,156.99999999999997,0.0,0.0,0.01920733132368582,0.0,0.0,0.0,0.0,0.0,19.999999999999922,19.999999999999922,0.0,0.0
0.7083333333329934,0.3000006430037041,6.430037019849986e-07,0.0,421.7929413701133,156.99999999999997,0.0,0.0,0.020636959748191835,0.0,0.0,0.0,0.0,0.0,19.999999999999915,19.999999999999915,0.0,0.0
0.7166666666663192,0.30000064300370566,6.430037019849986e-07,0.0,427.564011248488,156.99999999999997,0.0,0.0,0.0221209587212534,0.0,0.0,0.0,0.0,0.0,19.999999999999986,19.999999999999986,0.0,0.0
0.7249999999996449,0.3000006430037065,6.430037019849986e-07,0.0,433.36474886163074,156.99999999999997,0.0,0.0,0.023658844061654135,0.0,0.0,0.0,0.0,0.0,19.999999999999936,19.999999999999936,0.0,0.0
0.7333333333329707,0.30000064300370427,6.430037019849986e-07,0.0,439.19354585414413,156.99999999999997,0.0,0.0,0.02525005638038997,0.0,0.0,0.0,0.0,0.0,19.99999999999994,19.99999999999994,0.0,0.0
0.7416666666662964,0.3000006430037063,6.430037019849986e-07,0.0,445.0488117353716,156.99999999999997,0.0,0.0,0.02689396497743443,0.0,0.0,0.0,0.0,0.0,20.000000000000046,20.000000000000046,0.0,0.0
0.7499999999996222,0.30000064300370693,6.430037019849986e-07,0.0,450.92897595909926,156.99999999999997,0.0,0.0,0.028589871816029733,0.0,0.0,0.0,0.0,0.0,20.00000000000003,20.00000000000003,0.0,0.0
0.758333333332948,0.3000006430037066,6.430037019849986e-07,0.0,456.8324898830672,156.99999999999997,0.0,0.0,0.030337015555921287,0.0,0.0,0.0,0.0,0.0,20.000000000000053,20.000000000000053,0.0,0.0
0.7666666666662738,0.30000064300370505,6.430037019849986e-07,0.0,462.7578286068585,156.99999999999997,0.0,0.0,0.03213457562738536,0.0,0.0,0.0,0.0,0.0,20.000000000000018,20.000000000000018,0.0,0.0
0.7749999999995993,0.30000064300370505,6.430037019849986e-07,0.0,468.7034926871347,156.99999999999997,0.0,0.0,0.033981676328228065,0.0,0.0,0.0,0.0,0.0,19.99999999999996,19.99999999999996,0.0,0.0
0.7833333333329252,0.3000006430037063,6.430037019849986e-07,0.0,474.66800972988915,156.99999999999997,0.0,0.0,0.03587739092667072,0.0,0.0,0.0,0.0,0.0,19.99999999999996,19.99999999999996,0.0,0.0
0.7916666666662511,0.3000006430037079,6.430037019849986e-07,0.0,480.6499358596603,156.99999999999997,0.0,0.0,0.03782074575354063,0.0,0.0,0.0,0.0,0.0,19.99999999999998,19.99999999999998,0.0,0.0
0.7999999999995766,0.30000064300370616,6.430037019849986e-07,0.0,486.6478570664159,156.99999999999997,0.0,0.0,0.039810724268187964,0.0,0.0,0.0,0.0,0.0,19.999999999999986,19.999999999999986,0.0,0.0
0.8083333333329025,0.30000064300370444,6.430037019849986e-07,0.0,492.66039043097965,156.99999999999997,0.0,0.0,0.04184627108317474,0.0,0.0,0.0,0.0,0.0,19.99999999999997,19.99999999999997,0.0,0.0
0.8166666666662283,0.30041743246742497,6.430037019849986e-07,0.0,498.68618523054397,156.99999999999997,0.0,0.0,0.04392629593389507,0.0,0.0,0.0,0.0,0.0,19.999999999999893,19.999999999999893,0.0,0.0
0.8249999999995539,0.30135590685980534,6.430037019849986e-07,0.0,504.72392392606776,156.99999999999997,0.0,0.0,0.0460496775801141,0.0,0.0,0.0,0.0,0.0,19.999999999999915,19.999999999999915,0.0,0.0
0.8333333333328797,0.30239851177070237,6.430037019849986e-07,0.0,510.7723230338564,156.99999999999997,0.0,0.0,0.0482152676275145,0.0,0.0,0.0,0.0,0.0,19.999999999999993,19.999999999999993,0.0,0.0
0.8416666666662056,0.30355716532916466,6.430037019849986e-07,0.0,516.8301337268442,156.99999999999997,0.0,0.0,0.05042200769231315,0.0,0.0,0.0,0.0,0.0,20.00000000000001,20.00000000000001,0.0,0.0
0.8499999999995311,0.3048444524214841,6.430037019849986e-07,0.0,522.8961205631344,156.99999999999997,0.0,0.0,0.052669749203429934,0.0,0.0,0.0,0.0,0.0,19.99999999999997,19.99999999999997,0.0,0.0
0.858333333332857,0.3062735074522266,6.430037019849986e-07,0.0,528.9690908213495,156.99999999999997,0.0,0.0,0.054956114950452314,0.0,0.0,0.0,0.0,0.0,19.99999999999995,19.99999999999995,0.0,0.0
0.8666666666661829,0.3078578660065675,6.430037019849986e-07,0.0,535.047904123378,156.99999999999997,0.0,0.0,0.05727988385819376,0.0,0.0,0.0,0.0,0.0,19.999999999999943,19.999999999999943,0.0,0.0
0.8749999999995084,0.30961128720289594,6.430037019849986e-07,0.0,541.1314568769006,156.99999999999997,0.0,0.0,0.05963982518492126,0.0,0.0,0.0,0.0,0.0,19.999999999999943,19.999999999999943,0.0,0.0
0.8833333333328343,0.31154755035462395,6.430037019849986e-07,0.0,547.2186825174769,156.99999999999997,0.0,0.0,0.062034701685280934,0.0,0.0,0.0,0.0,0.0,19.999999999999943,19.999999999999943,0.0,0.0
0.8916666666661601,0.3136802313642981,6.430037019849986e-07,0.0,553.3085516577593,156.99999999999997,0.0,0.0,0.06446327263634917,0.0,0.0,0.0,0.0,0.0,19.999999999999922,19.999999999999922,0.0,0.0
0.8999999999994857,0.316022465899474,6.430037019849986e-07,0.0,559.4000721480352,156.99999999999997,0.0,0.0,0.06692429672290104,0.0,0.0,0.0,0.0,0.0,19.999999999999925,19.999999999999925,0.0,0.0
0.9083333333328115,0.31858670769225284,6.430037019849986e-07,0.0,565.4922890523774,156.99999999999997,0.0,0.0,0.06941653477890922,0.0,0.0,0.0,0.0,0.0,19.99999999999991,19.99999999999991,0.0,0.0
0.9166666666661374,0.32138449112620276,6.430037019849986e-07,0.0,571.5842845447254,156.99999999999997,0.0,0.0,0.07193875238312537,0.0,0.0,0.0,0.0,0.0,19.999999999999915,19.999999999999915,0.0,0.0
0.9249999999994629,0.3244262075250876,6.430037019849986e-07,0.0,577.675177729348,156.99999999999997,0.0,0.0,0.07448972230741072,0.0,0.0,0.0,0.0,0.0,19.999999999999897,19.999999999999897,0.0,0.0
0.9333333333327888,0.3277209041874804,6.430037019849986e-07,0.0,583.7641243900349,156.99999999999997,0.0,0.0,0.07706822681717966,0.0,0.0,0.0,0.0,0.0,19.999999999999936,19.999999999999936,0.0,0.0
0.9416666666661146,0.3312761142315768,6.430037019849986e-07,0.0,589.8503166725409,156.99999999999997,0.0,0.0,0.07967305982414807,0.0,0.0,0.0,0.0,0.0,19.999999999999925,19.999999999999925,0.0,0.0
0.9499999999994402,0.3350977237964941,6.430037019849986e-07,0.0,595.9329827046407,156.99999999999997,0.0,0.0,0.08230302889212934,0.0,0.0,0.0,0.0,0.0,19.999999999999915,19.999999999999915,0.0,0.0
0.958333333332766,0.33918988121532717,6.430037019849986e-07,0.0,602.0113861581941,156.99999999999997,0.0,0.0,0.08495695709726137,0.0,0.0,0.0,0.0,0.0,19.999999999999876,19.999999999999876,0.0,0.0
0.9666666666660919,0.3435549505943384,6.430037019849986e-07,0.0,608.0848257576044,156.99999999999997,0.0,0.0,0.08763368474467625,0.0,0.0,0.0,0.0,0.0,19.999999999999908,19.999999999999908,0.0,0.0
0.9749999999994174,0.3481935099836488,6.430037019849986e-07,0.0,614.1526347388644,156.99999999999997,0.0,0.0,0.09033207094398722,0.0,0.0,0.0,0.0,0.0,19.999999999999947,19.999999999999947,0.0,0.0
0.9833333333327433,0.35310439218627415,6.430037019849986e-07,0.0,620.2141802634812,156.99999999999997,0.0,0.0,0.09305099504662478,0.0,0.0,0.0,0.0,0.0,19.999999999999996,19.999999999999996,0.0,0.0
0.9916666666660692,0.35828476438,6.430037019849986e-07,0.0,626.2688627912462,156.99999999999997,0.0,0.0,0.09578935794820756,0.0,0.0,0.0,0.0,0.0,19.999999999999964,19.999999999999964,0.0,0.0
0.9999999999993947,0.36373024123788067,6.430037019849986e-07,0.0,632.3161154160103,156.99999999999997,0.0,0.0,0.09854608325980167,0.0,0.0,0.0,0.0,0.0,19.999999999999922,19.999999999999922,0.0,0.0
1.0083333333327205,0.3694350251986085,6.430037019849986e-07,0.0,638.281453521713,156.99999999999997,0.0,0.0,0.10123988976178813,0.0,0.0,0.0,0.0,0.0,19.999999999999883,19.999999999999883,0.0,0.0
1.0166666666660464,0.37539206698017935,6.430037019849986e-07,0.0,644.0931449588941,156.99999999999997,0.0,0.0,0.1037897030145115,0.0,0.0,0.0,0.0,0.0,19.999999999999865,19.999999999999865,0.0,0.0
1.024999999999372,0.38159323932591405,6.430037019849986e-07,0.0,649.7555044734346,156.99999999999997,0.0,0.0,0.10619593851363618,0.0,0.0,0.0,0.0,0.0,19.99999999999986,19.99999999999986,0.0,0.0
1.0333333333326977,0.3880295172647473,6.430037019849986e-07,0.0,655.2728274002633,156.99999999999997,0.0,0.0,0.10845946394121349,0.0,0.0,0.0,0.0,0.0,19.999999999999854,19.999999999999854,0.0,0.0
1.0416666666660237,0.39469115877632843,6.430037019849986e-07,0.0,660.6493769204501,156.99999999999997,0.0,0.0,0.11058154529078726,0.0,0.0,0.0,0.0,0.0,19.999999999999897,19.999999999999897,0.0,0.0
1.0499999999993492,0.40156788058374676,6.430037019849986e-07,0.0,665.8893728648347,156.99999999999997,0.0,0.0,0.11256379756705218,0.0,0.0,0.0,0.0,0.0,19.999999999999854,19.999999999999854,0.0,0.0
1.058333333332675,0.40864902476077647,6.430037019849986e-07,0.0,670.9969819320169,156.99999999999997,0.0,0.0,0.1144081397304068,0.0,0.0,0.0,0.0,0.0,19.999999999999808,19.999999999999808,0.0,0.0
1.066666666666001,0.41592371285141067,6.430037019849986e-07,0.0,675.976309197936,156.99999999999997,0.0,0.0,0.11611675358199261,0.0,0.0,0.0,0.0,0.0,19.99999999999982,19.99999999999982,0.0,0.0
1.0749999999993265,0.42338098518761225,6.430037019849986e-07,0.0,680.8313908031911,156.99999999999997,0.0,0.0,0.1176920463065246,0.0,0.0,0.0,0.0,0.0,19.999999999999815,19.999999999999815,0.0,0.0
1.0833333333326522,0.43100992400289306,6.430037019849986e-07,0.0,685.5661877123504,156.99999999999997,0.0,0.0,0.1191366164091036,0.0,0.0,0.0,0.0,0.0,19.999999999999787,19.999999999999787,0.0,0.0
1.0916666666659782,0.43879975973878504,6.430037019849986e-07,0.0,690.1845804472101,156.99999999999997,0.0,0.0,0.1204532227991951,0.0,0.0,0.0,0.0,0.0,19.999999999999794,19.999999999999794,0.0,0.0
1.0999999999993038,0.44673996060863963,6.430037019849986e-07,0.0,694.6903647030681,156.99999999999997,0.0,0.0,0.12164475679028335,0.0,0.0,0.0,0.0,0.0,19.999999999999762,19.999999999999762,0.0,0.0
1.1083333333326295,0.45482030601192314,6.430037019849986e-07,0.0,699.0872477638811,156.99999999999997,0.0,0.0,0.12271421679803017,0.0,0.0,0.0,0.0,0.0,19.999999999999773,19.999999999999773,0.0,0.0
1.1166666666659555,0.4630309447864738,6.430037019849986e-07,0.0,703.3788456384466,156.99999999999997,0.0,0.0,0.12366468553299927,0.0,0.0,0.0,0.0,0.0,19.999999999999797,19.999999999999797,0.0,0.0
1.124999999999281,0.4713624395576252,6.430037019849986e-07,0.0,707.5686808456701,156.99999999999997,0.0,0.0,0.12449930949640081,0.0,0.0,0.0,0.0,0.0,19.999999999999783,19.999999999999783,0.0,0.0
1.1333333333326068,0.47980579860695677,6.430037019849986e-07,0.0,711.6601807825728,156.99999999999997,0.0,0.0,0.1252212805993079,0.0,0.0,0.0,0.0,0.0,19.99999999999979,19.99999999999979,0.0,0.0
1.1416666666659503,0.48835249675881554,6.430037019849986e-07,0.0,715.6566766138789,156.99999999999997,0.0,0.0,0.12583381973681457,0.0,0.0,0.0,0.0,0.0,19.999999999999794,19.999999999999794,0.0,0.0
1.1499999999993138,0.49699448678676295,6.430037019849986e-07,0.0,719.5614026269787,156.99999999999997,0.0,0.0,0.12634016215950472,0.0,0.0,0.0,0.0,0.0,19.999999999999773,19.999999999999773,0.0,0.0
1.1583333333326773,0.5057242027929866,6.430037019849986e-07,0.0,723.3774960005144,156.99999999999997,0.0,0.0,0.12674354449455297,0.0,0.0,0.0,0.0,0.0,19.999999999999744,19.999999999999744,0.0,0.0
1.1666666666660412,0.5145345569262723,6.430037019849986e-07,0.0,727.1079969393135,156.99999999999997,0.0,0.0,0.12704719327879888,0.0,0.0,0.0,0.0,0.0,19.999999999999748,19.999999999999748,0.0,0.0
1.1749999999994047,0.5234189306919806,6.430037019849986e-07,0.0,730.755849132111,156.99999999999997,0.0,0.0,0.12725431487502573,0.0,0.0,0.0,0.0,0.0,19.99999999999975,19.99999999999975,0.0,0.0
1.1833333333327685,0.5323711619813192,6.430037019849986e-07,0.0,734.3239004925824,156.99999999999997,0.0,0.0,0.1273680866518695,0.0,0.0,0.0,0.0,0.0,19.999999999999762,19.999999999999762,0.0,0.0
1.191666666666132,0.5413855288150369,6.430037019849986e-07,0.0,737.8149041472867,156.99999999999997,0.0,0.0,0.12739164931582855,0.0,0.0,0.0,0.0,0.0,19.999999999999748,19.999999999999748,0.0,0.0
1.1999999999994957,0.5504567306660868,6.430037019849986e-07,0.0,741.2315196376699,156.99999999999997,0.0,0.0,0.12732810029201125,0.0,0.0,0.0,0.0,0.0,19.999999999999773,19.999999999999773,0.0,0.0
1.2083333333328594,0.5595798680998788,6.430037019849986e-07,0.0,744.5763143060274,156.99999999999997,0.0,0.0,0.1271804880576319,0.0,0.0,0.0,0.0,0.0,19.99999999999977,19.99999999999977,0.0,0.0
1.2166666666662231,0.5687504213537732,6.430037019849986e-07,0.0,747.8517648383024,156.99999999999997,0.0,0.0,0.12695180733958297,0.0,0.0,0.0,0.0,0.0,19.999999999999748,19.999999999999748,0.0,0.0
1.2249999999995866,0.5779642283707087,6.430037019849986e-07,0.0,751.0602589389374,156.99999999999997,0.0,0.0,0.12664499509385094,0.0,0.0,0.0,0.0,0.0,19.999999999999783,19.999999999999783,0.0,0.0
1.2333333333329501,0.5872174627062671,6.430037019849986e-07,0.0,754.2040971155741,156.99999999999997,0.0,0.0,0.12626292719114723,0.0,0.0,0.0,0.0,0.0,19.999999999999766,19.999999999999766,0.0,0.0
1.241666666666314,0.596506611644497,6.430037019849986e-07,0.0,757.2854945534174,156.99999999999997,0.0,0.0,0.12580841573883364,0.0,0.0,0.0,0.0,0.0,19.99999999999976,19.99999999999976,0.0,0.0
1.2499999999996776,0.6058284547846486,6.430037019849986e-07,0.0,760.3065830611881,156.99999999999997,0.0,0.0,0.12528420697502105,0.0,0.0,0.0,0.0,0.0,19.999999999999755,19.999999999999755,0.0,0.0
1.2583333333330413,0.6151800432989298,6.430037019849986e-07,0.0,763.2694130723911,156.99999999999997,0.0,0.0,0.1246929796757374,0.0,0.0,0.0,0.0,0.0,19.999999999999723,19.999999999999723,0.0,0.0
1.2666666666664048,0.6245586800082874,6.430037019849986e-07,0.0,766.1759556873064,156.99999999999997,0.0,0.0,0.12403734402109408,0.0,0.0,0.0,0.0,0.0,19.99999999999973,19.99999999999973,0.0,0.0
1.2749999999997685,0.6339619003794942,6.430037019849986e-07,0.0,769.0281047427382,156.99999999999997,0.0,0.0,0.12331984087091687,0.0,0.0,0.0,0.0,0.0,19.99999999999973,19.99999999999973,0.0,0.0
1.2833333333331323,0.6433874545105812,6.430037019849986e-07,0.0,771.827678897923,156.99999999999997,0.0,0.0,0.12254294140450231,0.0,0.0,0.0,0.0,0.0,19.99999999999977,19.99999999999977,0.0,0.0
1.291666666666496,0.6528332901419807,6.430037019849986e-07,0.0,774.5764237262523,156.99999999999997,0.0,0.0,0.12170904708314757,0.0,0.0,0.0,0.0,0.0,19.999999999999726,19.999999999999726,0.0,0.0
1.2999999999998595,0.662297536707502,6.430037019849986e-07,0.0,777.2760138037498,156.99999999999997,0.0,0.0,0.12082048989777068,0.0,0.0,0.0,0.0,0.0,19.999999999999726,19.999999999999726,0.0,0.0
1.308333333333223,0.6717784904203412,6.430037019849986e-07,0.0,779.9280547862799,156.99999999999997,0.0,0.0,0.11987953286741027,0.0,0.0,0.0,0.0,0.0,19.99999999999974,19.99999999999974,0.0,0.0
1.316666666666587,0.6812746003752321,6.430037019849986e-07,0.0,782.5340854683934,156.99999999999997,0.0,0.0,0.1188883707574072,0.0,0.0,0.0,0.0,0.0,19.99999999999974,19.99999999999974,0.0,0.0
1.3249999999999504,0.6907844556368604,6.430037019849986e-07,0.0,785.0955798177016,156.99999999999997,0.0,0.0,0.11784913098913778,0.0,0.0,0.0,0.0,0.0,19.99999999999972,19.99999999999972,0.0,0.0
1.3333333333333142,0.700306773276739,6.430037019849986e-07,0.0,787.6139489793943,156.99999999999997,0.0,0.0,0.11676387471581086,0.0,0.0,0.0,0.0,0.0,19.99999999999973,19.99999999999973,0.0,0.0
1.3416666666666777,0.709840387315374,6.430037019849986e-07,0.0,790.090543246261,156.99999999999997,0.0,0.0,0.1156345980412653,0.0,0.0,0.0,0.0,0.0,19.999999999999723,19.999999999999723,0.0,0.0
1.3500000000000414,0.7193842385227778,6.430037019849986e-07,0.0,792.5266539902889,156.99999999999997,0.0,0.0,0.11446323336115521,0.0,0.0,0.0,0.0,0.0,19.999999999999723,19.999999999999723,0.0,0.0
1.3583333333334051,0.7289373650285168,6.430037019849986e-07,0.0,794.9235155523622,156.99999999999997,0.0,0.0,0.11325165080781154,0.0,0.0,0.0,0.0,0.0,19.999999999999762,19.999999999999762,0.0,0.0
1.3666666666667688,0.7384988936916239,6.430037019849986e-07,0.0,797.2823070873528,156.99999999999997,0.0,0.0,0.11200165978229562,0.0,0.0,0.0,0.0,0.0,19.99999999999978,19.99999999999978,0.0,0.0
1.3750000000001323,0.7480680321808109,6.430037019849986e-07,0.0,799.604154362028,156.99999999999997,0.0,0.0,0.11071501055859652,0.0,0.0,0.0,0.0,0.0,19.99999999999979,19.99999999999979,0.0,0.0
1.3833333333334958,0.7576440617164197,6.430037019849986e-07,0.0,801.8901315040024,156.99999999999997,0.0,0.0,0.10939339594694414,0.0,0.0,0.0,0.0,0.0,19.99999999999979,19.99999999999979,0.0,0.0
1.3916666666668598,0.7672263304268473,6.430037019849986e-07,0.0,804.1412627000022,156.99999999999997,0.0,0.0,0.10803845300439571,0.0,0.0,0.0,0.0,0.0,19.999999999999755,19.999999999999755,0.0,0.0
1.4000000000002233,0.7768142472740879,6.430037019849986e-07,0.0,806.3585238422182,156.99999999999997,0.0,0.0,0.1066517647824141,0.0,0.0,0.0,0.0,0.0,19.999999999999744,19.999999999999744,0.0,0.0
1.408333333333587,0.786407276505146,6.430037019849986e-07,0.0,808.5428441218365,156.99999999999997,0.0,0.0,0.10523486210243095,0.0,0.0,0.0,0.0,0.0,19.999999999999723,19.999999999999723,0.0,0.0
1.4166666666669505,0.7960049325882987,6.430037019849986e-07,0.0,810.6951075689508,156.99999999999997,0.0,0.0,0.10378922535141784,0.0,0.0,0.0,0.0,0.0,19.999999999999687,19.999999999999687,0.0,0.0
1.4250000000003142,0.8056067755954415,6.430037019849986e-07,0.0,812.8161545383773,156.99999999999997,0.0,0.0,0.1023162862907159,0.0,0.0,0.0,0.0,0.0,19.999999999999698,19.999999999999698,0.0,0.0
1.433333333333678,0.8152124069944762,6.430037019849986e-07,0.0,814.9067831411403,156.99999999999997,0.0,0.0,0.10081742987227554,0.0,0.0,0.0,0.0,0.0,19.999999999999712,19.999999999999712,0.0,0.0
1.4416666666670417,0.8248214658176478,6.430037019849986e-07,0.0,816.9677506213523,156.99999999999997,0.0,0.0,0.09929399605731987,0.0,0.0,0.0,0.0,0.0,19.999999999999677,19.999999999999677,0.0,0.0
1.4500000000004052,0.8344336251744717,6.430037019849986e-07,0.0,818.9997746785931,156.99999999999997,0.0,0.0,0.09774728163338312,0.0,0.0,0.0,0.0,0.0,19.999999999999716,19.999999999999716,0.0,0.0
1.4583333333337687,0.8440485890798717,6.430037019849986e-07,0.0,821.0035347358202,156.99999999999997,0.0,0.0,0.0961785420263489,0.0,0.0,0.0,0.0,0.0,19.999999999999694,19.999999999999694,0.0,0.0
1.4666666666671326,0.853666089570565,6.430037019849986e-07,0.0,822.9796731530654,156.99999999999997,0.0,0.0,0.09458899310489104,0.0,0.0,0.0,0.0,0.0,19.999999999999698,19.999999999999698,0.0,0.0
1.4750000000004961,0.8632858840845765,6.430037019849986e-07,0.0,824.9287963870937,156.99999999999997,0.0,0.0,0.09297981297528479,0.0,0.0,0.0,0.0,0.0,19.999999999999645,19.999999999999645,0.0,0.0
1.4833333333338599,0.8729077530808822,6.430037019849986e-07,0.0,826.8514760973952,156.99999999999997,0.0,0.0,0.0913521437652803,0.0,0.0,0.0,0.0,0.0,19.99999999999963,19.99999999999963,0.0,0.0
1.4916666666672234,0.8825314978780106,6.430037019849986e-07,0.0,828.7482501988604,156.99999999999997,0.0,0.0,0.08970709339625198,0.0,0.0,0.0,0.0,0.0,19.999999999999627,19.999999999999627,0.0,0.0
1.500000000000587,0.8921569386920971,6.430037019849986e-07,0.0,830.6196238614319,156.99999999999997,0.0,0.0,0.08804573734333342,0.0,0.0,0.0,0.0,0.0,19.9999999999996,19.9999999999996,0.0,0.0
1.5083333333339508,0.9017839128565475,6.430037019849986e-07,0.0,832.4660704571676,156.99999999999997,0.0,0.0,0.08636912038388686,0.0,0.0,0.0,0.0,0.0,19.999999999999563,19.999999999999563,0.0,0.0
1.5166666666673145,0.9114122732069483,6.430037019849986e-07,0.0,834.2880324549694,156.99999999999997,0.0,0.0,0.08467825833501025,0.0,0.0,0.0,0.0,0.0,19.999999999999563,19.999999999999563,0.0,0.0
1.525000000000678,0.9210418866163517,6.430037019849986e-07,0.0,836.0859222634083,156.99999999999997,0.0,0.0,0.0829741397814232,0.0,0.0,0.0,0.0,0.0,19.999999999999545,19.999999999999545,0.0,0.0
1.5333333333340415,0.9306726326671184,6.430037019849986e-07,0.0,837.8601230217405,156.99999999999997,0.0,0.0,0.08125772779536707,0.0,0.0,0.0,0.0,0.0,19.999999999999545,19.999999999999545,0.0,0.0
1.5416666666674053,0.9403044024469849,6.430037019849986e-07,0.0,839.6109893395212,156.99999999999997,0.0,0.0,0.07952996165087119,0.0,0.0,0.0,0.0,0.0,19.999999999999556,19.999999999999556,0.0,0.0
1.550000000000769,0.9499370974578878,6.430037019849986e-07,0.0,841.3388479847507,156.99999999999997,0.0,0.0,0.07779175853492602,0.0,0.0,0.0,0.0,0.0,19.999999999999545,19.999999999999545,0.0,0.0
1.558333333334133,0.9595706286271912,6.430037019849986e-07,0.0,843.0439985207614,156.99999999999997,0.0,0.0,0.07604401525890957,0.0,0.0,0.0,0.0,0.0,19.999999999999517,19.999999999999517,0.0,0.0
1.5666666666674964,0.9692049154118978,6.430037019849986e-07,0.0,844.7267138916858,156.99999999999997,0.0,0.0,0.0742876099738667,0.0,0.0,0.0,0.0,0.0,19.999999999999552,19.999999999999552,0.0,0.0
1.57500000000086,0.9788398849871465,6.430037019849986e-07,0.0,846.3872409563501,156.99999999999997,0.0,0.0,0.07252340389395961,0.0,0.0,0.0,0.0,0.0,19.99999999999954,19.99999999999954,0.0,0.0
1.5833333333342237,0.9884754715113029,6.430037019849986e-07,0.0,848.0258009702696,156.99999999999997,0.0,0.0,0.07075224303286984,0.0,0.0,0.0,0.0,0.0,19.999999999999574,19.999999999999574,0.0,0.0
1.5916666666675874,0.9981116154603826,6.430037019849986e-07,0.0,849.6425900153307,156.99999999999997,0.0,0.0,0.06897495995874678,0.0,0.0,0.0,0.0,0.0,19.999999999999584,19.999999999999584,0.0,0.0
1.6000000000009509,1.0077482630254504,6.430037019849986e-07,0.0,851.237779376424,156.99999999999997,0.0,0.0,0.06719237557374227,0.0,0.0,0.0,0.0,0.0,19.999999999999552,19.999999999999552,0.0,0.0
1.6083333333343144,1.0173853655670462,6.430037019849986e-07,0.0,852.8115158642773,156.99999999999997,0.0,0.0,0.06540530092520501,0.0,0.0,0.0,0.0,0.0,19.999999999999506,19.999999999999506,0.0,0.0
1.616666666667678,1.0270228791212994,6.430037019849986e-07,0.0,854.3639220833306,156.99999999999997,0.0,0.0,0.06361453905627068,0.0,0.0,0.0,0.0,0.0,19.999999999999496,19.999999999999496,0.0,0.0
1.6250000000010418,1.0366607639529268,6.430037019849986e-07,0.0,855.8950966434438,156.99999999999997,0.0,0.0,0.06182088690473556,0.0,0.0,0.0,0.0,0.0,19.999999999999492,19.999999999999492,0.0,0.0
1.6333333333344058,1.0462989841506345,6.430037019849986e-07,0.0,857.4051143137399,156.99999999999997,0.0,0.0,0.06002513726008124,0.0,0.0,0.0,0.0,0.0,19.999999999999464,19.999999999999464,0.0,0.0
1.6416666666677693,1.05593750726106,6.430037019849986e-07,0.0,858.8940261167542,156.99999999999997,0.0,0.0,0.058228080789890675,0.0,0.0,0.0,0.0,0.0,19.99999999999946,19.99999999999946,0.0,0.0
1.6500000000011328,1.0655763039574562,6.430037019849986e-07,0.0,860.3618593605763,156.99999999999997,0.0,0.0,0.056430508148381735,0.0,0.0,0.0,0.0,0.0,19.999999999999446,19.999999999999446,0.0,0.0
1.6583333333344965,1.0752153477399695,6.430037019849986e-07,0.0,861.8086176063351,156.99999999999997,0.0,0.0,0.05463321218145837,0.0,0.0,0.0,0.0,0.0,19.999999999999424,19.999999999999424,0.0,0.0
1.6666666666678602,1.0848546146644769,6.430037019849986e-07,0.0,863.2342805678675,156.99999999999997,0.0,0.0,0.052836990244710426,0.0,0.0,0.0,0.0,0.0,19.999999999999392,19.999999999999392,0.0,0.0
1.6750000000012237,1.0944940830972893,6.430037019849986e-07,0.0,864.6388039399005,156.99999999999997,0.0,0.0,0.05104264665315838,0.0,0.0,0.0,0.0,0.0,19.99999999999938,19.99999999999938,0.0,0.0
1.6833333333345872,1.104133733493238,6.430037019849986e-07,0.0,866.0221191505178,156.99999999999997,0.0,0.0,0.04925099528436876,0.0,0.0,0.0,0.0,0.0,19.99999999999936,19.99999999999936,0.0,0.0
1.691666666667951,1.113773548195014,6.430037019849986e-07,0.0,867.3841330328997,156.99999999999997,0.0,0.0,0.04746286235975856,0.0,0.0,0.0,0.0,0.0,19.999999999999343,19.999999999999343,0.0,0.0
1.7000000000013147,1.1234135112516317,6.430037019849986e-07,0.0,868.7247274105806,156.99999999999997,0.0,0.0,0.0456790894329559,0.0,0.0,0.0,0.0,0.0,19.9999999999993,19.9999999999993,0.0,0.0
1.7083333333346786,1.133053608254283,6.430037019849986e-07,0.0,870.043758589552,156.99999999999997,0.0,0.0,0.043900536618746905,0.0,0.0,0.0,0.0,0.0,19.99999999999933,19.99999999999933,0.0,0.0
1.7166666666680421,1.1426938261879143,6.430037019849986e-07,0.0,871.3410567493597,156.99999999999997,0.0,0.0,0.04212808610177392,0.0,0.0,0.0,0.0,0.0,19.999999999999304,19.999999999999304,0.0,0.0
1.7250000000014056,1.152334153296993,6.430037019849986e-07,0.0,872.6164252241979,156.99999999999997,0.0,0.0,0.04036264597113678,0.0,0.0,0.0,0.0,0.0,19.999999999999275,19.999999999999275,0.0,0.0
1.7333333333347694,1.161974578964151,6.430037019849986e-07,0.0,873.8696396633325,156.99999999999997,0.0,0.0,0.03860515443527205,0.0,0.0,0.0,0.0,0.0,19.999999999999247,19.999999999999247,0.0,0.0
1.741666666668133,1.1716150936004455,6.430037019849986e-07,0.0,875.1004470586261,156.99999999999997,0.0,0.0,0.03685658448195748,0.0,0.0,0.0,0.0,0.0,19.999999999999243,19.999999999999243,0.0,0.0
1.7500000000014966,1.181255688546205,6.430037019849986e-07,0.0,876.3085646245502,156.99999999999997,0.0,0.0,0.0351179490607253,0.0,0.0,0.0,0.0,0.0,19.999999999999154,19.999999999999154,0.0,0.0
1.75833333333486,1.1908963559813197,6.430037019849986e-07,0.0,877.4936785137577,156.99999999999997,0.0,0.0,0.03339030688098164,0.0,0.0,0.0,0.0,0.0,19.999999999999144,19.999999999999144,0.0,0.0
1.7666666666682238,1.200537088844195,6.430037019849986e-07,0.0,878.6554423480414,156.99999999999997,0.0,0.0,0.03167476893867499,0.0,0.0,0.0,0.0,0.0,19.99999999999914,19.99999999999914,0.0,0.0
1.7750000000015875,1.2101778807585122,6.430037019849986e-07,0.0,879.7934755408276,156.99999999999997,0.0,0.0,0.02997250590938373,0.0,0.0,0.0,0.0,0.0,19.9999999999992,19.9999999999992,0.0,0.0
1.7833333333349515,1.2198187259669515,6.430037019849986e-07,0.0,880.9073613827593,156.99999999999997,0.0,0.0,0.028284756577493287,0.0,0.0,0.0,0.0,0.0,19.99999999999984,19.99999999999984,0.0,0.0
1.791666666668315,1.229459619271382,6.430037019849986e-07,0.0,881.9966448562358,156.99999999999997,0.0,0.0,0.02661283751191678,0.0,0.0,0.0,0.0,0.0,20.000000000000462,20.000000000000462,0.0,0.0
1.8000000000016785,1.2391005559787465,6.430037019849986e-07,0.0,883.0608301376694,156.99999999999997,0.0,0.0,0.02495815425201527,0.0,0.0,0.0,0.0,0.0,20.000000000000462,20.000000000000462,0.0,0.0
1.8083333333350422,1.248741531852208,6.430037019849986e-07,0.0,884.0993777373963,156.99999999999997,0.0,0.0,0.023322214337188073,0.0,0.0,0.0,0.0,0.0,20.000000000000462,20.000000000000462,0.0,0.0
1.816666666668406,1.2583825430669602,6.430037019849986e-07,0.0,885.1117012156938,156.99999999999997,0.0,0.0,0.02170664260649458,0.0,0.0,0.0,0.0,0.0,20.00000000000053,20.00000000000053,0.0,0.0
1.8250000000017694,1.2680235861703255,6.430037019849986e-07,0.0,886.0971633989359,156.99999999999997,0.0,0.0,0.02011319932010895,0.0,0.0,0.0,0.0,0.0,20.000000000000707,20.000000000000707,0.0,0.0
1.833333333335133,1.2776646580456905,6.430037019849986e-07,0.0,887.0550720008094,156.99999999999997,0.0,0.0,0.018543801826009256,0.0,0.0,0.0,0.0,0.0,20.000000000000878,20.000000000000878,0.0,0.0
1.8416666666684967,1.2873057558799108,6.430037019849986e-07,0.0,887.9846745284777,156.99999999999997,0.0,0.0,0.017000550734307673,0.0,0.0,0.0,0.0,0.0,20.00000000000112,20.00000000000112,0.0,0.0
1.8500000000018604,1.2969468771338974,6.430037019849986e-07,0.0,888.8851523198558,156.99999999999997,0.0,0.0,0.015485761900415606,0.0,0.0,0.0,0.0,0.0,20.000000000001332,20.000000000001332,0.0,0.0
1.8583333333352243,2.3000004402721395,6.430037019849986e-07,0.0,889.7424019620989,156.99999999999997,0.0,0.0,0.015311598193129225,0.0,0.0,0.0,0.0,0.0,20.000000000001357,20.000000000001357,0.0,0.0
1.8666666666685878,2.30000044110155,6.430037019849986e-07,0.0,890.5138168596793,156.99999999999997,0.0,0.0,0.015759573225786947,0.0,0.0,0.0,0.0,0.0,20.000000000001346,20.000000000001346,0.0,0.0
1.8750000000019513,2.300000441839254,6.430037019849986e-07,0.0,891.1975038349639,156.99999999999997,0.0,0.0,0.01616018674906365,0.0,0.0,0.0,0.0,0.0,20.00000000000128,20.00000000000128,0.0,0.0
1.883333333335315,2.3000004424858624,6.430037019849986e-07,0.0,891.7948914008355,156.99999999999997,0.0,0.0,0.016512966083245994,0.0,0.0,0.0,0.0,0.0,20.00000000000126,20.00000000000126,0.0,0.0
1.8916666666686788,2.30000044304213,6.430037019849986e-07,0.0,892.3074190183578,156.99999999999997,0.0,0.0,0.01681765002248848,0.0,0.0,0.0,0.0,0.0,20.00000000000121,20.00000000000121,0.0,0.0
1.9000000000020423,2.3000004435089396,6.430037019849986e-07,0.0,892.7365310411269,156.99999999999997,0.0,0.0,0.01707416997154538,0.0,0.0,0.0,0.0,0.0,20.000000000001183,20.000000000001183,0.0,0.0
1.9083333333354058,2.3000004438872965,6.430037019849986e-07,0.0,893.0836711984964,156.99999999999997,0.0,0.0,0.017282632841354967,0.0,0.0,0.0,0.0,0.0,20.00000000000115,20.00000000000115,0.0,0.0
1.9166666666687695,2.300000444178316,6.430037019849986e-07,0.0,893.3502775678213,156.99999999999997,0.0,0.0,0.01744330552523691,0.0,0.0,0.0,0.0,0.0,20.00000000000112,20.00000000000112,0.0,0.0
1.9250000000021332,2.300000444383215,6.430037019849986e-07,0.0,893.5377779904268,156.99999999999997,0.0,0.0,0.01755660080845786,0.0,0.0,0.0,0.0,0.0,20.00000000000108,20.00000000000108,0.0,0.0
1.9333333333354972,2.3000004445032998,6.430037019849986e-07,0.0,893.6475858903534,156.99999999999997,0.0,0.0,0.01762306458869132,0.0,0.0,0.0,0.0,0.0,20.000000000001062,20.000000000001062,0.0,0.0
1.9416666666688607,2.3000004445399593,6.430037019849986e-07,0.0,893.6810964580309,156.99999999999997,0.0,0.0,0.017643364304469465,0.0,0.0,0.0,0.0,0.0,20.000000000001034,20.000000000001034,0.0,0.0
1.9500000000022242,2.300000444494655,6.430037019849986e-07,0.0,893.639683164045,156.99999999999997,0.0,0.0,0.017618278484966436,0.0,0.0,0.0,0.0,0.0,20.000000000001037,20.000000000001037,0.0,0.0
1.958333333335588,2.3000004443689113,6.430037019849986e-07,0.0,893.5246945704272,156.99999999999997,0.0,0.0,0.01754868734787401,0.0,0.0,0.0,0.0,0.0,20.00000000000101,20.00000000000101,0.0,0.0
1.9666666666689516,2.300000444164307,6.430037019849986e-07,0.0,893.3374514090876,156.99999999999997,0.0,0.0,0.01743556438381181,0.0,0.0,0.0,0.0,0.0,20.000000000000995,20.000000000000995,0.0,0.0
1.9750000000023151,2.300000443882467,6.430037019849986e-07,0.0,893.0792438984647,156.99999999999997,0.0,0.0,0.017279968875779945,0.0,0.0,0.0,0.0,0.0,20.000000000000966,20.000000000000966,0.0,0.0
1.9833333333356786,2.300000443525055,6.430037019849986e-07,0.0,892.751329271103,156.99999999999997,0.0,0.0,0.017083039311600733,0.0,0.0,0.0,0.0,0.0,20.000000000000945,20.000000000000945,0.0,0.0
1.9916666666690424,2.3000004430937655,6.430037019849986e-07,0.0,892.3549294858092,156.99999999999997,0.0,0.0,0.016845987655949465,0.0,0.0,0.0,0.0,0.0,20.000000000000984,20.000000000000984,0.0,0.0
2.000000000002406,2.3000004425903144,6.430037019849986e-07,0.0,891.8912282741207,156.99999999999997,0.0,0.0,0.016570093967747963,0.0,0.0,0.0,0.0,0.0,20.000000000000984,20.000000000000984,0.0,0.0
2.00833333333577,2.3000004420566316,6.430037019849986e-07,0.0,891.3985294391379,156.99999999999997,0.0,0.0,0.016278616146261773,0.0,0.0,0.0,0.0,0.0,20.00000000000098,20.00000000000098,0.0,0.0
2.0166666666691335,2.300000441533561,6.430037019849986e-07,0.0,890.9144721501194,156.99999999999997,0.0,0.0,0.015993934841662918,0.0,0.0,0.0,0.0,0.0,20.000000000000973,20.000000000000973,0.0,0.0
2.025000000002497,2.300000441020816,6.430037019849986e-07,0.0,890.4388554930104,156.99999999999997,0.0,0.0,0.01571585310528674,0.0,0.0,0.0,0.0,0.0,20.00000000000099,20.00000000000099,0.0,0.0
2.033333333335861,2.3000004405181187,6.430037019849986e-07,0.0,889.9714843590398,156.99999999999997,0.0,0.0,0.015444180797587151,0.0,0.0,0.0,0.0,0.0,20.000000000000984,20.000000000000984,0.0,0.0
2.0416666666692245,2.3000004400252014,6.430037019849986e-07,0.0,889.5121692445882,156.99999999999997,0.0,0.0,0.015178734315062005,0.0,0.0,0.0,0.0,0.0,20.00000000000103,20.00000000000103,0.0,0.0
2.050000000002588,2.300000439541806,6.430037019849986e-07,0.0,889.0607260590607,156.99999999999997,0.0,0.0,0.014919336329625289,0.0,0.0,0.0,0.0,0.0,20.000000000001062,20.000000000001062,0.0,0.0
2.0583333333359515,2.300000439067682,6.430037019849986e-07,0.0,888.6169759403962,156.99999999999997,0.0,0.0,0.014665815539786804,0.0,0.0,0.0,0.0,0.0,20.000000000001055,20.000000000001055,0.0,0.0
2.066666666669315,2.300000438602588,6.430037019849986e-07,0.0,888.1807450778737,156.99999999999997,0.0,0.0,0.01441800643304559,0.0,0.0,0.0,0.0,0.0,20.000000000001062,20.000000000001062,0.0,0.0
2.075000000002679,2.30000043814629,6.430037019849986e-07,0.0,887.7518645418841,156.99999999999997,0.0,0.0,0.014175749058929111,0.0,0.0,0.0,0.0,0.0,20.0000000000011,20.0000000000011,0.0,0.0
2.083333333336043,2.3000004376985625,6.430037019849986e-07,0.0,887.330170120358,156.99999999999997,0.0,0.0,0.013938888812144888,0.0,0.0,0.0,0.0,0.0,20.000000000001066,20.000000000001066,0.0,0.0
2.0916666666694064,2.3000004372591865,6.430037019849986e-07,0.0,886.915502161552,156.99999999999997,0.0,0.0,0.01370727622533971,0.0,0.0,0.0,0.0,0.0,20.00000000000112,20.00000000000112,0.0,0.0
2.10000000000277,2.3000004368279505,6.430037019849986e-07,0.0,886.5077054229147,156.99999999999997,0.0,0.0,0.013480766770993127,0.0,0.0,0.0,0.0,0.0,20.00000000000113,20.00000000000113,0.0,0.0
2.108333333336134,2.30000043640465,6.430037019849986e-07,0.0,886.1066289257637,156.99999999999997,0.0,0.0,0.013259220671991484,0.0,0.0,0.0,0.0,0.0,20.000000000001105,20.000000000001105,0.0,0.0
2.1166666666694973,2.300000435989087,6.430037019849986e-07,0.0,885.7121258155198,156.99999999999997,0.0,0.0,0.013042502720458435,0.0,0.0,0.0,0.0,0.0,20.000000000001116,20.000000000001116,0.0,0.0
2.125000000002861,2.300000435581069,6.430037019849986e-07,0.0,885.324053227258,156.99999999999997,0.0,0.0,0.01283048210443885,0.0,0.0,0.0,0.0,0.0,20.000000000001155,20.000000000001155,0.0,0.0
2.1333333333362243,2.30000043518041,6.430037019849986e-07,0.0,884.9422721563438,156.99999999999997,0.0,0.0,0.012623032242057268,0.0,0.0,0.0,0.0,0.0,20.00000000000118,20.00000000000118,0.0,0.0
2.141666666669588,2.3000004347869307,6.430037019849986e-07,0.0,884.5666473339367,156.99999999999997,0.0,0.0,0.012420030622784599,0.0,0.0,0.0,0.0,0.0,20.00000000000118,20.00000000000118,0.0,0.0
2.1500000000029518,2.3000004344004563,6.430037019849986e-07,0.0,884.1970471071535,156.99999999999997,0.0,0.0,0.012221358655480725,0.0,0.0,0.0,0.0,0.0,20.000000000001204,20.000000000001204,0.0,0.0
2.1583333333363157,2.3000004340208178,6.430037019849986e-07,0.0,883.8333433236928,156.99999999999997,0.0,0.0,0.012026901522880166,0.0,0.0,0.0,0.0,0.0,20.000000000001172,20.000000000001172,0.0,0.0
2.166666666669679,2.300000433647851,6.430037019849986e-07,0.0,883.4754112207308,156.99999999999997,0.0,0.0,0.011836548042221996,0.0,0.0,0.0,0.0,0.0,20.000000000001133,20.000000000001133,0.0,0.0
2.1750000000030427,2.300000433281397,6.430037019849986e-07,0.0,883.1231293179096,156.99999999999997,0.0,0.0,0.011650190531730399,0.0,0.0,0.0,0.0,0.0,20.000000000001176,20.000000000001176,0.0,0.0
2.1833333333364067,2.3000004329213017,6.430037019849986e-07,0.0,882.7763793142476,156.99999999999997,0.0,0.0,0.011467724682672004,0.0,0.0,0.0,0.0,0.0,20.000000000001183,20.000000000001183,0.0,0.0
2.19166666666977,2.300000432567416,6.430037019849986e-07,0.0,882.4350459888063,156.99999999999997,0.0,0.0,0.011289049436728243,0.0,0.0,0.0,0.0,0.0,20.000000000001187,20.000000000001187,0.0,0.0
2.2000000000031337,2.300000432219594,6.430037019849986e-07,0.0,882.0990171049594,156.99999999999997,0.0,0.0,0.011114066868437748,0.0,0.0,0.0,0.0,0.0,20.000000000001197,20.000000000001197,0.0,0.0
2.208333333336497,2.300000431877696,6.430037019849986e-07,0.0,881.7681833181157,156.99999999999997,0.0,0.0,0.010942682072471129,0.0,0.0,0.0,0.0,0.0,20.000000000001215,20.000000000001215,0.0,0.0
2.2166666666698607,2.3000004315415845,6.430037019849986e-07,0.0,881.4424380867529,156.99999999999997,0.0,0.0,0.010774803055518808,0.0,0.0,0.0,0.0,0.0,20.00000000000126,20.00000000000126,0.0,0.0
2.2250000000032246,2.3000004312111275,6.430037019849986e-07,0.0,881.1216775866293,156.99999999999997,0.0,0.0,0.010610340632579603,0.0,0.0,0.0,0.0,0.0,20.00000000000127,20.00000000000127,0.0,0.0
2.2333333333365886,2.3000004308861954,6.430037019849986e-07,0.0,880.8058006280423,156.99999999999997,0.0,0.0,0.010449208327447555,0.0,0.0,0.0,0.0,0.0,20.000000000001293,20.000000000001293,0.0,0.0
2.241666666669952,2.300000430566664,6.430037019849986e-07,0.0,880.4947085760112,156.99999999999997,0.0,0.0,0.010291322277210668,0.0,0.0,0.0,0.0,0.0,20.000000000001318,20.000000000001318,0.0,0.0
2.2500000000033156,2.3000004302524113,6.430037019849986e-07,0.0,880.1883052732682,156.99999999999997,0.0,0.0,0.010136601140576339,0.0,0.0,0.0,0.0,0.0,20.00000000000133,20.00000000000133,0.0,0.0
2.2583333333366795,2.3000004299433194,6.430037019849986e-07,0.0,879.8864969659423,156.99999999999997,0.0,0.0,0.009984966009855354,0.0,0.0,0.0,0.0,0.0,20.000000000001318,20.000000000001318,0.0,0.0
2.266666666670043,2.300000429639274,6.430037019849986e-07,0.0,879.5891922318332,156.99999999999997,0.0,0.0,0.00983634032643838,0.0,0.0,0.0,0.0,0.0,20.000000000001325,20.000000000001325,0.0,0.0
2.2750000000034065,2.3000004293401632,6.430037019849986e-07,0.0,879.2963019111675,156.99999999999997,0.0,0.0,0.009690649799611773,0.0,0.0,0.0,0.0,0.0,20.00000000000133,20.00000000000133,0.0,0.0
2.28333333333677,2.3000004290458786,6.430037019849986e-07,0.0,879.0077390397444,156.99999999999997,0.0,0.0,0.009547822328564319,0.0,0.0,0.0,0.0,0.0,20.00000000000135,20.00000000000135,0.0,0.0
2.2916666666701335,2.300000428756315,6.430037019849986e-07,0.0,878.7234187843736,156.99999999999997,0.0,0.0,0.009407787927442547,0.0,0.0,0.0,0.0,0.0,20.000000000001336,20.000000000001336,0.0,0.0
2.3000000000034975,2.30000042847137,6.430037019849986e-07,0.0,878.4432583805178,156.99999999999997,0.0,0.0,0.009270478653325616,0.0,0.0,0.0,0.0,0.0,20.000000000001364,20.000000000001364,0.0,0.0
2.3083333333368614,2.3000004281909443,6.430037019849986e-07,0.0,878.1671770720536,156.99999999999997,0.0,0.0,0.009135828536988128,0.0,0.0,0.0,0.0,0.0,20.000000000001368,20.000000000001368,0.0,0.0
2.316666666670225,2.3000004279149406,6.430037019849986e-07,0.0,877.8950960530688,156.99999999999997,0.0,0.0,0.009003773516331677,0.0,0.0,0.0,0.0,0.0,20.000000000001354,20.000000000001354,0.0,0.0
2.3250000000035884,2.3000004276432646,6.430037019849986e-07,0.0,877.6269384116181,156.99999999999997,0.0,0.0,0.008874251372371666,0.0,0.0,0.0,0.0,0.0,20.00000000000135,20.00000000000135,0.0,0.0
2.3333333333369524,2.3000004273758248,6.430037019849986e-07,0.0,877.362629075363,156.99999999999997,0.0,0.0,0.008747201667665776,0.0,0.0,0.0,0.0,0.0,20.000000000001368,20.000000000001368,0.0,0.0
2.341666666670316,2.3000004271125323,6.430037019849986e-07,0.0,877.1020947590221,156.99999999999997,0.0,0.0,0.008622565687083564,0.0,0.0,0.0,0.0,0.0,20.00000000000135,20.00000000000135,0.0,0.0
2.3500000000036794,2.300000426853299,6.430037019849986e-07,0.0,876.8452639135651,156.99999999999997,0.0,0.0,0.008500286380815509,0.0,0.0,0.0,0.0,0.0,20.000000000001357,20.000000000001357,0.0,0.0
2.358333333337043,2.300000426598042,6.430037019849986e-07,0.0,876.5920666770835,156.99999999999997,0.0,0.0,0.008380308309527351,0.0,0.0,0.0,0.0,0.0,20.000000000001396,20.000000000001396,0.0,0.0
2.3666666666704064,2.300000426346678,6.430037019849986e-07,0.0,876.342434827277,156.99999999999997,0.0,0.0,0.008262577591567713,0.0,0.0,0.0,0.0,0.0,20.000000000001332,20.000000000001332,0.0,0.0
2.3750000000037703,2.3000004260991265,6.430037019849986e-07,0.0,876.0963017354909,156.99999999999997,0.0,0.0,0.008147041852147,0.0,0.0,0.0,0.0,0.0,20.000000000001343,20.000000000001343,0.0,0.0
2.3833333333371343,2.30000042585531,6.430037019849986e-07,0.0,875.8536023222533,156.99999999999997,0.0,0.0,0.008033650174399212,0.0,0.0,0.0,0.0,0.0,20.00000000000133,20.00000000000133,0.0,0.0
2.3916666666704978,2.300000425615152,6.430037019849986e-07,0.0,875.6142730142496,156.99999999999997,0.0,0.0,0.007922353052255261,0.0,0.0,0.0,0.0,0.0,20.000000000001357,20.000000000001357,0.0,0.0
2.4000000000038613,2.300000425378579,6.430037019849986e-07,0.0,875.3782517026868,156.99999999999997,0.0,0.0,0.007813102345045383,0.0,0.0,0.0,0.0,0.0,20.00000000000136,20.00000000000136,0.0,0.0
2.408333333337225,2.3000004251455177,6.430037019849986e-07,0.0,875.1454777029938,156.99999999999997,0.0,0.0,0.007705851233767631,0.0,0.0,0.0,0.0,0.0,20.000000000001364,20.000000000001364,0.0,0.0
2.4166666666705887,2.3000004249158987,6.430037019849986e-07,0.0,874.9158917158089,156.99999999999997,0.0,0.0,0.007600554178945579,0.0,0.0,0.0,0.0,0.0,20.000000000001364,20.000000000001364,0.0,0.0
2.425000000003952,2.300000424689653,6.430037019849986e-07,0.0,874.6894357892096,156.99999999999997,0.0,0.0,0.007497166880018778,0.0,0.0,0.0,0.0,0.0,20.00000000000136,20.00000000000136,0.0,0.0
2.4333333333373157,2.300000424466714,6.430037019849986e-07,0.0,874.4660532821374,156.99999999999997,0.0,0.0,0.007395646236196,0.0,0.0,0.0,0.0,0.0,20.000000000001375,20.000000000001375,0.0,0.0
2.441666666670679,2.3000004242470165,6.430037019849986e-07,0.0,874.2456888289767,156.99999999999997,0.0,0.0,0.0072959503087187206,0.0,0.0,0.0,0.0,0.0,20.0000000000014,20.0000000000014,0.0,0.0
2.450000000004043,2.3000004240304963,6.430037019849986e-07,0.0,874.0282883052439,156.99999999999997,0.0,0.0,0.007198038284472628,0.0,0.0,0.0,0.0,0.0,20.000000000001425,20.000000000001425,0.0,0.0
2.458333333337407,2.300000423817092,6.430037019849986e-07,0.0,873.8137987943503,156.99999999999997,0.0,0.0,0.007101870440897793,0.0,0.0,0.0,0.0,0.0,20.00000000000142,20.00000000000142,0.0,0.0
2.4666666666707706,2.3000004236067424,6.430037019849986e-07,0.0,873.602168555397,156.99999999999997,0.0,0.0,0.007007408112140992,0.0,0.0,0.0,0.0,0.0,20.000000000001453,20.000000000001453,0.0,0.0
2.475000000004134,2.3000004233993896,6.430037019849986e-07,0.0,873.3933469919689,156.99999999999997,0.0,0.0,0.006914613656405998,0.0,0.0,0.0,0.0,0.0,20.000000000001446,20.000000000001446,0.0,0.0
2.483333333337498,2.3000004231949753,6.430037019849986e-07,0.0,873.1872846218894,156.99999999999997,0.0,0.0,0.006823450424449232,0.0,0.0,0.0,0.0,0.0,20.000000000001442,20.000000000001442,0.0,0.0
2.4916666666708616,2.3000004229934436,6.430037019849986e-07,0.0,872.9839330479037,156.99999999999997,0.0,0.0,0.006733882729180428,0.0,0.0,0.0,0.0,0.0,20.000000000001418,20.000000000001418,0.0,0.0
2.500000000004225,2.3000004227947395,6.430037019849986e-07,0.0,872.7832449292596,156.99999999999997,0.0,0.0,0.006645875816320701,0.0,0.0,0.0,0.0,0.0,20.000000000001442,20.000000000001442,0.0,0.0
2.5083333333375886,2.30000042259881,6.430037019849986e-07,0.0,872.5851739541504,156.99999999999997,0.0,0.0,0.006559395836080498,0.0,0.0,0.0,0.0,0.0,20.000000000001396,20.000000000001396,0.0,0.0
2.516666666670952,2.300000422405602,6.430037019849986e-07,0.0,872.3896748129955,156.99999999999997,0.0,0.0,0.006474409815815404,0.0,0.0,0.0,0.0,0.0,20.00000000000139,20.00000000000139,0.0,0.0
2.525000000004316,2.3000004222150654,6.430037019849986e-07,0.0,872.1967031725247,156.99999999999997,0.0,0.0,0.006390885633621776,0.0,0.0,0.0,0.0,0.0,20.000000000001396,20.000000000001396,0.0,0.0
2.53333333333768,2.30000042202715,6.430037019849986e-07,0.0,872.0062156506426,156.99999999999997,0.0,0.0,0.006308791992838409,0.0,0.0,0.0,0.0,0.0,20.000000000001403,20.000000000001403,0.0,0.0
2.5416666666710435,2.300000421841807,6.430037019849986e-07,0.0,871.8181697920437,156.99999999999997,0.0,0.0,0.006228098397417546,0.0,0.0,0.0,0.0,0.0,20.000000000001418,20.000000000001418,0.0,0.0
2.550000000004407,2.3000004216589898,6.430037019849986e-07,0.0,871.6325240445545,156.99999999999997,0.0,0.0,0.006148775128130655,0.0,0.0,0.0,0.0,0.0,20.000000000001435,20.000000000001435,0.0,0.0
2.558333333337771,2.300000421478651,6.430037019849986e-07,0.0,871.4492377361767,156.99999999999997,0.0,0.0,0.006070793219581854,0.0,0.0,0.0,0.0,0.0,20.00000000000141,20.00000000000141,0.0,0.0
2.5666666666711344,2.300000421300746,6.430037019849986e-07,0.0,871.2682710528084,156.99999999999997,0.0,0.0,0.0059941244379929145,0.0,0.0,0.0,0.0,0.0,20.000000000001418,20.000000000001418,0.0,0.0
2.575000000004498,2.3000004211252305,6.430037019849986e-07,0.0,871.0895850166202,156.99999999999997,0.0,0.0,0.005918741259734377,0.0,0.0,0.0,0.0,0.0,20.000000000001414,20.000000000001414,0.0,0.0
2.5833333333378614,2.3000004209520606,6.430037019849986e-07,0.0,870.9131414650658,156.99999999999997,0.0,0.0,0.00584461685057425,0.0,0.0,0.0,0.0,0.0,20.000000000001467,20.000000000001467,0.0,0.0
2.591666666671225,2.300000420781195,6.430037019849986e-07,0.0,870.7389030305026,156.99999999999997,0.0,0.0,0.005771725045615254,0.0,0.0,0.0,0.0,0.0,20.000000000001453,20.000000000001453,0.0,0.0
2.600000000004589,2.300000420612592,6.430037019849986e-07,0.0,870.5668331204058,156.99999999999997,0.0,0.0,0.005700040329898041,0.0,0.0,0.0,0.0,0.0,20.000000000001418,20.000000000001418,0.0,0.0
2.608333333337953,2.3000004204462114,6.430037019849986e-07,0.0,870.396895898154,156.99999999999997,0.0,0.0,0.005629537819643249,0.0,0.0,0.0,0.0,0.0,20.00000000000142,20.00000000000142,0.0,0.0
2.6166666666713163,2.3000004202820135,6.430037019849986e-07,0.0,870.2290562643684,156.99999999999997,0.0,0.0,0.005560193244110546,0.0,0.0,0.0,0.0,0.0,20.000000000001446,20.000000000001446,0.0,0.0
2.62500000000468,2.30000042011996,6.430037019849986e-07,0.0,870.0632798387869,156.99999999999997,0.0,0.0,0.005491982928049958,0.0,0.0,0.0,0.0,0.0,20.000000000001457,20.000000000001457,0.0,0.0
2.6333333333380438,2.300000419960013,6.430037019849986e-07,0.0,869.8995329426571,156.99999999999997,0.0,0.0,0.0054248837747262945,0.0,0.0,0.0,0.0,0.0,20.000000000001474,20.000000000001474,0.0,0.0
2.6416666666714073,2.3000004198021355,6.430037019849986e-07,0.0,869.7377825816279,156.99999999999997,0.0,0.0,0.00535887324949367,0.0,0.0,0.0,0.0,0.0,20.00000000000147,20.00000000000147,0.0,0.0
2.6500000000047708,2.300000419646292,6.430037019849986e-07,0.0,869.5779964291293,156.99999999999997,0.0,0.0,0.005293929363900064,0.0,0.0,0.0,0.0,0.0,20.000000000001457,20.000000000001457,0.0,0.0
2.6583333333381343,2.300000419492447,6.430037019849986e-07,0.0,869.4201428102173,156.99999999999997,0.0,0.0,0.005230030660305961,0.0,0.0,0.0,0.0,0.0,20.000000000001467,20.000000000001467,0.0,0.0
2.6666666666714978,2.3000004193405656,6.430037019849986e-07,0.0,869.2641906858767,156.99999999999997,0.0,0.0,0.005167156196992705,0.0,0.0,0.0,0.0,0.0,20.000000000001478,20.000000000001478,0.0,0.0
2.6750000000048617,2.3000004191906145,6.430037019849986e-07,0.0,869.11010963776,156.99999999999997,0.0,0.0,0.005105285533749915,0.0,0.0,0.0,0.0,0.0,20.000000000001478,20.000000000001478,0.0,0.0
2.6833333333382257,2.300000419042561,6.430037019849986e-07,0.0,868.9578698533549,156.99999999999997,0.0,0.0,0.005044398717918278,0.0,0.0,0.0,0.0,0.0,20.000000000001446,20.000000000001446,0.0,0.0
2.691666666671589,2.300000418896372,6.430037019849986e-07,0.0,868.8074421115602,156.99999999999997,0.0,0.0,0.004984476270875783,0.0,0.0,0.0,0.0,0.0,20.000000000001442,20.000000000001442,0.0,0.0
2.7000000000049527,2.3000004187520164,6.430037019849986e-07,0.0,868.6587977686652,156.99999999999997,0.0,0.0,0.004925499174951059,0.0,0.0,0.0,0.0,0.0,20.000000000001425,20.000000000001425,0.0,0.0
2.7083333333383166,2.300000418609463,6.430037019849986e-07,0.0,868.5119087447104,156.99999999999997,0.0,0.0,0.004867448860746482,0.0,0.0,0.0,0.0,0.0,20.000000000001428,20.000000000001428,0.0,0.0
2.71666666667168,2.3000004184686818,6.430037019849986e-07,0.0,868.366747510227,156.99999999999997,0.0,0.0,0.004810307194859294,0.0,0.0,0.0,0.0,0.0,20.00000000000141,20.00000000000141,0.0,0.0
2.7250000000050436,2.300000418329643,6.430037019849986e-07,0.0,868.2232870733365,156.99999999999997,0.0,0.0,0.004754056467984808,0.0,0.0,0.0,0.0,0.0,20.0000000000014,20.0000000000014,0.0,0.0
2.733333333338407,2.300000418192318,6.430037019849986e-07,0.0,868.081500967201,156.99999999999997,0.0,0.0,0.0046986793833900704,0.0,0.0,0.0,0.0,0.0,20.00000000000141,20.00000000000141,0.0,0.0
2.7416666666717706,2.300000418056678,6.430037019849986e-07,0.0,867.9413632378172,156.99999999999997,0.0,0.0,0.004644159045743142,0.0,0.0,0.0,0.0,0.0,20.00000000000146,20.00000000000146,0.0,0.0
2.7500000000051346,2.3000004179226954,6.430037019849986e-07,0.0,867.8028484321362,156.99999999999997,0.0,0.0,0.004590478950287532,0.0,0.0,0.0,0.0,0.0,20.00000000000147,20.00000000000147,0.0,0.0
2.7583333333384985,2.3000004177903426,6.430037019849986e-07,0.0,867.6659315865058,156.99999999999997,0.0,0.0,0.004537622972348717,0.0,0.0,0.0,0.0,0.0,20.000000000001506,20.000000000001506,0.0,0.0
2.766666666671862,2.300000417659593,6.430037019849986e-07,0.0,867.5305882154224,156.99999999999997,0.0,0.0,0.004485575357161234,0.0,0.0,0.0,0.0,0.0,20.000000000001485,20.000000000001485,0.0,0.0
2.7750000000052255,2.300000417530421,6.430037019849986e-07,0.0,867.3967943005817,156.99999999999997,0.0,0.0,0.004434320710006837,0.0,0.0,0.0,0.0,0.0,20.000000000001478,20.000000000001478,0.0,0.0
2.7833333333385895,2.3000004174028006,6.430037019849986e-07,0.0,867.2645262802231,156.99999999999997,0.0,0.0,0.004383843986650487,0.0,0.0,0.0,0.0,0.0,20.00000000000145,20.00000000000145,0.0,0.0
2.791666666671953,2.300000417276707,6.430037019849986e-07,0.0,867.1337610387546,156.99999999999997,0.0,0.0,0.004334130484067096,0.0,0.0,0.0,0.0,0.0,20.00000000000145,20.00000000000145,0.0,0.0
2.8000000000053165,2.3000004171521153,6.430037019849986e-07,0.0,867.0044758966534,156.99999999999997,0.0,0.0,0.004285165831446634,0.0,0.0,0.0,0.0,0.0,20.00000000000142,20.00000000000142,0.0,0.0
2.80833333333868,2.3000004170290014,6.430037019849986e-07,0.0,866.8766486006307,156.99999999999997,0.0,0.0,0.0042369359814693796,0.0,0.0,0.0,0.0,0.0,20.000000000001446,20.000000000001446,0.0,0.0
2.8166666666720435,2.3000004169073422,6.430037019849986e-07,0.0,866.7502573140555,156.99999999999997,0.0,0.0,0.004189427201842475,0.0,0.0,0.0,0.0,0.0,20.000000000001403,20.000000000001403,0.0,0.0
2.8250000000054074,2.300000416787115,6.430037019849986e-07,0.0,866.6252806076275,156.99999999999997,0.0,0.0,0.004142626067088053,0.0,0.0,0.0,0.0,0.0,20.000000000001442,20.000000000001442,0.0,0.0
2.8333333333387714,2.3000004166682957,6.430037019849986e-07,0.0,866.5016974502937,156.99999999999997,0.0,0.0,0.004096519450575797,0.0,0.0,0.0,0.0,0.0,20.000000000001464,20.000000000001464,0.0,0.0
2.841666666672135,2.3000004165508634,6.430037019849986e-07,0.0,866.3794872003997,156.99999999999997,0.0,0.0,0.004051094516789744,0.0,0.0,0.0,0.0,0.0,20.00000000000151,20.00000000000151,0.0,0.0
2.8500000000054984,2.300000416434796,6.430037019849986e-07,0.0,866.2586295970698,156.99999999999997,0.0,0.0,0.00400633871382499,0.0,0.0,0.0,0.0,0.0,20.0000000000015,20.0000000000015,0.0,0.0
2.8583333333388623,2.3000004163200716,6.430037019849986e-07,0.0,866.1391047518086,156.99999999999997,0.0,0.0,0.003962239766102603,0.0,0.0,0.0,0.0,0.0,20.000000000001496,20.000000000001496,0.0,0.0
2.866666666672226,2.3000004162066703,6.430037019849986e-07,0.0,866.0208931403184,156.99999999999997,0.0,0.0,0.003918785667298928,0.0,0.0,0.0,0.0,0.0,20.000000000001513,20.000000000001513,0.0,0.0
2.8750000000055893,2.300000416094571,6.430037019849986e-07,0.0,865.9039755945255,156.99999999999997,0.0,0.0,0.003875964673480071,0.0,0.0,0.0,0.0,0.0,20.00000000000148,20.00000000000148,0.0,0.0
2.883333333338953,2.300000415983754,6.430037019849986e-07,0.0,865.7883332948089,156.99999999999997,0.0,0.0,0.0038337652964365895,0.0,0.0,0.0,0.0,0.0,20.000000000001528,20.000000000001528,0.0,0.0
2.8916666666723163,2.3000004158741993,6.430037019849986e-07,0.0,865.6739477624271,156.99999999999997,0.0,0.0,0.003792176297209992,0.0,0.0,0.0,0.0,0.0,20.000000000001492,20.000000000001492,0.0,0.0
2.9000000000056803,2.3000004157658878,6.430037019849986e-07,0.0,865.5608008521347,156.99999999999997,0.0,0.0,0.0037511866798070007,0.0,0.0,0.0,0.0,0.0,20.000000000001496,20.000000000001496,0.0,0.0
2.908333333339044,2.3000004156588,6.430037019849986e-07,0.0,865.4488747449866,156.99999999999997,0.0,0.0,0.003710785685092753,0.0,0.0,0.0,0.0,0.0,20.000000000001513,20.000000000001513,0.0,0.0
2.9166666666724077,2.300000415552918,6.430037019849986e-07,0.0,865.3381519413219,156.99999999999997,0.0,0.0,0.0036709627848606637,0.0,0.0,0.0,0.0,0.0,20.000000000001492,20.000000000001492,0.0,0.0
2.925000000005771,2.300000415448223,6.430037019849986e-07,0.0,865.2286152539227,156.99999999999997,0.0,0.0,0.0036317076760701453,0.0,0.0,0.0,0.0,0.0,20.000000000001496,20.000000000001496,0.0,0.0
2.933333333339135,2.3000000000096708,6.430037019849986e-07,0.0,865.1202458604837,156.99999999999997,0.0,0.0,0.003593138351138675,0.0,0.0,0.0,0.0,0.0,20.000000000001513,20.000000000001513,0.0,0.0
2.9416666666724987,2.300000000009668,6.430037019849986e-07,0.0,865.0130272455924,156.99999999999997,0.0,0.0,0.0035549869789723186,0.0,0.0,0.0,0.0,0.0,20.000000000001485,20.000000000001485,0.0,0.0
2.950000000005862,2.300000000009666,6.430037019849986e-07,0.0,864.9069450479103,156.99999999999997,0.0,0.0,0.003517373816786022,0.0,0.0,0.0,0.0,0.0,20.00000000000147,20.00000000000147,0.0,0.0
2.9583333333392257,2.3000000000096636,6.430037019849986e-07,0.0,864.8019832639757,156.99999999999997,0.0,0.0,0.0034802894071093177,0.0,0.0,0.0,0.0,0.0,20.00000000000148,20.00000000000148,0.0,0.0
2.966666666672589,2.3000000000096614,6.430037019849986e-07,0.0,864.698126171048,156.99999999999997,0.0,0.0,0.003443724491198649,0.0,0.0,0.0,0.0,0.0,20.00000000000147,20.00000000000147,0.0,0.0
2.975000000005953,2.300000000009659,6.430037019849986e-07,0.0,864.5953583212196,156.99999999999997,0.0,0.0,0.00340767000418248,0.0,0.0,0.0,0.0,0.0,20.000000000001457,20.000000000001457,0.0,0.0
2.983333333339317,2.3000000000096565,6.430037019849986e-07,0.0,864.4936645356701,156.99999999999997,0.0,0.0,0.0033721170703414393,0.0,0.0,0.0,0.0,0.0,20.000000000001396,20.000000000001396,0.0,0.0
2.9916666666726806,2.3000000000096543,6.430037019849986e-07,0.0,864.3930298990618,156.99999999999997,0.0,0.0,0.00333705699851968,0.0,0.0,0.0,0.0,0.0,20.00000000000139,20.00000000000139,0.0,0.0
3.000000000006044,2.300000000009652,6.430037019849986e-07,0.0,864.2934397540705,156.99999999999997,0.0,0.0,0.0033024812776628106,0.0,0.0,0.0,0.0,0.0,20.000000000001425,20.000000000001425,0.0,0.0
3.008333333339408,2.3000000000096503,6.430037019849986e-07,0.013333333377571156,864.1948796960473,156.99999999999997,0.0,0.0,0.003268381572478628,0.0,0.0,0.0,0.0,0.0,20.00000000000141,20.00000000000141,0.0,0.0
3.016666666672772,2.300000000009648,6.430037019849986e-07,0.026666666755142312,864.0973355678103,156.99999999999997,0.0,0.0,0.0032347497192171835,0.0,0.0,0.0,0.0,0.0,20.000000000001403,20.000000000001403,0.0,0.0
3.025000000006135,2.300000000009646,6.430037019849986e-07,0.04000000013271347,864.0007934545597,156.99999999999997,0.0,0.0,0.0032015777215660384,0.0,0.0,0.0,0.0,0.0,20.00000000000146,20.00000000000146,0.0,0.0
3.033333333339499,2.3000000000096437,6.430037019849986e-07,0.05333333323088785,863.9052396789157,156.99999999999997,0.0,0.0,0.003168857746657142,0.0,0.0,0.0,0.0,0.0,20.00000000000145,20.00000000000145,0.0,0.0
3.041666666672862,2.3000000000096414,6.430037019849986e-07,0.06666666660845902,863.8106607960732,156.99999999999997,0.0,0.0,0.0031365821211831626,0.0,0.0,0.0,0.0,0.0,20.000000000001428,20.000000000001428,0.0,0.0
3.050000000006226,2.3000000000096397,6.430037019849986e-07,0.07999999998603016,863.717043589073,156.99999999999997,0.0,0.0,0.003104743327617373,0.0,0.0,0.0,0.0,0.0,20.00000000000141,20.00000000000141,0.0,0.0
3.0583333333395895,2.3000000000096374,6.430037019849986e-07,0.09333333336360132,863.6243750641829,156.99999999999997,0.0,0.0,0.0030733340005370245,0.0,0.0,0.0,0.0,0.0,20.000000000001414,20.000000000001414,0.0,0.0
3.0666666666729534,2.3000000000096357,6.430037019849986e-07,0.10666666674117248,863.5326424463899,156.99999999999997,0.0,0.0,0.0030423469230447223,0.0,0.0,0.0,0.0,0.0,20.000000000001425,20.000000000001425,0.0,0.0
3.075000000006317,2.3000000000096334,6.430037019849986e-07,0.12000000011874362,863.441833174996,156.99999999999997,0.0,0.0,0.0030117750232858402,0.0,0.0,0.0,0.0,0.0,20.000000000001403,20.000000000001403,0.0,0.0
3.083333333339681,2.3000000000096317,6.430037019849986e-07,0.13333333321691804,863.3519348993186,156.99999999999997,0.0,0.0,0.0029816113710589474,0.0,0.0,0.0,0.0,0.0,20.00000000000134,20.00000000000134,0.0,0.0
3.091666666673045,2.3000000000096295,6.430037019849986e-07,0.14666666659448918,863.2629354744909,156.99999999999997,0.0,0.0,0.0029518491745168687,0.0,0.0,0.0,0.0,0.0,20.00000000000135,20.00000000000135,0.0,0.0
3.100000000006408,2.3000000000096277,6.430037019849986e-07,0.15999999997206032,863.1748229573595,156.99999999999997,0.0,0.0,0.0029224817769546844,0.0,0.0,0.0,0.0,0.0,20.00000000000137,20.00000000000137,0.0,0.0
3.108333333339772,2.3000000000096255,6.430037019849986e-07,0.17333333334963147,863.087585602478,156.99999999999997,0.0,0.0,0.002893502653682943,0.0,0.0,0.0,0.0,0.0,20.00000000000141,20.00000000000141,0.0,0.0
3.116666666673135,2.3000000000096237,6.430037019849986e-07,0.18666666672720264,863.0012118581919,156.99999999999997,0.0,0.0,0.0028649054089829387,0.0,0.0,0.0,0.0,0.0,20.00000000000141,20.00000000000141,0.0,0.0
3.125000000006499,2.300000000009622,6.430037019849986e-07,0.20000000010477378,862.9156903628146,156.99999999999997,0.0,0.0,0.0028366837731428275,0.0,0.0,0.0,0.0,0.0,20.000000000001375,20.000000000001375,0.0,0.0
3.1333333333398623,2.30000000000962,6.430037019849986e-07,0.21333333348234496,862.8310099408908,156.99999999999997,0.0,0.0,0.002808831599570741,0.0,0.0,0.0,0.0,0.0,20.000000000001357,20.000000000001357,0.0,0.0
3.1416666666732262,2.3000000000096184,6.430037019849986e-07,0.22666666658051932,862.7471595995451,156.99999999999997,0.0,0.0,0.0027813428619826086,0.0,0.0,0.0,0.0,0.0,20.000000000001386,20.000000000001386,0.0,0.0
3.1500000000065898,2.300000000009616,6.430037019849986e-07,0.2399999999580905,862.664128524915,156.99999999999997,0.0,0.0,0.0027542116516645287,0.0,0.0,0.0,0.0,0.0,20.000000000001386,20.000000000001386,0.0,0.0
3.1583333333399537,2.3000000000096144,6.430037019849986e-07,0.25333333333566166,862.581906078663,156.99999999999997,0.0,0.0,0.0027274321748054896,0.0,0.0,0.0,0.0,0.0,20.00000000000137,20.00000000000137,0.0,0.0
3.1666666666733176,2.3000000000096126,6.430037019849986e-07,0.2666666667132328,862.5004817945696,156.99999999999997,0.0,0.0,0.002700998749898036,0.0,0.0,0.0,0.0,0.0,20.000000000001375,20.000000000001375,0.0,0.0
3.1750000000066807,2.300000000009611,6.430037019849986e-07,0.280000000090804,862.4198453752022,156.99999999999997,0.0,0.0,0.002674905805207901,0.0,0.0,0.0,0.0,0.0,20.00000000000137,20.00000000000137,0.0,0.0
3.1833333333400446,2.300000000009609,6.430037019849986e-07,0.2933333334683751,862.3399866886592,156.99999999999997,0.0,0.0,0.0026491478763067348,0.0,0.0,0.0,0.0,0.0,20.00000000000133,20.00000000000133,0.0,0.0
3.1916666666734077,2.3000000000096077,6.430037019849986e-07,0.3066666665665495,862.2608957653872,156.99999999999997,0.0,0.0,0.002623719603669304,0.0,0.0,0.0,0.0,0.0,20.000000000001286,20.000000000001286,0.0,0.0
3.2000000000067716,2.300000000009606,6.430037019849986e-07,0.31999999994412065,862.1825627950689,156.99999999999997,0.0,0.0,0.00259861573033109,0.0,0.0,0.0,0.0,0.0,20.000000000001286,20.000000000001286,0.0,0.0
3.208333333340135,2.300000000009604,6.430037019849986e-07,0.33333333332169185,862.1049781235813,156.99999999999997,0.0,0.0,0.002573831099606159,0.0,0.0,0.0,0.0,0.0,20.000000000001275,20.000000000001275,0.0,0.0
3.216666666673499,2.3000000000096024,6.430037019849986e-07,0.34666666669926294,862.0281322500209,156.99999999999997,0.0,0.0,0.002549360652862112,0.0,0.0,0.0,0.0,0.0,20.000000000001272,20.000000000001272,0.0,0.0
3.2250000000068626,2.3000000000096006,6.430037019849986e-07,0.36000000007683414,861.9520158237949,156.99999999999997,0.0,0.0,0.002525199427352293,0.0,0.0,0.0,0.0,0.0,20.00000000000123,20.00000000000123,0.0,0.0
3.2333333333402265,2.3000000000095993,6.430037019849986e-07,0.3733333334544053,861.8766196417758,156.99999999999997,0.0,0.0,0.002501342554101899,0.0,0.0,0.0,0.0,0.0,20.000000000001226,20.000000000001226,0.0,0.0
3.2416666666735905,2.3000000000095975,6.430037019849986e-07,0.38666666655257964,861.8019346455206,156.99999999999997,0.0,0.0,0.002477785255846841,0.0,0.0,0.0,0.0,0.0,20.000000000001275,20.000000000001275,0.0,0.0
3.2500000000069535,2.3000000000095957,6.430037019849986e-07,0.3999999999301508,861.727951918549,156.99999999999997,0.0,0.0,0.0024545228450253663,0.0,0.0,0.0,0.0,0.0,20.00000000000127,20.00000000000127,0.0,0.0
3.2583333333403175,2.3000000000095944,6.430037019849986e-07,0.413333333307722,861.6546626836822,156.99999999999997,0.0,0.0,0.0024315507218186988,0.0,0.0,0.0,0.0,0.0,20.00000000000128,20.00000000000128,0.0,0.0
3.2666666666736806,2.3000000000095926,6.430037019849986e-07,0.42666666668529313,861.5820583004394,156.99999999999997,0.0,0.0,0.002408864372241266,0.0,0.0,0.0,0.0,0.0,20.000000000001243,20.000000000001243,0.0,0.0
3.2750000000070445,2.300000000009591,6.430037019849986e-07,0.4400000000628643,861.5101302624911,156.99999999999997,0.0,0.0,0.0023864593662772347,0.0,0.0,0.0,0.0,0.0,20.000000000001222,20.000000000001222,0.0,0.0
3.283333333340408,2.3000000000095895,6.430037019849986e-07,0.45333333344043547,861.4388701951675,156.99999999999997,0.0,0.0,0.002364331356064714,0.0,0.0,0.0,0.0,0.0,20.000000000001226,20.000000000001226,0.0,0.0
3.291666666673772,2.3000000000095877,6.430037019849986e-07,0.46666666681800656,861.3682698530201,156.99999999999997,0.0,0.0,0.0023424760741227904,0.0,0.0,0.0,0.0,0.0,20.0000000000012,20.0000000000012,0.0,0.0
3.3000000000071354,2.3000000000095864,6.430037019849986e-07,0.479999999916181,861.2983211174376,156.99999999999997,0.0,0.0,0.0023208893316237996,0.0,0.0,0.0,0.0,0.0,20.00000000000117,20.00000000000117,0.0,0.0
3.3083333333404994,2.300000000009585,6.430037019849986e-07,0.4933333332937522,861.2290159943102,156.99999999999997,0.0,0.0,0.0022995670167071853,0.0,0.0,0.0,0.0,0.0,20.000000000001158,20.000000000001158,0.0,0.0
3.3166666666738633,2.3000000000095833,6.430037019849986e-07,0.5066666666713233,861.1603466117467,156.99999999999997,0.0,0.0,0.002278505092834285,0.0,0.0,0.0,0.0,0.0,20.00000000000116,20.00000000000116,0.0,0.0
3.3250000000072264,2.300000000009582,6.430037019849986e-07,0.5200000000488945,861.0923052178387,156.99999999999997,0.0,0.0,0.002257699597183795,0.0,0.0,0.0,0.0,0.0,20.000000000001158,20.000000000001158,0.0,0.0
3.3333333333405903,2.3000000000095806,6.430037019849986e-07,0.5333333334264656,861.0248841784723,156.99999999999997,0.0,0.0,0.002237146639085825,0.0,0.0,0.0,0.0,0.0,20.000000000001155,20.000000000001155,0.0,0.0
3.3416666666739534,2.300000000009579,6.430037019849986e-07,0.5466666668040367,860.9580759751877,156.99999999999997,0.0,0.0,0.0022168423984939576,0.0,0.0,0.0,0.0,0.0,20.000000000001123,20.000000000001123,0.0,0.0
3.3500000000073173,2.3000000000095775,6.430037019849986e-07,0.5599999999022112,860.8918732030816,156.99999999999997,0.0,0.0,0.0021967831244937793,0.0,0.0,0.0,0.0,0.0,20.000000000001094,20.000000000001094,0.0,0.0
3.358333333340681,2.300000000009576,6.430037019849986e-07,0.5733333332797823,860.8262685687564,156.99999999999997,0.0,0.0,0.002176965133848424,0.0,0.0,0.0,0.0,0.0,20.00000000000109,20.00000000000109,0.0,0.0
3.366666666674045,2.300000000009575,6.430037019849986e-07,0.5866666666573535,860.7612548883111,156.99999999999997,0.0,0.0,0.002157384809577459,0.0,0.0,0.0,0.0,0.0,20.00000000000112,20.00000000000112,0.0,0.0
3.3750000000074083,2.300000000009573,6.430037019849986e-07,0.6000000000349246,860.696825085374,156.99999999999997,0.0,0.0,0.0021380385995708974,0.0,0.0,0.0,0.0,0.0,20.000000000001123,20.000000000001123,0.0,0.0
3.3833333333407722,2.3000000000095717,6.430037019849986e-07,0.6133333334124959,860.6329721891777,156.99999999999997,0.0,0.0,0.0021189230152359353,0.0,0.0,0.0,0.0,0.0,20.000000000001144,20.000000000001144,0.0,0.0
3.391666666674136,2.3000000000095704,6.430037019849986e-07,0.626666666790067,860.5696893326733,156.99999999999997,0.0,0.0,0.0021000346301755604,0.0,0.0,0.0,0.0,0.0,20.000000000001165,20.000000000001165,0.0,0.0
3.4000000000074992,2.300000000009569,6.430037019849986e-07,0.640000000167638,860.5069697506837,156.99999999999997,0.0,0.0,0.0020813700788988487,0.0,0.0,0.0,0.0,0.0,20.00000000000119,20.00000000000119,0.0,0.0
3.408333333340863,2.3000000000095677,6.430037019849986e-07,0.6533333332658124,860.4448067780959,156.99999999999997,0.0,0.0,0.0020629260555618833,0.0,0.0,0.0,0.0,0.0,20.000000000001176,20.000000000001176,0.0,0.0
3.4166666666742262,2.3000000000095664,6.430037019849986e-07,0.6666666666433837,860.3831938480901,156.99999999999997,0.0,0.0,0.002044699312737596,0.0,0.0,0.0,0.0,0.0,20.00000000000121,20.00000000000121,0.0,0.0
3.42500000000759,2.300000000009565,6.430037019849986e-07,0.6800000000209548,860.3221244904051,156.99999999999997,0.0,0.0,0.0020266866602151722,0.0,0.0,0.0,0.0,0.0,20.00000000000122,20.00000000000122,0.0,0.0
3.4333333333409537,2.3000000000095637,6.430037019849986e-07,0.6933333333985259,860.2615923296398,156.99999999999997,0.0,0.0,0.0020088849638277033,0.0,0.0,0.0,0.0,0.0,20.00000000000117,20.00000000000117,0.0,0.0
3.4416666666743176,2.3000000000095624,6.430037019849986e-07,0.7066666667760971,860.2015910835889,156.99999999999997,0.0,0.0,0.001991291144306151,0.0,0.0,0.0,0.0,0.0,20.00000000000116,20.00000000000116,0.0,0.0
3.450000000007681,2.300000000009561,6.430037019849986e-07,0.7200000001536683,860.1421145616133,156.99999999999997,0.0,0.0,0.0019739021761617645,0.0,0.0,0.0,0.0,0.0,20.000000000001183,20.000000000001183,0.0,0.0
3.458333333341045,2.3000000000095597,6.430037019849986e-07,0.7333333332518427,860.0831566630425,156.99999999999997,0.0,0.0,0.001956715086592585,0.0,0.0,0.0,0.0,0.0,20.000000000001187,20.000000000001187,0.0,0.0
3.466666666674409,2.300000000009559,6.430037019849986e-07,0.7466666666294137,860.0247113756107,156.99999999999997,0.0,0.0,0.0019397269544163015,0.0,0.0,0.0,0.0,0.0,20.00000000000119,20.00000000000119,0.0,0.0
3.475000000007772,2.3000000000095575,6.430037019849986e-07,0.760000000006985,859.966772773924,156.99999999999997,0.0,0.0,0.0019229349090280645,0.0,0.0,0.0,0.0,0.0,20.00000000000117,20.00000000000117,0.0,0.0
3.483333333341136,2.300000000009556,6.430037019849986e-07,0.7733333333845561,859.9093350179583,156.99999999999997,0.0,0.0,0.0019063361293811037,0.0,0.0,0.0,0.0,0.0,20.000000000001172,20.000000000001172,0.0,0.0
3.491666666674499,2.300000000009555,6.430037019849986e-07,0.7866666667621272,859.8523923515872,156.99999999999997,0.0,0.0,0.0018899278429918166,0.0,0.0,0.0,0.0,0.0,20.000000000001158,20.000000000001158,0.0,0.0
3.500000000007863,2.3000000000095535,6.430037019849986e-07,0.8000000001396984,859.7959391011404,156.99999999999997,0.0,0.0,0.0018737073249670757,0.0,0.0,0.0,0.0,0.0,20.000000000001183,20.000000000001183,0.0,0.0
3.5083333333412265,2.3000000000095526,6.430037019849986e-07,0.8133333335172696,859.7399696739903,156.99999999999997,0.0,0.0,0.0018576718970539424,0.0,0.0,0.0,0.0,0.0,20.000000000001172,20.000000000001172,0.0,0.0
3.5166666666745905,2.3000000000095513,6.430037019849986e-07,0.826666666615444,859.6844785571662,156.99999999999997,0.0,0.0,0.0018418189267110647,0.0,0.0,0.0,0.0,0.0,20.000000000001158,20.000000000001158,0.0,0.0
3.525000000007954,2.30000000000955,6.430037019849986e-07,0.839999999993015,859.6294603159976,156.99999999999997,0.0,0.0,0.0018261458262008108,0.0,0.0,0.0,0.0,0.0,20.000000000001148,20.000000000001148,0.0,0.0
3.533333333341318,2.300000000009549,6.430037019849986e-07,0.8533333333705863,859.5749095927824,156.99999999999997,0.0,0.0,0.001810650051702362,0.0,0.0,0.0,0.0,0.0,20.00000000000115,20.00000000000115,0.0,0.0
3.541666666674682,2.3000000000095477,6.430037019849986e-07,0.8666666667481574,859.5208211054835,156.99999999999997,0.0,0.0,0.0017953291024444965,0.0,0.0,0.0,0.0,0.0,20.000000000001137,20.000000000001137,0.0,0.0
3.550000000008045,2.3000000000095464,6.430037019849986e-07,0.8800000001257287,859.4671896464497,156.99999999999997,0.0,0.0,0.001780180519858187,0.0,0.0,0.0,0.0,0.0,20.000000000001165,20.000000000001165,0.0,0.0
3.558333333341409,2.3000000000095455,6.430037019849986e-07,0.8933333335032997,859.4140100811621,156.99999999999997,0.0,0.0,0.001765201886747882,0.0,0.0,0.0,0.0,0.0,20.000000000001165,20.000000000001165,0.0,0.0
3.566666666674772,2.300000000009544,6.430037019849986e-07,0.9066666666014741,859.3612773470051,156.99999999999997,0.0,0.0,0.0017503908264815025,0.0,0.0,0.0,0.0,0.0,20.000000000001183,20.000000000001183,0.0,0.0
3.575000000008136,2.3000000000095433,6.430037019849986e-07,0.9199999999790452,859.3089864520615,156.99999999999997,0.0,0.0,0.001735745002198495,0.0,0.0,0.0,0.0,0.0,20.000000000001176,20.000000000001176,0.0,0.0
3.5833333333414994,2.300000000009542,6.430037019849986e-07,0.9333333333566165,859.2571324739313,156.99999999999997,0.0,0.0,0.0017212621160357536,0.0,0.0,0.0,0.0,0.0,20.00000000000118,20.00000000000118,0.0,0.0
3.5916666666748633,2.300000000009541,6.430037019849986e-07,0.9466666667341875,859.2057105585727,156.99999999999997,0.0,0.0,0.0017069399083701148,0.0,0.0,0.0,0.0,0.0,20.000000000001137,20.000000000001137,0.0,0.0
3.600000000008227,2.3000000000095397,6.430037019849986e-07,0.9600000001117588,859.1547159191666,156.99999999999997,0.0,0.0,0.0016927761570781354,0.0,0.0,0.0,0.0,0.0,20.000000000001126,20.000000000001126,0.0,0.0
3.608333333341591,2.300000000009539,6.430037019849986e-07,0.9733333334893299,859.1041438350026,156.99999999999997,0.0,0.0,0.0016787686768123295,0.0,0.0,0.0,0.0,0.0,20.000000000001144,20.000000000001144,0.0,0.0
3.6166666666749547,2.3000000000095375,6.430037019849986e-07,0.9866666665875043,859.0539896503856,156.99999999999997,0.0,0.0,0.0016649153182923641,0.0,0.0,0.0,0.0,0.0,20.000000000001158,20.000000000001158,0.0,0.0
3.625000000008318,2.3000000000095366,6.430037019849986e-07,0.9999999999650754,859.0042487735652,156.99999999999997,0.0,0.0,0.0016512139676131724,0.0,0.0,0.0,0.0,0.0,20.000000000001148,20.000000000001148,0.0,0.0
3.6333333333416817,2.3000000000095353,6.430037019849986e-07,1.0133333333426466,858.9549166756842,156.99999999999997,0.0,0.0,0.0016376625455670755,0.0,0.0,0.0,0.0,0.0,20.000000000001148,20.000000000001148,0.0,0.0
3.641666666675045,2.3000000000095344,6.430037019849986e-07,1.0266666667202178,858.9059888897475,156.99999999999997,0.0,0.0,0.0016242590069816434,0.0,0.0,0.0,0.0,0.0,20.000000000001158,20.000000000001158,0.0,0.0
3.6500000000084087,2.3000000000095335,6.430037019849986e-07,1.040000000097789,858.8574610096116,156.99999999999997,0.0,0.0,0.0016110013400707551,0.0,0.0,0.0,0.0,0.0,20.00000000000113,20.00000000000113,0.0,0.0
3.6583333333417722,2.300000000009532,6.430037019849986e-07,1.05333333347536,858.8093286889916,156.99999999999997,0.0,0.0,0.001597887565801138,0.0,0.0,0.0,0.0,0.0,20.00000000000112,20.00000000000112,0.0,0.0
3.666666666675136,2.3000000000095313,6.430037019849986e-07,1.0666666668529312,858.7615876404889,156.99999999999997,0.0,0.0,0.0015849157372716405,0.0,0.0,0.0,0.0,0.0,20.00000000000112,20.00000000000112,0.0,0.0
3.6750000000084997,2.3000000000095304,6.430037019849986e-07,1.0799999999511056,858.7142336346355,156.99999999999997,0.0,0.0,0.0015720839391062211,0.0,0.0,0.0,0.0,0.0,20.000000000001148,20.000000000001148,0.0,0.0
3.6833333333418636,2.300000000009529,6.430037019849986e-07,1.0933333333286768,858.6672624989583,156.99999999999997,0.0,0.0,0.001559390286860218,0.0,0.0,0.0,0.0,0.0,20.000000000001133,20.000000000001133,0.0,0.0
3.6916666666752276,2.300000000009528,6.430037019849986e-07,1.106666666706248,858.6206701170587,156.99999999999997,0.0,0.0,0.0015468329264387104,0.0,0.0,0.0,0.0,0.0,20.000000000001144,20.000000000001144,0.0,0.0
3.7000000000085906,2.3000000000095273,6.430037019849986e-07,1.120000000083819,858.5744524277118,156.99999999999997,0.0,0.0,0.001534410033528391,0.0,0.0,0.0,0.0,0.0,20.00000000000113,20.00000000000113,0.0,0.0
3.7083333333419546,2.3000000000095264,6.430037019849986e-07,1.1333333334613904,858.5286054239807,156.99999999999997,0.0,0.0,0.001522119813040162,0.0,0.0,0.0,0.0,0.0,20.000000000001098,20.000000000001098,0.0,0.0
3.7166666666753176,2.300000000009525,6.430037019849986e-07,1.1466666668389613,858.4831251523481,156.99999999999997,0.0,0.0,0.001509960498565484,0.0,0.0,0.0,0.0,0.0,20.0000000000011,20.0000000000011,0.0,0.0
3.7250000000086816,2.300000000009524,6.430037019849986e-07,1.1599999999371358,858.4380077118643,156.99999999999997,0.0,0.0,0.0014979303518419997,0.0,0.0,0.0,0.0,0.0,20.00000000000113,20.00000000000113,0.0,0.0
3.733333333342045,2.3000000000095233,6.430037019849986e-07,1.173333333314707,858.3932492533102,156.99999999999997,0.0,0.0,0.0014860276622325338,0.0,0.0,0.0,0.0,0.0,20.00000000000113,20.00000000000113,0.0,0.0
3.741666666675409,2.3000000000095224,6.430037019849986e-07,1.1866666666922783,858.3488459783766,156.99999999999997,0.0,0.0,0.00147425074621418,0.0,0.0,0.0,0.0,0.0,20.00000000000106,20.00000000000106,0.0,0.0
3.7500000000087725,2.3000000000095215,6.430037019849986e-07,1.2000000000698492,858.3047941388581,156.99999999999997,0.0,0.0,0.0014625979468775305,0.0,0.0,0.0,0.0,0.0,20.000000000001062,20.000000000001062,0.0,0.0
3.7583333333421365,2.3000000000095207,6.430037019849986e-07,1.2133333334474203,858.2610900358624,156.99999999999997,0.0,0.0,0.001451067633437995,0.0,0.0,0.0,0.0,0.0,20.00000000000106,20.00000000000106,0.0,0.0
3.7666666666755004,2.3000000000095198,6.430037019849986e-07,1.2266666668249917,858.2177300190333,156.99999999999997,0.0,0.0,0.001439658200755965,0.0,0.0,0.0,0.0,0.0,20.000000000001076,20.000000000001076,0.0,0.0
3.7750000000088635,2.3000000000095184,6.430037019849986e-07,1.2400000002025626,858.1747104857889,156.99999999999997,0.0,0.0,0.001428368068867683,0.0,0.0,0.0,0.0,0.0,20.000000000001116,20.000000000001116,0.0,0.0
3.7833333333422274,2.3000000000095175,6.430037019849986e-07,1.253333333300737,858.1320278805732,156.99999999999997,0.0,0.0,0.0014171956825260147,0.0,0.0,0.0,0.0,0.0,20.000000000001123,20.000000000001123,0.0,0.0
3.7916666666755905,2.3000000000095167,6.430037019849986e-07,1.2666666666783082,858.0896786941211,156.99999999999997,0.0,0.0,0.0014061395107499324,0.0,0.0,0.0,0.0,0.0,20.000000000001112,20.000000000001112,0.0,0.0
3.8000000000089544,2.3000000000095158,6.430037019849986e-07,1.2800000000558795,858.0476594627373,156.99999999999997,0.0,0.0,0.00139519804638444,0.0,0.0,0.0,0.0,0.0,20.000000000001044,20.000000000001044,0.0,0.0
3.808333333342318,2.300000000009515,6.430037019849986e-07,1.2933333334334505,858.0059667675882,156.99999999999997,0.0,0.0,0.0013843698056690162,0.0,0.0,0.0,0.0,0.0,20.000000000001027,20.000000000001027,0.0,0.0
3.816666666675682,2.300000000009514,6.430037019849986e-07,1.3066666668110218,857.9645972340059,156.99999999999997,0.0,0.0,0.0013736533278149597,0.0,0.0,0.0,0.0,0.0,20.000000000001034,20.000000000001034,0.0,0.0
3.8250000000090454,2.300000000009513,6.430037019849986e-07,1.320000000188593,857.9235475308058,156.99999999999997,0.0,0.0,0.0013630471745913985,0.0,0.0,0.0,0.0,0.0,20.000000000001037,20.000000000001037,0.0,0.0
3.8333333333424093,2.300000000009512,6.430037019849986e-07,1.3333333332867674,857.882814369616,156.99999999999997,0.0,0.0,0.0013525499299202337,0.0,0.0,0.0,0.0,0.0,20.000000000001005,20.000000000001005,0.0,0.0
3.8416666666757733,2.3000000000095113,6.430037019849986e-07,1.3466666666643383,857.8423945042182,156.99999999999997,0.0,0.0,0.001342160199478862,0.0,0.0,0.0,0.0,0.0,20.00000000000099,20.00000000000099,0.0,0.0
3.8500000000091363,2.3000000000095104,6.430037019849986e-07,1.3600000000419097,857.8022847299015,156.99999999999997,0.0,0.0,0.0013318766103112682,0.0,0.0,0.0,0.0,0.0,20.00000000000097,20.00000000000097,0.0,0.0
3.8583333333425003,2.3000000000095095,6.430037019849986e-07,1.3733333334194808,857.7624818828269,156.99999999999997,0.0,0.0,0.001321697810447156,0.0,0.0,0.0,0.0,0.0,20.000000000000988,20.000000000000988,0.0,0.0
3.8666666666758633,2.300000000009509,6.430037019849986e-07,1.3866666667970518,857.7229828394034,156.99999999999997,0.0,0.0,0.0013116224685283835,0.0,0.0,0.0,0.0,0.0,20.000000000000977,20.000000000000977,0.0,0.0
3.8750000000092273,2.300000000009508,6.430037019849986e-07,1.4000000001746231,857.6837845156747,156.99999999999997,0.0,0.0,0.0013016492734434074,0.0,0.0,0.0,0.0,0.0,20.000000000001005,20.000000000001005,0.0,0.0
3.883333333342591,2.3000000000095073,6.430037019849986e-07,1.4133333335521943,857.6448838667183,156.99999999999997,0.0,0.0,0.001291776933969201,0.0,0.0,0.0,0.0,0.0,20.00000000000098,20.00000000000098,0.0,0.0
3.8916666666759547,2.3000000000095064,6.430037019849986e-07,1.4266666666503687,857.606277886053,156.99999999999997,0.0,0.0,0.0012820041784197325,0.0,0.0,0.0,0.0,0.0,20.000000000001027,20.000000000001027,0.0,0.0
3.9000000000093182,2.3000000000095056,6.430037019849986e-07,1.4400000000279396,857.5679636050586,156.99999999999997,0.0,0.0,0.0012723297543023098,0.0,0.0,0.0,0.0,0.0,20.00000000000102,20.00000000000102,0.0,0.0
3.908333333342682,2.3000000000095047,6.430037019849986e-07,1.453333333405511,857.5299380924051,156.99999999999997,0.0,0.0,0.0012627524279803682,0.0,0.0,0.0,0.0,0.0,20.000000000001027,20.000000000001027,0.0,0.0
3.916666666676046,2.3000000000095038,6.430037019849986e-07,1.466666666783082,857.4921984534922,156.99999999999997,0.0,0.0,0.0012532709843428023,0.0,0.0,0.0,0.0,0.0,20.000000000001023,20.000000000001023,0.0,0.0
3.925000000009409,2.3000000000095033,6.430037019849986e-07,1.4800000001606533,857.4547418298976,156.99999999999997,0.0,0.0,0.0012438842264808486,0.0,0.0,0.0,0.0,0.0,20.000000000001023,20.000000000001023,0.0,0.0
3.933333333342773,2.3000000000095024,6.430037019849986e-07,1.4933333335382244,857.4175653988369,156.99999999999997,0.0,0.0,0.0012345909753702033,0.0,0.0,0.0,0.0,0.0,20.000000000000995,20.000000000000995,0.0,0.0
3.941666666676136,2.3000000000095016,6.430037019849986e-07,1.5066666666363986,857.3806663726309,156.99999999999997,0.0,0.0,0.001225390069560293,0.0,0.0,0.0,0.0,0.0,20.000000000001037,20.000000000001037,0.0,0.0
3.9500000000095,2.3000000000095007,6.430037019849986e-07,1.52000000001397,857.3440419981832,156.99999999999997,0.0,0.0,0.0012162803648693018,0.0,0.0,0.0,0.0,0.0,20.00000000000104,20.00000000000104,0.0,0.0
3.9583333333428636,2.3000000000095,6.430037019849986e-07,1.533333333391541,857.3076895564669,156.99999999999997,0.0,0.0,0.0012072607340854538,0.0,0.0,0.0,0.0,0.0,20.00000000000108,20.00000000000108,0.0,0.0
3.9666666666762276,2.3000000000094993,6.430037019849986e-07,1.5466666667691122,857.2716063620198,156.99999999999997,0.0,0.0,0.0011983300666740786,0.0,0.0,0.0,0.0,0.0,20.00000000000105,20.00000000000105,0.0,0.0
3.975000000009591,2.3000000000094984,6.430037019849986e-07,1.5600000001466834,857.235789762448,156.99999999999997,0.0,0.0,0.0011894872684904561,0.0,0.0,0.0,0.0,0.0,20.00000000000105,20.00000000000105,0.0,0.0
3.983333333342955,2.3000000000094976,6.430037019849986e-07,1.5733333335242543,857.2002371379392,156.99999999999997,0.0,0.0,0.0011807312614982688,0.0,0.0,0.0,0.0,0.0,20.00000000000105,20.00000000000105,0.0,0.0
3.991666666676319,2.300000000009497,6.430037019849986e-07,1.586666666622429,857.1649459007829,156.99999999999997,0.0,0.0,0.0011720609834936708,0.0,0.0,0.0,0.0,0.0,20.00000000000108,20.00000000000108,0.0,0.0
4.000000000009682,2.3000000000094962,6.430037019849986e-07,1.6,857.1299134949002,156.99999999999997,0.0,0.0,0.0011634753878344052,0.0,0.0,0.0,0.0,0.0,20.000000000001062,20.000000000001062,0.0,0.0
4.008333333343046,2.3000000000094953,6.430037019849986e-07,1.6,857.0951373953802,156.99999999999997,0.0,0.0,0.0011549734431750634,0.0,0.0,0.0,0.0,0.0,20.000000000001073,20.000000000001073,0.0,0.0
4.016666666676409,2.300000000009495,6.430037019849986e-07,1.6,857.0606151080258,156.99999999999997,0.0,0.0,0.0011465541332062567,0.0,0.0,0.0,0.0,0.0,20.00000000000109,20.00000000000109,0.0,0.0
4.025000000009773,2.300000000009494,6.430037019849986e-07,1.6,857.0263441689059,156.99999999999997,0.0,0.0,0.001138216456399782,0.0,0.0,0.0,0.0,0.0,20.000000000001062,20.000000000001062,0.0,0.0
4.033333333343137,2.300000000009493,6.430037019849986e-07,1.6,856.9923221439158,156.99999999999997,0.0,0.0,0.0011299594257584273,0.0,0.0,0.0,0.0,0.0,20.000000000001037,20.000000000001037,0.0,0.0
4.0416666666765,2.3000000000094927,6.430037019849986e-07,1.6,856.9585466283454,156.99999999999997,0.0,0.0,0.00112178206857065,0.0,0.0,0.0,0.0,0.0,20.000000000001034,20.000000000001034,0.0,0.0
4.050000000009864,2.300000000009492,6.430037019849986e-07,1.6,856.925015246454,156.99999999999997,0.0,0.0,0.0011136834261695646,0.0,0.0,0.0,0.0,0.0,20.000000000001055,20.000000000001055,0.0,0.0
4.058333333343228,2.300000000009491,6.430037019849986e-07,1.6,856.891725651052,156.99999999999997,0.0,0.0,0.001105662553697629,0.0,0.0,0.0,0.0,0.0,20.00000000000108,20.00000000000108,0.0,0.0
4.066666666676592,2.3000000000094905,6.430037019849986e-07,1.6,856.858675523091,156.99999999999997,0.0,0.0,0.0010977185198743507,0.0,0.0,0.0,0.0,0.0,20.00000000000108,20.00000000000108,0.0,0.0
4.075000000009955,2.3000000000094896,6.430037019849986e-07,1.6,856.8258625712598,156.99999999999997,0.0,0.0,0.0010898504067696514,0.0,0.0,0.0,0.0,0.0,20.00000000000111,20.00000000000111,0.0,0.0
4.083333333343319,2.300000000009489,6.430037019849986e-07,1.6,856.7932845315863,156.99999999999997,0.0,0.0,0.001082057309581189,0.0,0.0,0.0,0.0,0.0,20.00000000000111,20.00000000000111,0.0,0.0
4.091666666676682,2.3000000000094882,6.430037019849986e-07,1.6,856.7609391670483,156.99999999999997,0.0,0.0,0.0010743383364153801,0.0,0.0,0.0,0.0,0.0,20.0000000000011,20.0000000000011,0.0,0.0
4.100000000010046,2.300000000009488,6.430037019849986e-07,1.6,856.7288242671884,156.99999999999997,0.0,0.0,0.001066692608073794,0.0,0.0,0.0,0.0,0.0,20.000000000001126,20.000000000001126,0.0,0.0
4.10833333334341,2.300000000009487,6.430037019849986e-07,1.6,856.6969376477368,156.99999999999997,0.0,0.0,0.0010591192578419857,0.0,0.0,0.0,0.0,0.0,20.000000000001176,20.000000000001176,0.0,0.0
4.116666666676773,2.300000000009486,6.430037019849986e-07,1.6,856.66527715024,156.99999999999997,0.0,0.0,0.0010516174312838603,0.0,0.0,0.0,0.0,0.0,20.000000000001172,20.000000000001172,0.0,0.0
4.125000000010137,2.3000000000094856,6.430037019849986e-07,1.6,856.6338406416953,156.99999999999997,0.0,0.0,0.0010441862860386603,0.0,0.0,0.0,0.0,0.0,20.000000000001183,20.000000000001183,0.0,0.0
4.133333333343501,2.3000000000094847,6.430037019849986e-07,1.6,856.6026260141914,156.99999999999997,0.0,0.0,0.001036824991622981,0.0,0.0,0.0,0.0,0.0,20.000000000001183,20.000000000001183,0.0,0.0
4.141666666676865,2.3000000000094842,6.430037019849986e-07,1.6,856.5716311845554,156.99999999999997,0.0,0.0,0.0010295327292351192,0.0,0.0,0.0,0.0,0.0,20.00000000000118,20.00000000000118,0.0,0.0
4.150000000010228,2.3000000000094833,6.430037019849986e-07,1.6,856.540854094005,156.99999999999997,0.0,0.0,0.0010223086915644363,0.0,0.0,0.0,0.0,0.0,20.000000000001222,20.000000000001222,0.0,0.0
4.158333333343592,2.300000000009483,6.430037019849986e-07,1.6,856.5102927078067,156.99999999999997,0.0,0.0,0.0010151520826033285,0.0,0.0,0.0,0.0,0.0,20.00000000000122,20.00000000000122,0.0,0.0
4.166666666676955,2.3000000000094825,6.430037019849986e-07,1.6,856.4799450149394,156.99999999999997,0.0,0.0,0.0010080621174630728,0.0,0.0,0.0,0.0,0.0,20.000000000001204,20.000000000001204,0.0,0.0
4.175000000010319,2.3000000000094816,6.430037019849986e-07,1.6,856.4498090277632,156.99999999999997,0.0,0.0,0.0010010380221931268,0.0,0.0,0.0,0.0,0.0,20.00000000000128,20.00000000000128,0.0,0.0
4.183333333343683,2.300000000009481,6.430037019849986e-07,1.6,856.419882781695,156.99999999999997,0.0,0.0,0.0009940790336035474,0.0,0.0,0.0,0.0,0.0,20.000000000001258,20.000000000001258,0.0,0.0
4.191666666677046,2.3000000000094802,6.430037019849986e-07,1.6,856.3901643348872,156.99999999999997,0.0,0.0,0.0009871843990910492,0.0,0.0,0.0,0.0,0.0,20.000000000001286,20.000000000001286,0.0,0.0
4.20000000001041,2.30000000000948,6.430037019849986e-07,1.6,856.3606517679134,156.99999999999997,0.0,0.0,0.000980353376467906,0.0,0.0,0.0,0.0,0.0,20.00000000000129,20.00000000000129,0.0,0.0
4.208333333343774,2.300000000009479,6.430037019849986e-07,1.6,856.3313431834579,156.99999999999997,0.0,0.0,0.0009735852337943075,0.0,0.0,0.0,0.0,0.0,20.000000000001304,20.000000000001304,0.0,0.0
4.2166666666771375,2.3000000000094785,6.430037019849986e-07,1.6,856.3022367060111,156.99999999999997,0.0,0.0,0.0009668792492136552,0.0,0.0,0.0,0.0,0.0,20.000000000001315,20.000000000001315,0.0,0.0
4.225000000010501,2.300000000009478,6.430037019849986e-07,1.6,856.2733304815695,156.99999999999997,0.0,0.0,0.0009602347107904934,0.0,0.0,0.0,0.0,0.0,20.000000000001307,20.000000000001307,0.0,0.0
4.2333333333438645,2.300000000009477,6.430037019849986e-07,1.6,856.2446226773402,156.99999999999997,0.0,0.0,0.000953650916352582,0.0,0.0,0.0,0.0,0.0,20.00000000000132,20.00000000000132,0.0,0.0
4.241666666677228,2.3000000000094767,6.430037019849986e-07,1.6,856.2161114814508,156.99999999999997,0.0,0.0,0.0009471271733340518,0.0,0.0,0.0,0.0,0.0,20.000000000001307,20.000000000001307,0.0,0.0
4.2500000000105915,2.300000000009476,6.430037019849986e-07,1.6,856.1877951026628,156.99999999999997,0.0,0.0,0.0009406627986233563,0.0,0.0,0.0,0.0,0.0,20.000000000001297,20.000000000001297,0.0,0.0
4.2583333333439555,2.3000000000094754,6.430037019849986e-07,1.6,856.1596717700909,156.99999999999997,0.0,0.0,0.0009342571184124102,0.0,0.0,0.0,0.0,0.0,20.000000000001318,20.000000000001318,0.0,0.0
4.2666666666773185,2.300000000009475,6.430037019849986e-07,1.6,856.1317397329259,156.99999999999997,0.0,0.0,0.0009279094680494411,0.0,0.0,0.0,0.0,0.0,20.00000000000134,20.00000000000134,0.0,0.0
4.2750000000106825,2.300000000009474,6.430037019849986e-07,1.6,856.103997260162,156.99999999999997,0.0,0.0,0.0009216191918938715,0.0,0.0,0.0,0.0,0.0,20.000000000001354,20.000000000001354,0.0,0.0
4.283333333344046,2.3000000000094736,6.430037019849986e-07,1.6,856.0764426403289,156.99999999999997,0.0,0.0,0.0009153856431743785,0.0,0.0,0.0,0.0,0.0,20.00000000000132,20.00000000000132,0.0,0.0
4.29166666667741,2.300000000009473,6.430037019849986e-07,1.6,856.0490741812278,156.99999999999997,0.0,0.0,0.000909208183849098,0.0,0.0,0.0,0.0,0.0,20.000000000001307,20.000000000001307,0.0,0.0
4.300000000010773,2.3000000000094722,6.430037019849986e-07,1.6,856.0218902096711,156.99999999999997,0.0,0.0,0.0009030861844685714,0.0,0.0,0.0,0.0,0.0,20.000000000001343,20.000000000001343,0.0,0.0
4.308333333344137,2.300000000009472,6.430037019849986e-07,1.6,855.9948890712278,156.99999999999997,0.0,0.0,0.0008970190240408622,0.0,0.0,0.0,0.0,0.0,20.000000000001336,20.000000000001336,0.0,0.0
4.3166666666775,2.3000000000094714,6.430037019849986e-07,1.6,855.9680691299702,156.99999999999997,0.0,0.0,0.0008910060898994397,0.0,0.0,0.0,0.0,0.0,20.000000000001364,20.000000000001364,0.0,0.0
4.325000000010864,2.300000000009471,6.430037019849986e-07,1.6,855.9414287682278,156.99999999999997,0.0,0.0,0.0008850467775731637,0.0,0.0,0.0,0.0,0.0,20.00000000000134,20.00000000000134,0.0,0.0
4.333333333344228,2.30000000000947,6.430037019849986e-07,1.6,855.9149663863415,156.99999999999997,0.0,0.0,0.0008791404906587926,0.0,0.0,0.0,0.0,0.0,20.000000000001336,20.000000000001336,0.0,0.0
4.341666666677591,2.3000000000094696,6.430037019849986e-07,1.6,855.8886804024252,156.99999999999997,0.0,0.0,0.0008732866406954445,0.0,0.0,0.0,0.0,0.0,20.00000000000136,20.00000000000136,0.0,0.0
4.350000000010955,2.300000000009469,6.430037019849986e-07,1.6,855.8625692521284,156.99999999999997,0.0,0.0,0.0008674846470416083,0.0,0.0,0.0,0.0,0.0,20.000000000001304,20.000000000001304,0.0,0.0
4.358333333344319,2.3000000000094687,6.430037019849986e-07,1.6,855.8366313884039,156.99999999999997,0.0,0.0,0.0008617339367543139,0.0,0.0,0.0,0.0,0.0,20.000000000001293,20.000000000001293,0.0,0.0
4.366666666677683,2.300000000009468,6.430037019849986e-07,1.6,855.810865281278,156.99999999999997,0.0,0.0,0.000856033944469818,0.0,0.0,0.0,0.0,0.0,20.00000000000126,20.00000000000126,0.0,0.0
4.375000000011046,2.3000000000094674,6.430037019849986e-07,1.6,855.7852694176256,156.99999999999997,0.0,0.0,0.0008503841122874578,0.0,0.0,0.0,0.0,0.0,20.000000000001286,20.000000000001286,0.0,0.0
4.38333333334441,2.300000000009467,6.430037019849986e-07,1.6,855.7598423009476,156.99999999999997,0.0,0.0,0.000844783889654784,0.0,0.0,0.0,0.0,0.0,20.00000000000127,20.00000000000127,0.0,0.0
4.391666666677773,2.3000000000094665,6.430037019849986e-07,1.6,855.7345824511526,156.99999999999997,0.0,0.0,0.0008392327332547468,0.0,0.0,0.0,0.0,0.0,20.000000000001275,20.000000000001275,0.0,0.0
4.400000000011137,2.3000000000094656,6.430037019849986e-07,1.6,855.7094884043407,156.99999999999997,0.0,0.0,0.0008337301068950824,0.0,0.0,0.0,0.0,0.0,20.000000000001293,20.000000000001293,0.0,0.0
4.408333333344501,2.300000000009465,6.430037019849986e-07,1.6,855.6845587125924,156.99999999999997,0.0,0.0,0.0008282754813995232,0.0,0.0,0.0,0.0,0.0,20.000000000001293,20.000000000001293,0.0,0.0
4.416666666677864,2.3000000000094647,6.430037019849986e-07,1.6,855.659791943759,156.99999999999997,0.0,0.0,0.0008228683345011523,0.0,0.0,0.0,0.0,0.0,20.000000000001304,20.000000000001304,0.0,0.0
4.425000000011228,2.3000000000094643,6.430037019849986e-07,1.6,855.6351866812572,156.99999999999997,0.0,0.0,0.0008175081507370104,0.0,0.0,0.0,0.0,0.0,20.00000000000128,20.00000000000128,0.0,0.0
4.433333333344592,2.300000000009464,6.430037019849986e-07,1.6,855.6107415238664,156.99999999999997,0.0,0.0,0.0008121944213452352,0.0,0.0,0.0,0.0,0.0,20.000000000001265,20.000000000001265,0.0,0.0
4.441666666677956,2.3000000000094634,6.430037019849986e-07,1.6,855.5864550855293,156.99999999999997,0.0,0.0,0.0008069266441634044,0.0,0.0,0.0,0.0,0.0,20.000000000001258,20.000000000001258,0.0,0.0
4.450000000011319,2.3000000000094625,6.430037019849986e-07,1.6,855.5623259951556,156.99999999999997,0.0,0.0,0.0008017043235289308,0.0,0.0,0.0,0.0,0.0,20.00000000000125,20.00000000000125,0.0,0.0
4.458333333344683,2.300000000009462,6.430037019849986e-07,1.6,855.538352896428,156.99999999999997,0.0,0.0,0.0007965269701813951,0.0,0.0,0.0,0.0,0.0,20.000000000001254,20.000000000001254,0.0,0.0
4.466666666678046,2.3000000000094616,6.430037019849986e-07,1.6,855.5145344476122,156.99999999999997,0.0,0.0,0.000791394101165759,0.0,0.0,0.0,0.0,0.0,20.000000000001197,20.000000000001197,0.0,0.0
4.47500000001141,2.300000000009461,6.430037019849986e-07,1.6,855.4908693213683,156.99999999999997,0.0,0.0,0.0007863052397384239,0.0,0.0,0.0,0.0,0.0,20.0000000000012,20.0000000000012,0.0,0.0
4.483333333344774,2.3000000000094607,6.430037019849986e-07,1.6,855.4673562045671,156.99999999999997,0.0,0.0,0.0007812599152733546,0.0,0.0,0.0,0.0,0.0,20.000000000001187,20.000000000001187,0.0,0.0
4.491666666678137,2.3000000000094603,6.430037019849986e-07,1.6,855.4439937981067,156.99999999999997,0.0,0.0,0.0007762576631717738,0.0,0.0,0.0,0.0,0.0,20.000000000001215,20.000000000001215,0.0,0.0
4.500000000011501,2.30000000000946,6.430037019849986e-07,1.6,855.4207808167339,156.99999999999997,0.0,0.0,0.0007712980247712016,0.0,0.0,0.0,0.0,0.0,20.00000000000122,20.00000000000122,0.0,0.0
4.508333333344865,2.3000000000094594,6.430037019849986e-07,1.6,855.3977159888669,156.99999999999997,0.0,0.0,0.0007663805472580173,0.0,0.0,0.0,0.0,0.0,20.000000000001247,20.000000000001247,0.0,0.0
4.516666666678229,2.3000000000094585,6.430037019849986e-07,1.6,855.3747980564217,156.99999999999997,0.0,0.0,0.0007615047835801044,0.0,0.0,0.0,0.0,0.0,20.00000000000126,20.00000000000126,0.0,0.0
4.525000000011592,2.300000000009458,6.430037019849986e-07,1.6,855.3520257746399,156.99999999999997,0.0,0.0,0.0007566702923618631,0.0,0.0,0.0,0.0,0.0,20.000000000001236,20.000000000001236,0.0,0.0
4.533333333344956,2.3000000000094576,6.430037019849986e-07,1.6,855.3293979119201,156.99999999999997,0.0,0.0,0.0007518766378198702,0.0,0.0,0.0,0.0,0.0,20.00000000000124,20.00000000000124,0.0,0.0
4.541666666678319,2.300000000009457,6.430037019849986e-07,1.6,855.3069132496514,156.99999999999997,0.0,0.0,0.0007471233896807814,0.0,0.0,0.0,0.0,0.0,20.00000000000124,20.00000000000124,0.0,0.0
4.550000000011683,2.3000000000094567,6.430037019849986e-07,1.6,855.2845705820489,156.99999999999997,0.0,0.0,0.0007424101231001852,0.0,0.0,0.0,0.0,0.0,20.00000000000124,20.00000000000124,0.0,0.0
4.558333333344915,2.3000000000094563,6.430037019849986e-07,1.6,855.2623687159928,156.99999999999997,0.0,0.0,0.0007377364185825612,0.0,0.0,0.0,0.0,0.0,20.00000000000125,20.00000000000125,0.0,0.0
4.5666666666781275,2.300000000009456,6.430037019849986e-07,1.6,855.2403064708683,156.99999999999997,0.0,0.0,0.0007331018619031727,0.0,0.0,0.0,0.0,0.0,20.000000000001265,20.000000000001265,0.0,0.0
4.5750000000113396,2.3000000000094554,6.430037019849986e-07,1.6,855.2183826784088,156.99999999999997,0.0,0.0,0.0007285060440306933,0.0,0.0,0.0,0.0,0.0,20.00000000000128,20.00000000000128,0.0,0.0
4.583333333344552,2.300000000009455,6.430037019849986e-07,1.6,855.196596182542,156.99999999999997,0.0,0.0,0.0007239485610518965,0.0,0.0,0.0,0.0,0.0,20.00000000000132,20.00000000000132,0.0,0.0
4.591666666677764,2.3000000000094545,6.430037019849986e-07,1.6,855.1749458392366,156.99999999999997,0.0,0.0,0.0007194290140963811,0.0,0.0,0.0,0.0,0.0,20.000000000001325,20.000000000001325,0.0,0.0
4.600000000010976,2.300000000009454,6.430037019849986e-07,1.6,855.1534305163522,156.99999999999997,0.0,0.0,0.0007149470092639118,0.0,0.0,0.0,0.0,0.0,20.000000000001336,20.000000000001336,0.0,0.0
4.608333333344188,2.3000000000094536,6.430037019849986e-07,1.6,855.1320490934918,156.99999999999997,0.0,0.0,0.0007105021575519336,0.0,0.0,0.0,0.0,0.0,20.00000000000131,20.00000000000131,0.0,0.0
4.6166666666774,2.300000000009453,6.430037019849986e-07,1.6,855.1108004618559,156.99999999999997,0.0,0.0,0.0007060940747848339,0.0,0.0,0.0,0.0,0.0,20.000000000001315,20.000000000001315,0.0,0.0
4.625000000010612,2.3000000000094527,6.430037019849986e-07,1.6,855.0896835240978,156.99999999999997,0.0,0.0,0.0007017223815441835,0.0,0.0,0.0,0.0,0.0,20.000000000001304,20.000000000001304,0.0,0.0
4.633333333343824,2.3000000000094523,6.430037019849986e-07,1.6,855.0686971941834,156.99999999999997,0.0,0.0,0.0006973867031001944,0.0,0.0,0.0,0.0,0.0,20.000000000001272,20.000000000001272,0.0,0.0
4.641666666677036,2.300000000009452,6.430037019849986e-07,1.6,855.0478403972502,156.99999999999997,0.0,0.0,0.0006930866693441315,0.0,0.0,0.0,0.0,0.0,20.000000000001222,20.000000000001222,0.0,0.0
4.650000000010248,2.3000000000094514,6.430037019849986e-07,1.6,855.0271120694704,156.99999999999997,0.0,0.0,0.0006888219147219131,0.0,0.0,0.0,0.0,0.0,20.000000000001215,20.000000000001215,0.0,0.0
4.65833333334346,2.300000000009451,6.430037019849986e-07,1.6,855.0065111579152,156.99999999999997,0.0,0.0,0.0006845920781692951,0.0,0.0,0.0,0.0,0.0,20.00000000000123,20.00000000000123,0.0,0.0
4.666666666676672,2.3000000000094505,6.430037019849986e-07,1.6,854.986036620421,156.99999999999997,0.0,0.0,0.0006803968030470645,0.0,0.0,0.0,0.0,0.0,20.00000000000121,20.00000000000121,0.0,0.0
4.675000000009884,2.30000000000945,6.430037019849986e-07,1.6,854.9656874254574,156.99999999999997,0.0,0.0,0.000676235737078367,0.0,0.0,0.0,0.0,0.0,20.000000000001243,20.000000000001243,0.0,0.0
4.683333333343096,2.3000000000094496,6.430037019849986e-07,1.6,854.9454625519976,156.99999999999997,0.0,0.0,0.0006721085322863459,0.0,0.0,0.0,0.0,0.0,20.000000000001194,20.000000000001194,0.0,0.0
4.6916666666763085,2.300000000009449,6.430037019849986e-07,1.6,854.92536098939,156.99999999999997,0.0,0.0,0.000668014844933071,0.0,0.0,0.0,0.0,0.0,20.000000000001204,20.000000000001204,0.0,0.0
4.700000000009521,2.3000000000094487,6.430037019849986e-07,1.6,854.9053817372321,156.99999999999997,0.0,0.0,0.0006639543354594079,0.0,0.0,0.0,0.0,0.0,20.00000000000123,20.00000000000123,0.0,0.0
4.708333333342733,2.3000000000094483,6.430037019849986e-07,1.6,854.8855238052464,156.99999999999997,0.0,0.0,0.0006599266684259071,0.0,0.0,0.0,0.0,0.0,20.000000000001258,20.000000000001258,0.0,0.0
4.716666666675945,2.300000000009448,6.430037019849986e-07,1.6,854.8657862131568,156.99999999999997,0.0,0.0,0.0006559315124546927,0.0,0.0,0.0,0.0,0.0,20.000000000001233,20.000000000001233,0.0,0.0
4.725000000009157,2.3000000000094474,6.430037019849986e-07,1.6,854.8461679905681,156.99999999999997,0.0,0.0,0.0006519685401719405,0.0,0.0,0.0,0.0,0.0,20.000000000001254,20.000000000001254,0.0,0.0
4.733333333342369,2.300000000009447,6.430037019849986e-07,1.6,854.8266681768475,156.99999999999997,0.0,0.0,0.0006480374281518184,0.0,0.0,0.0,0.0,0.0,20.00000000000127,20.00000000000127,0.0,0.0
4.741666666675581,2.3000000000094465,6.430037019849986e-07,1.6,854.8072858210055,156.99999999999997,0.0,0.0,0.0006441378568609964,0.0,0.0,0.0,0.0,0.0,20.00000000000128,20.00000000000128,0.0,0.0
4.750000000008793,2.300000000009446,6.430037019849986e-07,1.6,854.7880199815809,156.99999999999997,0.0,0.0,0.0006402695106039481,0.0,0.0,0.0,0.0,0.0,20.00000000000124,20.00000000000124,0.0,0.0
4.758333333342005,2.3000000000094456,6.430037019849986e-07,1.6,854.7688697265264,156.99999999999997,0.0,0.0,0.0006364320774694466,0.0,0.0,0.0,0.0,0.0,20.000000000001286,20.000000000001286,0.0,0.0
4.766666666675217,2.3000000000094456,6.430037019849986e-07,1.6,854.7498341330959,156.99999999999997,0.0,0.0,0.0006326252492775913,0.0,0.0,0.0,0.0,0.0,20.000000000001318,20.000000000001318,0.0,0.0
4.775000000008429,2.300000000009445,6.430037019849986e-07,1.6,854.7309122877327,156.99999999999997,0.0,0.0,0.0006288487215280045,0.0,0.0,0.0,0.0,0.0,20.000000000001307,20.000000000001307,0.0,0.0
4.783333333341641,2.3000000000094447,6.430037019849986e-07,1.6,854.7121032859609,156.99999999999997,0.0,0.0,0.0006251021933486202,0.0,0.0,0.0,0.0,0.0,20.000000000001283,20.000000000001283,0.0,0.0
4.791666666674853,2.3000000000094443,6.430037019849986e-07,1.6,854.6934062322763,156.99999999999997,0.0,0.0,0.0006213853674453035,0.0,0.0,0.0,0.0,0.0,20.00000000000125,20.00000000000125,0.0,0.0
4.800000000008065,2.300000000009444,6.430037019849986e-07,1.6,854.6748202400407,156.99999999999997,0.0,0.0,0.0006176979500523629,0.0,0.0,0.0,0.0,0.0,20.000000000001226,20.000000000001226,0.0,0.0
4.808333333341277,2.3000000000094434,6.430037019849986e-07,1.6,854.6563444313763,156.99999999999997,0.0,0.0,0.0006140396508836342,0.0,0.0,0.0,0.0,0.0,20.000000000001226,20.000000000001226,0.0,0.0
4.8166666666744895,2.300000000009443,6.430037019849986e-07,1.6,854.6379779370618,156.99999999999997,0.0,0.0,0.0006104101830847576,0.0,0.0,0.0,0.0,0.0,20.000000000001208,20.000000000001208,0.0,0.0
4.825000000007702,2.3000000000094425,6.430037019849986e-07,1.6,854.6197198964311,156.99999999999997,0.0,0.0,0.0006068092631856873,0.0,0.0,0.0,0.0,0.0,20.000000000001172,20.000000000001172,0.0,0.0
4.833333333340914,2.300000000009442,6.430037019849986e-07,1.6,854.6015694572711,156.99999999999997,0.0,0.0,0.0006032366110544587,0.0,0.0,0.0,0.0,0.0,20.000000000001144,20.000000000001144,0.0,0.0
4.841666666674126,2.300000000009442,6.430037019849986e-07,1.6,854.5835257757237,156.99999999999997,0.0,0.0,0.0005996919498510924,0.0,0.0,0.0,0.0,0.0,20.000000000001172,20.000000000001172,0.0,0.0
4.850000000007338,2.3000000000094416,6.430037019849986e-07,1.6,854.5655880161866,156.99999999999997,0.0,0.0,0.00059617500598297,0.0,0.0,0.0,0.0,0.0,20.00000000000119,20.00000000000119,0.0,0.0
4.85833333334055,2.300000000009441,6.430037019849986e-07,1.6,854.5477553512169,156.99999999999997,0.0,0.0,0.0005926855090598654,0.0,0.0,0.0,0.0,0.0,20.00000000000122,20.00000000000122,0.0,0.0
4.866666666673762,2.3000000000094407,6.430037019849986e-07,1.6,854.5300269614361,156.99999999999997,0.0,0.0,0.0005892231918510528,0.0,0.0,0.0,0.0,0.0,20.00000000000123,20.00000000000123,0.0,0.0
4.875000000006974,2.3000000000094403,6.430037019849986e-07,1.6,854.5124020354353,156.99999999999997,0.0,0.0,0.0005857877902416647,0.0,0.0,0.0,0.0,0.0,20.000000000001208,20.000000000001208,0.0,0.0
4.883333333340186,2.30000000000944,6.430037019849986e-07,1.6,854.4948797696829,156.99999999999997,0.0,0.0,0.0005823790431908744,0.0,0.0,0.0,0.0,0.0,20.000000000001197,20.000000000001197,0.0,0.0
4.891666666673398,2.30000000000944,6.430037019849986e-07,1.6,854.4774593684327,156.99999999999997,0.0,0.0,0.0005789966926897859,0.0,0.0,0.0,0.0,0.0,20.00000000000123,20.00000000000123,0.0,0.0
4.90000000000661,2.3000000000094394,6.430037019849986e-07,1.6,854.4601400436337,156.99999999999997,0.0,0.0,0.0005756404837208924,0.0,0.0,0.0,0.0,0.0,20.000000000001236,20.000000000001236,0.0,0.0
4.908333333339822,2.300000000009439,6.430037019849986e-07,1.6,854.4429210148407,156.99999999999997,0.0,0.0,0.0005723101642173107,0.0,0.0,0.0,0.0,0.0,20.000000000001293,20.000000000001293,0.0,0.0
4.916666666673034,2.3000000000094385,6.430037019849986e-07,1.6,854.425801509127,156.99999999999997,0.0,0.0,0.0005690054850231781,0.0,0.0,0.0,0.0,0.0,20.00000000000133,20.00000000000133,0.0,0.0
4.925000000006246,2.300000000009438,6.430037019849986e-07,1.6,854.4087807609969,156.99999999999997,0.0,0.0,0.0005657261998546642,0.0,0.0,0.0,0.0,0.0,20.00000000000138,20.00000000000138,0.0,0.0
4.9333333333394584,2.3000000000094376,6.430037019849986e-07,1.6,854.3918580123005,156.99999999999997,0.0,0.0,0.0005624720652611246,0.0,0.0,0.0,0.0,0.0,20.000000000001375,20.000000000001375,0.0,0.0
4.9416666666726705,2.3000000000094376,6.430037019849986e-07,1.6,854.3750325121496,156.99999999999997,0.0,0.0,0.0005592428405872432,0.0,0.0,0.0,0.0,0.0,20.000000000001375,20.000000000001375,0.0,0.0
4.950000000005883,2.300000000009437,6.430037019849986e-07,1.6,854.3583035168335,156.99999999999997,0.0,0.0,0.0005560382879358416,0.0,0.0,0.0,0.0,0.0,20.00000000000134,20.00000000000134,0.0,0.0
4.958333333339095,2.3000000000094367,6.430037019849986e-07,1.6,854.3416702897379,156.99999999999997,0.0,0.0,0.0005528581721309691,0.0,0.0,0.0,0.0,0.0,20.000000000001382,20.000000000001382,0.0,0.0
4.966666666672307,2.3000000000094363,6.430037019849986e-07,1.6,854.325132101263,156.99999999999997,0.0,0.0,0.0005497022606813435,0.0,0.0,0.0,0.0,0.0,20.00000000000139,20.00000000000139,0.0,0.0
4.975000000005519,2.3000000000094363,6.430037019849986e-07,1.6,854.3086882287438,156.99999999999997,0.0,0.0,0.0005465703237452829,0.0,0.0,0.0,0.0,0.0,20.000000000001325,20.000000000001325,0.0,0.0
4.983333333338731,2.300000000009436,6.430037019849986e-07,1.6,854.2923379563713,156.99999999999997,0.0,0.0,0.0005434621340949068,0.0,0.0,0.0,0.0,0.0,20.00000000000131,20.00000000000131,0.0,0.0
4.991666666671943,2.3000000000094354,6.430037019849986e-07,1.6,854.2760805751141,156.99999999999997,0.0,0.0,0.0005403774670821174,0.0,0.0,0.0,0.0,0.0,20.000000000001293,20.000000000001293,0.0,0.0
5.000000000005155,2.300000000009435,6.430037019849986e-07,1.6,854.2599153826422,156.99999999999997,0.0,0.0,0.0005373161006039193,0.0,0.0,0.0,0.0,0.0,20.000000000001283,20.000000000001283,0.0,0.0
5.008333333338367,2.3000000000094345,6.430037019849986e-07,1.6,854.2438416832506,156.99999999999997,0.0,0.0,0.0005342778150692761,0.0,0.0,0.0,0.0,0.0,20.000000000001275,20.000000000001275,0.0,0.0
5.016666666671579,2.3000000000094345,6.430037019849986e-07,1.6,854.2278587877847,156.99999999999997,0.0,0.0,0.0005312623933657508,0.0,0.0,0.0,0.0,0.0,20.000000000001243,20.000000000001243,0.0,0.0
5.025000000004791,2.300000000009434,6.430037019849986e-07,1.6,854.2119660135662,156.99999999999997,0.0,0.0,0.000528269620827214,0.0,0.0,0.0,0.0,0.0,20.00000000000127,20.00000000000127,0.0,0.0
5.033333333338003,2.3000000000094336,6.430037019849986e-07,1.6,854.1961626843208,156.99999999999997,0.0,0.0,0.0005252992852014794,0.0,0.0,0.0,0.0,0.0,20.00000000000124,20.00000000000124,0.0,0.0
5.041666666671215,2.300000000009433,6.430037019849986e-07,1.6,854.1804481301056,156.99999999999997,0.0,0.0,0.0005223511766186928,0.0,0.0,0.0,0.0,0.0,20.00000000000123,20.00000000000123,0.0,0.0
5.050000000004427,2.300000000009433,6.430037019849986e-07,1.6,854.1648216872379,156.99999999999997,0.0,0.0,0.0005194250875605409,0.0,0.0,0.0,0.0,0.0,20.00000000000126,20.00000000000126,0.0,0.0
5.0583333333376395,2.3000000000094327,6.430037019849986e-07,1.6,854.1492826982263,156.99999999999997,0.0,0.0,0.0005165208128291508,0.0,0.0,0.0,0.0,0.0,20.00000000000126,20.00000000000126,0.0,0.0
5.0666666666708515,2.3000000000094323,6.430037019849986e-07,1.6,854.1338305117004,156.99999999999997,0.0,0.0,0.0005136381495169497,0.0,0.0,0.0,0.0,0.0,20.000000000001236,20.000000000001236,0.0,0.0
5.075000000004064,2.300000000009432,6.430037019849986e-07,1.6,854.1184644823429,156.99999999999997,0.0,0.0,0.0005107768969773269,0.0,0.0,0.0,0.0,0.0,20.000000000001283,20.000000000001283,0.0,0.0
5.083333333337276,2.300000000009432,6.430037019849986e-07,1.6,854.1031839708223,156.99999999999997,0.0,0.0,0.0005079368567946025,0.0,0.0,0.0,0.0,0.0,20.000000000001272,20.000000000001272,0.0,0.0
5.091666666670488,2.3000000000094314,6.430037019849986e-07,1.6,854.0879883437266,156.99999999999997,0.0,0.0,0.0005051178327556836,0.0,0.0,0.0,0.0,0.0,20.000000000001286,20.000000000001286,0.0,0.0
5.1000000000037,2.300000000009431,6.430037019849986e-07,1.6,854.0728769734969,156.99999999999997,0.0,0.0,0.00050231963082139,0.0,0.0,0.0,0.0,0.0,20.00000000000134,20.00000000000134,0.0,0.0
5.108333333336912,2.300000000009431,6.430037019849986e-07,1.6,854.0578492383634,156.99999999999997,0.0,0.0,0.0004995420590984903,0.0,0.0,0.0,0.0,0.0,20.000000000001343,20.000000000001343,0.0,0.0
5.116666666670124,2.3000000000094305,6.430037019849986e-07,1.6,854.0429045222813,156.99999999999997,0.0,0.0,0.0004967849278118452,0.0,0.0,0.0,0.0,0.0,20.000000000001364,20.000000000001364,0.0,0.0
5.125000000003336,2.30000000000943,6.430037019849986e-07,1.6,854.0280422148672,156.99999999999997,0.0,0.0,0.0004940480492774725,0.0,0.0,0.0,0.0,0.0,20.000000000001357,20.000000000001357,0.0,0.0
5.133333333336548,2.3000000000094296,6.430037019849986e-07,1.6,854.0132617113373,156.99999999999997,0.0,0.0,0.0004913312378754916,0.0,0.0,0.0,0.0,0.0,20.000000000001382,20.000000000001382,0.0,0.0
5.14166666666976,2.3000000000094296,6.430037019849986e-07,1.6,853.9985624124457,156.99999999999997,0.0,0.0,0.0004886343100238284,0.0,0.0,0.0,0.0,0.0,20.00000000000133,20.00000000000133,0.0,0.0
5.150000000002972,2.300000000009429,6.430037019849986e-07,1.6,853.9839437244234,156.99999999999997,0.0,0.0,0.00048595708415201584,0.0,0.0,0.0,0.0,0.0,20.000000000001272,20.000000000001272,0.0,0.0
5.158333333336184,2.3000000000094287,6.430037019849986e-07,1.6,853.9694050589187,156.99999999999997,0.0,0.0,0.0004832993806758182,0.0,0.0,0.0,0.0,0.0,20.000000000001307,20.000000000001307,0.0,0.0
5.166666666669396,2.3000000000094287,6.430037019849986e-07,1.6,853.9549458329378,156.99999999999997,0.0,0.0,0.0004806610219715024,0.0,0.0,0.0,0.0,0.0,20.000000000001283,20.000000000001283,0.0,0.0
5.175000000002608,2.3000000000094283,6.430037019849986e-07,1.6,853.9405654687865,156.99999999999997,0.0,0.0,0.0004780418323512191,0.0,0.0,0.0,0.0,0.0,20.00000000000127,20.00000000000127,0.0,0.0
5.1833333333358205,2.300000000009428,6.430037019849986e-07,1.6,853.9262633940125,156.99999999999997,0.0,0.0,0.0004754416380383877,0.0,0.0,0.0,0.0,0.0,20.000000000001304,20.000000000001304,0.0,0.0
5.1916666666690325,2.300000000009428,6.430037019849986e-07,1.6,853.912039041348,156.99999999999997,0.0,0.0,0.00047286026714352325,0.0,0.0,0.0,0.0,0.0,20.000000000001286,20.000000000001286,0.0,0.0
5.200000000002245,2.3000000000094274,6.430037019849986e-07,1.6,853.8978918486539,156.99999999999997,0.0,0.0,0.00047029754963999265,0.0,0.0,0.0,0.0,0.0,20.000000000001265,20.000000000001265,0.0,0.0
5.208333333335457,2.300000000009427,6.430037019849986e-07,1.6,853.8838212588646,156.99999999999997,0.0,0.0,0.00046775331734114653,0.0,0.0,0.0,0.0,0.0,20.000000000001272,20.000000000001272,0.0,0.0
5.216666666668669,2.300000000009427,6.430037019849986e-07,1.6,853.869826719932,156.99999999999997,0.0,0.0,0.0004652274038765743,0.0,0.0,0.0,0.0,0.0,20.000000000001293,20.000000000001293,0.0,0.0
5.225000000001881,2.3000000000094265,6.430037019849986e-07,1.6,853.8559076847725,156.99999999999997,0.0,0.0,0.0004627196446696549,0.0,0.0,0.0,0.0,0.0,20.000000000001293,20.000000000001293,0.0,0.0
5.233333333335093,2.300000000009426,6.430037019849986e-07,1.6,853.8420636112132,156.99999999999997,0.0,0.0,0.0004602298769145892,0.0,0.0,0.0,0.0,0.0,20.000000000001332,20.000000000001332,0.0,0.0
5.241666666668305,2.300000000009426,6.430037019849986e-07,1.6,853.8282939619386,156.99999999999997,0.0,0.0,0.0004577579395547876,0.0,0.0,0.0,0.0,0.0,20.000000000001315,20.000000000001315,0.0,0.0
5.250000000001517,2.3000000000094256,6.430037019849986e-07,1.6,853.8145982044391,156.99999999999997,0.0,0.0,0.0004553036732604475,0.0,0.0,0.0,0.0,0.0,20.000000000001297,20.000000000001297,0.0,0.0
5.258333333334729,2.300000000009425,6.430037019849986e-07,1.6,853.8009758109591,156.99999999999997,0.0,0.0,0.00045286692040733353,0.0,0.0,0.0,0.0,0.0,20.00000000000128,20.00000000000128,0.0,0.0
5.266666666667941,2.300000000009425,6.430037019849986e-07,1.6,853.7874262584467,156.99999999999997,0.0,0.0,0.0004504475250553179,0.0,0.0,0.0,0.0,0.0,20.0000000000013,20.0000000000013,0.0,0.0
5.275000000001153,2.3000000000094247,6.430037019849986e-07,1.6,853.7739490285026,156.99999999999997,0.0,0.0,0.0004480453329275398,0.0,0.0,0.0,0.0,0.0,20.000000000001283,20.000000000001283,0.0,0.0
5.283333333334365,2.3000000000094243,6.430037019849986e-07,1.6,853.7605436073313,156.99999999999997,0.0,0.0,0.00044566019138982186,0.0,0.0,0.0,0.0,0.0,20.000000000001318,20.000000000001318,0.0,0.0
5.291666666667577,2.3000000000094243,6.430037019849986e-07,1.6,853.7472094856921,156.99999999999997,0.0,0.0,0.00044329194942998446,0.0,0.0,0.0,0.0,0.0,20.00000000000134,20.00000000000134,0.0,0.0
5.300000000000789,2.300000000009424,6.430037019849986e-07,1.6,853.7339461588501,156.99999999999997,0.0,0.0,0.00044094045763812354,0.0,0.0,0.0,0.0,0.0,20.000000000001325,20.000000000001325,0.0,0.0
5.3083333333340015,2.300000000009424,6.430037019849986e-07,1.6,853.7207531265291,156.99999999999997,0.0,0.0,0.0004386055681865678,0.0,0.0,0.0,0.0,0.0,20.00000000000131,20.00000000000131,0.0,0.0
5.3166666666672135,2.3000000000094234,6.430037019849986e-07,1.6,853.7076298928639,156.99999999999997,0.0,0.0,0.00043628713481064793,0.0,0.0,0.0,0.0,0.0,20.000000000001315,20.000000000001315,0.0,0.0
5.325000000000426,2.300000000009423,6.430037019849986e-07,1.6,853.6945759663543,156.99999999999997,0.0,0.0,0.00043398501278900164,0.0,0.0,0.0,0.0,0.0,20.000000000001318,20.000000000001318,0.0,0.0
5.333333333333638,2.300000000009423,6.430037019849986e-07,1.6,853.6815908598185,156.99999999999997,0.0,0.0,0.00043169905892510727,0.0,0.0,0.0,0.0,0.0,20.0000000000013,20.0000000000013,0.0,0.0
5.34166666666685,2.3000000000094225,6.430037019849986e-07,1.6,853.6686740903477,156.99999999999997,0.0,0.0,0.0004294291315281364,0.0,0.0,0.0,0.0,0.0,20.000000000001272,20.000000000001272,0.0,0.0
5.350000000000062,2.300000000009422,6.430037019849986e-07,1.6,853.6558251792621,156.99999999999997,0.0,0.0,0.00042717509039495646,0.0,0.0,0.0,0.0,0.0,20.000000000001233,20.000000000001233,0.0,0.0
5.358333333333274,2.300000000009422,6.430037019849986e-07,1.6,853.6430436520651,156.99999999999997,0.0,0.0,0.0004249367967914512,0.0,0.0,0.0,0.0,0.0,20.000000000001247,20.000000000001247,0.0,0.0
5.366666666666486,2.3000000000094216,6.430037019849986e-07,1.6,853.6303290384005,156.99999999999997,0.0,0.0,0.0004227141134349817,0.0,0.0,0.0,0.0,0.0,20.000000000001236,20.000000000001236,0.0,0.0
5.374999999999698,2.3000000000094216,6.430037019849986e-07,1.6,853.6176808720093,156.99999999999997,0.0,0.0,0.00042050690447658327,0.0,0.0,0.0,0.0,0.0,20.000000000001254,20.000000000001254,0.0,0.0
5.38333333333291,2.300000000009421,6.430037019849986e-07,1.6,853.6050986906858,156.99999999999997,0.0,0.0,0.00041831503548338565,0.0,0.0,0.0,0.0,0.0,20.000000000001247,20.000000000001247,0.0,0.0
5.391666666666122,2.3000000000094207,6.430037019849986e-07,1.6,853.5925820362371,156.99999999999997,0.0,0.0,0.00041613837342160395,0.0,0.0,0.0,0.0,0.0,20.00000000000122,20.00000000000122,0.0,0.0
5.399999999999334,2.3000000000094207,6.430037019849986e-07,1.6,853.5801304544398,156.99999999999997,0.0,0.0,0.00041397678663960814,0.0,0.0,0.0,0.0,0.0,20.0000000000012,20.0000000000012,0.0,0.0
5.408333333332546,2.3000000000094203,6.430037019849986e-07,1.6,853.5677434949998,156.99999999999997,0.0,0.0,0.00041183014485099927,0.0,0.0,0.0,0.0,0.0,20.000000000001204,20.000000000001204,0.0,0.0
5.416666666665758,2.3000000000094203,6.430037019849986e-07,1.6,853.5554207115113,156.99999999999997,0.0,0.0,0.00040969831911824865,0.0,0.0,0.0,0.0,0.0,20.000000000001172,20.000000000001172,0.0,0.0
5.42499999999897,2.30000000000942,6.430037019849986e-07,1.6,853.543161661416,156.99999999999997,0.0,0.0,0.0004075811818364083,0.0,0.0,0.0,0.0,0.0,20.00000000000117,20.00000000000117,0.0,0.0
5.4333333333321825,2.3000000000094194,6.430037019849986e-07,1.6,853.5309659059646,156.99999999999997,0.0,0.0,0.0004054786067170997,0.0,0.0,0.0,0.0,0.0,20.000000000001187,20.000000000001187,0.0,0.0
5.441666666665395,2.3000000000094194,6.430037019849986e-07,1.6,853.5188330101765,156.99999999999997,0.0,0.0,0.0004033904687727093,0.0,0.0,0.0,0.0,0.0,20.000000000001165,20.000000000001165,0.0,0.0
5.449999999998607,2.300000000009419,6.430037019849986e-07,1.6,853.5067625428013,156.99999999999997,0.0,0.0,0.0004013166443006512,0.0,0.0,0.0,0.0,0.0,20.000000000001165,20.000000000001165,0.0,0.0
5.458333333331819,2.300000000009419,6.430037019849986e-07,1.6,853.4947540762806,156.99999999999997,0.0,0.0,0.00039925701086817596,0.0,0.0,0.0,0.0,0.0,20.00000000000115,20.00000000000115,0.0,0.0
5.466666666665031,2.3000000000094185,6.430037019849986e-07,1.6,853.48280718671,156.99999999999997,0.0,0.0,0.00039721144729703536,0.0,0.0,0.0,0.0,0.0,20.00000000000112,20.00000000000112,0.0,0.0
5.474999999998243,2.3000000000094185,6.430037019849986e-07,1.6,853.470921453802,156.99999999999997,0.0,0.0,0.0003951798336485525,0.0,0.0,0.0,0.0,0.0,20.0000000000011,20.0000000000011,0.0,0.0
5.483333333331455,2.300000000009418,6.430037019849986e-07,1.6,853.4590964608485,156.99999999999997,0.0,0.0,0.0003931620512088863,0.0,0.0,0.0,0.0,0.0,20.00000000000111,20.00000000000111,0.0,0.0
5.491666666664667,2.300000000009418,6.430037019849986e-07,1.6,853.4473317946847,156.99999999999997,0.0,0.0,0.00039115798247442245,0.0,0.0,0.0,0.0,0.0,20.000000000001105,20.000000000001105,0.0,0.0
5.499999999997879,2.3000000000094176,6.430037019849986e-07,1.6,853.4356270456527,156.99999999999997,0.0,0.0,0.0003891675111374917,0.0,0.0,0.0,0.0,0.0,20.000000000001105,20.000000000001105,0.0,0.0
5.508333333331091,2.300000000009417,6.430037019849986e-07,1.6,853.4239818075664,156.99999999999997,0.0,0.0,0.00038719052207207425,0.0,0.0,0.0,0.0,0.0,20.00000000000111,20.00000000000111,0.0,0.0
5.516666666664303,2.300000000009417,6.430037019849986e-07,1.6,853.4123956776755,156.99999999999997,0.0,0.0,0.000385226901319896,0.0,0.0,0.0,0.0,0.0,20.0000000000011,20.0000000000011,0.0,0.0
5.524999999997515,2.3000000000094167,6.430037019849986e-07,1.6,853.400868256631,156.99999999999997,0.0,0.0,0.0003832765360765073,0.0,0.0,0.0,0.0,0.0,20.000000000001123,20.000000000001123,0.0,0.0
5.533333333330727,2.3000000000094167,6.430037019849986e-07,1.6,853.3893991484513,156.99999999999997,0.0,0.0,0.0003813393146778841,0.0,0.0,0.0,0.0,0.0,20.00000000000112,20.00000000000112,0.0,0.0
5.541666666663939,2.3000000000094163,6.430037019849986e-07,1.6,853.3779879604874,156.99999999999997,0.0,0.0,0.00037941512658687236,0.0,0.0,0.0,0.0,0.0,20.000000000001112,20.000000000001112,0.0,0.0
5.549999999997151,2.3000000000094163,6.430037019849986e-07,1.6,853.3666343033896,156.99999999999997,0.0,0.0,0.00037750386237988236,0.0,0.0,0.0,0.0,0.0,20.000000000001126,20.000000000001126,0.0,0.0
5.5583333333303635,2.300000000009416,6.430037019849986e-07,1.6,853.3553377910744,156.99999999999997,0.0,0.0,0.0003756054137340283,0.0,0.0,0.0,0.0,0.0,20.000000000001098,20.000000000001098,0.0,0.0
5.566666666663576,2.300000000009416,6.430037019849986e-07,1.6,853.3440980406914,156.99999999999997,0.0,0.0,0.00037371967341397595,0.0,0.0,0.0,0.0,0.0,20.000000000001037,20.000000000001037,0.0,0.0
5.574999999996788,2.3000000000094154,6.430037019849986e-07,1.6,853.3329146725914,156.99999999999997,0.0,0.0,0.0003718465352595009,0.0,0.0,0.0,0.0,0.0,20.000000000001034,20.000000000001034,0.0,0.0
5.58333333333,2.3000000000094154,6.430037019849986e-07,1.6,853.3217873102938,156.99999999999997,0.0,0.0,0.00036998589417268466,0.0,0.0,0.0,0.0,0.0,20.000000000001023,20.000000000001023,0.0,0.0
5.591666666663212,2.300000000009415,6.430037019849986e-07,1.6,853.3107155804549,156.99999999999997,0.0,0.0,0.00036813764610555007,0.0,0.0,0.0,0.0,0.0,20.00000000000105,20.00000000000105,0.0,0.0
5.599999999996424,2.300000000009415,6.430037019849986e-07,1.6,853.2996991128373,156.99999999999997,0.0,0.0,0.0003663016880481999,0.0,0.0,0.0,0.0,0.0,20.000000000001055,20.000000000001055,0.0,0.0
5.608333333329636,2.3000000000094145,6.430037019849986e-07,1.6,853.2887375402779,156.99999999999997,0.0,0.0,0.00036447791801618953,0.0,0.0,0.0,0.0,0.0,20.000000000001062,20.000000000001062,0.0,0.0
5.616666666662848,2.300000000009414,6.430037019849986e-07,1.6,853.277830498658,156.99999999999997,0.0,0.0,0.00036266623503919957,0.0,0.0,0.0,0.0,0.0,20.000000000001066,20.000000000001066,0.0,0.0
5.62499999999606,2.300000000009414,6.430037019849986e-07,1.6,853.2669776268733,156.99999999999997,0.0,0.0,0.00036086653914874176,0.0,0.0,0.0,0.0,0.0,20.000000000001048,20.000000000001048,0.0,0.0
5.633333333329272,2.3000000000094136,6.430037019849986e-07,1.6,853.2561785668029,156.99999999999997,0.0,0.0,0.0003590787313670917,0.0,0.0,0.0,0.0,0.0,20.000000000001062,20.000000000001062,0.0,0.0
5.641666666662484,2.3000000000094136,6.430037019849986e-07,1.6,853.245432963281,156.99999999999997,0.0,0.0,0.0003573027136955205,0.0,0.0,0.0,0.0,0.0,20.0000000000011,20.0000000000011,0.0,0.0
5.649999999995696,2.300000000009413,6.430037019849986e-07,1.6,853.2347404640672,156.99999999999997,0.0,0.0,0.000355538389103216,0.0,0.0,0.0,0.0,0.0,20.000000000001123,20.000000000001123,0.0,0.0
5.658333333328908,2.300000000009413,6.430037019849986e-07,1.6,853.2241007198171,156.99999999999997,0.0,0.0,0.0003537856615158361,0.0,0.0,0.0,0.0,0.0,20.000000000001155,20.000000000001155,0.0,0.0
5.66666666666212,2.3000000000094127,6.430037019849986e-07,1.6,853.2135133840547,156.99999999999997,0.0,0.0,0.0003520444358050095,0.0,0.0,0.0,0.0,0.0,20.00000000000114,20.00000000000114,0.0,0.0
5.6749999999953324,2.3000000000094127,6.430037019849986e-07,1.6,853.2029781131439,156.99999999999997,0.0,0.0,0.0003503146177770039,0.0,0.0,0.0,0.0,0.0,20.00000000000118,20.00000000000118,0.0,0.0
5.6833333333285445,2.3000000000094123,6.430037019849986e-07,1.6,853.1924945662597,156.99999999999997,0.0,0.0,0.00034859611416240496,0.0,0.0,0.0,0.0,0.0,20.000000000001183,20.000000000001183,0.0,0.0
5.691666666661757,2.3000000000094123,6.430037019849986e-07,1.6,853.1820624053624,156.99999999999997,0.0,0.0,0.00034688883260529054,0.0,0.0,0.0,0.0,0.0,20.0000000000012,20.0000000000012,0.0,0.0
5.699999999994969,2.300000000009412,6.430037019849986e-07,1.6,853.1716812951687,156.99999999999997,0.0,0.0,0.00034519268165288537,0.0,0.0,0.0,0.0,0.0,20.000000000001194,20.000000000001194,0.0,0.0
5.708333333328181,2.300000000009412,6.430037019849986e-07,1.6,853.1613509031256,156.99999999999997,0.0,0.0,0.0003435075707454304,0.0,0.0,0.0,0.0,0.0,20.000000000001197,20.000000000001197,0.0,0.0
5.716666666661393,2.3000000000094114,6.430037019849986e-07,1.6,853.1510708993835,156.99999999999997,0.0,0.0,0.0003418334102058095,0.0,0.0,0.0,0.0,0.0,20.000000000001194,20.000000000001194,0.0,0.0
5.724999999994605,2.3000000000094114,6.430037019849986e-07,1.6,853.1408409567703,156.99999999999997,0.0,0.0,0.00034017011122958483,0.0,0.0,0.0,0.0,0.0,20.0000000000012,20.0000000000012,0.0,0.0
5.733333333327817,2.300000000009411,6.430037019849986e-07,1.6,853.1306607507645,156.99999999999997,0.0,0.0,0.0003385175858751783,0.0,0.0,0.0,0.0,0.0,20.000000000001197,20.000000000001197,0.0,0.0
5.741666666661029,2.300000000009411,6.430037019849986e-07,1.6,853.1205299594703,156.99999999999997,0.0,0.0,0.00033687574705406817,0.0,0.0,0.0,0.0,0.0,20.000000000001176,20.000000000001176,0.0,0.0
5.749999999994241,2.300000000009411,6.430037019849986e-07,1.6,853.1104482635919,156.99999999999997,0.0,0.0,0.00033524450852112886,0.0,0.0,0.0,0.0,0.0,20.00000000000118,20.00000000000118,0.0,0.0
5.758333333327453,2.3000000000094105,6.430037019849986e-07,1.6,853.1004153464081,156.99999999999997,0.0,0.0,0.00033362378486524307,0.0,0.0,0.0,0.0,0.0,20.00000000000118,20.00000000000118,0.0,0.0
5.766666666660665,2.3000000000094105,6.430037019849986e-07,1.6,853.0904308937477,156.99999999999997,0.0,0.0,0.0003320134914995383,0.0,0.0,0.0,0.0,0.0,20.000000000001148,20.000000000001148,0.0,0.0
5.774999999993877,2.30000000000941,6.430037019849986e-07,1.6,853.0804945939647,156.99999999999997,0.0,0.0,0.0003304135446526026,0.0,0.0,0.0,0.0,0.0,20.00000000000112,20.00000000000112,0.0,0.0
5.783333333327089,2.30000000000941,6.430037019849986e-07,1.6,853.0706061379142,156.99999999999997,0.0,0.0,0.0003288238613590647,0.0,0.0,0.0,0.0,0.0,20.000000000001126,20.000000000001126,0.0,0.0
5.791666666660301,2.3000000000094096,6.430037019849986e-07,1.6,853.0607652189283,156.99999999999997,0.0,0.0,0.00032724435945057,0.0,0.0,0.0,0.0,0.0,20.00000000000113,20.00000000000113,0.0,0.0
5.7999999999935135,2.3000000000094096,6.430037019849986e-07,1.6,853.0509715327919,156.99999999999997,0.0,0.0,0.000325674957546893,0.0,0.0,0.0,0.0,0.0,20.000000000001165,20.000000000001165,0.0,0.0
5.8083333333267255,2.300000000009409,6.430037019849986e-07,1.6,853.0412247777203,156.99999999999997,0.0,0.0,0.00032411557504718536,0.0,0.0,0.0,0.0,0.0,20.00000000000116,20.00000000000116,0.0,0.0
5.816666666659938,2.300000000009409,6.430037019849986e-07,1.6,853.0315246543344,156.99999999999997,0.0,0.0,0.000322566132121165,0.0,0.0,0.0,0.0,0.0,20.000000000001165,20.000000000001165,0.0,0.0
5.82499999999315,2.3000000000094087,6.430037019849986e-07,1.6,853.0218708656389,156.99999999999997,0.0,0.0,0.00032102654970063167,0.0,0.0,0.0,0.0,0.0,20.00000000000114,20.00000000000114,0.0,0.0
5.833333333326362,2.3000000000094087,6.430037019849986e-07,1.6,853.0122631169993,156.99999999999997,0.0,0.0,0.00031949674947098544,0.0,0.0,0.0,0.0,0.0,20.00000000000114,20.00000000000114,0.0,0.0
5.841666666659574,2.3000000000094083,6.430037019849986e-07,1.6,853.0027011161189,156.99999999999997,0.0,0.0,0.00031797665386274995,0.0,0.0,0.0,0.0,0.0,20.000000000001126,20.000000000001126,0.0,0.0
5.849999999992786,2.3000000000094083,6.430037019849986e-07,1.6,852.9931845730175,156.99999999999997,0.0,0.0,0.00031646618604347934,0.0,0.0,0.0,0.0,0.0,20.00000000000114,20.00000000000114,0.0,0.0
5.858333333325998,2.3000000000094083,6.430037019849986e-07,1.6,852.9837132000084,156.99999999999997,0.0,0.0,0.00031496526990953955,0.0,0.0,0.0,0.0,0.0,20.000000000001133,20.000000000001133,0.0,0.0
5.86666666665921,2.300000000009408,6.430037019849986e-07,1.6,852.9742867116775,156.99999999999997,0.0,0.0,0.0003134738300779548,0.0,0.0,0.0,0.0,0.0,20.000000000001155,20.000000000001155,0.0,0.0
5.874999999992422,2.300000000009408,6.430037019849986e-07,1.6,852.9649048248609,156.99999999999997,0.0,0.0,0.0003119917918785714,0.0,0.0,0.0,0.0,0.0,20.00000000000117,20.00000000000117,0.0,0.0
5.883333333325634,2.3000000000094074,6.430037019849986e-07,1.6,852.9555672586251,156.99999999999997,0.0,0.0,0.0003105190813462817,0.0,0.0,0.0,0.0,0.0,20.000000000001197,20.000000000001197,0.0,0.0
5.891666666658846,2.3000000000094074,6.430037019849986e-07,1.6,852.9462737342443,156.99999999999997,0.0,0.0,0.0003090556252129969,0.0,0.0,0.0,0.0,0.0,20.00000000000118,20.00000000000118,0.0,0.0
5.899999999992058,2.300000000009407,6.430037019849986e-07,1.6,852.9370239751804,156.99999999999997,0.0,0.0,0.0003076013509003096,0.0,0.0,0.0,0.0,0.0,20.00000000000115,20.00000000000115,0.0,0.0
5.90833333332527,2.300000000009407,6.430037019849986e-07,1.6,852.9278177070627,156.99999999999997,0.0,0.0,0.0003061561865116501,0.0,0.0,0.0,0.0,0.0,20.000000000001133,20.000000000001133,0.0,0.0
5.916666666658482,2.3000000000094065,6.430037019849986e-07,1.6,852.9186546576669,156.99999999999997,0.0,0.0,0.00030472006082506766,0.0,0.0,0.0,0.0,0.0,20.000000000001144,20.000000000001144,0.0,0.0
5.9249999999916945,2.3000000000094065,6.430037019849986e-07,1.6,852.9095345568956,156.99999999999997,0.0,0.0,0.00030329290328575526,0.0,0.0,0.0,0.0,0.0,20.000000000001148,20.000000000001148,0.0,0.0
5.9333333333249065,2.3000000000094065,6.430037019849986e-07,1.6,852.9004571367578,156.99999999999997,0.0,0.0,0.00030187464399863365,0.0,0.0,0.0,0.0,0.0,20.000000000001172,20.000000000001172,0.0,0.0
5.941666666658119,2.300000000009406,6.430037019849986e-07,1.6,852.8914221313498,156.99999999999997,0.0,0.0,0.0003004652137214288,0.0,0.0,0.0,0.0,0.0,20.00000000000119,20.00000000000119,0.0,0.0
5.949999999991331,2.300000000009406,6.430037019849986e-07,1.6,852.8824292768352,156.99999999999997,0.0,0.0,0.0002990645438573677,0.0,0.0,0.0,0.0,0.0,20.000000000001204,20.000000000001204,0.0,0.0
5.958333333324543,2.3000000000094056,6.430037019849986e-07,1.6,852.8734783114259,156.99999999999997,0.0,0.0,0.0002976725664483663,0.0,0.0,0.0,0.0,0.0,20.000000000001204,20.000000000001204,0.0,0.0
5.966666666657755,2.3000000000094056,6.430037019849986e-07,1.6,852.8645689753632,156.99999999999997,0.0,0.0,0.0002962892141677117,0.0,0.0,0.0,0.0,0.0,20.00000000000122,20.00000000000122,0.0,0.0
5.974999999990967,2.300000000009405,6.430037019849986e-07,1.6,852.8557010108987,156.99999999999997,0.0,0.0,0.0002949144203137922,0.0,0.0,0.0,0.0,0.0,20.00000000000122,20.00000000000122,0.0,0.0
5.983333333324179,2.300000000009405,6.430037019849986e-07,1.6,852.8468741622754,156.99999999999997,0.0,0.0,0.0002935481188028864,0.0,0.0,0.0,0.0,0.0,20.000000000001204,20.000000000001204,0.0,0.0
5.991666666657391,2.300000000009405,6.430037019849986e-07,1.6,852.8380881757103,156.99999999999997,0.0,0.0,0.00029219024416262545,0.0,0.0,0.0,0.0,0.0,20.000000000001176,20.000000000001176,0.0,0.0
5.999999999990603,2.3000000000094047,6.430037019849986e-07,1.6,852.8293427993747,156.99999999999997,0.0,0.0,0.0002908407315253827,0.0,0.0,0.0,0.0,0.0,20.000000000001158,20.000000000001158,0.0,0.0
6.008333333323815,2.3000000000094047,6.430037019849986e-07,1.6,852.8206377833775,156.99999999999997,0.0,0.0,0.0002894995166220832,0.0,0.0,0.0,0.0,0.0,20.00000000000116,20.00000000000116,0.0,0.0
6.016666666657027,2.3000000000094043,6.430037019849986e-07,1.6,852.8119728797463,156.99999999999997,0.0,0.0,0.00028816653577507775,0.0,0.0,0.0,0.0,0.0,20.000000000001144,20.000000000001144,0.0,0.0
6.024999999990239,2.3000000000094043,6.430037019849986e-07,1.6,852.8033478424106,156.99999999999997,0.0,0.0,0.0002868417258926672,0.0,0.0,0.0,0.0,0.0,20.000000000001158,20.000000000001158,0.0,0.0
6.033333333323451,2.3000000000094043,6.430037019849986e-07,1.6,852.7947624271836,156.99999999999997,0.0,0.0,0.0002855250244619529,0.0,0.0,0.0,0.0,0.0,20.000000000001172,20.000000000001172,0.0,0.0
6.041666666656663,2.300000000009404,6.430037019849986e-07,1.6,852.7862163917454,156.99999999999997,0.0,0.0,0.0002842163695433942,0.0,0.0,0.0,0.0,0.0,20.000000000001148,20.000000000001148,0.0,0.0
6.0499999999898755,2.300000000009404,6.430037019849986e-07,1.6,852.7777094956256,156.99999999999997,0.0,0.0,0.00028291569976424634,0.0,0.0,0.0,0.0,0.0,20.000000000001158,20.000000000001158,0.0,0.0
6.0583333333230875,2.3000000000094034,6.430037019849986e-07,1.6,852.7692415001867,156.99999999999997,0.0,0.0,0.0002816229543125978,0.0,0.0,0.0,0.0,0.0,20.000000000001197,20.000000000001197,0.0,0.0
6.0666666666563,2.3000000000094034,6.430037019849986e-07,1.6,852.7608121686071,156.99999999999997,0.0,0.0,0.0002803380729315136,0.0,0.0,0.0,0.0,0.0,20.000000000001204,20.000000000001204,0.0,0.0
6.074999999989512,2.3000000000094034,6.430037019849986e-07,1.6,852.7524212658649,156.99999999999997,0.0,0.0,0.00027906099591298096,0.0,0.0,0.0,0.0,0.0,20.000000000001208,20.000000000001208,0.0,0.0
6.083333333322724,2.300000000009403,6.430037019849986e-07,1.6,852.7440685587206,156.99999999999997,0.0,0.0,0.0002777916640922636,0.0,0.0,0.0,0.0,0.0,20.00000000000119,20.00000000000119,0.0,0.0
6.091666666655936,2.300000000009403,6.430037019849986e-07,1.6,852.7357538157023,156.99999999999997,0.0,0.0,0.000276530018841876,0.0,0.0,0.0,0.0,0.0,20.00000000000119,20.00000000000119,0.0,0.0
6.099999999989148,2.3000000000094025,6.430037019849986e-07,1.6,852.7274768070882,156.99999999999997,0.0,0.0,0.00027527600206632923,0.0,0.0,0.0,0.0,0.0,20.000000000001158,20.000000000001158,0.0,0.0
6.10833333332236,2.3000000000094025,6.430037019849986e-07,1.6,852.7192373048921,156.99999999999997,0.0,0.0,0.00027402955619594885,0.0,0.0,0.0,0.0,0.0,20.000000000001172,20.000000000001172,0.0,0.0
6.116666666655572,2.3000000000094025,6.430037019849986e-07,1.6,852.7110350828466,156.99999999999997,0.0,0.0,0.00027279062418182685,0.0,0.0,0.0,0.0,0.0,20.000000000001208,20.000000000001208,0.0,0.0
6.124999999988784,2.300000000009402,6.430037019849986e-07,1.6,852.7028699163881,156.99999999999997,0.0,0.0,0.00027155914949008794,0.0,0.0,0.0,0.0,0.0,20.000000000001208,20.000000000001208,0.0,0.0
6.133333333321996,2.300000000009402,6.430037019849986e-07,1.6,852.6947415826413,156.99999999999997,0.0,0.0,0.00027033507609655995,0.0,0.0,0.0,0.0,0.0,20.000000000001204,20.000000000001204,0.0,0.0
6.141666666655208,2.3000000000094016,6.430037019849986e-07,1.6,852.6866498604043,156.99999999999997,0.0,0.0,0.00026911834848118417,0.0,0.0,0.0,0.0,0.0,20.0000000000012,20.0000000000012,0.0,0.0
6.14999999998842,2.3000000000094016,6.430037019849986e-07,1.6,852.6785945301328,156.99999999999997,0.0,0.0,0.0002679089116232477,0.0,0.0,0.0,0.0,0.0,20.000000000001194,20.000000000001194,0.0,0.0
6.158333333321632,2.3000000000094016,6.430037019849986e-07,1.6,852.6705753739262,156.99999999999997,0.0,0.0,0.0002667067109955131,0.0,0.0,0.0,0.0,0.0,20.000000000001215,20.000000000001215,0.0,0.0
6.166666666654844,2.300000000009401,6.430037019849986e-07,1.6,852.6625921755119,156.99999999999997,0.0,0.0,0.00026551169255964766,0.0,0.0,0.0,0.0,0.0,20.000000000001222,20.000000000001222,0.0,0.0
6.1749999999880565,2.300000000009401,6.430037019849986e-07,1.6,852.6546447202314,156.99999999999997,0.0,0.0,0.0002643238027606131,0.0,0.0,0.0,0.0,0.0,20.000000000001226,20.000000000001226,0.0,0.0
6.1833333333212686,2.300000000009401,6.430037019849986e-07,1.6,852.6467327950256,156.99999999999997,0.0,0.0,0.0002631429885221094,0.0,0.0,0.0,0.0,0.0,20.000000000001226,20.000000000001226,0.0,0.0
6.191666666654481,2.3000000000094007,6.430037019849986e-07,1.6,852.6388561884205,156.99999999999997,0.0,0.0,0.000261969197241101,0.0,0.0,0.0,0.0,0.0,20.00000000000123,20.00000000000123,0.0,0.0
6.199999999987693,2.3000000000094007,6.430037019849986e-07,1.6,852.6310146905133,156.99999999999997,0.0,0.0,0.0002608023767833343,0.0,0.0,0.0,0.0,0.0,20.000000000001204,20.000000000001204,0.0,0.0
6.208333333320905,2.3000000000094003,6.430037019849986e-07,1.6,852.6232080929578,156.99999999999997,0.0,0.0,0.0002596424754781767,0.0,0.0,0.0,0.0,0.0,20.000000000001208,20.000000000001208,0.0,0.0
6.216666666654117,2.3000000000094003,6.430037019849986e-07,1.6,852.6154361889517,156.99999999999997,0.0,0.0,0.00025848944211396754,0.0,0.0,0.0,0.0,0.0,20.00000000000122,20.00000000000122,0.0,0.0
6.224999999987329,2.3000000000094003,6.430037019849986e-07,1.6,852.6076987732215,156.99999999999997,0.0,0.0,0.00025734322593328536,0.0,0.0,0.0,0.0,0.0,20.000000000001233,20.000000000001233,0.0,0.0
6.233333333320541,2.3000000000094,6.430037019849986e-07,1.6,852.5999956420101,156.99999999999997,0.0,0.0,0.000256203776628014,0.0,0.0,0.0,0.0,0.0,20.000000000001272,20.000000000001272,0.0,0.0
6.241666666653753,2.3000000000094,6.430037019849986e-07,1.6,852.5923265930626,156.99999999999997,0.0,0.0,0.00025507104433509386,0.0,0.0,0.0,0.0,0.0,20.000000000001272,20.000000000001272,0.0,0.0
6.249999999986965,2.3000000000094,6.430037019849986e-07,1.6,852.5846914256136,156.99999999999997,0.0,0.0,0.0002539449796315388,0.0,0.0,0.0,0.0,0.0,20.000000000001272,20.000000000001272,0.0,0.0
6.258333333320177,2.3000000000093994,6.430037019849986e-07,1.6,852.577089940374,156.99999999999997,0.0,0.0,0.0002528255335301956,0.0,0.0,0.0,0.0,0.0,20.000000000001297,20.000000000001297,0.0,0.0
6.266666666653389,2.3000000000093994,6.430037019849986e-07,1.6,852.5695219395172,156.99999999999997,0.0,0.0,0.00025171265747524115,0.0,0.0,0.0,0.0,0.0,20.000000000001275,20.000000000001275,0.0,0.0
6.274999999986601,2.3000000000093994,6.430037019849986e-07,1.6,852.5619872266675,156.99999999999997,0.0,0.0,0.00025060630333753603,0.0,0.0,0.0,0.0,0.0,20.00000000000125,20.00000000000125,0.0,0.0
6.283333333319813,2.300000000009399,6.430037019849986e-07,1.6,852.5544856068864,156.99999999999997,0.0,0.0,0.0002495064234104817,0.0,0.0,0.0,0.0,0.0,20.00000000000126,20.00000000000126,0.0,0.0
6.291666666653025,2.300000000009399,6.430037019849986e-07,1.6,852.5470168866601,156.99999999999997,0.0,0.0,0.00024841297040573184,0.0,0.0,0.0,0.0,0.0,20.000000000001243,20.000000000001243,0.0,0.0
6.2999999999862375,2.3000000000093985,6.430037019849986e-07,1.6,852.5395808738876,156.99999999999997,0.0,0.0,0.0002473258974485849,0.0,0.0,0.0,0.0,0.0,20.000000000001215,20.000000000001215,0.0,0.0
6.30833333331945,2.3000000000093985,6.430037019849986e-07,1.6,852.5321773778678,156.99999999999997,0.0,0.0,0.00024624515807416836,0.0,0.0,0.0,0.0,0.0,20.000000000001148,20.000000000001148,0.0,0.0
6.316666666652662,2.3000000000093985,6.430037019849986e-07,1.6,852.5248062092874,156.99999999999997,0.0,0.0,0.00024517070622301064,0.0,0.0,0.0,0.0,0.0,20.000000000001172,20.000000000001172,0.0,0.0
6.324999999985874,2.300000000009398,6.430037019849986e-07,1.6,852.5174671802087,156.99999999999997,0.0,0.0,0.00024410249623716757,0.0,0.0,0.0,0.0,0.0,20.000000000001148,20.000000000001148,0.0,0.0
6.333333333319086,2.300000000009398,6.430037019849986e-07,1.6,852.5101601040581,156.99999999999997,0.0,0.0,0.0002430404828557394,0.0,0.0,0.0,0.0,0.0,20.000000000001105,20.000000000001105,0.0,0.0
6.341666666652298,2.300000000009398,6.430037019849986e-07,1.6,852.5028847956135,156.99999999999997,0.0,0.0,0.00024198462121123162,0.0,0.0,0.0,0.0,0.0,20.00000000000113,20.00000000000113,0.0,0.0
6.34999999998551,2.3000000000093976,6.430037019849986e-07,1.6,852.4956410709933,156.99999999999997,0.0,0.0,0.00024093486682547888,0.0,0.0,0.0,0.0,0.0,20.000000000001123,20.000000000001123,0.0,0.0
6.358333333318722,2.3000000000093976,6.430037019849986e-07,1.6,852.4884287476443,156.99999999999997,0.0,0.0,0.00023989117560548276,0.0,0.0,0.0,0.0,0.0,20.000000000001123,20.000000000001123,0.0,0.0
6.366666666651934,2.3000000000093976,6.430037019849986e-07,1.6,852.4812476443303,156.99999999999997,0.0,0.0,0.00023885350383991524,0.0,0.0,0.0,0.0,0.0,20.0000000000011,20.0000000000011,0.0,0.0
6.374999999985146,2.300000000009397,6.430037019849986e-07,1.6,852.474097581121,156.99999999999997,0.0,0.0,0.00023782180819483935,0.0,0.0,0.0,0.0,0.0,20.0000000000011,20.0000000000011,0.0,0.0
6.383333333318358,2.300000000009397,6.430037019849986e-07,1.6,852.4669783793797,156.99999999999997,0.0,0.0,0.00023679604571038266,0.0,0.0,0.0,0.0,0.0,20.000000000001098,20.000000000001098,0.0,0.0
6.39166666665157,2.300000000009397,6.430037019849986e-07,1.6,852.4598898617542,156.99999999999997,0.0,0.0,0.00023577617379651411,0.0,0.0,0.0,0.0,0.0,20.000000000001073,20.000000000001073,0.0,0.0
6.399999999984782,2.3000000000093968,6.430037019849986e-07,1.6,852.4528318521632,156.99999999999997,0.0,0.0,0.00023476215022965577,0.0,0.0,0.0,0.0,0.0,20.000000000001044,20.000000000001044,0.0,0.0
6.408333333317994,2.3000000000093968,6.430037019849986e-07,1.6,852.4458041757873,156.99999999999997,0.0,0.0,0.00023375393314885935,0.0,0.0,0.0,0.0,0.0,20.000000000001066,20.000000000001066,0.0,0.0
6.416666666651206,2.3000000000093968,6.430037019849986e-07,1.6,852.4388066590576,156.99999999999997,0.0,0.0,0.00023275148105218253,0.0,0.0,0.0,0.0,0.0,20.00000000000105,20.00000000000105,0.0,0.0
6.4249999999844185,2.3000000000093963,6.430037019849986e-07,1.6,852.4318391296446,156.99999999999997,0.0,0.0,0.00023175475279326246,0.0,0.0,0.0,0.0,0.0,20.00000000000109,20.00000000000109,0.0,0.0
6.433333333317631,2.3000000000093963,6.430037019849986e-07,1.6,852.424901416448,156.99999999999997,0.0,0.0,0.00023076370757751412,0.0,0.0,0.0,0.0,0.0,20.000000000001098,20.000000000001098,0.0,0.0
6.441666666650843,2.3000000000093963,6.430037019849986e-07,1.6,852.4179933495861,156.99999999999997,0.0,0.0,0.00022977830495881166,0.0,0.0,0.0,0.0,0.0,20.000000000001062,20.000000000001062,0.0,0.0
6.449999999984055,2.300000000009396,6.430037019849986e-07,1.6,852.4111147603855,156.99999999999997,0.0,0.0,0.0002287985048359663,0.0,0.0,0.0,0.0,0.0,20.000000000001076,20.000000000001076,0.0,0.0
6.458333333317267,2.300000000009396,6.430037019849986e-07,1.6,852.4042654813703,156.99999999999997,0.0,0.0,0.00022782426744922851,0.0,0.0,0.0,0.0,0.0,20.000000000001048,20.000000000001048,0.0,0.0
6.466666666650479,2.300000000009396,6.430037019849986e-07,1.6,852.3974453462528,156.99999999999997,0.0,0.0,0.00022685555337715615,0.0,0.0,0.0,0.0,0.0,20.000000000001055,20.000000000001055,0.0,0.0
6.474999999983691,2.3000000000093954,6.430037019849986e-07,1.6,852.3906541899224,156.99999999999997,0.0,0.0,0.00022589232353282423,0.0,0.0,0.0,0.0,0.0,20.000000000001048,20.000000000001048,0.0,0.0
6.483333333316903,2.3000000000093954,6.430037019849986e-07,1.6,852.3838918484366,156.99999999999997,0.0,0.0,0.00022493453916096762,0.0,0.0,0.0,0.0,0.0,20.00000000000108,20.00000000000108,0.0,0.0
6.491666666650115,2.3000000000093954,6.430037019849986e-07,1.6,852.3771581590102,156.99999999999997,0.0,0.0,0.00022398216183435225,0.0,0.0,0.0,0.0,0.0,20.0000000000011,20.0000000000011,0.0,0.0
6.499999999983327,2.300000000009395,6.430037019849986e-07,1.6,852.3704529600062,156.99999999999997,0.0,0.0,0.0002230351534508495,0.0,0.0,0.0,0.0,0.0,20.00000000000108,20.00000000000108,0.0,0.0
6.508333333316539,2.300000000009395,6.430037019849986e-07,1.6,852.3637760909256,156.99999999999997,0.0,0.0,0.00022209347622991092,0.0,0.0,0.0,0.0,0.0,20.00000000000111,20.00000000000111,0.0,0.0
6.516666666649751,2.300000000009395,6.430037019849986e-07,1.6,852.3571273923983,156.99999999999997,0.0,0.0,0.0002211570927096874,0.0,0.0,0.0,0.0,0.0,20.000000000001105,20.000000000001105,0.0,0.0
6.524999999982963,2.300000000009395,6.430037019849986e-07,1.6,852.3505067061728,156.99999999999997,0.0,0.0,0.00022022596574366215,0.0,0.0,0.0,0.0,0.0,20.000000000001112,20.000000000001112,0.0,0.0
6.533333333316175,2.3000000000093945,6.430037019849986e-07,1.6,852.343913875108,156.99999999999997,0.0,0.0,0.00021930005849786914,0.0,0.0,0.0,0.0,0.0,20.000000000001126,20.000000000001126,0.0,0.0
6.5416666666493875,2.3000000000093945,6.430037019849986e-07,1.6,852.3373487431625,156.99999999999997,0.0,0.0,0.00021837933444740206,0.0,0.0,0.0,0.0,0.0,20.00000000000113,20.00000000000113,0.0,0.0
6.5499999999825995,2.3000000000093945,6.430037019849986e-07,1.6,852.3308111553862,156.99999999999997,0.0,0.0,0.00021746375737378737,0.0,0.0,0.0,0.0,0.0,20.000000000001133,20.000000000001133,0.0,0.0
6.558333333315812,2.300000000009394,6.430037019849986e-07,1.6,852.3243009579113,156.99999999999997,0.0,0.0,0.00021655329136176108,0.0,0.0,0.0,0.0,0.0,20.000000000001158,20.000000000001158,0.0,0.0
6.566666666649024,2.300000000009394,6.430037019849986e-07,1.6,852.3178179979427,156.99999999999997,0.0,0.0,0.00021564790079640255,0.0,0.0,0.0,0.0,0.0,20.000000000001183,20.000000000001183,0.0,0.0
6.574999999982236,2.300000000009394,6.430037019849986e-07,1.6,852.3113621237492,156.99999999999997,0.0,0.0,0.0002147475503601214,0.0,0.0,0.0,0.0,0.0,20.000000000001183,20.000000000001183,0.0,0.0
6.583333333315448,2.3000000000093936,6.430037019849986e-07,1.6,852.3049331846546,156.99999999999997,0.0,0.0,0.0002138522050299437,0.0,0.0,0.0,0.0,0.0,20.000000000001176,20.000000000001176,0.0,0.0
6.59166666664866,2.3000000000093936,6.430037019849986e-07,1.6,852.2985310310294,156.99999999999997,0.0,0.0,0.00021296183007448323,0.0,0.0,0.0,0.0,0.0,20.00000000000118,20.00000000000118,0.0,0.0
6.599999999981872,2.3000000000093936,6.430037019849986e-07,1.6,852.2921555142814,156.99999999999997,0.0,0.0,0.00021207639105104501,0.0,0.0,0.0,0.0,0.0,20.000000000001208,20.000000000001208,0.0,0.0
6.608333333315084,2.300000000009393,6.430037019849986e-07,1.6,852.2858064868472,156.99999999999997,0.0,0.0,0.00021119585380313715,0.0,0.0,0.0,0.0,0.0,20.00000000000117,20.00000000000117,0.0,0.0
6.616666666648296,2.300000000009393,6.430037019849986e-07,1.6,852.2794838021844,156.99999999999997,0.0,0.0,0.00021032018445739042,0.0,0.0,0.0,0.0,0.0,20.000000000001194,20.000000000001194,0.0,0.0
6.624999999981508,2.300000000009393,6.430037019849986e-07,1.6,852.2731873147618,156.99999999999997,0.0,0.0,0.00020944934942094192,0.0,0.0,0.0,0.0,0.0,20.00000000000122,20.00000000000122,0.0,0.0
6.63333333331472,2.300000000009393,6.430037019849986e-07,1.6,852.2669168800523,156.99999999999997,0.0,0.0,0.0002085833153787814,0.0,0.0,0.0,0.0,0.0,20.00000000000119,20.00000000000119,0.0,0.0
6.641666666647932,2.3000000000093928,6.430037019849986e-07,1.6,852.2606723545243,156.99999999999997,0.0,0.0,0.00020772204929106063,0.0,0.0,0.0,0.0,0.0,20.000000000001165,20.000000000001165,0.0,0.0
6.649999999981144,2.3000000000093928,6.430037019849986e-07,1.6,852.2544535956326,156.99999999999997,0.0,0.0,0.00020686551839031134,0.0,0.0,0.0,0.0,0.0,20.000000000001194,20.000000000001194,0.0,0.0
6.658333333314356,2.3000000000093928,6.430037019849986e-07,1.6,852.2482604618117,156.99999999999997,0.0,0.0,0.00020601369017890237,0.0,0.0,0.0,0.0,0.0,20.00000000000118,20.00000000000118,0.0,0.0
6.6666666666475685,2.3000000000093923,6.430037019849986e-07,1.6,852.2420928124666,156.99999999999997,0.0,0.0,0.00020516653242667865,0.0,0.0,0.0,0.0,0.0,20.000000000001204,20.000000000001204,0.0,0.0
6.6749999999807805,2.3000000000093923,6.430037019849986e-07,1.6,852.2359505079648,156.99999999999997,0.0,0.0,0.00020432401316790365,0.0,0.0,0.0,0.0,0.0,20.000000000001233,20.000000000001233,0.0,0.0
6.683333333313993,2.3000000000093923,6.430037019849986e-07,1.6,852.2298334096299,156.99999999999997,0.0,0.0,0.00020348610069920875,0.0,0.0,0.0,0.0,0.0,20.000000000001222,20.000000000001222,0.0,0.0
6.691666666647205,2.3000000000093923,6.430037019849986e-07,1.6,852.2237413797318,156.99999999999997,0.0,0.0,0.00020265276357689984,0.0,0.0,0.0,0.0,0.0,20.000000000001243,20.000000000001243,0.0,0.0
6.699999999980417,2.300000000009392,6.430037019849986e-07,1.6,852.2176742814801,156.99999999999997,0.0,0.0,0.00020182397061444655,0.0,0.0,0.0,0.0,0.0,20.000000000001254,20.000000000001254,0.0,0.0
6.708333333313629,2.300000000009392,6.430037019849986e-07,1.6,852.2116319790161,156.99999999999997,0.0,0.0,0.0002009996908799342,0.0,0.0,0.0,0.0,0.0,20.00000000000129,20.00000000000129,0.0,0.0
6.716666666646841,2.300000000009392,6.430037019849986e-07,1.6,852.2056143374054,156.99999999999997,0.0,0.0,0.00020017989369396842,0.0,0.0,0.0,0.0,0.0,20.00000000000125,20.00000000000125,0.0,0.0
6.724999999980053,2.3000000000093914,6.430037019849986e-07,1.6,852.1996212226302,156.99999999999997,0.0,0.0,0.00019936454862688703,0.0,0.0,0.0,0.0,0.0,20.000000000001222,20.000000000001222,0.0,0.0
6.733333333313265,2.3000000000093914,6.430037019849986e-07,1.6,852.1936525015817,156.99999999999997,0.0,0.0,0.0001985536254968058,0.0,0.0,0.0,0.0,0.0,20.000000000001208,20.000000000001208,0.0,0.0
6.741666666646477,2.3000000000093914,6.430037019849986e-07,1.6,852.1877080420529,156.99999999999997,0.0,0.0,0.00019774709436675526,0.0,0.0,0.0,0.0,0.0,20.00000000000123,20.00000000000123,0.0,0.0
6.749999999979689,2.3000000000093914,6.430037019849986e-07,1.6,852.1817877127314,156.99999999999997,0.0,0.0,0.00019694492554292017,0.0,0.0,0.0,0.0,0.0,20.00000000000119,20.00000000000119,0.0,0.0
6.758333333312901,2.300000000009391,6.430037019849986e-07,1.6,852.1758913831919,156.99999999999997,0.0,0.0,0.00019614708957186325,0.0,0.0,0.0,0.0,0.0,20.0000000000012,20.0000000000012,0.0,0.0
6.766666666646113,2.300000000009391,6.430037019849986e-07,1.6,852.1700189238891,156.99999999999997,0.0,0.0,0.00019535355723857782,0.0,0.0,0.0,0.0,0.0,20.00000000000123,20.00000000000123,0.0,0.0
6.774999999979325,2.300000000009391,6.430037019849986e-07,1.6,852.1641702061504,156.99999999999997,0.0,0.0,0.0001945642995641222,0.0,0.0,0.0,0.0,0.0,20.000000000001204,20.000000000001204,0.0,0.0
6.783333333312537,2.3000000000093905,6.430037019849986e-07,1.6,852.1583451021694,156.99999999999997,0.0,0.0,0.00019377928780326987,0.0,0.0,0.0,0.0,0.0,20.000000000001187,20.000000000001187,0.0,0.0
6.7916666666457495,2.3000000000093905,6.430037019849986e-07,1.6,852.1525434849983,156.99999999999997,0.0,0.0,0.00019299849344260595,0.0,0.0,0.0,0.0,0.0,20.000000000001197,20.000000000001197,0.0,0.0
6.7999999999789615,2.3000000000093905,6.430037019849986e-07,1.6,852.1467652285414,156.99999999999997,0.0,0.0,0.00019222188819815274,0.0,0.0,0.0,0.0,0.0,20.00000000000118,20.00000000000118,0.0,0.0
6.808333333312174,2.3000000000093905,6.430037019849986e-07,1.6,852.1410102075481,156.99999999999997,0.0,0.0,0.00019144944401311884,0.0,0.0,0.0,0.0,0.0,20.0000000000012,20.0000000000012,0.0,0.0
6.816666666645386,2.30000000000939,6.430037019849986e-07,1.6,852.135278297606,156.99999999999997,0.0,0.0,0.00019068113305609175,0.0,0.0,0.0,0.0,0.0,20.000000000001165,20.000000000001165,0.0,0.0
6.824999999978598,2.30000000000939,6.430037019849986e-07,1.6,852.1295693751342,156.99999999999997,0.0,0.0,0.00018991692771865395,0.0,0.0,0.0,0.0,0.0,20.000000000001183,20.000000000001183,0.0,0.0
6.83333333331181,2.30000000000939,6.430037019849986e-07,1.6,852.123883317377,156.99999999999997,0.0,0.0,0.00018915680061333559,0.0,0.0,0.0,0.0,0.0,20.000000000001176,20.000000000001176,0.0,0.0
6.841666666645022,2.30000000000939,6.430037019849986e-07,1.6,852.1182200023968,156.99999999999997,0.0,0.0,0.00018840072457163446,0.0,0.0,0.0,0.0,0.0,20.000000000001112,20.000000000001112,0.0,0.0
6.849999999978234,2.3000000000093896,6.430037019849986e-07,1.6,852.1125793090679,156.99999999999997,0.0,0.0,0.00018764867264210207,0.0,0.0,0.0,0.0,0.0,20.000000000001105,20.000000000001105,0.0,0.0
6.858333333311446,2.3000000000093896,6.430037019849986e-07,1.6,852.1069611170698,156.99999999999997,0.0,0.0,0.00018690061808791027,0.0,0.0,0.0,0.0,0.0,20.000000000001084,20.000000000001084,0.0,0.0
6.866666666644658,2.3000000000093896,6.430037019849986e-07,1.6,852.1013653068808,156.99999999999997,0.0,0.0,0.0001861565343853381,0.0,0.0,0.0,0.0,0.0,20.000000000001116,20.000000000001116,0.0,0.0
6.87499999997787,2.3000000000093896,6.430037019849986e-07,1.6,852.0957917597723,156.99999999999997,0.0,0.0,0.00018541639522147172,0.0,0.0,0.0,0.0,0.0,20.0000000000011,20.0000000000011,0.0,0.0
6.883333333311082,2.300000000009389,6.430037019849986e-07,1.6,852.0902403578011,156.99999999999997,0.0,0.0,0.0001846801744923974,0.0,0.0,0.0,0.0,0.0,20.000000000001123,20.000000000001123,0.0,0.0
6.891666666644294,2.300000000009389,6.430037019849986e-07,1.6,852.0847109838046,156.99999999999997,0.0,0.0,0.00018394784630119422,0.0,0.0,0.0,0.0,0.0,20.000000000001116,20.000000000001116,0.0,0.0
6.899999999977506,2.300000000009389,6.430037019849986e-07,1.6,852.0792035213939,156.99999999999997,0.0,0.0,0.00018321938495609896,0.0,0.0,0.0,0.0,0.0,20.000000000001087,20.000000000001087,0.0,0.0
6.908333333310718,2.3000000000093888,6.430037019849986e-07,1.6,852.0737178549475,156.99999999999997,0.0,0.0,0.00018249476496847176,0.0,0.0,0.0,0.0,0.0,20.000000000001087,20.000000000001087,0.0,0.0
6.9166666666439305,2.3000000000093888,6.430037019849986e-07,1.6,852.0682538696061,156.99999999999997,0.0,0.0,0.00018177396105114438,0.0,0.0,0.0,0.0,0.0,20.00000000000108,20.00000000000108,0.0,0.0
6.9249999999771426,2.3000000000093888,6.430037019849986e-07,1.6,852.0628114512654,156.99999999999997,0.0,0.0,0.00018105694811630524,0.0,0.0,0.0,0.0,0.0,20.000000000001073,20.000000000001073,0.0,0.0
6.933333333310355,2.3000000000093888,6.430037019849986e-07,1.6,852.057390486571,156.99999999999997,0.0,0.0,0.00018034370127397708,0.0,0.0,0.0,0.0,0.0,20.00000000000107,20.00000000000107,0.0,0.0
6.941666666643567,2.3000000000093883,6.430037019849986e-07,1.6,852.0519908629124,156.99999999999997,0.0,0.0,0.00017963419582982175,0.0,0.0,0.0,0.0,0.0,20.000000000001105,20.000000000001105,0.0,0.0
6.949999999976779,2.3000000000093883,6.430037019849986e-07,1.6,852.0466124684168,156.99999999999997,0.0,0.0,0.0001789284072837985,0.0,0.0,0.0,0.0,0.0,20.00000000000104,20.00000000000104,0.0,0.0
6.958333333309991,2.3000000000093883,6.430037019849986e-07,1.6,852.0412551919436,156.99999999999997,0.0,0.0,0.00017822631132783618,0.0,0.0,0.0,0.0,0.0,20.000000000001023,20.000000000001023,0.0,0.0
6.966666666643203,2.3000000000093883,6.430037019849986e-07,1.6,852.0359189230785,156.99999999999997,0.0,0.0,0.00017752788384467106,0.0,0.0,0.0,0.0,0.0,20.000000000000984,20.000000000000984,0.0,0.0
6.974999999976415,2.300000000009388,6.430037019849986e-07,1.6,852.0306035521278,156.99999999999997,0.0,0.0,0.00017683310090559548,0.0,0.0,0.0,0.0,0.0,20.00000000000098,20.00000000000098,0.0,0.0
6.983333333309627,2.300000000009388,6.430037019849986e-07,1.6,852.0253089701132,156.99999999999997,0.0,0.0,0.00017614193876910826,0.0,0.0,0.0,0.0,0.0,20.00000000000096,20.00000000000096,0.0,0.0
6.991666666642839,2.300000000009388,6.430037019849986e-07,1.6,852.0200350687655,156.99999999999997,0.0,0.0,0.00017545437387894792,0.0,0.0,0.0,0.0,0.0,20.000000000000977,20.000000000000977,0.0,0.0
6.999999999976051,2.300000000009388,6.430037019849986e-07,1.6,852.0147817405194,156.99999999999997,0.0,0.0,0.0001747703828625561,0.0,0.0,0.0,0.0,0.0,20.000000000000945,20.000000000000945,0.0,0.0
7.008333333309263,2.3000000000093874,6.430037019849986e-07,1.5933333333117965,852.0095488785083,156.99999999999997,0.0,0.0,0.00017408994252939407,0.0,0.0,0.0,0.0,0.0,20.00000000000091,20.00000000000091,0.0,0.0
7.016666666642475,2.3000000000093874,6.430037019849986e-07,1.5866666666235931,852.0043363765584,156.99999999999997,0.0,0.0,0.00017341302986927093,0.0,0.0,0.0,0.0,0.0,20.00000000000092,20.00000000000092,0.0,0.0
7.024999999975687,2.3000000000093874,6.430037019849986e-07,1.5799999999353895,851.9991441291836,156.99999999999997,0.0,0.0,0.00017273962205068176,0.0,0.0,0.0,0.0,0.0,20.000000000000906,20.000000000000906,0.0,0.0
7.033333333308899,2.3000000000093874,6.430037019849986e-07,1.5733333332471862,851.99397203158,156.99999999999997,0.0,0.0,0.0001720696964191578,0.0,0.0,0.0,0.0,0.0,20.00000000000087,20.00000000000087,0.0,0.0
7.0416666666421115,2.300000000009387,6.430037019849986e-07,1.5666666665589826,851.9888199796209,156.99999999999997,0.0,0.0,0.0001714032304958328,0.0,0.0,0.0,0.0,0.0,20.00000000000084,20.00000000000084,0.0,0.0
7.049999999975324,2.300000000009387,6.430037019849986e-07,1.5600000000104775,851.9836878698509,156.99999999999997,0.0,0.0,0.000170740201975658,0.0,0.0,0.0,0.0,0.0,20.000000000000828,20.000000000000828,0.0,0.0
7.058333333308536,2.300000000009387,6.430037019849986e-07,1.5533333333222739,851.9785755994816,156.99999999999997,0.0,0.0,0.0001700805887259894,0.0,0.0,0.0,0.0,0.0,20.000000000000863,20.000000000000863,0.0,0.0
7.066666666641748,2.300000000009387,6.430037019849986e-07,1.5466666666340705,851.9734830663858,156.99999999999997,0.0,0.0,0.00016942436878497808,0.0,0.0,0.0,0.0,0.0,20.000000000000874,20.000000000000874,0.0,0.0
7.07499999997496,2.300000000009387,6.430037019849986e-07,1.539999999945867,851.9684101690925,156.99999999999997,0.0,0.0,0.0001687715203599193,0.0,0.0,0.0,0.0,0.0,20.000000000000814,20.000000000000814,0.0,0.0
7.083333333308172,2.3000000000093865,6.430037019849986e-07,1.5333333332576635,851.9633568067825,156.99999999999997,0.0,0.0,0.00016812202182592094,0.0,0.0,0.0,0.0,0.0,20.00000000000088,20.00000000000088,0.0,0.0
7.091666666641384,2.3000000000093865,6.430037019849986e-07,1.52666666656946,851.958322879282,156.99999999999997,0.0,0.0,0.0001674758517243746,0.0,0.0,0.0,0.0,0.0,20.00000000000088,20.00000000000088,0.0,0.0
7.099999999974596,2.3000000000093865,6.430037019849986e-07,1.5200000000209548,851.9533082870591,156.99999999999997,0.0,0.0,0.00016683298876138552,0.0,0.0,0.0,0.0,0.0,20.000000000000856,20.000000000000856,0.0,0.0
7.108333333307808,2.3000000000093865,6.430037019849986e-07,1.5133333333327514,851.9483129312182,156.99999999999997,0.0,0.0,0.0001661934118061619,0.0,0.0,0.0,0.0,0.0,20.000000000000817,20.000000000000817,0.0,0.0
7.11666666664102,2.300000000009386,6.430037019849986e-07,1.5066666666445478,851.9433367134948,156.99999999999997,0.0,0.0,0.00016555709988997575,0.0,0.0,0.0,0.0,0.0,20.000000000000803,20.000000000000803,0.0,0.0
7.124999999974232,2.300000000009386,6.430037019849986e-07,1.4999999999563443,851.9383795362512,156.99999999999997,0.0,0.0,0.00016492403220431443,0.0,0.0,0.0,0.0,0.0,20.000000000000796,20.000000000000796,0.0,0.0
7.133333333307444,2.300000000009386,6.430037019849986e-07,1.4933333332681409,851.9334413024721,156.99999999999997,0.0,0.0,0.0001642941880996044,0.0,0.0,0.0,0.0,0.0,20.000000000000785,20.000000000000785,0.0,0.0
7.141666666640656,2.300000000009386,6.430037019849986e-07,1.4866666665799373,851.9285219157586,156.99999999999997,0.0,0.0,0.0001636675470837906,0.0,0.0,0.0,0.0,0.0,20.00000000000076,20.00000000000076,0.0,0.0
7.149999999973868,2.3000000000093856,6.430037019849986e-07,1.479999999891734,851.9236212803244,156.99999999999997,0.0,0.0,0.0001630440888210262,0.0,0.0,0.0,0.0,0.0,20.000000000000792,20.000000000000792,0.0,0.0
7.15833333330708,2.3000000000093856,6.430037019849986e-07,1.4733333333432288,851.9187393009911,156.99999999999997,0.0,0.0,0.0001624237931301171,0.0,0.0,0.0,0.0,0.0,20.000000000000817,20.000000000000817,0.0,0.0
7.1666666666402925,2.3000000000093856,6.430037019849986e-07,1.4666666666550252,851.9138758831834,156.99999999999997,0.0,0.0,0.0001618066399832297,0.0,0.0,0.0,0.0,0.0,20.000000000000835,20.000000000000835,0.0,0.0
7.174999999973505,2.3000000000093856,6.430037019849986e-07,1.4599999999668216,851.9090309329245,156.99999999999997,0.0,0.0,0.00016119260950460689,0.0,0.0,0.0,0.0,0.0,20.000000000000846,20.000000000000846,0.0,0.0
7.183333333306717,2.300000000009385,6.430037019849986e-07,1.4533333332786182,851.9042043568315,156.99999999999997,0.0,0.0,0.0001605816819690899,0.0,0.0,0.0,0.0,0.0,20.00000000000088,20.00000000000088,0.0,0.0
7.191666666639929,2.300000000009385,6.430037019849986e-07,1.4466666665904147,851.8993960621111,156.99999999999997,0.0,0.0,0.00015997383780080106,0.0,0.0,0.0,0.0,0.0,20.0000000000009,20.0000000000009,0.0,0.0
7.199999999973141,2.300000000009385,6.430037019849986e-07,1.4399999999022113,851.8946059565551,156.99999999999997,0.0,0.0,0.0001593690575720366,0.0,0.0,0.0,0.0,0.0,20.000000000000934,20.000000000000934,0.0,0.0
7.208333333306353,2.300000000009385,6.430037019849986e-07,1.4333333333537062,851.8898339485359,156.99999999999997,0.0,0.0,0.000158767322001612,0.0,0.0,0.0,0.0,0.0,20.00000000000092,20.00000000000092,0.0,0.0
7.216666666639565,2.300000000009385,6.430037019849986e-07,1.4266666666655026,851.8850799470019,156.99999999999997,0.0,0.0,0.00015816861195392282,0.0,0.0,0.0,0.0,0.0,20.000000000000934,20.000000000000934,0.0,0.0
7.224999999972777,2.3000000000093848,6.430037019849986e-07,1.419999999977299,851.8803438614739,156.99999999999997,0.0,0.0,0.0001575729084374076,0.0,0.0,0.0,0.0,0.0,20.000000000000902,20.000000000000902,0.0,0.0
7.233333333305989,2.3000000000093848,6.430037019849986e-07,1.4133333332890956,851.8756256020398,156.99999999999997,0.0,0.0,0.00015698019260342283,0.0,0.0,0.0,0.0,0.0,20.000000000000924,20.000000000000924,0.0,0.0
7.241666666639201,2.3000000000093848,6.430037019849986e-07,1.406666666600892,851.870925079351,156.99999999999997,0.0,0.0,0.0001563904457449234,0.0,0.0,0.0,0.0,0.0,20.000000000000945,20.000000000000945,0.0,0.0
7.249999999972413,2.3000000000093848,6.430037019849986e-07,1.3999999999126886,851.8662422046181,156.99999999999997,0.0,0.0,0.0001558036492953027,0.0,0.0,0.0,0.0,0.0,20.000000000000927,20.000000000000927,0.0,0.0
7.258333333305625,2.3000000000093843,6.430037019849986e-07,1.393333333224485,851.8615768896063,156.99999999999997,0.0,0.0,0.000155219784826939,0.0,0.0,0.0,0.0,0.0,20.000000000000966,20.000000000000966,0.0,0.0
7.266666666638837,2.3000000000093843,6.430037019849986e-07,1.38666666667598,851.8569290466321,156.99999999999997,0.0,0.0,0.0001546388340504007,0.0,0.0,0.0,0.0,0.0,20.00000000000095,20.00000000000095,0.0,0.0
7.274999999972049,2.3000000000093843,6.430037019849986e-07,1.3799999999877763,851.8522985885581,156.99999999999997,0.0,0.0,0.00015406077881280824,0.0,0.0,0.0,0.0,0.0,20.000000000000938,20.000000000000938,0.0,0.0
7.2833333333052614,2.3000000000093843,6.430037019849986e-07,1.373333333299573,851.8476854287896,156.99999999999997,0.0,0.0,0.00015348560109690397,0.0,0.0,0.0,0.0,0.0,20.00000000000093,20.00000000000093,0.0,0.0
7.2916666666384735,2.3000000000093843,6.430037019849986e-07,1.3666666666113696,851.8430894812707,156.99999999999997,0.0,0.0,0.00015291328301977942,0.0,0.0,0.0,0.0,0.0,20.00000000000096,20.00000000000096,0.0,0.0
7.299999999971686,2.300000000009384,6.430037019849986e-07,1.359999999923166,851.8385106604792,156.99999999999997,0.0,0.0,0.00015234380683170972,0.0,0.0,0.0,0.0,0.0,20.000000000000966,20.000000000000966,0.0,0.0
7.308333333304898,2.300000000009384,6.430037019849986e-07,1.3533333332349624,851.8339488814242,156.99999999999997,0.0,0.0,0.0001517771549149955,0.0,0.0,0.0,0.0,0.0,20.00000000000096,20.00000000000096,0.0,0.0
7.31666666663811,2.300000000009384,6.430037019849986e-07,1.3466666666864573,851.8294040596412,156.99999999999997,0.0,0.0,0.00015121330978296063,0.0,0.0,0.0,0.0,0.0,20.000000000001,20.000000000001,0.0,0.0
7.324999999971322,2.300000000009384,6.430037019849986e-07,1.339999999998254,851.8248761111879,156.99999999999997,0.0,0.0,0.00015065225407851027,0.0,0.0,0.0,0.0,0.0,20.000000000001,20.000000000001,0.0,0.0
7.333333333304534,2.300000000009384,6.430037019849986e-07,1.3333333333100503,851.8203649526413,156.99999999999997,0.0,0.0,0.0001500939705733412,0.0,0.0,0.0,0.0,0.0,20.00000000000103,20.00000000000103,0.0,0.0
7.341666666637746,2.3000000000093834,6.430037019849986e-07,1.326666666621847,851.8158705010931,156.99999999999997,0.0,0.0,0.00014953844216656395,0.0,0.0,0.0,0.0,0.0,20.000000000001062,20.000000000001062,0.0,0.0
7.349999999970958,2.3000000000093834,6.430037019849986e-07,1.3199999999336434,851.811392674146,156.99999999999997,0.0,0.0,0.0001489856518838271,0.0,0.0,0.0,0.0,0.0,20.00000000000105,20.00000000000105,0.0,0.0
7.35833333330417,2.3000000000093834,6.430037019849986e-07,1.3133333332454398,851.8069313899101,156.99999999999997,0.0,0.0,0.00014843558287610154,0.0,0.0,0.0,0.0,0.0,20.000000000001073,20.000000000001073,0.0,0.0
7.366666666637382,2.3000000000093834,6.430037019849986e-07,1.3066666666969347,851.8024865669995,156.99999999999997,0.0,0.0,0.00014788821841852203,0.0,0.0,0.0,0.0,0.0,20.000000000001087,20.000000000001087,0.0,0.0
7.374999999970594,2.300000000009383,6.430037019849986e-07,1.3000000000087313,851.7980581245274,156.99999999999997,0.0,0.0,0.0001473435419095304,0.0,0.0,0.0,0.0,0.0,20.000000000001137,20.000000000001137,0.0,0.0
7.383333333303806,2.300000000009383,6.430037019849986e-07,1.2933333333205277,851.7936459821042,156.99999999999997,0.0,0.0,0.0001468015368696315,0.0,0.0,0.0,0.0,0.0,20.000000000001158,20.000000000001158,0.0,0.0
7.391666666637018,2.300000000009383,6.430037019849986e-07,1.2866666666323243,851.7892500598318,156.99999999999997,0.0,0.0,0.00014626218694054885,0.0,0.0,0.0,0.0,0.0,20.00000000000115,20.00000000000115,0.0,0.0
7.39999999997023,2.300000000009383,6.430037019849986e-07,1.2799999999441207,851.7848702783019,156.99999999999997,0.0,0.0,0.00014572547588384682,0.0,0.0,0.0,0.0,0.0,20.000000000001158,20.000000000001158,0.0,0.0
7.4083333333034425,2.300000000009383,6.430037019849986e-07,1.2733333332559171,851.7805065585911,156.99999999999997,0.0,0.0,0.00014519138758034407,0.0,0.0,0.0,0.0,0.0,20.000000000001148,20.000000000001148,0.0,0.0
7.4166666666366545,2.3000000000093825,6.430037019849986e-07,1.2666666665677138,851.7761588222579,156.99999999999997,0.0,0.0,0.00014465990602874847,0.0,0.0,0.0,0.0,0.0,20.000000000001183,20.000000000001183,0.0,0.0
7.424999999969867,2.3000000000093825,6.430037019849986e-07,1.2600000000192086,851.7718269913393,156.99999999999997,0.0,0.0,0.00014413101534478881,0.0,0.0,0.0,0.0,0.0,20.000000000001208,20.000000000001208,0.0,0.0
7.433333333303079,2.3000000000093825,6.430037019849986e-07,1.253333333331005,851.7675109883464,156.99999999999997,0.0,0.0,0.00014360469976015648,0.0,0.0,0.0,0.0,0.0,20.000000000001204,20.000000000001204,0.0,0.0
7.441666666636291,2.3000000000093825,6.430037019849986e-07,1.2466666666428017,851.7632107362626,156.99999999999997,0.0,0.0,0.00014308094362169716,0.0,0.0,0.0,0.0,0.0,20.00000000000121,20.00000000000121,0.0,0.0
7.449999999969503,2.3000000000093825,6.430037019849986e-07,1.239999999954598,851.7589261585384,156.99999999999997,0.0,0.0,0.0001425597313901698,0.0,0.0,0.0,0.0,0.0,20.000000000001226,20.000000000001226,0.0,0.0
7.458333333302715,2.300000000009382,6.430037019849986e-07,1.2333333332663945,851.7546571790891,156.99999999999997,0.0,0.0,0.00014204104763945017,0.0,0.0,0.0,0.0,0.0,20.00000000000127,20.00000000000127,0.0,0.0
7.466666666635927,2.300000000009382,6.430037019849986e-07,1.2266666665781911,851.750403722291,156.99999999999997,0.0,0.0,0.00014152487705549688,0.0,0.0,0.0,0.0,0.0,20.00000000000124,20.00000000000124,0.0,0.0
7.474999999969139,2.300000000009382,6.430037019849986e-07,1.220000000029686,851.7461657129782,156.99999999999997,0.0,0.0,0.0001410112044355656,0.0,0.0,0.0,0.0,0.0,20.000000000001247,20.000000000001247,0.0,0.0
7.483333333302351,2.300000000009382,6.430037019849986e-07,1.2133333333414824,851.7419430764392,156.99999999999997,0.0,0.0,0.00014050001468699275,0.0,0.0,0.0,0.0,0.0,20.00000000000124,20.00000000000124,0.0,0.0
7.491666666635563,2.300000000009382,6.430037019849986e-07,1.206666666653279,851.7377357384136,156.99999999999997,0.0,0.0,0.00013999129282646992,0.0,0.0,0.0,0.0,0.0,20.000000000001247,20.000000000001247,0.0,0.0
7.499999999968775,2.3000000000093817,6.430037019849986e-07,1.1999999999650754,851.7335436250889,156.99999999999997,0.0,0.0,0.00013948502397903285,0.0,0.0,0.0,0.0,0.0,20.000000000001258,20.000000000001258,0.0,0.0
7.508333333301987,2.3000000000093817,6.430037019849986e-07,1.1933333332768719,851.7293666630973,156.99999999999997,0.0,0.0,0.00013898119337720129,0.0,0.0,0.0,0.0,0.0,20.00000000000125,20.00000000000125,0.0,0.0
7.516666666635199,2.3000000000093817,6.430037019849986e-07,1.1866666665886685,851.7252047795122,156.99999999999997,0.0,0.0,0.00013847978636007566,0.0,0.0,0.0,0.0,0.0,20.000000000001304,20.000000000001304,0.0,0.0
7.524999999968411,2.3000000000093817,6.430037019849986e-07,1.179999999900465,851.7210579018455,156.99999999999997,0.0,0.0,0.00013798078837234327,0.0,0.0,0.0,0.0,0.0,20.000000000001297,20.000000000001297,0.0,0.0
7.5333333333016235,2.3000000000093817,6.430037019849986e-07,1.1733333333519598,851.716925958044,156.99999999999997,0.0,0.0,0.00013748418496353052,0.0,0.0,0.0,0.0,0.0,20.00000000000129,20.00000000000129,0.0,0.0
7.5416666666348355,2.300000000009381,6.430037019849986e-07,1.1666666666637564,851.7128088764866,156.99999999999997,0.0,0.0,0.00013698996178701967,0.0,0.0,0.0,0.0,0.0,20.000000000001283,20.000000000001283,0.0,0.0
7.549999999968048,2.300000000009381,6.430037019849986e-07,1.1599999999755528,851.7087065859808,156.99999999999997,0.0,0.0,0.0001364981045992153,0.0,0.0,0.0,0.0,0.0,20.00000000000131,20.00000000000131,0.0,0.0
7.55833333330126,2.300000000009381,6.430037019849986e-07,1.1533333332873492,851.7046190157603,156.99999999999997,0.0,0.0,0.00013600859925871594,0.0,0.0,0.0,0.0,0.0,20.000000000001318,20.000000000001318,0.0,0.0
7.566666666634472,2.300000000009381,6.430037019849986e-07,1.1466666665991458,851.7005460954808,156.99999999999997,0.0,0.0,0.00013552143172539458,0.0,0.0,0.0,0.0,0.0,20.0000000000013,20.0000000000013,0.0,0.0
7.574999999967684,2.300000000009381,6.430037019849986e-07,1.1399999999109423,851.6964877552184,156.99999999999997,0.0,0.0,0.00013503658805958074,0.0,0.0,0.0,0.0,0.0,20.0000000000013,20.0000000000013,0.0,0.0
7.583333333300896,2.3000000000093808,6.430037019849986e-07,1.1333333333624371,851.6924439254658,156.99999999999997,0.0,0.0,0.00013455405442119934,0.0,0.0,0.0,0.0,0.0,20.00000000000126,20.00000000000126,0.0,0.0
7.591666666634108,2.3000000000093808,6.430037019849986e-07,1.1266666666742338,851.6884145371288,156.99999999999997,0.0,0.0,0.0001340738170691054,0.0,0.0,0.0,0.0,0.0,20.00000000000126,20.00000000000126,0.0,0.0
7.59999999996732,2.3000000000093808,6.430037019849986e-07,1.1199999999860302,851.6843995215247,156.99999999999997,0.0,0.0,0.00013359586235999428,0.0,0.0,0.0,0.0,0.0,20.0000000000013,20.0000000000013,0.0,0.0
7.608333333300532,2.3000000000093808,6.430037019849986e-07,1.1133333332978266,851.6803988103782,156.99999999999997,0.0,0.0,0.00013312017674769905,0.0,0.0,0.0,0.0,0.0,20.000000000001304,20.000000000001304,0.0,0.0
7.616666666633744,2.3000000000093808,6.430037019849986e-07,1.1066666666096232,851.676412335819,156.99999999999997,0.0,0.0,0.0001326467467824915,0.0,0.0,0.0,0.0,0.0,20.000000000001325,20.000000000001325,0.0,0.0
7.624999999966956,2.3000000000093808,6.430037019849986e-07,1.0999999999214198,851.672440030379,156.99999999999997,0.0,0.0,0.00013217555911015054,0.0,0.0,0.0,0.0,0.0,20.000000000001304,20.000000000001304,0.0,0.0
7.633333333300168,2.3000000000093803,6.430037019849986e-07,1.0933333332332162,851.6684818269894,156.99999999999997,0.0,0.0,0.00013170660047127282,0.0,0.0,0.0,0.0,0.0,20.000000000001304,20.000000000001304,0.0,0.0
7.64166666663338,2.3000000000093803,6.430037019849986e-07,1.0866666666847111,851.6645376589771,156.99999999999997,0.0,0.0,0.00013123985770035096,0.0,0.0,0.0,0.0,0.0,20.00000000000133,20.00000000000133,0.0,0.0
7.649999999966592,2.3000000000093803,6.430037019849986e-07,1.0799999999965078,851.6606074600634,156.99999999999997,0.0,0.0,0.00013077531772514062,0.0,0.0,0.0,0.0,0.0,20.00000000000136,20.00000000000136,0.0,0.0
7.6583333332998045,2.3000000000093803,6.430037019849986e-07,1.073333333308304,851.6566911643598,156.99999999999997,0.0,0.0,0.00013031296756574825,0.0,0.0,0.0,0.0,0.0,20.00000000000134,20.00000000000134,0.0,0.0
7.6666666666330165,2.3000000000093803,6.430037019849986e-07,1.0666666666201006,851.6527887063662,156.99999999999997,0.0,0.0,0.0001298527943341013,0.0,0.0,0.0,0.0,0.0,20.000000000001304,20.000000000001304,0.0,0.0
7.674999999966229,2.30000000000938,6.430037019849986e-07,1.0599999999318972,851.6489000209675,156.99999999999997,0.0,0.0,0.00012939478523285654,0.0,0.0,0.0,0.0,0.0,20.000000000001272,20.000000000001272,0.0,0.0
7.683333333299441,2.30000000000938,6.430037019849986e-07,1.0533333332436936,851.6450250434312,156.99999999999997,0.0,0.0,0.00012893892755502011,0.0,0.0,0.0,0.0,0.0,20.000000000001243,20.000000000001243,0.0,0.0
7.691666666632653,2.30000000000938,6.430037019849986e-07,1.0466666666951885,851.641163709405,156.99999999999997,0.0,0.0,0.00012848520868291238,0.0,0.0,0.0,0.0,0.0,20.000000000001197,20.000000000001197,0.0,0.0
7.699999999965865,2.30000000000938,6.430037019849986e-07,1.0400000000069851,851.637315954913,156.99999999999997,0.0,0.0,0.00012803361608756104,0.0,0.0,0.0,0.0,0.0,20.000000000001148,20.000000000001148,0.0,0.0
7.708333333299077,2.30000000000938,6.430037019849986e-07,1.0333333333187813,851.6334817163547,156.99999999999997,0.0,0.0,0.00012758413732805093,0.0,0.0,0.0,0.0,0.0,20.000000000001197,20.000000000001197,0.0,0.0
7.716666666632289,2.30000000000938,6.430037019849986e-07,1.026666666630578,851.6296609305012,156.99999999999997,0.0,0.0,0.0001271367600505498,0.0,0.0,0.0,0.0,0.0,20.000000000001204,20.000000000001204,0.0,0.0
7.724999999965501,2.3000000000093794,6.430037019849986e-07,1.0199999999423746,851.6258535344928,156.99999999999997,0.0,0.0,0.00012669147198794808,0.0,0.0,0.0,0.0,0.0,20.000000000001176,20.000000000001176,0.0,0.0
7.733333333298713,2.3000000000093794,6.430037019849986e-07,1.013333333254171,851.6220594658364,156.99999999999997,0.0,0.0,0.0001262482609588463,0.0,0.0,0.0,0.0,0.0,20.00000000000122,20.00000000000122,0.0,0.0
7.741666666631925,2.3000000000093794,6.430037019849986e-07,1.0066666667056658,851.6182786624036,156.99999999999997,0.0,0.0,0.00012580711486701536,0.0,0.0,0.0,0.0,0.0,20.000000000001222,20.000000000001222,0.0,0.0
7.749999999965137,2.3000000000093794,6.430037019849986e-07,1.0000000000174625,851.614511062427,156.99999999999997,0.0,0.0,0.00012536802170067332,0.0,0.0,0.0,0.0,0.0,20.00000000000123,20.00000000000123,0.0,0.0
7.758333333298349,2.3000000000093794,6.430037019849986e-07,0.9933333333292589,851.6107566044988,156.99999999999997,0.0,0.0,0.0001249309695317202,0.0,0.0,0.0,0.0,0.0,20.000000000001226,20.000000000001226,0.0,0.0
7.766666666631561,2.300000000009379,6.430037019849986e-07,0.9866666666410553,851.6070152275673,156.99999999999997,0.0,0.0,0.00012449594651520906,0.0,0.0,0.0,0.0,0.0,20.000000000001215,20.000000000001215,0.0,0.0
7.774999999964773,2.300000000009379,6.430037019849986e-07,0.9799999999528519,851.6032868709353,156.99999999999997,0.0,0.0,0.00012406294088858867,0.0,0.0,0.0,0.0,0.0,20.00000000000124,20.00000000000124,0.0,0.0
7.7833333332979855,2.300000000009379,6.430037019849986e-07,0.9733333332646483,851.5995714742571,156.99999999999997,0.0,0.0,0.00012363194097094997,0.0,0.0,0.0,0.0,0.0,20.000000000001254,20.000000000001254,0.0,0.0
7.791666666631198,2.300000000009379,6.430037019849986e-07,0.9666666665764448,851.5958689775362,156.99999999999997,0.0,0.0,0.00012320293516250903,0.0,0.0,0.0,0.0,0.0,20.000000000001293,20.000000000001293,0.0,0.0
7.79999999996441,2.300000000009379,6.430037019849986e-07,0.9600000000279397,851.5921793211228,156.99999999999997,0.0,0.0,0.00012277591194395372,0.0,0.0,0.0,0.0,0.0,20.0000000000013,20.0000000000013,0.0,0.0
7.808333333297622,2.300000000009379,6.430037019849986e-07,0.9533333333397362,851.5885024457117,156.99999999999997,0.0,0.0,0.00012235085987556354,0.0,0.0,0.0,0.0,0.0,20.000000000001318,20.000000000001318,0.0,0.0
7.816666666630834,2.3000000000093785,6.430037019849986e-07,0.9466666666515327,851.5848382923396,156.99999999999997,0.0,0.0,0.00012192776759693426,0.0,0.0,0.0,0.0,0.0,20.00000000000132,20.00000000000132,0.0,0.0
7.824999999964046,2.3000000000093785,6.430037019849986e-07,0.9399999999633293,851.5811868023825,156.99999999999997,0.0,0.0,0.0001215066238259665,0.0,0.0,0.0,0.0,0.0,20.00000000000129,20.00000000000129,0.0,0.0
7.833333333297258,2.3000000000093785,6.430037019849986e-07,0.9333333332751258,851.5775479175543,156.99999999999997,0.0,0.0,0.00012108741735855126,0.0,0.0,0.0,0.0,0.0,20.000000000001307,20.000000000001307,0.0,0.0
7.84166666663047,2.3000000000093785,6.430037019849986e-07,0.9266666665869222,851.5739215799035,156.99999999999997,0.0,0.0,0.00012067013706770476,0.0,0.0,0.0,0.0,0.0,20.00000000000133,20.00000000000133,0.0,0.0
7.849999999963682,2.3000000000093785,6.430037019849986e-07,0.9200000000384171,851.5703077318112,156.99999999999997,0.0,0.0,0.00012025477190307614,0.0,0.0,0.0,0.0,0.0,20.00000000000132,20.00000000000132,0.0,0.0
7.858333333296894,2.3000000000093785,6.430037019849986e-07,0.9133333333502136,851.566706315989,156.99999999999997,0.0,0.0,0.00011984131089027443,0.0,0.0,0.0,0.0,0.0,20.000000000001304,20.000000000001304,0.0,0.0
7.866666666630106,2.300000000009378,6.430037019849986e-07,0.9066666666620101,851.5631172754767,156.99999999999997,0.0,0.0,0.00011942974313038257,0.0,0.0,0.0,0.0,0.0,20.00000000000133,20.00000000000133,0.0,0.0
7.874999999963318,2.300000000009378,6.430037019849986e-07,0.8999999999738066,851.5595405536395,156.99999999999997,0.0,0.0,0.00011902005779915374,0.0,0.0,0.0,0.0,0.0,20.00000000000131,20.00000000000131,0.0,0.0
7.88333333329653,2.300000000009378,6.430037019849986e-07,0.8933333332856032,851.5559760941668,156.99999999999997,0.0,0.0,0.00011861224414653263,0.0,0.0,0.0,0.0,0.0,20.000000000001293,20.000000000001293,0.0,0.0
7.891666666629742,2.300000000009378,6.430037019849986e-07,0.8866666665973996,851.552423841069,156.99999999999997,0.0,0.0,0.00011820629149608772,0.0,0.0,0.0,0.0,0.0,20.000000000001297,20.000000000001297,0.0,0.0
7.899999999962954,2.300000000009378,6.430037019849986e-07,0.8799999999091961,851.5488837386756,156.99999999999997,0.0,0.0,0.0001178021892444016,0.0,0.0,0.0,0.0,0.0,20.00000000000129,20.00000000000129,0.0,0.0
7.9083333332961665,2.300000000009378,6.430037019849986e-07,0.873333333360691,851.5453557316337,156.99999999999997,0.0,0.0,0.00011739992686037319,0.0,0.0,0.0,0.0,0.0,20.00000000000125,20.00000000000125,0.0,0.0
7.916666666629379,2.3000000000093777,6.430037019849986e-07,0.8666666666724875,851.5418397649047,156.99999999999997,0.0,0.0,0.00011699949388488839,0.0,0.0,0.0,0.0,0.0,20.000000000001236,20.000000000001236,0.0,0.0
7.924999999962591,2.3000000000093777,6.430037019849986e-07,0.859999999984284,851.5383357837627,156.99999999999997,0.0,0.0,0.00011660087992994696,0.0,0.0,0.0,0.0,0.0,20.000000000001243,20.000000000001243,0.0,0.0
7.933333333295803,2.3000000000093777,6.430037019849986e-07,0.8533333332960805,851.5348437337927,156.99999999999997,0.0,0.0,0.00011620407467833917,0.0,0.0,0.0,0.0,0.0,20.000000000001258,20.000000000001258,0.0,0.0
7.941666666629015,2.3000000000093777,6.430037019849986e-07,0.846666666607877,851.5313635608879,156.99999999999997,0.0,0.0,0.00011580906788300701,0.0,0.0,0.0,0.0,0.0,20.000000000001204,20.000000000001204,0.0,0.0
7.949999999962227,2.3000000000093777,6.430037019849986e-07,0.8399999999196736,851.5278952112482,156.99999999999997,0.0,0.0,0.00011541584936645398,0.0,0.0,0.0,0.0,0.0,20.000000000001183,20.000000000001183,0.0,0.0
7.958333333295439,2.3000000000093777,6.430037019849986e-07,0.8333333333711683,851.5244386313772,156.99999999999997,0.0,0.0,0.00011502440902020387,0.0,0.0,0.0,0.0,0.0,20.000000000001176,20.000000000001176,0.0,0.0
7.966666666628651,2.300000000009377,6.430037019849986e-07,0.8266666666829648,851.5209937680812,156.99999999999997,0.0,0.0,0.00011463473680426238,0.0,0.0,0.0,0.0,0.0,20.000000000001172,20.000000000001172,0.0,0.0
7.974999999961863,2.300000000009377,6.430037019849986e-07,0.8199999999947614,851.5175605684665,156.99999999999997,0.0,0.0,0.00011424682274667196,0.0,0.0,0.0,0.0,0.0,20.000000000001204,20.000000000001204,0.0,0.0
7.983333333295075,2.300000000009377,6.430037019849986e-07,0.8133333333065579,851.5141389799378,156.99999999999997,0.0,0.0,0.00011386065694279893,0.0,0.0,0.0,0.0,0.0,20.00000000000118,20.00000000000118,0.0,0.0
7.991666666628287,2.300000000009377,6.430037019849986e-07,0.8066666666183543,851.5107289501955,156.99999999999997,0.0,0.0,0.00011347622955489466,0.0,0.0,0.0,0.0,0.0,20.000000000001155,20.000000000001155,0.0,0.0
7.999999999961499,2.300000000009377,6.430037019849986e-07,0.7999999999301508,851.5073304272343,156.99999999999997,0.0,0.0,0.00011309353081156913,0.0,0.0,0.0,0.0,0.0,20.00000000000114,20.00000000000114,0.0,0.0
8.008333333294711,2.300000000009377,6.430037019849986e-07,0.7933333332419473,851.5039433593412,156.99999999999997,0.0,0.0,0.0001127125510073577,0.0,0.0,0.0,0.0,0.0,20.00000000000114,20.00000000000114,0.0,0.0
8.016666666627923,2.3000000000093768,6.430037019849986e-07,0.7866666666934423,851.5005676950932,156.99999999999997,0.0,0.0,0.00011233328050197557,0.0,0.0,0.0,0.0,0.0,20.000000000001165,20.000000000001165,0.0,0.0
8.024999999961135,2.3000000000093768,6.430037019849986e-07,0.7800000000052387,851.4972033833558,156.99999999999997,0.0,0.0,0.00011195570972002535,0.0,0.0,0.0,0.0,0.0,20.000000000001165,20.000000000001165,0.0,0.0
8.033333333294348,2.3000000000093768,6.430037019849986e-07,0.7733333333170352,851.4938503732805,156.99999999999997,0.0,0.0,0.00011157982915039245,0.0,0.0,0.0,0.0,0.0,20.000000000001158,20.000000000001158,0.0,0.0
8.04166666662756,2.3000000000093768,6.430037019849986e-07,0.7666666666288318,851.490508614303,156.99999999999997,0.0,0.0,0.000111205629345778,0.0,0.0,0.0,0.0,0.0,20.000000000001172,20.000000000001172,0.0,0.0
8.049999999960772,2.3000000000093768,6.430037019849986e-07,0.7599999999406283,851.4871780561423,156.99999999999997,0.0,0.0,0.0001108331009221005,0.0,0.0,0.0,0.0,0.0,20.000000000001187,20.000000000001187,0.0,0.0
8.058333333293984,2.3000000000093768,6.430037019849986e-07,0.7533333332524248,851.4838586487969,156.99999999999997,0.0,0.0,0.00011046223455821335,0.0,0.0,0.0,0.0,0.0,20.00000000000114,20.00000000000114,0.0,0.0
8.066666666627196,2.3000000000093768,6.430037019849986e-07,0.7466666667039196,851.4805503425446,156.99999999999997,0.0,0.0,0.00011009302099508857,0.0,0.0,0.0,0.0,0.0,20.000000000001148,20.000000000001148,0.0,0.0
8.074999999960408,2.3000000000093763,6.430037019849986e-07,0.7400000000157161,851.4772530879402,156.99999999999997,0.0,0.0,0.00010972545103576261,0.0,0.0,0.0,0.0,0.0,20.00000000000117,20.00000000000117,0.0,0.0
8.08333333329362,2.3000000000093763,6.430037019849986e-07,0.7333333333275126,851.473966835813,156.99999999999997,0.0,0.0,0.0001093595155443923,0.0,0.0,0.0,0.0,0.0,20.000000000001204,20.000000000001204,0.0,0.0
8.091666666626832,2.3000000000093763,6.430037019849986e-07,0.7266666666393092,851.4706915372658,156.99999999999997,0.0,0.0,0.00010899520544611632,0.0,0.0,0.0,0.0,0.0,20.00000000000122,20.00000000000122,0.0,0.0
8.099999999960044,2.3000000000093763,6.430037019849986e-07,0.7199999999511055,851.4674271436726,156.99999999999997,0.0,0.0,0.00010863251172651773,0.0,0.0,0.0,0.0,0.0,20.00000000000122,20.00000000000122,0.0,0.0
8.108333333293256,2.3000000000093763,6.430037019849986e-07,0.713333333262902,851.4641736066769,156.99999999999997,0.0,0.0,0.00010827142543095643,0.0,0.0,0.0,0.0,0.0,20.000000000001233,20.000000000001233,0.0,0.0
8.116666666626468,2.3000000000093763,6.430037019849986e-07,0.706666666714397,851.4609308781901,156.99999999999997,0.0,0.0,0.00010791193766443701,0.0,0.0,0.0,0.0,0.0,20.00000000000124,20.00000000000124,0.0,0.0
8.12499999995968,2.300000000009376,6.430037019849986e-07,0.7000000000261934,851.4576989103894,156.99999999999997,0.0,0.0,0.00010755403959076912,0.0,0.0,0.0,0.0,0.0,20.000000000001215,20.000000000001215,0.0,0.0
8.133333333292892,2.300000000009376,6.430037019849986e-07,0.69333333333799,851.4544776557161,156.99999999999997,0.0,0.0,0.00010719772243248432,0.0,0.0,0.0,0.0,0.0,20.000000000001226,20.000000000001226,0.0,0.0
8.141666666626104,2.300000000009376,6.430037019849986e-07,0.6866666666497865,851.4512670668745,156.99999999999997,0.0,0.0,0.00010684297747013465,0.0,0.0,0.0,0.0,0.0,20.00000000000122,20.00000000000122,0.0,0.0
8.149999999959316,2.300000000009376,6.430037019849986e-07,0.679999999961583,851.4480670968289,156.99999999999997,0.0,0.0,0.0001064897960418603,0.0,0.0,0.0,0.0,0.0,20.000000000001208,20.000000000001208,0.0,0.0
8.158333333292529,2.300000000009376,6.430037019849986e-07,0.6733333332733795,851.444877698803,156.99999999999997,0.0,0.0,0.00010613816954313549,0.0,0.0,0.0,0.0,0.0,20.00000000000121,20.00000000000121,0.0,0.0
8.16666666662574,2.300000000009376,6.430037019849986e-07,0.6666666665851759,851.4416988262777,156.99999999999997,0.0,0.0,0.00010578808942607584,0.0,0.0,0.0,0.0,0.0,20.000000000001254,20.000000000001254,0.0,0.0
8.174999999958953,2.300000000009376,6.430037019849986e-07,0.6600000000366708,851.4385304329896,156.99999999999997,0.0,0.0,0.00010543954719914513,0.0,0.0,0.0,0.0,0.0,20.000000000001243,20.000000000001243,0.0,0.0
8.183333333292165,2.3000000000093754,6.430037019849986e-07,0.6533333333484673,851.435372472929,156.99999999999997,0.0,0.0,0.00010509253442681979,0.0,0.0,0.0,0.0,0.0,20.0000000000012,20.0000000000012,0.0,0.0
8.191666666625377,2.3000000000093754,6.430037019849986e-07,0.646666666660264,851.4322249003384,156.99999999999997,0.0,0.0,0.00010474704272886037,0.0,0.0,0.0,0.0,0.0,20.00000000000123,20.00000000000123,0.0,0.0
8.199999999958589,2.3000000000093754,6.430037019849986e-07,0.6399999999720603,851.4290876697112,156.99999999999997,0.0,0.0,0.00010440306378015685,0.0,0.0,0.0,0.0,0.0,20.000000000001197,20.000000000001197,0.0,0.0
8.208333333291801,2.3000000000093754,6.430037019849986e-07,0.6333333332838568,851.4259607357894,156.99999999999997,0.0,0.0,0.00010406058931026804,0.0,0.0,0.0,0.0,0.0,20.000000000001155,20.000000000001155,0.0,0.0
8.216666666625013,2.3000000000093754,6.430037019849986e-07,0.6266666665956533,851.4228440535625,156.99999999999997,0.0,0.0,0.0001037196111028765,0.0,0.0,0.0,0.0,0.0,20.000000000001133,20.000000000001133,0.0,0.0
8.224999999958225,2.3000000000093754,6.430037019849986e-07,0.6200000000471483,851.4197375782655,156.99999999999997,0.0,0.0,0.00010338012099546434,0.0,0.0,0.0,0.0,0.0,20.0000000000011,20.0000000000011,0.0,0.0
8.233333333291437,2.3000000000093754,6.430037019849986e-07,0.6133333333589447,851.4166412653778,156.99999999999997,0.0,0.0,0.00010304211087890397,0.0,0.0,0.0,0.0,0.0,20.000000000001062,20.000000000001062,0.0,0.0
8.24166666662465,2.300000000009375,6.430037019849986e-07,0.6066666666707412,851.4135550706209,156.99999999999997,0.0,0.0,0.00010270557269700725,0.0,0.0,0.0,0.0,0.0,20.000000000001073,20.000000000001073,0.0,0.0
8.249999999957861,2.300000000009375,6.430037019849986e-07,0.5999999999825378,851.4104789499572,156.99999999999997,0.0,0.0,0.00010237049844620771,0.0,0.0,0.0,0.0,0.0,20.000000000001055,20.000000000001055,0.0,0.0
8.258333333291073,2.300000000009375,6.430037019849986e-07,0.5933333332943342,851.4074128595888,156.99999999999997,0.0,0.0,0.00010203688017502715,0.0,0.0,0.0,0.0,0.0,20.00000000000108,20.00000000000108,0.0,0.0
8.266666666624285,2.300000000009375,6.430037019849986e-07,0.5866666666061309,851.4043567559553,156.99999999999997,0.0,0.0,0.00010170470998389259,0.0,0.0,0.0,0.0,0.0,20.000000000001076,20.000000000001076,0.0,0.0
8.274999999957497,2.300000000009375,6.430037019849986e-07,0.5799999999179271,851.4013105957324,156.99999999999997,0.0,0.0,0.00010137398002443352,0.0,0.0,0.0,0.0,0.0,20.000000000001076,20.000000000001076,0.0,0.0
8.28333333329071,2.300000000009375,6.430037019849986e-07,0.5733333333694222,851.3982743358308,156.99999999999997,0.0,0.0,0.00010104468249943319,0.0,0.0,0.0,0.0,0.0,20.00000000000107,20.00000000000107,0.0,0.0
8.291666666623922,2.300000000009375,6.430037019849986e-07,0.5666666666812186,851.3952479333941,156.99999999999997,0.0,0.0,0.00010071680966213064,0.0,0.0,0.0,0.0,0.0,20.00000000000107,20.00000000000107,0.0,0.0
8.299999999957134,2.3000000000093745,6.430037019849986e-07,0.5599999999930152,851.3922313457975,156.99999999999997,0.0,0.0,0.00010039035381604552,0.0,0.0,0.0,0.0,0.0,20.00000000000109,20.00000000000109,0.0,0.0
8.308333333290346,2.3000000000093745,6.430037019849986e-07,0.5533333333048116,851.3892245306467,156.99999999999997,0.0,0.0,0.00010006530731463103,0.0,0.0,0.0,0.0,0.0,20.000000000001062,20.000000000001062,0.0,0.0
8.316666666623558,2.3000000000093745,6.430037019849986e-07,0.546666666616608,851.3862274457756,156.99999999999997,0.0,0.0,9.974166256062665e-05,0.0,0.0,0.0,0.0,0.0,20.00000000000107,20.00000000000107,0.0,0.0
8.32499999995677,2.3000000000093745,6.430037019849986e-07,0.5399999999284046,851.3832400492458,156.99999999999997,0.0,0.0,9.941941200601798e-05,0.0,0.0,0.0,0.0,0.0,20.000000000001055,20.000000000001055,0.0,0.0
8.333333333289982,2.3000000000093745,6.430037019849986e-07,0.5333333333798995,851.3802622993439,156.99999999999997,0.0,0.0,9.909854815139377e-05,0.0,0.0,0.0,0.0,0.0,20.00000000000105,20.00000000000105,0.0,0.0
8.341666666623194,2.3000000000093745,6.430037019849986e-07,0.5266666666916959,851.3772941545815,156.99999999999997,0.0,0.0,9.877906354573669e-05,0.0,0.0,0.0,0.0,0.0,20.000000000001034,20.000000000001034,0.0,0.0
8.349999999956406,2.3000000000093745,6.430037019849986e-07,0.5200000000034926,851.3743355736926,156.99999999999997,0.0,0.0,9.846095078612919e-05,0.0,0.0,0.0,0.0,0.0,20.000000000001055,20.000000000001055,0.0,0.0
8.358333333289618,2.300000000009374,6.430037019849986e-07,0.513333333315289,851.3713865156325,156.99999999999997,0.0,0.0,9.814420251711762e-05,0.0,0.0,0.0,0.0,0.0,20.000000000001027,20.000000000001027,0.0,0.0
8.36666666662283,2.300000000009374,6.430037019849986e-07,0.5066666666270856,851.3684469395766,156.99999999999997,0.0,0.0,9.782881143059427e-05,0.0,0.0,0.0,0.0,0.0,20.000000000001016,20.000000000001016,0.0,0.0
8.374999999956042,2.300000000009374,6.430037019849986e-07,0.499999999938882,851.365516804919,156.99999999999997,0.0,0.0,9.751477026538028e-05,0.0,0.0,0.0,0.0,0.0,20.000000000001016,20.000000000001016,0.0,0.0
8.383333333289254,2.300000000009374,6.430037019849986e-07,0.4933333332506784,851.3625960712706,156.99999999999997,0.0,0.0,9.720207180685344e-05,0.0,0.0,0.0,0.0,0.0,20.000000000001002,20.000000000001002,0.0,0.0
8.391666666622466,2.300000000009374,6.430037019849986e-07,0.4866666667021733,851.3596846984582,156.99999999999997,0.0,0.0,9.689070888662082e-05,0.0,0.0,0.0,0.0,0.0,20.000000000001037,20.000000000001037,0.0,0.0
8.399999999955678,2.300000000009374,6.430037019849986e-07,0.4800000000139699,851.356782646523,156.99999999999997,0.0,0.0,9.658067438215036e-05,0.0,0.0,0.0,0.0,0.0,20.00000000000104,20.00000000000104,0.0,0.0
8.40833333328889,2.300000000009374,6.430037019849986e-07,0.4733333333257663,851.3538898757192,156.99999999999997,0.0,0.0,9.627196121648992e-05,0.0,0.0,0.0,0.0,0.0,20.00000000000102,20.00000000000102,0.0,0.0
8.416666666622103,2.3000000000093737,6.430037019849986e-07,0.46666666663756273,851.3510063465126,156.99999999999997,0.0,0.0,9.59645623578172e-05,0.0,0.0,0.0,0.0,0.0,20.000000000001013,20.000000000001013,0.0,0.0
8.424999999955315,2.3000000000093737,6.430037019849986e-07,0.45999999994935936,851.348132019579,156.99999999999997,0.0,0.0,9.565847081916237e-05,0.0,0.0,0.0,0.0,0.0,20.000000000001013,20.000000000001013,0.0,0.0
8.433333333288527,2.3000000000093737,6.430037019849986e-07,0.45333333326115577,851.3452668558036,156.99999999999997,0.0,0.0,9.535367965813224e-05,0.0,0.0,0.0,0.0,0.0,20.000000000001023,20.000000000001023,0.0,0.0
8.441666666621739,2.3000000000093737,6.430037019849986e-07,0.4466666667126509,851.3424108162791,156.99999999999997,0.0,0.0,9.505018197655078e-05,0.0,0.0,0.0,0.0,0.0,20.000000000001034,20.000000000001034,0.0,0.0
8.44999999995495,2.3000000000093737,6.430037019849986e-07,0.4400000000244473,851.3395638623042,156.99999999999997,0.0,0.0,9.474797092001697e-05,0.0,0.0,0.0,0.0,0.0,20.000000000001023,20.000000000001023,0.0,0.0
8.458333333288163,2.3000000000093737,6.430037019849986e-07,0.4333333333362437,851.3367259553828,156.99999999999997,0.0,0.0,9.4447039677719e-05,0.0,0.0,0.0,0.0,0.0,20.000000000001027,20.000000000001027,0.0,0.0
8.466666666621375,2.3000000000093737,6.430037019849986e-07,0.4266666666480403,851.3338970572224,156.99999999999997,0.0,0.0,9.414738148208026e-05,0.0,0.0,0.0,0.0,0.0,20.000000000001034,20.000000000001034,0.0,0.0
8.474999999954587,2.300000000009373,6.430037019849986e-07,0.4199999999598367,851.3310771297331,156.99999999999997,0.0,0.0,9.384898960840722e-05,0.0,0.0,0.0,0.0,0.0,20.00000000000103,20.00000000000103,0.0,0.0
8.4833333332878,2.300000000009373,6.430037019849986e-07,0.41333333327163335,851.3282661350257,156.99999999999997,0.0,0.0,9.355185737453912e-05,0.0,0.0,0.0,0.0,0.0,20.00000000000102,20.00000000000102,0.0,0.0
8.491666666621011,2.300000000009373,6.430037019849986e-07,0.406666666723128,851.3254640354112,156.99999999999997,0.0,0.0,9.325597814071044e-05,0.0,0.0,0.0,0.0,0.0,20.000000000001055,20.000000000001055,0.0,0.0
8.499999999954223,2.300000000009373,6.430037019849986e-07,0.40000000003492464,851.3226707933989,156.99999999999997,0.0,0.0,9.296134530895051e-05,0.0,0.0,0.0,0.0,0.0,20.000000000001023,20.000000000001023,0.0,0.0
8.508333333287435,2.300000000009373,6.430037019849986e-07,0.39333333334672105,851.3198863716955,156.99999999999997,0.0,0.0,9.266795232307588e-05,0.0,0.0,0.0,0.0,0.0,20.00000000000103,20.00000000000103,0.0,0.0
8.516666666620647,2.300000000009373,6.430037019849986e-07,0.3866666666585177,851.3171107332037,156.99999999999997,0.0,0.0,9.23757926681356e-05,0.0,0.0,0.0,0.0,0.0,20.000000000000995,20.000000000000995,0.0,0.0
8.52499999995386,2.300000000009373,6.430037019849986e-07,0.3799999999703141,851.3143438410214,156.99999999999997,0.0,0.0,9.208485987028e-05,0.0,0.0,0.0,0.0,0.0,20.000000000001023,20.000000000001023,0.0,0.0
8.533333333287072,2.300000000009373,6.430037019849986e-07,0.3733333332821105,851.3115856584395,156.99999999999997,0.0,0.0,9.179514749637793e-05,0.0,0.0,0.0,0.0,0.0,20.000000000000977,20.000000000000977,0.0,0.0
8.541666666620284,2.3000000000093728,6.430037019849986e-07,0.3666666665939071,851.3088361489417,156.99999999999997,0.0,0.0,9.150664915376209e-05,0.0,0.0,0.0,0.0,0.0,20.000000000001013,20.000000000001013,0.0,0.0
8.549999999953496,2.3000000000093728,6.430037019849986e-07,0.360000000045402,851.3060952762028,156.99999999999997,0.0,0.0,9.121935848980802e-05,0.0,0.0,0.0,0.0,0.0,20.000000000001023,20.000000000001023,0.0,0.0
8.558333333286708,2.3000000000093728,6.430037019849986e-07,0.3533333333571984,851.3033630040876,156.99999999999997,0.0,0.0,9.093326919189193e-05,0.0,0.0,0.0,0.0,0.0,20.000000000001013,20.000000000001013,0.0,0.0
8.56666666661992,2.3000000000093728,6.430037019849986e-07,0.34666666666899504,851.3006392966495,156.99999999999997,0.0,0.0,9.064837498680517e-05,0.0,0.0,0.0,0.0,0.0,20.00000000000102,20.00000000000102,0.0,0.0
8.574999999953132,2.3000000000093728,6.430037019849986e-07,0.33999999998079145,851.2979241181297,156.99999999999997,0.0,0.0,9.036466964071505e-05,0.0,0.0,0.0,0.0,0.0,20.00000000000101,20.00000000000101,0.0,0.0
8.583333333286344,2.3000000000093728,6.430037019849986e-07,0.3333333332925881,851.2952174329557,156.99999999999997,0.0,0.0,9.008214695866631e-05,0.0,0.0,0.0,0.0,0.0,20.000000000001044,20.000000000001044,0.0,0.0
8.591666666619556,2.3000000000093728,6.430037019849986e-07,0.3266666666043845,851.2925192057405,156.99999999999997,0.0,0.0,8.980080078446105e-05,0.0,0.0,0.0,0.0,0.0,20.00000000000105,20.00000000000105,0.0,0.0
8.599999999952768,2.3000000000093728,6.430037019849986e-07,0.32000000005587936,851.2898294012808,156.99999999999997,0.0,0.0,8.952062500033044e-05,0.0,0.0,0.0,0.0,0.0,20.00000000000105,20.00000000000105,0.0,0.0
8.60833333328598,2.3000000000093723,6.430037019849986e-07,0.31333333336767577,851.2871479845567,156.99999999999997,0.0,0.0,8.924161352656695e-05,0.0,0.0,0.0,0.0,0.0,20.000000000001037,20.000000000001037,0.0,0.0
8.616666666619192,2.3000000000093723,6.430037019849986e-07,0.3066666666794724,851.2844749207297,156.99999999999997,0.0,0.0,8.896376032144915e-05,0.0,0.0,0.0,0.0,0.0,20.00000000000102,20.00000000000102,0.0,0.0
8.624999999952404,2.3000000000093723,6.430037019849986e-07,0.29999999999126903,851.2818101751425,156.99999999999997,0.0,0.0,8.868705938066892e-05,0.0,0.0,0.0,0.0,0.0,20.000000000001023,20.000000000001023,0.0,0.0
8.633333333285616,2.3000000000093723,6.430037019849986e-07,0.2933333333030652,851.2791537133166,156.99999999999997,0.0,0.0,8.841150473738358e-05,0.0,0.0,0.0,0.0,0.0,20.000000000001034,20.000000000001034,0.0,0.0
8.641666666618828,2.3000000000093723,6.430037019849986e-07,0.28666666661486184,851.2765055009529,156.99999999999997,0.0,0.0,8.813709046172916e-05,0.0,0.0,0.0,0.0,0.0,20.000000000001023,20.000000000001023,0.0,0.0
8.64999999995204,2.3000000000093723,6.430037019849986e-07,0.27999999992665847,851.2738655039288,156.99999999999997,0.0,0.0,8.786381066058458e-05,0.0,0.0,0.0,0.0,0.0,20.000000000001016,20.000000000001016,0.0,0.0
8.658333333285253,2.3000000000093723,6.430037019849986e-07,0.27333333337815335,851.2712336882986,156.99999999999997,0.0,0.0,8.75916594773371e-05,0.0,0.0,0.0,0.0,0.0,20.000000000000973,20.000000000000973,0.0,0.0
8.666666666618465,2.3000000000093723,6.430037019849986e-07,0.26666666668994976,851.2686100202911,156.99999999999997,0.0,0.0,8.732063109173135e-05,0.0,0.0,0.0,0.0,0.0,20.000000000001,20.000000000001,0.0,0.0
8.674999999951677,2.300000000009372,6.430037019849986e-07,0.26000000000174617,851.2659944663098,156.99999999999997,0.0,0.0,8.70507197193069e-05,0.0,0.0,0.0,0.0,0.0,20.00000000000102,20.00000000000102,0.0,0.0
8.683333333284889,2.300000000009372,6.430037019849986e-07,0.2533333333135428,851.2633869929309,156.99999999999997,0.0,0.0,8.678191961149773e-05,0.0,0.0,0.0,0.0,0.0,20.000000000000956,20.000000000000956,0.0,0.0
8.6916666666181,2.300000000009372,6.430037019849986e-07,0.2466666666253392,851.2607875669023,156.99999999999997,0.0,0.0,8.651422505511414e-05,0.0,0.0,0.0,0.0,0.0,20.000000000000934,20.000000000000934,0.0,0.0
8.699999999951313,2.300000000009372,6.430037019849986e-07,0.23999999993713583,851.2581961551433,156.99999999999997,0.0,0.0,8.624763037215587e-05,0.0,0.0,0.0,0.0,0.0,20.00000000000095,20.00000000000095,0.0,0.0
8.708333333284525,2.300000000009372,6.430037019849986e-07,0.2333333333886305,851.2556127247424,156.99999999999997,0.0,0.0,8.598212991966759e-05,0.0,0.0,0.0,0.0,0.0,20.000000000000934,20.000000000000934,0.0,0.0
8.716666666617737,2.300000000009372,6.430037019849986e-07,0.22666666670042712,851.2530372429575,156.99999999999997,0.0,0.0,8.571771808930759e-05,0.0,0.0,0.0,0.0,0.0,20.000000000000934,20.000000000000934,0.0,0.0
8.724999999950949,2.300000000009372,6.430037019849986e-07,0.22000000001222375,851.2504696772136,156.99999999999997,0.0,0.0,8.545438930724703e-05,0.0,0.0,0.0,0.0,0.0,20.00000000000094,20.00000000000094,0.0,0.0
8.733333333284161,2.300000000009372,6.430037019849986e-07,0.21333333332402016,851.2479099951029,156.99999999999997,0.0,0.0,8.519213803390533e-05,0.0,0.0,0.0,0.0,0.0,20.00000000000093,20.00000000000093,0.0,0.0
8.741666666617373,2.3000000000093714,6.430037019849986e-07,0.20666666663581656,851.245358164383,156.99999999999997,0.0,0.0,8.493095876356474e-05,0.0,0.0,0.0,0.0,0.0,20.000000000000956,20.000000000000956,0.0,0.0
8.749999999950585,2.3000000000093714,6.430037019849986e-07,0.1999999999476132,851.2428141529763,156.99999999999997,0.0,0.0,8.467084602431355e-05,0.0,0.0,0.0,0.0,0.0,20.000000000000963,20.000000000000963,0.0,0.0
8.758333333283797,2.3000000000093714,6.430037019849986e-07,0.1933333332594096,851.2402779289688,156.99999999999997,0.0,0.0,8.441179437766299e-05,0.0,0.0,0.0,0.0,0.0,20.000000000000977,20.000000000000977,0.0,0.0
8.76666666661701,2.3000000000093714,6.430037019849986e-07,0.18666666671090448,851.2377494606092,156.99999999999997,0.0,0.0,8.415379841845158e-05,0.0,0.0,0.0,0.0,0.0,20.00000000000097,20.00000000000097,0.0,0.0
8.774999999950222,2.3000000000093714,6.430037019849986e-07,0.1800000000227009,851.2352287163076,156.99999999999997,0.0,0.0,8.389685277446486e-05,0.0,0.0,0.0,0.0,0.0,20.00000000000093,20.00000000000093,0.0,0.0
8.783333333283434,2.3000000000093714,6.430037019849986e-07,0.17333333333449752,851.2327156646352,156.99999999999997,0.0,0.0,8.364095210621977e-05,0.0,0.0,0.0,0.0,0.0,20.000000000000938,20.000000000000938,0.0,0.0
8.791666666616646,2.3000000000093714,6.430037019849986e-07,0.16666666664629393,851.2302102743225,156.99999999999997,0.0,0.0,8.338609110691276e-05,0.0,0.0,0.0,0.0,0.0,20.000000000000952,20.000000000000952,0.0,0.0
8.799999999949858,2.3000000000093714,6.430037019849986e-07,0.15999999995809056,851.2277125142591,156.99999999999997,0.0,0.0,8.313226450188084e-05,0.0,0.0,0.0,0.0,0.0,20.000000000000924,20.000000000000924,0.0,0.0
8.80833333328307,2.3000000000093714,6.430037019849986e-07,0.15333333326988696,851.2252223534921,156.99999999999997,0.0,0.0,8.287946704863333e-05,0.0,0.0,0.0,0.0,0.0,20.00000000000093,20.00000000000093,0.0,0.0
8.816666666616282,2.300000000009371,6.430037019849986e-07,0.14666666672138184,851.2227397612253,156.99999999999997,0.0,0.0,8.262769353655924e-05,0.0,0.0,0.0,0.0,0.0,20.00000000000094,20.00000000000094,0.0,0.0
8.824999999949494,2.300000000009371,6.430037019849986e-07,0.14000000003317847,851.2202647068186,156.99999999999997,0.0,0.0,8.237693878659558e-05,0.0,0.0,0.0,0.0,0.0,20.000000000000956,20.000000000000956,0.0,0.0
8.833333333282706,2.300000000009371,6.430037019849986e-07,0.13333333334497488,851.2177971597866,156.99999999999997,0.0,0.0,8.212719765114012e-05,0.0,0.0,0.0,0.0,0.0,20.000000000000945,20.000000000000945,0.0,0.0
8.841666666615918,2.300000000009371,6.430037019849986e-07,0.1266666666567715,851.2153370897981,156.99999999999997,0.0,0.0,8.18784650137221e-05,0.0,0.0,0.0,0.0,0.0,20.000000000000973,20.000000000000973,0.0,0.0
8.84999999994913,2.300000000009371,6.430037019849986e-07,0.11999999996856792,851.2128844666747,156.99999999999997,0.0,0.0,8.163073578887646e-05,0.0,0.0,0.0,0.0,0.0,20.000000000001013,20.000000000001013,0.0,0.0
8.858333333282342,2.300000000009371,6.430037019849986e-07,0.11333333328036432,851.2104392603903,156.99999999999997,0.0,0.0,8.138400492185733e-05,0.0,0.0,0.0,0.0,0.0,20.00000000000103,20.00000000000103,0.0,0.0
8.866666666615554,2.300000000009371,6.430037019849986e-07,0.1066666667318592,851.2080014410695,156.99999999999997,0.0,0.0,8.113826738847395e-05,0.0,0.0,0.0,0.0,0.0,20.00000000000103,20.00000000000103,0.0,0.0
8.874999999948766,2.300000000009371,6.430037019849986e-07,0.10000000004365583,851.2055709789879,156.99999999999997,0.0,0.0,8.089351819476631e-05,0.0,0.0,0.0,0.0,0.0,20.000000000001016,20.000000000001016,0.0,0.0
8.883333333281978,2.3000000000093705,6.430037019849986e-07,0.09333333335545224,851.2031478445698,156.99999999999997,0.0,0.0,8.064975237700413e-05,0.0,0.0,0.0,0.0,0.0,20.00000000000101,20.00000000000101,0.0,0.0
8.89166666661519,2.3000000000093705,6.430037019849986e-07,0.08666666666724887,851.2007320083884,156.99999999999997,0.0,0.0,8.040696500120384e-05,0.0,0.0,0.0,0.0,0.0,20.000000000001027,20.000000000001027,0.0,0.0
8.899999999948403,2.3000000000093705,6.430037019849986e-07,0.07999999997904528,851.1983234411643,156.99999999999997,0.0,0.0,8.016515116312956e-05,0.0,0.0,0.0,0.0,0.0,20.000000000001013,20.000000000001013,0.0,0.0
8.908333333281615,2.3000000000093705,6.430037019849986e-07,0.07333333329084168,851.1959221137649,156.99999999999997,0.0,0.0,7.992430598801326e-05,0.0,0.0,0.0,0.0,0.0,20.000000000001027,20.000000000001027,0.0,0.0
8.916666666614827,2.3000000000093705,6.430037019849986e-07,0.06666666660263831,851.1935279972032,156.99999999999997,0.0,0.0,7.968442463035676e-05,0.0,0.0,0.0,0.0,0.0,20.00000000000104,20.00000000000104,0.0,0.0
8.924999999948039,2.3000000000093705,6.430037019849986e-07,0.060000000054133196,851.1911410626371,156.99999999999997,0.0,0.0,7.944550227369433e-05,0.0,0.0,0.0,0.0,0.0,20.000000000001037,20.000000000001037,0.0,0.0
8.93333333328125,2.3000000000093705,6.430037019849986e-07,0.0533333333659296,851.1887612813691,156.99999999999997,0.0,0.0,7.92075341303968e-05,0.0,0.0,0.0,0.0,0.0,20.000000000001094,20.000000000001094,0.0,0.0
8.941666666614463,2.3000000000093705,6.430037019849986e-07,0.04666666667772601,851.1863886248441,156.99999999999997,0.0,0.0,7.897051544155622e-05,0.0,0.0,0.0,0.0,0.0,20.000000000001098,20.000000000001098,0.0,0.0
8.949999999947675,2.3000000000093705,6.430037019849986e-07,0.03999999998952264,851.18402306465,156.99999999999997,0.0,0.0,7.873444147663195e-05,0.0,0.0,0.0,0.0,0.0,20.00000000000109,20.00000000000109,0.0,0.0
8.958333333280887,2.30000000000937,6.430037019849986e-07,0.033333333301319046,851.1816645725157,156.99999999999997,0.0,0.0,7.849930753341722e-05,0.0,0.0,0.0,0.0,0.0,20.000000000001076,20.000000000001076,0.0,0.0
8.966666666614099,2.30000000000937,6.430037019849986e-07,0.026666666613115675,851.179313120311,156.99999999999997,0.0,0.0,7.826510893768736e-05,0.0,0.0,0.0,0.0,0.0,20.000000000001094,20.000000000001094,0.0,0.0
8.974999999947311,2.30000000000937,6.430037019849986e-07,0.020000000064610335,851.1769686800457,156.99999999999997,0.0,0.0,7.803184104316806e-05,0.0,0.0,0.0,0.0,0.0,20.000000000001116,20.000000000001116,0.0,0.0
8.983333333280523,2.30000000000937,6.430037019849986e-07,0.013333333376407186,851.1746312238681,156.99999999999997,0.0,0.0,7.779949923114605e-05,0.0,0.0,0.0,0.0,0.0,20.00000000000111,20.00000000000111,0.0,0.0
8.991666666613735,2.30000000000937,6.430037019849986e-07,0.006666666688203371,851.1723007240649,156.99999999999997,0.0,0.0,7.756807891051849e-05,0.0,0.0,0.0,0.0,0.0,20.00000000000109,20.00000000000109,0.0,0.0
8.999999999946947,2.30000000000937,6.430037019849986e-07,2.220446049250313e-16,851.1699771530604,156.99999999999997,0.0,0.0,7.73375755173264e-05,0.0,0.0,0.0,0.0,0.0,20.000000000001098,20.000000000001098,0.0,0.0
9.00833333328016,2.300000000009371,6.430037019849986e-07,0.0,851.223670626151,156.99999999999997,0.0,0.0,8.272206781205834e-05,0.0,0.0,0.0,0.0,0.0,20.000000000001076,20.000000000001076,0.0,0.0
9.016666666613371,2.3000000000093745,6.430037019849986e-07,0.0,851.3895257341803,156.99999999999997,0.0,0.0,0.0001000978525575766,0.0,0.0,0.0,0.0,0.0,20.000000000000927,20.000000000000927,0.0,0.0
9.024999999946584,2.3000000000093803,6.430037019849986e-07,0.0,851.6671543914425,156.99999999999997,0.0,0.0,0.00013154945347800597,0.0,0.0,0.0,0.0,0.0,20.000000000000767,20.000000000000767,0.0,0.0
9.033333333279796,2.3000000000093888,6.430037019849986e-07,0.0,852.0560897514051,156.99999999999997,0.0,0.0,0.00018017270067148815,0.0,0.0,0.0,0.0,0.0,20.00000000000061,20.00000000000061,0.0,0.0
9.041666666613008,2.300000000009399,6.430037019849986e-07,0.0,852.5557617567881,156.99999999999997,0.0,0.0,0.0002496934173697487,0.0,0.0,0.0,0.0,0.0,20.000000000000473,20.000000000000473,0.0,0.0
9.04999999994622,2.300000000009412,6.430037019849986e-07,0.0,853.1654828237905,156.99999999999997,0.0,0.0,0.00034418124671917806,0.0,0.0,0.0,0.0,0.0,20.000000000000387,20.000000000000387,0.0,0.0
9.058333333279432,2.300000000009427,6.430037019849986e-07,0.0,853.8844405245476,156.99999999999997,0.0,0.0,0.00046786519563696077,0.0,0.0,0.0,0.0,0.0,20.000000000000313,20.000000000000313,0.0,0.0
9.066666666612644,2.3000000000094447,6.430037019849986e-07,0.0,854.7116946423652,156.99999999999997,0.0,0.0,0.0006250208792892608,0.0,0.0,0.0,0.0,0.0,20.000000000000252,20.000000000000252,0.0,0.0
9.074999999945856,2.3000000000094643,6.430037019849986e-07,0.0,855.6461769014746,156.99999999999997,0.0,0.0,0.0008199008946686276,0.0,0.0,0.0,0.0,0.0,20.000000000000203,20.000000000000203,0.0,0.0
9.083333333279068,2.3000000000094865,6.430037019849986e-07,0.0,856.6866923813569,156.99999999999997,0.0,0.0,0.0010566897384056625,0.0,0.0,0.0,0.0,0.0,20.000000000000178,20.000000000000178,0.0,0.0
9.09166666661228,2.3000000000095113,6.430037019849986e-07,0.0,857.8319220543875,156.99999999999997,0.0,0.0,0.001339472665966807,0.0,0.0,0.0,0.0,0.0,20.00000000000013,20.00000000000013,0.0,0.0
9.099999999945492,2.300000000009538,6.430037019849986e-07,0.0,859.0804261245985,156.99999999999997,0.0,0.0,0.0016722127107654757,0.0,0.0,0.0,0.0,0.0,20.00000000000006,20.00000000000006,0.0,0.0
9.108333333278704,2.3000000000095673,6.430037019849986e-07,0.0,860.4306479744325,156.99999999999997,0.0,0.0,0.0020587327345126653,0.0,0.0,0.0,0.0,0.0,20.000000000000043,20.000000000000043,0.0,0.0
9.116666666611916,2.3000000000095993,6.430037019849986e-07,0.0,861.8809185969383,156.99999999999997,0.0,0.0,0.0025027007998977137,0.0,0.0,0.0,0.0,0.0,20.00000000000007,20.00000000000007,0.0,0.0
9.124999999945128,2.300000000009633,6.430037019849986e-07,0.0,863.4294614292587,156.99999999999997,0.0,0.0,0.003007617916550581,0.0,0.0,0.0,0.0,0.0,20.00000000000006,20.00000000000006,0.0,0.0
9.13333333327834,2.3000000000096694,6.430037019849986e-07,0.0,865.074397525156,156.99999999999997,0.0,0.0,0.0035768076230116206,0.0,0.0,0.0,0.0,0.0,19.999999999999996,19.999999999999996,0.0,0.0
9.141666666611552,2.3000000000097085,6.430037019849986e-07,0.0,866.8137510165369,156.99999999999997,0.0,0.0,0.004213407093958946,0.0,0.0,0.0,0.0,0.0,20.000000000000036,20.000000000000036,0.0,0.0
9.149999999944765,2.30000000000975,6.430037019849986e-07,0.0,868.6454548211954,156.99999999999997,0.0,0.0,0.00492035958835108,0.0,0.0,0.0,0.0,0.0,19.999999999999975,19.999999999999975,0.0,0.0
9.158333333277977,2.3000000000097933,6.430037019849986e-07,0.0,870.5673565584186,156.99999999999997,0.0,0.0,0.005700408125253883,0.0,0.0,0.0,0.0,0.0,19.999999999999993,19.999999999999993,0.0,0.0
9.166666666611189,2.3000000000098395,6.430037019849986e-07,0.0,872.577224636806,156.99999999999997,0.0,0.0,0.006556090313952347,0.0,0.0,0.0,0.0,0.0,19.999999999999957,19.999999999999957,0.0,0.0
9.1749999999444,2.300000000009888,6.430037019849986e-07,0.0,874.6727544804983,156.99999999999997,0.0,0.0,0.007489734286798466,0.0,0.0,0.0,0.0,0.0,19.99999999999997,19.99999999999997,0.0,0.0
9.183333333277613,2.3000000000099385,6.430037019849986e-07,0.0,876.8515748612874,156.99999999999997,0.0,0.0,0.00850345569448568,0.0,0.0,0.0,0.0,0.0,19.999999999999986,19.999999999999986,0.0,0.0
9.191666666610825,2.3000000000099923,6.430037019849986e-07,0.0,879.1112543053755,156.99999999999997,0.0,0.0,0.009599155728554937,0.0,0.0,0.0,0.0,0.0,19.999999999999954,19.999999999999954,0.0,0.0
9.199999999944037,2.300000000010048,6.430037019849986e-07,0.0,881.4493075444036,156.99999999999997,0.0,0.0,0.010778520137165352,0.0,0.0,0.0,0.0,0.0,19.999999999999986,19.999999999999986,0.0,0.0
9.208333333277249,2.3000000000101064,6.430037019849986e-07,0.0,883.8632019814679,156.99999999999997,0.0,0.0,0.012043019199319473,0.0,0.0,0.0,0.0,0.0,20.000000000000018,20.000000000000018,0.0,0.0
9.216666666610461,2.300000000010167,6.430037019849986e-07,0.0,886.3503641439997,156.99999999999997,0.0,0.0,0.013393908620682017,0.0,0.0,0.0,0.0,0.0,20.000000000000036,20.000000000000036,0.0,0.0
9.224999999943673,2.3000000000102303,6.430037019849986e-07,0.0,888.9081860963247,156.99999999999997,0.0,0.0,0.014832231311296537,0.0,0.0,0.0,0.0,0.0,20.00000000000002,20.00000000000002,0.0,0.0
9.233333333276885,2.300000000010296,6.430037019849986e-07,0.0,891.5340317862413,156.99999999999997,0.0,0.0,0.016358820002692814,0.0,0.0,0.0,0.0,0.0,20.000000000000036,20.000000000000036,0.0,0.0
9.241666666610097,2.3000000000103644,6.430037019849986e-07,0.0,894.2252433009061,156.99999999999997,0.0,0.0,0.017974300658734645,0.0,0.0,0.0,0.0,0.0,20.00000000000004,20.00000000000004,0.0,0.0
9.24999999994331,2.300000000010435,6.430037019849986e-07,0.0,896.9791470091732,156.99999999999997,0.0,0.0,0.019679096632046346,0.0,0.0,0.0,0.0,0.0,20.00000000000004,20.00000000000004,0.0,0.0
9.258333333276521,2.3000000000105083,6.430037019849986e-07,0.0,899.7930595685469,156.99999999999997,0.0,0.0,0.021473433515131583,0.0,0.0,0.0,0.0,0.0,20.000000000000043,20.000000000000043,0.0,0.0
9.266666666609733,2.3000000000105842,6.430037019849986e-07,0.0,902.6642937768602,156.99999999999997,0.0,0.0,0.023357344633427906,0.0,0.0,0.0,0.0,0.0,20.000000000000007,20.000000000000007,0.0,0.0
9.274999999942946,2.300000000010663,6.430037019849986e-07,0.0,905.5901642501981,156.99999999999997,0.0,0.0,0.025330677125758407,0.0,0.0,0.0,0.0,0.0,20.00000000000001,20.00000000000001,0.0,0.0
9.283333333276158,2.300000000010744,6.430037019849986e-07,0.0,908.5679929102123,156.99999999999997,0.0,0.0,0.027393098556369594,0.0,0.0,0.0,0.0,0.0,20.00000000000001,20.00000000000001,0.0,0.0
9.29166666660937,2.3000000000108276,6.430037019849986e-07,0.0,911.5951142658375,156.99999999999997,0.0,0.0,0.029544104002074103,0.0,0.0,0.0,0.0,0.0,20.000000000000057,20.000000000000057,0.0,0.0
9.299999999942582,2.300000000010914,6.430037019849986e-07,0.0,914.6688804759336,156.99999999999997,0.0,0.0,0.031783023557549785,0.0,0.0,0.0,0.0,0.0,20.00000000000009,20.00000000000009,0.0,0.0
9.308333333275794,2.300000000011003,6.430037019849986e-07,0.0,917.7866661811663,156.99999999999997,0.0,0.0,0.03410903020197653,0.0,0.0,0.0,0.0,0.0,20.000000000000075,20.000000000000075,0.0,0.0
9.316666666609006,2.300000000011095,6.430037019849986e-07,0.0,920.9458730952033,156.99999999999997,0.0,0.0,0.03652114797075936,0.0,0.0,0.0,0.0,0.0,20.000000000000107,20.000000000000107,0.0,0.0
9.324999999942218,2.3000000000111895,6.430037019849986e-07,0.0,924.1439343468353,156.99999999999997,0.0,0.0,0.03901826037687021,0.0,0.0,0.0,0.0,0.0,20.000000000000117,20.000000000000117,0.0,0.0
9.33333333327543,2.3000000000112863,6.430037019849986e-07,0.0,927.3783185663949,156.99999999999997,0.0,0.0,0.04159911902769476,0.0,0.0,0.0,0.0,0.0,20.000000000000096,20.000000000000096,0.0,0.0
9.341666666608642,2.3000000000113863,6.430037019849986e-07,0.0,930.6465337113589,156.99999999999997,0.0,0.0,0.044262352384797504,0.0,0.0,0.0,0.0,0.0,20.000000000000107,20.000000000000107,0.0,0.0
9.349999999941854,2.300000000011489,6.430037019849986e-07,0.0,933.9461306276924,156.99999999999997,0.0,0.0,0.04700647461601745,0.0,0.0,0.0,0.0,0.0,20.000000000000135,20.000000000000135,0.0,0.0
9.358333333275066,2.3000000000115945,6.430037019849986e-07,0.0,937.2747063448273,156.99999999999997,0.0,0.0,0.049829894491356226,0.0,0.0,0.0,0.0,0.0,20.000000000000163,20.000000000000163,0.0,0.0
9.366666666608278,2.3000000000117025,6.430037019849986e-07,0.0,940.6299071036657,156.99999999999997,0.0,0.0,0.05273092427656659,0.0,0.0,0.0,0.0,0.0,20.000000000000174,20.000000000000174,0.0,0.0
9.37499999994149,2.300000000011814,6.430037019849986e-07,0.0,944.0094311184093,156.99999999999997,0.0,0.0,0.0557077885810198,0.0,0.0,0.0,0.0,0.0,20.00000000000015,20.00000000000015,0.0,0.0
9.383333333274702,2.3000000000119276,6.430037019849986e-07,0.0,947.4110310740989,156.99999999999997,0.0,0.0,0.05875863311901268,0.0,0.0,0.0,0.0,0.0,20.00000000000015,20.00000000000015,0.0,0.0
9.391666666607914,2.3000000000120444,6.430037019849986e-07,0.0,950.8325163631545,156.99999999999997,0.0,0.0,0.061881533346766715,0.0,0.0,0.0,0.0,0.0,20.000000000000142,20.000000000000142,0.0,0.0
9.399999999941127,2.3000000000121643,6.430037019849986e-07,0.0,954.2717550650493,156.99999999999997,0.0,0.0,0.06507450294012154,0.0,0.0,0.0,0.0,0.0,20.000000000000146,20.000000000000146,0.0,0.0
9.408333333274339,2.3000000000122873,6.430037019849986e-07,0.0,957.7266756745473,156.99999999999997,0.0,0.0,0.06833550208121787,0.0,0.0,0.0,0.0,0.0,20.000000000000096,20.000000000000096,0.0,0.0
9.41666666660755,2.300000000012413,6.430037019849986e-07,0.0,961.195268584464,156.99999999999997,0.0,0.0,0.07166244552519416,0.0,0.0,0.0,0.0,0.0,20.000000000000107,20.000000000000107,0.0,0.0
9.424999999940763,2.300000000012542,6.430037019849986e-07,0.0,964.6755873301861,156.99999999999997,0.0,0.0,0.0750532104214031,0.0,0.0,0.0,0.0,0.0,20.000000000000075,20.000000000000075,0.0,0.0
9.433333333273975,2.3000000000126737,6.430037019849986e-07,0.0,968.1657496034314,156.99999999999997,0.0,0.0,0.07850564386624713,0.0,0.0,0.0,0.0,0.0,20.000000000000078,20.000000000000078,0.0,0.0
9.441666666607187,2.3000000000128087,6.430037019849986e-07,0.0,971.6639380437739,156.99999999999997,0.0,0.0,0.08201757016810755,0.0,0.0,0.0,0.0,0.0,20.000000000000064,20.000000000000064,0.0,0.0
9.449999999940399,2.300000000012947,6.430037019849986e-07,0.0,975.1684008167367,156.99999999999997,0.0,0.0,0.08558679780752099,0.0,0.0,0.0,0.0,0.0,20.00000000000008,20.00000000000008,0.0,0.0
9.458333333273611,2.3000000000130885,6.430037019849986e-07,0.0,978.6774519879077,156.99999999999997,0.0,0.0,0.08921112607875699,0.0,0.0,0.0,0.0,0.0,20.000000000000018,20.000000000000018,0.0,0.0
9.466666666606823,2.300000000013233,6.430037019849986e-07,0.0,982.1894717026453,156.99999999999997,0.0,0.0,0.09288835140143913,0.0,0.0,0.0,0.0,0.0,20.00000000000003,20.00000000000003,0.0,0.0
9.474999999940035,2.300000000013381,6.430037019849986e-07,0.0,985.7029061816063,156.99999999999997,0.0,0.0,0.09661627329380802,0.0,0.0,0.0,0.0,0.0,20.00000000000002,20.00000000000002,0.0,0.0
9.483333333273247,2.300000000013532,6.430037019849986e-07,0.0,989.2162675421754,156.99999999999997,0.0,0.0,0.10039270000133792,0.0,0.0,0.0,0.0,0.0,20.000000000000018,20.000000000000018,0.0,0.0
9.49166666660646,2.3000000000136867,6.430037019849986e-07,0.0,992.7281334563397,156.99999999999997,0.0,0.0,0.10421545377707203,0.0,0.0,0.0,0.0,0.0,20.00000000000005,20.00000000000005,0.0,0.0
9.499999999939671,2.300000000013845,6.430037019849986e-07,0.0,996.237146655352,156.99999999999997,0.0,0.0,0.10808237581193814,0.0,0.0,0.0,0.0,0.0,20.000000000000025,20.000000000000025,0.0,0.0
9.508333333272883,2.3000000000140064,6.430037019849986e-07,0.0,999.7420142917965,156.99999999999997,0.0,0.0,0.11199133081560214,0.0,0.0,0.0,0.0,0.0,19.999999999999993,19.999999999999993,0.0,0.0
9.516666666606096,2.3000000000141716,6.430037019849986e-07,0.0,1003.2415071694618,156.99999999999997,0.0,0.0,0.11594021125011522,0.0,0.0,0.0,0.0,0.0,20.000000000000004,20.000000000000004,0.0,0.0
9.524999999939308,2.3000000000143404,6.430037019849986e-07,0.0,1006.7344588513527,156.99999999999997,0.0,0.0,0.11992694122035102,0.0,0.0,0.0,0.0,0.0,19.99999999999999,19.99999999999999,0.0,0.0
9.53333333327252,2.300000000014513,6.430037019849986e-07,0.0,1010.2197646560903,156.99999999999997,0.0,0.0,0.12394948002684529,0.0,0.0,0.0,0.0,0.0,20.000000000000036,20.000000000000036,0.0,0.0
9.541666666605732,2.3000000000146894,6.430037019849986e-07,0.0,1013.6963805527312,156.99999999999997,0.0,0.0,0.12800582538802505,0.0,0.0,0.0,0.0,0.0,20.00000000000002,20.00000000000002,0.0,0.0
9.549999999938944,2.3000000000148693,6.430037019849986e-07,0.0,1017.163321963816,156.99999999999997,0.0,0.0,0.13209401634005738,0.0,0.0,0.0,0.0,0.0,20.00000000000004,20.00000000000004,0.0,0.0
9.558333333272156,2.300000000015053,6.430037019849986e-07,0.0,1020.6196624861061,156.99999999999997,0.0,0.0,0.13621213582354602,0.0,0.0,0.0,0.0,0.0,20.000000000000018,20.000000000000018,0.0,0.0
9.566666666605368,2.3000000000152414,6.430037019849986e-07,0.0,1024.0645325383578,156.99999999999997,0.0,0.0,0.14035831296745083,0.0,0.0,0.0,0.0,0.0,19.999999999999993,19.999999999999993,0.0,0.0
9.57499999993858,2.3000000000154333,6.430037019849986e-07,0.0,1027.497117944975,156.99999999999997,0.0,0.0,0.14453072508119838,0.0,0.0,0.0,0.0,0.0,19.99999999999998,19.99999999999998,0.0,0.0
9.583333333271792,2.300000000015629,6.430037019849986e-07,0.0,1030.9166584641202,156.99999999999997,0.0,0.0,0.1487275993667135,0.0,0.0,0.0,0.0,0.0,19.999999999999957,19.999999999999957,0.0,0.0
9.591666666605004,2.3000000000158294,6.430037019849986e-07,0.0,1034.3224462685823,156.99999999999997,0.0,0.0,0.15294721436272826,0.0,0.0,0.0,0.0,0.0,19.999999999999947,19.999999999999947,0.0,0.0
9.599999999938216,2.300000000016034,6.430037019849986e-07,0.0,1037.713824387112,156.99999999999997,0.0,0.0,0.15718790113391473,0.0,0.0,0.0,0.0,0.0,19.99999999999994,19.99999999999994,0.0,0.0
9.608333333271428,2.300000000016243,6.430037019849986e-07,0.0,1041.0901851138567,156.99999999999997,0.0,0.0,0.16144804421803163,0.0,0.0,0.0,0.0,0.0,19.99999999999997,19.99999999999997,0.0,0.0
9.61666666660464,2.300000000016457,6.430037019849986e-07,0.0,1044.450968392744,156.99999999999997,0.0,0.0,0.16572608234404157,0.0,0.0,0.0,0.0,0.0,19.99999999999996,19.99999999999996,0.0,0.0
9.624999999937852,2.300000000016675,6.430037019849986e-07,0.0,1047.7956601837157,156.99999999999997,0.0,0.0,0.17002050893479637,0.0,0.0,0.0,0.0,0.0,19.99999999999997,19.99999999999997,0.0,0.0
9.633333333271064,2.3000000000168974,6.430037019849986e-07,0.0,1051.1237908168598,156.99999999999997,0.0,0.0,0.17432987240734457,0.0,0.0,0.0,0.0,0.0,19.999999999999986,19.999999999999986,0.0,0.0
9.641666666604277,2.300000000017125,6.430037019849986e-07,0.0,1054.4349333404589,156.99999999999997,0.0,0.0,0.1786527762843323,0.0,0.0,0.0,0.0,0.0,19.999999999999996,19.999999999999996,0.0,0.0
9.649999999937489,2.3000000000173575,6.430037019849986e-07,0.0,1057.728701868391,156.99999999999997,0.0,0.0,0.18298787912958625,0.0,0.0,0.0,0.0,0.0,19.999999999999986,19.999999999999986,0.0,0.0
9.6583333332707,2.300000000017595,6.430037019849986e-07,0.0,1061.004749931894,156.99999999999997,0.0,0.0,0.18733389432073624,0.0,0.0,0.0,0.0,0.0,20.00000000000002,20.00000000000002,0.0,0.0
9.666666666603913,2.3000000000178384,6.430037019849986e-07,0.0,1064.2627688404968,156.99999999999997,0.0,0.0,0.19168958967170094,0.0,0.0,0.0,0.0,0.0,19.99999999999998,19.99999999999998,0.0,0.0
9.674999999937125,2.300000000018087,6.430037019849986e-07,0.0,1067.502486056358,156.99999999999997,0.0,0.0,0.19605378691732073,0.0,0.0,0.0,0.0,0.0,19.99999999999997,19.99999999999997,0.0,0.0
9.683333333270337,2.3000000000183416,6.430037019849986e-07,0.0,1070.7236635859638,156.99999999999997,0.0,0.0,0.20042536107216957,0.0,0.0,0.0,0.0,0.0,19.999999999999954,19.999999999999954,0.0,0.0
9.691666666603549,2.3000000000186014,6.430037019849986e-07,0.0,1073.9260963928564,156.99999999999997,0.0,0.0,0.2048032396752857,0.0,0.0,0.0,0.0,0.0,19.999999999999936,19.999999999999936,0.0,0.0
9.699999999936761,2.3000000000188674,6.430037019849986e-07,0.0,1077.1096108345646,156.99999999999997,0.0,0.0,0.20918640193195123,0.0,0.0,0.0,0.0,0.0,19.99999999999993,19.99999999999993,0.0,0.0
9.708333333269973,2.3000000000191387,6.430037019849986e-07,0.0,1080.2740631267088,156.99999999999997,0.0,0.0,0.21357387776337128,0.0,0.0,0.0,0.0,0.0,19.999999999999954,19.999999999999954,0.0,0.0
9.716666666603185,2.3000000000194167,6.430037019849986e-07,0.0,1083.419337836843,156.99999999999997,0.0,0.0,0.21796474677451785,0.0,0.0,0.0,0.0,0.0,19.999999999999936,19.999999999999936,0.0,0.0
9.724999999936397,2.300000000019701,6.430037019849986e-07,0.0,1086.5453464104114,156.99999999999997,0.0,0.0,0.22235813715009742,0.0,0.0,0.0,0.0,0.0,19.999999999999922,19.999999999999922,0.0,0.0
9.73333333326961,2.300000000019992,6.430037019849986e-07,0.0,1089.6520257307707,156.99999999999997,0.0,0.0,0.2267532244879109,0.0,0.0,0.0,0.0,0.0,19.999999999999943,19.999999999999943,0.0,0.0
9.741666666602821,2.3000000000202894,6.430037019849986e-07,0.0,1092.739336715016,156.99999999999997,0.0,0.0,0.23114923057847458,0.0,0.0,0.0,0.0,0.0,19.999999999999932,19.999999999999932,0.0,0.0
9.749999999936033,2.300000000020594,6.430037019849986e-07,0.0,1095.807262947176,156.99999999999997,0.0,0.0,0.2355454221393851,0.0,0.0,0.0,0.0,0.0,19.99999999999992,19.99999999999992,0.0,0.0
9.758333333269245,2.3000000000209058,6.430037019849986e-07,0.0,1098.855809349897,156.99999999999997,0.0,0.0,0.2399411095121519,0.0,0.0,0.0,0.0,0.0,19.999999999999932,19.999999999999932,0.0,0.0
9.766666666602458,2.3000000000212237,6.430037019849986e-07,0.0,1101.8850008957547,156.99999999999997,0.0,0.0,0.24433564532904867,0.0,0.0,0.0,0.0,0.0,19.999999999999883,19.999999999999883,0.0,0.0
9.77499999993567,2.3000000000215506,6.430037019849986e-07,0.0,1104.8948813588568,156.99999999999997,0.0,0.0,0.2487284231567076,0.0,0.0,0.0,0.0,0.0,19.999999999999883,19.999999999999883,0.0,0.0
9.783333333268882,2.300000000021886,6.430037019849986e-07,0.0,1107.8855121074953,156.99999999999997,0.0,0.0,0.2531188761231124,0.0,0.0,0.0,0.0,0.0,19.99999999999987,19.99999999999987,0.0,0.0
9.791666666602094,2.3000000000222296,6.430037019849986e-07,0.0,1110.856970938054,156.99999999999997,0.0,0.0,0.2575064755336487,0.0,0.0,0.0,0.0,0.0,19.999999999999872,19.999999999999872,0.0,0.0
9.799999999935306,2.300000000022582,6.430037019849986e-07,0.0,1113.809350950645,156.99999999999997,0.0,0.0,0.26189072948206765,0.0,0.0,0.0,0.0,0.0,19.99999999999992,19.99999999999992,0.0,0.0
9.808333333268518,2.3000000000229437,6.430037019849986e-07,0.0,1116.74275946633,156.99999999999997,0.0,0.0,0.2662711814610878,0.0,0.0,0.0,0.0,0.0,19.999999999999893,19.999999999999893,0.0,0.0
9.81666666660173,2.3000000000233145,6.430037019849986e-07,0.0,1119.6573169860221,156.99999999999997,0.0,0.0,0.27064740897752737,0.0,0.0,0.0,0.0,0.0,19.999999999999922,19.999999999999922,0.0,0.0
9.824999999934942,2.300000000023695,6.430037019849986e-07,0.0,1122.5531561907876,156.99999999999997,0.0,0.0,0.2750190221760724,0.0,0.0,0.0,0.0,0.0,19.999999999999947,19.999999999999947,0.0,0.0
9.833333333268154,2.3000000000240854,6.430037019849986e-07,0.0,1125.4304209833165,156.99999999999997,0.0,0.0,0.2793856624756526,0.0,0.0,0.0,0.0,0.0,20.0,20.0,0.0,0.0
9.841666666601366,2.3000000000244865,6.430037019849986e-07,0.0,1128.2892655699673,156.99999999999997,0.0,0.0,0.2837470012216508,0.0,0.0,0.0,0.0,0.0,19.999999999999982,19.999999999999982,0.0,0.0
9.849999999934578,2.3000000000248986,6.430037019849986e-07,0.0,1131.129853583059,156.99999999999997,0.0,0.0,0.2881027383573575,0.0,0.0,0.0,0.0,0.0,19.999999999999947,19.999999999999947,0.0,0.0
9.85833333326779,2.300000000025322,6.430037019849986e-07,0.0,1133.9523572426262,156.99999999999997,0.0,0.0,0.2924526011171834,0.0,0.0,0.0,0.0,0.0,19.999999999999954,19.999999999999954,0.0,0.0
9.866666666601002,2.3000000000257566,6.430037019849986e-07,0.0,1136.7569565570818,156.99999999999997,0.0,0.0,0.29679634274430944,0.0,0.0,0.0,0.0,0.0,19.999999999999993,19.999999999999993,0.0,0.0
9.874999999934214,2.300000000026204,6.430037019849986e-07,0.0,1139.5438385618943,156.99999999999997,0.0,0.0,0.3011337412347115,0.0,0.0,0.0,0.0,0.0,19.999999999999996,19.999999999999996,0.0,0.0
9.883333333267426,2.3000000000266643,6.430037019849986e-07,0.0,1142.3131965955642,156.99999999999997,0.0,0.0,0.30546459810960414,0.0,0.0,0.0,0.0,0.0,19.99999999999995,19.99999999999995,0.0,0.0
9.891666666600639,2.3000000000271377,6.430037019849986e-07,0.0,1145.065229611984,156.99999999999997,0.0,0.0,0.30978873721783934,0.0,0.0,0.0,0.0,0.0,19.99999999999997,19.99999999999997,0.0,0.0
9.89999999993385,2.3000000000276253,6.430037019849986e-07,0.0,1147.8001415282297,156.99999999999997,0.0,0.0,0.31410600356956203,0.0,0.0,0.0,0.0,0.0,20.0,20.0,0.0,0.0
9.908333333267063,2.300000000028128,6.430037019849986e-07,0.0,1150.518140606859,156.99999999999997,0.0,0.0,0.31841626220229446,0.0,0.0,0.0,0.0,0.0,20.00000000000003,20.00000000000003,0.0,0.0
9.916666666600275,2.3000000000286454,6.430037019849986e-07,0.0,1153.2194388717385,156.99999999999997,0.0,0.0,0.3227193970803647,0.0,0.0,0.0,0.0,0.0,20.00000000000001,20.00000000000001,0.0,0.0
9.924999999933487,2.300000000029179,6.430037019849986e-07,0.0,1155.9042515563983,156.99999999999997,0.0,0.0,0.32701531002840406,0.0,0.0,0.0,0.0,0.0,20.000000000000046,20.000000000000046,0.0,0.0
9.933333333266699,2.30000000002973,6.430037019849986e-07,0.0,1158.5727965838146,156.99999999999997,0.0,0.0,0.33130391969932244,0.0,0.0,0.0,0.0,0.0,20.000000000000064,20.000000000000064,0.0,0.0
9.941666666599911,2.300000000030298,6.430037019849986e-07,0.0,1161.2252940766728,156.99999999999997,0.0,0.0,0.33558516057725973,0.0,0.0,0.0,0.0,0.0,20.000000000000075,20.000000000000075,0.0,0.0
9.949999999933123,2.300000000030881,6.430037019849986e-07,0.0,1163.8619658969985,156.99999999999997,0.0,0.0,0.3398589820156182,0.0,0.0,0.0,0.0,0.0,20.000000000000064,20.000000000000064,0.0,0.0
9.958333333266335,2.3000000000314893,6.430037019849986e-07,0.0,1166.4830352140975,156.99999999999997,0.0,0.0,0.3441253473102099,0.0,0.0,0.0,0.0,0.0,20.000000000000064,20.000000000000064,0.0,0.0
9.966666666599547,2.300000000032113,6.430037019849986e-07,0.0,1169.0887260998106,156.99999999999997,0.0,0.0,0.34838423280756525,0.0,0.0,0.0,0.0,0.0,20.000000000000096,20.000000000000096,0.0,0.0
9.97499999993276,2.300000000032767,6.430037019849986e-07,0.0,1171.679263149953,156.99999999999997,0.0,0.0,0.3526356270480381,0.0,0.0,0.0,0.0,0.0,20.000000000000092,20.000000000000092,0.0,0.0
9.983333333265971,2.3000000000334317,6.430037019849986e-07,0.0,1174.254871130992,156.99999999999997,0.0,0.0,0.35687952994363836,0.0,0.0,0.0,0.0,0.0,20.000000000000107,20.000000000000107,0.0,0.0
9.991666666599183,2.3000000000341214,6.430037019849986e-07,0.0,1176.8157746508061,156.99999999999997,0.0,0.0,0.36111595198989227,0.0,0.0,0.0,0.0,0.0,20.0000000000001,20.0000000000001,0.0,0.0
9.999999999932395,2.3000000000348493,6.430037019849986e-07,0.0,1179.3621978526608,156.99999999999997,0.0,0.0,0.3653449135116287,0.0,0.0,0.0,0.0,0.0,20.0000000000001,20.0000000000001,0.0,0.0
10.008333333265607,2.3000000000355603,6.430037019849986e-07,0.0,1181.7840856620737,156.99999999999997,0.0,0.0,0.369382255347241,0.0,0.0,0.0,0.0,0.0,20.00000000000009,20.00000000000009,0.0,0.0
10.01666666659882,2.3000000000362335,6.430037019849986e-07,0.0,1183.9779189232086,156.99999999999997,0.0,0.0,0.3730521721824222,0.0,0.0,0.0,0.0,0.0,20.000000000000075,20.000000000000075,0.0,0.0
10.024999999932032,2.300000000036858,6.430037019849986e-07,0.0,1185.9545042406548,156.99999999999997,0.0,0.0,0.3763690120776227,0.0,0.0,0.0,0.0,0.0,20.000000000000078,20.000000000000078,0.0,0.0
10.033333333265244,2.3000000000374383,6.430037019849986e-07,0.0,1187.724219391045,156.99999999999997,0.0,0.0,0.37934700412419264,0.0,0.0,0.0,0.0,0.0,20.0000000000001,20.0000000000001,0.0,0.0
10.041666666598456,2.3000000000379774,6.430037019849986e-07,0.0,1189.2970178975183,156.99999999999997,0.0,0.0,0.38200019351307657,0.0,0.0,0.0,0.0,0.0,20.000000000000096,20.000000000000096,0.0,0.0
10.049999999931668,2.3000000000384517,6.430037019849986e-07,0.0,1190.6824353888164,156.99999999999997,0.0,0.0,0.3843423872465926,0.0,0.0,0.0,0.0,0.0,20.000000000000075,20.000000000000075,0.0,0.0
10.05833333326488,2.3000000000388816,6.430037019849986e-07,0.0,1191.889597442166,156.99999999999997,0.0,0.0,0.3863871092867634,0.0,0.0,0.0,0.0,0.0,20.000000000000064,20.000000000000064,0.0,0.0
10.066666666598092,2.300000000039257,6.430037019849986e-07,0.0,1192.9272286435216,156.99999999999997,0.0,0.0,0.38814756404287043,0.0,0.0,0.0,0.0,0.0,20.000000000000075,20.000000000000075,0.0,0.0
10.074999999931304,2.3000000000395793,6.430037019849986e-07,0.0,1193.8036626303392,156.99999999999997,0.0,0.0,0.3896366072033333,0.0,0.0,0.0,0.0,0.0,20.00000000000006,20.00000000000006,0.0,0.0
10.083333333264516,2.3000000000398457,6.430037019849986e-07,0.0,1194.5268529102382,156.99999999999997,0.0,0.0,0.39086672301195946,0.0,0.0,0.0,0.0,0.0,20.000000000000043,20.000000000000043,0.0,0.0
10.091666666597728,2.300000000040067,6.430037019849986e-07,0.0,1195.10438427472,156.99999999999997,0.0,0.0,0.3918500071770112,0.0,0.0,0.0,0.0,0.0,20.000000000000057,20.000000000000057,0.0,0.0
10.09999999993094,2.3000000000402374,6.430037019849986e-07,0.0,1195.543484650046,156.99999999999997,0.0,0.0,0.3925981546828633,0.0,0.0,0.0,0.0,0.0,20.000000000000085,20.000000000000085,0.0,0.0
10.108333333264152,2.300000000040355,6.430037019849986e-07,0.0,1195.8510372483188,156.99999999999997,0.0,0.0,0.3931224518493469,0.0,0.0,0.0,0.0,0.0,20.00000000000009,20.00000000000009,0.0,0.0
10.116666666597364,2.3000000000404217,6.430037019849986e-07,0.0,1196.033592900316,156.99999999999997,0.0,0.0,0.39343377205266267,0.0,0.0,0.0,0.0,0.0,20.00000000000008,20.00000000000008,0.0,0.0
10.124999999930576,2.3000000000404466,6.430037019849986e-07,0.0,1196.0973824681737,156.99999999999997,0.0,0.0,0.3935425745846481,0.0,0.0,0.0,0.0,0.0,20.000000000000078,20.000000000000078,0.0,0.0
10.133333333263788,2.300000000040421,6.430037019849986e-07,0.0,1196.048329251028,156.99999999999997,0.0,0.0,0.3934589061849869,0.0,0.0,0.0,0.0,0.0,20.000000000000075,20.000000000000075,0.0,0.0
10.141666666597,2.3000000000403604,6.430037019849986e-07,0.0,1195.8920613096634,156.99999999999997,0.0,0.0,0.39319240483284945,0.0,0.0,0.0,0.0,0.0,20.000000000000064,20.000000000000064,0.0,0.0
10.149999999930213,2.3000000000402636,6.430037019849986e-07,0.0,1195.633923648106,156.99999999999997,0.0,0.0,0.3927523054322827,0.0,0.0,0.0,0.0,0.0,20.00000000000004,20.00000000000004,0.0,0.0
10.158333333263425,2.3000000000401224,6.430037019849986e-07,0.0,1195.278990200175,156.99999999999997,0.0,0.0,0.3921474470681081,0.0,0.0,0.0,0.0,0.0,20.000000000000036,20.000000000000036,0.0,0.0
10.166666666596637,2.3000000000399536,6.430037019849986e-07,0.0,1194.8320755784566,156.99999999999997,0.0,0.0,0.39138628154840377,0.0,0.0,0.0,0.0,0.0,20.000000000000043,20.000000000000043,0.0,0.0
10.174999999929849,2.3000000000397476,6.430037019849986e-07,0.0,1194.2977465506692,156.99999999999997,0.0,0.0,0.39047688298374766,0.0,0.0,0.0,0.0,0.0,20.000000000000043,20.000000000000043,0.0,0.0
10.183333333263061,2.3000000000395193,6.430037019849986e-07,0.0,1193.6803332159507,156.99999999999997,0.0,0.0,0.38942695818550904,0.0,0.0,0.0,0.0,0.0,20.000000000000007,20.000000000000007,0.0,0.0
10.191666666596273,2.300000000039264,6.430037019849986e-07,0.0,1192.9839398592062,156.99999999999997,0.0,0.0,0.3882438576928189,0.0,0.0,0.0,0.0,0.0,20.000000000000025,20.000000000000025,0.0,0.0
10.199999999929485,2.3000000000389935,6.430037019849986e-07,0.0,1192.2124554673387,156.99999999999997,0.0,0.0,0.3869345872633873,0.0,0.0,0.0,0.0,0.0,20.000000000000025,20.000000000000025,0.0,0.0
10.208333333262697,2.300000000038692,6.430037019849986e-07,0.0,1191.3695638955012,156.99999999999997,0.0,0.0,0.3855058196853606,0.0,0.0,0.0,0.0,0.0,20.000000000000032,20.000000000000032,0.0,0.0
10.21666666659591,2.300000000038363,6.430037019849986e-07,0.0,1190.4587536758536,156.99999999999997,0.0,0.0,0.38396390678777326,0.0,0.0,0.0,0.0,0.0,20.000000000000032,20.000000000000032,0.0,0.0
10.224999999929121,2.3000000000380254,6.430037019849986e-07,0.0,1189.4833274642456,156.99999999999997,0.0,0.0,0.38231489154417725,0.0,0.0,0.0,0.0,0.0,20.00000000000002,20.00000000000002,0.0,0.0
10.233333333262333,2.300000000037679,6.430037019849986e-07,0.0,1188.4464111236011,156.99999999999997,0.0,0.0,0.3805645201803376,0.0,0.0,0.0,0.0,0.0,19.999999999999996,19.999999999999996,0.0,0.0
10.241666666595545,2.3000000000373064,6.430037019849986e-07,0.0,1187.350962444909,156.99999999999997,0.0,0.0,0.3787182542101539,0.0,0.0,0.0,0.0,0.0,19.99999999999996,19.99999999999996,0.0,0.0
10.249999999928757,2.3000000000369303,6.430037019849986e-07,0.0,1186.1997795091102,156.99999999999997,0.0,0.0,0.37678128233666536,0.0,0.0,0.0,0.0,0.0,19.999999999999964,19.999999999999964,0.0,0.0
10.25833333326197,2.3000000000365373,6.430037019849986e-07,0.0,1184.995508694577,156.99999999999997,0.0,0.0,0.37475853216527755,0.0,0.0,0.0,0.0,0.0,19.99999999999997,19.99999999999997,0.0,0.0
10.266666666595182,2.3000000000361385,6.430037019849986e-07,0.0,1183.7406523366096,156.99999999999997,0.0,0.0,0.37265468168603727,0.0,0.0,0.0,0.0,0.0,19.999999999999996,19.999999999999996,0.0,0.0
10.274999999928394,2.300000000035742,6.430037019849986e-07,0.0,1182.4375760463936,156.99999999999997,0.0,0.0,0.3704741704899881,0.0,0.0,0.0,0.0,0.0,19.999999999999982,19.999999999999982,0.0,0.0
10.283333333261606,2.300000000035339,6.430037019849986e-07,0.0,1181.0885156978288,156.99999999999997,0.0,0.0,0.36822121069168756,0.0,0.0,0.0,0.0,0.0,20.00000000000002,20.00000000000002,0.0,0.0
10.291666666594818,2.3000000000349328,6.430037019849986e-07,0.0,1179.695584091384,156.99999999999997,0.0,0.0,0.36589979753627216,0.0,0.0,0.0,0.0,0.0,20.00000000000001,20.00000000000001,0.0,0.0
10.29999999992803,2.300000000034519,6.430037019849986e-07,0.0,1178.2607773046598,156.99999999999997,0.0,0.0,0.3635137196748348,0.0,0.0,0.0,0.0,0.0,20.00000000000002,20.00000000000002,0.0,0.0
10.308333333261242,2.300000000034108,6.430037019849986e-07,0.0,1176.7859807398968,156.99999999999997,0.0,0.0,0.36106656909668755,0.0,0.0,0.0,0.0,0.0,20.000000000000025,20.000000000000025,0.0,0.0
10.316666666594454,2.3000000000336915,6.430037019849986e-07,0.0,1175.272974878715,156.99999999999997,0.0,0.0,0.35856175071079216,0.0,0.0,0.0,0.0,0.0,20.000000000000043,20.000000000000043,0.0,0.0
10.324999999927666,2.300000000033271,6.430037019849986e-07,0.0,1173.7234407547808,156.99999999999997,0.0,0.0,0.3560024915723607,0.0,0.0,0.0,0.0,0.0,20.0,20.0,0.0,0.0
10.333333333260878,2.300000000032858,6.430037019849986e-07,0.0,1172.138965155049,156.99999999999997,0.0,0.0,0.3533918497534153,0.0,0.0,0.0,0.0,0.0,20.000000000000004,20.000000000000004,0.0,0.0
10.34166666659409,2.3000000000324445,6.430037019849986e-07,0.0,1170.5210455601791,156.99999999999997,0.0,0.0,0.35073272285843854,0.0,0.0,0.0,0.0,0.0,20.000000000000004,20.000000000000004,0.0,0.0
10.349999999927302,2.3000000000320333,6.430037019849986e-07,0.0,1168.8710948348605,156.99999999999997,0.0,0.0,0.3480278561886258,0.0,0.0,0.0,0.0,0.0,20.00000000000003,20.00000000000003,0.0,0.0
10.358333333260514,2.300000000031624,6.430037019849986e-07,0.0,1167.19044567834,156.99999999999997,0.0,0.0,0.34527985055952315,0.0,0.0,0.0,0.0,0.0,19.999999999999982,19.999999999999982,0.0,0.0
10.366666666593726,2.300000000031216,6.430037019849986e-07,0.0,1165.4803548456716,156.99999999999997,0.0,0.0,0.34249116977881866,0.0,0.0,0.0,0.0,0.0,19.99999999999996,19.99999999999996,0.0,0.0
10.374999999926938,2.3000000000308134,6.430037019849986e-07,0.0,1163.7420071495362,156.99999999999997,0.0,0.0,0.33966414779151416,0.0,0.0,0.0,0.0,0.0,19.999999999999943,19.999999999999943,0.0,0.0
10.38333333326015,2.3000000000304235,6.430037019849986e-07,0.0,1161.9765192527084,156.99999999999997,0.0,0.0,0.3368009955013594,0.0,0.0,0.0,0.0,0.0,19.999999999999915,19.999999999999915,0.0,0.0
10.391666666593363,2.3000000000300336,6.430037019849986e-07,0.0,1160.1849432605775,156.99999999999997,0.0,0.0,0.3339038072775093,0.0,0.0,0.0,0.0,0.0,19.999999999999922,19.999999999999922,0.0,0.0
10.399999999926575,2.300000000029648,6.430037019849986e-07,0.0,1158.3682701230898,156.99999999999997,0.0,0.0,0.33097456715626067,0.0,0.0,0.0,0.0,0.0,19.999999999999947,19.999999999999947,0.0,0.0
10.408333333259787,2.300000000029268,6.430037019849986e-07,0.0,1156.5274328551307,156.99999999999997,0.0,0.0,0.3280151547481371,0.0,0.0,0.0,0.0,0.0,19.999999999999936,19.999999999999936,0.0,0.0
10.416666666592999,2.3000000000288927,6.430037019849986e-07,0.0,1154.6633095839593,156.99999999999997,0.0,0.0,0.3250273508606017,0.0,0.0,0.0,0.0,0.0,19.99999999999993,19.99999999999993,0.0,0.0
10.42499999992621,2.3000000000285223,6.430037019849986e-07,0.0,1152.776726432123,156.99999999999997,0.0,0.0,0.3220128428471027,0.0,0.0,0.0,0.0,0.0,19.999999999999954,19.999999999999954,0.0,0.0
10.433333333259423,2.3000000000281573,6.430037019849986e-07,0.0,1150.8684602439146,156.99999999999997,0.0,0.0,0.3189732296931479,0.0,0.0,0.0,0.0,0.0,20.0,20.0,0.0,0.0
10.441666666592635,2.3000000000277976,6.430037019849986e-07,0.0,1148.9392411630229,156.99999999999997,0.0,0.0,0.3159100268499154,0.0,0.0,0.0,0.0,0.0,19.999999999999986,19.999999999999986,0.0,0.0
10.449999999925847,2.3000000000274436,6.430037019849986e-07,0.0,1146.9897550688695,156.99999999999997,0.0,0.0,0.31282467082612464,0.0,0.0,0.0,0.0,0.0,20.000000000000036,20.000000000000036,0.0,0.0
10.45833333325906,2.300000000027095,6.430037019849986e-07,0.0,1145.0206458786865,156.99999999999997,0.0,0.0,0.3097185235485379,0.0,0.0,0.0,0.0,0.0,20.000000000000036,20.000000000000036,0.0,0.0
10.466666666592271,2.3000000000267518,6.430037019849986e-07,0.0,1143.032517722158,156.99999999999997,0.0,0.0,0.3065928765014169,0.0,0.0,0.0,0.0,0.0,20.000000000000043,20.000000000000043,0.0,0.0
10.474999999925483,2.300000000026414,6.430037019849986e-07,0.0,1141.0259369950352,156.99999999999997,0.0,0.0,0.3034489546548912,0.0,0.0,0.0,0.0,0.0,19.999999999999982,19.999999999999982,0.0,0.0
10.483333333258695,2.3000000000260816,6.430037019849986e-07,0.0,1139.0014342979746,156.99999999999997,0.0,0.0,0.300287920192143,0.0,0.0,0.0,0.0,0.0,19.999999999999975,19.999999999999975,0.0,0.0
10.491666666591907,2.300000000025755,6.430037019849986e-07,0.0,1136.9595062664932,156.99999999999997,0.0,0.0,0.2971108760449712,0.0,0.0,0.0,0.0,0.0,19.999999999999932,19.999999999999932,0.0,0.0
10.49999999992512,2.300000000025434,6.430037019849986e-07,0.0,1134.9006172975696,156.99999999999997,0.0,0.0,0.29391886924687555,0.0,0.0,0.0,0.0,0.0,19.999999999999922,19.999999999999922,0.0,0.0
10.508333333258332,2.3000000000251184,6.430037019849986e-07,0.0,1132.8252011783463,156.99999999999997,0.0,0.0,0.2907128941128146,0.0,0.0,0.0,0.0,0.0,19.999999999999883,19.999999999999883,0.0,0.0
10.516666666591544,2.300000000024808,6.430037019849986e-07,0.0,1130.7336626218794,156.99999999999997,0.0,0.0,0.2874938952541235,0.0,0.0,0.0,0.0,0.0,19.999999999999922,19.999999999999922,0.0,0.0
10.524999999924756,2.300000000024503,6.430037019849986e-07,0.0,1128.626378714883,156.99999999999997,0.0,0.0,0.28426277043715237,0.0,0.0,0.0,0.0,0.0,19.999999999999904,19.999999999999904,0.0,0.0
10.533333333257968,2.300000000024203,6.430037019849986e-07,0.0,1126.5037002818744,156.99999999999997,0.0,0.0,0.28102037329343543,0.0,0.0,0.0,0.0,0.0,19.9999999999999,19.9999999999999,0.0,0.0
10.54166666659118,2.3000000000239083,6.430037019849986e-07,0.0,1124.3659531702638,156.99999999999997,0.0,0.0,0.27776751588945564,0.0,0.0,0.0,0.0,0.0,19.999999999999922,19.999999999999922,0.0,0.0
10.549999999924392,2.300000000023619,6.430037019849986e-07,0.0,1122.2134394602524,156.99999999999997,0.0,0.0,0.27450497116308686,0.0,0.0,0.0,0.0,0.0,19.99999999999995,19.99999999999995,0.0,0.0
10.558333333257604,2.3000000000233345,6.430037019849986e-07,0.0,1120.0464386036565,156.99999999999997,0.0,0.0,0.2712334752341894,0.0,0.0,0.0,0.0,0.0,19.99999999999993,19.99999999999993,0.0,0.0
10.566666666590816,2.300000000023055,6.430037019849986e-07,0.0,1117.8652084951614,156.99999999999997,0.0,0.0,0.26795372959596647,0.0,0.0,0.0,0.0,0.0,19.999999999999964,19.999999999999964,0.0,0.0
10.574999999924028,2.3000000000227807,6.430037019849986e-07,0.0,1115.6699864795798,156.99999999999997,0.0,0.0,0.2646664031937582,0.0,0.0,0.0,0.0,0.0,19.99999999999996,19.99999999999996,0.0,0.0
10.58333333325724,2.3000000000225107,6.430037019849986e-07,0.0,1113.4609902982966,156.99999999999997,0.0,0.0,0.2613721343974222,0.0,0.0,0.0,0.0,0.0,20.00000000000001,20.00000000000001,0.0,0.0
10.591666666590452,2.3000000000222456,6.430037019849986e-07,0.0,1111.238418978168,156.99999999999997,0.0,0.0,0.2580715328735417,0.0,0.0,0.0,0.0,0.0,20.0,20.0,0.0,0.0
10.599999999923664,2.3000000000219853,6.430037019849986e-07,0.0,1109.0024536655994,156.99999999999997,0.0,0.0,0.25476518136291787,0.0,0.0,0.0,0.0,0.0,20.000000000000025,20.000000000000025,0.0,0.0
10.608333333256876,2.3000000000217296,6.430037019849986e-07,0.0,1106.7532584087232,156.99999999999997,0.0,0.0,0.2514536373690796,0.0,0.0,0.0,0.0,0.0,20.00000000000006,20.00000000000006,0.0,0.0
10.616666666590088,2.3000000000214773,6.430037019849986e-07,0.0,1104.4909808901336,156.99999999999997,0.0,0.0,0.24813743476285652,0.0,0.0,0.0,0.0,0.0,20.00000000000008,20.00000000000008,0.0,0.0
10.6249999999233,2.3000000000212304,6.430037019849986e-07,0.0,1102.215753112743,156.99999999999997,0.0,0.0,0.24481708530823015,0.0,0.0,0.0,0.0,0.0,20.000000000000078,20.000000000000078,0.0,0.0
10.633333333256513,2.300000000020988,6.430037019849986e-07,0.0,1099.927692040944,156.99999999999997,0.0,0.0,0.24149308011409107,0.0,0.0,0.0,0.0,0.0,20.000000000000114,20.000000000000114,0.0,0.0
10.641666666589725,2.3000000000207494,6.430037019849986e-07,0.0,1097.6269001992746,156.99999999999997,0.0,0.0,0.23816589101656765,0.0,0.0,0.0,0.0,0.0,20.000000000000114,20.000000000000114,0.0,0.0
10.649999999922937,2.3000000000205154,6.430037019849986e-07,0.0,1095.313466230634,156.99999999999997,0.0,0.0,0.2348359718963649,0.0,0.0,0.0,0.0,0.0,20.00000000000011,20.00000000000011,0.0,0.0
10.658333333256149,2.300000000020285,6.430037019849986e-07,0.0,1092.987465415894,156.99999999999997,0.0,0.0,0.23150375993525382,0.0,0.0,0.0,0.0,0.0,20.0000000000001,20.0000000000001,0.0,0.0
10.66666666658936,2.3000000000200584,6.430037019849986e-07,0.0,1090.6489601566764,156.99999999999997,0.0,0.0,0.2281696768157582,0.0,0.0,0.0,0.0,0.0,20.00000000000011,20.00000000000011,0.0,0.0
10.674999999922573,2.3000000000198355,6.430037019849986e-07,0.0,1088.2980004229219,156.99999999999997,0.0,0.0,0.22483412986787382,0.0,0.0,0.0,0.0,0.0,20.0000000000001,20.0000000000001,0.0,0.0
10.683333333255785,2.3000000000196166,6.430037019849986e-07,0.0,1085.9346241668582,156.99999999999997,0.0,0.0,0.2214975131666465,0.0,0.0,0.0,0.0,0.0,20.000000000000107,20.000000000000107,0.0,0.0
10.691666666588997,2.300000000019401,6.430037019849986e-07,0.0,1083.558857704686,156.99999999999997,0.0,0.0,0.21816020858403637,0.0,0.0,0.0,0.0,0.0,20.00000000000008,20.00000000000008,0.0,0.0
10.699999999922209,2.300000000019189,6.430037019849986e-07,0.0,1081.1707160673736,156.99999999999997,0.0,0.0,0.21482258679861005,0.0,0.0,0.0,0.0,0.0,20.000000000000057,20.000000000000057,0.0,0.0
10.708333333255421,2.3000000000189806,6.430037019849986e-07,0.0,1078.7702033217793,156.99999999999997,0.0,0.0,0.21148500826640043,0.0,0.0,0.0,0.0,0.0,20.00000000000004,20.00000000000004,0.0,0.0
10.716666666588633,2.300000000018776,6.430037019849986e-07,0.0,1076.3573128631347,156.99999999999997,0.0,0.0,0.20814782415602645,0.0,0.0,0.0,0.0,0.0,20.00000000000009,20.00000000000009,0.0,0.0
10.724999999921845,2.3000000000185747,6.430037019849986e-07,0.0,1073.9320276800456,156.99999999999997,0.0,0.0,0.2048113772513839,0.0,0.0,0.0,0.0,0.0,20.00000000000006,20.00000000000006,0.0,0.0
10.733333333255057,2.3000000000183767,6.430037019849986e-07,0.0,1071.494320592768,156.99999999999997,0.0,0.0,0.20147600282469916,0.0,0.0,0.0,0.0,0.0,20.00000000000007,20.00000000000007,0.0,0.0
10.74166666658827,2.3000000000181817,6.430037019849986e-07,0.0,1069.0441544658165,156.99999999999997,0.0,0.0,0.19814202948322301,0.0,0.0,0.0,0.0,0.0,20.000000000000057,20.000000000000057,0.0,0.0
10.749999999921481,2.3000000000179903,6.430037019849986e-07,0.0,1066.5814823954108,156.99999999999997,0.0,0.0,0.19480977999211233,0.0,0.0,0.0,0.0,0.0,20.000000000000046,20.000000000000046,0.0,0.0
10.758333333254694,2.3000000000178016,6.430037019849986e-07,0.0,1064.106247872661,156.99999999999997,0.0,0.0,0.19147957207669064,0.0,0.0,0.0,0.0,0.0,20.000000000000032,20.000000000000032,0.0,0.0
10.766666666587906,2.300000000017616,6.430037019849986e-07,0.0,1061.6183849229142,156.99999999999997,0.0,0.0,0.18815171920667567,0.0,0.0,0.0,0.0,0.0,20.000000000000053,20.000000000000053,0.0,0.0
10.774999999921118,2.300000000017434,6.430037019849986e-07,0.0,1059.1178182217886,156.99999999999997,0.0,0.0,0.18482653136522664,0.0,0.0,0.0,0.0,0.0,20.00000000000002,20.00000000000002,0.0,0.0
10.78333333325433,2.300000000017253,6.430037019849986e-07,0.0,1056.6044631883847,156.99999999999997,0.0,0.0,0.18150431580568843,0.0,0.0,0.0,0.0,0.0,20.000000000000068,20.000000000000068,0.0,0.0
10.791666666587542,2.3000000000170764,6.430037019849986e-07,0.0,1054.0782260558944,156.99999999999997,0.0,0.0,0.1781853777986805,0.0,0.0,0.0,0.0,0.0,20.000000000000032,20.000000000000032,0.0,0.0
10.799999999920754,2.300000000016902,6.430037019849986e-07,0.0,1051.5390039199242,156.99999999999997,0.0,0.0,0.1748700213724517,0.0,0.0,0.0,0.0,0.0,20.000000000000057,20.000000000000057,0.0,0.0
10.808333333253966,2.30000000001673,6.430037019849986e-07,0.0,1048.9866847647017,156.99999999999997,0.0,0.0,0.17155855004934523,0.0,0.0,0.0,0.0,0.0,20.00000000000005,20.00000000000005,0.0,0.0
10.816666666587178,2.300000000016561,6.430037019849986e-07,0.0,1046.4211474671624,156.99999999999997,0.0,0.0,0.16825126758118253,0.0,0.0,0.0,0.0,0.0,20.000000000000057,20.000000000000057,0.0,0.0
10.82499999992039,2.300000000016394,6.430037019849986e-07,0.0,1043.8422617789831,156.99999999999997,0.0,0.0,0.1649484786866543,0.0,0.0,0.0,0.0,0.0,20.000000000000064,20.000000000000064,0.0,0.0
10.833333333253602,2.3000000000162295,6.430037019849986e-07,0.0,1041.2498882864136,156.99999999999997,0.0,0.0,0.161650489793725,0.0,0.0,0.0,0.0,0.0,20.000000000000036,20.000000000000036,0.0,0.0
10.841666666586814,2.3000000000160674,6.430037019849986e-07,0.0,1038.6438783477467,156.99999999999997,0.0,0.0,0.15835760979028632,0.0,0.0,0.0,0.0,0.0,20.000000000000036,20.000000000000036,0.0,0.0
10.849999999920026,2.300000000015908,6.430037019849986e-07,0.0,1036.0240740080624,156.99999999999997,0.0,0.0,0.15507015078630604,0.0,0.0,0.0,0.0,0.0,20.000000000000057,20.000000000000057,0.0,0.0
10.858333333253238,2.300000000015751,6.430037019849986e-07,0.0,1033.3903078909077,156.99999999999997,0.0,0.0,0.1517884288910287,0.0,0.0,0.0,0.0,0.0,20.000000000000092,20.000000000000092,0.0,0.0
10.86666666658645,2.300000000015596,6.430037019849986e-07,0.0,1030.7424030664174,156.99999999999997,0.0,0.0,0.14851276500894514,0.0,0.0,0.0,0.0,0.0,20.000000000000085,20.000000000000085,0.0,0.0
10.874999999919662,2.3000000000154435,6.430037019849986e-07,0.0,1028.080172895165,156.99999999999997,0.0,0.0,0.14524348565832537,0.0,0.0,0.0,0.0,0.0,20.000000000000085,20.000000000000085,0.0,0.0
10.883333333252875,2.300000000015293,6.430037019849986e-07,0.0,1025.4034208471319,156.99999999999997,0.0,0.0,0.14198092381666594,0.0,0.0,0.0,0.0,0.0,20.00000000000008,20.00000000000008,0.0,0.0
10.891666666586087,2.300000000015144,6.430037019849986e-07,0.0,1022.7119402947869,156.99999999999997,0.0,0.0,0.1387254197973873,0.0,0.0,0.0,0.0,0.0,20.000000000000096,20.000000000000096,0.0,0.0
10.899999999919299,2.300000000014998,6.430037019849986e-07,0.0,1020.005514279407,156.99999999999997,0.0,0.0,0.1354773221627941,0.0,0.0,0.0,0.0,0.0,20.000000000000057,20.000000000000057,0.0,0.0
10.90833333325251,2.3000000000148537,6.430037019849986e-07,0.0,1017.2839152493018,156.99999999999997,0.0,0.0,0.13223698867836262,0.0,0.0,0.0,0.0,0.0,20.000000000000036,20.000000000000036,0.0,0.0
10.916666666585723,2.300000000014711,6.430037019849986e-07,0.0,1014.5469047688342,156.99999999999997,0.0,0.0,0.12900478731435075,0.0,0.0,0.0,0.0,0.0,20.00000000000004,20.00000000000004,0.0,0.0
10.924999999918935,2.300000000014571,6.430037019849986e-07,0.0,1011.7942331964789,156.99999999999997,0.0,0.0,0.1257810973007104,0.0,0.0,0.0,0.0,0.0,20.00000000000002,20.00000000000002,0.0,0.0
10.933333333252147,2.300000000014432,6.430037019849986e-07,0.0,1009.0256393304517,156.99999999999997,0.0,0.0,0.12256631024248817,0.0,0.0,0.0,0.0,0.0,20.00000000000003,20.00000000000003,0.0,0.0
10.941666666585359,2.300000000014295,6.430037019849986e-07,0.0,1006.2408500198142,156.99999999999997,0.0,0.0,0.1193608313031203,0.0,0.0,0.0,0.0,0.0,20.00000000000001,20.00000000000001,0.0,0.0
10.949999999918571,2.30000000001416,6.430037019849986e-07,0.0,1003.4395797389782,156.99999999999997,0.0,0.0,0.1161650804641721,0.0,0.0,0.0,0.0,0.0,20.00000000000002,20.00000000000002,0.0,0.0
10.958333333251783,2.300000000014027,6.430037019849986e-07,0.0,1000.6215301230957,156.99999999999997,0.0,0.0,0.11297949387080955,0.0,0.0,0.0,0.0,0.0,20.000000000000014,20.000000000000014,0.0,0.0
10.966666666584995,2.3000000000138954,6.430037019849986e-07,0.0,997.7863894617578,156.99999999999997,0.0,0.0,0.10980452527365218,0.0,0.0,0.0,0.0,0.0,20.00000000000002,20.00000000000002,0.0,0.0
10.974999999918207,2.3000000000137653,6.430037019849986e-07,0.0,994.9338321477553,156.99999999999997,0.0,0.0,0.10664064757854354,0.0,0.0,0.0,0.0,0.0,20.000000000000036,20.000000000000036,0.0,0.0
10.98333333325142,2.300000000013637,6.430037019849986e-07,0.0,992.0635180776235,156.99999999999997,0.0,0.0,0.10348835451761476,0.0,0.0,0.0,0.0,0.0,20.000000000000075,20.000000000000075,0.0,0.0
10.991666666584631,2.3000000000135103,6.430037019849986e-07,0.0,989.1750919999868,156.99999999999997,0.0,0.0,0.10034816245639998,0.0,0.0,0.0,0.0,0.0,20.000000000000103,20.000000000000103,0.0,0.0
10.999999999917843,2.300000000013385,6.430037019849986e-07,0.0,986.2681828074922,156.99999999999997,0.0,0.0,0.09722061235400475,0.0,0.0,0.0,0.0,0.0,20.000000000000114,20.000000000000114,0.0,0.0
11.008333333251056,2.300000000013264,6.430037019849986e-07,0.0,983.397876568233,156.99999999999997,0.0,0.0,0.09416500594831112,0.0,0.0,0.0,0.0,0.0,20.000000000000124,20.000000000000124,0.0,0.0
11.016666666584268,2.3000000000131484,6.430037019849986e-07,0.0,980.6173146057517,156.99999999999997,0.0,0.0,0.09123611999223032,0.0,0.0,0.0,0.0,0.0,20.000000000000107,20.000000000000107,0.0,0.0
11.02499999991748,2.3000000000130383,6.430037019849986e-07,0.0,977.9227941835999,156.99999999999997,0.0,0.0,0.08842745284142718,0.0,0.0,0.0,0.0,0.0,20.000000000000078,20.000000000000078,0.0,0.0
11.033333333250692,2.3000000000129335,6.430037019849986e-07,0.0,975.3108015787897,156.99999999999997,0.0,0.0,0.08573289907786479,0.0,0.0,0.0,0.0,0.0,20.00000000000009,20.00000000000009,0.0,0.0
11.041666666583904,2.300000000012833,6.430037019849986e-07,0.0,972.7780006205348,156.99999999999997,0.0,0.0,0.08314672162183077,0.0,0.0,0.0,0.0,0.0,20.000000000000046,20.000000000000046,0.0,0.0
11.049999999917116,2.3000000000127376,6.430037019849986e-07,0.0,970.3212220316866,156.99999999999997,0.0,0.0,0.08066352606488361,0.0,0.0,0.0,0.0,0.0,20.000000000000007,20.000000000000007,0.0,0.0
11.058333333250328,2.300000000012646,6.430037019849986e-07,0.0,967.9374535092536,156.99999999999997,0.0,0.0,0.07827823702670825,0.0,0.0,0.0,0.0,0.0,20.000000000000004,20.000000000000004,0.0,0.0
11.06666666658354,2.3000000000125587,6.430037019849986e-07,0.0,965.623830486011,156.99999999999997,0.0,0.0,0.07598607635809336,0.0,0.0,0.0,0.0,0.0,19.99999999999998,19.99999999999998,0.0,0.0
11.074999999916752,2.3000000000124747,6.430037019849986e-07,0.0,963.3776275202706,156.99999999999997,0.0,0.0,0.07378254302943277,0.0,0.0,0.0,0.0,0.0,19.999999999999957,19.999999999999957,0.0,0.0
11.083333333249964,2.300000000012395,6.430037019849986e-07,0.0,961.1962502654694,156.99999999999997,0.0,0.0,0.07166339455952356,0.0,0.0,0.0,0.0,0.0,19.99999999999997,19.99999999999997,0.0,0.0
11.091666666583176,2.3000000000123175,6.430037019849986e-07,0.0,959.0772279753796,156.99999999999997,0.0,0.0,0.06962462985320833,0.0,0.0,0.0,0.0,0.0,20.00000000000001,20.00000000000001,0.0,0.0
11.099999999916388,2.300000000012244,6.430037019849986e-07,0.0,957.018206504494,156.99999999999997,0.0,0.0,0.0676624733287545,0.0,0.0,0.0,0.0,0.0,20.00000000000004,20.00000000000004,0.0,0.0
11.1083333332496,2.3000000000121728,6.430037019849986e-07,0.0,955.016941766549,156.99999999999997,0.0,0.0,0.06577336022694646,0.0,0.0,0.0,0.0,0.0,20.00000000000004,20.00000000000004,0.0,0.0
11.116666666582812,2.3000000000121044,6.430037019849986e-07,0.0,953.0712936172326,156.99999999999997,0.0,0.0,0.06395392300383393,0.0,0.0,0.0,0.0,0.0,20.00000000000005,20.00000000000005,0.0,0.0
11.124999999916025,2.3000000000120386,6.430037019849986e-07,0.0,951.1792201299279,156.99999999999997,0.0,0.0,0.06220097871802434,0.0,0.0,0.0,0.0,0.0,20.000000000000046,20.000000000000046,0.0,0.0
11.133333333249237,2.3000000000119756,6.430037019849986e-07,0.0,949.3387722358984,156.99999999999997,0.0,0.0,0.06051151733149171,0.0,0.0,0.0,0.0,0.0,20.000000000000043,20.000000000000043,0.0,0.0
11.141666666582449,2.3000000000119147,6.430037019849986e-07,0.0,947.5480887026347,156.99999999999997,0.0,0.0,0.05888269085013165,0.0,0.0,0.0,0.0,0.0,20.000000000000078,20.000000000000078,0.0,0.0
11.14999999991566,2.300000000011856,6.430037019849986e-07,0.0,945.8053914261959,156.99999999999997,0.0,0.0,0.05731180323685478,0.0,0.0,0.0,0.0,0.0,20.000000000000103,20.000000000000103,0.0,0.0
11.158333333248873,2.3000000000117993,6.430037019849986e-07,0.0,944.1089810153094,156.99999999999997,0.0,0.0,0.05579630103593903,0.0,0.0,0.0,0.0,0.0,20.000000000000075,20.000000000000075,0.0,0.0
11.166666666582085,2.300000000011745,6.430037019849986e-07,0.0,942.4572326467417,156.99999999999997,0.0,0.0,0.0543337646527109,0.0,0.0,0.0,0.0,0.0,20.00000000000008,20.00000000000008,0.0,0.0
11.174999999915297,2.3000000000116922,6.430037019849986e-07,0.0,940.848592173066,156.99999999999997,0.0,0.0,0.05292190023747111,0.0,0.0,0.0,0.0,0.0,20.00000000000012,20.00000000000012,0.0,0.0
11.183333333248509,2.3000000000116416,6.430037019849986e-07,0.0,939.2815724654064,156.99999999999997,0.0,0.0,0.051558532126966615,0.0,0.0,0.0,0.0,0.0,20.00000000000008,20.00000000000008,0.0,0.0
11.191666666581721,2.3000000000115923,6.430037019849986e-07,0.0,937.7547499750884,156.99999999999997,0.0,0.0,0.05024159580068741,0.0,0.0,0.0,0.0,0.0,20.0000000000001,20.0000000000001,0.0,0.0
11.199999999914933,2.3000000000115453,6.430037019849986e-07,0.0,936.2667614993495,156.99999999999997,0.0,0.0,0.04896913131287314,0.0,0.0,0.0,0.0,0.0,20.000000000000064,20.000000000000064,0.0,0.0
11.208333333248145,2.300000000011499,6.430037019849986e-07,0.0,934.8163011373804,156.99999999999997,0.0,0.0,0.047739277164385654,0.0,0.0,0.0,0.0,0.0,20.000000000000078,20.000000000000078,0.0,0.0
11.216666666581357,2.3000000000114547,6.430037019849986e-07,0.0,933.4021174240099,156.99999999999997,0.0,0.0,0.04655026458158744,0.0,0.0,0.0,0.0,0.0,20.000000000000053,20.000000000000053,0.0,0.0
11.22499999991457,2.300000000011412,6.430037019849986e-07,0.0,932.0230106292754,156.99999999999997,0.0,0.0,0.04540041217206031,0.0,0.0,0.0,0.0,0.0,20.00000000000001,20.00000000000001,0.0,0.0
11.233333333247781,2.3000000000113703,6.430037019849986e-07,0.0,930.6778302130053,156.99999999999997,0.0,0.0,0.04428812092946997,0.0,0.0,0.0,0.0,0.0,20.00000000000003,20.00000000000003,0.0,0.0
11.241666666580993,2.3000000000113303,6.430037019849986e-07,0.0,929.3654724243193,156.99999999999997,0.0,0.0,0.04321186956212781,0.0,0.0,0.0,0.0,0.0,20.00000000000006,20.00000000000006,0.0,0.0
11.249999999914206,2.3000000000112912,6.430037019849986e-07,0.0,928.0848780366987,156.99999999999997,0.0,0.0,0.04217021012183141,0.0,0.0,0.0,0.0,0.0,20.00000000000004,20.00000000000004,0.0,0.0
11.258333333247418,2.3000000000112535,6.430037019849986e-07,0.0,926.8350302099435,156.99999999999997,0.0,0.0,0.041161763911452966,0.0,0.0,0.0,0.0,0.0,20.00000000000005,20.00000000000005,0.0,0.0
11.26666666658063,2.3000000000112166,6.430037019849986e-07,0.0,925.6149524709585,156.99999999999997,0.0,0.0,0.04018521765142999,0.0,0.0,0.0,0.0,0.0,20.000000000000018,20.000000000000018,0.0,0.0
11.274999999913842,2.300000000011181,6.430037019849986e-07,0.0,924.4237068058784,156.99999999999997,0.0,0.0,0.03923931988687542,0.0,0.0,0.0,0.0,0.0,20.000000000000004,20.000000000000004,0.0,0.0
11.283333333247054,2.3000000000111465,6.430037019849986e-07,0.0,923.2603918565734,156.99999999999997,0.0,0.0,0.03832287761845681,0.0,0.0,0.0,0.0,0.0,20.0,20.0,0.0,0.0
11.291666666580266,2.300000000011113,6.430037019849986e-07,0.0,922.1241412150557,156.99999999999997,0.0,0.0,0.0374347531414748,0.0,0.0,0.0,0.0,0.0,20.000000000000014,20.000000000000014,0.0,0.0
11.299999999913478,2.3000000000110803,6.430037019849986e-07,0.0,921.0141218097629,156.99999999999997,0.0,0.0,0.03657386107878887,0.0,0.0,0.0,0.0,0.0,19.999999999999982,19.999999999999982,0.0,0.0
11.30833333324669,2.3000000000110488,6.430037019849986e-07,0.0,919.9295323781027,156.99999999999997,0.0,0.0,0.035739165594312075,0.0,0.0,0.0,0.0,0.0,20.000000000000014,20.000000000000014,0.0,0.0
11.316666666579902,2.300000000011018,6.430037019849986e-07,0.0,918.8696020200337,156.99999999999997,0.0,0.0,0.03492967777480779,0.0,0.0,0.0,0.0,0.0,20.00000000000001,20.00000000000001,0.0,0.0
11.324999999913114,2.3000000000109884,6.430037019849986e-07,0.0,917.8335888277976,156.99999999999997,0.0,0.0,0.03414445316863642,0.0,0.0,0.0,0.0,0.0,20.000000000000032,20.000000000000032,0.0,0.0
11.333333333246326,2.300000000010959,6.430037019849986e-07,0.0,916.8207785872655,156.99999999999997,0.0,0.0,0.03338258947094921,0.0,0.0,0.0,0.0,0.0,20.00000000000003,20.00000000000003,0.0,0.0
11.341666666579538,2.300000000010931,6.430037019849986e-07,0.0,915.8304835466431,156.99999999999997,0.0,0.0,0.032643224345595745,0.0,0.0,0.0,0.0,0.0,20.00000000000003,20.00000000000003,0.0,0.0
11.34999999991275,2.3000000000109035,6.430037019849986e-07,0.0,914.8620412485768,156.99999999999997,0.0,0.0,0.03192553337473004,0.0,0.0,0.0,0.0,0.0,20.00000000000004,20.00000000000004,0.0,0.0
11.358333333245962,2.300000000010877,6.430037019849986e-07,0.0,913.914813421956,156.99999999999997,0.0,0.0,0.031228728127753614,0.0,0.0,0.0,0.0,0.0,20.000000000000032,20.000000000000032,0.0,0.0
11.366666666579174,2.3000000000108507,6.430037019849986e-07,0.0,912.9881849299477,156.99999999999997,0.0,0.0,0.030552054341836082,0.0,0.0,0.0,0.0,0.0,20.000000000000036,20.000000000000036,0.0,0.0
11.374999999912387,2.3000000000108254,6.430037019849986e-07,0.0,912.0815627710292,156.99999999999997,0.0,0.0,0.029894790206815333,0.0,0.0,0.0,0.0,0.0,20.00000000000004,20.00000000000004,0.0,0.0
11.383333333245599,2.3000000000108005,6.430037019849986e-07,0.0,911.1943751299849,156.99999999999997,0.0,0.0,0.029256244747788093,0.0,0.0,0.0,0.0,0.0,20.00000000000006,20.00000000000006,0.0,0.0
11.39166666657881,2.3000000000107765,6.430037019849986e-07,0.0,910.3260704760364,156.99999999999997,0.0,0.0,0.02863575629917277,0.0,0.0,0.0,0.0,0.0,20.000000000000075,20.000000000000075,0.0,0.0
11.399999999912023,2.300000000010753,6.430037019849986e-07,0.0,909.4761167054448,156.99999999999997,0.0,0.0,0.028032691064469324,0.0,0.0,0.0,0.0,0.0,20.000000000000053,20.000000000000053,0.0,0.0
11.408333333245235,2.3000000000107303,6.430037019849986e-07,0.0,908.6440003261007,156.99999999999997,0.0,0.0,0.02744644175633587,0.0,0.0,0.0,0.0,0.0,20.000000000000032,20.000000000000032,0.0,0.0
11.416666666578447,2.3000000000107077,6.430037019849986e-07,0.0,907.8292256817635,156.99999999999997,0.0,0.0,0.026876426311983156,0.0,0.0,0.0,0.0,0.0,20.00000000000001,20.00000000000001,0.0,0.0
11.424999999911659,2.300000000010686,6.430037019849986e-07,0.0,907.0313142137672,156.99999999999997,0.0,0.0,0.026322086679218662,0.0,0.0,0.0,0.0,0.0,20.000000000000004,20.000000000000004,0.0,0.0
11.433333333244871,2.300000000010665,6.430037019849986e-07,0.0,906.2498037581346,156.99999999999997,0.0,0.0,0.025782887668808138,0.0,0.0,0.0,0.0,0.0,20.000000000000007,20.000000000000007,0.0,0.0
11.441666666578083,2.300000000010644,6.430037019849986e-07,0.0,905.4842478761742,156.99999999999997,0.0,0.0,0.025258315869097735,0.0,0.0,0.0,0.0,0.0,20.000000000000032,20.000000000000032,0.0,0.0
11.449999999911295,2.300000000010624,6.430037019849986e-07,0.0,904.7342152167494,156.99999999999997,0.0,0.0,0.024747878619130366,0.0,0.0,0.0,0.0,0.0,19.999999999999996,19.999999999999996,0.0,0.0
11.458333333244507,2.3000000000106042,6.430037019849986e-07,0.0,903.9992889085177,156.99999999999997,0.0,0.0,0.024251103036726146,0.0,0.0,0.0,0.0,0.0,20.0,20.0,0.0,0.0
11.46666666657772,2.300000000010585,6.430037019849986e-07,0.0,903.2790659805426,156.99999999999997,0.0,0.0,0.023767535098246154,0.0,0.0,0.0,0.0,0.0,20.000000000000046,20.000000000000046,0.0,0.0
11.474999999910931,2.3000000000105665,6.430037019849986e-07,0.0,902.5731568097733,156.99999999999997,0.0,0.0,0.02329673876696209,0.0,0.0,0.0,0.0,0.0,20.00000000000009,20.00000000000009,0.0,0.0
11.483333333244143,2.300000000010548,6.430037019849986e-07,0.0,901.8811845939779,156.99999999999997,0.0,0.0,0.022838295167166664,0.0,0.0,0.0,0.0,0.0,20.000000000000068,20.000000000000068,0.0,0.0
11.491666666577355,2.30000000001053,6.430037019849986e-07,0.0,901.2027848487984,156.99999999999997,0.0,0.0,0.02239180180133929,0.0,0.0,0.0,0.0,0.0,20.000000000000085,20.000000000000085,0.0,0.0
11.499999999910568,2.3000000000105123,6.430037019849986e-07,0.0,900.5376049276754,156.99999999999997,0.0,0.0,0.021956871807862082,0.0,0.0,0.0,0.0,0.0,20.000000000000092,20.000000000000092,0.0,0.0
11.50833333324378,2.3000000000104954,6.430037019849986e-07,0.0,899.8853035634597,156.99999999999997,0.0,0.0,0.021533133256931836,0.0,0.0,0.0,0.0,0.0,20.000000000000107,20.000000000000107,0.0,0.0
11.516666666576992,2.3000000000104786,6.430037019849986e-07,0.0,899.2455504306008,156.99999999999997,0.0,0.0,0.021120228482478357,0.0,0.0,0.0,0.0,0.0,20.000000000000135,20.000000000000135,0.0,0.0
11.524999999910204,2.300000000010462,6.430037019849986e-07,0.0,898.61802572686,156.99999999999997,0.0,0.0,0.020717813448024845,0.0,0.0,0.0,0.0,0.0,20.000000000000135,20.000000000000135,0.0,0.0
11.533333333243416,2.300000000010446,6.430037019849986e-07,0.0,898.0024197735625,156.99999999999997,0.0,0.0,0.020325557144566953,0.0,0.0,0.0,0.0,0.0,20.000000000000174,20.000000000000174,0.0,0.0
11.541666666576628,2.3000000000104306,6.430037019849986e-07,0.0,897.3984326334547,156.99999999999997,0.0,0.0,0.019943141018660595,0.0,0.0,0.0,0.0,0.0,20.000000000000192,20.000000000000192,0.0,0.0
11.54999999990984,2.300000000010415,6.430037019849986e-07,0.0,896.8057737452839,156.99999999999997,0.0,0.0,0.019570258429023775,0.0,0.0,0.0,0.0,0.0,20.00000000000019,20.00000000000019,0.0,0.0
11.558333333243052,2.3000000000104,6.430037019849986e-07,0.0,896.2241615742716,156.99999999999997,0.0,0.0,0.019206614130066094,0.0,0.0,0.0,0.0,0.0,20.000000000000185,20.000000000000185,0.0,0.0
11.566666666576264,2.3000000000103853,6.430037019849986e-07,0.0,895.6533232776958,156.99999999999997,0.0,0.0,0.018851923780849794,0.0,0.0,0.0,0.0,0.0,20.000000000000174,20.000000000000174,0.0,0.0
11.574999999909476,2.300000000010371,6.430037019849986e-07,0.0,895.0929943848369,156.99999999999997,0.0,0.0,0.018505913478086004,0.0,0.0,0.0,0.0,0.0,20.00000000000016,20.00000000000016,0.0,0.0
11.583333333242688,2.300000000010357,6.430037019849986e-07,0.0,894.5429184905906,156.99999999999997,0.0,0.0,0.01816831931184866,0.0,0.0,0.0,0.0,0.0,20.000000000000153,20.000000000000153,0.0,0.0
11.5916666665759,2.300000000010343,6.430037019849986e-07,0.0,894.0028469620829,156.99999999999997,0.0,0.0,0.017838886942769017,0.0,0.0,0.0,0.0,0.0,20.00000000000014,20.00000000000014,0.0,0.0
11.599999999909112,2.30000000001033,6.430037019849986e-07,0.0,893.4725386576591,156.99999999999997,0.0,0.0,0.017517371199554283,0.0,0.0,0.0,0.0,0.0,20.000000000000167,20.000000000000167,0.0,0.0
11.608333333242324,2.3000000000103165,6.430037019849986e-07,0.0,892.9517596576571,156.99999999999997,0.0,0.0,0.0172035356957315,0.0,0.0,0.0,0.0,0.0,20.000000000000192,20.000000000000192,0.0,0.0
11.616666666575536,2.3000000000103036,6.430037019849986e-07,0.0,892.4402830064009,156.99999999999997,0.0,0.0,0.01689715246459519,0.0,0.0,0.0,0.0,0.0,20.000000000000195,20.000000000000195,0.0,0.0
11.624999999908749,2.3000000000102907,6.430037019849986e-07,0.0,891.937888464884,156.99999999999997,0.0,0.0,0.016598001611387962,0.0,0.0,0.0,0.0,0.0,20.0000000000002,20.0000000000002,0.0,0.0
11.63333333324196,2.3000000000102783,6.430037019849986e-07,0.0,891.4443622736399,156.99999999999997,0.0,0.0,0.016305870981805942,0.0,0.0,0.0,0.0,0.0,20.000000000000174,20.000000000000174,0.0,0.0
11.641666666575173,2.3000000000102663,6.430037019849986e-07,0.0,890.9594969253217,156.99999999999997,0.0,0.0,0.016020555845973443,0.0,0.0,0.0,0.0,0.0,20.000000000000185,20.000000000000185,0.0,0.0
11.649999999908385,2.3000000000102543,6.430037019849986e-07,0.0,890.4830909465416,156.99999999999997,0.0,0.0,0.015741858597075508,0.0,0.0,0.0,0.0,0.0,20.00000000000019,20.00000000000019,0.0,0.0
11.658333333241597,2.3000000000102427,6.430037019849986e-07,0.0,890.0149486885387,156.99999999999997,0.0,0.0,0.015469588463892315,0.0,0.0,0.0,0.0,0.0,20.000000000000153,20.000000000000153,0.0,0.0
11.666666666574809,2.300000000010231,6.430037019849986e-07,0.0,889.5548801262706,156.99999999999997,0.0,0.0,0.015203561236514836,0.0,0.0,0.0,0.0,0.0,20.00000000000011,20.00000000000011,0.0,0.0
11.674999999908021,2.30000000001022,6.430037019849986e-07,0.0,889.1027006655456,156.99999999999997,0.0,0.0,0.014943599004567213,0.0,0.0,0.0,0.0,0.0,20.000000000000092,20.000000000000092,0.0,0.0
11.683333333241233,2.300000000010209,6.430037019849986e-07,0.0,888.6582309578255,156.99999999999997,0.0,0.0,0.014689529907298967,0.0,0.0,0.0,0.0,0.0,20.000000000000124,20.000000000000124,0.0,0.0
11.691666666574445,2.300000000010198,6.430037019849986e-07,0.0,888.2212967223563,156.99999999999997,0.0,0.0,0.01444118789494147,0.0,0.0,0.0,0.0,0.0,20.00000000000013,20.00000000000013,0.0,0.0
11.699999999907657,2.3000000000101872,6.430037019849986e-07,0.0,887.7917285752961,156.99999999999997,0.0,0.0,0.014198412500764408,0.0,0.0,0.0,0.0,0.0,20.00000000000017,20.00000000000017,0.0,0.0
11.70833333324087,2.300000000010177,6.430037019849986e-07,0.0,887.369361865525,156.99999999999997,0.0,0.0,0.013961048623294049,0.0,0.0,0.0,0.0,0.0,20.000000000000153,20.000000000000153,0.0,0.0
11.716666666574081,2.300000000010167,6.430037019849986e-07,0.0,886.9540365168441,156.99999999999997,0.0,0.0,0.013728946318185649,0.0,0.0,0.0,0.0,0.0,20.000000000000135,20.000000000000135,0.0,0.0
11.724999999907293,2.3000000000101566,6.430037019849986e-07,0.0,886.5455968762778,156.99999999999997,0.0,0.0,0.013501960599272052,0.0,0.0,0.0,0.0,0.0,20.000000000000117,20.000000000000117,0.0,0.0
11.733333333240505,2.300000000010147,6.430037019849986e-07,0.0,886.1438915682133,156.99999999999997,0.0,0.0,0.013279951248336783,0.0,0.0,0.0,0.0,0.0,20.000000000000075,20.000000000000075,0.0,0.0
11.741666666573717,2.300000000010137,6.430037019849986e-07,0.0,885.7487733541196,156.99999999999997,0.0,0.0,0.013062782633181627,0.0,0.0,0.0,0.0,0.0,20.00000000000006,20.00000000000006,0.0,0.0
11.74999999990693,2.3000000000101277,6.430037019849986e-07,0.0,885.3600989976059,156.99999999999997,0.0,0.0,0.012850323533585341,0.0,0.0,0.0,0.0,0.0,20.00000000000005,20.00000000000005,0.0,0.0
11.758333333240142,2.3000000000101184,6.430037019849986e-07,0.0,884.9777291345868,156.99999999999997,0.0,0.0,0.012642446974770053,0.0,0.0,0.0,0.0,0.0,20.000000000000018,20.000000000000018,0.0,0.0
11.766666666573354,2.300000000010109,6.430037019849986e-07,0.0,884.6015281483355,156.99999999999997,0.0,0.0,0.012439030068012537,0.0,0.0,0.0,0.0,0.0,20.000000000000032,20.000000000000032,0.0,0.0
11.774999999906566,2.3000000000101,6.430037019849986e-07,0.0,884.2313640492149,156.99999999999997,0.0,0.0,0.012239953858059508,0.0,0.0,0.0,0.0,0.0,20.000000000000018,20.000000000000018,0.0,0.0
11.783333333239778,2.3000000000100913,6.430037019849986e-07,0.0,883.8671083588881,156.99999999999997,0.0,0.0,0.012045103177018004,0.0,0.0,0.0,0.0,0.0,20.000000000000043,20.000000000000043,0.0,0.0
11.79166666657299,2.3000000000100824,6.430037019849986e-07,0.0,883.5086359988193,156.99999999999997,0.0,0.0,0.011854366504417683,0.0,0.0,0.0,0.0,0.0,20.00000000000011,20.00000000000011,0.0,0.0
11.799999999906202,2.300000000010074,6.430037019849986e-07,0.0,883.1558251828824,156.99999999999997,0.0,0.0,0.011667635833149717,0.0,0.0,0.0,0.0,0.0,20.00000000000013,20.00000000000013,0.0,0.0
11.808333333239414,2.3000000000100655,6.430037019849986e-07,0.0,882.8085573139076,156.99999999999997,0.0,0.0,0.011484806541008783,0.0,0.0,0.0,0.0,0.0,20.00000000000011,20.00000000000011,0.0,0.0
11.816666666572626,2.3000000000100576,6.430037019849986e-07,0.0,882.4667168839998,156.99999999999997,0.0,0.0,0.011305777267573716,0.0,0.0,0.0,0.0,0.0,20.000000000000078,20.000000000000078,0.0,0.0
11.824999999905838,2.3000000000100496,6.430037019849986e-07,0.0,882.1301913784744,156.99999999999997,0.0,0.0,0.01113044979618061,0.0,0.0,0.0,0.0,0.0,20.00000000000011,20.00000000000011,0.0,0.0
11.83333333323905,2.3000000000100416,6.430037019849986e-07,0.0,881.798871183259,156.99999999999997,0.0,0.0,0.010958728940751278,0.0,0.0,0.0,0.0,0.0,20.000000000000092,20.000000000000092,0.0,0.0
11.841666666572262,2.3000000000100336,6.430037019849986e-07,0.0,881.4726494956218,156.99999999999997,0.0,0.0,0.010790522437254566,0.0,0.0,0.0,0.0,0.0,20.00000000000007,20.00000000000007,0.0,0.0
11.849999999905474,2.300000000010026,6.430037019849986e-07,0.0,881.1514222380862,156.99999999999997,0.0,0.0,0.010625740839586142,0.0,0.0,0.0,0.0,0.0,20.000000000000053,20.000000000000053,0.0,0.0
11.858333333238686,2.3000000000100185,6.430037019849986e-07,0.0,880.8350879754084,156.99999999999997,0.0,0.0,0.010464297419668398,0.0,0.0,0.0,0.0,0.0,20.00000000000005,20.00000000000005,0.0,0.0
11.866666666571899,2.300000000010011,6.430037019849986e-07,0.0,880.5235478344887,156.99999999999997,0.0,0.0,0.01030610807157707,0.0,0.0,0.0,0.0,0.0,20.000000000000068,20.000000000000068,0.0,0.0
11.87499999990511,2.3000000000100034,6.430037019849986e-07,0.0,880.216705427101,156.99999999999997,0.0,0.0,0.010151091219512996,0.0,0.0,0.0,0.0,0.0,20.000000000000107,20.000000000000107,0.0,0.0
11.883333333238323,2.3000000000099963,6.430037019849986e-07,0.0,879.9144667753286,156.99999999999997,0.0,0.0,0.009999167729446744,0.0,0.0,0.0,0.0,0.0,20.000000000000107,20.000000000000107,0.0,0.0
11.891666666571535,2.300000000009989,6.430037019849986e-07,0.0,879.6167402395959,156.99999999999997,0.0,0.0,0.00985026082427262,0.0,0.0,0.0,0.0,0.0,20.000000000000117,20.000000000000117,0.0,0.0
11.899999999904747,2.3000000000099825,6.430037019849986e-07,0.0,879.3234364491952,156.99999999999997,0.0,0.0,0.009704296002315002,0.0,0.0,0.0,0.0,0.0,20.000000000000107,20.000000000000107,0.0,0.0
11.908333333237959,2.3000000000099754,6.430037019849986e-07,0.0,879.0344682352111,156.99999999999997,0.0,0.0,0.009561200959038894,0.0,0.0,0.0,0.0,0.0,20.000000000000075,20.000000000000075,0.0,0.0
11.916666666571171,2.3000000000099687,6.430037019849986e-07,0.0,878.7497505657443,156.99999999999997,0.0,0.0,0.009420905511824096,0.0,0.0,0.0,0.0,0.0,20.000000000000053,20.000000000000053,0.0,0.0
11.924999999904383,2.300000000009962,6.430037019849986e-07,0.0,878.4692004833508,156.99999999999997,0.0,0.0,0.009283341527669117,0.0,0.0,0.0,0.0,0.0,20.00000000000001,20.00000000000001,0.0,0.0
11.933333333237595,2.3000000000099554,6.430037019849986e-07,0.0,878.1927370446049,156.99999999999997,0.0,0.0,0.009148442853695253,0.0,0.0,0.0,0.0,0.0,20.000000000000025,20.000000000000025,0.0,0.0
11.941666666570807,2.300000000009949,6.430037019849986e-07,0.0,877.9202812617086,156.99999999999997,0.0,0.0,0.00901614525033209,0.0,0.0,0.0,0.0,0.0,20.000000000000043,20.000000000000043,0.0,0.0
11.94999999990402,2.300000000009943,6.430037019849986e-07,0.0,877.651756046065,156.99999999999997,0.0,0.0,0.008886386327066023,0.0,0.0,0.0,0.0,0.0,20.000000000000025,20.000000000000025,0.0,0.0
11.958333333237231,2.3000000000099368,6.430037019849986e-07,0.0,877.3870861537429,156.99999999999997,0.0,0.0,0.008759105480644519,0.0,0.0,0.0,0.0,0.0,20.000000000000018,20.000000000000018,0.0,0.0
11.966666666570443,2.3000000000099305,6.430037019849986e-07,0.0,877.1261981327592,156.99999999999997,0.0,0.0,0.008634243835627001,0.0,0.0,0.0,0.0,0.0,20.000000000000043,20.000000000000043,0.0,0.0
11.974999999903655,2.3000000000099243,6.430037019849986e-07,0.0,876.8690202721114,156.99999999999997,0.0,0.0,0.00851174418718732,0.0,0.0,0.0,0.0,0.0,20.00000000000008,20.00000000000008,0.0,0.0
11.983333333236867,2.3000000000099186,6.430037019849986e-07,0.0,876.6154825524918,156.99999999999997,0.0,0.0,0.00839155094606827,0.0,0.0,0.0,0.0,0.0,20.00000000000012,20.00000000000012,0.0,0.0
11.99166666657008,2.300000000009913,6.430037019849986e-07,0.0,876.3655165986244,156.99999999999997,0.0,0.0,0.008273610085600737,0.0,0.0,0.0,0.0,0.0,20.000000000000124,20.000000000000124,0.0,0.0
11.999999999903292,2.300000000009907,6.430037019849986e-07,0.0,876.119055633158,156.99999999999997,0.0,0.0,0.008157869090697677,0.0,0.0,0.0,0.0,0.0,20.000000000000117,20.000000000000117,0.0,0.0
12.008333333236505,2.3000000000099012,6.430037019849986e-07,0.0,875.8760344320641,156.99999999999997,0.0,0.0,0.008044276908743497,0.0,0.0,0.0,0.0,0.0,20.000000000000153,20.000000000000153,0.0,0.0
12.016666666569717,2.3000000000098955,6.430037019849986e-07,0.0,875.6363892814777,156.99999999999997,0.0,0.0,0.007932783902297102,0.0,0.0,0.0,0.0,0.0,20.000000000000163,20.000000000000163,0.0,0.0
12.02499999990293,2.30000000000989,6.430037019849986e-07,0.0,875.4000579359326,156.99999999999997,0.0,0.0,0.007823341803536553,0.0,0.0,0.0,0.0,0.0,20.00000000000016,20.00000000000016,0.0,0.0
12.033333333236142,2.300000000009885,6.430037019849986e-07,0.0,875.1669795779376,156.99999999999997,0.0,0.0,0.007715903670370618,0.0,0.0,0.0,0.0,0.0,20.000000000000114,20.000000000000114,0.0,0.0
12.041666666569354,2.3000000000098795,6.430037019849986e-07,0.0,874.9370947788443,156.99999999999997,0.0,0.0,0.0076104238441510276,0.0,0.0,0.0,0.0,0.0,20.00000000000008,20.00000000000008,0.0,0.0
12.049999999902566,2.300000000009874,6.430037019849986e-07,0.0,874.7103454609615,156.99999999999997,0.0,0.0,0.007506857908919415,0.0,0.0,0.0,0.0,0.0,20.00000000000009,20.00000000000009,0.0,0.0
12.058333333235778,2.300000000009869,6.430037019849986e-07,0.0,874.4866748608689,156.99999999999997,0.0,0.0,0.007405162652126041,0.0,0.0,0.0,0.0,0.0,20.000000000000085,20.000000000000085,0.0,0.0
12.06666666656899,2.300000000009864,6.430037019849986e-07,0.0,874.2660274938885,156.99999999999997,0.0,0.0,0.007305296026761153,0.0,0.0,0.0,0.0,0.0,20.0000000000001,20.0000000000001,0.0,0.0
12.074999999902202,2.3000000000098586,6.430037019849986e-07,0.0,874.0483491196709,156.99999999999997,0.0,0.0,0.007207217114842744,0.0,0.0,0.0,0.0,0.0,20.000000000000107,20.000000000000107,0.0,0.0
12.083333333235414,2.3000000000098537,6.430037019849986e-07,0.0,873.8335867088579,156.99999999999997,0.0,0.0,0.007110886092204921,0.0,0.0,0.0,0.0,0.0,20.000000000000128,20.000000000000128,0.0,0.0
12.091666666568626,2.300000000009849,6.430037019849986e-07,0.0,873.6216884107822,156.99999999999997,0.0,0.0,0.0070162641945366025,0.0,0.0,0.0,0.0,0.0,20.000000000000135,20.000000000000135,0.0,0.0
12.099999999901838,2.300000000009844,6.430037019849986e-07,0.0,873.4126035221675,156.99999999999997,0.0,0.0,0.006923313684619132,0.0,0.0,0.0,0.0,0.0,20.000000000000117,20.000000000000117,0.0,0.0
12.10833333323505,2.300000000009839,6.430037019849986e-07,0.0,873.2062824567945,156.99999999999997,0.0,0.0,0.006831997820716269,0.0,0.0,0.0,0.0,0.0,20.000000000000103,20.000000000000103,0.0,0.0
12.116666666568262,2.3000000000098346,6.430037019849986e-07,0.0,873.0026767160979,156.99999999999997,0.0,0.0,0.00674228082607217,0.0,0.0,0.0,0.0,0.0,20.000000000000114,20.000000000000114,0.0,0.0
12.124999999901474,2.3000000000098297,6.430037019849986e-07,0.0,872.8017388606632,156.99999999999997,0.0,0.0,0.0066541278594720735,0.0,0.0,0.0,0.0,0.0,20.000000000000128,20.000000000000128,0.0,0.0
12.133333333234686,2.3000000000098253,6.430037019849986e-07,0.0,872.6034224825903,156.99999999999997,0.0,0.0,0.006567504986824038,0.0,0.0,0.0,0.0,0.0,20.000000000000142,20.000000000000142,0.0,0.0
12.141666666567899,2.300000000009821,6.430037019849986e-07,0.0,872.4076821786948,156.99999999999997,0.0,0.0,0.0064823791537250335,0.0,0.0,0.0,0.0,0.0,20.000000000000167,20.000000000000167,0.0,0.0
12.14999999990111,2.3000000000098164,6.430037019849986e-07,0.0,872.214473524519,156.99999999999997,0.0,0.0,0.006398718158969671,0.0,0.0,0.0,0.0,0.0,20.00000000000019,20.00000000000019,0.0,0.0
12.158333333234323,2.300000000009812,6.430037019849986e-07,0.0,872.0237530491232,156.99999999999997,0.0,0.0,0.0063164906289669065,0.0,0.0,0.0,0.0,0.0,20.000000000000146,20.000000000000146,0.0,0.0
12.166666666567535,2.3000000000098075,6.430037019849986e-07,0.0,871.8354782106304,156.99999999999997,0.0,0.0,0.006235665993029949,0.0,0.0,0.0,0.0,0.0,20.000000000000174,20.000000000000174,0.0,0.0
12.174999999900747,2.3000000000098035,6.430037019849986e-07,0.0,871.6496073725015,156.99999999999997,0.0,0.0,0.006156214459506607,0.0,0.0,0.0,0.0,0.0,20.000000000000185,20.000000000000185,0.0,0.0
12.183333333233959,2.300000000009799,6.430037019849986e-07,0.0,871.4660997805125,156.99999999999997,0.0,0.0,0.006078106992714965,0.0,0.0,0.0,0.0,0.0,20.000000000000192,20.000000000000192,0.0,0.0
12.191666666567171,2.300000000009795,6.430037019849986e-07,0.0,871.2849155404139,156.99999999999997,0.0,0.0,0.006001315290658843,0.0,0.0,0.0,0.0,0.0,20.000000000000195,20.000000000000195,0.0,0.0
12.199999999900383,2.300000000009791,6.430037019849986e-07,0.0,871.1060155962444,156.99999999999997,0.0,0.0,0.00592581176348863,0.0,0.0,0.0,0.0,0.0,20.000000000000234,20.000000000000234,0.0,0.0
12.208333333233595,2.300000000009787,6.430037019849986e-07,0.0,870.9293617092834,156.99999999999997,0.0,0.0,0.005851569512683623,0.0,0.0,0.0,0.0,0.0,20.000000000000234,20.000000000000234,0.0,0.0
12.216666666566807,2.300000000009783,6.430037019849986e-07,0.0,870.7549164376142,156.99999999999997,0.0,0.0,0.005778562310924751,0.0,0.0,0.0,0.0,0.0,20.000000000000224,20.000000000000224,0.0,0.0
12.22499999990002,2.300000000009779,6.430037019849986e-07,0.0,870.5826431162834,156.99999999999997,0.0,0.0,0.005706764582637059,0.0,0.0,0.0,0.0,0.0,20.00000000000023,20.00000000000023,0.0,0.0
12.233333333233231,2.300000000009775,6.430037019849986e-07,0.0,870.4125058380331,156.99999999999997,0.0,0.0,0.005636151385171324,0.0,0.0,0.0,0.0,0.0,20.00000000000024,20.00000000000024,0.0,0.0
12.241666666566443,2.3000000000097716,6.430037019849986e-07,0.0,870.2444694345884,156.99999999999997,0.0,0.0,0.005566698390606386,0.0,0.0,0.0,0.0,0.0,20.000000000000227,20.000000000000227,0.0,0.0
12.249999999899655,2.3000000000097676,6.430037019849986e-07,0.0,870.0784994584818,156.99999999999997,0.0,0.0,0.005498381868145074,0.0,0.0,0.0,0.0,0.0,20.000000000000192,20.000000000000192,0.0,0.0
12.258333333232867,2.300000000009764,6.430037019849986e-07,0.0,869.9145621653978,156.99999999999997,0.0,0.0,0.005431178667085785,0.0,0.0,0.0,0.0,0.0,20.000000000000238,20.000000000000238,0.0,0.0
12.26666666656608,2.3000000000097605,6.430037019849986e-07,0.0,869.7526244970188,156.99999999999997,0.0,0.0,0.0053650662003452716,0.0,0.0,0.0,0.0,0.0,20.000000000000206,20.000000000000206,0.0,0.0
12.274999999899292,2.3000000000097565,6.430037019849986e-07,0.0,869.5926540643579,156.99999999999997,0.0,0.0,0.005300022428514678,0.0,0.0,0.0,0.0,0.0,20.000000000000174,20.000000000000174,0.0,0.0
12.283333333232504,2.300000000009753,6.430037019849986e-07,0.0,869.4346191315625,156.99999999999997,0.0,0.0,0.005236025844429853,0.0,0.0,0.0,0.0,0.0,20.000000000000192,20.000000000000192,0.0,0.0
12.291666666565716,2.3000000000097494,6.430037019849986e-07,0.0,869.2784886001723,156.99999999999997,0.0,0.0,0.00517305545823449,0.0,0.0,0.0,0.0,0.0,20.000000000000238,20.000000000000238,0.0,0.0
12.299999999898928,2.300000000009746,6.430037019849986e-07,0.0,869.1242319938196,156.99999999999997,0.0,0.0,0.005111090782922592,0.0,0.0,0.0,0.0,0.0,20.000000000000266,20.000000000000266,0.0,0.0
12.30833333323214,2.3000000000097427,6.430037019849986e-07,0.0,868.9718194433552,156.99999999999997,0.0,0.0,0.005050111820339345,0.0,0.0,0.0,0.0,0.0,20.000000000000224,20.000000000000224,0.0,0.0
12.316666666565352,2.300000000009739,6.430037019849986e-07,0.0,868.8212216723878,156.99999999999997,0.0,0.0,0.004990099047626218,0.0,0.0,0.0,0.0,0.0,20.000000000000192,20.000000000000192,0.0,0.0
12.324999999898564,2.3000000000097356,6.430037019849986e-07,0.0,868.6724099832238,156.99999999999997,0.0,0.0,0.004931033404094037,0.0,0.0,0.0,0.0,0.0,20.000000000000195,20.000000000000195,0.0,0.0
12.333333333231776,2.3000000000097325,6.430037019849986e-07,0.0,868.5253562431952,156.99999999999997,0.0,0.0,0.004872896278508802,0.0,0.0,0.0,0.0,0.0,20.00000000000024,20.00000000000024,0.0,0.0
12.341666666564988,2.3000000000097294,6.430037019849986e-07,0.0,868.3800328713613,156.99999999999997,0.0,0.0,0.0048156694967745215,0.0,0.0,0.0,0.0,0.0,20.00000000000027,20.00000000000027,0.0,0.0
12.3499999998982,2.300000000009726,6.430037019849986e-07,0.0,868.2364128255758,156.99999999999997,0.0,0.0,0.004759335310002465,0.0,0.0,0.0,0.0,0.0,20.00000000000024,20.00000000000024,0.0,0.0
12.358333333231412,2.3000000000097227,6.430037019849986e-07,0.0,868.0944695899052,156.99999999999997,0.0,0.0,0.004703876382949031,0.0,0.0,0.0,0.0,0.0,20.00000000000022,20.00000000000022,0.0,0.0
12.366666666564624,2.3000000000097196,6.430037019849986e-07,0.0,867.954177162389,156.99999999999997,0.0,0.0,0.004649275782812848,0.0,0.0,0.0,0.0,0.0,20.000000000000206,20.000000000000206,0.0,0.0
12.374999999897836,2.3000000000097165,6.430037019849986e-07,0.0,867.8155100431304,156.99999999999997,0.0,0.0,0.004595516968376705,0.0,0.0,0.0,0.0,0.0,20.000000000000227,20.000000000000227,0.0,0.0
12.383333333231048,2.3000000000097134,6.430037019849986e-07,0.0,867.6784432227089,156.99999999999997,0.0,0.0,0.00454258377948277,0.0,0.0,0.0,0.0,0.0,20.000000000000195,20.000000000000195,0.0,0.0
12.39166666656426,2.3000000000097103,6.430037019849986e-07,0.0,867.5429521709015,156.99999999999997,0.0,0.0,0.004490460426831106,0.0,0.0,0.0,0.0,0.0,20.000000000000163,20.000000000000163,0.0,0.0
12.399999999897473,2.300000000009707,6.430037019849986e-07,0.0,867.4090128257078,156.99999999999997,0.0,0.0,0.004439131482087457,0.0,0.0,0.0,0.0,0.0,20.0000000000002,20.0000000000002,0.0,0.0
12.408333333230685,2.3000000000097045,6.430037019849986e-07,0.0,867.2766015826653,156.99999999999997,0.0,0.0,0.004388581868292605,0.0,0.0,0.0,0.0,0.0,20.000000000000213,20.000000000000213,0.0,0.0
12.416666666563897,2.3000000000097014,6.430037019849986e-07,0.0,867.1456952844496,156.99999999999997,0.0,0.0,0.004338796850561427,0.0,0.0,0.0,0.0,0.0,20.00000000000024,20.00000000000024,0.0,0.0
12.424999999897109,2.3000000000096987,6.430037019849986e-07,0.0,867.0162712107478,156.99999999999997,0.0,0.0,0.004289762027062142,0.0,0.0,0.0,0.0,0.0,20.000000000000288,20.000000000000288,0.0,0.0
12.43333333323032,2.3000000000096956,6.430037019849986e-07,0.0,866.8883070683997,156.99999999999997,0.0,0.0,0.0042414633202668955,0.0,0.0,0.0,0.0,0.0,20.000000000000295,20.000000000000295,0.0,0.0
12.441666666563533,2.300000000009693,6.430037019849986e-07,0.0,866.7617809817972,156.99999999999997,0.0,0.0,0.0041938869684635975,0.0,0.0,0.0,0.0,0.0,20.00000000000026,20.00000000000026,0.0,0.0
12.449999999896745,2.30000000000969,6.430037019849986e-07,0.0,866.636671483534,156.99999999999997,0.0,0.0,0.00414701951752079,0.0,0.0,0.0,0.0,0.0,20.000000000000277,20.000000000000277,0.0,0.0
12.458333333229957,2.300000000009687,6.430037019849986e-07,0.0,866.5129575052991,156.99999999999997,0.0,0.0,0.004100847812897021,0.0,0.0,0.0,0.0,0.0,20.000000000000277,20.000000000000277,0.0,0.0
12.46666666656317,2.3000000000096845,6.430037019849986e-07,0.0,866.390618369007,156.99999999999997,0.0,0.0,0.004055358991886741,0.0,0.0,0.0,0.0,0.0,20.000000000000295,20.000000000000295,0.0,0.0
12.474999999896381,2.300000000009682,6.430037019849986e-07,0.0,866.2696337781556,156.99999999999997,0.0,0.0,0.004010540476094823,0.0,0.0,0.0,0.0,0.0,20.000000000000313,20.000000000000313,0.0,0.0
12.483333333229593,2.300000000009679,6.430037019849986e-07,0.0,866.1499838094079,156.99999999999997,0.0,0.0,0.003966379964131512,0.0,0.0,0.0,0.0,0.0,20.000000000000266,20.000000000000266,0.0,0.0
12.491666666562805,2.3000000000096765,6.430037019849986e-07,0.0,866.0316489043886,156.99999999999997,0.0,0.0,0.003922865424521362,0.0,0.0,0.0,0.0,0.0,20.000000000000277,20.000000000000277,0.0,0.0
12.499999999896017,2.300000000009674,6.430037019849986e-07,0.0,865.9146098616915,156.99999999999997,0.0,0.0,0.0038799850888193697,0.0,0.0,0.0,0.0,0.0,20.000000000000295,20.000000000000295,0.0,0.0
12.50833333322923,2.300000000009671,6.430037019849986e-07,0.0,865.798847829089,156.99999999999997,0.0,0.0,0.0038377274449265817,0.0,0.0,0.0,0.0,0.0,20.000000000000277,20.000000000000277,0.0,0.0
12.516666666562442,2.300000000009669,6.430037019849986e-07,0.0,865.6843442959403,156.99999999999997,0.0,0.0,0.0037960812305984884,0.0,0.0,0.0,0.0,0.0,20.00000000000025,20.00000000000025,0.0,0.0
12.524999999895654,2.3000000000096663,6.430037019849986e-07,0.0,865.5710810857911,156.99999999999997,0.0,0.0,0.0037550354271421596,0.0,0.0,0.0,0.0,0.0,20.000000000000227,20.000000000000227,0.0,0.0
12.533333333228866,2.3000000000096636,6.430037019849986e-07,0.0,865.4590403491591,156.99999999999997,0.0,0.0,0.003714579253292832,0.0,0.0,0.0,0.0,0.0,20.00000000000023,20.00000000000023,0.0,0.0
12.541666666562078,2.3000000000096614,6.430037019849986e-07,0.0,865.3482045565017,156.99999999999997,0.0,0.0,0.003674702159267083,0.0,0.0,0.0,0.0,0.0,20.000000000000203,20.000000000000203,0.0,0.0
12.54999999989529,2.3000000000096588,6.430037019849986e-07,0.0,865.2385564913588,156.99999999999997,0.0,0.0,0.003635393820984792,0.0,0.0,0.0,0.0,0.0,20.00000000000019,20.00000000000019,0.0,0.0
12.558333333228502,2.3000000000096565,6.430037019849986e-07,0.0,865.1300792436668,156.99999999999997,0.0,0.0,0.003596644134455825,0.0,0.0,0.0,0.0,0.0,20.000000000000206,20.000000000000206,0.0,0.0
12.566666666561714,2.3000000000096543,6.430037019849986e-07,0.0,865.0227562032373,156.99999999999997,0.0,0.0,0.003558443210325376,0.0,0.0,0.0,0.0,0.0,20.000000000000245,20.000000000000245,0.0,0.0
12.574999999894926,2.3000000000096517,6.430037019849986e-07,0.0,864.9165710533998,156.99999999999997,0.0,0.0,0.0035207813685734536,0.0,0.0,0.0,0.0,0.0,20.00000000000022,20.00000000000022,0.0,0.0
12.583333333228138,2.3000000000096494,6.430037019849986e-07,0.0,864.8115077647983,156.99999999999997,0.0,0.0,0.0034836491333632594,0.0,0.0,0.0,0.0,0.0,20.000000000000245,20.000000000000245,0.0,0.0
12.59166666656135,2.300000000009647,6.430037019849986e-07,0.0,864.7075505893422,156.99999999999997,0.0,0.0,0.003447037228034623,0.0,0.0,0.0,0.0,0.0,20.000000000000266,20.000000000000266,0.0,0.0
12.599999999894562,2.300000000009645,6.430037019849986e-07,0.0,864.6046840543039,156.99999999999997,0.0,0.0,0.0034109365702357703,0.0,0.0,0.0,0.0,0.0,20.000000000000288,20.000000000000288,0.0,0.0
12.608333333227774,2.3000000000096428,6.430037019849986e-07,0.0,864.5028929565622,156.99999999999997,0.0,0.0,0.0033753382671926403,0.0,0.0,0.0,0.0,0.0,20.000000000000263,20.000000000000263,0.0,0.0
12.616666666560986,2.3000000000096406,6.430037019849986e-07,0.0,864.4021623569835,156.99999999999997,0.0,0.0,0.0033402336111074335,0.0,0.0,0.0,0.0,0.0,20.00000000000027,20.00000000000027,0.0,0.0
12.624999999894198,2.3000000000096383,6.430037019849986e-07,0.0,864.3024775749404,156.99999999999997,0.0,0.0,0.0033056140746853587,0.0,0.0,0.0,0.0,0.0,20.00000000000026,20.00000000000026,0.0,0.0
12.63333333322741,2.300000000009636,6.430037019849986e-07,0.0,864.2038241829632,156.99999999999997,0.0,0.0,0.003271471306784988,0.0,0.0,0.0,0.0,0.0,20.000000000000252,20.000000000000252,0.0,0.0
12.641666666560623,2.300000000009634,6.430037019849986e-07,0.0,864.1061880015176,156.99999999999997,0.0,0.0,0.003237797128186632,0.0,0.0,0.0,0.0,0.0,20.000000000000302,20.000000000000302,0.0,0.0
12.649999999893835,2.3000000000096317,6.430037019849986e-07,0.0,864.0095550939111,156.99999999999997,0.0,0.0,0.0032045835274778006,0.0,0.0,0.0,0.0,0.0,20.000000000000313,20.000000000000313,0.0,0.0
12.658333333227047,2.3000000000096295,6.430037019849986e-07,0.0,863.9139117613179,156.99999999999997,0.0,0.0,0.003171822657050065,0.0,0.0,0.0,0.0,0.0,20.00000000000033,20.00000000000033,0.0,0.0
12.666666666560259,2.3000000000096277,6.430037019849986e-07,0.0,863.8192445379244,156.99999999999997,0.0,0.0,0.003139506829205318,0.0,0.0,0.0,0.0,0.0,20.00000000000033,20.00000000000033,0.0,0.0
12.67499999989347,2.3000000000096255,6.430037019849986e-07,0.0,863.7255401861892,156.99999999999997,0.0,0.0,0.0031076285123666004,0.0,0.0,0.0,0.0,0.0,20.000000000000302,20.000000000000302,0.0,0.0
12.683333333226683,2.3000000000096232,6.430037019849986e-07,0.0,863.6327856922146,156.99999999999997,0.0,0.0,0.0030761803273917894,0.0,0.0,0.0,0.0,0.0,20.00000000000029,20.00000000000029,0.0,0.0
12.691666666559895,2.3000000000096215,6.430037019849986e-07,0.0,863.5409682612284,156.99999999999997,0.0,0.0,0.0030451550439864307,0.0,0.0,0.0,0.0,0.0,20.000000000000284,20.000000000000284,0.0,0.0
12.699999999893107,2.3000000000096192,6.430037019849986e-07,0.0,863.4500753131708,156.99999999999997,0.0,0.0,0.003014545577212913,0.0,0.0,0.0,0.0,0.0,20.000000000000263,20.000000000000263,0.0,0.0
12.708333333226319,2.3000000000096175,6.430037019849986e-07,0.0,863.3600944783856,156.99999999999997,0.0,0.0,0.0029843449840916167,0.0,0.0,0.0,0.0,0.0,20.000000000000302,20.000000000000302,0.0,0.0
12.716666666559531,2.3000000000096152,6.430037019849986e-07,0.0,863.2710135934108,156.99999999999997,0.0,0.0,0.002954546460294488,0.0,0.0,0.0,0.0,0.0,20.00000000000027,20.00000000000027,0.0,0.0
12.724999999892743,2.3000000000096135,6.430037019849986e-07,0.0,863.1828206968681,156.99999999999997,0.0,0.0,0.002925143336925025,0.0,0.0,0.0,0.0,0.0,20.00000000000025,20.00000000000025,0.0,0.0
12.733333333225955,2.3000000000096117,6.430037019849986e-07,0.0,863.0955040254476,156.99999999999997,0.0,0.0,0.0028961290773837833,0.0,0.0,0.0,0.0,0.0,20.000000000000263,20.000000000000263,0.0,0.0
12.741666666559167,2.3000000000096095,6.430037019849986e-07,0.0,863.0090520099843,156.99999999999997,0.0,0.0,0.0028674972743164846,0.0,0.0,0.0,0.0,0.0,20.000000000000213,20.000000000000213,0.0,0.0
12.74999999989238,2.3000000000096077,6.430037019849986e-07,0.0,862.9234532716264,156.99999999999997,0.0,0.0,0.0028392416466427165,0.0,0.0,0.0,0.0,0.0,20.000000000000213,20.000000000000213,0.0,0.0
12.758333333225591,2.300000000009606,6.430037019849986e-07,0.0,862.8386966180904,156.99999999999997,0.0,0.0,0.0028113560366619036,0.0,0.0,0.0,0.0,0.0,20.000000000000217,20.000000000000217,0.0,0.0
12.766666666558804,2.300000000009604,6.430037019849986e-07,0.0,862.7547710400022,156.99999999999997,0.0,0.0,0.0027838344072347865,0.0,0.0,0.0,0.0,0.0,20.000000000000192,20.000000000000192,0.0,0.0
12.774999999892016,2.3000000000096024,6.430037019849986e-07,0.0,862.6716657073223,156.99999999999997,0.0,0.0,0.0027566708390390454,0.0,0.0,0.0,0.0,0.0,20.000000000000192,20.000000000000192,0.0,0.0
12.783333333225228,2.3000000000096006,6.430037019849986e-07,0.0,862.5893699658512,156.99999999999997,0.0,0.0,0.00272985952789515,0.0,0.0,0.0,0.0,0.0,20.000000000000195,20.000000000000195,0.0,0.0
12.79166666655844,2.300000000009599,6.430037019849986e-07,0.0,862.5078733338148,156.99999999999997,0.0,0.0,0.0027033947821617174,0.0,0.0,0.0,0.0,0.0,20.00000000000019,20.00000000000019,0.0,0.0
12.799999999891652,2.300000000009597,6.430037019849986e-07,0.0,862.4271654985262,156.99999999999997,0.0,0.0,0.002677271020198375,0.0,0.0,0.0,0.0,0.0,20.00000000000017,20.00000000000017,0.0,0.0
12.808333333224864,2.3000000000095953,6.430037019849986e-07,0.0,862.3472363131234,156.99999999999997,0.0,0.0,0.002651482767893155,0.0,0.0,0.0,0.0,0.0,20.00000000000018,20.00000000000018,0.0,0.0
12.816666666558076,2.3000000000095935,6.430037019849986e-07,0.0,862.2680757933799,156.99999999999997,0.0,0.0,0.0026260246562534234,0.0,0.0,0.0,0.0,0.0,20.00000000000021,20.00000000000021,0.0,0.0
12.824999999891288,2.3000000000095917,6.430037019849986e-07,0.0,862.1896741145866,156.99999999999997,0.0,0.0,0.0026008914190587436,0.0,0.0,0.0,0.0,0.0,20.00000000000021,20.00000000000021,0.0,0.0
12.8333333332245,2.30000000000959,6.430037019849986e-07,0.0,862.1120216085026,156.99999999999997,0.0,0.0,0.002576077890572566,0.0,0.0,0.0,0.0,0.0,20.000000000000192,20.000000000000192,0.0,0.0
12.841666666557712,2.300000000009588,6.430037019849986e-07,0.0,862.0351087603754,156.99999999999997,0.0,0.0,0.002551579003312769,0.0,0.0,0.0,0.0,0.0,20.00000000000018,20.00000000000018,0.0,0.0
12.849999999890924,2.3000000000095864,6.430037019849986e-07,0.0,861.958926206025,156.99999999999997,0.0,0.0,0.002527389785877899,0.0,0.0,0.0,0.0,0.0,20.00000000000016,20.00000000000016,0.0,0.0
12.858333333224136,2.300000000009585,6.430037019849986e-07,0.0,861.8834647289946,156.99999999999997,0.0,0.0,0.0025035053608293183,0.0,0.0,0.0,0.0,0.0,20.000000000000167,20.000000000000167,0.0,0.0
12.866666666557348,2.3000000000095833,6.430037019849986e-07,0.0,861.8087152577623,156.99999999999997,0.0,0.0,0.0024799209426245345,0.0,0.0,0.0,0.0,0.0,20.00000000000018,20.00000000000018,0.0,0.0
12.87499999989056,2.3000000000095815,6.430037019849986e-07,0.0,861.7346688630145,156.99999999999997,0.0,0.0,0.0024566318356045416,0.0,0.0,0.0,0.0,0.0,20.00000000000018,20.00000000000018,0.0,0.0
12.883333333223772,2.30000000000958,6.430037019849986e-07,0.0,861.6613167549796,156.99999999999997,0.0,0.0,0.002433633432030238,0.0,0.0,0.0,0.0,0.0,20.000000000000178,20.000000000000178,0.0,0.0
12.891666666556985,2.3000000000095784,6.430037019849986e-07,0.0,861.5886502808189,156.99999999999997,0.0,0.0,0.002410921210167284,0.0,0.0,0.0,0.0,0.0,20.000000000000167,20.000000000000167,0.0,0.0
12.899999999890197,2.300000000009577,6.430037019849986e-07,0.0,861.5166609220752,156.99999999999997,0.0,0.0,0.0023884907324195903,0.0,0.0,0.0,0.0,0.0,20.00000000000018,20.00000000000018,0.0,0.0
12.908333333223409,2.3000000000095753,6.430037019849986e-07,0.0,861.4453402921752,156.99999999999997,0.0,0.0,0.002366337643508185,0.0,0.0,0.0,0.0,0.0,20.000000000000206,20.000000000000206,0.0,0.0
12.91666666655662,2.300000000009574,6.430037019849986e-07,0.0,861.374680133988,156.99999999999997,0.0,0.0,0.0023444576686954778,0.0,0.0,0.0,0.0,0.0,20.000000000000238,20.000000000000238,0.0,0.0
12.924999999889833,2.300000000009572,6.430037019849986e-07,0.0,861.3046723174341,156.99999999999997,0.0,0.0,0.002322846612052598,0.0,0.0,0.0,0.0,0.0,20.000000000000252,20.000000000000252,0.0,0.0
12.933333333223045,2.300000000009571,6.430037019849986e-07,0.0,861.2353088371474,156.99999999999997,0.0,0.0,0.00230150035476976,0.0,0.0,0.0,0.0,0.0,20.000000000000234,20.000000000000234,0.0,0.0
12.941666666556257,2.300000000009569,6.430037019849986e-07,0.0,861.1665818101858,156.99999999999997,0.0,0.0,0.002280414853507496,0.0,0.0,0.0,0.0,0.0,20.000000000000256,20.000000000000256,0.0,0.0
12.949999999889469,2.3000000000095677,6.430037019849986e-07,0.0,861.098483473792,156.99999999999997,0.0,0.0,0.0022595861387882704,0.0,0.0,0.0,0.0,0.0,20.000000000000252,20.000000000000252,0.0,0.0
12.958333333222681,2.3000000000095664,6.430037019849986e-07,0.0,861.0310061832014,156.99999999999997,0.0,0.0,0.0022390103134273588,0.0,0.0,0.0,0.0,0.0,20.000000000000263,20.000000000000263,0.0,0.0
12.966666666555893,2.300000000009565,6.430037019849986e-07,0.0,860.9641424094957,156.99999999999997,0.0,0.0,0.002218683551001065,0.0,0.0,0.0,0.0,0.0,20.000000000000263,20.000000000000263,0.0,0.0
12.974999999889105,2.3000000000095633,6.430037019849986e-07,0.0,860.8978847375035,156.99999999999997,0.0,0.0,0.002198602094352445,0.0,0.0,0.0,0.0,0.0,20.000000000000252,20.000000000000252,0.0,0.0
12.983333333222317,2.300000000009562,6.430037019849986e-07,0.0,860.8322258637438,156.99999999999997,0.0,0.0,0.00217876225413289,0.0,0.0,0.0,0.0,0.0,20.000000000000263,20.000000000000263,0.0,0.0
12.99166666655553,2.3000000000095606,6.430037019849986e-07,0.0,860.7671585944137,156.99999999999997,0.0,0.0,0.00215916040737868,0.0,0.0,0.0,0.0,0.0,20.00000000000025,20.00000000000025,0.0,0.0
12.999999999888741,2.3000000000095593,6.430037019849986e-07,0.0,860.7026758434172,156.99999999999997,0.0,0.0,0.0021397929961215214,0.0,0.0,0.0,0.0,0.0,20.00000000000024,20.00000000000024,0.0,0.0
13.008333333221954,2.300000000009558,6.430037019849986e-07,0.0,860.6387706304367,156.99999999999997,0.0,0.0,0.002120656526032211,0.0,0.0,0.0,0.0,0.0,20.000000000000274,20.000000000000274,0.0,0.0
13.016666666555166,2.300000000009556,6.430037019849986e-07,0.0,860.575436079043,156.99999999999997,0.0,0.0,0.002101747565096602,0.0,0.0,0.0,0.0,0.0,20.00000000000028,20.00000000000028,0.0,0.0
13.024999999888378,2.300000000009555,6.430037019849986e-07,0.0,860.512665414846,156.99999999999997,0.0,0.0,0.002083062742322936,0.0,0.0,0.0,0.0,0.0,20.00000000000031,20.00000000000031,0.0,0.0
13.03333333322159,2.3000000000095535,6.430037019849986e-07,0.0,860.4504519636824,156.99999999999997,0.0,0.0,0.0020645987464799754,0.0,0.0,0.0,0.0,0.0,20.00000000000035,20.00000000000035,0.0,0.0
13.041666666554802,2.300000000009552,6.430037019849986e-07,0.0,860.3887891498428,156.99999999999997,0.0,0.0,0.0020463523248643403,0.0,0.0,0.0,0.0,0.0,20.000000000000366,20.000000000000366,0.0,0.0
13.049999999888014,2.300000000009551,6.430037019849986e-07,0.0,860.3276704943321,156.99999999999997,0.0,0.0,0.002028320282097221,0.0,0.0,0.0,0.0,0.0,20.000000000000384,20.000000000000384,0.0,0.0
13.058333333221226,2.3000000000095495,6.430037019849986e-07,0.0,860.2670896131696,156.99999999999997,0.0,0.0,0.0020104994789493786,0.0,0.0,0.0,0.0,0.0,20.000000000000362,20.000000000000362,0.0,0.0
13.066666666554438,2.300000000009548,6.430037019849986e-07,0.0,860.2070402157202,156.99999999999997,0.0,0.0,0.001992886831193101,0.0,0.0,0.0,0.0,0.0,20.000000000000345,20.000000000000345,0.0,0.0
13.07499999988765,2.3000000000095473,6.430037019849986e-07,0.0,860.1475161030623,156.99999999999997,0.0,0.0,0.001975479308481235,0.0,0.0,0.0,0.0,0.0,20.00000000000034,20.00000000000034,0.0,0.0
13.083333333220862,2.300000000009546,6.430037019849986e-07,0.0,860.0885111663874,156.99999999999997,0.0,0.0,0.0019582739332525798,0.0,0.0,0.0,0.0,0.0,20.000000000000334,20.000000000000334,0.0,0.0
13.091666666554074,2.3000000000095446,6.430037019849986e-07,0.0,860.030019385433,156.99999999999997,0.0,0.0,0.001941267779661799,0.0,0.0,0.0,0.0,0.0,20.000000000000348,20.000000000000348,0.0,0.0
13.099999999887286,2.3000000000095433,6.430037019849986e-07,0.0,859.9720348269468,156.99999999999997,0.0,0.0,0.001924457972534567,0.0,0.0,0.0,0.0,0.0,20.00000000000032,20.00000000000032,0.0,0.0
13.108333333220498,2.300000000009542,6.430037019849986e-07,0.0,859.9145516431817,156.99999999999997,0.0,0.0,0.0019078416863472978,0.0,0.0,0.0,0.0,0.0,20.000000000000327,20.000000000000327,0.0,0.0
13.11666666655371,2.3000000000095406,6.430037019849986e-07,0.0,859.8575640704219,156.99999999999997,0.0,0.0,0.001891416144228715,0.0,0.0,0.0,0.0,0.0,20.000000000000334,20.000000000000334,0.0,0.0
13.124999999886922,2.3000000000095397,6.430037019849986e-07,0.0,859.8010664275378,156.99999999999997,0.0,0.0,0.0018751786169862268,0.0,0.0,0.0,0.0,0.0,20.000000000000345,20.000000000000345,0.0,0.0
13.133333333220135,2.3000000000095384,6.430037019849986e-07,0.0,859.7450531145697,156.99999999999997,0.0,0.0,0.001859126422153003,0.0,0.0,0.0,0.0,0.0,20.00000000000041,20.00000000000041,0.0,0.0
13.141666666553347,2.300000000009537,6.430037019849986e-07,0.0,859.6895186113406,156.99999999999997,0.0,0.0,0.001843256923057468,0.0,0.0,0.0,0.0,0.0,20.000000000000448,20.000000000000448,0.0,0.0
13.149999999886559,2.300000000009536,6.430037019849986e-07,0.0,859.6344574760961,156.99999999999997,0.0,0.0,0.001827567527913903,0.0,0.0,0.0,0.0,0.0,20.000000000000398,20.000000000000398,0.0,0.0
13.15833333321977,2.300000000009535,6.430037019849986e-07,0.0,859.5798643441705,156.99999999999997,0.0,0.0,0.0018120556889333558,0.0,0.0,0.0,0.0,0.0,20.000000000000455,20.000000000000455,0.0,0.0
13.166666666552983,2.3000000000095335,6.430037019849986e-07,0.0,859.5257339266808,156.99999999999997,0.0,0.0,0.0017967189014547248,0.0,0.0,0.0,0.0,0.0,20.000000000000465,20.000000000000465,0.0,0.0
13.174999999886195,2.3000000000095326,6.430037019849986e-07,0.0,859.4720610092455,156.99999999999997,0.0,0.0,0.001781554703095465,0.0,0.0,0.0,0.0,0.0,20.00000000000045,20.00000000000045,0.0,0.0
13.183333333219407,2.3000000000095313,6.430037019849986e-07,0.0,859.4188404507288,156.99999999999997,0.0,0.0,0.001766560672921348,0.0,0.0,0.0,0.0,0.0,20.000000000000426,20.000000000000426,0.0,0.0
13.191666666552619,2.30000000000953,6.430037019849986e-07,0.0,859.3660671820089,156.99999999999997,0.0,0.0,0.0017517344306349567,0.0,0.0,0.0,0.0,0.0,20.000000000000426,20.000000000000426,0.0,0.0
13.199999999885831,2.300000000009529,6.430037019849986e-07,0.0,859.313736204772,156.99999999999997,0.0,0.0,0.001737073635781597,0.0,0.0,0.0,0.0,0.0,20.000000000000412,20.000000000000412,0.0,0.0
13.208333333219043,2.3000000000095278,6.430037019849986e-07,0.0,859.2618425903274,156.99999999999997,0.0,0.0,0.0017225759869738933,0.0,0.0,0.0,0.0,0.0,20.000000000000345,20.000000000000345,0.0,0.0
13.216666666552255,2.300000000009527,6.430037019849986e-07,0.0,859.2103814784482,156.99999999999997,0.0,0.0,0.0017082392211329727,0.0,0.0,0.0,0.0,0.0,20.00000000000037,20.00000000000037,0.0,0.0
13.224999999885467,2.3000000000095255,6.430037019849986e-07,0.0,859.1593480762322,156.99999999999997,0.0,0.0,0.0016940611127463018,0.0,0.0,0.0,0.0,0.0,20.00000000000041,20.00000000000041,0.0,0.0
13.23333333321868,2.3000000000095246,6.430037019849986e-07,0.0,859.1087376569864,156.99999999999997,0.0,0.0,0.0016800394731427755,0.0,0.0,0.0,0.0,0.0,20.000000000000377,20.000000000000377,0.0,0.0
13.241666666551891,2.3000000000095233,6.430037019849986e-07,0.0,859.0585455591325,156.99999999999997,0.0,0.0,0.0016661721497822394,0.0,0.0,0.0,0.0,0.0,20.000000000000366,20.000000000000366,0.0,0.0
13.249999999885103,2.3000000000095224,6.430037019849986e-07,0.0,859.0087671851336,156.99999999999997,0.0,0.0,0.0016524570255625065,0.0,0.0,0.0,0.0,0.0,20.00000000000035,20.00000000000035,0.0,0.0
13.258333333218316,2.3000000000095215,6.430037019849986e-07,0.0,858.9593980004405,156.99999999999997,0.0,0.0,0.0016388920181397396,0.0,0.0,0.0,0.0,0.0,20.00000000000031,20.00000000000031,0.0,0.0
13.266666666551528,2.30000000000952,6.430037019849986e-07,0.0,858.9104335324599,156.99999999999997,0.0,0.0,0.0016254750792652638,0.0,0.0,0.0,0.0,0.0,20.000000000000345,20.000000000000345,0.0,0.0
13.27499999988474,2.3000000000095193,6.430037019849986e-07,0.0,858.8618693695412,156.99999999999997,0.0,0.0,0.0016122041941351488,0.0,0.0,0.0,0.0,0.0,20.000000000000387,20.000000000000387,0.0,0.0
13.283333333217952,2.3000000000095184,6.430037019849986e-07,0.0,858.813701159982,156.99999999999997,0.0,0.0,0.0015990773807557396,0.0,0.0,0.0,0.0,0.0,20.00000000000043,20.00000000000043,0.0,0.0
13.291666666551164,2.300000000009517,6.430037019849986e-07,0.0,858.7659246110542,156.99999999999997,0.0,0.0,0.0015860926893213909,0.0,0.0,0.0,0.0,0.0,20.00000000000044,20.00000000000044,0.0,0.0
13.299999999884376,2.300000000009516,6.430037019849986e-07,0.0,858.7185354880469,156.99999999999997,0.0,0.0,0.001573248201606375,0.0,0.0,0.0,0.0,0.0,20.000000000000426,20.000000000000426,0.0,0.0
13.308333333217588,2.3000000000095153,6.430037019849986e-07,0.0,858.6715296133284,156.99999999999997,0.0,0.0,0.0015605420303697623,0.0,0.0,0.0,0.0,0.0,20.00000000000042,20.00000000000042,0.0,0.0
13.3166666665508,2.300000000009514,6.430037019849986e-07,0.0,858.6249028654249,156.99999999999997,0.0,0.0,0.0015479723187732813,0.0,0.0,0.0,0.0,0.0,20.000000000000465,20.000000000000465,0.0,0.0
13.324999999884012,2.300000000009513,6.430037019849986e-07,0.0,858.5786511781174,156.99999999999997,0.0,0.0,0.0015355372398113,0.0,0.0,0.0,0.0,0.0,20.000000000000494,20.000000000000494,0.0,0.0
13.333333333217224,2.300000000009512,6.430037019849986e-07,0.0,858.5327705395555,156.99999999999997,0.0,0.0,0.0015232349957527377,0.0,0.0,0.0,0.0,0.0,20.00000000000049,20.00000000000049,0.0,0.0
13.341666666550436,2.3000000000095113,6.430037019849986e-07,0.0,858.4872569913865,156.99999999999997,0.0,0.0,0.0015110638175962103,0.0,0.0,0.0,0.0,0.0,20.00000000000045,20.00000000000045,0.0,0.0
13.349999999883648,2.3000000000095104,6.430037019849986e-07,0.0,858.4421066279024,156.99999999999997,0.0,0.0,0.0014990219645347842,0.0,0.0,0.0,0.0,0.0,20.000000000000433,20.000000000000433,0.0,0.0
13.35833333321686,2.300000000009509,6.430037019849986e-07,0.0,858.3973155952015,156.99999999999997,0.0,0.0,0.0014871077234338069,0.0,0.0,0.0,0.0,0.0,20.000000000000433,20.000000000000433,0.0,0.0
13.366666666550072,2.300000000009508,6.430037019849986e-07,0.0,858.3528800903662,156.99999999999997,0.0,0.0,0.0014753194083187325,0.0,0.0,0.0,0.0,0.0,20.00000000000042,20.00000000000042,0.0,0.0
13.374999999883284,2.3000000000095073,6.430037019849986e-07,0.0,858.3087963606556,156.99999999999997,0.0,0.0,0.0014636553598741699,0.0,0.0,0.0,0.0,0.0,20.000000000000448,20.000000000000448,0.0,0.0
13.383333333216497,2.3000000000095064,6.430037019849986e-07,0.0,858.2650607027134,156.99999999999997,0.0,0.0,0.0014521139449532303,0.0,0.0,0.0,0.0,0.0,20.000000000000465,20.000000000000465,0.0,0.0
13.391666666549709,2.3000000000095056,6.430037019849986e-07,0.0,858.2216694617897,156.99999999999997,0.0,0.0,0.0014406935560978536,0.0,0.0,0.0,0.0,0.0,20.000000000000398,20.000000000000398,0.0,0.0
13.39999999988292,2.3000000000095047,6.430037019849986e-07,0.0,858.1786190309776,156.99999999999997,0.0,0.0,0.0014293926110677388,0.0,0.0,0.0,0.0,0.0,20.000000000000444,20.000000000000444,0.0,0.0
13.408333333216133,2.3000000000095038,6.430037019849986e-07,0.0,858.1359058504639,156.99999999999997,0.0,0.0,0.0014182095523807812,0.0,0.0,0.0,0.0,0.0,20.00000000000046,20.00000000000046,0.0,0.0
13.416666666549345,2.300000000009503,6.430037019849986e-07,0.0,858.0935264067928,156.99999999999997,0.0,0.0,0.0014071428468619056,0.0,0.0,0.0,0.0,0.0,20.000000000000487,20.000000000000487,0.0,0.0
13.424999999882557,2.300000000009502,6.430037019849986e-07,0.0,858.0514772321434,156.99999999999997,0.0,0.0,0.0013961909852015246,0.0,0.0,0.0,0.0,0.0,20.000000000000444,20.000000000000444,0.0,0.0
13.433333333215769,2.300000000009501,6.430037019849986e-07,0.0,858.0097549036205,156.99999999999997,0.0,0.0,0.0013853524815237832,0.0,0.0,0.0,0.0,0.0,20.000000000000416,20.000000000000416,0.0,0.0
13.441666666548981,2.3000000000095002,6.430037019849986e-07,0.0,857.9683560425578,156.99999999999997,0.0,0.0,0.0013746258729624636,0.0,0.0,0.0,0.0,0.0,20.00000000000038,20.00000000000038,0.0,0.0
13.449999999882193,2.3000000000094993,6.430037019849986e-07,0.0,857.9272773138337,156.99999999999997,0.0,0.0,0.0013640097192469185,0.0,0.0,0.0,0.0,0.0,20.00000000000039,20.00000000000039,0.0,0.0
13.458333333215405,2.3000000000094984,6.430037019849986e-07,0.0,857.8865154252001,156.99999999999997,0.0,0.0,0.0013535026022956052,0.0,0.0,0.0,0.0,0.0,20.00000000000042,20.00000000000042,0.0,0.0
13.466666666548617,2.3000000000094976,6.430037019849986e-07,0.0,857.8460671266221,156.99999999999997,0.0,0.0,0.0013431031258186496,0.0,0.0,0.0,0.0,0.0,20.00000000000044,20.00000000000044,0.0,0.0
13.47499999988183,2.3000000000094967,6.430037019849986e-07,0.0,857.8059292096306,156.99999999999997,0.0,0.0,0.0013328099149275505,0.0,0.0,0.0,0.0,0.0,20.000000000000412,20.000000000000412,0.0,0.0
13.483333333215041,2.300000000009496,6.430037019849986e-07,0.0,857.7660985066857,156.99999999999997,0.0,0.0,0.0013226216157540749,0.0,0.0,0.0,0.0,0.0,20.00000000000041,20.00000000000041,0.0,0.0
13.491666666548253,2.300000000009495,6.430037019849986e-07,0.0,857.7265718905523,156.99999999999997,0.0,0.0,0.0013125368950760484,0.0,0.0,0.0,0.0,0.0,20.000000000000423,20.000000000000423,0.0,0.0
13.499999999881465,2.300000000009494,6.430037019849986e-07,0.0,857.6873462736854,156.99999999999997,0.0,0.0,0.0013025544399508596,0.0,0.0,0.0,0.0,0.0,20.000000000000437,20.000000000000437,0.0,0.0
13.508333333214678,2.300000000009493,6.430037019849986e-07,0.0,857.6484186076277,156.99999999999997,0.0,0.0,0.0012926729573563532,0.0,0.0,0.0,0.0,0.0,20.0000000000004,20.0000000000004,0.0,0.0
13.51666666654789,2.3000000000094922,6.430037019849986e-07,0.0,857.6097858824174,156.99999999999997,0.0,0.0,0.001282891173839814,0.0,0.0,0.0,0.0,0.0,20.000000000000416,20.000000000000416,0.0,0.0
13.524999999881102,2.3000000000094913,6.430037019849986e-07,0.0,857.5714451260058,156.99999999999997,0.0,0.0,0.0012732078351722896,0.0,0.0,0.0,0.0,0.0,20.000000000000433,20.000000000000433,0.0,0.0
13.533333333214314,2.300000000009491,6.430037019849986e-07,0.0,857.5333934036862,156.99999999999997,0.0,0.0,0.0012636217060116996,0.0,0.0,0.0,0.0,0.0,20.000000000000487,20.000000000000487,0.0,0.0
13.541666666547526,2.30000000000949,6.430037019849986e-07,0.0,857.495627817532,156.99999999999997,0.0,0.0,0.0012541315695714806,0.0,0.0,0.0,0.0,0.0,20.00000000000049,20.00000000000049,0.0,0.0
13.549999999880738,2.300000000009489,6.430037019849986e-07,0.0,857.4581455058449,156.99999999999997,0.0,0.0,0.0012447362272962916,0.0,0.0,0.0,0.0,0.0,20.000000000000455,20.000000000000455,0.0,0.0
13.55833333321395,2.3000000000094882,6.430037019849986e-07,0.0,857.4209436426131,156.99999999999997,0.0,0.0,0.0012354344985441724,0.0,0.0,0.0,0.0,0.0,20.000000000000476,20.000000000000476,0.0,0.0
13.566666666547162,2.3000000000094873,6.430037019849986e-07,0.0,857.3840194369784,156.99999999999997,0.0,0.0,0.0012262252202746556,0.0,0.0,0.0,0.0,0.0,20.0000000000005,20.0000000000005,0.0,0.0
13.574999999880374,2.300000000009487,6.430037019849986e-07,0.0,857.3473701327125,156.99999999999997,0.0,0.0,0.0012171072467440439,0.0,0.0,0.0,0.0,0.0,20.000000000000522,20.000000000000522,0.0,0.0
13.583333333213586,2.300000000009486,6.430037019849986e-07,0.0,857.3109930077029,156.99999999999997,0.0,0.0,0.0012080794492053595,0.0,0.0,0.0,0.0,0.0,20.0000000000005,20.0000000000005,0.0,0.0
13.591666666546798,2.300000000009485,6.430037019849986e-07,0.0,857.2748853734477,156.99999999999997,0.0,0.0,0.0011991407156152723,0.0,0.0,0.0,0.0,0.0,20.000000000000526,20.000000000000526,0.0,0.0
13.59999999988001,2.3000000000094842,6.430037019849986e-07,0.0,857.2390445745582,156.99999999999997,0.0,0.0,0.0011902899503464233,0.0,0.0,0.0,0.0,0.0,20.000000000000554,20.000000000000554,0.0,0.0
13.608333333213222,2.300000000009484,6.430037019849986e-07,0.0,857.2034679882712,156.99999999999997,0.0,0.0,0.001181526073905162,0.0,0.0,0.0,0.0,0.0,20.0000000000005,20.0000000000005,0.0,0.0
13.616666666546434,2.300000000009483,6.430037019849986e-07,0.0,857.1681530239689,156.99999999999997,0.0,0.0,0.0011728480226553062,0.0,0.0,0.0,0.0,0.0,20.000000000000494,20.000000000000494,0.0,0.0
13.624999999879646,2.300000000009482,6.430037019849986e-07,0.0,857.1330971227071,156.99999999999997,0.0,0.0,0.0011642547485469523,0.0,0.0,0.0,0.0,0.0,20.000000000000487,20.000000000000487,0.0,0.0
13.633333333212859,2.3000000000094816,6.430037019849986e-07,0.0,857.0982977567525,156.99999999999997,0.0,0.0,0.0011557452188504578,0.0,0.0,0.0,0.0,0.0,20.00000000000051,20.00000000000051,0.0,0.0
13.64166666654607,2.3000000000094807,6.430037019849986e-07,0.0,857.0637524291257,156.99999999999997,0.0,0.0,0.001147318415896204,0.0,0.0,0.0,0.0,0.0,20.0000000000005,20.0000000000005,0.0,0.0
13.649999999879283,2.30000000000948,6.430037019849986e-07,0.0,857.0294586731543,156.99999999999997,0.0,0.0,0.0011389733368187894,0.0,0.0,0.0,0.0,0.0,20.000000000000455,20.000000000000455,0.0,0.0
13.658333333212495,2.3000000000094794,6.430037019849986e-07,0.0,856.9954140520323,156.99999999999997,0.0,0.0,0.0011307089933061698,0.0,0.0,0.0,0.0,0.0,20.000000000000444,20.000000000000444,0.0,0.0
13.666666666545707,2.3000000000094785,6.430037019849986e-07,0.0,856.9616161583868,156.99999999999997,0.0,0.0,0.0011225244113541608,0.0,0.0,0.0,0.0,0.0,20.000000000000476,20.000000000000476,0.0,0.0
13.674999999878919,2.3000000000094776,6.430037019849986e-07,0.0,856.9280626138532,156.99999999999997,0.0,0.0,0.0011144186310254496,0.0,0.0,0.0,0.0,0.0,20.00000000000044,20.00000000000044,0.0,0.0
13.683333333212131,2.300000000009477,6.430037019849986e-07,0.0,856.8947510686556,156.99999999999997,0.0,0.0,0.0011063907062126655,0.0,0.0,0.0,0.0,0.0,20.000000000000465,20.000000000000465,0.0,0.0
13.691666666545343,2.3000000000094762,6.430037019849986e-07,0.0,856.8616792011968,156.99999999999997,0.0,0.0,0.0010984397044069903,0.0,0.0,0.0,0.0,0.0,20.000000000000483,20.000000000000483,0.0,0.0
13.699999999878555,2.300000000009476,6.430037019849986e-07,0.0,856.8288447176527,156.99999999999997,0.0,0.0,0.0010905647064704054,0.0,0.0,0.0,0.0,0.0,20.000000000000476,20.000000000000476,0.0,0.0
13.708333333211767,2.300000000009475,6.430037019849986e-07,0.0,856.7962453515748,156.99999999999997,0.0,0.0,0.0010827648064124814,0.0,0.0,0.0,0.0,0.0,20.000000000000476,20.000000000000476,0.0,0.0
13.71666666654498,2.300000000009474,6.430037019849986e-07,0.0,856.7638788634997,156.99999999999997,0.0,0.0,0.0010750391111717377,0.0,0.0,0.0,0.0,0.0,20.000000000000465,20.000000000000465,0.0,0.0
13.724999999878191,2.3000000000094736,6.430037019849986e-07,0.0,856.7317430405633,156.99999999999997,0.0,0.0,0.0010673867404008455,0.0,0.0,0.0,0.0,0.0,20.000000000000473,20.000000000000473,0.0,0.0
13.733333333211403,2.3000000000094727,6.430037019849986e-07,0.0,856.6998356961237,156.99999999999997,0.0,0.0,0.0010598068262557077,0.0,0.0,0.0,0.0,0.0,20.000000000000473,20.000000000000473,0.0,0.0
13.741666666544615,2.3000000000094722,6.430037019849986e-07,0.0,856.6681546693885,156.99999999999997,0.0,0.0,0.0010522985131891259,0.0,0.0,0.0,0.0,0.0,20.00000000000048,20.00000000000048,0.0,0.0
13.749999999877828,2.3000000000094714,6.430037019849986e-07,0.0,856.6366978250495,156.99999999999997,0.0,0.0,0.0010448609577475652,0.0,0.0,0.0,0.0,0.0,20.00000000000046,20.00000000000046,0.0,0.0
13.75833333321104,2.300000000009471,6.430037019849986e-07,0.0,856.6054630529222,156.99999999999997,0.0,0.0,0.0010374933283727678,0.0,0.0,0.0,0.0,0.0,20.000000000000448,20.000000000000448,0.0,0.0
13.766666666544252,2.30000000000947,6.430037019849986e-07,0.0,856.5744482675927,156.99999999999997,0.0,0.0,0.0010301948052059843,0.0,0.0,0.0,0.0,0.0,20.000000000000444,20.000000000000444,0.0,0.0
13.774999999877464,2.3000000000094696,6.430037019849986e-07,0.0,856.5436514080687,156.99999999999997,0.0,0.0,0.001022964579896472,0.0,0.0,0.0,0.0,0.0,20.000000000000483,20.000000000000483,0.0,0.0
13.783333333210676,2.3000000000094687,6.430037019849986e-07,0.0,856.513070437438,156.99999999999997,0.0,0.0,0.0010158018554137333,0.0,0.0,0.0,0.0,0.0,20.000000000000547,20.000000000000547,0.0,0.0
13.791666666543888,2.3000000000094682,6.430037019849986e-07,0.0,856.4827033425313,156.99999999999997,0.0,0.0,0.0010087058458628847,0.0,0.0,0.0,0.0,0.0,20.0000000000005,20.0000000000005,0.0,0.0
13.7999999998771,2.3000000000094674,6.430037019849986e-07,0.0,856.4525481335903,156.99999999999997,0.0,0.0,0.001001675776303198,0.0,0.0,0.0,0.0,0.0,20.000000000000462,20.000000000000462,0.0,0.0
13.808333333210312,2.300000000009467,6.430037019849986e-07,0.0,856.4226028439429,156.99999999999997,0.0,0.0,0.0009947108825709885,0.0,0.0,0.0,0.0,0.0,20.000000000000476,20.000000000000476,0.0,0.0
13.816666666543524,2.3000000000094665,6.430037019849986e-07,0.0,856.3928655296816,156.99999999999997,0.0,0.0,0.0009878104111047383,0.0,0.0,0.0,0.0,0.0,20.00000000000046,20.00000000000046,0.0,0.0
13.824999999876736,2.3000000000094656,6.430037019849986e-07,0.0,856.3633342693483,156.99999999999997,0.0,0.0,0.0009809736187741905,0.0,0.0,0.0,0.0,0.0,20.000000000000455,20.000000000000455,0.0,0.0
13.833333333209948,2.300000000009465,6.430037019849986e-07,0.0,856.3340071636242,156.99999999999997,0.0,0.0,0.0009741997727117849,0.0,0.0,0.0,0.0,0.0,20.000000000000462,20.000000000000462,0.0,0.0
13.84166666654316,2.3000000000094643,6.430037019849986e-07,0.0,856.3048823350239,156.99999999999997,0.0,0.0,0.0009674881501482464,0.0,0.0,0.0,0.0,0.0,20.00000000000047,20.00000000000047,0.0,0.0
13.849999999876372,2.300000000009464,6.430037019849986e-07,0.0,856.2759579275952,156.99999999999997,0.0,0.0,0.0009608380382504322,0.0,0.0,0.0,0.0,0.0,20.000000000000504,20.000000000000504,0.0,0.0
13.858333333209584,2.3000000000094634,6.430037019849986e-07,0.0,856.2472321066234,156.99999999999997,0.0,0.0,0.0009542487339619534,0.0,0.0,0.0,0.0,0.0,20.000000000000508,20.000000000000508,0.0,0.0
13.866666666542796,2.3000000000094625,6.430037019849986e-07,0.0,856.2187030583402,156.99999999999997,0.0,0.0,0.0009477195438478172,0.0,0.0,0.0,0.0,0.0,20.000000000000497,20.000000000000497,0.0,0.0
13.874999999876009,2.300000000009462,6.430037019849986e-07,0.0,856.1903689896378,156.99999999999997,0.0,0.0,0.0009412497839403868,0.0,0.0,0.0,0.0,0.0,20.00000000000049,20.00000000000049,0.0,0.0
13.88333333320922,2.3000000000094616,6.430037019849986e-07,0.0,856.1622281277863,156.99999999999997,0.0,0.0,0.0009348387795895529,0.0,0.0,0.0,0.0,0.0,20.000000000000497,20.000000000000497,0.0,0.0
13.891666666542433,2.3000000000094607,6.430037019849986e-07,0.0,856.1342787201573,156.99999999999997,0.0,0.0,0.0009284858653146093,0.0,0.0,0.0,0.0,0.0,20.000000000000497,20.000000000000497,0.0,0.0
13.899999999875645,2.3000000000094603,6.430037019849986e-07,0.0,856.1065190339507,156.99999999999997,0.0,0.0,0.0009221903846594391,0.0,0.0,0.0,0.0,0.0,20.000000000000504,20.000000000000504,0.0,0.0
13.908333333208857,2.30000000000946,6.430037019849986e-07,0.0,856.0789473559258,156.99999999999997,0.0,0.0,0.0009159516900497002,0.0,0.0,0.0,0.0,0.0,20.000000000000497,20.000000000000497,0.0,0.0
13.916666666542069,2.300000000009459,6.430037019849986e-07,0.0,856.0515619921375,156.99999999999997,0.0,0.0,0.00090976914265343,0.0,0.0,0.0,0.0,0.0,20.000000000000508,20.000000000000508,0.0,0.0
13.924999999875281,2.3000000000094585,6.430037019849986e-07,0.0,856.0243612676754,156.99999999999997,0.0,0.0,0.0009036421122431263,0.0,0.0,0.0,0.0,0.0,20.000000000000508,20.000000000000508,0.0,0.0
13.933333333208493,2.300000000009458,6.430037019849986e-07,0.0,855.9973435264086,156.99999999999997,0.0,0.0,0.0008975699770612686,0.0,0.0,0.0,0.0,0.0,20.00000000000049,20.00000000000049,0.0,0.0
13.941666666541705,2.300000000009457,6.430037019849986e-07,0.0,855.9705071307328,156.99999999999997,0.0,0.0,0.0008915521236877013,0.0,0.0,0.0,0.0,0.0,20.000000000000487,20.000000000000487,0.0,0.0
13.949999999874917,2.3000000000094567,6.430037019849986e-07,0.0,855.9438504613227,156.99999999999997,0.0,0.0,0.0008855879469093093,0.0,0.0,0.0,0.0,0.0,20.000000000000508,20.000000000000508,0.0,0.0
13.95833333320813,2.3000000000094563,6.430037019849986e-07,0.0,855.9173719168871,156.99999999999997,0.0,0.0,0.0008796768495923939,0.0,0.0,0.0,0.0,0.0,20.000000000000487,20.000000000000487,0.0,0.0
13.966666666541341,2.300000000009456,6.430037019849986e-07,0.0,855.8910699139292,156.99999999999997,0.0,0.0,0.0008738182425570965,0.0,0.0,0.0,0.0,0.0,20.0000000000005,20.0000000000005,0.0,0.0
13.974999999874553,2.300000000009455,6.430037019849986e-07,0.0,855.8649428865092,156.99999999999997,0.0,0.0,0.000868011544454015,0.0,0.0,0.0,0.0,0.0,20.000000000000504,20.000000000000504,0.0,0.0
13.983333333207765,2.3000000000094545,6.430037019849986e-07,0.0,855.8389892860117,156.99999999999997,0.0,0.0,0.0008622561816428972,0.0,0.0,0.0,0.0,0.0,20.000000000000494,20.000000000000494,0.0,0.0
13.991666666540977,2.300000000009454,6.430037019849986e-07,0.0,855.8132075809158,156.99999999999997,0.0,0.0,0.0008565515880740925,0.0,0.0,0.0,0.0,0.0,20.000000000000473,20.000000000000473,0.0,0.0
13.99999999987419,2.3000000000094536,6.430037019849986e-07,0.0,855.787596256569,156.99999999999997,0.0,0.0,0.0008508972051711356,0.0,0.0,0.0,0.0,0.0,20.000000000000455,20.000000000000455,0.0,0.0
14.008333333207402,2.3000000000094527,6.430037019849986e-07,0.0,855.7621538149659,156.99999999999997,0.0,0.0,0.0008452924817162071,0.0,0.0,0.0,0.0,0.0,20.00000000000047,20.00000000000047,0.0,0.0
14.016666666540614,2.3000000000094523,6.430037019849986e-07,0.0,855.7368787745277,156.99999999999997,0.0,0.0,0.0008397368737372043,0.0,0.0,0.0,0.0,0.0,20.00000000000046,20.00000000000046,0.0,0.0
14.024999999873826,2.300000000009452,6.430037019849986e-07,0.0,855.7117696698868,156.99999999999997,0.0,0.0,0.0008342298443966668,0.0,0.0,0.0,0.0,0.0,20.0000000000005,20.0000000000005,0.0,0.0
14.033333333207038,2.3000000000094514,6.430037019849986e-07,0.0,855.6868250516757,156.99999999999997,0.0,0.0,0.0008287708638832252,0.0,0.0,0.0,0.0,0.0,20.000000000000504,20.000000000000504,0.0,0.0
14.04166666654025,2.300000000009451,6.430037019849986e-07,0.0,855.662043486316,156.99999999999997,0.0,0.0,0.0008233594093041511,0.0,0.0,0.0,0.0,0.0,20.00000000000048,20.00000000000048,0.0,0.0
14.049999999873462,2.30000000000945,6.430037019849986e-07,0.0,855.6374235558135,156.99999999999997,0.0,0.0,0.000817994964580557,0.0,0.0,0.0,0.0,0.0,20.000000000000487,20.000000000000487,0.0,0.0
14.058333333206674,2.3000000000094496,6.430037019849986e-07,0.0,855.6129638575553,156.99999999999997,0.0,0.0,0.000812677020343648,0.0,0.0,0.0,0.0,0.0,20.000000000000497,20.000000000000497,0.0,0.0
14.066666666539886,2.300000000009449,6.430037019849986e-07,0.0,855.5886630041098,156.99999999999997,0.0,0.0,0.0008074050738334868,0.0,0.0,0.0,0.0,0.0,20.000000000000494,20.000000000000494,0.0,0.0
14.074999999873098,2.3000000000094487,6.430037019849986e-07,0.0,855.5645196230297,156.99999999999997,0.0,0.0,0.0008021786287989416,0.0,0.0,0.0,0.0,0.0,20.000000000000533,20.000000000000533,0.0,0.0
14.08333333320631,2.3000000000094483,6.430037019849986e-07,0.0,855.5405323566589,156.99999999999997,0.0,0.0,0.0007969971953998345,0.0,0.0,0.0,0.0,0.0,20.000000000000536,20.000000000000536,0.0,0.0
14.091666666539522,2.300000000009448,6.430037019849986e-07,0.0,855.5166998619411,156.99999999999997,0.0,0.0,0.0007918602901101481,0.0,0.0,0.0,0.0,0.0,20.000000000000533,20.000000000000533,0.0,0.0
14.099999999872734,2.300000000009447,6.430037019849986e-07,0.0,855.4930208102319,156.99999999999997,0.0,0.0,0.0007867674356236453,0.0,0.0,0.0,0.0,0.0,20.000000000000526,20.000000000000526,0.0,0.0
14.108333333205946,2.3000000000094465,6.430037019849986e-07,0.0,855.4694938871136,156.99999999999997,0.0,0.0,0.000781718160760589,0.0,0.0,0.0,0.0,0.0,20.00000000000051,20.00000000000051,0.0,0.0
14.116666666539158,2.300000000009446,6.430037019849986e-07,0.0,855.4461177922128,156.99999999999997,0.0,0.0,0.000776712000376145,0.0,0.0,0.0,0.0,0.0,20.000000000000504,20.000000000000504,0.0,0.0
14.12499999987237,2.3000000000094456,6.430037019849986e-07,0.0,855.422891239021,156.99999999999997,0.0,0.0,0.0007717484952702764,0.0,0.0,0.0,0.0,0.0,20.00000000000054,20.00000000000054,0.0,0.0
14.133333333205583,2.300000000009445,6.430037019849986e-07,0.0,855.3998129547172,156.99999999999997,0.0,0.0,0.0007668271920997921,0.0,0.0,0.0,0.0,0.0,20.000000000000536,20.000000000000536,0.0,0.0
14.141666666538795,2.3000000000094447,6.430037019849986e-07,0.0,855.3768816799936,156.99999999999997,0.0,0.0,0.0007619476432906491,0.0,0.0,0.0,0.0,0.0,20.000000000000554,20.000000000000554,0.0,0.0
14.149999999872007,2.3000000000094443,6.430037019849986e-07,0.0,855.3540961688839,156.99999999999997,0.0,0.0,0.0007571094069532252,0.0,0.0,0.0,0.0,0.0,20.000000000000572,20.000000000000572,0.0,0.0
14.158333333205219,2.300000000009444,6.430037019849986e-07,0.0,855.331455188594,156.99999999999997,0.0,0.0,0.0007523120467977246,0.0,0.0,0.0,0.0,0.0,20.000000000000565,20.000000000000565,0.0,0.0
14.16666666653843,2.3000000000094434,6.430037019849986e-07,0.0,855.3089575193353,156.99999999999997,0.0,0.0,0.0007475551320516634,0.0,0.0,0.0,0.0,0.0,20.00000000000056,20.00000000000056,0.0,0.0
14.174999999871643,2.300000000009443,6.430037019849986e-07,0.0,855.2866019541602,156.99999999999997,0.0,0.0,0.0007428382373788982,0.0,0.0,0.0,0.0,0.0,20.000000000000576,20.000000000000576,0.0,0.0
14.183333333204855,2.3000000000094425,6.430037019849986e-07,0.0,855.2643872988006,156.99999999999997,0.0,0.0,0.0007381609427995077,0.0,0.0,0.0,0.0,0.0,20.000000000000593,20.000000000000593,0.0,0.0
14.191666666538067,2.3000000000094416,6.430037019849986e-07,0.0,855.242312371508,156.99999999999997,0.0,0.0,0.0007335228336113566,0.0,0.0,0.0,0.0,0.0,20.0000000000006,20.0000000000006,0.0,0.0
14.19999999987128,2.300000000009441,6.430037019849986e-07,0.0,855.2203760028967,156.99999999999997,0.0,0.0,0.0007289235003128155,0.0,0.0,0.0,0.0,0.0,20.000000000000576,20.000000000000576,0.0,0.0
14.208333333204491,2.3000000000094407,6.430037019849986e-07,0.0,855.1985770357885,156.99999999999997,0.0,0.0,0.0007243625385270432,0.0,0.0,0.0,0.0,0.0,20.00000000000058,20.00000000000058,0.0,0.0
14.216666666537703,2.3000000000094403,6.430037019849986e-07,0.0,855.1769143250604,156.99999999999997,0.0,0.0,0.0007198395489268917,0.0,0.0,0.0,0.0,0.0,20.00000000000054,20.00000000000054,0.0,0.0
14.224999999870915,2.30000000000944,6.430037019849986e-07,0.0,855.1553867374942,156.99999999999997,0.0,0.0,0.0007153541371619266,0.0,0.0,0.0,0.0,0.0,20.000000000000533,20.000000000000533,0.0,0.0
14.233333333204127,2.3000000000094394,6.430037019849986e-07,0.0,855.133993151628,156.99999999999997,0.0,0.0,0.0007109059137859557,0.0,0.0,0.0,0.0,0.0,20.000000000000554,20.000000000000554,0.0,0.0
14.24166666653734,2.300000000009439,6.430037019849986e-07,0.0,855.112732457611,156.99999999999997,0.0,0.0,0.0007064944941862235,0.0,0.0,0.0,0.0,0.0,20.00000000000056,20.00000000000056,0.0,0.0
14.249999999870552,2.3000000000094385,6.430037019849986e-07,0.0,855.0916035570579,156.99999999999997,0.0,0.0,0.0007021194985134195,0.0,0.0,0.0,0.0,0.0,20.00000000000056,20.00000000000056,0.0,0.0
14.258333333203764,2.300000000009438,6.430037019849986e-07,0.0,855.070605362909,156.99999999999997,0.0,0.0,0.0006977805516129068,0.0,0.0,0.0,0.0,0.0,20.000000000000586,20.000000000000586,0.0,0.0
14.266666666536976,2.3000000000094376,6.430037019849986e-07,0.0,855.049736799289,156.99999999999997,0.0,0.0,0.0006934772829574006,0.0,0.0,0.0,0.0,0.0,20.000000000000593,20.000000000000593,0.0,0.0
14.274999999870188,2.300000000009437,6.430037019849986e-07,0.0,855.0289968013697,156.99999999999997,0.0,0.0,0.000689209326580422,0.0,0.0,0.0,0.0,0.0,20.000000000000608,20.000000000000608,0.0,0.0
14.2833333332034,2.3000000000094367,6.430037019849986e-07,0.0,855.0083843152338,156.99999999999997,0.0,0.0,0.0006849763210107626,0.0,0.0,0.0,0.0,0.0,20.000000000000576,20.000000000000576,0.0,0.0
14.291666666536612,2.3000000000094363,6.430037019849986e-07,0.0,854.9878982977416,156.99999999999997,0.0,0.0,0.000680777909208524,0.0,0.0,0.0,0.0,0.0,20.000000000000583,20.000000000000583,0.0,0.0
14.299999999869824,2.300000000009436,6.430037019849986e-07,0.0,854.967537716399,156.99999999999997,0.0,0.0,0.000676613738501644,0.0,0.0,0.0,0.0,0.0,20.000000000000565,20.000000000000565,0.0,0.0
14.308333333203036,2.3000000000094354,6.430037019849986e-07,0.0,854.9473015492263,156.99999999999997,0.0,0.0,0.0006724834605237267,0.0,0.0,0.0,0.0,0.0,20.00000000000053,20.00000000000053,0.0,0.0
14.316666666536248,2.300000000009435,6.430037019849986e-07,0.0,854.9271887846314,156.99999999999997,0.0,0.0,0.0006683867311528299,0.0,0.0,0.0,0.0,0.0,20.00000000000052,20.00000000000052,0.0,0.0
14.32499999986946,2.3000000000094345,6.430037019849986e-07,0.0,854.9071984212824,156.99999999999997,0.0,0.0,0.0006643232104511994,0.0,0.0,0.0,0.0,0.0,20.00000000000053,20.00000000000053,0.0,0.0
14.333333333202672,2.300000000009434,6.430037019849986e-07,0.0,854.8873294679836,156.99999999999997,0.0,0.0,0.0006602925626063449,0.0,0.0,0.0,0.0,0.0,20.000000000000504,20.000000000000504,0.0,0.0
14.341666666535884,2.300000000009434,6.430037019849986e-07,0.0,854.8675809435522,156.99999999999997,0.0,0.0,0.0006562944558722268,0.0,0.0,0.0,0.0,0.0,20.000000000000508,20.000000000000508,0.0,0.0
14.349999999869096,2.3000000000094336,6.430037019849986e-07,0.0,854.8479518766972,156.99999999999997,0.0,0.0,0.0006523285625124897,0.0,0.0,0.0,0.0,0.0,20.000000000000522,20.000000000000522,0.0,0.0
14.358333333202308,2.300000000009433,6.430037019849986e-07,0.0,854.8284413058999,156.99999999999997,0.0,0.0,0.0006483945587435443,0.0,0.0,0.0,0.0,0.0,20.00000000000054,20.00000000000054,0.0,0.0
14.36666666653552,2.3000000000094327,6.430037019849986e-07,0.0,854.8090482792968,156.99999999999997,0.0,0.0,0.0006444921246793474,0.0,0.0,0.0,0.0,0.0,20.000000000000526,20.000000000000526,0.0,0.0
14.374999999868733,2.3000000000094323,6.430037019849986e-07,0.0,854.7897718545628,156.99999999999997,0.0,0.0,0.000640620944276656,0.0,0.0,0.0,0.0,0.0,20.000000000000558,20.000000000000558,0.0,0.0
14.383333333201945,2.300000000009432,6.430037019849986e-07,0.0,854.7706110987967,156.99999999999997,0.0,0.0,0.0006367807052814697,0.0,0.0,0.0,0.0,0.0,20.000000000000547,20.000000000000547,0.0,0.0
14.391666666535157,2.3000000000094314,6.430037019849986e-07,0.0,854.7515650884088,156.99999999999997,0.0,0.0,0.0006329710991758519,0.0,0.0,0.0,0.0,0.0,20.000000000000572,20.000000000000572,0.0,0.0
14.399999999868369,2.300000000009431,6.430037019849986e-07,0.0,854.7326329090092,156.99999999999997,0.0,0.0,0.0006291918211260762,0.0,0.0,0.0,0.0,0.0,20.000000000000583,20.000000000000583,0.0,0.0
14.40833333320158,2.3000000000094305,6.430037019849986e-07,0.0,854.7138136552987,156.99999999999997,0.0,0.0,0.0006254425699312119,0.0,0.0,0.0,0.0,0.0,20.000000000000544,20.000000000000544,0.0,0.0
14.416666666534793,2.30000000000943,6.430037019849986e-07,0.0,854.6951064309592,156.99999999999997,0.0,0.0,0.0006217230479730145,0.0,0.0,0.0,0.0,0.0,20.00000000000054,20.00000000000054,0.0,0.0
14.424999999868005,2.3000000000094296,6.430037019849986e-07,0.0,854.6765103485487,156.99999999999997,0.0,0.0,0.0006180329611660754,0.0,0.0,0.0,0.0,0.0,20.00000000000051,20.00000000000051,0.0,0.0
14.433333333201217,2.3000000000094296,6.430037019849986e-07,0.0,854.6580245293948,156.99999999999997,0.0,0.0,0.0006143720189090197,0.0,0.0,0.0,0.0,0.0,20.000000000000483,20.000000000000483,0.0,0.0
14.441666666534429,2.300000000009429,6.430037019849986e-07,0.0,854.6396481034913,156.99999999999997,0.0,0.0,0.0006107399340365015,0.0,0.0,0.0,0.0,0.0,20.000000000000494,20.000000000000494,0.0,0.0
14.449999999867641,2.3000000000094287,6.430037019849986e-07,0.0,854.6213802093959,156.99999999999997,0.0,0.0,0.0006071364227719103,0.0,0.0,0.0,0.0,0.0,20.000000000000497,20.000000000000497,0.0,0.0
14.458333333200853,2.3000000000094283,6.430037019849986e-07,0.0,854.6032199941292,156.99999999999997,0.0,0.0,0.0006035612046806991,0.0,0.0,0.0,0.0,0.0,20.00000000000051,20.00000000000051,0.0,0.0
14.466666666534065,2.300000000009428,6.430037019849986e-07,0.0,854.5851666130752,156.99999999999997,0.0,0.0,0.0006000140026246433,0.0,0.0,0.0,0.0,0.0,20.000000000000494,20.000000000000494,0.0,0.0
14.474999999867277,2.3000000000094274,6.430037019849986e-07,0.0,854.5672192298828,156.99999999999997,0.0,0.0,0.0005964945427167821,0.0,0.0,0.0,0.0,0.0,20.000000000000494,20.000000000000494,0.0,0.0
14.48333333320049,2.300000000009427,6.430037019849986e-07,0.0,854.5493770163694,156.99999999999997,0.0,0.0,0.0005930025542769584,0.0,0.0,0.0,0.0,0.0,20.000000000000508,20.000000000000508,0.0,0.0
14.491666666533702,2.300000000009427,6.430037019849986e-07,0.0,854.5316391524249,156.99999999999997,0.0,0.0,0.0005895377697879479,0.0,0.0,0.0,0.0,0.0,20.000000000000508,20.000000000000508,0.0,0.0
14.499999999866914,2.3000000000094265,6.430037019849986e-07,0.0,854.5140048259176,156.99999999999997,0.0,0.0,0.0005860999248525626,0.0,0.0,0.0,0.0,0.0,20.000000000000544,20.000000000000544,0.0,0.0
14.508333333200126,2.300000000009426,6.430037019849986e-07,0.0,854.4964732326015,156.99999999999997,0.0,0.0,0.0005826887581514813,0.0,0.0,0.0,0.0,0.0,20.000000000000576,20.000000000000576,0.0,0.0
14.516666666533338,2.3000000000094256,6.430037019849986e-07,0.0,854.4790435760242,156.99999999999997,0.0,0.0,0.0005793040114010249,0.0,0.0,0.0,0.0,0.0,20.000000000000618,20.000000000000618,0.0,0.0
14.52499999986655,2.300000000009425,6.430037019849986e-07,0.0,854.4617150674368,156.99999999999997,0.0,0.0,0.0005759454293126572,0.0,0.0,0.0,0.0,0.0,20.00000000000061,20.00000000000061,0.0,0.0
14.533333333199762,2.3000000000094247,6.430037019849986e-07,0.0,854.4444869257043,156.99999999999997,0.0,0.0,0.0005726127595520273,0.0,0.0,0.0,0.0,0.0,20.000000000000615,20.000000000000615,0.0,0.0
14.541666666532974,2.3000000000094247,6.430037019849986e-07,0.0,854.427358377218,156.99999999999997,0.0,0.0,0.0005693057526995647,0.0,0.0,0.0,0.0,0.0,20.000000000000632,20.000000000000632,0.0,0.0
14.549999999866186,2.3000000000094243,6.430037019849986e-07,0.0,854.4103286558081,156.99999999999997,0.0,0.0,0.0005660241622110687,0.0,0.0,0.0,0.0,0.0,20.00000000000064,20.00000000000064,0.0,0.0
14.558333333199398,2.300000000009424,6.430037019849986e-07,0.0,854.3933970026587,156.99999999999997,0.0,0.0,0.000562767744379139,0.0,0.0,0.0,0.0,0.0,20.000000000000615,20.000000000000615,0.0,0.0
14.56666666653261,2.3000000000094234,6.430037019849986e-07,0.0,854.3765626662225,156.99999999999997,0.0,0.0,0.0005595362582952818,0.0,0.0,0.0,0.0,0.0,20.00000000000062,20.00000000000062,0.0,0.0
14.574999999865822,2.300000000009423,6.430037019849986e-07,0.0,854.3598249021384,156.99999999999997,0.0,0.0,0.0005563294658123035,0.0,0.0,0.0,0.0,0.0,20.00000000000065,20.00000000000065,0.0,0.0
14.583333333199034,2.300000000009423,6.430037019849986e-07,0.0,854.343182973148,156.99999999999997,0.0,0.0,0.0005531471315075224,0.0,0.0,0.0,0.0,0.0,20.000000000000636,20.000000000000636,0.0,0.0
14.591666666532246,2.3000000000094225,6.430037019849986e-07,0.0,854.3266361490153,156.99999999999997,0.0,0.0,0.0005499890226465597,0.0,0.0,0.0,0.0,0.0,20.000000000000583,20.000000000000583,0.0,0.0
14.599999999865458,2.300000000009422,6.430037019849986e-07,0.0,854.3101837064462,156.99999999999997,0.0,0.0,0.0005468549091474005,0.0,0.0,0.0,0.0,0.0,20.000000000000572,20.000000000000572,0.0,0.0
14.60833333319867,2.3000000000094216,6.430037019849986e-07,0.0,854.2938249290099,156.99999999999997,0.0,0.0,0.0005437445635454784,0.0,0.0,0.0,0.0,0.0,20.000000000000593,20.000000000000593,0.0,0.0
14.616666666531883,2.300000000009421,6.430037019849986e-07,0.0,854.2775591070603,156.99999999999997,0.0,0.0,0.0005406577609586381,0.0,0.0,0.0,0.0,0.0,20.00000000000061,20.00000000000061,0.0,0.0
14.624999999865095,2.300000000009421,6.430037019849986e-07,0.0,854.2613855376594,156.99999999999997,0.0,0.0,0.0005375942790534137,0.0,0.0,0.0,0.0,0.0,20.000000000000615,20.000000000000615,0.0,0.0
14.633333333198307,2.3000000000094207,6.430037019849986e-07,0.0,854.2453035245012,156.99999999999997,0.0,0.0,0.0005345538980110198,0.0,0.0,0.0,0.0,0.0,20.00000000000063,20.00000000000063,0.0,0.0
14.641666666531519,2.3000000000094203,6.430037019849986e-07,0.0,854.2293123778369,156.99999999999997,0.0,0.0,0.0005315364004944952,0.0,0.0,0.0,0.0,0.0,20.000000000000664,20.000000000000664,0.0,0.0
14.64999999986473,2.30000000000942,6.430037019849986e-07,0.0,854.213411414401,156.99999999999997,0.0,0.0,0.0005285415716158533,0.0,0.0,0.0,0.0,0.0,20.000000000000647,20.000000000000647,0.0,0.0
14.658333333197943,2.30000000000942,6.430037019849986e-07,0.0,854.1975999573378,156.99999999999997,0.0,0.0,0.000525569198904143,0.0,0.0,0.0,0.0,0.0,20.000000000000636,20.000000000000636,0.0,0.0
14.666666666531155,2.3000000000094194,6.430037019849986e-07,0.0,854.1818773361304,156.99999999999997,0.0,0.0,0.0005226190722736595,0.0,0.0,0.0,0.0,0.0,20.000000000000625,20.000000000000625,0.0,0.0
14.674999999864367,2.300000000009419,6.430037019849986e-07,0.0,854.1662428865283,156.99999999999997,0.0,0.0,0.0005196909839928262,0.0,0.0,0.0,0.0,0.0,20.000000000000576,20.000000000000576,0.0,0.0
14.683333333197579,2.3000000000094185,6.430037019849986e-07,0.0,854.1506959504782,156.99999999999997,0.0,0.0,0.000516784728653518,0.0,0.0,0.0,0.0,0.0,20.00000000000058,20.00000000000058,0.0,0.0
14.691666666530791,2.3000000000094185,6.430037019849986e-07,0.0,854.1352358760544,156.99999999999997,0.0,0.0,0.0005139001031406694,0.0,0.0,0.0,0.0,0.0,20.00000000000062,20.00000000000062,0.0,0.0
14.699999999864003,2.300000000009418,6.430037019849986e-07,0.0,854.1198620173907,156.99999999999997,0.0,0.0,0.000511036906602539,0.0,0.0,0.0,0.0,0.0,20.000000000000615,20.000000000000615,0.0,0.0
14.708333333197215,2.3000000000094176,6.430037019849986e-07,0.0,854.1045737346124,156.99999999999997,0.0,0.0,0.0005081949404213987,0.0,0.0,0.0,0.0,0.0,20.000000000000647,20.000000000000647,0.0,0.0
14.716666666530427,2.300000000009417,6.430037019849986e-07,0.0,854.0893703937704,156.99999999999997,0.0,0.0,0.0005053740081844946,0.0,0.0,0.0,0.0,0.0,20.000000000000632,20.000000000000632,0.0,0.0
14.72499999986364,2.300000000009417,6.430037019849986e-07,0.0,854.074251366775,156.99999999999997,0.0,0.0,0.0005025739156554983,0.0,0.0,0.0,0.0,0.0,20.000000000000615,20.000000000000615,0.0,0.0
14.733333333196851,2.3000000000094167,6.430037019849986e-07,0.0,854.0592160313313,156.99999999999997,0.0,0.0,0.0004997944707466668,0.0,0.0,0.0,0.0,0.0,20.000000000000615,20.000000000000615,0.0,0.0
14.741666666530064,2.3000000000094163,6.430037019849986e-07,0.0,854.0442637708749,156.99999999999997,0.0,0.0,0.0004970354834909631,0.0,0.0,0.0,0.0,0.0,20.0000000000006,20.0000000000006,0.0,0.0
14.749999999863276,2.3000000000094163,6.430037019849986e-07,0.0,854.0293939745088,156.99999999999997,0.0,0.0,0.0004942967660148018,0.0,0.0,0.0,0.0,0.0,20.000000000000572,20.000000000000572,0.0,0.0
14.758333333196488,2.300000000009416,6.430037019849986e-07,0.0,854.0146060369414,156.99999999999997,0.0,0.0,0.0004915781325111193,0.0,0.0,0.0,0.0,0.0,20.00000000000061,20.00000000000061,0.0,0.0
14.7666666665297,2.3000000000094154,6.430037019849986e-07,0.0,853.999899358424,156.99999999999997,0.0,0.0,0.0004888793992132034,0.0,0.0,0.0,0.0,0.0,20.00000000000066,20.00000000000066,0.0,0.0
14.774999999862912,2.3000000000094154,6.430037019849986e-07,0.0,853.985273344691,156.99999999999997,0.0,0.0,0.0004862003843683247,0.0,0.0,0.0,0.0,0.0,20.000000000000643,20.000000000000643,0.0,0.0
14.783333333196124,2.300000000009415,6.430037019849986e-07,0.0,853.9707274068992,156.99999999999997,0.0,0.0,0.00048354090821197315,0.0,0.0,0.0,0.0,0.0,20.000000000000636,20.000000000000636,0.0,0.0
14.791666666529336,2.3000000000094145,6.430037019849986e-07,0.0,853.9562609615685,156.99999999999997,0.0,0.0,0.0004809007929428411,0.0,0.0,0.0,0.0,0.0,20.000000000000675,20.000000000000675,0.0,0.0
14.799999999862548,2.300000000009414,6.430037019849986e-07,0.0,853.9418734305242,156.99999999999997,0.0,0.0,0.00047827986269752395,0.0,0.0,0.0,0.0,0.0,20.000000000000668,20.000000000000668,0.0,0.0
14.80833333319576,2.300000000009414,6.430037019849986e-07,0.0,853.927564240838,156.99999999999997,0.0,0.0,0.00047567794352632384,0.0,0.0,0.0,0.0,0.0,20.000000000000657,20.000000000000657,0.0,0.0
14.816666666528972,2.3000000000094136,6.430037019849986e-07,0.0,853.9133328247719,156.99999999999997,0.0,0.0,0.0004730948633684008,0.0,0.0,0.0,0.0,0.0,20.00000000000069,20.00000000000069,0.0,0.0
14.824999999862184,2.300000000009413,6.430037019849986e-07,0.0,853.8991786197219,156.99999999999997,0.0,0.0,0.00047053045202852695,0.0,0.0,0.0,0.0,0.0,20.000000000000707,20.000000000000707,0.0,0.0
14.833333333195396,2.300000000009413,6.430037019849986e-07,0.0,853.8851010681614,156.99999999999997,0.0,0.0,0.0004679845411531094,0.0,0.0,0.0,0.0,0.0,20.0000000000007,20.0000000000007,0.0,0.0
14.841666666528608,2.3000000000094127,6.430037019849986e-07,0.0,853.8710996175873,156.99999999999997,0.0,0.0,0.000465456964207152,0.0,0.0,0.0,0.0,0.0,20.00000000000074,20.00000000000074,0.0,0.0
14.84999999986182,2.3000000000094123,6.430037019849986e-07,0.0,853.8571737204659,156.99999999999997,0.0,0.0,0.0004629475564512802,0.0,0.0,0.0,0.0,0.0,20.000000000000792,20.000000000000792,0.0,0.0
14.858333333195032,2.3000000000094123,6.430037019849986e-07,0.0,853.843322834178,156.99999999999997,0.0,0.0,0.0004604561549193328,0.0,0.0,0.0,0.0,0.0,20.00000000000079,20.00000000000079,0.0,0.0
14.866666666528245,2.300000000009412,6.430037019849986e-07,0.0,853.8295464209681,156.99999999999997,0.0,0.0,0.0004579825983959385,0.0,0.0,0.0,0.0,0.0,20.000000000000785,20.000000000000785,0.0,0.0
14.874999999861457,2.3000000000094114,6.430037019849986e-07,0.0,853.81584394789,156.99999999999997,0.0,0.0,0.00045552672739493843,0.0,0.0,0.0,0.0,0.0,20.00000000000079,20.00000000000079,0.0,0.0
14.883333333194669,2.3000000000094114,6.430037019849986e-07,0.0,853.8022148867572,156.99999999999997,0.0,0.0,0.0004530883841373589,0.0,0.0,0.0,0.0,0.0,20.00000000000079,20.00000000000079,0.0,0.0
14.89166666652788,2.300000000009411,6.430037019849986e-07,0.0,853.7886587140906,156.99999999999997,0.0,0.0,0.0004506674125303649,0.0,0.0,0.0,0.0,0.0,20.00000000000082,20.00000000000082,0.0,0.0
14.899999999861093,2.300000000009411,6.430037019849986e-07,0.0,853.7751749110691,156.99999999999997,0.0,0.0,0.000448263658146402,0.0,0.0,0.0,0.0,0.0,20.00000000000083,20.00000000000083,0.0,0.0
14.908333333194305,2.3000000000094105,6.430037019849986e-07,0.0,853.7617629634792,156.99999999999997,0.0,0.0,0.0004458769682022386,0.0,0.0,0.0,0.0,0.0,20.00000000000079,20.00000000000079,0.0,0.0
14.916666666527517,2.30000000000941,6.430037019849986e-07,0.0,853.748422361667,156.99999999999997,0.0,0.0,0.00044350719153876325,0.0,0.0,0.0,0.0,0.0,20.000000000000842,20.000000000000842,0.0,0.0
14.924999999860729,2.30000000000941,6.430037019849986e-07,0.0,853.7351526004888,156.99999999999997,0.0,0.0,0.0004411541786006769,0.0,0.0,0.0,0.0,0.0,20.00000000000084,20.00000000000084,0.0,0.0
14.933333333193941,2.3000000000094096,6.430037019849986e-07,0.0,853.7219531792636,156.99999999999997,0.0,0.0,0.00043881778141693104,0.0,0.0,0.0,0.0,0.0,20.00000000000082,20.00000000000082,0.0,0.0
14.941666666527153,2.300000000009409,6.430037019849986e-07,0.0,853.7088236017262,156.99999999999997,0.0,0.0,0.0004364978535811265,0.0,0.0,0.0,0.0,0.0,20.0000000000008,20.0000000000008,0.0,0.0
14.949999999860365,2.300000000009409,6.430037019849986e-07,0.0,853.69576337598,156.99999999999997,0.0,0.0,0.0004341942502319448,0.0,0.0,0.0,0.0,0.0,20.000000000000817,20.000000000000817,0.0,0.0
14.958333333193577,2.3000000000094087,6.430037019849986e-07,0.0,853.6827720144515,156.99999999999997,0.0,0.0,0.0004319068280346661,0.0,0.0,0.0,0.0,0.0,20.000000000000814,20.000000000000814,0.0,0.0
14.96666666652679,2.3000000000094087,6.430037019849986e-07,0.0,853.6698490338446,156.99999999999997,0.0,0.0,0.00042963544516186645,0.0,0.0,0.0,0.0,0.0,20.000000000000817,20.000000000000817,0.0,0.0
14.974999999860001,2.3000000000094083,6.430037019849986e-07,0.0,853.656993955095,156.99999999999997,0.0,0.0,0.0004273799612755455,0.0,0.0,0.0,0.0,0.0,20.000000000000824,20.000000000000824,0.0,0.0
14.983333333193213,2.300000000009408,6.430037019849986e-07,0.0,853.6442063033269,156.99999999999997,0.0,0.0,0.00042514023750836303,0.0,0.0,0.0,0.0,0.0,20.000000000000853,20.000000000000853,0.0,0.0
14.991666666526426,2.300000000009408,6.430037019849986e-07,0.0,853.6314856078083,156.99999999999997,0.0,0.0,0.000422916136446155,0.0,0.0,0.0,0.0,0.0,20.000000000000842,20.000000000000842,0.0,0.0
14.999999999859638,2.3000000000094074,6.430037019849986e-07,0.0,853.6188314019082,156.99999999999997,0.0,0.0,0.0004207075221099058,0.0,0.0,0.0,0.0,0.0,20.000000000000828,20.000000000000828,0.0,0.0
15.00833333319285,2.3000000000094074,6.430037019849986e-07,0.0,853.6062432230535,156.99999999999997,0.0,0.0,0.0004185142599382961,0.0,0.0,0.0,0.0,0.0,20.000000000000828,20.000000000000828,0.0,0.0
15.016666666526062,2.300000000009407,6.430037019849986e-07,0.0,853.5937206126866,156.99999999999997,0.0,0.0,0.00041633621677074866,0.0,0.0,0.0,0.0,0.0,20.000000000000817,20.000000000000817,0.0,0.0
15.024999999859274,2.3000000000094065,6.430037019849986e-07,0.0,853.5812631162245,156.99999999999997,0.0,0.0,0.00041417326083027496,0.0,0.0,0.0,0.0,0.0,20.000000000000828,20.000000000000828,0.0,0.0
15.033333333192486,2.3000000000094065,6.430037019849986e-07,0.0,853.5688702830162,156.99999999999997,0.0,0.0,0.00041202526170667846,0.0,0.0,0.0,0.0,0.0,20.000000000000835,20.000000000000835,0.0,0.0
15.041666666525698,2.300000000009406,6.430037019849986e-07,0.0,853.5565416663027,156.99999999999997,0.0,0.0,0.0004098920903401103,0.0,0.0,0.0,0.0,0.0,20.000000000000803,20.000000000000803,0.0,0.0
15.04999999985891,2.300000000009406,6.430037019849986e-07,0.0,853.5442768231771,156.99999999999997,0.0,0.0,0.0004077736190047676,0.0,0.0,0.0,0.0,0.0,20.000000000000842,20.000000000000842,0.0,0.0
15.058333333192122,2.3000000000094056,6.430037019849986e-07,0.0,853.5320753145443,156.99999999999997,0.0,0.0,0.00040566972129300676,0.0,0.0,0.0,0.0,0.0,20.000000000000828,20.000000000000828,0.0,0.0
15.066666666525334,2.300000000009405,6.430037019849986e-07,0.0,853.5199367050814,156.99999999999997,0.0,0.0,0.00040358027209904496,0.0,0.0,0.0,0.0,0.0,20.000000000000828,20.000000000000828,0.0,0.0
15.074999999858546,2.300000000009405,6.430037019849986e-07,0.0,853.5078605631995,156.99999999999997,0.0,0.0,0.0004015051476039673,0.0,0.0,0.0,0.0,0.0,20.000000000000824,20.000000000000824,0.0,0.0
15.083333333191758,2.3000000000094047,6.430037019849986e-07,0.0,853.4958464610056,156.99999999999997,0.0,0.0,0.00039944422525976705,0.0,0.0,0.0,0.0,0.0,20.00000000000082,20.00000000000082,0.0,0.0
15.09166666652497,2.3000000000094047,6.430037019849986e-07,0.0,853.4838939742633,156.99999999999997,0.0,0.0,0.0003973973837744111,0.0,0.0,0.0,0.0,0.0,20.000000000000835,20.000000000000835,0.0,0.0
15.099999999858182,2.3000000000094043,6.430037019849986e-07,0.0,853.4720026823568,156.99999999999997,0.0,0.0,0.0003953645030968976,0.0,0.0,0.0,0.0,0.0,20.00000000000085,20.00000000000085,0.0,0.0
15.108333333191394,2.3000000000094043,6.430037019849986e-07,0.0,853.4601721682532,156.99999999999997,0.0,0.0,0.00039334546440230385,0.0,0.0,0.0,0.0,0.0,20.000000000000856,20.000000000000856,0.0,0.0
15.116666666524607,2.300000000009404,6.430037019849986e-07,0.0,853.4484020184661,156.99999999999997,0.0,0.0,0.0003913401500772341,0.0,0.0,0.0,0.0,0.0,20.000000000000885,20.000000000000885,0.0,0.0
15.124999999857819,2.3000000000094034,6.430037019849986e-07,0.0,853.4366918230197,156.99999999999997,0.0,0.0,0.00038934844370552753,0.0,0.0,0.0,0.0,0.0,20.000000000000867,20.000000000000867,0.0,0.0
15.13333333319103,2.3000000000094034,6.430037019849986e-07,0.0,853.4250411754124,156.99999999999997,0.0,0.0,0.000387370230054019,0.0,0.0,0.0,0.0,0.0,20.000000000000853,20.000000000000853,0.0,0.0
15.141666666524243,2.300000000009403,6.430037019849986e-07,0.0,853.4134496725819,156.99999999999997,0.0,0.0,0.0003854053950584886,0.0,0.0,0.0,0.0,0.0,20.000000000000856,20.000000000000856,0.0,0.0
15.149999999857455,2.300000000009403,6.430037019849986e-07,0.0,853.4019169148712,156.99999999999997,0.0,0.0,0.0003834538258100005,0.0,0.0,0.0,0.0,0.0,20.000000000000906,20.000000000000906,0.0,0.0
15.158333333190667,2.3000000000094025,6.430037019849986e-07,0.0,853.3904425059925,156.99999999999997,0.0,0.0,0.0003815154105409524,0.0,0.0,0.0,0.0,0.0,20.00000000000093,20.00000000000093,0.0,0.0
15.166666666523879,2.3000000000094025,6.430037019849986e-07,0.0,853.3790260529943,156.99999999999997,0.0,0.0,0.00037959003861205107,0.0,0.0,0.0,0.0,0.0,20.000000000000934,20.000000000000934,0.0,0.0
15.174999999857091,2.300000000009402,6.430037019849986e-07,0.0,853.3676671662278,156.99999999999997,0.0,0.0,0.0003776776004987921,0.0,0.0,0.0,0.0,0.0,20.00000000000093,20.00000000000093,0.0,0.0
15.183333333190303,2.300000000009402,6.430037019849986e-07,0.0,853.3563654593127,156.99999999999997,0.0,0.0,0.0003757779877783219,0.0,0.0,0.0,0.0,0.0,20.00000000000094,20.00000000000094,0.0,0.0
15.191666666523515,2.3000000000094016,6.430037019849986e-07,0.0,853.3451205491054,156.99999999999997,0.0,0.0,0.0003738910931167453,0.0,0.0,0.0,0.0,0.0,20.00000000000093,20.00000000000093,0.0,0.0
15.199999999856727,2.3000000000094016,6.430037019849986e-07,0.0,853.3339320556662,156.99999999999997,0.0,0.0,0.0003720168102563387,0.0,0.0,0.0,0.0,0.0,20.0000000000009,20.0000000000009,0.0,0.0
15.20833333318994,2.300000000009401,6.430037019849986e-07,0.0,853.3227996022266,156.99999999999997,0.0,0.0,0.0003701550340027364,0.0,0.0,0.0,0.0,0.0,20.000000000000952,20.000000000000952,0.0,0.0
15.216666666523151,2.300000000009401,6.430037019849986e-07,0.0,853.3117228151585,156.99999999999997,0.0,0.0,0.00036830566021295747,0.0,0.0,0.0,0.0,0.0,20.000000000000963,20.000000000000963,0.0,0.0
15.224999999856363,2.3000000000094007,6.430037019849986e-07,0.0,853.3007013239423,156.99999999999997,0.0,0.0,0.00036646858578266744,0.0,0.0,0.0,0.0,0.0,20.000000000000952,20.000000000000952,0.0,0.0
15.233333333189575,2.3000000000094007,6.430037019849986e-07,0.0,853.2897347611361,156.99999999999997,0.0,0.0,0.0003646437086346755,0.0,0.0,0.0,0.0,0.0,20.000000000000945,20.000000000000945,0.0,0.0
15.241666666522788,2.3000000000094003,6.430037019849986e-07,0.0,853.2788227623446,156.99999999999997,0.0,0.0,0.00036283092770646543,0.0,0.0,0.0,0.0,0.0,20.000000000000938,20.000000000000938,0.0,0.0
15.249999999856,2.3000000000094,6.430037019849986e-07,0.0,853.26796496619,156.99999999999997,0.0,0.0,0.0003610301429388906,0.0,0.0,0.0,0.0,0.0,20.00000000000093,20.00000000000093,0.0,0.0
15.258333333189212,2.3000000000094,6.430037019849986e-07,0.0,853.2571610142807,156.99999999999997,0.0,0.0,0.00035924125526423396,0.0,0.0,0.0,0.0,0.0,20.000000000000938,20.000000000000938,0.0,0.0
15.266666666522424,2.3000000000093994,6.430037019849986e-07,0.0,853.2464105511825,156.99999999999997,0.0,0.0,0.0003574641665949626,0.0,0.0,0.0,0.0,0.0,20.00000000000094,20.00000000000094,0.0,0.0
15.274999999855636,2.3000000000093994,6.430037019849986e-07,0.0,853.2357132243895,156.99999999999997,0.0,0.0,0.0003556987798125076,0.0,0.0,0.0,0.0,0.0,20.000000000000963,20.000000000000963,0.0,0.0
15.283333333188848,2.300000000009399,6.430037019849986e-07,0.0,853.2250686842946,156.99999999999997,0.0,0.0,0.0003539449987558083,0.0,0.0,0.0,0.0,0.0,20.00000000000099,20.00000000000099,0.0,0.0
15.29166666652206,2.300000000009399,6.430037019849986e-07,0.0,853.2144765841613,156.99999999999997,0.0,0.0,0.00035220272821060735,0.0,0.0,0.0,0.0,0.0,20.000000000000995,20.000000000000995,0.0,0.0
15.299999999855272,2.3000000000093985,6.430037019849986e-07,0.0,853.2039365800956,156.99999999999997,0.0,0.0,0.00035047187389850606,0.0,0.0,0.0,0.0,0.0,20.000000000001034,20.000000000001034,0.0,0.0
15.308333333188484,2.3000000000093985,6.430037019849986e-07,0.0,853.1934483310176,156.99999999999997,0.0,0.0,0.0003487523424661096,0.0,0.0,0.0,0.0,0.0,20.00000000000101,20.00000000000101,0.0,0.0
15.316666666521696,2.300000000009398,6.430037019849986e-07,0.0,853.1830114986344,156.99999999999997,0.0,0.0,0.0003470440414747177,0.0,0.0,0.0,0.0,0.0,20.000000000000973,20.000000000000973,0.0,0.0
15.324999999854908,2.300000000009398,6.430037019849986e-07,0.0,853.1726257474129,156.99999999999997,0.0,0.0,0.0003453468793897096,0.0,0.0,0.0,0.0,0.0,20.00000000000097,20.00000000000097,0.0,0.0
15.33333333318812,2.3000000000093976,6.430037019849986e-07,0.0,853.1622907445519,156.99999999999997,0.0,0.0,0.0003436607655702097,0.0,0.0,0.0,0.0,0.0,20.000000000000945,20.000000000000945,0.0,0.0
15.341666666521332,2.3000000000093976,6.430037019849986e-07,0.0,853.1520061599567,156.99999999999997,0.0,0.0,0.00034198561025903346,0.0,0.0,0.0,0.0,0.0,20.00000000000095,20.00000000000095,0.0,0.0
15.349999999854544,2.3000000000093976,6.430037019849986e-07,0.0,853.1417716662119,156.99999999999997,0.0,0.0,0.00034032132457264956,0.0,0.0,0.0,0.0,0.0,20.000000000000956,20.000000000000956,0.0,0.0
15.358333333187757,2.300000000009397,6.430037019849986e-07,0.0,853.1315869385555,156.99999999999997,0.0,0.0,0.00033866782049115924,0.0,0.0,0.0,0.0,0.0,20.000000000000956,20.000000000000956,0.0,0.0
15.366666666520969,2.300000000009397,6.430037019849986e-07,0.0,853.1214516548533,156.99999999999997,0.0,0.0,0.00033702501084874494,0.0,0.0,0.0,0.0,0.0,20.00000000000095,20.00000000000095,0.0,0.0
15.37499999985418,2.3000000000093968,6.430037019849986e-07,0.0,853.1113654955736,156.99999999999997,0.0,0.0,0.0003353928093236792,0.0,0.0,0.0,0.0,0.0,20.000000000000966,20.000000000000966,0.0,0.0
15.383333333187393,2.3000000000093968,6.430037019849986e-07,0.0,853.1013281437613,156.99999999999997,0.0,0.0,0.0003337711304291889,0.0,0.0,0.0,0.0,0.0,20.000000000000924,20.000000000000924,0.0,0.0
15.391666666520605,2.3000000000093963,6.430037019849986e-07,0.0,853.0913392850139,156.99999999999997,0.0,0.0,0.0003321598895036843,0.0,0.0,0.0,0.0,0.0,20.00000000000091,20.00000000000091,0.0,0.0
15.399999999853817,2.3000000000093963,6.430037019849986e-07,0.0,853.081398607456,156.99999999999997,0.0,0.0,0.0003305590027017745,0.0,0.0,0.0,0.0,0.0,20.000000000000906,20.000000000000906,0.0,0.0
15.408333333187029,2.300000000009396,6.430037019849986e-07,0.0,853.0715058017157,156.99999999999997,0.0,0.0,0.00032896838698496985,0.0,0.0,0.0,0.0,0.0,20.00000000000093,20.00000000000093,0.0,0.0
15.416666666520241,2.300000000009396,6.430037019849986e-07,0.0,853.0616605609002,156.99999999999997,0.0,0.0,0.0003273879601125867,0.0,0.0,0.0,0.0,0.0,20.00000000000092,20.00000000000092,0.0,0.0
15.424999999853453,2.3000000000093954,6.430037019849986e-07,0.0,853.0518625805721,156.99999999999997,0.0,0.0,0.0003258176406329184,0.0,0.0,0.0,0.0,0.0,20.000000000000945,20.000000000000945,0.0,0.0
15.433333333186665,2.3000000000093954,6.430037019849986e-07,0.0,853.0421115587253,156.99999999999997,0.0,0.0,0.00032425734787441113,0.0,0.0,0.0,0.0,0.0,20.000000000000952,20.000000000000952,0.0,0.0
15.441666666519877,2.300000000009395,6.430037019849986e-07,0.0,853.032407195763,156.99999999999997,0.0,0.0,0.00032270700193691237,0.0,0.0,0.0,0.0,0.0,20.000000000000927,20.000000000000927,0.0,0.0
15.44999999985309,2.300000000009395,6.430037019849986e-07,0.0,853.0227491944732,156.99999999999997,0.0,0.0,0.0003211665236830511,0.0,0.0,0.0,0.0,0.0,20.000000000000913,20.000000000000913,0.0,0.0
15.458333333186301,2.3000000000093945,6.430037019849986e-07,0.0,853.0131372600072,156.99999999999997,0.0,0.0,0.00031963583472981524,0.0,0.0,0.0,0.0,0.0,20.00000000000092,20.00000000000092,0.0,0.0
15.466666666519513,2.3000000000093945,6.430037019849986e-07,0.0,853.0035710998559,156.99999999999997,0.0,0.0,0.00031811485744019484,0.0,0.0,0.0,0.0,0.0,20.00000000000093,20.00000000000093,0.0,0.0
15.474999999852725,2.3000000000093945,6.430037019849986e-07,0.0,852.9940504238288,156.99999999999997,0.0,0.0,0.0003166035149148931,0.0,0.0,0.0,0.0,0.0,20.00000000000091,20.00000000000091,0.0,0.0
15.483333333185938,2.300000000009394,6.430037019849986e-07,0.0,852.984574944031,156.99999999999997,0.0,0.0,0.00031510173098416445,0.0,0.0,0.0,0.0,0.0,20.000000000000917,20.000000000000917,0.0,0.0
15.49166666651915,2.300000000009394,6.430037019849986e-07,0.0,852.9751443748421,156.99999999999997,0.0,0.0,0.0003136094301995927,0.0,0.0,0.0,0.0,0.0,20.0000000000009,20.0000000000009,0.0,0.0
15.499999999852362,2.3000000000093936,6.430037019849986e-07,0.0,852.9657584328943,156.99999999999997,0.0,0.0,0.00031212653782643825,0.0,0.0,0.0,0.0,0.0,20.000000000000902,20.000000000000902,0.0,0.0
15.508333333185574,2.3000000000093936,6.430037019849986e-07,0.0,852.9564168370509,156.99999999999997,0.0,0.0,0.0003106529798354783,0.0,0.0,0.0,0.0,0.0,20.000000000000878,20.000000000000878,0.0,0.0
15.516666666518786,2.300000000009393,6.430037019849986e-07,0.0,852.9471193083862,156.99999999999997,0.0,0.0,0.00030918868289560373,0.0,0.0,0.0,0.0,0.0,20.00000000000084,20.00000000000084,0.0,0.0
15.524999999851998,2.300000000009393,6.430037019849986e-07,0.0,852.9378655701632,156.99999999999997,0.0,0.0,0.00030773357436559467,0.0,0.0,0.0,0.0,0.0,20.00000000000085,20.00000000000085,0.0,0.0
15.53333333318521,2.3000000000093928,6.430037019849986e-07,0.0,852.9286553478145,156.99999999999997,0.0,0.0,0.00030628758228721544,0.0,0.0,0.0,0.0,0.0,20.000000000000874,20.000000000000874,0.0,0.0
15.541666666518422,2.3000000000093928,6.430037019849986e-07,0.0,852.919488368921,156.99999999999997,0.0,0.0,0.00030485063537723543,0.0,0.0,0.0,0.0,0.0,20.00000000000089,20.00000000000089,0.0,0.0
15.549999999851634,2.3000000000093928,6.430037019849986e-07,0.0,852.910364363192,156.99999999999997,0.0,0.0,0.00030342266302032644,0.0,0.0,0.0,0.0,0.0,20.000000000000842,20.000000000000842,0.0,0.0
15.558333333184846,2.3000000000093923,6.430037019849986e-07,0.0,852.9012830624455,156.99999999999997,0.0,0.0,0.00030200359526151533,0.0,0.0,0.0,0.0,0.0,20.000000000000828,20.000000000000828,0.0,0.0
15.566666666518058,2.3000000000093923,6.430037019849986e-07,0.0,852.892244200588,156.99999999999997,0.0,0.0,0.00030059336279938134,0.0,0.0,0.0,0.0,0.0,20.000000000000824,20.000000000000824,0.0,0.0
15.57499999985127,2.300000000009392,6.430037019849986e-07,0.0,852.8832475135957,156.99999999999997,0.0,0.0,0.00029919189697856003,0.0,0.0,0.0,0.0,0.0,20.000000000000824,20.000000000000824,0.0,0.0
15.583333333184482,2.300000000009392,6.430037019849986e-07,0.0,852.8742927394944,156.99999999999997,0.0,0.0,0.00029779912978292596,0.0,0.0,0.0,0.0,0.0,20.000000000000835,20.000000000000835,0.0,0.0
15.591666666517694,2.3000000000093914,6.430037019849986e-07,0.0,852.8653796183412,156.99999999999997,0.0,0.0,0.0002964149938286434,0.0,0.0,0.0,0.0,0.0,20.000000000000842,20.000000000000842,0.0,0.0
15.599999999850906,2.3000000000093914,6.430037019849986e-07,0.0,852.856507892205,156.99999999999997,0.0,0.0,0.00029503942235727,0.0,0.0,0.0,0.0,0.0,20.000000000000863,20.000000000000863,0.0,0.0
15.608333333184119,2.3000000000093914,6.430037019849986e-07,0.0,852.8476773051483,156.99999999999997,0.0,0.0,0.00029367234922897617,0.0,0.0,0.0,0.0,0.0,20.000000000000853,20.000000000000853,0.0,0.0
15.61666666651733,2.300000000009391,6.430037019849986e-07,0.0,852.8388876032085,156.99999999999997,0.0,0.0,0.00029231370891606343,0.0,0.0,0.0,0.0,0.0,20.000000000000885,20.000000000000885,0.0,0.0
15.624999999850543,2.300000000009391,6.430037019849986e-07,0.0,852.8301385343798,156.99999999999997,0.0,0.0,0.0002909634364959785,0.0,0.0,0.0,0.0,0.0,20.000000000000895,20.000000000000895,0.0,0.0
15.633333333183755,2.3000000000093905,6.430037019849986e-07,0.0,852.8214298485948,156.99999999999997,0.0,0.0,0.0002896214676453044,0.0,0.0,0.0,0.0,0.0,20.00000000000086,20.00000000000086,0.0,0.0
15.641666666516967,2.3000000000093905,6.430037019849986e-07,0.0,852.8127612977073,156.99999999999997,0.0,0.0,0.00028828773863281385,0.0,0.0,0.0,0.0,0.0,20.000000000000867,20.000000000000867,0.0,0.0
15.649999999850179,2.3000000000093905,6.430037019849986e-07,0.0,852.8041326354737,156.99999999999997,0.0,0.0,0.00028696218631349743,0.0,0.0,0.0,0.0,0.0,20.000000000000888,20.000000000000888,0.0,0.0
15.658333333183391,2.30000000000939,6.430037019849986e-07,0.0,852.7955436175365,156.99999999999997,0.0,0.0,0.00028564474812202423,0.0,0.0,0.0,0.0,0.0,20.000000000000902,20.000000000000902,0.0,0.0
15.666666666516603,2.30000000000939,6.430037019849986e-07,0.0,852.786994001406,156.99999999999997,0.0,0.0,0.0002843353620669258,0.0,0.0,0.0,0.0,0.0,20.00000000000089,20.00000000000089,0.0,0.0
15.674999999849815,2.3000000000093896,6.430037019849986e-07,0.0,852.7784835464442,156.99999999999997,0.0,0.0,0.00028303396672384683,0.0,0.0,0.0,0.0,0.0,20.00000000000089,20.00000000000089,0.0,0.0
15.683333333183027,2.3000000000093896,6.430037019849986e-07,0.0,852.7700120138469,156.99999999999997,0.0,0.0,0.00028174050123006797,0.0,0.0,0.0,0.0,0.0,20.00000000000088,20.00000000000088,0.0,0.0
15.69166666651624,2.3000000000093896,6.430037019849986e-07,0.0,852.7615791666278,156.99999999999997,0.0,0.0,0.00028045490527827814,0.0,0.0,0.0,0.0,0.0,20.000000000000913,20.000000000000913,0.0,0.0
15.699999999849451,2.300000000009389,6.430037019849986e-07,0.0,852.7531847696011,156.99999999999997,0.0,0.0,0.000279177119110759,0.0,0.0,0.0,0.0,0.0,20.00000000000089,20.00000000000089,0.0,0.0
15.708333333182663,2.300000000009389,6.430037019849986e-07,0.0,852.7448285893663,156.99999999999997,0.0,0.0,0.0002779070835133104,0.0,0.0,0.0,0.0,0.0,20.000000000000885,20.000000000000885,0.0,0.0
15.716666666515875,2.3000000000093888,6.430037019849986e-07,0.0,852.7365103942902,156.99999999999997,0.0,0.0,0.00027664473980982835,0.0,0.0,0.0,0.0,0.0,20.000000000000917,20.000000000000917,0.0,0.0
15.724999999849087,2.3000000000093888,6.430037019849986e-07,0.0,852.7282299544926,156.99999999999997,0.0,0.0,0.0002753900298564391,0.0,0.0,0.0,0.0,0.0,20.000000000000945,20.000000000000945,0.0,0.0
15.7333333331823,2.3000000000093888,6.430037019849986e-07,0.0,852.7199870418294,156.99999999999997,0.0,0.0,0.00027414289603592005,0.0,0.0,0.0,0.0,0.0,20.000000000000952,20.000000000000952,0.0,0.0
15.741666666515512,2.3000000000093883,6.430037019849986e-07,0.0,852.7117814298772,156.99999999999997,0.0,0.0,0.0002729032812519813,0.0,0.0,0.0,0.0,0.0,20.00000000000099,20.00000000000099,0.0,0.0
15.749999999848724,2.3000000000093883,6.430037019849986e-07,0.0,852.7036128939178,156.99999999999997,0.0,0.0,0.0002716711289240129,0.0,0.0,0.0,0.0,0.0,20.000000000000995,20.000000000000995,0.0,0.0
15.758333333181936,2.300000000009388,6.430037019849986e-07,0.0,852.6954812109227,156.99999999999997,0.0,0.0,0.0002704463829815695,0.0,0.0,0.0,0.0,0.0,20.000000000000988,20.000000000000988,0.0,0.0
15.766666666515148,2.300000000009388,6.430037019849986e-07,0.0,852.6873861595376,156.99999999999997,0.0,0.0,0.00026922898785895804,0.0,0.0,0.0,0.0,0.0,20.000000000001013,20.000000000001013,0.0,0.0
15.77499999984836,2.300000000009388,6.430037019849986e-07,0.0,852.679327520068,156.99999999999997,0.0,0.0,0.00026801888848998495,0.0,0.0,0.0,0.0,0.0,20.000000000001034,20.000000000001034,0.0,0.0
15.783333333181572,2.3000000000093874,6.430037019849986e-07,0.0,852.671305074464,156.99999999999997,0.0,0.0,0.0002668160303028632,0.0,0.0,0.0,0.0,0.0,20.000000000001023,20.000000000001023,0.0,0.0
15.791666666514784,2.3000000000093874,6.430037019849986e-07,0.0,852.6633186063051,156.99999999999997,0.0,0.0,0.0002656203592146786,0.0,0.0,0.0,0.0,0.0,20.000000000001013,20.000000000001013,0.0,0.0
15.799999999847996,2.300000000009387,6.430037019849986e-07,0.0,852.6553679007864,156.99999999999997,0.0,0.0,0.0002644318216266145,0.0,0.0,0.0,0.0,0.0,20.00000000000098,20.00000000000098,0.0,0.0
15.808333333181208,2.300000000009387,6.430037019849986e-07,0.0,852.6474527447033,156.99999999999997,0.0,0.0,0.00026325036441897327,0.0,0.0,0.0,0.0,0.0,20.000000000000963,20.000000000000963,0.0,0.0
15.81666666651442,2.300000000009387,6.430037019849986e-07,0.0,852.639572926438,156.99999999999997,0.0,0.0,0.00026207593494569905,0.0,0.0,0.0,0.0,0.0,20.000000000000995,20.000000000000995,0.0,0.0
15.824999999847632,2.3000000000093865,6.430037019849986e-07,0.0,852.6317282359448,156.99999999999997,0.0,0.0,0.00026090848103001174,0.0,0.0,0.0,0.0,0.0,20.00000000000097,20.00000000000097,0.0,0.0
15.833333333180844,2.3000000000093865,6.430037019849986e-07,0.0,852.6239184647367,156.99999999999997,0.0,0.0,0.00025974795095924197,0.0,0.0,0.0,0.0,0.0,20.00000000000101,20.00000000000101,0.0,0.0
15.841666666514056,2.3000000000093865,6.430037019849986e-07,0.0,852.6161434058705,156.99999999999997,0.0,0.0,0.0002585942934801196,0.0,0.0,0.0,0.0,0.0,20.00000000000099,20.00000000000099,0.0,0.0
15.849999999847268,2.300000000009386,6.430037019849986e-07,0.0,852.6084028539344,156.99999999999997,0.0,0.0,0.00025744745779385995,0.0,0.0,0.0,0.0,0.0,20.000000000001013,20.000000000001013,0.0,0.0
15.85833333318048,2.300000000009386,6.430037019849986e-07,0.0,852.6006966050331,156.99999999999997,0.0,0.0,0.00025630739355164174,0.0,0.0,0.0,0.0,0.0,20.000000000001023,20.000000000001023,0.0,0.0
15.866666666513693,2.300000000009386,6.430037019849986e-07,0.0,852.593024456776,156.99999999999997,0.0,0.0,0.0002551740508500587,0.0,0.0,0.0,0.0,0.0,20.000000000000984,20.000000000000984,0.0,0.0
15.874999999846905,2.3000000000093856,6.430037019849986e-07,0.0,852.5853862082619,156.99999999999997,0.0,0.0,0.0002540473802261335,0.0,0.0,0.0,0.0,0.0,20.000000000000977,20.000000000000977,0.0,0.0
15.883333333180117,2.3000000000093856,6.430037019849986e-07,0.0,852.5777816600676,156.99999999999997,0.0,0.0,0.00025292733265319266,0.0,0.0,0.0,0.0,0.0,20.000000000001002,20.000000000001002,0.0,0.0
15.891666666513329,2.300000000009385,6.430037019849986e-07,0.0,852.5702106142339,156.99999999999997,0.0,0.0,0.00025181385953624246,0.0,0.0,0.0,0.0,0.0,20.00000000000096,20.00000000000096,0.0,0.0
15.89999999984654,2.300000000009385,6.430037019849986e-07,0.0,852.5626728742533,156.99999999999997,0.0,0.0,0.0002507069127073786,0.0,0.0,0.0,0.0,0.0,20.000000000000966,20.000000000000966,0.0,0.0
15.908333333179753,2.300000000009385,6.430037019849986e-07,0.0,852.5551682450566,156.99999999999997,0.0,0.0,0.00024960644442181633,0.0,0.0,0.0,0.0,0.0,20.000000000000945,20.000000000000945,0.0,0.0
15.916666666512965,2.3000000000093848,6.430037019849986e-07,0.0,852.5476965330008,156.99999999999997,0.0,0.0,0.00024851240735301286,0.0,0.0,0.0,0.0,0.0,20.00000000000095,20.00000000000095,0.0,0.0
15.924999999846177,2.3000000000093848,6.430037019849986e-07,0.0,852.5402575458567,156.99999999999997,0.0,0.0,0.0002474247545888769,0.0,0.0,0.0,0.0,0.0,20.000000000000917,20.000000000000917,0.0,0.0
15.93333333317939,2.3000000000093848,6.430037019849986e-07,0.0,852.5328510927957,156.99999999999997,0.0,0.0,0.0002463434396273647,0.0,0.0,0.0,0.0,0.0,20.000000000000895,20.000000000000895,0.0,0.0
15.941666666512601,2.3000000000093843,6.430037019849986e-07,0.0,852.5254769843787,156.99999999999997,0.0,0.0,0.0002452684163721663,0.0,0.0,0.0,0.0,0.0,20.000000000000924,20.000000000000924,0.0,0.0
15.949999999845813,2.3000000000093843,6.430037019849986e-07,0.0,852.5181350325431,156.99999999999997,0.0,0.0,0.00024419963912888795,0.0,0.0,0.0,0.0,0.0,20.000000000000977,20.000000000000977,0.0,0.0
15.958333333179025,2.3000000000093843,6.430037019849986e-07,0.0,852.5108250505912,156.99999999999997,0.0,0.0,0.00024313706260056626,0.0,0.0,0.0,0.0,0.0,20.000000000000988,20.000000000000988,0.0,0.0
15.966666666512237,2.300000000009384,6.430037019849986e-07,0.0,852.5035468531785,156.99999999999997,0.0,0.0,0.0002420806418840841,0.0,0.0,0.0,0.0,0.0,20.000000000000988,20.000000000000988,0.0,0.0
15.97499999984545,2.300000000009384,6.430037019849986e-07,0.0,852.4963002563015,156.99999999999997,0.0,0.0,0.0002410303324658019,0.0,0.0,0.0,0.0,0.0,20.000000000001,20.000000000001,0.0,0.0
15.983333333178662,2.300000000009384,6.430037019849986e-07,0.0,852.4890850772863,156.99999999999997,0.0,0.0,0.0002399860902179149,0.0,0.0,0.0,0.0,0.0,20.00000000000093,20.00000000000093,0.0,0.0
15.991666666511874,2.3000000000093834,6.430037019849986e-07,0.0,852.481901134777,156.99999999999997,0.0,0.0,0.000238947871394374,0.0,0.0,0.0,0.0,0.0,20.000000000000938,20.000000000000938,0.0,0.0
15.999999999845086,2.3000000000093834,6.430037019849986e-07,0.0,852.4747482487247,156.99999999999997,0.0,0.0,0.00023791563262706751,0.0,0.0,0.0,0.0,0.0,20.00000000000096,20.00000000000096,0.0,0.0
16.0083333331783,2.3000000000093834,6.430037019849986e-07,0.0,852.4676262403756,156.99999999999997,0.0,0.0,0.00023688933092202974,0.0,0.0,0.0,0.0,0.0,20.00000000000096,20.00000000000096,0.0,0.0
16.01666666651151,2.300000000009383,6.430037019849986e-07,0.0,852.4605349322603,156.99999999999997,0.0,0.0,0.00023586892365573504,0.0,0.0,0.0,0.0,0.0,20.000000000000966,20.000000000000966,0.0,0.0
16.024999999844724,2.300000000009383,6.430037019849986e-07,0.0,852.4534741481823,156.99999999999997,0.0,0.0,0.0002348543685714176,0.0,0.0,0.0,0.0,0.0,20.000000000001,20.000000000001,0.0,0.0
16.033333333177936,2.300000000009383,6.430037019849986e-07,0.0,852.4464437132078,156.99999999999997,0.0,0.0,0.0002338456237750747,0.0,0.0,0.0,0.0,0.0,20.00000000000099,20.00000000000099,0.0,0.0
16.041666666511148,2.3000000000093825,6.430037019849986e-07,0.0,852.4394434536541,156.99999999999997,0.0,0.0,0.00023284264773229914,0.0,0.0,0.0,0.0,0.0,20.00000000000102,20.00000000000102,0.0,0.0
16.04999999984436,2.3000000000093825,6.430037019849986e-07,0.0,852.4324731970792,156.99999999999997,0.0,0.0,0.00023184539926439176,0.0,0.0,0.0,0.0,0.0,20.00000000000099,20.00000000000099,0.0,0.0
16.058333333177572,2.3000000000093825,6.430037019849986e-07,0.0,852.4255327722711,156.99999999999997,0.0,0.0,0.00023085383754484407,0.0,0.0,0.0,0.0,0.0,20.000000000001016,20.000000000001016,0.0,0.0
16.066666666510784,2.300000000009382,6.430037019849986e-07,0.0,852.4186220092374,156.99999999999997,0.0,0.0,0.00022986792209595992,0.0,0.0,0.0,0.0,0.0,20.000000000001037,20.000000000001037,0.0,0.0
16.074999999843996,2.300000000009382,6.430037019849986e-07,0.0,852.411740739195,156.99999999999997,0.0,0.0,0.00022888761278515968,0.0,0.0,0.0,0.0,0.0,20.00000000000107,20.00000000000107,0.0,0.0
16.083333333177208,2.300000000009382,6.430037019849986e-07,0.0,852.4048887945593,156.99999999999997,0.0,0.0,0.0002279128698217657,0.0,0.0,0.0,0.0,0.0,20.000000000001076,20.000000000001076,0.0,0.0
16.09166666651042,2.3000000000093817,6.430037019849986e-07,0.0,852.3980660089345,156.99999999999997,0.0,0.0,0.00022694365375352656,0.0,0.0,0.0,0.0,0.0,20.00000000000109,20.00000000000109,0.0,0.0
16.099999999843632,2.3000000000093817,6.430037019849986e-07,0.0,852.3912722171033,156.99999999999997,0.0,0.0,0.00022597992546327924,0.0,0.0,0.0,0.0,0.0,20.00000000000111,20.00000000000111,0.0,0.0
16.108333333176844,2.3000000000093817,6.430037019849986e-07,0.0,852.384507255017,156.99999999999997,0.0,0.0,0.00022502164616557862,0.0,0.0,0.0,0.0,0.0,20.000000000001048,20.000000000001048,0.0,0.0
16.116666666510056,2.300000000009381,6.430037019849986e-07,0.0,852.3777709597853,156.99999999999997,0.0,0.0,0.0002240687774034637,0.0,0.0,0.0,0.0,0.0,20.000000000001034,20.000000000001034,0.0,0.0
16.12499999984327,2.300000000009381,6.430037019849986e-07,0.0,852.3710631696667,156.99999999999997,0.0,0.0,0.00022312128104524682,0.0,0.0,0.0,0.0,0.0,20.00000000000108,20.00000000000108,0.0,0.0
16.13333333317648,2.300000000009381,6.430037019849986e-07,0.0,852.3643837240593,156.99999999999997,0.0,0.0,0.00022217911928121235,0.0,0.0,0.0,0.0,0.0,20.00000000000104,20.00000000000104,0.0,0.0
16.141666666509693,2.3000000000093808,6.430037019849986e-07,0.0,852.35773246349,156.99999999999997,0.0,0.0,0.00022124225462056462,0.0,0.0,0.0,0.0,0.0,20.000000000001062,20.000000000001062,0.0,0.0
16.149999999842905,2.3000000000093808,6.430037019849986e-07,0.0,852.3511092296061,156.99999999999997,0.0,0.0,0.00022031064988822766,0.0,0.0,0.0,0.0,0.0,20.000000000001076,20.000000000001076,0.0,0.0
16.158333333176117,2.3000000000093808,6.430037019849986e-07,0.0,852.3445138651653,156.99999999999997,0.0,0.0,0.0002193842682217244,0.0,0.0,0.0,0.0,0.0,20.000000000001062,20.000000000001062,0.0,0.0
16.16666666650933,2.3000000000093808,6.430037019849986e-07,0.0,852.3379462140263,156.99999999999997,0.0,0.0,0.0002184630730682454,0.0,0.0,0.0,0.0,0.0,20.00000000000107,20.00000000000107,0.0,0.0
16.17499999984254,2.3000000000093803,6.430037019849986e-07,0.0,852.3314061211403,156.99999999999997,0.0,0.0,0.00021754702818145832,0.0,0.0,0.0,0.0,0.0,20.000000000001105,20.000000000001105,0.0,0.0
16.183333333175753,2.3000000000093803,6.430037019849986e-07,0.0,852.3248934325408,156.99999999999997,0.0,0.0,0.00021663609761856376,0.0,0.0,0.0,0.0,0.0,20.00000000000113,20.00000000000113,0.0,0.0
16.191666666508965,2.3000000000093803,6.430037019849986e-07,0.0,852.3184079953353,156.99999999999997,0.0,0.0,0.00021573024573731518,0.0,0.0,0.0,0.0,0.0,20.00000000000115,20.00000000000115,0.0,0.0
16.199999999842177,2.30000000000938,6.430037019849986e-07,0.0,852.311949657696,156.99999999999997,0.0,0.0,0.00021482943719322716,0.0,0.0,0.0,0.0,0.0,20.000000000001155,20.000000000001155,0.0,0.0
16.20833333317539,2.30000000000938,6.430037019849986e-07,0.0,852.3055182688511,156.99999999999997,0.0,0.0,0.00021393363693652474,0.0,0.0,0.0,0.0,0.0,20.000000000001187,20.000000000001187,0.0,0.0
16.2166666665086,2.30000000000938,6.430037019849986e-07,0.0,852.2991136790756,156.99999999999997,0.0,0.0,0.0002130428102093364,0.0,0.0,0.0,0.0,0.0,20.000000000001208,20.000000000001208,0.0,0.0
16.224999999841813,2.3000000000093794,6.430037019849986e-07,0.0,852.2927357396834,156.99999999999997,0.0,0.0,0.00021215692254285083,0.0,0.0,0.0,0.0,0.0,20.000000000001233,20.000000000001233,0.0,0.0
16.233333333175025,2.3000000000093794,6.430037019849986e-07,0.0,852.2863843030177,156.99999999999997,0.0,0.0,0.00021127593975449368,0.0,0.0,0.0,0.0,0.0,20.000000000001204,20.000000000001204,0.0,0.0
16.241666666508237,2.3000000000093794,6.430037019849986e-07,0.0,852.2800592224429,156.99999999999997,0.0,0.0,0.00021039982794528964,0.0,0.0,0.0,0.0,0.0,20.00000000000119,20.00000000000119,0.0,0.0
16.24999999984145,2.300000000009379,6.430037019849986e-07,0.0,852.2737603523365,156.99999999999997,0.0,0.0,0.00020952855349680089,0.0,0.0,0.0,0.0,0.0,20.000000000001158,20.000000000001158,0.0,0.0
16.25833333317466,2.300000000009379,6.430037019849986e-07,0.0,852.26748754808,156.99999999999997,0.0,0.0,0.0002086620830689143,0.0,0.0,0.0,0.0,0.0,20.00000000000116,20.00000000000116,0.0,0.0
16.266666666507874,2.300000000009379,6.430037019849986e-07,0.0,852.2612406660511,156.99999999999997,0.0,0.0,0.00020780038359670706,0.0,0.0,0.0,0.0,0.0,20.00000000000118,20.00000000000118,0.0,0.0
16.274999999841086,2.300000000009379,6.430037019849986e-07,0.0,852.2550195636154,156.99999999999997,0.0,0.0,0.0002069434222879946,0.0,0.0,0.0,0.0,0.0,20.000000000001222,20.000000000001222,0.0,0.0
16.283333333174298,2.3000000000093785,6.430037019849986e-07,0.0,852.2488240991181,156.99999999999997,0.0,0.0,0.00020609116662072987,0.0,0.0,0.0,0.0,0.0,20.00000000000122,20.00000000000122,0.0,0.0
16.29166666650751,2.3000000000093785,6.430037019849986e-07,0.0,852.242654131876,156.99999999999997,0.0,0.0,0.00020524358434036638,0.0,0.0,0.0,0.0,0.0,20.000000000001194,20.000000000001194,0.0,0.0
16.299999999840722,2.3000000000093785,6.430037019849986e-07,0.0,852.2365095221696,156.99999999999997,0.0,0.0,0.00020440064345723873,0.0,0.0,0.0,0.0,0.0,20.00000000000118,20.00000000000118,0.0,0.0
16.308333333173934,2.300000000009378,6.430037019849986e-07,0.0,852.2303901312353,156.99999999999997,0.0,0.0,0.00020356231224412553,0.0,0.0,0.0,0.0,0.0,20.00000000000116,20.00000000000116,0.0,0.0
16.316666666507146,2.300000000009378,6.430037019849986e-07,0.0,852.2242958212571,156.99999999999997,0.0,0.0,0.00020272855923377455,0.0,0.0,0.0,0.0,0.0,20.000000000001208,20.000000000001208,0.0,0.0
16.324999999840358,2.300000000009378,6.430037019849986e-07,0.0,852.2182264553592,156.99999999999997,0.0,0.0,0.00020189935321628037,0.0,0.0,0.0,0.0,0.0,20.00000000000115,20.00000000000115,0.0,0.0
16.33333333317357,2.300000000009378,6.430037019849986e-07,0.0,852.2121818975984,156.99999999999997,0.0,0.0,0.00020107466323664408,0.0,0.0,0.0,0.0,0.0,20.00000000000115,20.00000000000115,0.0,0.0
16.341666666506782,2.3000000000093777,6.430037019849986e-07,0.0,852.2061620129562,156.99999999999997,0.0,0.0,0.00020025445859251292,0.0,0.0,0.0,0.0,0.0,20.00000000000115,20.00000000000115,0.0,0.0
16.349999999839994,2.3000000000093777,6.430037019849986e-07,0.0,852.2001666673315,156.99999999999997,0.0,0.0,0.00019943870883166285,0.0,0.0,0.0,0.0,0.0,20.000000000001158,20.000000000001158,0.0,0.0
16.358333333173206,2.3000000000093777,6.430037019849986e-07,0.0,852.194195727533,156.99999999999997,0.0,0.0,0.00019862738374955323,0.0,0.0,0.0,0.0,0.0,20.000000000001155,20.000000000001155,0.0,0.0
16.36666666650642,2.300000000009377,6.430037019849986e-07,0.0,852.1882490612719,156.99999999999997,0.0,0.0,0.00019782045338711472,0.0,0.0,0.0,0.0,0.0,20.000000000001148,20.000000000001148,0.0,0.0
16.37499999983963,2.300000000009377,6.430037019849986e-07,0.0,852.1823265371544,156.99999999999997,0.0,0.0,0.00019701788802833526,0.0,0.0,0.0,0.0,0.0,20.000000000001183,20.000000000001183,0.0,0.0
16.383333333172843,2.300000000009377,6.430037019849986e-07,0.0,852.1764280246746,156.99999999999997,0.0,0.0,0.0001962196581980252,0.0,0.0,0.0,0.0,0.0,20.000000000001148,20.000000000001148,0.0,0.0
16.391666666506055,2.300000000009377,6.430037019849986e-07,0.0,852.1705533942071,156.99999999999997,0.0,0.0,0.000195425734659543,0.0,0.0,0.0,0.0,0.0,20.000000000001158,20.000000000001158,0.0,0.0
16.399999999839267,2.3000000000093768,6.430037019849986e-07,0.0,852.1647025170004,156.99999999999997,0.0,0.0,0.00019463608841248267,0.0,0.0,0.0,0.0,0.0,20.000000000001183,20.000000000001183,0.0,0.0
16.40833333317248,2.3000000000093768,6.430037019849986e-07,0.0,852.1588752651692,156.99999999999997,0.0,0.0,0.00019385069069043054,0.0,0.0,0.0,0.0,0.0,20.000000000001194,20.000000000001194,0.0,0.0
16.41666666650569,2.3000000000093768,6.430037019849986e-07,0.0,852.1530715116876,156.99999999999997,0.0,0.0,0.00019306951295889861,0.0,0.0,0.0,0.0,0.0,20.00000000000122,20.00000000000122,0.0,0.0
16.424999999838903,2.3000000000093768,6.430037019849986e-07,0.0,852.1472911303828,156.99999999999997,0.0,0.0,0.00019229252691305653,0.0,0.0,0.0,0.0,0.0,20.000000000001236,20.000000000001236,0.0,0.0
16.433333333172115,2.3000000000093763,6.430037019849986e-07,0.0,852.141533995927,156.99999999999997,0.0,0.0,0.00019151970447553305,0.0,0.0,0.0,0.0,0.0,20.00000000000123,20.00000000000123,0.0,0.0
16.441666666505327,2.3000000000093763,6.430037019849986e-07,0.0,852.1357999838319,156.99999999999997,0.0,0.0,0.00019075101779444608,0.0,0.0,0.0,0.0,0.0,20.000000000001226,20.000000000001226,0.0,0.0
16.44999999983854,2.3000000000093763,6.430037019849986e-07,0.0,852.1300889704412,156.99999999999997,0.0,0.0,0.0001899864392410715,0.0,0.0,0.0,0.0,0.0,20.00000000000122,20.00000000000122,0.0,0.0
16.45833333317175,2.300000000009376,6.430037019849986e-07,0.0,852.124400832924,156.99999999999997,0.0,0.0,0.00018922594140795504,0.0,0.0,0.0,0.0,0.0,20.00000000000124,20.00000000000124,0.0,0.0
16.466666666504963,2.300000000009376,6.430037019849986e-07,0.0,852.1187354492683,156.99999999999997,0.0,0.0,0.00018846949710671669,0.0,0.0,0.0,0.0,0.0,20.000000000001247,20.000000000001247,0.0,0.0
16.474999999838175,2.300000000009376,6.430037019849986e-07,0.0,852.1130926982748,156.99999999999997,0.0,0.0,0.000187717079366136,0.0,0.0,0.0,0.0,0.0,20.000000000001236,20.000000000001236,0.0,0.0
16.483333333171387,2.300000000009376,6.430037019849986e-07,0.0,852.10747245955,156.99999999999997,0.0,0.0,0.00018696866142993096,0.0,0.0,0.0,0.0,0.0,20.000000000001258,20.000000000001258,0.0,0.0
16.4916666665046,2.3000000000093754,6.430037019849986e-07,0.0,852.1018746134995,156.99999999999997,0.0,0.0,0.0001862242167550832,0.0,0.0,0.0,0.0,0.0,20.000000000001226,20.000000000001226,0.0,0.0
16.49999999983781,2.3000000000093754,6.430037019849986e-07,0.0,852.0962990413224,156.99999999999997,0.0,0.0,0.00018548371900943095,0.0,0.0,0.0,0.0,0.0,20.000000000001222,20.000000000001222,0.0,0.0
16.508333333171024,2.3000000000093754,6.430037019849986e-07,0.0,852.0907456250045,156.99999999999997,0.0,0.0,0.00018474714207017935,0.0,0.0,0.0,0.0,0.0,20.00000000000123,20.00000000000123,0.0,0.0
16.516666666504236,2.3000000000093754,6.430037019849986e-07,0.0,852.085214247312,156.99999999999997,0.0,0.0,0.00018401446002157354,0.0,0.0,0.0,0.0,0.0,20.000000000001215,20.000000000001215,0.0,0.0
16.524999999837448,2.300000000009375,6.430037019849986e-07,0.0,852.079704791786,156.99999999999997,0.0,0.0,0.00018328564715316866,0.0,0.0,0.0,0.0,0.0,20.00000000000122,20.00000000000122,0.0,0.0
16.53333333317066,2.300000000009375,6.430037019849986e-07,0.0,852.074217142735,156.99999999999997,0.0,0.0,0.00018256067795800578,0.0,0.0,0.0,0.0,0.0,20.000000000001222,20.000000000001222,0.0,0.0
16.541666666503872,2.300000000009375,6.430037019849986e-07,0.0,852.0687511852307,156.99999999999997,0.0,0.0,0.0001818395271304833,0.0,0.0,0.0,0.0,0.0,20.00000000000125,20.00000000000125,0.0,0.0
16.549999999837084,2.300000000009375,6.430037019849986e-07,0.0,852.0633068051,156.99999999999997,0.0,0.0,0.0001811221695648218,0.0,0.0,0.0,0.0,0.0,20.00000000000123,20.00000000000123,0.0,0.0
16.558333333170296,2.3000000000093745,6.430037019849986e-07,0.0,852.0578838889204,156.99999999999997,0.0,0.0,0.00018040858035301303,0.0,0.0,0.0,0.0,0.0,20.000000000001183,20.000000000001183,0.0,0.0
16.566666666503508,2.3000000000093745,6.430037019849986e-07,0.0,852.0524823240139,156.99999999999997,0.0,0.0,0.0001796987347829925,0.0,0.0,0.0,0.0,0.0,20.0000000000012,20.0000000000012,0.0,0.0
16.57499999983672,2.3000000000093745,6.430037019849986e-07,0.0,852.0471019984407,156.99999999999997,0.0,0.0,0.0001789926083369289,0.0,0.0,0.0,0.0,0.0,20.0000000000012,20.0000000000012,0.0,0.0
16.583333333169932,2.3000000000093745,6.430037019849986e-07,0.0,852.0417428009935,156.99999999999997,0.0,0.0,0.00017829017668952467,0.0,0.0,0.0,0.0,0.0,20.00000000000123,20.00000000000123,0.0,0.0
16.591666666503144,2.300000000009374,6.430037019849986e-07,0.0,852.0364046211921,156.99999999999997,0.0,0.0,0.00017759141570611864,0.0,0.0,0.0,0.0,0.0,20.00000000000123,20.00000000000123,0.0,0.0
16.599999999836356,2.300000000009374,6.430037019849986e-07,0.0,852.0310873492775,156.99999999999997,0.0,0.0,0.00017689630144085322,0.0,0.0,0.0,0.0,0.0,20.00000000000122,20.00000000000122,0.0,0.0
16.60833333316957,2.300000000009374,6.430037019849986e-07,0.0,852.0257908762062,156.99999999999997,0.0,0.0,0.00017620481013516656,0.0,0.0,0.0,0.0,0.0,20.000000000001222,20.000000000001222,0.0,0.0
16.61666666650278,2.300000000009374,6.430037019849986e-07,0.0,852.0205150936446,156.99999999999997,0.0,0.0,0.0001755169182161382,0.0,0.0,0.0,0.0,0.0,20.000000000001233,20.000000000001233,0.0,0.0
16.624999999835993,2.3000000000093737,6.430037019849986e-07,0.0,852.0152598939635,156.99999999999997,0.0,0.0,0.00017483260229442924,0.0,0.0,0.0,0.0,0.0,20.000000000001233,20.000000000001233,0.0,0.0
16.633333333169205,2.3000000000093737,6.430037019849986e-07,0.0,852.0100251702329,156.99999999999997,0.0,0.0,0.00017415183916296367,0.0,0.0,0.0,0.0,0.0,20.000000000001197,20.000000000001197,0.0,0.0
16.641666666502417,2.3000000000093737,6.430037019849986e-07,0.0,852.0048108162158,156.99999999999997,0.0,0.0,0.0001734746057952545,0.0,0.0,0.0,0.0,0.0,20.000000000001155,20.000000000001155,0.0,0.0
16.64999999983563,2.3000000000093737,6.430037019849986e-07,0.0,851.9996167263638,156.99999999999997,0.0,0.0,0.00017280087934343007,0.0,0.0,0.0,0.0,0.0,20.00000000000119,20.00000000000119,0.0,0.0
16.65833333316884,2.300000000009373,6.430037019849986e-07,0.0,851.994442795811,156.99999999999997,0.0,0.0,0.00017213063713704985,0.0,0.0,0.0,0.0,0.0,20.00000000000118,20.00000000000118,0.0,0.0
16.666666666502053,2.300000000009373,6.430037019849986e-07,0.0,851.9892889203691,156.99999999999997,0.0,0.0,0.00017146385668130685,0.0,0.0,0.0,0.0,0.0,20.00000000000122,20.00000000000122,0.0,0.0
16.674999999835265,2.300000000009373,6.430037019849986e-07,0.0,851.9841549965217,156.99999999999997,0.0,0.0,0.00017080051565534552,0.0,0.0,0.0,0.0,0.0,20.0000000000012,20.0000000000012,0.0,0.0
16.683333333168477,2.300000000009373,6.430037019849986e-07,0.0,851.97904092142,156.99999999999997,0.0,0.0,0.00017014059191084813,0.0,0.0,0.0,0.0,0.0,20.000000000001215,20.000000000001215,0.0,0.0
16.69166666650169,2.3000000000093728,6.430037019849986e-07,0.0,851.9739465928766,156.99999999999997,0.0,0.0,0.00016948406347047559,0.0,0.0,0.0,0.0,0.0,20.000000000001275,20.000000000001275,0.0,0.0
16.6999999998349,2.3000000000093728,6.430037019849986e-07,0.0,851.9688719093609,156.99999999999997,0.0,0.0,0.0001688309085261643,0.0,0.0,0.0,0.0,0.0,20.00000000000126,20.00000000000126,0.0,0.0
16.708333333168113,2.3000000000093728,6.430037019849986e-07,0.0,851.9638167699942,156.99999999999997,0.0,0.0,0.00016818110543779334,0.0,0.0,0.0,0.0,0.0,20.000000000001275,20.000000000001275,0.0,0.0
16.716666666501325,2.3000000000093728,6.430037019849986e-07,0.0,851.9587810745445,156.99999999999997,0.0,0.0,0.000167534632731655,0.0,0.0,0.0,0.0,0.0,20.00000000000124,20.00000000000124,0.0,0.0
16.724999999834537,2.3000000000093723,6.430037019849986e-07,0.0,851.9537647234213,156.99999999999997,0.0,0.0,0.00016689146909878148,0.0,0.0,0.0,0.0,0.0,20.000000000001293,20.000000000001293,0.0,0.0
16.73333333316775,2.3000000000093723,6.430037019849986e-07,0.0,851.9487676176711,156.99999999999997,0.0,0.0,0.00016625159339379405,0.0,0.0,0.0,0.0,0.0,20.00000000000133,20.00000000000133,0.0,0.0
16.74166666650096,2.3000000000093723,6.430037019849986e-07,0.0,851.9437896589723,156.99999999999997,0.0,0.0,0.00016561498463309496,0.0,0.0,0.0,0.0,0.0,20.00000000000131,20.00000000000131,0.0,0.0
16.749999999834174,2.3000000000093723,6.430037019849986e-07,0.0,851.9388307496304,156.99999999999997,0.0,0.0,0.0001649816219935817,0.0,0.0,0.0,0.0,0.0,20.00000000000128,20.00000000000128,0.0,0.0
16.758333333167386,2.300000000009372,6.430037019849986e-07,0.0,851.933890792573,156.99999999999997,0.0,0.0,0.0001643514848113691,0.0,0.0,0.0,0.0,0.0,20.00000000000129,20.00000000000129,0.0,0.0
16.766666666500598,2.300000000009372,6.430037019849986e-07,0.0,851.9289696913455,156.99999999999997,0.0,0.0,0.00016372455258006154,0.0,0.0,0.0,0.0,0.0,20.00000000000128,20.00000000000128,0.0,0.0
16.77499999983381,2.300000000009372,6.430037019849986e-07,0.0,851.924067350106,156.99999999999997,0.0,0.0,0.00016310080494959532,0.0,0.0,0.0,0.0,0.0,20.000000000001254,20.000000000001254,0.0,0.0
16.783333333167022,2.300000000009372,6.430037019849986e-07,0.0,851.9191836736209,156.99999999999997,0.0,0.0,0.00016248022172478404,0.0,0.0,0.0,0.0,0.0,20.000000000001275,20.000000000001275,0.0,0.0
16.791666666500234,2.300000000009372,6.430037019849986e-07,0.0,851.9143185672599,156.99999999999997,0.0,0.0,0.00016186278286377137,0.0,0.0,0.0,0.0,0.0,20.00000000000126,20.00000000000126,0.0,0.0
16.799999999833446,2.3000000000093714,6.430037019849986e-07,0.0,851.9094719369918,156.99999999999997,0.0,0.0,0.00016124846847710166,0.0,0.0,0.0,0.0,0.0,20.000000000001265,20.000000000001265,0.0,0.0
16.808333333166658,2.3000000000093714,6.430037019849986e-07,0.0,851.90464368938,156.99999999999997,0.0,0.0,0.00016063725882583524,0.0,0.0,0.0,0.0,0.0,20.000000000001272,20.000000000001272,0.0,0.0
16.81666666649987,2.3000000000093714,6.430037019849986e-07,0.0,851.8998337315775,156.99999999999997,0.0,0.0,0.00016002913432063562,0.0,0.0,0.0,0.0,0.0,20.000000000001243,20.000000000001243,0.0,0.0
16.824999999833082,2.3000000000093714,6.430037019849986e-07,0.0,851.8950419713228,156.99999999999997,0.0,0.0,0.0001594240755202568,0.0,0.0,0.0,0.0,0.0,20.00000000000127,20.00000000000127,0.0,0.0
16.833333333166294,2.300000000009371,6.430037019849986e-07,0.0,851.8902683169356,156.99999999999997,0.0,0.0,0.00015882206313029229,0.0,0.0,0.0,0.0,0.0,20.00000000000128,20.00000000000128,0.0,0.0
16.841666666499506,2.300000000009371,6.430037019849986e-07,0.0,851.8855126773121,156.99999999999997,0.0,0.0,0.00015822307800183118,0.0,0.0,0.0,0.0,0.0,20.00000000000125,20.00000000000125,0.0,0.0
16.84999999983272,2.300000000009371,6.430037019849986e-07,0.0,851.8807749619209,156.99999999999997,0.0,0.0,0.0001576271011303238,0.0,0.0,0.0,0.0,0.0,20.00000000000125,20.00000000000125,0.0,0.0
16.85833333316593,2.300000000009371,6.430037019849986e-07,0.0,851.8760550807984,156.99999999999997,0.0,0.0,0.00015703411365405293,0.0,0.0,0.0,0.0,0.0,20.000000000001254,20.000000000001254,0.0,0.0
16.866666666499142,2.300000000009371,6.430037019849986e-07,0.0,851.8713529445449,156.99999999999997,0.0,0.0,0.00015644409685316603,0.0,0.0,0.0,0.0,0.0,20.00000000000126,20.00000000000126,0.0,0.0
16.874999999832355,2.3000000000093705,6.430037019849986e-07,0.0,851.8666684643202,156.99999999999997,0.0,0.0,0.00015585703214826297,0.0,0.0,0.0,0.0,0.0,20.000000000001297,20.000000000001297,0.0,0.0
16.883333333165567,2.3000000000093705,6.430037019849986e-07,0.0,851.8620015518392,156.99999999999997,0.0,0.0,0.00015527290109919252,0.0,0.0,0.0,0.0,0.0,20.00000000000125,20.00000000000125,0.0,0.0
16.89166666649878,2.3000000000093705,6.430037019849986e-07,0.0,851.857352119368,156.99999999999997,0.0,0.0,0.00015469168540385657,0.0,0.0,0.0,0.0,0.0,20.000000000001243,20.000000000001243,0.0,0.0
16.89999999983199,2.3000000000093705,6.430037019849986e-07,0.0,851.8527200797196,156.99999999999997,0.0,0.0,0.00015411336689707128,0.0,0.0,0.0,0.0,0.0,20.00000000000125,20.00000000000125,0.0,0.0
16.908333333165203,2.30000000000937,6.430037019849986e-07,0.0,851.8481053462503,156.99999999999997,0.0,0.0,0.00015353792754918685,0.0,0.0,0.0,0.0,0.0,20.00000000000126,20.00000000000126,0.0,0.0
16.916666666498415,2.30000000000937,6.430037019849986e-07,0.0,851.8435078328548,156.99999999999997,0.0,0.0,0.00015296534946511342,0.0,0.0,0.0,0.0,0.0,20.000000000001258,20.000000000001258,0.0,0.0
16.924999999831627,2.30000000000937,6.430037019849986e-07,0.0,851.8389274539629,156.99999999999997,0.0,0.0,0.00015239561488305503,0.0,0.0,0.0,0.0,0.0,20.000000000001265,20.000000000001265,0.0,0.0
16.93333333316484,2.30000000000937,6.430037019849986e-07,0.0,851.8343641245351,156.99999999999997,0.0,0.0,0.00015182870617335076,0.0,0.0,0.0,0.0,0.0,20.00000000000126,20.00000000000126,0.0,0.0
16.94166666649805,2.30000000000937,6.430037019849986e-07,0.0,851.8298177600591,156.99999999999997,0.0,0.0,0.00015126460583732317,0.0,0.0,0.0,0.0,0.0,20.000000000001236,20.000000000001236,0.0,0.0
16.949999999831263,2.3000000000093697,6.430037019849986e-07,0.0,851.8252882765453,156.99999999999997,0.0,0.0,0.00015070329650623251,0.0,0.0,0.0,0.0,0.0,20.000000000001233,20.000000000001233,0.0,0.0
16.958333333164475,2.3000000000093697,6.430037019849986e-07,0.0,851.8207755905232,156.99999999999997,0.0,0.0,0.0001501447609399411,0.0,0.0,0.0,0.0,0.0,20.000000000001197,20.000000000001197,0.0,0.0
16.966666666497687,2.3000000000093697,6.430037019849986e-07,0.0,851.8162796190379,156.99999999999997,0.0,0.0,0.0001495889820261292,0.0,0.0,0.0,0.0,0.0,20.000000000001208,20.000000000001208,0.0,0.0
16.9749999998309,2.3000000000093697,6.430037019849986e-07,0.0,851.8118002796458,156.99999999999997,0.0,0.0,0.00014903594277887406,0.0,0.0,0.0,0.0,0.0,20.000000000001215,20.000000000001215,0.0,0.0
16.98333333316411,2.300000000009369,6.430037019849986e-07,0.0,851.8073374904109,156.99999999999997,0.0,0.0,0.000148485626337731,0.0,0.0,0.0,0.0,0.0,20.000000000001215,20.000000000001215,0.0,0.0
16.991666666497323,2.300000000009369,6.430037019849986e-07,0.0,851.802891169901,156.99999999999997,0.0,0.0,0.0001479380159665736,0.0,0.0,0.0,0.0,0.0,20.0000000000012,20.0000000000012,0.0,0.0
16.999999999830536,2.300000000009369,6.430037019849986e-07,0.0,851.7984612371847,156.99999999999997,0.0,0.0,0.0001473930950527363,0.0,0.0,0.0,0.0,0.0,20.000000000001222,20.000000000001222,0.0,0.0
17.008333333163748,2.300000000009369,6.430037019849986e-07,0.0,851.7940476118265,156.99999999999997,0.0,0.0,0.00014685084710557296,0.0,0.0,0.0,0.0,0.0,20.000000000001194,20.000000000001194,0.0,0.0
17.01666666649696,2.300000000009369,6.430037019849986e-07,0.0,851.7896502138842,156.99999999999997,0.0,0.0,0.00014631125575575963,0.0,0.0,0.0,0.0,0.0,20.00000000000118,20.00000000000118,0.0,0.0
17.02499999983017,2.3000000000093688,6.430037019849986e-07,0.0,851.7852689639047,156.99999999999997,0.0,0.0,0.00014577430475406342,0.0,0.0,0.0,0.0,0.0,20.00000000000115,20.00000000000115,0.0,0.0
17.033333333163384,2.3000000000093688,6.430037019849986e-07,0.0,851.7809037829206,156.99999999999997,0.0,0.0,0.00014523997797041163,0.0,0.0,0.0,0.0,0.0,20.000000000001155,20.000000000001155,0.0,0.0
17.041666666496596,2.3000000000093688,6.430037019849986e-07,0.0,851.7765545924467,156.99999999999997,0.0,0.0,0.00014470825939282063,0.0,0.0,0.0,0.0,0.0,20.000000000001116,20.000000000001116,0.0,0.0
17.049999999829808,2.3000000000093688,6.430037019849986e-07,0.0,851.7722213144762,156.99999999999997,0.0,0.0,0.00014417913312633106,0.0,0.0,0.0,0.0,0.0,20.000000000001155,20.000000000001155,0.0,0.0
17.05833333316302,2.3000000000093688,6.430037019849986e-07,0.0,851.7679038714774,156.99999999999997,0.0,0.0,0.00014365258339219317,0.0,0.0,0.0,0.0,0.0,20.000000000001133,20.000000000001133,0.0,0.0
17.066666666496232,2.3000000000093683,6.430037019849986e-07,0.0,851.7636021863907,156.99999999999997,0.0,0.0,0.00014312859452676502,0.0,0.0,0.0,0.0,0.0,20.000000000001133,20.000000000001133,0.0,0.0
17.074999999829444,2.3000000000093683,6.430037019849986e-07,0.0,851.7593161826242,156.99999999999997,0.0,0.0,0.00014260715098041748,0.0,0.0,0.0,0.0,0.0,20.00000000000113,20.00000000000113,0.0,0.0
17.083333333162656,2.3000000000093683,6.430037019849986e-07,0.0,851.7550457840507,156.99999999999997,0.0,0.0,0.00014208823731678584,0.0,0.0,0.0,0.0,0.0,20.000000000001133,20.000000000001133,0.0,0.0
17.09166666649587,2.3000000000093683,6.430037019849986e-07,0.0,851.7507909150052,156.99999999999997,0.0,0.0,0.00014157183821173478,0.0,0.0,0.0,0.0,0.0,20.000000000001116,20.000000000001116,0.0,0.0
17.09999999982908,2.3000000000093683,6.430037019849986e-07,0.0,851.7465515002795,156.99999999999997,0.0,0.0,0.00014105793845223293,0.0,0.0,0.0,0.0,0.0,20.000000000001112,20.000000000001112,0.0,0.0
17.108333333162292,2.300000000009368,6.430037019849986e-07,0.0,851.7423274651212,156.99999999999997,0.0,0.0,0.00014054652293571802,0.0,0.0,0.0,0.0,0.0,20.000000000001094,20.000000000001094,0.0,0.0
17.116666666495505,2.300000000009368,6.430037019849986e-07,0.0,851.7381187352288,156.99999999999997,0.0,0.0,0.00014003757666898234,0.0,0.0,0.0,0.0,0.0,20.00000000000111,20.00000000000111,0.0,0.0
17.124999999828717,2.300000000009368,6.430037019849986e-07,0.0,851.7339252367492,156.99999999999997,0.0,0.0,0.00013953108476716204,0.0,0.0,0.0,0.0,0.0,20.0000000000011,20.0000000000011,0.0,0.0
17.13333333316193,2.300000000009368,6.430037019849986e-07,0.0,851.729746896274,156.99999999999997,0.0,0.0,0.00013902703245302126,0.0,0.0,0.0,0.0,0.0,20.000000000001155,20.000000000001155,0.0,0.0
17.14166666649514,2.300000000009368,6.430037019849986e-07,0.0,851.7255836408367,156.99999999999997,0.0,0.0,0.00013852540505595185,0.0,0.0,0.0,0.0,0.0,20.000000000001155,20.000000000001155,0.0,0.0
17.149999999828353,2.3000000000093674,6.430037019849986e-07,0.0,851.7214353979093,156.99999999999997,0.0,0.0,0.00013802618801112348,0.0,0.0,0.0,0.0,0.0,20.000000000001123,20.000000000001123,0.0,0.0
17.158333333161565,2.3000000000093674,6.430037019849986e-07,0.0,851.717302095399,156.99999999999997,0.0,0.0,0.00013752936685854263,0.0,0.0,0.0,0.0,0.0,20.000000000001087,20.000000000001087,0.0,0.0
17.166666666494777,2.3000000000093674,6.430037019849986e-07,0.0,851.7131836616453,156.99999999999997,0.0,0.0,0.0001370349272420693,0.0,0.0,0.0,0.0,0.0,20.000000000001105,20.000000000001105,0.0,0.0
17.17499999982799,2.3000000000093674,6.430037019849986e-07,0.0,851.709080025417,156.99999999999997,0.0,0.0,0.00013654285490882314,0.0,0.0,0.0,0.0,0.0,20.000000000001105,20.000000000001105,0.0,0.0
17.1833333331612,2.3000000000093674,6.430037019849986e-07,0.0,851.704991115909,156.99999999999997,0.0,0.0,0.0001360531357080664,0.0,0.0,0.0,0.0,0.0,20.00000000000109,20.00000000000109,0.0,0.0
17.191666666494413,2.300000000009367,6.430037019849986e-07,0.0,851.7009168627386,156.99999999999997,0.0,0.0,0.00013556575559052389,0.0,0.0,0.0,0.0,0.0,20.00000000000112,20.00000000000112,0.0,0.0
17.199999999827625,2.300000000009367,6.430037019849986e-07,0.0,851.6968571959438,156.99999999999997,0.0,0.0,0.00013508070060737283,0.0,0.0,0.0,0.0,0.0,20.00000000000108,20.00000000000108,0.0,0.0
17.208333333160837,2.300000000009367,6.430037019849986e-07,0.0,851.6928120459792,156.99999999999997,0.0,0.0,0.00013459795690957263,0.0,0.0,0.0,0.0,0.0,20.00000000000106,20.00000000000106,0.0,0.0
17.21666666649405,2.300000000009367,6.430037019849986e-07,0.0,851.6887813437133,156.99999999999997,0.0,0.0,0.0001341175107468173,0.0,0.0,0.0,0.0,0.0,20.000000000001094,20.000000000001094,0.0,0.0
17.22499999982726,2.300000000009367,6.430037019849986e-07,0.0,851.6847650204259,156.99999999999997,0.0,0.0,0.00013363934846701779,0.0,0.0,0.0,0.0,0.0,20.00000000000111,20.00000000000111,0.0,0.0
17.233333333160473,2.300000000009367,6.430037019849986e-07,0.0,851.6807630078047,156.99999999999997,0.0,0.0,0.00013316345651521693,0.0,0.0,0.0,0.0,0.0,20.00000000000109,20.00000000000109,0.0,0.0
17.241666666493686,2.3000000000093666,6.430037019849986e-07,0.0,851.6767752379426,156.99999999999997,0.0,0.0,0.0001326898214328906,0.0,0.0,0.0,0.0,0.0,20.000000000001105,20.000000000001105,0.0,0.0
17.249999999826898,2.3000000000093666,6.430037019849986e-07,0.0,851.6728016433349,156.99999999999997,0.0,0.0,0.00013221842985715833,0.0,0.0,0.0,0.0,0.0,20.000000000001084,20.000000000001084,0.0,0.0
17.25833333316011,2.3000000000093666,6.430037019849986e-07,0.0,851.6688421568763,156.99999999999997,0.0,0.0,0.00013174926851995103,0.0,0.0,0.0,0.0,0.0,20.00000000000107,20.00000000000107,0.0,0.0
17.26666666649332,2.3000000000093666,6.430037019849986e-07,0.0,851.6648967118581,156.99999999999997,0.0,0.0,0.0001312823242473256,0.0,0.0,0.0,0.0,0.0,20.000000000001037,20.000000000001037,0.0,0.0
17.274999999826534,2.3000000000093666,6.430037019849986e-07,0.0,851.6609652419656,156.99999999999997,0.0,0.0,0.00013081758395840583,0.0,0.0,0.0,0.0,0.0,20.000000000001037,20.000000000001037,0.0,0.0
17.283333333159746,2.300000000009366,6.430037019849986e-07,0.0,851.6570476812751,156.99999999999997,0.0,0.0,0.00013035503466513157,0.0,0.0,0.0,0.0,0.0,20.00000000000101,20.00000000000101,0.0,0.0
17.291666666492958,2.300000000009366,6.430037019849986e-07,0.0,851.6531439642508,156.99999999999997,0.0,0.0,0.0001298946634708781,0.0,0.0,0.0,0.0,0.0,20.000000000001013,20.000000000001013,0.0,0.0
17.29999999982617,2.300000000009366,6.430037019849986e-07,0.0,851.6492540257427,156.99999999999997,0.0,0.0,0.00012943645757021365,0.0,0.0,0.0,0.0,0.0,20.000000000001005,20.000000000001005,0.0,0.0
17.308333333159382,2.300000000009366,6.430037019849986e-07,0.0,851.6453778009836,156.99999999999997,0.0,0.0,0.00012898040424785915,0.0,0.0,0.0,0.0,0.0,20.000000000001044,20.000000000001044,0.0,0.0
17.316666666492594,2.300000000009366,6.430037019849986e-07,0.0,851.6415152255865,156.99999999999997,0.0,0.0,0.0001285264908780293,0.0,0.0,0.0,0.0,0.0,20.00000000000102,20.00000000000102,0.0,0.0
17.324999999825806,2.300000000009366,6.430037019849986e-07,0.0,851.6376662355417,156.99999999999997,0.0,0.0,0.00012807470492373106,0.0,0.0,0.0,0.0,0.0,20.000000000001005,20.000000000001005,0.0,0.0
17.33333333315902,2.3000000000093657,6.430037019849986e-07,0.0,851.6338307672142,156.99999999999997,0.0,0.0,0.00012762503393597252,0.0,0.0,0.0,0.0,0.0,20.000000000000988,20.000000000000988,0.0,0.0
17.34166666649223,2.3000000000093657,6.430037019849986e-07,0.0,851.6300087573413,156.99999999999997,0.0,0.0,0.00012717746555306964,0.0,0.0,0.0,0.0,0.0,20.000000000001013,20.000000000001013,0.0,0.0
17.349999999825442,2.3000000000093657,6.430037019849986e-07,0.0,851.62620014303,156.99999999999997,0.0,0.0,0.00012673198750005085,0.0,0.0,0.0,0.0,0.0,20.000000000000988,20.000000000000988,0.0,0.0
17.358333333158654,2.3000000000093657,6.430037019849986e-07,0.0,851.6224048617537,156.99999999999997,0.0,0.0,0.00012628858758769162,0.0,0.0,0.0,0.0,0.0,20.000000000001023,20.000000000001023,0.0,0.0
17.366666666491867,2.3000000000093657,6.430037019849986e-07,0.0,851.6186228513509,156.99999999999997,0.0,0.0,0.00012584725371202072,0.0,0.0,0.0,0.0,0.0,20.000000000001,20.000000000001,0.0,0.0
17.37499999982508,2.300000000009365,6.430037019849986e-07,0.0,851.6148540500214,156.99999999999997,0.0,0.0,0.0001254079738535969,0.0,0.0,0.0,0.0,0.0,20.000000000000995,20.000000000000995,0.0,0.0
17.38333333315829,2.300000000009365,6.430037019849986e-07,0.0,851.6110983963247,156.99999999999997,0.0,0.0,0.0001249707360767893,0.0,0.0,0.0,0.0,0.0,20.000000000001005,20.000000000001005,0.0,0.0
17.391666666491503,2.300000000009365,6.430037019849986e-07,0.0,851.6073558291768,156.99999999999997,0.0,0.0,0.00012453552852896956,0.0,0.0,0.0,0.0,0.0,20.000000000001002,20.000000000001002,0.0,0.0
17.399999999824715,2.300000000009365,6.430037019849986e-07,0.0,851.6036262878481,156.99999999999997,0.0,0.0,0.00012410233944017238,0.0,0.0,0.0,0.0,0.0,20.00000000000104,20.00000000000104,0.0,0.0
17.408333333157927,2.300000000009365,6.430037019849986e-07,0.0,851.5999097119611,156.99999999999997,0.0,0.0,0.00012367115712210927,0.0,0.0,0.0,0.0,0.0,20.00000000000102,20.00000000000102,0.0,0.0
17.41666666649114,2.300000000009365,6.430037019849986e-07,0.0,851.5962060414874,156.99999999999997,0.0,0.0,0.00012324196996755835,0.0,0.0,0.0,0.0,0.0,20.00000000000102,20.00000000000102,0.0,0.0
17.42499999982435,2.3000000000093648,6.430037019849986e-07,0.0,851.5925152167462,156.99999999999997,0.0,0.0,0.00012281476644989645,0.0,0.0,0.0,0.0,0.0,20.000000000001013,20.000000000001013,0.0,0.0
17.433333333157563,2.3000000000093648,6.430037019849986e-07,0.0,851.5888371784004,156.99999999999997,0.0,0.0,0.00012238953512221817,0.0,0.0,0.0,0.0,0.0,20.000000000001005,20.000000000001005,0.0,0.0
17.441666666490775,2.3000000000093648,6.430037019849986e-07,0.0,851.5851718674555,156.99999999999997,0.0,0.0,0.00012196626461687525,0.0,0.0,0.0,0.0,0.0,20.00000000000101,20.00000000000101,0.0,0.0
17.449999999823987,2.3000000000093648,6.430037019849986e-07,0.0,851.5815192252575,156.99999999999997,0.0,0.0,0.00012154494364469609,0.0,0.0,0.0,0.0,0.0,20.000000000001027,20.000000000001027,0.0,0.0
17.4583333331572,2.3000000000093648,6.430037019849986e-07,0.0,851.5778791934888,156.99999999999997,0.0,0.0,0.0001211255609943937,0.0,0.0,0.0,0.0,0.0,20.000000000001044,20.000000000001044,0.0,0.0
17.46666666649041,2.3000000000093648,6.430037019849986e-07,0.0,851.5742517141678,156.99999999999997,0.0,0.0,0.0001207081055321153,0.0,0.0,0.0,0.0,0.0,20.000000000001066,20.000000000001066,0.0,0.0
17.474999999823623,2.3000000000093643,6.430037019849986e-07,0.0,851.5706367296452,156.99999999999997,0.0,0.0,0.00012029256620044305,0.0,0.0,0.0,0.0,0.0,20.000000000001098,20.000000000001098,0.0,0.0
17.483333333156835,2.3000000000093643,6.430037019849986e-07,0.0,851.5670341826028,156.99999999999997,0.0,0.0,0.0001198789320181348,0.0,0.0,0.0,0.0,0.0,20.00000000000111,20.00000000000111,0.0,0.0
17.491666666490048,2.3000000000093643,6.430037019849986e-07,0.0,851.5634440160503,156.99999999999997,0.0,0.0,0.00011946719207940792,0.0,0.0,0.0,0.0,0.0,20.000000000001098,20.000000000001098,0.0,0.0
17.49999999982326,2.3000000000093643,6.430037019849986e-07,0.0,851.5598661733236,156.99999999999997,0.0,0.0,0.00011905733555318152,0.0,0.0,0.0,0.0,0.0,20.000000000001087,20.000000000001087,0.0,0.0
17.50833333315647,2.3000000000093643,6.430037019849986e-07,0.0,851.5563005980825,156.99999999999997,0.0,0.0,0.00011864935168278021,0.0,0.0,0.0,0.0,0.0,20.00000000000109,20.00000000000109,0.0,0.0
17.516666666489684,2.3000000000093643,6.430037019849986e-07,0.0,851.5527472343082,156.99999999999997,0.0,0.0,0.00011824322978495445,0.0,0.0,0.0,0.0,0.0,20.000000000001087,20.000000000001087,0.0,0.0
17.524999999822896,2.300000000009364,6.430037019849986e-07,0.0,851.5492060263014,156.99999999999997,0.0,0.0,0.00011783895924972789,0.0,0.0,0.0,0.0,0.0,20.00000000000106,20.00000000000106,0.0,0.0
17.533333333156108,2.300000000009364,6.430037019849986e-07,0.0,851.5456769186799,156.99999999999997,0.0,0.0,0.00011743652953937927,0.0,0.0,0.0,0.0,0.0,20.00000000000107,20.00000000000107,0.0,0.0
17.54166666648932,2.300000000009364,6.430037019849986e-07,0.0,851.5421598563768,156.99999999999997,0.0,0.0,0.00011703593018829558,0.0,0.0,0.0,0.0,0.0,20.000000000001062,20.000000000001062,0.0,0.0
17.549999999822532,2.300000000009364,6.430037019849986e-07,0.0,851.5386547846379,156.99999999999997,0.0,0.0,0.00011663715080200703,0.0,0.0,0.0,0.0,0.0,20.000000000001066,20.000000000001066,0.0,0.0
17.558333333155744,2.300000000009364,6.430037019849986e-07,0.0,851.5351616490195,156.99999999999997,0.0,0.0,0.00011624018105690933,0.0,0.0,0.0,0.0,0.0,20.000000000001037,20.000000000001037,0.0,0.0
17.566666666488956,2.300000000009364,6.430037019849986e-07,0.0,851.5316803953874,156.99999999999997,0.0,0.0,0.00011584501069948808,0.0,0.0,0.0,0.0,0.0,20.000000000001055,20.000000000001055,0.0,0.0
17.574999999822168,2.3000000000093634,6.430037019849986e-07,0.0,851.5282109699131,156.99999999999997,0.0,0.0,0.00011545162954600089,0.0,0.0,0.0,0.0,0.0,20.000000000001073,20.000000000001073,0.0,0.0
17.58333333315538,2.3000000000093634,6.430037019849986e-07,0.0,851.5247533190728,156.99999999999997,0.0,0.0,0.00011506002748161823,0.0,0.0,0.0,0.0,0.0,20.000000000001048,20.000000000001048,0.0,0.0
17.591666666488592,2.3000000000093634,6.430037019849986e-07,0.0,851.5213073896455,156.99999999999997,0.0,0.0,0.00011467019446024707,0.0,0.0,0.0,0.0,0.0,20.000000000001037,20.000000000001037,0.0,0.0
17.599999999821804,2.3000000000093634,6.430037019849986e-07,0.0,851.5178731287099,156.99999999999997,0.0,0.0,0.00011428212050363314,0.0,0.0,0.0,0.0,0.0,20.000000000001005,20.000000000001005,0.0,0.0
17.608333333155016,2.3000000000093634,6.430037019849986e-07,0.0,851.5144504836435,156.99999999999997,0.0,0.0,0.0001138957957010547,0.0,0.0,0.0,0.0,0.0,20.000000000000977,20.000000000000977,0.0,0.0
17.61666666648823,2.3000000000093634,6.430037019849986e-07,0.0,851.5110394021201,156.99999999999997,0.0,0.0,0.00011351121020874745,0.0,0.0,0.0,0.0,0.0,20.000000000000973,20.000000000000973,0.0,0.0
17.62499999982144,2.300000000009363,6.430037019849986e-07,0.0,851.5076398321078,156.99999999999997,0.0,0.0,0.000113128354249243,0.0,0.0,0.0,0.0,0.0,20.000000000000966,20.000000000000966,0.0,0.0
17.633333333154653,2.300000000009363,6.430037019849986e-07,0.0,851.5042517218665,156.99999999999997,0.0,0.0,0.00011274721811102548,0.0,0.0,0.0,0.0,0.0,20.00000000000098,20.00000000000098,0.0,0.0
17.641666666487865,2.300000000009363,6.430037019849986e-07,0.0,851.5008750199473,156.99999999999997,0.0,0.0,0.00011236779214801067,0.0,0.0,0.0,0.0,0.0,20.000000000000977,20.000000000000977,0.0,0.0
17.649999999821077,2.300000000009363,6.430037019849986e-07,0.0,851.4975096751891,156.99999999999997,0.0,0.0,0.00011199006677884828,0.0,0.0,0.0,0.0,0.0,20.000000000000977,20.000000000000977,0.0,0.0
17.65833333315429,2.300000000009363,6.430037019849986e-07,0.0,851.4941556367178,156.99999999999997,0.0,0.0,0.00011161403248658712,0.0,0.0,0.0,0.0,0.0,20.000000000000966,20.000000000000966,0.0,0.0
17.6666666664875,2.300000000009363,6.430037019849986e-07,0.0,851.490812853943,156.99999999999997,0.0,0.0,0.00011123967981811782,0.0,0.0,0.0,0.0,0.0,20.000000000000995,20.000000000000995,0.0,0.0
17.674999999820713,2.3000000000093626,6.430037019849986e-07,0.0,851.4874812765579,156.99999999999997,0.0,0.0,0.00011086699938361915,0.0,0.0,0.0,0.0,0.0,20.000000000001005,20.000000000001005,0.0,0.0
17.683333333153925,2.3000000000093626,6.430037019849986e-07,0.0,851.4841608545357,156.99999999999997,0.0,0.0,0.0001104959818562303,0.0,0.0,0.0,0.0,0.0,20.00000000000099,20.00000000000099,0.0,0.0
17.691666666487137,2.3000000000093626,6.430037019849986e-07,0.0,851.4808515381291,156.99999999999997,0.0,0.0,0.00011012661797127918,0.0,0.0,0.0,0.0,0.0,20.000000000001,20.000000000001,0.0,0.0
17.69999999982035,2.3000000000093626,6.430037019849986e-07,0.0,851.4775532778672,156.99999999999997,0.0,0.0,0.00010975889852618332,0.0,0.0,0.0,0.0,0.0,20.00000000000099,20.00000000000099,0.0,0.0
17.70833333315356,2.3000000000093626,6.430037019849986e-07,0.0,851.4742660245546,156.99999999999997,0.0,0.0,0.00010939281437950566,0.0,0.0,0.0,0.0,0.0,20.000000000001037,20.000000000001037,0.0,0.0
17.716666666486773,2.3000000000093626,6.430037019849986e-07,0.0,851.4709897292693,156.99999999999997,0.0,0.0,0.00010902835645090467,0.0,0.0,0.0,0.0,0.0,20.000000000001027,20.000000000001027,0.0,0.0
17.724999999819985,2.3000000000093626,6.430037019849986e-07,0.0,851.4677243433605,156.99999999999997,0.0,0.0,0.00010866551572037441,0.0,0.0,0.0,0.0,0.0,20.000000000001016,20.000000000001016,0.0,0.0
17.733333333153197,2.300000000009362,6.430037019849986e-07,0.0,851.4644698184472,156.99999999999997,0.0,0.0,0.00010830428322797663,0.0,0.0,0.0,0.0,0.0,20.000000000000995,20.000000000000995,0.0,0.0
17.74166666648641,2.300000000009362,6.430037019849986e-07,0.0,851.4612261064167,156.99999999999997,0.0,0.0,0.00010794465007313117,0.0,0.0,0.0,0.0,0.0,20.000000000000988,20.000000000000988,0.0,0.0
17.74999999981962,2.300000000009362,6.430037019849986e-07,0.0,851.4579931594217,156.99999999999997,0.0,0.0,0.0001075866074144859,0.0,0.0,0.0,0.0,0.0,20.000000000000966,20.000000000000966,0.0,0.0
17.758333333152834,2.300000000009362,6.430037019849986e-07,0.0,851.4547709298797,156.99999999999997,0.0,0.0,0.00010723014646912401,0.0,0.0,0.0,0.0,0.0,20.000000000000934,20.000000000000934,0.0,0.0
17.766666666486046,2.300000000009362,6.430037019849986e-07,0.0,851.4515593704709,156.99999999999997,0.0,0.0,0.00010687525851230569,0.0,0.0,0.0,0.0,0.0,20.000000000000917,20.000000000000917,0.0,0.0
17.774999999819258,2.300000000009362,6.430037019849986e-07,0.0,851.4483584341363,156.99999999999997,0.0,0.0,0.00010652193487699088,0.0,0.0,0.0,0.0,0.0,20.00000000000092,20.00000000000092,0.0,0.0
17.78333333315247,2.3000000000093617,6.430037019849986e-07,0.0,851.4451680740758,156.99999999999997,0.0,0.0,0.0001061701669534522,0.0,0.0,0.0,0.0,0.0,20.00000000000091,20.00000000000091,0.0,0.0
17.791666666485682,2.3000000000093617,6.430037019849986e-07,0.0,851.4419882437469,156.99999999999997,0.0,0.0,0.00010581994618862667,0.0,0.0,0.0,0.0,0.0,20.000000000000902,20.000000000000902,0.0,0.0
17.799999999818894,2.3000000000093617,6.430037019849986e-07,0.0,851.4388188968628,156.99999999999997,0.0,0.0,0.00010547126408591018,0.0,0.0,0.0,0.0,0.0,20.000000000000853,20.000000000000853,0.0,0.0
17.808333333152106,2.3000000000093617,6.430037019849986e-07,0.0,851.4356599873911,156.99999999999997,0.0,0.0,0.00010512411220464558,0.0,0.0,0.0,0.0,0.0,20.000000000000885,20.000000000000885,0.0,0.0
17.816666666485318,2.3000000000093617,6.430037019849986e-07,0.0,851.4325114695513,156.99999999999997,0.0,0.0,0.00010477848215957018,0.0,0.0,0.0,0.0,0.0,20.000000000000867,20.000000000000867,0.0,0.0
17.82499999981853,2.3000000000093617,6.430037019849986e-07,0.0,851.4293732978138,156.99999999999997,0.0,0.0,0.00010443436562057274,0.0,0.0,0.0,0.0,0.0,20.000000000000867,20.000000000000867,0.0,0.0
17.833333333151742,2.3000000000093617,6.430037019849986e-07,0.0,851.426245426898,156.99999999999997,0.0,0.0,0.00010409175431223278,0.0,0.0,0.0,0.0,0.0,20.00000000000086,20.00000000000086,0.0,0.0
17.841666666484954,2.3000000000093612,6.430037019849986e-07,0.0,851.4231278117711,156.99999999999997,0.0,0.0,0.00010375064001331893,0.0,0.0,0.0,0.0,0.0,20.000000000000856,20.000000000000856,0.0,0.0
17.849999999818166,2.3000000000093612,6.430037019849986e-07,0.0,851.4200204076458,156.99999999999997,0.0,0.0,0.0001034110145564209,0.0,0.0,0.0,0.0,0.0,20.000000000000842,20.000000000000842,0.0,0.0
17.85833333315138,2.3000000000093612,6.430037019849986e-07,0.0,851.4169231699789,156.99999999999997,0.0,0.0,0.00010307286982758374,0.0,0.0,0.0,0.0,0.0,20.00000000000087,20.00000000000087,0.0,0.0
17.86666666648459,2.3000000000093612,6.430037019849986e-07,0.0,851.4138360544703,156.99999999999997,0.0,0.0,0.0001027361977658129,0.0,0.0,0.0,0.0,0.0,20.00000000000086,20.00000000000086,0.0,0.0
17.874999999817803,2.3000000000093612,6.430037019849986e-07,0.0,851.4107590170603,156.99999999999997,0.0,0.0,0.00010240099036275644,0.0,0.0,0.0,0.0,0.0,20.000000000000863,20.000000000000863,0.0,0.0
17.883333333151015,2.3000000000093612,6.430037019849986e-07,0.0,851.4076920139292,156.99999999999997,0.0,0.0,0.00010206723966217155,0.0,0.0,0.0,0.0,0.0,20.000000000000856,20.000000000000856,0.0,0.0
17.891666666484227,2.3000000000093612,6.430037019849986e-07,0.0,851.4046350014951,156.99999999999997,0.0,0.0,0.00010173493775978473,0.0,0.0,0.0,0.0,0.0,20.000000000000856,20.000000000000856,0.0,0.0
17.89999999981744,2.300000000009361,6.430037019849986e-07,0.0,851.4015879364123,156.99999999999997,0.0,0.0,0.00010140407680258876,0.0,0.0,0.0,0.0,0.0,20.000000000000867,20.000000000000867,0.0,0.0
17.90833333315065,2.300000000009361,6.430037019849986e-07,0.0,851.3985507755699,156.99999999999997,0.0,0.0,0.00010107464898870695,0.0,0.0,0.0,0.0,0.0,20.000000000000878,20.000000000000878,0.0,0.0
17.916666666483863,2.300000000009361,6.430037019849986e-07,0.0,851.3955234760905,156.99999999999997,0.0,0.0,0.0001007466465667818,0.0,0.0,0.0,0.0,0.0,20.000000000000895,20.000000000000895,0.0,0.0
17.924999999817075,2.300000000009361,6.430037019849986e-07,0.0,851.3925059953283,156.99999999999997,0.0,0.0,0.00010042006183579964,0.0,0.0,0.0,0.0,0.0,20.000000000000895,20.000000000000895,0.0,0.0
17.933333333150287,2.300000000009361,6.430037019849986e-07,0.0,851.3894982908679,156.99999999999997,0.0,0.0,0.0001000948871446135,0.0,0.0,0.0,0.0,0.0,20.000000000000878,20.000000000000878,0.0,0.0
17.9416666664835,2.300000000009361,6.430037019849986e-07,0.0,851.3865003205226,156.99999999999997,0.0,0.0,9.977111489151201e-05,0.0,0.0,0.0,0.0,0.0,20.000000000000906,20.000000000000906,0.0,0.0
17.94999999981671,2.300000000009361,6.430037019849986e-07,0.0,851.383512042333,156.99999999999997,0.0,0.0,9.944873752404908e-05,0.0,0.0,0.0,0.0,0.0,20.00000000000092,20.00000000000092,0.0,0.0
17.958333333149923,2.3000000000093603,6.430037019849986e-07,0.0,851.3805334145657,156.99999999999997,0.0,0.0,9.912774753835782e-05,0.0,0.0,0.0,0.0,0.0,20.00000000000094,20.00000000000094,0.0,0.0
17.966666666483135,2.3000000000093603,6.430037019849986e-07,0.0,851.3775643957113,156.99999999999997,0.0,0.0,9.880813747907045e-05,0.0,0.0,0.0,0.0,0.0,20.000000000000938,20.000000000000938,0.0,0.0
17.974999999816347,2.3000000000093603,6.430037019849986e-07,0.0,851.374604944484,156.99999999999997,0.0,0.0,9.848989993880884e-05,0.0,0.0,0.0,0.0,0.0,20.000000000000938,20.000000000000938,0.0,0.0
17.98333333314956,2.3000000000093603,6.430037019849986e-07,0.0,851.3716550198188,156.99999999999997,0.0,0.0,9.817302755784945e-05,0.0,0.0,0.0,0.0,0.0,20.000000000000938,20.000000000000938,0.0,0.0
17.99166666648277,2.3000000000093603,6.430037019849986e-07,0.0,851.3687145808713,156.99999999999997,0.0,0.0,9.785751302379023e-05,0.0,0.0,0.0,0.0,0.0,20.000000000000924,20.000000000000924,0.0,0.0
17.999999999815984,2.3000000000093603,6.430037019849986e-07,0.0,851.3657835870155,156.99999999999997,0.0,0.0,9.754334907121917e-05,0.0,0.0,0.0,0.0,0.0,20.000000000000927,20.000000000000927,0.0,0.0
18.008333333149196,2.3000000000093603,6.430037019849986e-07,0.0,851.3628619978426,156.99999999999997,0.0,0.0,9.723052848121344e-05,0.0,0.0,0.0,0.0,0.0,20.000000000000934,20.000000000000934,0.0,0.0
18.016666666482408,2.30000000000936,6.430037019849986e-07,0.0,851.3599497731599,156.99999999999997,0.0,0.0,9.691904408122608e-05,0.0,0.0,0.0,0.0,0.0,20.00000000000091,20.00000000000091,0.0,0.0
18.02499999981562,2.30000000000936,6.430037019849986e-07,0.0,851.357046872989,156.99999999999997,0.0,0.0,9.660888874458884e-05,0.0,0.0,0.0,0.0,0.0,20.000000000000874,20.000000000000874,0.0,0.0
18.033333333148832,2.30000000000936,6.430037019849986e-07,0.0,851.3541532575648,156.99999999999997,0.0,0.0,9.630005539010301e-05,0.0,0.0,0.0,0.0,0.0,20.00000000000083,20.00000000000083,0.0,0.0
18.041666666482044,2.30000000000936,6.430037019849986e-07,0.0,851.3512688873336,156.99999999999997,0.0,0.0,9.599253698193073e-05,0.0,0.0,0.0,0.0,0.0,20.00000000000085,20.00000000000085,0.0,0.0
18.049999999815256,2.30000000000936,6.430037019849986e-07,0.0,851.3483937229527,156.99999999999997,0.0,0.0,9.568632652901878e-05,0.0,0.0,0.0,0.0,0.0,20.000000000000842,20.000000000000842,0.0,0.0
18.058333333148468,2.30000000000936,6.430037019849986e-07,0.0,851.3455277252878,156.99999999999997,0.0,0.0,9.538141708495029e-05,0.0,0.0,0.0,0.0,0.0,20.000000000000792,20.000000000000792,0.0,0.0
18.06666666648168,2.30000000000936,6.430037019849986e-07,0.0,851.3426708554127,156.99999999999997,0.0,0.0,9.50778017474154e-05,0.0,0.0,0.0,0.0,0.0,20.00000000000081,20.00000000000081,0.0,0.0
18.074999999814892,2.30000000000936,6.430037019849986e-07,0.0,851.3398230746076,156.99999999999997,0.0,0.0,9.477547365815117e-05,0.0,0.0,0.0,0.0,0.0,20.000000000000792,20.000000000000792,0.0,0.0
18.083333333148104,2.3000000000093594,6.430037019849986e-07,0.0,851.3369843443577,156.99999999999997,0.0,0.0,9.447442600233081e-05,0.0,0.0,0.0,0.0,0.0,20.00000000000077,20.00000000000077,0.0,0.0
18.091666666481316,2.3000000000093594,6.430037019849986e-07,0.0,851.3341546263518,156.99999999999997,0.0,0.0,9.417465200846444e-05,0.0,0.0,0.0,0.0,0.0,20.000000000000743,20.000000000000743,0.0,0.0
18.09999999981453,2.3000000000093594,6.430037019849986e-07,0.0,851.3313338824818,156.99999999999997,0.0,0.0,9.387614494791944e-05,0.0,0.0,0.0,0.0,0.0,20.00000000000073,20.00000000000073,0.0,0.0
18.10833333314774,2.3000000000093594,6.430037019849986e-07,0.0,851.3285220748401,156.99999999999997,0.0,0.0,9.357889813478154e-05,0.0,0.0,0.0,0.0,0.0,20.000000000000714,20.000000000000714,0.0,0.0
18.116666666480953,2.3000000000093594,6.430037019849986e-07,0.0,851.3257191657196,156.99999999999997,0.0,0.0,9.32829049252945e-05,0.0,0.0,0.0,0.0,0.0,20.00000000000069,20.00000000000069,0.0,0.0
18.124999999814165,2.3000000000093594,6.430037019849986e-07,0.0,851.3229251176115,156.99999999999997,0.0,0.0,9.298815871780872e-05,0.0,0.0,0.0,0.0,0.0,20.000000000000693,20.000000000000693,0.0,0.0
18.133333333147377,2.3000000000093594,6.430037019849986e-07,0.0,851.3201398932047,156.99999999999997,0.0,0.0,9.26946529522247e-05,0.0,0.0,0.0,0.0,0.0,20.000000000000664,20.000000000000664,0.0,0.0
18.14166666648059,2.300000000009359,6.430037019849986e-07,0.0,851.317363455384,156.99999999999997,0.0,0.0,9.240238110994432e-05,0.0,0.0,0.0,0.0,0.0,20.00000000000066,20.00000000000066,0.0,0.0
18.1499999998138,2.300000000009359,6.430037019849986e-07,0.0,851.3145957672293,156.99999999999997,0.0,0.0,9.211133671335994e-05,0.0,0.0,0.0,0.0,0.0,20.00000000000066,20.00000000000066,0.0,0.0
18.158333333147013,2.300000000009359,6.430037019849986e-07,0.0,851.3118367920144,156.99999999999997,0.0,0.0,9.182151332564024e-05,0.0,0.0,0.0,0.0,0.0,20.00000000000063,20.00000000000063,0.0,0.0
18.166666666480225,2.300000000009359,6.430037019849986e-07,0.0,851.3090864932053,156.99999999999997,0.0,0.0,9.153290455034949e-05,0.0,0.0,0.0,0.0,0.0,20.000000000000654,20.000000000000654,0.0,0.0
18.174999999813437,2.300000000009359,6.430037019849986e-07,0.0,851.3063448344592,156.99999999999997,0.0,0.0,9.12455040314036e-05,0.0,0.0,0.0,0.0,0.0,20.000000000000654,20.000000000000654,0.0,0.0
18.18333333314665,2.300000000009359,6.430037019849986e-07,0.0,851.3036117796239,156.99999999999997,0.0,0.0,9.095930545239905e-05,0.0,0.0,0.0,0.0,0.0,20.000000000000686,20.000000000000686,0.0,0.0
18.19166666647986,2.300000000009359,6.430037019849986e-07,0.0,851.3008872927355,156.99999999999997,0.0,0.0,9.067430253657223e-05,0.0,0.0,0.0,0.0,0.0,20.00000000000067,20.00000000000067,0.0,0.0
18.199999999813073,2.300000000009359,6.430037019849986e-07,0.0,851.2981713380182,156.99999999999997,0.0,0.0,9.039048904655021e-05,0.0,0.0,0.0,0.0,0.0,20.000000000000707,20.000000000000707,0.0,0.0
18.208333333146562,2.3000000000093586,6.430037019849986e-07,0.0,851.2954638798826,156.99999999999997,0.0,0.0,9.01078587838108e-05,0.0,0.0,0.0,0.0,0.0,20.000000000000714,20.000000000000714,0.0,0.0
18.216666666480382,2.3000000000093586,6.430037019849986e-07,0.0,851.2927648829245,156.99999999999997,0.0,0.0,8.982640558864544e-05,0.0,0.0,0.0,0.0,0.0,20.00000000000068,20.00000000000068,0.0,0.0
18.2249999998142,2.3000000000093586,6.430037019849986e-07,0.0,851.2900743119245,156.99999999999997,0.0,0.0,8.954612333978942e-05,0.0,0.0,0.0,0.0,0.0,20.000000000000696,20.000000000000696,0.0,0.0
18.233333333148018,2.3000000000093586,6.430037019849986e-07,0.0,851.2873921318455,156.99999999999997,0.0,0.0,8.926700595413693e-05,0.0,0.0,0.0,0.0,0.0,20.000000000000735,20.000000000000735,0.0,0.0
18.241666666481837,2.3000000000093586,6.430037019849986e-07,0.0,851.2847183078328,156.99999999999997,0.0,0.0,8.898904738637485e-05,0.0,0.0,0.0,0.0,0.0,20.000000000000725,20.000000000000725,0.0,0.0
18.249999999815657,2.3000000000093586,6.430037019849986e-07,0.0,851.2820528052124,156.99999999999997,0.0,0.0,8.871224162895004e-05,0.0,0.0,0.0,0.0,0.0,20.00000000000073,20.00000000000073,0.0,0.0
18.258333333149473,2.3000000000093586,6.430037019849986e-07,0.0,851.2793955894899,156.99999999999997,0.0,0.0,8.843658271149823e-05,0.0,0.0,0.0,0.0,0.0,20.000000000000725,20.000000000000725,0.0,0.0
18.266666666483292,2.3000000000093586,6.430037019849986e-07,0.0,851.2767466263494,156.99999999999997,0.0,0.0,8.81620647008554e-05,0.0,0.0,0.0,0.0,0.0,20.00000000000069,20.00000000000069,0.0,0.0
18.274999999817112,2.300000000009358,6.430037019849986e-07,0.0,851.2741058816528,156.99999999999997,0.0,0.0,8.788868170053143e-05,0.0,0.0,0.0,0.0,0.0,20.00000000000067,20.00000000000067,0.0,0.0
18.283333333150928,2.300000000009358,6.430037019849986e-07,0.0,851.2714733214377,156.99999999999997,0.0,0.0,8.761642785064105e-05,0.0,0.0,0.0,0.0,0.0,20.00000000000064,20.00000000000064,0.0,0.0
18.291666666484748,2.300000000009358,6.430037019849986e-07,0.0,851.2688489119175,156.99999999999997,0.0,0.0,8.734529732754607e-05,0.0,0.0,0.0,0.0,0.0,20.00000000000065,20.00000000000065,0.0,0.0
18.299999999818567,2.300000000009358,6.430037019849986e-07,0.0,851.2662326194798,156.99999999999997,0.0,0.0,8.707528434362329e-05,0.0,0.0,0.0,0.0,0.0,20.000000000000654,20.000000000000654,0.0,0.0
18.308333333152383,2.300000000009358,6.430037019849986e-07,0.0,851.2636244106848,156.99999999999997,0.0,0.0,8.680638314699233e-05,0.0,0.0,0.0,0.0,0.0,20.000000000000686,20.000000000000686,0.0,0.0
18.316666666486203,2.300000000009358,6.430037019849986e-07,0.0,851.261024252265,156.99999999999997,0.0,0.0,8.653858802124494e-05,0.0,0.0,0.0,0.0,0.0,20.00000000000069,20.00000000000069,0.0,0.0
18.324999999820022,2.300000000009358,6.430037019849986e-07,0.0,851.258432111124,156.99999999999997,0.0,0.0,8.627189328521673e-05,0.0,0.0,0.0,0.0,0.0,20.000000000000686,20.000000000000686,0.0,0.0
18.33333333315384,2.300000000009358,6.430037019849986e-07,0.0,851.2558479543352,156.99999999999997,0.0,0.0,8.600629329271905e-05,0.0,0.0,0.0,0.0,0.0,20.00000000000071,20.00000000000071,0.0,0.0
18.341666666487658,2.3000000000093577,6.430037019849986e-07,0.0,851.2532717491406,156.99999999999997,0.0,0.0,8.574178243231332e-05,0.0,0.0,0.0,0.0,0.0,20.000000000000707,20.000000000000707,0.0,0.0
18.349999999821478,2.3000000000093577,6.430037019849986e-07,0.0,851.2507034629505,156.99999999999997,0.0,0.0,8.547835512700439e-05,0.0,0.0,0.0,0.0,0.0,20.000000000000718,20.000000000000718,0.0,0.0
18.358333333155294,2.3000000000093577,6.430037019849986e-07,0.0,851.2481430633417,156.99999999999997,0.0,0.0,8.521600583409944e-05,0.0,0.0,0.0,0.0,0.0,20.000000000000757,20.000000000000757,0.0,0.0
18.366666666489113,2.3000000000093577,6.430037019849986e-07,0.0,851.2455905180567,156.99999999999997,0.0,0.0,8.495472904482204e-05,0.0,0.0,0.0,0.0,0.0,20.00000000000077,20.00000000000077,0.0,0.0
18.374999999822933,2.3000000000093577,6.430037019849986e-07,0.0,851.2430457950029,156.99999999999997,0.0,0.0,8.469451928417343e-05,0.0,0.0,0.0,0.0,0.0,20.000000000000796,20.000000000000796,0.0,0.0
18.38333333315675,2.3000000000093577,6.430037019849986e-07,0.0,851.2405088622515,156.99999999999997,0.0,0.0,8.443537111063121e-05,0.0,0.0,0.0,0.0,0.0,20.00000000000078,20.00000000000078,0.0,0.0
18.39166666649057,2.3000000000093577,6.430037019849986e-07,0.0,851.2379796880365,156.99999999999997,0.0,0.0,8.41772791160127e-05,0.0,0.0,0.0,0.0,0.0,20.00000000000077,20.00000000000077,0.0,0.0
18.399999999824388,2.3000000000093577,6.430037019849986e-07,0.0,851.2354582407532,156.99999999999997,0.0,0.0,8.39202379250945e-05,0.0,0.0,0.0,0.0,0.0,20.000000000000757,20.000000000000757,0.0,0.0
18.408333333158204,2.3000000000093572,6.430037019849986e-07,0.0,851.2329444889582,156.99999999999997,0.0,0.0,8.366424219543755e-05,0.0,0.0,0.0,0.0,0.0,20.00000000000075,20.00000000000075,0.0,0.0
18.416666666492024,2.3000000000093572,6.430037019849986e-07,0.0,851.2304384013676,156.99999999999997,0.0,0.0,8.340928661721306e-05,0.0,0.0,0.0,0.0,0.0,20.000000000000732,20.000000000000732,0.0,0.0
18.424999999825843,2.3000000000093572,6.430037019849986e-07,0.0,851.2279399468562,156.99999999999997,0.0,0.0,8.315536591290744e-05,0.0,0.0,0.0,0.0,0.0,20.00000000000068,20.00000000000068,0.0,0.0
18.43333333315966,2.3000000000093572,6.430037019849986e-07,0.0,851.225449094457,156.99999999999997,0.0,0.0,8.29024748370694e-05,0.0,0.0,0.0,0.0,0.0,20.000000000000664,20.000000000000664,0.0,0.0
18.44166666649348,2.3000000000093572,6.430037019849986e-07,0.0,851.2229658133597,156.99999999999997,0.0,0.0,8.265060817622027e-05,0.0,0.0,0.0,0.0,0.0,20.00000000000066,20.00000000000066,0.0,0.0
18.4499999998273,2.3000000000093572,6.430037019849986e-07,0.0,851.2204900729098,156.99999999999997,0.0,0.0,8.239976074840058e-05,0.0,0.0,0.0,0.0,0.0,20.000000000000714,20.000000000000714,0.0,0.0
18.458333333161114,2.3000000000093572,6.430037019849986e-07,0.0,851.2180218426079,156.99999999999997,0.0,0.0,8.214992740312333e-05,0.0,0.0,0.0,0.0,0.0,20.000000000000696,20.000000000000696,0.0,0.0
18.466666666494934,2.3000000000093572,6.430037019849986e-07,0.0,851.2155610921088,156.99999999999997,0.0,0.0,8.190110302116584e-05,0.0,0.0,0.0,0.0,0.0,20.000000000000682,20.000000000000682,0.0,0.0
18.474999999828754,2.3000000000093572,6.430037019849986e-07,0.0,851.2131077912201,156.99999999999997,0.0,0.0,8.165328251420115e-05,0.0,0.0,0.0,0.0,0.0,20.000000000000668,20.000000000000668,0.0,0.0
18.48333333316257,2.300000000009357,6.430037019849986e-07,0.0,851.2106619099018,156.99999999999997,0.0,0.0,8.14064608246734e-05,0.0,0.0,0.0,0.0,0.0,20.00000000000068,20.00000000000068,0.0,0.0
18.49166666649639,2.300000000009357,6.430037019849986e-07,0.0,851.2082234182651,156.99999999999997,0.0,0.0,8.11606329255931e-05,0.0,0.0,0.0,0.0,0.0,20.000000000000682,20.000000000000682,0.0,0.0
18.49999999983021,2.300000000009357,6.430037019849986e-07,0.0,851.2057922865716,156.99999999999997,0.0,0.0,8.091579382037378e-05,0.0,0.0,0.0,0.0,0.0,20.000000000000657,20.000000000000657,0.0,0.0
18.508333333164025,2.300000000009357,6.430037019849986e-07,0.0,851.2033684852323,156.99999999999997,0.0,0.0,8.067193854238786e-05,0.0,0.0,0.0,0.0,0.0,20.00000000000067,20.00000000000067,0.0,0.0
18.516666666497844,2.300000000009357,6.430037019849986e-07,0.0,851.2009519848067,156.99999999999997,0.0,0.0,8.042906215504721e-05,0.0,0.0,0.0,0.0,0.0,20.00000000000073,20.00000000000073,0.0,0.0
18.524999999831664,2.300000000009357,6.430037019849986e-07,0.0,851.1985427560021,156.99999999999997,0.0,0.0,8.018715975136133e-05,0.0,0.0,0.0,0.0,0.0,20.000000000000686,20.000000000000686,0.0,0.0
18.53333333316548,2.300000000009357,6.430037019849986e-07,0.0,851.1961407696723,156.99999999999997,0.0,0.0,7.994622645393898e-05,0.0,0.0,0.0,0.0,0.0,20.000000000000632,20.000000000000632,0.0,0.0
18.5416666664993,2.300000000009357,6.430037019849986e-07,0.0,851.1937459968174,156.99999999999997,0.0,0.0,7.970625741454901e-05,0.0,0.0,0.0,0.0,0.0,20.00000000000064,20.00000000000064,0.0,0.0
18.54999999983312,2.300000000009357,6.430037019849986e-07,0.0,851.1913584085819,156.99999999999997,0.0,0.0,7.946724781416374e-05,0.0,0.0,0.0,0.0,0.0,20.000000000000668,20.000000000000668,0.0,0.0
18.558333333166935,2.3000000000093563,6.430037019849986e-07,0.0,851.1889779762552,156.99999999999997,0.0,0.0,7.92291928624424e-05,0.0,0.0,0.0,0.0,0.0,20.0000000000007,20.0000000000007,0.0,0.0
18.566666666500755,2.3000000000093563,6.430037019849986e-07,0.0,851.1866046712693,156.99999999999997,0.0,0.0,7.899208779793601e-05,0.0,0.0,0.0,0.0,0.0,20.00000000000071,20.00000000000071,0.0,0.0
18.574999999834574,2.3000000000093563,6.430037019849986e-07,0.0,851.184238465199,156.99999999999997,0.0,0.0,7.875592788753307e-05,0.0,0.0,0.0,0.0,0.0,20.000000000000718,20.000000000000718,0.0,0.0
18.58333333316839,2.3000000000093563,6.430037019849986e-07,0.0,851.1818793297605,156.99999999999997,0.0,0.0,7.852070842638662e-05,0.0,0.0,0.0,0.0,0.0,20.000000000000718,20.000000000000718,0.0,0.0
18.59166666650221,2.3000000000093563,6.430037019849986e-07,0.0,851.1795272368108,156.99999999999997,0.0,0.0,7.828642473780141e-05,0.0,0.0,0.0,0.0,0.0,20.00000000000074,20.00000000000074,0.0,0.0
18.59999999983603,2.3000000000093563,6.430037019849986e-07,0.0,851.1771821583468,156.99999999999997,0.0,0.0,7.805307217292318e-05,0.0,0.0,0.0,0.0,0.0,20.000000000000746,20.000000000000746,0.0,0.0
18.608333333169846,2.3000000000093563,6.430037019849986e-07,0.0,851.1748440665042,156.99999999999997,0.0,0.0,7.782064611054833e-05,0.0,0.0,0.0,0.0,0.0,20.000000000000757,20.000000000000757,0.0,0.0
18.616666666503665,2.3000000000093563,6.430037019849986e-07,0.0,851.1725129335575,156.99999999999997,0.0,0.0,7.758914195705395e-05,0.0,0.0,0.0,0.0,0.0,20.000000000000757,20.000000000000757,0.0,0.0
18.624999999837485,2.3000000000093563,6.430037019849986e-07,0.0,851.170188731918,156.99999999999997,0.0,0.0,7.73585551460106e-05,0.0,0.0,0.0,0.0,0.0,20.000000000000743,20.000000000000743,0.0,0.0
18.6333333331713,2.300000000009356,6.430037019849986e-07,0.0,851.1678714341336,156.99999999999997,0.0,0.0,7.712888113819358e-05,0.0,0.0,0.0,0.0,0.0,20.000000000000774,20.000000000000774,0.0,0.0
18.64166666650512,2.300000000009356,6.430037019849986e-07,0.0,851.1655610128887,156.99999999999997,0.0,0.0,7.690011542127704e-05,0.0,0.0,0.0,0.0,0.0,20.00000000000082,20.00000000000082,0.0,0.0
18.64999999983894,2.300000000009356,6.430037019849986e-07,0.0,851.1632574410016,156.99999999999997,0.0,0.0,7.667225350968823e-05,0.0,0.0,0.0,0.0,0.0,20.000000000000792,20.000000000000792,0.0,0.0
18.658333333172756,2.300000000009356,6.430037019849986e-07,0.0,851.1609606914258,156.99999999999997,0.0,0.0,7.64452909443437e-05,0.0,0.0,0.0,0.0,0.0,20.000000000000696,20.000000000000696,0.0,0.0
18.666666666506575,2.300000000009356,6.430037019849986e-07,0.0,851.1586707372473,156.99999999999997,0.0,0.0,7.6219223292663e-05,0.0,0.0,0.0,0.0,0.0,20.000000000000714,20.000000000000714,0.0,0.0
18.674999999840395,2.300000000009356,6.430037019849986e-07,0.0,851.1563875516854,156.99999999999997,0.0,0.0,7.599404614810951e-05,0.0,0.0,0.0,0.0,0.0,20.000000000000725,20.000000000000725,0.0,0.0
18.68333333317421,2.300000000009356,6.430037019849986e-07,0.0,851.1541111080905,156.99999999999997,0.0,0.0,7.576975513024518e-05,0.0,0.0,0.0,0.0,0.0,20.00000000000072,20.00000000000072,0.0,0.0
18.69166666650803,2.300000000009356,6.430037019849986e-07,0.0,851.1518413799448,156.99999999999997,0.0,0.0,7.554634588447052e-05,0.0,0.0,0.0,0.0,0.0,20.000000000000735,20.000000000000735,0.0,0.0
18.69999999984185,2.300000000009356,6.430037019849986e-07,0.0,851.1495783408601,156.99999999999997,0.0,0.0,7.532381408184422e-05,0.0,0.0,0.0,0.0,0.0,20.000000000000746,20.000000000000746,0.0,0.0
18.708333333175666,2.3000000000093554,6.430037019849986e-07,0.0,851.1473219645779,156.99999999999997,0.0,0.0,7.51021554187862e-05,0.0,0.0,0.0,0.0,0.0,20.000000000000764,20.000000000000764,0.0,0.0
18.716666666509486,2.3000000000093554,6.430037019849986e-07,0.0,851.1450722249688,156.99999999999997,0.0,0.0,7.488136561717403e-05,0.0,0.0,0.0,0.0,0.0,20.000000000000757,20.000000000000757,0.0,0.0
18.724999999843305,2.3000000000093554,6.430037019849986e-07,0.0,851.1428290960306,156.99999999999997,0.0,0.0,7.466144042389052e-05,0.0,0.0,0.0,0.0,0.0,20.000000000000767,20.000000000000767,0.0,0.0
18.73333333317712,2.3000000000093554,6.430037019849986e-07,0.0,851.140592551889,156.99999999999997,0.0,0.0,7.444237561092141e-05,0.0,0.0,0.0,0.0,0.0,20.000000000000746,20.000000000000746,0.0,0.0
18.74166666651094,2.3000000000093554,6.430037019849986e-07,0.0,851.1383625667958,156.99999999999997,0.0,0.0,7.422416697490513e-05,0.0,0.0,0.0,0.0,0.0,20.000000000000746,20.000000000000746,0.0,0.0
18.74999999984476,2.3000000000093554,6.430037019849986e-07,0.0,851.1361391151287,156.99999999999997,0.0,0.0,7.400681033711467e-05,0.0,0.0,0.0,0.0,0.0,20.000000000000743,20.000000000000743,0.0,0.0
18.758333333178577,2.3000000000093554,6.430037019849986e-07,0.0,851.1339221713904,156.99999999999997,0.0,0.0,7.379030154340015e-05,0.0,0.0,0.0,0.0,0.0,20.000000000000743,20.000000000000743,0.0,0.0
18.766666666512396,2.3000000000093554,6.430037019849986e-07,0.0,851.1317117102076,156.99999999999997,0.0,0.0,7.357463646370322e-05,0.0,0.0,0.0,0.0,0.0,20.000000000000746,20.000000000000746,0.0,0.0
18.774999999846216,2.3000000000093554,6.430037019849986e-07,0.0,851.129507706331,156.99999999999997,0.0,0.0,7.335981099219668e-05,0.0,0.0,0.0,0.0,0.0,20.000000000000743,20.000000000000743,0.0,0.0
18.783333333180032,2.3000000000093554,6.430037019849986e-07,0.0,851.1273101346335,156.99999999999997,0.0,0.0,7.314582104703452e-05,0.0,0.0,0.0,0.0,0.0,20.000000000000746,20.000000000000746,0.0,0.0
18.79166666651385,2.300000000009355,6.430037019849986e-07,0.0,851.1251189701109,156.99999999999997,0.0,0.0,7.293266257006415e-05,0.0,0.0,0.0,0.0,0.0,20.000000000000753,20.000000000000753,0.0,0.0
18.79999999984767,2.300000000009355,6.430037019849986e-07,0.0,851.1229341878794,156.99999999999997,0.0,0.0,7.27203315268897e-05,0.0,0.0,0.0,0.0,0.0,20.000000000000753,20.000000000000753,0.0,0.0
18.808333333181487,2.300000000009355,6.430037019849986e-07,0.0,851.1207557631769,156.99999999999997,0.0,0.0,7.250882390639167e-05,0.0,0.0,0.0,0.0,0.0,20.000000000000735,20.000000000000735,0.0,0.0
18.816666666515307,2.300000000009355,6.430037019849986e-07,0.0,851.1185836713605,156.99999999999997,0.0,0.0,7.229813572098559e-05,0.0,0.0,0.0,0.0,0.0,20.000000000000725,20.000000000000725,0.0,0.0
18.824999999849126,2.300000000009355,6.430037019849986e-07,0.0,851.1164178879069,156.99999999999997,0.0,0.0,7.208826300610464e-05,0.0,0.0,0.0,0.0,0.0,20.000000000000725,20.000000000000725,0.0,0.0
18.833333333182942,2.300000000009355,6.430037019849986e-07,0.0,851.1142583884115,156.99999999999997,0.0,0.0,7.187920182014937e-05,0.0,0.0,0.0,0.0,0.0,20.000000000000725,20.000000000000725,0.0,0.0
18.841666666516762,2.300000000009355,6.430037019849986e-07,0.0,851.1121051485873,156.99999999999997,0.0,0.0,7.167094824447602e-05,0.0,0.0,0.0,0.0,0.0,20.00000000000072,20.00000000000072,0.0,0.0
18.84999999985058,2.300000000009355,6.430037019849986e-07,0.0,851.1099581442647,156.99999999999997,0.0,0.0,7.146349838299898e-05,0.0,0.0,0.0,0.0,0.0,20.000000000000743,20.000000000000743,0.0,0.0
18.858333333184397,2.300000000009355,6.430037019849986e-07,0.0,851.1078173513908,156.99999999999997,0.0,0.0,7.125684836229645e-05,0.0,0.0,0.0,0.0,0.0,20.000000000000774,20.000000000000774,0.0,0.0
18.866666666518217,2.300000000009355,6.430037019849986e-07,0.0,851.1056827460284,156.99999999999997,0.0,0.0,7.105099433121482e-05,0.0,0.0,0.0,0.0,0.0,20.000000000000785,20.000000000000785,0.0,0.0
18.874999999852037,2.3000000000093546,6.430037019849986e-07,0.0,851.1035543043552,156.99999999999997,0.0,0.0,7.084593246089823e-05,0.0,0.0,0.0,0.0,0.0,20.000000000000803,20.000000000000803,0.0,0.0
18.883333333185853,2.3000000000093546,6.430037019849986e-07,0.0,851.1014320026638,156.99999999999997,0.0,0.0,7.064165894454891e-05,0.0,0.0,0.0,0.0,0.0,20.000000000000792,20.000000000000792,0.0,0.0
18.891666666519672,2.3000000000093546,6.430037019849986e-07,0.0,851.0993158173609,156.99999999999997,0.0,0.0,7.043816999726554e-05,0.0,0.0,0.0,0.0,0.0,20.00000000000076,20.00000000000076,0.0,0.0
18.89999999985349,2.3000000000093546,6.430037019849986e-07,0.0,851.0972057249658,156.99999999999997,0.0,0.0,7.023546185595902e-05,0.0,0.0,0.0,0.0,0.0,20.000000000000785,20.000000000000785,0.0,0.0
18.908333333187308,2.3000000000093546,6.430037019849986e-07,0.0,851.0951017021108,156.99999999999997,0.0,0.0,7.003353077926873e-05,0.0,0.0,0.0,0.0,0.0,20.00000000000077,20.00000000000077,0.0,0.0
18.916666666521127,2.3000000000093546,6.430037019849986e-07,0.0,851.09300372554,156.99999999999997,0.0,0.0,6.983237304713435e-05,0.0,0.0,0.0,0.0,0.0,20.00000000000081,20.00000000000081,0.0,0.0
18.924999999854947,2.3000000000093546,6.430037019849986e-07,0.0,851.0909117721087,156.99999999999997,0.0,0.0,6.963198496102053e-05,0.0,0.0,0.0,0.0,0.0,20.00000000000086,20.00000000000086,0.0,0.0
18.933333333188763,2.3000000000093546,6.430037019849986e-07,0.0,851.0888258187831,156.99999999999997,0.0,0.0,6.94323628435284e-05,0.0,0.0,0.0,0.0,0.0,20.000000000000856,20.000000000000856,0.0,0.0
18.941666666522583,2.3000000000093546,6.430037019849986e-07,0.0,851.0867458426391,156.99999999999997,0.0,0.0,6.923350303827673e-05,0.0,0.0,0.0,0.0,0.0,20.000000000000867,20.000000000000867,0.0,0.0
18.949999999856402,2.3000000000093546,6.430037019849986e-07,0.0,851.084671820862,156.99999999999997,0.0,0.0,6.903540190993595e-05,0.0,0.0,0.0,0.0,0.0,20.00000000000087,20.00000000000087,0.0,0.0
18.958333333190218,2.300000000009354,6.430037019849986e-07,0.0,851.0826037307462,156.99999999999997,0.0,0.0,6.883805584380464e-05,0.0,0.0,0.0,0.0,0.0,20.00000000000087,20.00000000000087,0.0,0.0
18.966666666524038,2.300000000009354,6.430037019849986e-07,0.0,851.0805415496937,156.99999999999997,0.0,0.0,6.864146124595953e-05,0.0,0.0,0.0,0.0,0.0,20.000000000000867,20.000000000000867,0.0,0.0
18.974999999857857,2.300000000009354,6.430037019849986e-07,0.0,851.0784852552144,156.99999999999997,0.0,0.0,6.844561454287171e-05,0.0,0.0,0.0,0.0,0.0,20.000000000000867,20.000000000000867,0.0,0.0
18.983333333191673,2.300000000009354,6.430037019849986e-07,0.0,851.0764348249252,156.99999999999997,0.0,0.0,6.825051218151922e-05,0.0,0.0,0.0,0.0,0.0,20.00000000000088,20.00000000000088,0.0,0.0
18.991666666525493,2.300000000009354,6.430037019849986e-07,0.0,851.0743902365487,156.99999999999997,0.0,0.0,6.80561506290051e-05,0.0,0.0,0.0,0.0,0.0,20.000000000000863,20.000000000000863,0.0,0.0
18.999999999859313,2.300000000009354,6.430037019849986e-07,0.0,851.0723514679137,156.99999999999997,0.0,0.0,6.786252637259484e-05,0.0,0.0,0.0,0.0,0.0,20.000000000000885,20.000000000000885,0.0,0.0
19.00833333319313,2.300000000009354,6.430037019849986e-07,0.0,851.070318496954,156.99999999999997,0.0,0.0,6.76696359194502e-05,0.0,0.0,0.0,0.0,0.0,20.00000000000091,20.00000000000091,0.0,0.0
19.016666666526948,2.300000000009354,6.430037019849986e-07,0.0,851.0682913017077,156.99999999999997,0.0,0.0,6.747747579670534e-05,0.0,0.0,0.0,0.0,0.0,20.000000000000917,20.000000000000917,0.0,0.0
19.024999999860768,2.300000000009354,6.430037019849986e-07,0.0,851.0662698603171,156.99999999999997,0.0,0.0,6.728604255101271e-05,0.0,0.0,0.0,0.0,0.0,20.00000000000086,20.00000000000086,0.0,0.0
19.033333333194584,2.300000000009354,6.430037019849986e-07,0.0,851.0642541510274,156.99999999999997,0.0,0.0,6.709533274877165e-05,0.0,0.0,0.0,0.0,0.0,20.000000000000803,20.000000000000803,0.0,0.0
19.041666666528403,2.3000000000093537,6.430037019849986e-07,0.0,851.0622441521868,156.99999999999997,0.0,0.0,6.690534297571372e-05,0.0,0.0,0.0,0.0,0.0,20.000000000000863,20.000000000000863,0.0,0.0
19.049999999862223,2.3000000000093537,6.430037019849986e-07,0.0,851.0602398422457,156.99999999999997,0.0,0.0,6.67160698369806e-05,0.0,0.0,0.0,0.0,0.0,20.000000000000828,20.000000000000828,0.0,0.0
19.05833333319604,2.3000000000093537,6.430037019849986e-07,0.0,851.0582411997557,156.99999999999997,0.0,0.0,6.652750995682478e-05,0.0,0.0,0.0,0.0,0.0,20.000000000000863,20.000000000000863,0.0,0.0
19.06666666652986,2.3000000000093537,6.430037019849986e-07,0.0,851.0562482033697,156.99999999999997,0.0,0.0,6.633965997861259e-05,0.0,0.0,0.0,0.0,0.0,20.000000000000853,20.000000000000853,0.0,0.0
19.074999999863678,2.3000000000093537,6.430037019849986e-07,0.0,851.0542608318409,156.99999999999997,0.0,0.0,6.615251656460187e-05,0.0,0.0,0.0,0.0,0.0,20.00000000000087,20.00000000000087,0.0,0.0
19.083333333197494,2.3000000000093537,6.430037019849986e-07,0.0,851.0522790640225,156.99999999999997,0.0,0.0,6.5966076395946e-05,0.0,0.0,0.0,0.0,0.0,20.00000000000086,20.00000000000086,0.0,0.0
19.091666666531314,2.3000000000093537,6.430037019849986e-07,0.0,851.0503028788667,156.99999999999997,0.0,0.0,6.57803361723599e-05,0.0,0.0,0.0,0.0,0.0,20.00000000000085,20.00000000000085,0.0,0.0
19.099999999865133,2.3000000000093537,6.430037019849986e-07,0.0,851.0483322554246,156.99999999999997,0.0,0.0,6.559529261223799e-05,0.0,0.0,0.0,0.0,0.0,20.000000000000846,20.000000000000846,0.0,0.0
19.10833333319895,2.3000000000093537,6.430037019849986e-07,0.0,851.0463671728455,156.99999999999997,0.0,0.0,6.541094245235911e-05,0.0,0.0,0.0,0.0,0.0,20.000000000000853,20.000000000000853,0.0,0.0
19.11666666653277,2.3000000000093537,6.430037019849986e-07,0.0,851.0444076103764,156.99999999999997,0.0,0.0,6.522728244789253e-05,0.0,0.0,0.0,0.0,0.0,20.000000000000874,20.000000000000874,0.0,0.0
19.12499999986659,2.3000000000093537,6.430037019849986e-07,0.0,851.042453547361,156.99999999999997,0.0,0.0,6.504430937217928e-05,0.0,0.0,0.0,0.0,0.0,20.000000000000853,20.000000000000853,0.0,0.0
19.133333333200405,2.3000000000093532,6.430037019849986e-07,0.0,851.04050496324,156.99999999999997,0.0,0.0,6.486202001655215e-05,0.0,0.0,0.0,0.0,0.0,20.00000000000089,20.00000000000089,0.0,0.0
19.141666666534224,2.3000000000093532,6.430037019849986e-07,0.0,851.0385618375497,156.99999999999997,0.0,0.0,6.468041119049245e-05,0.0,0.0,0.0,0.0,0.0,20.0000000000009,20.0000000000009,0.0,0.0
19.149999999868044,2.3000000000093532,6.430037019849986e-07,0.0,851.036624149922,156.99999999999997,0.0,0.0,6.449947972115167e-05,0.0,0.0,0.0,0.0,0.0,20.000000000000895,20.000000000000895,0.0,0.0
19.15833333320186,2.3000000000093532,6.430037019849986e-07,0.0,851.0346918800838,156.99999999999997,0.0,0.0,6.431922245358395e-05,0.0,0.0,0.0,0.0,0.0,20.00000000000086,20.00000000000086,0.0,0.0
19.16666666653568,2.3000000000093532,6.430037019849986e-07,0.0,851.0327650078563,156.99999999999997,0.0,0.0,6.413963625030669e-05,0.0,0.0,0.0,0.0,0.0,20.000000000000874,20.000000000000874,0.0,0.0
19.1749999998695,2.3000000000093532,6.430037019849986e-07,0.0,851.0308435131544,156.99999999999997,0.0,0.0,6.396071799145892e-05,0.0,0.0,0.0,0.0,0.0,20.00000000000088,20.00000000000088,0.0,0.0
19.183333333203315,2.3000000000093532,6.430037019849986e-07,0.0,851.0289273759869,156.99999999999997,0.0,0.0,6.378246457447544e-05,0.0,0.0,0.0,0.0,0.0,20.000000000000874,20.000000000000874,0.0,0.0
19.191666666537134,2.3000000000093532,6.430037019849986e-07,0.0,851.0270165764547,156.99999999999997,0.0,0.0,6.360487291417104e-05,0.0,0.0,0.0,0.0,0.0,20.000000000000856,20.000000000000856,0.0,0.0
19.199999999870954,2.3000000000093532,6.430037019849986e-07,0.0,851.0251110947513,156.99999999999997,0.0,0.0,6.342793994241618e-05,0.0,0.0,0.0,0.0,0.0,20.000000000000888,20.000000000000888,0.0,0.0
19.20833333320477,2.3000000000093532,6.430037019849986e-07,0.0,851.0232109111622,156.99999999999997,0.0,0.0,6.325166260822212e-05,0.0,0.0,0.0,0.0,0.0,20.000000000000952,20.000000000000952,0.0,0.0
19.21666666653859,2.3000000000093532,6.430037019849986e-07,0.0,851.0213160060639,156.99999999999997,0.0,0.0,6.307603787749201e-05,0.0,0.0,0.0,0.0,0.0,20.00000000000093,20.00000000000093,0.0,0.0
19.22499999987241,2.300000000009353,6.430037019849986e-07,0.0,851.0194263599237,156.99999999999997,0.0,0.0,6.290106273295844e-05,0.0,0.0,0.0,0.0,0.0,20.000000000000938,20.000000000000938,0.0,0.0
19.233333333206225,2.300000000009353,6.430037019849986e-07,0.0,851.0175419532992,156.99999999999997,0.0,0.0,6.272673417415804e-05,0.0,0.0,0.0,0.0,0.0,20.000000000000977,20.000000000000977,0.0,0.0
19.241666666540045,2.300000000009353,6.430037019849986e-07,0.0,851.0156627668379,156.99999999999997,0.0,0.0,6.25530492171478e-05,0.0,0.0,0.0,0.0,0.0,20.00000000000097,20.00000000000097,0.0,0.0
19.249999999873864,2.300000000009353,6.430037019849986e-07,0.0,851.0137887812763,156.99999999999997,0.0,0.0,6.238000489451778e-05,0.0,0.0,0.0,0.0,0.0,20.00000000000094,20.00000000000094,0.0,0.0
19.25833333320768,2.300000000009353,6.430037019849986e-07,0.0,851.0119199774399,156.99999999999997,0.0,0.0,6.220759825529332e-05,0.0,0.0,0.0,0.0,0.0,20.00000000000092,20.00000000000092,0.0,0.0
19.2666666665415,2.300000000009353,6.430037019849986e-07,0.0,851.0100563362423,156.99999999999997,0.0,0.0,6.20358263647639e-05,0.0,0.0,0.0,0.0,0.0,20.00000000000094,20.00000000000094,0.0,0.0
19.27499999987532,2.300000000009353,6.430037019849986e-07,0.0,851.0081978386852,156.99999999999997,0.0,0.0,6.186468630445996e-05,0.0,0.0,0.0,0.0,0.0,20.000000000000977,20.000000000000977,0.0,0.0
19.283333333209136,2.300000000009353,6.430037019849986e-07,0.0,851.0063444658574,156.99999999999997,0.0,0.0,6.169417517190938e-05,0.0,0.0,0.0,0.0,0.0,20.000000000001016,20.000000000001016,0.0,0.0
19.291666666542955,2.300000000009353,6.430037019849986e-07,0.0,851.0044961989342,156.99999999999997,0.0,0.0,6.152429008072554e-05,0.0,0.0,0.0,0.0,0.0,20.00000000000101,20.00000000000101,0.0,0.0
19.299999999876775,2.300000000009353,6.430037019849986e-07,0.0,851.0026530191781,156.99999999999997,0.0,0.0,6.135502816032813e-05,0.0,0.0,0.0,0.0,0.0,20.000000000001013,20.000000000001013,0.0,0.0
19.30833333321059,2.300000000009353,6.430037019849986e-07,0.0,851.0008149079367,156.99999999999997,0.0,0.0,6.118638655599494e-05,0.0,0.0,0.0,0.0,0.0,20.000000000001027,20.000000000001027,0.0,0.0
19.31666666654441,2.300000000009353,6.430037019849986e-07,0.0,850.9989818466432,156.99999999999997,0.0,0.0,6.101836242854754e-05,0.0,0.0,0.0,0.0,0.0,20.00000000000104,20.00000000000104,0.0,0.0
19.32499999987823,2.3000000000093523,6.430037019849986e-07,0.0,850.9971538168161,156.99999999999997,0.0,0.0,6.085095295455031e-05,0.0,0.0,0.0,0.0,0.0,20.000000000001027,20.000000000001027,0.0,0.0
19.333333333212046,2.3000000000093523,6.430037019849986e-07,0.0,850.9953308000579,156.99999999999997,0.0,0.0,6.0684155325960404e-05,0.0,0.0,0.0,0.0,0.0,20.00000000000103,20.00000000000103,0.0,0.0
19.341666666545866,2.3000000000093523,6.430037019849986e-07,0.0,850.9935127780552,156.99999999999997,0.0,0.0,6.051796675007145e-05,0.0,0.0,0.0,0.0,0.0,20.000000000001013,20.000000000001013,0.0,0.0
19.349999999879685,2.3000000000093523,6.430037019849986e-07,0.0,850.9916997325786,156.99999999999997,0.0,0.0,6.035238444956704e-05,0.0,0.0,0.0,0.0,0.0,20.00000000000105,20.00000000000105,0.0,0.0
19.3583333332135,2.3000000000093523,6.430037019849986e-07,0.0,850.9898916454812,156.99999999999997,0.0,0.0,6.0187405662245675e-05,0.0,0.0,0.0,0.0,0.0,20.00000000000104,20.00000000000104,0.0,0.0
19.36666666654732,2.3000000000093523,6.430037019849986e-07,0.0,850.988088498699,156.99999999999997,0.0,0.0,6.002302764100217e-05,0.0,0.0,0.0,0.0,0.0,20.000000000001055,20.000000000001055,0.0,0.0
19.37499999988114,2.3000000000093523,6.430037019849986e-07,0.0,850.9862902742502,156.99999999999997,0.0,0.0,5.9859247653736234e-05,0.0,0.0,0.0,0.0,0.0,20.00000000000107,20.00000000000107,0.0,0.0
19.383333333214956,2.3000000000093523,6.430037019849986e-07,0.0,850.9844969542348,156.99999999999997,0.0,0.0,5.969606298322506e-05,0.0,0.0,0.0,0.0,0.0,20.000000000001073,20.000000000001073,0.0,0.0
19.391666666548776,2.3000000000093523,6.430037019849986e-07,0.0,850.982708520834,156.99999999999997,0.0,0.0,5.9533470927033e-05,0.0,0.0,0.0,0.0,0.0,20.00000000000109,20.00000000000109,0.0,0.0
19.399999999882596,2.3000000000093523,6.430037019849986e-07,0.0,850.9809249563095,156.99999999999997,0.0,0.0,5.937146879753032e-05,0.0,0.0,0.0,0.0,0.0,20.000000000001098,20.000000000001098,0.0,0.0
19.40833333321641,2.3000000000093523,6.430037019849986e-07,0.0,850.9791462430044,156.99999999999997,0.0,0.0,5.9210053921549386e-05,0.0,0.0,0.0,0.0,0.0,20.00000000000112,20.00000000000112,0.0,0.0
19.41666666655023,2.300000000009352,6.430037019849986e-07,0.0,850.9773723633406,156.99999999999997,0.0,0.0,5.904922364058581e-05,0.0,0.0,0.0,0.0,0.0,20.00000000000115,20.00000000000115,0.0,0.0
19.42499999988405,2.300000000009352,6.430037019849986e-07,0.0,850.9756032998202,156.99999999999997,0.0,0.0,5.888897531045577e-05,0.0,0.0,0.0,0.0,0.0,20.000000000001144,20.000000000001144,0.0,0.0
19.433333333217867,2.300000000009352,6.430037019849986e-07,0.0,850.9738390350246,156.99999999999997,0.0,0.0,5.872930630142492e-05,0.0,0.0,0.0,0.0,0.0,20.000000000001144,20.000000000001144,0.0,0.0
19.441666666551686,2.300000000009352,6.430037019849986e-07,0.0,850.9720795516132,156.99999999999997,0.0,0.0,5.857021399786709e-05,0.0,0.0,0.0,0.0,0.0,20.00000000000114,20.00000000000114,0.0,0.0
19.449999999885506,2.300000000009352,6.430037019849986e-07,0.0,850.9703248323242,156.99999999999997,0.0,0.0,5.8411695798429954e-05,0.0,0.0,0.0,0.0,0.0,20.000000000001176,20.000000000001176,0.0,0.0
19.458333333219322,2.300000000009352,6.430037019849986e-07,0.0,850.9685748599734,156.99999999999997,0.0,0.0,5.825374911576702e-05,0.0,0.0,0.0,0.0,0.0,20.000000000001172,20.000000000001172,0.0,0.0
19.46666666655314,2.300000000009352,6.430037019849986e-07,0.0,850.966829617454,156.99999999999997,0.0,0.0,5.809637137655919e-05,0.0,0.0,0.0,0.0,0.0,20.000000000001204,20.000000000001204,0.0,0.0
19.47499999988696,2.300000000009352,6.430037019849986e-07,0.0,850.9650890877364,156.99999999999997,0.0,0.0,5.793956002132021e-05,0.0,0.0,0.0,0.0,0.0,20.000000000001204,20.000000000001204,0.0,0.0
19.483333333220777,2.300000000009352,6.430037019849986e-07,0.0,850.9633532538672,156.99999999999997,0.0,0.0,5.778331250445474e-05,0.0,0.0,0.0,0.0,0.0,20.000000000001204,20.000000000001204,0.0,0.0
19.491666666554597,2.300000000009352,6.430037019849986e-07,0.0,850.9616220989697,156.99999999999997,0.0,0.0,5.7627626293992744e-05,0.0,0.0,0.0,0.0,0.0,20.000000000001208,20.000000000001208,0.0,0.0
19.499999999888416,2.300000000009352,6.430037019849986e-07,0.0,850.9598956062424,156.99999999999997,0.0,0.0,5.747249887164832e-05,0.0,0.0,0.0,0.0,0.0,20.000000000001204,20.000000000001204,0.0,0.0
19.508333333222232,2.300000000009352,6.430037019849986e-07,0.0,850.9581737589594,156.99999999999997,0.0,0.0,5.731792773266281e-05,0.0,0.0,0.0,0.0,0.0,20.000000000001226,20.000000000001226,0.0,0.0
19.516666666556052,2.300000000009352,6.430037019849986e-07,0.0,850.9564565404698,156.99999999999997,0.0,0.0,5.716391038572052e-05,0.0,0.0,0.0,0.0,0.0,20.00000000000125,20.00000000000125,0.0,0.0
19.52499999988987,2.3000000000093515,6.430037019849986e-07,0.0,850.9547439341973,156.99999999999997,0.0,0.0,5.70104443529721e-05,0.0,0.0,0.0,0.0,0.0,20.000000000001265,20.000000000001265,0.0,0.0
19.533333333223688,2.3000000000093515,6.430037019849986e-07,0.0,850.9530359236394,156.99999999999997,0.0,0.0,5.68575271697001e-05,0.0,0.0,0.0,0.0,0.0,20.000000000001283,20.000000000001283,0.0,0.0
19.541666666557507,2.3000000000093515,6.430037019849986e-07,0.0,850.9513324923676,156.99999999999997,0.0,0.0,5.6705156384593724e-05,0.0,0.0,0.0,0.0,0.0,20.000000000001286,20.000000000001286,0.0,0.0
19.549999999891327,2.3000000000093515,6.430037019849986e-07,0.0,850.9496336240265,156.99999999999997,0.0,0.0,5.655332955927226e-05,0.0,0.0,0.0,0.0,0.0,20.000000000001297,20.000000000001297,0.0,0.0
19.558333333225143,2.3000000000093515,6.430037019849986e-07,0.0,850.9479393023341,156.99999999999997,0.0,0.0,5.6402044268560124e-05,0.0,0.0,0.0,0.0,0.0,20.00000000000131,20.00000000000131,0.0,0.0
19.566666666558962,2.3000000000093515,6.430037019849986e-07,0.0,850.9462495110807,156.99999999999997,0.0,0.0,5.6251298100154466e-05,0.0,0.0,0.0,0.0,0.0,20.000000000001336,20.000000000001336,0.0,0.0
19.574999999892782,2.3000000000093515,6.430037019849986e-07,0.0,850.9445642341287,156.99999999999997,0.0,0.0,5.6101088654650526e-05,0.0,0.0,0.0,0.0,0.0,20.000000000001343,20.000000000001343,0.0,0.0
19.583333333226598,2.3000000000093515,6.430037019849986e-07,0.0,850.9428834554124,156.99999999999997,0.0,0.0,5.59514135454957e-05,0.0,0.0,0.0,0.0,0.0,20.00000000000132,20.00000000000132,0.0,0.0
19.591666666560418,2.3000000000093515,6.430037019849986e-07,0.0,850.9412071589372,156.99999999999997,0.0,0.0,5.5802270398801533e-05,0.0,0.0,0.0,0.0,0.0,20.00000000000135,20.00000000000135,0.0,0.0
19.599999999894237,2.3000000000093515,6.430037019849986e-07,0.0,850.9395353287803,156.99999999999997,0.0,0.0,5.5653656853334274e-05,0.0,0.0,0.0,0.0,0.0,20.00000000000133,20.00000000000133,0.0,0.0
19.608333333228053,2.3000000000093515,6.430037019849986e-07,0.0,850.9378679490885,156.99999999999997,0.0,0.0,5.550557056043441e-05,0.0,0.0,0.0,0.0,0.0,20.000000000001293,20.000000000001293,0.0,0.0
19.616666666561873,2.3000000000093515,6.430037019849986e-07,0.0,850.9362050040797,156.99999999999997,0.0,0.0,5.535800918397193e-05,0.0,0.0,0.0,0.0,0.0,20.00000000000127,20.00000000000127,0.0,0.0
19.624999999895692,2.300000000009351,6.430037019849986e-07,0.0,850.9345464780415,156.99999999999997,0.0,0.0,5.521097040016031e-05,0.0,0.0,0.0,0.0,0.0,20.00000000000129,20.00000000000129,0.0,0.0
19.63333333322951,2.300000000009351,6.430037019849986e-07,0.0,850.9328923553308,156.99999999999997,0.0,0.0,5.5064451897548095e-05,0.0,0.0,0.0,0.0,0.0,20.00000000000133,20.00000000000133,0.0,0.0
19.641666666563328,2.300000000009351,6.430037019849986e-07,0.0,850.9312426203737,156.99999999999997,0.0,0.0,5.491845137701066e-05,0.0,0.0,0.0,0.0,0.0,20.000000000001346,20.000000000001346,0.0,0.0
19.649999999897148,2.300000000009351,6.430037019849986e-07,0.0,850.9295972576654,156.99999999999997,0.0,0.0,5.4772966551529795e-05,0.0,0.0,0.0,0.0,0.0,20.00000000000134,20.00000000000134,0.0,0.0
19.658333333230964,2.300000000009351,6.430037019849986e-07,0.0,850.9279562517693,156.99999999999997,0.0,0.0,5.462799514622172e-05,0.0,0.0,0.0,0.0,0.0,20.000000000001307,20.000000000001307,0.0,0.0
19.666666666564783,2.300000000009351,6.430037019849986e-07,0.0,850.9263195873166,156.99999999999997,0.0,0.0,5.448353489829405e-05,0.0,0.0,0.0,0.0,0.0,20.00000000000131,20.00000000000131,0.0,0.0
19.674999999898603,2.300000000009351,6.430037019849986e-07,0.0,850.9246872490069,156.99999999999997,0.0,0.0,5.4339583556791827e-05,0.0,0.0,0.0,0.0,0.0,20.00000000000129,20.00000000000129,0.0,0.0
19.68333333323242,2.300000000009351,6.430037019849986e-07,0.0,850.9230592216063,156.99999999999997,0.0,0.0,5.419613888273178e-05,0.0,0.0,0.0,0.0,0.0,20.000000000001286,20.000000000001286,0.0,0.0
19.69166666656624,2.300000000009351,6.430037019849986e-07,0.0,850.9214354899486,156.99999999999997,0.0,0.0,5.4053198648919456e-05,0.0,0.0,0.0,0.0,0.0,20.00000000000127,20.00000000000127,0.0,0.0
19.699999999900058,2.300000000009351,6.430037019849986e-07,0.0,850.9198160389341,156.99999999999997,0.0,0.0,5.3910760639907773e-05,0.0,0.0,0.0,0.0,0.0,20.000000000001283,20.000000000001283,0.0,0.0
19.708333333233874,2.300000000009351,6.430037019849986e-07,0.0,850.9182008535289,156.99999999999997,0.0,0.0,5.376882265185033e-05,0.0,0.0,0.0,0.0,0.0,20.00000000000128,20.00000000000128,0.0,0.0
19.716666666567694,2.300000000009351,6.430037019849986e-07,0.0,850.9165899187656,156.99999999999997,0.0,0.0,5.362738249263613e-05,0.0,0.0,0.0,0.0,0.0,20.000000000001297,20.000000000001297,0.0,0.0
19.724999999901513,2.300000000009351,6.430037019849986e-07,0.0,850.914983219742,156.99999999999997,0.0,0.0,5.348643798149779e-05,0.0,0.0,0.0,0.0,0.0,20.000000000001286,20.000000000001286,0.0,0.0
19.73333333323533,2.3000000000093506,6.430037019849986e-07,0.0,850.9133807416216,156.99999999999997,0.0,0.0,5.3345986949287045e-05,0.0,0.0,0.0,0.0,0.0,20.00000000000131,20.00000000000131,0.0,0.0
19.74166666656915,2.3000000000093506,6.430037019849986e-07,0.0,850.9117824696324,156.99999999999997,0.0,0.0,5.320602723811907e-05,0.0,0.0,0.0,0.0,0.0,20.00000000000131,20.00000000000131,0.0,0.0
19.74999999990297,2.3000000000093506,6.430037019849986e-07,0.0,850.9101883890671,156.99999999999997,0.0,0.0,5.30665567014729e-05,0.0,0.0,0.0,0.0,0.0,20.000000000001297,20.000000000001297,0.0,0.0
19.758333333236784,2.3000000000093506,6.430037019849986e-07,0.0,850.9085984852826,156.99999999999997,0.0,0.0,5.292757320404694e-05,0.0,0.0,0.0,0.0,0.0,20.000000000001254,20.000000000001254,0.0,0.0
19.766666666570604,2.3000000000093506,6.430037019849986e-07,0.0,850.9070127436997,156.99999999999997,0.0,0.0,5.278907462178954e-05,0.0,0.0,0.0,0.0,0.0,20.000000000001265,20.000000000001265,0.0,0.0
19.774999999904423,2.3000000000093506,6.430037019849986e-07,0.0,850.905431149803,156.99999999999997,0.0,0.0,5.265105884165041e-05,0.0,0.0,0.0,0.0,0.0,20.000000000001222,20.000000000001222,0.0,0.0
19.78333333323824,2.3000000000093506,6.430037019849986e-07,0.0,850.9038536891399,156.99999999999997,0.0,0.0,5.2513523761681795e-05,0.0,0.0,0.0,0.0,0.0,20.000000000001233,20.000000000001233,0.0,0.0
19.79166666657206,2.3000000000093506,6.430037019849986e-07,0.0,850.9022803473207,156.99999999999997,0.0,0.0,5.237646729089514e-05,0.0,0.0,0.0,0.0,0.0,20.00000000000118,20.00000000000118,0.0,0.0
19.79999999990588,2.3000000000093506,6.430037019849986e-07,0.0,850.9007111100188,156.99999999999997,0.0,0.0,5.223988734918836e-05,0.0,0.0,0.0,0.0,0.0,20.00000000000118,20.00000000000118,0.0,0.0
19.808333333239695,2.3000000000093506,6.430037019849986e-07,0.0,850.8991459629694,156.99999999999997,0.0,0.0,5.2103781867342557e-05,0.0,0.0,0.0,0.0,0.0,20.0000000000012,20.0000000000012,0.0,0.0
19.816666666573514,2.3000000000093506,6.430037019849986e-07,0.0,850.8975848919697,156.99999999999997,0.0,0.0,5.1968148786880095e-05,0.0,0.0,0.0,0.0,0.0,20.000000000001165,20.000000000001165,0.0,0.0
19.824999999907334,2.3000000000093506,6.430037019849986e-07,0.0,850.8960278828785,156.99999999999997,0.0,0.0,5.183298605999261e-05,0.0,0.0,0.0,0.0,0.0,20.00000000000116,20.00000000000116,0.0,0.0
19.83333333324115,2.3000000000093506,6.430037019849986e-07,0.0,850.8944749216157,156.99999999999997,0.0,0.0,5.1698291649607987e-05,0.0,0.0,0.0,0.0,0.0,20.000000000001155,20.000000000001155,0.0,0.0
19.84166666657497,2.3000000000093506,6.430037019849986e-07,0.0,850.8929259941626,156.99999999999997,0.0,0.0,5.1564063529145306e-05,0.0,0.0,0.0,0.0,0.0,20.000000000001126,20.000000000001126,0.0,0.0
19.84999999990879,2.30000000000935,6.430037019849986e-07,0.0,850.8913810865608,156.99999999999997,0.0,0.0,5.1430299682582366e-05,0.0,0.0,0.0,0.0,0.0,20.00000000000115,20.00000000000115,0.0,0.0
19.858333333242605,2.30000000000935,6.430037019849986e-07,0.0,850.8898401849123,156.99999999999997,0.0,0.0,5.129699810434993e-05,0.0,0.0,0.0,0.0,0.0,20.000000000001176,20.000000000001176,0.0,0.0
19.866666666576425,2.30000000000935,6.430037019849986e-07,0.0,850.888303275379,156.99999999999997,0.0,0.0,5.1164156799261116e-05,0.0,0.0,0.0,0.0,0.0,20.000000000001183,20.000000000001183,0.0,0.0
19.874999999910244,2.30000000000935,6.430037019849986e-07,0.0,850.8867703441827,156.99999999999997,0.0,0.0,5.103177378244098e-05,0.0,0.0,0.0,0.0,0.0,20.000000000001155,20.000000000001155,0.0,0.0
19.88333333324406,2.30000000000935,6.430037019849986e-07,0.0,850.8852413776044,156.99999999999997,0.0,0.0,5.08998470792909e-05,0.0,0.0,0.0,0.0,0.0,20.000000000001165,20.000000000001165,0.0,0.0
19.89166666657788,2.30000000000935,6.430037019849986e-07,0.0,850.8837163619844,156.99999999999997,0.0,0.0,5.076837472538429e-05,0.0,0.0,0.0,0.0,0.0,20.000000000001165,20.000000000001165,0.0,0.0
19.8999999999117,2.30000000000935,6.430037019849986e-07,0.0,850.8821952837216,156.99999999999997,0.0,0.0,5.063735476646592e-05,0.0,0.0,0.0,0.0,0.0,20.000000000001197,20.000000000001197,0.0,0.0
19.908333333245515,2.30000000000935,6.430037019849986e-07,0.0,850.8806781292733,156.99999999999997,0.0,0.0,5.050678525834817e-05,0.0,0.0,0.0,0.0,0.0,20.000000000001194,20.000000000001194,0.0,0.0
19.916666666579335,2.30000000000935,6.430037019849986e-07,0.0,850.8791648851553,156.99999999999997,0.0,0.0,5.0376664266876314e-05,0.0,0.0,0.0,0.0,0.0,20.000000000001172,20.000000000001172,0.0,0.0
19.924999999913155,2.30000000000935,6.430037019849986e-07,0.0,850.8776555379411,156.99999999999997,0.0,0.0,5.0246989867825436e-05,0.0,0.0,0.0,0.0,0.0,20.00000000000118,20.00000000000118,0.0,0.0
19.93333333324697,2.30000000000935,6.430037019849986e-07,0.0,850.8761500742617,156.99999999999997,0.0,0.0,5.011776014686633e-05,0.0,0.0,0.0,0.0,0.0,20.000000000001194,20.000000000001194,0.0,0.0
19.94166666658079,2.30000000000935,6.430037019849986e-07,0.0,850.8746484808054,156.99999999999997,0.0,0.0,4.99889731995658e-05,0.0,0.0,0.0,0.0,0.0,20.000000000001183,20.000000000001183,0.0,0.0
19.94999999991461,2.30000000000935,6.430037019849986e-07,0.0,850.8731507443175,156.99999999999997,0.0,0.0,4.98606271311815e-05,0.0,0.0,0.0,0.0,0.0,20.000000000001197,20.000000000001197,0.0,0.0
19.958333333248426,2.30000000000935,6.430037019849986e-07,0.0,850.8716568516002,156.99999999999997,0.0,0.0,4.9732720056765635e-05,0.0,0.0,0.0,0.0,0.0,20.000000000001204,20.000000000001204,0.0,0.0
19.966666666582245,2.3000000000093497,6.430037019849986e-07,0.0,850.8701667895118,156.99999999999997,0.0,0.0,4.9605250101028866e-05,0.0,0.0,0.0,0.0,0.0,20.000000000001222,20.000000000001222,0.0,0.0
19.974999999916065,2.3000000000093497,6.430037019849986e-07,0.0,850.8686805449668,156.99999999999997,0.0,0.0,4.9478215398204796e-05,0.0,0.0,0.0,0.0,0.0,20.00000000000121,20.00000000000121,0.0,0.0
19.98333333324988,2.3000000000093497,6.430037019849986e-07,0.0,850.8671981049356,156.99999999999997,0.0,0.0,4.935161409215403e-05,0.0,0.0,0.0,0.0,0.0,20.000000000001194,20.000000000001194,0.0,0.0
19.9916666665837,2.3000000000093497,6.430037019849986e-07,0.0,850.8657194564444,156.99999999999997,0.0,0.0,4.922544433622891e-05,0.0,0.0,0.0,0.0,0.0,20.000000000001194,20.000000000001194,0.0,0.0
19.99999999991752,2.3000000000093497,6.430037019849986e-07,0.0,850.8642445865738,156.99999999999997,0.0,0.0,4.909970429317304e-05,0.0,0.0,0.0,0.0,0.0,20.00000000000118,20.00000000000118,0.0,0.0
20.008333333251336,2.3000000000093497,6.430037019849986e-07,0.0,850.8627734824604,156.99999999999997,0.0,0.0,4.89743921351574e-05,0.0,0.0,0.0,0.0,0.0,20.000000000001183,20.000000000001183,0.0,0.0
20.016666666585156,2.3000000000093497,6.430037019849986e-07,0.0,850.8613061312949,156.99999999999997,0.0,0.0,4.884950604361218e-05,0.0,0.0,0.0,0.0,0.0,20.00000000000119,20.00000000000119,0.0,0.0
20.024999999918975,2.3000000000093497,6.430037019849986e-07,0.0,850.8598425203227,156.99999999999997,0.0,0.0,4.872504420929719e-05,0.0,0.0,0.0,0.0,0.0,20.00000000000117,20.00000000000117,0.0,0.0
20.03333333325279,2.3000000000093497,6.430037019849986e-07,0.0,850.8583826368429,156.99999999999997,0.0,0.0,4.8601004832134426e-05,0.0,0.0,0.0,0.0,0.0,20.000000000001172,20.000000000001172,0.0,0.0
20.04166666658661,2.3000000000093497,6.430037019849986e-07,0.0,850.8569264682089,156.99999999999997,0.0,0.0,4.847738612124468e-05,0.0,0.0,0.0,0.0,0.0,20.000000000001133,20.000000000001133,0.0,0.0
20.04999999992043,2.3000000000093497,6.430037019849986e-07,0.0,850.8554740018276,156.99999999999997,0.0,0.0,4.8354186294848646e-05,0.0,0.0,0.0,0.0,0.0,20.000000000001158,20.000000000001158,0.0,0.0
20.058333333254247,2.3000000000093497,6.430037019849986e-07,0.0,850.8540252251591,156.99999999999997,0.0,0.0,4.823140358013441e-05,0.0,0.0,0.0,0.0,0.0,20.000000000001123,20.000000000001123,0.0,0.0
20.066666666588066,2.3000000000093497,6.430037019849986e-07,0.0,850.8525801257168,156.99999999999997,0.0,0.0,4.8109036213396305e-05,0.0,0.0,0.0,0.0,0.0,20.00000000000109,20.00000000000109,0.0,0.0
20.074999999921886,2.3000000000093497,6.430037019849986e-07,0.0,850.8511386910666,156.99999999999997,0.0,0.0,4.7987082439801174e-05,0.0,0.0,0.0,0.0,0.0,20.000000000001137,20.000000000001137,0.0,0.0
20.083333333255702,2.3000000000093497,6.430037019849986e-07,0.0,850.8497009088268,156.99999999999997,0.0,0.0,4.786554051345976e-05,0.0,0.0,0.0,0.0,0.0,20.000000000001144,20.000000000001144,0.0,0.0
20.09166666658952,2.3000000000093492,6.430037019849986e-07,0.0,850.8482667666683,156.99999999999997,0.0,0.0,4.774440869726145e-05,0.0,0.0,0.0,0.0,0.0,20.000000000001155,20.000000000001155,0.0,0.0
20.09999999992334,2.3000000000093492,6.430037019849986e-07,0.0,850.8468362523138,156.99999999999997,0.0,0.0,4.762368526294577e-05,0.0,0.0,0.0,0.0,0.0,20.00000000000115,20.00000000000115,0.0,0.0
20.108333333257157,2.3000000000093492,6.430037019849986e-07,0.0,850.8454093535379,156.99999999999997,0.0,0.0,4.750336849087046e-05,0.0,0.0,0.0,0.0,0.0,20.00000000000117,20.00000000000117,0.0,0.0
20.116666666590977,2.3000000000093492,6.430037019849986e-07,0.0,850.8439860581663,156.99999999999997,0.0,0.0,4.738345667021805e-05,0.0,0.0,0.0,0.0,0.0,20.000000000001158,20.000000000001158,0.0,0.0
20.124999999924796,2.3000000000093492,6.430037019849986e-07,0.0,850.8425663540761,156.99999999999997,0.0,0.0,4.726394809873059e-05,0.0,0.0,0.0,0.0,0.0,20.000000000001123,20.000000000001123,0.0,0.0
20.133333333258612,2.3000000000093492,6.430037019849986e-07,0.0,850.8411502291956,156.99999999999997,0.0,0.0,4.714484108268097e-05,0.0,0.0,0.0,0.0,0.0,20.00000000000112,20.00000000000112,0.0,0.0
20.14166666659243,2.3000000000093492,6.430037019849986e-07,0.0,850.8397376715031,156.99999999999997,0.0,0.0,4.7026133936978526e-05,0.0,0.0,0.0,0.0,0.0,20.000000000001123,20.000000000001123,0.0,0.0
20.14999999992625,2.3000000000093492,6.430037019849986e-07,0.0,850.8383286690282,156.99999999999997,0.0,0.0,4.6907824984905114e-05,0.0,0.0,0.0,0.0,0.0,20.000000000001126,20.000000000001126,0.0,0.0
20.158333333260067,2.3000000000093492,6.430037019849986e-07,0.0,850.8369232098498,156.99999999999997,0.0,0.0,4.678991255825472e-05,0.0,0.0,0.0,0.0,0.0,20.000000000001155,20.000000000001155,0.0,0.0
20.166666666593887,2.3000000000093492,6.430037019849986e-07,0.0,850.8355212820975,156.99999999999997,0.0,0.0,4.6672394997170825e-05,0.0,0.0,0.0,0.0,0.0,20.000000000001187,20.000000000001187,0.0,0.0
20.174999999927707,2.3000000000093492,6.430037019849986e-07,0.0,850.83412287395,156.99999999999997,0.0,0.0,4.65552706501185e-05,0.0,0.0,0.0,0.0,0.0,20.000000000001158,20.000000000001158,0.0,0.0
20.183333333261523,2.3000000000093492,6.430037019849986e-07,0.0,850.8327279736357,156.99999999999997,0.0,0.0,4.643853787385651e-05,0.0,0.0,0.0,0.0,0.0,20.000000000001176,20.000000000001176,0.0,0.0
20.191666666595342,2.3000000000093492,6.430037019849986e-07,0.0,850.831336569432,156.99999999999997,0.0,0.0,4.6322195033342776e-05,0.0,0.0,0.0,0.0,0.0,20.000000000001183,20.000000000001183,0.0,0.0
20.19999999992916,2.3000000000093492,6.430037019849986e-07,0.0,850.8299486496654,156.99999999999997,0.0,0.0,4.620624050180713e-05,0.0,0.0,0.0,0.0,0.0,20.00000000000119,20.00000000000119,0.0,0.0
20.208333333262978,2.3000000000093492,6.430037019849986e-07,0.0,850.828564202711,156.99999999999997,0.0,0.0,4.609067266052347e-05,0.0,0.0,0.0,0.0,0.0,20.000000000001176,20.000000000001176,0.0,0.0
20.216666666596797,2.300000000009349,6.430037019849986e-07,0.0,850.8271832169925,156.99999999999997,0.0,0.0,4.597548989888302e-05,0.0,0.0,0.0,0.0,0.0,20.0000000000012,20.0000000000012,0.0,0.0
20.224999999930617,2.300000000009349,6.430037019849986e-07,0.0,850.8258056809814,156.99999999999997,0.0,0.0,4.586069061436721e-05,0.0,0.0,0.0,0.0,0.0,20.000000000001215,20.000000000001215,0.0,0.0
20.233333333264433,2.300000000009349,6.430037019849986e-07,0.0,850.8244315831976,156.99999999999997,0.0,0.0,4.5746273212387595e-05,0.0,0.0,0.0,0.0,0.0,20.000000000001236,20.000000000001236,0.0,0.0
20.241666666598253,2.300000000009349,6.430037019849986e-07,0.0,850.8230609122085,156.99999999999997,0.0,0.0,4.563223610632603e-05,0.0,0.0,0.0,0.0,0.0,20.000000000001222,20.000000000001222,0.0,0.0
20.249999999932072,2.300000000009349,6.430037019849986e-07,0.0,850.8216936566289,156.99999999999997,0.0,0.0,4.551857771754137e-05,0.0,0.0,0.0,0.0,0.0,20.000000000001208,20.000000000001208,0.0,0.0
20.258333333265888,2.300000000009349,6.430037019849986e-07,0.0,850.8203298051209,156.99999999999997,0.0,0.0,4.54052964751105e-05,0.0,0.0,0.0,0.0,0.0,20.000000000001208,20.000000000001208,0.0,0.0
20.266666666599708,2.300000000009349,6.430037019849986e-07,0.0,850.8189693463938,156.99999999999997,0.0,0.0,4.529239081606823e-05,0.0,0.0,0.0,0.0,0.0,20.000000000001208,20.000000000001208,0.0,0.0
20.274999999933527,2.300000000009349,6.430037019849986e-07,0.0,850.8176122692034,156.99999999999997,0.0,0.0,4.517985918508249e-05,0.0,0.0,0.0,0.0,0.0,20.000000000001247,20.000000000001247,0.0,0.0
20.283333333267343,2.300000000009349,6.430037019849986e-07,0.0,850.8162585623525,156.99999999999997,0.0,0.0,4.50677000346609e-05,0.0,0.0,0.0,0.0,0.0,20.000000000001243,20.000000000001243,0.0,0.0
20.291666666601163,2.300000000009349,6.430037019849986e-07,0.0,850.8149082146894,156.99999999999997,0.0,0.0,4.495591182489317e-05,0.0,0.0,0.0,0.0,0.0,20.000000000001275,20.000000000001275,0.0,0.0
20.299999999934982,2.300000000009349,6.430037019849986e-07,0.0,850.8135612151092,156.99999999999997,0.0,0.0,4.48444930235583e-05,0.0,0.0,0.0,0.0,0.0,20.000000000001236,20.000000000001236,0.0,0.0
20.3083333332688,2.300000000009349,6.430037019849986e-07,0.0,850.8122175525525,156.99999999999997,0.0,0.0,4.473344210603301e-05,0.0,0.0,0.0,0.0,0.0,20.000000000001236,20.000000000001236,0.0,0.0
20.316666666602618,2.300000000009349,6.430037019849986e-07,0.0,850.8108772160059,156.99999999999997,0.0,0.0,4.462275755516771e-05,0.0,0.0,0.0,0.0,0.0,20.000000000001265,20.000000000001265,0.0,0.0
20.324999999936438,2.300000000009349,6.430037019849986e-07,0.0,850.8095401945009,156.99999999999997,0.0,0.0,4.451243786142668e-05,0.0,0.0,0.0,0.0,0.0,20.00000000000127,20.00000000000127,0.0,0.0
20.333333333270254,2.300000000009349,6.430037019849986e-07,0.0,850.8082064771145,156.99999999999997,0.0,0.0,4.4402481522599374e-05,0.0,0.0,0.0,0.0,0.0,20.000000000001283,20.000000000001283,0.0,0.0
20.341666666604073,2.300000000009349,6.430037019849986e-07,0.0,850.8068760529684,156.99999999999997,0.0,0.0,4.4292887043973805e-05,0.0,0.0,0.0,0.0,0.0,20.00000000000129,20.00000000000129,0.0,0.0
20.349999999937893,2.3000000000093483,6.430037019849986e-07,0.0,850.8055489112295,156.99999999999997,0.0,0.0,4.418365293824612e-05,0.0,0.0,0.0,0.0,0.0,20.00000000000126,20.00000000000126,0.0,0.0
20.35833333327171,2.3000000000093483,6.430037019849986e-07,0.0,850.8042250411087,156.99999999999997,0.0,0.0,4.407477772533176e-05,0.0,0.0,0.0,0.0,0.0,20.000000000001222,20.000000000001222,0.0,0.0
20.36666666660553,2.3000000000093483,6.430037019849986e-07,0.0,850.8029044318614,156.99999999999997,0.0,0.0,4.396625993253892e-05,0.0,0.0,0.0,0.0,0.0,20.00000000000124,20.00000000000124,0.0,0.0
20.374999999939348,2.3000000000093483,6.430037019849986e-07,0.0,850.8015870727871,156.99999999999997,0.0,0.0,4.385809809431452e-05,0.0,0.0,0.0,0.0,0.0,20.00000000000121,20.00000000000121,0.0,0.0
20.383333333273164,2.3000000000093483,6.430037019849986e-07,0.0,850.8002729532293,156.99999999999997,0.0,0.0,4.375029075245026e-05,0.0,0.0,0.0,0.0,0.0,20.00000000000122,20.00000000000122,0.0,0.0
20.391666666606984,2.3000000000093483,6.430037019849986e-07,0.0,850.7989620625747,156.99999999999997,0.0,0.0,4.3642836455796445e-05,0.0,0.0,0.0,0.0,0.0,20.000000000001258,20.000000000001258,0.0,0.0
20.399999999940803,2.3000000000093483,6.430037019849986e-07,0.0,850.7976543902537,156.99999999999997,0.0,0.0,4.3535733760304404e-05,0.0,0.0,0.0,0.0,0.0,20.00000000000127,20.00000000000127,0.0,0.0
20.40833333327462,2.3000000000093483,6.430037019849986e-07,0.0,850.7963499257401,156.99999999999997,0.0,0.0,4.3428981229134e-05,0.0,0.0,0.0,0.0,0.0,20.000000000001286,20.000000000001286,0.0,0.0
20.41666666660844,2.3000000000093483,6.430037019849986e-07,0.0,850.7950486585504,156.99999999999997,0.0,0.0,4.3322577432335985e-05,0.0,0.0,0.0,0.0,0.0,20.000000000001283,20.000000000001283,0.0,0.0
20.42499999994226,2.3000000000093483,6.430037019849986e-07,0.0,850.793750578244,156.99999999999997,0.0,0.0,4.321652094709063e-05,0.0,0.0,0.0,0.0,0.0,20.000000000001283,20.000000000001283,0.0,0.0
20.433333333276074,2.3000000000093483,6.430037019849986e-07,0.0,850.792455674423,156.99999999999997,0.0,0.0,4.3110810357456125e-05,0.0,0.0,0.0,0.0,0.0,20.000000000001272,20.000000000001272,0.0,0.0
20.441666666609894,2.3000000000093483,6.430037019849986e-07,0.0,850.7911639367316,156.99999999999997,0.0,0.0,4.300544425444391e-05,0.0,0.0,0.0,0.0,0.0,20.000000000001297,20.000000000001297,0.0,0.0
20.449999999943714,2.3000000000093483,6.430037019849986e-07,0.0,850.7898753548563,156.99999999999997,0.0,0.0,4.2900421235930874e-05,0.0,0.0,0.0,0.0,0.0,20.000000000001286,20.000000000001286,0.0,0.0
20.45833333327753,2.3000000000093483,6.430037019849986e-07,0.0,850.7885899185258,156.99999999999997,0.0,0.0,4.279573990666953e-05,0.0,0.0,0.0,0.0,0.0,20.00000000000128,20.00000000000128,0.0,0.0
20.46666666661135,2.3000000000093483,6.430037019849986e-07,0.0,850.7873076175099,156.99999999999997,0.0,0.0,4.269139887816806e-05,0.0,0.0,0.0,0.0,0.0,20.000000000001258,20.000000000001258,0.0,0.0
20.47499999994517,2.3000000000093483,6.430037019849986e-07,0.0,850.7860284416209,156.99999999999997,0.0,0.0,4.2587396768733344e-05,0.0,0.0,0.0,0.0,0.0,20.00000000000124,20.00000000000124,0.0,0.0
20.483333333278985,2.300000000009348,6.430037019849986e-07,0.0,850.7847523807118,156.99999999999997,0.0,0.0,4.248373220341641e-05,0.0,0.0,0.0,0.0,0.0,20.00000000000122,20.00000000000122,0.0,0.0
20.491666666612804,2.300000000009348,6.430037019849986e-07,0.0,850.7834794246767,156.99999999999997,0.0,0.0,4.2380403813860745e-05,0.0,0.0,0.0,0.0,0.0,20.00000000000124,20.00000000000124,0.0,0.0
20.499999999946624,2.300000000009348,6.430037019849986e-07,0.0,850.7822095634508,156.99999999999997,0.0,0.0,4.2277410238507866e-05,0.0,0.0,0.0,0.0,0.0,20.000000000001243,20.000000000001243,0.0,0.0
20.50833333328044,2.300000000009348,6.430037019849986e-07,0.0,850.7809427870104,156.99999999999997,0.0,0.0,4.2174750122316075e-05,0.0,0.0,0.0,0.0,0.0,20.000000000001236,20.000000000001236,0.0,0.0
20.51666666661426,2.300000000009348,6.430037019849986e-07,0.0,850.7796790853718,156.99999999999997,0.0,0.0,4.207242211680417e-05,0.0,0.0,0.0,0.0,0.0,20.00000000000121,20.00000000000121,0.0,0.0
20.52499999994808,2.300000000009348,6.430037019849986e-07,0.0,850.778418448592,156.99999999999997,0.0,0.0,4.197042488012717e-05,0.0,0.0,0.0,0.0,0.0,20.000000000001247,20.000000000001247,0.0,0.0
20.533333333281895,2.300000000009348,6.430037019849986e-07,0.0,850.7771608667679,156.99999999999997,0.0,0.0,4.186875707679638e-05,0.0,0.0,0.0,0.0,0.0,20.000000000001233,20.000000000001233,0.0,0.0
20.541666666615715,2.300000000009348,6.430037019849986e-07,0.0,850.7759063300366,156.99999999999997,0.0,0.0,4.176741737791719e-05,0.0,0.0,0.0,0.0,0.0,20.00000000000121,20.00000000000121,0.0,0.0
20.549999999949534,2.300000000009348,6.430037019849986e-07,0.0,850.774654828575,156.99999999999997,0.0,0.0,4.1666404460941875e-05,0.0,0.0,0.0,0.0,0.0,20.00000000000121,20.00000000000121,0.0,0.0
20.55833333328335,2.300000000009348,6.430037019849986e-07,0.0,850.7734063525993,156.99999999999997,0.0,0.0,4.156571700981033e-05,0.0,0.0,0.0,0.0,0.0,20.000000000001215,20.000000000001215,0.0,0.0
20.56666666661717,2.300000000009348,6.430037019849986e-07,0.0,850.7721608923654,156.99999999999997,0.0,0.0,4.146535371467149e-05,0.0,0.0,0.0,0.0,0.0,20.00000000000124,20.00000000000124,0.0,0.0
20.57499999995099,2.300000000009348,6.430037019849986e-07,0.0,850.7709184381681,156.99999999999997,0.0,0.0,4.1365313272153025e-05,0.0,0.0,0.0,0.0,0.0,20.000000000001254,20.000000000001254,0.0,0.0
20.583333333284806,2.300000000009348,6.430037019849986e-07,0.0,850.7696789803415,156.99999999999997,0.0,0.0,4.126559438501884e-05,0.0,0.0,0.0,0.0,0.0,20.000000000001275,20.000000000001275,0.0,0.0
20.591666666618625,2.300000000009348,6.430037019849986e-07,0.0,850.7684425092582,156.99999999999997,0.0,0.0,4.1166195762438566e-05,0.0,0.0,0.0,0.0,0.0,20.000000000001243,20.000000000001243,0.0,0.0
20.599999999952445,2.300000000009348,6.430037019849986e-07,0.0,850.7672090153299,156.99999999999997,0.0,0.0,4.1067116119613835e-05,0.0,0.0,0.0,0.0,0.0,20.000000000001236,20.000000000001236,0.0,0.0
20.60833333328626,2.300000000009348,6.430037019849986e-07,0.0,850.7659784890061,156.99999999999997,0.0,0.0,4.096835417811179e-05,0.0,0.0,0.0,0.0,0.0,20.00000000000121,20.00000000000121,0.0,0.0
20.61666666662008,2.300000000009348,6.430037019849986e-07,0.0,850.7647509207752,156.99999999999997,0.0,0.0,4.086990866549201e-05,0.0,0.0,0.0,0.0,0.0,20.000000000001243,20.000000000001243,0.0,0.0
20.6249999999539,2.3000000000093475,6.430037019849986e-07,0.0,850.7635263011633,156.99999999999997,0.0,0.0,4.077177831554362e-05,0.0,0.0,0.0,0.0,0.0,20.000000000001222,20.000000000001222,0.0,0.0
20.633333333287716,2.3000000000093475,6.430037019849986e-07,0.0,850.7623046207345,156.99999999999997,0.0,0.0,4.067396186800926e-05,0.0,0.0,0.0,0.0,0.0,20.000000000001233,20.000000000001233,0.0,0.0
20.641666666621536,2.3000000000093475,6.430037019849986e-07,0.0,850.7610858700907,156.99999999999997,0.0,0.0,4.0576458068789896e-05,0.0,0.0,0.0,0.0,0.0,20.00000000000124,20.00000000000124,0.0,0.0
20.649999999955355,2.3000000000093475,6.430037019849986e-07,0.0,850.7598700398712,156.99999999999997,0.0,0.0,4.04792656697334e-05,0.0,0.0,0.0,0.0,0.0,20.000000000001254,20.000000000001254,0.0,0.0
20.65833333328917,2.3000000000093475,6.430037019849986e-07,0.0,850.7586571207527,156.99999999999997,0.0,0.0,4.038238342867945e-05,0.0,0.0,0.0,0.0,0.0,20.000000000001247,20.000000000001247,0.0,0.0
20.66666666662299,2.3000000000093475,6.430037019849986e-07,0.0,850.7574471034491,156.99999999999997,0.0,0.0,4.0285810109376525e-05,0.0,0.0,0.0,0.0,0.0,20.000000000001236,20.000000000001236,0.0,0.0
20.67499999995681,2.3000000000093475,6.430037019849986e-07,0.0,850.7562399787112,156.99999999999997,0.0,0.0,4.018954448152689e-05,0.0,0.0,0.0,0.0,0.0,20.000000000001236,20.000000000001236,0.0,0.0
20.683333333290626,2.3000000000093475,6.430037019849986e-07,0.0,850.7550357373267,156.99999999999997,0.0,0.0,4.0093585320672014e-05,0.0,0.0,0.0,0.0,0.0,20.000000000001183,20.000000000001183,0.0,0.0
20.691666666624446,2.3000000000093475,6.430037019849986e-07,0.0,850.7538343701201,156.99999999999997,0.0,0.0,3.9997931408237636e-05,0.0,0.0,0.0,0.0,0.0,20.000000000001176,20.000000000001176,0.0,0.0
20.699999999958266,2.3000000000093475,6.430037019849986e-07,0.0,850.752635867952,156.99999999999997,0.0,0.0,3.9902581531451444e-05,0.0,0.0,0.0,0.0,0.0,20.00000000000119,20.00000000000119,0.0,0.0
20.70833333329208,2.3000000000093475,6.430037019849986e-07,0.0,850.7514402217197,156.99999999999997,0.0,0.0,3.980753448322931e-05,0.0,0.0,0.0,0.0,0.0,20.00000000000118,20.00000000000118,0.0,0.0
20.7166666666259,2.3000000000093475,6.430037019849986e-07,0.0,850.7502474223563,156.99999999999997,0.0,0.0,3.971278906237947e-05,0.0,0.0,0.0,0.0,0.0,20.000000000001165,20.000000000001165,0.0,0.0
20.72499999995972,2.3000000000093475,6.430037019849986e-07,0.0,850.7490574608312,156.99999999999997,0.0,0.0,3.961834407329828e-05,0.0,0.0,0.0,0.0,0.0,20.00000000000113,20.00000000000113,0.0,0.0
20.733333333293537,2.3000000000093475,6.430037019849986e-07,0.0,850.747870328149,156.99999999999997,0.0,0.0,3.9524198326142696e-05,0.0,0.0,0.0,0.0,0.0,20.00000000000113,20.00000000000113,0.0,0.0
20.741666666627356,2.3000000000093475,6.430037019849986e-07,0.0,850.7466860153506,156.99999999999997,0.0,0.0,3.943035063668532e-05,0.0,0.0,0.0,0.0,0.0,20.00000000000113,20.00000000000113,0.0,0.0
20.749999999961176,2.3000000000093475,6.430037019849986e-07,0.0,850.7455045135121,156.99999999999997,0.0,0.0,3.933679982629663e-05,0.0,0.0,0.0,0.0,0.0,20.000000000001116,20.000000000001116,0.0,0.0
20.758333333294992,2.3000000000093475,6.430037019849986e-07,0.0,850.7443258137444,156.99999999999997,0.0,0.0,3.9243544722022084e-05,0.0,0.0,0.0,0.0,0.0,20.000000000001123,20.000000000001123,0.0,0.0
20.76666666662881,2.3000000000093475,6.430037019849986e-07,0.0,850.743149907194,156.99999999999997,0.0,0.0,3.9150584156374656e-05,0.0,0.0,0.0,0.0,0.0,20.00000000000112,20.00000000000112,0.0,0.0
20.77499999996263,2.300000000009347,6.430037019849986e-07,0.0,850.7419767850425,156.99999999999997,0.0,0.0,3.905791696744379e-05,0.0,0.0,0.0,0.0,0.0,20.000000000001144,20.000000000001144,0.0,0.0
20.783333333296447,2.300000000009347,6.430037019849986e-07,0.0,850.7408064385058,156.99999999999997,0.0,0.0,3.896554199875166e-05,0.0,0.0,0.0,0.0,0.0,20.000000000001112,20.000000000001112,0.0,0.0
20.791666666630267,2.300000000009347,6.430037019849986e-07,0.0,850.7396388588348,156.99999999999997,0.0,0.0,3.8873458099362086e-05,0.0,0.0,0.0,0.0,0.0,20.000000000001126,20.000000000001126,0.0,0.0
20.799999999964086,2.300000000009347,6.430037019849986e-07,0.0,850.7384740373145,156.99999999999997,0.0,0.0,3.878166412376859e-05,0.0,0.0,0.0,0.0,0.0,20.00000000000107,20.00000000000107,0.0,0.0
20.808333333297902,2.300000000009347,6.430037019849986e-07,0.0,850.7373119652646,156.99999999999997,0.0,0.0,3.869015893181433e-05,0.0,0.0,0.0,0.0,0.0,20.000000000001066,20.000000000001066,0.0,0.0
20.816666666631722,2.300000000009347,6.430037019849986e-07,0.0,850.7361526340383,156.99999999999997,0.0,0.0,3.8598941388738154e-05,0.0,0.0,0.0,0.0,0.0,20.00000000000105,20.00000000000105,0.0,0.0
20.82499999996554,2.300000000009347,6.430037019849986e-07,0.0,850.7349960350234,156.99999999999997,0.0,0.0,3.850801036515771e-05,0.0,0.0,0.0,0.0,0.0,20.000000000001027,20.000000000001027,0.0,0.0
20.833333333299358,2.300000000009347,6.430037019849986e-07,0.0,850.7338421596412,156.99999999999997,0.0,0.0,3.8417364736989636e-05,0.0,0.0,0.0,0.0,0.0,20.000000000001062,20.000000000001062,0.0,0.0
20.841666666633177,2.300000000009347,6.430037019849986e-07,0.0,850.7326909993468,156.99999999999997,0.0,0.0,3.832700338546435e-05,0.0,0.0,0.0,0.0,0.0,20.00000000000106,20.00000000000106,0.0,0.0
20.849999999966997,2.300000000009347,6.430037019849986e-07,0.0,850.7315425456285,156.99999999999997,0.0,0.0,3.823692519695264e-05,0.0,0.0,0.0,0.0,0.0,20.000000000001034,20.000000000001034,0.0,0.0
20.858333333300813,2.300000000009347,6.430037019849986e-07,0.0,850.7303967900082,156.99999999999997,0.0,0.0,3.8147129063262796e-05,0.0,0.0,0.0,0.0,0.0,20.000000000001013,20.000000000001013,0.0,0.0
20.866666666634632,2.300000000009347,6.430037019849986e-07,0.0,850.7292537240407,156.99999999999997,0.0,0.0,3.805761388118535e-05,0.0,0.0,0.0,0.0,0.0,20.000000000001016,20.000000000001016,0.0,0.0
20.874999999968452,2.300000000009347,6.430037019849986e-07,0.0,850.7281133393142,156.99999999999997,0.0,0.0,3.796837855285282e-05,0.0,0.0,0.0,0.0,0.0,20.000000000001044,20.000000000001044,0.0,0.0
20.883333333302268,2.300000000009347,6.430037019849986e-07,0.0,850.7269756274495,156.99999999999997,0.0,0.0,3.787942198544172e-05,0.0,0.0,0.0,0.0,0.0,20.000000000001034,20.000000000001034,0.0,0.0
20.891666666636088,2.300000000009347,6.430037019849986e-07,0.0,850.7258405801001,156.99999999999997,0.0,0.0,3.779074309128173e-05,0.0,0.0,0.0,0.0,0.0,20.000000000001027,20.000000000001027,0.0,0.0
20.899999999969907,2.300000000009347,6.430037019849986e-07,0.0,850.7247081889521,156.99999999999997,0.0,0.0,3.7702340787808345e-05,0.0,0.0,0.0,0.0,0.0,20.00000000000104,20.00000000000104,0.0,0.0
20.908333333303723,2.300000000009347,6.430037019849986e-07,0.0,850.7235784457241,156.99999999999997,0.0,0.0,3.761421399748468e-05,0.0,0.0,0.0,0.0,0.0,20.000000000001048,20.000000000001048,0.0,0.0
20.916666666637543,2.300000000009347,6.430037019849986e-07,0.0,850.7224513421668,156.99999999999997,0.0,0.0,3.7526361647847987e-05,0.0,0.0,0.0,0.0,0.0,20.000000000001037,20.000000000001037,0.0,0.0
20.924999999971362,2.3000000000093466,6.430037019849986e-07,0.0,850.7213268700631,156.99999999999997,0.0,0.0,3.743878267136944e-05,0.0,0.0,0.0,0.0,0.0,20.00000000000109,20.00000000000109,0.0,0.0
20.93333333330518,2.3000000000093466,6.430037019849986e-07,0.0,850.7202050212277,156.99999999999997,0.0,0.0,3.735147600556316e-05,0.0,0.0,0.0,0.0,0.0,20.00000000000108,20.00000000000108,0.0,0.0
20.941666666638998,2.3000000000093466,6.430037019849986e-07,0.0,850.7190857875073,156.99999999999997,0.0,0.0,3.726444059287723e-05,0.0,0.0,0.0,0.0,0.0,20.000000000001044,20.000000000001044,0.0,0.0
20.949999999972817,2.3000000000093466,6.430037019849986e-07,0.0,850.7179691607802,156.99999999999997,0.0,0.0,3.717767538067846e-05,0.0,0.0,0.0,0.0,0.0,20.00000000000104,20.00000000000104,0.0,0.0
20.958333333306634,2.3000000000093466,6.430037019849986e-07,0.0,850.716855132956,156.99999999999997,0.0,0.0,3.709117932123702e-05,0.0,0.0,0.0,0.0,0.0,20.00000000000104,20.00000000000104,0.0,0.0
20.966666666640453,2.3000000000093466,6.430037019849986e-07,0.0,850.715743695976,156.99999999999997,0.0,0.0,3.700495137171126e-05,0.0,0.0,0.0,0.0,0.0,20.000000000001027,20.000000000001027,0.0,0.0
20.974999999974273,2.3000000000093466,6.430037019849986e-07,0.0,850.7146348418124,156.99999999999997,0.0,0.0,3.691899049407061e-05,0.0,0.0,0.0,0.0,0.0,20.000000000001002,20.000000000001002,0.0,0.0
20.98333333330809,2.3000000000093466,6.430037019849986e-07,0.0,850.7135285624688,156.99999999999997,0.0,0.0,3.6833295655111576e-05,0.0,0.0,0.0,0.0,0.0,20.00000000000104,20.00000000000104,0.0,0.0
20.99166666664191,2.3000000000093466,6.430037019849986e-07,0.0,850.7124248499792,156.99999999999997,0.0,0.0,3.674786582644287e-05,0.0,0.0,0.0,0.0,0.0,20.000000000001066,20.000000000001066,0.0,0.0
20.999999999975728,2.3000000000093466,6.430037019849986e-07,0.0,850.7113236964091,156.99999999999997,0.0,0.0,3.666269998443952e-05,0.0,0.0,0.0,0.0,0.0,20.000000000001066,20.000000000001066,0.0,0.0
21.008333333309544,2.3000000000093466,6.430037019849986e-07,0.0,850.710225093854,156.99999999999997,0.0,0.0,3.657779711019732e-05,0.0,0.0,0.0,0.0,0.0,20.00000000000109,20.00000000000109,0.0,0.0
21.016666666643363,2.3000000000093466,6.430037019849986e-07,0.0,850.7091290344401,156.99999999999997,0.0,0.0,3.6493156189518226e-05,0.0,0.0,0.0,0.0,0.0,20.000000000001098,20.000000000001098,0.0,0.0
21.024999999977183,2.3000000000093466,6.430037019849986e-07,0.0,850.7080355103242,156.99999999999997,0.0,0.0,3.6408776212957504e-05,0.0,0.0,0.0,0.0,0.0,20.000000000001087,20.000000000001087,0.0,0.0
21.033333333311,2.3000000000093466,6.430037019849986e-07,0.0,850.7069445136929,156.99999999999997,0.0,0.0,3.632465617562417e-05,0.0,0.0,0.0,0.0,0.0,20.00000000000109,20.00000000000109,0.0,0.0
21.04166666664482,2.3000000000093466,6.430037019849986e-07,0.0,850.7058560367632,156.99999999999997,0.0,0.0,3.6240795077413316e-05,0.0,0.0,0.0,0.0,0.0,20.000000000001073,20.000000000001073,0.0,0.0
21.04999999997864,2.3000000000093466,6.430037019849986e-07,0.0,850.704770071782,156.99999999999997,0.0,0.0,3.615719192268365e-05,0.0,0.0,0.0,0.0,0.0,20.00000000000108,20.00000000000108,0.0,0.0
21.058333333312454,2.3000000000093466,6.430037019849986e-07,0.0,850.7036866110259,156.99999999999997,0.0,0.0,3.6073845720489765e-05,0.0,0.0,0.0,0.0,0.0,20.000000000001084,20.000000000001084,0.0,0.0
21.066666666646274,2.3000000000093466,6.430037019849986e-07,0.0,850.702605646801,156.99999999999997,0.0,0.0,3.599075548441406e-05,0.0,0.0,0.0,0.0,0.0,20.00000000000109,20.00000000000109,0.0,0.0
21.074999999980093,2.3000000000093466,6.430037019849986e-07,0.0,850.7015271714431,156.99999999999997,0.0,0.0,3.5907920232583535e-05,0.0,0.0,0.0,0.0,0.0,20.000000000001123,20.000000000001123,0.0,0.0
21.08333333331391,2.3000000000093466,6.430037019849986e-07,0.0,850.7004511773177,156.99999999999997,0.0,0.0,3.5825338987625164e-05,0.0,0.0,0.0,0.0,0.0,20.000000000001126,20.000000000001126,0.0,0.0
21.09166666664773,2.300000000009346,6.430037019849986e-07,0.0,850.699377656819,156.99999999999997,0.0,0.0,3.574301077668276e-05,0.0,0.0,0.0,0.0,0.0,20.00000000000111,20.00000000000111,0.0,0.0
21.09999999998155,2.300000000009346,6.430037019849986e-07,0.0,850.6983066023706,156.99999999999997,0.0,0.0,3.566093463134185e-05,0.0,0.0,0.0,0.0,0.0,20.000000000001116,20.000000000001116,0.0,0.0
21.108333333315365,2.300000000009346,6.430037019849986e-07,0.0,850.6972380064252,156.99999999999997,0.0,0.0,3.557910958767729e-05,0.0,0.0,0.0,0.0,0.0,20.000000000001112,20.000000000001112,0.0,0.0
21.116666666649184,2.300000000009346,6.430037019849986e-07,0.0,850.696171861464,156.99999999999997,0.0,0.0,3.549753468614778e-05,0.0,0.0,0.0,0.0,0.0,20.000000000001148,20.000000000001148,0.0,0.0
21.124999999983004,2.300000000009346,6.430037019849986e-07,0.0,850.6951081599972,156.99999999999997,0.0,0.0,3.5416208971582444e-05,0.0,0.0,0.0,0.0,0.0,20.000000000001123,20.000000000001123,0.0,0.0
21.13333333331682,2.300000000009346,6.430037019849986e-07,0.0,850.6940468945635,156.99999999999997,0.0,0.0,3.533513149325914e-05,0.0,0.0,0.0,0.0,0.0,20.000000000001116,20.000000000001116,0.0,0.0
21.14166666665064,2.300000000009346,6.430037019849986e-07,0.0,850.69298805773,156.99999999999997,0.0,0.0,3.5254301304768704e-05,0.0,0.0,0.0,0.0,0.0,20.000000000001126,20.000000000001126,0.0,0.0
21.14999999998446,2.300000000009346,6.430037019849986e-07,0.0,850.6919316420924,156.99999999999997,0.0,0.0,3.5173717463971457e-05,0.0,0.0,0.0,0.0,0.0,20.00000000000112,20.00000000000112,0.0,0.0
21.158333333318275,2.300000000009346,6.430037019849986e-07,0.0,850.6908776402743,156.99999999999997,0.0,0.0,3.509337903310594e-05,0.0,0.0,0.0,0.0,0.0,20.000000000001144,20.000000000001144,0.0,0.0
21.166666666652095,2.300000000009346,6.430037019849986e-07,0.0,850.6898260449273,156.99999999999997,0.0,0.0,3.501328507868428e-05,0.0,0.0,0.0,0.0,0.0,20.000000000001172,20.000000000001172,0.0,0.0
21.174999999985914,2.300000000009346,6.430037019849986e-07,0.0,850.6887768487312,156.99999999999997,0.0,0.0,3.4933434671479195e-05,0.0,0.0,0.0,0.0,0.0,20.00000000000118,20.00000000000118,0.0,0.0
21.18333333331973,2.300000000009346,6.430037019849986e-07,0.0,850.6877300443937,156.99999999999997,0.0,0.0,3.485382688641981e-05,0.0,0.0,0.0,0.0,0.0,20.000000000001208,20.000000000001208,0.0,0.0
21.19166666665355,2.300000000009346,6.430037019849986e-07,0.0,850.6866856246497,156.99999999999997,0.0,0.0,3.477446080273095e-05,0.0,0.0,0.0,0.0,0.0,20.000000000001275,20.000000000001275,0.0,0.0
21.19999999998737,2.300000000009346,6.430037019849986e-07,0.0,850.6856435822622,156.99999999999997,0.0,0.0,3.469533550382898e-05,0.0,0.0,0.0,0.0,0.0,20.00000000000128,20.00000000000128,0.0,0.0
21.208333333321185,2.300000000009346,6.430037019849986e-07,0.0,850.6846039100212,156.99999999999997,0.0,0.0,3.461645007727878e-05,0.0,0.0,0.0,0.0,0.0,20.000000000001258,20.000000000001258,0.0,0.0
21.216666666655005,2.300000000009346,6.430037019849986e-07,0.0,850.6835666007445,156.99999999999997,0.0,0.0,3.453780361472057e-05,0.0,0.0,0.0,0.0,0.0,20.000000000001283,20.000000000001283,0.0,0.0
21.224999999988825,2.300000000009346,6.430037019849986e-07,0.0,850.6825316472765,156.99999999999997,0.0,0.0,3.4459395212069515e-05,0.0,0.0,0.0,0.0,0.0,20.00000000000131,20.00000000000131,0.0,0.0
21.23333333332264,2.300000000009346,6.430037019849986e-07,0.0,850.6814990424891,156.99999999999997,0.0,0.0,3.4381223969200196e-05,0.0,0.0,0.0,0.0,0.0,20.000000000001325,20.000000000001325,0.0,0.0
21.24166666665646,2.300000000009346,6.430037019849986e-07,0.0,850.680468779281,156.99999999999997,0.0,0.0,3.430328899017651e-05,0.0,0.0,0.0,0.0,0.0,20.000000000001368,20.000000000001368,0.0,0.0
21.24999999999028,2.300000000009346,6.430037019849986e-07,0.0,850.6794408505777,156.99999999999997,0.0,0.0,3.422558938299733e-05,0.0,0.0,0.0,0.0,0.0,20.00000000000133,20.00000000000133,0.0,0.0
21.258333333324096,2.3000000000093457,6.430037019849986e-07,0.0,850.6784152493315,156.99999999999997,0.0,0.0,3.414812425985629e-05,0.0,0.0,0.0,0.0,0.0,20.000000000001336,20.000000000001336,0.0,0.0
21.266666666657915,2.3000000000093457,6.430037019849986e-07,0.0,850.677391968521,156.99999999999997,0.0,0.0,3.4070892736797305e-05,0.0,0.0,0.0,0.0,0.0,20.00000000000133,20.00000000000133,0.0,0.0
21.274999999991735,2.3000000000093457,6.430037019849986e-07,0.0,850.6763710011516,156.99999999999997,0.0,0.0,3.39938939340044e-05,0.0,0.0,0.0,0.0,0.0,20.000000000001364,20.000000000001364,0.0,0.0
21.28333333332555,2.3000000000093457,6.430037019849986e-07,0.0,850.6753523402547,156.99999999999997,0.0,0.0,3.391712697554825e-05,0.0,0.0,0.0,0.0,0.0,20.00000000000136,20.00000000000136,0.0,0.0
21.29166666665937,2.3000000000093457,6.430037019849986e-07,0.0,850.6743359788884,156.99999999999997,0.0,0.0,3.3840590989494845e-05,0.0,0.0,0.0,0.0,0.0,20.000000000001393,20.000000000001393,0.0,0.0
21.29999999999319,2.3000000000093457,6.430037019849986e-07,0.0,850.6733219101363,156.99999999999997,0.0,0.0,3.376428510780328e-05,0.0,0.0,0.0,0.0,0.0,20.000000000001382,20.000000000001382,0.0,0.0
21.308333333327006,2.3000000000093457,6.430037019849986e-07,0.0,850.6723101271086,156.99999999999997,0.0,0.0,3.3688208466344115e-05,0.0,0.0,0.0,0.0,0.0,20.00000000000138,20.00000000000138,0.0,0.0
21.316666666660826,2.3000000000093457,6.430037019849986e-07,0.0,850.6713006229409,156.99999999999997,0.0,0.0,3.361236020494762e-05,0.0,0.0,0.0,0.0,0.0,20.000000000001343,20.000000000001343,0.0,0.0
21.324999999994645,2.3000000000093457,6.430037019849986e-07,0.0,850.6702933907945,156.99999999999997,0.0,0.0,3.3536739467241846e-05,0.0,0.0,0.0,0.0,0.0,20.00000000000134,20.00000000000134,0.0,0.0
21.33333333332846,2.3000000000093457,6.430037019849986e-07,0.0,850.6692884238569,156.99999999999997,0.0,0.0,3.346134540076124e-05,0.0,0.0,0.0,0.0,0.0,20.00000000000133,20.00000000000133,0.0,0.0
21.34166666666228,2.3000000000093457,6.430037019849986e-07,0.0,850.6682857153404,156.99999999999997,0.0,0.0,3.3386177156785046e-05,0.0,0.0,0.0,0.0,0.0,20.000000000001332,20.000000000001332,0.0,0.0
21.3499999999961,2.3000000000093457,6.430037019849986e-07,0.0,850.6672852584832,156.99999999999997,0.0,0.0,3.3311233890505765e-05,0.0,0.0,0.0,0.0,0.0,20.00000000000134,20.00000000000134,0.0,0.0
21.358333333329917,2.3000000000093457,6.430037019849986e-07,0.0,850.6662870465486,156.99999999999997,0.0,0.0,3.3236514760808027e-05,0.0,0.0,0.0,0.0,0.0,20.000000000001343,20.000000000001343,0.0,0.0
21.366666666663736,2.3000000000093457,6.430037019849986e-07,0.0,850.6652910728253,156.99999999999997,0.0,0.0,3.3162018930466744e-05,0.0,0.0,0.0,0.0,0.0,20.00000000000134,20.00000000000134,0.0,0.0
21.374999999997556,2.3000000000093457,6.430037019849986e-07,0.0,850.6642973306266,156.99999999999997,0.0,0.0,3.308774556586669e-05,0.0,0.0,0.0,0.0,0.0,20.00000000000135,20.00000000000135,0.0,0.0
21.38333333333137,2.3000000000093457,6.430037019849986e-07,0.0,850.6633058132912,156.99999999999997,0.0,0.0,3.301369383726036e-05,0.0,0.0,0.0,0.0,0.0,20.00000000000136,20.00000000000136,0.0,0.0
21.39166666666519,2.3000000000093457,6.430037019849986e-07,0.0,850.6623165141825,156.99999999999997,0.0,0.0,3.293986291848793e-05,0.0,0.0,0.0,0.0,0.0,20.00000000000131,20.00000000000131,0.0,0.0
21.39999999999901,2.3000000000093457,6.430037019849986e-07,0.0,850.6613294266883,156.99999999999997,0.0,0.0,3.286625198714546e-05,0.0,0.0,0.0,0.0,0.0,20.00000000000131,20.00000000000131,0.0,0.0
21.408333333332827,2.3000000000093457,6.430037019849986e-07,0.0,850.6603445442216,156.99999999999997,0.0,0.0,3.2792860224543846e-05,0.0,0.0,0.0,0.0,0.0,20.00000000000132,20.00000000000132,0.0,0.0
21.416666666666647,2.3000000000093457,6.430037019849986e-07,0.0,850.6593618602196,156.99999999999997,0.0,0.0,3.271968681554899e-05,0.0,0.0,0.0,0.0,0.0,20.00000000000132,20.00000000000132,0.0,0.0
21.425000000000466,2.3000000000093457,6.430037019849986e-07,0.0,850.6583813681438,156.99999999999997,0.0,0.0,3.264673094874964e-05,0.0,0.0,0.0,0.0,0.0,20.00000000000131,20.00000000000131,0.0,0.0
21.433333333334282,2.3000000000093457,6.430037019849986e-07,0.0,850.6574030614801,156.99999999999997,0.0,0.0,3.257399181626802e-05,0.0,0.0,0.0,0.0,0.0,20.000000000001307,20.000000000001307,0.0,0.0
21.4416666666681,2.3000000000093452,6.430037019849986e-07,0.0,850.6564269337387,156.99999999999997,0.0,0.0,3.250146861392751e-05,0.0,0.0,0.0,0.0,0.0,20.000000000001325,20.000000000001325,0.0,0.0
21.45000000000192,2.3000000000093452,6.430037019849986e-07,0.0,850.6554529784535,156.99999999999997,0.0,0.0,3.2429160541033894e-05,0.0,0.0,0.0,0.0,0.0,20.000000000001325,20.000000000001325,0.0,0.0
21.458333333335737,2.3000000000093452,6.430037019849986e-07,0.0,850.6544811891829,156.99999999999997,0.0,0.0,3.235706680048371e-05,0.0,0.0,0.0,0.0,0.0,20.000000000001315,20.000000000001315,0.0,0.0
21.466666666669557,2.3000000000093452,6.430037019849986e-07,0.0,850.6535115595087,156.99999999999997,0.0,0.0,3.2285186598753545e-05,0.0,0.0,0.0,0.0,0.0,20.000000000001332,20.000000000001332,0.0,0.0
21.475000000003376,2.3000000000093452,6.430037019849986e-07,0.0,850.6525440830369,156.99999999999997,0.0,0.0,3.221351914577101e-05,0.0,0.0,0.0,0.0,0.0,20.000000000001325,20.000000000001325,0.0,0.0
21.483333333337193,2.3000000000093452,6.430037019849986e-07,0.0,850.6515787533965,156.99999999999997,0.0,0.0,3.214206365505245e-05,0.0,0.0,0.0,0.0,0.0,20.000000000001304,20.000000000001304,0.0,0.0
21.491666666671012,2.3000000000093452,6.430037019849986e-07,0.0,850.6506155642408,156.99999999999997,0.0,0.0,3.2070819343514974e-05,0.0,0.0,0.0,0.0,0.0,20.00000000000128,20.00000000000128,0.0,0.0
21.50000000000483,2.3000000000093452,6.430037019849986e-07,0.0,850.6496545092458,156.99999999999997,0.0,0.0,3.1999785431614045e-05,0.0,0.0,0.0,0.0,0.0,20.00000000000127,20.00000000000127,0.0,0.0
21.508333333338648,2.3000000000093452,6.430037019849986e-07,0.0,850.6486955821115,156.99999999999997,0.0,0.0,3.1928961143215015e-05,0.0,0.0,0.0,0.0,0.0,20.000000000001247,20.000000000001247,0.0,0.0
21.516666666672467,2.3000000000093452,6.430037019849986e-07,0.0,850.6477387765607,156.99999999999997,0.0,0.0,3.185834570564201e-05,0.0,0.0,0.0,0.0,0.0,20.000000000001243,20.000000000001243,0.0,0.0
21.525000000006287,2.3000000000093452,6.430037019849986e-07,0.0,850.6467840863395,156.99999999999997,0.0,0.0,3.178793834960879e-05,0.0,0.0,0.0,0.0,0.0,20.000000000001258,20.000000000001258,0.0,0.0
21.533333333340103,2.3000000000093452,6.430037019849986e-07,0.0,850.6458315052168,156.99999999999997,0.0,0.0,3.171773830926768e-05,0.0,0.0,0.0,0.0,0.0,20.000000000001247,20.000000000001247,0.0,0.0
21.541666666673922,2.3000000000093452,6.430037019849986e-07,0.0,850.6448810269851,156.99999999999997,0.0,0.0,3.164774482208167e-05,0.0,0.0,0.0,0.0,0.0,20.000000000001233,20.000000000001233,0.0,0.0
21.550000000007742,2.3000000000093452,6.430037019849986e-07,0.0,850.6439326454587,156.99999999999997,0.0,0.0,3.157795712896178e-05,0.0,0.0,0.0,0.0,0.0,20.000000000001233,20.000000000001233,0.0,0.0
21.558333333341558,2.3000000000093452,6.430037019849986e-07,0.0,850.6429863544754,156.99999999999997,0.0,0.0,3.150837447408053e-05,0.0,0.0,0.0,0.0,0.0,20.000000000001222,20.000000000001222,0.0,0.0
21.566666666675378,2.3000000000093452,6.430037019849986e-07,0.0,850.6420421478954,156.99999999999997,0.0,0.0,3.1438996105009254e-05,0.0,0.0,0.0,0.0,0.0,20.0000000000012,20.0000000000012,0.0,0.0
21.575000000009197,2.3000000000093452,6.430037019849986e-07,0.0,850.6411000196015,156.99999999999997,0.0,0.0,3.136982127259066e-05,0.0,0.0,0.0,0.0,0.0,20.000000000001197,20.000000000001197,0.0,0.0
21.583333333343013,2.3000000000093452,6.430037019849986e-07,0.0,850.6401599634985,156.99999999999997,0.0,0.0,3.1300849230958594e-05,0.0,0.0,0.0,0.0,0.0,20.00000000000121,20.00000000000121,0.0,0.0
21.591666666676833,2.3000000000093452,6.430037019849986e-07,0.0,850.6392219735142,156.99999999999997,0.0,0.0,3.123207923755772e-05,0.0,0.0,0.0,0.0,0.0,20.000000000001194,20.000000000001194,0.0,0.0
21.600000000010652,2.3000000000093452,6.430037019849986e-07,0.0,850.6382860435981,156.99999999999997,0.0,0.0,3.116351055307517e-05,0.0,0.0,0.0,0.0,0.0,20.000000000001215,20.000000000001215,0.0,0.0
21.60833333334447,2.3000000000093452,6.430037019849986e-07,0.0,850.6373521677222,156.99999999999997,0.0,0.0,3.109514244143115e-05,0.0,0.0,0.0,0.0,0.0,20.000000000001208,20.000000000001208,0.0,0.0
21.616666666678288,2.3000000000093452,6.430037019849986e-07,0.0,850.63642033988,156.99999999999997,0.0,0.0,3.1026974169769406e-05,0.0,0.0,0.0,0.0,0.0,20.000000000001243,20.000000000001243,0.0,0.0
21.625000000012108,2.300000000009345,6.430037019849986e-07,0.0,850.6354905540877,156.99999999999997,0.0,0.0,3.095900500847704e-05,0.0,0.0,0.0,0.0,0.0,20.000000000001183,20.000000000001183,0.0,0.0
21.633333333345924,2.300000000009345,6.430037019849986e-07,0.0,850.6345628043827,156.99999999999997,0.0,0.0,3.0891234231116646e-05,0.0,0.0,0.0,0.0,0.0,20.00000000000122,20.00000000000122,0.0,0.0
21.641666666679743,2.300000000009345,6.430037019849986e-07,0.0,850.6336370848244,156.99999999999997,0.0,0.0,3.0823661114417035e-05,0.0,0.0,0.0,0.0,0.0,20.00000000000122,20.00000000000122,0.0,0.0
21.650000000013563,2.300000000009345,6.430037019849986e-07,0.0,850.6327133894938,156.99999999999997,0.0,0.0,3.0756284938293136e-05,0.0,0.0,0.0,0.0,0.0,20.000000000001222,20.000000000001222,0.0,0.0
21.65833333334738,2.300000000009345,6.430037019849986e-07,0.0,850.6317917124936,156.99999999999997,0.0,0.0,3.068910498577847e-05,0.0,0.0,0.0,0.0,0.0,20.00000000000123,20.00000000000123,0.0,0.0
21.6666666666812,2.300000000009345,6.430037019849986e-07,0.0,850.6308720479478,156.99999999999997,0.0,0.0,3.0622120543045156e-05,0.0,0.0,0.0,0.0,0.0,20.000000000001222,20.000000000001222,0.0,0.0
21.675000000015018,2.300000000009345,6.430037019849986e-07,0.0,850.6299543900018,156.99999999999997,0.0,0.0,3.0555330899394793e-05,0.0,0.0,0.0,0.0,0.0,20.000000000001204,20.000000000001204,0.0,0.0
21.683333333348834,2.300000000009345,6.430037019849986e-07,0.0,850.6290387328222,156.99999999999997,0.0,0.0,3.048873534722025e-05,0.0,0.0,0.0,0.0,0.0,20.000000000001187,20.000000000001187,0.0,0.0
21.691666666682654,2.300000000009345,6.430037019849986e-07,0.0,850.628125070597,156.99999999999997,0.0,0.0,3.042233318199669e-05,0.0,0.0,0.0,0.0,0.0,20.000000000001172,20.000000000001172,0.0,0.0
21.700000000016473,2.300000000009345,6.430037019849986e-07,0.0,850.6272133975349,156.99999999999997,0.0,0.0,3.0356123702243638e-05,0.0,0.0,0.0,0.0,0.0,20.000000000001194,20.000000000001194,0.0,0.0
21.70833333335029,2.300000000009345,6.430037019849986e-07,0.0,850.6263037078663,156.99999999999997,0.0,0.0,3.0290106209574094e-05,0.0,0.0,0.0,0.0,0.0,20.000000000001158,20.000000000001158,0.0,0.0
21.71666666668411,2.300000000009345,6.430037019849986e-07,0.0,850.6253959958417,156.99999999999997,0.0,0.0,3.0224280008569656e-05,0.0,0.0,0.0,0.0,0.0,20.00000000000118,20.00000000000118,0.0,0.0
21.72500000001793,2.300000000009345,6.430037019849986e-07,0.0,850.6244902557328,156.99999999999997,0.0,0.0,3.0158644406945687e-05,0.0,0.0,0.0,0.0,0.0,20.000000000001183,20.000000000001183,0.0,0.0
21.733333333351744,2.300000000009345,6.430037019849986e-07,0.0,850.6235864818323,156.99999999999997,0.0,0.0,3.0093198715281726e-05,0.0,0.0,0.0,0.0,0.0,20.00000000000125,20.00000000000125,0.0,0.0
21.741666666685564,2.300000000009345,6.430037019849986e-07,0.0,850.6226846684528,156.99999999999997,0.0,0.0,3.0027942247244647e-05,0.0,0.0,0.0,0.0,0.0,20.00000000000122,20.00000000000122,0.0,0.0
21.750000000019384,2.300000000009345,6.430037019849986e-07,0.0,850.6217848099282,156.99999999999997,0.0,0.0,2.996287431946405e-05,0.0,0.0,0.0,0.0,0.0,20.00000000000125,20.00000000000125,0.0,0.0
21.7583333333532,2.300000000009345,6.430037019849986e-07,0.0,850.6208869006124,156.99999999999997,0.0,0.0,2.9897994251465973e-05,0.0,0.0,0.0,0.0,0.0,20.00000000000126,20.00000000000126,0.0,0.0
21.76666666668702,2.300000000009345,6.430037019849986e-07,0.0,850.6199909348799,156.99999999999997,0.0,0.0,2.9833301365837664e-05,0.0,0.0,0.0,0.0,0.0,20.000000000001254,20.000000000001254,0.0,0.0
21.77500000002084,2.300000000009345,6.430037019849986e-07,0.0,850.6190969071254,156.99999999999997,0.0,0.0,2.9768794987988065e-05,0.0,0.0,0.0,0.0,0.0,20.00000000000124,20.00000000000124,0.0,0.0
21.783333333354655,2.300000000009345,6.430037019849986e-07,0.0,850.6182048117636,156.99999999999997,0.0,0.0,2.9704474446254916e-05,0.0,0.0,0.0,0.0,0.0,20.000000000001222,20.000000000001222,0.0,0.0
21.791666666688474,2.300000000009345,6.430037019849986e-07,0.0,850.6173146432296,156.99999999999997,0.0,0.0,2.964033907195394e-05,0.0,0.0,0.0,0.0,0.0,20.000000000001215,20.000000000001215,0.0,0.0
21.800000000022294,2.300000000009345,6.430037019849986e-07,0.0,850.6164263959786,156.99999999999997,0.0,0.0,2.9576388199197576e-05,0.0,0.0,0.0,0.0,0.0,20.0000000000012,20.0000000000012,0.0,0.0
21.80833333335611,2.300000000009345,6.430037019849986e-07,0.0,850.6155400644852,156.99999999999997,0.0,0.0,2.9512621165030736e-05,0.0,0.0,0.0,0.0,0.0,20.000000000001187,20.000000000001187,0.0,0.0
21.81666666668993,2.300000000009345,6.430037019849986e-07,0.0,850.6146556432444,156.99999999999997,0.0,0.0,2.9449037309307403e-05,0.0,0.0,0.0,0.0,0.0,20.00000000000117,20.00000000000117,0.0,0.0
21.82500000002375,2.3000000000093443,6.430037019849986e-07,0.0,850.6137731267706,156.99999999999997,0.0,0.0,2.9385635974740048e-05,0.0,0.0,0.0,0.0,0.0,20.000000000001183,20.000000000001183,0.0,0.0
21.833333333357565,2.3000000000093443,6.430037019849986e-07,0.0,850.6128925095983,156.99999999999997,0.0,0.0,2.932241650692002e-05,0.0,0.0,0.0,0.0,0.0,20.000000000001165,20.000000000001165,0.0,0.0
21.841666666691385,2.3000000000093443,6.430037019849986e-07,0.0,850.6120137862811,156.99999999999997,0.0,0.0,2.9259378254166e-05,0.0,0.0,0.0,0.0,0.0,20.000000000001165,20.000000000001165,0.0,0.0
21.850000000025204,2.3000000000093443,6.430037019849986e-07,0.0,850.6111369513922,156.99999999999997,0.0,0.0,2.9196520567630783e-05,0.0,0.0,0.0,0.0,0.0,20.000000000001183,20.000000000001183,0.0,0.0
21.85833333335902,2.3000000000093443,6.430037019849986e-07,0.0,850.6102619995245,156.99999999999997,0.0,0.0,2.91338428012931e-05,0.0,0.0,0.0,0.0,0.0,20.000000000001187,20.000000000001187,0.0,0.0
21.86666666669284,2.3000000000093443,6.430037019849986e-07,0.0,850.6093889252901,156.99999999999997,0.0,0.0,2.907134431189237e-05,0.0,0.0,0.0,0.0,0.0,20.00000000000119,20.00000000000119,0.0,0.0
21.87500000002666,2.3000000000093443,6.430037019849986e-07,0.0,850.6085177233203,156.99999999999997,0.0,0.0,2.900902445883497e-05,0.0,0.0,0.0,0.0,0.0,20.000000000001187,20.000000000001187,0.0,0.0
21.883333333360476,2.3000000000093443,6.430037019849986e-07,0.0,850.6076483882657,156.99999999999997,0.0,0.0,2.8946882604386675e-05,0.0,0.0,0.0,0.0,0.0,20.000000000001208,20.000000000001208,0.0,0.0
21.891666666694295,2.3000000000093443,6.430037019849986e-07,0.0,850.6067809147958,156.99999999999997,0.0,0.0,2.8884918113521654e-05,0.0,0.0,0.0,0.0,0.0,20.00000000000122,20.00000000000122,0.0,0.0
21.900000000028115,2.3000000000093443,6.430037019849986e-07,0.0,850.6059152975992,156.99999999999997,0.0,0.0,2.8823130353857725e-05,0.0,0.0,0.0,0.0,0.0,20.000000000001247,20.000000000001247,0.0,0.0
21.90833333336193,2.3000000000093443,6.430037019849986e-07,0.0,850.6050515313834,156.99999999999997,0.0,0.0,2.8761518695791377e-05,0.0,0.0,0.0,0.0,0.0,20.00000000000126,20.00000000000126,0.0,0.0
21.91666666669575,2.3000000000093443,6.430037019849986e-07,0.0,850.604189610875,156.99999999999997,0.0,0.0,2.8700082512375868e-05,0.0,0.0,0.0,0.0,0.0,20.000000000001265,20.000000000001265,0.0,0.0
21.92500000002957,2.3000000000093443,6.430037019849986e-07,0.0,850.6033295308191,156.99999999999997,0.0,0.0,2.863882117934209e-05,0.0,0.0,0.0,0.0,0.0,20.000000000001258,20.000000000001258,0.0,0.0
21.933333333363386,2.3000000000093443,6.430037019849986e-07,0.0,850.6024712859794,156.99999999999997,0.0,0.0,2.857773407511948e-05,0.0,0.0,0.0,0.0,0.0,20.000000000001243,20.000000000001243,0.0,0.0
21.941666666697206,2.3000000000093443,6.430037019849986e-07,0.0,850.6016148711385,156.99999999999997,0.0,0.0,2.8516820580742945e-05,0.0,0.0,0.0,0.0,0.0,20.00000000000123,20.00000000000123,0.0,0.0
21.950000000031025,2.3000000000093443,6.430037019849986e-07,0.0,850.6007602810973,156.99999999999997,0.0,0.0,2.8456080079873983e-05,0.0,0.0,0.0,0.0,0.0,20.000000000001204,20.000000000001204,0.0,0.0
21.95833333336484,2.3000000000093443,6.430037019849986e-07,0.0,850.5999075106754,156.99999999999997,0.0,0.0,2.8395511958878284e-05,0.0,0.0,0.0,0.0,0.0,20.00000000000119,20.00000000000119,0.0,0.0
21.96666666669866,2.3000000000093443,6.430037019849986e-07,0.0,850.5990565547104,156.99999999999997,0.0,0.0,2.83351156066479e-05,0.0,0.0,0.0,0.0,0.0,20.000000000001172,20.000000000001172,0.0,0.0
21.97500000003248,2.3000000000093443,6.430037019849986e-07,0.0,850.5982074080584,156.99999999999997,0.0,0.0,2.8274890414679123e-05,0.0,0.0,0.0,0.0,0.0,20.000000000001165,20.000000000001165,0.0,0.0
21.983333333366296,2.3000000000093443,6.430037019849986e-07,0.0,850.5973600655939,156.99999999999997,0.0,0.0,2.821483577709342e-05,0.0,0.0,0.0,0.0,0.0,20.00000000000117,20.00000000000117,0.0,0.0
21.991666666700116,2.3000000000093443,6.430037019849986e-07,0.0,850.5965145222092,156.99999999999997,0.0,0.0,2.815495109060166e-05,0.0,0.0,0.0,0.0,0.0,20.00000000000123,20.00000000000123,0.0,0.0
22.000000000033936,2.3000000000093443,6.430037019849986e-07,0.0,850.5956707728149,156.99999999999997,0.0,0.0,2.809523575438366e-05,0.0,0.0,0.0,0.0,0.0,20.00000000000123,20.00000000000123,0.0,0.0
22.00833333336775,2.3000000000093443,6.430037019849986e-07,0.0,850.5948288123395,156.99999999999997,0.0,0.0,2.80356891702791e-05,0.0,0.0,0.0,0.0,0.0,20.00000000000122,20.00000000000122,0.0,0.0
22.01666666670157,2.3000000000093443,6.430037019849986e-07,0.0,850.5939886357294,156.99999999999997,0.0,0.0,2.7976310742525723e-05,0.0,0.0,0.0,0.0,0.0,20.000000000001247,20.000000000001247,0.0,0.0
22.02500000003539,2.300000000009344,6.430037019849986e-07,0.0,850.5931502379487,156.99999999999997,0.0,0.0,2.7917099878034883e-05,0.0,0.0,0.0,0.0,0.0,20.00000000000126,20.00000000000126,0.0,0.0
22.033333333369207,2.300000000009344,6.430037019849986e-07,0.0,850.5923136139797,156.99999999999997,0.0,0.0,2.7858055986130076e-05,0.0,0.0,0.0,0.0,0.0,20.000000000001243,20.000000000001243,0.0,0.0
22.041666666703026,2.300000000009344,6.430037019849986e-07,0.0,850.5914787588218,156.99999999999997,0.0,0.0,2.7799178478652938e-05,0.0,0.0,0.0,0.0,0.0,20.00000000000125,20.00000000000125,0.0,0.0
22.050000000036846,2.300000000009344,6.430037019849986e-07,0.0,850.5906456674925,156.99999999999997,0.0,0.0,2.7740466769927958e-05,0.0,0.0,0.0,0.0,0.0,20.00000000000125,20.00000000000125,0.0,0.0
22.058333333370662,2.300000000009344,6.430037019849986e-07,0.0,850.5898143350264,156.99999999999997,0.0,0.0,2.768192027672734e-05,0.0,0.0,0.0,0.0,0.0,20.00000000000127,20.00000000000127,0.0,0.0
22.06666666670448,2.300000000009344,6.430037019849986e-07,0.0,850.588984756476,156.99999999999997,0.0,0.0,2.762353841834848e-05,0.0,0.0,0.0,0.0,0.0,20.000000000001265,20.000000000001265,0.0,0.0
22.0750000000383,2.300000000009344,6.430037019849986e-07,0.0,850.5881569269106,156.99999999999997,0.0,0.0,2.756532061652257e-05,0.0,0.0,0.0,0.0,0.0,20.000000000001293,20.000000000001293,0.0,0.0
22.083333333372117,2.300000000009344,6.430037019849986e-07,0.0,850.5873308414177,156.99999999999997,0.0,0.0,2.7507266295323455e-05,0.0,0.0,0.0,0.0,0.0,20.000000000001272,20.000000000001272,0.0,0.0
22.091666666705937,2.300000000009344,6.430037019849986e-07,0.0,850.5865064951012,156.99999999999997,0.0,0.0,2.744937488135756e-05,0.0,0.0,0.0,0.0,0.0,20.00000000000128,20.00000000000128,0.0,0.0
22.100000000039756,2.300000000009344,6.430037019849986e-07,0.0,850.5856838830825,156.99999999999997,0.0,0.0,2.7391645803616525e-05,0.0,0.0,0.0,0.0,0.0,20.000000000001346,20.000000000001346,0.0,0.0
22.108333333373572,2.300000000009344,6.430037019849986e-07,0.0,850.5848630005,156.99999999999997,0.0,0.0,2.7334078493442495e-05,0.0,0.0,0.0,0.0,0.0,20.000000000001364,20.000000000001364,0.0,0.0
22.116666666707392,2.300000000009344,6.430037019849986e-07,0.0,850.5840438425096,156.99999999999997,0.0,0.0,2.7276672384661557e-05,0.0,0.0,0.0,0.0,0.0,20.00000000000132,20.00000000000132,0.0,0.0
22.12500000004121,2.300000000009344,6.430037019849986e-07,0.0,850.5832264042832,156.99999999999997,0.0,0.0,2.7219426913352873e-05,0.0,0.0,0.0,0.0,0.0,20.000000000001318,20.000000000001318,0.0,0.0
22.133333333375028,2.300000000009344,6.430037019849986e-07,0.0,850.5824106810105,156.99999999999997,0.0,0.0,2.7162341518066162e-05,0.0,0.0,0.0,0.0,0.0,20.00000000000128,20.00000000000128,0.0,0.0
22.141666666708847,2.300000000009344,6.430037019849986e-07,0.0,850.5815966678975,156.99999999999997,0.0,0.0,2.7105415639619106e-05,0.0,0.0,0.0,0.0,0.0,20.00000000000129,20.00000000000129,0.0,0.0
22.150000000042667,2.300000000009344,6.430037019849986e-07,0.0,850.5807843601672,156.99999999999997,0.0,0.0,2.7048648721286524e-05,0.0,0.0,0.0,0.0,0.0,20.000000000001318,20.000000000001318,0.0,0.0
22.158333333376483,2.300000000009344,6.430037019849986e-07,0.0,850.579973753059,156.99999999999997,0.0,0.0,2.6992040208570223e-05,0.0,0.0,0.0,0.0,0.0,20.000000000001304,20.000000000001304,0.0,0.0
22.166666666710302,2.300000000009344,6.430037019849986e-07,0.0,850.5791648418291,156.99999999999997,0.0,0.0,2.693558954930436e-05,0.0,0.0,0.0,0.0,0.0,20.000000000001336,20.000000000001336,0.0,0.0
22.175000000044122,2.300000000009344,6.430037019849986e-07,0.0,850.5783576217502,156.99999999999997,0.0,0.0,2.6879296193676802e-05,0.0,0.0,0.0,0.0,0.0,20.000000000001293,20.000000000001293,0.0,0.0
22.183333333377938,2.300000000009344,6.430037019849986e-07,0.0,850.5775520881114,156.99999999999997,0.0,0.0,2.6823159594138998e-05,0.0,0.0,0.0,0.0,0.0,20.000000000001315,20.000000000001315,0.0,0.0
22.191666666711757,2.300000000009344,6.430037019849986e-07,0.0,850.5767482362182,156.99999999999997,0.0,0.0,2.676717920545535e-05,0.0,0.0,0.0,0.0,0.0,20.000000000001286,20.000000000001286,0.0,0.0
22.200000000045577,2.300000000009344,6.430037019849986e-07,0.0,850.5759460613926,156.99999999999997,0.0,0.0,2.6711354484613327e-05,0.0,0.0,0.0,0.0,0.0,20.000000000001286,20.000000000001286,0.0,0.0
22.208333333379393,2.300000000009344,6.430037019849986e-07,0.0,850.5751455589726,156.99999999999997,0.0,0.0,2.6655684890900674e-05,0.0,0.0,0.0,0.0,0.0,20.00000000000129,20.00000000000129,0.0,0.0
22.216666666713213,2.300000000009344,6.430037019849986e-07,0.0,850.5743467243125,156.99999999999997,0.0,0.0,2.6600169885871236e-05,0.0,0.0,0.0,0.0,0.0,20.00000000000131,20.00000000000131,0.0,0.0
22.225000000047032,2.300000000009344,6.430037019849986e-07,0.0,850.5735495527827,156.99999999999997,0.0,0.0,2.6544808933283143e-05,0.0,0.0,0.0,0.0,0.0,20.00000000000132,20.00000000000132,0.0,0.0
22.23333333338085,2.300000000009344,6.430037019849986e-07,0.0,850.5727540397697,156.99999999999997,0.0,0.0,2.6489601499175914e-05,0.0,0.0,0.0,0.0,0.0,20.00000000000132,20.00000000000132,0.0,0.0
22.241666666714668,2.300000000009344,6.430037019849986e-07,0.0,850.571960180676,156.99999999999997,0.0,0.0,2.6434547051725528e-05,0.0,0.0,0.0,0.0,0.0,20.000000000001325,20.000000000001325,0.0,0.0
22.250000000048487,2.3000000000093435,6.430037019849986e-07,0.0,850.5711679709199,156.99999999999997,0.0,0.0,2.637964506140471e-05,0.0,0.0,0.0,0.0,0.0,20.000000000001336,20.000000000001336,0.0,0.0
22.258333333382303,2.3000000000093435,6.430037019849986e-07,0.0,850.5703774059356,156.99999999999997,0.0,0.0,2.6324895000810488e-05,0.0,0.0,0.0,0.0,0.0,20.000000000001332,20.000000000001332,0.0,0.0
22.266666666716123,2.3000000000093435,6.430037019849986e-07,0.0,850.5695884811732,156.99999999999997,0.0,0.0,2.6270296344796603e-05,0.0,0.0,0.0,0.0,0.0,20.00000000000136,20.00000000000136,0.0,0.0
22.275000000049943,2.3000000000093435,6.430037019849986e-07,0.0,850.5688011920984,156.99999999999997,0.0,0.0,2.6215848570356694e-05,0.0,0.0,0.0,0.0,0.0,20.00000000000137,20.00000000000137,0.0,0.0
22.28333333338376,2.3000000000093435,6.430037019849986e-07,0.0,850.5680155341927,156.99999999999997,0.0,0.0,2.6161551156646028e-05,0.0,0.0,0.0,0.0,0.0,20.000000000001368,20.000000000001368,0.0,0.0
22.29166666671758,2.3000000000093435,6.430037019849986e-07,0.0,850.5672315029528,156.99999999999997,0.0,0.0,2.6107403585003107e-05,0.0,0.0,0.0,0.0,0.0,20.00000000000143,20.00000000000143,0.0,0.0
22.300000000051398,2.3000000000093435,6.430037019849986e-07,0.0,850.5664490938916,156.99999999999997,0.0,0.0,2.605340533886092e-05,0.0,0.0,0.0,0.0,0.0,20.00000000000144,20.00000000000144,0.0,0.0
22.308333333385214,2.3000000000093435,6.430037019849986e-07,0.0,850.5656683025368,156.99999999999997,0.0,0.0,2.5999555903851407e-05,0.0,0.0,0.0,0.0,0.0,20.000000000001442,20.000000000001442,0.0,0.0
22.316666666719033,2.3000000000093435,6.430037019849986e-07,0.0,850.5648891244318,156.99999999999997,0.0,0.0,2.59458547676892e-05,0.0,0.0,0.0,0.0,0.0,20.000000000001425,20.000000000001425,0.0,0.0
22.325000000052853,2.3000000000093435,6.430037019849986e-07,0.0,850.5641115551355,156.99999999999997,0.0,0.0,2.589230142022095e-05,0.0,0.0,0.0,0.0,0.0,20.00000000000141,20.00000000000141,0.0,0.0
22.33333333338667,2.3000000000093435,6.430037019849986e-07,0.0,850.5633355902219,156.99999999999997,0.0,0.0,2.5838895353364474e-05,0.0,0.0,0.0,0.0,0.0,20.000000000001425,20.000000000001425,0.0,0.0
22.34166666672049,2.3000000000093435,6.430037019849986e-07,0.0,850.5625612252799,156.99999999999997,0.0,0.0,2.5785636061185463e-05,0.0,0.0,0.0,0.0,0.0,20.00000000000145,20.00000000000145,0.0,0.0
22.350000000054308,2.3000000000093435,6.430037019849986e-07,0.0,850.561788455914,156.99999999999997,0.0,0.0,2.5732523039809218e-05,0.0,0.0,0.0,0.0,0.0,20.00000000000149,20.00000000000149,0.0,0.0
22.358333333388124,2.3000000000093435,6.430037019849986e-07,0.0,850.5610172777438,156.99999999999997,0.0,0.0,2.567955578741496e-05,0.0,0.0,0.0,0.0,0.0,20.000000000001478,20.000000000001478,0.0,0.0
22.366666666721944,2.3000000000093435,6.430037019849986e-07,0.0,850.5602476864035,156.99999999999997,0.0,0.0,2.5626733804285078e-05,0.0,0.0,0.0,0.0,0.0,20.000000000001492,20.000000000001492,0.0,0.0
22.375000000055763,2.3000000000093435,6.430037019849986e-07,0.0,850.5594796775428,156.99999999999997,0.0,0.0,2.5574056592717094e-05,0.0,0.0,0.0,0.0,0.0,20.000000000001478,20.000000000001478,0.0,0.0
22.38333333338958,2.3000000000093435,6.430037019849986e-07,0.0,850.5587132468257,156.99999999999997,0.0,0.0,2.5521523657100353e-05,0.0,0.0,0.0,0.0,0.0,20.000000000001446,20.000000000001446,0.0,0.0
22.3916666667234,2.3000000000093435,6.430037019849986e-07,0.0,850.5579483899317,156.99999999999997,0.0,0.0,2.546913450382812e-05,0.0,0.0,0.0,0.0,0.0,20.00000000000145,20.00000000000145,0.0,0.0
22.40000000005722,2.3000000000093435,6.430037019849986e-07,0.0,850.5571851025543,156.99999999999997,0.0,0.0,2.541688864129214e-05,0.0,0.0,0.0,0.0,0.0,20.000000000001478,20.000000000001478,0.0,0.0
22.408333333391035,2.3000000000093435,6.430037019849986e-07,0.0,850.5564233804025,156.99999999999997,0.0,0.0,2.536478557995916e-05,0.0,0.0,0.0,0.0,0.0,20.000000000001485,20.000000000001485,0.0,0.0
22.416666666724854,2.3000000000093435,6.430037019849986e-07,0.0,850.5556632191996,156.99999999999997,0.0,0.0,2.5312824832255995e-05,0.0,0.0,0.0,0.0,0.0,20.00000000000145,20.00000000000145,0.0,0.0
22.425000000058674,2.3000000000093435,6.430037019849986e-07,0.0,850.5549046146833,156.99999999999997,0.0,0.0,2.5261005912618743e-05,0.0,0.0,0.0,0.0,0.0,20.00000000000147,20.00000000000147,0.0,0.0
22.43333333339249,2.3000000000093435,6.430037019849986e-07,0.0,850.5541475626062,156.99999999999997,0.0,0.0,2.5209328337487338e-05,0.0,0.0,0.0,0.0,0.0,20.000000000001496,20.000000000001496,0.0,0.0
22.44166666672631,2.3000000000093435,6.430037019849986e-07,0.0,850.5533920587352,156.99999999999997,0.0,0.0,2.5157791625272766e-05,0.0,0.0,0.0,0.0,0.0,20.00000000000155,20.00000000000155,0.0,0.0
22.45000000006013,2.3000000000093435,6.430037019849986e-07,0.0,850.5526380988515,156.99999999999997,0.0,0.0,2.5106395296297275e-05,0.0,0.0,0.0,0.0,0.0,20.00000000000153,20.00000000000153,0.0,0.0
22.458333333393945,2.3000000000093435,6.430037019849986e-07,0.0,850.551885678751,156.99999999999997,0.0,0.0,2.505513887295245e-05,0.0,0.0,0.0,0.0,0.0,20.00000000000154,20.00000000000154,0.0,0.0
22.466666666727765,2.3000000000093435,6.430037019849986e-07,0.0,850.5511347942435,156.99999999999997,0.0,0.0,2.5004021879475963e-05,0.0,0.0,0.0,0.0,0.0,20.000000000001506,20.000000000001506,0.0,0.0
22.475000000061584,2.300000000009343,6.430037019849986e-07,0.0,850.5503854411534,156.99999999999997,0.0,0.0,2.495304384210966e-05,0.0,0.0,0.0,0.0,0.0,20.000000000001474,20.000000000001474,0.0,0.0
22.4833333333954,2.300000000009343,6.430037019849986e-07,0.0,850.5496376153189,156.99999999999997,0.0,0.0,2.4902204289012606e-05,0.0,0.0,0.0,0.0,0.0,20.00000000000149,20.00000000000149,0.0,0.0
22.49166666672922,2.300000000009343,6.430037019849986e-07,0.0,850.5488913125929,156.99999999999997,0.0,0.0,2.4851502750201584e-05,0.0,0.0,0.0,0.0,0.0,20.000000000001474,20.000000000001474,0.0,0.0
22.50000000006304,2.300000000009343,6.430037019849986e-07,0.0,850.5481465288417,156.99999999999997,0.0,0.0,2.480093875770885e-05,0.0,0.0,0.0,0.0,0.0,20.000000000001478,20.000000000001478,0.0,0.0
22.508333333396855,2.300000000009343,6.430037019849986e-07,0.0,850.5474032599461,156.99999999999997,0.0,0.0,2.475051184538683e-05,0.0,0.0,0.0,0.0,0.0,20.000000000001492,20.000000000001492,0.0,0.0
22.516666666730675,2.300000000009343,6.430037019849986e-07,0.0,850.5466615018007,156.99999999999997,0.0,0.0,2.4700221549038705e-05,0.0,0.0,0.0,0.0,0.0,20.000000000001492,20.000000000001492,0.0,0.0
22.525000000064495,2.300000000009343,6.430037019849986e-07,0.0,850.545921250314,156.99999999999997,0.0,0.0,2.4650067406331855e-05,0.0,0.0,0.0,0.0,0.0,20.00000000000151,20.00000000000151,0.0,0.0
22.53333333339831,2.300000000009343,6.430037019849986e-07,0.0,850.545182501408,156.99999999999997,0.0,0.0,2.4600048956765767e-05,0.0,0.0,0.0,0.0,0.0,20.00000000000152,20.00000000000152,0.0,0.0
22.54166666673213,2.300000000009343,6.430037019849986e-07,0.0,850.5444452510192,156.99999999999997,0.0,0.0,2.4550165741829333e-05,0.0,0.0,0.0,0.0,0.0,20.000000000001496,20.000000000001496,0.0,0.0
22.55000000006595,2.300000000009343,6.430037019849986e-07,0.0,850.5437094950973,156.99999999999997,0.0,0.0,2.4500417304698185e-05,0.0,0.0,0.0,0.0,0.0,20.00000000000151,20.00000000000151,0.0,0.0
22.558333333399766,2.300000000009343,6.430037019849986e-07,0.0,850.5429752296059,156.99999999999997,0.0,0.0,2.445080319055424e-05,0.0,0.0,0.0,0.0,0.0,20.00000000000155,20.00000000000155,0.0,0.0
22.566666666733585,2.300000000009343,6.430037019849986e-07,0.0,850.5422424505219,156.99999999999997,0.0,0.0,2.4401322946337362e-05,0.0,0.0,0.0,0.0,0.0,20.000000000001577,20.000000000001577,0.0,0.0
22.575000000067405,2.300000000009343,6.430037019849986e-07,0.0,850.5415111538362,156.99999999999997,0.0,0.0,2.435197612082154e-05,0.0,0.0,0.0,0.0,0.0,20.0000000000016,20.0000000000016,0.0,0.0
22.58333333340122,2.300000000009343,6.430037019849986e-07,0.0,850.540781335553,156.99999999999997,0.0,0.0,2.430276226463688e-05,0.0,0.0,0.0,0.0,0.0,20.0000000000016,20.0000000000016,0.0,0.0
22.59166666673504,2.300000000009343,6.430037019849986e-07,0.0,850.5400529916899,156.99999999999997,0.0,0.0,2.4253680930210756e-05,0.0,0.0,0.0,0.0,0.0,20.000000000001624,20.000000000001624,0.0,0.0
22.60000000006886,2.300000000009343,6.430037019849986e-07,0.0,850.5393261182779,156.99999999999997,0.0,0.0,2.420473167178987e-05,0.0,0.0,0.0,0.0,0.0,20.000000000001616,20.000000000001616,0.0,0.0
22.608333333402676,2.300000000009343,6.430037019849986e-07,0.0,850.5386007113616,156.99999999999997,0.0,0.0,2.415591404538154e-05,0.0,0.0,0.0,0.0,0.0,20.000000000001634,20.000000000001634,0.0,0.0
22.616666666736496,2.300000000009343,6.430037019849986e-07,0.0,850.5378767669986,156.99999999999997,0.0,0.0,2.4107227608829656e-05,0.0,0.0,0.0,0.0,0.0,20.00000000000163,20.00000000000163,0.0,0.0
22.625000000070315,2.300000000009343,6.430037019849986e-07,0.0,850.5371542812597,156.99999999999997,0.0,0.0,2.405867192175596e-05,0.0,0.0,0.0,0.0,0.0,20.000000000001656,20.000000000001656,0.0,0.0
22.63333333340413,2.300000000009343,6.430037019849986e-07,0.0,850.5364332502292,156.99999999999997,0.0,0.0,2.4010246545501624e-05,0.0,0.0,0.0,0.0,0.0,20.000000000001645,20.000000000001645,0.0,0.0
22.64166666673795,2.300000000009343,6.430037019849986e-07,0.0,850.5357136700043,156.99999999999997,0.0,0.0,2.39619510432031e-05,0.0,0.0,0.0,0.0,0.0,20.00000000000168,20.00000000000168,0.0,0.0
22.65000000007177,2.300000000009343,6.430037019849986e-07,0.0,850.5349955366953,156.99999999999997,0.0,0.0,2.3913784979814107e-05,0.0,0.0,0.0,0.0,0.0,20.000000000001663,20.000000000001663,0.0,0.0
22.658333333405587,2.300000000009343,6.430037019849986e-07,0.0,850.5342788464255,156.99999999999997,0.0,0.0,2.386574792191323e-05,0.0,0.0,0.0,0.0,0.0,20.000000000001656,20.000000000001656,0.0,0.0
22.666666666739406,2.300000000009343,6.430037019849986e-07,0.0,850.5335635953315,156.99999999999997,0.0,0.0,2.3817839437940517e-05,0.0,0.0,0.0,0.0,0.0,20.000000000001652,20.000000000001652,0.0,0.0
22.675000000073226,2.300000000009343,6.430037019849986e-07,0.0,850.5328497795623,156.99999999999997,0.0,0.0,2.377005909800521e-05,0.0,0.0,0.0,0.0,0.0,20.000000000001616,20.000000000001616,0.0,0.0
22.68333333340704,2.300000000009343,6.430037019849986e-07,0.0,850.5321373952801,156.99999999999997,0.0,0.0,2.3722406473934753e-05,0.0,0.0,0.0,0.0,0.0,20.000000000001606,20.000000000001606,0.0,0.0
22.69166666674086,2.300000000009343,6.430037019849986e-07,0.0,850.5314264386598,156.99999999999997,0.0,0.0,2.3674881139270222e-05,0.0,0.0,0.0,0.0,0.0,20.000000000001585,20.000000000001585,0.0,0.0
22.70000000007468,2.300000000009343,6.430037019849986e-07,0.0,850.5307169058892,156.99999999999997,0.0,0.0,2.362748266931512e-05,0.0,0.0,0.0,0.0,0.0,20.000000000001613,20.000000000001613,0.0,0.0
22.708333333408497,2.300000000009343,6.430037019849986e-07,0.0,850.5300087931687,156.99999999999997,0.0,0.0,2.3580210640997257e-05,0.0,0.0,0.0,0.0,0.0,20.000000000001627,20.000000000001627,0.0,0.0
22.716666666742316,2.300000000009343,6.430037019849986e-07,0.0,850.5293020967115,156.99999999999997,0.0,0.0,2.353306463302441e-05,0.0,0.0,0.0,0.0,0.0,20.000000000001613,20.000000000001613,0.0,0.0
22.725000000076136,2.3000000000093426,6.430037019849986e-07,0.0,850.5285968127431,156.99999999999997,0.0,0.0,2.3486044225666415e-05,0.0,0.0,0.0,0.0,0.0,20.000000000001563,20.000000000001563,0.0,0.0
22.733333333409952,2.3000000000093426,6.430037019849986e-07,0.0,850.527892937502,156.99999999999997,0.0,0.0,2.3439149000990657e-05,0.0,0.0,0.0,0.0,0.0,20.000000000001542,20.000000000001542,0.0,0.0
22.74166666674377,2.3000000000093426,6.430037019849986e-07,0.0,850.5271904672386,156.99999999999997,0.0,0.0,2.339237854267098e-05,0.0,0.0,0.0,0.0,0.0,20.000000000001503,20.000000000001503,0.0,0.0
22.75000000007759,2.3000000000093426,6.430037019849986e-07,0.0,850.5264893982167,156.99999999999997,0.0,0.0,2.3345732436036637e-05,0.0,0.0,0.0,0.0,0.0,20.000000000001528,20.000000000001528,0.0,0.0
22.758333333411407,2.3000000000093426,6.430037019849986e-07,0.0,850.5257897267115,156.99999999999997,0.0,0.0,2.3299210268121015e-05,0.0,0.0,0.0,0.0,0.0,20.000000000001535,20.000000000001535,0.0,0.0
22.766666666745227,2.3000000000093426,6.430037019849986e-07,0.0,850.5250914490114,156.99999999999997,0.0,0.0,2.3252811627497764e-05,0.0,0.0,0.0,0.0,0.0,20.000000000001503,20.000000000001503,0.0,0.0
22.775000000079046,2.3000000000093426,6.430037019849986e-07,0.0,850.5243945614163,156.99999999999997,0.0,0.0,2.3206536104515582e-05,0.0,0.0,0.0,0.0,0.0,20.00000000000155,20.00000000000155,0.0,0.0
22.783333333412862,2.3000000000093426,6.430037019849986e-07,0.0,850.5236990602393,156.99999999999997,0.0,0.0,2.3160383291028255e-05,0.0,0.0,0.0,0.0,0.0,20.000000000001542,20.000000000001542,0.0,0.0
22.791666666746682,2.3000000000093426,6.430037019849986e-07,0.0,850.5230049418051,156.99999999999997,0.0,0.0,2.311435278062921e-05,0.0,0.0,0.0,0.0,0.0,20.000000000001528,20.000000000001528,0.0,0.0
22.8000000000805,2.3000000000093426,6.430037019849986e-07,0.0,850.5223122024505,156.99999999999997,0.0,0.0,2.3068444168408518e-05,0.0,0.0,0.0,0.0,0.0,20.00000000000153,20.00000000000153,0.0,0.0
22.808333333414318,2.3000000000093426,6.430037019849986e-07,0.0,850.5216208385248,156.99999999999997,0.0,0.0,2.3022657051134266e-05,0.0,0.0,0.0,0.0,0.0,20.000000000001556,20.000000000001556,0.0,0.0
22.816666666748137,2.3000000000093426,6.430037019849986e-07,0.0,850.5209308463891,156.99999999999997,0.0,0.0,2.2976991027168672e-05,0.0,0.0,0.0,0.0,0.0,20.000000000001563,20.000000000001563,0.0,0.0
22.825000000081957,2.3000000000093426,6.430037019849986e-07,0.0,850.5202422224168,156.99999999999997,0.0,0.0,2.2931445696437515e-05,0.0,0.0,0.0,0.0,0.0,20.00000000000157,20.00000000000157,0.0,0.0
22.833333333415773,2.3000000000093426,6.430037019849986e-07,0.0,850.519554962993,156.99999999999997,0.0,0.0,2.288602066047878e-05,0.0,0.0,0.0,0.0,0.0,20.000000000001556,20.000000000001556,0.0,0.0
22.841666666749592,2.3000000000093426,6.430037019849986e-07,0.0,850.5188690645147,156.99999999999997,0.0,0.0,2.284071552241202e-05,0.0,0.0,0.0,0.0,0.0,20.000000000001567,20.000000000001567,0.0,0.0
22.850000000083412,2.3000000000093426,6.430037019849986e-07,0.0,850.518184523391,156.99999999999997,0.0,0.0,2.2795529886907797e-05,0.0,0.0,0.0,0.0,0.0,20.00000000000156,20.00000000000156,0.0,0.0
22.858333333417228,2.3000000000093426,6.430037019849986e-07,0.0,850.517501336043,156.99999999999997,0.0,0.0,2.2750463360209943e-05,0.0,0.0,0.0,0.0,0.0,20.000000000001567,20.000000000001567,0.0,0.0
22.866666666751048,2.3000000000093426,6.430037019849986e-07,0.0,850.516819498903,156.99999999999997,0.0,0.0,2.2705515550105086e-05,0.0,0.0,0.0,0.0,0.0,20.000000000001542,20.000000000001542,0.0,0.0
22.875000000084867,2.3000000000093426,6.430037019849986e-07,0.0,850.5161390084156,156.99999999999997,0.0,0.0,2.2660686065944903e-05,0.0,0.0,0.0,0.0,0.0,20.000000000001528,20.000000000001528,0.0,0.0
22.883333333418683,2.3000000000093426,6.430037019849986e-07,0.0,850.5154598610368,156.99999999999997,0.0,0.0,2.2615974518615682e-05,0.0,0.0,0.0,0.0,0.0,20.000000000001524,20.000000000001524,0.0,0.0
22.891666666752503,2.3000000000093426,6.430037019849986e-07,0.0,850.5147820532343,156.99999999999997,0.0,0.0,2.2571380520534286e-05,0.0,0.0,0.0,0.0,0.0,20.000000000001528,20.000000000001528,0.0,0.0
22.900000000086322,2.3000000000093426,6.430037019849986e-07,0.0,850.5141055814875,156.99999999999997,0.0,0.0,2.2526903685670407e-05,0.0,0.0,0.0,0.0,0.0,20.00000000000152,20.00000000000152,0.0,0.0
22.90833333342014,2.3000000000093426,6.430037019849986e-07,0.0,850.5134304422871,156.99999999999997,0.0,0.0,2.2482543629437445e-05,0.0,0.0,0.0,0.0,0.0,20.000000000001517,20.000000000001517,0.0,0.0
22.916666666753958,2.3000000000093426,6.430037019849986e-07,0.0,850.5127566321358,156.99999999999997,0.0,0.0,2.243829996889866e-05,0.0,0.0,0.0,0.0,0.0,20.00000000000156,20.00000000000156,0.0,0.0
22.925000000087778,2.3000000000093426,6.430037019849986e-07,0.0,850.5120841475474,156.99999999999997,0.0,0.0,2.2394172322474347e-05,0.0,0.0,0.0,0.0,0.0,20.00000000000156,20.00000000000156,0.0,0.0
22.933333333421594,2.3000000000093426,6.430037019849986e-07,0.0,850.5114129850472,156.99999999999997,0.0,0.0,2.2350160310174177e-05,0.0,0.0,0.0,0.0,0.0,20.000000000001553,20.000000000001553,0.0,0.0
22.941666666755413,2.3000000000093426,6.430037019849986e-07,0.0,850.5107431411717,156.99999999999997,0.0,0.0,2.2306263553514434e-05,0.0,0.0,0.0,0.0,0.0,20.00000000000156,20.00000000000156,0.0,0.0
22.950000000089233,2.3000000000093426,6.430037019849986e-07,0.0,850.510074612469,156.99999999999997,0.0,0.0,2.2262481675409375e-05,0.0,0.0,0.0,0.0,0.0,20.00000000000155,20.00000000000155,0.0,0.0
22.95833333342305,2.3000000000093426,6.430037019849986e-07,0.0,850.5094073954986,156.99999999999997,0.0,0.0,2.2218814300324527e-05,0.0,0.0,0.0,0.0,0.0,20.000000000001574,20.000000000001574,0.0,0.0
22.96666666675687,2.3000000000093426,6.430037019849986e-07,0.0,850.5087414868308,156.99999999999997,0.0,0.0,2.2175261054194192e-05,0.0,0.0,0.0,0.0,0.0,20.000000000001613,20.000000000001613,0.0,0.0
22.975000000090688,2.3000000000093426,6.430037019849986e-07,0.0,850.5080768830474,156.99999999999997,0.0,0.0,2.2131821564391505e-05,0.0,0.0,0.0,0.0,0.0,20.00000000000162,20.00000000000162,0.0,0.0
22.983333333424504,2.300000000009342,6.430037019849986e-07,0.0,850.5074135807413,156.99999999999997,0.0,0.0,2.2088495459776833e-05,0.0,0.0,0.0,0.0,0.0,20.00000000000157,20.00000000000157,0.0,0.0
22.991666666758324,2.300000000009342,6.430037019849986e-07,0.0,850.5067515765166,156.99999999999997,0.0,0.0,2.2045282370589625e-05,0.0,0.0,0.0,0.0,0.0,20.000000000001535,20.000000000001535,0.0,0.0
23.000000000092143,2.300000000009342,6.430037019849986e-07,0.0,850.5060908669883,156.99999999999997,0.0,0.0,2.200218192865331e-05,0.0,0.0,0.0,0.0,0.0,20.000000000001553,20.000000000001553,0.0,0.0
23.00833333342596,2.300000000009342,6.430037019849986e-07,0.0,850.5054314487825,156.99999999999997,0.0,0.0,2.1959193767084586e-05,0.0,0.0,0.0,0.0,0.0,20.000000000001553,20.000000000001553,0.0,0.0
23.01666666675978,2.300000000009342,6.430037019849986e-07,0.0,850.5047733185363,156.99999999999997,0.0,0.0,2.1916317520498387e-05,0.0,0.0,0.0,0.0,0.0,20.000000000001528,20.000000000001528,0.0,0.0
23.0250000000936,2.300000000009342,6.430037019849986e-07,0.0,850.5041164728977,156.99999999999997,0.0,0.0,2.1873552824977912e-05,0.0,0.0,0.0,0.0,0.0,20.000000000001542,20.000000000001542,0.0,0.0
23.033333333427414,2.300000000009342,6.430037019849986e-07,0.0,850.5034609085259,156.99999999999997,0.0,0.0,2.183089931794081e-05,0.0,0.0,0.0,0.0,0.0,20.00000000000159,20.00000000000159,0.0,0.0
23.041666666761234,2.300000000009342,6.430037019849986e-07,0.0,850.5028066220902,156.99999999999997,0.0,0.0,2.1788356638291604e-05,0.0,0.0,0.0,0.0,0.0,20.00000000000157,20.00000000000157,0.0,0.0
23.050000000095054,2.300000000009342,6.430037019849986e-07,0.0,850.5021536102716,156.99999999999997,0.0,0.0,2.1745924426262063e-05,0.0,0.0,0.0,0.0,0.0,20.00000000000157,20.00000000000157,0.0,0.0
23.05833333342887,2.300000000009342,6.430037019849986e-07,0.0,850.5015018697613,156.99999999999997,0.0,0.0,2.170360232356342e-05,0.0,0.0,0.0,0.0,0.0,20.000000000001506,20.000000000001506,0.0,0.0
23.06666666676269,2.300000000009342,6.430037019849986e-07,0.0,850.5008513972614,156.99999999999997,0.0,0.0,2.166138997325287e-05,0.0,0.0,0.0,0.0,0.0,20.000000000001542,20.000000000001542,0.0,0.0
23.07500000009651,2.300000000009342,6.430037019849986e-07,0.0,850.5002021894848,156.99999999999997,0.0,0.0,2.1619287019807824e-05,0.0,0.0,0.0,0.0,0.0,20.000000000001553,20.000000000001553,0.0,0.0
23.083333333430325,2.300000000009342,6.430037019849986e-07,0.0,850.4995542431546,156.99999999999997,0.0,0.0,2.1577293109070432e-05,0.0,0.0,0.0,0.0,0.0,20.000000000001553,20.000000000001553,0.0,0.0
23.091666666764144,2.300000000009342,6.430037019849986e-07,0.0,850.4989075550052,156.99999999999997,0.0,0.0,2.153540788821817e-05,0.0,0.0,0.0,0.0,0.0,20.000000000001542,20.000000000001542,0.0,0.0
23.100000000097964,2.300000000009342,6.430037019849986e-07,0.0,850.4982621217811,156.99999999999997,0.0,0.0,2.1493631005863865e-05,0.0,0.0,0.0,0.0,0.0,20.00000000000153,20.00000000000153,0.0,0.0
23.10833333343178,2.300000000009342,6.430037019849986e-07,0.0,850.4976179402372,156.99999999999997,0.0,0.0,2.1451962111974374e-05,0.0,0.0,0.0,0.0,0.0,20.000000000001545,20.000000000001545,0.0,0.0
23.1166666667656,2.300000000009342,6.430037019849986e-07,0.0,850.4969750071394,156.99999999999997,0.0,0.0,2.1410400857789636e-05,0.0,0.0,0.0,0.0,0.0,20.000000000001602,20.000000000001602,0.0,0.0
23.12500000009942,2.300000000009342,6.430037019849986e-07,0.0,850.4963333192636,156.99999999999997,0.0,0.0,2.1368946896025913e-05,0.0,0.0,0.0,0.0,0.0,20.00000000000163,20.00000000000163,0.0,0.0
23.133333333433235,2.300000000009342,6.430037019849986e-07,0.0,850.4956928733963,156.99999999999997,0.0,0.0,2.1327599880639734e-05,0.0,0.0,0.0,0.0,0.0,20.00000000000162,20.00000000000162,0.0,0.0
23.141666666767055,2.300000000009342,6.430037019849986e-07,0.0,850.4950536663341,156.99999999999997,0.0,0.0,2.1286359467005233e-05,0.0,0.0,0.0,0.0,0.0,20.0000000000016,20.0000000000016,0.0,0.0
23.150000000100874,2.300000000009342,6.430037019849986e-07,0.0,850.4944156948843,156.99999999999997,0.0,0.0,2.124522531175583e-05,0.0,0.0,0.0,0.0,0.0,20.00000000000161,20.00000000000161,0.0,0.0
23.15833333343469,2.300000000009342,6.430037019849986e-07,0.0,850.4937789558644,156.99999999999997,0.0,0.0,2.1204197072909795e-05,0.0,0.0,0.0,0.0,0.0,20.00000000000165,20.00000000000165,0.0,0.0
23.16666666676851,2.300000000009342,6.430037019849986e-07,0.0,850.4931434461018,156.99999999999997,0.0,0.0,2.1163274409737992e-05,0.0,0.0,0.0,0.0,0.0,20.00000000000165,20.00000000000165,0.0,0.0
23.17500000010233,2.300000000009342,6.430037019849986e-07,0.0,850.4925091624344,156.99999999999997,0.0,0.0,2.1122456982914955e-05,0.0,0.0,0.0,0.0,0.0,20.000000000001656,20.000000000001656,0.0,0.0
23.183333333436146,2.300000000009342,6.430037019849986e-07,0.0,850.4918761017103,156.99999999999997,0.0,0.0,2.108174445436105e-05,0.0,0.0,0.0,0.0,0.0,20.00000000000163,20.00000000000163,0.0,0.0
23.191666666769965,2.300000000009342,6.430037019849986e-07,0.0,850.4912442607877,156.99999999999997,0.0,0.0,2.1041136487316353e-05,0.0,0.0,0.0,0.0,0.0,20.000000000001645,20.000000000001645,0.0,0.0
23.200000000103785,2.300000000009342,6.430037019849986e-07,0.0,850.4906136365344,156.99999999999997,0.0,0.0,2.10006327463116e-05,0.0,0.0,0.0,0.0,0.0,20.00000000000167,20.00000000000167,0.0,0.0
23.2083333334376,2.300000000009342,6.430037019849986e-07,0.0,850.4899842258291,156.99999999999997,0.0,0.0,2.0960232897190488e-05,0.0,0.0,0.0,0.0,0.0,20.000000000001606,20.000000000001606,0.0,0.0
23.21666666677142,2.300000000009342,6.430037019849986e-07,0.0,850.4893560255598,156.99999999999997,0.0,0.0,2.0919936607029426e-05,0.0,0.0,0.0,0.0,0.0,20.000000000001574,20.000000000001574,0.0,0.0
23.22500000010524,2.300000000009342,6.430037019849986e-07,0.0,850.4887290326249,156.99999999999997,0.0,0.0,2.087974354423687e-05,0.0,0.0,0.0,0.0,0.0,20.00000000000154,20.00000000000154,0.0,0.0
23.233333333439056,2.300000000009342,6.430037019849986e-07,0.0,850.4881032439323,156.99999999999997,0.0,0.0,2.0839653378498646e-05,0.0,0.0,0.0,0.0,0.0,20.000000000001513,20.000000000001513,0.0,0.0
23.241666666772876,2.300000000009342,6.430037019849986e-07,0.0,850.4874786564003,156.99999999999997,0.0,0.0,2.0799665780697963e-05,0.0,0.0,0.0,0.0,0.0,20.00000000000149,20.00000000000149,0.0,0.0
23.250000000106695,2.300000000009342,6.430037019849986e-07,0.0,850.4868552669567,156.99999999999997,0.0,0.0,2.0759780423065767e-05,0.0,0.0,0.0,0.0,0.0,20.000000000001467,20.000000000001467,0.0,0.0
23.25833333344051,2.3000000000093417,6.430037019849986e-07,0.0,850.4862330725392,156.99999999999997,0.0,0.0,2.071999697902395e-05,0.0,0.0,0.0,0.0,0.0,20.00000000000146,20.00000000000146,0.0,0.0
23.26666666677433,2.3000000000093417,6.430037019849986e-07,0.0,850.4856120700954,156.99999999999997,0.0,0.0,2.0680315123310023e-05,0.0,0.0,0.0,0.0,0.0,20.00000000000148,20.00000000000148,0.0,0.0
23.27500000010815,2.3000000000093417,6.430037019849986e-07,0.0,850.4849922565822,156.99999999999997,0.0,0.0,2.0640734531820593e-05,0.0,0.0,0.0,0.0,0.0,20.000000000001453,20.000000000001453,0.0,0.0
23.283333333441966,2.3000000000093417,6.430037019849986e-07,0.0,850.484373628967,156.99999999999997,0.0,0.0,2.060125488178697e-05,0.0,0.0,0.0,0.0,0.0,20.000000000001478,20.000000000001478,0.0,0.0
23.291666666775786,2.3000000000093417,6.430037019849986e-07,0.0,850.4837561842262,156.99999999999997,0.0,0.0,2.0561875851618792e-05,0.0,0.0,0.0,0.0,0.0,20.000000000001478,20.000000000001478,0.0,0.0
23.300000000109605,2.3000000000093417,6.430037019849986e-07,0.0,850.4831399193458,156.99999999999997,0.0,0.0,2.052259712092654e-05,0.0,0.0,0.0,0.0,0.0,20.000000000001492,20.000000000001492,0.0,0.0
23.30833333344342,2.3000000000093417,6.430037019849986e-07,0.0,850.4825248313219,156.99999999999997,0.0,0.0,2.048341837062028e-05,0.0,0.0,0.0,0.0,0.0,20.00000000000147,20.00000000000147,0.0,0.0
23.31666666677724,2.3000000000093417,6.430037019849986e-07,0.0,850.4819109171599,156.99999999999997,0.0,0.0,2.0444339282779154e-05,0.0,0.0,0.0,0.0,0.0,20.000000000001464,20.000000000001464,0.0,0.0
23.32500000011106,2.3000000000093417,6.430037019849986e-07,0.0,850.4812981738744,156.99999999999997,0.0,0.0,2.0405359540699234e-05,0.0,0.0,0.0,0.0,0.0,20.000000000001453,20.000000000001453,0.0,0.0
23.333333333444877,2.3000000000093417,6.430037019849986e-07,0.0,850.4806865984901,156.99999999999997,0.0,0.0,2.0366478828890466e-05,0.0,0.0,0.0,0.0,0.0,20.00000000000144,20.00000000000144,0.0,0.0
23.341666666778696,2.3000000000093417,6.430037019849986e-07,0.0,850.4800761880407,156.99999999999997,0.0,0.0,2.0327696833073557e-05,0.0,0.0,0.0,0.0,0.0,20.00000000000146,20.00000000000146,0.0,0.0
23.350000000112516,2.3000000000093417,6.430037019849986e-07,0.0,850.4794669395694,156.99999999999997,0.0,0.0,2.0289013240126154e-05,0.0,0.0,0.0,0.0,0.0,20.000000000001496,20.000000000001496,0.0,0.0
23.358333333446332,2.3000000000093417,6.430037019849986e-07,0.0,850.4788588501287,156.99999999999997,0.0,0.0,2.025042773818136e-05,0.0,0.0,0.0,0.0,0.0,20.000000000001492,20.000000000001492,0.0,0.0
23.36666666678015,2.3000000000093417,6.430037019849986e-07,0.0,850.4782519167809,156.99999999999997,0.0,0.0,2.0211940016472465e-05,0.0,0.0,0.0,0.0,0.0,20.000000000001478,20.000000000001478,0.0,0.0
23.37500000011397,2.3000000000093417,6.430037019849986e-07,0.0,850.4776461365971,156.99999999999997,0.0,0.0,2.0173549765507466e-05,0.0,0.0,0.0,0.0,0.0,20.000000000001446,20.000000000001446,0.0,0.0
23.383333333447787,2.3000000000093417,6.430037019849986e-07,0.0,850.4770415066575,156.99999999999997,0.0,0.0,2.013525667691397e-05,0.0,0.0,0.0,0.0,0.0,20.00000000000143,20.00000000000143,0.0,0.0
23.391666666781607,2.3000000000093417,6.430037019849986e-07,0.0,850.4764380240523,156.99999999999997,0.0,0.0,2.009706044348692e-05,0.0,0.0,0.0,0.0,0.0,20.000000000001435,20.000000000001435,0.0,0.0
23.400000000115426,2.3000000000093417,6.430037019849986e-07,0.0,850.4758356858803,156.99999999999997,0.0,0.0,2.0058960759210968e-05,0.0,0.0,0.0,0.0,0.0,20.000000000001457,20.000000000001457,0.0,0.0
23.408333333449242,2.3000000000093417,6.430037019849986e-07,0.0,850.4752344892495,156.99999999999997,0.0,0.0,2.002095731918165e-05,0.0,0.0,0.0,0.0,0.0,20.000000000001435,20.000000000001435,0.0,0.0
23.416666666783062,2.3000000000093417,6.430037019849986e-07,0.0,850.4746344312773,156.99999999999997,0.0,0.0,1.9983049819754067e-05,0.0,0.0,0.0,0.0,0.0,20.000000000001474,20.000000000001474,0.0,0.0
23.42500000011688,2.3000000000093417,6.430037019849986e-07,0.0,850.4740355090898,156.99999999999997,0.0,0.0,1.9945237958287375e-05,0.0,0.0,0.0,0.0,0.0,20.00000000000151,20.00000000000151,0.0,0.0
23.433333333450697,2.3000000000093417,6.430037019849986e-07,0.0,850.4734377198228,156.99999999999997,0.0,0.0,1.990752143341966e-05,0.0,0.0,0.0,0.0,0.0,20.000000000001492,20.000000000001492,0.0,0.0
23.441666666784517,2.3000000000093417,6.430037019849986e-07,0.0,850.4728410606203,156.99999999999997,0.0,0.0,1.9869899944837868e-05,0.0,0.0,0.0,0.0,0.0,20.00000000000153,20.00000000000153,0.0,0.0
23.450000000118337,2.3000000000093417,6.430037019849986e-07,0.0,850.4722455286361,156.99999999999997,0.0,0.0,1.9832373193426295e-05,0.0,0.0,0.0,0.0,0.0,20.000000000001513,20.000000000001513,0.0,0.0
23.458333333452153,2.3000000000093417,6.430037019849986e-07,0.0,850.4716511210323,156.99999999999997,0.0,0.0,1.9794940881137725e-05,0.0,0.0,0.0,0.0,0.0,20.000000000001535,20.000000000001535,0.0,0.0
23.466666666785972,2.3000000000093417,6.430037019849986e-07,0.0,850.4710578349803,156.99999999999997,0.0,0.0,1.9757602711066196e-05,0.0,0.0,0.0,0.0,0.0,20.00000000000153,20.00000000000153,0.0,0.0
23.475000000119792,2.3000000000093417,6.430037019849986e-07,0.0,850.4704656676604,156.99999999999997,0.0,0.0,1.9720358387494402e-05,0.0,0.0,0.0,0.0,0.0,20.000000000001574,20.000000000001574,0.0,0.0
23.483333333453608,2.3000000000093417,6.430037019849986e-07,0.0,850.4698746162613,156.99999999999997,0.0,0.0,1.9683207615714847e-05,0.0,0.0,0.0,0.0,0.0,20.00000000000157,20.00000000000157,0.0,0.0
23.491666666787427,2.3000000000093417,6.430037019849986e-07,0.0,850.4692846779812,156.99999999999997,0.0,0.0,1.964615010217796e-05,0.0,0.0,0.0,0.0,0.0,20.000000000001606,20.000000000001606,0.0,0.0
23.500000000121247,2.3000000000093417,6.430037019849986e-07,0.0,850.4686958500266,156.99999999999997,0.0,0.0,1.9609185554464092e-05,0.0,0.0,0.0,0.0,0.0,20.000000000001627,20.000000000001627,0.0,0.0
23.508333333455063,2.3000000000093417,6.430037019849986e-07,0.0,850.468108129613,156.99999999999997,0.0,0.0,1.95723136812305e-05,0.0,0.0,0.0,0.0,0.0,20.000000000001627,20.000000000001627,0.0,0.0
23.516666666788883,2.3000000000093417,6.430037019849986e-07,0.0,850.4675215139645,156.99999999999997,0.0,0.0,1.9535534192183643e-05,0.0,0.0,0.0,0.0,0.0,20.000000000001634,20.000000000001634,0.0,0.0
23.525000000122702,2.3000000000093417,6.430037019849986e-07,0.0,850.4669360003138,156.99999999999997,0.0,0.0,1.9498846798201735e-05,0.0,0.0,0.0,0.0,0.0,20.000000000001624,20.000000000001624,0.0,0.0
23.53333333345652,2.3000000000093417,6.430037019849986e-07,0.0,850.4663515859027,156.99999999999997,0.0,0.0,1.946225121120666e-05,0.0,0.0,0.0,0.0,0.0,20.00000000000162,20.00000000000162,0.0,0.0
23.541666666790338,2.3000000000093417,6.430037019849986e-07,0.0,850.465768267981,156.99999999999997,0.0,0.0,1.9425747144211406e-05,0.0,0.0,0.0,0.0,0.0,20.000000000001585,20.000000000001585,0.0,0.0
23.550000000124157,2.3000000000093417,6.430037019849986e-07,0.0,850.4651860438075,156.99999999999997,0.0,0.0,1.9389334311267346e-05,0.0,0.0,0.0,0.0,0.0,20.000000000001634,20.000000000001634,0.0,0.0
23.558333333457973,2.3000000000093412,6.430037019849986e-07,0.0,850.4646049106495,156.99999999999997,0.0,0.0,1.9353012427536572e-05,0.0,0.0,0.0,0.0,0.0,20.000000000001616,20.000000000001616,0.0,0.0
23.566666666791793,2.3000000000093412,6.430037019849986e-07,0.0,850.4640248657829,156.99999999999997,0.0,0.0,1.931678120926415e-05,0.0,0.0,0.0,0.0,0.0,20.000000000001645,20.000000000001645,0.0,0.0
23.575000000125613,2.3000000000093412,6.430037019849986e-07,0.0,850.4634459064918,156.99999999999997,0.0,0.0,1.9280640373700588e-05,0.0,0.0,0.0,0.0,0.0,20.000000000001666,20.000000000001666,0.0,0.0
23.58333333345943,2.3000000000093412,6.430037019849986e-07,0.0,850.462868030069,156.99999999999997,0.0,0.0,1.9244589639199036e-05,0.0,0.0,0.0,0.0,0.0,20.000000000001677,20.000000000001677,0.0,0.0
23.591666666793248,2.3000000000093412,6.430037019849986e-07,0.0,850.4622912338158,156.99999999999997,0.0,0.0,1.920862872513781e-05,0.0,0.0,0.0,0.0,0.0,20.000000000001634,20.000000000001634,0.0,0.0
23.600000000127068,2.3000000000093412,6.430037019849986e-07,0.0,850.4617155150418,156.99999999999997,0.0,0.0,1.9172757351992516e-05,0.0,0.0,0.0,0.0,0.0,20.00000000000165,20.00000000000165,0.0,0.0
23.608333333460884,2.3000000000093412,6.430037019849986e-07,0.0,850.4611408710647,156.99999999999997,0.0,0.0,1.9136975241184017e-05,0.0,0.0,0.0,0.0,0.0,20.000000000001663,20.000000000001663,0.0,0.0
23.616666666794703,2.3000000000093412,6.430037019849986e-07,0.0,850.4605672992111,156.99999999999997,0.0,0.0,1.9101282115299917e-05,0.0,0.0,0.0,0.0,0.0,20.00000000000167,20.00000000000167,0.0,0.0
23.625000000128523,2.3000000000093412,6.430037019849986e-07,0.0,850.4599947968156,156.99999999999997,0.0,0.0,1.9065677697867938e-05,0.0,0.0,0.0,0.0,0.0,20.00000000000168,20.00000000000168,0.0,0.0
23.63333333346234,2.3000000000093412,6.430037019849986e-07,0.0,850.459423361221,156.99999999999997,0.0,0.0,1.9030161713452974e-05,0.0,0.0,0.0,0.0,0.0,20.00000000000165,20.00000000000165,0.0,0.0
23.64166666679616,2.3000000000093412,6.430037019849986e-07,0.0,850.4588529897784,156.99999999999997,0.0,0.0,1.8994733887704145e-05,0.0,0.0,0.0,0.0,0.0,20.000000000001652,20.000000000001652,0.0,0.0
23.650000000129978,2.3000000000093412,6.430037019849986e-07,0.0,850.4582836798472,156.99999999999997,0.0,0.0,1.8959393947228066e-05,0.0,0.0,0.0,0.0,0.0,20.000000000001645,20.000000000001645,0.0,0.0
23.658333333463794,2.3000000000093412,6.430037019849986e-07,0.0,850.457715428795,156.99999999999997,0.0,0.0,1.8924141619685634e-05,0.0,0.0,0.0,0.0,0.0,20.000000000001652,20.000000000001652,0.0,0.0
23.666666666797614,2.3000000000093412,6.430037019849986e-07,0.0,850.4571482339975,156.99999999999997,0.0,0.0,1.888897663373987e-05,0.0,0.0,0.0,0.0,0.0,20.000000000001627,20.000000000001627,0.0,0.0
23.675000000131433,2.3000000000093412,6.430037019849986e-07,0.0,850.4565820928384,156.99999999999997,0.0,0.0,1.8853898719028678e-05,0.0,0.0,0.0,0.0,0.0,20.00000000000163,20.00000000000163,0.0,0.0
23.68333333346525,2.3000000000093412,6.430037019849986e-07,0.0,850.4560170027098,156.99999999999997,0.0,0.0,1.881890760628615e-05,0.0,0.0,0.0,0.0,0.0,20.000000000001624,20.000000000001624,0.0,0.0
23.69166666679907,2.3000000000093412,6.430037019849986e-07,0.0,850.4554529610115,156.99999999999997,0.0,0.0,1.878400302711725e-05,0.0,0.0,0.0,0.0,0.0,20.000000000001588,20.000000000001588,0.0,0.0
23.70000000013289,2.3000000000093412,6.430037019849986e-07,0.0,850.4548899651516,156.99999999999997,0.0,0.0,1.874918471424289e-05,0.0,0.0,0.0,0.0,0.0,20.000000000001524,20.000000000001524,0.0,0.0
23.708333333466705,2.3000000000093412,6.430037019849986e-07,0.0,850.4543280125462,156.99999999999997,0.0,0.0,1.8714452401274785e-05,0.0,0.0,0.0,0.0,0.0,20.0000000000015,20.0000000000015,0.0,0.0
23.716666666800524,2.3000000000093412,6.430037019849986e-07,0.0,850.4537671006192,156.99999999999997,0.0,0.0,1.8679805822886095e-05,0.0,0.0,0.0,0.0,0.0,20.000000000001492,20.000000000001492,0.0,0.0
23.725000000134344,2.3000000000093412,6.430037019849986e-07,0.0,850.4532072268025,156.99999999999997,0.0,0.0,1.864524471471011e-05,0.0,0.0,0.0,0.0,0.0,20.000000000001453,20.000000000001453,0.0,0.0
23.73333333346816,2.3000000000093412,6.430037019849986e-07,0.0,850.4526483885361,156.99999999999997,0.0,0.0,1.8610768813313227e-05,0.0,0.0,0.0,0.0,0.0,20.000000000001474,20.000000000001474,0.0,0.0
23.74166666680198,2.3000000000093412,6.430037019849986e-07,0.0,850.4520905832676,156.99999999999997,0.0,0.0,1.8576377856291218e-05,0.0,0.0,0.0,0.0,0.0,20.000000000001467,20.000000000001467,0.0,0.0
23.7500000001358,2.3000000000093412,6.430037019849986e-07,0.0,850.4515338084527,156.99999999999997,0.0,0.0,1.8542071582192803e-05,0.0,0.0,0.0,0.0,0.0,20.000000000001457,20.000000000001457,0.0,0.0
23.758333333469615,2.3000000000093412,6.430037019849986e-07,0.0,850.4509780615548,156.99999999999997,0.0,0.0,1.85078497305173e-05,0.0,0.0,0.0,0.0,0.0,20.00000000000148,20.00000000000148,0.0,0.0
23.766666666803435,2.3000000000093412,6.430037019849986e-07,0.0,850.4504233400452,156.99999999999997,0.0,0.0,1.84737120417615e-05,0.0,0.0,0.0,0.0,0.0,20.000000000001485,20.000000000001485,0.0,0.0
23.775000000137254,2.3000000000093412,6.430037019849986e-07,0.0,850.4498696414028,156.99999999999997,0.0,0.0,1.843965825731887e-05,0.0,0.0,0.0,0.0,0.0,20.000000000001503,20.000000000001503,0.0,0.0
23.78333333347107,2.3000000000093412,6.430037019849986e-07,0.0,850.4493169631145,156.99999999999997,0.0,0.0,1.8405688119600174e-05,0.0,0.0,0.0,0.0,0.0,20.000000000001535,20.000000000001535,0.0,0.0
23.79166666680489,2.3000000000093412,6.430037019849986e-07,0.0,850.4487653026746,156.99999999999997,0.0,0.0,1.8371801371908232e-05,0.0,0.0,0.0,0.0,0.0,20.00000000000155,20.00000000000155,0.0,0.0
23.80000000013871,2.3000000000093412,6.430037019849986e-07,0.0,850.4482146575854,156.99999999999997,0.0,0.0,1.8337997758533882e-05,0.0,0.0,0.0,0.0,0.0,20.00000000000158,20.00000000000158,0.0,0.0
23.808333333472525,2.3000000000093412,6.430037019849986e-07,0.0,850.4476650253565,156.99999999999997,0.0,0.0,1.830427702467997e-05,0.0,0.0,0.0,0.0,0.0,20.000000000001595,20.000000000001595,0.0,0.0
23.816666666806345,2.3000000000093412,6.430037019849986e-07,0.0,850.4471164035056,156.99999999999997,0.0,0.0,1.8270638916508126e-05,0.0,0.0,0.0,0.0,0.0,20.000000000001556,20.000000000001556,0.0,0.0
23.825000000140165,2.3000000000093412,6.430037019849986e-07,0.0,850.4465687895574,156.99999999999997,0.0,0.0,1.8237083181111943e-05,0.0,0.0,0.0,0.0,0.0,20.000000000001545,20.000000000001545,0.0,0.0
23.83333333347398,2.3000000000093412,6.430037019849986e-07,0.0,850.4460221810449,156.99999999999997,0.0,0.0,1.8203609566490188e-05,0.0,0.0,0.0,0.0,0.0,20.000000000001513,20.000000000001513,0.0,0.0
23.8416666668078,2.3000000000093412,6.430037019849986e-07,0.0,850.4454765755081,156.99999999999997,0.0,0.0,1.817021782156909e-05,0.0,0.0,0.0,0.0,0.0,20.000000000001524,20.000000000001524,0.0,0.0
23.85000000014162,2.3000000000093412,6.430037019849986e-07,0.0,850.4449319704945,156.99999999999997,0.0,0.0,1.813690769622449e-05,0.0,0.0,0.0,0.0,0.0,20.000000000001517,20.000000000001517,0.0,0.0
23.858333333475436,2.3000000000093412,6.430037019849986e-07,0.0,850.4443883635595,156.99999999999997,0.0,0.0,1.8103678941206207e-05,0.0,0.0,0.0,0.0,0.0,20.00000000000156,20.00000000000156,0.0,0.0
23.866666666809255,2.3000000000093412,6.430037019849986e-07,0.0,850.4438457522656,156.99999999999997,0.0,0.0,1.80705313082092e-05,0.0,0.0,0.0,0.0,0.0,20.000000000001588,20.000000000001588,0.0,0.0
23.875000000143075,2.300000000009341,6.430037019849986e-07,0.0,850.443304134183,156.99999999999997,0.0,0.0,1.8037464549846823e-05,0.0,0.0,0.0,0.0,0.0,20.000000000001567,20.000000000001567,0.0,0.0
23.88333333347689,2.300000000009341,6.430037019849986e-07,0.0,850.442763506889,156.99999999999997,0.0,0.0,1.8004478419624178e-05,0.0,0.0,0.0,0.0,0.0,20.000000000001574,20.000000000001574,0.0,0.0
23.89166666681071,2.300000000009341,6.430037019849986e-07,0.0,850.4422238679686,156.99999999999997,0.0,0.0,1.7971572671887258e-05,0.0,0.0,0.0,0.0,0.0,20.00000000000156,20.00000000000156,0.0,0.0
23.90000000014453,2.300000000009341,6.430037019849986e-07,0.0,850.4416852150139,156.99999999999997,0.0,0.0,1.7938747061991357e-05,0.0,0.0,0.0,0.0,0.0,20.000000000001542,20.000000000001542,0.0,0.0
23.908333333478346,2.300000000009341,6.430037019849986e-07,0.0,850.4411475456245,156.99999999999997,0.0,0.0,1.7906001346103863e-05,0.0,0.0,0.0,0.0,0.0,20.000000000001542,20.000000000001542,0.0,0.0
23.916666666812166,2.300000000009341,6.430037019849986e-07,0.0,850.4406108574071,156.99999999999997,0.0,0.0,1.7873335281323938e-05,0.0,0.0,0.0,0.0,0.0,20.00000000000151,20.00000000000151,0.0,0.0
23.925000000145985,2.300000000009341,6.430037019849986e-07,0.0,850.4400751479761,156.99999999999997,0.0,0.0,1.7840748625582998e-05,0.0,0.0,0.0,0.0,0.0,20.000000000001478,20.000000000001478,0.0,0.0
23.9333333334798,2.300000000009341,6.430037019849986e-07,0.0,850.4395404149527,156.99999999999997,0.0,0.0,1.7808241137764185e-05,0.0,0.0,0.0,0.0,0.0,20.00000000000147,20.00000000000147,0.0,0.0
23.94166666681362,2.300000000009341,6.430037019849986e-07,0.0,850.4390066559654,156.99999999999997,0.0,0.0,1.777581257755434e-05,0.0,0.0,0.0,0.0,0.0,20.0000000000015,20.0000000000015,0.0,0.0
23.95000000014744,2.300000000009341,6.430037019849986e-07,0.0,850.4384738686501,156.99999999999997,0.0,0.0,1.7743462705611937e-05,0.0,0.0,0.0,0.0,0.0,20.00000000000151,20.00000000000151,0.0,0.0
23.958333333481256,2.300000000009341,6.430037019849986e-07,0.0,850.4379420506496,156.99999999999997,0.0,0.0,1.771119128334644e-05,0.0,0.0,0.0,0.0,0.0,20.000000000001506,20.000000000001506,0.0,0.0
23.966666666815076,2.300000000009341,6.430037019849986e-07,0.0,850.4374111996142,156.99999999999997,0.0,0.0,1.767899807315887e-05,0.0,0.0,0.0,0.0,0.0,20.00000000000149,20.00000000000149,0.0,0.0
23.975000000148896,2.300000000009341,6.430037019849986e-07,0.0,850.436881313201,156.99999999999997,0.0,0.0,1.7646882838197163e-05,0.0,0.0,0.0,0.0,0.0,20.000000000001457,20.000000000001457,0.0,0.0
23.98333333348271,2.300000000009341,6.430037019849986e-07,0.0,850.436352389074,156.99999999999997,0.0,0.0,1.761484534257225e-05,0.0,0.0,0.0,0.0,0.0,20.000000000001457,20.000000000001457,0.0,0.0
23.99166666681653,2.300000000009341,6.430037019849986e-07,0.0,850.4358244249051,156.99999999999997,0.0,0.0,1.7582885351162153e-05,0.0,0.0,0.0,0.0,0.0,20.000000000001478,20.000000000001478,0.0,0.0
24.00000000015035,2.300000000009341,6.430037019849986e-07,0.0,850.4352974183726,156.99999999999997,0.0,0.0,1.755100262975522e-05,0.0,0.0,0.0,0.0,0.0,20.000000000001496,20.000000000001496,0.0,0.0
