hour,head_A,head_B,head_R,vol_A,vol_B,q_AB,q_BR,q_WA,q_WB,setting_AB,setting_BR,tracer_1,reactive_1,tracer_2,reactive_2,tracer_3,reactive_3
0.008333333333333333,0.3000032150102401,3.215010239982874e-06,0.0,157.03687745831192,156.99999999999997,0.0,0.0,0.0,0.0,0.0,0.0,0.0,0.0,0.0,0.0,0.0,0.0
0.016666666666666666,0.30000321501024035,3.215010239982874e-06,0.0,157.14875495833698,156.99999999999997,0.0,0.0,0.0,0.0,0.0,0.0,0.0,0.0,0.0,0.0,0.0,0.0
0.025,0.30000321501024035,3.215010239982874e-06,0.0,157.33563245834887,156.99999999999997,0.0,0.0,0.0,0.0,0.0,0.0,0.0,0.0,0.0,0.0,0.0,0.0
0.03333333333333333,0.3000032150102403,3.215010239982874e-06,0.0,157.5975099583738,156.99999999999997,0.0,0.0,0.0,0.0,0.0,0.0,0.0,0.0,0.0,0.0,0.0,0.0
0.041666666666666664,0.30000321501023997,3.215010239982874e-06,0.0,157.93438745838554,156.99999999999997,0.0,0.0,0.0,0.0,0.0,0.0,0.0,0.0,0.0,0.0,0.0,0.0
0.05,0.3000032150102399,3.215010239982874e-06,0.0,158.34626495841047,156.99999999999997,0.0,0.0,0.0,0.0,0.0,0.0,0.0,0.0,0.0,0.0,0.0,0.0
0.058333333333333334,0.3000032150102402,3.215010239982874e-06,0.0,158.83314245842246,156.99999999999997,0.0,0.0,0.0,0.0,0.0,0.0,0.0,0.0,0.0,0.0,0.0,0.0
0.06666666666666667,0.30000321501024046,3.215010239982874e-06,0.0,159.3950199584737,156.99999999999997,0.0,0.0,0.0,0.0,0.0,0.0,0.0,0.0,0.0,0.0,0.0,0.0
0.07500000000000001,0.3000032150102405,3.215010239982874e-06,0.0,160.0318974585118,156.99999999999997,0.0,0.0,0.0,0.0,0.0,0.0,0.0,0.0,0.0,0.0,0.0,0.0
0.08333333333333333,0.3000032150102403,3.215010239982874e-06,0.0,160.74377495856288,156.99999999999997,0.0,0.0,0.0,0.0,0.0,0.0,0.0,0.0,0.0,0.0,0.0,0.0
0.09166666666666666,0.30000321501023997,3.215010239982874e-06,0.0,161.53065245860083,156.99999999999997,0.0,0.0,0.0,0.0,0.0,0.0,0.0,0.0,0.0,0.0,0.0,0.0
0.1,0.30000321501023997,3.215010239982874e-06,0.0,162.39252995865198,156.99999999999997,0.0,0.0,0.0,0.0,0.0,0.0,0.0,0.0,0.0,0.0,0.0,0.0
0.10833333333333332,0.3000032150102403,3.215010239982874e-06,0.0,163.32940745869016,156.99999999999997,0.0,0.0,0.0,0.0,0.0,0.0,0.0,0.0,0.0,0.0,0.0,0.0
0.11666666666666667,0.30000321501024046,3.215010239982874e-06,0.0,164.34128495876755,156.99999999999997,0.0,0.0,0.0,0.0,0.0,0.0,0.0,0.0,0.0,0.0,0.0,0.0
0.125,0.30000321501024035,3.215010239982874e-06,0.0,165.4281624588318,156.99999999999997,0.0,0.0,0.0,0.0,0.0,0.0,0.0,0.0,0.0,0.0,0.0,0.0
0.13333333333333333,0.3000032150102401,3.215010239982874e-06,0.0,166.59003995890902,156.99999999999997,0.0,0.0,0.0,0.0,0.0,0.0,0.0,0.0,0.0,0.0,0.0,0.0
0.14166666666666666,0.30000321501023997,3.215010239982874e-06,0.0,167.82691745897324,156.99999999999997,0.0,0.0,0.0,0.0,0.0,0.0,0.0,0.0,0.0,0.0,0.0,0.0
0.15000000000000002,0.30000321501024013,3.215010239982874e-06,0.0,169.13879495905067,156.99999999999997,0.0,0.0,0.0,0.0,0.0,0.0,0.0,0.0,0.0,0.0,0.0,0.0
0.15833333333333333,0.30000321501024046,3.215010239982874e-06,0.0,170.52567245911504,156.99999999999997,0.0,0.0,0.0,0.0,0.0,0.0,0.0,0.0,0.0,0.0,0.0,0.0
0.16666666666666666,0.3000032150102405,3.215010239982874e-06,0.0,171.98754995919242,156.99999999999997,0.0,0.0,0.0,0.0,0.0,0.0,0.0,0.0,0.0,0.0,0.0,0.0
0.175,0.30000321501024035,3.215010239982874e-06,0.0,173.524427459309,156.99999999999997,0.0,0.0,0.0,0.0,0.0,0.0,0.0,0.0,0.0,0.0,0.0,0.0
0.18333333333333332,0.3000032150102399,3.215010239982874e-06,0.0,175.13630495938622,156.99999999999997,0.0,0.0,0.0,0.0,0.0,0.0,0.0,0.0,0.0,0.0,0.0,0.0
0.19166666666666665,0.30000321501023974,3.215010239982874e-06,0.0,176.82318245950282,156.99999999999997,0.0,0.0,0.0,0.0,0.0,0.0,0.0,0.0,0.0,0.0,0.0,0.0
0.2,0.30000321501024013,3.215010239982874e-06,0.0,178.5850599595803,156.99999999999997,0.0,0.0,0.0,0.0,0.0,0.0,0.0,0.0,0.0,0.0,0.0,0.0
0.20833333333333334,0.30000321501024035,3.215010239982874e-06,0.0,180.4219374597232,156.99999999999997,0.0,0.0,0.0,0.0,0.0,0.0,0.0,0.0,0.0,0.0,0.0,0.0
0.21666666666666665,0.3000032150102403,3.215010239982874e-06,0.0,182.33381495980055,156.99999999999997,0.0,0.0,0.0,0.0,0.0,0.0,0.0,0.0,0.0,0.0,0.0,0.0
0.22499999999999998,0.30000321501024013,3.215010239982874e-06,0.0,184.3206924599433,156.99999999999997,0.0,0.0,0.0,0.0,0.0,0.0,0.0,0.0,0.0,0.0,0.0,0.0
0.23333333333333334,0.30000321501023997,3.215010239982874e-06,0.0,186.3825699600468,156.99999999999997,0.0,0.0,0.0,0.0,0.0,0.0,0.0,0.0,0.0,0.0,0.0,0.0
0.2416666666666667,0.30000321501024013,3.215010239982874e-06,0.0,188.51944746018967,156.99999999999997,0.0,0.0,0.0,0.0,0.0,0.0,0.0,0.0,0.0,0.0,0.0,0.0
0.25,0.30000321501024035,3.215010239982874e-06,0.0,190.7313249602933,156.99999999999997,0.0,0.0,0.0,0.0,0.0,0.0,0.0,0.0,0.0,0.0,0.0,0.0
0.2583333333333333,0.30000321501024035,3.215010239982874e-06,0.0,193.01820246043619,156.99999999999997,0.0,0.0,0.0,0.0,0.0,0.0,0.0,0.0,0.0,0.0,0.0,0.0
0.26666666666666666,0.30000321501024046,3.215010239982874e-06,0.0,195.3800799605659,156.99999999999997,0.0,0.0,0.0,0.0,0.0,0.0,0.0,0.0,0.0,0.0,0.0,0.0
0.27499999999999997,0.30000321501024013,3.215010239982874e-06,0.0,197.81695746070858,156.99999999999997,0.0,0.0,0.0,0.0,0.0,0.0,0.0,0.0,0.0,0.0,0.0,0.0
0.2833333333333333,0.3000032150102401,3.215010239982874e-06,0.0,200.32883496086447,156.99999999999997,0.0,0.0,0.0,0.0,0.0,0.0,0.0,0.0,0.0,0.0,0.0,0.0
0.2916666666666667,0.30000321501024013,3.215010239982874e-06,0.0,202.9157124610074,156.99999999999997,0.0,0.0,0.0,0.0,0.0,0.0,0.0,0.0,0.0,0.0,0.0,0.0
0.30000000000000004,0.3000032150102406,3.215010239982874e-06,0.0,205.57758996118963,156.99999999999997,0.0,0.0,0.0,0.0,0.0,0.0,0.0,0.0,0.0,0.0,0.0,0.0
0.30833333333333335,0.3000032150102407,3.215010239982874e-06,0.0,208.31446746133247,156.99999999999997,0.0,0.0,0.0,0.0,0.0,0.0,0.0,0.0,0.0,0.0,0.0,0.0
0.31666666666666665,0.30000321501024046,3.215010239982874e-06,0.0,211.12634496151455,156.99999999999997,0.0,0.0,0.0,0.0,0.0,0.0,0.0,0.0,0.0,0.0,0.0,0.0
0.325,0.30000321501024013,3.215010239982874e-06,0.0,214.01322246165728,156.99999999999997,0.0,0.0,0.0,0.0,0.0,0.0,0.0,0.0,0.0,0.0,0.0,0.0
0.3333333333333333,0.30000321501023997,3.215010239982874e-06,0.0,216.9750999618394,156.99999999999997,0.0,0.0,0.0,0.0,0.0,0.0,0.0,0.0,0.0,0.0,0.0,0.0
0.3416666666666667,0.3000032150102403,3.215010239982874e-06,0.0,220.01197746200853,156.99999999999997,0.0,0.0,0.0,0.0,0.0,0.0,0.0,0.0,0.0,0.0,0.0,0.0
0.35,0.30000321501024035,3.215010239982874e-06,0.0,223.1238549621907,156.99999999999997,0.0,0.0,0.0,0.0,0.0,0.0,0.0,0.0,0.0,0.0,0.0,0.0
0.35833333333333334,0.3000032150102403,3.215010239982874e-06,0.0,226.31073246238594,156.99999999999997,0.0,0.0,0.0,0.0,0.0,0.0,0.0,0.0,0.0,0.0,0.0,0.0
0.36666666666666664,0.3000032150102401,3.215010239982874e-06,0.0,229.57260996256795,156.99999999999997,0.0,0.0,0.0,0.0,0.0,0.0,0.0,0.0,0.0,0.0,0.0,0.0
0.375,0.30000321501023963,3.215010239982874e-06,0.0,232.9094874627631,156.99999999999997,0.0,0.0,0.0,0.0,0.0,0.0,0.0,0.0,0.0,0.0,0.0,0.0
0.3833333333333333,0.30000321501023974,3.215010239982874e-06,0.0,236.3213649629453,156.99999999999997,0.0,0.0,0.0,0.0,0.0,0.0,0.0,0.0,0.0,0.0,0.0,0.0
0.3916666666666667,0.30000321501024013,3.215010239982874e-06,0.0,239.8082424631668,156.99999999999997,0.0,0.0,0.0,0.0,0.0,0.0,0.0,0.0,0.0,0.0,0.0,0.0
0.4,0.3000032150102402,3.215010239982874e-06,0.0,243.37011996337515,156.99999999999997,0.0,0.0,0.0,0.0,0.0,0.0,0.0,0.0,0.0,0.0,0.0,0.0
0.4083333333333333,0.30000321501024013,3.215010239982874e-06,0.0,247.00699746359652,156.99999999999997,0.0,0.0,0.0,0.0,0.0,0.0,0.0,0.0,0.0,0.0,0.0,0.0
0.4166666666666667,0.3000032150102395,3.215010239982874e-06,0.0,250.71887496380472,156.99999999999997,0.0,0.0,0.0,0.0,0.0,0.0,0.0,0.0,0.0,0.0,0.0,0.0
0.425,0.30000321501023974,3.215010239982874e-06,0.0,254.5056175540081,156.99999999999997,0.0,0.0,8.387644687320316e-06,0.0,0.0,0.0,0.0,0.0,20.0,20.0,0.0,0.0
0.4333333333333333,0.3000032150102392,3.215010239982874e-06,0.0,258.36703448549406,156.99999999999997,0.0,0.0,2.3789426530637546e-05,0.0,0.0,0.0,0.0,0.0,20.000000000000007,20.000000000000007,0.0,0.0
0.44166666666666665,0.30000321501023886,3.215010239982874e-06,0.0,262.30281404763207,156.99999999999997,0.0,0.0,5.122753129055213e-05,0.0,0.0,0.0,0.0,0.0,20.0,20.0,0.0,0.0
0.44999999999999996,0.3000032150102384,3.215010239982874e-06,0.0,266.3125456637782,156.99999999999997,0.0,0.0,9.392231987643397e-05,0.0,0.0,0.0,0.0,0.0,19.999999999999993,19.999999999999993,0.0,0.0
0.45833333333333337,0.30000321501023774,3.215010239982874e-06,0.0,270.39572440951207,156.99999999999997,0.0,0.0,0.00015494681831350668,0.0,0.0,0.0,0.0,0.0,20.000000000000007,20.000000000000007,0.0,0.0
0.4666666666666667,0.3000032150102376,3.215010239982874e-06,0.0,274.55175533772143,156.99999999999997,0.0,0.0,0.00023723282088730847,0.0,0.0,0.0,0.0,0.0,19.999999999999986,19.999999999999986,0.0,0.0
0.475,0.30000321501023774,3.215010239982874e-06,0.0,278.77995763198476,156.99999999999997,0.0,0.0,0.0003435762500703084,0.0,0.0,0.0,0.0,0.0,20.000000000000004,20.000000000000004,0.0,0.0
0.4833333333333334,0.3000032150102376,3.215010239982874e-06,0.0,283.0795686108714,156.99999999999997,0.0,0.0,0.00047664173244731393,0.0,0.0,0.0,0.0,0.0,20.000000000000007,20.000000000000007,0.0,0.0
0.4916666666666667,0.30000321501023663,3.215010239982874e-06,0.0,287.4497476070808,156.99999999999997,0.0,0.0,0.0006389664005031212,0.0,0.0,0.0,0.0,0.0,20.000000000000018,20.000000000000018,0.0,0.0
0.5,0.3000032150102368,3.215010239982874e-06,0.0,291.88957974346965,156.99999999999997,0.0,0.0,0.000832962966289379,0.0,0.0,0.0,0.0,0.0,20.000000000000046,20.000000000000046,0.0,0.0
0.5083333333333333,0.3000032150102376,3.215010239982874e-06,0.0,296.39807962745795,156.99999999999997,0.0,0.0,0.0010609221375960634,0.0,0.0,0.0,0.0,0.0,20.000000000000007,20.000000000000007,0.0,0.0
0.5166666666666666,0.30000321501023747,3.215010239982874e-06,0.0,300.9741949815911,156.99999999999997,0.0,0.0,0.0013250144618201926,0.0,0.0,0.0,0.0,0.0,20.000000000000004,20.000000000000004,0.0,0.0
0.5249999999999999,0.30000321501023713,3.215010239982874e-06,0.0,305.6168102265707,156.99999999999997,0.0,0.0,0.0016272916903057788,0.0,0.0,0.0,0.0,0.0,20.0,20.0,0.0,0.0
0.5333333333333333,0.3000032150102376,3.215010239982874e-06,0.0,310.32475002925423,156.99999999999997,0.0,0.0,0.0019696877574508064,0.0,0.0,0.0,0.0,0.0,20.00000000000001,20.00000000000001,0.0,0.0
0.5416666666666666,0.3000032150102376,3.215010239982874e-06,0.0,315.09678282618347,156.99999999999997,0.0,0.0,0.0023540194667459407,0.0,0.0,0.0,0.0,0.0,20.00000000000001,20.00000000000001,0.0,0.0
0.5499999999999999,0.30000321501023824,3.215010239982874e-06,0.0,319.9316243297323,156.99999999999997,0.0,0.0,0.002781986970566209,0.0,0.0,0.0,0.0,0.0,20.000000000000004,20.000000000000004,0.0,0.0
0.5583333333333333,0.3000032150102376,3.215010239982874e-06,0.0,324.8279410219211,156.99999999999997,0.0,0.0,0.0032551741236772225,0.0,0.0,0.0,0.0,0.0,19.99999999999999,19.99999999999999,0.0,0.0
0.5666666666666667,0.3000032150102368,3.215010239982874e-06,0.0,329.7843536389916,156.99999999999997,0.0,0.0,0.0037750487825057313,0.0,0.0,0.0,0.0,0.0,19.99999999999997,19.99999999999997,0.0,0.0
0.5750000000000001,0.3000032150102368,3.215010239982874e-06,0.0,334.799440646439,156.99999999999997,0.0,0.0,0.004342963113222855,0.0,0.0,0.0,0.0,0.0,19.99999999999997,19.99999999999997,0.0,0.0
0.5833333333333334,0.30000321501023525,3.215010239982874e-06,0.0,339.87174170460605,156.99999999999997,0.0,0.0,0.004960153963778165,0.0,0.0,0.0,0.0,0.0,19.99999999999996,19.99999999999996,0.0,0.0
0.5916666666666667,0.3000032150102355,3.215010239982874e-06,0.0,344.99976112079327,156.99999999999997,0.0,0.0,0.005627743345650923,0.0,0.0,0.0,0.0,0.0,19.999999999999964,19.999999999999964,0.0,0.0
0.6000000000000001,0.30000321501023586,3.215010239982874e-06,0.0,350.1819712856469,156.99999999999997,0.0,0.0,0.0063467390641573414,0.0,0.0,0.0,0.0,0.0,19.99999999999999,19.99999999999999,0.0,0.0
0.6083333333333334,0.3000032150102362,3.215010239982874e-06,0.0,355.4168160869947,156.99999999999997,0.0,0.0,0.007118035527221038,0.0,0.0,0.0,0.0,0.0,19.999999999999993,19.999999999999993,0.0,0.0
0.6166666666666667,0.3000032150102362,3.215010239982874e-06,0.0,360.7027142972881,156.99999999999997,0.0,0.0,0.00794241475705532,0.0,0.0,0.0,0.0,0.0,20.000000000000007,20.000000000000007,0.0,0.0
0.625,0.30000321501023586,3.215010239982874e-06,0.0,366.03806292662375,156.99999999999997,0.0,0.0,0.008820547621375796,0.0,0.0,0.0,0.0,0.0,20.000000000000018,20.000000000000018,0.0,0.0
0.6333333333333333,0.3000032150102349,3.215010239982874e-06,0.0,371.4212405359718,156.99999999999997,0.0,0.0,0.009752995296338976,0.0,0.0,0.0,0.0,0.0,20.000000000000007,20.000000000000007,0.0,0.0
0.6416666666666666,0.3000032150102346,3.215010239982874e-06,0.0,376.8506105023,156.99999999999997,0.0,0.0,0.010740210967083745,0.0,0.0,0.0,0.0,0.0,20.00000000000004,20.00000000000004,0.0,0.0
0.65,0.3000032150102338,3.215010239982874e-06,0.0,382.32452422951866,156.99999999999997,0.0,0.0,0.011782541768303503,0.0,0.0,0.0,0.0,0.0,20.000000000000025,20.000000000000025,0.0,0.0
0.6583333333333333,0.3000032150102338,3.215010239982874e-06,0.0,387.84132429726094,156.99999999999997,0.0,0.0,0.012880230962392502,0.0,0.0,0.0,0.0,0.0,20.000000000000036,20.000000000000036,0.0,0.0
0.6666666666666666,0.3000032150102346,3.215010239982874e-06,0.0,393.3993475408647,156.99999999999997,0.0,0.0,0.014033420349848315,0.0,0.0,0.0,0.0,0.0,20.000000000000014,20.000000000000014,0.0,0.0
0.675,0.3000032150102346,3.215010239982874e-06,0.0,398.9969280557078,156.99999999999997,0.0,0.0,0.01524215290345315,0.0,0.0,0.0,0.0,0.0,20.00000000000002,20.00000000000002,0.0,0.0
0.6833333333333333,0.30000321501023397,3.215010239982874e-06,0.0,404.63240011893544,156.99999999999997,0.0,0.0,0.016506375615009724,0.0,0.0,0.0,0.0,0.0,19.999999999999996,19.999999999999996,0.0,0.0
0.6916666666666667,0.30000321501023286,3.215010239982874e-06,0.0,410.3041010231964,156.99999999999997,0.0,0.0,0.017825942542003783,0.0,0.0,0.0,0.0,0.0,19.999999999999993,19.999999999999993,0.0,0.0
0.7,0.3000032150102338,3.215010239982874e-06,0.0,416.01037381552607,156.99999999999997,0.0,0.0,0.019200618038775246,0.0,0.0,0.0,0.0,0.0,19.999999999999982,19.999999999999982,0.0,0.0
0.7083333333333333,0.30000321501023397,3.215010239982874e-06,0.0,421.74956993729984,156.99999999999997,0.0,0.0,0.020630080156772573,0.0,0.0,0.0,0.0,0.0,19.999999999999986,19.999999999999986,0.0,0.0
0.7166666666666667,0.3000032150102338,3.215010239982874e-06,0.0,427.5200517592312,156.99999999999997,0.0,0.0,0.022113924195976017,0.0,0.0,0.0,0.0,0.0,19.999999999999968,19.999999999999968,0.0,0.0
0.725,0.3000032150102343,3.215010239982874e-06,0.0,433.32019500823435,156.99999999999997,0.0,0.0,0.023651666390231908,0.0,0.0,0.0,0.0,0.0,19.99999999999996,19.99999999999996,0.0,0.0
0.7333333333333333,0.3000032150102349,3.215010239982874e-06,0.0,439.1483910816124,156.99999999999997,0.0,0.0,0.025242747707588307,0.0,0.0,0.0,0.0,0.0,19.999999999999943,19.999999999999943,0.0,0.0
0.7416666666666667,0.3000032150102349,3.215010239982874e-06,0.0,445.0030237685445,156.99999999999997,0.0,0.0,0.0268894610183945,0.0,0.0,0.0,0.0,0.0,19.999999999999954,19.999999999999954,0.0,0.0
0.75,0.30000321501023586,3.215010239982874e-06,0.0,450.882406300621,156.99999999999997,0.0,0.0,0.02859046273583659,0.0,0.0,0.0,0.0,0.0,19.99999999999999,19.99999999999999,0.0,0.0
0.7583333333333333,0.30000321501023586,3.215010239982874e-06,0.0,456.7849748423385,156.99999999999997,0.0,0.0,0.030342739665018853,0.0,0.0,0.0,0.0,0.0,20.000000000000018,20.000000000000018,0.0,0.0
0.7666666666666666,0.3000032150102349,3.215010239982874e-06,0.0,462.70920358966,156.99999999999997,0.0,0.0,0.03214546585014838,0.0,0.0,0.0,0.0,0.0,20.000000000000053,20.000000000000053,0.0,0.0
0.7750000000000001,0.30000321501023636,3.215010239982874e-06,0.0,468.6535923718205,156.99999999999997,0.0,0.0,0.03399775996985615,0.0,0.0,0.0,0.0,0.0,20.00000000000011,20.00000000000011,0.0,0.0
0.7833333333333334,0.30000321501023697,3.215010239982874e-06,0.0,474.6166682491563,156.99999999999997,0.0,0.0,0.035898689488695755,0.0,0.0,0.0,0.0,0.0,20.00000000000013,20.00000000000013,0.0,0.0
0.7916666666666667,0.3000032150102387,3.215010239982874e-06,0.0,480.59698698622265,156.99999999999997,0.0,0.0,0.03784727479649713,0.0,0.0,0.0,0.0,0.0,20.00000000000016,20.00000000000016,0.0,0.0
0.8,0.3000032150102395,3.215010239982874e-06,0.0,486.593134401351,156.99999999999997,0.0,0.0,0.03984249331970014,0.0,0.0,0.0,0.0,0.0,20.000000000000192,20.000000000000192,0.0,0.0
0.8083333333333333,0.30000321501024046,3.215010239982874e-06,0.0,492.60372759328806,156.99999999999997,0.0,0.0,0.041883283589052495,0.0,0.0,0.0,0.0,0.0,20.000000000000195,20.000000000000195,0.0,0.0
0.8166666666666667,0.30039378392805677,3.215010239982874e-06,0.0,498.6274160468806,156.99999999999997,0.0,0.0,0.0439685492497838,0.0,0.0,0.0,0.0,0.0,20.000000000000206,20.000000000000206,0.0,0.0
0.8250000000000001,0.30133040478116113,3.215010239982874e-06,0.0,504.6628826191941,156.99999999999997,0.0,0.0,0.04609716300063598,0.0,0.0,0.0,0.0,0.0,20.000000000000224,20.000000000000224,0.0,0.0
0.8333333333333334,0.30237097118723283,3.215010239982874e-06,0.0,510.7088444090591,156.99999999999997,0.0,0.0,0.04826797045021266,0.0,0.0,0.0,0.0,0.0,20.000000000000252,20.000000000000252,0.0,0.0
0.8416666666666667,0.3035273936440559,3.215010239982874e-06,0.0,516.7640535120278,156.99999999999997,0.0,0.0,0.05047979387907214,0.0,0.0,0.0,0.0,0.0,20.000000000000274,20.000000000000274,0.0,0.0
0.85,0.3048122505717368,3.215010239982874e-06,0.0,522.8272976642548,156.99999999999997,0.0,0.0,0.0527314358980895,0.0,0.0,0.0,0.0,0.0,20.000000000000274,20.000000000000274,0.0,0.0
0.8583333333333333,0.30623867115072545,3.215010239982874e-06,0.0,528.8974007781264,156.99999999999997,0.0,0.0,0.05502168299385443,0.0,0.0,0.0,0.0,0.0,20.000000000000306,20.000000000000306,0.0,0.0
0.8666666666666666,0.30782018700000136,3.215010239982874e-06,0.0,534.9732233735767,156.99999999999997,0.0,0.0,0.0573493089536846,0.0,0.0,0.0,0.0,0.0,20.000000000000316,20.000000000000316,0.0,0.0
0.875,0.3095705544836163,3.215010239982874e-06,0.0,541.0536629082734,156.99999999999997,0.0,0.0,0.059713078163010753,0.0,0.0,0.0,0.0,0.0,20.000000000000327,20.000000000000327,0.0,0.0
0.8833333333333333,0.31150355126361495,3.215010239982874e-06,0.0,547.137654011255,156.99999999999997,0.0,0.0,0.062111748769970554,0.0,0.0,0.0,0.0,0.0,20.00000000000034,20.00000000000034,0.0,0.0
0.8916666666666666,0.3136327525258617,3.215010239982874e-06,0.0,553.2241686234194,156.99999999999997,0.0,0.0,0.0645440757118303,0.0,0.0,0.0,0.0,0.0,20.00000000000031,20.00000000000031,0.0,0.0
0.8999999999999999,0.3159712939362363,3.215010239982874e-06,0.0,559.3122160495984,156.99999999999997,0.0,0.0,0.06700881359987293,0.0,0.0,0.0,0.0,0.0,20.000000000000306,20.000000000000306,0.0,0.0
0.9083333333333332,0.31853162968187276,3.215010239982874e-06,0.0,565.4008429260881,156.99999999999997,0.0,0.0,0.06950471945941049,0.0,0.0,0.0,0.0,0.0,20.000000000000313,20.000000000000313,0.0,0.0
0.9166666666666667,0.321325294777631,3.215010239982874e-06,0.0,571.489133108408,156.99999999999997,0.0,0.0,0.07203055532320538,0.0,0.0,0.0,0.0,0.0,20.00000000000031,20.00000000000031,0.0,0.0
0.925,0.32436268107099964,3.215010239982874e-06,0.0,577.5762074833681,156.99999999999997,0.0,0.0,0.07458509067667651,0.0,0.0,0.0,0.0,0.0,20.00000000000031,20.00000000000031,0.0,0.0
0.9333333333333333,0.32765283600927203,3.215010239982874e-06,0.0,583.6612237099924,156.99999999999997,0.0,0.0,0.07716710475446115,0.0,0.0,0.0,0.0,0.0,20.000000000000306,20.000000000000306,0.0,0.0
0.9416666666666667,0.3312032922520324,3.215010239982874e-06,0.0,589.7433758941625,156.99999999999997,0.0,0.0,0.07977538868892328,0.0,0.0,0.0,0.0,0.0,20.00000000000031,20.00000000000031,0.0,0.0
0.95,0.33501993469153213,3.215010239982874e-06,0.0,595.8218942005046,156.99999999999997,0.0,0.0,0.08240874751053295,0.0,0.0,0.0,0.0,0.0,20.000000000000313,20.000000000000313,0.0,0.0
0.9583333333333333,0.33910690950834216,3.215010239982874e-06,0.0,601.8960444071365,156.99999999999997,0.0,0.0,0.08506600200278538,0.0,0.0,0.0,0.0,0.0,20.00000000000031,20.00000000000031,0.0,0.0
0.9666666666666668,0.34346657770378997,3.215010239982874e-06,0.0,607.9651274062185,156.99999999999997,0.0,0.0,0.08774599041225484,0.0,0.0,0.0,0.0,0.0,20.000000000000288,20.000000000000288,0.0,0.0
0.9750000000000001,0.34809951329617433,3.215010239982874e-06,0.0,614.0284786562765,156.99999999999997,0.0,0.0,0.09044757001799794,0.0,0.0,0.0,0.0,0.0,20.000000000000256,20.000000000000256,0.0,0.0
0.9833333333333334,0.35300454422372485,3.215010239982874e-06,0.0,620.0854675885842,156.99999999999997,0.0,0.0,0.09316961856133003,0.0,0.0,0.0,0.0,0.0,20.000000000000227,20.000000000000227,0.0,0.0
0.9916666666666667,0.35817883212013546,3.215010239982874e-06,0.0,626.1354969736235,156.99999999999997,0.0,0.0,0.0959110355413277,0.0,0.0,0.0,0.0,0.0,20.000000000000224,20.000000000000224,0.0,0.0
1.0,0.36361798563599423,3.215010239982874e-06,0.0,632.1780022499493,156.99999999999997,0.0,0.0,0.09867074337805676,0.0,0.0,0.0,0.0,0.0,20.0000000000002,20.0000000000002,0.0,0.0
1.0083333333333333,0.3693162009426488,3.215010239982874e-06,0.0,638.1395015182585,156.99999999999997,0.0,0.0,0.1013684774000845,0.0,0.0,0.0,0.0,0.0,20.00000000000016,20.00000000000016,0.0,0.0
1.0166666666666666,0.3752664224959149,3.215010239982874e-06,0.0,643.9472679776991,156.99999999999997,0.0,0.0,0.10392202906356203,0.0,0.0,0.0,0.0,0.0,20.00000000000012,20.00000000000012,0.0,0.0
1.025,0.3814605170334248,3.215010239982874e-06,0.0,649.6056219424484,156.99999999999997,0.0,0.0,0.10633181541786849,0.0,0.0,0.0,0.0,0.0,20.000000000000103,20.000000000000103,0.0,0.0
1.0333333333333332,0.3878894540734962,3.215010239982874e-06,0.0,655.1188641662111,156.99999999999997,0.0,0.0,0.10859870650103298,0.0,0.0,0.0,0.0,0.0,20.00000000000009,20.00000000000009,0.0,0.0
1.0416666666666665,0.3945434867945146,3.215010239982874e-06,0.0,660.4912630877692,156.99999999999997,0.0,0.0,0.11072397135218592,0.0,0.0,0.0,0.0,0.0,20.000000000000092,20.000000000000092,0.0,0.0
1.0499999999999998,0.4014123280090024,3.215010239982874e-06,0.0,665.7270436252714,156.99999999999997,0.0,0.0,0.11270922860817208,0.0,0.0,0.0,0.0,0.0,20.000000000000053,20.000000000000053,0.0,0.0
1.0583333333333333,0.40848531691362094,3.215010239982874e-06,0.0,670.8303773872776,156.99999999999997,0.0,0.0,0.11455640135461406,0.0,0.0,0.0,0.0,0.0,20.00000000000006,20.00000000000006,0.0,0.0
1.0666666666666667,0.41575157331022694,3.215010239982874e-06,0.0,675.8053741768173,156.99999999999997,0.0,0.0,0.11626767592563127,0.0,0.0,0.0,0.0,0.0,20.00000000000002,20.00000000000002,0.0,0.0
1.075,0.4232001369838799,3.215010239982874e-06,0.0,680.6560746754599,156.99999999999997,0.0,0.0,0.11784546437018091,0.0,0.0,0.0,0.0,0.0,20.000000000000025,20.000000000000025,0.0,0.0
1.0833333333333333,0.4308200908375591,3.215010239982874e-06,0.0,685.3864442002684,156.99999999999997,0.0,0.0,0.11929237031934423,0.0,0.0,0.0,0.0,0.0,19.999999999999996,19.999999999999996,0.0,0.0
1.0916666666666666,0.4386006671844443,3.215010239982874e-06,0.0,690.0003674366166,156.99999999999997,0.0,0.0,0.12061115800858105,0.0,0.0,0.0,0.0,0.0,19.99999999999999,19.99999999999999,0.0,0.0
1.0999999999999999,0.44653133726708816,3.215010239982874e-06,0.0,694.5016440547298,156.99999999999997,0.0,0.0,0.12180472422178305,0.0,0.0,0.0,0.0,0.0,19.999999999999968,19.999999999999968,0.0,0.0
1.1083333333333334,0.4546018846021289,3.215010239982874e-06,0.0,698.8939851264357,156.99999999999997,0.0,0.0,0.1228760729403375,0.0,0.0,0.0,0.0,0.0,19.99999999999997,19.99999999999997,0.0,0.0
1.1166666666666667,0.4628024631437395,3.215010239982874e-06,0.0,703.1810102637191,156.99999999999997,0.0,0.0,0.12382829249230828,0.0,0.0,0.0,0.0,0.0,19.99999999999995,19.99999999999995,0.0,0.0
1.125,0.47112364153006725,3.215010239982874e-06,0.0,707.3662454070547,156.99999999999997,0.0,0.0,0.12466453500983828,0.0,0.0,0.0,0.0,0.0,19.999999999999954,19.999999999999954,0.0,0.0
1.1333333333333333,0.4795564348407142,3.215010239982874e-06,0.0,711.4531211973093,156.99999999999997,0.0,0.0,0.12538799801499945,0.0,0.0,0.0,0.0,0.0,19.999999999999947,19.999999999999947,0.0,0.0
1.1416666666666666,0.48809232536774605,3.215010239982874e-06,0.0,715.4449718695498,156.99999999999997,0.0,0.0,0.12600190796475869,0.0,0.0,0.0,0.0,0.0,19.999999999999968,19.999999999999968,0.0,0.0
1.1500000000000001,0.49672327390626647,3.215010239982874e-06,0.0,719.3450346129505,156.99999999999997,0.0,0.0,0.12650950559757826,0.0,0.0,0.0,0.0,0.0,19.999999999999975,19.999999999999975,0.0,0.0
1.1583333333333334,0.5054417230207284,3.215010239982874e-06,0.0,723.1564493443813,156.99999999999997,0.0,0.0,0.1269140329329425,0.0,0.0,0.0,0.0,0.0,19.999999999999954,19.999999999999954,0.0,0.0
1.1666666666666667,0.5142405936550305,3.215010239982874e-06,0.0,726.8822588488769,156.99999999999997,0.0,0.0,0.1272187217864312,0.0,0.0,0.0,0.0,0.0,19.99999999999997,19.99999999999997,0.0,0.0
1.175,0.523113276341628,3.215010239982874e-06,0.0,730.5254092429617,156.99999999999997,0.0,0.0,0.12742678367079846,0.0,0.0,0.0,0.0,0.0,19.999999999999957,19.999999999999957,0.0,0.0
1.1833333333333333,0.5320536181381387,3.215010239982874e-06,0.0,734.088750721562,156.99999999999997,0.0,0.0,0.1275414009635175,0.0,0.0,0.0,0.0,0.0,19.999999999999957,19.999999999999957,0.0,0.0
1.1916666666666667,0.5410559062874505,3.215010239982874e-06,0.0,737.575038551774,156.99999999999997,0.0,0.0,0.1275657192285987,0.0,0.0,0.0,0.0,0.0,19.99999999999994,19.99999999999994,0.0,0.0
1.2000000000000002,0.5501148494660574,3.215010239982874e-06,0.0,740.9869342810207,156.99999999999997,0.0,0.0,0.12750284058962935,0.0,0.0,0.0,0.0,0.0,19.99999999999995,19.99999999999995,0.0,0.0
1.2083333333333335,0.559225557359321,3.215010239982874e-06,0.0,744.3270071288539,156.99999999999997,0.0,0.0,0.12735581805707952,0.0,0.0,0.0,0.0,0.0,19.999999999999936,19.999999999999936,0.0,0.0
1.2166666666666668,0.5683835191851321,3.215010239982874e-06,0.0,747.5977355358428,156.99999999999997,0.0,0.0,0.12712765072165164,0.0,0.0,0.0,0.0,0.0,19.999999999999936,19.999999999999936,0.0,0.0
1.225,0.5775845816803425,3.215010239982874e-06,0.0,750.8015088442826,156.99999999999997,0.0,0.0,0.1268212797307582,0.0,0.0,0.0,0.0,0.0,19.999999999999932,19.999999999999932,0.0,0.0
1.2333333333333334,0.5868249269687507,3.215010239982874e-06,0.0,753.9406290888343,156.99999999999997,0.0,0.0,0.126439584972689,0.0,0.0,0.0,0.0,0.0,19.999999999999936,19.999999999999936,0.0,0.0
1.2416666666666667,0.5961010506452921,3.215010239982874e-06,0.0,757.0173128765385,156.99999999999997,0.0,0.0,0.12598538239798884,0.0,0.0,0.0,0.0,0.0,19.999999999999943,19.999999999999943,0.0,0.0
1.25,0.6054097403379757,3.215010239982874e-06,0.0,760.0336933385796,156.99999999999997,0.0,0.0,0.12546142191428167,0.0,0.0,0.0,0.0,0.0,19.99999999999994,19.99999999999994,0.0,0.0
1.2583333333333333,0.6147480549468558,3.215010239982874e-06,0.0,762.9918221368864,156.99999999999997,0.0,0.0,0.12487038579462942,0.0,0.0,0.0,0.0,0.0,19.999999999999957,19.999999999999957,0.0,0.0
1.2666666666666666,0.6241133047064568,3.215010239982874e-06,0.0,765.8936715116365,156.99999999999997,0.0,0.0,0.12421488754595211,0.0,0.0,0.0,0.0,0.0,19.99999999999996,19.99999999999996,0.0,0.0
1.275,0.6335030321742213,3.215010239982874e-06,0.0,768.7411363561097,156.99999999999997,0.0,0.0,0.12349747118722008,0.0,0.0,0.0,0.0,0.0,19.999999999999975,19.999999999999975,0.0,0.0
1.2833333333333332,0.6429149942113199,3.215010239982874e-06,0.0,771.5360363077341,156.99999999999997,0.0,0.0,0.12272061089251216,0.0,0.0,0.0,0.0,0.0,19.999999999999968,19.999999999999968,0.0,0.0
1.2916666666666667,0.6523471449927469,3.215010239982874e-06,0.0,774.280117844605,156.99999999999997,0.0,0.0,0.12188671095702257,0.0,0.0,0.0,0.0,0.0,19.999999999999975,19.999999999999975,0.0,0.0
1.3,0.6617976200601163,3.215010239982874e-06,0.0,776.9750563787336,156.99999999999997,0.0,0.0,0.12099810604868232,0.0,0.0,0.0,0.0,0.0,19.999999999999957,19.999999999999957,0.0,0.0
1.3083333333333333,0.6712647214120275,3.215010239982874e-06,0.0,779.6224583378922,156.99999999999997,0.0,0.0,0.12005706171092102,0.0,0.0,0.0,0.0,0.0,19.99999999999996,19.99999999999996,0.0,0.0
1.3166666666666667,0.6807469036125339,3.215010239982874e-06,0.0,782.2238632285837,156.99999999999997,0.0,0.0,0.11906577508492924,0.0,0.0,0.0,0.0,0.0,19.999999999999947,19.999999999999947,0.0,0.0
1.325,0.6902427608875239,3.215010239982874e-06,0.0,784.7807456749255,156.99999999999997,0.0,0.0,0.11802637582424215,0.0,0.0,0.0,0.0,0.0,19.99999999999994,19.99999999999994,0.0,0.0
1.3333333333333333,0.6997510151708639,3.215010239982874e-06,0.0,787.2945174268501,156.99999999999997,0.0,0.0,0.11694092717469949,0.0,0.0,0.0,0.0,0.0,19.999999999999936,19.999999999999936,0.0,0.0
1.3416666666666668,0.7092705050567891,3.215010239982874e-06,0.0,789.7665293344234,156.99999999999997,0.0,0.0,0.11581142719834878,0.0,0.0,0.0,0.0,0.0,19.999999999999925,19.999999999999925,0.0,0.0
1.35,0.7188001756114009,3.215010239982874e-06,0.0,792.1980732826261,156.99999999999997,0.0,0.0,0.11463981011863633,0.0,0.0,0.0,0.0,0.0,19.999999999999947,19.999999999999947,0.0,0.0
1.3583333333333334,0.7283390689942038,3.215010239982874e-06,0.0,794.5903840851375,156.99999999999997,0.0,0.0,0.1134279477704429,0.0,0.0,0.0,0.0,0.0,19.99999999999994,19.99999999999994,0.0,0.0
1.3666666666666667,0.7378863158397859,3.215010239982874e-06,0.0,796.9446413323449,156.99999999999997,0.0,0.0,0.11217765113610476,0.0,0.0,0.0,0.0,0.0,19.999999999999943,19.999999999999943,0.0,0.0
1.375,0.7474411273499961,3.215010239982874e-06,0.0,799.2619711928859,156.99999999999997,0.0,0.0,0.11089067195445046,0.0,0.0,0.0,0.0,0.0,19.99999999999992,19.99999999999992,0.0,0.0
1.3833333333333333,0.7570027880478449,3.215010239982874e-06,0.0,801.5434481653467,156.99999999999997,0.0,0.0,0.10956870438800496,0.0,0.0,0.0,0.0,0.0,19.99999999999993,19.99999999999993,0.0,0.0
1.3916666666666666,0.7665706491458071,3.215010239982874e-06,0.0,803.790096779787,156.99999999999997,0.0,0.0,0.10821338673806113,0.0,0.0,0.0,0.0,0.0,19.999999999999922,19.999999999999922,0.0,0.0
1.4,0.7761441224831017,3.215010239982874e-06,0.0,806.002893246743,156.99999999999997,0.0,0.0,0.10682630319602916,0.0,0.0,0.0,0.0,0.0,19.99999999999992,19.99999999999992,0.0,0.0
1.4083333333333332,0.7857226749885261,3.215010239982874e-06,0.0,808.1827670535484,156.99999999999997,0.0,0.0,0.10540898562292322,0.0,0.0,0.0,0.0,0.0,19.999999999999886,19.999999999999886,0.0,0.0
1.4166666666666665,0.7953058236278308,3.215010239982874e-06,0.0,810.3306025068478,156.99999999999997,0.0,0.0,0.1039629153485947,0.0,0.0,0.0,0.0,0.0,19.999999999999915,19.999999999999915,0.0,0.0
1.4249999999999998,0.8048931307969129,3.215010239982874e-06,0.0,812.4472402208191,156.99999999999997,0.0,0.0,0.10248952498390093,0.0,0.0,0.0,0.0,0.0,19.99999999999992,19.99999999999992,0.0,0.0
1.4333333333333333,0.8144842001245267,3.215010239982874e-06,0.0,814.5334785512089,156.99999999999997,0.0,0.0,0.10099020024040509,0.0,0.0,0.0,0.0,0.0,19.999999999999943,19.999999999999943,0.0,0.0
1.4416666666666667,0.8240786726506695,3.215010239982874e-06,0.0,816.5900749742541,156.99999999999997,0.0,0.0,0.0994662817517793,0.0,0.0,0.0,0.0,0.0,19.999999999999957,19.999999999999957,0.0,0.0
1.45,0.8336762233490274,3.215010239982874e-06,0.0,818.6177474115608,156.99999999999997,0.0,0.0,0.09791906689399756,0.0,0.0,0.0,0.0,0.0,19.999999999999943,19.999999999999943,0.0,0.0
1.4583333333333333,0.8432765579642647,3.215010239982874e-06,0.0,820.6171754998345,156.99999999999997,0.0,0.0,0.09634981159962956,0.0,0.0,0.0,0.0,0.0,19.99999999999994,19.99999999999994,0.0,0.0
1.4666666666666666,0.8528794101370676,3.215010239982874e-06,0.0,822.5890018068943,156.99999999999997,0.0,0.0,0.09475973216492664,0.0,0.0,0.0,0.0,0.0,19.999999999999925,19.999999999999925,0.0,0.0
1.4749999999999999,0.8624845387919142,3.215010239982874e-06,0.0,824.533832993124,156.99999999999997,0.0,0.0,0.09315000704653556,0.0,0.0,0.0,0.0,0.0,19.99999999999994,19.99999999999994,0.0,0.0
1.4833333333333334,0.8720917257645415,3.215010239982874e-06,0.0,826.4522409195033,156.99999999999997,0.0,0.0,0.09152177864734795,0.0,0.0,0.0,0.0,0.0,19.999999999999904,19.999999999999904,0.0,0.0
1.4916666666666667,0.8817007736479263,3.215010239982874e-06,0.0,828.3447637021386,156.99999999999997,0.0,0.0,0.08987615509022556,0.0,0.0,0.0,0.0,0.0,19.999999999999925,19.999999999999925,0.0,0.0
1.5,0.8913115038373098,3.215010239982874e-06,0.0,830.2119067136958,156.99999999999997,0.0,0.0,0.0882142119794123,0.0,0.0,0.0,0.0,0.0,19.999999999999904,19.999999999999904,0.0,0.0
1.5083333333333333,0.9009237547564373,3.215010239982874e-06,0.0,832.0541435323505,156.99999999999997,0.0,0.0,0.08653699415014512,0.0,0.0,0.0,0.0,0.0,19.999999999999897,19.999999999999897,0.0,0.0
1.5166666666666666,0.9105373802486734,3.215010239982874e-06,0.0,833.8719168381944,156.99999999999997,0.0,0.0,0.08484551740681347,0.0,0.0,0.0,0.0,0.0,19.999999999999922,19.999999999999922,0.0,0.0
1.525,0.9201522481180482,3.215010239982874e-06,0.0,835.6656392579594,156.99999999999997,0.0,0.0,0.08314077025147232,0.0,0.0,0.0,0.0,0.0,20.00000000000004,20.00000000000004,0.0,0.0
1.5333333333333332,0.9297682388066031,3.215010239982874e-06,0.0,837.4356941576629,156.99999999999997,0.0,0.0,0.08142371560374187,0.0,0.0,0.0,0.0,0.0,20.00000000000016,20.00000000000016,0.0,0.0
1.5416666666666665,0.9393852441955377,3.215010239982874e-06,0.0,839.1824363840535,156.99999999999997,0.0,0.0,0.079695292514981,0.0,0.0,0.0,0.0,0.0,20.000000000000288,20.000000000000288,0.0,0.0
1.5500000000000003,0.9490031665188274,3.215010239982874e-06,0.0,840.9061929544662,156.99999999999997,0.0,0.0,0.07795641787886574,0.0,0.0,0.0,0.0,0.0,20.00000000000031,20.00000000000031,0.0,0.0
1.5583333333333336,0.9586219173789228,3.215010239982874e-06,0.0,842.6072636955718,156.99999999999997,0.0,0.0,0.07620798814198308,0.0,0.0,0.0,0.0,0.0,20.000000000000313,20.000000000000313,0.0,0.0
1.5666666666666669,0.9682414168551257,3.215010239982874e-06,0.0,844.2859218305405,156.99999999999997,0.0,0.0,0.07445088101768683,0.0,0.0,0.0,0.0,0.0,20.00000000000031,20.00000000000031,0.0,0.0
1.5750000000000002,0.9778615926960128,3.215010239982874e-06,0.0,845.942414514984,156.99999999999997,0.0,0.0,0.07268595720798911,0.0,0.0,0.0,0.0,0.0,20.00000000000031,20.00000000000031,0.0,0.0
1.5833333333333335,0.9874823795881282,3.215010239982874e-06,0.0,847.5769633207082,156.99999999999997,0.0,0.0,0.07091406213761911,0.0,0.0,0.0,0.0,0.0,20.00000000000031,20.00000000000031,0.0,0.0
1.5916666666666668,0.9971037184938332,3.215010239982874e-06,0.0,849.1897646674925,156.99999999999997,0.0,0.0,0.0691360277063671,0.0,0.0,0.0,0.0,0.0,20.000000000000313,20.000000000000313,0.0,0.0
1.6,1.006725556051831,3.215010239982874e-06,0.0,850.780990201714,156.99999999999997,0.0,0.0,0.06735267406530476,0.0,0.0,0.0,0.0,0.0,20.000000000000313,20.000000000000313,0.0,0.0
1.6083333333333334,1.0163478440345182,3.215010239982874e-06,0.0,852.3507871214327,156.99999999999997,0.0,0.0,0.06556481142421411,0.0,0.0,0.0,0.0,0.0,20.000000000000306,20.000000000000306,0.0,0.0
1.6166666666666667,1.0259705388568572,3.215010239982874e-06,0.0,853.8992784464633,156.99999999999997,0.0,0.0,0.06377324189756768,0.0,0.0,0.0,0.0,0.0,20.00000000000031,20.00000000000031,0.0,0.0
1.625,1.0355936011318738,3.215010239982874e-06,0.0,855.4265632326601,156.99999999999997,0.0,0.0,0.06197876139830887,0.0,0.0,0.0,0.0,0.0,20.00000000000032,20.00000000000032,0.0,0.0
1.6333333333333333,1.0452169952684562,3.215010239982874e-06,0.0,856.9327167281933,156.99999999999997,0.0,0.0,0.06018216158864818,0.0,0.0,0.0,0.0,0.0,20.000000000000345,20.000000000000345,0.0,0.0
1.6416666666666668,1.0548406891074193,3.215010239982874e-06,0.0,858.4177904705863,156.99999999999997,0.0,0.0,0.058384231899622184,0.0,0.0,0.0,0.0,0.0,20.000000000000355,20.000000000000355,0.0,0.0
1.6500000000000001,1.064464653592245,3.215010239982874e-06,0.0,859.8818123217333,156.99999999999997,0.0,0.0,0.05658576163149467,0.0,0.0,0.0,0.0,0.0,20.000000000000387,20.000000000000387,0.0,0.0
1.6583333333333334,1.0740888624712412,3.215010239982874e-06,0.0,861.3247864387024,156.99999999999997,0.0,0.0,0.05478754214968677,0.0,0.0,0.0,0.0,0.0,20.000000000000416,20.000000000000416,0.0,0.0
1.6666666666666667,1.0837132920280927,3.215010239982874e-06,0.0,862.7466931767841,156.99999999999997,0.0,0.0,0.05299036919214269,0.0,0.0,0.0,0.0,0.0,20.000000000000437,20.000000000000437,0.0,0.0
1.675,1.0933379208381764,3.215010239982874e-06,0.0,864.1474889215469,156.99999999999997,0.0,0.0,0.05119504530705352,0.0,0.0,0.0,0.0,0.0,20.000000000000473,20.000000000000473,0.0,0.0
1.6833333333333333,1.1029627295481457,3.215010239982874e-06,0.0,865.5271058455515,156.99999999999997,0.0,0.0,0.049402382442199896,0.0,0.0,0.0,0.0,0.0,20.000000000000515,20.000000000000515,0.0,0.0
1.6916666666666667,1.112587700676627,3.215010239982874e-06,0.0,866.8854515844122,156.99999999999997,0.0,0.0,0.04761320471016695,0.0,0.0,0.0,0.0,0.0,20.00000000000054,20.00000000000054,0.0,0.0
1.7,1.1222128184339555,3.215010239982874e-06,0.0,868.2224088274098,156.99999999999997,0.0,0.0,0.04582835135873053,0.0,0.0,0.0,0.0,0.0,20.00000000000058,20.00000000000058,0.0,0.0
1.7083333333333333,1.1318380685592258,3.215010239982874e-06,0.0,869.5378348148297,156.99999999999997,0.0,0.0,0.044048679978500344,0.0,0.0,0.0,0.0,0.0,20.00000000000063,20.00000000000063,0.0,0.0
1.7166666666666666,1.1414634381729165,3.215010239982874e-06,0.0,870.8315607356892,156.99999999999997,0.0,0.0,0.04227506998774693,0.0,0.0,0.0,0.0,0.0,20.000000000000657,20.000000000000657,0.0,0.0
1.7249999999999999,1.1510889156436732,3.215010239982874e-06,0.0,872.1033910152372,156.99999999999997,0.0,0.0,0.0405084264385148,0.0,0.0,0.0,0.0,0.0,20.000000000000703,20.000000000000703,0.0,0.0
1.7333333333333332,1.1607144904678752,3.215010239982874e-06,0.0,873.3531024836661,156.99999999999997,0.0,0.0,0.03874968419935531,0.0,0.0,0.0,0.0,0.0,20.000000000000746,20.000000000000746,0.0,0.0
1.7416666666666667,1.1703401531607551,3.215010239982874e-06,0.0,874.5804434119034,156.99999999999997,0.0,0.0,0.03699981257697349,0.0,0.0,0.0,0.0,0.0,20.00000000000078,20.00000000000078,0.0,0.0
1.75,1.1799658951579997,3.215010239982874e-06,0.0,875.7851324018495,156.99999999999997,0.0,0.0,0.03525982045447437,0.0,0.0,0.0,0.0,0.0,20.000000000000814,20.000000000000814,0.0,0.0
1.7583333333333333,1.1895917087267898,3.215010239982874e-06,0.0,876.9668571127961,156.99999999999997,0.0,0.0,0.03353076203690666,0.0,0.0,0.0,0.0,0.0,20.00000000000086,20.00000000000086,0.0,0.0
1.7666666666666666,1.1992175868854162,3.215010239982874e-06,0.0,878.1252728054218,156.99999999999997,0.0,0.0,0.031813743316312815,0.0,0.0,0.0,0.0,0.0,20.000000000000906,20.000000000000906,0.0,0.0
1.775,1.2088435233306143,3.215010239982874e-06,0.0,879.2600006786764,156.99999999999997,0.0,0.0,0.030109929391126868,0.0,0.0,0.0,0.0,0.0,20.000000000000973,20.000000000000973,0.0,0.0
1.7833333333333332,1.2184695123719111,3.215010239982874e-06,0.0,880.3706259722842,156.99999999999997,0.0,0.0,0.028420552807426135,0.0,0.0,0.0,0.0,0.0,20.000000000001027,20.000000000001027,0.0,0.0
1.7916666666666665,1.228095548872296,3.215010239982874e-06,0.0,881.4566958007438,156.99999999999997,0.0,0.0,0.026746923128640906,0.0,0.0,0.0,0.0,0.0,20.000000000001098,20.000000000001098,0.0,0.0
1.7999999999999998,1.2377216281945986,3.215010239982874e-06,0.0,882.5177166781697,156.99999999999997,0.0,0.0,0.025090437992705786,0.0,0.0,0.0,0.0,0.0,20.00000000000116,20.00000000000116,0.0,0.0
1.8083333333333331,1.247347746153052,3.215010239982874e-06,0.0,883.5531516849785,156.99999999999997,0.0,0.0,0.02345259598424246,0.0,0.0,0.0,0.0,0.0,20.00000000000125,20.00000000000125,0.0,0.0
1.8166666666666664,1.2569738989695236,3.215010239982874e-06,0.0,884.5624172150416,156.99999999999997,0.0,0.0,0.02183501173936315,0.0,0.0,0.0,0.0,0.0,20.000000000001293,20.000000000001293,0.0,0.0
1.8249999999999997,1.2666000832339777,3.215010239982874e-06,0.0,885.5448792295346,156.99999999999997,0.0,0.0,0.02023943382441081,0.0,0.0,0.0,0.0,0.0,20.000000000001297,20.000000000001297,0.0,0.0
1.8333333333333335,1.276226295868746,3.215010239982874e-06,0.0,886.499848922726,156.99999999999997,0.0,0.0,0.018667766095797074,0.0,0.0,0.0,0.0,0.0,20.000000000001297,20.000000000001297,0.0,0.0
1.8416666666666668,1.2858525340962632,3.215010239982874e-06,0.0,887.4265776828449,156.99999999999997,0.0,0.0,0.017122093482461135,0.0,0.0,0.0,0.0,0.0,20.000000000001293,20.000000000001293,0.0,0.0
1.85,1.2954787954099152,3.215010239982874e-06,0.0,888.3242511958559,156.99999999999997,0.0,0.0,0.015604713460481931,0.0,0.0,0.0,0.0,0.0,20.000000000001293,20.000000000001293,0.0,0.0
1.8583333333333334,2.300002962558136,3.215010239982874e-06,0.0,889.1859325169701,156.99999999999997,0.0,0.0,0.014993382336911667,0.0,0.0,0.0,0.0,0.0,20.000000000001286,20.000000000001286,0.0,0.0
1.8666666666666667,2.3000029682033545,3.215010239982874e-06,0.0,889.9672634020433,156.99999999999997,0.0,0.0,0.015444113451520497,0.0,0.0,0.0,0.0,0.0,20.000000000001247,20.000000000001247,0.0,0.0
1.875,2.300002973232205,3.215010239982874e-06,0.0,890.660786644143,156.99999999999997,0.0,0.0,0.015847902593230875,0.0,0.0,0.0,0.0,0.0,20.000000000001208,20.000000000001208,0.0,0.0
1.8833333333333333,2.30000297764863,3.215010239982874e-06,0.0,891.267918934301,156.99999999999997,0.0,0.0,0.016204233770893972,0.0,0.0,0.0,0.0,0.0,20.000000000001194,20.000000000001194,0.0,0.0
1.8916666666666666,2.3000029814575282,3.215010239982874e-06,0.0,891.7900891134893,156.99999999999997,0.0,0.0,0.016512806035620237,0.0,0.0,0.0,0.0,0.0,20.00000000000117,20.00000000000117,0.0,0.0
1.9,2.3000029846646877,3.215010239982874e-06,0.0,892.2287320185881,156.99999999999997,0.0,0.0,0.0167735143140372,0.0,0.0,0.0,0.0,0.0,20.00000000000114,20.00000000000114,0.0,0.0
1.9083333333333332,2.300002987276715,3.215010239982874e-06,0.0,892.585282875045,156.99999999999997,0.0,0.0,0.01698643204029756,0.0,0.0,0.0,0.0,0.0,20.000000000001105,20.000000000001105,0.0,0.0
1.9166666666666665,2.30000298930097,3.215010239982874e-06,0.0,892.8611721858683,156.99999999999997,0.0,0.0,0.017151795401295522,0.0,0.0,0.0,0.0,0.0,20.000000000001087,20.000000000001087,0.0,0.0
1.9250000000000003,2.3000029907454973,3.215010239982874e-06,0.0,893.0578210704159,156.99999999999997,0.0,0.0,0.017269989041834268,0.0,0.0,0.0,0.0,0.0,20.000000000001066,20.000000000001066,0.0,0.0
1.9333333333333336,2.300002991618963,3.215010239982874e-06,0.0,893.1766370116179,156.99999999999997,0.0,0.0,0.017341533103025997,0.0,0.0,0.0,0.0,0.0,20.000000000001062,20.000000000001062,0.0,0.0
1.9416666666666669,2.3000029919305875,3.215010239982874e-06,0.0,893.2190099728602,156.99999999999997,0.0,0.0,0.01736707148741927,0.0,0.0,0.0,0.0,0.0,20.00000000000105,20.00000000000105,0.0,0.0
1.9500000000000002,2.300002991690087,3.215010239982874e-06,0.0,893.1863088496751,156.99999999999997,0.0,0.0,0.017347361261868005,0.0,0.0,0.0,0.0,0.0,20.000000000001037,20.000000000001037,0.0,0.0
1.9583333333333335,2.3000029909076103,3.215010239982874e-06,0.0,893.0798782226087,156.99999999999997,0.0,0.0,0.017283263122500933,0.0,0.0,0.0,0.0,0.0,20.00000000000103,20.00000000000103,0.0,0.0
1.9666666666666668,2.300002989593681,3.215010239982874e-06,0.0,892.9010353810695,156.99999999999997,0.0,0.0,0.017175732859011947,0.0,0.0,0.0,0.0,0.0,20.000000000001013,20.000000000001013,0.0,0.0
1.975,2.3000029877591417,3.215010239982874e-06,0.0,892.6510675884624,156.99999999999997,0.0,0.0,0.01702581376533504,0.0,0.0,0.0,0.0,0.0,20.000000000001023,20.000000000001023,0.0,0.0
1.9833333333333334,2.300002985415098,3.215010239982874e-06,0.0,892.3312295613339,156.99999999999997,0.0,0.0,0.016834629953958503,0.0,0.0,0.0,0.0,0.0,20.000000000001016,20.000000000001016,0.0,0.0
1.9916666666666667,2.300002982572869,3.215010239982874e-06,0.0,891.9427411355211,156.99999999999997,0.0,0.0,0.016603380539619645,0.0,0.0,0.0,0.0,0.0,20.000000000000988,20.000000000000988,0.0,0.0
2.0,2.3000029792439336,3.215010239982874e-06,0.0,891.486785094173,156.99999999999997,0.0,0.0,0.016333334667488316,0.0,0.0,0.0,0.0,0.0,20.000000000000988,20.000000000000988,0.0,0.0
2.0083333333333333,2.3000029757065703,3.215010239982874e-06,0.0,891.0011631981988,156.99999999999997,0.0,0.0,0.01604734720838819,0.0,0.0,0.0,0.0,0.0,20.00000000000099,20.00000000000099,0.0,0.0
2.0166666666666666,2.3000029722391337,3.215010239982874e-06,0.0,890.5240192079716,156.99999999999997,0.0,0.0,0.015767997846417522,0.0,0.0,0.0,0.0,0.0,20.000000000000995,20.000000000000995,0.0,0.0
2.0250000000000004,2.300002968839743,3.215010239982874e-06,0.0,890.0551569176193,156.99999999999997,0.0,0.0,0.0154950950910327,0.0,0.0,0.0,0.0,0.0,20.000000000000988,20.000000000000988,0.0,0.0
2.033333333333333,2.3000029655065832,3.215010239982874e-06,0.0,889.5943857648028,156.99999999999997,0.0,0.0,0.015228454042543934,0.0,0.0,0.0,0.0,0.0,20.000000000001013,20.000000000001013,0.0,0.0
2.041666666666667,2.3000029622378992,3.215010239982874e-06,0.0,889.1415206370336,156.99999999999997,0.0,0.0,0.014967896128964625,0.0,0.0,0.0,0.0,0.0,20.00000000000103,20.00000000000103,0.0,0.0
2.05,2.3000029590319957,3.215010239982874e-06,0.0,888.6963816857029,156.99999999999997,0.0,0.0,0.014713248854799847,0.0,0.0,0.0,0.0,0.0,20.000000000001027,20.000000000001027,0.0,0.0
2.0583333333333336,2.3000029558872344,3.215010239982874e-06,0.0,888.2587941474726,156.99999999999997,0.0,0.0,0.014464345561169087,0.0,0.0,0.0,0.0,0.0,20.000000000001016,20.000000000001016,0.0,0.0
2.0666666666666664,2.3000029528020303,3.215010239982874e-06,0.0,887.828588172697,156.99999999999997,0.0,0.0,0.014221025196690293,0.0,0.0,0.0,0.0,0.0,20.00000000000101,20.00000000000101,0.0,0.0
2.075,2.3000029497748518,3.215010239982874e-06,0.0,887.4055986605607,156.99999999999997,0.0,0.0,0.013983132098585942,0.0,0.0,0.0,0.0,0.0,20.000000000001002,20.000000000001002,0.0,0.0
2.083333333333333,2.3000029468042165,3.215010239982874e-06,0.0,886.989665100635,156.99999999999997,0.0,0.0,0.013750515783499933,0.0,0.0,0.0,0.0,0.0,20.000000000000988,20.000000000000988,0.0,0.0
2.091666666666667,2.30000294388869,3.215010239982874e-06,0.0,886.5806314205656,156.99999999999997,0.0,0.0,0.013523030747544058,0.0,0.0,0.0,0.0,0.0,20.00000000000097,20.00000000000097,0.0,0.0
2.0999999999999996,2.300002941026885,3.215010239982874e-06,0.0,886.1783458396271,156.99999999999997,0.0,0.0,0.013300536275118518,0.0,0.0,0.0,0.0,0.0,20.000000000000977,20.000000000000977,0.0,0.0
2.1083333333333334,2.300002938217457,3.215010239982874e-06,0.0,885.7826607278813,156.99999999999997,0.0,0.0,0.013082896256075286,0.0,0.0,0.0,0.0,0.0,20.000000000000988,20.000000000000988,0.0,0.0
2.1166666666666667,2.300002935459106,3.215010239982874e-06,0.0,885.3934324707017,156.99999999999997,0.0,0.0,0.012869979010816813,0.0,0.0,0.0,0.0,0.0,20.000000000000984,20.000000000000984,0.0,0.0
2.125,2.300002932750571,3.215010239982874e-06,0.0,885.0105213384263,156.99999999999997,0.0,0.0,0.012661657122944505,0.0,0.0,0.0,0.0,0.0,20.000000000000973,20.000000000000973,0.0,0.0
2.1333333333333333,2.3000029300906326,3.215010239982874e-06,0.0,884.6337913609224,156.99999999999997,0.0,0.0,0.012457807279094912,0.0,0.0,0.0,0.0,0.0,20.00000000000099,20.00000000000099,0.0,0.0
2.1416666666666666,2.3000029274781078,3.215010239982874e-06,0.0,884.2631102068502,156.99999999999997,0.0,0.0,0.012258310115613251,0.0,0.0,0.0,0.0,0.0,20.00000000000099,20.00000000000099,0.0,0.0
2.15,2.30000292491185,3.215010239982874e-06,0.0,883.8983490674265,156.99999999999997,0.0,0.0,0.012063050071742219,0.0,0.0,0.0,0.0,0.0,20.000000000001002,20.000000000001002,0.0,0.0
2.158333333333333,2.3000029223907488,3.215010239982874e-06,0.0,883.5393825444967,156.99999999999997,0.0,0.0,0.011871915249013928,0.0,0.0,0.0,0.0,0.0,20.000000000001005,20.000000000001005,0.0,0.0
2.1666666666666665,2.300002919913727,3.215010239982874e-06,0.0,883.186088542735,156.99999999999997,0.0,0.0,0.01168479727655259,0.0,0.0,0.0,0.0,0.0,20.000000000001002,20.000000000001002,0.0,0.0
2.175,2.3000029174797403,3.215010239982874e-06,0.0,882.838348165799,156.99999999999997,0.0,0.0,0.01150159118200872,0.0,0.0,0.0,0.0,0.0,20.00000000000099,20.00000000000099,0.0,0.0
2.183333333333333,2.300002915087775,3.215010239982874e-06,0.0,882.4960456162723,156.99999999999997,0.0,0.0,0.011322195267863386,0.0,0.0,0.0,0.0,0.0,20.000000000000995,20.000000000000995,0.0,0.0
2.1916666666666664,2.300002912736849,3.215010239982874e-06,0.0,882.1590680992417,156.99999999999997,0.0,0.0,0.01114651099284932,0.0,0.0,0.0,0.0,0.0,20.00000000000099,20.00000000000099,0.0,0.0
2.1999999999999997,2.300002910426007,3.215010239982874e-06,0.0,881.8273057293545,156.99999999999997,0.0,0.0,0.010974442858256293,0.0,0.0,0.0,0.0,0.0,20.000000000000984,20.000000000000984,0.0,0.0
2.2083333333333335,2.3000029081543247,3.215010239982874e-06,0.0,881.5006514412162,156.99999999999997,0.0,0.0,0.010805898298890849,0.0,0.0,0.0,0.0,0.0,20.000000000000984,20.000000000000984,0.0,0.0
2.216666666666667,2.300002905920903,3.215010239982874e-06,0.0,881.1790009029912,156.99999999999997,0.0,0.0,0.01064078757848071,0.0,0.0,0.0,0.0,0.0,20.000000000000977,20.000000000000977,0.0,0.0
2.225,2.3000029037248693,3.215010239982874e-06,0.0,880.8622524330758,156.99999999999997,0.0,0.0,0.010479023689319807,0.0,0.0,0.0,0.0,0.0,20.00000000000098,20.00000000000098,0.0,0.0
2.2333333333333334,2.3000029015653762,3.215010239982874e-06,0.0,880.5503069197196,156.99999999999997,0.0,0.0,0.010320522255961036,0.0,0.0,0.0,0.0,0.0,20.000000000000977,20.000000000000977,0.0,0.0
2.2416666666666667,2.300002899441601,3.215010239982874e-06,0.0,880.2430677434771,156.99999999999997,0.0,0.0,0.010165201442774222,0.0,0.0,0.0,0.0,0.0,20.00000000000099,20.00000000000099,0.0,0.0
2.25,2.3000028973527438,3.215010239982874e-06,0.0,879.9404407023757,156.99999999999997,0.0,0.0,0.010012981865196956,0.0,0.0,0.0,0.0,0.0,20.000000000001,20.000000000001,0.0,0.0
2.2583333333333333,2.3000028952980283,3.215010239982874e-06,0.0,879.6423339396915,156.99999999999997,0.0,0.0,0.009863786504510622,0.0,0.0,0.0,0.0,0.0,20.000000000001002,20.000000000001002,0.0,0.0
2.2666666666666666,2.300002893276699,3.215010239982874e-06,0.0,879.3486578742314,156.99999999999997,0.0,0.0,0.009717540625987146,0.0,0.0,0.0,0.0,0.0,20.00000000000102,20.00000000000102,0.0,0.0
2.275,2.3000028912880226,3.215010239982874e-06,0.0,879.0593251330193,156.99999999999997,0.0,0.0,0.009574171700256156,0.0,0.0,0.0,0.0,0.0,20.00000000000103,20.00000000000103,0.0,0.0
2.283333333333333,2.300002889331285,3.215010239982874e-06,0.0,878.7742504862957,156.99999999999997,0.0,0.0,0.009433609327751776,0.0,0.0,0.0,0.0,0.0,20.00000000000104,20.00000000000104,0.0,0.0
2.2916666666666665,2.3000028874057934,3.215010239982874e-06,0.0,878.4933507847383,156.99999999999997,0.0,0.0,0.00929578516610095,0.0,0.0,0.0,0.0,0.0,20.000000000001016,20.000000000001016,0.0,0.0
2.3000000000000003,2.3000028855108723,3.215010239982874e-06,0.0,878.2165448988167,156.99999999999997,0.0,0.0,0.009160632860329867,0.0,0.0,0.0,0.0,0.0,20.000000000001027,20.000000000001027,0.0,0.0
2.3083333333333336,2.3000028836458664,3.215010239982874e-06,0.0,877.9437536602009,156.99999999999997,0.0,0.0,0.00902808797576244,0.0,0.0,0.0,0.0,0.0,20.000000000001027,20.000000000001027,0.0,0.0
2.316666666666667,2.300002881810136,3.215010239982874e-06,0.0,877.6748998051427,156.99999999999997,0.0,0.0,0.008898087933494503,0.0,0.0,0.0,0.0,0.0,20.00000000000103,20.00000000000103,0.0,0.0
2.325,2.3000028800030616,3.215010239982874e-06,0.0,877.4099079197547,156.99999999999997,0.0,0.0,0.008770571948336277,0.0,0.0,0.0,0.0,0.0,20.000000000001023,20.000000000001023,0.0,0.0
2.3333333333333335,2.300002878224037,3.215010239982874e-06,0.0,877.1487043871148,156.99999999999997,0.0,0.0,0.008645480969113155,0.0,0.0,0.0,0.0,0.0,20.00000000000102,20.00000000000102,0.0,0.0
2.341666666666667,2.3000028764724756,3.215010239982874e-06,0.0,876.891217336128,156.99999999999997,0.0,0.0,0.008522757621228798,0.0,0.0,0.0,0.0,0.0,20.00000000000103,20.00000000000103,0.0,0.0
2.35,2.3000028747478036,3.215010239982874e-06,0.0,876.6373765920765,156.99999999999997,0.0,0.0,0.00840234615138975,0.0,0.0,0.0,0.0,0.0,20.00000000000104,20.00000000000104,0.0,0.0
2.3583333333333334,2.3000028730494635,3.215010239982874e-06,0.0,876.3871136287975,156.99999999999997,0.0,0.0,0.00828419237440546,0.0,0.0,0.0,0.0,0.0,20.00000000000106,20.00000000000106,0.0,0.0
2.3666666666666667,2.300002871376912,3.215010239982874e-06,0.0,876.1403615224255,156.99999999999997,0.0,0.0,0.008168243621971969,0.0,0.0,0.0,0.0,0.0,20.000000000001062,20.000000000001062,0.0,0.0
2.375,2.3000028697296213,3.215010239982874e-06,0.0,875.8970549066429,156.99999999999997,0.0,0.0,0.00805444869336077,0.0,0.0,0.0,0.0,0.0,20.000000000001055,20.000000000001055,0.0,0.0
2.3833333333333333,2.300002868107075,3.215010239982874e-06,0.0,875.6571299293812,156.99999999999997,0.0,0.0,0.007942757807928406,0.0,0.0,0.0,0.0,0.0,20.000000000001073,20.000000000001073,0.0,0.0
2.3916666666666666,2.300002866508772,3.215010239982874e-06,0.0,875.42052421092,156.99999999999997,0.0,0.0,0.007833122559377289,0.0,0.0,0.0,0.0,0.0,20.000000000001076,20.000000000001076,0.0,0.0
2.4000000000000004,2.300002864934223,3.215010239982874e-06,0.0,875.1871768033333,156.99999999999997,0.0,0.0,0.007725495871690167,0.0,0.0,0.0,0.0,0.0,20.000000000001073,20.000000000001073,0.0,0.0
2.408333333333333,2.300002863382952,3.215010239982874e-06,0.0,874.957028151232,156.99999999999997,0.0,0.0,0.007619831956673049,0.0,0.0,0.0,0.0,0.0,20.000000000001087,20.000000000001087,0.0,0.0
2.416666666666667,2.3000028618544937,3.215010239982874e-06,0.0,874.7300200537568,156.99999999999997,0.0,0.0,0.007516086273039844,0.0,0.0,0.0,0.0,0.0,20.000000000001084,20.000000000001084,0.0,0.0
2.425,2.3000028603483957,3.215010239982874e-06,0.0,874.5060956277769,156.99999999999997,0.0,0.0,0.007414215486975366,0.0,0.0,0.0,0.0,0.0,20.000000000001087,20.000000000001087,0.0,0.0
2.4333333333333336,2.3000028588642167,3.215010239982874e-06,0.0,874.2851992722478,156.99999999999997,0.0,0.0,0.007314177434117893,0.0,0.0,0.0,0.0,0.0,20.00000000000108,20.00000000000108,0.0,0.0
2.4416666666666664,2.3000028574015263,3.215010239982874e-06,0.0,874.0672766336916,156.99999999999997,0.0,0.0,0.007215931082903257,0.0,0.0,0.0,0.0,0.0,20.000000000001076,20.000000000001076,0.0,0.0
2.45,2.300002855959905,3.215010239982874e-06,0.0,873.8522745727535,156.99999999999997,0.0,0.0,0.007119436499216024,0.0,0.0,0.0,0.0,0.0,20.000000000001076,20.000000000001076,0.0,0.0
2.458333333333333,2.3000028545389433,3.215010239982874e-06,0.0,873.6401411318028,156.99999999999997,0.0,0.0,0.007024654812297228,0.0,0.0,0.0,0.0,0.0,20.000000000001087,20.000000000001087,0.0,0.0
2.466666666666667,2.3000028531382415,3.215010239982874e-06,0.0,873.4308255035364,156.99999999999997,0.0,0.0,0.006931548181854283,0.0,0.0,0.0,0.0,0.0,20.000000000001062,20.000000000001062,0.0,0.0
2.4749999999999996,2.30000285175741,3.215010239982874e-06,0.0,873.2242780005511,156.99999999999997,0.0,0.0,0.006840079766331631,0.0,0.0,0.0,0.0,0.0,20.000000000001087,20.000000000001087,0.0,0.0
2.4833333333333334,2.3000028503960697,3.215010239982874e-06,0.0,873.0204500258513,156.99999999999997,0.0,0.0,0.006750213692290572,0.0,0.0,0.0,0.0,0.0,20.000000000001084,20.000000000001084,0.0,0.0
2.4916666666666667,2.300002849053848,3.215010239982874e-06,0.0,872.8192940442592,156.99999999999997,0.0,0.0,0.006661915024859117,0.0,0.0,0.0,0.0,0.0,20.000000000001094,20.000000000001094,0.0,0.0
2.5,2.3000028477303847,3.215010239982874e-06,0.0,872.6207635546946,156.99999999999997,0.0,0.0,0.006575149739206145,0.0,0.0,0.0,0.0,0.0,20.000000000001087,20.000000000001087,0.0,0.0
2.5083333333333333,2.3000028464253255,3.215010239982874e-06,0.0,872.4248130632968,156.99999999999997,0.0,0.0,0.0064898846930045995,0.0,0.0,0.0,0.0,0.0,20.00000000000111,20.00000000000111,0.0,0.0
2.5166666666666666,2.300002845138325,3.215010239982874e-06,0.0,872.2313980573566,156.99999999999997,0.0,0.0,0.006406087599841233,0.0,0.0,0.0,0.0,0.0,20.00000000000109,20.00000000000109,0.0,0.0
2.525,2.3000028438690476,3.215010239982874e-06,0.0,872.0404749800333,156.99999999999997,0.0,0.0,0.006323727003538051,0.0,0.0,0.0,0.0,0.0,20.00000000000108,20.00000000000108,0.0,0.0
2.533333333333333,2.3000028426171637,3.215010239982874e-06,0.0,871.8520012058276,156.99999999999997,0.0,0.0,0.006242772253351329,0.0,0.0,0.0,0.0,0.0,20.000000000001062,20.000000000001062,0.0,0.0
2.5416666666666665,2.300002841382352,3.215010239982874e-06,0.0,871.6659350167862,156.99999999999997,0.0,0.0,0.006163193480012678,0.0,0.0,0.0,0.0,0.0,20.000000000001073,20.000000000001073,0.0,0.0
2.55,2.3000028401642987,3.215010239982874e-06,0.0,871.4822355794125,156.99999999999997,0.0,0.0,0.0060849615725830026,0.0,0.0,0.0,0.0,0.0,20.00000000000106,20.00000000000106,0.0,0.0
2.558333333333333,2.300002838962698,3.215010239982874e-06,0.0,871.3008629222597,156.99999999999997,0.0,0.0,0.006008048156083913,0.0,0.0,0.0,0.0,0.0,20.00000000000106,20.00000000000106,0.0,0.0
2.5666666666666664,2.3000028377772503,3.215010239982874e-06,0.0,871.1217779141834,156.99999999999997,0.0,0.0,0.005932425569882355,0.0,0.0,0.0,0.0,0.0,20.000000000001066,20.000000000001066,0.0,0.0
2.5749999999999997,2.300002836607663,3.215010239982874e-06,0.0,870.9449422432318,156.99999999999997,0.0,0.0,0.005858066846796995,0.0,0.0,0.0,0.0,0.0,20.000000000001062,20.000000000001062,0.0,0.0
2.5833333333333335,2.30000283545365,3.215010239982874e-06,0.0,870.7703183961519,156.99999999999997,0.0,0.0,0.005784945692899893,0.0,0.0,0.0,0.0,0.0,20.000000000001044,20.000000000001044,0.0,0.0
2.591666666666667,2.3000028343149324,3.215010239982874e-06,0.0,870.5978696384909,156.99999999999997,0.0,0.0,0.005713036467987876,0.0,0.0,0.0,0.0,0.0,20.000000000001055,20.000000000001055,0.0,0.0
2.6,2.3000028331912374,3.215010239982874e-06,0.0,870.4275599952748,156.99999999999997,0.0,0.0,0.005642314166698978,0.0,0.0,0.0,0.0,0.0,20.000000000001055,20.000000000001055,0.0,0.0
2.6083333333333334,2.300002832082298,3.215010239982874e-06,0.0,870.2593542322425,156.99999999999997,0.0,0.0,0.0055727544002490085,0.0,0.0,0.0,0.0,0.0,20.000000000001044,20.000000000001044,0.0,0.0
2.6166666666666667,2.300002830987853,3.215010239982874e-06,0.0,870.0932178376195,156.99999999999997,0.0,0.0,0.005504333378766851,0.0,0.0,0.0,0.0,0.0,20.00000000000103,20.00000000000103,0.0,0.0
2.625,2.3000028299076476,3.215010239982874e-06,0.0,869.9291170044128,156.99999999999997,0.0,0.0,0.005437027894205711,0.0,0.0,0.0,0.0,0.0,20.000000000001027,20.000000000001027,0.0,0.0
2.6333333333333333,2.3000028288414325,3.215010239982874e-06,0.0,869.7670186132093,156.99999999999997,0.0,0.0,0.005370815303808858,0.0,0.0,0.0,0.0,0.0,20.000000000001034,20.000000000001034,0.0,0.0
2.6416666666666666,2.300002827788964,3.215010239982874e-06,0.0,869.606890215463,156.99999999999997,0.0,0.0,0.005305673514110167,0.0,0.0,0.0,0.0,0.0,20.00000000000103,20.00000000000103,0.0,0.0
2.65,2.3000028267500032,3.215010239982874e-06,0.0,869.4487000172526,156.99999999999997,0.0,0.0,0.005241580965451409,0.0,0.0,0.0,0.0,0.0,20.000000000001037,20.000000000001037,0.0,0.0
2.658333333333333,2.3000028257243166,3.215010239982874e-06,0.0,869.2924168634981,156.99999999999997,0.0,0.0,0.005178516616994295,0.0,0.0,0.0,0.0,0.0,20.00000000000104,20.00000000000104,0.0,0.0
2.6666666666666665,2.3000028247116764,3.215010239982874e-06,0.0,869.1380102226183,156.99999999999997,0.0,0.0,0.005116459932213242,0.0,0.0,0.0,0.0,0.0,20.000000000001048,20.000000000001048,0.0,0.0
2.6750000000000003,2.3000028237118593,3.215010239982874e-06,0.0,868.9854501716163,156.99999999999997,0.0,0.0,0.0050553908648489935,0.0,0.0,0.0,0.0,0.0,20.000000000001037,20.000000000001037,0.0,0.0
2.6833333333333336,2.3000028227246467,3.215010239982874e-06,0.0,868.8347073815808,156.99999999999997,0.0,0.0,0.0049952898453076225,0.0,0.0,0.0,0.0,0.0,20.00000000000104,20.00000000000104,0.0,0.0
2.691666666666667,2.300002821749825,3.215010239982874e-06,0.0,868.6857531035871,156.99999999999997,0.0,0.0,0.0049361377674895365,0.0,0.0,0.0,0.0,0.0,20.000000000001062,20.000000000001062,0.0,0.0
2.7,2.300002820787185,3.215010239982874e-06,0.0,868.538559154989,156.99999999999997,0.0,0.0,0.0048779159760327425,0.0,0.0,0.0,0.0,0.0,20.000000000001062,20.000000000001062,0.0,0.0
2.7083333333333335,2.300000000538471,3.215010239982874e-06,0.0,868.3930745384889,156.99999999999997,0.0,0.0,0.00482155403904458,0.0,0.0,0.0,0.0,0.0,20.000000000001066,20.000000000001066,0.0,0.0
2.716666666666667,2.3000000005382915,3.215010239982874e-06,0.0,868.2492906918335,156.99999999999997,0.0,0.0,0.004765123834646155,0.0,0.0,0.0,0.0,0.0,20.00000000000106,20.00000000000106,0.0,0.0
2.725,2.3000000005381143,3.215010239982874e-06,0.0,868.1071863312384,156.99999999999997,0.0,0.0,0.004709570819546223,0.0,0.0,0.0,0.0,0.0,20.000000000001066,20.000000000001066,0.0,0.0
2.7333333333333334,2.3000000005379393,3.215010239982874e-06,0.0,867.9667354009471,156.99999999999997,0.0,0.0,0.004654878014913165,0.0,0.0,0.0,0.0,0.0,20.000000000001076,20.000000000001076,0.0,0.0
2.7416666666666667,2.3000000005377665,3.215010239982874e-06,0.0,867.8279123485505,156.99999999999997,0.0,0.0,0.0046010288347692425,0.0,0.0,0.0,0.0,0.0,20.00000000000108,20.00000000000108,0.0,0.0
2.75,2.300000000537596,3.215010239982874e-06,0.0,867.6906921133625,156.99999999999997,0.0,0.0,0.004548007075426554,0.0,0.0,0.0,0.0,0.0,20.000000000001084,20.000000000001084,0.0,0.0
2.7583333333333333,2.3000000005374273,3.215010239982874e-06,0.0,867.5550501151091,156.99999999999997,0.0,0.0,0.00449579690524688,0.0,0.0,0.0,0.0,0.0,20.000000000001073,20.000000000001073,0.0,0.0
2.7666666666666666,2.3000000005372607,3.215010239982874e-06,0.0,867.4209622429182,156.99999999999997,0.0,0.0,0.004444382854712297,0.0,0.0,0.0,0.0,0.0,20.000000000001076,20.000000000001076,0.0,0.0
2.7750000000000004,2.300000000537096,3.215010239982874e-06,0.0,867.2884048446044,156.99999999999997,0.0,0.0,0.004393749806799743,0.0,0.0,0.0,0.0,0.0,20.000000000001066,20.000000000001066,0.0,0.0
2.783333333333333,2.3000000005369334,3.215010239982874e-06,0.0,867.1573547162366,156.99999999999997,0.0,0.0,0.004343882987644238,0.0,0.0,0.0,0.0,0.0,20.000000000001076,20.000000000001076,0.0,0.0
2.791666666666667,2.3000000005367727,3.215010239982874e-06,0.0,867.0277890919823,156.99999999999997,0.0,0.0,0.004294767957485706,0.0,0.0,0.0,0.0,0.0,20.000000000001084,20.000000000001084,0.0,0.0
2.8,2.300000000536614,3.215010239982874e-06,0.0,866.8996856342192,156.99999999999997,0.0,0.0,0.004246390601887375,0.0,0.0,0.0,0.0,0.0,20.000000000001087,20.000000000001087,0.0,0.0
2.8083333333333336,2.3000000005364574,3.215010239982874e-06,0.0,866.7730224239058,156.99999999999997,0.0,0.0,0.004198737123215754,0.0,0.0,0.0,0.0,0.0,20.000000000001087,20.000000000001087,0.0,0.0
2.8166666666666664,2.3000000005363024,3.215010239982874e-06,0.0,866.6477779512038,156.99999999999997,0.0,0.0,0.004151794032376404,0.0,0.0,0.0,0.0,0.0,20.00000000000109,20.00000000000109,0.0,0.0
2.825,2.3000000005361487,3.215010239982874e-06,0.0,866.5239311063455,156.99999999999997,0.0,0.0,0.004105548140794145,0.0,0.0,0.0,0.0,0.0,20.00000000000107,20.00000000000107,0.0,0.0
2.833333333333333,2.3000000005359973,3.215010239982874e-06,0.0,866.4014611707365,156.99999999999997,0.0,0.0,0.004059986552630582,0.0,0.0,0.0,0.0,0.0,20.00000000000107,20.00000000000107,0.0,0.0
2.841666666666667,2.3000000005358476,3.215010239982874e-06,0.0,866.2803478082906,156.99999999999997,0.0,0.0,0.004015096657231462,0.0,0.0,0.0,0.0,0.0,20.000000000001073,20.000000000001073,0.0,0.0
2.8499999999999996,2.3000000005356998,3.215010239982874e-06,0.0,866.1605710569852,156.99999999999997,0.0,0.0,0.003970866121796114,0.0,0.0,0.0,0.0,0.0,20.00000000000108,20.00000000000108,0.0,0.0
2.8583333333333334,2.3000000005355536,3.215010239982874e-06,0.0,866.0421113206359,156.99999999999997,0.0,0.0,0.00392728288426053,0.0,0.0,0.0,0.0,0.0,20.000000000001087,20.000000000001087,0.0,0.0
2.8666666666666667,2.3000000005354093,3.215010239982874e-06,0.0,865.9249493608797,156.99999999999997,0.0,0.0,0.003884335146389551,0.0,0.0,0.0,0.0,0.0,20.000000000001073,20.000000000001073,0.0,0.0
2.875,2.3000000005352663,3.215010239982874e-06,0.0,865.8090662893632,156.99999999999997,0.0,0.0,0.0038420113670680203,0.0,0.0,0.0,0.0,0.0,20.000000000001076,20.000000000001076,0.0,0.0
2.8833333333333333,2.300000000535125,3.215010239982874e-06,0.0,865.6944435601283,156.99999999999997,0.0,0.0,0.0038003002557872837,0.0,0.0,0.0,0.0,0.0,20.00000000000108,20.00000000000108,0.0,0.0
2.8916666666666666,2.300000000534985,3.215010239982874e-06,0.0,865.5810629621917,156.99999999999997,0.0,0.0,0.003759190766319757,0.0,0.0,0.0,0.0,0.0,20.000000000001062,20.000000000001062,0.0,0.0
2.9,2.300000000534847,3.215010239982874e-06,0.0,865.4689066123101,156.99999999999997,0.0,0.0,0.0037186720905740063,0.0,0.0,0.0,0.0,0.0,20.000000000001055,20.000000000001055,0.0,0.0
2.908333333333333,2.3000000005347108,3.215010239982874e-06,0.0,865.3579569479273,156.99999999999997,0.0,0.0,0.0036787336526276,0.0,0.0,0.0,0.0,0.0,20.000000000001066,20.000000000001066,0.0,0.0
2.9166666666666665,2.3000000005345758,3.215010239982874e-06,0.0,865.2481967202989,156.99999999999997,0.0,0.0,0.003639365102928893,0.0,0.0,0.0,0.0,0.0,20.000000000001073,20.000000000001073,0.0,0.0
2.925,2.300000000534442,3.215010239982874e-06,0.0,865.1396089877865,156.99999999999997,0.0,0.0,0.003600556312664396,0.0,0.0,0.0,0.0,0.0,20.000000000001055,20.000000000001055,0.0,0.0
2.933333333333333,2.30000000053431,3.215010239982874e-06,0.0,865.0321771093201,156.99999999999997,0.0,0.0,0.0035622973682852143,0.0,0.0,0.0,0.0,0.0,20.00000000000105,20.00000000000105,0.0,0.0
2.9416666666666664,2.3000000005341796,3.215010239982874e-06,0.0,864.9258847380212,156.99999999999997,0.0,0.0,0.0035245785661890254,0.0,0.0,0.0,0.0,0.0,20.00000000000107,20.00000000000107,0.0,0.0
2.9499999999999997,2.3000000005340504,3.215010239982874e-06,0.0,864.8207158149839,156.99999999999997,0.0,0.0,0.0034873904075503294,0.0,0.0,0.0,0.0,0.0,20.000000000001073,20.000000000001073,0.0,0.0
2.9583333333333335,2.300000000533923,3.215010239982874e-06,0.0,864.7166545632083,156.99999999999997,0.0,0.0,0.0034507235932966967,0.0,0.0,0.0,0.0,0.0,20.000000000001087,20.000000000001087,0.0,0.0
2.966666666666667,2.3000000005337964,3.215010239982874e-06,0.0,864.6136854816832,156.99999999999997,0.0,0.0,0.003414569019225261,0.0,0.0,0.0,0.0,0.0,20.000000000001094,20.000000000001094,0.0,0.0
2.975,2.3000000005336716,3.215010239982874e-06,0.0,864.511793339612,156.99999999999997,0.0,0.0,0.003378917771254704,0.0,0.0,0.0,0.0,0.0,20.000000000001098,20.000000000001098,0.0,0.0
2.9833333333333334,2.300000000533548,3.215010239982874e-06,0.0,864.4109631707806,156.99999999999997,0.0,0.0,0.0033437611208093276,0.0,0.0,0.0,0.0,0.0,20.000000000001112,20.000000000001112,0.0,0.0
2.9916666666666667,2.300000000533426,3.215010239982874e-06,0.0,864.3111802680603,156.99999999999997,0.0,0.0,0.0033090905203309474,0.0,0.0,0.0,0.0,0.0,20.000000000001112,20.000000000001112,0.0,0.0
3.0,2.3000000005333052,3.215010239982874e-06,0.0,864.2124301780447,156.99999999999997,0.0,0.0,0.003274897598914006,0.0,0.0,0.0,0.0,0.0,20.000000000001126,20.000000000001126,0.0,0.0
3.0083333333333333,2.3000000005331853,3.215010239982874e-06,0.013333333377571156,864.1146986958145,156.99999999999997,0.0,0.0,0.0032411741580606677,0.0,0.0,0.0,0.0,0.0,20.00000000000112,20.00000000000112,0.0,0.0
3.0166666666666666,2.300000000533067,3.215010239982874e-06,0.026666666755142312,864.0179718598292,156.99999999999997,0.0,0.0,0.0032079121675525914,0.0,0.0,0.0,0.0,0.0,20.000000000001123,20.000000000001123,0.0,0.0
3.025,2.3000000005329504,3.215010239982874e-06,0.04000000013271347,863.92223594694,156.99999999999997,0.0,0.0,0.003175103761434663,0.0,0.0,0.0,0.0,0.0,20.000000000001123,20.000000000001123,0.0,0.0
3.033333333333333,2.3000000005328345,3.215010239982874e-06,0.05333333323088785,863.8274774675215,156.99999999999997,0.0,0.0,0.00314274123410825,0.0,0.0,0.0,0.0,0.0,20.000000000001123,20.000000000001123,0.0,0.0
3.0416666666666665,2.30000000053272,3.215010239982874e-06,0.06666666660845902,863.7336831607195,156.99999999999997,0.0,0.0,0.003110817036530106,0.0,0.0,0.0,0.0,0.0,20.00000000000112,20.00000000000112,0.0,0.0
3.05,2.3000000005326067,3.215010239982874e-06,0.07999999998603016,863.6408399898107,156.99999999999997,0.0,0.0,0.0030793237725137037,0.0,0.0,0.0,0.0,0.0,20.00000000000113,20.00000000000113,0.0,0.0
3.058333333333333,2.3000000005324943,3.215010239982874e-06,0.09333333336360132,863.5489351376727,156.99999999999997,0.0,0.0,0.0030482541951311745,0.0,0.0,0.0,0.0,0.0,20.000000000001137,20.000000000001137,0.0,0.0
3.0666666666666664,2.3000000005323833,3.215010239982874e-06,0.10666666674117248,863.4579560023594,156.99999999999997,0.0,0.0,0.003017601203209927,0.0,0.0,0.0,0.0,0.0,20.000000000001133,20.000000000001133,0.0,0.0
3.0749999999999997,2.3000000005322736,3.215010239982874e-06,0.12000000011874362,863.3678901927805,156.99999999999997,0.0,0.0,0.0029873578379248458,0.0,0.0,0.0,0.0,0.0,20.00000000000114,20.00000000000114,0.0,0.0
3.083333333333333,2.300000000532165,3.215010239982874e-06,0.13333333321691804,863.2787255244822,156.99999999999997,0.0,0.0,0.0029575172794796133,0.0,0.0,0.0,0.0,0.0,20.000000000001123,20.000000000001123,0.0,0.0
3.0916666666666663,2.3000000005320573,3.215010239982874e-06,0.14666666659448918,863.1904500155258,156.99999999999997,0.0,0.0,0.0029280728438771,0.0,0.0,0.0,0.0,0.0,20.00000000000114,20.00000000000114,0.0,0.0
3.1000000000000005,2.3000000005319508,3.215010239982874e-06,0.15999999997206032,863.1030518824616,156.99999999999997,0.0,0.0,0.002899017979775448,0.0,0.0,0.0,0.0,0.0,20.00000000000115,20.00000000000115,0.0,0.0
3.1083333333333334,2.3000000005318455,3.215010239982874e-06,0.17333333334963147,863.0165195363963,156.99999999999997,0.0,0.0,0.002870346265425503,0.0,0.0,0.0,0.0,0.0,20.000000000001137,20.000000000001137,0.0,0.0
3.116666666666667,2.300000000531741,3.215010239982874e-06,0.18666666672720264,862.9308415791512,156.99999999999997,0.0,0.0,0.0028420514056912804,0.0,0.0,0.0,0.0,0.0,20.000000000001116,20.000000000001116,0.0,0.0
3.125,2.300000000531638,3.215010239982874e-06,0.20000000010477378,862.8460067995074,156.99999999999997,0.0,0.0,0.0028141272291459015,0.0,0.0,0.0,0.0,0.0,20.000000000001116,20.000000000001116,0.0,0.0
3.1333333333333337,2.300000000531536,3.215010239982874e-06,0.21333333348234496,862.7620041695391,156.99999999999997,0.0,0.0,0.0027865676852450627,0.0,0.0,0.0,0.0,0.0,20.000000000001123,20.000000000001123,0.0,0.0
3.1416666666666666,2.3000000005314347,3.215010239982874e-06,0.22666666658051932,862.6788228410277,156.99999999999997,0.0,0.0,0.0027593668415737643,0.0,0.0,0.0,0.0,0.0,20.00000000000113,20.00000000000113,0.0,0.0
3.1500000000000004,2.300000000531335,3.215010239982874e-06,0.2399999999580905,862.5964521419605,156.99999999999997,0.0,0.0,0.002732518881163828,0.0,0.0,0.0,0.0,0.0,20.00000000000112,20.00000000000112,0.0,0.0
3.158333333333333,2.3000000005312358,3.215010239982874e-06,0.25333333333566166,862.5148815731065,156.99999999999997,0.0,0.0,0.002706018099881733,0.0,0.0,0.0,0.0,0.0,20.00000000000113,20.00000000000113,0.0,0.0
3.166666666666667,2.3000000005311376,3.215010239982874e-06,0.2666666667132328,862.4341008046706,156.99999999999997,0.0,0.0,0.002679858903883074,0.0,0.0,0.0,0.0,0.0,20.00000000000113,20.00000000000113,0.0,0.0
3.175,2.3000000005310404,3.215010239982874e-06,0.280000000090804,862.3540996730226,156.99999999999997,0.0,0.0,0.0026540358071326054,0.0,0.0,0.0,0.0,0.0,20.000000000001116,20.000000000001116,0.0,0.0
3.1833333333333336,2.3000000005309444,3.215010239982874e-06,0.2933333334683751,862.2748681775004,156.99999999999997,0.0,0.0,0.0026285434289880995,0.0,0.0,0.0,0.0,0.0,20.00000000000111,20.00000000000111,0.0,0.0
3.1916666666666664,2.3000000005308494,3.215010239982874e-06,0.3066666665665495,862.1963964772837,156.99999999999997,0.0,0.0,0.0026033764918456264,0.0,0.0,0.0,0.0,0.0,20.000000000001105,20.000000000001105,0.0,0.0
3.2,2.3000000005307553,3.215010239982874e-06,0.31999999994412065,862.1186748883388,156.99999999999997,0.0,0.0,0.0025785298188448357,0.0,0.0,0.0,0.0,0.0,20.000000000001094,20.000000000001094,0.0,0.0
3.208333333333333,2.300000000530662,3.215010239982874e-06,0.33333333332169185,862.0416938804294,156.99999999999997,0.0,0.0,0.002553998331632439,0.0,0.0,0.0,0.0,0.0,20.000000000001084,20.000000000001084,0.0,0.0
3.216666666666667,2.300000000530569,3.215010239982874e-06,0.34666666669926294,861.9654440741964,156.99999999999997,0.0,0.0,0.0025297770481820395,0.0,0.0,0.0,0.0,0.0,20.00000000000107,20.00000000000107,0.0,0.0
3.2249999999999996,2.300000000530478,3.215010239982874e-06,0.36000000007683414,861.8899162382986,156.99999999999997,0.0,0.0,0.0025058610806698595,0.0,0.0,0.0,0.0,0.0,20.000000000001087,20.000000000001087,0.0,0.0
3.2333333333333334,2.3000000005303876,3.215010239982874e-06,0.3733333334544053,861.8151012866201,156.99999999999997,0.0,0.0,0.002482245633402158,0.0,0.0,0.0,0.0,0.0,20.000000000001076,20.000000000001076,0.0,0.0
3.2416666666666663,2.300000000530298,3.215010239982874e-06,0.38666666655257964,861.7409902755363,156.99999999999997,0.0,0.0,0.0024589260007965032,0.0,0.0,0.0,0.0,0.0,20.00000000000108,20.00000000000108,0.0,0.0
3.25,2.300000000530209,3.215010239982874e-06,0.3999999999301508,861.6675744012414,156.99999999999997,0.0,0.0,0.002435897565411881,0.0,0.0,0.0,0.0,0.0,20.00000000000109,20.00000000000109,0.0,0.0
3.258333333333333,2.300000000530121,3.215010239982874e-06,0.413333333307722,861.5948449971327,156.99999999999997,0.0,0.0,0.0024131557960288433,0.0,0.0,0.0,0.0,0.0,20.000000000001084,20.000000000001084,0.0,0.0
3.2666666666666666,2.3000000005300336,3.215010239982874e-06,0.42666666668529313,861.5227935312537,156.99999999999997,0.0,0.0,0.0023906962457768857,0.0,0.0,0.0,0.0,0.0,20.00000000000108,20.00000000000108,0.0,0.0
3.2749999999999995,2.3000000005299475,3.215010239982874e-06,0.4400000000628643,861.4514116037908,156.99999999999997,0.0,0.0,0.002368514550308318,0.0,0.0,0.0,0.0,0.0,20.00000000000108,20.00000000000108,0.0,0.0
3.2833333333333337,2.300000000529862,3.215010239982874e-06,0.45333333344043547,861.3806909446248,156.99999999999997,0.0,0.0,0.002346606426016868,0.0,0.0,0.0,0.0,0.0,20.000000000001084,20.000000000001084,0.0,0.0
3.291666666666667,2.3000000005297774,3.215010239982874e-06,0.46666666681800656,861.3106234109362,156.99999999999997,0.0,0.0,0.00232496766830059,0.0,0.0,0.0,0.0,0.0,20.000000000001076,20.000000000001076,0.0,0.0
3.3000000000000003,2.3000000005296934,3.215010239982874e-06,0.479999999916181,861.2412009848598,156.99999999999997,0.0,0.0,0.0023035941498667587,0.0,0.0,0.0,0.0,0.0,20.00000000000108,20.00000000000108,0.0,0.0
3.3083333333333336,2.3000000005296104,3.215010239982874e-06,0.4933333332937522,861.1724157711918,156.99999999999997,0.0,0.0,0.002282481819079094,0.0,0.0,0.0,0.0,0.0,20.00000000000106,20.00000000000106,0.0,0.0
3.316666666666667,2.3000000005295282,3.215010239982874e-06,0.5066666666713233,861.1042599951443,156.99999999999997,0.0,0.0,0.0022616266983440892,0.0,0.0,0.0,0.0,0.0,20.000000000001076,20.000000000001076,0.0,0.0
3.325,2.300000000529447,3.215010239982874e-06,0.5200000000488945,861.0367260001478,156.99999999999997,0.0,0.0,0.0022410248825377966,0.0,0.0,0.0,0.0,0.0,20.00000000000109,20.00000000000109,0.0,0.0
3.3333333333333335,2.300000000529366,3.215010239982874e-06,0.5333333334264656,860.9698062457015,156.99999999999997,0.0,0.0,0.0022206725374691785,0.0,0.0,0.0,0.0,0.0,20.00000000000109,20.00000000000109,0.0,0.0
3.341666666666667,2.300000000529286,3.215010239982874e-06,0.5466666668040367,860.9034933052674,156.99999999999997,0.0,0.0,0.002200565898382383,0.0,0.0,0.0,0.0,0.0,20.0000000000011,20.0000000000011,0.0,0.0
3.35,2.300000000529207,3.215010239982874e-06,0.5599999999022112,860.8377798642099,156.99999999999997,0.0,0.0,0.0021807012684936147,0.0,0.0,0.0,0.0,0.0,20.000000000001087,20.000000000001087,0.0,0.0
3.3583333333333334,2.3000000005291286,3.215010239982874e-06,0.5733333332797823,860.772658717779,156.99999999999997,0.0,0.0,0.002161075017563784,0.0,0.0,0.0,0.0,0.0,20.000000000001084,20.000000000001084,0.0,0.0
3.3666666666666667,2.300000000529051,3.215010239982874e-06,0.5866666666573535,860.7081227691344,156.99999999999997,0.0,0.0,0.0021416835805052074,0.0,0.0,0.0,0.0,0.0,20.000000000001094,20.000000000001094,0.0,0.0
3.375,2.300000000528974,3.215010239982874e-06,0.6000000000349246,860.6441650274128,156.99999999999997,0.0,0.0,0.002122523456021385,0.0,0.0,0.0,0.0,0.0,20.000000000001116,20.000000000001116,0.0,0.0
3.3833333333333333,2.3000000005288976,3.215010239982874e-06,0.6133333334124959,860.5807786058335,156.99999999999997,0.0,0.0,0.0021035912052793917,0.0,0.0,0.0,0.0,0.0,20.000000000001123,20.000000000001123,0.0,0.0
3.3916666666666666,2.3000000005288217,3.215010239982874e-06,0.626666666790067,860.5179567198447,156.99999999999997,0.0,0.0,0.002084883450613928,0.0,0.0,0.0,0.0,0.0,20.000000000001123,20.000000000001123,0.0,0.0
3.4,2.300000000528747,3.215010239982874e-06,0.640000000167638,860.4556926853086,156.99999999999997,0.0,0.0,0.0020663968742609356,0.0,0.0,0.0,0.0,0.0,20.000000000001112,20.000000000001112,0.0,0.0
3.408333333333333,2.300000000528673,3.215010239982874e-06,0.6533333332658124,860.3939799167218,156.99999999999997,0.0,0.0,0.0020481282171226113,0.0,0.0,0.0,0.0,0.0,20.000000000001133,20.000000000001133,0.0,0.0
3.4166666666666665,2.300000000528599,3.215010239982874e-06,0.6666666666433837,860.3328119254752,156.99999999999997,0.0,0.0,0.002030074277560442,0.0,0.0,0.0,0.0,0.0,20.000000000001116,20.000000000001116,0.0,0.0
3.425,2.3000000005285264,3.215010239982874e-06,0.6800000000209548,860.2721823181473,156.99999999999997,0.0,0.0,0.0020122319102166917,0.0,0.0,0.0,0.0,0.0,20.000000000001126,20.000000000001126,0.0,0.0
3.433333333333333,2.300000000528454,3.215010239982874e-06,0.6933333333985259,860.2120847948339,156.99999999999997,0.0,0.0,0.001994598024863738,0.0,0.0,0.0,0.0,0.0,20.00000000000112,20.00000000000112,0.0,0.0
3.4416666666666664,2.3000000005283825,3.215010239982874e-06,0.7066666667760971,860.1525131475113,156.99999999999997,0.0,0.0,0.0019771695852795895,0.0,0.0,0.0,0.0,0.0,20.00000000000113,20.00000000000113,0.0,0.0
3.4499999999999997,2.3000000005283114,3.215010239982874e-06,0.7200000001536683,860.0934612584329,156.99999999999997,0.0,0.0,0.0019599436081505295,0.0,0.0,0.0,0.0,0.0,20.000000000001123,20.000000000001123,0.0,0.0
3.458333333333333,2.3000000005282413,3.215010239982874e-06,0.7333333332518427,860.0349230985581,156.99999999999997,0.0,0.0,0.0019429171619980892,0.0,0.0,0.0,0.0,0.0,20.000000000001126,20.000000000001126,0.0,0.0
3.4666666666666663,2.3000000005281716,3.215010239982874e-06,0.7466666666294137,859.9768927260141,156.99999999999997,0.0,0.0,0.0019260873661317733,0.0,0.0,0.0,0.0,0.0,20.000000000001123,20.000000000001123,0.0,0.0
3.4750000000000005,2.3000000005281027,3.215010239982874e-06,0.760000000006985,859.9193642845868,156.99999999999997,0.0,0.0,0.0019094513896251379,0.0,0.0,0.0,0.0,0.0,20.000000000001126,20.000000000001126,0.0,0.0
3.4833333333333334,2.3000000005280343,3.215010239982874e-06,0.7733333333845561,859.8623320022441,156.99999999999997,0.0,0.0,0.0018930064503155015,0.0,0.0,0.0,0.0,0.0,20.000000000001116,20.000000000001116,0.0,0.0
3.491666666666667,2.3000000005279664,3.215010239982874e-06,0.7866666667621272,859.8057901896876,156.99999999999997,0.0,0.0,0.0018767498138276848,0.0,0.0,0.0,0.0,0.0,20.000000000001126,20.000000000001126,0.0,0.0
3.5,2.3000000005278993,3.215010239982874e-06,0.8000000001396984,859.7497332389336,156.99999999999997,0.0,0.0,0.001860678792617817,0.0,0.0,0.0,0.0,0.0,20.000000000001116,20.000000000001116,0.0,0.0
3.5083333333333337,2.3000000005278327,3.215010239982874e-06,0.8133333335172696,859.6941556219223,156.99999999999997,0.0,0.0,0.0018447907450413214,0.0,0.0,0.0,0.0,0.0,20.000000000001105,20.000000000001105,0.0,0.0
3.5166666666666666,2.3000000005277665,3.215010239982874e-06,0.826666666615444,859.6390518891551,156.99999999999997,0.0,0.0,0.001829083074440561,0.0,0.0,0.0,0.0,0.0,20.000000000001098,20.000000000001098,0.0,0.0
3.5250000000000004,2.300000000527701,3.215010239982874e-06,0.839999999993015,859.5844166683584,156.99999999999997,0.0,0.0,0.0018135532282532885,0.0,0.0,0.0,0.0,0.0,20.00000000000111,20.00000000000111,0.0,0.0
3.533333333333333,2.300000000527636,3.215010239982874e-06,0.8533333333705863,859.530244663174,156.99999999999997,0.0,0.0,0.0017981986971418885,0.0,0.0,0.0,0.0,0.0,20.000000000001116,20.000000000001116,0.0,0.0
3.541666666666667,2.3000000005275716,3.215010239982874e-06,0.8666666667481574,859.476530651876,156.99999999999997,0.0,0.0,0.001783017014141811,0.0,0.0,0.0,0.0,0.0,20.000000000001126,20.000000000001126,0.0,0.0
3.55,2.300000000527508,3.215010239982874e-06,0.8800000001257287,859.4232694861114,156.99999999999997,0.0,0.0,0.0017680057538288798,0.0,0.0,0.0,0.0,0.0,20.000000000001126,20.000000000001126,0.0,0.0
3.5583333333333336,2.3000000005274446,3.215010239982874e-06,0.8933333335032997,859.370456089667,156.99999999999997,0.0,0.0,0.0017531625315055969,0.0,0.0,0.0,0.0,0.0,20.000000000001123,20.000000000001123,0.0,0.0
3.5666666666666664,2.300000000527382,3.215010239982874e-06,0.9066666666014741,859.3180854572596,156.99999999999997,0.0,0.0,0.0017384850024055746,0.0,0.0,0.0,0.0,0.0,20.00000000000112,20.00000000000112,0.0,0.0
3.575,2.30000000052732,3.215010239982874e-06,0.9199999999790452,859.26615265335,156.99999999999997,0.0,0.0,0.0017239708609156708,0.0,0.0,0.0,0.0,0.0,20.000000000001137,20.000000000001137,0.0,0.0
3.583333333333333,2.3000000005272585,3.215010239982874e-06,0.9333333333566165,859.2146528109802,156.99999999999997,0.0,0.0,0.0017096178398150884,0.0,0.0,0.0,0.0,0.0,20.000000000001133,20.000000000001133,0.0,0.0
3.591666666666667,2.300000000527197,3.215010239982874e-06,0.9466666667341875,859.1635811306323,156.99999999999997,0.0,0.0,0.0016954237095322695,0.0,0.0,0.0,0.0,0.0,20.00000000000114,20.00000000000114,0.0,0.0
3.5999999999999996,2.300000000527137,3.215010239982874e-06,0.9600000001117588,859.1129328791116,156.99999999999997,0.0,0.0,0.0016813862774162941,0.0,0.0,0.0,0.0,0.0,20.000000000001137,20.000000000001137,0.0,0.0
3.6083333333333334,2.3000000005270764,3.215010239982874e-06,0.9733333334893299,859.062703388448,156.99999999999997,0.0,0.0,0.0016675033870269655,0.0,0.0,0.0,0.0,0.0,20.000000000001116,20.000000000001116,0.0,0.0
3.6166666666666663,2.300000000527017,3.215010239982874e-06,0.9866666665875043,859.0128880548218,156.99999999999997,0.0,0.0,0.0016537729174378672,0.0,0.0,0.0,0.0,0.0,20.000000000001112,20.000000000001112,0.0,0.0
3.625,2.300000000526958,3.215010239982874e-06,0.9999999999650754,858.9634823375084,156.99999999999997,0.0,0.0,0.0016401927825565855,0.0,0.0,0.0,0.0,0.0,20.000000000001112,20.000000000001112,0.0,0.0
3.633333333333333,2.3000000005268997,3.215010239982874e-06,1.0133333333426466,858.9144817578426,156.99999999999997,0.0,0.0,0.0016267609304588422,0.0,0.0,0.0,0.0,0.0,20.000000000001116,20.000000000001116,0.0,0.0
3.6416666666666666,2.3000000005268415,3.215010239982874e-06,1.0266666667202178,858.8658818982049,156.99999999999997,0.0,0.0,0.0016134753427371937,0.0,0.0,0.0,0.0,0.0,20.00000000000112,20.00000000000112,0.0,0.0
3.6499999999999995,2.3000000005267838,3.215010239982874e-06,1.040000000097789,858.8176784010244,156.99999999999997,0.0,0.0,0.001600334033864383,0.0,0.0,0.0,0.0,0.0,20.000000000001137,20.000000000001137,0.0,0.0
3.6583333333333337,2.300000000526727,3.215010239982874e-06,1.05333333347536,858.7698669678031,156.99999999999997,0.0,0.0,0.0015873350505700155,0.0,0.0,0.0,0.0,0.0,20.000000000001158,20.000000000001158,0.0,0.0
3.666666666666667,2.30000000052667,3.215010239982874e-06,1.0666666668529312,858.7224433581566,156.99999999999997,0.0,0.0,0.0015744764712303447,0.0,0.0,0.0,0.0,0.0,20.000000000001155,20.000000000001155,0.0,0.0
3.6750000000000003,2.300000000526614,3.215010239982874e-06,1.0799999999511056,858.6754033888745,156.99999999999997,0.0,0.0,0.0015617564052725784,0.0,0.0,0.0,0.0,0.0,20.000000000001123,20.000000000001123,0.0,0.0
3.6833333333333336,2.300000000526558,3.215010239982874e-06,1.0933333333286768,858.6287429329973,156.99999999999997,0.0,0.0,0.001549172992590338,0.0,0.0,0.0,0.0,0.0,20.000000000001123,20.000000000001123,0.0,0.0
3.691666666666667,2.300000000526503,3.215010239982874e-06,1.106666666706248,858.5824579189116,156.99999999999997,0.0,0.0,0.0015367244029726795,0.0,0.0,0.0,0.0,0.0,20.000000000001116,20.000000000001116,0.0,0.0
3.7,2.3000000005264485,3.215010239982874e-06,1.120000000083819,858.5365443294612,156.99999999999997,0.0,0.0,0.0015244088355449473,0.0,0.0,0.0,0.0,0.0,20.000000000001133,20.000000000001133,0.0,0.0
3.7083333333333335,2.3000000005263943,3.215010239982874e-06,1.1333333334613904,858.4909982010761,156.99999999999997,0.0,0.0,0.0015122245182219239,0.0,0.0,0.0,0.0,0.0,20.000000000001137,20.000000000001137,0.0,0.0
3.716666666666667,2.30000000052634,3.215010239982874e-06,1.1466666668389613,858.4458156229166,156.99999999999997,0.0,0.0,0.001500169707171785,0.0,0.0,0.0,0.0,0.0,20.00000000000113,20.00000000000113,0.0,0.0
3.725,2.300000000526287,3.215010239982874e-06,1.1599999999371358,858.4009927360337,156.99999999999997,0.0,0.0,0.0014882426862924064,0.0,0.0,0.0,0.0,0.0,20.000000000001133,20.000000000001133,0.0,0.0
3.7333333333333334,2.300000000526234,3.215010239982874e-06,1.173333333314707,858.3565257325452,156.99999999999997,0.0,0.0,0.0014764417666981095,0.0,0.0,0.0,0.0,0.0,20.000000000001144,20.000000000001144,0.0,0.0
3.7416666666666667,2.300000000526181,3.215010239982874e-06,1.1866666666922783,858.3124108548266,156.99999999999997,0.0,0.0,0.0014647652862173329,0.0,0.0,0.0,0.0,0.0,20.000000000001158,20.000000000001158,0.0,0.0
3.75,2.300000000526129,3.215010239982874e-06,1.2000000000698492,858.2686443947179,156.99999999999997,0.0,0.0,0.0014532116089010418,0.0,0.0,0.0,0.0,0.0,20.000000000001158,20.000000000001158,0.0,0.0
3.7583333333333333,2.3000000005260772,3.215010239982874e-06,1.2133333334474203,858.2252226927435,156.99999999999997,0.0,0.0,0.001441779124541402,0.0,0.0,0.0,0.0,0.0,20.00000000000116,20.00000000000116,0.0,0.0
3.7666666666666666,2.300000000526026,3.215010239982874e-06,1.2266666668249917,858.1821421373475,156.99999999999997,0.0,0.0,0.0014304662482004413,0.0,0.0,0.0,0.0,0.0,20.00000000000116,20.00000000000116,0.0,0.0
3.775,2.300000000525975,3.215010239982874e-06,1.2400000002025626,858.1393991641429,156.99999999999997,0.0,0.0,0.0014192714197483421,0.0,0.0,0.0,0.0,0.0,20.00000000000115,20.00000000000115,0.0,0.0
3.783333333333333,2.300000000525925,3.215010239982874e-06,1.253333333300737,858.0969902551738,156.99999999999997,0.0,0.0,0.0014081931034120405,0.0,0.0,0.0,0.0,0.0,20.000000000001148,20.000000000001148,0.0,0.0
3.7916666666666665,2.3000000005258747,3.215010239982874e-06,1.2666666666783082,858.0549119381918,156.99999999999997,0.0,0.0,0.0013972297873324142,0.0,0.0,0.0,0.0,0.0,20.00000000000117,20.00000000000117,0.0,0.0
3.8,2.300000000525825,3.215010239982874e-06,1.2800000000558795,858.0131607859452,156.99999999999997,0.0,0.0,0.0013863799831309637,0.0,0.0,0.0,0.0,0.0,20.00000000000116,20.00000000000116,0.0,0.0
3.808333333333333,2.3000000005257757,3.215010239982874e-06,1.2933333334334505,857.9717334154808,156.99999999999997,0.0,0.0,0.0013756422254857332,0.0,0.0,0.0,0.0,0.0,20.00000000000117,20.00000000000117,0.0,0.0
3.8166666666666664,2.300000000525727,3.215010239982874e-06,1.3066666668110218,857.930626487459,156.99999999999997,0.0,0.0,0.0013650150717152954,0.0,0.0,0.0,0.0,0.0,20.000000000001155,20.000000000001155,0.0,0.0
3.8249999999999997,2.3000000005256784,3.215010239982874e-06,1.320000000188593,857.8898367054803,156.99999999999997,0.0,0.0,0.0013544971013719133,0.0,0.0,0.0,0.0,0.0,20.000000000001165,20.000000000001165,0.0,0.0
3.833333333333333,2.30000000052563,3.215010239982874e-06,1.3333333332867674,857.8493608154249,156.99999999999997,0.0,0.0,0.0013440869158430175,0.0,0.0,0.0,0.0,0.0,20.00000000000119,20.00000000000119,0.0,0.0
3.8416666666666663,2.3000000005255825,3.215010239982874e-06,1.3466666666643383,857.8091956048033,156.99999999999997,0.0,0.0,0.0013337831379599473,0.0,0.0,0.0,0.0,0.0,20.000000000001194,20.000000000001194,0.0,0.0
3.8500000000000005,2.300000000525535,3.215010239982874e-06,1.3600000000419097,857.7693379021189,156.99999999999997,0.0,0.0,0.0013235844116161963,0.0,0.0,0.0,0.0,0.0,20.000000000001194,20.000000000001194,0.0,0.0
3.8583333333333334,2.300000000525488,3.215010239982874e-06,1.3733333334194808,857.729784576242,156.99999999999997,0.0,0.0,0.0013134894013916525,0.0,0.0,0.0,0.0,0.0,20.000000000001208,20.000000000001208,0.0,0.0
3.866666666666667,2.3000000005254413,3.215010239982874e-06,1.3866666667970518,857.6905325357945,156.99999999999997,0.0,0.0,0.001303496792186199,0.0,0.0,0.0,0.0,0.0,20.000000000001222,20.000000000001222,0.0,0.0
3.875,2.300000000525395,3.215010239982874e-06,1.4000000001746231,857.6515787285463,156.99999999999997,0.0,0.0,0.0012936052888594875,0.0,0.0,0.0,0.0,0.0,20.00000000000122,20.00000000000122,0.0,0.0
3.8833333333333337,2.3000000005253494,3.215010239982874e-06,1.4133333335521943,857.6129201408213,156.99999999999997,0.0,0.0,0.0012838136158782121,0.0,0.0,0.0,0.0,0.0,20.000000000001215,20.000000000001215,0.0,0.0
3.8916666666666666,2.3000000005253036,3.215010239982874e-06,1.4266666666503687,857.5745537969152,156.99999999999997,0.0,0.0,0.0012741205169711663,0.0,0.0,0.0,0.0,0.0,20.000000000001226,20.000000000001226,0.0,0.0
3.9000000000000004,2.3000000005252583,3.215010239982874e-06,1.4400000000279396,857.536476758522,156.99999999999997,0.0,0.0,0.0012645247547905627,0.0,0.0,0.0,0.0,0.0,20.000000000001233,20.000000000001233,0.0,0.0
3.908333333333333,2.3000000005252135,3.215010239982874e-06,1.453333333405511,857.4986861241723,156.99999999999997,0.0,0.0,0.00125502511057992,0.0,0.0,0.0,0.0,0.0,20.00000000000121,20.00000000000121,0.0,0.0
3.916666666666667,2.300000000525169,3.215010239982874e-06,1.466666666783082,857.4611790286793,156.99999999999997,0.0,0.0,0.0012456203838495184,0.0,0.0,0.0,0.0,0.0,20.00000000000122,20.00000000000122,0.0,0.0
3.925,2.300000000525125,3.215010239982874e-06,1.4800000001606533,857.4239526425972,156.99999999999997,0.0,0.0,0.0012363093920575163,0.0,0.0,0.0,0.0,0.0,20.000000000001215,20.000000000001215,0.0,0.0
3.9333333333333336,2.300000000525081,3.215010239982874e-06,1.4933333335382244,857.3870041716862,156.99999999999997,0.0,0.0,0.0012270909702977325,0.0,0.0,0.0,0.0,0.0,20.000000000001226,20.000000000001226,0.0,0.0
3.9416666666666664,2.3000000005250376,3.215010239982874e-06,1.5066666666363986,857.3503308563887,156.99999999999997,0.0,0.0,0.001217963970993505,0.0,0.0,0.0,0.0,0.0,20.00000000000124,20.00000000000124,0.0,0.0
3.95,2.3000000005249945,3.215010239982874e-06,1.52000000001397,857.3139299713143,156.99999999999997,0.0,0.0,0.0012089272635976316,0.0,0.0,0.0,0.0,0.0,20.000000000001236,20.000000000001236,0.0,0.0
3.958333333333333,2.3000000005249515,3.215010239982874e-06,1.533333333391541,857.2777988247327,156.99999999999997,0.0,0.0,0.001199979734298595,0.0,0.0,0.0,0.0,0.0,20.000000000001222,20.000000000001222,0.0,0.0
3.966666666666667,2.3000000005249093,3.215010239982874e-06,1.5466666667691122,857.2419347580766,156.99999999999997,0.0,0.0,0.0011911202857316058,0.0,0.0,0.0,0.0,0.0,20.00000000000123,20.00000000000123,0.0,0.0
3.9749999999999996,2.300000000524867,3.215010239982874e-06,1.5600000001466834,857.2063351454524,156.99999999999997,0.0,0.0,0.0011823478366967473,0.0,0.0,0.0,0.0,0.0,20.000000000001226,20.000000000001226,0.0,0.0
3.9833333333333334,2.300000000524825,3.215010239982874e-06,1.5733333335242543,857.1709973931594,156.99999999999997,0.0,0.0,0.0011736613218812746,0.0,0.0,0.0,0.0,0.0,20.000000000001226,20.000000000001226,0.0,0.0
3.9916666666666663,2.3000000005247836,3.215010239982874e-06,1.586666666622429,857.1359189392177,156.99999999999997,0.0,0.0,0.0011650596915879611,0.0,0.0,0.0,0.0,0.0,20.00000000000122,20.00000000000122,0.0,0.0
4.0,2.3000000005247423,3.215010239982874e-06,1.6,857.1010972529036,156.99999999999997,0.0,0.0,0.0011565419114690195,0.0,0.0,0.0,0.0,0.0,20.000000000001215,20.000000000001215,0.0,0.0
4.008333333333333,2.3000000005247014,3.215010239982874e-06,1.6,857.0665298342926,156.99999999999997,0.0,0.0,0.001148106962264728,0.0,0.0,0.0,0.0,0.0,20.00000000000121,20.00000000000121,0.0,0.0
4.016666666666667,2.3000000005246606,3.215010239982874e-06,1.6,857.032214213812,156.99999999999997,0.0,0.0,0.0011397538395471866,0.0,0.0,0.0,0.0,0.0,20.000000000001208,20.000000000001208,0.0,0.0
4.0249999999999995,2.30000000052462,3.215010239982874e-06,1.6,856.9981479517982,156.99999999999997,0.0,0.0,0.0011314815534691227,0.0,0.0,0.0,0.0,0.0,20.00000000000121,20.00000000000121,0.0,0.0
4.033333333333333,2.30000000052458,3.215010239982874e-06,1.6,856.9643286380641,156.99999999999997,0.0,0.0,0.0011232891285175794,0.0,0.0,0.0,0.0,0.0,20.000000000001222,20.000000000001222,0.0,0.0
4.041666666666667,2.3000000005245402,3.215010239982874e-06,1.6,856.9307538914727,156.99999999999997,0.0,0.0,0.0011151756032727054,0.0,0.0,0.0,0.0,0.0,20.000000000001208,20.000000000001208,0.0,0.0
4.050000000000001,2.300000000524501,3.215010239982874e-06,1.6,856.8974213595172,156.99999999999997,0.0,0.0,0.0011071400301700283,0.0,0.0,0.0,0.0,0.0,20.0000000000012,20.0000000000012,0.0,0.0
4.058333333333334,2.3000000005244616,3.215010239982874e-06,1.6,856.86432871791,156.99999999999997,0.0,0.0,0.0010991814752685683,0.0,0.0,0.0,0.0,0.0,20.00000000000116,20.00000000000116,0.0,0.0
4.066666666666666,2.300000000524423,3.215010239982874e-06,1.6,856.8314736701763,156.99999999999997,0.0,0.0,0.0010912990180230718,0.0,0.0,0.0,0.0,0.0,20.000000000001172,20.000000000001172,0.0,0.0
4.075,2.3000000005243844,3.215010239982874e-06,1.6,856.7988539472567,156.99999999999997,0.0,0.0,0.0010834917510597413,0.0,0.0,0.0,0.0,0.0,20.00000000000118,20.00000000000118,0.0,0.0
4.083333333333334,2.300000000524346,3.215010239982874e-06,1.6,856.7664673071147,156.99999999999997,0.0,0.0,0.0010757587799573095,0.0,0.0,0.0,0.0,0.0,20.000000000001165,20.000000000001165,0.0,0.0
4.091666666666667,2.300000000524308,3.215010239982874e-06,1.6,856.7343115343517,156.99999999999997,0.0,0.0,0.0010680992230318659,0.0,0.0,0.0,0.0,0.0,20.000000000001148,20.000000000001148,0.0,0.0
4.1,2.3000000005242702,3.215010239982874e-06,1.6,856.7023844398282,156.99999999999997,0.0,0.0,0.0010605122111254732,0.0,0.0,0.0,0.0,0.0,20.000000000001133,20.000000000001133,0.0,0.0
4.108333333333333,2.300000000524233,3.215010239982874e-06,1.6,856.6706838602906,156.99999999999997,0.0,0.0,0.0010529968873993752,0.0,0.0,0.0,0.0,0.0,20.000000000001137,20.000000000001137,0.0,0.0
4.116666666666667,2.3000000005241956,3.215010239982874e-06,1.6,856.6392076580062,156.99999999999997,0.0,0.0,0.0010455524071304031,0.0,0.0,0.0,0.0,0.0,20.00000000000113,20.00000000000113,0.0,0.0
4.125,2.3000000005241588,3.215010239982874e-06,1.6,856.6079537204005,156.99999999999997,0.0,0.0,0.0010381779375118621,0.0,0.0,0.0,0.0,0.0,20.000000000001137,20.000000000001137,0.0,0.0
4.133333333333333,2.300000000524122,3.215010239982874e-06,1.6,856.5769199597049,156.99999999999997,0.0,0.0,0.0010308726574577932,0.0,0.0,0.0,0.0,0.0,20.00000000000114,20.00000000000114,0.0,0.0
4.141666666666667,2.3000000005240855,3.215010239982874e-06,1.6,856.5461043126068,156.99999999999997,0.0,0.0,0.0010236357574108484,0.0,0.0,0.0,0.0,0.0,20.00000000000114,20.00000000000114,0.0,0.0
4.15,2.300000000524049,3.215010239982874e-06,1.6,856.5155047399069,156.99999999999997,0.0,0.0,0.0010164664391539154,0.0,0.0,0.0,0.0,0.0,20.000000000001148,20.000000000001148,0.0,0.0
4.158333333333333,2.3000000005240135,3.215010239982874e-06,1.6,856.4851192261816,156.99999999999997,0.0,0.0,0.0010093639156256238,0.0,0.0,0.0,0.0,0.0,20.000000000001137,20.000000000001137,0.0,0.0
4.166666666666666,2.3000000005239776,3.215010239982874e-06,1.6,856.4549457794519,156.99999999999997,0.0,0.0,0.0010023274107381895,0.0,0.0,0.0,0.0,0.0,20.00000000000115,20.00000000000115,0.0,0.0
4.175,2.3000000005239425,3.215010239982874e-06,1.6,856.4249824308558,156.99999999999997,0.0,0.0,0.0009953561591997024,0.0,0.0,0.0,0.0,0.0,20.00000000000116,20.00000000000116,0.0,0.0
4.183333333333334,2.3000000005239074,3.215010239982874e-06,1.6,856.3952272343281,156.99999999999997,0.0,0.0,0.0009884494063395908,0.0,0.0,0.0,0.0,0.0,20.00000000000117,20.00000000000117,0.0,0.0
4.191666666666666,2.3000000005238723,3.215010239982874e-06,1.6,856.3656782662836,156.99999999999997,0.0,0.0,0.0009816064079362897,0.0,0.0,0.0,0.0,0.0,20.00000000000116,20.00000000000116,0.0,0.0
4.199999999999999,2.3000000005238377,3.215010239982874e-06,1.6,856.3363336253067,156.99999999999997,0.0,0.0,0.0009748264300496717,0.0,0.0,0.0,0.0,0.0,20.00000000000116,20.00000000000116,0.0,0.0
4.208333333333333,2.300000000523803,3.215010239982874e-06,1.6,856.3071914318452,156.99999999999997,0.0,0.0,0.000968108748855132,0.0,0.0,0.0,0.0,0.0,20.000000000001158,20.000000000001158,0.0,0.0
4.216666666666667,2.3000000005237693,3.215010239982874e-06,1.6,856.2782498279098,156.99999999999997,0.0,0.0,0.0009614526504816028,0.0,0.0,0.0,0.0,0.0,20.000000000001165,20.000000000001165,0.0,0.0
4.2250000000000005,2.300000000523735,3.215010239982874e-06,1.6,856.2495069767771,156.99999999999997,0.0,0.0,0.0009548574308519787,0.0,0.0,0.0,0.0,0.0,20.000000000001165,20.000000000001165,0.0,0.0
4.233333333333333,2.3000000005237013,3.215010239982874e-06,1.6,856.220961062699,156.99999999999997,0.0,0.0,0.0009483223955270112,0.0,0.0,0.0,0.0,0.0,20.00000000000116,20.00000000000116,0.0,0.0
4.241666666666667,2.300000000523668,3.215010239982874e-06,1.6,856.1926102906152,156.99999999999997,0.0,0.0,0.000941846859551629,0.0,0.0,0.0,0.0,0.0,20.000000000001172,20.000000000001172,0.0,0.0
4.25,2.3000000005236347,3.215010239982874e-06,1.6,856.1644528858719,156.99999999999997,0.0,0.0,0.0009354301473040083,0.0,0.0,0.0,0.0,0.0,20.000000000001183,20.000000000001183,0.0,0.0
4.258333333333334,2.300000000523602,3.215010239982874e-06,1.6,856.1364870939432,156.99999999999997,0.0,0.0,0.0009290715923477237,0.0,0.0,0.0,0.0,0.0,20.00000000000119,20.00000000000119,0.0,0.0
4.266666666666667,2.300000000523569,3.215010239982874e-06,1.6,856.1087111801578,156.99999999999997,0.0,0.0,0.0009227705372863005,0.0,0.0,0.0,0.0,0.0,20.00000000000119,20.00000000000119,0.0,0.0
4.275,2.3000000005235366,3.215010239982874e-06,1.6,856.0811234294306,156.99999999999997,0.0,0.0,0.0009165263336204076,0.0,0.0,0.0,0.0,0.0,20.000000000001183,20.000000000001183,0.0,0.0
4.283333333333333,2.300000000523504,3.215010239982874e-06,1.6,856.0537221459977,156.99999999999997,0.0,0.0,0.0009103383416080175,0.0,0.0,0.0,0.0,0.0,20.000000000001183,20.000000000001183,0.0,0.0
4.291666666666667,2.300000000523472,3.215010239982874e-06,1.6,856.0265056531554,156.99999999999997,0.0,0.0,0.0009042059301263206,0.0,0.0,0.0,0.0,0.0,20.000000000001183,20.000000000001183,0.0,0.0
4.3,2.3000000005234402,3.215010239982874e-06,1.6,855.9994722930039,156.99999999999997,0.0,0.0,0.0008981284765367202,0.0,0.0,0.0,0.0,0.0,20.000000000001197,20.000000000001197,0.0,0.0
4.308333333333334,2.3000000005234087,3.215010239982874e-06,1.6,855.9726204261952,156.99999999999997,0.0,0.0,0.0008921053665520588,0.0,0.0,0.0,0.0,0.0,20.000000000001204,20.000000000001204,0.0,0.0
4.316666666666666,2.300000000523377,3.215010239982874e-06,1.6,855.9459484316841,156.99999999999997,0.0,0.0,0.0008861359941064013,0.0,0.0,0.0,0.0,0.0,20.000000000001208,20.000000000001208,0.0,0.0
4.325,2.300000000523346,3.215010239982874e-06,1.6,855.9194547064834,156.99999999999997,0.0,0.0,0.0008802197612267211,0.0,0.0,0.0,0.0,0.0,20.00000000000119,20.00000000000119,0.0,0.0
4.333333333333333,2.300000000523315,3.215010239982874e-06,1.6,855.8931376654236,156.99999999999997,0.0,0.0,0.0008743560779070822,0.0,0.0,0.0,0.0,0.0,20.000000000001194,20.000000000001194,0.0,0.0
4.341666666666667,2.300000000523284,3.215010239982874e-06,1.6,855.8669957409152,156.99999999999997,0.0,0.0,0.000868544361985287,0.0,0.0,0.0,0.0,0.0,20.000000000001208,20.000000000001208,0.0,0.0
4.35,2.3000000005232537,3.215010239982874e-06,1.6,855.8410273827158,156.99999999999997,0.0,0.0,0.0008627840390213346,0.0,0.0,0.0,0.0,0.0,20.000000000001197,20.000000000001197,0.0,0.0
4.358333333333333,2.300000000523223,3.215010239982874e-06,1.6,855.8152310576995,156.99999999999997,0.0,0.0,0.0008570745421780206,0.0,0.0,0.0,0.0,0.0,20.000000000001208,20.000000000001208,0.0,0.0
4.366666666666666,2.300000000523193,3.215010239982874e-06,1.6,855.7896052496317,156.99999999999997,0.0,0.0,0.0008514153121043565,0.0,0.0,0.0,0.0,0.0,20.000000000001204,20.000000000001204,0.0,0.0
4.375,2.300000000523163,3.215010239982874e-06,1.6,855.7641484589451,156.99999999999997,0.0,0.0,0.0008458057968198307,0.0,0.0,0.0,0.0,0.0,20.0000000000012,20.0000000000012,0.0,0.0
4.383333333333333,2.3000000005231334,3.215010239982874e-06,1.6,855.7388592025211,156.99999999999997,0.0,0.0,0.0008402454516017902,0.0,0.0,0.0,0.0,0.0,20.000000000001194,20.000000000001194,0.0,0.0
4.391666666666667,2.3000000005231036,3.215010239982874e-06,1.6,855.7137360134734,156.99999999999997,0.0,0.0,0.00083473373887388,0.0,0.0,0.0,0.0,0.0,20.0000000000012,20.0000000000012,0.0,0.0
4.3999999999999995,2.3000000005230743,3.215010239982874e-06,1.6,855.6887774409356,156.99999999999997,0.0,0.0,0.0008292701280976289,0.0,0.0,0.0,0.0,0.0,20.000000000001204,20.000000000001204,0.0,0.0
4.408333333333333,2.300000000523045,3.215010239982874e-06,1.6,855.6639820498511,156.99999999999997,0.0,0.0,0.0008238540956643463,0.0,0.0,0.0,0.0,0.0,20.0000000000012,20.0000000000012,0.0,0.0
4.416666666666667,2.300000000523016,3.215010239982874e-06,1.6,855.6393484207678,156.99999999999997,0.0,0.0,0.0008184851247905502,0.0,0.0,0.0,0.0,0.0,20.000000000001172,20.000000000001172,0.0,0.0
4.425000000000001,2.3000000005229873,3.215010239982874e-06,1.6,855.6148751496339,156.99999999999997,0.0,0.0,0.0008131627054138331,0.0,0.0,0.0,0.0,0.0,20.000000000001155,20.000000000001155,0.0,0.0
4.433333333333334,2.3000000005229584,3.215010239982874e-06,1.6,855.5905608475983,156.99999999999997,0.0,0.0,0.000807886334091077,0.0,0.0,0.0,0.0,0.0,20.000000000001137,20.000000000001137,0.0,0.0
4.441666666666666,2.30000000052293,3.215010239982874e-06,1.6,855.5664041408138,156.99999999999997,0.0,0.0,0.0008026555138990649,0.0,0.0,0.0,0.0,0.0,20.00000000000115,20.00000000000115,0.0,0.0
4.45,2.300000000522902,3.215010239982874e-06,1.6,855.5424036702425,156.99999999999997,0.0,0.0,0.000797469754335389,0.0,0.0,0.0,0.0,0.0,20.000000000001158,20.000000000001158,0.0,0.0
4.458333333333334,2.300000000522874,3.215010239982874e-06,1.6,855.518558091465,156.99999999999997,0.0,0.0,0.0007923285712225836,0.0,0.0,0.0,0.0,0.0,20.00000000000115,20.00000000000115,0.0,0.0
4.466666666666667,2.300000000522846,3.215010239982874e-06,1.6,855.4948660744919,156.99999999999997,0.0,0.0,0.0007872314866125129,0.0,0.0,0.0,0.0,0.0,20.00000000000114,20.00000000000114,0.0,0.0
4.475,2.3000000005228185,3.215010239982874e-06,1.6,855.4713263035784,156.99999999999997,0.0,0.0,0.000782178028693759,0.0,0.0,0.0,0.0,0.0,20.000000000001123,20.000000000001123,0.0,0.0
4.483333333333333,2.300000000522791,3.215010239982874e-06,1.6,855.4479374770418,156.99999999999997,0.0,0.0,0.0007771677316991467,0.0,0.0,0.0,0.0,0.0,20.000000000001126,20.000000000001126,0.0,0.0
4.491666666666667,2.3000000005227634,3.215010239982874e-06,1.6,855.4246983070811,156.99999999999997,0.0,0.0,0.0007722001358162207,0.0,0.0,0.0,0.0,0.0,20.000000000001112,20.000000000001112,0.0,0.0
4.5,2.3000000005227363,3.215010239982874e-06,1.6,855.4016075196006,156.99999999999997,0.0,0.0,0.000767274787098421,0.0,0.0,0.0,0.0,0.0,20.000000000001087,20.000000000001087,0.0,0.0
4.508333333333333,2.3000000005227093,3.215010239982874e-06,1.6,855.3786638540338,156.99999999999997,0.0,0.0,0.0007623912373778005,0.0,0.0,0.0,0.0,0.0,20.000000000001087,20.000000000001087,0.0,0.0
4.516666666666667,2.3000000005226826,3.215010239982874e-06,1.6,855.3558660631728,156.99999999999997,0.0,0.0,0.0007575490441794332,0.0,0.0,0.0,0.0,0.0,20.000000000001098,20.000000000001098,0.0,0.0
4.525,2.300000000522656,3.215010239982874e-06,1.6,855.3332129129982,156.99999999999997,0.0,0.0,0.00075274777063749,0.0,0.0,0.0,0.0,0.0,20.00000000000109,20.00000000000109,0.0,0.0
4.533333333333333,2.3000000005226293,3.215010239982874e-06,1.6,855.3107031825117,156.99999999999997,0.0,0.0,0.0007479869854121206,0.0,0.0,0.0,0.0,0.0,20.00000000000108,20.00000000000108,0.0,0.0
4.541666666666666,2.300000000522603,3.215010239982874e-06,1.6,855.2883356635723,156.99999999999997,0.0,0.0,0.0007432662626082211,0.0,0.0,0.0,0.0,0.0,20.000000000001087,20.000000000001087,0.0,0.0
4.55,2.300000000522577,3.215010239982874e-06,1.6,855.266109160734,156.99999999999997,0.0,0.0,0.0007385851816955652,0.0,0.0,0.0,0.0,0.0,20.00000000000108,20.00000000000108,0.0,0.0
4.558333333333334,2.300000000522551,3.215010239982874e-06,1.6,855.2440224910852,156.99999999999997,0.0,0.0,0.000733943327429772,0.0,0.0,0.0,0.0,0.0,20.00000000000108,20.00000000000108,0.0,0.0
4.566666666666666,2.3000000005225254,3.215010239982874e-06,1.6,855.2220744840928,156.99999999999997,0.0,0.0,0.0007293402897752776,0.0,0.0,0.0,0.0,0.0,20.000000000001094,20.000000000001094,0.0,0.0
4.574999999999999,2.3000000005224996,3.215010239982874e-06,1.6,855.2002639814459,156.99999999999997,0.0,0.0,0.0007247756638291124,0.0,0.0,0.0,0.0,0.0,20.000000000001098,20.000000000001098,0.0,0.0
4.583333333333333,2.3000000005224743,3.215010239982874e-06,1.6,855.1785898369033,156.99999999999997,0.0,0.0,0.0007202490497460581,0.0,0.0,0.0,0.0,0.0,20.000000000001112,20.000000000001112,0.0,0.0
4.591666666666667,2.300000000522449,3.215010239982874e-06,1.6,855.1570509161432,156.99999999999997,0.0,0.0,0.0007157600526654178,0.0,0.0,0.0,0.0,0.0,20.00000000000111,20.00000000000111,0.0,0.0
4.6000000000000005,2.3000000005224237,3.215010239982874e-06,1.6,855.1356460966146,156.99999999999997,0.0,0.0,0.0007113082826380488,0.0,0.0,0.0,0.0,0.0,20.00000000000111,20.00000000000111,0.0,0.0
4.608333333333333,2.300000000522399,3.215010239982874e-06,1.6,855.1143742673905,156.99999999999997,0.0,0.0,0.0007068933545559781,0.0,0.0,0.0,0.0,0.0,20.000000000001116,20.000000000001116,0.0,0.0
4.616666666666667,2.300000000522374,3.215010239982874e-06,1.6,855.0932343290247,156.99999999999997,0.0,0.0,0.0007025148880817518,0.0,0.0,0.0,0.0,0.0,20.000000000001112,20.000000000001112,0.0,0.0
4.625,2.3000000005223495,3.215010239982874e-06,1.6,855.0722251934089,156.99999999999997,0.0,0.0,0.0006981725075800861,0.0,0.0,0.0,0.0,0.0,20.000000000001133,20.000000000001133,0.0,0.0
4.633333333333334,2.3000000005223247,3.215010239982874e-06,1.6,855.0513457836336,156.99999999999997,0.0,0.0,0.0006938658420500566,0.0,0.0,0.0,0.0,0.0,20.000000000001126,20.000000000001126,0.0,0.0
4.641666666666667,2.3000000005223007,3.215010239982874e-06,1.6,855.0305950338486,156.99999999999997,0.0,0.0,0.0006895945250584802,0.0,0.0,0.0,0.0,0.0,20.000000000001126,20.000000000001126,0.0,0.0
4.65,2.3000000005222763,3.215010239982874e-06,1.6,855.0099718891287,156.99999999999997,0.0,0.0,0.0006853581946743909,0.0,0.0,0.0,0.0,0.0,20.00000000000113,20.00000000000113,0.0,0.0
4.658333333333333,2.3000000005222523,3.215010239982874e-06,1.6,854.9894753053384,156.99999999999997,0.0,0.0,0.0006811564934048433,0.0,0.0,0.0,0.0,0.0,20.000000000001112,20.000000000001112,0.0,0.0
4.666666666666667,2.3000000005222283,3.215010239982874e-06,1.6,854.9691042489999,156.99999999999997,0.0,0.0,0.0006769890681312901,0.0,0.0,0.0,0.0,0.0,20.00000000000109,20.00000000000109,0.0,0.0
4.675,2.3000000005222048,3.215010239982874e-06,1.6,854.9488576971637,156.99999999999997,0.0,0.0,0.0006728555700474261,0.0,0.0,0.0,0.0,0.0,20.000000000001073,20.000000000001073,0.0,0.0
4.683333333333334,2.300000000522181,3.215010239982874e-06,1.6,854.9287346372789,156.99999999999997,0.0,0.0,0.0006687556545979084,0.0,0.0,0.0,0.0,0.0,20.000000000001066,20.000000000001066,0.0,0.0
4.691666666666666,2.3000000005221577,3.215010239982874e-06,1.6,854.9087340670675,156.99999999999997,0.0,0.0,0.0006646889814179441,0.0,0.0,0.0,0.0,0.0,20.00000000000106,20.00000000000106,0.0,0.0
4.7,2.300000000522134,3.215010239982874e-06,1.6,854.8888549943993,156.99999999999997,0.0,0.0,0.0006606552142738959,0.0,0.0,0.0,0.0,0.0,20.000000000001062,20.000000000001062,0.0,0.0
4.708333333333333,2.300000000522111,3.215010239982874e-06,1.6,854.8690964371685,156.99999999999997,0.0,0.0,0.0006566540210050569,0.0,0.0,0.0,0.0,0.0,20.00000000000105,20.00000000000105,0.0,0.0
4.716666666666667,2.300000000522088,3.215010239982874e-06,1.6,854.8494574231734,156.99999999999997,0.0,0.0,0.0006526850734660112,0.0,0.0,0.0,0.0,0.0,20.000000000001062,20.000000000001062,0.0,0.0
4.725,2.300000000522065,3.215010239982874e-06,1.6,854.8299369899954,156.99999999999997,0.0,0.0,0.0006487480474704654,0.0,0.0,0.0,0.0,0.0,20.00000000000105,20.00000000000105,0.0,0.0
4.733333333333333,2.3000000005220422,3.215010239982874e-06,1.6,854.8105341848825,156.99999999999997,0.0,0.0,0.0006448426227352402,0.0,0.0,0.0,0.0,0.0,20.00000000000105,20.00000000000105,0.0,0.0
4.741666666666666,2.3000000005220196,3.215010239982874e-06,1.6,854.7912480646321,156.99999999999997,0.0,0.0,0.0006409684828256295,0.0,0.0,0.0,0.0,0.0,20.00000000000107,20.00000000000107,0.0,0.0
4.75,2.3000000005219974,3.215010239982874e-06,1.6,854.7720776954764,156.99999999999997,0.0,0.0,0.0006371253151017879,0.0,0.0,0.0,0.0,0.0,20.000000000001044,20.000000000001044,0.0,0.0
4.758333333333333,2.3000000005219747,3.215010239982874e-06,1.6,854.7530221529697,156.99999999999997,0.0,0.0,0.0006333128106656517,0.0,0.0,0.0,0.0,0.0,20.000000000001055,20.000000000001055,0.0,0.0
4.766666666666667,2.3000000005219525,3.215010239982874e-06,1.6,854.7340805218773,156.99999999999997,0.0,0.0,0.0006295306643085537,0.0,0.0,0.0,0.0,0.0,20.00000000000106,20.00000000000106,0.0,0.0
4.7749999999999995,2.3000000005219308,3.215010239982874e-06,1.6,854.7152518960646,156.99999999999997,0.0,0.0,0.0006257785744603119,0.0,0.0,0.0,0.0,0.0,20.00000000000106,20.00000000000106,0.0,0.0
4.783333333333333,2.3000000005219086,3.215010239982874e-06,1.6,854.6965353783896,156.99999999999997,0.0,0.0,0.0006220562431382699,0.0,0.0,0.0,0.0,0.0,20.000000000001073,20.000000000001073,0.0,0.0
4.791666666666667,2.300000000521887,3.215010239982874e-06,1.6,854.6779300805954,156.99999999999997,0.0,0.0,0.0006183633758981121,0.0,0.0,0.0,0.0,0.0,20.00000000000108,20.00000000000108,0.0,0.0
4.800000000000001,2.300000000521865,3.215010239982874e-06,1.6,854.6594351232054,156.99999999999997,0.0,0.0,0.0006146996817845324,0.0,0.0,0.0,0.0,0.0,20.000000000001062,20.000000000001062,0.0,0.0
4.808333333333334,2.3000000005218437,3.215010239982874e-06,1.6,854.6410496354189,156.99999999999997,0.0,0.0,0.0006110648732833383,0.0,0.0,0.0,0.0,0.0,20.00000000000106,20.00000000000106,0.0,0.0
4.816666666666666,2.3000000005218224,3.215010239982874e-06,1.6,854.6227727550088,156.99999999999997,0.0,0.0,0.0006074586662737128,0.0,0.0,0.0,0.0,0.0,20.000000000001055,20.000000000001055,0.0,0.0
4.825,2.300000000521801,3.215010239982874e-06,1.6,854.6046036282203,156.99999999999997,0.0,0.0,0.0006038807799822839,0.0,0.0,0.0,0.0,0.0,20.00000000000106,20.00000000000106,0.0,0.0
4.833333333333334,2.3000000005217798,3.215010239982874e-06,1.6,854.5865414096718,156.99999999999997,0.0,0.0,0.00060033093693631,0.0,0.0,0.0,0.0,0.0,20.000000000001048,20.000000000001048,0.0,0.0
4.841666666666667,2.300000000521759,3.215010239982874e-06,1.6,854.5685852622556,156.99999999999997,0.0,0.0,0.0005968088629192844,0.0,0.0,0.0,0.0,0.0,20.000000000001048,20.000000000001048,0.0,0.0
4.85,2.300000000521738,3.215010239982874e-06,1.6,854.5507343570418,156.99999999999997,0.0,0.0,0.0005933142869258788,0.0,0.0,0.0,0.0,0.0,20.00000000000105,20.00000000000105,0.0,0.0
4.858333333333333,2.300000000521717,3.215010239982874e-06,1.6,854.5329878731819,156.99999999999997,0.0,0.0,0.0005898469411184987,0.0,0.0,0.0,0.0,0.0,20.000000000001048,20.000000000001048,0.0,0.0
4.866666666666667,2.3000000005216963,3.215010239982874e-06,1.6,854.5153449978151,156.99999999999997,0.0,0.0,0.0005864065607840273,0.0,0.0,0.0,0.0,0.0,20.00000000000105,20.00000000000105,0.0,0.0
4.875,2.300000000521676,3.215010239982874e-06,1.6,854.4978049259746,156.99999999999997,0.0,0.0,0.0005829928842914595,0.0,0.0,0.0,0.0,0.0,20.000000000001044,20.000000000001044,0.0,0.0
4.883333333333333,2.3000000005216554,3.215010239982874e-06,1.6,854.4803668604962,156.99999999999997,0.0,0.0,0.0005796056530498664,0.0,0.0,0.0,0.0,0.0,20.000000000001044,20.000000000001044,0.0,0.0
4.891666666666667,2.300000000521635,3.215010239982874e-06,1.6,854.4630300119278,156.99999999999997,0.0,0.0,0.0005762446114677003,0.0,0.0,0.0,0.0,0.0,20.000000000001037,20.000000000001037,0.0,0.0
4.9,2.300000000521615,3.215010239982874e-06,1.6,854.4457935984394,156.99999999999997,0.0,0.0,0.0005729095069119493,0.0,0.0,0.0,0.0,0.0,20.000000000001027,20.000000000001027,0.0,0.0
4.908333333333333,2.300000000521595,3.215010239982874e-06,1.6,854.4286568457358,156.99999999999997,0.0,0.0,0.0005696000896683054,0.0,0.0,0.0,0.0,0.0,20.000000000001023,20.000000000001023,0.0,0.0
4.916666666666666,2.300000000521575,3.215010239982874e-06,1.6,854.4116189869687,156.99999999999997,0.0,0.0,0.0005663161129020245,0.0,0.0,0.0,0.0,0.0,20.000000000001005,20.000000000001005,0.0,0.0
4.925,2.300000000521555,3.215010239982874e-06,1.6,854.394679262652,156.99999999999997,0.0,0.0,0.0005630573326192386,0.0,0.0,0.0,0.0,0.0,20.00000000000101,20.00000000000101,0.0,0.0
4.933333333333334,2.3000000005215355,3.215010239982874e-06,1.6,854.3778369205762,156.99999999999997,0.0,0.0,0.000559823507628641,0.0,0.0,0.0,0.0,0.0,20.000000000000995,20.000000000000995,0.0,0.0
4.941666666666666,2.300000000521516,3.215010239982874e-06,1.6,854.3610912157254,156.99999999999997,0.0,0.0,0.0005566143995043796,0.0,0.0,0.0,0.0,0.0,20.000000000001,20.000000000001,0.0,0.0
4.949999999999999,2.3000000005214964,3.215010239982874e-06,1.6,854.3444414101949,156.99999999999997,0.0,0.0,0.0005534297725489236,0.0,0.0,0.0,0.0,0.0,20.00000000000102,20.00000000000102,0.0,0.0
4.958333333333333,2.300000000521477,3.215010239982874e-06,1.6,854.3278867731095,156.99999999999997,0.0,0.0,0.0005502693937565902,0.0,0.0,0.0,0.0,0.0,20.000000000001002,20.000000000001002,0.0,0.0
4.966666666666667,2.300000000521458,3.215010239982874e-06,1.6,854.3114265805439,156.99999999999997,0.0,0.0,0.0005471330327780271,0.0,0.0,0.0,0.0,0.0,20.000000000001016,20.000000000001016,0.0,0.0
4.9750000000000005,2.3000000005214387,3.215010239982874e-06,1.6,854.2950601154428,156.99999999999997,0.0,0.0,0.0005440204618847291,0.0,0.0,0.0,0.0,0.0,20.000000000001013,20.000000000001013,0.0,0.0
4.983333333333333,2.3000000005214196,3.215010239982874e-06,1.6,854.2787866675436,156.99999999999997,0.0,0.0,0.0005409314559344986,0.0,0.0,0.0,0.0,0.0,20.000000000000995,20.000000000000995,0.0,0.0
4.991666666666667,2.3000000005214005,3.215010239982874e-06,1.6,854.2626055332989,156.99999999999997,0.0,0.0,0.0005378657923370809,0.0,0.0,0.0,0.0,0.0,20.000000000000995,20.000000000000995,0.0,0.0
5.0,2.300000000521382,3.215010239982874e-06,1.6,854.2465160158006,156.99999999999997,0.0,0.0,0.0005348232510205042,0.0,0.0,0.0,0.0,0.0,20.000000000001005,20.000000000001005,0.0,0.0
5.008333333333334,2.300000000521363,3.215010239982874e-06,1.6,854.2305174247043,156.99999999999997,0.0,0.0,0.000531803614397961,0.0,0.0,0.0,0.0,0.0,20.00000000000101,20.00000000000101,0.0,0.0
5.016666666666667,2.3000000005213446,3.215010239982874e-06,1.6,854.2146090761563,156.99999999999997,0.0,0.0,0.0005288066673351541,0.0,0.0,0.0,0.0,0.0,20.000000000001005,20.000000000001005,0.0,0.0
5.025,2.300000000521326,3.215010239982874e-06,1.6,854.1987902927197,156.99999999999997,0.0,0.0,0.0005258321971179488,0.0,0.0,0.0,0.0,0.0,20.000000000001,20.000000000001,0.0,0.0
5.033333333333333,2.3000000005213077,3.215010239982874e-06,1.6,854.1830604033023,156.99999999999997,0.0,0.0,0.0005228799934209283,0.0,0.0,0.0,0.0,0.0,20.000000000001,20.000000000001,0.0,0.0
5.041666666666667,2.300000000521289,3.215010239982874e-06,1.6,854.1674187430863,156.99999999999997,0.0,0.0,0.0005199498482758702,0.0,0.0,0.0,0.0,0.0,20.000000000001002,20.000000000001002,0.0,0.0
5.05,2.300000000521271,3.215010239982874e-06,1.6,854.1518646534564,156.99999999999997,0.0,0.0,0.0005170415560411894,0.0,0.0,0.0,0.0,0.0,20.00000000000098,20.00000000000098,0.0,0.0
5.058333333333334,2.300000000521253,3.215010239982874e-06,1.6,854.1363974819325,156.99999999999997,0.0,0.0,0.0005141549133715176,0.0,0.0,0.0,0.0,0.0,20.000000000000973,20.000000000000973,0.0,0.0
5.066666666666666,2.300000000521235,3.215010239982874e-06,1.6,854.1210165820994,156.99999999999997,0.0,0.0,0.0005112897191879376,0.0,0.0,0.0,0.0,0.0,20.000000000000963,20.000000000000963,0.0,0.0
5.075,2.300000000521217,3.215010239982874e-06,1.6,854.1057213135407,156.99999999999997,0.0,0.0,0.0005084457746484953,0.0,0.0,0.0,0.0,0.0,20.00000000000095,20.00000000000095,0.0,0.0
5.083333333333333,2.3000000005211994,3.215010239982874e-06,1.6,854.0905110417709,156.99999999999997,0.0,0.0,0.0005056228831192068,0.0,0.0,0.0,0.0,0.0,20.00000000000096,20.00000000000096,0.0,0.0
5.091666666666667,2.3000000005211816,3.215010239982874e-06,1.6,854.0753851381709,156.99999999999997,0.0,0.0,0.0005028208501455574,0.0,0.0,0.0,0.0,0.0,20.000000000000952,20.000000000000952,0.0,0.0
5.1,2.3000000005211643,3.215010239982874e-06,1.6,854.0603429799216,156.99999999999997,0.0,0.0,0.0005000394834243369,0.0,0.0,0.0,0.0,0.0,20.000000000000952,20.000000000000952,0.0,0.0
5.108333333333333,2.3000000005211465,3.215010239982874e-06,1.6,854.0453839499412,156.99999999999997,0.0,0.0,0.0004972785927759557,0.0,0.0,0.0,0.0,0.0,20.000000000000963,20.000000000000963,0.0,0.0
5.116666666666666,2.300000000521129,3.215010239982874e-06,1.6,854.030507436821,156.99999999999997,0.0,0.0,0.0004945379901170916,0.0,0.0,0.0,0.0,0.0,20.00000000000097,20.00000000000097,0.0,0.0
5.125,2.300000000521112,3.215010239982874e-06,1.6,854.015712834763,156.99999999999997,0.0,0.0,0.0004918174894338798,0.0,0.0,0.0,0.0,0.0,20.000000000000963,20.000000000000963,0.0,0.0
5.133333333333333,2.3000000005210945,3.215010239982874e-06,1.6,854.0009995435188,156.99999999999997,0.0,0.0,0.0004891169067552031,0.0,0.0,0.0,0.0,0.0,20.000000000000956,20.000000000000956,0.0,0.0
5.141666666666667,2.3000000005210777,3.215010239982874e-06,1.6,853.9863669683278,156.99999999999997,0.0,0.0,0.00048643606012674004,0.0,0.0,0.0,0.0,0.0,20.000000000000952,20.000000000000952,0.0,0.0
5.1499999999999995,2.300000000521061,3.215010239982874e-06,1.6,853.9718145198581,156.99999999999997,0.0,0.0,0.0004837747695853219,0.0,0.0,0.0,0.0,0.0,20.000000000000938,20.000000000000938,0.0,0.0
5.158333333333333,2.300000000521044,3.215010239982874e-06,1.6,853.9573416141463,156.99999999999997,0.0,0.0,0.0004811328571330872,0.0,0.0,0.0,0.0,0.0,20.00000000000095,20.00000000000095,0.0,0.0
5.166666666666667,2.300000000521027,3.215010239982874e-06,1.6,853.9429476725395,156.99999999999997,0.0,0.0,0.00047851014671303655,0.0,0.0,0.0,0.0,0.0,20.000000000000934,20.000000000000934,0.0,0.0
5.175000000000001,2.30000000052101,3.215010239982874e-06,1.6,853.9286321216371,156.99999999999997,0.0,0.0,0.00047590646418408235,0.0,0.0,0.0,0.0,0.0,20.000000000000956,20.000000000000956,0.0,0.0
5.183333333333334,2.3000000005209937,3.215010239982874e-06,1.6,853.9143943932338,156.99999999999997,0.0,0.0,0.00047332163729683387,0.0,0.0,0.0,0.0,0.0,20.00000000000093,20.00000000000093,0.0,0.0
5.191666666666666,2.300000000520977,3.215010239982874e-06,1.6,853.9002339242634,156.99999999999997,0.0,0.0,0.00047075549566974527,0.0,0.0,0.0,0.0,0.0,20.000000000000934,20.000000000000934,0.0,0.0
5.2,2.3000000005209604,3.215010239982874e-06,1.6,853.8861501567429,156.99999999999997,0.0,0.0,0.00046820787076533603,0.0,0.0,0.0,0.0,0.0,20.00000000000096,20.00000000000096,0.0,0.0
5.208333333333334,2.3000000005209444,3.215010239982874e-06,1.6,853.8721425377175,156.99999999999997,0.0,0.0,0.0004656785958670583,0.0,0.0,0.0,0.0,0.0,20.000000000000952,20.000000000000952,0.0,0.0
5.216666666666667,2.300000000520928,3.215010239982874e-06,1.6,853.8582105192065,156.99999999999997,0.0,0.0,0.00046316750605658905,0.0,0.0,0.0,0.0,0.0,20.000000000000952,20.000000000000952,0.0,0.0
5.225,2.3000000005209116,3.215010239982874e-06,1.6,853.8443535581496,156.99999999999997,0.0,0.0,0.0004606744381907511,0.0,0.0,0.0,0.0,0.0,20.000000000000945,20.000000000000945,0.0,0.0
5.233333333333333,2.3000000005208956,3.215010239982874e-06,1.6,853.8305711163541,156.99999999999997,0.0,0.0,0.0004581992308798616,0.0,0.0,0.0,0.0,0.0,20.00000000000095,20.00000000000095,0.0,0.0
5.241666666666667,2.3000000005208796,3.215010239982874e-06,1.6,853.8168626604423,156.99999999999997,0.0,0.0,0.0004557417244652002,0.0,0.0,0.0,0.0,0.0,20.000000000000945,20.000000000000945,0.0,0.0
5.25,2.3000000005208636,3.215010239982874e-06,1.6,853.8032276618004,156.99999999999997,0.0,0.0,0.00045330176099789407,0.0,0.0,0.0,0.0,0.0,20.000000000000945,20.000000000000945,0.0,0.0
5.258333333333333,2.300000000520848,3.215010239982874e-06,1.6,853.789665596527,156.99999999999997,0.0,0.0,0.00045087918421713526,0.0,0.0,0.0,0.0,0.0,20.00000000000096,20.00000000000096,0.0,0.0
5.266666666666667,2.300000000520832,3.215010239982874e-06,1.6,853.7761759453833,156.99999999999997,0.0,0.0,0.00044847383952958963,0.0,0.0,0.0,0.0,0.0,20.00000000000096,20.00000000000096,0.0,0.0
5.275,2.3000000005208165,3.215010239982874e-06,1.6,853.7627581937431,156.99999999999997,0.0,0.0,0.0004460855739884205,0.0,0.0,0.0,0.0,0.0,20.000000000000966,20.000000000000966,0.0,0.0
5.283333333333333,2.300000000520801,3.215010239982874e-06,1.6,853.7494118315437,156.99999999999997,0.0,0.0,0.0004437142362729235,0.0,0.0,0.0,0.0,0.0,20.00000000000095,20.00000000000095,0.0,0.0
5.291666666666666,2.3000000005207855,3.215010239982874e-06,1.6,853.7361363532373,156.99999999999997,0.0,0.0,0.0004413596766683435,0.0,0.0,0.0,0.0,0.0,20.000000000000952,20.000000000000952,0.0,0.0
5.3,2.30000000052077,3.215010239982874e-06,1.6,853.7229312577435,156.99999999999997,0.0,0.0,0.00043902174704608157,0.0,0.0,0.0,0.0,0.0,20.000000000000952,20.000000000000952,0.0,0.0
5.308333333333334,2.300000000520755,3.215010239982874e-06,1.6,853.7097960484018,156.99999999999997,0.0,0.0,0.00043670030084428903,0.0,0.0,0.0,0.0,0.0,20.000000000000952,20.000000000000952,0.0,0.0
5.316666666666666,2.3000000005207393,3.215010239982874e-06,1.6,853.6967302329251,156.99999999999997,0.0,0.0,0.0004343951930481384,0.0,0.0,0.0,0.0,0.0,20.000000000000952,20.000000000000952,0.0,0.0
5.324999999999999,2.300000000520724,3.215010239982874e-06,1.6,853.683733323353,156.99999999999997,0.0,0.0,0.0004321062801712553,0.0,0.0,0.0,0.0,0.0,20.00000000000094,20.00000000000094,0.0,0.0
5.333333333333333,2.300000000520709,3.215010239982874e-06,1.6,853.6708048360068,156.99999999999997,0.0,0.0,0.00042983342023674874,0.0,0.0,0.0,0.0,0.0,20.000000000000927,20.000000000000927,0.0,0.0
5.341666666666667,2.3000000005206944,3.215010239982874e-06,1.6,853.6579442914444,156.99999999999997,0.0,0.0,0.00042757647275862114,0.0,0.0,0.0,0.0,0.0,20.00000000000093,20.00000000000093,0.0,0.0
5.3500000000000005,2.3000000005206793,3.215010239982874e-06,1.6,853.6451512144158,156.99999999999997,0.0,0.0,0.000425335298723829,0.0,0.0,0.0,0.0,0.0,20.000000000000934,20.000000000000934,0.0,0.0
5.358333333333333,2.3000000005206647,3.215010239982874e-06,1.6,853.632425133819,156.99999999999997,0.0,0.0,0.00042310976057387283,0.0,0.0,0.0,0.0,0.0,20.000000000000945,20.000000000000945,0.0,0.0
5.366666666666667,2.3000000005206496,3.215010239982874e-06,1.6,853.6197655826568,156.99999999999997,0.0,0.0,0.0004208997221875238,0.0,0.0,0.0,0.0,0.0,20.000000000000966,20.000000000000966,0.0,0.0
5.375,2.300000000520635,3.215010239982874e-06,1.6,853.6071720979942,156.99999999999997,0.0,0.0,0.0004187050488630744,0.0,0.0,0.0,0.0,0.0,20.000000000000984,20.000000000000984,0.0,0.0
5.383333333333334,2.3000000005206203,3.215010239982874e-06,1.6,853.5946442209154,156.99999999999997,0.0,0.0,0.0004165256073010908,0.0,0.0,0.0,0.0,0.0,20.00000000000099,20.00000000000099,0.0,0.0
5.391666666666667,2.300000000520606,3.215010239982874e-06,1.6,853.5821814964829,156.99999999999997,0.0,0.0,0.00041436126558759323,0.0,0.0,0.0,0.0,0.0,20.00000000000099,20.00000000000099,0.0,0.0
5.4,2.3000000005205914,3.215010239982874e-06,1.6,853.5697834736953,156.99999999999997,0.0,0.0,0.0004122118931769656,0.0,0.0,0.0,0.0,0.0,20.000000000000995,20.000000000000995,0.0,0.0
5.408333333333333,2.300000000520577,3.215010239982874e-06,1.6,853.5574497054472,156.99999999999997,0.0,0.0,0.0004100773608758436,0.0,0.0,0.0,0.0,0.0,20.000000000001013,20.000000000001013,0.0,0.0
5.416666666666667,2.3000000005205625,3.215010239982874e-06,1.6,853.5451797484884,156.99999999999997,0.0,0.0,0.0004079575408264512,0.0,0.0,0.0,0.0,0.0,20.000000000001027,20.000000000001027,0.0,0.0
5.425,2.3000000005205483,3.215010239982874e-06,1.6,853.5329731633842,156.99999999999997,0.0,0.0,0.00040585230649056383,0.0,0.0,0.0,0.0,0.0,20.000000000001016,20.000000000001016,0.0,0.0
5.433333333333334,2.300000000520534,3.215010239982874e-06,1.6,853.5208295144765,156.99999999999997,0.0,0.0,0.00040376153263395266,0.0,0.0,0.0,0.0,0.0,20.000000000001016,20.000000000001016,0.0,0.0
5.441666666666666,2.3000000005205203,3.215010239982874e-06,1.6,853.5087483698442,156.99999999999997,0.0,0.0,0.00040168509531034543,0.0,0.0,0.0,0.0,0.0,20.000000000001027,20.000000000001027,0.0,0.0
5.45,2.300000000520506,3.215010239982874e-06,1.6,853.4967293012652,156.99999999999997,0.0,0.0,0.00039962287184621006,0.0,0.0,0.0,0.0,0.0,20.00000000000101,20.00000000000101,0.0,0.0
5.458333333333333,2.3000000005204924,3.215010239982874e-06,1.6,853.4847718841784,156.99999999999997,0.0,0.0,0.0003975747408255314,0.0,0.0,0.0,0.0,0.0,20.000000000001013,20.000000000001013,0.0,0.0
5.466666666666667,2.3000000005204786,3.215010239982874e-06,1.6,853.4728756976464,156.99999999999997,0.0,0.0,0.00039554058207465047,0.0,0.0,0.0,0.0,0.0,20.00000000000101,20.00000000000101,0.0,0.0
5.475,2.300000000520465,3.215010239982874e-06,1.6,853.461040324318,156.99999999999997,0.0,0.0,0.0003935202766476421,0.0,0.0,0.0,0.0,0.0,20.00000000000102,20.00000000000102,0.0,0.0
5.483333333333333,2.300000000520451,3.215010239982874e-06,1.6,853.4492653503918,156.99999999999997,0.0,0.0,0.00039151370681168044,0.0,0.0,0.0,0.0,0.0,20.000000000001016,20.000000000001016,0.0,0.0
5.491666666666666,2.3000000005204373,3.215010239982874e-06,1.6,853.4375503655804,156.99999999999997,0.0,0.0,0.0003895207560324619,0.0,0.0,0.0,0.0,0.0,20.000000000001013,20.000000000001013,0.0,0.0
5.5,2.3000000005204235,3.215010239982874e-06,1.6,853.4258949630739,156.99999999999997,0.0,0.0,0.00038754130896009084,0.0,0.0,0.0,0.0,0.0,20.000000000001023,20.000000000001023,0.0,0.0
5.508333333333333,2.30000000052041,3.215010239982874e-06,1.6,853.4142987395053,156.99999999999997,0.0,0.0,0.00038557525141528755,0.0,0.0,0.0,0.0,0.0,20.000000000001013,20.000000000001013,0.0,0.0
5.516666666666667,2.300000000520397,3.215010239982874e-06,1.6,853.4027612949155,156.99999999999997,0.0,0.0,0.000383622470375105,0.0,0.0,0.0,0.0,0.0,20.000000000001002,20.000000000001002,0.0,0.0
5.5249999999999995,2.300000000520383,3.215010239982874e-06,1.6,853.3912822327181,156.99999999999997,0.0,0.0,0.0003816828539595767,0.0,0.0,0.0,0.0,0.0,20.00000000000101,20.00000000000101,0.0,0.0
5.533333333333333,2.3000000005203702,3.215010239982874e-06,1.6,853.3798611596661,156.99999999999997,0.0,0.0,0.00037975629141834136,0.0,0.0,0.0,0.0,0.0,20.000000000001027,20.000000000001027,0.0,0.0
5.541666666666667,2.300000000520357,3.215010239982874e-06,1.6,853.3684976858182,156.99999999999997,0.0,0.0,0.00037784267311704467,0.0,0.0,0.0,0.0,0.0,20.00000000000103,20.00000000000103,0.0,0.0
5.550000000000001,2.3000000005203436,3.215010239982874e-06,1.6,853.3571914245048,156.99999999999997,0.0,0.0,0.0003759418905245936,0.0,0.0,0.0,0.0,0.0,20.000000000001027,20.000000000001027,0.0,0.0
5.558333333333334,2.3000000005203307,3.215010239982874e-06,1.6,853.3459419922959,156.99999999999997,0.0,0.0,0.0003740538361999149,0.0,0.0,0.0,0.0,0.0,20.000000000001016,20.000000000001016,0.0,0.0
5.566666666666666,2.3000000005203174,3.215010239982874e-06,1.6,853.3347490089683,156.99999999999997,0.0,0.0,0.0003721784037792927,0.0,0.0,0.0,0.0,0.0,20.000000000001023,20.000000000001023,0.0,0.0
5.575,2.3000000005203045,3.215010239982874e-06,1.6,853.3236120974732,156.99999999999997,0.0,0.0,0.00037031548796401226,0.0,0.0,0.0,0.0,0.0,20.00000000000103,20.00000000000103,0.0,0.0
5.583333333333334,2.3000000005202916,3.215010239982874e-06,1.6,853.3125308839047,156.99999999999997,0.0,0.0,0.00036846498450770733,0.0,0.0,0.0,0.0,0.0,20.000000000001037,20.000000000001037,0.0,0.0
5.591666666666667,2.3000000005202788,3.215010239982874e-06,1.6,853.3015049974688,156.99999999999997,0.0,0.0,0.00036662679020401203,0.0,0.0,0.0,0.0,0.0,20.00000000000104,20.00000000000104,0.0,0.0
5.6,2.300000000520266,3.215010239982874e-06,1.6,853.2905340704515,156.99999999999997,0.0,0.0,0.0003648008028747818,0.0,0.0,0.0,0.0,0.0,20.000000000001055,20.000000000001055,0.0,0.0
5.608333333333333,2.3000000005202534,3.215010239982874e-06,1.6,853.279617738189,156.99999999999997,0.0,0.0,0.00036298692135794673,0.0,0.0,0.0,0.0,0.0,20.00000000000105,20.00000000000105,0.0,0.0
5.616666666666667,2.3000000005202406,3.215010239982874e-06,1.6,853.2687556390365,156.99999999999997,0.0,0.0,0.0003611850454958637,0.0,0.0,0.0,0.0,0.0,20.000000000001062,20.000000000001062,0.0,0.0
5.625,2.300000000520228,3.215010239982874e-06,1.6,853.2579474143395,156.99999999999997,0.0,0.0,0.0003593950761235005,0.0,0.0,0.0,0.0,0.0,20.000000000001055,20.000000000001055,0.0,0.0
5.633333333333333,2.3000000005202157,3.215010239982874e-06,1.6,853.2471927084026,156.99999999999997,0.0,0.0,0.0003576169150573778,0.0,0.0,0.0,0.0,0.0,20.00000000000106,20.00000000000106,0.0,0.0
5.641666666666667,2.3000000005202033,3.215010239982874e-06,1.6,853.2364911684618,156.99999999999997,0.0,0.0,0.0003558504650836134,0.0,0.0,0.0,0.0,0.0,20.00000000000106,20.00000000000106,0.0,0.0
5.65,2.300000000520191,3.215010239982874e-06,1.6,853.2258424446547,156.99999999999997,0.0,0.0,0.00035409562994757947,0.0,0.0,0.0,0.0,0.0,20.000000000001037,20.000000000001037,0.0,0.0
5.658333333333333,2.3000000005201784,3.215010239982874e-06,1.6,853.2152461899917,156.99999999999997,0.0,0.0,0.00035235231434206687,0.0,0.0,0.0,0.0,0.0,20.00000000000106,20.00000000000106,0.0,0.0
5.666666666666666,2.300000000520166,3.215010239982874e-06,1.6,853.2047020603285,156.99999999999997,0.0,0.0,0.0003506204238970566,0.0,0.0,0.0,0.0,0.0,20.000000000001084,20.000000000001084,0.0,0.0
5.675,2.300000000520154,3.215010239982874e-06,1.6,853.1942097143376,156.99999999999997,0.0,0.0,0.00034889986516859205,0.0,0.0,0.0,0.0,0.0,20.00000000000107,20.00000000000107,0.0,0.0
5.683333333333334,2.3000000005201415,3.215010239982874e-06,1.6,853.1837688134808,156.99999999999997,0.0,0.0,0.0003471905456283963,0.0,0.0,0.0,0.0,0.0,20.000000000001073,20.000000000001073,0.0,0.0
5.691666666666666,2.3000000005201295,3.215010239982874e-06,1.6,853.1733790219819,156.99999999999997,0.0,0.0,0.00034549237365337867,0.0,0.0,0.0,0.0,0.0,20.000000000001073,20.000000000001073,0.0,0.0
5.699999999999999,2.3000000005201175,3.215010239982874e-06,1.6,853.1630400068,156.99999999999997,0.0,0.0,0.00034380525851522694,0.0,0.0,0.0,0.0,0.0,20.00000000000108,20.00000000000108,0.0,0.0
5.708333333333333,2.3000000005201056,3.215010239982874e-06,1.6,853.1527514376019,156.99999999999997,0.0,0.0,0.00034212911037034447,0.0,0.0,0.0,0.0,0.0,20.000000000001076,20.000000000001076,0.0,0.0
5.716666666666667,2.3000000005200936,3.215010239982874e-06,1.6,853.1425129867372,156.99999999999997,0.0,0.0,0.0003404638402498042,0.0,0.0,0.0,0.0,0.0,20.00000000000107,20.00000000000107,0.0,0.0
5.7250000000000005,2.3000000005200816,3.215010239982874e-06,1.6,853.1323243292106,156.99999999999997,0.0,0.0,0.00033880936004938443,0.0,0.0,0.0,0.0,0.0,20.00000000000107,20.00000000000107,0.0,0.0
5.733333333333333,2.30000000052007,3.215010239982874e-06,1.6,853.1221851426574,156.99999999999997,0.0,0.0,0.00033716558251962043,0.0,0.0,0.0,0.0,0.0,20.000000000001062,20.000000000001062,0.0,0.0
5.741666666666667,2.300000000520058,3.215010239982874e-06,1.6,853.112095107317,156.99999999999997,0.0,0.0,0.00033553242125645413,0.0,0.0,0.0,0.0,0.0,20.000000000001044,20.000000000001044,0.0,0.0
5.75,2.3000000005200465,3.215010239982874e-06,1.6,853.1020539060087,156.99999999999997,0.0,0.0,0.0003339097906916363,0.0,0.0,0.0,0.0,0.0,20.00000000000104,20.00000000000104,0.0,0.0
5.758333333333334,2.300000000520035,3.215010239982874e-06,1.6,853.0920612241055,156.99999999999997,0.0,0.0,0.00033229760608294843,0.0,0.0,0.0,0.0,0.0,20.000000000001037,20.000000000001037,0.0,0.0
5.766666666666667,2.3000000005200234,3.215010239982874e-06,1.6,853.082116749511,156.99999999999997,0.0,0.0,0.0003306957835054043,0.0,0.0,0.0,0.0,0.0,20.000000000001027,20.000000000001027,0.0,0.0
5.775,2.300000000520012,3.215010239982874e-06,1.6,853.0722201726336,156.99999999999997,0.0,0.0,0.0003291042398418159,0.0,0.0,0.0,0.0,0.0,20.000000000001027,20.000000000001027,0.0,0.0
5.783333333333333,2.3000000005200003,3.215010239982874e-06,1.6,853.0623711863633,156.99999999999997,0.0,0.0,0.00032752289277369087,0.0,0.0,0.0,0.0,0.0,20.00000000000104,20.00000000000104,0.0,0.0
5.791666666666667,2.3000000005199888,3.215010239982874e-06,1.6,853.0525694860476,156.99999999999997,0.0,0.0,0.00032595166077233203,0.0,0.0,0.0,0.0,0.0,20.000000000001048,20.000000000001048,0.0,0.0
5.8,2.3000000005199777,3.215010239982874e-06,1.6,853.0428147694674,156.99999999999997,0.0,0.0,0.0003243904630903271,0.0,0.0,0.0,0.0,0.0,20.000000000001044,20.000000000001044,0.0,0.0
5.808333333333334,2.300000000519966,3.215010239982874e-06,1.6,853.0331067368154,156.99999999999997,0.0,0.0,0.000322839219752149,0.0,0.0,0.0,0.0,0.0,20.000000000001037,20.000000000001037,0.0,0.0
5.816666666666666,2.300000000519955,3.215010239982874e-06,1.6,853.0234450906705,156.99999999999997,0.0,0.0,0.00032129785154636105,0.0,0.0,0.0,0.0,0.0,20.000000000001023,20.000000000001023,0.0,0.0
5.825,2.300000000519944,3.215010239982874e-06,1.6,853.0138295359774,156.99999999999997,0.0,0.0,0.00031976628001635697,0.0,0.0,0.0,0.0,0.0,20.00000000000102,20.00000000000102,0.0,0.0
5.833333333333333,2.300000000519933,3.215010239982874e-06,1.6,853.0042597800226,156.99999999999997,0.0,0.0,0.0003182444274526353,0.0,0.0,0.0,0.0,0.0,20.000000000001034,20.000000000001034,0.0,0.0
5.841666666666667,2.3000000005199217,3.215010239982874e-06,1.6,852.994735532413,156.99999999999997,0.0,0.0,0.0003167322168840579,0.0,0.0,0.0,0.0,0.0,20.000000000001034,20.000000000001034,0.0,0.0
5.85,2.3000000005199106,3.215010239982874e-06,1.6,852.9852565050528,156.99999999999997,0.0,0.0,0.0003152295720698727,0.0,0.0,0.0,0.0,0.0,20.00000000000104,20.00000000000104,0.0,0.0
5.858333333333333,2.3000000005198995,3.215010239982874e-06,1.6,852.9758224121233,156.99999999999997,0.0,0.0,0.000313736417491612,0.0,0.0,0.0,0.0,0.0,20.000000000001048,20.000000000001048,0.0,0.0
5.866666666666666,2.300000000519889,3.215010239982874e-06,1.6,852.9664329700596,156.99999999999997,0.0,0.0,0.000312252678345116,0.0,0.0,0.0,0.0,0.0,20.000000000001048,20.000000000001048,0.0,0.0
5.875,2.3000000005198777,3.215010239982874e-06,1.6,852.9570878975308,156.99999999999997,0.0,0.0,0.0003107782805326836,0.0,0.0,0.0,0.0,0.0,20.000000000001037,20.000000000001037,0.0,0.0
5.883333333333333,2.300000000519867,3.215010239982874e-06,1.6,852.9477869154175,156.99999999999997,0.0,0.0,0.0003093131506552215,0.0,0.0,0.0,0.0,0.0,20.000000000001037,20.000000000001037,0.0,0.0
5.891666666666667,2.3000000005198564,3.215010239982874e-06,1.6,852.9385297467927,156.99999999999997,0.0,0.0,0.00030785721600470634,0.0,0.0,0.0,0.0,0.0,20.000000000001048,20.000000000001048,0.0,0.0
5.8999999999999995,2.3000000005198458,3.215010239982874e-06,1.6,852.9293161168994,156.99999999999997,0.0,0.0,0.00030641040455645557,0.0,0.0,0.0,0.0,0.0,20.000000000001048,20.000000000001048,0.0,0.0
5.908333333333333,2.300000000519835,3.215010239982874e-06,1.6,852.9201457531312,156.99999999999997,0.0,0.0,0.0003049726449617716,0.0,0.0,0.0,0.0,0.0,20.00000000000105,20.00000000000105,0.0,0.0
5.916666666666667,2.3000000005198245,3.215010239982874e-06,1.6,852.9110183850121,156.99999999999997,0.0,0.0,0.0003035438665405185,0.0,0.0,0.0,0.0,0.0,20.000000000001048,20.000000000001048,0.0,0.0
5.925000000000001,2.300000000519814,3.215010239982874e-06,1.6,852.9019337441764,156.99999999999997,0.0,0.0,0.0003021239992737575,0.0,0.0,0.0,0.0,0.0,20.00000000000106,20.00000000000106,0.0,0.0
5.933333333333334,2.300000000519803,3.215010239982874e-06,1.6,852.8928915643489,156.99999999999997,0.0,0.0,0.00030071297379662555,0.0,0.0,0.0,0.0,0.0,20.000000000001055,20.000000000001055,0.0,0.0
5.941666666666666,2.300000000519793,3.215010239982874e-06,1.6,852.8838915813254,156.99999999999997,0.0,0.0,0.0002993107213911462,0.0,0.0,0.0,0.0,0.0,20.000000000001048,20.000000000001048,0.0,0.0
5.95,2.3000000005197823,3.215010239982874e-06,1.6,852.8749335329536,156.99999999999997,0.0,0.0,0.0002979171739792203,0.0,0.0,0.0,0.0,0.0,20.000000000001062,20.000000000001062,0.0,0.0
5.958333333333334,2.300000000519772,3.215010239982874e-06,1.6,852.8660171591138,156.99999999999997,0.0,0.0,0.00029653226411579473,0.0,0.0,0.0,0.0,0.0,20.00000000000106,20.00000000000106,0.0,0.0
5.966666666666667,2.300000000519762,3.215010239982874e-06,1.6,852.8571422017,156.99999999999997,0.0,0.0,0.0002951559249818991,0.0,0.0,0.0,0.0,0.0,20.000000000001066,20.000000000001066,0.0,0.0
5.975,2.3000000005197516,3.215010239982874e-06,1.6,852.8483084046013,156.99999999999997,0.0,0.0,0.00029378809037779733,0.0,0.0,0.0,0.0,0.0,20.000000000001076,20.000000000001076,0.0,0.0
5.983333333333333,2.3000000005197414,3.215010239982874e-06,1.6,852.8395155136839,156.99999999999997,0.0,0.0,0.0002924286947165019,0.0,0.0,0.0,0.0,0.0,20.00000000000108,20.00000000000108,0.0,0.0
5.991666666666667,2.300000000519731,3.215010239982874e-06,1.6,852.8307632767717,156.99999999999997,0.0,0.0,0.0002910776730170292,0.0,0.0,0.0,0.0,0.0,20.000000000001076,20.000000000001076,0.0,0.0
6.0,2.300000000519721,3.215010239982874e-06,1.6,852.8220514436291,156.99999999999997,0.0,0.0,0.00028973496089783015,0.0,0.0,0.0,0.0,0.0,20.000000000001073,20.000000000001073,0.0,0.0
6.008333333333333,2.3000000005197108,3.215010239982874e-06,1.6,852.8133797659432,156.99999999999997,0.0,0.0,0.00028840049457057906,0.0,0.0,0.0,0.0,0.0,20.000000000001076,20.000000000001076,0.0,0.0
6.016666666666667,2.300000000519701,3.215010239982874e-06,1.6,852.8047479973054,156.99999999999997,0.0,0.0,0.0002870742108335187,0.0,0.0,0.0,0.0,0.0,20.000000000001066,20.000000000001066,0.0,0.0
6.025,2.300000000519691,3.215010239982874e-06,1.6,852.7961558931943,156.99999999999997,0.0,0.0,0.0002857560470654081,0.0,0.0,0.0,0.0,0.0,20.000000000001066,20.000000000001066,0.0,0.0
6.033333333333333,2.300000000519681,3.215010239982874e-06,1.6,852.7876032109587,156.99999999999997,0.0,0.0,0.0002844459412192114,0.0,0.0,0.0,0.0,0.0,20.00000000000105,20.00000000000105,0.0,0.0
6.041666666666666,2.300000000519671,3.215010239982874e-06,1.6,852.7790897097996,156.99999999999997,0.0,0.0,0.0002831438318158949,0.0,0.0,0.0,0.0,0.0,20.000000000001062,20.000000000001062,0.0,0.0
6.05,2.300000000519661,3.215010239982874e-06,1.6,852.7706151507543,156.99999999999997,0.0,0.0,0.00028184965793845576,0.0,0.0,0.0,0.0,0.0,20.000000000001055,20.000000000001055,0.0,0.0
6.058333333333334,2.3000000005196513,3.215010239982874e-06,1.6,852.762179296679,156.99999999999997,0.0,0.0,0.00028056335922611717,0.0,0.0,0.0,0.0,0.0,20.000000000001048,20.000000000001048,0.0,0.0
6.066666666666666,2.3000000005196415,3.215010239982874e-06,1.6,852.7537819122322,156.99999999999997,0.0,0.0,0.00027928487586789886,0.0,0.0,0.0,0.0,0.0,20.000000000001055,20.000000000001055,0.0,0.0
6.074999999999999,2.3000000005196317,3.215010239982874e-06,1.6,852.7454227638582,156.99999999999997,0.0,0.0,0.00027801414859739083,0.0,0.0,0.0,0.0,0.0,20.000000000001055,20.000000000001055,0.0,0.0
6.083333333333333,2.3000000005196224,3.215010239982874e-06,1.6,852.7371016197715,156.99999999999997,0.0,0.0,0.0002767511186865958,0.0,0.0,0.0,0.0,0.0,20.000000000001062,20.000000000001062,0.0,0.0
6.091666666666667,2.3000000005196126,3.215010239982874e-06,1.6,852.7288182499401,156.99999999999997,0.0,0.0,0.0002754957279402428,0.0,0.0,0.0,0.0,0.0,20.00000000000107,20.00000000000107,0.0,0.0
6.1,2.300000000519603,3.215010239982874e-06,1.6,852.7205724260698,156.99999999999997,0.0,0.0,0.0002742479186903248,0.0,0.0,0.0,0.0,0.0,20.000000000001073,20.000000000001073,0.0,0.0
6.1083333333333325,2.3000000005195935,3.215010239982874e-06,1.6,852.7123639215883,156.99999999999997,0.0,0.0,0.00027300763379049667,0.0,0.0,0.0,0.0,0.0,20.000000000001073,20.000000000001073,0.0,0.0
6.116666666666666,2.300000000519584,3.215010239982874e-06,1.6,852.7041925116305,156.99999999999997,0.0,0.0,0.0002717748166103947,0.0,0.0,0.0,0.0,0.0,20.0000000000011,20.0000000000011,0.0,0.0
6.125,2.3000000005195744,3.215010239982874e-06,1.6,852.6960579730214,156.99999999999997,0.0,0.0,0.0002705494110305409,0.0,0.0,0.0,0.0,0.0,20.00000000000109,20.00000000000109,0.0,0.0
6.133333333333333,2.300000000519565,3.215010239982874e-06,1.6,852.6879600842625,156.99999999999997,0.0,0.0,0.0002693313614366241,0.0,0.0,0.0,0.0,0.0,20.000000000001094,20.000000000001094,0.0,0.0
6.141666666666666,2.3000000005195558,3.215010239982874e-06,1.6,852.679898625516,156.99999999999997,0.0,0.0,0.00026812061271442455,0.0,0.0,0.0,0.0,0.0,20.000000000001087,20.000000000001087,0.0,0.0
6.1499999999999995,2.3000000005195465,3.215010239982874e-06,1.6,852.67187337859,156.99999999999997,0.0,0.0,0.00026691711024447656,0.0,0.0,0.0,0.0,0.0,20.00000000000109,20.00000000000109,0.0,0.0
6.158333333333333,2.300000000519537,3.215010239982874e-06,1.6,852.6638841269234,156.99999999999997,0.0,0.0,0.000265720799896951,0.0,0.0,0.0,0.0,0.0,20.00000000000107,20.00000000000107,0.0,0.0
6.166666666666666,2.300000000519528,3.215010239982874e-06,1.6,852.6559306555722,156.99999999999997,0.0,0.0,0.0002645316280265162,0.0,0.0,0.0,0.0,0.0,20.00000000000109,20.00000000000109,0.0,0.0
6.174999999999999,2.300000000519519,3.215010239982874e-06,1.6,852.6480127511937,156.99999999999997,0.0,0.0,0.0002633495414673561,0.0,0.0,0.0,0.0,0.0,20.000000000001087,20.000000000001087,0.0,0.0
6.183333333333333,2.3000000005195096,3.215010239982874e-06,1.6,852.6401302020336,156.99999999999997,0.0,0.0,0.00026217448752804745,0.0,0.0,0.0,0.0,0.0,20.000000000001076,20.000000000001076,0.0,0.0
6.191666666666667,2.3000000005195003,3.215010239982874e-06,1.6,852.6322827979104,156.99999999999997,0.0,0.0,0.0002610064139866534,0.0,0.0,0.0,0.0,0.0,20.00000000000108,20.00000000000108,0.0,0.0
6.200000000000001,2.3000000005194914,3.215010239982874e-06,1.6,852.624470330203,156.99999999999997,0.0,0.0,0.00025984526908591244,0.0,0.0,0.0,0.0,0.0,20.000000000001087,20.000000000001087,0.0,0.0
6.208333333333334,2.3000000005194825,3.215010239982874e-06,1.6,852.6166925918355,156.99999999999997,0.0,0.0,0.0002586910015284641,0.0,0.0,0.0,0.0,0.0,20.000000000001066,20.000000000001066,0.0,0.0
6.216666666666667,2.300000000519473,3.215010239982874e-06,1.6,852.6089493772641,156.99999999999997,0.0,0.0,0.0002575435604719903,0.0,0.0,0.0,0.0,0.0,20.000000000001076,20.000000000001076,0.0,0.0
6.2250000000000005,2.3000000005194643,3.215010239982874e-06,1.6,852.6012404824634,156.99999999999997,0.0,0.0,0.0002564028955244529,0.0,0.0,0.0,0.0,0.0,20.000000000001073,20.000000000001073,0.0,0.0
6.233333333333334,2.3000000005194554,3.215010239982874e-06,1.6,852.5935657049127,156.99999999999997,0.0,0.0,0.00025526895673971985,0.0,0.0,0.0,0.0,0.0,20.00000000000106,20.00000000000106,0.0,0.0
6.241666666666667,2.3000000005194465,3.215010239982874e-06,1.6,852.5859248435835,156.99999999999997,0.0,0.0,0.00025414169461263487,0.0,0.0,0.0,0.0,0.0,20.000000000001073,20.000000000001073,0.0,0.0
6.25,2.3000000005194376,3.215010239982874e-06,1.6,852.5783176989253,156.99999999999997,0.0,0.0,0.0002530210600747111,0.0,0.0,0.0,0.0,0.0,20.00000000000108,20.00000000000108,0.0,0.0
6.258333333333334,2.300000000519429,3.215010239982874e-06,1.6,852.570744072853,156.99999999999997,0.0,0.0,0.0002519070044895635,0.0,0.0,0.0,0.0,0.0,20.00000000000108,20.00000000000108,0.0,0.0
6.2666666666666675,2.3000000005194203,3.215010239982874e-06,1.6,852.5632037687346,156.99999999999997,0.0,0.0,0.0002507994796484332,0.0,0.0,0.0,0.0,0.0,20.00000000000109,20.00000000000109,0.0,0.0
6.275,2.3000000005194114,3.215010239982874e-06,1.6,852.5556965913773,156.99999999999997,0.0,0.0,0.0002496984377659199,0.0,0.0,0.0,0.0,0.0,20.00000000000109,20.00000000000109,0.0,0.0
6.283333333333333,2.300000000519403,3.215010239982874e-06,1.6,852.548222347016,156.99999999999997,0.0,0.0,0.00024860383147557076,0.0,0.0,0.0,0.0,0.0,20.000000000001087,20.000000000001087,0.0,0.0
6.291666666666667,2.300000000519394,3.215010239982874e-06,1.6,852.5407808432997,156.99999999999997,0.0,0.0,0.00024751561382555973,0.0,0.0,0.0,0.0,0.0,20.000000000001087,20.000000000001087,0.0,0.0
6.300000000000001,2.3000000005193857,3.215010239982874e-06,1.6,852.53337188928,156.99999999999997,0.0,0.0,0.0002464337382746316,0.0,0.0,0.0,0.0,0.0,20.000000000001073,20.000000000001073,0.0,0.0
6.308333333333334,2.3000000005193773,3.215010239982874e-06,1.6,852.5259952953987,156.99999999999997,0.0,0.0,0.0002453581586876677,0.0,0.0,0.0,0.0,0.0,20.00000000000108,20.00000000000108,0.0,0.0
6.316666666666666,2.3000000005193684,3.215010239982874e-06,1.6,852.5186508734752,156.99999999999997,0.0,0.0,0.00024428882933180847,0.0,0.0,0.0,0.0,0.0,20.000000000001076,20.000000000001076,0.0,0.0
6.325,2.30000000051936,3.215010239982874e-06,1.6,852.5113384366948,156.99999999999997,0.0,0.0,0.0002432257048721377,0.0,0.0,0.0,0.0,0.0,20.000000000001076,20.000000000001076,0.0,0.0
6.333333333333334,2.3000000005193515,3.215010239982874e-06,1.6,852.5040577995971,156.99999999999997,0.0,0.0,0.00024216874036798018,0.0,0.0,0.0,0.0,0.0,20.00000000000108,20.00000000000108,0.0,0.0
6.341666666666667,2.300000000519343,3.215010239982874e-06,1.6,852.4968087780637,156.99999999999997,0.0,0.0,0.0002411178912684136,0.0,0.0,0.0,0.0,0.0,20.0000000000011,20.0000000000011,0.0,0.0
6.35,2.3000000005193346,3.215010239982874e-06,1.6,852.489591189307,156.99999999999997,0.0,0.0,0.00024007311340879707,0.0,0.0,0.0,0.0,0.0,20.00000000000109,20.00000000000109,0.0,0.0
6.358333333333333,2.3000000005193266,3.215010239982874e-06,1.6,852.4824048518585,156.99999999999997,0.0,0.0,0.00023903436300657402,0.0,0.0,0.0,0.0,0.0,20.000000000001094,20.000000000001094,0.0,0.0
6.366666666666667,2.300000000519318,3.215010239982874e-06,1.6,852.4752495855571,156.99999999999997,0.0,0.0,0.0002380015966576815,0.0,0.0,0.0,0.0,0.0,20.000000000001098,20.000000000001098,0.0,0.0
6.375,2.3000000005193098,3.215010239982874e-06,1.6,852.4681252115386,156.99999999999997,0.0,0.0,0.00023697477133240966,0.0,0.0,0.0,0.0,0.0,20.000000000001087,20.000000000001087,0.0,0.0
6.383333333333333,2.3000000005193018,3.215010239982874e-06,1.6,852.4610315522235,156.99999999999997,0.0,0.0,0.00023595384437192422,0.0,0.0,0.0,0.0,0.0,20.000000000001084,20.000000000001084,0.0,0.0
6.391666666666667,2.3000000005192933,3.215010239982874e-06,1.6,852.453968431307,156.99999999999997,0.0,0.0,0.0002349387734843537,0.0,0.0,0.0,0.0,0.0,20.000000000001094,20.000000000001094,0.0,0.0
6.4,2.3000000005192853,3.215010239982874e-06,1.6,852.446935673747,156.99999999999997,0.0,0.0,0.00023392951674130647,0.0,0.0,0.0,0.0,0.0,20.000000000001084,20.000000000001084,0.0,0.0
6.408333333333333,2.3000000005192773,3.215010239982874e-06,1.6,852.4399331057541,156.99999999999997,0.0,0.0,0.0002329260325740121,0.0,0.0,0.0,0.0,0.0,20.00000000000109,20.00000000000109,0.0,0.0
6.416666666666666,2.300000000519269,3.215010239982874e-06,1.6,852.4329605547803,156.99999999999997,0.0,0.0,0.0002319282797698331,0.0,0.0,0.0,0.0,0.0,20.000000000001087,20.000000000001087,0.0,0.0
6.425,2.300000000519261,3.215010239982874e-06,1.6,852.4260178495088,156.99999999999997,0.0,0.0,0.0002309362174688018,0.0,0.0,0.0,0.0,0.0,20.000000000001076,20.000000000001076,0.0,0.0
6.433333333333334,2.300000000519253,3.215010239982874e-06,1.6,852.4191048198431,156.99999999999997,0.0,0.0,0.00022994980515995373,0.0,0.0,0.0,0.0,0.0,20.00000000000107,20.00000000000107,0.0,0.0
6.441666666666666,2.300000000519245,3.215010239982874e-06,1.6,852.412221296897,156.99999999999997,0.0,0.0,0.00022896900267791484,0.0,0.0,0.0,0.0,0.0,20.000000000001062,20.000000000001062,0.0,0.0
6.449999999999999,2.300000000519237,3.215010239982874e-06,1.6,852.4053671129836,156.99999999999997,0.0,0.0,0.00022799377019945652,0.0,0.0,0.0,0.0,0.0,20.00000000000104,20.00000000000104,0.0,0.0
6.458333333333333,2.3000000005192294,3.215010239982874e-06,1.6,852.3985421016059,156.99999999999997,0.0,0.0,0.00022702406824013114,0.0,0.0,0.0,0.0,0.0,20.000000000001044,20.000000000001044,0.0,0.0
6.466666666666667,2.3000000005192214,3.215010239982874e-06,1.6,852.3917460974461,156.99999999999997,0.0,0.0,0.00022605985765087572,0.0,0.0,0.0,0.0,0.0,20.00000000000103,20.00000000000103,0.0,0.0
6.475,2.3000000005192134,3.215010239982874e-06,1.6,852.384978936356,156.99999999999997,0.0,0.0,0.0002251010996146953,0.0,0.0,0.0,0.0,0.0,20.000000000001016,20.000000000001016,0.0,0.0
6.4833333333333325,2.300000000519206,3.215010239982874e-06,1.6,852.3782404553467,156.99999999999997,0.0,0.0,0.00022414775564342712,0.0,0.0,0.0,0.0,0.0,20.000000000001023,20.000000000001023,0.0,0.0
6.491666666666666,2.300000000519198,3.215010239982874e-06,1.6,852.371530492579,156.99999999999997,0.0,0.0,0.00022319978757452696,0.0,0.0,0.0,0.0,0.0,20.000000000001027,20.000000000001027,0.0,0.0
6.5,2.3000000005191903,3.215010239982874e-06,1.6,852.3648488873538,156.99999999999997,0.0,0.0,0.00022225715756759695,0.0,0.0,0.0,0.0,0.0,20.00000000000103,20.00000000000103,0.0,0.0
6.508333333333333,2.3000000005191823,3.215010239982874e-06,1.6,852.3581954801022,156.99999999999997,0.0,0.0,0.00022131982810166912,0.0,0.0,0.0,0.0,0.0,20.000000000001013,20.000000000001013,0.0,0.0
6.516666666666666,2.3000000005191747,3.215010239982874e-06,1.6,852.3515701123761,156.99999999999997,0.0,0.0,0.000220387761971609,0.0,0.0,0.0,0.0,0.0,20.00000000000103,20.00000000000103,0.0,0.0
6.5249999999999995,2.300000000519167,3.215010239982874e-06,1.6,852.3449726268386,156.99999999999997,0.0,0.0,0.00021946092228533002,0.0,0.0,0.0,0.0,0.0,20.000000000001027,20.000000000001027,0.0,0.0
6.533333333333333,2.300000000519159,3.215010239982874e-06,1.6,852.3384028672556,156.99999999999997,0.0,0.0,0.00021853927246057945,0.0,0.0,0.0,0.0,0.0,20.000000000001016,20.000000000001016,0.0,0.0
6.541666666666666,2.3000000005191517,3.215010239982874e-06,1.6,852.3318606784846,156.99999999999997,0.0,0.0,0.00021762277622197038,0.0,0.0,0.0,0.0,0.0,20.000000000001013,20.000000000001013,0.0,0.0
6.549999999999999,2.300000000519144,3.215010239982874e-06,1.6,852.3253459064678,156.99999999999997,0.0,0.0,0.00021671139759792276,0.0,0.0,0.0,0.0,0.0,20.000000000001,20.000000000001,0.0,0.0
6.558333333333333,2.3000000005191366,3.215010239982874e-06,1.6,852.3188583982212,156.99999999999997,0.0,0.0,0.00021580510091773756,0.0,0.0,0.0,0.0,0.0,20.000000000001,20.000000000001,0.0,0.0
6.566666666666667,2.3000000005191295,3.215010239982874e-06,1.6,852.3123980018268,156.99999999999997,0.0,0.0,0.00021490385080869133,0.0,0.0,0.0,0.0,0.0,20.00000000000101,20.00000000000101,0.0,0.0
6.575000000000001,2.300000000519122,3.215010239982874e-06,1.6,852.3059645664231,156.99999999999997,0.0,0.0,0.0002140076121930395,0.0,0.0,0.0,0.0,0.0,20.000000000001002,20.000000000001002,0.0,0.0
6.583333333333334,2.3000000005191144,3.215010239982874e-06,1.6,852.2995579421964,156.99999999999997,0.0,0.0,0.0002131163502853187,0.0,0.0,0.0,0.0,0.0,20.000000000000995,20.000000000000995,0.0,0.0
6.591666666666667,2.300000000519107,3.215010239982874e-06,1.6,852.2931779803724,156.99999999999997,0.0,0.0,0.00021223003058927893,0.0,0.0,0.0,0.0,0.0,20.00000000000101,20.00000000000101,0.0,0.0
6.6000000000000005,2.3000000005190997,3.215010239982874e-06,1.6,852.2868245332072,156.99999999999997,0.0,0.0,0.0002113486188953363,0.0,0.0,0.0,0.0,0.0,20.000000000001016,20.000000000001016,0.0,0.0
6.608333333333334,2.300000000519092,3.215010239982874e-06,1.6,852.2804974539786,156.99999999999997,0.0,0.0,0.0002104720812776003,0.0,0.0,0.0,0.0,0.0,20.000000000000995,20.000000000000995,0.0,0.0
6.616666666666667,2.300000000519085,3.215010239982874e-06,1.6,852.2741965969783,156.99999999999997,0.0,0.0,0.00020960038409114281,0.0,0.0,0.0,0.0,0.0,20.000000000001,20.000000000001,0.0,0.0
6.625,2.3000000005190775,3.215010239982874e-06,1.6,852.2679218175027,156.99999999999997,0.0,0.0,0.0002087334939695068,0.0,0.0,0.0,0.0,0.0,20.00000000000102,20.00000000000102,0.0,0.0
6.633333333333334,2.3000000005190704,3.215010239982874e-06,1.6,852.2616729718454,156.99999999999997,0.0,0.0,0.00020787137782173615,0.0,0.0,0.0,0.0,0.0,20.000000000001005,20.000000000001005,0.0,0.0
6.6416666666666675,2.3000000005190633,3.215010239982874e-06,1.6,852.2554499172882,156.99999999999997,0.0,0.0,0.0002070140028298661,0.0,0.0,0.0,0.0,0.0,20.000000000001002,20.000000000001002,0.0,0.0
6.65,2.300000000519056,3.215010239982874e-06,1.6,852.2492525120934,156.99999999999997,0.0,0.0,0.00020616133644632152,0.0,0.0,0.0,0.0,0.0,20.000000000000988,20.000000000000988,0.0,0.0
6.658333333333333,2.300000000519049,3.215010239982874e-06,1.6,852.2430806154958,156.99999999999997,0.0,0.0,0.00020531334639127736,0.0,0.0,0.0,0.0,0.0,20.00000000000097,20.00000000000097,0.0,0.0
6.666666666666667,2.300000000519042,3.215010239982874e-06,1.6,852.2369340876944,156.99999999999997,0.0,0.0,0.0002044700006500929,0.0,0.0,0.0,0.0,0.0,20.00000000000098,20.00000000000098,0.0,0.0
6.675000000000001,2.300000000519035,3.215010239982874e-06,1.6,852.2308127898445,156.99999999999997,0.0,0.0,0.00020363126747076292,0.0,0.0,0.0,0.0,0.0,20.00000000000098,20.00000000000098,0.0,0.0
6.683333333333334,2.3000000005190278,3.215010239982874e-06,1.6,852.2247165840505,156.99999999999997,0.0,0.0,0.00020279711536144132,0.0,0.0,0.0,0.0,0.0,20.00000000000099,20.00000000000099,0.0,0.0
6.691666666666666,2.3000000005190206,3.215010239982874e-06,1.6,852.2186453333569,156.99999999999997,0.0,0.0,0.00020196751308792707,0.0,0.0,0.0,0.0,0.0,20.000000000001002,20.000000000001002,0.0,0.0
6.7,2.3000000005190135,3.215010239982874e-06,1.6,852.2125989017419,156.99999999999997,0.0,0.0,0.0002011424296712216,0.0,0.0,0.0,0.0,0.0,20.00000000000101,20.00000000000101,0.0,0.0
6.708333333333334,2.3000000005190064,3.215010239982874e-06,1.6,852.2065771541088,156.99999999999997,0.0,0.0,0.0002003218343851576,0.0,0.0,0.0,0.0,0.0,20.00000000000101,20.00000000000101,0.0,0.0
6.716666666666667,2.3000000005189998,3.215010239982874e-06,1.6,852.2005799562794,156.99999999999997,0.0,0.0,0.00019950569675388034,0.0,0.0,0.0,0.0,0.0,20.00000000000103,20.00000000000103,0.0,0.0
6.725,2.3000000005189927,3.215010239982874e-06,1.6,852.1946071749853,156.99999999999997,0.0,0.0,0.00019869398654956402,0.0,0.0,0.0,0.0,0.0,20.000000000001037,20.000000000001037,0.0,0.0
6.733333333333333,2.300000000518986,3.215010239982874e-06,1.6,852.1886586778617,156.99999999999997,0.0,0.0,0.00019788667378992612,0.0,0.0,0.0,0.0,0.0,20.00000000000105,20.00000000000105,0.0,0.0
6.741666666666667,2.300000000518979,3.215010239982874e-06,1.6,852.1827343334393,156.99999999999997,0.0,0.0,0.00019708372873608382,0.0,0.0,0.0,0.0,0.0,20.00000000000104,20.00000000000104,0.0,0.0
6.75,2.3000000005189722,3.215010239982874e-06,1.6,852.1768340111374,156.99999999999997,0.0,0.0,0.0001962851218902084,0.0,0.0,0.0,0.0,0.0,20.00000000000106,20.00000000000106,0.0,0.0
6.758333333333333,2.300000000518965,3.215010239982874e-06,1.6,852.1709575812566,156.99999999999997,0.0,0.0,0.00019549082399319566,0.0,0.0,0.0,0.0,0.0,20.000000000001048,20.000000000001048,0.0,0.0
6.766666666666667,2.3000000005189585,3.215010239982874e-06,1.6,852.1651049149716,156.99999999999997,0.0,0.0,0.000194700806022298,0.0,0.0,0.0,0.0,0.0,20.000000000001037,20.000000000001037,0.0,0.0
6.775,2.300000000518952,3.215010239982874e-06,1.6,852.1592758843243,156.99999999999997,0.0,0.0,0.00019391503918920366,0.0,0.0,0.0,0.0,0.0,20.000000000001037,20.000000000001037,0.0,0.0
6.783333333333333,2.300000000518945,3.215010239982874e-06,1.6,852.1534703622165,156.99999999999997,0.0,0.0,0.00019313349493753668,0.0,0.0,0.0,0.0,0.0,20.000000000001016,20.000000000001016,0.0,0.0
6.791666666666666,2.3000000005189385,3.215010239982874e-06,1.6,852.1476882224033,156.99999999999997,0.0,0.0,0.00019235614494091132,0.0,0.0,0.0,0.0,0.0,20.000000000001027,20.000000000001027,0.0,0.0
6.8,2.300000000518932,3.215010239982874e-06,1.6,852.1419293394863,156.99999999999997,0.0,0.0,0.00019158296110051656,0.0,0.0,0.0,0.0,0.0,20.000000000001027,20.000000000001027,0.0,0.0
6.808333333333334,2.300000000518925,3.215010239982874e-06,1.6,852.1361935889062,156.99999999999997,0.0,0.0,0.00019081391554330604,0.0,0.0,0.0,0.0,0.0,20.000000000001016,20.000000000001016,0.0,0.0
6.816666666666666,2.3000000005189185,3.215010239982874e-06,1.6,852.1304808469367,156.99999999999997,0.0,0.0,0.00019004898061961153,0.0,0.0,0.0,0.0,0.0,20.00000000000102,20.00000000000102,0.0,0.0
6.824999999999999,2.300000000518912,3.215010239982874e-06,1.6,852.124790990678,156.99999999999997,0.0,0.0,0.00018928812890114667,0.0,0.0,0.0,0.0,0.0,20.000000000001013,20.000000000001013,0.0,0.0
6.833333333333333,2.300000000518905,3.215010239982874e-06,1.6,852.1191238980491,156.99999999999997,0.0,0.0,0.00018853133317897055,0.0,0.0,0.0,0.0,0.0,20.00000000000101,20.00000000000101,0.0,0.0
6.841666666666667,2.3000000005188985,3.215010239982874e-06,1.6,852.1134794477823,156.99999999999997,0.0,0.0,0.00018777856646146467,0.0,0.0,0.0,0.0,0.0,20.000000000000984,20.000000000000984,0.0,0.0
6.85,2.3000000005188923,3.215010239982874e-06,1.6,852.1078575194164,156.99999999999997,0.0,0.0,0.00018702980197221714,0.0,0.0,0.0,0.0,0.0,20.000000000000956,20.000000000000956,0.0,0.0
6.8583333333333325,2.3000000005188856,3.215010239982874e-06,1.6,852.1022579932901,156.99999999999997,0.0,0.0,0.00018628501314813355,0.0,0.0,0.0,0.0,0.0,20.000000000000945,20.000000000000945,0.0,0.0
6.866666666666666,2.3000000005188794,3.215010239982874e-06,1.6,852.096680750536,156.99999999999997,0.0,0.0,0.00018554417363734796,0.0,0.0,0.0,0.0,0.0,20.000000000000963,20.000000000000963,0.0,0.0
6.875,2.3000000005188728,3.215010239982874e-06,1.6,852.0911256730737,156.99999999999997,0.0,0.0,0.0001848072572973069,0.0,0.0,0.0,0.0,0.0,20.000000000000973,20.000000000000973,0.0,0.0
6.883333333333333,2.3000000005188665,3.215010239982874e-06,1.6,852.0855926436043,156.99999999999997,0.0,0.0,0.000184074238192919,0.0,0.0,0.0,0.0,0.0,20.000000000000973,20.000000000000973,0.0,0.0
6.891666666666666,2.30000000051886,3.215010239982874e-06,1.6,852.0800815456035,156.99999999999997,0.0,0.0,0.00018334509059450506,0.0,0.0,0.0,0.0,0.0,20.00000000000099,20.00000000000099,0.0,0.0
6.8999999999999995,2.3000000005188537,3.215010239982874e-06,1.6,852.0745922633159,156.99999999999997,0.0,0.0,0.0001826197889760262,0.0,0.0,0.0,0.0,0.0,20.000000000000995,20.000000000000995,0.0,0.0
6.908333333333333,2.3000000005188475,3.215010239982874e-06,1.6,852.0691246817488,156.99999999999997,0.0,0.0,0.0001818983080130069,0.0,0.0,0.0,0.0,0.0,20.000000000000988,20.000000000000988,0.0,0.0
6.916666666666666,2.300000000518841,3.215010239982874e-06,1.6,852.0636786866662,156.99999999999997,0.0,0.0,0.00018118062258094591,0.0,0.0,0.0,0.0,0.0,20.000000000001002,20.000000000001002,0.0,0.0
6.924999999999999,2.3000000005188346,3.215010239982874e-06,1.6,852.0582541645829,156.99999999999997,0.0,0.0,0.00018046670775331673,0.0,0.0,0.0,0.0,0.0,20.000000000001023,20.000000000001023,0.0,0.0
6.933333333333333,2.3000000005188284,3.215010239982874e-06,1.6,852.0528510027581,156.99999999999997,0.0,0.0,0.0001797565387997388,0.0,0.0,0.0,0.0,0.0,20.000000000001016,20.000000000001016,0.0,0.0
6.941666666666667,2.300000000518822,3.215010239982874e-06,1.6,852.0474690891905,156.99999999999997,0.0,0.0,0.00017905009118421335,0.0,0.0,0.0,0.0,0.0,20.000000000001013,20.000000000001013,0.0,0.0
6.950000000000001,2.300000000518816,3.215010239982874e-06,1.6,852.0421083126116,156.99999999999997,0.0,0.0,0.00017834734056337061,0.0,0.0,0.0,0.0,0.0,20.00000000000102,20.00000000000102,0.0,0.0
6.958333333333334,2.3000000005188097,3.215010239982874e-06,1.6,852.0367685624803,156.99999999999997,0.0,0.0,0.00017764826278472852,0.0,0.0,0.0,0.0,0.0,20.00000000000102,20.00000000000102,0.0,0.0
6.966666666666667,2.3000000005188035,3.215010239982874e-06,1.6,852.0314497289773,156.99999999999997,0.0,0.0,0.00017695283388480617,0.0,0.0,0.0,0.0,0.0,20.000000000001027,20.000000000001027,0.0,0.0
6.9750000000000005,2.3000000005187977,3.215010239982874e-06,1.6,852.0261517029994,156.99999999999997,0.0,0.0,0.0001762610300876147,0.0,0.0,0.0,0.0,0.0,20.000000000001073,20.000000000001073,0.0,0.0
6.983333333333334,2.3000000005187915,3.215010239982874e-06,1.6,852.0208743761536,156.99999999999997,0.0,0.0,0.0001755728278026892,0.0,0.0,0.0,0.0,0.0,20.000000000001055,20.000000000001055,0.0,0.0
6.991666666666667,2.3000000005187853,3.215010239982874e-06,1.6,852.0156176407519,156.99999999999997,0.0,0.0,0.00017488820362370568,0.0,0.0,0.0,0.0,0.0,20.00000000000108,20.00000000000108,0.0,0.0
7.0,2.300000000518779,3.215010239982874e-06,1.6,852.0103813898058,156.99999999999997,0.0,0.0,0.00017420713432648356,0.0,0.0,0.0,0.0,0.0,20.000000000001076,20.000000000001076,0.0,0.0
7.008333333333334,2.3000000005187733,3.215010239982874e-06,1.5933333333117965,852.0051655170207,156.99999999999997,0.0,0.0,0.00017352959686762397,0.0,0.0,0.0,0.0,0.0,20.000000000001062,20.000000000001062,0.0,0.0
7.0166666666666675,2.300000000518767,3.215010239982874e-06,1.5866666666235931,851.9999699167906,156.99999999999997,0.0,0.0,0.0001728555683827418,0.0,0.0,0.0,0.0,0.0,20.000000000001062,20.000000000001062,0.0,0.0
7.025,2.3000000005187613,3.215010239982874e-06,1.5799999999353895,851.9947944841929,156.99999999999997,0.0,0.0,0.0001721850261847099,0.0,0.0,0.0,0.0,0.0,20.00000000000105,20.00000000000105,0.0,0.0
7.033333333333333,2.300000000518755,3.215010239982874e-06,1.5733333332471862,851.9896391149823,156.99999999999997,0.0,0.0,0.00017151794776232778,0.0,0.0,0.0,0.0,0.0,20.000000000001055,20.000000000001055,0.0,0.0
7.041666666666667,2.3000000005187493,3.215010239982874e-06,1.5666666665589826,851.9845037055868,156.99999999999997,0.0,0.0,0.0001708543107785857,0.0,0.0,0.0,0.0,0.0,20.000000000001048,20.000000000001048,0.0,0.0
7.050000000000001,2.3000000005187435,3.215010239982874e-06,1.5600000000104775,851.9793881531018,156.99999999999997,0.0,0.0,0.00017019409306904366,0.0,0.0,0.0,0.0,0.0,20.000000000001037,20.000000000001037,0.0,0.0
7.058333333333334,2.3000000005187373,3.215010239982874e-06,1.5533333333222739,851.9742923552847,156.99999999999997,0.0,0.0,0.00016953727264042628,0.0,0.0,0.0,0.0,0.0,20.000000000001034,20.000000000001034,0.0,0.0
7.066666666666666,2.3000000005187315,3.215010239982874e-06,1.5466666666340705,851.9692162105505,156.99999999999997,0.0,0.0,0.00016888382766886713,0.0,0.0,0.0,0.0,0.0,20.00000000000103,20.00000000000103,0.0,0.0
7.075,2.3000000005187258,3.215010239982874e-06,1.539999999945867,851.9641596179661,156.99999999999997,0.0,0.0,0.00016823373649862625,0.0,0.0,0.0,0.0,0.0,20.000000000001023,20.000000000001023,0.0,0.0
7.083333333333334,2.30000000051872,3.215010239982874e-06,1.5333333332576635,851.9591224772454,156.99999999999997,0.0,0.0,0.00016758697764050846,0.0,0.0,0.0,0.0,0.0,20.00000000000101,20.00000000000101,0.0,0.0
7.091666666666667,2.3000000005187142,3.215010239982874e-06,1.52666666656946,851.9541046887448,156.99999999999997,0.0,0.0,0.000166943529770189,0.0,0.0,0.0,0.0,0.0,20.000000000001013,20.000000000001013,0.0,0.0
7.1,2.3000000005187085,3.215010239982874e-06,1.5200000000209548,851.9491061534579,156.99999999999997,0.0,0.0,0.0001663033717270108,0.0,0.0,0.0,0.0,0.0,20.000000000001,20.000000000001,0.0,0.0
7.108333333333333,2.3000000005187027,3.215010239982874e-06,1.5133333333327514,851.9441267730103,156.99999999999997,0.0,0.0,0.00016566648251238025,0.0,0.0,0.0,0.0,0.0,20.000000000001002,20.000000000001002,0.0,0.0
7.116666666666667,2.300000000518697,3.215010239982874e-06,1.5066666666445478,851.9391664496554,156.99999999999997,0.0,0.0,0.0001650328412882755,0.0,0.0,0.0,0.0,0.0,20.000000000001002,20.000000000001002,0.0,0.0
7.125,2.300000000518691,3.215010239982874e-06,1.4999999999563443,851.9342250862692,156.99999999999997,0.0,0.0,0.0001644024273759172,0.0,0.0,0.0,0.0,0.0,20.000000000001,20.000000000001,0.0,0.0
7.133333333333333,2.3000000005186854,3.215010239982874e-06,1.4933333332681409,851.9293025863458,156.99999999999997,0.0,0.0,0.00016377522025429487,0.0,0.0,0.0,0.0,0.0,20.000000000001,20.000000000001,0.0,0.0
7.141666666666667,2.3000000005186796,3.215010239982874e-06,1.4866666665799373,851.9243988539922,156.99999999999997,0.0,0.0,0.00016315119955885533,0.0,0.0,0.0,0.0,0.0,20.000000000001005,20.000000000001005,0.0,0.0
7.15,2.3000000005186743,3.215010239982874e-06,1.479999999891734,851.9195137939246,156.99999999999997,0.0,0.0,0.0001625303450799453,0.0,0.0,0.0,0.0,0.0,20.000000000000984,20.000000000000984,0.0,0.0
7.158333333333333,2.3000000005186685,3.215010239982874e-06,1.4733333333432288,851.9146473114622,156.99999999999997,0.0,0.0,0.00016191263676156855,0.0,0.0,0.0,0.0,0.0,20.000000000000977,20.000000000000977,0.0,0.0
7.166666666666666,2.3000000005186627,3.215010239982874e-06,1.4666666666550252,851.9097993125246,156.99999999999997,0.0,0.0,0.0001612980546999481,0.0,0.0,0.0,0.0,0.0,20.00000000000098,20.00000000000098,0.0,0.0
7.175,2.3000000005186574,3.215010239982874e-06,1.4599999999668216,851.9049697036254,156.99999999999997,0.0,0.0,0.0001606865791422998,0.0,0.0,0.0,0.0,0.0,20.000000000000977,20.000000000000977,0.0,0.0
7.183333333333334,2.3000000005186516,3.215010239982874e-06,1.4533333332786182,851.9001583918689,156.99999999999997,0.0,0.0,0.00016007819048536118,0.0,0.0,0.0,0.0,0.0,20.000000000000966,20.000000000000966,0.0,0.0
7.191666666666666,2.3000000005186463,3.215010239982874e-06,1.4466666665904147,851.895365284945,156.99999999999997,0.0,0.0,0.0001594728692741316,0.0,0.0,0.0,0.0,0.0,20.00000000000097,20.00000000000097,0.0,0.0
7.199999999999999,2.3000000005186405,3.215010239982874e-06,1.4399999999022113,851.8905902911254,156.99999999999997,0.0,0.0,0.00015887059620061983,0.0,0.0,0.0,0.0,0.0,20.000000000000956,20.000000000000956,0.0,0.0
7.208333333333333,2.300000000518635,3.215010239982874e-06,1.4333333333537062,851.8858333192584,156.99999999999997,0.0,0.0,0.00015827135210234837,0.0,0.0,0.0,0.0,0.0,20.00000000000096,20.00000000000096,0.0,0.0
7.216666666666667,2.3000000005186294,3.215010239982874e-06,1.4266666666655026,851.8810942787652,156.99999999999997,0.0,0.0,0.00015767511796136975,0.0,0.0,0.0,0.0,0.0,20.000000000000984,20.000000000000984,0.0,0.0
7.225,2.300000000518624,3.215010239982874e-06,1.419999999977299,851.8763730796351,156.99999999999997,0.0,0.0,0.0001570818749027867,0.0,0.0,0.0,0.0,0.0,20.000000000001,20.000000000001,0.0,0.0
7.2333333333333325,2.3000000005186187,3.215010239982874e-06,1.4133333332890956,851.8716696324218,156.99999999999997,0.0,0.0,0.00015649160419353253,0.0,0.0,0.0,0.0,0.0,20.000000000000995,20.000000000000995,0.0,0.0
7.241666666666666,2.3000000005186134,3.215010239982874e-06,1.406666666600892,851.8669838482388,156.99999999999997,0.0,0.0,0.00015590428724125943,0.0,0.0,0.0,0.0,0.0,20.000000000000988,20.000000000000988,0.0,0.0
7.25,2.300000000518608,3.215010239982874e-06,1.3999999999126886,851.8623156387549,156.99999999999997,0.0,0.0,0.00015531990559283326,0.0,0.0,0.0,0.0,0.0,20.00000000000098,20.00000000000098,0.0,0.0
7.258333333333333,2.3000000005186023,3.215010239982874e-06,1.393333333224485,851.8576649161909,156.99999999999997,0.0,0.0,0.00015473844093348755,0.0,0.0,0.0,0.0,0.0,20.000000000000973,20.000000000000973,0.0,0.0
7.266666666666666,2.300000000518597,3.215010239982874e-06,1.38666666667598,851.8530315933144,156.99999999999997,0.0,0.0,0.00015415987508518402,0.0,0.0,0.0,0.0,0.0,20.000000000000966,20.000000000000966,0.0,0.0
7.2749999999999995,2.3000000005185917,3.215010239982874e-06,1.3799999999877763,851.8484155834369,156.99999999999997,0.0,0.0,0.0001535841900058809,0.0,0.0,0.0,0.0,0.0,20.00000000000098,20.00000000000098,0.0,0.0
7.283333333333333,2.3000000005185863,3.215010239982874e-06,1.373333333299573,851.8438168004084,156.99999999999997,0.0,0.0,0.00015301136778795904,0.0,0.0,0.0,0.0,0.0,20.000000000000984,20.000000000000984,0.0,0.0
7.291666666666666,2.300000000518581,3.215010239982874e-06,1.3666666666113696,851.8392351586147,156.99999999999997,0.0,0.0,0.00015244139065735443,0.0,0.0,0.0,0.0,0.0,20.00000000000097,20.00000000000097,0.0,0.0
7.299999999999999,2.3000000005185757,3.215010239982874e-06,1.359999999923166,851.8346705729723,156.99999999999997,0.0,0.0,0.00015187424097205007,0.0,0.0,0.0,0.0,0.0,20.000000000000984,20.000000000000984,0.0,0.0
7.308333333333333,2.300000000518571,3.215010239982874e-06,1.3533333332349624,851.8301229589255,156.99999999999997,0.0,0.0,0.00015130990122137097,0.0,0.0,0.0,0.0,0.0,20.00000000000096,20.00000000000096,0.0,0.0
7.316666666666667,2.3000000005185655,3.215010239982874e-06,1.3466666666864573,851.8255922324414,156.99999999999997,0.0,0.0,0.00015074835402454037,0.0,0.0,0.0,0.0,0.0,20.00000000000094,20.00000000000094,0.0,0.0
7.325000000000001,2.30000000051856,3.215010239982874e-06,1.339999999998254,851.8210783100069,156.99999999999997,0.0,0.0,0.00015018958212954206,0.0,0.0,0.0,0.0,0.0,20.00000000000092,20.00000000000092,0.0,0.0
7.333333333333334,2.300000000518555,3.215010239982874e-06,1.3333333333100503,851.8165811086244,156.99999999999997,0.0,0.0,0.00014963356841218698,0.0,0.0,0.0,0.0,0.0,20.000000000000917,20.000000000000917,0.0,0.0
7.341666666666667,2.30000000051855,3.215010239982874e-06,1.326666666621847,851.8121005458082,156.99999999999997,0.0,0.0,0.00014908029587488975,0.0,0.0,0.0,0.0,0.0,20.00000000000091,20.00000000000091,0.0,0.0
7.3500000000000005,2.3000000005185446,3.215010239982874e-06,1.3199999999336434,851.8076365395804,156.99999999999997,0.0,0.0,0.00014852974764564963,0.0,0.0,0.0,0.0,0.0,20.000000000000917,20.000000000000917,0.0,0.0
7.358333333333334,2.3000000005185393,3.215010239982874e-06,1.3133333332454398,851.8031890084674,156.99999999999997,0.0,0.0,0.00014798190697693964,0.0,0.0,0.0,0.0,0.0,20.000000000000913,20.000000000000913,0.0,0.0
7.366666666666667,2.3000000005185344,3.215010239982874e-06,1.3066666666969347,851.7987578714963,156.99999999999997,0.0,0.0,0.00014743675724450392,0.0,0.0,0.0,0.0,0.0,20.000000000000917,20.000000000000917,0.0,0.0
7.375,2.300000000518529,3.215010239982874e-06,1.3000000000087313,851.794343048191,156.99999999999997,0.0,0.0,0.00014689428194655546,0.0,0.0,0.0,0.0,0.0,20.00000000000093,20.00000000000093,0.0,0.0
7.383333333333334,2.300000000518524,3.215010239982874e-06,1.2933333333205277,851.7899444585685,156.99999999999997,0.0,0.0,0.00014635446470258632,0.0,0.0,0.0,0.0,0.0,20.00000000000095,20.00000000000095,0.0,0.0
7.3916666666666675,2.3000000005185193,3.215010239982874e-06,1.2866666666323243,851.7855620231353,156.99999999999997,0.0,0.0,0.00014581728925223416,0.0,0.0,0.0,0.0,0.0,20.00000000000096,20.00000000000096,0.0,0.0
7.4,2.300000000518514,3.215010239982874e-06,1.2799999999441207,851.7811956628844,156.99999999999997,0.0,0.0,0.00014528273945449812,0.0,0.0,0.0,0.0,0.0,20.000000000000963,20.000000000000963,0.0,0.0
7.408333333333333,2.300000000518509,3.215010239982874e-06,1.2733333332559171,851.7768452992907,156.99999999999997,0.0,0.0,0.00014475079928642215,0.0,0.0,0.0,0.0,0.0,20.000000000000966,20.000000000000966,0.0,0.0
7.416666666666667,2.300000000518504,3.215010239982874e-06,1.2666666665677138,851.7725108543082,156.99999999999997,0.0,0.0,0.00014422145284232312,0.0,0.0,0.0,0.0,0.0,20.000000000000977,20.000000000000977,0.0,0.0
7.425000000000001,2.300000000518499,3.215010239982874e-06,1.2600000000192086,851.768192250366,156.99999999999997,0.0,0.0,0.00014369468433277977,0.0,0.0,0.0,0.0,0.0,20.000000000000973,20.000000000000973,0.0,0.0
7.433333333333334,2.300000000518494,3.215010239982874e-06,1.253333333331005,851.7638894103657,156.99999999999997,0.0,0.0,0.0001431704780834333,0.0,0.0,0.0,0.0,0.0,20.000000000000995,20.000000000000995,0.0,0.0
7.441666666666666,2.300000000518489,3.215010239982874e-06,1.2466666666428017,851.759602257677,156.99999999999997,0.0,0.0,0.00014264881853423285,0.0,0.0,0.0,0.0,0.0,20.00000000000099,20.00000000000099,0.0,0.0
7.45,2.300000000518484,3.215010239982874e-06,1.239999999954598,851.7553307161346,156.99999999999997,0.0,0.0,0.00014212969023839406,0.0,0.0,0.0,0.0,0.0,20.000000000000995,20.000000000000995,0.0,0.0
7.458333333333334,2.3000000005184793,3.215010239982874e-06,1.2333333332663945,851.7510747100353,156.99999999999997,0.0,0.0,0.0001416130778613641,0.0,0.0,0.0,0.0,0.0,20.000000000000995,20.000000000000995,0.0,0.0
7.466666666666667,2.3000000005184744,3.215010239982874e-06,1.2266666665781911,851.7468341641336,156.99999999999997,0.0,0.0,0.00014109896618003505,0.0,0.0,0.0,0.0,0.0,20.00000000000099,20.00000000000099,0.0,0.0
7.475,2.3000000005184695,3.215010239982874e-06,1.220000000029686,851.7426090036396,156.99999999999997,0.0,0.0,0.00014058734008152662,0.0,0.0,0.0,0.0,0.0,20.000000000000984,20.000000000000984,0.0,0.0
7.483333333333333,2.3000000005184646,3.215010239982874e-06,1.2133333333414824,851.7383991542149,156.99999999999997,0.0,0.0,0.00014007818456265292,0.0,0.0,0.0,0.0,0.0,20.000000000000988,20.000000000000988,0.0,0.0
7.491666666666667,2.3000000005184598,3.215010239982874e-06,1.206666666653279,851.7342045419695,156.99999999999997,0.0,0.0,0.0001395714847285235,0.0,0.0,0.0,0.0,0.0,20.000000000000988,20.000000000000988,0.0,0.0
7.5,2.300000000518455,3.215010239982874e-06,1.1999999999650754,851.7300250934585,156.99999999999997,0.0,0.0,0.00013906722579211703,0.0,0.0,0.0,0.0,0.0,20.000000000000995,20.000000000000995,0.0,0.0
7.508333333333333,2.30000000051845,3.215010239982874e-06,1.1933333332768719,851.7258607356794,156.99999999999997,0.0,0.0,0.00013856539307299088,0.0,0.0,0.0,0.0,0.0,20.000000000001002,20.000000000001002,0.0,0.0
7.516666666666667,2.300000000518445,3.215010239982874e-06,1.1866666665886685,851.7217113960678,156.99999999999997,0.0,0.0,0.00013806597199657547,0.0,0.0,0.0,0.0,0.0,20.000000000001002,20.000000000001002,0.0,0.0
7.525,2.3000000005184402,3.215010239982874e-06,1.179999999900465,851.7175770024958,156.99999999999997,0.0,0.0,0.0001375689480931369,0.0,0.0,0.0,0.0,0.0,20.000000000000995,20.000000000000995,0.0,0.0
7.533333333333333,2.300000000518436,3.215010239982874e-06,1.1733333333519598,851.7134574832671,156.99999999999997,0.0,0.0,0.00013707430699717716,0.0,0.0,0.0,0.0,0.0,20.000000000001013,20.000000000001013,0.0,0.0
7.541666666666666,2.300000000518431,3.215010239982874e-06,1.1666666666637564,851.7093527671157,156.99999999999997,0.0,0.0,0.00013658203444626342,0.0,0.0,0.0,0.0,0.0,20.000000000001016,20.000000000001016,0.0,0.0
7.55,2.300000000518426,3.215010239982874e-06,1.1599999999755528,851.705262783201,156.99999999999997,0.0,0.0,0.00013609211628029449,0.0,0.0,0.0,0.0,0.0,20.000000000001013,20.000000000001013,0.0,0.0
7.558333333333334,2.3000000005184216,3.215010239982874e-06,1.1533333332873492,851.7011874611063,156.99999999999997,0.0,0.0,0.00013560453844062894,0.0,0.0,0.0,0.0,0.0,20.000000000001013,20.000000000001013,0.0,0.0
7.566666666666666,2.3000000005184167,3.215010239982874e-06,1.1466666665991458,851.697126730835,156.99999999999997,0.0,0.0,0.0001351192869692656,0.0,0.0,0.0,0.0,0.0,20.000000000001002,20.000000000001002,0.0,0.0
7.574999999999999,2.3000000005184122,3.215010239982874e-06,1.1399999999109423,851.6930805228076,156.99999999999997,0.0,0.0,0.0001346363480079815,0.0,0.0,0.0,0.0,0.0,20.00000000000102,20.00000000000102,0.0,0.0
7.583333333333333,2.3000000005184074,3.215010239982874e-06,1.1333333333624371,851.6890487678586,156.99999999999997,0.0,0.0,0.0001341557077975226,0.0,0.0,0.0,0.0,0.0,20.000000000001023,20.000000000001023,0.0,0.0
7.591666666666667,2.300000000518403,3.215010239982874e-06,1.1266666666742338,851.6850313972344,156.99999999999997,0.0,0.0,0.00013367735267665664,0.0,0.0,0.0,0.0,0.0,20.000000000001023,20.000000000001023,0.0,0.0
7.6,2.300000000518398,3.215010239982874e-06,1.1199999999860302,851.6810283425893,156.99999999999997,0.0,0.0,0.0001332012690816591,0.0,0.0,0.0,0.0,0.0,20.00000000000102,20.00000000000102,0.0,0.0
7.6083333333333325,2.3000000005183936,3.215010239982874e-06,1.1133333332978266,851.6770395359831,156.99999999999997,0.0,0.0,0.000132727443545043,0.0,0.0,0.0,0.0,0.0,20.000000000001002,20.000000000001002,0.0,0.0
7.616666666666666,2.300000000518389,3.215010239982874e-06,1.1066666666096232,851.6730649098783,156.99999999999997,0.0,0.0,0.0001322558626952444,0.0,0.0,0.0,0.0,0.0,20.00000000000101,20.00000000000101,0.0,0.0
7.625,2.3000000005183843,3.215010239982874e-06,1.0999999999214198,851.6691043971368,156.99999999999997,0.0,0.0,0.0001317865132554572,0.0,0.0,0.0,0.0,0.0,20.000000000001023,20.000000000001023,0.0,0.0
7.633333333333333,2.30000000051838,3.215010239982874e-06,1.0933333332332162,851.6651579310178,156.99999999999997,0.0,0.0,0.00013131938204313733,0.0,0.0,0.0,0.0,0.0,20.000000000001037,20.000000000001037,0.0,0.0
7.641666666666666,2.3000000005183754,3.215010239982874e-06,1.0866666666847111,851.6612254451741,156.99999999999997,0.0,0.0,0.00013085445596898974,0.0,0.0,0.0,0.0,0.0,20.000000000001023,20.000000000001023,0.0,0.0
7.6499999999999995,2.300000000518371,3.215010239982874e-06,1.0799999999965078,851.6573068736502,156.99999999999997,0.0,0.0,0.0001303917220363394,0.0,0.0,0.0,0.0,0.0,20.000000000001,20.000000000001,0.0,0.0
7.658333333333333,2.300000000518366,3.215010239982874e-06,1.073333333308304,851.6534021508787,156.99999999999997,0.0,0.0,0.00012993116734022286,0.0,0.0,0.0,0.0,0.0,20.000000000001002,20.000000000001002,0.0,0.0
7.666666666666666,2.3000000005183616,3.215010239982874e-06,1.0666666666201006,851.6495112116784,156.99999999999997,0.0,0.0,0.00012947277906686204,0.0,0.0,0.0,0.0,0.0,20.00000000000098,20.00000000000098,0.0,0.0
7.674999999999999,2.300000000518357,3.215010239982874e-06,1.0599999999318972,851.6456339912505,156.99999999999997,0.0,0.0,0.00012901654449276446,0.0,0.0,0.0,0.0,0.0,20.00000000000098,20.00000000000098,0.0,0.0
7.683333333333333,2.3000000005183527,3.215010239982874e-06,1.0533333332436936,851.6417704251771,156.99999999999997,0.0,0.0,0.00012856245098392336,0.0,0.0,0.0,0.0,0.0,20.000000000000988,20.000000000000988,0.0,0.0
7.691666666666667,2.3000000005183483,3.215010239982874e-06,1.0466666666951885,851.637920449418,156.99999999999997,0.0,0.0,0.00012811048599530332,0.0,0.0,0.0,0.0,0.0,20.000000000000995,20.000000000000995,0.0,0.0
7.700000000000001,2.300000000518344,3.215010239982874e-06,1.0400000000069851,851.6340840003074,156.99999999999997,0.0,0.0,0.00012766063706976728,0.0,0.0,0.0,0.0,0.0,20.000000000001005,20.000000000001005,0.0,0.0
7.708333333333334,2.3000000005183394,3.215010239982874e-06,1.0333333333187813,851.6302610145525,156.99999999999997,0.0,0.0,0.00012721289183780486,0.0,0.0,0.0,0.0,0.0,20.000000000001002,20.000000000001002,0.0,0.0
7.716666666666667,2.300000000518335,3.215010239982874e-06,1.026666666630578,851.62645142923,156.99999999999997,0.0,0.0,0.00012676723801632772,0.0,0.0,0.0,0.0,0.0,20.00000000000101,20.00000000000101,0.0,0.0
7.7250000000000005,2.3000000005183305,3.215010239982874e-06,1.0199999999423746,851.6226551817836,156.99999999999997,0.0,0.0,0.0001263236634084524,0.0,0.0,0.0,0.0,0.0,20.00000000000099,20.00000000000099,0.0,0.0
7.733333333333334,2.300000000518326,3.215010239982874e-06,1.013333333254171,851.6188722100221,156.99999999999997,0.0,0.0,0.0001258821559023515,0.0,0.0,0.0,0.0,0.0,20.000000000000984,20.000000000000984,0.0,0.0
7.741666666666667,2.300000000518322,3.215010239982874e-06,1.0066666667056658,851.6151024521159,156.99999999999997,0.0,0.0,0.00012544270347085727,0.0,0.0,0.0,0.0,0.0,20.000000000000977,20.000000000000977,0.0,0.0
7.75,2.3000000005183177,3.215010239982874e-06,1.0000000000174625,851.6113458465952,156.99999999999997,0.0,0.0,0.00012500529417069483,0.0,0.0,0.0,0.0,0.0,20.00000000000097,20.00000000000097,0.0,0.0
7.758333333333334,2.300000000518313,3.215010239982874e-06,0.9933333333292589,851.6076023323469,156.99999999999997,0.0,0.0,0.0001245699161417202,0.0,0.0,0.0,0.0,0.0,20.000000000000945,20.000000000000945,0.0,0.0
7.7666666666666675,2.3000000005183088,3.215010239982874e-06,0.9866666666410553,851.603871848613,156.99999999999997,0.0,0.0,0.00012413655760639468,0.0,0.0,0.0,0.0,0.0,20.000000000000963,20.000000000000963,0.0,0.0
7.775,2.3000000005183048,3.215010239982874e-06,0.9799999999528519,851.6001543349871,156.99999999999997,0.0,0.0,0.0001237052068688914,0.0,0.0,0.0,0.0,0.0,20.00000000000095,20.00000000000095,0.0,0.0
7.783333333333333,2.3000000005183003,3.215010239982874e-06,0.9733333332646483,851.5964497314127,156.99999999999997,0.0,0.0,0.00012327585231476277,0.0,0.0,0.0,0.0,0.0,20.000000000000945,20.000000000000945,0.0,0.0
7.791666666666667,2.3000000005182963,3.215010239982874e-06,0.9666666665764448,851.5927579781802,156.99999999999997,0.0,0.0,0.00012284848240996226,0.0,0.0,0.0,0.0,0.0,20.000000000000938,20.000000000000938,0.0,0.0
7.800000000000001,2.300000000518292,3.215010239982874e-06,0.9600000000279397,851.5890790159251,156.99999999999997,0.0,0.0,0.00012242308570033382,0.0,0.0,0.0,0.0,0.0,20.00000000000094,20.00000000000094,0.0,0.0
7.808333333333334,2.3000000005182875,3.215010239982874e-06,0.9533333333397362,851.5854127856252,156.99999999999997,0.0,0.0,0.00012199965081101215,0.0,0.0,0.0,0.0,0.0,20.000000000000938,20.000000000000938,0.0,0.0
7.816666666666666,2.3000000005182835,3.215010239982874e-06,0.9466666666515327,851.5817592285982,156.99999999999997,0.0,0.0,0.0001215781664456418,0.0,0.0,0.0,0.0,0.0,20.00000000000094,20.00000000000094,0.0,0.0
7.825,2.300000000518279,3.215010239982874e-06,0.9399999999633293,851.5781182865001,156.99999999999997,0.0,0.0,0.00012115862138592317,0.0,0.0,0.0,0.0,0.0,20.000000000000927,20.000000000000927,0.0,0.0
7.833333333333334,2.300000000518275,3.215010239982874e-06,0.9333333332751258,851.5744899013214,156.99999999999997,0.0,0.0,0.00012074100449088515,0.0,0.0,0.0,0.0,0.0,20.000000000000934,20.000000000000934,0.0,0.0
7.841666666666667,2.300000000518271,3.215010239982874e-06,0.9266666665869222,851.5708740153862,156.99999999999997,0.0,0.0,0.0001203253046961621,0.0,0.0,0.0,0.0,0.0,20.000000000000927,20.000000000000927,0.0,0.0
7.85,2.3000000005182666,3.215010239982874e-06,0.9200000000384171,851.5672705713491,156.99999999999997,0.0,0.0,0.0001199115110135959,0.0,0.0,0.0,0.0,0.0,20.00000000000093,20.00000000000093,0.0,0.0
7.858333333333333,2.3000000005182626,3.215010239982874e-06,0.9133333333502136,851.5636795121937,156.99999999999997,0.0,0.0,0.00011949961253056554,0.0,0.0,0.0,0.0,0.0,20.00000000000093,20.00000000000093,0.0,0.0
7.866666666666667,2.3000000005182586,3.215010239982874e-06,0.9066666666620101,851.5601007812293,156.99999999999997,0.0,0.0,0.00011908959840918298,0.0,0.0,0.0,0.0,0.0,20.000000000000924,20.000000000000924,0.0,0.0
7.875,2.300000000518254,3.215010239982874e-06,0.8999999999738066,851.5565343220893,156.99999999999997,0.0,0.0,0.0001186814578859512,0.0,0.0,0.0,0.0,0.0,20.000000000000927,20.000000000000927,0.0,0.0
7.883333333333333,2.30000000051825,3.215010239982874e-06,0.8933333332856032,851.552980078729,156.99999999999997,0.0,0.0,0.00011827518027110412,0.0,0.0,0.0,0.0,0.0,20.00000000000093,20.00000000000093,0.0,0.0
7.891666666666667,2.300000000518246,3.215010239982874e-06,0.8866666665973996,851.5494379954233,156.99999999999997,0.0,0.0,0.00011787075494781369,0.0,0.0,0.0,0.0,0.0,20.000000000000945,20.000000000000945,0.0,0.0
7.9,2.300000000518242,3.215010239982874e-06,0.8799999999091961,851.5459080167643,156.99999999999997,0.0,0.0,0.00011746817137194827,0.0,0.0,0.0,0.0,0.0,20.00000000000095,20.00000000000095,0.0,0.0
7.908333333333333,2.3000000005182377,3.215010239982874e-06,0.873333333360691,851.5423900876597,156.99999999999997,0.0,0.0,0.00011706741907124051,0.0,0.0,0.0,0.0,0.0,20.000000000000952,20.000000000000952,0.0,0.0
7.916666666666666,2.3000000005182337,3.215010239982874e-06,0.8666666666724875,851.5388841533297,156.99999999999997,0.0,0.0,0.00011666848764482396,0.0,0.0,0.0,0.0,0.0,20.00000000000095,20.00000000000095,0.0,0.0
7.925,2.3000000005182297,3.215010239982874e-06,0.859999999984284,851.5353901593062,156.99999999999997,0.0,0.0,0.00011627136676263579,0.0,0.0,0.0,0.0,0.0,20.00000000000094,20.00000000000094,0.0,0.0
7.933333333333334,2.3000000005182257,3.215010239982874e-06,0.8533333332960805,851.5319080514291,156.99999999999997,0.0,0.0,0.00011587604616486849,0.0,0.0,0.0,0.0,0.0,20.00000000000095,20.00000000000095,0.0,0.0
7.941666666666666,2.3000000005182217,3.215010239982874e-06,0.846666666607877,851.5284377758456,156.99999999999997,0.0,0.0,0.0001154825156613339,0.0,0.0,0.0,0.0,0.0,20.00000000000095,20.00000000000095,0.0,0.0
7.949999999999999,2.3000000005182177,3.215010239982874e-06,0.8399999999196736,851.5249792790075,156.99999999999997,0.0,0.0,0.00011509076513105732,0.0,0.0,0.0,0.0,0.0,20.000000000000945,20.000000000000945,0.0,0.0
7.958333333333333,2.3000000005182137,3.215010239982874e-06,0.8333333333711683,851.5215325076689,156.99999999999997,0.0,0.0,0.00011470078452164766,0.0,0.0,0.0,0.0,0.0,20.000000000000945,20.000000000000945,0.0,0.0
7.966666666666667,2.3000000005182097,3.215010239982874e-06,0.8266666666829648,851.5180974088847,156.99999999999997,0.0,0.0,0.00011431256384871639,0.0,0.0,0.0,0.0,0.0,20.000000000000938,20.000000000000938,0.0,0.0
7.975,2.3000000005182057,3.215010239982874e-06,0.8199999999947614,851.5146739300083,156.99999999999997,0.0,0.0,0.0001139260931954352,0.0,0.0,0.0,0.0,0.0,20.000000000000927,20.000000000000927,0.0,0.0
7.9833333333333325,2.3000000005182017,3.215010239982874e-06,0.8133333333065579,851.5112620186892,156.99999999999997,0.0,0.0,0.00011354136271191575,0.0,0.0,0.0,0.0,0.0,20.000000000000938,20.000000000000938,0.0,0.0
7.991666666666666,2.300000000518198,3.215010239982874e-06,0.8066666666183543,851.5078616228718,156.99999999999997,0.0,0.0,0.00011315836261477308,0.0,0.0,0.0,0.0,0.0,20.00000000000095,20.00000000000095,0.0,0.0
8.0,2.300000000518194,3.215010239982874e-06,0.7999999999301508,851.5044726907931,156.99999999999997,0.0,0.0,0.00011277708318651153,0.0,0.0,0.0,0.0,0.0,20.000000000000934,20.000000000000934,0.0,0.0
8.008333333333333,2.30000000051819,3.215010239982874e-06,0.7933333332419473,851.5010951709801,156.99999999999997,0.0,0.0,0.00011239751477504905,0.0,0.0,0.0,0.0,0.0,20.000000000000924,20.000000000000924,0.0,0.0
8.016666666666666,2.300000000518186,3.215010239982874e-06,0.7866666666934423,851.4977290122488,156.99999999999997,0.0,0.0,0.00011201964779324374,0.0,0.0,0.0,0.0,0.0,20.000000000000934,20.000000000000934,0.0,0.0
8.024999999999999,2.300000000518182,3.215010239982874e-06,0.7800000000052387,851.4943741637017,156.99999999999997,0.0,0.0,0.00011164347271824449,0.0,0.0,0.0,0.0,0.0,20.000000000000934,20.000000000000934,0.0,0.0
8.033333333333333,2.3000000005181787,3.215010239982874e-06,0.7733333333170352,851.4910305747259,156.99999999999997,0.0,0.0,0.0001112689800912473,0.0,0.0,0.0,0.0,0.0,20.00000000000094,20.00000000000094,0.0,0.0
8.041666666666666,2.3000000005181747,3.215010239982874e-06,0.7666666666288318,851.4876981949915,156.99999999999997,0.0,0.0,0.00011089616051667241,0.0,0.0,0.0,0.0,0.0,20.000000000000938,20.000000000000938,0.0,0.0
8.049999999999999,2.3000000005181707,3.215010239982874e-06,0.7599999999406283,851.4843769744492,156.99999999999997,0.0,0.0,0.00011052500466192623,0.0,0.0,0.0,0.0,0.0,20.000000000000938,20.000000000000938,0.0,0.0
8.058333333333334,2.300000000518167,3.215010239982874e-06,0.7533333332524248,851.4810668633293,156.99999999999997,0.0,0.0,0.00011015550325676325,0.0,0.0,0.0,0.0,0.0,20.00000000000093,20.00000000000093,0.0,0.0
8.066666666666666,2.300000000518163,3.215010239982874e-06,0.7466666667039196,851.4777678121386,156.99999999999997,0.0,0.0,0.00010978764709296329,0.0,0.0,0.0,0.0,0.0,20.000000000000938,20.000000000000938,0.0,0.0
8.075000000000001,2.3000000005181596,3.215010239982874e-06,0.7400000000157161,851.4744797716595,156.99999999999997,0.0,0.0,0.0001094214270236101,0.0,0.0,0.0,0.0,0.0,20.00000000000093,20.00000000000093,0.0,0.0
8.083333333333334,2.3000000005181556,3.215010239982874e-06,0.7333333333275126,851.471202692948,156.99999999999997,0.0,0.0,0.00010905683396281864,0.0,0.0,0.0,0.0,0.0,20.000000000000917,20.000000000000917,0.0,0.0
8.091666666666667,2.300000000518152,3.215010239982874e-06,0.7266666666393092,851.4679365273317,156.99999999999997,0.0,0.0,0.00010869385888510832,0.0,0.0,0.0,0.0,0.0,20.00000000000091,20.00000000000091,0.0,0.0
8.100000000000001,2.300000000518148,3.215010239982874e-06,0.7199999999511055,851.4646812264078,156.99999999999997,0.0,0.0,0.00010833249282509056,0.0,0.0,0.0,0.0,0.0,20.00000000000091,20.00000000000091,0.0,0.0
8.108333333333334,2.3000000005181445,3.215010239982874e-06,0.713333333262902,851.4614367420419,156.99999999999997,0.0,0.0,0.0001079727268769362,0.0,0.0,0.0,0.0,0.0,20.00000000000092,20.00000000000092,0.0,0.0
8.116666666666667,2.3000000005181405,3.215010239982874e-06,0.706666666714397,851.4582030263655,156.99999999999997,0.0,0.0,0.00010761455219384617,0.0,0.0,0.0,0.0,0.0,20.000000000000906,20.000000000000906,0.0,0.0
8.125,2.300000000518137,3.215010239982874e-06,0.7000000000261934,851.454980031775,156.99999999999997,0.0,0.0,0.0001072579599876575,0.0,0.0,0.0,0.0,0.0,20.00000000000091,20.00000000000091,0.0,0.0
8.133333333333333,2.3000000005181334,3.215010239982874e-06,0.69333333333799,851.4517677109293,156.99999999999997,0.0,0.0,0.00010690294152840754,0.0,0.0,0.0,0.0,0.0,20.000000000000895,20.000000000000895,0.0,0.0
8.141666666666667,2.3000000005181294,3.215010239982874e-06,0.6866666666497865,851.4485660167484,156.99999999999997,0.0,0.0,0.00010654948814385627,0.0,0.0,0.0,0.0,0.0,20.00000000000089,20.00000000000089,0.0,0.0
8.15,2.300000000518126,3.215010239982874e-06,0.679999999961583,851.4453749024115,156.99999999999997,0.0,0.0,0.00010619759121905537,0.0,0.0,0.0,0.0,0.0,20.000000000000888,20.000000000000888,0.0,0.0
8.158333333333333,2.3000000005181223,3.215010239982874e-06,0.6733333332733795,851.4421943213556,156.99999999999997,0.0,0.0,0.00010584724219587583,0.0,0.0,0.0,0.0,0.0,20.000000000000902,20.000000000000902,0.0,0.0
8.166666666666668,2.3000000005181187,3.215010239982874e-06,0.6666666665851759,851.4390242272733,156.99999999999997,0.0,0.0,0.00010549843257258181,0.0,0.0,0.0,0.0,0.0,20.0000000000009,20.0000000000009,0.0,0.0
8.175,2.3000000005181147,3.215010239982874e-06,0.6600000000366708,851.4358645741116,156.99999999999997,0.0,0.0,0.000105151153903495,0.0,0.0,0.0,0.0,0.0,20.000000000000906,20.000000000000906,0.0,0.0
8.183333333333334,2.300000000518111,3.215010239982874e-06,0.6533333333484673,851.43271531607,156.99999999999997,0.0,0.0,0.00010480539779839731,0.0,0.0,0.0,0.0,0.0,20.000000000000906,20.000000000000906,0.0,0.0
8.191666666666666,2.3000000005181076,3.215010239982874e-06,0.646666666660264,851.4295764075989,156.99999999999997,0.0,0.0,0.00010446115592224377,0.0,0.0,0.0,0.0,0.0,20.00000000000089,20.00000000000089,0.0,0.0
8.2,2.300000000518104,3.215010239982874e-06,0.6399999999720603,851.4264478033977,156.99999999999997,0.0,0.0,0.00010411841999457056,0.0,0.0,0.0,0.0,0.0,20.0000000000009,20.0000000000009,0.0,0.0
8.208333333333334,2.3000000005181005,3.215010239982874e-06,0.6333333332838568,851.4233294584135,156.99999999999997,0.0,0.0,0.00010377718178934358,0.0,0.0,0.0,0.0,0.0,20.00000000000089,20.00000000000089,0.0,0.0
8.216666666666667,2.300000000518097,3.215010239982874e-06,0.6266666665956533,851.4202213278395,156.99999999999997,0.0,0.0,0.00010343743313432718,0.0,0.0,0.0,0.0,0.0,20.0000000000009,20.0000000000009,0.0,0.0
8.225,2.3000000005180934,3.215010239982874e-06,0.6200000000471483,851.4171233671129,156.99999999999997,0.0,0.0,0.00010309916591071842,0.0,0.0,0.0,0.0,0.0,20.000000000000895,20.000000000000895,0.0,0.0
8.233333333333334,2.30000000051809,3.215010239982874e-06,0.6133333333589447,851.4140355319144,156.99999999999997,0.0,0.0,0.00010276237205273949,0.0,0.0,0.0,0.0,0.0,20.00000000000089,20.00000000000089,0.0,0.0
8.241666666666667,2.3000000005180863,3.215010239982874e-06,0.6066666666707412,851.4109577781649,156.99999999999997,0.0,0.0,0.00010242704354731956,0.0,0.0,0.0,0.0,0.0,20.0000000000009,20.0000000000009,0.0,0.0
8.25,2.3000000005180827,3.215010239982874e-06,0.5999999999825378,851.4078900620254,156.99999999999997,0.0,0.0,0.00010209317243356093,0.0,0.0,0.0,0.0,0.0,20.00000000000088,20.00000000000088,0.0,0.0
8.258333333333333,2.300000000518079,3.215010239982874e-06,0.5933333332943342,851.4048323398952,156.99999999999997,0.0,0.0,0.00010176075080251201,0.0,0.0,0.0,0.0,0.0,20.000000000000878,20.000000000000878,0.0,0.0
8.266666666666666,2.3000000005180756,3.215010239982874e-06,0.5866666666061309,851.4017845684095,156.99999999999997,0.0,0.0,0.00010142977079655115,0.0,0.0,0.0,0.0,0.0,20.00000000000086,20.00000000000086,0.0,0.0
8.275,2.300000000518072,3.215010239982874e-06,0.5799999999179271,851.3987467044388,156.99999999999997,0.0,0.0,0.00010110022460916394,0.0,0.0,0.0,0.0,0.0,20.00000000000087,20.00000000000087,0.0,0.0
8.283333333333333,2.3000000005180685,3.215010239982874e-06,0.5733333333694222,851.395718705087,156.99999999999997,0.0,0.0,0.00010077210448450509,0.0,0.0,0.0,0.0,0.0,20.000000000000878,20.000000000000878,0.0,0.0
8.291666666666666,2.300000000518065,3.215010239982874e-06,0.5666666666812186,851.3927005276897,156.99999999999997,0.0,0.0,0.0001004454027170493,0.0,0.0,0.0,0.0,0.0,20.000000000000888,20.000000000000888,0.0,0.0
8.3,2.3000000005180614,3.215010239982874e-06,0.5599999999930152,851.3896921298133,156.99999999999997,0.0,0.0,0.00010012011165115753,0.0,0.0,0.0,0.0,0.0,20.000000000000885,20.000000000000885,0.0,0.0
8.308333333333334,2.300000000518058,3.215010239982874e-06,0.5533333333048116,851.3866934692526,156.99999999999997,0.0,0.0,9.979622368068882e-05,0.0,0.0,0.0,0.0,0.0,20.000000000000895,20.000000000000895,0.0,0.0
8.316666666666666,2.3000000005180548,3.215010239982874e-06,0.546666666616608,851.3837045040302,156.99999999999997,0.0,0.0,9.947373124870043e-05,0.0,0.0,0.0,0.0,0.0,20.000000000000885,20.000000000000885,0.0,0.0
8.325,2.300000000518051,3.215010239982874e-06,0.5399999999284046,851.3807251923946,156.99999999999997,0.0,0.0,9.915262684706343e-05,0.0,0.0,0.0,0.0,0.0,20.000000000000874,20.000000000000874,0.0,0.0
8.333333333333332,2.3000000005180476,3.215010239982874e-06,0.5333333333798995,851.3777554928188,156.99999999999997,0.0,0.0,9.883290301603737e-05,0.0,0.0,0.0,0.0,0.0,20.000000000000885,20.000000000000885,0.0,0.0
8.341666666666667,2.300000000518044,3.215010239982874e-06,0.5266666666916959,851.3747953639988,156.99999999999997,0.0,0.0,9.851455234389017e-05,0.0,0.0,0.0,0.0,0.0,20.000000000000867,20.000000000000867,0.0,0.0
8.35,2.300000000518041,3.215010239982874e-06,0.5200000000034926,851.3718447648522,156.99999999999997,0.0,0.0,9.819756746669186e-05,0.0,0.0,0.0,0.0,0.0,20.00000000000086,20.00000000000086,0.0,0.0
8.358333333333333,2.3000000005180374,3.215010239982874e-06,0.513333333315289,851.368903654517,156.99999999999997,0.0,0.0,9.78819410678091e-05,0.0,0.0,0.0,0.0,0.0,20.000000000000867,20.000000000000867,0.0,0.0
8.366666666666667,2.3000000005180343,3.215010239982874e-06,0.5066666666270856,851.3659719923496,156.99999999999997,0.0,0.0,9.756766587753105e-05,0.0,0.0,0.0,0.0,0.0,20.000000000000878,20.000000000000878,0.0,0.0
8.375,2.3000000005180308,3.215010239982874e-06,0.499999999938882,851.3630497379243,156.99999999999997,0.0,0.0,9.725473467282561e-05,0.0,0.0,0.0,0.0,0.0,20.000000000000878,20.000000000000878,0.0,0.0
8.383333333333333,2.300000000518027,3.215010239982874e-06,0.4933333332506784,851.3601368510307,156.99999999999997,0.0,0.0,9.694314027701138e-05,0.0,0.0,0.0,0.0,0.0,20.000000000000878,20.000000000000878,0.0,0.0
8.391666666666666,2.300000000518024,3.215010239982874e-06,0.4866666667021733,851.3572332916738,156.99999999999997,0.0,0.0,9.66328755592606e-05,0.0,0.0,0.0,0.0,0.0,20.00000000000089,20.00000000000089,0.0,0.0
8.399999999999999,2.3000000005180206,3.215010239982874e-06,0.4800000000139699,851.3543390200712,156.99999999999997,0.0,0.0,9.632393343436074e-05,0.0,0.0,0.0,0.0,0.0,20.000000000000895,20.000000000000895,0.0,0.0
8.408333333333333,2.3000000005180175,3.215010239982874e-06,0.4733333333257663,851.3514539966525,156.99999999999997,0.0,0.0,9.60163068623495e-05,0.0,0.0,0.0,0.0,0.0,20.000000000000895,20.000000000000895,0.0,0.0
8.416666666666666,2.300000000518014,3.215010239982874e-06,0.46666666663756273,851.3485781820582,156.99999999999997,0.0,0.0,9.570998884819433e-05,0.0,0.0,0.0,0.0,0.0,20.000000000000888,20.000000000000888,0.0,0.0
8.424999999999999,2.300000000518011,3.215010239982874e-06,0.45999999994935936,851.3457115371373,156.99999999999997,0.0,0.0,9.540497244151603e-05,0.0,0.0,0.0,0.0,0.0,20.000000000000902,20.000000000000902,0.0,0.0
8.433333333333334,2.3000000005180072,3.215010239982874e-06,0.45333333326115577,851.3428540229473,156.99999999999997,0.0,0.0,9.510125073601677e-05,0.0,0.0,0.0,0.0,0.0,20.000000000000895,20.000000000000895,0.0,0.0
8.441666666666666,2.300000000518004,3.215010239982874e-06,0.4466666667126509,851.340005600752,156.99999999999997,0.0,0.0,9.479881686950495e-05,0.0,0.0,0.0,0.0,0.0,20.000000000000888,20.000000000000888,0.0,0.0
8.450000000000001,2.300000000518001,3.215010239982874e-06,0.4400000000244473,851.3371662320199,156.99999999999997,0.0,0.0,9.449766402328421e-05,0.0,0.0,0.0,0.0,0.0,20.0000000000009,20.0000000000009,0.0,0.0
8.458333333333334,2.3000000005179975,3.215010239982874e-06,0.4333333333362437,851.3343358784241,156.99999999999997,0.0,0.0,9.419778542196903e-05,0.0,0.0,0.0,0.0,0.0,20.000000000000902,20.000000000000902,0.0,0.0
8.466666666666667,2.3000000005179944,3.215010239982874e-06,0.4266666666480403,851.3315145018402,156.99999999999997,0.0,0.0,9.389917433317462e-05,0.0,0.0,0.0,0.0,0.0,20.000000000000902,20.000000000000902,0.0,0.0
8.475000000000001,2.3000000005179912,3.215010239982874e-06,0.4199999999598367,851.3287020643445,156.99999999999997,0.0,0.0,9.360182406703918e-05,0.0,0.0,0.0,0.0,0.0,20.000000000000917,20.000000000000917,0.0,0.0
8.483333333333334,2.3000000005179877,3.215010239982874e-06,0.41333333327163335,851.3258985282142,156.99999999999997,0.0,0.0,9.33057279761287e-05,0.0,0.0,0.0,0.0,0.0,20.000000000000924,20.000000000000924,0.0,0.0
8.491666666666667,2.3000000005179846,3.215010239982874e-06,0.406666666723128,851.3231038559247,156.99999999999997,0.0,0.0,9.301087945500492e-05,0.0,0.0,0.0,0.0,0.0,20.000000000000917,20.000000000000917,0.0,0.0
8.5,2.3000000005179815,3.215010239982874e-06,0.40000000003492464,851.3203180101491,156.99999999999997,0.0,0.0,9.271727193987984e-05,0.0,0.0,0.0,0.0,0.0,20.000000000000917,20.000000000000917,0.0,0.0
8.508333333333333,2.3000000005179784,3.215010239982874e-06,0.39333333334672105,851.3175409537569,156.99999999999997,0.0,0.0,9.242489890844029e-05,0.0,0.0,0.0,0.0,0.0,20.00000000000092,20.00000000000092,0.0,0.0
8.516666666666667,2.300000000517975,3.215010239982874e-06,0.3866666666585177,851.3147726498124,156.99999999999997,0.0,0.0,9.213375387937919e-05,0.0,0.0,0.0,0.0,0.0,20.00000000000093,20.00000000000093,0.0,0.0
8.525,2.3000000005179717,3.215010239982874e-06,0.3799999999703141,851.3120130615739,156.99999999999997,0.0,0.0,9.184383041230733e-05,0.0,0.0,0.0,0.0,0.0,20.000000000000913,20.000000000000913,0.0,0.0
8.533333333333333,2.3000000005179686,3.215010239982874e-06,0.3733333332821105,851.3092621524924,156.99999999999997,0.0,0.0,9.155512210716196e-05,0.0,0.0,0.0,0.0,0.0,20.000000000000934,20.000000000000934,0.0,0.0
8.541666666666668,2.3000000005179655,3.215010239982874e-06,0.3666666665939071,851.3065198862098,156.99999999999997,0.0,0.0,9.12676226042055e-05,0.0,0.0,0.0,0.0,0.0,20.00000000000092,20.00000000000092,0.0,0.0
8.55,2.3000000005179624,3.215010239982874e-06,0.360000000045402,851.3037862265587,156.99999999999997,0.0,0.0,9.09813255835216e-05,0.0,0.0,0.0,0.0,0.0,20.000000000000917,20.000000000000917,0.0,0.0
8.558333333333334,2.3000000005179593,3.215010239982874e-06,0.3533333333571984,851.3010611375606,156.99999999999997,0.0,0.0,9.069622476489039e-05,0.0,0.0,0.0,0.0,0.0,20.00000000000092,20.00000000000092,0.0,0.0
8.566666666666666,2.300000000517956,3.215010239982874e-06,0.34666666666899504,851.2983445834245,156.99999999999997,0.0,0.0,9.041231390733009e-05,0.0,0.0,0.0,0.0,0.0,20.000000000000934,20.000000000000934,0.0,0.0
8.575,2.300000000517953,3.215010239982874e-06,0.33999999998079145,851.2956365285464,156.99999999999997,0.0,0.0,9.012958680889148e-05,0.0,0.0,0.0,0.0,0.0,20.000000000000934,20.000000000000934,0.0,0.0
8.583333333333334,2.30000000051795,3.215010239982874e-06,0.3333333332925881,851.2929369375076,156.99999999999997,0.0,0.0,8.984803730641174e-05,0.0,0.0,0.0,0.0,0.0,20.00000000000093,20.00000000000093,0.0,0.0
8.591666666666667,2.300000000517947,3.215010239982874e-06,0.3266666666043845,851.2902457750736,156.99999999999997,0.0,0.0,8.956765927518615e-05,0.0,0.0,0.0,0.0,0.0,20.00000000000094,20.00000000000094,0.0,0.0
8.6,2.3000000005179437,3.215010239982874e-06,0.32000000005587936,851.2875630061933,156.99999999999997,0.0,0.0,8.928844662872489e-05,0.0,0.0,0.0,0.0,0.0,20.000000000000938,20.000000000000938,0.0,0.0
8.608333333333334,2.3000000005179406,3.215010239982874e-06,0.31333333336767577,851.2848885959975,156.99999999999997,0.0,0.0,8.901039331838627e-05,0.0,0.0,0.0,0.0,0.0,20.00000000000092,20.00000000000092,0.0,0.0
8.616666666666667,2.3000000005179375,3.215010239982874e-06,0.3066666666794724,851.2822225097976,156.99999999999997,0.0,0.0,8.873349333317812e-05,0.0,0.0,0.0,0.0,0.0,20.000000000000917,20.000000000000917,0.0,0.0
8.625,2.3000000005179344,3.215010239982874e-06,0.29999999999126903,851.2795647130855,156.99999999999997,0.0,0.0,8.845774069951848e-05,0.0,0.0,0.0,0.0,0.0,20.00000000000091,20.00000000000091,0.0,0.0
8.633333333333333,2.3000000005179313,3.215010239982874e-06,0.2933333333030652,851.276915171531,156.99999999999997,0.0,0.0,8.818312948087347e-05,0.0,0.0,0.0,0.0,0.0,20.00000000000091,20.00000000000091,0.0,0.0
8.641666666666666,2.300000000517928,3.215010239982874e-06,0.28666666661486184,851.2742738509817,156.99999999999997,0.0,0.0,8.790965377747969e-05,0.0,0.0,0.0,0.0,0.0,20.000000000000895,20.000000000000895,0.0,0.0
8.65,2.300000000517925,3.215010239982874e-06,0.27999999992665847,851.2716407174617,156.99999999999997,0.0,0.0,8.76373077262335e-05,0.0,0.0,0.0,0.0,0.0,20.00000000000089,20.00000000000089,0.0,0.0
8.658333333333333,2.300000000517922,3.215010239982874e-06,0.27333333337815335,851.2690157371703,156.99999999999997,0.0,0.0,8.73660855002916e-05,0.0,0.0,0.0,0.0,0.0,20.000000000000895,20.000000000000895,0.0,0.0
8.666666666666666,2.3000000005179193,3.215010239982874e-06,0.26666666668994976,851.2663988764814,156.99999999999997,0.0,0.0,8.709598130875644e-05,0.0,0.0,0.0,0.0,0.0,20.000000000000895,20.000000000000895,0.0,0.0
8.675,2.300000000517916,3.215010239982874e-06,0.26000000000174617,851.2637901019415,156.99999999999997,0.0,0.0,8.682698939665159e-05,0.0,0.0,0.0,0.0,0.0,20.00000000000089,20.00000000000089,0.0,0.0
8.683333333333334,2.300000000517913,3.215010239982874e-06,0.2533333333135428,851.2611893802698,156.99999999999997,0.0,0.0,8.655910404436198e-05,0.0,0.0,0.0,0.0,0.0,20.00000000000089,20.00000000000089,0.0,0.0
8.691666666666666,2.30000000051791,3.215010239982874e-06,0.2466666666253392,851.2585966783561,156.99999999999997,0.0,0.0,8.629231956761187e-05,0.0,0.0,0.0,0.0,0.0,20.00000000000088,20.00000000000088,0.0,0.0
8.7,2.3000000005179073,3.215010239982874e-06,0.23999999993713583,851.2560119632603,156.99999999999997,0.0,0.0,8.602663031715507e-05,0.0,0.0,0.0,0.0,0.0,20.000000000000867,20.000000000000867,0.0,0.0
8.708333333333332,2.300000000517904,3.215010239982874e-06,0.2333333333886305,851.2534352022117,156.99999999999997,0.0,0.0,8.576203067838497e-05,0.0,0.0,0.0,0.0,0.0,20.000000000000863,20.000000000000863,0.0,0.0
8.716666666666667,2.300000000517901,3.215010239982874e-06,0.22666666670042712,851.2508663626066,156.99999999999997,0.0,0.0,8.549851507131526e-05,0.0,0.0,0.0,0.0,0.0,20.00000000000087,20.00000000000087,0.0,0.0
8.725,2.3000000005178984,3.215010239982874e-06,0.22000000001222375,851.2483054120091,156.99999999999997,0.0,0.0,8.523607795019237e-05,0.0,0.0,0.0,0.0,0.0,20.000000000000874,20.000000000000874,0.0,0.0
8.733333333333333,2.3000000005178953,3.215010239982874e-06,0.21333333332402016,851.2457523181488,156.99999999999997,0.0,0.0,8.497471380319166e-05,0.0,0.0,0.0,0.0,0.0,20.00000000000088,20.00000000000088,0.0,0.0
8.741666666666667,2.300000000517892,3.215010239982874e-06,0.20666666663581656,851.2432070489197,156.99999999999997,0.0,0.0,8.471441715236026e-05,0.0,0.0,0.0,0.0,0.0,20.000000000000878,20.000000000000878,0.0,0.0
8.75,2.3000000005178896,3.215010239982874e-06,0.1999999999476132,851.2406695723804,156.99999999999997,0.0,0.0,8.445518255319302e-05,0.0,0.0,0.0,0.0,0.0,20.000000000000867,20.000000000000867,0.0,0.0
8.758333333333333,2.3000000005178864,3.215010239982874e-06,0.1933333332594096,851.2381398567518,156.99999999999997,0.0,0.0,8.419700459453658e-05,0.0,0.0,0.0,0.0,0.0,20.000000000000863,20.000000000000863,0.0,0.0
8.766666666666666,2.300000000517884,3.215010239982874e-06,0.18666666671090448,851.2356178704168,156.99999999999997,0.0,0.0,8.393987789829044e-05,0.0,0.0,0.0,0.0,0.0,20.00000000000087,20.00000000000087,0.0,0.0
8.774999999999999,2.3000000005178807,3.215010239982874e-06,0.1800000000227009,851.2331035819192,156.99999999999997,0.0,0.0,8.368379711906884e-05,0.0,0.0,0.0,0.0,0.0,20.000000000000863,20.000000000000863,0.0,0.0
8.783333333333333,2.300000000517878,3.215010239982874e-06,0.17333333333449752,851.2305969599624,156.99999999999997,0.0,0.0,8.342875694418949e-05,0.0,0.0,0.0,0.0,0.0,20.000000000000853,20.000000000000853,0.0,0.0
8.791666666666666,2.300000000517875,3.215010239982874e-06,0.16666666664629393,851.2280979734091,156.99999999999997,0.0,0.0,8.317475209325637e-05,0.0,0.0,0.0,0.0,0.0,20.000000000000853,20.000000000000853,0.0,0.0
8.799999999999999,2.3000000005178722,3.215010239982874e-06,0.15999999995809056,851.2256065912795,156.99999999999997,0.0,0.0,8.292177731798792e-05,0.0,0.0,0.0,0.0,0.0,20.000000000000853,20.000000000000853,0.0,0.0
8.808333333333334,2.300000000517869,3.215010239982874e-06,0.15333333326988696,851.2231227827513,156.99999999999997,0.0,0.0,8.266982740204628e-05,0.0,0.0,0.0,0.0,0.0,20.000000000000867,20.000000000000867,0.0,0.0
8.816666666666666,2.3000000005178665,3.215010239982874e-06,0.14666666672138184,851.2206465171573,156.99999999999997,0.0,0.0,8.241889716070522e-05,0.0,0.0,0.0,0.0,0.0,20.00000000000087,20.00000000000087,0.0,0.0
8.825000000000001,2.3000000005178634,3.215010239982874e-06,0.14000000003317847,851.2181777639864,156.99999999999997,0.0,0.0,8.216898144072222e-05,0.0,0.0,0.0,0.0,0.0,20.000000000000863,20.000000000000863,0.0,0.0
8.833333333333334,2.3000000005178607,3.215010239982874e-06,0.13333333334497488,851.215716492881,156.99999999999997,0.0,0.0,8.192007512004942e-05,0.0,0.0,0.0,0.0,0.0,20.000000000000878,20.000000000000878,0.0,0.0
8.841666666666667,2.300000000517858,3.215010239982874e-06,0.1266666666567715,851.2132626736368,156.99999999999997,0.0,0.0,8.167217310766721e-05,0.0,0.0,0.0,0.0,0.0,20.000000000000878,20.000000000000878,0.0,0.0
8.850000000000001,2.300000000517855,3.215010239982874e-06,0.11999999996856792,851.210816276202,156.99999999999997,0.0,0.0,8.142527034329754e-05,0.0,0.0,0.0,0.0,0.0,20.00000000000088,20.00000000000088,0.0,0.0
8.858333333333334,2.3000000005178522,3.215010239982874e-06,0.11333333328036432,851.2083772706756,156.99999999999997,0.0,0.0,8.11793617972398e-05,0.0,0.0,0.0,0.0,0.0,20.000000000000878,20.000000000000878,0.0,0.0
8.866666666666667,2.3000000005178496,3.215010239982874e-06,0.1066666667318592,851.2059456273075,156.99999999999997,0.0,0.0,8.093444247020718e-05,0.0,0.0,0.0,0.0,0.0,20.000000000000885,20.000000000000885,0.0,0.0
8.875,2.3000000005178465,3.215010239982874e-06,0.10000000004365583,851.203521316497,156.99999999999997,0.0,0.0,8.069050739292297e-05,0.0,0.0,0.0,0.0,0.0,20.000000000000885,20.000000000000885,0.0,0.0
8.883333333333333,2.300000000517844,3.215010239982874e-06,0.09333333335545224,851.2011043087921,156.99999999999997,0.0,0.0,8.044755162616045e-05,0.0,0.0,0.0,0.0,0.0,20.00000000000089,20.00000000000089,0.0,0.0
8.891666666666667,2.300000000517841,3.215010239982874e-06,0.08666666666724887,851.1986945748883,156.99999999999997,0.0,0.0,8.020557026034128e-05,0.0,0.0,0.0,0.0,0.0,20.000000000000895,20.000000000000895,0.0,0.0
8.9,2.3000000005178385,3.215010239982874e-06,0.07999999997904528,851.1962920856283,156.99999999999997,0.0,0.0,7.996455841541655e-05,0.0,0.0,0.0,0.0,0.0,20.0000000000009,20.0000000000009,0.0,0.0
8.908333333333333,2.3000000005178354,3.215010239982874e-06,0.07333333329084168,851.1938968120003,156.99999999999997,0.0,0.0,7.972451124058826e-05,0.0,0.0,0.0,0.0,0.0,20.00000000000092,20.00000000000092,0.0,0.0
8.916666666666668,2.3000000005178327,3.215010239982874e-06,0.06666666660263831,851.1915087251377,156.99999999999997,0.0,0.0,7.948542391423207e-05,0.0,0.0,0.0,0.0,0.0,20.00000000000092,20.00000000000092,0.0,0.0
8.925,2.30000000051783,3.215010239982874e-06,0.060000000054133196,851.1891277963184,156.99999999999997,0.0,0.0,7.924729164358081e-05,0.0,0.0,0.0,0.0,0.0,20.000000000000902,20.000000000000902,0.0,0.0
8.933333333333334,2.3000000005178274,3.215010239982874e-06,0.0533333333659296,851.1867539969634,156.99999999999997,0.0,0.0,7.901010966452925e-05,0.0,0.0,0.0,0.0,0.0,20.000000000000906,20.000000000000906,0.0,0.0
8.941666666666666,2.3000000005178247,3.215010239982874e-06,0.04666666667772601,851.1843872986362,156.99999999999997,0.0,0.0,7.877387324143992e-05,0.0,0.0,0.0,0.0,0.0,20.00000000000088,20.00000000000088,0.0,0.0
8.95,2.3000000005178216,3.215010239982874e-06,0.03999999998952264,851.1820276730421,156.99999999999997,0.0,0.0,7.853857766706936e-05,0.0,0.0,0.0,0.0,0.0,20.000000000000878,20.000000000000878,0.0,0.0
8.958333333333334,2.300000000517819,3.215010239982874e-06,0.033333333301319046,851.179675092027,156.99999999999997,0.0,0.0,7.830421826221615e-05,0.0,0.0,0.0,0.0,0.0,20.000000000000888,20.000000000000888,0.0,0.0
8.966666666666667,2.3000000005178163,3.215010239982874e-06,0.026666666613115675,851.1773295275768,156.99999999999997,0.0,0.0,7.807079037552964e-05,0.0,0.0,0.0,0.0,0.0,20.00000000000089,20.00000000000089,0.0,0.0
8.975,2.3000000005178136,3.215010239982874e-06,0.020000000064610335,851.1749909518164,156.99999999999997,0.0,0.0,7.783828938339933e-05,0.0,0.0,0.0,0.0,0.0,20.000000000000902,20.000000000000902,0.0,0.0
8.983333333333334,2.300000000517811,3.215010239982874e-06,0.013333333376407186,851.1726593370095,156.99999999999997,0.0,0.0,7.760671068976523e-05,0.0,0.0,0.0,0.0,0.0,20.000000000000895,20.000000000000895,0.0,0.0
8.991666666666667,2.3000000005178083,3.215010239982874e-06,0.006666666688203371,851.1703346555564,156.99999999999997,0.0,0.0,7.737604972581017e-05,0.0,0.0,0.0,0.0,0.0,20.000000000000895,20.000000000000895,0.0,0.0
9.0,2.3000000005178056,3.215010239982874e-06,2.220446049250313e-16,851.1680168799949,156.99999999999997,0.0,0.0,7.714630194989146e-05,0.0,0.0,0.0,0.0,0.0,20.000000000000913,20.000000000000913,0.0,0.0
9.008333333333333,2.3000000005178665,3.215010239982874e-06,0.0,851.2209661355896,156.99999999999997,0.0,0.0,8.245127112508906e-05,0.0,0.0,0.0,0.0,0.0,20.00000000000088,20.00000000000088,0.0,0.0
9.016666666666666,2.3000000005180574,3.215010239982874e-06,0.0,851.3860773142258,156.99999999999997,0.0,0.0,9.972971557179274e-05,0.0,0.0,0.0,0.0,0.0,20.00000000000078,20.00000000000078,0.0,0.0
9.025,2.300000000518377,3.215010239982874e-06,0.0,851.6629625027713,156.99999999999997,0.0,0.0,0.00013105975533008637,0.0,0.0,0.0,0.0,0.0,20.000000000000647,20.000000000000647,0.0,0.0
9.033333333333333,2.3000000005188266,3.215010239982874e-06,0.0,852.051155020082,156.99999999999997,0.0,0.0,0.00017953381849314308,0.0,0.0,0.0,0.0,0.0,20.000000000000504,20.000000000000504,0.0,0.0
9.041666666666666,2.300000000519405,3.215010239982874e-06,0.0,852.550084915584,156.99999999999997,0.0,0.0,0.0002488764554524163,0.0,0.0,0.0,0.0,0.0,20.00000000000041,20.00000000000041,0.0,0.0
9.05,2.3000000005201127,3.215010239982874e-06,0.0,853.1590646607835,156.99999999999997,0.0,0.0,0.0003431572967666573,0.0,0.0,0.0,0.0,0.0,20.000000000000316,20.000000000000316,0.0,0.0
9.058333333333334,2.30000000052095,3.215010239982874e-06,0.0,853.87728183993,156.99999999999997,0.0,0.0,0.00046660603951825255,0.0,0.0,0.0,0.0,0.0,20.00000000000025,20.00000000000025,0.0,0.0
9.066666666666666,2.300000000521917,3.215010239982874e-06,0.0,854.7037962118927,156.99999999999997,0.0,0.0,0.0006234993949442338,0.0,0.0,0.0,0.0,0.0,20.000000000000206,20.000000000000206,0.0,0.0
9.075,2.300000000523014,3.215010239982874e-06,0.0,855.6375394438915,156.99999999999997,0.0,0.0,0.0008180913144681767,0.0,0.0,0.0,0.0,0.0,20.000000000000167,20.000000000000167,0.0,0.0
9.083333333333332,2.3000000005242405,3.215010239982874e-06,0.0,856.6773165285479,156.99999999999997,0.0,0.0,0.001054567833822085,0.0,0.0,0.0,0.0,0.0,20.00000000000014,20.00000000000014,0.0,0.0
9.091666666666667,2.300000000525597,3.215010239982874e-06,0.0,857.8218083227302,156.99999999999997,0.0,0.0,0.0013370158925710644,0.0,0.0,0.0,0.0,0.0,20.00000000000013,20.00000000000013,0.0,0.0
9.1,2.300000000527085,3.215010239982874e-06,0.0,859.0695748870719,156.99999999999997,0.0,0.0,0.0016694003288010998,0.0,0.0,0.0,0.0,0.0,20.000000000000124,20.000000000000124,0.0,0.0
9.108333333333333,2.3000000005287027,3.215010239982874e-06,0.0,860.4190594328536,156.99999999999997,0.0,0.0,0.002055545911535035,0.0,0.0,0.0,0.0,0.0,20.000000000000117,20.000000000000117,0.0,0.0
9.116666666666667,2.300000000530452,3.215010239982874e-06,0.0,861.8685927544432,156.99999999999997,0.0,0.0,0.00249912269821699,0.0,0.0,0.0,0.0,0.0,20.000000000000096,20.000000000000096,0.0,0.0
9.125,2.3000000005323327,3.215010239982874e-06,0.0,863.4163980625876,156.99999999999997,0.0,0.0,0.003003633766313974,0.0,0.0,0.0,0.0,0.0,20.000000000000075,20.000000000000075,0.0,0.0
9.133333333333333,2.300000000534345,3.215010239982874e-06,0.0,865.0605961572996,156.99999999999997,0.0,0.0,0.0035724047813195394,0.0,0.0,0.0,0.0,0.0,20.000000000000064,20.000000000000064,0.0,0.0
9.141666666666666,2.3000000005364893,3.215010239982874e-06,0.0,866.7992108893905,156.99999999999997,0.0,0.0,0.004208575089864589,0.0,0.0,0.0,0.0,0.0,20.000000000000068,20.000000000000068,0.0,0.0
9.149999999999999,2.3000000005387666,3.215010239982874e-06,0.0,868.6301748687583,156.99999999999997,0.0,0.0,0.004915090153826969,0.0,0.0,0.0,0.0,0.0,20.00000000000005,20.00000000000005,0.0,0.0
9.158333333333333,2.3000000005411767,3.215010239982874e-06,0.0,870.5513353803976,156.99999999999997,0.0,0.0,0.005694695212027536,0.0,0.0,0.0,0.0,0.0,20.000000000000036,20.000000000000036,0.0,0.0
9.166666666666666,2.3000000005437204,3.215010239982874e-06,0.0,872.5604604731127,156.99999999999997,0.0,0.0,0.006549930096446707,0.0,0.0,0.0,0.0,0.0,20.000000000000036,20.000000000000036,0.0,0.0
9.174999999999999,2.3000000005463983,3.215010239982874e-06,0.0,874.6552451865828,156.99999999999997,0.0,0.0,0.007483125151306994,0.0,0.0,0.0,0.0,0.0,20.000000000000043,20.000000000000043,0.0,0.0
9.183333333333334,2.3000000005492107,3.215010239982874e-06,0.0,876.8333178844755,156.99999999999997,0.0,0.0,0.008496398214913253,0.0,0.0,0.0,0.0,0.0,20.000000000000036,20.000000000000036,0.0,0.0
9.191666666666666,2.300000000552158,3.215010239982874e-06,0.0,879.0922466628934,156.99999999999997,0.0,0.0,0.009591652629418437,0.0,0.0,0.0,0.0,0.0,20.000000000000014,20.000000000000014,0.0,0.0
9.200000000000001,2.3000000005552415,3.215010239982874e-06,0.0,881.429545802431,156.99999999999997,0.0,0.0,0.010770576244034,0.0,0.0,0.0,0.0,0.0,20.00000000000002,20.00000000000002,0.0,0.0
9.208333333333334,2.300000000558461,3.215010239982874e-06,0.0,883.8426822363917,156.99999999999997,0.0,0.0,0.012034641377845507,0.0,0.0,0.0,0.0,0.0,20.000000000000014,20.000000000000014,0.0,0.0
9.216666666666667,2.300000000561818,3.215010239982874e-06,0.0,886.3290820048318,156.99999999999997,0.0,0.0,0.0133851057043712,0.0,0.0,0.0,0.0,0.0,20.00000000000004,20.00000000000004,0.0,0.0
9.225000000000001,2.300000000565312,3.215010239982874e-06,0.0,888.8861366698648,156.99999999999997,0.0,0.0,0.01482301401959362,0.0,0.0,0.0,0.0,0.0,20.000000000000043,20.000000000000043,0.0,0.0
9.233333333333334,2.300000000568945,3.215010239982874e-06,0.0,891.511209663523,156.99999999999997,0.0,0.0,0.016349200849419685,0.0,0.0,0.0,0.0,0.0,20.000000000000014,20.000000000000014,0.0,0.0
9.241666666666667,2.3000000005727173,3.215010239982874e-06,0.0,894.2016425465192,156.99999999999997,0.0,0.0,0.0179642938526324,0.0,0.0,0.0,0.0,0.0,20.000000000000014,20.000000000000014,0.0,0.0
9.25,2.3000000005766292,3.215010239982874e-06,0.0,896.9547611522851,156.99999999999997,0.0,0.0,0.019668717969678076,0.0,0.0,0.0,0.0,0.0,20.000000000000004,20.000000000000004,0.0,0.0
9.258333333333333,2.3000000005806824,3.215010239982874e-06,0.0,899.7678815967777,156.99999999999997,0.0,0.0,0.021462700267782343,0.0,0.0,0.0,0.0,0.0,19.999999999999996,19.999999999999996,0.0,0.0
9.266666666666667,2.300000000584877,3.215010239982874e-06,0.0,902.6383161320995,156.99999999999997,0.0,0.0,0.02334627542843429,0.0,0.0,0.0,0.0,0.0,20.000000000000004,20.000000000000004,0.0,0.0
9.275,2.3000000005892143,3.215010239982874e-06,0.0,905.5633788271223,156.99999999999997,0.0,0.0,0.025319291823736177,0.0,0.0,0.0,0.0,0.0,19.999999999999982,19.999999999999982,0.0,0.0
9.283333333333333,2.300000000593695,3.215010239982874e-06,0.0,908.5403910570894,156.99999999999997,0.0,0.0,0.02738141812508336,0.0,0.0,0.0,0.0,0.0,19.999999999999986,19.999999999999986,0.0,0.0
9.291666666666668,2.3000000005983208,3.215010239982874e-06,0.0,911.5666867877122,156.99999999999997,0.0,0.0,0.02953215038800758,0.0,0.0,0.0,0.0,0.0,19.999999999999986,19.999999999999986,0.0,0.0
9.3,2.3000000006030916,3.215010239982874e-06,0.0,914.6396176403418,156.99999999999997,0.0,0.0,0.031770819556267114,0.0,0.0,0.0,0.0,0.0,19.99999999999998,19.99999999999998,0.0,0.0
9.308333333333334,2.3000000006080095,3.215010239982874e-06,0.0,917.7565577258849,156.99999999999997,0.0,0.0,0.03409659932789597,0.0,0.0,0.0,0.0,0.0,19.999999999999993,19.999999999999993,0.0,0.0
9.316666666666666,2.300000000613075,3.215010239982874e-06,0.0,920.9149082386733,156.99999999999997,0.0,0.0,0.036508514327740126,0.0,0.0,0.0,0.0,0.0,20.0,20.0,0.0,0.0
9.325,2.3000000006182897,3.215010239982874e-06,0.0,924.1121018003023,156.99999999999997,0.0,0.0,0.039005448529813795,0.0,0.0,0.0,0.0,0.0,20.000000000000004,20.000000000000004,0.0,0.0
9.333333333333334,2.3000000006236547,3.215010239982874e-06,0.0,927.3456065486087,156.99999999999997,0.0,0.0,0.04158615387665848,0.0,0.0,0.0,0.0,0.0,20.000000000000014,20.000000000000014,0.0,0.0
9.341666666666667,2.300000000629171,3.215010239982874e-06,0.0,930.6129299648492,156.99999999999997,0.0,0.0,0.044249259041688006,0.0,0.0,0.0,0.0,0.0,20.000000000000004,20.000000000000004,0.0,0.0
9.35,2.3000000006348404,3.215010239982874e-06,0.0,933.9116224372087,156.99999999999997,0.0,0.0,0.046993278285092616,0.0,0.0,0.0,0.0,0.0,19.999999999999993,19.999999999999993,0.0,0.0
9.358333333333334,2.300000000640664,3.215010239982874e-06,0.0,937.2392805573661,156.99999999999997,0.0,0.0,0.049816620353793264,0.0,0.0,0.0,0.0,0.0,19.999999999999996,19.999999999999996,0.0,0.0
9.366666666666667,2.300000000646643,3.215010239982874e-06,0.0,940.593550150134,156.99999999999997,0.0,0.0,0.0527175973797942,0.0,0.0,0.0,0.0,0.0,20.0,20.0,0.0,0.0
9.375,2.3000000006527794,3.215010239982874e-06,0.0,943.9721290368461,156.99999999999997,0.0,0.0,0.05569443373335551,0.0,0.0,0.0,0.0,0.0,20.0,20.0,0.0,0.0
9.383333333333333,2.300000000659075,3.215010239982874e-06,0.0,947.372769534096,156.99999999999997,0.0,0.0,0.05874527478984356,0.0,0.0,0.0,0.0,0.0,19.999999999999996,19.999999999999996,0.0,0.0
9.391666666666666,2.3000000006655306,3.215010239982874e-06,0.0,950.7932806916162,156.99999999999997,0.0,0.0,0.06186819557288029,0.0,0.0,0.0,0.0,0.0,20.00000000000001,20.00000000000001,0.0,0.0
9.4,2.3000000006721484,3.215010239982874e-06,0.0,954.2315302727391,156.99999999999997,0.0,0.0,0.06506120923811662,0.0,0.0,0.0,0.0,0.0,20.000000000000007,20.000000000000007,0.0,0.0
9.408333333333333,2.30000000067893,3.215010239982874e-06,0.0,957.6854464837229,156.99999999999997,0.0,0.0,0.06832227536663237,0.0,0.0,0.0,0.0,0.0,19.999999999999993,19.999999999999993,0.0,0.0
9.416666666666666,2.300000000685878,3.215010239982874e-06,0.0,961.1530194570923,156.99999999999997,0.0,0.0,0.07164930803819136,0.0,0.0,0.0,0.0,0.0,19.999999999999982,19.999999999999982,0.0,0.0
9.425,2.3000000006929935,3.215010239982874e-06,0.0,964.632302496813,156.99999999999997,0.0,0.0,0.07504018365933453,0.0,0.0,0.0,0.0,0.0,19.99999999999998,19.99999999999998,0.0,0.0
9.433333333333334,2.300000000700279,3.215010239982874e-06,0.0,968.1214130923518,156.99999999999997,0.0,0.0,0.07849274852294211,0.0,0.0,0.0,0.0,0.0,19.999999999999993,19.999999999999993,0.0,0.0
9.441666666666666,2.300000000707737,3.215010239982874e-06,0.0,971.6185337106444,156.99999999999997,0.0,0.0,0.0820048260801777,0.0,0.0,0.0,0.0,0.0,20.000000000000004,20.000000000000004,0.0,0.0
9.45,2.300000000715369,3.215010239982874e-06,0.0,975.1219123740481,156.99999999999997,0.0,0.0,0.08557422390718528,0.0,0.0,0.0,0.0,0.0,19.999999999999996,19.999999999999996,0.0,0.0
9.458333333333332,2.300000000723178,3.215010239982874e-06,0.0,978.6298630346655,156.99999999999997,0.0,0.0,0.0891987403535799,0.0,0.0,0.0,0.0,0.0,19.999999999999993,19.999999999999993,0.0,0.0
9.466666666666667,2.3000000007311656,3.215010239982874e-06,0.0,982.1407657537593,156.99999999999997,0.0,0.0,0.09287617086047596,0.0,0.0,0.0,0.0,0.0,19.999999999999975,19.999999999999975,0.0,0.0
9.475,2.300000000739335,3.215010239982874e-06,0.0,985.6530666971162,156.99999999999997,0.0,0.0,0.09660431394023944,0.0,0.0,0.0,0.0,0.0,19.99999999999997,19.99999999999997,0.0,0.0
9.483333333333333,2.300000000747689,3.215010239982874e-06,0.0,989.1652779559574,156.99999999999997,0.0,0.0,0.10038097681114483,0.0,0.0,0.0,0.0,0.0,19.999999999999968,19.999999999999968,0.0,0.0
9.491666666666667,2.30000000075623,3.215010239982874e-06,0.0,992.6759772044646,156.99999999999997,0.0,0.0,0.1042039806838121,0.0,0.0,0.0,0.0,0.0,19.99999999999999,19.99999999999999,0.0,0.0
9.5,2.3000000007649617,3.215010239982874e-06,0.0,996.183807203591,156.99999999999997,0.0,0.0,0.10807116569693137,0.0,0.0,0.0,0.0,0.0,20.00000000000001,20.00000000000001,0.0,0.0
9.508333333333333,2.300000000773886,3.215010239982874e-06,0.0,999.6874751626742,156.99999999999997,0.0,0.0,0.11198039550378222,0.0,0.0,0.0,0.0,0.0,20.00000000000001,20.00000000000001,0.0,0.0
9.516666666666666,2.3000000007830073,3.215010239982874e-06,0.0,1003.1857519683041,156.99999999999997,0.0,0.0,0.11592956151074149,0.0,0.0,0.0,0.0,0.0,20.000000000000014,20.000000000000014,0.0,0.0
9.524999999999999,2.3000000007923282,3.215010239982874e-06,0.0,1006.6774712916267,156.99999999999997,0.0,0.0,0.11991658677268313,0.0,0.0,0.0,0.0,0.0,20.000000000000018,20.000000000000018,0.0,0.0
9.533333333333333,2.3000000008018526,3.215010239982874e-06,0.0,1010.1615285836531,156.99999999999997,0.0,0.0,0.1239394295501078,0.0,0.0,0.0,0.0,0.0,20.0,20.0,0.0,0.0
9.541666666666666,2.300000000811584,3.215010239982874e-06,0.0,1013.6368799692219,156.99999999999997,0.0,0.0,0.12799608653567374,0.0,0.0,0.0,0.0,0.0,19.999999999999986,19.999999999999986,0.0,0.0
9.549999999999999,2.3000000008215262,3.215010239982874e-06,0.0,1017.1025410488851,156.99999999999997,0.0,0.0,0.1320845957577259,0.0,0.0,0.0,0.0,0.0,20.0,20.0,0.0,0.0
9.558333333333334,2.300000000831684,3.215010239982874e-06,0.0,1020.5575856184105,156.99999999999997,0.0,0.0,0.136203039170299,0.0,0.0,0.0,0.0,0.0,19.999999999999982,19.999999999999982,0.0,0.0
9.566666666666666,2.3000000008420605,3.215010239982874e-06,0.0,1024.001144315774,156.99999999999997,0.0,0.0,0.14034954494059798,0.0,0.0,0.0,0.0,0.0,19.999999999999975,19.999999999999975,0.0,0.0
9.575000000000001,2.300000000852661,3.215010239982874e-06,0.0,1027.432403203166,156.99999999999997,0.0,0.0,0.14452228944335146,0.0,0.0,0.0,0.0,0.0,19.999999999999975,19.999999999999975,0.0,0.0
9.583333333333334,2.3000000008634895,3.215010239982874e-06,0.0,1030.850602294433,156.99999999999997,0.0,0.0,0.14871949897595835,0.0,0.0,0.0,0.0,0.0,19.999999999999986,19.999999999999986,0.0,0.0
9.591666666666667,2.300000000874552,3.215010239982874e-06,0.0,1034.255034034069,156.99999999999997,0.0,0.0,0.1529394512041622,0.0,0.0,0.0,0.0,0.0,19.999999999999986,19.999999999999986,0.0,0.0
9.600000000000001,2.300000000885852,3.215010239982874e-06,0.0,1037.645041738112,156.99999999999997,0.0,0.0,0.15718047635400217,0.0,0.0,0.0,0.0,0.0,19.99999999999999,19.99999999999999,0.0,0.0
9.608333333333334,2.3000000008973966,3.215010239982874e-06,0.0,1041.020018001547,156.99999999999997,0.0,0.0,0.16144095815953916,0.0,0.0,0.0,0.0,0.0,20.0,20.0,0.0,0.0
9.616666666666667,2.30000000090919,3.215010239982874e-06,0.0,1044.3794030821525,156.99999999999997,0.0,0.0,0.1657193345831138,0.0,0.0,0.0,0.0,0.0,20.000000000000004,20.000000000000004,0.0,0.0
9.625,2.300000000921239,3.215010239982874e-06,0.0,1047.7226832649487,156.99999999999997,0.0,0.0,0.170014098318333,0.0,0.0,0.0,0.0,0.0,20.000000000000014,20.000000000000014,0.0,0.0
9.633333333333333,2.3000000009335495,3.215010239982874e-06,0.0,1051.0493892156408,156.99999999999997,0.0,0.0,0.1743237970917957,0.0,0.0,0.0,0.0,0.0,20.00000000000001,20.00000000000001,0.0,0.0
9.641666666666667,2.300000000946128,3.215010239982874e-06,0.0,1054.3590943270406,156.99999999999997,0.0,0.0,0.17864703377445273,0.0,0.0,0.0,0.0,0.0,20.000000000000007,20.000000000000007,0.0,0.0
9.65,2.300000000958981,3.215010239982874e-06,0.0,1057.6514130656021,156.99999999999997,0.0,0.0,0.18298246631786894,0.0,0.0,0.0,0.0,0.0,20.0,20.0,0.0,0.0
9.658333333333333,2.3000000009721164,3.215010239982874e-06,0.0,1060.925999321919,156.99999999999997,0.0,0.0,0.18732880752676748,0.0,0.0,0.0,0.0,0.0,19.99999999999999,19.99999999999999,0.0,0.0
9.666666666666668,2.300000000985541,3.215010239982874e-06,0.0,1064.182544770532,156.99999999999997,0.0,0.0,0.19168482468138648,0.0,0.0,0.0,0.0,0.0,20.0,20.0,0.0,0.0
9.675,2.3000000009992627,3.215010239982874e-06,0.0,1067.4207772433488,156.99999999999997,0.0,0.0,0.1960493390220342,0.0,0.0,0.0,0.0,0.0,19.999999999999993,19.999999999999993,0.0,0.0
9.683333333333334,2.30000000101329,3.215010239982874e-06,0.0,1070.6404591200182,156.99999999999997,0.0,0.0,0.20042122510706684,0.0,0.0,0.0,0.0,0.0,20.00000000000001,20.00000000000001,0.0,0.0
9.691666666666666,2.3000000010276316,3.215010239982874e-06,0.0,1073.841385740072,156.99999999999997,0.0,0.0,0.20479941005758354,0.0,0.0,0.0,0.0,0.0,19.99999999999999,19.99999999999999,0.0,0.0
9.7,2.3000000010422963,3.215010239982874e-06,0.0,1077.0233838384302,156.99999999999997,0.0,0.0,0.20918287269784366,0.0,0.0,0.0,0.0,0.0,19.99999999999999,19.99999999999999,0.0,0.0
9.708333333333334,2.300000001057294,3.215010239982874e-06,0.0,1080.186310009062,156.99999999999997,0.0,0.0,0.21357064260474135,0.0,0.0,0.0,0.0,0.0,19.999999999999993,19.999999999999993,0.0,0.0
9.716666666666667,2.3000000010726347,3.215010239982874e-06,0.0,1083.3300491975406,156.99999999999997,0.0,0.0,0.2179617990741326,0.0,0.0,0.0,0.0,0.0,19.999999999999996,19.999999999999996,0.0,0.0
9.725,2.300000001088329,3.215010239982874e-06,0.0,1086.4545132264705,156.99999999999997,0.0,0.0,0.22235547001616662,0.0,0.0,0.0,0.0,0.0,20.000000000000014,20.000000000000014,0.0,0.0
9.733333333333334,2.3000000011043875,3.215010239982874e-06,0.0,1089.5596393545648,156.99999999999997,0.0,0.0,0.22675083078730213,0.0,0.0,0.0,0.0,0.0,20.000000000000007,20.000000000000007,0.0,0.0
9.741666666666667,2.3000000011208224,3.215010239982874e-06,0.0,1092.645388871763,156.99999999999997,0.0,0.0,0.23114710296877766,0.0,0.0,0.0,0.0,0.0,20.000000000000014,20.000000000000014,0.0,0.0
9.75,2.3000000011376462,3.215010239982874e-06,0.0,1095.711745731819,156.99999999999997,0.0,0.0,0.2355435530998529,0.0,0.0,0.0,0.0,0.0,20.000000000000025,20.000000000000025,0.0,0.0
9.758333333333333,2.300000001154871,3.215010239982874e-06,0.0,1098.7587152232163,156.99999999999997,0.0,0.0,0.23993949137317508,0.0,0.0,0.0,0.0,0.0,20.00000000000001,20.00000000000001,0.0,0.0
9.766666666666666,2.300000001172511,3.215010239982874e-06,0.0,1101.7863226800414,156.99999999999997,0.0,0.0,0.24433427030054328,0.0,0.0,0.0,0.0,0.0,20.000000000000036,20.000000000000036,0.0,0.0
9.775,2.3000000011905803,3.215010239982874e-06,0.0,1104.7946122327967,156.99999999999997,0.0,0.0,0.24872728335481456,0.0,0.0,0.0,0.0,0.0,20.000000000000036,20.000000000000036,0.0,0.0
9.783333333333333,2.3000000012090944,3.215010239982874e-06,0.0,1107.783645600764,156.99999999999997,0.0,0.0,0.25311796359585315,0.0,0.0,0.0,0.0,0.0,20.000000000000032,20.000000000000032,0.0,0.0
9.791666666666666,2.300000001228069,3.215010239982874e-06,0.0,1110.753500925306,156.99999999999997,0.0,0.0,0.25750578228501136,0.0,0.0,0.0,0.0,0.0,20.00000000000003,20.00000000000003,0.0,0.0
9.8,2.3000000012475206,3.215010239982874e-06,0.0,1113.7042716451754,156.99999999999997,0.0,0.0,0.2618902474948569,0.0,0.0,0.0,0.0,0.0,20.000000000000025,20.000000000000025,0.0,0.0
9.808333333333334,2.300000001267467,3.215010239982874e-06,0.0,1116.636065413236,156.99999999999997,0.0,0.0,0.2662709027182459,0.0,0.0,0.0,0.0,0.0,20.000000000000043,20.000000000000043,0.0,0.0
9.816666666666666,2.300000001287927,3.215010239982874e-06,0.0,1119.5490030552082,156.99999999999997,0.0,0.0,0.27064732548237114,0.0,0.0,0.0,0.0,0.0,20.000000000000018,20.000000000000018,0.0,0.0
9.825,2.3000000013089203,3.215010239982874e-06,0.0,1122.443217569397,156.99999999999997,0.0,0.0,0.27501912597079636,0.0,0.0,0.0,0.0,0.0,20.000000000000036,20.000000000000036,0.0,0.0
9.833333333333332,2.3000000013304684,3.215010239982874e-06,0.0,1125.3188531681271,156.99999999999997,0.0,0.0,0.2793859456588639,0.0,0.0,0.0,0.0,0.0,20.00000000000005,20.00000000000005,0.0,0.0
9.841666666666667,2.300000001352592,3.215010239982874e-06,0.0,1128.1760643594134,156.99999999999997,0.0,0.0,0.28374745596440126,0.0,0.0,0.0,0.0,0.0,20.000000000000025,20.000000000000025,0.0,0.0
9.85,2.3000000013753157,3.215010239982874e-06,0.0,1131.0150150691686,156.99999999999997,0.0,0.0,0.2881033569180916,0.0,0.0,0.0,0.0,0.0,20.000000000000025,20.000000000000025,0.0,0.0
9.858333333333333,2.3000000013986637,3.215010239982874e-06,0.0,1133.8358778026727,156.99999999999997,0.0,0.0,0.29245337585527786,0.0,0.0,0.0,0.0,0.0,20.000000000000014,20.000000000000014,0.0,0.0
9.866666666666667,2.300000001422662,3.215010239982874e-06,0.0,1136.6388328452604,156.99999999999997,0.0,0.0,0.2967972661326686,0.0,0.0,0.0,0.0,0.0,20.000000000000025,20.000000000000025,0.0,0.0
9.875,2.3000000014473385,3.215010239982874e-06,0.0,1139.4240675006538,156.99999999999997,0.0,0.0,0.30113480587084507,0.0,0.0,0.0,0.0,0.0,19.999999999999996,19.999999999999996,0.0,0.0
9.883333333333333,2.3000000014727227,3.215010239982874e-06,0.0,1142.191775367121,156.99999999999997,0.0,0.0,0.3054657967259967,0.0,0.0,0.0,0.0,0.0,19.999999999999993,19.999999999999993,0.0,0.0
9.891666666666666,2.3000000014988453,3.215010239982874e-06,0.0,1144.942155649576,156.99999999999997,0.0,0.0,0.30979006269092896,0.0,0.0,0.0,0.0,0.0,20.0,20.0,0.0,0.0
9.899999999999999,2.3000000015257402,3.215010239982874e-06,0.0,1147.6754125075151,156.99999999999997,0.0,0.0,0.31410744892796105,0.0,0.0,0.0,0.0,0.0,19.999999999999993,19.999999999999993,0.0,0.0
9.908333333333333,2.300000001553442,3.215010239982874e-06,0.0,1150.3917544371666,156.99999999999997,0.0,0.0,0.3184178206338071,0.0,0.0,0.0,0.0,0.0,19.999999999999986,19.999999999999986,0.0,0.0
9.916666666666666,2.3000000015819886,3.215010239982874e-06,0.0,1153.0913936874936,156.99999999999997,0.0,0.0,0.32272106193831634,0.0,0.0,0.0,0.0,0.0,19.999999999999996,19.999999999999996,0.0,0.0
9.924999999999999,2.3000000016114197,3.215010239982874e-06,0.0,1155.7745457084914,156.99999999999997,0.0,0.0,0.32701707483693415,0.0,0.0,0.0,0.0,0.0,19.999999999999982,19.999999999999982,0.0,0.0
9.933333333333334,2.300000001641778,3.215010239982874e-06,0.0,1158.4414286308997,156.99999999999997,0.0,0.0,0.3313057781576271,0.0,0.0,0.0,0.0,0.0,19.99999999999999,19.99999999999999,0.0,0.0
9.941666666666666,2.3000000016731086,3.215010239982874e-06,0.0,1161.092262776916,156.99999999999997,0.0,0.0,0.3355871065636385,0.0,0.0,0.0,0.0,0.0,19.999999999999986,19.999999999999986,0.0,0.0
9.950000000000001,2.3000000017054596,3.215010239982874e-06,0.0,1163.7272701994484,156.99999999999997,0.0,0.0,0.3398610095900179,0.0,0.0,0.0,0.0,0.0,19.999999999999986,19.999999999999986,0.0,0.0
9.958333333333334,2.300000001738886,3.215010239982874e-06,0.0,1166.346674250692,156.99999999999997,0.0,0.0,0.34412745071691764,0.0,0.0,0.0,0.0,0.0,20.000000000000007,20.000000000000007,0.0,0.0
9.966666666666667,2.3000000017734377,3.215010239982874e-06,0.0,1168.9506991768571,156.99999999999997,0.0,0.0,0.348386406476187,0.0,0.0,0.0,0.0,0.0,19.999999999999996,19.999999999999996,0.0,0.0
9.975000000000001,2.3000000018091766,3.215010239982874e-06,0.0,1171.539569740512,156.99999999999997,0.0,0.0,0.3526378655951272,0.0,0.0,0.0,0.0,0.0,19.99999999999999,19.99999999999999,0.0,0.0
9.983333333333334,2.300000001846168,3.215010239982874e-06,0.0,1174.1135108666267,156.99999999999997,0.0,0.0,0.35688182817244823,0.0,0.0,0.0,0.0,0.0,19.999999999999993,19.999999999999993,0.0,0.0
9.991666666666667,2.30000000188448,3.215010239982874e-06,0.0,1176.6727473141507,156.99999999999997,0.0,0.0,0.36111830489072816,0.0,0.0,0.0,0.0,0.0,19.999999999999964,19.999999999999964,0.0,0.0
10.0,2.3000000019241833,3.215010239982874e-06,0.0,1179.2175033695944,156.99999999999997,0.0,0.0,0.36534731626075984,0.0,0.0,0.0,0.0,0.0,19.999999999999968,19.999999999999968,0.0,0.0
10.008333333333333,2.30000000196355,3.215010239982874e-06,0.0,1181.6392242644006,156.99999999999997,0.0,0.0,0.3693870868517628,0.0,0.0,0.0,0.0,0.0,19.999999999999954,19.999999999999954,0.0,0.0
10.016666666666667,2.3000000020006284,3.215010239982874e-06,0.0,1183.8328946749866,156.99999999999997,0.0,0.0,0.3730592079641217,0.0,0.0,0.0,0.0,0.0,19.999999999999986,19.999999999999986,0.0,0.0
10.025,2.300000002035254,3.215010239982874e-06,0.0,1185.8093248984226,156.99999999999997,0.0,0.0,0.37637803899733957,0.0,0.0,0.0,0.0,0.0,19.999999999999947,19.999999999999947,0.0,0.0
10.033333333333333,2.3000000020672955,3.215010239982874e-06,0.0,1187.5788960843922,156.99999999999997,0.0,0.0,0.37935782056176437,0.0,0.0,0.0,0.0,0.0,20.0,20.0,0.0,0.0
10.041666666666668,2.300000002096622,3.215010239982874e-06,0.0,1189.1515648194145,156.99999999999997,0.0,0.0,0.3820126094103021,0.0,0.0,0.0,0.0,0.0,19.999999999999954,19.999999999999954,0.0,0.0
10.05,2.300000002123159,3.215010239982874e-06,0.0,1190.536869497158,156.99999999999997,0.0,0.0,0.384356224035174,0.0,0.0,0.0,0.0,0.0,19.999999999999982,19.999999999999982,0.0,0.0
10.058333333333334,2.3000000021468288,3.215010239982874e-06,0.0,1191.7439381742106,156.99999999999997,0.0,0.0,0.3864021997217799,0.0,0.0,0.0,0.0,0.0,19.999999999999954,19.999999999999954,0.0,0.0
10.066666666666666,2.3000000021676055,3.215010239982874e-06,0.0,1192.7814976434572,156.99999999999997,0.0,0.0,0.38816375195798325,0.0,0.0,0.0,0.0,0.0,19.999999999999975,19.999999999999975,0.0,0.0
10.075,2.3000000021854685,3.215010239982874e-06,0.0,1193.6578834914533,156.99999999999997,0.0,0.0,0.389653747204529,0.0,0.0,0.0,0.0,0.0,19.999999999999957,19.999999999999957,0.0,0.0
10.083333333333334,2.300000002200429,3.215010239982874e-06,0.0,1194.3810509311434,156.99999999999997,0.0,0.0,0.39088468012155386,0.0,0.0,0.0,0.0,0.0,19.999999999999986,19.999999999999986,0.0,0.0
10.091666666666667,2.3000000022125273,3.215010239982874e-06,0.0,1194.9585862306717,156.99999999999997,0.0,0.0,0.39186865644100954,0.0,0.0,0.0,0.0,0.0,19.99999999999997,19.99999999999997,0.0,0.0
10.1,2.300000002221814,3.215010239982874e-06,0.0,1195.3977185786252,156.99999999999997,0.0,0.0,0.3926173807504265,0.0,0.0,0.0,0.0,0.0,19.999999999999996,19.999999999999996,0.0,0.0
10.108333333333334,2.30000000222837,3.215010239982874e-06,0.0,1195.7053322497864,156.99999999999997,0.0,0.0,0.39314214853372764,0.0,0.0,0.0,0.0,0.0,19.99999999999999,19.99999999999999,0.0,0.0
10.116666666666667,2.30000000223228,3.215010239982874e-06,0.0,1195.8879789521486,156.99999999999997,0.0,0.0,0.39345384188055593,0.0,0.0,0.0,0.0,0.0,19.999999999999996,19.999999999999996,0.0,0.0
10.125,2.3000000022336473,3.215010239982874e-06,0.0,1195.9518902533669,156.99999999999997,0.0,0.0,0.3935629283400241,0.0,0.0,0.0,0.0,0.0,19.999999999999993,19.999999999999993,0.0,0.0
10.133333333333333,2.3000000022325975,3.215010239982874e-06,0.0,1195.902989999916,156.99999999999997,0.0,0.0,0.39347946245290927,0.0,0.0,0.0,0.0,0.0,19.999999999999986,19.999999999999986,0.0,0.0
10.141666666666666,2.3000000022292593,3.215010239982874e-06,0.0,1195.7469066544395,156.99999999999997,0.0,0.0,0.39321308954706835,0.0,0.0,0.0,0.0,0.0,19.999999999999993,19.999999999999993,0.0,0.0
10.15,2.3000000022237566,3.215010239982874e-06,0.0,1195.4889854899095,156.99999999999997,0.0,0.0,0.3927730514307842,0.0,0.0,0.0,0.0,0.0,19.999999999999986,19.999999999999986,0.0,0.0
10.158333333333333,2.300000002216236,3.215010239982874e-06,0.0,1195.1343005876943,156.99999999999997,0.0,0.0,0.3921681936586596,0.0,0.0,0.0,0.0,0.0,20.000000000000004,20.000000000000004,0.0,0.0
10.166666666666666,2.3000000022068368,3.215010239982874e-06,0.0,1194.6876665977902,156.99999999999997,0.0,0.0,0.3914069740869583,0.0,0.0,0.0,0.0,0.0,19.999999999999986,19.999999999999986,0.0,0.0
10.175,2.3000000021957065,3.215010239982874e-06,0.0,1194.1536502256217,156.99999999999997,0.0,0.0,0.39049747246703637,0.0,0.0,0.0,0.0,0.0,20.000000000000007,20.000000000000007,0.0,0.0
10.183333333333334,2.3000000021829723,3.215010239982874e-06,0.0,1193.5365814183297,156.99999999999997,0.0,0.0,0.38944740085948926,0.0,0.0,0.0,0.0,0.0,19.999999999999986,19.999999999999986,0.0,0.0
10.191666666666666,2.3000000021687965,3.215010239982874e-06,0.0,1192.8405642282485,156.99999999999997,0.0,0.0,0.3882641146773872,0.0,0.0,0.0,0.0,0.0,20.000000000000007,20.000000000000007,0.0,0.0
10.2,2.300000002153298,3.215010239982874e-06,0.0,1192.0694873380698,156.99999999999997,0.0,0.0,0.3869546241947453,0.0,0.0,0.0,0.0,0.0,19.999999999999982,19.999999999999982,0.0,0.0
10.208333333333332,2.300000002136623,3.215010239982874e-06,0.0,1191.2270342349943,156.99999999999997,0.0,0.0,0.38552560637552435,0.0,0.0,0.0,0.0,0.0,20.000000000000018,20.000000000000018,0.0,0.0
10.216666666666667,2.30000000211889,3.215010239982874e-06,0.0,1190.3166930271489,156.99999999999997,0.0,0.0,0.3839834169019921,0.0,0.0,0.0,0.0,0.0,19.999999999999986,19.999999999999986,0.0,0.0
10.225,2.300000002100226,3.215010239982874e-06,0.0,1189.3417658971512,156.99999999999997,0.0,0.0,0.3823341022957541,0.0,0.0,0.0,0.0,0.0,20.000000000000046,20.000000000000046,0.0,0.0
10.233333333333333,2.300000002080736,3.215010239982874e-06,0.0,1188.3053781920844,156.99999999999997,0.0,0.0,0.3805834120430448,0.0,0.0,0.0,0.0,0.0,20.000000000000007,20.000000000000007,0.0,0.0
10.241666666666667,2.300000002060541,3.215010239982874e-06,0.0,1187.2104871502963,156.99999999999997,0.0,0.0,0.3787368106474167,0.0,0.0,0.0,0.0,0.0,20.00000000000006,20.00000000000006,0.0,0.0
10.25,2.3000000020397353,3.215010239982874e-06,0.0,1186.0598902689906,156.99999999999997,0.0,0.0,0.37679948954776815,0.0,0.0,0.0,0.0,0.0,20.00000000000002,20.00000000000002,0.0,0.0
10.258333333333333,2.300000002018416,3.215010239982874e-06,0.0,1184.8562333165005,156.99999999999997,0.0,0.0,0.37477637884721343,0.0,0.0,0.0,0.0,0.0,20.00000000000006,20.00000000000006,0.0,0.0
10.266666666666666,2.3000000019966658,3.215010239982874e-06,0.0,1183.602017996588,156.99999999999997,0.0,0.0,0.37267215881124705,0.0,0.0,0.0,0.0,0.0,20.000000000000043,20.000000000000043,0.0,0.0
10.274999999999999,2.3000000019745728,3.215010239982874e-06,0.0,1182.2996092714363,156.99999999999997,0.0,0.0,0.37049127109870644,0.0,0.0,0.0,0.0,0.0,20.000000000000075,20.000000000000075,0.0,0.0
10.283333333333333,2.3000000019522093,3.215010239982874e-06,0.0,1180.9512423524516,156.99999999999997,0.0,0.0,0.3682379296988017,0.0,0.0,0.0,0.0,0.0,20.000000000000053,20.000000000000053,0.0,0.0
10.291666666666666,2.300000001929644,3.215010239982874e-06,0.0,1179.5590293674209,156.99999999999997,0.0,0.0,0.3659161315515087,0.0,0.0,0.0,0.0,0.0,20.000000000000075,20.000000000000075,0.0,0.0
10.299999999999999,2.300000001906939,3.215010239982874e-06,0.0,1178.1249657143217,156.99999999999997,0.0,0.0,0.36352966683604726,0.0,0.0,0.0,0.0,0.0,20.00000000000006,20.00000000000006,0.0,0.0
10.308333333333334,2.300000001884151,3.215010239982874e-06,0.0,1176.6509361117737,156.99999999999997,0.0,0.0,0.361082128915592,0.0,0.0,0.0,0.0,0.0,20.000000000000068,20.000000000000068,0.0,0.0
10.316666666666666,2.300000001861328,3.215010239982874e-06,0.0,1175.1387203559602,156.99999999999997,0.0,0.0,0.35857692392968255,0.0,0.0,0.0,0.0,0.0,20.000000000000046,20.000000000000046,0.0,0.0
10.325000000000001,2.300000001838522,3.215010239982874e-06,0.0,1173.5899987960322,156.99999999999997,0.0,0.0,0.3560172800325226,0.0,0.0,0.0,0.0,0.0,20.00000000000006,20.00000000000006,0.0,0.0
10.333333333333334,2.300000001815778,3.215010239982874e-06,0.0,1172.006357536848,156.99999999999997,0.0,0.0,0.3534062562729467,0.0,0.0,0.0,0.0,0.0,20.000000000000068,20.000000000000068,0.0,0.0
10.341666666666667,2.3000000017931246,3.215010239982874e-06,0.0,1170.3892933818465,156.99999999999997,0.0,0.0,0.35074675112081555,0.0,0.0,0.0,0.0,0.0,20.00000000000006,20.00000000000006,0.0,0.0
10.350000000000001,2.3000000017705973,3.215010239982874e-06,0.0,1168.740218524176,156.99999999999997,0.0,0.0,0.348041510639029,0.0,0.0,0.0,0.0,0.0,20.00000000000008,20.00000000000008,0.0,0.0
10.358333333333334,2.3000000017482245,3.215010239982874e-06,0.0,1167.0604649994216,156.99999999999997,0.0,0.0,0.3452931363109615,0.0,0.0,0.0,0.0,0.0,20.000000000000046,20.000000000000046,0.0,0.0
10.366666666666667,2.3000000017260347,3.215010239982874e-06,0.0,1165.3512889073772,156.99999999999997,0.0,0.0,0.34250409252503505,0.0,0.0,0.0,0.0,0.0,20.00000000000006,20.00000000000006,0.0,0.0
10.375,2.3000000017040465,3.215010239982874e-06,0.0,1163.6138744154964,156.99999999999997,0.0,0.0,0.3396767137282237,0.0,0.0,0.0,0.0,0.0,20.000000000000043,20.000000000000043,0.0,0.0
10.383333333333333,2.3000000016822852,3.215010239982874e-06,0.0,1161.8493375517423,156.99999999999997,0.0,0.0,0.3368132112535119,0.0,0.0,0.0,0.0,0.0,20.000000000000064,20.000000000000064,0.0,0.0
10.391666666666667,2.3000000016607594,3.215010239982874e-06,0.0,1160.0587297983311,156.99999999999997,0.0,0.0,0.33391567983368464,0.0,0.0,0.0,0.0,0.0,20.00000000000004,20.00000000000004,0.0,0.0
10.4,2.3000000016394875,3.215010239982874e-06,0.0,1158.2430414940095,156.99999999999997,0.0,0.0,0.3309861038085156,0.0,0.0,0.0,0.0,0.0,20.000000000000064,20.000000000000064,0.0,0.0
10.408333333333333,2.3000000016184816,3.215010239982874e-06,0.0,1156.4032050551143,156.99999999999997,0.0,0.0,0.3280263630375949,0.0,0.0,0.0,0.0,0.0,20.000000000000018,20.000000000000018,0.0,0.0
10.416666666666668,2.3000000015977515,3.215010239982874e-06,0.0,1154.540098023445,156.99999999999997,0.0,0.0,0.3250382385281578,0.0,0.0,0.0,0.0,0.0,20.000000000000057,20.000000000000057,0.0,0.0
10.425,2.300000001577305,3.215010239982874e-06,0.0,1152.6545459493748,156.99999999999997,0.0,0.0,0.32202341778863913,0.0,0.0,0.0,0.0,0.0,20.00000000000002,20.00000000000002,0.0,0.0
10.433333333333334,2.30000000155715,3.215010239982874e-06,0.0,1150.7473251188403,156.99999999999997,0.0,0.0,0.3189834999195468,0.0,0.0,0.0,0.0,0.0,20.00000000000006,20.00000000000006,0.0,0.0
10.441666666666666,2.3000000015372897,3.215010239982874e-06,0.0,1148.819165130769,156.99999999999997,0.0,0.0,0.31592000045046986,0.0,0.0,0.0,0.0,0.0,20.0,20.0,0.0,0.0
10.45,2.3000000015177293,3.215010239982874e-06,0.0,1146.8707513339878,156.99999999999997,0.0,0.0,0.31283435593639214,0.0,0.0,0.0,0.0,0.0,20.000000000000036,20.000000000000036,0.0,0.0
10.458333333333334,2.300000001498471,3.215010239982874e-06,0.0,1144.9027271288915,156.99999999999997,0.0,0.0,0.3097279283208835,0.0,0.0,0.0,0.0,0.0,19.999999999999996,19.999999999999996,0.0,0.0
10.466666666666667,2.300000001479516,3.215010239982874e-06,0.0,1142.915696142484,156.99999999999997,0.0,0.0,0.30660200907934093,0.0,0.0,0.0,0.0,0.0,20.00000000000004,20.00000000000004,0.0,0.0
10.475,2.3000000014608655,3.215010239982874e-06,0.0,1140.9102242816584,156.99999999999997,0.0,0.0,0.3034578231497914,0.0,0.0,0.0,0.0,0.0,19.999999999999996,19.999999999999996,0.0,0.0
10.483333333333334,2.300000001442519,3.215010239982874e-06,0.0,1138.8868416720925,156.99999999999997,0.0,0.0,0.3002965326629688,0.0,0.0,0.0,0.0,0.0,20.000000000000014,20.000000000000014,0.0,0.0
10.491666666666667,2.300000001424475,3.215010239982874e-06,0.0,1136.8460444880507,156.99999999999997,0.0,0.0,0.2971192404802653,0.0,0.0,0.0,0.0,0.0,19.99999999999998,19.99999999999998,0.0,0.0
10.5,2.3000000014067328,3.215010239982874e-06,0.0,1134.7882966787317,156.99999999999997,0.0,0.0,0.29392699354889795,0.0,0.0,0.0,0.0,0.0,19.999999999999986,19.999999999999986,0.0,0.0
10.508333333333333,2.3000000013892903,3.215010239982874e-06,0.0,1132.714031596906,156.99999999999997,0.0,0.0,0.29072078608389457,0.0,0.0,0.0,0.0,0.0,19.999999999999964,19.999999999999964,0.0,0.0
10.516666666666666,2.300000001372144,3.215010239982874e-06,0.0,1130.6236535342769,156.99999999999997,0.0,0.0,0.28750156258459797,0.0,0.0,0.0,0.0,0.0,19.99999999999999,19.99999999999999,0.0,0.0
10.525,2.3000000013552917,3.215010239982874e-06,0.0,1128.517539169227,156.99999999999997,0.0,0.0,0.28427022069536456,0.0,0.0,0.0,0.0,0.0,19.99999999999998,19.99999999999998,0.0,0.0
10.533333333333333,2.3000000013387294,3.215010239982874e-06,0.0,1126.3960389304752,156.99999999999997,0.0,0.0,0.2810276139169121,0.0,0.0,0.0,0.0,0.0,19.999999999999986,19.999999999999986,0.0,0.0
10.541666666666666,2.300000001322454,3.215010239982874e-06,0.0,1124.2594782820336,156.99999999999997,0.0,0.0,0.2777745541776935,0.0,0.0,0.0,0.0,0.0,19.999999999999993,19.999999999999993,0.0,0.0
10.55,2.300000001306461,3.215010239982874e-06,0.0,1122.1081589327164,156.99999999999997,0.0,0.0,0.27451181427144516,0.0,0.0,0.0,0.0,0.0,19.999999999999986,19.999999999999986,0.0,0.0
10.558333333333334,2.3000000012907464,3.215010239982874e-06,0.0,1119.9423599747784,156.99999999999997,0.0,0.0,0.271240130169103,0.0,0.0,0.0,0.0,0.0,19.999999999999996,19.999999999999996,0.0,0.0
10.566666666666666,2.300000001275306,3.215010239982874e-06,0.0,1117.7623389546814,156.99999999999997,0.0,0.0,0.2679602032109066,0.0,0.0,0.0,0.0,0.0,20.00000000000001,20.00000000000001,0.0,0.0
10.575,2.300000001260135,3.215010239982874e-06,0.0,1115.5683328802952,156.99999999999997,0.0,0.0,0.26467270218652145,0.0,0.0,0.0,0.0,0.0,20.00000000000004,20.00000000000004,0.0,0.0
10.583333333333332,2.3000000012452286,3.215010239982874e-06,0.0,1113.3605591667983,156.99999999999997,0.0,0.0,0.26137826530791003,0.0,0.0,0.0,0.0,0.0,20.00000000000002,20.00000000000002,0.0,0.0
10.591666666666667,2.300000001230582,3.215010239982874e-06,0.0,1111.1392165253897,156.99999999999997,0.0,0.0,0.25807750208249897,0.0,0.0,0.0,0.0,0.0,20.000000000000057,20.000000000000057,0.0,0.0
10.6,2.3000000012161914,3.215010239982874e-06,0.0,1108.9044857969304,156.99999999999997,0.0,0.0,0.25477099509117307,0.0,0.0,0.0,0.0,0.0,20.000000000000007,20.000000000000007,0.0,0.0
10.608333333333333,2.300000001202051,3.215010239982874e-06,0.0,1106.6565307339115,156.99999999999997,0.0,0.0,0.25145930167756175,0.0,0.0,0.0,0.0,0.0,20.00000000000008,20.00000000000008,0.0,0.0
10.616666666666667,2.300000001188156,3.215010239982874e-06,0.0,1104.395498732708,156.99999999999997,0.0,0.0,0.24814295555291557,0.0,0.0,0.0,0.0,0.0,20.000000000000057,20.000000000000057,0.0,0.0
10.625,2.3000000011745017,3.215010239982874e-06,0.0,1102.1215215193392,156.99999999999997,0.0,0.0,0.24482246832276855,0.0,0.0,0.0,0.0,0.0,20.000000000000124,20.000000000000124,0.0,0.0
10.633333333333333,2.3000000011610835,3.215010239982874e-06,0.0,1099.834715790061,156.99999999999997,0.0,0.0,0.24149833093875137,0.0,0.0,0.0,0.0,0.0,20.00000000000006,20.00000000000006,0.0,0.0
10.641666666666666,2.3000000011478963,3.215010239982874e-06,0.0,1097.5351838099064,156.99999999999997,0.0,0.0,0.23817101508157715,0.0,0.0,0.0,0.0,0.0,20.000000000000053,20.000000000000053,0.0,0.0
10.649999999999999,2.300000001134936,3.215010239982874e-06,0.0,1095.2230139704186,156.99999999999997,0.0,0.0,0.23484097447846156,0.0,0.0,0.0,0.0,0.0,20.00000000000004,20.00000000000004,0.0,0.0
10.658333333333333,2.300000001122196,3.215010239982874e-06,0.0,1092.8982813090913,156.99999999999997,0.0,0.0,0.23150864616010114,0.0,0.0,0.0,0.0,0.0,20.00000000000003,20.00000000000003,0.0,0.0
10.666666666666666,2.300000001109673,3.215010239982874e-06,0.0,1090.561047991677,156.99999999999997,0.0,0.0,0.22817445166037525,0.0,0.0,0.0,0.0,0.0,20.00000000000003,20.00000000000003,0.0,0.0
10.674999999999999,2.3000000010973616,3.215010239982874e-06,0.0,1088.2113637595482,156.99999999999997,0.0,0.0,0.22483879816341437,0.0,0.0,0.0,0.0,0.0,20.00000000000003,20.00000000000003,0.0,0.0
10.683333333333334,2.300000001085257,3.215010239982874e-06,0.0,1085.849266343485,156.99999999999997,0.0,0.0,0.2215020796015285,0.0,0.0,0.0,0.0,0.0,20.000000000000053,20.000000000000053,0.0,0.0
10.691666666666666,2.300000001073356,3.215010239982874e-06,0.0,1083.474781844695,156.99999999999997,0.0,0.0,0.21816467770669198,0.0,0.0,0.0,0.0,0.0,20.000000000000057,20.000000000000057,0.0,0.0
10.700000000000001,2.300000001061653,3.215010239982874e-06,0.0,1081.087925085779,156.99999999999997,0.0,0.0,0.21482696302102144,0.0,0.0,0.0,0.0,0.0,20.000000000000053,20.000000000000053,0.0,0.0
10.708333333333334,2.3000000010501434,3.215010239982874e-06,0.0,1078.6886999310311,156.99999999999997,0.0,0.0,0.21148929586697757,0.0,0.0,0.0,0.0,0.0,20.000000000000057,20.000000000000057,0.0,0.0
10.716666666666667,2.3000000010388235,3.215010239982874e-06,0.0,1076.2770995792946,156.99999999999997,0.0,0.0,0.20815202728348,0.0,0.0,0.0,0.0,0.0,20.000000000000057,20.000000000000057,0.0,0.0
10.725000000000001,2.300000001027689,3.215010239982874e-06,0.0,1073.853106827893,156.99999999999997,0.0,0.0,0.20481549992755774,0.0,0.0,0.0,0.0,0.0,20.000000000000064,20.000000000000064,0.0,0.0
10.733333333333334,2.3000000010167354,3.215010239982874e-06,0.0,1071.416694311433,156.99999999999997,0.0,0.0,0.2014800489485521,0.0,0.0,0.0,0.0,0.0,20.00000000000007,20.00000000000007,0.0,0.0
10.741666666666667,2.300000001005958,3.215010239982874e-06,0.0,1068.9678247134448,156.99999999999997,0.0,0.0,0.1981460028338742,0.0,0.0,0.0,0.0,0.0,20.000000000000085,20.000000000000085,0.0,0.0
10.75,2.3000000009953534,3.215010239982874e-06,0.0,1066.5064509541367,156.99999999999997,0.0,0.0,0.19481368423268036,0.0,0.0,0.0,0.0,0.0,20.000000000000075,20.000000000000075,0.0,0.0
10.758333333333333,2.3000000009849186,3.215010239982874e-06,0.0,1064.0325163527962,156.99999999999997,0.0,0.0,0.19148341075742098,0.0,0.0,0.0,0.0,0.0,20.00000000000007,20.00000000000007,0.0,0.0
10.766666666666667,2.3000000009746477,3.215010239982874e-06,0.0,1061.5459547673158,156.99999999999997,0.0,0.0,0.18815549576864748,0.0,0.0,0.0,0.0,0.0,20.000000000000064,20.000000000000064,0.0,0.0
10.775,2.3000000009645385,3.215010239982874e-06,0.0,1059.0466907096782,156.99999999999997,0.0,0.0,0.18483024914363222,0.0,0.0,0.0,0.0,0.0,20.000000000000046,20.000000000000046,0.0,0.0
10.783333333333333,2.3000000009545865,3.215010239982874e-06,0.0,1056.5346394390426,156.99999999999997,0.0,0.0,0.1815079780332525,0.0,0.0,0.0,0.0,0.0,20.000000000000043,20.000000000000043,0.0,0.0
10.791666666666668,2.300000000944788,3.215010239982874e-06,0.0,1054.009707032123,156.99999999999997,0.0,0.0,0.17818898760905671,0.0,0.0,0.0,0.0,0.0,20.00000000000004,20.00000000000004,0.0,0.0
10.8,2.3000000009351407,3.215010239982874e-06,0.0,1051.4717904311126,156.99999999999997,0.0,0.0,0.1748735818033654,0.0,0.0,0.0,0.0,0.0,20.000000000000032,20.000000000000032,0.0,0.0
10.808333333333334,2.3000000009256394,3.215010239982874e-06,0.0,1048.920777469931,156.99999999999997,0.0,0.0,0.17156206404604837,0.0,0.0,0.0,0.0,0.0,20.000000000000018,20.000000000000018,0.0,0.0
10.816666666666666,2.300000000916281,3.215010239982874e-06,0.0,1046.3565468776615,156.99999999999997,0.0,0.0,0.16825473799931187,0.0,0.0,0.0,0.0,0.0,20.000000000000018,20.000000000000018,0.0,0.0
10.825,2.3000000009070636,3.215010239982874e-06,0.0,1043.7789682608095,156.99999999999997,0.0,0.0,0.16495190829561895,0.0,0.0,0.0,0.0,0.0,20.000000000000007,20.000000000000007,0.0,0.0
10.833333333333334,2.3000000008979824,3.215010239982874e-06,0.0,1041.1879020624247,156.99999999999997,0.0,0.0,0.1616538812794113,0.0,0.0,0.0,0.0,0.0,19.999999999999996,19.999999999999996,0.0,0.0
10.841666666666667,2.3000000008890353,3.215010239982874e-06,0.0,1038.5831994997486,156.99999999999997,0.0,0.0,0.15836096575820904,0.0,0.0,0.0,0.0,0.0,20.0,20.0,0.0,0.0
10.85,2.3000000008802184,3.215010239982874e-06,0.0,1035.9647024784222,156.99999999999997,0.0,0.0,0.15507347376429023,0.0,0.0,0.0,0.0,0.0,20.0,20.0,0.0,0.0
10.858333333333334,2.3000000008715293,3.215010239982874e-06,0.0,1033.3322434840916,156.99999999999997,0.0,0.0,0.1517917213320044,0.0,0.0,0.0,0.0,0.0,19.999999999999975,19.999999999999975,0.0,0.0
10.866666666666667,2.3000000008629646,3.215010239982874e-06,0.0,1030.685645450257,156.99999999999997,0.0,0.0,0.14851602929360158,0.0,0.0,0.0,0.0,0.0,19.99999999999998,19.99999999999998,0.0,0.0
10.875,2.3000000008545216,3.215010239982874e-06,0.0,1028.0247216018042,156.99999999999997,0.0,0.0,0.14524672409755865,0.0,0.0,0.0,0.0,0.0,19.999999999999986,19.999999999999986,0.0,0.0
10.883333333333333,2.3000000008461976,3.215010239982874e-06,0.0,1025.3492752738507,156.99999999999997,0.0,0.0,0.14198413865406825,0.0,0.0,0.0,0.0,0.0,19.99999999999996,19.99999999999996,0.0,0.0
10.891666666666666,2.3000000008379895,3.215010239982874e-06,0.0,1022.6590997044179,156.99999999999997,0.0,0.0,0.1387286132114145,0.0,0.0,0.0,0.0,0.0,19.99999999999998,19.99999999999998,0.0,0.0
10.9,2.3000000008298946,3.215010239982874e-06,0.0,1019.9539778007365,156.99999999999997,0.0,0.0,0.13548049626909842,0.0,0.0,0.0,0.0,0.0,19.99999999999997,19.99999999999997,0.0,0.0
10.908333333333333,2.300000000821911,3.215010239982874e-06,0.0,1017.2336818769963,156.99999999999997,0.0,0.0,0.13224014553172356,0.0,0.0,0.0,0.0,0.0,19.999999999999975,19.999999999999975,0.0,0.0
10.916666666666666,2.3000000008140353,3.215010239982874e-06,0.0,1014.4979733632431,156.99999999999997,0.0,0.0,0.12900792891062943,0.0,0.0,0.0,0.0,0.0,19.999999999999986,19.999999999999986,0.0,0.0
10.925,2.3000000008062655,3.215010239982874e-06,0.0,1011.7466024830742,156.99999999999997,0.0,0.0,0.1257842255785408,0.0,0.0,0.0,0.0,0.0,19.999999999999993,19.999999999999993,0.0,0.0
10.933333333333334,2.300000000798599,3.215010239982874e-06,0.0,1008.979307899109,156.99999999999997,0.0,0.0,0.1225694270849391,0.0,0.0,0.0,0.0,0.0,20.0,20.0,0.0,0.0
10.941666666666666,2.300000000791033,3.215010239982874e-06,0.0,1006.1958163236253,156.99999999999997,0.0,0.0,0.11936393853897492,0.0,0.0,0.0,0.0,0.0,19.999999999999996,19.999999999999996,0.0,0.0
10.95,2.3000000007835655,3.215010239982874e-06,0.0,1003.3958420930385,156.99999999999997,0.0,0.0,0.11616817986932733,0.0,0.0,0.0,0.0,0.0,19.99999999999998,19.99999999999998,0.0,0.0
10.958333333333332,2.300000000776194,3.215010239982874e-06,0.0,1000.5790867027536,156.99999999999997,0.0,0.0,0.11298258716920467,0.0,0.0,0.0,0.0,0.0,19.999999999999982,19.999999999999982,0.0,0.0
10.966666666666667,2.3000000007689168,3.215010239982874e-06,0.0,997.7452383006935,156.99999999999997,0.0,0.0,0.10980761413814633,0.0,0.0,0.0,0.0,0.0,19.999999999999968,19.999999999999968,0.0,0.0
10.975,2.300000000761731,3.215010239982874e-06,0.0,994.8939711356102,156.99999999999997,0.0,0.0,0.10664373363141944,0.0,0.0,0.0,0.0,0.0,19.99999999999998,19.99999999999998,0.0,0.0
10.983333333333333,2.300000000754635,3.215010239982874e-06,0.0,992.0249449574067,156.99999999999997,0.0,0.0,0.10349143933096058,0.0,0.0,0.0,0.0,0.0,19.999999999999982,19.999999999999982,0.0,0.0
10.991666666666667,2.3000000007476262,3.215010239982874e-06,0.0,989.1378043649524,156.99999999999997,0.0,0.0,0.1003512475520177,0.0,0.0,0.0,0.0,0.0,19.99999999999999,19.99999999999999,0.0,0.0
11.0,2.300000000740703,3.215010239982874e-06,0.0,986.2321780978691,156.99999999999997,0.0,0.0,0.09722369920326081,0.0,0.0,0.0,0.0,0.0,19.999999999999982,19.999999999999982,0.0,0.0
11.008333333333333,2.3000000007339896,3.215010239982874e-06,0.0,983.3624021361509,156.99999999999997,0.0,0.0,0.09416732707010654,0.0,0.0,0.0,0.0,0.0,19.999999999999968,19.999999999999968,0.0,0.0
11.016666666666666,2.3000000007276014,3.215010239982874e-06,0.0,980.5823670683902,156.99999999999997,0.0,0.0,0.09123774102910799,0.0,0.0,0.0,0.0,0.0,19.99999999999998,19.99999999999998,0.0,0.0
11.024999999999999,2.300000000721516,3.215010239982874e-06,0.0,977.8883695716968,156.99999999999997,0.0,0.0,0.08842843408659183,0.0,0.0,0.0,0.0,0.0,19.999999999999975,19.999999999999975,0.0,0.0
11.033333333333333,2.3000000007157135,3.215010239982874e-06,0.0,975.2768954107912,156.99999999999997,0.0,0.0,0.08573329593376046,0.0,0.0,0.0,0.0,0.0,19.99999999999999,19.99999999999999,0.0,0.0
11.041666666666666,2.3000000007101753,3.215010239982874e-06,0.0,972.7446079692199,156.99999999999997,0.0,0.0,0.08314658501643228,0.0,0.0,0.0,0.0,0.0,19.999999999999982,19.999999999999982,0.0,0.0
11.049999999999999,2.300000000704885,3.215010239982874e-06,0.0,970.2883375840248,156.99999999999997,0.0,0.0,0.08066290282990443,0.0,0.0,0.0,0.0,0.0,19.99999999999999,19.99999999999999,0.0,0.0
11.058333333333334,2.3000000006998262,3.215010239982874e-06,0.0,967.9050716201772,156.99999999999997,0.0,0.0,0.07827717024148874,0.0,0.0,0.0,0.0,0.0,19.999999999999996,19.999999999999996,0.0,0.0
11.066666666666666,2.3000000006949852,3.215010239982874e-06,0.0,965.5919452267078,156.99999999999997,0.0,0.0,0.07598460566252838,0.0,0.0,0.0,0.0,0.0,19.999999999999996,19.999999999999996,0.0,0.0
11.075000000000001,2.3000000006903494,3.215010239982874e-06,0.0,963.3462327215442,156.99999999999997,0.0,0.0,0.07378070490894163,0.0,0.0,0.0,0.0,0.0,19.999999999999986,19.999999999999986,0.0,0.0
11.083333333333334,2.300000000685906,3.215010239982874e-06,0.0,961.1653395566557,156.99999999999997,0.0,0.0,0.07166122260475596,0.0,0.0,0.0,0.0,0.0,20.0,20.0,0.0,0.0
11.091666666666667,2.300000000681644,3.215010239982874e-06,0.0,959.0467948192567,156.99999999999997,0.0,0.0,0.06962215499689875,0.0,0.0,0.0,0.0,0.0,20.000000000000004,20.000000000000004,0.0,0.0
11.100000000000001,2.3000000006775534,3.215010239982874e-06,0.0,956.9882442285817,156.99999999999997,0.0,0.0,0.06765972406188604,0.0,0.0,0.0,0.0,0.0,20.000000000000004,20.000000000000004,0.0,0.0
11.108333333333334,2.300000000673624,3.215010239982874e-06,0.0,954.9874435911513,156.99999999999997,0.0,0.0,0.0657703627961744,0.0,0.0,0.0,0.0,0.0,20.000000000000004,20.000000000000004,0.0,0.0
11.116666666666667,2.300000000669847,3.215010239982874e-06,0.0,953.0422526805402,156.99999999999997,0.0,0.0,0.06395070159190816,0.0,0.0,0.0,0.0,0.0,19.999999999999996,19.999999999999996,0.0,0.0
11.125,2.300000000666215,3.215010239982874e-06,0.0,951.1506295104712,156.99999999999997,0.0,0.0,0.062197555608792546,0.0,0.0,0.0,0.0,0.0,20.00000000000001,20.00000000000001,0.0,0.0
11.133333333333333,2.3000000006627195,3.215010239982874e-06,0.0,949.3106249726053,156.99999999999997,0.0,0.0,0.06050791306089181,0.0,0.0,0.0,0.0,0.0,20.00000000000001,20.00000000000001,0.0,0.0
11.141666666666667,2.3000000006593537,3.215010239982874e-06,0.0,947.5203778127266,156.99999999999997,0.0,0.0,0.058878924344452126,0.0,0.0,0.0,0.0,0.0,20.000000000000014,20.000000000000014,0.0,0.0
11.15,2.3000000006561105,3.215010239982874e-06,0.0,945.7781099211329,156.99999999999997,0.0,0.0,0.05730789193941606,0.0,0.0,0.0,0.0,0.0,20.000000000000007,20.000000000000007,0.0,0.0
11.158333333333333,2.300000000652984,3.215010239982874e-06,0.0,944.0821219149732,156.99999999999997,0.0,0.0,0.05579226102323376,0.0,0.0,0.0,0.0,0.0,19.999999999999993,19.999999999999993,0.0,0.0
11.166666666666668,2.3000000006499683,3.215010239982874e-06,0.0,942.4307889920265,156.99999999999997,0.0,0.0,0.054329610740942044,0.0,0.0,0.0,0.0,0.0,19.999999999999993,19.999999999999993,0.0,0.0
11.175,2.3000000006470582,3.215010239982874e-06,0.0,940.8225570370302,156.99999999999997,0.0,0.0,0.05291764608033967,0.0,0.0,0.0,0.0,0.0,19.999999999999986,19.999999999999986,0.0,0.0
11.183333333333334,2.300000000644248,3.215010239982874e-06,0.0,939.2559389631274,156.99999999999997,0.0,0.0,0.05155419030547623,0.0,0.0,0.0,0.0,0.0,19.999999999999975,19.999999999999975,0.0,0.0
11.191666666666666,2.3000000006415338,3.215010239982874e-06,0.0,937.7295112723441,156.99999999999997,0.0,0.0,0.050237177905661644,0.0,0.0,0.0,0.0,0.0,19.99999999999998,19.99999999999998,0.0,0.0
11.2,2.30000000063891,3.215010239982874e-06,0.0,936.2419108202391,156.99999999999997,0.0,0.0,0.048964648020818506,0.0,0.0,0.0,0.0,0.0,19.999999999999986,19.999999999999986,0.0,0.0
11.208333333333334,2.3000000006363734,3.215010239982874e-06,0.0,934.7918317709912,156.99999999999997,0.0,0.0,0.04773473830727336,0.0,0.0,0.0,0.0,0.0,19.999999999999982,19.999999999999982,0.0,0.0
11.216666666666667,2.3000000006339194,3.215010239982874e-06,0.0,933.3780227302176,156.99999999999997,0.0,0.0,0.046545679211071486,0.0,0.0,0.0,0.0,0.0,19.999999999999968,19.999999999999968,0.0,0.0
11.225,2.300000000631544,3.215010239982874e-06,0.0,931.9992840437687,156.99999999999997,0.0,0.0,0.04539578861860581,0.0,0.0,0.0,0.0,0.0,19.999999999999975,19.999999999999975,0.0,0.0
11.233333333333334,2.3000000006292445,3.215010239982874e-06,0.0,930.6544652516047,156.99999999999997,0.0,0.0,0.04428346685682332,0.0,0.0,0.0,0.0,0.0,19.999999999999982,19.999999999999982,0.0,0.0
11.241666666666667,2.3000000006270174,3.215010239982874e-06,0.0,929.3424626866635,156.99999999999997,0.0,0.0,0.043207192017512316,0.0,0.0,0.0,0.0,0.0,19.99999999999997,19.99999999999997,0.0,0.0
11.25,2.300000000624859,3.215010239982874e-06,0.0,928.0622172093586,156.99999999999997,0.0,0.0,0.04216551558223406,0.0,0.0,0.0,0.0,0.0,19.999999999999982,19.999999999999982,0.0,0.0
11.258333333333333,2.300000000622767,3.215010239982874e-06,0.0,926.8127120690226,156.99999999999997,0.0,0.0,0.041157058326318115,0.0,0.0,0.0,0.0,0.0,19.999999999999993,19.999999999999993,0.0,0.0
11.266666666666666,2.300000000620738,3.215010239982874e-06,0.0,925.5929708842292,156.99999999999997,0.0,0.0,0.0401805064820576,0.0,0.0,0.0,0.0,0.0,19.99999999999999,19.99999999999999,0.0,0.0
11.275,2.3000000006187697,3.215010239982874e-06,0.0,924.402055734502,156.99999999999997,0.0,0.0,0.03923460814279757,0.0,0.0,0.0,0.0,0.0,19.99999999999999,19.99999999999999,0.0,0.0
11.283333333333333,2.3000000006168597,3.215010239982874e-06,0.0,923.2390653564453,156.99999999999997,0.0,0.0,0.03831816989102902,0.0,0.0,0.0,0.0,0.0,19.999999999999993,19.999999999999993,0.0,0.0
11.291666666666666,2.3000000006150056,3.215010239982874e-06,0.0,922.1031334378135,156.99999999999997,0.0,0.0,0.03743005363491858,0.0,0.0,0.0,0.0,0.0,19.999999999999993,19.999999999999993,0.0,0.0
11.3,2.300000000613205,3.215010239982874e-06,0.0,920.9934270034944,156.99999999999997,0.0,0.0,0.03656917363888,0.0,0.0,0.0,0.0,0.0,19.999999999999996,19.999999999999996,0.0,0.0
11.308333333333334,2.3000000006114556,3.215010239982874e-06,0.0,919.9091448877834,156.99999999999997,0.0,0.0,0.03573449373490917,0.0,0.0,0.0,0.0,0.0,20.000000000000014,20.000000000000014,0.0,0.0
11.316666666666666,2.3000000006097556,3.215010239982874e-06,0.0,918.8495162877215,156.99999999999997,0.0,0.0,0.03492502470238894,0.0,0.0,0.0,0.0,0.0,19.999999999999996,19.999999999999996,0.0,0.0
11.325,2.300000000608103,3.215010239982874e-06,0.0,917.8137993926139,156.99999999999997,0.0,0.0,0.03413982180500461,0.0,0.0,0.0,0.0,0.0,20.000000000000004,20.000000000000004,0.0,0.0
11.333333333333332,2.3000000006064965,3.215010239982874e-06,0.0,916.8012800851823,156.99999999999997,0.0,0.0,0.03337798247424646,0.0,0.0,0.0,0.0,0.0,19.999999999999982,19.999999999999982,0.0,0.0
11.341666666666667,2.3000000006049337,3.215010239982874e-06,0.0,915.8112707101002,156.99999999999997,0.0,0.0,0.03263864412976201,0.0,0.0,0.0,0.0,0.0,19.999999999999996,19.999999999999996,0.0,0.0
11.35,2.300000000603413,3.215010239982874e-06,0.0,914.8431089059475,156.99999999999997,0.0,0.0,0.0319209821275237,0.0,0.0,0.0,0.0,0.0,19.99999999999999,19.99999999999999,0.0,0.0
11.358333333333333,2.300000000601933,3.215010239982874e-06,0.0,913.8961564968782,156.99999999999997,0.0,0.0,0.03122420782744904,0.0,0.0,0.0,0.0,0.0,19.999999999999993,19.999999999999993,0.0,0.0
11.366666666666667,2.3000000006004924,3.215010239982874e-06,0.0,912.9697984405378,156.99999999999997,0.0,0.0,0.03054756677269555,0.0,0.0,0.0,0.0,0.0,19.999999999999993,19.999999999999993,0.0,0.0
11.375,2.3000000005990895,3.215010239982874e-06,0.0,912.0634418289906,156.99999999999997,0.0,0.0,0.029890336973433764,0.0,0.0,0.0,0.0,0.0,20.0,20.0,0.0,0.0
11.383333333333333,2.300000000597723,3.215010239982874e-06,0.0,911.1765149396276,156.99999999999997,0.0,0.0,0.029251827288391385,0.0,0.0,0.0,0.0,0.0,20.000000000000004,20.000000000000004,0.0,0.0
11.391666666666666,2.3000000005963916,3.215010239982874e-06,0.0,910.3084663332161,156.99999999999997,0.0,0.0,0.028631375897953625,0.0,0.0,0.0,0.0,0.0,20.0,20.0,0.0,0.0
11.399999999999999,2.300000000595094,3.215010239982874e-06,0.0,909.458763996435,156.99999999999997,0.0,0.0,0.02802834886303029,0.0,0.0,0.0,0.0,0.0,20.0,20.0,0.0,0.0
11.408333333333333,2.300000000593829,3.215010239982874e-06,0.0,908.6268945264046,156.99999999999997,0.0,0.0,0.02744213876430767,0.0,0.0,0.0,0.0,0.0,20.00000000000001,20.00000000000001,0.0,0.0
11.416666666666666,2.3000000005925956,3.215010239982874e-06,0.0,907.812362354878,156.99999999999997,0.0,0.0,0.026872163416878293,0.0,0.0,0.0,0.0,0.0,20.000000000000004,20.000000000000004,0.0,0.0
11.424999999999999,2.300000000591393,3.215010239982874e-06,0.0,907.0146890099033,156.99999999999997,0.0,0.0,0.026317864655581273,0.0,0.0,0.0,0.0,0.0,19.999999999999996,19.999999999999996,0.0,0.0
11.433333333333334,2.3000000005902197,3.215010239982874e-06,0.0,906.2334124129038,156.99999999999997,0.0,0.0,0.025778707186706298,0.0,0.0,0.0,0.0,0.0,20.000000000000014,20.000000000000014,0.0,0.0
11.441666666666666,2.3000000005890744,3.215010239982874e-06,0.0,905.4680862092459,156.99999999999997,0.0,0.0,0.02525417750201282,0.0,0.0,0.0,0.0,0.0,20.000000000000004,20.000000000000004,0.0,0.0
11.450000000000001,2.300000000587957,3.215010239982874e-06,0.0,904.718279130486,156.99999999999997,0.0,0.0,0.02474378285128176,0.0,0.0,0.0,0.0,0.0,20.000000000000025,20.000000000000025,0.0,0.0
11.458333333333334,2.3000000005868664,3.215010239982874e-06,0.0,903.9835743865929,156.99999999999997,0.0,0.0,0.024247050269878143,0.0,0.0,0.0,0.0,0.0,20.00000000000002,20.00000000000002,0.0,0.0
11.466666666666667,2.3000000005858015,3.215010239982874e-06,0.0,903.2635690865455,156.99999999999997,0.0,0.0,0.023763525658030093,0.0,0.0,0.0,0.0,0.0,20.0,20.0,0.0,0.0
11.475000000000001,2.300000000584761,3.215010239982874e-06,0.0,902.5578736858054,156.99999999999997,0.0,0.0,0.023292772908751966,0.0,0.0,0.0,0.0,0.0,19.999999999999996,19.999999999999996,0.0,0.0
11.483333333333334,2.3000000005837453,3.215010239982874e-06,0.0,901.8661114592446,156.99999999999997,0.0,0.0,0.022834373081539322,0.0,0.0,0.0,0.0,0.0,20.000000000000007,20.000000000000007,0.0,0.0
11.491666666666667,2.3000000005827523,3.215010239982874e-06,0.0,901.1879179981997,156.99999999999997,0.0,0.0,0.022387923619149173,0.0,0.0,0.0,0.0,0.0,20.000000000000007,20.000000000000007,0.0,0.0
11.5,2.3000000005817824,3.215010239982874e-06,0.0,900.5229407303981,156.99999999999997,0.0,0.0,0.021953037604956652,0.0,0.0,0.0,0.0,0.0,19.999999999999993,19.999999999999993,0.0,0.0
11.508333333333333,2.3000000005808343,3.215010239982874e-06,0.0,899.8708384615741,156.99999999999997,0.0,0.0,0.021529343058537802,0.0,0.0,0.0,0.0,0.0,19.999999999999982,19.999999999999982,0.0,0.0
11.516666666666667,2.3000000005799075,3.215010239982874e-06,0.0,899.2312809376634,156.99999999999997,0.0,0.0,0.021116482267275576,0.0,0.0,0.0,0.0,0.0,19.999999999999986,19.999999999999986,0.0,0.0
11.525,2.300000000579001,3.215010239982874e-06,0.0,898.6039484265268,156.99999999999997,0.0,0.0,0.020714111151937005,0.0,0.0,0.0,0.0,0.0,19.999999999999982,19.999999999999982,0.0,0.0
11.533333333333333,2.3000000005781147,3.215010239982874e-06,0.0,897.9885313182123,156.99999999999997,0.0,0.0,0.020321898664283154,0.0,0.0,0.0,0.0,0.0,19.99999999999999,19.99999999999999,0.0,0.0
11.541666666666668,2.3000000005772474,3.215010239982874e-06,0.0,897.3847297428239,156.99999999999997,0.0,0.0,0.019939526214909804,0.0,0.0,0.0,0.0,0.0,19.999999999999993,19.999999999999993,0.0,0.0
11.55,2.300000000576399,3.215010239982874e-06,0.0,896.7922532051168,156.99999999999997,0.0,0.0,0.019566687129620536,0.0,0.0,0.0,0.0,0.0,19.999999999999986,19.999999999999986,0.0,0.0
11.558333333333334,2.3000000005755696,3.215010239982874e-06,0.0,896.2108202349859,156.99999999999997,0.0,0.0,0.019203086132739258,0.0,0.0,0.0,0.0,0.0,20.0,20.0,0.0,0.0
11.566666666666666,2.300000000574757,3.215010239982874e-06,0.0,895.640158053063,156.99999999999997,0.0,0.0,0.018848438855874734,0.0,0.0,0.0,0.0,0.0,20.000000000000007,20.000000000000007,0.0,0.0
11.575,2.300000000573962,3.215010239982874e-06,0.0,895.0800022506814,156.99999999999997,0.0,0.0,0.01850247137073024,0.0,0.0,0.0,0.0,0.0,20.000000000000004,20.000000000000004,0.0,0.0
11.583333333333334,2.3000000005731835,3.215010239982874e-06,0.0,894.5300964835067,156.99999999999997,0.0,0.0,0.018164919744643914,0.0,0.0,0.0,0.0,0.0,19.999999999999996,19.999999999999996,0.0,0.0
11.591666666666667,2.3000000005724215,3.215010239982874e-06,0.0,893.9901921781698,156.99999999999997,0.0,0.0,0.017835529617625214,0.0,0.0,0.0,0.0,0.0,19.999999999999993,19.999999999999993,0.0,0.0
11.6,2.300000000571675,3.215010239982874e-06,0.0,893.4600482512765,156.99999999999997,0.0,0.0,0.017514055799721977,0.0,0.0,0.0,0.0,0.0,19.999999999999996,19.999999999999996,0.0,0.0
11.608333333333334,2.300000000570944,3.215010239982874e-06,0.0,892.9394308401999,156.99999999999997,0.0,0.0,0.017200261887625884,0.0,0.0,0.0,0.0,0.0,20.000000000000007,20.000000000000007,0.0,0.0
11.616666666666667,2.3000000005702277,3.215010239982874e-06,0.0,892.428113045094,156.99999999999997,0.0,0.0,0.016893919899490437,0.0,0.0,0.0,0.0,0.0,20.000000000000007,20.000000000000007,0.0,0.0
11.625,2.3000000005695256,3.215010239982874e-06,0.0,891.9258746815989,156.99999999999997,0.0,0.0,0.016594809926991062,0.0,0.0,0.0,0.0,0.0,20.0,20.0,0.0,0.0
11.633333333333333,2.300000000568838,3.215010239982874e-06,0.0,891.4325020437304,156.99999999999997,0.0,0.0,0.01630271980371828,0.0,0.0,0.0,0.0,0.0,19.99999999999999,19.99999999999999,0.0,0.0
11.641666666666666,2.300000000568164,3.215010239982874e-06,0.0,890.9477876764822,156.99999999999997,0.0,0.0,0.016017444789046664,0.0,0.0,0.0,0.0,0.0,19.999999999999993,19.999999999999993,0.0,0.0
11.65,2.300000000567503,3.215010239982874e-06,0.0,890.4715301576855,156.99999999999997,0.0,0.0,0.015738787266670964,0.0,0.0,0.0,0.0,0.0,19.999999999999993,19.999999999999993,0.0,0.0
11.658333333333333,2.3000000005668553,3.215010239982874e-06,0.0,890.0035338886977,156.99999999999997,0.0,0.0,0.015466556457048603,0.0,0.0,0.0,0.0,0.0,19.999999999999975,19.999999999999975,0.0,0.0
11.666666666666666,2.3000000005662202,3.215010239982874e-06,0.0,889.5436088935163,156.99999999999997,0.0,0.0,0.015200568143030996,0.0,0.0,0.0,0.0,0.0,19.99999999999997,19.99999999999997,0.0,0.0
11.675,2.300000000565597,3.215010239982874e-06,0.0,889.0915706259309,156.99999999999997,0.0,0.0,0.014940644408007431,0.0,0.0,0.0,0.0,0.0,19.99999999999997,19.99999999999997,0.0,0.0
11.683333333333334,2.3000000005649865,3.215010239982874e-06,0.0,888.6472397843477,156.99999999999997,0.0,0.0,0.0146866133859222,0.0,0.0,0.0,0.0,0.0,19.999999999999964,19.999999999999964,0.0,0.0
11.691666666666666,2.300000000564387,3.215010239982874e-06,0.0,888.2104421339411,156.99999999999997,0.0,0.0,0.014438309022563937,0.0,0.0,0.0,0.0,0.0,19.99999999999997,19.99999999999997,0.0,0.0
11.7,2.300000000563799,3.215010239982874e-06,0.0,887.7810083358017,156.99999999999997,0.0,0.0,0.014195570847557718,0.0,0.0,0.0,0.0,0.0,19.99999999999997,19.99999999999997,0.0,0.0
11.708333333333332,2.300000000563222,3.215010239982874e-06,0.0,887.3587737827675,156.99999999999997,0.0,0.0,0.01395824375652218,0.0,0.0,0.0,0.0,0.0,19.999999999999964,19.999999999999964,0.0,0.0
11.716666666666667,2.300000000562656,3.215010239982874e-06,0.0,886.9435784416424,156.99999999999997,0.0,0.0,0.013726177802888243,0.0,0.0,0.0,0.0,0.0,19.999999999999986,19.999999999999986,0.0,0.0
11.725,2.3000000005621004,3.215010239982874e-06,0.0,886.53526670152,156.99999999999997,0.0,0.0,0.013499227998895528,0.0,0.0,0.0,0.0,0.0,19.99999999999999,19.99999999999999,0.0,0.0
11.733333333333333,2.300000000561555,3.215010239982874e-06,0.0,886.133687227941,156.99999999999997,0.0,0.0,0.013277254125315698,0.0,0.0,0.0,0.0,0.0,19.99999999999998,19.99999999999998,0.0,0.0
11.741666666666667,2.3000000005610195,3.215010239982874e-06,0.0,885.7386928226333,156.99999999999997,0.0,0.0,0.013060120549476282,0.0,0.0,0.0,0.0,0.0,19.999999999999996,19.999999999999996,0.0,0.0
11.75,2.3000000005604937,3.215010239982874e-06,0.0,885.3501402885896,156.99999999999997,0.0,0.0,0.012847696051176617,0.0,0.0,0.0,0.0,0.0,19.999999999999996,19.999999999999996,0.0,0.0
11.758333333333333,2.3000000005599777,3.215010239982874e-06,0.0,884.9678903002512,156.99999999999997,0.0,0.0,0.012639853656115285,0.0,0.0,0.0,0.0,0.0,19.999999999999982,19.999999999999982,0.0,0.0
11.766666666666666,2.3000000005594705,3.215010239982874e-06,0.0,884.5918072785795,156.99999999999997,0.0,0.0,0.01243647047646538,0.0,0.0,0.0,0.0,0.0,19.99999999999998,19.99999999999998,0.0,0.0
11.774999999999999,2.3000000005589727,3.215010239982874e-06,0.0,884.2217592708071,156.99999999999997,0.0,0.0,0.012237427558254745,0.0,0.0,0.0,0.0,0.0,19.99999999999996,19.99999999999996,0.0,0.0
11.783333333333333,2.3000000005584837,3.215010239982874e-06,0.0,883.8576178346648,156.99999999999997,0.0,0.0,0.012042609735224781,0.0,0.0,0.0,0.0,0.0,19.999999999999968,19.999999999999968,0.0,0.0
11.791666666666666,2.3000000005580032,3.215010239982874e-06,0.0,883.4992579269015,156.99999999999997,0.0,0.0,0.011851905488863642,0.0,0.0,0.0,0.0,0.0,19.99999999999995,19.99999999999995,0.0,0.0
11.799999999999999,2.300000000557531,3.215010239982874e-06,0.0,883.1465577959095,156.99999999999997,0.0,0.0,0.011665206814317163,0.0,0.0,0.0,0.0,0.0,19.999999999999964,19.999999999999964,0.0,0.0
11.808333333333334,2.300000000557067,3.215010239982874e-06,0.0,882.7993988782891,156.99999999999997,0.0,0.0,0.01148240909190504,0.0,0.0,0.0,0.0,0.0,19.99999999999998,19.99999999999998,0.0,0.0
11.816666666666666,2.300000000556611,3.215010239982874e-06,0.0,882.4576656991833,156.99999999999997,0.0,0.0,0.011303410963977915,0.0,0.0,0.0,0.0,0.0,19.999999999999986,19.999999999999986,0.0,0.0
11.825000000000001,2.300000000556163,3.215010239982874e-06,0.0,882.1212457762299,156.99999999999997,0.0,0.0,0.011128114216867666,0.0,0.0,0.0,0.0,0.0,19.999999999999986,19.999999999999986,0.0,0.0
11.833333333333334,2.3000000005557224,3.215010239982874e-06,0.0,881.7900295269808,156.99999999999997,0.0,0.0,0.010956423667695421,0.0,0.0,0.0,0.0,0.0,20.00000000000001,20.00000000000001,0.0,0.0
11.841666666666667,2.3000000005552894,3.215010239982874e-06,0.0,881.463910179644,156.99999999999997,0.0,0.0,0.010788247055812621,0.0,0.0,0.0,0.0,0.0,20.00000000000001,20.00000000000001,0.0,0.0
11.850000000000001,2.300000000554864,3.215010239982874e-06,0.0,881.1427836870163,156.99999999999997,0.0,0.0,0.01062349493866446,0.0,0.0,0.0,0.0,0.0,20.000000000000025,20.000000000000025,0.0,0.0
11.858333333333334,2.300000000554445,3.215010239982874e-06,0.0,880.8265486434744,156.99999999999997,0.0,0.0,0.01046208059187112,0.0,0.0,0.0,0.0,0.0,20.000000000000025,20.000000000000025,0.0,0.0
11.866666666666667,2.3000000005540335,3.215010239982874e-06,0.0,880.5151062049017,156.99999999999997,0.0,0.0,0.010303919913340478,0.0,0.0,0.0,0.0,0.0,20.000000000000032,20.000000000000032,0.0,0.0
11.875,2.3000000005536285,3.215010239982874e-06,0.0,880.2083600114329,156.99999999999997,0.0,0.0,0.010148931331223425,0.0,0.0,0.0,0.0,0.0,20.00000000000003,20.00000000000003,0.0,0.0
11.883333333333333,2.3000000005532306,3.215010239982874e-06,0.0,879.9062161129028,156.99999999999997,0.0,0.0,0.0099970357155469,0.0,0.0,0.0,0.0,0.0,20.000000000000025,20.000000000000025,0.0,0.0
11.891666666666667,2.300000000552839,3.215010239982874e-06,0.0,879.6085828968936,156.99999999999997,0.0,0.0,0.009848156293354091,0.0,0.0,0.0,0.0,0.0,20.0,20.0,0.0,0.0
11.9,2.3000000005524535,3.215010239982874e-06,0.0,879.3153710192746,156.99999999999997,0.0,0.0,0.009702218567199342,0.0,0.0,0.0,0.0,0.0,19.999999999999993,19.999999999999993,0.0,0.0
11.908333333333333,2.300000000552074,3.215010239982874e-06,0.0,879.0264933371394,156.99999999999997,0.0,0.0,0.009559150236847818,0.0,0.0,0.0,0.0,0.0,20.0,20.0,0.0,0.0
11.916666666666668,2.3000000005517016,3.215010239982874e-06,0.0,878.7418648440441,156.99999999999997,0.0,0.0,0.009418881124039706,0.0,0.0,0.0,0.0,0.0,20.000000000000004,20.000000000000004,0.0,0.0
11.925,2.3000000005513344,3.215010239982874e-06,0.0,878.4614026074582,156.99999999999997,0.0,0.0,0.009281343100185035,0.0,0.0,0.0,0.0,0.0,20.000000000000004,20.000000000000004,0.0,0.0
11.933333333333334,2.3000000005509733,3.215010239982874e-06,0.0,878.1850257083407,156.99999999999997,0.0,0.0,0.009146470016858326,0.0,0.0,0.0,0.0,0.0,20.000000000000014,20.000000000000014,0.0,0.0
11.941666666666666,2.3000000005506176,3.215010239982874e-06,0.0,877.9126551827615,156.99999999999997,0.0,0.0,0.009014197638976902,0.0,0.0,0.0,0.0,0.0,20.0,20.0,0.0,0.0
11.95,2.3000000005502677,3.215010239982874e-06,0.0,877.6442139654868,156.99999999999997,0.0,0.0,0.008884463580541638,0.0,0.0,0.0,0.0,0.0,19.999999999999993,19.999999999999993,0.0,0.0
11.958333333333334,2.300000000549923,3.215010239982874e-06,0.0,877.3796268354552,156.99999999999997,0.0,0.0,0.008757207242833286,0.0,0.0,0.0,0.0,0.0,19.999999999999975,19.999999999999975,0.0,0.0
11.966666666666667,2.3000000005495838,3.215010239982874e-06,0.0,877.1188203630718,156.99999999999997,0.0,0.0,0.008632369754959119,0.0,0.0,0.0,0.0,0.0,20.0,20.0,0.0,0.0
11.975,2.30000000054925,3.215010239982874e-06,0.0,876.8617228592517,156.99999999999997,0.0,0.0,0.008509893916647424,0.0,0.0,0.0,0.0,0.0,19.99999999999999,19.99999999999999,0.0,0.0
11.983333333333334,2.300000000548921,3.215010239982874e-06,0.0,876.608264326145,156.99999999999997,0.0,0.0,0.008389724143198312,0.0,0.0,0.0,0.0,0.0,20.000000000000004,20.000000000000004,0.0,0.0
11.991666666666667,2.3000000005485974,3.215010239982874e-06,0.0,876.3583764094842,156.99999999999997,0.0,0.0,0.008271806412495804,0.0,0.0,0.0,0.0,0.0,20.0,20.0,0.0,0.0
12.0,2.3000000005482786,3.215010239982874e-06,0.0,876.111992352488,156.99999999999997,0.0,0.0,0.00815608821399949,0.0,0.0,0.0,0.0,0.0,20.000000000000004,20.000000000000004,0.0,0.0
12.008333333333335,2.3000000005479646,3.215010239982874e-06,0.0,875.8690469512686,156.99999999999997,0.0,0.0,0.008042518499627541,0.0,0.0,0.0,0.0,0.0,20.000000000000014,20.000000000000014,0.0,0.0
12.016666666666666,2.300000000547655,3.215010239982874e-06,0.0,875.6294765116838,156.99999999999997,0.0,0.0,0.00793104763645745,0.0,0.0,0.0,0.0,0.0,19.999999999999993,19.999999999999993,0.0,0.0
12.025000000000002,2.3000000005473504,3.215010239982874e-06,0.0,875.3932188075806,156.99999999999997,0.0,0.0,0.007821627361166235,0.0,0.0,0.0,0.0,0.0,20.0,20.0,0.0,0.0
12.033333333333333,2.3000000005470502,3.215010239982874e-06,0.0,875.160213040381,156.99999999999997,0.0,0.0,0.007714210736138785,0.0,0.0,0.0,0.0,0.0,20.0,20.0,0.0,0.0
12.041666666666668,2.3000000005467545,3.215010239982874e-06,0.0,874.9303997999597,156.99999999999997,0.0,0.0,0.00760875210717733,0.0,0.0,0.0,0.0,0.0,20.000000000000018,20.000000000000018,0.0,0.0
12.05,2.300000000546463,3.215010239982874e-06,0.0,874.7037210267666,156.99999999999997,0.0,0.0,0.007505207062745322,0.0,0.0,0.0,0.0,0.0,20.000000000000025,20.000000000000025,0.0,0.0
12.058333333333334,2.300000000546176,3.215010239982874e-06,0.0,874.48011997515,156.99999999999997,0.0,0.0,0.007403532394683924,0.0,0.0,0.0,0.0,0.0,20.000000000000004,20.000000000000004,0.0,0.0
12.066666666666666,2.300000000545893,3.215010239982874e-06,0.0,874.2595411778358,156.99999999999997,0.0,0.0,0.007303686060341156,0.0,0.0,0.0,0.0,0.0,20.00000000000001,20.00000000000001,0.0,0.0
12.075000000000001,2.300000000545614,3.215010239982874e-06,0.0,874.041930411523,156.99999999999997,0.0,0.0,0.007205627146056833,0.0,0.0,0.0,0.0,0.0,20.000000000000004,20.000000000000004,0.0,0.0
12.083333333333332,2.300000000545339,3.215010239982874e-06,0.0,873.8272346635536,156.99999999999997,0.0,0.0,0.0071093158319506435,0.0,0.0,0.0,0.0,0.0,19.999999999999996,19.999999999999996,0.0,0.0
12.091666666666669,2.3000000005450683,3.215010239982874e-06,0.0,873.6154020996206,156.99999999999997,0.0,0.0,0.007014713357956853,0.0,0.0,0.0,0.0,0.0,20.000000000000007,20.000000000000007,0.0,0.0
12.1,2.3000000005448014,3.215010239982874e-06,0.0,873.4063820324761,156.99999999999997,0.0,0.0,0.006921781991062643,0.0,0.0,0.0,0.0,0.0,20.0,20.0,0.0,0.0
12.108333333333334,2.300000000544538,3.215010239982874e-06,0.0,873.2001248916042,156.99999999999997,0.0,0.0,0.0068304849936956045,0.0,0.0,0.0,0.0,0.0,19.999999999999996,19.999999999999996,0.0,0.0
12.116666666666667,2.3000000005442782,3.215010239982874e-06,0.0,872.9965821938263,156.99999999999997,0.0,0.0,0.006740786593220543,0.0,0.0,0.0,0.0,0.0,19.99999999999999,19.99999999999999,0.0,0.0
12.125,2.3000000005440224,3.215010239982874e-06,0.0,872.7957065148041,156.99999999999997,0.0,0.0,0.0066526519524993605,0.0,0.0,0.0,0.0,0.0,20.0,20.0,0.0,0.0
12.133333333333333,2.30000000054377,3.215010239982874e-06,0.0,872.5974514614106,156.99999999999997,0.0,0.0,0.006566047141471834,0.0,0.0,0.0,0.0,0.0,19.999999999999993,19.999999999999993,0.0,0.0
12.141666666666667,2.300000000543521,3.215010239982874e-06,0.0,872.4017716449391,156.99999999999997,0.0,0.0,0.006480939109720769,0.0,0.0,0.0,0.0,0.0,20.00000000000001,20.00000000000001,0.0,0.0
12.149999999999999,2.300000000543276,3.215010239982874e-06,0.0,872.2086226551193,156.99999999999997,0.0,0.0,0.006397295659980008,0.0,0.0,0.0,0.0,0.0,20.000000000000018,20.000000000000018,0.0,0.0
12.158333333333335,2.300000000543034,3.215010239982874e-06,0.0,872.0179610349159,156.99999999999997,0.0,0.0,0.006315085422550572,0.0,0.0,0.0,0.0,0.0,20.000000000000004,20.000000000000004,0.0,0.0
12.166666666666666,2.300000000542795,3.215010239982874e-06,0.0,871.8297442560803,156.99999999999997,0.0,0.0,0.006234277830590907,0.0,0.0,0.0,0.0,0.0,20.00000000000001,20.00000000000001,0.0,0.0
12.175,2.3000000005425596,3.215010239982874e-06,0.0,871.643930695431,156.99999999999997,0.0,0.0,0.006154843096244475,0.0,0.0,0.0,0.0,0.0,20.00000000000001,20.00000000000001,0.0,0.0
12.183333333333334,2.3000000005423273,3.215010239982874e-06,0.0,871.4604796118376,156.99999999999997,0.0,0.0,0.006076752187578177,0.0,0.0,0.0,0.0,0.0,20.000000000000014,20.000000000000014,0.0,0.0
12.191666666666666,2.300000000542098,3.215010239982874e-06,0.0,871.279351123885,156.99999999999997,0.0,0.0,0.005999976806295093,0.0,0.0,0.0,0.0,0.0,20.000000000000025,20.000000000000025,0.0,0.0
12.2,2.300000000541872,3.215010239982874e-06,0.0,871.1005061881949,156.99999999999997,0.0,0.0,0.005924489366196854,0.0,0.0,0.0,0.0,0.0,20.000000000000046,20.000000000000046,0.0,0.0
12.208333333333334,2.300000000541649,3.215010239982874e-06,0.0,870.9239065783812,156.99999999999997,0.0,0.0,0.005850262972363981,0.0,0.0,0.0,0.0,0.0,20.000000000000043,20.000000000000043,0.0,0.0
12.216666666666665,2.300000000541429,3.215010239982874e-06,0.0,870.7495148646215,156.99999999999997,0.0,0.0,0.005777271401031149,0.0,0.0,0.0,0.0,0.0,20.00000000000004,20.00000000000004,0.0,0.0
12.225000000000001,2.300000000541212,3.215010239982874e-06,0.0,870.5772943938194,156.99999999999997,0.0,0.0,0.005705489080126995,0.0,0.0,0.0,0.0,0.0,20.000000000000036,20.000000000000036,0.0,0.0
12.233333333333333,2.3000000005409977,3.215010239982874e-06,0.0,870.407209270344,156.99999999999997,0.0,0.0,0.005634891070457793,0.0,0.0,0.0,0.0,0.0,20.000000000000036,20.000000000000036,0.0,0.0
12.241666666666667,2.3000000005407863,3.215010239982874e-06,0.0,870.2392243373208,156.99999999999997,0.0,0.0,0.005565453047508596,0.0,0.0,0.0,0.0,0.0,20.00000000000001,20.00000000000001,0.0,0.0
12.25,2.3000000005405776,3.215010239982874e-06,0.0,870.0733051584625,156.99999999999997,0.0,0.0,0.00549715128384037,0.0,0.0,0.0,0.0,0.0,20.0,20.0,0.0,0.0
12.258333333333333,2.3000000005403716,3.215010239982874e-06,0.0,869.9094180004172,156.99999999999997,0.0,0.0,0.005429962632060741,0.0,0.0,0.0,0.0,0.0,20.00000000000001,20.00000000000001,0.0,0.0
12.266666666666666,2.300000000540168,3.215010239982874e-06,0.0,869.7475298156198,156.99999999999997,0.0,0.0,0.005363864508347948,0.0,0.0,0.0,0.0,0.0,20.00000000000001,20.00000000000001,0.0,0.0
12.275,2.3000000005399674,3.215010239982874e-06,0.0,869.5876082256298,156.99999999999997,0.0,0.0,0.005298834876506711,0.0,0.0,0.0,0.0,0.0,19.999999999999993,19.999999999999993,0.0,0.0
12.283333333333331,2.3000000005397694,3.215010239982874e-06,0.0,869.4296215049379,156.99999999999997,0.0,0.0,0.005234852232538056,0.0,0.0,0.0,0.0,0.0,19.99999999999999,19.99999999999999,0.0,0.0
12.291666666666668,2.300000000539574,3.215010239982874e-06,0.0,869.2735385652304,156.99999999999997,0.0,0.0,0.005171895589704882,0.0,0.0,0.0,0.0,0.0,20.000000000000004,20.000000000000004,0.0,0.0
12.299999999999999,2.300000000539381,3.215010239982874e-06,0.0,869.119328940092,156.99999999999997,0.0,0.0,0.005109944464072463,0.0,0.0,0.0,0.0,0.0,19.999999999999982,19.999999999999982,0.0,0.0
12.308333333333334,2.30000000053919,3.215010239982874e-06,0.0,868.9669627701371,156.99999999999997,0.0,0.0,0.0050489788605112265,0.0,0.0,0.0,0.0,0.0,19.999999999999996,19.999999999999996,0.0,0.0
12.316666666666666,2.3000000005390016,3.215010239982874e-06,0.0,868.816410788553,156.99999999999997,0.0,0.0,0.004988979259141513,0.0,0.0,0.0,0.0,0.0,19.999999999999996,19.999999999999996,0.0,0.0
12.325,2.300000000538816,3.215010239982874e-06,0.0,868.6676443070435,156.99999999999997,0.0,0.0,0.0049299266022074,0.0,0.0,0.0,0.0,0.0,20.000000000000007,20.000000000000007,0.0,0.0
12.333333333333332,2.300000000538632,3.215010239982874e-06,0.0,868.5206352021603,156.99999999999997,0.0,0.0,0.0048718022813627835,0.0,0.0,0.0,0.0,0.0,20.000000000000018,20.000000000000018,0.0,0.0
12.341666666666667,2.300000000538451,3.215010239982874e-06,0.0,868.37535590201,156.99999999999997,0.0,0.0,0.004814588125354963,0.0,0.0,0.0,0.0,0.0,20.00000000000004,20.00000000000004,0.0,0.0
12.349999999999998,2.300000000538272,3.215010239982874e-06,0.0,868.2317793733232,156.99999999999997,0.0,0.0,0.004758266388093656,0.0,0.0,0.0,0.0,0.0,20.00000000000003,20.00000000000003,0.0,0.0
12.358333333333334,2.300000000538095,3.215010239982874e-06,0.0,868.0898791088775,156.99999999999997,0.0,0.0,0.004702819737090528,0.0,0.0,0.0,0.0,0.0,20.000000000000025,20.000000000000025,0.0,0.0
12.366666666666665,2.30000000053792,3.215010239982874e-06,0.0,867.9496291152611,156.99999999999997,0.0,0.0,0.004648231242255578,0.0,0.0,0.0,0.0,0.0,20.00000000000002,20.00000000000002,0.0,0.0
12.375,2.300000000537748,3.215010239982874e-06,0.0,867.8110039009671,156.99999999999997,0.0,0.0,0.004594484365039917,0.0,0.0,0.0,0.0,0.0,20.000000000000014,20.000000000000014,0.0,0.0
12.383333333333335,2.3000000005375774,3.215010239982874e-06,0.0,867.6739784648086,156.99999999999997,0.0,0.0,0.004541562947912278,0.0,0.0,0.0,0.0,0.0,20.0,20.0,0.0,0.0
12.391666666666666,2.300000000537409,3.215010239982874e-06,0.0,867.5385282846446,156.99999999999997,0.0,0.0,0.004489451204156959,0.0,0.0,0.0,0.0,0.0,20.00000000000001,20.00000000000001,0.0,0.0
12.400000000000002,2.3000000005372425,3.215010239982874e-06,0.0,867.4046293064073,156.99999999999997,0.0,0.0,0.0044381337079828645,0.0,0.0,0.0,0.0,0.0,20.000000000000014,20.000000000000014,0.0,0.0
12.408333333333333,2.300000000537078,3.215010239982874e-06,0.0,867.272257933421,156.99999999999997,0.0,0.0,0.0043875953849325956,0.0,0.0,0.0,0.0,0.0,20.0,20.0,0.0,0.0
12.416666666666668,2.300000000536916,3.215010239982874e-06,0.0,867.141391016005,156.99999999999997,0.0,0.0,0.004337821502583184,0.0,0.0,0.0,0.0,0.0,19.99999999999997,19.99999999999997,0.0,0.0
12.425,2.3000000005367554,3.215010239982874e-06,0.0,867.0120058413503,156.99999999999997,0.0,0.0,0.004288797661525047,0.0,0.0,0.0,0.0,0.0,19.999999999999993,19.999999999999993,0.0,0.0
12.433333333333334,2.300000000536597,3.215010239982874e-06,0.0,866.884080123664,156.99999999999997,0.0,0.0,0.004240509786613162,0.0,0.0,0.0,0.0,0.0,20.000000000000014,20.000000000000014,0.0,0.0
12.441666666666666,2.3000000005364405,3.215010239982874e-06,0.0,866.7575919945709,156.99999999999997,0.0,0.0,0.004192944118479651,0.0,0.0,0.0,0.0,0.0,20.000000000000018,20.000000000000018,0.0,0.0
12.450000000000001,2.3000000005362855,3.215010239982874e-06,0.0,866.6325199937664,156.99999999999997,0.0,0.0,0.004146087205299219,0.0,0.0,0.0,0.0,0.0,19.999999999999996,19.999999999999996,0.0,0.0
12.458333333333332,2.3000000005361323,3.215010239982874e-06,0.0,866.5088430599131,156.99999999999997,0.0,0.0,0.0040999258947987845,0.0,0.0,0.0,0.0,0.0,19.999999999999996,19.999999999999996,0.0,0.0
12.466666666666669,2.3000000005359813,3.215010239982874e-06,0.0,866.3865405217725,156.99999999999997,0.0,0.0,0.0040544473265045336,0.0,0.0,0.0,0.0,0.0,19.999999999999986,19.999999999999986,0.0,0.0
12.475,2.3000000005358316,3.215010239982874e-06,0.0,866.265592089567,156.99999999999997,0.0,0.0,0.004009638924215921,0.0,0.0,0.0,0.0,0.0,19.99999999999999,19.99999999999999,0.0,0.0
12.483333333333334,2.300000000535684,3.215010239982874e-06,0.0,866.1459778465626,156.99999999999997,0.0,0.0,0.003965488388702202,0.0,0.0,0.0,0.0,0.0,20.0,20.0,0.0,0.0
12.491666666666667,2.300000000535538,3.215010239982874e-06,0.0,866.0276782408696,156.99999999999997,0.0,0.0,0.003921983690611424,0.0,0.0,0.0,0.0,0.0,20.000000000000018,20.000000000000018,0.0,0.0
12.5,2.3000000005353938,3.215010239982874e-06,0.0,865.9106740774512,156.99999999999997,0.0,0.0,0.0038791130635872136,0.0,0.0,0.0,0.0,0.0,20.000000000000004,20.000000000000004,0.0,0.0
12.508333333333333,2.300000000535251,3.215010239982874e-06,0.0,865.794946510336,156.99999999999997,0.0,0.0,0.0038368649975844393,0.0,0.0,0.0,0.0,0.0,20.000000000000004,20.000000000000004,0.0,0.0
12.516666666666667,2.30000000053511,3.215010239982874e-06,0.0,865.680477035028,156.99999999999997,0.0,0.0,0.003795228232379105,0.0,0.0,0.0,0.0,0.0,20.000000000000014,20.000000000000014,0.0,0.0
12.524999999999999,2.3000000005349706,3.215010239982874e-06,0.0,865.5672474811092,156.99999999999997,0.0,0.0,0.0037541917512649296,0.0,0.0,0.0,0.0,0.0,20.000000000000014,20.000000000000014,0.0,0.0
12.533333333333335,2.3000000005348324,3.215010239982874e-06,0.0,865.455240005027,156.99999999999997,0.0,0.0,0.0037137447749314117,0.0,0.0,0.0,0.0,0.0,20.00000000000002,20.00000000000002,0.0,0.0
12.541666666666666,2.300000000534696,3.215010239982874e-06,0.0,865.3444370830641,156.99999999999997,0.0,0.0,0.0036738767555165833,0.0,0.0,0.0,0.0,0.0,20.000000000000025,20.000000000000025,0.0,0.0
12.55,2.3000000005345616,3.215010239982874e-06,0.0,865.2348215044833,156.99999999999997,0.0,0.0,0.003634577370830552,0.0,0.0,0.0,0.0,0.0,20.000000000000043,20.000000000000043,0.0,0.0
12.558333333333334,2.3000000005344283,3.215010239982874e-06,0.0,865.1263763648433,156.99999999999997,0.0,0.0,0.0035958365187416085,0.0,0.0,0.0,0.0,0.0,20.00000000000005,20.00000000000005,0.0,0.0
12.566666666666666,2.3000000005342964,3.215010239982874e-06,0.0,865.0190850594806,156.99999999999997,0.0,0.0,0.0035576443117225553,0.0,0.0,0.0,0.0,0.0,20.00000000000006,20.00000000000006,0.0,0.0
12.575,2.300000000534166,3.215010239982874e-06,0.0,864.9129312771528,156.99999999999997,0.0,0.0,0.003519991071551165,0.0,0.0,0.0,0.0,0.0,20.00000000000006,20.00000000000006,0.0,0.0
12.583333333333334,2.300000000534037,3.215010239982874e-06,0.0,864.8078989938376,156.99999999999997,0.0,0.0,0.0034828673241582403,0.0,0.0,0.0,0.0,0.0,20.000000000000053,20.000000000000053,0.0,0.0
12.591666666666665,2.3000000005339096,3.215010239982874e-06,0.0,864.7039724666861,156.99999999999997,0.0,0.0,0.003446263794621716,0.0,0.0,0.0,0.0,0.0,20.000000000000068,20.000000000000068,0.0,0.0
12.600000000000001,2.3000000005337835,3.215010239982874e-06,0.0,864.601136228122,156.99999999999997,0.0,0.0,0.0034101714022995075,0.0,0.0,0.0,0.0,0.0,20.000000000000064,20.000000000000064,0.0,0.0
12.608333333333333,2.3000000005336587,3.215010239982874e-06,0.0,864.4993750800857,156.99999999999997,0.0,0.0,0.0033745812560983467,0.0,0.0,0.0,0.0,0.0,20.000000000000085,20.000000000000085,0.0,0.0
12.616666666666667,2.3000000005335353,3.215010239982874e-06,0.0,864.398674088419,156.99999999999997,0.0,0.0,0.003339484649873664,0.0,0.0,0.0,0.0,0.0,20.000000000000085,20.000000000000085,0.0,0.0
12.625,2.300000000533413,3.215010239982874e-06,0.0,864.2990185773847,156.99999999999997,0.0,0.0,0.0033048730579565404,0.0,0.0,0.0,0.0,0.0,20.0000000000001,20.0000000000001,0.0,0.0
12.633333333333333,2.300000000533293,3.215010239982874e-06,0.0,864.200394124319,156.99999999999997,0.0,0.0,0.0032707381308038417,0.0,0.0,0.0,0.0,0.0,20.00000000000011,20.00000000000011,0.0,0.0
12.641666666666666,2.3000000005331733,3.215010239982874e-06,0.0,864.1027865544124,156.99999999999997,0.0,0.0,0.0032370716907681694,0.0,0.0,0.0,0.0,0.0,20.000000000000124,20.000000000000124,0.0,0.0
12.65,2.300000000533055,3.215010239982874e-06,0.0,864.0061819356162,156.99999999999997,0.0,0.0,0.0032038657279829454,0.0,0.0,0.0,0.0,0.0,20.0000000000001,20.0000000000001,0.0,0.0
12.658333333333331,2.300000000532938,3.215010239982874e-06,0.0,863.9105665736699,156.99999999999997,0.0,0.0,0.0031711123963602734,0.0,0.0,0.0,0.0,0.0,20.000000000000092,20.000000000000092,0.0,0.0
12.666666666666668,2.3000000005328225,3.215010239982874e-06,0.0,863.8159270072485,156.99999999999997,0.0,0.0,0.003138804009696947,0.0,0.0,0.0,0.0,0.0,20.000000000000085,20.000000000000085,0.0,0.0
12.674999999999999,2.300000000532708,3.215010239982874e-06,0.0,863.7222500032226,156.99999999999997,0.0,0.0,0.0031069330378863938,0.0,0.0,0.0,0.0,0.0,20.000000000000096,20.000000000000096,0.0,0.0
12.683333333333334,2.300000000532595,3.215010239982874e-06,0.0,863.6295225520328,156.99999999999997,0.0,0.0,0.0030754921032322335,0.0,0.0,0.0,0.0,0.0,20.000000000000107,20.000000000000107,0.0,0.0
12.691666666666666,2.3000000005324828,3.215010239982874e-06,0.0,863.5377318631722,156.99999999999997,0.0,0.0,0.0030444739768620706,0.0,0.0,0.0,0.0,0.0,20.0000000000001,20.0000000000001,0.0,0.0
12.7,2.300000000532372,3.215010239982874e-06,0.0,863.4468653607754,156.99999999999997,0.0,0.0,0.003013871575236387,0.0,0.0,0.0,0.0,0.0,20.0000000000001,20.0000000000001,0.0,0.0
12.708333333333332,2.3000000005322625,3.215010239982874e-06,0.0,863.3569106793101,156.99999999999997,0.0,0.0,0.0029836779567509065,0.0,0.0,0.0,0.0,0.0,20.00000000000009,20.00000000000009,0.0,0.0
12.716666666666667,2.3000000005321537,3.215010239982874e-06,0.0,863.2678556593697,156.99999999999997,0.0,0.0,0.0029538863184300035,0.0,0.0,0.0,0.0,0.0,20.0000000000001,20.0000000000001,0.0,0.0
12.724999999999998,2.3000000005320467,3.215010239982874e-06,0.0,863.1796883435643,156.99999999999997,0.0,0.0,0.002924489992706947,0.0,0.0,0.0,0.0,0.0,20.000000000000107,20.000000000000107,0.0,0.0
12.733333333333334,2.30000000053194,3.215010239982874e-06,0.0,863.0923969725059,156.99999999999997,0.0,0.0,0.0028954824442905705,0.0,0.0,0.0,0.0,0.0,20.000000000000114,20.000000000000114,0.0,0.0
12.741666666666665,2.300000000531835,3.215010239982874e-06,0.0,863.0059699808869,156.99999999999997,0.0,0.0,0.0028668572671128154,0.0,0.0,0.0,0.0,0.0,20.000000000000114,20.000000000000114,0.0,0.0
12.75,2.300000000531731,3.215010239982874e-06,0.0,862.9203959936493,156.99999999999997,0.0,0.0,0.002838608181358581,0.0,0.0,0.0,0.0,0.0,20.000000000000114,20.000000000000114,0.0,0.0
12.758333333333335,2.300000000531628,3.215010239982874e-06,0.0,862.8356638222413,156.99999999999997,0.0,0.0,0.0028107290305712557,0.0,0.0,0.0,0.0,0.0,20.000000000000124,20.000000000000124,0.0,0.0
12.766666666666666,2.3000000005315258,3.215010239982874e-06,0.0,862.7517624609591,156.99999999999997,0.0,0.0,0.002783213778835589,0.0,0.0,0.0,0.0,0.0,20.000000000000117,20.000000000000117,0.0,0.0
12.775000000000002,2.300000000531425,3.215010239982874e-06,0.0,862.6686810833735,156.99999999999997,0.0,0.0,0.0027560565080325975,0.0,0.0,0.0,0.0,0.0,20.000000000000124,20.000000000000124,0.0,0.0
12.783333333333333,2.300000000531325,3.215010239982874e-06,0.0,862.586409038837,156.99999999999997,0.0,0.0,0.002729251415166662,0.0,0.0,0.0,0.0,0.0,20.000000000000124,20.000000000000124,0.0,0.0
12.791666666666668,2.300000000531226,3.215010239982874e-06,0.0,862.5049358490689,156.99999999999997,0.0,0.0,0.002702792809760681,0.0,0.0,0.0,0.0,0.0,20.00000000000012,20.00000000000012,0.0,0.0
12.8,2.300000000531128,3.215010239982874e-06,0.0,862.4242512048199,156.99999999999997,0.0,0.0,0.0026766751113193816,0.0,0.0,0.0,0.0,0.0,20.000000000000124,20.000000000000124,0.0,0.0
12.808333333333334,2.300000000531031,3.215010239982874e-06,0.0,862.3443449626099,156.99999999999997,0.0,0.0,0.0026508928468571497,0.0,0.0,0.0,0.0,0.0,20.000000000000128,20.000000000000128,0.0,0.0
12.816666666666666,2.300000000530935,3.215010239982874e-06,0.0,862.2652071415391,156.99999999999997,0.0,0.0,0.002625440648489261,0.0,0.0,0.0,0.0,0.0,20.000000000000135,20.000000000000135,0.0,0.0
12.825000000000001,2.30000000053084,3.215010239982874e-06,0.0,862.1868279201722,156.99999999999997,0.0,0.0,0.0026003132510849128,0.0,0.0,0.0,0.0,0.0,20.000000000000142,20.000000000000142,0.0,0.0
12.833333333333332,2.300000000530746,3.215010239982874e-06,0.0,862.1091976334894,156.99999999999997,0.0,0.0,0.002575505489979456,0.0,0.0,0.0,0.0,0.0,20.000000000000146,20.000000000000146,0.0,0.0
12.841666666666669,2.3000000005306527,3.215010239982874e-06,0.0,862.0323067699078,156.99999999999997,0.0,0.0,0.002551012298745097,0.0,0.0,0.0,0.0,0.0,20.000000000000142,20.000000000000142,0.0,0.0
12.85,2.3000000005305603,3.215010239982874e-06,0.0,861.9561459683666,156.99999999999997,0.0,0.0,0.002526828707017667,0.0,0.0,0.0,0.0,0.0,20.000000000000146,20.000000000000146,0.0,0.0
12.858333333333334,2.300000000530469,3.215010239982874e-06,0.0,861.8807060154784,156.99999999999997,0.0,0.0,0.002502949838378403,0.0,0.0,0.0,0.0,0.0,20.000000000000156,20.000000000000156,0.0,0.0
12.866666666666667,2.3000000005303787,3.215010239982874e-06,0.0,861.8059778427415,156.99999999999997,0.0,0.0,0.00247937090828857,0.0,0.0,0.0,0.0,0.0,20.000000000000156,20.000000000000156,0.0,0.0
12.875,2.300000000530289,3.215010239982874e-06,0.0,861.7319525238156,156.99999999999997,0.0,0.0,0.002456087222076539,0.0,0.0,0.0,0.0,0.0,20.000000000000153,20.000000000000153,0.0,0.0
12.883333333333333,2.3000000005302,3.215010239982874e-06,0.0,861.6586212718547,156.99999999999997,0.0,0.0,0.0024330941729739726,0.0,0.0,0.0,0.0,0.0,20.000000000000156,20.000000000000156,0.0,0.0
12.891666666666667,2.300000000530112,3.215010239982874e-06,0.0,861.5859754369,156.99999999999997,0.0,0.0,0.0024103872402023076,0.0,0.0,0.0,0.0,0.0,20.000000000000142,20.000000000000142,0.0,0.0
12.899999999999999,2.300000000530025,3.215010239982874e-06,0.0,861.5140065033285,156.99999999999997,0.0,0.0,0.0023879619871051104,0.0,0.0,0.0,0.0,0.0,20.000000000000135,20.000000000000135,0.0,0.0
12.908333333333335,2.300000000529939,3.215010239982874e-06,0.0,861.4427060873574,156.99999999999997,0.0,0.0,0.0023658140593283096,0.0,0.0,0.0,0.0,0.0,20.000000000000135,20.000000000000135,0.0,0.0
12.916666666666666,2.3000000005298538,3.215010239982874e-06,0.0,861.3720659346019,156.99999999999997,0.0,0.0,0.0023439391830439465,0.0,0.0,0.0,0.0,0.0,20.00000000000014,20.00000000000014,0.0,0.0
12.925,2.3000000005297694,3.215010239982874e-06,0.0,861.3020779176863,156.99999999999997,0.0,0.0,0.0023223331632181202,0.0,0.0,0.0,0.0,0.0,20.000000000000135,20.000000000000135,0.0,0.0
12.933333333333334,2.3000000005296855,3.215010239982874e-06,0.0,861.2327340339062,156.99999999999997,0.0,0.0,0.0023009918819214517,0.0,0.0,0.0,0.0,0.0,20.00000000000013,20.00000000000013,0.0,0.0
12.941666666666666,2.300000000529603,3.215010239982874e-06,0.0,861.1640264029397,156.99999999999997,0.0,0.0,0.002279911296681154,0.0,0.0,0.0,0.0,0.0,20.000000000000124,20.000000000000124,0.0,0.0
12.95,2.3000000005295207,3.215010239982874e-06,0.0,861.0959472646093,156.99999999999997,0.0,0.0,0.002259087438872003,0.0,0.0,0.0,0.0,0.0,20.000000000000114,20.000000000000114,0.0,0.0
12.958333333333334,2.300000000529439,3.215010239982874e-06,0.0,861.0284889766901,156.99999999999997,0.0,0.0,0.0022385164121477975,0.0,0.0,0.0,0.0,0.0,20.00000000000013,20.00000000000013,0.0,0.0
12.966666666666665,2.3000000005293586,3.215010239982874e-06,0.0,860.9616440127649,156.99999999999997,0.0,0.0,0.0022181943909103936,0.0,0.0,0.0,0.0,0.0,20.000000000000124,20.000000000000124,0.0,0.0
12.975000000000001,2.3000000005292787,3.215010239982874e-06,0.0,860.8954049601243,156.99999999999997,0.0,0.0,0.002198117618814658,0.0,0.0,0.0,0.0,0.0,20.000000000000124,20.000000000000124,0.0,0.0
12.983333333333333,2.3000000005291996,3.215010239982874e-06,0.0,860.8297645177125,156.99999999999997,0.0,0.0,0.0021782824073112196,0.0,0.0,0.0,0.0,0.0,20.00000000000012,20.00000000000012,0.0,0.0
12.991666666666667,2.300000000529121,3.215010239982874e-06,0.0,860.764715494114,156.99999999999997,0.0,0.0,0.002158685134222496,0.0,0.0,0.0,0.0,0.0,20.00000000000011,20.00000000000011,0.0,0.0
13.0,2.3000000005290437,3.215010239982874e-06,0.0,860.7002508055839,156.99999999999997,0.0,0.0,0.0021393222423537837,0.0,0.0,0.0,0.0,0.0,20.00000000000012,20.00000000000012,0.0,0.0
13.008333333333333,2.3000000005289665,3.215010239982874e-06,0.0,860.6363634741202,156.99999999999997,0.0,0.0,0.0021201902381373493,0.0,0.0,0.0,0.0,0.0,20.000000000000135,20.000000000000135,0.0,0.0
13.016666666666666,2.3000000005288905,3.215010239982874e-06,0.0,860.5730466255742,156.99999999999997,0.0,0.0,0.0021012856903084576,0.0,0.0,0.0,0.0,0.0,20.000000000000153,20.000000000000153,0.0,0.0
13.025,2.300000000528815,3.215010239982874e-06,0.0,860.5102934878014,156.99999999999997,0.0,0.0,0.0020826052286124054,0.0,0.0,0.0,0.0,0.0,20.000000000000163,20.000000000000163,0.0,0.0
13.033333333333331,2.30000000052874,3.215010239982874e-06,0.0,860.448097388851,156.99999999999997,0.0,0.0,0.0020641455425439085,0.0,0.0,0.0,0.0,0.0,20.000000000000153,20.000000000000153,0.0,0.0
13.041666666666668,2.300000000528666,3.215010239982874e-06,0.0,860.3864517551915,156.99999999999997,0.0,0.0,0.0020459033801134134,0.0,0.0,0.0,0.0,0.0,20.000000000000142,20.000000000000142,0.0,0.0
13.049999999999999,2.3000000005285925,3.215010239982874e-06,0.0,860.3253501099746,156.99999999999997,0.0,0.0,0.002027875546645174,0.0,0.0,0.0,0.0,0.0,20.000000000000153,20.000000000000153,0.0,0.0
13.058333333333334,2.3000000005285197,3.215010239982874e-06,0.0,860.2647860713328,156.99999999999997,0.0,0.0,0.0020100589036017007,0.0,0.0,0.0,0.0,0.0,20.00000000000015,20.00000000000015,0.0,0.0
13.066666666666666,2.3000000005284473,3.215010239982874e-06,0.0,860.2047533507134,156.99999999999997,0.0,0.0,0.0019924503674358844,0.0,0.0,0.0,0.0,0.0,20.000000000000153,20.000000000000153,0.0,0.0
13.075,2.300000000528376,3.215010239982874e-06,0.0,860.1452457512461,156.99999999999997,0.0,0.0,0.0019750469084708895,0.0,0.0,0.0,0.0,0.0,20.00000000000015,20.00000000000015,0.0,0.0
13.083333333333332,2.300000000528305,3.215010239982874e-06,0.0,860.0862571661431,156.99999999999997,0.0,0.0,0.0019578455498050033,0.0,0.0,0.0,0.0,0.0,20.00000000000014,20.00000000000014,0.0,0.0
13.091666666666667,2.300000000528235,3.215010239982874e-06,0.0,860.0277815771326,156.99999999999997,0.0,0.0,0.0019408433662421625,0.0,0.0,0.0,0.0,0.0,20.00000000000012,20.00000000000012,0.0,0.0
13.099999999999998,2.3000000005281653,3.215010239982874e-06,0.0,859.9698130529234,156.99999999999997,0.0,0.0,0.0019240374832470224,0.0,0.0,0.0,0.0,0.0,20.000000000000124,20.000000000000124,0.0,0.0
13.108333333333334,2.3000000005280965,3.215010239982874e-06,0.0,859.9123457477011,156.99999999999997,0.0,0.0,0.0019074250759248314,0.0,0.0,0.0,0.0,0.0,20.000000000000128,20.000000000000128,0.0,0.0
13.116666666666665,2.300000000528028,3.215010239982874e-06,0.0,859.8553738996536,156.99999999999997,0.0,0.0,0.0018910033680239532,0.0,0.0,0.0,0.0,0.0,20.000000000000128,20.000000000000128,0.0,0.0
13.125,2.30000000052796,3.215010239982874e-06,0.0,859.7988918295271,156.99999999999997,0.0,0.0,0.0018747696309608793,0.0,0.0,0.0,0.0,0.0,20.000000000000128,20.000000000000128,0.0,0.0
13.133333333333335,2.300000000527893,3.215010239982874e-06,0.0,859.7428939392104,156.99999999999997,0.0,0.0,0.001858721182869179,0.0,0.0,0.0,0.0,0.0,20.000000000000114,20.000000000000114,0.0,0.0
13.141666666666666,2.3000000005278265,3.215010239982874e-06,0.0,859.6873747103481,156.99999999999997,0.0,0.0,0.0018428553876678553,0.0,0.0,0.0,0.0,0.0,20.00000000000011,20.00000000000011,0.0,0.0
13.150000000000002,2.3000000005277608,3.215010239982874e-06,0.0,859.6323287029802,156.99999999999997,0.0,0.0,0.0018271696541526598,0.0,0.0,0.0,0.0,0.0,20.000000000000107,20.000000000000107,0.0,0.0
13.158333333333333,2.300000000527695,3.215010239982874e-06,0.0,859.5777505542102,156.99999999999997,0.0,0.0,0.0018116614351071291,0.0,0.0,0.0,0.0,0.0,20.000000000000103,20.000000000000103,0.0,0.0
13.166666666666668,2.30000000052763,3.215010239982874e-06,0.0,859.5236349768979,156.99999999999997,0.0,0.0,0.0017963282264339118,0.0,0.0,0.0,0.0,0.0,20.000000000000114,20.000000000000114,0.0,0.0
13.175,2.3000000005275663,3.215010239982874e-06,0.0,859.46997675838,156.99999999999997,0.0,0.0,0.0017811675663054814,0.0,0.0,0.0,0.0,0.0,20.000000000000117,20.000000000000117,0.0,0.0
13.183333333333334,2.3000000005275023,3.215010239982874e-06,0.0,859.4167707592134,156.99999999999997,0.0,0.0,0.0017661770343340212,0.0,0.0,0.0,0.0,0.0,20.000000000000114,20.000000000000114,0.0,0.0
13.191666666666666,2.3000000005274392,3.215010239982874e-06,0.0,859.3640119119452,156.99999999999997,0.0,0.0,0.0017513542507598162,0.0,0.0,0.0,0.0,0.0,20.000000000000114,20.000000000000114,0.0,0.0
13.200000000000001,2.3000000005273766,3.215010239982874e-06,0.0,859.311695219906,156.99999999999997,0.0,0.0,0.0017366968756581795,0.0,0.0,0.0,0.0,0.0,20.000000000000117,20.000000000000117,0.0,0.0
13.208333333333332,2.3000000005273145,3.215010239982874e-06,0.0,859.2598157560265,156.99999999999997,0.0,0.0,0.0017222026081631515,0.0,0.0,0.0,0.0,0.0,20.000000000000135,20.000000000000135,0.0,0.0
13.216666666666669,2.300000000527253,3.215010239982874e-06,0.0,859.2083686616775,156.99999999999997,0.0,0.0,0.0017078691857094737,0.0,0.0,0.0,0.0,0.0,20.000000000000128,20.000000000000128,0.0,0.0
13.225,2.300000000527192,3.215010239982874e-06,0.0,859.1573491455317,156.99999999999997,0.0,0.0,0.0016936943832904184,0.0,0.0,0.0,0.0,0.0,20.00000000000013,20.00000000000013,0.0,0.0
13.233333333333334,2.3000000005271315,3.215010239982874e-06,0.0,859.1067524824493,156.99999999999997,0.0,0.0,0.0016796760127326578,0.0,0.0,0.0,0.0,0.0,20.000000000000146,20.000000000000146,0.0,0.0
13.241666666666667,2.3000000005270715,3.215010239982874e-06,0.0,859.0565740123825,156.99999999999997,0.0,0.0,0.0016658119219867757,0.0,0.0,0.0,0.0,0.0,20.00000000000015,20.00000000000015,0.0,0.0
13.25,2.300000000527012,3.215010239982874e-06,0.0,859.0068091393031,156.99999999999997,0.0,0.0,0.0016520999944331758,0.0,0.0,0.0,0.0,0.0,20.00000000000015,20.00000000000015,0.0,0.0
13.258333333333333,2.300000000526953,3.215010239982874e-06,0.0,858.9574533301497,156.99999999999997,0.0,0.0,0.0016385381482038877,0.0,0.0,0.0,0.0,0.0,20.000000000000142,20.000000000000142,0.0,0.0
13.266666666666667,2.3000000005268944,3.215010239982874e-06,0.0,858.9085021137956,156.99999999999997,0.0,0.0,0.0016251243355184877,0.0,0.0,0.0,0.0,0.0,20.000000000000142,20.000000000000142,0.0,0.0
13.274999999999999,2.3000000005268366,3.215010239982874e-06,0.0,858.8599510800362,156.99999999999997,0.0,0.0,0.001611856542034552,0.0,0.0,0.0,0.0,0.0,20.00000000000014,20.00000000000014,0.0,0.0
13.283333333333335,2.300000000526779,3.215010239982874e-06,0.0,858.8117958785949,156.99999999999997,0.0,0.0,0.0015987327862124058,0.0,0.0,0.0,0.0,0.0,20.000000000000107,20.000000000000107,0.0,0.0
13.291666666666666,2.300000000526722,3.215010239982874e-06,0.0,858.7640322181494,156.99999999999997,0.0,0.0,0.0015857511186941526,0.0,0.0,0.0,0.0,0.0,20.00000000000011,20.00000000000011,0.0,0.0
13.3,2.3000000005266656,3.215010239982874e-06,0.0,858.716655865375,156.99999999999997,0.0,0.0,0.0015729096216945864,0.0,0.0,0.0,0.0,0.0,20.000000000000096,20.000000000000096,0.0,0.0
13.308333333333334,2.3000000005266092,3.215010239982874e-06,0.0,858.6696626440063,156.99999999999997,0.0,0.0,0.001560206408407141,0.0,0.0,0.0,0.0,0.0,20.000000000000092,20.000000000000092,0.0,0.0
13.316666666666666,2.3000000005265537,3.215010239982874e-06,0.0,858.6230484339178,156.99999999999997,0.0,0.0,0.001547639622420863,0.0,0.0,0.0,0.0,0.0,20.00000000000011,20.00000000000011,0.0,0.0
13.325,2.3000000005264987,3.215010239982874e-06,0.0,858.5768091702196,156.99999999999997,0.0,0.0,0.001535207437151347,0.0,0.0,0.0,0.0,0.0,20.000000000000117,20.000000000000117,0.0,0.0
13.333333333333334,2.300000000526444,3.215010239982874e-06,0.0,858.5309408423716,156.99999999999997,0.0,0.0,0.001522908055282515,0.0,0.0,0.0,0.0,0.0,20.000000000000103,20.000000000000103,0.0,0.0
13.341666666666665,2.30000000052639,3.215010239982874e-06,0.0,858.4854394933141,156.99999999999997,0.0,0.0,0.001510739708221524,0.0,0.0,0.0,0.0,0.0,20.000000000000107,20.000000000000107,0.0,0.0
13.350000000000001,2.3000000005263357,3.215010239982874e-06,0.0,858.4403012186137,156.99999999999997,0.0,0.0,0.0014987006555641396,0.0,0.0,0.0,0.0,0.0,20.000000000000114,20.000000000000114,0.0,0.0
13.358333333333333,2.3000000005262824,3.215010239982874e-06,0.0,858.3955221656263,156.99999999999997,0.0,0.0,0.001486789184572111,0.0,0.0,0.0,0.0,0.0,20.000000000000117,20.000000000000117,0.0,0.0
13.366666666666667,2.3000000005262295,3.215010239982874e-06,0.0,858.3510985326741,156.99999999999997,0.0,0.0,0.001475003609661718,0.0,0.0,0.0,0.0,0.0,20.000000000000117,20.000000000000117,0.0,0.0
13.375,2.300000000526177,3.215010239982874e-06,0.0,858.3070265682395,156.99999999999997,0.0,0.0,0.001463342271902469,0.0,0.0,0.0,0.0,0.0,20.000000000000142,20.000000000000142,0.0,0.0
13.383333333333333,2.3000000005261247,3.215010239982874e-06,0.0,858.2633025701723,156.99999999999997,0.0,0.0,0.0014518035385267362,0.0,0.0,0.0,0.0,0.0,20.000000000000156,20.000000000000156,0.0,0.0
13.391666666666666,2.3000000005260732,3.215010239982874e-06,0.0,858.2199228849126,156.99999999999997,0.0,0.0,0.001440385802449843,0.0,0.0,0.0,0.0,0.0,20.000000000000153,20.000000000000153,0.0,0.0
13.4,2.300000000526022,3.215010239982874e-06,0.0,858.1768839067275,156.99999999999997,0.0,0.0,0.0014290874817998042,0.0,0.0,0.0,0.0,0.0,20.000000000000153,20.000000000000153,0.0,0.0
13.408333333333331,2.300000000525971,3.215010239982874e-06,0.0,858.1341820769617,156.99999999999997,0.0,0.0,0.0014179070194569924,0.0,0.0,0.0,0.0,0.0,20.000000000000163,20.000000000000163,0.0,0.0
13.416666666666668,2.300000000525921,3.215010239982874e-06,0.0,858.0918138833015,156.99999999999997,0.0,0.0,0.0014068428826037778,0.0,0.0,0.0,0.0,0.0,20.000000000000156,20.000000000000156,0.0,0.0
13.424999999999999,2.3000000005258707,3.215010239982874e-06,0.0,858.0497758590527,156.99999999999997,0.0,0.0,0.0013958935622827412,0.0,0.0,0.0,0.0,0.0,20.000000000000153,20.000000000000153,0.0,0.0
13.433333333333334,2.300000000525821,3.215010239982874e-06,0.0,858.0080645824321,156.99999999999997,0.0,0.0,0.001385057572964777,0.0,0.0,0.0,0.0,0.0,20.00000000000014,20.00000000000014,0.0,0.0
13.441666666666666,2.3000000005257717,3.215010239982874e-06,0.0,857.9666766758698,156.99999999999997,0.0,0.0,0.001374333452125588,0.0,0.0,0.0,0.0,0.0,20.00000000000016,20.00000000000016,0.0,0.0
13.45,2.300000000525723,3.215010239982874e-06,0.0,857.9256088053264,156.99999999999997,0.0,0.0,0.001363719759831369,0.0,0.0,0.0,0.0,0.0,20.000000000000146,20.000000000000146,0.0,0.0
13.458333333333332,2.3000000005256744,3.215010239982874e-06,0.0,857.8848576796213,156.99999999999997,0.0,0.0,0.0013532150783326148,0.0,0.0,0.0,0.0,0.0,20.000000000000128,20.000000000000128,0.0,0.0
13.466666666666667,2.3000000005256265,3.215010239982874e-06,0.0,857.8444200497729,156.99999999999997,0.0,0.0,0.0013428180116665364,0.0,0.0,0.0,0.0,0.0,20.00000000000013,20.00000000000013,0.0,0.0
13.474999999999998,2.300000000525579,3.215010239982874e-06,0.0,857.8042927083513,156.99999999999997,0.0,0.0,0.0013325271852669372,0.0,0.0,0.0,0.0,0.0,20.00000000000014,20.00000000000014,0.0,0.0
13.483333333333334,2.3000000005255314,3.215010239982874e-06,0.0,857.7644724888423,156.99999999999997,0.0,0.0,0.0013223412455834705,0.0,0.0,0.0,0.0,0.0,20.00000000000014,20.00000000000014,0.0,0.0
13.491666666666665,2.3000000005254844,3.215010239982874e-06,0.0,857.7249562650226,156.99999999999997,0.0,0.0,0.0013122588597067756,0.0,0.0,0.0,0.0,0.0,20.000000000000135,20.000000000000135,0.0,0.0
13.5,2.3000000005254377,3.215010239982874e-06,0.0,857.6857409503455,156.99999999999997,0.0,0.0,0.0013022787150030605,0.0,0.0,0.0,0.0,0.0,20.000000000000117,20.000000000000117,0.0,0.0
13.508333333333335,2.3000000005253916,3.215010239982874e-06,0.0,857.6468234973394,156.99999999999997,0.0,0.0,0.0012923995187542386,0.0,0.0,0.0,0.0,0.0,20.000000000000124,20.000000000000124,0.0,0.0
13.516666666666666,2.300000000525346,3.215010239982874e-06,0.0,857.6082008970145,156.99999999999997,0.0,0.0,0.0012826199978072733,0.0,0.0,0.0,0.0,0.0,20.00000000000011,20.00000000000011,0.0,0.0
13.525000000000002,2.3000000005253005,3.215010239982874e-06,0.0,857.5698701782819,156.99999999999997,0.0,0.0,0.001272938898228858,0.0,0.0,0.0,0.0,0.0,20.00000000000012,20.00000000000012,0.0,0.0
13.533333333333333,2.300000000525255,3.215010239982874e-06,0.0,857.531828407382,156.99999999999997,0.0,0.0,0.0012633549849679752,0.0,0.0,0.0,0.0,0.0,20.000000000000124,20.000000000000124,0.0,0.0
13.541666666666668,2.3000000005252104,3.215010239982874e-06,0.0,857.4940726873226,156.99999999999997,0.0,0.0,0.001253867041525098,0.0,0.0,0.0,0.0,0.0,20.00000000000013,20.00000000000013,0.0,0.0
13.55,2.300000000525166,3.215010239982874e-06,0.0,857.4566001573282,156.99999999999997,0.0,0.0,0.0012444738696279478,0.0,0.0,0.0,0.0,0.0,20.000000000000135,20.000000000000135,0.0,0.0
13.558333333333334,2.3000000005251215,3.215010239982874e-06,0.0,857.4194079922972,156.99999999999997,0.0,0.0,0.0012351742889132014,0.0,0.0,0.0,0.0,0.0,20.00000000000012,20.00000000000012,0.0,0.0
13.566666666666666,2.300000000525078,3.215010239982874e-06,0.0,857.3824934022699,156.99999999999997,0.0,0.0,0.001225967136615656,0.0,0.0,0.0,0.0,0.0,20.00000000000012,20.00000000000012,0.0,0.0
13.575000000000001,2.3000000005250345,3.215010239982874e-06,0.0,857.3458536319051,156.99999999999997,0.0,0.0,0.0012168512672624547,0.0,0.0,0.0,0.0,0.0,20.000000000000124,20.000000000000124,0.0,0.0
13.583333333333332,2.3000000005249914,3.215010239982874e-06,0.0,857.309485959966,156.99999999999997,0.0,0.0,0.0012078255523737835,0.0,0.0,0.0,0.0,0.0,20.000000000000103,20.000000000000103,0.0,0.0
13.591666666666669,2.3000000005249484,3.215010239982874e-06,0.0,857.2733876988144,156.99999999999997,0.0,0.0,0.001198888880169846,0.0,0.0,0.0,0.0,0.0,20.00000000000008,20.00000000000008,0.0,0.0
13.6,2.300000000524906,3.215010239982874e-06,0.0,857.237556193915,156.99999999999997,0.0,0.0,0.0011900401552828368,0.0,0.0,0.0,0.0,0.0,20.000000000000092,20.000000000000092,0.0,0.0
13.608333333333334,2.300000000524864,3.215010239982874e-06,0.0,857.2019888233467,156.99999999999997,0.0,0.0,0.0011812782984751218,0.0,0.0,0.0,0.0,0.0,20.000000000000103,20.000000000000103,0.0,0.0
13.616666666666667,2.3000000005248222,3.215010239982874e-06,0.0,857.1666829973228,156.99999999999997,0.0,0.0,0.0011726022463629429,0.0,0.0,0.0,0.0,0.0,20.000000000000085,20.000000000000085,0.0,0.0
13.625,2.3000000005247805,3.215010239982874e-06,0.0,857.1316361577202,156.99999999999997,0.0,0.0,0.0011640109511451737,0.0,0.0,0.0,0.0,0.0,20.00000000000009,20.00000000000009,0.0,0.0
13.633333333333333,2.300000000524739,3.215010239982874e-06,0.0,857.0968457776153,156.99999999999997,0.0,0.0,0.0011555033803376407,0.0,0.0,0.0,0.0,0.0,20.00000000000008,20.00000000000008,0.0,0.0
13.641666666666667,2.3000000005246983,3.215010239982874e-06,0.0,857.0623093608289,156.99999999999997,0.0,0.0,0.0011470785165126338,0.0,0.0,0.0,0.0,0.0,20.000000000000092,20.000000000000092,0.0,0.0
13.649999999999999,2.300000000524658,3.215010239982874e-06,0.0,857.0280244414781,156.99999999999997,0.0,0.0,0.0011387353570432386,0.0,0.0,0.0,0.0,0.0,20.000000000000103,20.000000000000103,0.0,0.0
13.658333333333335,2.3000000005246175,3.215010239982874e-06,0.0,856.9939885835367,156.99999999999997,0.0,0.0,0.0011304729138526175,0.0,0.0,0.0,0.0,0.0,20.000000000000107,20.000000000000107,0.0,0.0
13.666666666666666,2.3000000005245775,3.215010239982874e-06,0.0,856.9601993804018,156.99999999999997,0.0,0.0,0.0011222902131685498,0.0,0.0,0.0,0.0,0.0,20.000000000000114,20.000000000000114,0.0,0.0
13.675,2.3000000005245376,3.215010239982874e-06,0.0,856.9266544544685,156.99999999999997,0.0,0.0,0.0011141862952823872,0.0,0.0,0.0,0.0,0.0,20.000000000000096,20.000000000000096,0.0,0.0
13.683333333333334,2.3000000005244985,3.215010239982874e-06,0.0,856.8933514567118,156.99999999999997,0.0,0.0,0.0011061602143123553,0.0,0.0,0.0,0.0,0.0,20.000000000000103,20.000000000000103,0.0,0.0
13.691666666666666,2.3000000005244594,3.215010239982874e-06,0.0,856.8602880662754,156.99999999999997,0.0,0.0,0.0010982110379719153,0.0,0.0,0.0,0.0,0.0,20.0000000000001,20.0000000000001,0.0,0.0
13.7,2.3000000005244203,3.215010239982874e-06,0.0,856.827461990067,156.99999999999997,0.0,0.0,0.001090337847342335,0.0,0.0,0.0,0.0,0.0,20.000000000000092,20.000000000000092,0.0,0.0
13.708333333333334,2.3000000005243817,3.215010239982874e-06,0.0,856.7948709623608,156.99999999999997,0.0,0.0,0.001082539736649707,0.0,0.0,0.0,0.0,0.0,20.000000000000107,20.000000000000107,0.0,0.0
13.716666666666665,2.3000000005243435,3.215010239982874e-06,0.0,856.7625127444069,156.99999999999997,0.0,0.0,0.0010748158130456746,0.0,0.0,0.0,0.0,0.0,20.000000000000107,20.000000000000107,0.0,0.0
13.725000000000001,2.3000000005243053,3.215010239982874e-06,0.0,856.730385124046,156.99999999999997,0.0,0.0,0.001067165196393244,0.0,0.0,0.0,0.0,0.0,20.00000000000011,20.00000000000011,0.0,0.0
13.733333333333333,2.3000000005242676,3.215010239982874e-06,0.0,856.6984859153322,156.99999999999997,0.0,0.0,0.0010595870190559938,0.0,0.0,0.0,0.0,0.0,20.000000000000107,20.000000000000107,0.0,0.0
13.741666666666667,2.3000000005242303,3.215010239982874e-06,0.0,856.6668129581603,156.99999999999997,0.0,0.0,0.00105208042569111,0.0,0.0,0.0,0.0,0.0,20.000000000000103,20.000000000000103,0.0,0.0
13.75,2.300000000524193,3.215010239982874e-06,0.0,856.6353641179007,156.99999999999997,0.0,0.0,0.0010446445730471331,0.0,0.0,0.0,0.0,0.0,20.000000000000107,20.000000000000107,0.0,0.0
13.758333333333333,2.300000000524156,3.215010239982874e-06,0.0,856.6041372850395,156.99999999999997,0.0,0.0,0.0010372786297647544,0.0,0.0,0.0,0.0,0.0,20.000000000000103,20.000000000000103,0.0,0.0
13.766666666666666,2.3000000005241197,3.215010239982874e-06,0.0,856.5731303748249,156.99999999999997,0.0,0.0,0.0010299817761814556,0.0,0.0,0.0,0.0,0.0,20.000000000000107,20.000000000000107,0.0,0.0
13.775,2.3000000005240833,3.215010239982874e-06,0.0,856.5423413269186,156.99999999999997,0.0,0.0,0.0010227532041405104,0.0,0.0,0.0,0.0,0.0,20.000000000000103,20.000000000000103,0.0,0.0
13.783333333333331,2.300000000524047,3.215010239982874e-06,0.0,856.5117681050542,156.99999999999997,0.0,0.0,0.0010155921168022203,0.0,0.0,0.0,0.0,0.0,20.000000000000124,20.000000000000124,0.0,0.0
13.791666666666668,2.3000000005240113,3.215010239982874e-06,0.0,856.4814086967004,156.99999999999997,0.0,0.0,0.0010084977284600647,0.0,0.0,0.0,0.0,0.0,20.00000000000013,20.00000000000013,0.0,0.0
13.799999999999999,2.3000000005239754,3.215010239982874e-06,0.0,856.4512611127294,156.99999999999997,0.0,0.0,0.0010014692643595543,0.0,0.0,0.0,0.0,0.0,20.00000000000012,20.00000000000012,0.0,0.0
13.808333333333334,2.3000000005239403,3.215010239982874e-06,0.0,856.4213233870913,156.99999999999997,0.0,0.0,0.00099450596052021,0.0,0.0,0.0,0.0,0.0,20.000000000000103,20.000000000000103,0.0,0.0
13.816666666666666,2.300000000523905,3.215010239982874e-06,0.0,856.3915935764936,156.99999999999997,0.0,0.0,0.0009876070635614672,0.0,0.0,0.0,0.0,0.0,20.000000000000107,20.000000000000107,0.0,0.0
13.825,2.30000000052387,3.215010239982874e-06,0.0,856.3620697600859,156.99999999999997,0.0,0.0,0.000980771830531331,0.0,0.0,0.0,0.0,0.0,20.00000000000011,20.00000000000011,0.0,0.0
13.833333333333332,2.3000000005238355,3.215010239982874e-06,0.0,856.332750039149,156.99999999999997,0.0,0.0,0.000973999528738674,0.0,0.0,0.0,0.0,0.0,20.0000000000001,20.0000000000001,0.0,0.0
13.841666666666667,2.3000000005238013,3.215010239982874e-06,0.0,856.3036325367907,156.99999999999997,0.0,0.0,0.0009672894355878342,0.0,0.0,0.0,0.0,0.0,20.000000000000096,20.000000000000096,0.0,0.0
13.849999999999998,2.300000000523767,3.215010239982874e-06,0.0,856.2747153976444,156.99999999999997,0.0,0.0,0.0009606408384168595,0.0,0.0,0.0,0.0,0.0,20.00000000000009,20.00000000000009,0.0,0.0
13.858333333333334,2.3000000005237333,3.215010239982874e-06,0.0,856.2459967875739,156.99999999999997,0.0,0.0,0.000954053034338618,0.0,0.0,0.0,0.0,0.0,20.00000000000008,20.00000000000008,0.0,0.0
13.866666666666665,2.3000000005236996,3.215010239982874e-06,0.0,856.2174748933826,156.99999999999997,0.0,0.0,0.0009475253300849119,0.0,0.0,0.0,0.0,0.0,20.000000000000085,20.000000000000085,0.0,0.0
13.875,2.3000000005236663,3.215010239982874e-06,0.0,856.1891479225272,156.99999999999997,0.0,0.0,0.0009410570418527399,0.0,0.0,0.0,0.0,0.0,20.000000000000096,20.000000000000096,0.0,0.0
13.883333333333335,2.300000000523633,3.215010239982874e-06,0.0,856.1610141028364,156.99999999999997,0.0,0.0,0.000934647495154402,0.0,0.0,0.0,0.0,0.0,20.0000000000001,20.0000000000001,0.0,0.0
13.891666666666666,2.3000000005236,3.215010239982874e-06,0.0,856.1330716822325,156.99999999999997,0.0,0.0,0.0009282960246694914,0.0,0.0,0.0,0.0,0.0,20.000000000000103,20.000000000000103,0.0,0.0
13.900000000000002,2.3000000005235672,3.215010239982874e-06,0.0,856.1053189284605,156.99999999999997,0.0,0.0,0.0009220019740999223,0.0,0.0,0.0,0.0,0.0,20.000000000000124,20.000000000000124,0.0,0.0
13.908333333333333,2.300000000523535,3.215010239982874e-06,0.0,856.0777541288178,156.99999999999997,0.0,0.0,0.0009157646960275053,0.0,0.0,0.0,0.0,0.0,20.00000000000012,20.00000000000012,0.0,0.0
13.916666666666668,2.3000000005235024,3.215010239982874e-06,0.0,856.050375589891,156.99999999999997,0.0,0.0,0.0009095835517741187,0.0,0.0,0.0,0.0,0.0,20.00000000000013,20.00000000000013,0.0,0.0
13.925,2.3000000005234704,3.215010239982874e-06,0.0,856.0231816372958,156.99999999999997,0.0,0.0,0.0009034579112644483,0.0,0.0,0.0,0.0,0.0,20.00000000000014,20.00000000000014,0.0,0.0
13.933333333333334,2.3000000005234384,3.215010239982874e-06,0.0,855.9961706154202,156.99999999999997,0.0,0.0,0.0008973871528908071,0.0,0.0,0.0,0.0,0.0,20.00000000000014,20.00000000000014,0.0,0.0
13.941666666666666,2.300000000523407,3.215010239982874e-06,0.0,855.9693408871731,156.99999999999997,0.0,0.0,0.0008913706633809051,0.0,0.0,0.0,0.0,0.0,20.000000000000142,20.000000000000142,0.0,0.0
13.950000000000001,2.3000000005233754,3.215010239982874e-06,0.0,855.9426908337363,156.99999999999997,0.0,0.0,0.000885407837667812,0.0,0.0,0.0,0.0,0.0,20.00000000000015,20.00000000000015,0.0,0.0
13.958333333333332,2.3000000005233443,3.215010239982874e-06,0.0,855.91621885432,156.99999999999997,0.0,0.0,0.0008794980787619098,0.0,0.0,0.0,0.0,0.0,20.00000000000014,20.00000000000014,0.0,0.0
13.966666666666669,2.300000000523313,3.215010239982874e-06,0.0,855.8899233659226,156.99999999999997,0.0,0.0,0.0008736407976255144,0.0,0.0,0.0,0.0,0.0,20.000000000000156,20.000000000000156,0.0,0.0
13.975,2.3000000005232826,3.215010239982874e-06,0.0,855.8638028030938,156.99999999999997,0.0,0.0,0.0008678354130496039,0.0,0.0,0.0,0.0,0.0,20.000000000000153,20.000000000000153,0.0,0.0
13.983333333333334,2.300000000523252,3.215010239982874e-06,0.0,855.8378556177017,156.99999999999997,0.0,0.0,0.00086208135153262,0.0,0.0,0.0,0.0,0.0,20.00000000000016,20.00000000000016,0.0,0.0
13.991666666666667,2.3000000005232217,3.215010239982874e-06,0.0,855.8120802787039,156.99999999999997,0.0,0.0,0.0008563780471615845,0.0,0.0,0.0,0.0,0.0,20.000000000000153,20.000000000000153,0.0,0.0
14.0,2.3000000005231915,3.215010239982874e-06,0.0,855.7864752719203,156.99999999999997,0.0,0.0,0.0008507249414950586,0.0,0.0,0.0,0.0,0.0,20.000000000000142,20.000000000000142,0.0,0.0
14.008333333333333,2.3000000005231613,3.215010239982874e-06,0.0,855.7610390998123,156.99999999999997,0.0,0.0,0.0008451214834483565,0.0,0.0,0.0,0.0,0.0,20.00000000000013,20.00000000000013,0.0,0.0
14.016666666666667,2.3000000005231316,3.215010239982874e-06,0.0,855.7357702812628,156.99999999999997,0.0,0.0,0.0008395671291809027,0.0,0.0,0.0,0.0,0.0,20.00000000000012,20.00000000000012,0.0,0.0
14.024999999999999,2.3000000005231023,3.215010239982874e-06,0.0,855.710667351361,156.99999999999997,0.0,0.0,0.000834061341985084,0.0,0.0,0.0,0.0,0.0,20.000000000000114,20.000000000000114,0.0,0.0
14.033333333333335,2.300000000523073,3.215010239982874e-06,0.0,855.6857288611898,156.99999999999997,0.0,0.0,0.0008286035921775458,0.0,0.0,0.0,0.0,0.0,20.00000000000012,20.00000000000012,0.0,0.0
14.041666666666666,2.3000000005230437,3.215010239982874e-06,0.0,855.6609533776166,156.99999999999997,0.0,0.0,0.0008231933569922821,0.0,0.0,0.0,0.0,0.0,20.000000000000124,20.000000000000124,0.0,0.0
14.05,2.300000000523015,3.215010239982874e-06,0.0,855.6363394830884,156.99999999999997,0.0,0.0,0.0008178301204749811,0.0,0.0,0.0,0.0,0.0,20.000000000000128,20.000000000000128,0.0,0.0
14.058333333333334,2.300000000522986,3.215010239982874e-06,0.0,855.6118857754275,156.99999999999997,0.0,0.0,0.0008125133733803408,0.0,0.0,0.0,0.0,0.0,20.000000000000124,20.000000000000124,0.0,0.0
14.066666666666666,2.300000000522957,3.215010239982874e-06,0.0,855.5875908676328,156.99999999999997,0.0,0.0,0.0008072426130699811,0.0,0.0,0.0,0.0,0.0,20.000000000000117,20.000000000000117,0.0,0.0
14.075,2.300000000522929,3.215010239982874e-06,0.0,855.5634533876832,156.99999999999997,0.0,0.0,0.0008020173434129294,0.0,0.0,0.0,0.0,0.0,20.00000000000011,20.00000000000011,0.0,0.0
14.083333333333334,2.3000000005229007,3.215010239982874e-06,0.0,855.539471978343,156.99999999999997,0.0,0.0,0.0007968370746874411,0.0,0.0,0.0,0.0,0.0,20.000000000000114,20.000000000000114,0.0,0.0
14.091666666666665,2.3000000005228727,3.215010239982874e-06,0.0,855.5156452969719,156.99999999999997,0.0,0.0,0.0007917013234848253,0.0,0.0,0.0,0.0,0.0,20.00000000000013,20.00000000000013,0.0,0.0
14.100000000000001,2.3000000005228447,3.215010239982874e-06,0.0,855.491972015337,156.99999999999997,0.0,0.0,0.0007866096126143906,0.0,0.0,0.0,0.0,0.0,20.000000000000128,20.000000000000128,0.0,0.0
14.108333333333333,2.300000000522817,3.215010239982874e-06,0.0,855.4684508194271,156.99999999999997,0.0,0.0,0.0007815614710103546,0.0,0.0,0.0,0.0,0.0,20.000000000000124,20.000000000000124,0.0,0.0
14.116666666666667,2.3000000005227896,3.215010239982874e-06,0.0,855.4450804092708,156.99999999999997,0.0,0.0,0.0007765564336406066,0.0,0.0,0.0,0.0,0.0,20.000000000000124,20.000000000000124,0.0,0.0
14.125,2.300000000522762,3.215010239982874e-06,0.0,855.4218594987572,156.99999999999997,0.0,0.0,0.0007715940414165295,0.0,0.0,0.0,0.0,0.0,20.000000000000124,20.000000000000124,0.0,0.0
14.133333333333333,2.300000000522735,3.215010239982874e-06,0.0,855.3987868154582,156.99999999999997,0.0,0.0,0.0007666738411045506,0.0,0.0,0.0,0.0,0.0,20.000000000000128,20.000000000000128,0.0,0.0
14.141666666666666,2.3000000005227084,3.215010239982874e-06,0.0,855.3758611004545,156.99999999999997,0.0,0.0,0.0007617953852393143,0.0,0.0,0.0,0.0,0.0,20.000000000000103,20.000000000000103,0.0,0.0
14.15,2.3000000005226813,3.215010239982874e-06,0.0,855.3530811081639,156.99999999999997,0.0,0.0,0.0007569582320380305,0.0,0.0,0.0,0.0,0.0,20.000000000000096,20.000000000000096,0.0,0.0
14.158333333333331,2.300000000522655,3.215010239982874e-06,0.0,855.3304456061724,156.99999999999997,0.0,0.0,0.0007521619453168311,0.0,0.0,0.0,0.0,0.0,20.000000000000092,20.000000000000092,0.0,0.0
14.166666666666668,2.3000000005226284,3.215010239982874e-06,0.0,855.3079533750669,156.99999999999997,0.0,0.0,0.0007474060944077586,0.0,0.0,0.0,0.0,0.0,20.00000000000008,20.00000000000008,0.0,0.0
14.174999999999999,2.3000000005226022,3.215010239982874e-06,0.0,855.2856032082711,156.99999999999997,0.0,0.0,0.0007426902540775563,0.0,0.0,0.0,0.0,0.0,20.00000000000009,20.00000000000009,0.0,0.0
14.183333333333334,2.300000000522576,3.215010239982874e-06,0.0,855.2633939118845,156.99999999999997,0.0,0.0,0.0007380140044482403,0.0,0.0,0.0,0.0,0.0,20.000000000000075,20.000000000000075,0.0,0.0
14.191666666666666,2.3000000005225503,3.215010239982874e-06,0.0,855.2413243045214,156.99999999999997,0.0,0.0,0.0007333769309182534,0.0,0.0,0.0,0.0,0.0,20.000000000000068,20.000000000000068,0.0,0.0
14.2,2.3000000005225245,3.215010239982874e-06,0.0,855.2193932171554,156.99999999999997,0.0,0.0,0.0007287786240852836,0.0,0.0,0.0,0.0,0.0,20.000000000000064,20.000000000000064,0.0,0.0
14.208333333333332,2.3000000005224988,3.215010239982874e-06,0.0,855.1975994929634,156.99999999999997,0.0,0.0,0.0007242186796703914,0.0,0.0,0.0,0.0,0.0,20.000000000000078,20.000000000000078,0.0,0.0
14.216666666666667,2.3000000005224734,3.215010239982874e-06,0.0,855.1759419871736,156.99999999999997,0.0,0.0,0.000719696698443514,0.0,0.0,0.0,0.0,0.0,20.000000000000092,20.000000000000092,0.0,0.0
14.224999999999998,2.300000000522448,3.215010239982874e-06,0.0,855.1544195669153,156.99999999999997,0.0,0.0,0.0007152122861496619,0.0,0.0,0.0,0.0,0.0,20.00000000000011,20.00000000000011,0.0,0.0
14.233333333333334,2.300000000522423,3.215010239982874e-06,0.0,855.1330311110701,156.99999999999997,0.0,0.0,0.0007107650534373786,0.0,0.0,0.0,0.0,0.0,20.00000000000009,20.00000000000009,0.0,0.0
14.241666666666665,2.300000000522398,3.215010239982874e-06,0.0,855.1117755101264,156.99999999999997,0.0,0.0,0.0007063546157869464,0.0,0.0,0.0,0.0,0.0,20.000000000000085,20.000000000000085,0.0,0.0
14.25,2.300000000522373,3.215010239982874e-06,0.0,855.0906516660357,156.99999999999997,0.0,0.0,0.0007019805934413236,0.0,0.0,0.0,0.0,0.0,20.00000000000007,20.00000000000007,0.0,0.0
14.258333333333335,2.3000000005223487,3.215010239982874e-06,0.0,855.0696584920702,156.99999999999997,0.0,0.0,0.0006976426113368852,0.0,0.0,0.0,0.0,0.0,20.00000000000007,20.00000000000007,0.0,0.0
14.266666666666666,2.3000000005223242,3.215010239982874e-06,0.0,855.0487949126831,156.99999999999997,0.0,0.0,0.0006933402990361968,0.0,0.0,0.0,0.0,0.0,20.00000000000006,20.00000000000006,0.0,0.0
14.275000000000002,2.3000000005223,3.215010239982874e-06,0.0,855.0280598633714,156.99999999999997,0.0,0.0,0.0006890732906615618,0.0,0.0,0.0,0.0,0.0,20.000000000000064,20.000000000000064,0.0,0.0
14.283333333333333,2.3000000005222754,3.215010239982874e-06,0.0,855.0074522905395,156.99999999999997,0.0,0.0,0.0006848412248296629,0.0,0.0,0.0,0.0,0.0,20.000000000000075,20.000000000000075,0.0,0.0
14.291666666666668,2.3000000005222514,3.215010239982874e-06,0.0,854.9869711513657,156.99999999999997,0.0,0.0,0.0006806437445871169,0.0,0.0,0.0,0.0,0.0,20.00000000000008,20.00000000000008,0.0,0.0
14.3,2.3000000005222274,3.215010239982874e-06,0.0,854.96661541367,156.99999999999997,0.0,0.0,0.0006764804973473441,0.0,0.0,0.0,0.0,0.0,20.00000000000007,20.00000000000007,0.0,0.0
14.308333333333334,2.300000000522204,3.215010239982874e-06,0.0,854.9463840557844,156.99999999999997,0.0,0.0,0.0006723511348286523,0.0,0.0,0.0,0.0,0.0,20.000000000000064,20.000000000000064,0.0,0.0
14.316666666666666,2.3000000005221803,3.215010239982874e-06,0.0,854.9262760664243,156.99999999999997,0.0,0.0,0.000668255312992463,0.0,0.0,0.0,0.0,0.0,20.000000000000068,20.000000000000068,0.0,0.0
14.325000000000001,2.300000000522157,3.215010239982874e-06,0.0,854.9062904445625,156.99999999999997,0.0,0.0,0.0006641926919837083,0.0,0.0,0.0,0.0,0.0,20.000000000000078,20.000000000000078,0.0,0.0
14.333333333333332,2.3000000005221333,3.215010239982874e-06,0.0,854.8864261993043,156.99999999999997,0.0,0.0,0.0006601629360711045,0.0,0.0,0.0,0.0,0.0,20.000000000000064,20.000000000000064,0.0,0.0
14.341666666666669,2.30000000052211,3.215010239982874e-06,0.0,854.8666823497647,156.99999999999997,0.0,0.0,0.0006561657135894844,0.0,0.0,0.0,0.0,0.0,20.000000000000064,20.000000000000064,0.0,0.0
14.35,2.3000000005220875,3.215010239982874e-06,0.0,854.8470579249475,156.99999999999997,0.0,0.0,0.0006522006968816638,0.0,0.0,0.0,0.0,0.0,20.00000000000007,20.00000000000007,0.0,0.0
14.358333333333334,2.3000000005220644,3.215010239982874e-06,0.0,854.827551963626,156.99999999999997,0.0,0.0,0.0006482675622429088,0.0,0.0,0.0,0.0,0.0,20.000000000000075,20.000000000000075,0.0,0.0
14.366666666666667,2.300000000522042,3.215010239982874e-06,0.0,854.8081635142246,156.99999999999997,0.0,0.0,0.0006443659898646741,0.0,0.0,0.0,0.0,0.0,20.000000000000075,20.000000000000075,0.0,0.0
14.375,2.300000000522019,3.215010239982874e-06,0.0,854.7888916347036,156.99999999999997,0.0,0.0,0.0006404956637804321,0.0,0.0,0.0,0.0,0.0,20.00000000000008,20.00000000000008,0.0,0.0
14.383333333333333,2.3000000005219965,3.215010239982874e-06,0.0,854.7697353924443,156.99999999999997,0.0,0.0,0.0006366562718119646,0.0,0.0,0.0,0.0,0.0,20.00000000000009,20.00000000000009,0.0,0.0
14.391666666666667,2.3000000005219743,3.215010239982874e-06,0.0,854.7506938641365,156.99999999999997,0.0,0.0,0.0006328475055162703,0.0,0.0,0.0,0.0,0.0,20.0000000000001,20.0000000000001,0.0,0.0
14.399999999999999,2.300000000521952,3.215010239982874e-06,0.0,854.7317661356662,156.99999999999997,0.0,0.0,0.0006290690601334036,0.0,0.0,0.0,0.0,0.0,20.00000000000011,20.00000000000011,0.0,0.0
14.408333333333335,2.30000000052193,3.215010239982874e-06,0.0,854.7129513020078,156.99999999999997,0.0,0.0,0.000625320634535706,0.0,0.0,0.0,0.0,0.0,20.00000000000009,20.00000000000009,0.0,0.0
14.416666666666666,2.300000000521908,3.215010239982874e-06,0.0,854.6942484671139,156.99999999999997,0.0,0.0,0.0006216019311771474,0.0,0.0,0.0,0.0,0.0,20.000000000000096,20.000000000000096,0.0,0.0
14.425,2.3000000005218864,3.215010239982874e-06,0.0,854.6756567438099,156.99999999999997,0.0,0.0,0.0006179126560435645,0.0,0.0,0.0,0.0,0.0,20.000000000000117,20.000000000000117,0.0,0.0
14.433333333333334,2.3000000005218646,3.215010239982874e-06,0.0,854.6571752536881,156.99999999999997,0.0,0.0,0.0006142525186041847,0.0,0.0,0.0,0.0,0.0,20.00000000000012,20.00000000000012,0.0,0.0
14.441666666666666,2.3000000005218433,3.215010239982874e-06,0.0,854.6388031270047,156.99999999999997,0.0,0.0,0.0006106212317633125,0.0,0.0,0.0,0.0,0.0,20.000000000000128,20.000000000000128,0.0,0.0
14.45,2.300000000521822,3.215010239982874e-06,0.0,854.6205395025765,156.99999999999997,0.0,0.0,0.0006070185118131236,0.0,0.0,0.0,0.0,0.0,20.00000000000013,20.00000000000013,0.0,0.0
14.458333333333334,2.3000000005218006,3.215010239982874e-06,0.0,854.6023835276808,156.99999999999997,0.0,0.0,0.0006034440783872374,0.0,0.0,0.0,0.0,0.0,20.000000000000135,20.000000000000135,0.0,0.0
14.466666666666665,2.3000000005217793,3.215010239982874e-06,0.0,854.5843343579554,156.99999999999997,0.0,0.0,0.00059989765441459,0.0,0.0,0.0,0.0,0.0,20.000000000000128,20.000000000000128,0.0,0.0
14.475000000000001,2.3000000005217585,3.215010239982874e-06,0.0,854.5663911573004,156.99999999999997,0.0,0.0,0.000596378966074698,0.0,0.0,0.0,0.0,0.0,20.000000000000128,20.000000000000128,0.0,0.0
14.483333333333333,2.3000000005217376,3.215010239982874e-06,0.0,854.5485530977815,156.99999999999997,0.0,0.0,0.0005928877427529717,0.0,0.0,0.0,0.0,0.0,20.000000000000124,20.000000000000124,0.0,0.0
14.491666666666667,2.3000000005217167,3.215010239982874e-06,0.0,854.5308193595349,156.99999999999997,0.0,0.0,0.0005894237169970858,0.0,0.0,0.0,0.0,0.0,20.000000000000135,20.000000000000135,0.0,0.0
14.5,2.300000000521696,3.215010239982874e-06,0.0,854.5131891306726,156.99999999999997,0.0,0.0,0.0005859866244741683,0.0,0.0,0.0,0.0,0.0,20.000000000000107,20.000000000000107,0.0,0.0
14.508333333333333,2.3000000005216754,3.215010239982874e-06,0.0,854.495661607189,156.99999999999997,0.0,0.0,0.0005825762039280146,0.0,0.0,0.0,0.0,0.0,20.000000000000096,20.000000000000096,0.0,0.0
14.516666666666666,2.300000000521655,3.215010239982874e-06,0.0,854.4782359928704,156.99999999999997,0.0,0.0,0.0005791921971377274,0.0,0.0,0.0,0.0,0.0,20.00000000000009,20.00000000000009,0.0,0.0
14.525,2.300000000521635,3.215010239982874e-06,0.0,854.4609114992038,156.99999999999997,0.0,0.0,0.000575834348876602,0.0,0.0,0.0,0.0,0.0,20.0000000000001,20.0000000000001,0.0,0.0
14.533333333333331,2.3000000005216146,3.215010239982874e-06,0.0,854.4436873452878,156.99999999999997,0.0,0.0,0.0005725024068715634,0.0,0.0,0.0,0.0,0.0,20.0000000000001,20.0000000000001,0.0,0.0
14.541666666666668,2.3000000005215946,3.215010239982874e-06,0.0,854.4265627577447,156.99999999999997,0.0,0.0,0.0005691961217633819,0.0,0.0,0.0,0.0,0.0,20.000000000000092,20.000000000000092,0.0,0.0
14.549999999999999,2.3000000005215746,3.215010239982874e-06,0.0,854.4095369706336,156.99999999999997,0.0,0.0,0.0005659152470678103,0.0,0.0,0.0,0.0,0.0,20.00000000000009,20.00000000000009,0.0,0.0
14.558333333333334,2.300000000521555,3.215010239982874e-06,0.0,854.3926092253646,156.99999999999997,0.0,0.0,0.0005626595391364027,0.0,0.0,0.0,0.0,0.0,20.00000000000007,20.00000000000007,0.0,0.0
14.566666666666666,2.300000000521535,3.215010239982874e-06,0.0,854.3757787706149,156.99999999999997,0.0,0.0,0.0005594287571190911,0.0,0.0,0.0,0.0,0.0,20.00000000000009,20.00000000000009,0.0,0.0
14.575,2.3000000005215155,3.215010239982874e-06,0.0,854.3590448622449,156.99999999999997,0.0,0.0,0.0005562226629263549,0.0,0.0,0.0,0.0,0.0,20.000000000000096,20.000000000000096,0.0,0.0
14.583333333333332,2.300000000521496,3.215010239982874e-06,0.0,854.3424067632158,156.99999999999997,0.0,0.0,0.0005530410211925149,0.0,0.0,0.0,0.0,0.0,20.000000000000103,20.000000000000103,0.0,0.0
14.591666666666667,2.300000000521477,3.215010239982874e-06,0.0,854.3258637435088,156.99999999999997,0.0,0.0,0.0005498835992397607,0.0,0.0,0.0,0.0,0.0,20.00000000000011,20.00000000000011,0.0,0.0
14.599999999999998,2.3000000005214574,3.215010239982874e-06,0.0,854.3094150800449,156.99999999999997,0.0,0.0,0.0005467501670416822,0.0,0.0,0.0,0.0,0.0,20.000000000000096,20.000000000000096,0.0,0.0
14.608333333333334,2.3000000005214383,3.215010239982874e-06,0.0,854.2930600566061,156.99999999999997,0.0,0.0,0.0005436404971888196,0.0,0.0,0.0,0.0,0.0,20.00000000000008,20.00000000000008,0.0,0.0
14.616666666666665,2.300000000521419,3.215010239982874e-06,0.0,854.2767979637571,156.99999999999997,0.0,0.0,0.0005405543648536309,0.0,0.0,0.0,0.0,0.0,20.00000000000006,20.00000000000006,0.0,0.0
14.625,2.3000000005214005,3.215010239982874e-06,0.0,854.2606280987684,156.99999999999997,0.0,0.0,0.0005374915477563955,0.0,0.0,0.0,0.0,0.0,20.000000000000064,20.000000000000064,0.0,0.0
14.633333333333335,2.3000000005213814,3.215010239982874e-06,0.0,854.2445497655403,156.99999999999997,0.0,0.0,0.0005344518261315926,0.0,0.0,0.0,0.0,0.0,20.00000000000006,20.00000000000006,0.0,0.0
14.641666666666666,2.3000000005213628,3.215010239982874e-06,0.0,854.2285622745289,156.99999999999997,0.0,0.0,0.0005314349826948222,0.0,0.0,0.0,0.0,0.0,20.000000000000053,20.000000000000053,0.0,0.0
14.650000000000002,2.300000000521344,3.215010239982874e-06,0.0,854.2126649426705,156.99999999999997,0.0,0.0,0.0005284408026101881,0.0,0.0,0.0,0.0,0.0,20.000000000000068,20.000000000000068,0.0,0.0
14.658333333333333,2.300000000521326,3.215010239982874e-06,0.0,854.1968570933099,156.99999999999997,0.0,0.0,0.000525469073458138,0.0,0.0,0.0,0.0,0.0,20.000000000000057,20.000000000000057,0.0,0.0
14.666666666666668,2.3000000005213073,3.215010239982874e-06,0.0,854.1811380561282,156.99999999999997,0.0,0.0,0.0005225195852039057,0.0,0.0,0.0,0.0,0.0,20.000000000000068,20.000000000000068,0.0,0.0
14.675,2.300000000521289,3.215010239982874e-06,0.0,854.1655071670714,156.99999999999997,0.0,0.0,0.0005195921301661728,0.0,0.0,0.0,0.0,0.0,20.000000000000068,20.000000000000068,0.0,0.0
14.683333333333334,2.300000000521271,3.215010239982874e-06,0.0,854.1499637682807,156.99999999999997,0.0,0.0,0.0005166865029864728,0.0,0.0,0.0,0.0,0.0,20.000000000000085,20.000000000000085,0.0,0.0
14.691666666666666,2.300000000521253,3.215010239982874e-06,0.0,854.1345072080225,156.99999999999997,0.0,0.0,0.00051380250059888,0.0,0.0,0.0,0.0,0.0,20.000000000000078,20.000000000000078,0.0,0.0
14.700000000000001,2.300000000521235,3.215010239982874e-06,0.0,854.119136840621,156.99999999999997,0.0,0.0,0.0005109399222002782,0.0,0.0,0.0,0.0,0.0,20.000000000000103,20.000000000000103,0.0,0.0
14.708333333333332,2.300000000521217,3.215010239982874e-06,0.0,854.1038520263903,156.99999999999997,0.0,0.0,0.0005080985692209803,0.0,0.0,0.0,0.0,0.0,20.000000000000096,20.000000000000096,0.0,0.0
14.716666666666669,2.3000000005211994,3.215010239982874e-06,0.0,854.0886521315679,156.99999999999997,0.0,0.0,0.0005052782452956951,0.0,0.0,0.0,0.0,0.0,20.000000000000103,20.000000000000103,0.0,0.0
14.725,2.3000000005211816,3.215010239982874e-06,0.0,854.073536528249,156.99999999999997,0.0,0.0,0.0005024787562352054,0.0,0.0,0.0,0.0,0.0,20.0000000000001,20.0000000000001,0.0,0.0
14.733333333333334,2.3000000005211643,3.215010239982874e-06,0.0,854.0585045943214,156.99999999999997,0.0,0.0,0.0004996999099980894,0.0,0.0,0.0,0.0,0.0,20.00000000000009,20.00000000000009,0.0,0.0
14.741666666666667,2.3000000005211465,3.215010239982874e-06,0.0,854.0435557134023,156.99999999999997,0.0,0.0,0.0004969415166632148,0.0,0.0,0.0,0.0,0.0,20.000000000000092,20.000000000000092,0.0,0.0
14.75,2.300000000521129,3.215010239982874e-06,0.0,854.0286892747738,156.99999999999997,0.0,0.0,0.0004942033884024167,0.0,0.0,0.0,0.0,0.0,20.00000000000008,20.00000000000008,0.0,0.0
14.758333333333333,2.300000000521112,3.215010239982874e-06,0.0,854.013904673322,156.99999999999997,0.0,0.0,0.0004914853394536446,0.0,0.0,0.0,0.0,0.0,20.000000000000085,20.000000000000085,0.0,0.0
14.766666666666667,2.300000000521095,3.215010239982874e-06,0.0,853.9992013094743,156.99999999999997,0.0,0.0,0.0004887871860945767,0.0,0.0,0.0,0.0,0.0,20.000000000000068,20.000000000000068,0.0,0.0
14.774999999999999,2.3000000005210777,3.215010239982874e-06,0.0,853.9845785891391,156.99999999999997,0.0,0.0,0.0004861087466161827,0.0,0.0,0.0,0.0,0.0,20.000000000000046,20.000000000000046,0.0,0.0
14.783333333333335,2.300000000521061,3.215010239982874e-06,0.0,853.9700359236456,156.99999999999997,0.0,0.0,0.0004834498412976978,0.0,0.0,0.0,0.0,0.0,20.00000000000004,20.00000000000004,0.0,0.0
14.791666666666666,2.300000000521044,3.215010239982874e-06,0.0,853.9555727296845,156.99999999999997,0.0,0.0,0.0004808102923805117,0.0,0.0,0.0,0.0,0.0,20.000000000000036,20.000000000000036,0.0,0.0
14.8,2.300000000521027,3.215010239982874e-06,0.0,853.9411884292501,156.99999999999997,0.0,0.0,0.0004781899240438974,0.0,0.0,0.0,0.0,0.0,20.000000000000043,20.000000000000043,0.0,0.0
14.808333333333334,2.30000000052101,3.215010239982874e-06,0.0,853.9268824495819,156.99999999999997,0.0,0.0,0.00047558856237987074,0.0,0.0,0.0,0.0,0.0,20.000000000000043,20.000000000000043,0.0,0.0
14.816666666666666,2.3000000005209937,3.215010239982874e-06,0.0,853.9126542231074,156.99999999999997,0.0,0.0,0.00047300603536943827,0.0,0.0,0.0,0.0,0.0,20.000000000000064,20.000000000000064,0.0,0.0
14.825,2.3000000005209773,3.215010239982874e-06,0.0,853.8985031873868,156.99999999999997,0.0,0.0,0.0004704421728581917,0.0,0.0,0.0,0.0,0.0,20.00000000000007,20.00000000000007,0.0,0.0
14.833333333333334,2.300000000520961,3.215010239982874e-06,0.0,853.8844287850563,156.99999999999997,0.0,0.0,0.00046789680653335164,0.0,0.0,0.0,0.0,0.0,20.00000000000006,20.00000000000006,0.0,0.0
14.841666666666665,2.3000000005209444,3.215010239982874e-06,0.0,853.8704304637738,156.99999999999997,0.0,0.0,0.00046536976989993675,0.0,0.0,0.0,0.0,0.0,20.000000000000053,20.000000000000053,0.0,0.0
14.850000000000001,2.300000000520928,3.215010239982874e-06,0.0,853.8565076761647,156.99999999999997,0.0,0.0,0.0004628608982585149,0.0,0.0,0.0,0.0,0.0,20.000000000000064,20.000000000000064,0.0,0.0
14.858333333333333,2.300000000520912,3.215010239982874e-06,0.0,853.8426598797685,156.99999999999997,0.0,0.0,0.00046037002868200505,0.0,0.0,0.0,0.0,0.0,20.00000000000006,20.00000000000006,0.0,0.0
14.866666666666667,2.300000000520896,3.215010239982874e-06,0.0,853.8288865369854,156.99999999999997,0.0,0.0,0.00045789699999412316,0.0,0.0,0.0,0.0,0.0,20.000000000000053,20.000000000000053,0.0,0.0
14.875,2.30000000052088,3.215010239982874e-06,0.0,853.8151871150244,156.99999999999997,0.0,0.0,0.00045544165274701633,0.0,0.0,0.0,0.0,0.0,20.00000000000005,20.00000000000005,0.0,0.0
14.883333333333333,2.300000000520864,3.215010239982874e-06,0.0,853.8015610858524,156.99999999999997,0.0,0.0,0.0004530038291998144,0.0,0.0,0.0,0.0,0.0,20.000000000000068,20.000000000000068,0.0,0.0
14.891666666666666,2.300000000520848,3.215010239982874e-06,0.0,853.7880079261423,156.99999999999997,0.0,0.0,0.00045058337329730003,0.0,0.0,0.0,0.0,0.0,20.00000000000009,20.00000000000009,0.0,0.0
14.9,2.3000000005208325,3.215010239982874e-06,0.0,853.7745271172233,156.99999999999997,0.0,0.0,0.0004481801306490549,0.0,0.0,0.0,0.0,0.0,20.00000000000008,20.00000000000008,0.0,0.0
14.908333333333331,2.300000000520817,3.215010239982874e-06,0.0,853.7611181450313,156.99999999999997,0.0,0.0,0.0004457939485087197,0.0,0.0,0.0,0.0,0.0,20.000000000000085,20.000000000000085,0.0,0.0
14.916666666666668,2.300000000520801,3.215010239982874e-06,0.0,853.7477805000597,156.99999999999997,0.0,0.0,0.00044342467575350924,0.0,0.0,0.0,0.0,0.0,20.000000000000075,20.000000000000075,0.0,0.0
14.924999999999999,2.300000000520786,3.215010239982874e-06,0.0,853.7345136773112,156.99999999999997,0.0,0.0,0.00044107216286426454,0.0,0.0,0.0,0.0,0.0,20.00000000000009,20.00000000000009,0.0,0.0
14.933333333333334,2.3000000005207704,3.215010239982874e-06,0.0,853.7213171762495,156.99999999999997,0.0,0.0,0.00043873626190553855,0.0,0.0,0.0,0.0,0.0,20.00000000000007,20.00000000000007,0.0,0.0
14.941666666666666,2.300000000520755,3.215010239982874e-06,0.0,853.708190500753,156.99999999999997,0.0,0.0,0.0004364168265060002,0.0,0.0,0.0,0.0,0.0,20.00000000000008,20.00000000000008,0.0,0.0
14.95,2.3000000005207397,3.215010239982874e-06,0.0,853.6951331590672,156.99999999999997,0.0,0.0,0.0004341137118394334,0.0,0.0,0.0,0.0,0.0,20.00000000000009,20.00000000000009,0.0,0.0
14.958333333333332,2.3000000005207246,3.215010239982874e-06,0.0,853.6821446637592,156.99999999999997,0.0,0.0,0.0004318267746054816,0.0,0.0,0.0,0.0,0.0,20.000000000000092,20.000000000000092,0.0,0.0
14.966666666666667,2.3000000005207095,3.215010239982874e-06,0.0,853.6692245316724,156.99999999999997,0.0,0.0,0.00042955587301084274,0.0,0.0,0.0,0.0,0.0,20.00000000000011,20.00000000000011,0.0,0.0
14.974999999999998,2.3000000005206944,3.215010239982874e-06,0.0,853.6563722838806,156.99999999999997,0.0,0.0,0.0004273008667512593,0.0,0.0,0.0,0.0,0.0,20.000000000000128,20.000000000000128,0.0,0.0
14.983333333333334,2.3000000005206798,3.215010239982874e-06,0.0,853.6435874456449,156.99999999999997,0.0,0.0,0.0004250616169928971,0.0,0.0,0.0,0.0,0.0,20.00000000000012,20.00000000000012,0.0,0.0
14.991666666666665,2.3000000005206647,3.215010239982874e-06,0.0,853.6308695463688,156.99999999999997,0.0,0.0,0.0004228379863544455,0.0,0.0,0.0,0.0,0.0,20.000000000000135,20.000000000000135,0.0,0.0
15.0,2.30000000052065,3.215010239982874e-06,0.0,853.6182181195554,156.99999999999997,0.0,0.0,0.00042062983888965273,0.0,0.0,0.0,0.0,0.0,20.000000000000128,20.000000000000128,0.0,0.0
15.008333333333335,2.3000000005206354,3.215010239982874e-06,0.0,853.6056327027646,156.99999999999997,0.0,0.0,0.0004184370400695955,0.0,0.0,0.0,0.0,0.0,20.000000000000124,20.000000000000124,0.0,0.0
15.016666666666666,2.3000000005206207,3.215010239982874e-06,0.0,853.593112837571,156.99999999999997,0.0,0.0,0.0004162594567655901,0.0,0.0,0.0,0.0,0.0,20.000000000000135,20.000000000000135,0.0,0.0
15.025000000000002,2.300000000520606,3.215010239982874e-06,0.0,853.5806580695212,156.99999999999997,0.0,0.0,0.00041409695723238903,0.0,0.0,0.0,0.0,0.0,20.00000000000015,20.00000000000015,0.0,0.0
15.033333333333333,2.300000000520592,3.215010239982874e-06,0.0,853.5682679480942,156.99999999999997,0.0,0.0,0.00041194941109097126,0.0,0.0,0.0,0.0,0.0,20.00000000000015,20.00000000000015,0.0,0.0
15.041666666666668,2.3000000005205776,3.215010239982874e-06,0.0,853.555942026659,156.99999999999997,0.0,0.0,0.000409816689312586,0.0,0.0,0.0,0.0,0.0,20.000000000000142,20.000000000000142,0.0,0.0
15.05,2.300000000520563,3.215010239982874e-06,0.0,853.5436798624355,156.99999999999997,0.0,0.0,0.0004076986642021067,0.0,0.0,0.0,0.0,0.0,20.00000000000013,20.00000000000013,0.0,0.0
15.058333333333334,2.3000000005205488,3.215010239982874e-06,0.0,853.5314810164541,156.99999999999997,0.0,0.0,0.00040559520938207946,0.0,0.0,0.0,0.0,0.0,20.00000000000014,20.00000000000014,0.0,0.0
15.066666666666666,2.3000000005205345,3.215010239982874e-06,0.0,853.5193450535169,156.99999999999997,0.0,0.0,0.0004035061997769782,0.0,0.0,0.0,0.0,0.0,20.000000000000142,20.000000000000142,0.0,0.0
15.075000000000001,2.300000000520521,3.215010239982874e-06,0.0,853.5072715421582,156.99999999999997,0.0,0.0,0.0004014315115973198,0.0,0.0,0.0,0.0,0.0,20.00000000000014,20.00000000000014,0.0,0.0
15.083333333333332,2.3000000005205066,3.215010239982874e-06,0.0,853.495260054607,156.99999999999997,0.0,0.0,0.0003993710223246694,0.0,0.0,0.0,0.0,0.0,20.00000000000014,20.00000000000014,0.0,0.0
15.091666666666669,2.300000000520493,3.215010239982874e-06,0.0,853.4833101667484,156.99999999999997,0.0,0.0,0.000397324610696022,0.0,0.0,0.0,0.0,0.0,20.000000000000128,20.000000000000128,0.0,0.0
15.1,2.300000000520479,3.215010239982874e-06,0.0,853.4714214580865,156.99999999999997,0.0,0.0,0.000395292156689069,0.0,0.0,0.0,0.0,0.0,20.000000000000153,20.000000000000153,0.0,0.0
15.108333333333334,2.3000000005204653,3.215010239982874e-06,0.0,853.4595935117072,156.99999999999997,0.0,0.0,0.00039327354150745295,0.0,0.0,0.0,0.0,0.0,20.00000000000015,20.00000000000015,0.0,0.0
15.116666666666667,2.3000000005204515,3.215010239982874e-06,0.0,853.4478259142422,156.99999999999997,0.0,0.0,0.0003912686475658772,0.0,0.0,0.0,0.0,0.0,20.00000000000015,20.00000000000015,0.0,0.0
15.125,2.3000000005204377,3.215010239982874e-06,0.0,853.4361182558321,156.99999999999997,0.0,0.0,0.0003892773584761565,0.0,0.0,0.0,0.0,0.0,20.00000000000014,20.00000000000014,0.0,0.0
15.133333333333333,2.300000000520424,3.215010239982874e-06,0.0,853.424470130091,156.99999999999997,0.0,0.0,0.0003872995590326406,0.0,0.0,0.0,0.0,0.0,20.000000000000146,20.000000000000146,0.0,0.0
15.141666666666667,2.3000000005204106,3.215010239982874e-06,0.0,853.4128811340715,156.99999999999997,0.0,0.0,0.0003853351351985056,0.0,0.0,0.0,0.0,0.0,20.00000000000015,20.00000000000015,0.0,0.0
15.149999999999999,2.3000000005203973,3.215010239982874e-06,0.0,853.40135086823,156.99999999999997,0.0,0.0,0.0003833839740916886,0.0,0.0,0.0,0.0,0.0,20.00000000000015,20.00000000000015,0.0,0.0
15.158333333333335,2.300000000520384,3.215010239982874e-06,0.0,853.3898789363911,156.99999999999997,0.0,0.0,0.0003814459639714137,0.0,0.0,0.0,0.0,0.0,20.000000000000142,20.000000000000142,0.0,0.0
15.166666666666666,2.3000000005203707,3.215010239982874e-06,0.0,853.3784649457152,156.99999999999997,0.0,0.0,0.00037952099422489853,0.0,0.0,0.0,0.0,0.0,20.000000000000135,20.000000000000135,0.0,0.0
15.175,2.3000000005203574,3.215010239982874e-06,0.0,853.3671085066635,156.99999999999997,0.0,0.0,0.00037760895535370216,0.0,0.0,0.0,0.0,0.0,20.000000000000142,20.000000000000142,0.0,0.0
15.183333333333334,2.300000000520344,3.215010239982874e-06,0.0,853.3558092329656,156.99999999999997,0.0,0.0,0.00037570973896106086,0.0,0.0,0.0,0.0,0.0,20.00000000000012,20.00000000000012,0.0,0.0
15.191666666666666,2.300000000520331,3.215010239982874e-06,0.0,853.3445667415863,156.99999999999997,0.0,0.0,0.0003738232377385924,0.0,0.0,0.0,0.0,0.0,20.000000000000124,20.000000000000124,0.0,0.0
15.2,2.300000000520318,3.215010239982874e-06,0.0,853.3333806526931,156.99999999999997,0.0,0.0,0.00037194934545398193,0.0,0.0,0.0,0.0,0.0,20.00000000000013,20.00000000000013,0.0,0.0
15.208333333333334,2.300000000520305,3.215010239982874e-06,0.0,853.3222505896244,156.99999999999997,0.0,0.0,0.0003700879569381028,0.0,0.0,0.0,0.0,0.0,20.000000000000142,20.000000000000142,0.0,0.0
15.216666666666665,2.300000000520292,3.215010239982874e-06,0.0,853.3111761788577,156.99999999999997,0.0,0.0,0.00036823896807264495,0.0,0.0,0.0,0.0,0.0,20.000000000000128,20.000000000000128,0.0,0.0
15.225000000000001,2.300000000520279,3.215010239982874e-06,0.0,853.300157049978,156.99999999999997,0.0,0.0,0.00036640227577811285,0.0,0.0,0.0,0.0,0.0,20.000000000000135,20.000000000000135,0.0,0.0
15.233333333333333,2.3000000005202668,3.215010239982874e-06,0.0,853.2891928356469,156.99999999999997,0.0,0.0,0.0003645777780015245,0.0,0.0,0.0,0.0,0.0,20.000000000000135,20.000000000000135,0.0,0.0
15.241666666666667,2.300000000520254,3.215010239982874e-06,0.0,853.2782831715722,156.99999999999997,0.0,0.0,0.00036276537370454433,0.0,0.0,0.0,0.0,0.0,20.00000000000012,20.00000000000012,0.0,0.0
15.25,2.300000000520241,3.215010239982874e-06,0.0,853.2674276964776,156.99999999999997,0.0,0.0,0.0003609649628518473,0.0,0.0,0.0,0.0,0.0,20.000000000000135,20.000000000000135,0.0,0.0
15.258333333333333,2.3000000005202286,3.215010239982874e-06,0.0,853.2566260520726,156.99999999999997,0.0,0.0,0.0003591764463993808,0.0,0.0,0.0,0.0,0.0,20.00000000000014,20.00000000000014,0.0,0.0
15.266666666666666,2.300000000520216,3.215010239982874e-06,0.0,853.2458778830234,156.99999999999997,0.0,0.0,0.0003573997262830533,0.0,0.0,0.0,0.0,0.0,20.000000000000142,20.000000000000142,0.0,0.0
15.275,2.3000000005202037,3.215010239982874e-06,0.0,853.2351828369226,156.99999999999997,0.0,0.0,0.00035563470540731965,0.0,0.0,0.0,0.0,0.0,20.000000000000153,20.000000000000153,0.0,0.0
15.283333333333331,2.3000000005201913,3.215010239982874e-06,0.0,853.2245405642617,156.99999999999997,0.0,0.0,0.0003538812876341224,0.0,0.0,0.0,0.0,0.0,20.00000000000014,20.00000000000014,0.0,0.0
15.291666666666668,2.300000000520179,3.215010239982874e-06,0.0,853.2139507184017,156.99999999999997,0.0,0.0,0.0003521393777718598,0.0,0.0,0.0,0.0,0.0,20.00000000000014,20.00000000000014,0.0,0.0
15.299999999999999,2.300000000520167,3.215010239982874e-06,0.0,853.2034129555448,156.99999999999997,0.0,0.0,0.00035040888156463945,0.0,0.0,0.0,0.0,0.0,20.00000000000014,20.00000000000014,0.0,0.0
15.308333333333334,2.3000000005201544,3.215010239982874e-06,0.0,853.1929269347072,156.99999999999997,0.0,0.0,0.000348689705681229,0.0,0.0,0.0,0.0,0.0,20.00000000000013,20.00000000000013,0.0,0.0
15.316666666666666,2.3000000005201424,3.215010239982874e-06,0.0,853.1824923176905,156.99999999999997,0.0,0.0,0.0003469817577048809,0.0,0.0,0.0,0.0,0.0,20.000000000000128,20.000000000000128,0.0,0.0
15.325,2.3000000005201304,3.215010239982874e-06,0.0,853.1721087690556,156.99999999999997,0.0,0.0,0.0003452849461228482,0.0,0.0,0.0,0.0,0.0,20.00000000000011,20.00000000000011,0.0,0.0
15.333333333333332,2.3000000005201184,3.215010239982874e-06,0.0,853.1617759560947,156.99999999999997,0.0,0.0,0.00034359918031579153,0.0,0.0,0.0,0.0,0.0,20.000000000000107,20.000000000000107,0.0,0.0
15.341666666666667,2.3000000005201064,3.215010239982874e-06,0.0,853.1514935488053,156.99999999999997,0.0,0.0,0.0003419243705479221,0.0,0.0,0.0,0.0,0.0,20.000000000000107,20.000000000000107,0.0,0.0
15.349999999999998,2.3000000005200945,3.215010239982874e-06,0.0,853.1412612198634,156.99999999999997,0.0,0.0,0.00034026042795677093,0.0,0.0,0.0,0.0,0.0,20.000000000000096,20.000000000000096,0.0,0.0
15.358333333333334,2.3000000005200825,3.215010239982874e-06,0.0,853.1310786445979,156.99999999999997,0.0,0.0,0.0003386072645433644,0.0,0.0,0.0,0.0,0.0,20.000000000000103,20.000000000000103,0.0,0.0
15.366666666666665,2.3000000005200705,3.215010239982874e-06,0.0,853.1209455009646,156.99999999999997,0.0,0.0,0.00033696479316261006,0.0,0.0,0.0,0.0,0.0,20.000000000000114,20.000000000000114,0.0,0.0
15.375,2.300000000520059,3.215010239982874e-06,0.0,853.1108614695206,156.99999999999997,0.0,0.0,0.0003353329275133068,0.0,0.0,0.0,0.0,0.0,20.000000000000107,20.000000000000107,0.0,0.0
15.383333333333335,2.3000000005200474,3.215010239982874e-06,0.0,853.1008262333996,156.99999999999997,0.0,0.0,0.00033371158212888204,0.0,0.0,0.0,0.0,0.0,20.000000000000117,20.000000000000117,0.0,0.0
15.391666666666666,2.300000000520036,3.215010239982874e-06,0.0,853.0908394782862,156.99999999999997,0.0,0.0,0.0003321006723680091,0.0,0.0,0.0,0.0,0.0,20.000000000000114,20.000000000000114,0.0,0.0
15.400000000000002,2.3000000005200243,3.215010239982874e-06,0.0,853.0809008923923,156.99999999999997,0.0,0.0,0.0003305001144051086,0.0,0.0,0.0,0.0,0.0,20.000000000000107,20.000000000000107,0.0,0.0
15.408333333333333,2.3000000005200127,3.215010239982874e-06,0.0,853.071010166432,156.99999999999997,0.0,0.0,0.0003289098252213748,0.0,0.0,0.0,0.0,0.0,20.000000000000117,20.000000000000117,0.0,0.0
15.416666666666668,2.300000000520001,3.215010239982874e-06,0.0,853.0611669935975,156.99999999999997,0.0,0.0,0.0003273297225956819,0.0,0.0,0.0,0.0,0.0,20.000000000000114,20.000000000000114,0.0,0.0
15.425,2.3000000005199897,3.215010239982874e-06,0.0,853.0513710695361,156.99999999999997,0.0,0.0,0.00032575972509562754,0.0,0.0,0.0,0.0,0.0,20.000000000000114,20.000000000000114,0.0,0.0
15.433333333333334,2.3000000005199785,3.215010239982874e-06,0.0,853.041622092326,156.99999999999997,0.0,0.0,0.00032419975206871135,0.0,0.0,0.0,0.0,0.0,20.000000000000103,20.000000000000103,0.0,0.0
15.441666666666666,2.300000000519967,3.215010239982874e-06,0.0,853.031919762453,156.99999999999997,0.0,0.0,0.00032264972363377594,0.0,0.0,0.0,0.0,0.0,20.0000000000001,20.0000000000001,0.0,0.0
15.450000000000001,2.300000000519956,3.215010239982874e-06,0.0,853.0222637827876,156.99999999999997,0.0,0.0,0.0003211095606721973,0.0,0.0,0.0,0.0,0.0,20.000000000000092,20.000000000000092,0.0,0.0
15.458333333333332,2.300000000519945,3.215010239982874e-06,0.0,853.0126538585629,156.99999999999997,0.0,0.0,0.00031957918481952715,0.0,0.0,0.0,0.0,0.0,20.00000000000011,20.00000000000011,0.0,0.0
15.466666666666669,2.3000000005199337,3.215010239982874e-06,0.0,853.0030896973509,156.99999999999997,0.0,0.0,0.0003180585184571382,0.0,0.0,0.0,0.0,0.0,20.000000000000114,20.000000000000114,0.0,0.0
15.475,2.3000000005199226,3.215010239982874e-06,0.0,852.9935710090413,156.99999999999997,0.0,0.0,0.0003165474847038724,0.0,0.0,0.0,0.0,0.0,20.000000000000117,20.000000000000117,0.0,0.0
15.483333333333334,2.3000000005199115,3.215010239982874e-06,0.0,852.9840975058188,156.99999999999997,0.0,0.0,0.0003150460074080719,0.0,0.0,0.0,0.0,0.0,20.000000000000117,20.000000000000117,0.0,0.0
15.491666666666667,2.3000000005199004,3.215010239982874e-06,0.0,852.974668902142,156.99999999999997,0.0,0.0,0.00031355401113916713,0.0,0.0,0.0,0.0,0.0,20.000000000000124,20.000000000000124,0.0,0.0
15.5,2.3000000005198897,3.215010239982874e-06,0.0,852.9652849147211,156.99999999999997,0.0,0.0,0.00031207142118008937,0.0,0.0,0.0,0.0,0.0,20.00000000000013,20.00000000000013,0.0,0.0
15.508333333333333,2.3000000005198786,3.215010239982874e-06,0.0,852.9559452624974,156.99999999999997,0.0,0.0,0.00031059816351911224,0.0,0.0,0.0,0.0,0.0,20.000000000000135,20.000000000000135,0.0,0.0
15.516666666666667,2.300000000519868,3.215010239982874e-06,0.0,852.9466496666216,156.99999999999997,0.0,0.0,0.00030913416484238727,0.0,0.0,0.0,0.0,0.0,20.00000000000013,20.00000000000013,0.0,0.0
15.524999999999999,2.3000000005198573,3.215010239982874e-06,0.0,852.9373978504334,156.99999999999997,0.0,0.0,0.00030767935252603494,0.0,0.0,0.0,0.0,0.0,20.00000000000013,20.00000000000013,0.0,0.0
15.533333333333335,2.3000000005198467,3.215010239982874e-06,0.0,852.928189539441,156.99999999999997,0.0,0.0,0.00030623365462861243,0.0,0.0,0.0,0.0,0.0,20.000000000000124,20.000000000000124,0.0,0.0
15.541666666666666,2.300000000519836,3.215010239982874e-06,0.0,852.9190244613001,156.99999999999997,0.0,0.0,0.00030479699988382713,0.0,0.0,0.0,0.0,0.0,20.000000000000124,20.000000000000124,0.0,0.0
15.55,2.3000000005198253,3.215010239982874e-06,0.0,852.9099023457943,156.99999999999997,0.0,0.0,0.0003033693176929328,0.0,0.0,0.0,0.0,0.0,20.000000000000128,20.000000000000128,0.0,0.0
15.558333333333334,2.3000000005198147,3.215010239982874e-06,0.0,852.9008229248155,156.99999999999997,0.0,0.0,0.0003019505381175595,0.0,0.0,0.0,0.0,0.0,20.00000000000012,20.00000000000012,0.0,0.0
15.566666666666666,2.300000000519804,3.215010239982874e-06,0.0,852.8917859323434,156.99999999999997,0.0,0.0,0.00030054059187259934,0.0,0.0,0.0,0.0,0.0,20.000000000000117,20.000000000000117,0.0,0.0
15.575,2.300000000519794,3.215010239982874e-06,0.0,852.8827911044264,156.99999999999997,0.0,0.0,0.000299139410318899,0.0,0.0,0.0,0.0,0.0,20.000000000000135,20.000000000000135,0.0,0.0
15.583333333333334,2.300000000519783,3.215010239982874e-06,0.0,852.873838179162,156.99999999999997,0.0,0.0,0.0002977469254563194,0.0,0.0,0.0,0.0,0.0,20.000000000000142,20.000000000000142,0.0,0.0
15.591666666666665,2.300000000519773,3.215010239982874e-06,0.0,852.864926896679,156.99999999999997,0.0,0.0,0.0002963630699169119,0.0,0.0,0.0,0.0,0.0,20.000000000000135,20.000000000000135,0.0,0.0
15.600000000000001,2.3000000005197627,3.215010239982874e-06,0.0,852.8560569991167,156.99999999999997,0.0,0.0,0.0002949877769579605,0.0,0.0,0.0,0.0,0.0,20.00000000000014,20.00000000000014,0.0,0.0
15.608333333333333,2.3000000005197525,3.215010239982874e-06,0.0,852.8472282306077,156.99999999999997,0.0,0.0,0.0002936209804552651,0.0,0.0,0.0,0.0,0.0,20.000000000000135,20.000000000000135,0.0,0.0
15.616666666666667,2.3000000005197423,3.215010239982874e-06,0.0,852.8384403372589,156.99999999999997,0.0,0.0,0.00029226261489641314,0.0,0.0,0.0,0.0,0.0,20.000000000000146,20.000000000000146,0.0,0.0
15.625,2.300000000519732,3.215010239982874e-06,0.0,852.8296930671333,156.99999999999997,0.0,0.0,0.00029091261537435097,0.0,0.0,0.0,0.0,0.0,20.000000000000156,20.000000000000156,0.0,0.0
15.633333333333333,2.300000000519722,3.215010239982874e-06,0.0,852.8209861702322,156.99999999999997,0.0,0.0,0.000289570917580512,0.0,0.0,0.0,0.0,0.0,20.000000000000153,20.000000000000153,0.0,0.0
15.641666666666666,2.3000000005197117,3.215010239982874e-06,0.0,852.8123193984766,156.99999999999997,0.0,0.0,0.0002882374577989197,0.0,0.0,0.0,0.0,0.0,20.000000000000163,20.000000000000163,0.0,0.0
15.65,2.300000000519702,3.215010239982874e-06,0.0,852.8036925056905,156.99999999999997,0.0,0.0,0.0002869121728992921,0.0,0.0,0.0,0.0,0.0,20.00000000000017,20.00000000000017,0.0,0.0
15.658333333333331,2.3000000005196917,3.215010239982874e-06,0.0,852.7951052475826,156.99999999999997,0.0,0.0,0.0002855950003310582,0.0,0.0,0.0,0.0,0.0,20.000000000000192,20.000000000000192,0.0,0.0
15.666666666666668,2.300000000519682,3.215010239982874e-06,0.0,852.7865573817298,156.99999999999997,0.0,0.0,0.00028428587811717414,0.0,0.0,0.0,0.0,0.0,20.00000000000019,20.00000000000019,0.0,0.0
15.674999999999999,2.300000000519672,3.215010239982874e-06,0.0,852.7780486675591,156.99999999999997,0.0,0.0,0.0002829847448478657,0.0,0.0,0.0,0.0,0.0,20.000000000000203,20.000000000000203,0.0,0.0
15.683333333333334,2.300000000519662,3.215010239982874e-06,0.0,852.7695788663317,156.99999999999997,0.0,0.0,0.0002816915396746615,0.0,0.0,0.0,0.0,0.0,20.000000000000203,20.000000000000203,0.0,0.0
15.691666666666666,2.300000000519652,3.215010239982874e-06,0.0,852.7611477411256,156.99999999999997,0.0,0.0,0.0002804062023043506,0.0,0.0,0.0,0.0,0.0,20.000000000000206,20.000000000000206,0.0,0.0
15.7,2.3000000005196424,3.215010239982874e-06,0.0,852.7527550568188,156.99999999999997,0.0,0.0,0.00027912867299322936,0.0,0.0,0.0,0.0,0.0,20.000000000000203,20.000000000000203,0.0,0.0
15.708333333333332,2.300000000519633,3.215010239982874e-06,0.0,852.7444005800742,156.99999999999997,0.0,0.0,0.00027785889254108766,0.0,0.0,0.0,0.0,0.0,20.0000000000002,20.0000000000002,0.0,0.0
15.716666666666667,2.3000000005196233,3.215010239982874e-06,0.0,852.7360840793216,156.99999999999997,0.0,0.0,0.00027659680228554496,0.0,0.0,0.0,0.0,0.0,20.000000000000195,20.000000000000195,0.0,0.0
15.724999999999998,2.3000000005196135,3.215010239982874e-06,0.0,852.727805324743,156.99999999999997,0.0,0.0,0.00027534234409636775,0.0,0.0,0.0,0.0,0.0,20.00000000000019,20.00000000000019,0.0,0.0
15.733333333333334,2.300000000519604,3.215010239982874e-06,0.0,852.7195640882563,156.99999999999997,0.0,0.0,0.0002740954603696496,0.0,0.0,0.0,0.0,0.0,20.0000000000002,20.0000000000002,0.0,0.0
15.741666666666665,2.3000000005195944,3.215010239982874e-06,0.0,852.7113601434994,156.99999999999997,0.0,0.0,0.0002728560940227587,0.0,0.0,0.0,0.0,0.0,20.000000000000206,20.000000000000206,0.0,0.0
15.75,2.300000000519585,3.215010239982874e-06,0.0,852.7031932658147,156.99999999999997,0.0,0.0,0.0002716241884881184,0.0,0.0,0.0,0.0,0.0,20.000000000000217,20.000000000000217,0.0,0.0
15.758333333333335,2.3000000005195753,3.215010239982874e-06,0.0,852.6950632322339,156.99999999999997,0.0,0.0,0.00027039968770853936,0.0,0.0,0.0,0.0,0.0,20.000000000000234,20.000000000000234,0.0,0.0
15.766666666666666,2.300000000519566,3.215010239982874e-06,0.0,852.6869698214632,156.99999999999997,0.0,0.0,0.0002691825361313244,0.0,0.0,0.0,0.0,0.0,20.00000000000023,20.00000000000023,0.0,0.0
15.775000000000002,2.3000000005195567,3.215010239982874e-06,0.0,852.6789128138669,156.99999999999997,0.0,0.0,0.000267972678703078,0.0,0.0,0.0,0.0,0.0,20.00000000000024,20.00000000000024,0.0,0.0
15.783333333333333,2.3000000005195473,3.215010239982874e-06,0.0,852.670891991454,156.99999999999997,0.0,0.0,0.0002667700608647944,0.0,0.0,0.0,0.0,0.0,20.000000000000263,20.000000000000263,0.0,0.0
15.791666666666668,2.300000000519538,3.215010239982874e-06,0.0,852.6629071378625,156.99999999999997,0.0,0.0,0.0002655746285462042,0.0,0.0,0.0,0.0,0.0,20.000000000000256,20.000000000000256,0.0,0.0
15.8,2.300000000519529,3.215010239982874e-06,0.0,852.6549580383453,156.99999999999997,0.0,0.0,0.00026438632816112,0.0,0.0,0.0,0.0,0.0,20.000000000000266,20.000000000000266,0.0,0.0
15.808333333333334,2.30000000051952,3.215010239982874e-06,0.0,852.6470444797553,156.99999999999997,0.0,0.0,0.00026320510660204,0.0,0.0,0.0,0.0,0.0,20.00000000000025,20.00000000000025,0.0,0.0
15.816666666666666,2.3000000005195105,3.215010239982874e-06,0.0,852.6391662505318,156.99999999999997,0.0,0.0,0.00026203091123544854,0.0,0.0,0.0,0.0,0.0,20.00000000000025,20.00000000000025,0.0,0.0
15.825000000000001,2.3000000005195016,3.215010239982874e-06,0.0,852.6313231406857,156.99999999999997,0.0,0.0,0.0002608636898965556,0.0,0.0,0.0,0.0,0.0,20.000000000000245,20.000000000000245,0.0,0.0
15.833333333333332,2.3000000005194923,3.215010239982874e-06,0.0,852.6235149417855,156.99999999999997,0.0,0.0,0.0002597033908848479,0.0,0.0,0.0,0.0,0.0,20.000000000000256,20.000000000000256,0.0,0.0
15.841666666666669,2.3000000005194834,3.215010239982874e-06,0.0,852.615741446944,156.99999999999997,0.0,0.0,0.00025854996295896155,0.0,0.0,0.0,0.0,0.0,20.000000000000256,20.000000000000256,0.0,0.0
15.85,2.3000000005194745,3.215010239982874e-06,0.0,852.6080024508044,156.99999999999997,0.0,0.0,0.0002574033553320069,0.0,0.0,0.0,0.0,0.0,20.000000000000274,20.000000000000274,0.0,0.0
15.858333333333334,2.3000000005194656,3.215010239982874e-06,0.0,852.6002977495266,156.99999999999997,0.0,0.0,0.00025626351766692816,0.0,0.0,0.0,0.0,0.0,20.000000000000263,20.000000000000263,0.0,0.0
15.866666666666667,2.3000000005194567,3.215010239982874e-06,0.0,852.5926271407734,156.99999999999997,0.0,0.0,0.00025513040007183824,0.0,0.0,0.0,0.0,0.0,20.00000000000026,20.00000000000026,0.0,0.0
15.875,2.300000000519448,3.215010239982874e-06,0.0,852.5849904236981,156.99999999999997,0.0,0.0,0.0002540039530953287,0.0,0.0,0.0,0.0,0.0,20.000000000000263,20.000000000000263,0.0,0.0
15.883333333333333,2.300000000519439,3.215010239982874e-06,0.0,852.5773873989307,156.99999999999997,0.0,0.0,0.00025288412772222715,0.0,0.0,0.0,0.0,0.0,20.00000000000026,20.00000000000026,0.0,0.0
15.891666666666667,2.30000000051943,3.215010239982874e-06,0.0,852.569817868565,156.99999999999997,0.0,0.0,0.00025177087536867914,0.0,0.0,0.0,0.0,0.0,20.00000000000028,20.00000000000028,0.0,0.0
15.899999999999999,2.300000000519421,3.215010239982874e-06,0.0,852.5622816361459,156.99999999999997,0.0,0.0,0.00025066414787820675,0.0,0.0,0.0,0.0,0.0,20.000000000000277,20.000000000000277,0.0,0.0
15.908333333333335,2.300000000519413,3.215010239982874e-06,0.0,852.5547785066567,156.99999999999997,0.0,0.0,0.00024956389751691583,0.0,0.0,0.0,0.0,0.0,20.000000000000266,20.000000000000266,0.0,0.0
15.916666666666666,2.300000000519404,3.215010239982874e-06,0.0,852.5473082865058,156.99999999999997,0.0,0.0,0.00024847007696938273,0.0,0.0,0.0,0.0,0.0,20.00000000000027,20.00000000000027,0.0,0.0
15.925,2.3000000005193955,3.215010239982874e-06,0.0,852.5398707835152,156.99999999999997,0.0,0.0,0.00024738263933445385,0.0,0.0,0.0,0.0,0.0,20.000000000000277,20.000000000000277,0.0,0.0
15.933333333333334,2.3000000005193866,3.215010239982874e-06,0.0,852.5324658069076,156.99999999999997,0.0,0.0,0.00024630153812078414,0.0,0.0,0.0,0.0,0.0,20.00000000000027,20.00000000000027,0.0,0.0
15.941666666666666,2.300000000519378,3.215010239982874e-06,0.0,852.525093167294,156.99999999999997,0.0,0.0,0.0002452267272428747,0.0,0.0,0.0,0.0,0.0,20.000000000000266,20.000000000000266,0.0,0.0
15.95,2.3000000005193697,3.215010239982874e-06,0.0,852.5177526766622,156.99999999999997,0.0,0.0,0.0002441581610168475,0.0,0.0,0.0,0.0,0.0,20.00000000000026,20.00000000000026,0.0,0.0
15.958333333333334,2.3000000005193613,3.215010239982874e-06,0.0,852.5104441483641,156.99999999999997,0.0,0.0,0.00024309579415630975,0.0,0.0,0.0,0.0,0.0,20.00000000000026,20.00000000000026,0.0,0.0
15.966666666666665,2.300000000519353,3.215010239982874e-06,0.0,852.5031673971044,156.99999999999997,0.0,0.0,0.00024203958176853774,0.0,0.0,0.0,0.0,0.0,20.00000000000027,20.00000000000027,0.0,0.0
15.975000000000001,2.3000000005193444,3.215010239982874e-06,0.0,852.4959222389286,156.99999999999997,0.0,0.0,0.00024098947935028296,0.0,0.0,0.0,0.0,0.0,20.000000000000274,20.000000000000274,0.0,0.0
15.983333333333333,2.300000000519336,3.215010239982874e-06,0.0,852.4887084912114,156.99999999999997,0.0,0.0,0.00023994544278389815,0.0,0.0,0.0,0.0,0.0,20.000000000000256,20.000000000000256,0.0,0.0
15.991666666666667,2.3000000005193275,3.215010239982874e-06,0.0,852.4815259726449,156.99999999999997,0.0,0.0,0.00023890742833349086,0.0,0.0,0.0,0.0,0.0,20.000000000000245,20.000000000000245,0.0,0.0
16.0,2.3000000005193195,3.215010239982874e-06,0.0,852.4743745032281,156.99999999999997,0.0,0.0,0.0002378753926409897,0.0,0.0,0.0,0.0,0.0,20.000000000000256,20.000000000000256,0.0,0.0
16.008333333333333,2.300000000519311,3.215010239982874e-06,0.0,852.4672539042546,156.99999999999997,0.0,0.0,0.0002368492927224116,0.0,0.0,0.0,0.0,0.0,20.000000000000266,20.000000000000266,0.0,0.0
16.016666666666666,2.3000000005193026,3.215010239982874e-06,0.0,852.4601639983018,156.99999999999997,0.0,0.0,0.00023582908596415597,0.0,0.0,0.0,0.0,0.0,20.000000000000277,20.000000000000277,0.0,0.0
16.025,2.3000000005192947,3.215010239982874e-06,0.0,852.4531046092202,156.99999999999997,0.0,0.0,0.00023481473011903822,0.0,0.0,0.0,0.0,0.0,20.00000000000026,20.00000000000026,0.0,0.0
16.03333333333333,2.3000000005192867,3.215010239982874e-06,0.0,852.4460755621221,156.99999999999997,0.0,0.0,0.00023380618330298293,0.0,0.0,0.0,0.0,0.0,20.00000000000024,20.00000000000024,0.0,0.0
16.041666666666668,2.300000000519278,3.215010239982874e-06,0.0,852.4390766833706,156.99999999999997,0.0,0.0,0.00023280340399105297,0.0,0.0,0.0,0.0,0.0,20.00000000000024,20.00000000000024,0.0,0.0
16.049999999999997,2.3000000005192702,3.215010239982874e-06,0.0,852.4321078005695,156.99999999999997,0.0,0.0,0.0002318063510140792,0.0,0.0,0.0,0.0,0.0,20.000000000000234,20.000000000000234,0.0,0.0
16.058333333333334,2.3000000005192622,3.215010239982874e-06,0.0,852.4251687425519,156.99999999999997,0.0,0.0,0.00023081498355502885,0.0,0.0,0.0,0.0,0.0,20.000000000000252,20.000000000000252,0.0,0.0
16.066666666666666,2.3000000005192542,3.215010239982874e-06,0.0,852.4182593393705,156.99999999999997,0.0,0.0,0.0002298292611454564,0.0,0.0,0.0,0.0,0.0,20.000000000000238,20.000000000000238,0.0,0.0
16.075,2.3000000005192462,3.215010239982874e-06,0.0,852.4113794222862,156.99999999999997,0.0,0.0,0.00022884914366220788,0.0,0.0,0.0,0.0,0.0,20.000000000000238,20.000000000000238,0.0,0.0
16.083333333333332,2.3000000005192383,3.215010239982874e-06,0.0,852.4045288237592,156.99999999999997,0.0,0.0,0.00022787459132369352,0.0,0.0,0.0,0.0,0.0,20.000000000000238,20.000000000000238,0.0,0.0
16.09166666666667,2.3000000005192303,3.215010239982874e-06,0.0,852.397707377437,156.99999999999997,0.0,0.0,0.00022690556468681178,0.0,0.0,0.0,0.0,0.0,20.000000000000252,20.000000000000252,0.0,0.0
16.099999999999998,2.3000000005192223,3.215010239982874e-06,0.0,852.3909149181461,156.99999999999997,0.0,0.0,0.00022594202464338415,0.0,0.0,0.0,0.0,0.0,20.000000000000238,20.000000000000238,0.0,0.0
16.108333333333334,2.3000000005192147,3.215010239982874e-06,0.0,852.3841512818808,156.99999999999997,0.0,0.0,0.00022498393241689933,0.0,0.0,0.0,0.0,0.0,20.000000000000227,20.000000000000227,0.0,0.0
16.116666666666667,2.3000000005192067,3.215010239982874e-06,0.0,852.3774163057938,156.99999999999997,0.0,0.0,0.00022403124955933603,0.0,0.0,0.0,0.0,0.0,20.000000000000217,20.000000000000217,0.0,0.0
16.125,2.300000000519199,3.215010239982874e-06,0.0,852.3707098281861,156.99999999999997,0.0,0.0,0.00022308393794767014,0.0,0.0,0.0,0.0,0.0,20.000000000000217,20.000000000000217,0.0,0.0
16.133333333333333,2.300000000519191,3.215010239982874e-06,0.0,852.3640316884976,156.99999999999997,0.0,0.0,0.0002221419597809699,0.0,0.0,0.0,0.0,0.0,20.00000000000022,20.00000000000022,0.0,0.0
16.141666666666666,2.3000000005191836,3.215010239982874e-06,0.0,852.3573817272975,156.99999999999997,0.0,0.0,0.00022120527757711758,0.0,0.0,0.0,0.0,0.0,20.00000000000022,20.00000000000022,0.0,0.0
16.150000000000002,2.300000000519176,3.215010239982874e-06,0.0,852.3507597862742,156.99999999999997,0.0,0.0,0.00022027385416949796,0.0,0.0,0.0,0.0,0.0,20.0000000000002,20.0000000000002,0.0,0.0
16.15833333333333,2.300000000519168,3.215010239982874e-06,0.0,852.3441657082269,156.99999999999997,0.0,0.0,0.0002193476527042155,0.0,0.0,0.0,0.0,0.0,20.000000000000185,20.000000000000185,0.0,0.0
16.166666666666668,2.3000000005191605,3.215010239982874e-06,0.0,852.3375993370553,156.99999999999997,0.0,0.0,0.00021842663663676997,0.0,0.0,0.0,0.0,0.0,20.00000000000019,20.00000000000019,0.0,0.0
16.175,2.300000000519153,3.215010239982874e-06,0.0,852.3310605177508,156.99999999999997,0.0,0.0,0.00021751076972914804,0.0,0.0,0.0,0.0,0.0,20.000000000000192,20.000000000000192,0.0,0.0
16.183333333333334,2.3000000005191454,3.215010239982874e-06,0.0,852.3245490963874,156.99999999999997,0.0,0.0,0.00021660001604687816,0.0,0.0,0.0,0.0,0.0,20.0000000000002,20.0000000000002,0.0,0.0
16.191666666666666,2.300000000519138,3.215010239982874e-06,0.0,852.3180649201125,156.99999999999997,0.0,0.0,0.00021569433995593975,0.0,0.0,0.0,0.0,0.0,20.000000000000203,20.000000000000203,0.0,0.0
16.200000000000003,2.3000000005191303,3.215010239982874e-06,0.0,852.3116078371381,156.99999999999997,0.0,0.0,0.00021479370611991584,0.0,0.0,0.0,0.0,0.0,20.00000000000019,20.00000000000019,0.0,0.0
16.208333333333332,2.3000000005191232,3.215010239982874e-06,0.0,852.3051776967316,156.99999999999997,0.0,0.0,0.00021389807949705517,0.0,0.0,0.0,0.0,0.0,20.000000000000195,20.000000000000195,0.0,0.0
16.21666666666667,2.3000000005191157,3.215010239982874e-06,0.0,852.298774349207,156.99999999999997,0.0,0.0,0.00021300742533746523,0.0,0.0,0.0,0.0,0.0,20.000000000000206,20.000000000000206,0.0,0.0
16.225,2.300000000519108,3.215010239982874e-06,0.0,852.292397645917,156.99999999999997,0.0,0.0,0.00021212170918026942,0.0,0.0,0.0,0.0,0.0,20.0000000000002,20.0000000000002,0.0,0.0
16.233333333333334,2.300000000519101,3.215010239982874e-06,0.0,852.2860474392434,156.99999999999997,0.0,0.0,0.0002112408968506733,0.0,0.0,0.0,0.0,0.0,20.000000000000206,20.000000000000206,0.0,0.0
16.241666666666667,2.3000000005190935,3.215010239982874e-06,0.0,852.2797235825886,156.99999999999997,0.0,0.0,0.00021036495445754907,0.0,0.0,0.0,0.0,0.0,20.000000000000213,20.000000000000213,0.0,0.0
16.25,2.3000000005190864,3.215010239982874e-06,0.0,852.2734259303681,156.99999999999997,0.0,0.0,0.00020949384839015253,0.0,0.0,0.0,0.0,0.0,20.000000000000213,20.000000000000213,0.0,0.0
16.258333333333333,2.300000000519079,3.215010239982874e-06,0.0,852.267154338001,156.99999999999997,0.0,0.0,0.00020862754531596653,0.0,0.0,0.0,0.0,0.0,20.00000000000022,20.00000000000022,0.0,0.0
16.266666666666666,2.3000000005190717,3.215010239982874e-06,0.0,852.2609086619022,156.99999999999997,0.0,0.0,0.0002077660121776224,0.0,0.0,0.0,0.0,0.0,20.000000000000203,20.000000000000203,0.0,0.0
16.275,2.3000000005190646,3.215010239982874e-06,0.0,852.2546887594747,156.99999999999997,0.0,0.0,0.00020690921619050294,0.0,0.0,0.0,0.0,0.0,20.000000000000217,20.000000000000217,0.0,0.0
16.283333333333335,2.3000000005190575,3.215010239982874e-06,0.0,852.2484944890999,156.99999999999997,0.0,0.0,0.0002060571248399223,0.0,0.0,0.0,0.0,0.0,20.000000000000224,20.000000000000224,0.0,0.0
16.291666666666664,2.30000000051905,3.215010239982874e-06,0.0,852.2423257101316,156.99999999999997,0.0,0.0,0.00020520970587876433,0.0,0.0,0.0,0.0,0.0,20.0000000000002,20.0000000000002,0.0,0.0
16.3,2.300000000519043,3.215010239982874e-06,0.0,852.2361822828861,156.99999999999997,0.0,0.0,0.0002043669273246985,0.0,0.0,0.0,0.0,0.0,20.000000000000213,20.000000000000213,0.0,0.0
16.308333333333334,2.3000000005190357,3.215010239982874e-06,0.0,852.230064068636,156.99999999999997,0.0,0.0,0.00020352875745779816,0.0,0.0,0.0,0.0,0.0,20.000000000000217,20.000000000000217,0.0,0.0
16.316666666666666,2.300000000519029,3.215010239982874e-06,0.0,852.2239709296007,156.99999999999997,0.0,0.0,0.00020269516481784722,0.0,0.0,0.0,0.0,0.0,20.000000000000224,20.000000000000224,0.0,0.0
16.325,2.300000000519022,3.215010239982874e-06,0.0,852.2179027289402,156.99999999999997,0.0,0.0,0.00020186611820210184,0.0,0.0,0.0,0.0,0.0,20.000000000000217,20.000000000000217,0.0,0.0
16.333333333333336,2.300000000519015,3.215010239982874e-06,0.0,852.2118593307462,156.99999999999997,0.0,0.0,0.00020104158666274006,0.0,0.0,0.0,0.0,0.0,20.00000000000022,20.00000000000022,0.0,0.0
16.341666666666665,2.3000000005190078,3.215010239982874e-06,0.0,852.2058406000351,156.99999999999997,0.0,0.0,0.00020022153950432922,0.0,0.0,0.0,0.0,0.0,20.00000000000023,20.00000000000023,0.0,0.0
16.35,2.300000000519001,3.215010239982874e-06,0.0,852.1998464027406,156.99999999999997,0.0,0.0,0.0001994059462815823,0.0,0.0,0.0,0.0,0.0,20.000000000000252,20.000000000000252,0.0,0.0
16.358333333333334,2.300000000518994,3.215010239982874e-06,0.0,852.1938766057056,156.99999999999997,0.0,0.0,0.00019859477679685784,0.0,0.0,0.0,0.0,0.0,20.00000000000026,20.00000000000026,0.0,0.0
16.366666666666667,2.3000000005189873,3.215010239982874e-06,0.0,852.1879310766751,156.99999999999997,0.0,0.0,0.000197788001097894,0.0,0.0,0.0,0.0,0.0,20.000000000000252,20.000000000000252,0.0,0.0
16.375,2.3000000005189802,3.215010239982874e-06,0.0,852.1820096842897,156.99999999999997,0.0,0.0,0.00019698558947555783,0.0,0.0,0.0,0.0,0.0,20.00000000000026,20.00000000000026,0.0,0.0
16.383333333333333,2.3000000005189736,3.215010239982874e-06,0.0,852.1761122980768,156.99999999999997,0.0,0.0,0.0001961875124612852,0.0,0.0,0.0,0.0,0.0,20.000000000000245,20.000000000000245,0.0,0.0
16.391666666666666,2.3000000005189665,3.215010239982874e-06,0.0,852.1702387884445,156.99999999999997,0.0,0.0,0.00019539374082507826,0.0,0.0,0.0,0.0,0.0,20.00000000000023,20.00000000000023,0.0,0.0
16.4,2.30000000051896,3.215010239982874e-06,0.0,852.1643890266744,156.99999999999997,0.0,0.0,0.00019460424557308514,0.0,0.0,0.0,0.0,0.0,20.000000000000224,20.000000000000224,0.0,0.0
16.40833333333333,2.300000000518953,3.215010239982874e-06,0.0,852.1585628849139,156.99999999999997,0.0,0.0,0.00019381899794557227,0.0,0.0,0.0,0.0,0.0,20.00000000000022,20.00000000000022,0.0,0.0
16.416666666666668,2.3000000005189465,3.215010239982874e-06,0.0,852.1527602361698,156.99999999999997,0.0,0.0,0.00019303796941442706,0.0,0.0,0.0,0.0,0.0,20.000000000000213,20.000000000000213,0.0,0.0
16.424999999999997,2.30000000051894,3.215010239982874e-06,0.0,852.1469809543019,156.99999999999997,0.0,0.0,0.00019226113168126783,0.0,0.0,0.0,0.0,0.0,20.000000000000206,20.000000000000206,0.0,0.0
16.433333333333334,2.300000000518933,3.215010239982874e-06,0.0,852.1412249140142,156.99999999999997,0.0,0.0,0.00019148845667519093,0.0,0.0,0.0,0.0,0.0,20.000000000000203,20.000000000000203,0.0,0.0
16.441666666666666,2.3000000005189265,3.215010239982874e-06,0.0,852.1354919908506,156.99999999999997,0.0,0.0,0.00019071991655053295,0.0,0.0,0.0,0.0,0.0,20.0000000000002,20.0000000000002,0.0,0.0
16.45,2.30000000051892,3.215010239982874e-06,0.0,852.1297820611862,156.99999999999997,0.0,0.0,0.0001899554836848622,0.0,0.0,0.0,0.0,0.0,20.000000000000192,20.000000000000192,0.0,0.0
16.458333333333332,2.300000000518913,3.215010239982874e-06,0.0,852.1240950022218,156.99999999999997,0.0,0.0,0.00018919513067698323,0.0,0.0,0.0,0.0,0.0,20.00000000000019,20.00000000000019,0.0,0.0
16.46666666666667,2.3000000005189065,3.215010239982874e-06,0.0,852.1184306919765,156.99999999999997,0.0,0.0,0.00018843883034468803,0.0,0.0,0.0,0.0,0.0,20.000000000000178,20.000000000000178,0.0,0.0
16.474999999999998,2.3000000005189,3.215010239982874e-06,0.0,852.1127890092822,156.99999999999997,0.0,0.0,0.00018768655572278886,0.0,0.0,0.0,0.0,0.0,20.00000000000019,20.00000000000019,0.0,0.0
16.483333333333334,2.3000000005188936,3.215010239982874e-06,0.0,852.1071698337757,156.99999999999997,0.0,0.0,0.00018693828006116384,0.0,0.0,0.0,0.0,0.0,20.000000000000203,20.000000000000203,0.0,0.0
16.491666666666667,2.300000000518887,3.215010239982874e-06,0.0,852.1015730458936,156.99999999999997,0.0,0.0,0.0001861939768227094,0.0,0.0,0.0,0.0,0.0,20.00000000000021,20.00000000000021,0.0,0.0
16.5,2.3000000005188808,3.215010239982874e-06,0.0,852.0959985268651,156.99999999999997,0.0,0.0,0.00018545361968135942,0.0,0.0,0.0,0.0,0.0,20.000000000000213,20.000000000000213,0.0,0.0
16.508333333333333,2.300000000518874,3.215010239982874e-06,0.0,852.0904461587061,156.99999999999997,0.0,0.0,0.00018471718252011763,0.0,0.0,0.0,0.0,0.0,20.000000000000224,20.000000000000224,0.0,0.0
16.516666666666666,2.300000000518868,3.215010239982874e-06,0.0,852.0849158242129,156.99999999999997,0.0,0.0,0.00018398463942915556,0.0,0.0,0.0,0.0,0.0,20.000000000000227,20.000000000000227,0.0,0.0
16.525000000000002,2.300000000518861,3.215010239982874e-06,0.0,852.0794074069559,156.99999999999997,0.0,0.0,0.00018325596470381784,0.0,0.0,0.0,0.0,0.0,20.000000000000238,20.000000000000238,0.0,0.0
16.53333333333333,2.300000000518855,3.215010239982874e-06,0.0,852.0739207912734,156.99999999999997,0.0,0.0,0.00018253113284290447,0.0,0.0,0.0,0.0,0.0,20.000000000000238,20.000000000000238,0.0,0.0
16.541666666666668,2.300000000518849,3.215010239982874e-06,0.0,852.0684558622659,156.99999999999997,0.0,0.0,0.00018181011854654237,0.0,0.0,0.0,0.0,0.0,20.000000000000217,20.000000000000217,0.0,0.0
16.55,2.3000000005188426,3.215010239982874e-06,0.0,852.0630125057899,156.99999999999997,0.0,0.0,0.00018109289671465052,0.0,0.0,0.0,0.0,0.0,20.00000000000022,20.00000000000022,0.0,0.0
16.558333333333334,2.300000000518836,3.215010239982874e-06,0.0,852.0575906084513,156.99999999999997,0.0,0.0,0.00018037944244483645,0.0,0.0,0.0,0.0,0.0,20.00000000000021,20.00000000000021,0.0,0.0
16.566666666666666,2.3000000005188297,3.215010239982874e-06,0.0,852.0521900576008,156.99999999999997,0.0,0.0,0.0001796697310305695,0.0,0.0,0.0,0.0,0.0,20.00000000000021,20.00000000000021,0.0,0.0
16.575000000000003,2.3000000005188235,3.215010239982874e-06,0.0,852.046810741327,156.99999999999997,0.0,0.0,0.00017896373795962803,0.0,0.0,0.0,0.0,0.0,20.000000000000206,20.000000000000206,0.0,0.0
16.583333333333332,2.3000000005188173,3.215010239982874e-06,0.0,852.0414525484509,156.99999999999997,0.0,0.0,0.0001782614389121901,0.0,0.0,0.0,0.0,0.0,20.00000000000021,20.00000000000021,0.0,0.0
16.59166666666667,2.300000000518811,3.215010239982874e-06,0.0,852.0361153685203,156.99999999999997,0.0,0.0,0.00017756280975888457,0.0,0.0,0.0,0.0,0.0,20.000000000000238,20.000000000000238,0.0,0.0
16.6,2.3000000005188053,3.215010239982874e-06,0.0,852.030799091804,156.99999999999997,0.0,0.0,0.0001768678265594295,0.0,0.0,0.0,0.0,0.0,20.000000000000206,20.000000000000206,0.0,0.0
16.608333333333334,2.300000000518799,3.215010239982874e-06,0.0,852.0255036092858,156.99999999999997,0.0,0.0,0.00017617646556065326,0.0,0.0,0.0,0.0,0.0,20.000000000000174,20.000000000000174,0.0,0.0
16.616666666666667,2.300000000518793,3.215010239982874e-06,0.0,852.02022881266,156.99999999999997,0.0,0.0,0.00017548870319473704,0.0,0.0,0.0,0.0,0.0,20.00000000000018,20.00000000000018,0.0,0.0
16.625,2.3000000005187866,3.215010239982874e-06,0.0,852.0149745943243,156.99999999999997,0.0,0.0,0.0001748045160777812,0.0,0.0,0.0,0.0,0.0,20.00000000000019,20.00000000000019,0.0,0.0
16.633333333333333,2.300000000518781,3.215010239982874e-06,0.0,852.0097408473755,156.99999999999997,0.0,0.0,0.0001741238810078609,0.0,0.0,0.0,0.0,0.0,20.00000000000021,20.00000000000021,0.0,0.0
16.641666666666666,2.3000000005187746,3.215010239982874e-06,0.0,852.0045274656038,156.99999999999997,0.0,0.0,0.00017344677496361358,0.0,0.0,0.0,0.0,0.0,20.00000000000022,20.00000000000022,0.0,0.0
16.65,2.300000000518769,3.215010239982874e-06,0.0,851.9993343434875,156.99999999999997,0.0,0.0,0.00017277317510247279,0.0,0.0,0.0,0.0,0.0,20.000000000000217,20.000000000000217,0.0,0.0
16.658333333333335,2.3000000005187626,3.215010239982874e-06,0.0,851.9941613761869,156.99999999999997,0.0,0.0,0.00017210305875896517,0.0,0.0,0.0,0.0,0.0,20.00000000000021,20.00000000000021,0.0,0.0
16.666666666666664,2.300000000518757,3.215010239982874e-06,0.0,851.9890084595398,156.99999999999997,0.0,0.0,0.00017143640344332862,0.0,0.0,0.0,0.0,0.0,20.000000000000213,20.000000000000213,0.0,0.0
16.675,2.3000000005187506,3.215010239982874e-06,0.0,851.9838754900563,156.99999999999997,0.0,0.0,0.000170773186839778,0.0,0.0,0.0,0.0,0.0,20.00000000000023,20.00000000000023,0.0,0.0
16.683333333333334,2.300000000518745,3.215010239982874e-06,0.0,851.9787623649132,156.99999999999997,0.0,0.0,0.00017011338680498832,0.0,0.0,0.0,0.0,0.0,20.00000000000026,20.00000000000026,0.0,0.0
16.691666666666666,2.300000000518739,3.215010239982874e-06,0.0,851.9736689819488,156.99999999999997,0.0,0.0,0.0001694569813664331,0.0,0.0,0.0,0.0,0.0,20.000000000000263,20.000000000000263,0.0,0.0
16.7,2.300000000518733,3.215010239982874e-06,0.0,851.9685952396583,156.99999999999997,0.0,0.0,0.00016880394872109355,0.0,0.0,0.0,0.0,0.0,20.000000000000252,20.000000000000252,0.0,0.0
16.708333333333336,2.300000000518727,3.215010239982874e-06,0.0,851.963541037188,156.99999999999997,0.0,0.0,0.00016815426723361103,0.0,0.0,0.0,0.0,0.0,20.00000000000026,20.00000000000026,0.0,0.0
16.716666666666665,2.3000000005187213,3.215010239982874e-06,0.0,851.9585062743311,156.99999999999997,0.0,0.0,0.0001675079154350669,0.0,0.0,0.0,0.0,0.0,20.00000000000024,20.00000000000024,0.0,0.0
16.725,2.3000000005187156,3.215010239982874e-06,0.0,851.9534908515222,156.99999999999997,0.0,0.0,0.0001668648720213603,0.0,0.0,0.0,0.0,0.0,20.00000000000023,20.00000000000023,0.0,0.0
16.733333333333334,2.30000000051871,3.215010239982874e-06,0.0,851.9484946698327,156.99999999999997,0.0,0.0,0.00016622511585180112,0.0,0.0,0.0,0.0,0.0,20.000000000000238,20.000000000000238,0.0,0.0
16.741666666666667,2.300000000518704,3.215010239982874e-06,0.0,851.9435176309655,156.99999999999997,0.0,0.0,0.00016558862594740517,0.0,0.0,0.0,0.0,0.0,20.000000000000234,20.000000000000234,0.0,0.0
16.75,2.3000000005186982,3.215010239982874e-06,0.0,851.9385596372506,156.99999999999997,0.0,0.0,0.00016495538148991498,0.0,0.0,0.0,0.0,0.0,20.00000000000024,20.00000000000024,0.0,0.0
16.758333333333333,2.3000000005186925,3.215010239982874e-06,0.0,851.9336205916399,156.99999999999997,0.0,0.0,0.00016432536181990913,0.0,0.0,0.0,0.0,0.0,20.000000000000238,20.000000000000238,0.0,0.0
16.766666666666666,2.3000000005186867,3.215010239982874e-06,0.0,851.9287003977029,156.99999999999997,0.0,0.0,0.00016369854643563648,0.0,0.0,0.0,0.0,0.0,20.000000000000245,20.000000000000245,0.0,0.0
16.775,2.3000000005186814,3.215010239982874e-06,0.0,851.9237989596216,156.99999999999997,0.0,0.0,0.0001630749149916035,0.0,0.0,0.0,0.0,0.0,20.00000000000024,20.00000000000024,0.0,0.0
16.78333333333333,2.3000000005186756,3.215010239982874e-06,0.0,851.9189161821863,156.99999999999997,0.0,0.0,0.0001624544472970691,0.0,0.0,0.0,0.0,0.0,20.00000000000025,20.00000000000025,0.0,0.0
16.791666666666668,2.30000000051867,3.215010239982874e-06,0.0,851.9140519707903,156.99999999999997,0.0,0.0,0.00016183712331470113,0.0,0.0,0.0,0.0,0.0,20.000000000000263,20.000000000000263,0.0,0.0
16.799999999999997,2.3000000005186645,3.215010239982874e-06,0.0,851.9092062314259,156.99999999999997,0.0,0.0,0.0001612229231594946,0.0,0.0,0.0,0.0,0.0,20.000000000000266,20.000000000000266,0.0,0.0
16.808333333333334,2.3000000005186587,3.215010239982874e-06,0.0,851.9043788706796,156.99999999999997,0.0,0.0,0.0001606118270968874,0.0,0.0,0.0,0.0,0.0,20.000000000000266,20.000000000000266,0.0,0.0
16.816666666666666,2.300000000518653,3.215010239982874e-06,0.0,851.8995697957276,156.99999999999997,0.0,0.0,0.0001600038155418985,0.0,0.0,0.0,0.0,0.0,20.000000000000277,20.000000000000277,0.0,0.0
16.825,2.3000000005186476,3.215010239982874e-06,0.0,851.8947789143317,156.99999999999997,0.0,0.0,0.00015939886905766575,0.0,0.0,0.0,0.0,0.0,20.000000000000295,20.000000000000295,0.0,0.0
16.833333333333332,2.3000000005186423,3.215010239982874e-06,0.0,851.890006134834,156.99999999999997,0.0,0.0,0.0001587969683540437,0.0,0.0,0.0,0.0,0.0,20.000000000000295,20.000000000000295,0.0,0.0
16.84166666666667,2.3000000005186365,3.215010239982874e-06,0.0,851.8852513661536,156.99999999999997,0.0,0.0,0.0001581980942864617,0.0,0.0,0.0,0.0,0.0,20.000000000000288,20.000000000000288,0.0,0.0
16.849999999999998,2.300000000518631,3.215010239982874e-06,0.0,851.8805145177814,156.99999999999997,0.0,0.0,0.00015760222785443715,0.0,0.0,0.0,0.0,0.0,20.000000000000284,20.000000000000284,0.0,0.0
16.858333333333334,2.300000000518626,3.215010239982874e-06,0.0,851.8757954997765,156.99999999999997,0.0,0.0,0.0001570093502006509,0.0,0.0,0.0,0.0,0.0,20.0000000000003,20.0000000000003,0.0,0.0
16.866666666666667,2.30000000051862,3.215010239982874e-06,0.0,851.871094222761,156.99999999999997,0.0,0.0,0.00015641944260927552,0.0,0.0,0.0,0.0,0.0,20.000000000000295,20.000000000000295,0.0,0.0
16.875,2.3000000005186148,3.215010239982874e-06,0.0,851.8664105979169,156.99999999999997,0.0,0.0,0.00015583248650511601,0.0,0.0,0.0,0.0,0.0,20.000000000000288,20.000000000000288,0.0,0.0
16.883333333333333,2.3000000005186094,3.215010239982874e-06,0.0,851.861744536981,156.99999999999997,0.0,0.0,0.00015524846345205535,0.0,0.0,0.0,0.0,0.0,20.00000000000028,20.00000000000028,0.0,0.0
16.891666666666666,2.300000000518604,3.215010239982874e-06,0.0,851.857095952241,156.99999999999997,0.0,0.0,0.0001546673551521591,0.0,0.0,0.0,0.0,0.0,20.000000000000256,20.000000000000256,0.0,0.0
16.900000000000002,2.3000000005185988,3.215010239982874e-06,0.0,851.852464756532,156.99999999999997,0.0,0.0,0.00015408914344418713,0.0,0.0,0.0,0.0,0.0,20.000000000000234,20.000000000000234,0.0,0.0
16.90833333333333,2.3000000005185934,3.215010239982874e-06,0.0,851.8478508632311,156.99999999999997,0.0,0.0,0.00015351381030251297,0.0,0.0,0.0,0.0,0.0,20.000000000000227,20.000000000000227,0.0,0.0
16.916666666666668,2.300000000518588,3.215010239982874e-06,0.0,851.8432541862545,156.99999999999997,0.0,0.0,0.00015294133783610002,0.0,0.0,0.0,0.0,0.0,20.000000000000224,20.000000000000224,0.0,0.0
16.925,2.3000000005185828,3.215010239982874e-06,0.0,851.8386746400533,156.99999999999997,0.0,0.0,0.0001523717082869866,0.0,0.0,0.0,0.0,0.0,20.000000000000217,20.000000000000217,0.0,0.0
16.933333333333334,2.3000000005185774,3.215010239982874e-06,0.0,851.834112139609,156.99999999999997,0.0,0.0,0.0001518049040294264,0.0,0.0,0.0,0.0,0.0,20.00000000000023,20.00000000000023,0.0,0.0
16.941666666666666,2.300000000518572,3.215010239982874e-06,0.0,851.8295666004299,156.99999999999997,0.0,0.0,0.00015124090756873612,0.0,0.0,0.0,0.0,0.0,20.000000000000227,20.000000000000227,0.0,0.0
16.950000000000003,2.300000000518567,3.215010239982874e-06,0.0,851.8250379385473,156.99999999999997,0.0,0.0,0.00015067970153985344,0.0,0.0,0.0,0.0,0.0,20.00000000000023,20.00000000000023,0.0,0.0
16.958333333333332,2.3000000005185615,3.215010239982874e-06,0.0,851.8205260705115,156.99999999999997,0.0,0.0,0.0001501212687066461,0.0,0.0,0.0,0.0,0.0,20.00000000000025,20.00000000000025,0.0,0.0
16.96666666666667,2.3000000005185566,3.215010239982874e-06,0.0,851.8160309133876,156.99999999999997,0.0,0.0,0.00014956559196048347,0.0,0.0,0.0,0.0,0.0,20.000000000000245,20.000000000000245,0.0,0.0
16.975,2.3000000005185512,3.215010239982874e-06,0.0,851.8115523847525,156.99999999999997,0.0,0.0,0.00014901265431916327,0.0,0.0,0.0,0.0,0.0,20.000000000000266,20.000000000000266,0.0,0.0
16.983333333333334,2.300000000518546,3.215010239982874e-06,0.0,851.8070904026905,156.99999999999997,0.0,0.0,0.0001484624389260413,0.0,0.0,0.0,0.0,0.0,20.00000000000028,20.00000000000028,0.0,0.0
16.991666666666667,2.300000000518541,3.215010239982874e-06,0.0,851.8026448857895,156.99999999999997,0.0,0.0,0.00014791492904872385,0.0,0.0,0.0,0.0,0.0,20.00000000000029,20.00000000000029,0.0,0.0
17.0,2.3000000005185357,3.215010239982874e-06,0.0,851.7982157531376,156.99999999999997,0.0,0.0,0.00014737010807811218,0.0,0.0,0.0,0.0,0.0,20.000000000000295,20.000000000000295,0.0,0.0
17.008333333333333,2.300000000518531,3.215010239982874e-06,0.0,851.7938029243194,156.99999999999997,0.0,0.0,0.0001468279595272567,0.0,0.0,0.0,0.0,0.0,20.000000000000306,20.000000000000306,0.0,0.0
17.016666666666666,2.3000000005185255,3.215010239982874e-06,0.0,851.789406319412,156.99999999999997,0.0,0.0,0.000146288467030463,0.0,0.0,0.0,0.0,0.0,20.000000000000302,20.000000000000302,0.0,0.0
17.025,2.3000000005185206,3.215010239982874e-06,0.0,851.7850258589821,156.99999999999997,0.0,0.0,0.00014575161434210974,0.0,0.0,0.0,0.0,0.0,20.000000000000288,20.000000000000288,0.0,0.0
17.033333333333335,2.3000000005185157,3.215010239982874e-06,0.0,851.7806614640815,156.99999999999997,0.0,0.0,0.00014521738533562046,0.0,0.0,0.0,0.0,0.0,20.00000000000031,20.00000000000031,0.0,0.0
17.041666666666664,2.3000000005185104,3.215010239982874e-06,0.0,851.7763130562441,156.99999999999997,0.0,0.0,0.00014468576400253946,0.0,0.0,0.0,0.0,0.0,20.000000000000302,20.000000000000302,0.0,0.0
17.05,2.3000000005185055,3.215010239982874e-06,0.0,851.7719805574827,156.99999999999997,0.0,0.0,0.00014415673445146692,0.0,0.0,0.0,0.0,0.0,20.000000000000316,20.000000000000316,0.0,0.0
17.058333333333334,2.3000000005185006,3.215010239982874e-06,0.0,851.7676638902842,156.99999999999997,0.0,0.0,0.00014363028090714648,0.0,0.0,0.0,0.0,0.0,20.00000000000031,20.00000000000031,0.0,0.0
17.066666666666666,2.3000000005184957,3.215010239982874e-06,0.0,851.7633629776079,156.99999999999997,0.0,0.0,0.0001431063877093153,0.0,0.0,0.0,0.0,0.0,20.000000000000316,20.000000000000316,0.0,0.0
17.075,2.3000000005184904,3.215010239982874e-06,0.0,851.7590777428807,156.99999999999997,0.0,0.0,0.00014258503931185274,0.0,0.0,0.0,0.0,0.0,20.000000000000316,20.000000000000316,0.0,0.0
17.083333333333336,2.3000000005184855,3.215010239982874e-06,0.0,851.754808109994,156.99999999999997,0.0,0.0,0.00014206622028169132,0.0,0.0,0.0,0.0,0.0,20.000000000000327,20.000000000000327,0.0,0.0
17.091666666666665,2.3000000005184806,3.215010239982874e-06,0.0,851.7505540033007,156.99999999999997,0.0,0.0,0.00014154991529812251,0.0,0.0,0.0,0.0,0.0,20.000000000000327,20.000000000000327,0.0,0.0
17.1,2.3000000005184758,3.215010239982874e-06,0.0,851.746315347612,156.99999999999997,0.0,0.0,0.00014103610915152499,0.0,0.0,0.0,0.0,0.0,20.000000000000327,20.000000000000327,0.0,0.0
17.108333333333334,2.300000000518471,3.215010239982874e-06,0.0,851.7420920681931,156.99999999999997,0.0,0.0,0.00014052478674258495,0.0,0.0,0.0,0.0,0.0,20.000000000000334,20.000000000000334,0.0,0.0
17.116666666666667,2.300000000518466,3.215010239982874e-06,0.0,851.7378840907606,156.99999999999997,0.0,0.0,0.00014001593308132762,0.0,0.0,0.0,0.0,0.0,20.000000000000323,20.000000000000323,0.0,0.0
17.125,2.300000000518461,3.215010239982874e-06,0.0,851.7336913414795,156.99999999999997,0.0,0.0,0.00013950953328629924,0.0,0.0,0.0,0.0,0.0,20.00000000000032,20.00000000000032,0.0,0.0
17.133333333333333,2.300000000518456,3.215010239982874e-06,0.0,851.7295137469594,156.99999999999997,0.0,0.0,0.00013900557258341676,0.0,0.0,0.0,0.0,0.0,20.000000000000316,20.000000000000316,0.0,0.0
17.141666666666666,2.3000000005184518,3.215010239982874e-06,0.0,851.7253512342511,156.99999999999997,0.0,0.0,0.00013850403630535408,0.0,0.0,0.0,0.0,0.0,20.000000000000316,20.000000000000316,0.0,0.0
17.15,2.300000000518447,3.215010239982874e-06,0.0,851.7212037308448,156.99999999999997,0.0,0.0,0.00013800490989045094,0.0,0.0,0.0,0.0,0.0,20.000000000000313,20.000000000000313,0.0,0.0
17.15833333333333,2.300000000518442,3.215010239982874e-06,0.0,851.7170711646647,156.99999999999997,0.0,0.0,0.00013750817888182062,0.0,0.0,0.0,0.0,0.0,20.000000000000313,20.000000000000313,0.0,0.0
17.166666666666668,2.300000000518437,3.215010239982874e-06,0.0,851.7129534640683,156.99999999999997,0.0,0.0,0.00013701382892655897,0.0,0.0,0.0,0.0,0.0,20.000000000000316,20.000000000000316,0.0,0.0
17.174999999999997,2.3000000005184327,3.215010239982874e-06,0.0,851.7088505578411,156.99999999999997,0.0,0.0,0.00013652184577486214,0.0,0.0,0.0,0.0,0.0,20.000000000000323,20.000000000000323,0.0,0.0
17.183333333333334,2.300000000518428,3.215010239982874e-06,0.0,851.7047623751953,156.99999999999997,0.0,0.0,0.00013603221527914996,0.0,0.0,0.0,0.0,0.0,20.00000000000032,20.00000000000032,0.0,0.0
17.191666666666666,2.300000000518423,3.215010239982874e-06,0.0,851.7006888457656,156.99999999999997,0.0,0.0,0.00013554492339314632,0.0,0.0,0.0,0.0,0.0,20.000000000000323,20.000000000000323,0.0,0.0
17.2,2.3000000005184185,3.215010239982874e-06,0.0,851.6966298996067,156.99999999999997,0.0,0.0,0.00013505995617115645,0.0,0.0,0.0,0.0,0.0,20.000000000000313,20.000000000000313,0.0,0.0
17.208333333333332,2.3000000005184136,3.215010239982874e-06,0.0,851.6925854671899,156.99999999999997,0.0,0.0,0.00013457729976706196,0.0,0.0,0.0,0.0,0.0,20.000000000000316,20.000000000000316,0.0,0.0
17.21666666666667,2.300000000518409,3.215010239982874e-06,0.0,851.6885554794007,156.99999999999997,0.0,0.0,0.00013409694043370343,0.0,0.0,0.0,0.0,0.0,20.000000000000327,20.000000000000327,0.0,0.0
17.224999999999998,2.3000000005184043,3.215010239982874e-06,0.0,851.6845398675354,156.99999999999997,0.0,0.0,0.0001336188645219331,0.0,0.0,0.0,0.0,0.0,20.000000000000327,20.000000000000327,0.0,0.0
17.233333333333334,2.3000000005184,3.215010239982874e-06,0.0,851.6805385632981,156.99999999999997,0.0,0.0,0.00013314305847967356,0.0,0.0,0.0,0.0,0.0,20.00000000000034,20.00000000000034,0.0,0.0
17.241666666666667,2.300000000518395,3.215010239982874e-06,0.0,851.6765514987983,156.99999999999997,0.0,0.0,0.00013266950885140917,0.0,0.0,0.0,0.0,0.0,20.000000000000345,20.000000000000345,0.0,0.0
17.25,2.3000000005183905,3.215010239982874e-06,0.0,851.6725786065474,156.99999999999997,0.0,0.0,0.00013219820227720628,0.0,0.0,0.0,0.0,0.0,20.000000000000345,20.000000000000345,0.0,0.0
17.258333333333333,2.300000000518386,3.215010239982874e-06,0.0,851.6686198194566,156.99999999999997,0.0,0.0,0.00013172912549183394,0.0,0.0,0.0,0.0,0.0,20.000000000000348,20.000000000000348,0.0,0.0
17.266666666666666,2.3000000005183816,3.215010239982874e-06,0.0,851.6646750708329,156.99999999999997,0.0,0.0,0.00013126226532417384,0.0,0.0,0.0,0.0,0.0,20.000000000000334,20.000000000000334,0.0,0.0
17.275000000000002,2.3000000005183767,3.215010239982874e-06,0.0,851.6607442943778,156.99999999999997,0.0,0.0,0.00013079760869639728,0.0,0.0,0.0,0.0,0.0,20.000000000000316,20.000000000000316,0.0,0.0
17.28333333333333,2.3000000005183723,3.215010239982874e-06,0.0,851.6568274241833,156.99999999999997,0.0,0.0,0.0001303351426230527,0.0,0.0,0.0,0.0,0.0,20.00000000000032,20.00000000000032,0.0,0.0
17.291666666666668,2.300000000518368,3.215010239982874e-06,0.0,851.6529243947296,156.99999999999997,0.0,0.0,0.0001298748542104886,0.0,0.0,0.0,0.0,0.0,20.000000000000302,20.000000000000302,0.0,0.0
17.3,2.3000000005183634,3.215010239982874e-06,0.0,851.649035140882,156.99999999999997,0.0,0.0,0.00012941673065595025,0.0,0.0,0.0,0.0,0.0,20.00000000000032,20.00000000000032,0.0,0.0
17.308333333333334,2.300000000518359,3.215010239982874e-06,0.0,851.6451595978895,156.99999999999997,0.0,0.0,0.0001289607592470107,0.0,0.0,0.0,0.0,0.0,20.000000000000316,20.000000000000316,0.0,0.0
17.316666666666666,2.3000000005183545,3.215010239982874e-06,0.0,851.6412977013799,156.99999999999997,0.0,0.0,0.00012850692736058282,0.0,0.0,0.0,0.0,0.0,20.000000000000327,20.000000000000327,0.0,0.0
17.325000000000003,2.30000000051835,3.215010239982874e-06,0.0,851.6374493873592,156.99999999999997,0.0,0.0,0.00012805522246240586,0.0,0.0,0.0,0.0,0.0,20.00000000000031,20.00000000000031,0.0,0.0
17.333333333333332,2.3000000005183456,3.215010239982874e-06,0.0,851.6336145922077,156.99999999999997,0.0,0.0,0.0001276056321062074,0.0,0.0,0.0,0.0,0.0,20.0000000000003,20.0000000000003,0.0,0.0
17.34166666666667,2.300000000518341,3.215010239982874e-06,0.0,851.6297932526777,156.99999999999997,0.0,0.0,0.00012715814393301011,0.0,0.0,0.0,0.0,0.0,20.0000000000003,20.0000000000003,0.0,0.0
17.35,2.3000000005183368,3.215010239982874e-06,0.0,851.6259853058913,156.99999999999997,0.0,0.0,0.00012671274567048994,0.0,0.0,0.0,0.0,0.0,20.000000000000295,20.000000000000295,0.0,0.0
17.358333333333334,2.3000000005183323,3.215010239982874e-06,0.0,851.6221906893371,156.99999999999997,0.0,0.0,0.0001262694251320572,0.0,0.0,0.0,0.0,0.0,20.000000000000288,20.000000000000288,0.0,0.0
17.366666666666667,2.300000000518328,3.215010239982874e-06,0.0,851.6184093408682,156.99999999999997,0.0,0.0,0.00012582817021641014,0.0,0.0,0.0,0.0,0.0,20.0000000000003,20.0000000000003,0.0,0.0
17.375,2.3000000005183234,3.215010239982874e-06,0.0,851.6146411986992,156.99999999999997,0.0,0.0,0.0001253889689066247,0.0,0.0,0.0,0.0,0.0,20.000000000000302,20.000000000000302,0.0,0.0
17.383333333333333,2.3000000005183194,3.215010239982874e-06,0.0,851.6108862014045,156.99999999999997,0.0,0.0,0.00012495180926971506,0.0,0.0,0.0,0.0,0.0,20.000000000000306,20.000000000000306,0.0,0.0
17.391666666666666,2.300000000518315,3.215010239982874e-06,0.0,851.6071442879145,156.99999999999997,0.0,0.0,0.000124516679455732,0.0,0.0,0.0,0.0,0.0,20.000000000000288,20.000000000000288,0.0,0.0
17.4,2.3000000005183106,3.215010239982874e-06,0.0,851.6034153975143,156.99999999999997,0.0,0.0,0.00012408356769705227,0.0,0.0,0.0,0.0,0.0,20.00000000000028,20.00000000000028,0.0,0.0
17.408333333333335,2.300000000518306,3.215010239982874e-06,0.0,851.5996994698405,156.99999999999997,0.0,0.0,0.00012365246230804281,0.0,0.0,0.0,0.0,0.0,20.000000000000266,20.000000000000266,0.0,0.0
17.416666666666664,2.300000000518302,3.215010239982874e-06,0.0,851.5959964448793,156.99999999999997,0.0,0.0,0.0001232233516840324,0.0,0.0,0.0,0.0,0.0,20.000000000000256,20.000000000000256,0.0,0.0
17.425,2.3000000005182977,3.215010239982874e-06,0.0,851.5923062629638,156.99999999999997,0.0,0.0,0.00012279622430079795,0.0,0.0,0.0,0.0,0.0,20.000000000000245,20.000000000000245,0.0,0.0
17.433333333333334,2.3000000005182937,3.215010239982874e-06,0.0,851.5886288647714,156.99999999999997,0.0,0.0,0.00012237106871396168,0.0,0.0,0.0,0.0,0.0,20.000000000000245,20.000000000000245,0.0,0.0
17.441666666666666,2.3000000005182892,3.215010239982874e-06,0.0,851.5849641913217,156.99999999999997,0.0,0.0,0.000121947873558299,0.0,0.0,0.0,0.0,0.0,20.000000000000227,20.000000000000227,0.0,0.0
17.45,2.3000000005182852,3.215010239982874e-06,0.0,851.581312183974,156.99999999999997,0.0,0.0,0.00012152662754714282,0.0,0.0,0.0,0.0,0.0,20.000000000000224,20.000000000000224,0.0,0.0
17.458333333333336,2.300000000518281,3.215010239982874e-06,0.0,851.5776727844253,156.99999999999997,0.0,0.0,0.00012110731947160727,0.0,0.0,0.0,0.0,0.0,20.00000000000023,20.00000000000023,0.0,0.0
17.466666666666665,2.300000000518277,3.215010239982874e-06,0.0,851.5740459347073,156.99999999999997,0.0,0.0,0.00012068993820018362,0.0,0.0,0.0,0.0,0.0,20.000000000000224,20.000000000000224,0.0,0.0
17.475,2.3000000005182724,3.215010239982874e-06,0.0,851.5704315771849,156.99999999999997,0.0,0.0,0.00012027447267787904,0.0,0.0,0.0,0.0,0.0,20.000000000000224,20.000000000000224,0.0,0.0
17.483333333333334,2.3000000005182684,3.215010239982874e-06,0.0,851.566829654553,156.99999999999997,0.0,0.0,0.00011986091192586538,0.0,0.0,0.0,0.0,0.0,20.000000000000217,20.000000000000217,0.0,0.0
17.491666666666667,2.3000000005182644,3.215010239982874e-06,0.0,851.563240109835,156.99999999999997,0.0,0.0,0.0001194492450406713,0.0,0.0,0.0,0.0,0.0,20.00000000000022,20.00000000000022,0.0,0.0
17.5,2.30000000051826,3.215010239982874e-06,0.0,851.5596628863802,156.99999999999997,0.0,0.0,0.00011903946119356229,0.0,0.0,0.0,0.0,0.0,20.000000000000213,20.000000000000213,0.0,0.0
17.508333333333333,2.300000000518256,3.215010239982874e-06,0.0,851.5560979278619,156.99999999999997,0.0,0.0,0.00011863154963015302,0.0,0.0,0.0,0.0,0.0,20.000000000000213,20.000000000000213,0.0,0.0
17.516666666666666,2.300000000518252,3.215010239982874e-06,0.0,851.5525451782742,156.99999999999997,0.0,0.0,0.00011822549966951913,0.0,0.0,0.0,0.0,0.0,20.000000000000217,20.000000000000217,0.0,0.0
17.525,2.3000000005182475,3.215010239982874e-06,0.0,851.5490045819313,156.99999999999997,0.0,0.0,0.0001178213007039988,0.0,0.0,0.0,0.0,0.0,20.000000000000213,20.000000000000213,0.0,0.0
17.53333333333333,2.3000000005182435,3.215010239982874e-06,0.0,851.5454760834642,156.99999999999997,0.0,0.0,0.00011741894219812934,0.0,0.0,0.0,0.0,0.0,20.000000000000213,20.000000000000213,0.0,0.0
17.541666666666668,2.3000000005182395,3.215010239982874e-06,0.0,851.5419596278188,156.99999999999997,0.0,0.0,0.00011701841368850038,0.0,0.0,0.0,0.0,0.0,20.000000000000217,20.000000000000217,0.0,0.0
17.549999999999997,2.3000000005182355,3.215010239982874e-06,0.0,851.5384551602538,156.99999999999997,0.0,0.0,0.00011661970478292571,0.0,0.0,0.0,0.0,0.0,20.000000000000213,20.000000000000213,0.0,0.0
17.558333333333334,2.3000000005182315,3.215010239982874e-06,0.0,851.5349626263386,156.99999999999997,0.0,0.0,0.00011622280515998346,0.0,0.0,0.0,0.0,0.0,20.000000000000224,20.000000000000224,0.0,0.0
17.566666666666666,2.3000000005182275,3.215010239982874e-06,0.0,851.5314819719513,156.99999999999997,0.0,0.0,0.00011582770456842239,0.0,0.0,0.0,0.0,0.0,20.00000000000023,20.00000000000023,0.0,0.0
17.575,2.3000000005182235,3.215010239982874e-06,0.0,851.5280131432767,156.99999999999997,0.0,0.0,0.00011543439282661722,0.0,0.0,0.0,0.0,0.0,20.00000000000021,20.00000000000021,0.0,0.0
17.583333333333332,2.3000000005182195,3.215010239982874e-06,0.0,851.5245560868032,156.99999999999997,0.0,0.0,0.00011504285982198159,0.0,0.0,0.0,0.0,0.0,20.000000000000203,20.000000000000203,0.0,0.0
17.59166666666667,2.3000000005182155,3.215010239982874e-06,0.0,851.5211107493222,156.99999999999997,0.0,0.0,0.00011465309551051996,0.0,0.0,0.0,0.0,0.0,20.000000000000203,20.000000000000203,0.0,0.0
17.599999999999998,2.3000000005182115,3.215010239982874e-06,0.0,851.5176770779253,156.99999999999997,0.0,0.0,0.00011426508991615634,0.0,0.0,0.0,0.0,0.0,20.00000000000021,20.00000000000021,0.0,0.0
17.608333333333334,2.3000000005182075,3.215010239982874e-06,0.0,851.5142550200023,156.99999999999997,0.0,0.0,0.00011387883313029234,0.0,0.0,0.0,0.0,0.0,20.000000000000217,20.000000000000217,0.0,0.0
17.616666666666667,2.3000000005182035,3.215010239982874e-06,0.0,851.5108445232391,156.99999999999997,0.0,0.0,0.00011349431531118743,0.0,0.0,0.0,0.0,0.0,20.000000000000213,20.000000000000213,0.0,0.0
17.625,2.3000000005181995,3.215010239982874e-06,0.0,851.507445535616,156.99999999999997,0.0,0.0,0.0001131115266836127,0.0,0.0,0.0,0.0,0.0,20.00000000000021,20.00000000000021,0.0,0.0
17.633333333333333,2.300000000518196,3.215010239982874e-06,0.0,851.5040580054053,156.99999999999997,0.0,0.0,0.0001127304575381021,0.0,0.0,0.0,0.0,0.0,20.000000000000217,20.000000000000217,0.0,0.0
17.641666666666666,2.300000000518192,3.215010239982874e-06,0.0,851.5006818811701,156.99999999999997,0.0,0.0,0.00011235109823056696,0.0,0.0,0.0,0.0,0.0,20.00000000000022,20.00000000000022,0.0,0.0
17.650000000000002,2.300000000518188,3.215010239982874e-06,0.0,851.4973171117613,156.99999999999997,0.0,0.0,0.00011197343918173339,0.0,0.0,0.0,0.0,0.0,20.000000000000217,20.000000000000217,0.0,0.0
17.65833333333333,2.300000000518184,3.215010239982874e-06,0.0,851.4939636463163,156.99999999999997,0.0,0.0,0.0001115974708767172,0.0,0.0,0.0,0.0,0.0,20.00000000000021,20.00000000000021,0.0,0.0
17.666666666666668,2.3000000005181804,3.215010239982874e-06,0.0,851.4906214342573,156.99999999999997,0.0,0.0,0.00011122318386437742,0.0,0.0,0.0,0.0,0.0,20.000000000000217,20.000000000000217,0.0,0.0
17.675,2.3000000005181764,3.215010239982874e-06,0.0,851.4872904252886,156.99999999999997,0.0,0.0,0.00011085056875694162,0.0,0.0,0.0,0.0,0.0,20.00000000000021,20.00000000000021,0.0,0.0
17.683333333333334,2.3000000005181724,3.215010239982874e-06,0.0,851.4839705693956,156.99999999999997,0.0,0.0,0.00011047961622954417,0.0,0.0,0.0,0.0,0.0,20.00000000000019,20.00000000000019,0.0,0.0
17.691666666666666,2.300000000518169,3.215010239982874e-06,0.0,851.4806618168423,156.99999999999997,0.0,0.0,0.00011011031701949918,0.0,0.0,0.0,0.0,0.0,20.000000000000195,20.000000000000195,0.0,0.0
17.700000000000003,2.300000000518165,3.215010239982874e-06,0.0,851.4773641181696,156.99999999999997,0.0,0.0,0.00010974266192611241,0.0,0.0,0.0,0.0,0.0,20.000000000000185,20.000000000000185,0.0,0.0
17.708333333333332,2.3000000005181613,3.215010239982874e-06,0.0,851.4740774241935,156.99999999999997,0.0,0.0,0.00010937664181000462,0.0,0.0,0.0,0.0,0.0,20.0000000000002,20.0000000000002,0.0,0.0
17.71666666666667,2.3000000005181573,3.215010239982874e-06,0.0,851.4708016860034,156.99999999999997,0.0,0.0,0.00010901224759274967,0.0,0.0,0.0,0.0,0.0,20.000000000000192,20.000000000000192,0.0,0.0
17.725,2.300000000518154,3.215010239982874e-06,0.0,851.4675368549598,156.99999999999997,0.0,0.0,0.00010864947025620409,0.0,0.0,0.0,0.0,0.0,20.000000000000206,20.000000000000206,0.0,0.0
17.733333333333334,2.30000000051815,3.215010239982874e-06,0.0,851.4642828826932,156.99999999999997,0.0,0.0,0.00010828830084237245,0.0,0.0,0.0,0.0,0.0,20.000000000000224,20.000000000000224,0.0,0.0
17.741666666666667,2.3000000005181462,3.215010239982874e-06,0.0,851.4610397211018,156.99999999999997,0.0,0.0,0.00010792873045260891,0.0,0.0,0.0,0.0,0.0,20.00000000000021,20.00000000000021,0.0,0.0
17.75,2.3000000005181422,3.215010239982874e-06,0.0,851.4578073223497,156.99999999999997,0.0,0.0,0.00010757075024735429,0.0,0.0,0.0,0.0,0.0,20.0000000000002,20.0000000000002,0.0,0.0
17.758333333333333,2.3000000005181387,3.215010239982874e-06,0.0,851.4545856388654,156.99999999999997,0.0,0.0,0.00010721435144565357,0.0,0.0,0.0,0.0,0.0,20.000000000000195,20.000000000000195,0.0,0.0
17.766666666666666,2.3000000005181347,3.215010239982874e-06,0.0,851.4513746233401,156.99999999999997,0.0,0.0,0.00010685952532458773,0.0,0.0,0.0,0.0,0.0,20.000000000000185,20.000000000000185,0.0,0.0
17.775,2.300000000518131,3.215010239982874e-06,0.0,851.4481742287257,156.99999999999997,0.0,0.0,0.00010650626321897338,0.0,0.0,0.0,0.0,0.0,20.00000000000017,20.00000000000017,0.0,0.0
17.783333333333335,2.3000000005181276,3.215010239982874e-06,0.0,851.444984408233,156.99999999999997,0.0,0.0,0.0001061545565208878,0.0,0.0,0.0,0.0,0.0,20.000000000000178,20.000000000000178,0.0,0.0
17.791666666666664,2.300000000518124,3.215010239982874e-06,0.0,851.4418051153305,156.99999999999997,0.0,0.0,0.00010580439667910855,0.0,0.0,0.0,0.0,0.0,20.00000000000018,20.00000000000018,0.0,0.0
17.8,2.30000000051812,3.215010239982874e-06,0.0,851.4386363037419,156.99999999999997,0.0,0.0,0.00010545577519882007,0.0,0.0,0.0,0.0,0.0,20.000000000000174,20.000000000000174,0.0,0.0
17.808333333333334,2.3000000005181165,3.215010239982874e-06,0.0,851.4354779274454,156.99999999999997,0.0,0.0,0.00010510868364110205,0.0,0.0,0.0,0.0,0.0,20.000000000000167,20.000000000000167,0.0,0.0
17.816666666666666,2.300000000518113,3.215010239982874e-06,0.0,851.4323299406714,156.99999999999997,0.0,0.0,0.0001047631136225964,0.0,0.0,0.0,0.0,0.0,20.000000000000163,20.000000000000163,0.0,0.0
17.825,2.3000000005181094,3.215010239982874e-06,0.0,851.4291922979006,156.99999999999997,0.0,0.0,0.00010441905681491285,0.0,0.0,0.0,0.0,0.0,20.00000000000016,20.00000000000016,0.0,0.0
17.833333333333336,2.300000000518106,3.215010239982874e-06,0.0,851.4260649538631,156.99999999999997,0.0,0.0,0.00010407650494438817,0.0,0.0,0.0,0.0,0.0,20.00000000000015,20.00000000000015,0.0,0.0
17.841666666666665,2.3000000005181023,3.215010239982874e-06,0.0,851.4229478635365,156.99999999999997,0.0,0.0,0.00010373544979145313,0.0,0.0,0.0,0.0,0.0,20.000000000000153,20.000000000000153,0.0,0.0
17.85,2.3000000005180983,3.215010239982874e-06,0.0,851.4198409821436,156.99999999999997,0.0,0.0,0.00010339588319057068,0.0,0.0,0.0,0.0,0.0,20.000000000000156,20.000000000000156,0.0,0.0
17.858333333333334,2.3000000005180947,3.215010239982874e-06,0.0,851.4167442651517,156.99999999999997,0.0,0.0,0.00010305779702938912,0.0,0.0,0.0,0.0,0.0,20.000000000000153,20.000000000000153,0.0,0.0
17.866666666666667,2.300000000518091,3.215010239982874e-06,0.0,851.413657668271,156.99999999999997,0.0,0.0,0.00010272118324864093,0.0,0.0,0.0,0.0,0.0,20.00000000000016,20.00000000000016,0.0,0.0
17.875,2.3000000005180876,3.215010239982874e-06,0.0,851.4105811474519,156.99999999999997,0.0,0.0,0.00010238603384169376,0.0,0.0,0.0,0.0,0.0,20.00000000000016,20.00000000000016,0.0,0.0
17.883333333333333,2.300000000518084,3.215010239982874e-06,0.0,851.4075146588848,156.99999999999997,0.0,0.0,0.00010205234085401677,0.0,0.0,0.0,0.0,0.0,20.000000000000163,20.000000000000163,0.0,0.0
17.891666666666666,2.3000000005180805,3.215010239982874e-06,0.0,851.4044581589978,156.99999999999997,0.0,0.0,0.00010172009638295424,0.0,0.0,0.0,0.0,0.0,20.000000000000163,20.000000000000163,0.0,0.0
17.9,2.3000000005180774,3.215010239982874e-06,0.0,851.4014116044552,156.99999999999997,0.0,0.0,0.00010138929257715302,0.0,0.0,0.0,0.0,0.0,20.00000000000015,20.00000000000015,0.0,0.0
17.90833333333333,2.300000000518074,3.215010239982874e-06,0.0,851.3983749521562,156.99999999999997,0.0,0.0,0.00010105992163642668,0.0,0.0,0.0,0.0,0.0,20.000000000000153,20.000000000000153,0.0,0.0
17.916666666666668,2.3000000005180703,3.215010239982874e-06,0.0,851.3953481592332,156.99999999999997,0.0,0.0,0.00010073197581105739,0.0,0.0,0.0,0.0,0.0,20.000000000000153,20.000000000000153,0.0,0.0
17.924999999999997,2.3000000005180667,3.215010239982874e-06,0.0,851.3923311830501,156.99999999999997,0.0,0.0,0.00010040544740162077,0.0,0.0,0.0,0.0,0.0,20.000000000000146,20.000000000000146,0.0,0.0
17.933333333333334,2.300000000518063,3.215010239982874e-06,0.0,851.3893239812012,156.99999999999997,0.0,0.0,0.00010008032875859553,0.0,0.0,0.0,0.0,0.0,20.000000000000128,20.000000000000128,0.0,0.0
17.941666666666666,2.3000000005180596,3.215010239982874e-06,0.0,851.3863265115098,156.99999999999997,0.0,0.0,9.975661228197517e-05,0.0,0.0,0.0,0.0,0.0,20.000000000000124,20.000000000000124,0.0,0.0
17.95,2.3000000005180565,3.215010239982874e-06,0.0,851.3833387320258,156.99999999999997,0.0,0.0,9.943429042070953e-05,0.0,0.0,0.0,0.0,0.0,20.000000000000117,20.000000000000117,0.0,0.0
17.958333333333332,2.300000000518053,3.215010239982874e-06,0.0,851.3803606010256,156.99999999999997,0.0,0.0,9.911335567262292e-05,0.0,0.0,0.0,0.0,0.0,20.000000000000124,20.000000000000124,0.0,0.0
17.96666666666667,2.3000000005180494,3.215010239982874e-06,0.0,851.3773920770095,156.99999999999997,0.0,0.0,9.879380058394549e-05,0.0,0.0,0.0,0.0,0.0,20.00000000000012,20.00000000000012,0.0,0.0
17.974999999999998,2.300000000518046,3.215010239982874e-06,0.0,851.3744331187006,156.99999999999997,0.0,0.0,9.847561774880424e-05,0.0,0.0,0.0,0.0,0.0,20.000000000000117,20.000000000000117,0.0,0.0
17.983333333333334,2.3000000005180428,3.215010239982874e-06,0.0,851.3714836850438,156.99999999999997,0.0,0.0,9.815879980906017e-05,0.0,0.0,0.0,0.0,0.0,20.000000000000117,20.000000000000117,0.0,0.0
17.991666666666667,2.300000000518039,3.215010239982874e-06,0.0,851.368543735204,156.99999999999997,0.0,0.0,9.784333945388895e-05,0.0,0.0,0.0,0.0,0.0,20.000000000000114,20.000000000000114,0.0,0.0
18.0,2.3000000005180357,3.215010239982874e-06,0.0,851.3656132285641,156.99999999999997,0.0,0.0,9.75292294192782e-05,0.0,0.0,0.0,0.0,0.0,20.000000000000114,20.000000000000114,0.0,0.0
18.008333333333333,2.3000000005180326,3.215010239982874e-06,0.0,851.3626921247251,156.99999999999997,0.0,0.0,9.721646248795547e-05,0.0,0.0,0.0,0.0,0.0,20.00000000000013,20.00000000000013,0.0,0.0
18.016666666666666,2.300000000518029,3.215010239982874e-06,0.0,851.3597803835032,156.99999999999997,0.0,0.0,9.690503148880341e-05,0.0,0.0,0.0,0.0,0.0,20.000000000000124,20.000000000000124,0.0,0.0
18.025000000000002,2.300000000518026,3.215010239982874e-06,0.0,851.3568779649293,156.99999999999997,0.0,0.0,9.65949292966626e-05,0.0,0.0,0.0,0.0,0.0,20.000000000000128,20.000000000000128,0.0,0.0
18.03333333333333,2.3000000005180223,3.215010239982874e-06,0.0,851.353984829247,156.99999999999997,0.0,0.0,9.62861488318795e-05,0.0,0.0,0.0,0.0,0.0,20.000000000000114,20.000000000000114,0.0,0.0
18.041666666666668,2.3000000005180192,3.215010239982874e-06,0.0,851.3511009369122,156.99999999999997,0.0,0.0,9.597868305998436e-05,0.0,0.0,0.0,0.0,0.0,20.000000000000124,20.000000000000124,0.0,0.0
18.05,2.3000000005180157,3.215010239982874e-06,0.0,851.3482262485905,156.99999999999997,0.0,0.0,9.567252499149896e-05,0.0,0.0,0.0,0.0,0.0,20.000000000000128,20.000000000000128,0.0,0.0
18.058333333333334,2.3000000005180126,3.215010239982874e-06,0.0,851.3453607251571,156.99999999999997,0.0,0.0,9.536766768140482e-05,0.0,0.0,0.0,0.0,0.0,20.00000000000012,20.00000000000012,0.0,0.0
18.066666666666666,2.300000000518009,3.215010239982874e-06,0.0,851.3425043276945,156.99999999999997,0.0,0.0,9.506410422886939e-05,0.0,0.0,0.0,0.0,0.0,20.000000000000107,20.000000000000107,0.0,0.0
18.075000000000003,2.300000000518006,3.215010239982874e-06,0.0,851.3396570174916,156.99999999999997,0.0,0.0,9.476182777697351e-05,0.0,0.0,0.0,0.0,0.0,20.000000000000092,20.000000000000092,0.0,0.0
18.083333333333332,2.300000000518003,3.215010239982874e-06,0.0,851.3368187560424,156.99999999999997,0.0,0.0,9.44608315124827e-05,0.0,0.0,0.0,0.0,0.0,20.000000000000096,20.000000000000096,0.0,0.0
18.09166666666667,2.3000000005179992,3.215010239982874e-06,0.0,851.3339895050447,156.99999999999997,0.0,0.0,9.416110866519638e-05,0.0,0.0,0.0,0.0,0.0,20.00000000000009,20.00000000000009,0.0,0.0
18.1,2.300000000517996,3.215010239982874e-06,0.0,851.3311692263985,156.99999999999997,0.0,0.0,9.386265250797722e-05,0.0,0.0,0.0,0.0,0.0,20.000000000000092,20.000000000000092,0.0,0.0
18.108333333333334,2.300000000517993,3.215010239982874e-06,0.0,851.3283578822054,156.99999999999997,0.0,0.0,9.356545635618868e-05,0.0,0.0,0.0,0.0,0.0,20.000000000000085,20.000000000000085,0.0,0.0
18.116666666666667,2.3000000005179895,3.215010239982874e-06,0.0,851.3255554347666,156.99999999999997,0.0,0.0,9.326951356760002e-05,0.0,0.0,0.0,0.0,0.0,20.000000000000078,20.000000000000078,0.0,0.0
18.125,2.3000000005179864,3.215010239982874e-06,0.0,851.3227618465818,156.99999999999997,0.0,0.0,9.297481754182785e-05,0.0,0.0,0.0,0.0,0.0,20.000000000000092,20.000000000000092,0.0,0.0
18.133333333333333,2.3000000005179833,3.215010239982874e-06,0.0,851.3199770803483,156.99999999999997,0.0,0.0,9.268136172024404e-05,0.0,0.0,0.0,0.0,0.0,20.00000000000009,20.00000000000009,0.0,0.0
18.141666666666666,2.30000000051798,3.215010239982874e-06,0.0,851.3172010989595,156.99999999999997,0.0,0.0,9.23891395855474e-05,0.0,0.0,0.0,0.0,0.0,20.00000000000011,20.00000000000011,0.0,0.0
18.15,2.3000000005179766,3.215010239982874e-06,0.0,851.3144338655036,156.99999999999997,0.0,0.0,9.20981446615058e-05,0.0,0.0,0.0,0.0,0.0,20.00000000000012,20.00000000000012,0.0,0.0
18.158333333333335,2.3000000005179735,3.215010239982874e-06,0.0,851.3116753432626,156.99999999999997,0.0,0.0,9.180837051261576e-05,0.0,0.0,0.0,0.0,0.0,20.000000000000114,20.000000000000114,0.0,0.0
18.166666666666664,2.3000000005179704,3.215010239982874e-06,0.0,851.3089254957108,156.99999999999997,0.0,0.0,9.151981074380562e-05,0.0,0.0,0.0,0.0,0.0,20.000000000000114,20.000000000000114,0.0,0.0
18.175,2.3000000005179673,3.215010239982874e-06,0.0,851.3061842865139,156.99999999999997,0.0,0.0,9.123245900026599e-05,0.0,0.0,0.0,0.0,0.0,20.000000000000117,20.000000000000117,0.0,0.0
18.183333333333334,2.300000000517964,3.215010239982874e-06,0.0,851.3034516795276,156.99999999999997,0.0,0.0,9.09463089669463e-05,0.0,0.0,0.0,0.0,0.0,20.00000000000013,20.00000000000013,0.0,0.0
18.191666666666666,2.300000000517961,3.215010239982874e-06,0.0,851.3007276387962,156.99999999999997,0.0,0.0,9.06613543684303e-05,0.0,0.0,0.0,0.0,0.0,20.00000000000013,20.00000000000013,0.0,0.0
18.2,2.300000000517958,3.215010239982874e-06,0.0,851.2980121285518,156.99999999999997,0.0,0.0,9.037758896851981e-05,0.0,0.0,0.0,0.0,0.0,20.00000000000014,20.00000000000014,0.0,0.0
18.208333333333336,2.300000000517955,3.215010239982874e-06,0.0,851.2953051132133,156.99999999999997,0.0,0.0,9.009500657011259e-05,0.0,0.0,0.0,0.0,0.0,20.00000000000014,20.00000000000014,0.0,0.0
18.216666666666665,2.3000000005179517,3.215010239982874e-06,0.0,851.2926065573845,156.99999999999997,0.0,0.0,8.981360101474762e-05,0.0,0.0,0.0,0.0,0.0,20.00000000000013,20.00000000000013,0.0,0.0
18.225,2.3000000005179486,3.215010239982874e-06,0.0,851.2899164258537,156.99999999999997,0.0,0.0,8.953336618240246e-05,0.0,0.0,0.0,0.0,0.0,20.000000000000117,20.000000000000117,0.0,0.0
18.233333333333334,2.3000000005179455,3.215010239982874e-06,0.0,851.2872346835918,156.99999999999997,0.0,0.0,8.925429599120841e-05,0.0,0.0,0.0,0.0,0.0,20.00000000000012,20.00000000000012,0.0,0.0
18.241666666666667,2.3000000005179424,3.215010239982874e-06,0.0,851.2845612957522,156.99999999999997,0.0,0.0,8.897638439720888e-05,0.0,0.0,0.0,0.0,0.0,20.000000000000114,20.000000000000114,0.0,0.0
18.25,2.3000000005179393,3.215010239982874e-06,0.0,851.2818962276681,156.99999999999997,0.0,0.0,8.869962539399428e-05,0.0,0.0,0.0,0.0,0.0,20.000000000000114,20.000000000000114,0.0,0.0
18.258333333333333,2.300000000517936,3.215010239982874e-06,0.0,851.2792394448535,156.99999999999997,0.0,0.0,8.842401301254626e-05,0.0,0.0,0.0,0.0,0.0,20.000000000000117,20.000000000000117,0.0,0.0
18.266666666666666,2.300000000517933,3.215010239982874e-06,0.0,851.276590913,156.99999999999997,0.0,0.0,8.814954132083424e-05,0.0,0.0,0.0,0.0,0.0,20.000000000000114,20.000000000000114,0.0,0.0
18.275,2.30000000051793,3.215010239982874e-06,0.0,851.2739505979769,156.99999999999997,0.0,0.0,8.787620442362085e-05,0.0,0.0,0.0,0.0,0.0,20.0000000000001,20.0000000000001,0.0,0.0
18.28333333333333,2.300000000517927,3.215010239982874e-06,0.0,851.2713184658298,156.99999999999997,0.0,0.0,8.76039964622684e-05,0.0,0.0,0.0,0.0,0.0,20.0000000000001,20.0000000000001,0.0,0.0
18.291666666666668,2.300000000517924,3.215010239982874e-06,0.0,851.2686944827797,156.99999999999997,0.0,0.0,8.733291161429863e-05,0.0,0.0,0.0,0.0,0.0,20.00000000000011,20.00000000000011,0.0,0.0
18.299999999999997,2.300000000517921,3.215010239982874e-06,0.0,851.2660786152212,156.99999999999997,0.0,0.0,8.70629440933259e-05,0.0,0.0,0.0,0.0,0.0,20.00000000000012,20.00000000000012,0.0,0.0
18.308333333333334,2.300000000517918,3.215010239982874e-06,0.0,851.2634708297226,156.99999999999997,0.0,0.0,8.67940881486611e-05,0.0,0.0,0.0,0.0,0.0,20.000000000000128,20.000000000000128,0.0,0.0
18.316666666666666,2.300000000517915,3.215010239982874e-06,0.0,851.2608710930238,156.99999999999997,0.0,0.0,8.652633806504123e-05,0.0,0.0,0.0,0.0,0.0,20.000000000000117,20.000000000000117,0.0,0.0
18.325,2.3000000005179118,3.215010239982874e-06,0.0,851.2582793720354,156.99999999999997,0.0,0.0,8.625968816252463e-05,0.0,0.0,0.0,0.0,0.0,20.000000000000107,20.000000000000107,0.0,0.0
18.333333333333332,2.300000000517909,3.215010239982874e-06,0.0,851.2556956338384,156.99999999999997,0.0,0.0,8.599413279605825e-05,0.0,0.0,0.0,0.0,0.0,20.00000000000012,20.00000000000012,0.0,0.0
18.34166666666667,2.300000000517906,3.215010239982874e-06,0.0,851.2531198456822,156.99999999999997,0.0,0.0,8.572966635537541e-05,0.0,0.0,0.0,0.0,0.0,20.000000000000107,20.000000000000107,0.0,0.0
18.349999999999998,2.300000000517903,3.215010239982874e-06,0.0,851.2505519749845,156.99999999999997,0.0,0.0,8.54662832646891e-05,0.0,0.0,0.0,0.0,0.0,20.000000000000117,20.000000000000117,0.0,0.0
18.358333333333334,2.3000000005179,3.215010239982874e-06,0.0,851.247991989329,156.99999999999997,0.0,0.0,8.520397798234592e-05,0.0,0.0,0.0,0.0,0.0,20.000000000000107,20.000000000000107,0.0,0.0
18.366666666666667,2.300000000517897,3.215010239982874e-06,0.0,851.2454398564656,156.99999999999997,0.0,0.0,8.494274500076819e-05,0.0,0.0,0.0,0.0,0.0,20.000000000000124,20.000000000000124,0.0,0.0
18.375,2.300000000517894,3.215010239982874e-06,0.0,851.242895544309,156.99999999999997,0.0,0.0,8.468257884602843e-05,0.0,0.0,0.0,0.0,0.0,20.000000000000117,20.000000000000117,0.0,0.0
18.383333333333333,2.3000000005178913,3.215010239982874e-06,0.0,851.2403590209373,156.99999999999997,0.0,0.0,8.442347407787522e-05,0.0,0.0,0.0,0.0,0.0,20.000000000000124,20.000000000000124,0.0,0.0
18.391666666666666,2.300000000517888,3.215010239982874e-06,0.0,851.2378302545915,156.99999999999997,0.0,0.0,8.416542528906551e-05,0.0,0.0,0.0,0.0,0.0,20.00000000000013,20.00000000000013,0.0,0.0
18.400000000000002,2.3000000005178856,3.215010239982874e-06,0.0,851.2353092136741,156.99999999999997,0.0,0.0,8.390842710555605e-05,0.0,0.0,0.0,0.0,0.0,20.000000000000128,20.000000000000128,0.0,0.0
18.40833333333333,2.3000000005178824,3.215010239982874e-06,0.0,851.2327958667488,156.99999999999997,0.0,0.0,8.365247418604246e-05,0.0,0.0,0.0,0.0,0.0,20.000000000000114,20.000000000000114,0.0,0.0
18.416666666666668,2.30000000051788,3.215010239982874e-06,0.0,851.2302901825385,156.99999999999997,0.0,0.0,8.339756122174472e-05,0.0,0.0,0.0,0.0,0.0,20.00000000000011,20.00000000000011,0.0,0.0
18.425,2.3000000005178767,3.215010239982874e-06,0.0,851.2277921299251,156.99999999999997,0.0,0.0,8.314368293627497e-05,0.0,0.0,0.0,0.0,0.0,20.000000000000114,20.000000000000114,0.0,0.0
18.433333333333334,2.300000000517874,3.215010239982874e-06,0.0,851.2253016779483,156.99999999999997,0.0,0.0,8.289083408526249e-05,0.0,0.0,0.0,0.0,0.0,20.000000000000103,20.000000000000103,0.0,0.0
18.441666666666666,2.300000000517871,3.215010239982874e-06,0.0,851.2228187958046,156.99999999999997,0.0,0.0,8.263900945622379e-05,0.0,0.0,0.0,0.0,0.0,20.000000000000092,20.000000000000092,0.0,0.0
18.450000000000003,2.3000000005178682,3.215010239982874e-06,0.0,851.2203434528467,156.99999999999997,0.0,0.0,8.238820386835244e-05,0.0,0.0,0.0,0.0,0.0,20.00000000000009,20.00000000000009,0.0,0.0
18.458333333333332,2.300000000517865,3.215010239982874e-06,0.0,851.2178756185816,156.99999999999997,0.0,0.0,8.213841217218852e-05,0.0,0.0,0.0,0.0,0.0,20.000000000000096,20.000000000000096,0.0,0.0
18.46666666666667,2.3000000005178625,3.215010239982874e-06,0.0,851.2154152626708,156.99999999999997,0.0,0.0,8.188962924953223e-05,0.0,0.0,0.0,0.0,0.0,20.000000000000092,20.000000000000092,0.0,0.0
18.475,2.30000000051786,3.215010239982874e-06,0.0,851.212962354929,156.99999999999997,0.0,0.0,8.164185001315615e-05,0.0,0.0,0.0,0.0,0.0,20.00000000000009,20.00000000000009,0.0,0.0
18.483333333333334,2.3000000005178567,3.215010239982874e-06,0.0,851.2105168653225,156.99999999999997,0.0,0.0,8.139506940651884e-05,0.0,0.0,0.0,0.0,0.0,20.0000000000001,20.0000000000001,0.0,0.0
18.491666666666667,2.300000000517854,3.215010239982874e-06,0.0,851.2080787639691,156.99999999999997,0.0,0.0,8.114928240368145e-05,0.0,0.0,0.0,0.0,0.0,20.0000000000001,20.0000000000001,0.0,0.0
18.5,2.3000000005178514,3.215010239982874e-06,0.0,851.205648021137,156.99999999999997,0.0,0.0,8.090448400902341e-05,0.0,0.0,0.0,0.0,0.0,20.000000000000092,20.000000000000092,0.0,0.0
18.508333333333333,2.3000000005178483,3.215010239982874e-06,0.0,851.203224607244,156.99999999999997,0.0,0.0,8.066066925699976e-05,0.0,0.0,0.0,0.0,0.0,20.000000000000092,20.000000000000092,0.0,0.0
18.516666666666666,2.3000000005178456,3.215010239982874e-06,0.0,851.2008084928559,156.99999999999997,0.0,0.0,8.041783321198018e-05,0.0,0.0,0.0,0.0,0.0,20.00000000000008,20.00000000000008,0.0,0.0
18.525,2.300000000517843,3.215010239982874e-06,0.0,851.1983996486865,156.99999999999997,0.0,0.0,8.017597096804849e-05,0.0,0.0,0.0,0.0,0.0,20.000000000000092,20.000000000000092,0.0,0.0
18.533333333333335,2.3000000005178403,3.215010239982874e-06,0.0,851.1959980455962,156.99999999999997,0.0,0.0,7.993507764876316e-05,0.0,0.0,0.0,0.0,0.0,20.000000000000096,20.000000000000096,0.0,0.0
18.541666666666664,2.300000000517837,3.215010239982874e-06,0.0,851.1936036545911,156.99999999999997,0.0,0.0,7.969514840691915e-05,0.0,0.0,0.0,0.0,0.0,20.000000000000092,20.000000000000092,0.0,0.0
18.55,2.3000000005178345,3.215010239982874e-06,0.0,851.1912164468226,156.99999999999997,0.0,0.0,7.94561784243907e-05,0.0,0.0,0.0,0.0,0.0,20.000000000000085,20.000000000000085,0.0,0.0
18.558333333333334,2.300000000517832,3.215010239982874e-06,0.0,851.188836393586,156.99999999999997,0.0,0.0,7.921816291193518e-05,0.0,0.0,0.0,0.0,0.0,20.000000000000085,20.000000000000085,0.0,0.0
18.566666666666666,2.300000000517829,3.215010239982874e-06,0.0,851.1864634663198,156.99999999999997,0.0,0.0,7.898109710899772e-05,0.0,0.0,0.0,0.0,0.0,20.000000000000075,20.000000000000075,0.0,0.0
18.575,2.3000000005178265,3.215010239982874e-06,0.0,851.184097636605,156.99999999999997,0.0,0.0,7.874497628343721e-05,0.0,0.0,0.0,0.0,0.0,20.000000000000078,20.000000000000078,0.0,0.0
18.583333333333336,2.300000000517824,3.215010239982874e-06,0.0,851.1817388761642,156.99999999999997,0.0,0.0,7.850979573145277e-05,0.0,0.0,0.0,0.0,0.0,20.00000000000008,20.00000000000008,0.0,0.0
18.591666666666665,2.3000000005178207,3.215010239982874e-06,0.0,851.1793871568602,156.99999999999997,0.0,0.0,7.827555077719221e-05,0.0,0.0,0.0,0.0,0.0,20.000000000000078,20.000000000000078,0.0,0.0
18.6,2.300000000517818,3.215010239982874e-06,0.0,851.1770424506965,156.99999999999997,0.0,0.0,7.804223677276014e-05,0.0,0.0,0.0,0.0,0.0,20.0000000000001,20.0000000000001,0.0,0.0
18.608333333333334,2.3000000005178154,3.215010239982874e-06,0.0,851.1747047298147,156.99999999999997,0.0,0.0,7.780984909798755e-05,0.0,0.0,0.0,0.0,0.0,20.000000000000096,20.000000000000096,0.0,0.0
18.616666666666667,2.3000000005178127,3.215010239982874e-06,0.0,851.1723739664953,156.99999999999997,0.0,0.0,7.757838316012316e-05,0.0,0.0,0.0,0.0,0.0,20.00000000000011,20.00000000000011,0.0,0.0
18.625,2.30000000051781,3.215010239982874e-06,0.0,851.1700501331559,156.99999999999997,0.0,0.0,7.734783439368516e-05,0.0,0.0,0.0,0.0,0.0,20.000000000000117,20.000000000000117,0.0,0.0
18.633333333333333,2.3000000005178074,3.215010239982874e-06,0.0,851.1677332023503,156.99999999999997,0.0,0.0,7.711819826039256e-05,0.0,0.0,0.0,0.0,0.0,20.000000000000117,20.000000000000117,0.0,0.0
18.641666666666666,2.3000000005178047,3.215010239982874e-06,0.0,851.1654231467687,156.99999999999997,0.0,0.0,7.688947024878048e-05,0.0,0.0,0.0,0.0,0.0,20.00000000000012,20.00000000000012,0.0,0.0
18.65,2.300000000517802,3.215010239982874e-06,0.0,851.1631199392359,156.99999999999997,0.0,0.0,7.666164587421274e-05,0.0,0.0,0.0,0.0,0.0,20.00000000000012,20.00000000000012,0.0,0.0
18.65833333333333,2.3000000005177994,3.215010239982874e-06,0.0,851.1608235527108,156.99999999999997,0.0,0.0,7.643472067857821e-05,0.0,0.0,0.0,0.0,0.0,20.000000000000117,20.000000000000117,0.0,0.0
18.666666666666668,2.3000000005177967,3.215010239982874e-06,0.0,851.1585339602855,156.99999999999997,0.0,0.0,7.620869023010721e-05,0.0,0.0,0.0,0.0,0.0,20.000000000000124,20.000000000000124,0.0,0.0
18.674999999999997,2.300000000517794,3.215010239982874e-06,0.0,851.1562511351849,156.99999999999997,0.0,0.0,7.598355012322826e-05,0.0,0.0,0.0,0.0,0.0,20.00000000000012,20.00000000000012,0.0,0.0
18.683333333333334,2.3000000005177914,3.215010239982874e-06,0.0,851.1539750507657,156.99999999999997,0.0,0.0,7.575929597834657e-05,0.0,0.0,0.0,0.0,0.0,20.000000000000128,20.000000000000128,0.0,0.0
18.691666666666666,2.300000000517789,3.215010239982874e-06,0.0,851.1517056805155,156.99999999999997,0.0,0.0,7.553592344178124e-05,0.0,0.0,0.0,0.0,0.0,20.000000000000128,20.000000000000128,0.0,0.0
18.7,2.3000000005177865,3.215010239982874e-06,0.0,851.1494429980521,156.99999999999997,0.0,0.0,7.531342818542738e-05,0.0,0.0,0.0,0.0,0.0,20.00000000000013,20.00000000000013,0.0,0.0
18.708333333333332,2.300000000517784,3.215010239982874e-06,0.0,851.1471869771228,156.99999999999997,0.0,0.0,7.509180590661654e-05,0.0,0.0,0.0,0.0,0.0,20.000000000000124,20.000000000000124,0.0,0.0
18.71666666666667,2.300000000517781,3.215010239982874e-06,0.0,851.1449375916036,156.99999999999997,0.0,0.0,7.487105232809511e-05,0.0,0.0,0.0,0.0,0.0,20.000000000000114,20.000000000000114,0.0,0.0
18.724999999999998,2.3000000005177785,3.215010239982874e-06,0.0,851.1426948154981,156.99999999999997,0.0,0.0,7.465116319761136e-05,0.0,0.0,0.0,0.0,0.0,20.000000000000114,20.000000000000114,0.0,0.0
18.733333333333334,2.300000000517776,3.215010239982874e-06,0.0,851.1404586229378,156.99999999999997,0.0,0.0,7.44321342879739e-05,0.0,0.0,0.0,0.0,0.0,20.000000000000124,20.000000000000124,0.0,0.0
18.741666666666667,2.3000000005177736,3.215010239982874e-06,0.0,851.1382289881799,156.99999999999997,0.0,0.0,7.421396139667999e-05,0.0,0.0,0.0,0.0,0.0,20.00000000000013,20.00000000000013,0.0,0.0
18.75,2.300000000517771,3.215010239982874e-06,0.0,851.1360058856079,156.99999999999997,0.0,0.0,7.399664034589704e-05,0.0,0.0,0.0,0.0,0.0,20.000000000000117,20.000000000000117,0.0,0.0
18.758333333333333,2.3000000005177683,3.215010239982874e-06,0.0,851.1337892897297,156.99999999999997,0.0,0.0,7.378016698224918e-05,0.0,0.0,0.0,0.0,0.0,20.000000000000107,20.000000000000107,0.0,0.0
18.766666666666666,2.3000000005177657,3.215010239982874e-06,0.0,851.131579175178,156.99999999999997,0.0,0.0,7.356453717656587e-05,0.0,0.0,0.0,0.0,0.0,20.000000000000114,20.000000000000114,0.0,0.0
18.775000000000002,2.3000000005177634,3.215010239982874e-06,0.0,851.1293755167085,156.99999999999997,0.0,0.0,7.334974682386538e-05,0.0,0.0,0.0,0.0,0.0,20.000000000000114,20.000000000000114,0.0,0.0
18.78333333333333,2.3000000005177608,3.215010239982874e-06,0.0,851.1271782892001,156.99999999999997,0.0,0.0,7.313579184306609e-05,0.0,0.0,0.0,0.0,0.0,20.000000000000103,20.000000000000103,0.0,0.0
18.791666666666668,2.300000000517758,3.215010239982874e-06,0.0,851.1249874676533,156.99999999999997,0.0,0.0,7.292266817689335e-05,0.0,0.0,0.0,0.0,0.0,20.00000000000012,20.00000000000012,0.0,0.0
18.8,2.3000000005177554,3.215010239982874e-06,0.0,851.1228030271905,156.99999999999997,0.0,0.0,7.271037179167058e-05,0.0,0.0,0.0,0.0,0.0,20.000000000000117,20.000000000000117,0.0,0.0
18.808333333333334,2.300000000517753,3.215010239982874e-06,0.0,851.1206249430543,156.99999999999997,0.0,0.0,7.249889867726628e-05,0.0,0.0,0.0,0.0,0.0,20.00000000000011,20.00000000000011,0.0,0.0
18.816666666666666,2.3000000005177506,3.215010239982874e-06,0.0,851.1184531906076,156.99999999999997,0.0,0.0,7.228824484673135e-05,0.0,0.0,0.0,0.0,0.0,20.00000000000012,20.00000000000012,0.0,0.0
18.825000000000003,2.3000000005177483,3.215010239982874e-06,0.0,851.1162877453323,156.99999999999997,0.0,0.0,7.20784063363255e-05,0.0,0.0,0.0,0.0,0.0,20.00000000000011,20.00000000000011,0.0,0.0
18.833333333333332,2.3000000005177457,3.215010239982874e-06,0.0,851.1141285828289,156.99999999999997,0.0,0.0,7.186937920534994e-05,0.0,0.0,0.0,0.0,0.0,20.000000000000085,20.000000000000085,0.0,0.0
18.84166666666667,2.300000000517743,3.215010239982874e-06,0.0,851.111975678816,156.99999999999997,0.0,0.0,7.166115953582627e-05,0.0,0.0,0.0,0.0,0.0,20.00000000000009,20.00000000000009,0.0,0.0
18.85,2.300000000517741,3.215010239982874e-06,0.0,851.1098290091289,156.99999999999997,0.0,0.0,7.145374343256325e-05,0.0,0.0,0.0,0.0,0.0,20.00000000000009,20.00000000000009,0.0,0.0
18.858333333333334,2.300000000517738,3.215010239982874e-06,0.0,851.10768854972,156.99999999999997,0.0,0.0,7.124712702283723e-05,0.0,0.0,0.0,0.0,0.0,20.000000000000075,20.000000000000075,0.0,0.0
18.866666666666667,2.300000000517736,3.215010239982874e-06,0.0,851.1055542766574,156.99999999999997,0.0,0.0,7.104130645634408e-05,0.0,0.0,0.0,0.0,0.0,20.000000000000075,20.000000000000075,0.0,0.0
18.875,2.3000000005177332,3.215010239982874e-06,0.0,851.1034261661238,156.99999999999997,0.0,0.0,7.083627790488176e-05,0.0,0.0,0.0,0.0,0.0,20.000000000000075,20.000000000000075,0.0,0.0
18.883333333333333,2.300000000517731,3.215010239982874e-06,0.0,851.101304194417,156.99999999999997,0.0,0.0,7.063203756253454e-05,0.0,0.0,0.0,0.0,0.0,20.00000000000007,20.00000000000007,0.0,0.0
18.891666666666666,2.3000000005177283,3.215010239982874e-06,0.0,851.0991883379487,156.99999999999997,0.0,0.0,7.042858164512604e-05,0.0,0.0,0.0,0.0,0.0,20.00000000000006,20.00000000000006,0.0,0.0
18.9,2.300000000517726,3.215010239982874e-06,0.0,851.0970785732434,156.99999999999997,0.0,0.0,7.022590639032769e-05,0.0,0.0,0.0,0.0,0.0,20.000000000000053,20.000000000000053,0.0,0.0
18.908333333333335,2.3000000005177235,3.215010239982874e-06,0.0,851.0949748769384,156.99999999999997,0.0,0.0,7.002400805749818e-05,0.0,0.0,0.0,0.0,0.0,20.000000000000046,20.000000000000046,0.0,0.0
18.916666666666664,2.3000000005177212,3.215010239982874e-06,0.0,851.0928772257828,156.99999999999997,0.0,0.0,6.982288292737033e-05,0.0,0.0,0.0,0.0,0.0,20.00000000000006,20.00000000000006,0.0,0.0
18.925,2.3000000005177186,3.215010239982874e-06,0.0,851.0907855966368,156.99999999999997,0.0,0.0,6.962252730212237e-05,0.0,0.0,0.0,0.0,0.0,20.00000000000006,20.00000000000006,0.0,0.0
18.933333333333334,2.3000000005177164,3.215010239982874e-06,0.0,851.0886999664717,156.99999999999997,0.0,0.0,6.94229375051045e-05,0.0,0.0,0.0,0.0,0.0,20.00000000000006,20.00000000000006,0.0,0.0
18.941666666666666,2.3000000005177137,3.215010239982874e-06,0.0,851.086620312368,156.99999999999997,0.0,0.0,6.922410988068167e-05,0.0,0.0,0.0,0.0,0.0,20.000000000000043,20.000000000000043,0.0,0.0
18.95,2.3000000005177115,3.215010239982874e-06,0.0,851.0845466115165,156.99999999999997,0.0,0.0,6.902604079419139e-05,0.0,0.0,0.0,0.0,0.0,20.000000000000057,20.000000000000057,0.0,0.0
18.958333333333336,2.3000000005177093,3.215010239982874e-06,0.0,851.082478841216,156.99999999999997,0.0,0.0,6.882872663174921e-05,0.0,0.0,0.0,0.0,0.0,20.000000000000068,20.000000000000068,0.0,0.0
18.966666666666665,2.3000000005177066,3.215010239982874e-06,0.0,851.0804169788736,156.99999999999997,0.0,0.0,6.863216380009336e-05,0.0,0.0,0.0,0.0,0.0,20.00000000000006,20.00000000000006,0.0,0.0
18.975,2.3000000005177044,3.215010239982874e-06,0.0,851.0783610020039,156.99999999999997,0.0,0.0,6.843634872646815e-05,0.0,0.0,0.0,0.0,0.0,20.000000000000075,20.000000000000075,0.0,0.0
18.983333333333334,2.300000000517702,3.215010239982874e-06,0.0,851.0763108882284,156.99999999999997,0.0,0.0,6.824127785850774e-05,0.0,0.0,0.0,0.0,0.0,20.000000000000085,20.000000000000085,0.0,0.0
18.991666666666667,2.3000000005176995,3.215010239982874e-06,0.0,851.0742666152748,156.99999999999997,0.0,0.0,6.804694766400686e-05,0.0,0.0,0.0,0.0,0.0,20.000000000000092,20.000000000000092,0.0,0.0
19.0,2.3000000005176973,3.215010239982874e-06,0.0,851.0722281609767,156.99999999999997,0.0,0.0,6.785335463095793e-05,0.0,0.0,0.0,0.0,0.0,20.000000000000085,20.000000000000085,0.0,0.0
19.008333333333333,2.300000000517695,3.215010239982874e-06,0.0,851.0701955032723,156.99999999999997,0.0,0.0,6.766049526728489e-05,0.0,0.0,0.0,0.0,0.0,20.000000000000092,20.000000000000092,0.0,0.0
19.016666666666666,2.300000000517693,3.215010239982874e-06,0.0,851.0681686202048,156.99999999999997,0.0,0.0,6.74683661006918e-05,0.0,0.0,0.0,0.0,0.0,20.00000000000011,20.00000000000011,0.0,0.0
19.025,2.30000000051769,3.215010239982874e-06,0.0,851.0661474899208,156.99999999999997,0.0,0.0,6.727696367862577e-05,0.0,0.0,0.0,0.0,0.0,20.000000000000117,20.000000000000117,0.0,0.0
19.03333333333333,2.300000000517688,3.215010239982874e-06,0.0,851.0641320906703,156.99999999999997,0.0,0.0,6.708628456812673e-05,0.0,0.0,0.0,0.0,0.0,20.000000000000142,20.000000000000142,0.0,0.0
19.041666666666668,2.3000000005176857,3.215010239982874e-06,0.0,851.0621224008063,156.99999999999997,0.0,0.0,6.68963253556776e-05,0.0,0.0,0.0,0.0,0.0,20.000000000000146,20.000000000000146,0.0,0.0
19.049999999999997,2.3000000005176835,3.215010239982874e-06,0.0,851.0601183987835,156.99999999999997,0.0,0.0,6.670708264698006e-05,0.0,0.0,0.0,0.0,0.0,20.000000000000142,20.000000000000142,0.0,0.0
19.058333333333334,2.300000000517681,3.215010239982874e-06,0.0,851.0581200631583,156.99999999999997,0.0,0.0,6.651855306703278e-05,0.0,0.0,0.0,0.0,0.0,20.00000000000014,20.00000000000014,0.0,0.0
19.066666666666666,2.3000000005176786,3.215010239982874e-06,0.0,851.0561273725881,156.99999999999997,0.0,0.0,6.633073325983265e-05,0.0,0.0,0.0,0.0,0.0,20.000000000000124,20.000000000000124,0.0,0.0
19.075,2.3000000005176764,3.215010239982874e-06,0.0,851.0541403058307,156.99999999999997,0.0,0.0,6.614361988834086e-05,0.0,0.0,0.0,0.0,0.0,20.000000000000117,20.000000000000117,0.0,0.0
19.083333333333332,2.300000000517674,3.215010239982874e-06,0.0,851.0521588417436,156.99999999999997,0.0,0.0,6.595720963437391e-05,0.0,0.0,0.0,0.0,0.0,20.000000000000103,20.000000000000103,0.0,0.0
19.09166666666667,2.300000000517672,3.215010239982874e-06,0.0,851.0501829592836,156.99999999999997,0.0,0.0,6.577149919826982e-05,0.0,0.0,0.0,0.0,0.0,20.000000000000114,20.000000000000114,0.0,0.0
19.099999999999998,2.3000000005176697,3.215010239982874e-06,0.0,851.0482126375064,156.99999999999997,0.0,0.0,6.558648529911878e-05,0.0,0.0,0.0,0.0,0.0,20.000000000000107,20.000000000000107,0.0,0.0
19.108333333333334,2.3000000005176675,3.215010239982874e-06,0.0,851.0462478555656,156.99999999999997,0.0,0.0,6.540216467435534e-05,0.0,0.0,0.0,0.0,0.0,20.00000000000012,20.00000000000012,0.0,0.0
19.116666666666667,2.3000000005176653,3.215010239982874e-06,0.0,851.0442885927125,156.99999999999997,0.0,0.0,6.521853407972708e-05,0.0,0.0,0.0,0.0,0.0,20.0000000000001,20.0000000000001,0.0,0.0
19.125,2.3000000005176626,3.215010239982874e-06,0.0,851.0423348282955,156.99999999999997,0.0,0.0,6.50355902892261e-05,0.0,0.0,0.0,0.0,0.0,20.000000000000096,20.000000000000096,0.0,0.0
19.133333333333333,2.3000000005176604,3.215010239982874e-06,0.0,851.0403865417593,156.99999999999997,0.0,0.0,6.485333009494579e-05,0.0,0.0,0.0,0.0,0.0,20.000000000000117,20.000000000000117,0.0,0.0
19.141666666666666,2.300000000517658,3.215010239982874e-06,0.0,851.0384437126447,156.99999999999997,0.0,0.0,6.467175030682663e-05,0.0,0.0,0.0,0.0,0.0,20.0000000000001,20.0000000000001,0.0,0.0
19.150000000000002,2.300000000517656,3.215010239982874e-06,0.0,851.0365063205882,156.99999999999997,0.0,0.0,6.449084775277597e-05,0.0,0.0,0.0,0.0,0.0,20.000000000000107,20.000000000000107,0.0,0.0
19.15833333333333,2.3000000005176537,3.215010239982874e-06,0.0,851.0345743453206,156.99999999999997,0.0,0.0,6.431061927841461e-05,0.0,0.0,0.0,0.0,0.0,20.000000000000096,20.000000000000096,0.0,0.0
19.166666666666668,2.3000000005176515,3.215010239982874e-06,0.0,851.0326477666677,156.99999999999997,0.0,0.0,6.413106174693624e-05,0.0,0.0,0.0,0.0,0.0,20.00000000000011,20.00000000000011,0.0,0.0
19.175,2.3000000005176493,3.215010239982874e-06,0.0,851.0307265645484,156.99999999999997,0.0,0.0,6.39521720390049e-05,0.0,0.0,0.0,0.0,0.0,20.000000000000103,20.000000000000103,0.0,0.0
19.183333333333334,2.300000000517647,3.215010239982874e-06,0.0,851.0288107189758,156.99999999999997,0.0,0.0,6.377394705280131e-05,0.0,0.0,0.0,0.0,0.0,20.000000000000103,20.000000000000103,0.0,0.0
19.191666666666666,2.300000000517645,3.215010239982874e-06,0.0,851.0269002100551,156.99999999999997,0.0,0.0,6.35963837036236e-05,0.0,0.0,0.0,0.0,0.0,20.000000000000124,20.000000000000124,0.0,0.0
19.200000000000003,2.3000000005176426,3.215010239982874e-06,0.0,851.024995017984,156.99999999999997,0.0,0.0,6.341947892404633e-05,0.0,0.0,0.0,0.0,0.0,20.00000000000011,20.00000000000011,0.0,0.0
19.208333333333332,2.300000000517641,3.215010239982874e-06,0.0,851.023095123052,156.99999999999997,0.0,0.0,6.324322966359696e-05,0.0,0.0,0.0,0.0,0.0,20.000000000000128,20.000000000000128,0.0,0.0
19.21666666666667,2.3000000005176386,3.215010239982874e-06,0.0,851.0212005056399,156.99999999999997,0.0,0.0,6.3067632888878e-05,0.0,0.0,0.0,0.0,0.0,20.000000000000142,20.000000000000142,0.0,0.0
19.225,2.3000000005176364,3.215010239982874e-06,0.0,851.0193111462191,156.99999999999997,0.0,0.0,6.289268558317089e-05,0.0,0.0,0.0,0.0,0.0,20.000000000000146,20.000000000000146,0.0,0.0
19.233333333333334,2.300000000517634,3.215010239982874e-06,0.0,851.0174270253514,156.99999999999997,0.0,0.0,6.271838474659604e-05,0.0,0.0,0.0,0.0,0.0,20.000000000000156,20.000000000000156,0.0,0.0
19.241666666666667,2.300000000517632,3.215010239982874e-06,0.0,851.0155481236882,156.99999999999997,0.0,0.0,6.254472739579204e-05,0.0,0.0,0.0,0.0,0.0,20.000000000000156,20.000000000000156,0.0,0.0
19.25,2.3000000005176298,3.215010239982874e-06,0.0,851.0136744219701,156.99999999999997,0.0,0.0,6.237171056396531e-05,0.0,0.0,0.0,0.0,0.0,20.000000000000156,20.000000000000156,0.0,0.0
19.258333333333333,2.3000000005176275,3.215010239982874e-06,0.0,851.0118059010267,156.99999999999997,0.0,0.0,6.219933130071842e-05,0.0,0.0,0.0,0.0,0.0,20.000000000000156,20.000000000000156,0.0,0.0
19.266666666666666,2.3000000005176253,3.215010239982874e-06,0.0,851.0099425417759,156.99999999999997,0.0,0.0,6.202758667195274e-05,0.0,0.0,0.0,0.0,0.0,20.000000000000156,20.000000000000156,0.0,0.0
19.275,2.3000000005176235,3.215010239982874e-06,0.0,851.0080843252229,156.99999999999997,0.0,0.0,6.185647375969803e-05,0.0,0.0,0.0,0.0,0.0,20.000000000000163,20.000000000000163,0.0,0.0
19.283333333333335,2.3000000005176213,3.215010239982874e-06,0.0,851.0062312324606,156.99999999999997,0.0,0.0,6.168598966208988e-05,0.0,0.0,0.0,0.0,0.0,20.000000000000163,20.000000000000163,0.0,0.0
19.291666666666664,2.300000000517619,3.215010239982874e-06,0.0,851.0043832446685,156.99999999999997,0.0,0.0,6.151613149334723e-05,0.0,0.0,0.0,0.0,0.0,20.00000000000017,20.00000000000017,0.0,0.0
19.3,2.300000000517617,3.215010239982874e-06,0.0,851.0025403431127,156.99999999999997,0.0,0.0,6.134689638341958e-05,0.0,0.0,0.0,0.0,0.0,20.000000000000195,20.000000000000195,0.0,0.0
19.308333333333334,2.3000000005176147,3.215010239982874e-06,0.0,851.0007025091451,156.99999999999997,0.0,0.0,6.117828147811274e-05,0.0,0.0,0.0,0.0,0.0,20.00000000000017,20.00000000000017,0.0,0.0
19.316666666666666,2.300000000517613,3.215010239982874e-06,0.0,850.9988697242027,156.99999999999997,0.0,0.0,6.10102839388841e-05,0.0,0.0,0.0,0.0,0.0,20.00000000000017,20.00000000000017,0.0,0.0
19.325,2.3000000005176107,3.215010239982874e-06,0.0,850.9970419698076,156.99999999999997,0.0,0.0,6.0842900942821884e-05,0.0,0.0,0.0,0.0,0.0,20.00000000000019,20.00000000000019,0.0,0.0
19.333333333333336,2.3000000005176084,3.215010239982874e-06,0.0,850.9952192275664,156.99999999999997,0.0,0.0,6.06761296824051e-05,0.0,0.0,0.0,0.0,0.0,20.000000000000174,20.000000000000174,0.0,0.0
19.341666666666665,2.3000000005176062,3.215010239982874e-06,0.0,850.9934014791697,156.99999999999997,0.0,0.0,6.05099673655569e-05,0.0,0.0,0.0,0.0,0.0,20.00000000000017,20.00000000000017,0.0,0.0
19.35,2.3000000005176044,3.215010239982874e-06,0.0,850.9915887063917,156.99999999999997,0.0,0.0,6.034441121544217e-05,0.0,0.0,0.0,0.0,0.0,20.000000000000185,20.000000000000185,0.0,0.0
19.358333333333334,2.3000000005176022,3.215010239982874e-06,0.0,850.9897808910891,156.99999999999997,0.0,0.0,6.017945847037539e-05,0.0,0.0,0.0,0.0,0.0,20.0000000000002,20.0000000000002,0.0,0.0
19.366666666666667,2.3000000005176,3.215010239982874e-06,0.0,850.9879780152022,156.99999999999997,0.0,0.0,6.001510638387473e-05,0.0,0.0,0.0,0.0,0.0,20.00000000000021,20.00000000000021,0.0,0.0
19.375,2.3000000005175982,3.215010239982874e-06,0.0,850.9861800607526,156.99999999999997,0.0,0.0,5.9851352224315436e-05,0.0,0.0,0.0,0.0,0.0,20.00000000000022,20.00000000000022,0.0,0.0
19.383333333333333,2.300000000517596,3.215010239982874e-06,0.0,850.9843870098441,156.99999999999997,0.0,0.0,5.968819327502123e-05,0.0,0.0,0.0,0.0,0.0,20.000000000000238,20.000000000000238,0.0,0.0
19.391666666666666,2.300000000517594,3.215010239982874e-06,0.0,850.9825988446615,156.99999999999997,0.0,0.0,5.952562683413731e-05,0.0,0.0,0.0,0.0,0.0,20.00000000000023,20.00000000000023,0.0,0.0
19.4,2.300000000517592,3.215010239982874e-06,0.0,850.9808155474708,156.99999999999997,0.0,0.0,5.9363650214467555e-05,0.0,0.0,0.0,0.0,0.0,20.000000000000238,20.000000000000238,0.0,0.0
19.40833333333333,2.30000000051759,3.215010239982874e-06,0.0,850.9790371006179,156.99999999999997,0.0,0.0,5.92022607434576e-05,0.0,0.0,0.0,0.0,0.0,20.000000000000224,20.000000000000224,0.0,0.0
19.416666666666668,2.300000000517588,3.215010239982874e-06,0.0,850.9772634865291,156.99999999999997,0.0,0.0,5.9041455763069265e-05,0.0,0.0,0.0,0.0,0.0,20.00000000000022,20.00000000000022,0.0,0.0
19.424999999999997,2.300000000517586,3.215010239982874e-06,0.0,850.9754946877099,156.99999999999997,0.0,0.0,5.888123262969177e-05,0.0,0.0,0.0,0.0,0.0,20.000000000000227,20.000000000000227,0.0,0.0
19.433333333333334,2.3000000005175836,3.215010239982874e-06,0.0,850.9737306867451,156.99999999999997,0.0,0.0,5.872158871398099e-05,0.0,0.0,0.0,0.0,0.0,20.000000000000238,20.000000000000238,0.0,0.0
19.441666666666666,2.300000000517582,3.215010239982874e-06,0.0,850.9719714662981,156.99999999999997,0.0,0.0,5.856252140098855e-05,0.0,0.0,0.0,0.0,0.0,20.00000000000022,20.00000000000022,0.0,0.0
19.45,2.3000000005175796,3.215010239982874e-06,0.0,850.9702170091105,156.99999999999997,0.0,0.0,5.840402808974872e-05,0.0,0.0,0.0,0.0,0.0,20.000000000000234,20.000000000000234,0.0,0.0
19.458333333333332,2.300000000517578,3.215010239982874e-06,0.0,850.9684672980015,156.99999999999997,0.0,0.0,5.824610619351658e-05,0.0,0.0,0.0,0.0,0.0,20.000000000000234,20.000000000000234,0.0,0.0
19.46666666666667,2.3000000005175756,3.215010239982874e-06,0.0,850.9667223158683,156.99999999999997,0.0,0.0,5.808875313939229e-05,0.0,0.0,0.0,0.0,0.0,20.000000000000224,20.000000000000224,0.0,0.0
19.474999999999998,2.300000000517574,3.215010239982874e-06,0.0,850.9649820456846,156.99999999999997,0.0,0.0,5.7931966368451343e-05,0.0,0.0,0.0,0.0,0.0,20.000000000000245,20.000000000000245,0.0,0.0
19.483333333333334,2.3000000005175716,3.215010239982874e-06,0.0,850.9632464705005,156.99999999999997,0.0,0.0,5.777574333555021e-05,0.0,0.0,0.0,0.0,0.0,20.00000000000025,20.00000000000025,0.0,0.0
19.491666666666667,2.30000000051757,3.215010239982874e-06,0.0,850.9615155734427,156.99999999999997,0.0,0.0,5.762008150924095e-05,0.0,0.0,0.0,0.0,0.0,20.000000000000245,20.000000000000245,0.0,0.0
19.5,2.3000000005175676,3.215010239982874e-06,0.0,850.9597893377136,156.99999999999997,0.0,0.0,5.74649783717219e-05,0.0,0.0,0.0,0.0,0.0,20.000000000000252,20.000000000000252,0.0,0.0
19.508333333333333,2.300000000517566,3.215010239982874e-06,0.0,850.9580677465904,156.99999999999997,0.0,0.0,5.731043141871697e-05,0.0,0.0,0.0,0.0,0.0,20.000000000000252,20.000000000000252,0.0,0.0
19.516666666666666,2.3000000005175636,3.215010239982874e-06,0.0,850.9563507834257,156.99999999999997,0.0,0.0,5.715643815942712e-05,0.0,0.0,0.0,0.0,0.0,20.00000000000023,20.00000000000023,0.0,0.0
19.525000000000002,2.300000000517562,3.215010239982874e-06,0.0,850.9546384316467,156.99999999999997,0.0,0.0,5.700299611641041e-05,0.0,0.0,0.0,0.0,0.0,20.000000000000238,20.000000000000238,0.0,0.0
19.53333333333333,2.3000000005175596,3.215010239982874e-06,0.0,850.9529306747543,156.99999999999997,0.0,0.0,5.685010282556994e-05,0.0,0.0,0.0,0.0,0.0,20.000000000000227,20.000000000000227,0.0,0.0
19.541666666666668,2.300000000517558,3.215010239982874e-06,0.0,850.9512274963234,156.99999999999997,0.0,0.0,5.6697755835891606e-05,0.0,0.0,0.0,0.0,0.0,20.00000000000025,20.00000000000025,0.0,0.0
19.55,2.300000000517556,3.215010239982874e-06,0.0,850.9495288800023,156.99999999999997,0.0,0.0,5.654595270961168e-05,0.0,0.0,0.0,0.0,0.0,20.000000000000256,20.000000000000256,0.0,0.0
19.558333333333334,2.300000000517554,3.215010239982874e-06,0.0,850.947834809512,156.99999999999997,0.0,0.0,5.639469102199102e-05,0.0,0.0,0.0,0.0,0.0,20.00000000000026,20.00000000000026,0.0,0.0
19.566666666666666,2.300000000517552,3.215010239982874e-06,0.0,850.946145268646,156.99999999999997,0.0,0.0,5.62439683611616e-05,0.0,0.0,0.0,0.0,0.0,20.000000000000263,20.000000000000263,0.0,0.0
19.575000000000003,2.30000000051755,3.215010239982874e-06,0.0,850.9444602412705,156.99999999999997,0.0,0.0,5.6093782328258836e-05,0.0,0.0,0.0,0.0,0.0,20.000000000000263,20.000000000000263,0.0,0.0
19.583333333333332,2.300000000517548,3.215010239982874e-06,0.0,850.9427797113226,156.99999999999997,0.0,0.0,5.594413053709043e-05,0.0,0.0,0.0,0.0,0.0,20.000000000000263,20.000000000000263,0.0,0.0
19.59166666666667,2.3000000005175463,3.215010239982874e-06,0.0,850.9411036628117,156.99999999999997,0.0,0.0,5.579501061426919e-05,0.0,0.0,0.0,0.0,0.0,20.000000000000277,20.000000000000277,0.0,0.0
19.6,2.300000000517544,3.215010239982874e-06,0.0,850.9394320798176,156.99999999999997,0.0,0.0,5.5646420199060804e-05,0.0,0.0,0.0,0.0,0.0,20.000000000000277,20.000000000000277,0.0,0.0
19.608333333333334,2.3000000005175423,3.215010239982874e-06,0.0,850.9377649464909,156.99999999999997,0.0,0.0,5.54983569432679e-05,0.0,0.0,0.0,0.0,0.0,20.000000000000277,20.000000000000277,0.0,0.0
19.616666666666667,2.3000000005175405,3.215010239982874e-06,0.0,850.9361022470524,156.99999999999997,0.0,0.0,5.53508185111502e-05,0.0,0.0,0.0,0.0,0.0,20.000000000000266,20.000000000000266,0.0,0.0
19.625,2.3000000005175383,3.215010239982874e-06,0.0,850.934443965793,156.99999999999997,0.0,0.0,5.5203802579380253e-05,0.0,0.0,0.0,0.0,0.0,20.000000000000274,20.000000000000274,0.0,0.0
19.633333333333333,2.3000000005175365,3.215010239982874e-06,0.0,850.932790087073,156.99999999999997,0.0,0.0,5.5057306837034864e-05,0.0,0.0,0.0,0.0,0.0,20.000000000000266,20.000000000000266,0.0,0.0
19.641666666666666,2.3000000005175347,3.215010239982874e-06,0.0,850.9311405953216,156.99999999999997,0.0,0.0,5.491132898533902e-05,0.0,0.0,0.0,0.0,0.0,20.000000000000256,20.000000000000256,0.0,0.0
19.65,2.300000000517533,3.215010239982874e-06,0.0,850.9294954750371,156.99999999999997,0.0,0.0,5.4765866737799515e-05,0.0,0.0,0.0,0.0,0.0,20.000000000000252,20.000000000000252,0.0,0.0
19.658333333333335,2.3000000005175307,3.215010239982874e-06,0.0,850.9278547107862,156.99999999999997,0.0,0.0,5.4620917819914514e-05,0.0,0.0,0.0,0.0,0.0,20.000000000000234,20.000000000000234,0.0,0.0
19.666666666666664,2.300000000517529,3.215010239982874e-06,0.0,850.9262182872033,156.99999999999997,0.0,0.0,5.4476479969342826e-05,0.0,0.0,0.0,0.0,0.0,20.000000000000245,20.000000000000245,0.0,0.0
19.675,2.300000000517527,3.215010239982874e-06,0.0,850.9245861889908,156.99999999999997,0.0,0.0,5.4332550935579e-05,0.0,0.0,0.0,0.0,0.0,20.00000000000024,20.00000000000024,0.0,0.0
19.683333333333334,2.3000000005175254,3.215010239982874e-06,0.0,850.9229584009186,156.99999999999997,0.0,0.0,5.4189128480087754e-05,0.0,0.0,0.0,0.0,0.0,20.00000000000025,20.00000000000025,0.0,0.0
19.691666666666666,2.300000000517523,3.215010239982874e-06,0.0,850.9213349078229,156.99999999999997,0.0,0.0,5.404621037605071e-05,0.0,0.0,0.0,0.0,0.0,20.00000000000025,20.00000000000025,0.0,0.0
19.7,2.3000000005175214,3.215010239982874e-06,0.0,850.9197156946075,156.99999999999997,0.0,0.0,5.390379440850092e-05,0.0,0.0,0.0,0.0,0.0,20.000000000000238,20.000000000000238,0.0,0.0
19.708333333333336,2.3000000005175196,3.215010239982874e-06,0.0,850.9181007462414,156.99999999999997,0.0,0.0,5.376187837400022e-05,0.0,0.0,0.0,0.0,0.0,20.000000000000245,20.000000000000245,0.0,0.0
19.716666666666665,2.300000000517518,3.215010239982874e-06,0.0,850.9164900477605,156.99999999999997,0.0,0.0,5.362046008084443e-05,0.0,0.0,0.0,0.0,0.0,20.00000000000025,20.00000000000025,0.0,0.0
19.725,2.300000000517516,3.215010239982874e-06,0.0,850.9148835842655,156.99999999999997,0.0,0.0,5.3479537348741655e-05,0.0,0.0,0.0,0.0,0.0,20.00000000000023,20.00000000000023,0.0,0.0
19.733333333333334,2.3000000005175143,3.215010239982874e-06,0.0,850.9132813409229,156.99999999999997,0.0,0.0,5.33391080088774e-05,0.0,0.0,0.0,0.0,0.0,20.000000000000217,20.000000000000217,0.0,0.0
19.741666666666667,2.300000000517512,3.215010239982874e-06,0.0,850.9116833029639,156.99999999999997,0.0,0.0,5.31991699038743e-05,0.0,0.0,0.0,0.0,0.0,20.000000000000213,20.000000000000213,0.0,0.0
19.75,2.3000000005175103,3.215010239982874e-06,0.0,850.9100894556839,156.99999999999997,0.0,0.0,5.305972088757735e-05,0.0,0.0,0.0,0.0,0.0,20.000000000000217,20.000000000000217,0.0,0.0
19.758333333333333,2.3000000005175085,3.215010239982874e-06,0.0,850.9084997844432,156.99999999999997,0.0,0.0,5.292075882511942e-05,0.0,0.0,0.0,0.0,0.0,20.000000000000234,20.000000000000234,0.0,0.0
19.766666666666666,2.3000000005175067,3.215010239982874e-06,0.0,850.9069142746653,156.99999999999997,0.0,0.0,5.278228159281203e-05,0.0,0.0,0.0,0.0,0.0,20.00000000000025,20.00000000000025,0.0,0.0
19.775,2.300000000517505,3.215010239982874e-06,0.0,850.9053329118376,156.99999999999997,0.0,0.0,5.2644287078071424e-05,0.0,0.0,0.0,0.0,0.0,20.000000000000234,20.000000000000234,0.0,0.0
19.78333333333333,2.300000000517503,3.215010239982874e-06,0.0,850.9037556815108,156.99999999999997,0.0,0.0,5.250677317931017e-05,0.0,0.0,0.0,0.0,0.0,20.00000000000023,20.00000000000023,0.0,0.0
19.791666666666668,2.3000000005175014,3.215010239982874e-06,0.0,850.9021825692982,156.99999999999997,0.0,0.0,5.236973780593371e-05,0.0,0.0,0.0,0.0,0.0,20.000000000000234,20.000000000000234,0.0,0.0
19.799999999999997,2.3000000005174996,3.215010239982874e-06,0.0,850.900613560876,156.99999999999997,0.0,0.0,5.223317887830199e-05,0.0,0.0,0.0,0.0,0.0,20.000000000000234,20.000000000000234,0.0,0.0
19.808333333333334,2.300000000517498,3.215010239982874e-06,0.0,850.8990486419821,156.99999999999997,0.0,0.0,5.2097094327552414e-05,0.0,0.0,0.0,0.0,0.0,20.000000000000238,20.000000000000238,0.0,0.0
19.816666666666666,2.300000000517496,3.215010239982874e-06,0.0,850.8974877984167,156.99999999999997,0.0,0.0,5.196148209556238e-05,0.0,0.0,0.0,0.0,0.0,20.000000000000227,20.000000000000227,0.0,0.0
19.825,2.300000000517494,3.215010239982874e-06,0.0,850.8959310160415,156.99999999999997,0.0,0.0,5.182634013501601e-05,0.0,0.0,0.0,0.0,0.0,20.00000000000024,20.00000000000024,0.0,0.0
19.833333333333332,2.300000000517492,3.215010239982874e-06,0.0,850.8943782807795,156.99999999999997,0.0,0.0,5.1691666409158776e-05,0.0,0.0,0.0,0.0,0.0,20.00000000000025,20.00000000000025,0.0,0.0
19.84166666666667,2.3000000005174903,3.215010239982874e-06,0.0,850.8928295786145,156.99999999999997,0.0,0.0,5.15574588918647e-05,0.0,0.0,0.0,0.0,0.0,20.00000000000027,20.00000000000027,0.0,0.0
19.849999999999998,2.3000000005174885,3.215010239982874e-06,0.0,850.8912848955911,156.99999999999997,0.0,0.0,5.142371556742656e-05,0.0,0.0,0.0,0.0,0.0,20.000000000000263,20.000000000000263,0.0,0.0
19.858333333333334,2.3000000005174868,3.215010239982874e-06,0.0,850.889744217814,156.99999999999997,0.0,0.0,5.1290434430692746e-05,0.0,0.0,0.0,0.0,0.0,20.00000000000027,20.00000000000027,0.0,0.0
19.866666666666667,2.300000000517485,3.215010239982874e-06,0.0,850.8882075314482,156.99999999999997,0.0,0.0,5.1157613486858e-05,0.0,0.0,0.0,0.0,0.0,20.00000000000028,20.00000000000028,0.0,0.0
19.875,2.300000000517483,3.215010239982874e-06,0.0,850.8866748227181,156.99999999999997,0.0,0.0,5.1025250751427645e-05,0.0,0.0,0.0,0.0,0.0,20.000000000000274,20.000000000000274,0.0,0.0
19.883333333333333,2.300000000517482,3.215010239982874e-06,0.0,850.8851460779075,156.99999999999997,0.0,0.0,5.08933442501476e-05,0.0,0.0,0.0,0.0,0.0,20.000000000000277,20.000000000000277,0.0,0.0
19.891666666666666,2.30000000051748,3.215010239982874e-06,0.0,850.8836212833594,156.99999999999997,0.0,0.0,5.0761892019037944e-05,0.0,0.0,0.0,0.0,0.0,20.000000000000266,20.000000000000266,0.0,0.0
19.900000000000002,2.3000000005174783,3.215010239982874e-06,0.0,850.8821004254755,156.99999999999997,0.0,0.0,5.063089210415093e-05,0.0,0.0,0.0,0.0,0.0,20.000000000000266,20.000000000000266,0.0,0.0
19.90833333333333,2.3000000005174766,3.215010239982874e-06,0.0,850.8805834907162,156.99999999999997,0.0,0.0,5.050034256174285e-05,0.0,0.0,0.0,0.0,0.0,20.000000000000274,20.000000000000274,0.0,0.0
19.916666666666668,2.3000000005174748,3.215010239982874e-06,0.0,850.8790704655996,156.99999999999997,0.0,0.0,5.037024145796401e-05,0.0,0.0,0.0,0.0,0.0,20.000000000000277,20.000000000000277,0.0,0.0
19.925,2.300000000517473,3.215010239982874e-06,0.0,850.8775613367019,156.99999999999997,0.0,0.0,5.02405868689621e-05,0.0,0.0,0.0,0.0,0.0,20.000000000000277,20.000000000000277,0.0,0.0
19.933333333333334,2.300000000517471,3.215010239982874e-06,0.0,850.8760560906569,156.99999999999997,0.0,0.0,5.01113768808478e-05,0.0,0.0,0.0,0.0,0.0,20.000000000000284,20.000000000000284,0.0,0.0
19.941666666666666,2.3000000005174694,3.215010239982874e-06,0.0,850.8745547141557,156.99999999999997,0.0,0.0,4.998260958945503e-05,0.0,0.0,0.0,0.0,0.0,20.000000000000277,20.000000000000277,0.0,0.0
19.950000000000003,2.3000000005174677,3.215010239982874e-06,0.0,850.8730571939464,156.99999999999997,0.0,0.0,4.985428310044453e-05,0.0,0.0,0.0,0.0,0.0,20.00000000000027,20.00000000000027,0.0,0.0
19.958333333333332,2.300000000517466,3.215010239982874e-06,0.0,850.8715635168335,156.99999999999997,0.0,0.0,4.972639552927025e-05,0.0,0.0,0.0,0.0,0.0,20.00000000000026,20.00000000000026,0.0,0.0
19.96666666666667,2.300000000517464,3.215010239982874e-06,0.0,850.870073669678,156.99999999999997,0.0,0.0,4.9598945000906495e-05,0.0,0.0,0.0,0.0,0.0,20.000000000000256,20.000000000000256,0.0,0.0
19.975,2.300000000517463,3.215010239982874e-06,0.0,850.8685876393974,156.99999999999997,0.0,0.0,4.947192965002036e-05,0.0,0.0,0.0,0.0,0.0,20.000000000000266,20.000000000000266,0.0,0.0
19.983333333333334,2.300000000517461,3.215010239982874e-06,0.0,850.8671054129646,156.99999999999997,0.0,0.0,4.93453476208362e-05,0.0,0.0,0.0,0.0,0.0,20.00000000000026,20.00000000000026,0.0,0.0
19.991666666666667,2.3000000005174592,3.215010239982874e-06,0.0,850.865626977408,156.99999999999997,0.0,0.0,4.9219197067000716e-05,0.0,0.0,0.0,0.0,0.0,20.000000000000274,20.000000000000274,0.0,0.0
20.0,2.3000000005174575,3.215010239982874e-06,0.0,850.8641523198115,156.99999999999997,0.0,0.0,4.9093476151653044e-05,0.0,0.0,0.0,0.0,0.0,20.000000000000288,20.000000000000288,0.0,0.0
20.008333333333333,2.3000000005174557,3.215010239982874e-06,0.0,850.8626814273138,156.99999999999997,0.0,0.0,4.896818304729028e-05,0.0,0.0,0.0,0.0,0.0,20.000000000000284,20.000000000000284,0.0,0.0
20.016666666666666,2.300000000517454,3.215010239982874e-06,0.0,850.8612142871082,156.99999999999997,0.0,0.0,4.8843315935667594e-05,0.0,0.0,0.0,0.0,0.0,20.000000000000274,20.000000000000274,0.0,0.0
20.025,2.3000000005174526,3.215010239982874e-06,0.0,850.8597508864427,156.99999999999997,0.0,0.0,4.8718873007936677e-05,0.0,0.0,0.0,0.0,0.0,20.000000000000245,20.000000000000245,0.0,0.0
20.033333333333335,2.300000000517451,3.215010239982874e-06,0.0,850.8582912126192,156.99999999999997,0.0,0.0,4.859485246434212e-05,0.0,0.0,0.0,0.0,0.0,20.000000000000224,20.000000000000224,0.0,0.0
20.041666666666664,2.300000000517449,3.215010239982874e-06,0.0,850.8568352529935,156.99999999999997,0.0,0.0,4.847125251432629e-05,0.0,0.0,0.0,0.0,0.0,20.000000000000224,20.000000000000224,0.0,0.0
20.05,2.3000000005174472,3.215010239982874e-06,0.0,850.8553829949749,156.99999999999997,0.0,0.0,4.834807137646419e-05,0.0,0.0,0.0,0.0,0.0,20.00000000000023,20.00000000000023,0.0,0.0
20.058333333333334,2.300000000517446,3.215010239982874e-06,0.0,850.8539344260262,156.99999999999997,0.0,0.0,4.822530727829703e-05,0.0,0.0,0.0,0.0,0.0,20.00000000000024,20.00000000000024,0.0,0.0
20.066666666666666,2.300000000517444,3.215010239982874e-06,0.0,850.8524895336631,156.99999999999997,0.0,0.0,4.810295845647107e-05,0.0,0.0,0.0,0.0,0.0,20.000000000000245,20.000000000000245,0.0,0.0
20.075,2.3000000005174424,3.215010239982874e-06,0.0,850.851048305454,156.99999999999997,0.0,0.0,4.798102315643632e-05,0.0,0.0,0.0,0.0,0.0,20.000000000000238,20.000000000000238,0.0,0.0
20.083333333333336,2.3000000005174406,3.215010239982874e-06,0.0,850.84961072902,156.99999999999997,0.0,0.0,4.7859499632653234e-05,0.0,0.0,0.0,0.0,0.0,20.000000000000238,20.000000000000238,0.0,0.0
20.091666666666665,2.3000000005174392,3.215010239982874e-06,0.0,850.8481767920343,156.99999999999997,0.0,0.0,4.773838614832599e-05,0.0,0.0,0.0,0.0,0.0,20.000000000000227,20.000000000000227,0.0,0.0
20.1,2.3000000005174375,3.215010239982874e-06,0.0,850.8467464822222,156.99999999999997,0.0,0.0,4.76176809755416e-05,0.0,0.0,0.0,0.0,0.0,20.00000000000023,20.00000000000023,0.0,0.0
20.108333333333334,2.3000000005174357,3.215010239982874e-06,0.0,850.8453197873603,156.99999999999997,0.0,0.0,4.749738239503776e-05,0.0,0.0,0.0,0.0,0.0,20.000000000000234,20.000000000000234,0.0,0.0
20.116666666666667,2.300000000517434,3.215010239982874e-06,0.0,850.8438966952772,156.99999999999997,0.0,0.0,4.73774886962074e-05,0.0,0.0,0.0,0.0,0.0,20.00000000000023,20.00000000000023,0.0,0.0
20.125,2.3000000005174326,3.215010239982874e-06,0.0,850.8424771938522,156.99999999999997,0.0,0.0,4.725799817717043e-05,0.0,0.0,0.0,0.0,0.0,20.00000000000023,20.00000000000023,0.0,0.0
20.133333333333333,2.300000000517431,3.215010239982874e-06,0.0,850.841061271016,156.99999999999997,0.0,0.0,4.713890914457628e-05,0.0,0.0,0.0,0.0,0.0,20.000000000000256,20.000000000000256,0.0,0.0
20.141666666666666,2.300000000517429,3.215010239982874e-06,0.0,850.8396489147495,156.99999999999997,0.0,0.0,4.702021991354176e-05,0.0,0.0,0.0,0.0,0.0,20.00000000000024,20.00000000000024,0.0,0.0
20.15,2.3000000005174277,3.215010239982874e-06,0.0,850.8382401130845,156.99999999999997,0.0,0.0,4.6901928807790265e-05,0.0,0.0,0.0,0.0,0.0,20.000000000000227,20.000000000000227,0.0,0.0
20.15833333333333,2.300000000517426,3.215010239982874e-06,0.0,850.8368348541023,156.99999999999997,0.0,0.0,4.6784034159321244e-05,0.0,0.0,0.0,0.0,0.0,20.00000000000022,20.00000000000022,0.0,0.0
20.166666666666668,2.3000000005174246,3.215010239982874e-06,0.0,850.835433125935,156.99999999999997,0.0,0.0,4.6666534308650394e-05,0.0,0.0,0.0,0.0,0.0,20.000000000000217,20.000000000000217,0.0,0.0
20.174999999999997,2.300000000517423,3.215010239982874e-06,0.0,850.8340349167636,156.99999999999997,0.0,0.0,4.654942760454682e-05,0.0,0.0,0.0,0.0,0.0,20.00000000000022,20.00000000000022,0.0,0.0
20.183333333333334,2.300000000517421,3.215010239982874e-06,0.0,850.8326402148186,156.99999999999997,0.0,0.0,4.6432712404072344e-05,0.0,0.0,0.0,0.0,0.0,20.000000000000213,20.000000000000213,0.0,0.0
20.191666666666666,2.3000000005174197,3.215010239982874e-06,0.0,850.8312490083802,156.99999999999997,0.0,0.0,4.631638707252029e-05,0.0,0.0,0.0,0.0,0.0,20.000000000000195,20.000000000000195,0.0,0.0
20.2,2.300000000517418,3.215010239982874e-06,0.0,850.8298612857769,156.99999999999997,0.0,0.0,4.620044998338804e-05,0.0,0.0,0.0,0.0,0.0,20.0000000000002,20.0000000000002,0.0,0.0
20.208333333333332,2.300000000517416,3.215010239982874e-06,0.0,850.8284770353863,156.99999999999997,0.0,0.0,4.60848995182495e-05,0.0,0.0,0.0,0.0,0.0,20.000000000000195,20.000000000000195,0.0,0.0
20.21666666666667,2.300000000517415,3.215010239982874e-06,0.0,850.8270962456342,156.99999999999997,0.0,0.0,4.5969734066861536e-05,0.0,0.0,0.0,0.0,0.0,20.0000000000002,20.0000000000002,0.0,0.0
20.224999999999998,2.300000000517413,3.215010239982874e-06,0.0,850.8257189049946,156.99999999999997,0.0,0.0,4.5854952026970114e-05,0.0,0.0,0.0,0.0,0.0,20.00000000000019,20.00000000000019,0.0,0.0
20.233333333333334,2.3000000005174117,3.215010239982874e-06,0.0,850.8243450019894,156.99999999999997,0.0,0.0,4.5740551804283736e-05,0.0,0.0,0.0,0.0,0.0,20.00000000000022,20.00000000000022,0.0,0.0
20.241666666666667,2.30000000051741,3.215010239982874e-06,0.0,850.8229745251884,156.99999999999997,0.0,0.0,4.5626531812513454e-05,0.0,0.0,0.0,0.0,0.0,20.000000000000234,20.000000000000234,0.0,0.0
20.25,2.3000000005174086,3.215010239982874e-06,0.0,850.8216074632089,156.99999999999997,0.0,0.0,4.5512890473246525e-05,0.0,0.0,0.0,0.0,0.0,20.000000000000238,20.000000000000238,0.0,0.0
20.258333333333333,2.300000000517407,3.215010239982874e-06,0.0,850.8202438047151,156.99999999999997,0.0,0.0,4.539962621592032e-05,0.0,0.0,0.0,0.0,0.0,20.000000000000234,20.000000000000234,0.0,0.0
20.266666666666666,2.3000000005174055,3.215010239982874e-06,0.0,850.8188835384185,156.99999999999997,0.0,0.0,4.528673747779623e-05,0.0,0.0,0.0,0.0,0.0,20.00000000000026,20.00000000000026,0.0,0.0
20.275000000000002,2.3000000005174037,3.215010239982874e-06,0.0,850.8175266530772,156.99999999999997,0.0,0.0,4.5174222703933696e-05,0.0,0.0,0.0,0.0,0.0,20.000000000000277,20.000000000000277,0.0,0.0
20.28333333333333,2.3000000005174024,3.215010239982874e-06,0.0,850.8161731374959,156.99999999999997,0.0,0.0,4.506208034706503e-05,0.0,0.0,0.0,0.0,0.0,20.000000000000266,20.000000000000266,0.0,0.0
20.291666666666668,2.3000000005174006,3.215010239982874e-06,0.0,850.8148229805255,156.99999999999997,0.0,0.0,4.495030886760313e-05,0.0,0.0,0.0,0.0,0.0,20.00000000000027,20.00000000000027,0.0,0.0
20.3,2.3000000005173993,3.215010239982874e-06,0.0,850.8134761710633,156.99999999999997,0.0,0.0,4.4838906733583006e-05,0.0,0.0,0.0,0.0,0.0,20.00000000000026,20.00000000000026,0.0,0.0
20.308333333333334,2.3000000005173975,3.215010239982874e-06,0.0,850.8121326980519,156.99999999999997,0.0,0.0,4.472787242066956e-05,0.0,0.0,0.0,0.0,0.0,20.00000000000026,20.00000000000026,0.0,0.0
20.316666666666666,2.300000000517396,3.215010239982874e-06,0.0,850.8107925504801,156.99999999999997,0.0,0.0,4.461720441203345e-05,0.0,0.0,0.0,0.0,0.0,20.000000000000256,20.000000000000256,0.0,0.0
20.325000000000003,2.3000000005173944,3.215010239982874e-06,0.0,850.8094557173815,156.99999999999997,0.0,0.0,4.4506901198359214e-05,0.0,0.0,0.0,0.0,0.0,20.000000000000263,20.000000000000263,0.0,0.0
20.333333333333332,2.300000000517393,3.215010239982874e-06,0.0,850.8081221878355,156.99999999999997,0.0,0.0,4.4396961277787615e-05,0.0,0.0,0.0,0.0,0.0,20.00000000000026,20.00000000000026,0.0,0.0
20.34166666666667,2.3000000005173913,3.215010239982874e-06,0.0,850.8067919509658,156.99999999999997,0.0,0.0,4.428738315585809e-05,0.0,0.0,0.0,0.0,0.0,20.00000000000024,20.00000000000024,0.0,0.0
20.35,2.30000000051739,3.215010239982874e-06,0.0,850.8054649959415,156.99999999999997,0.0,0.0,4.4178165345517344e-05,0.0,0.0,0.0,0.0,0.0,20.000000000000256,20.000000000000256,0.0,0.0
20.358333333333334,2.300000000517388,3.215010239982874e-06,0.0,850.8041413119755,156.99999999999997,0.0,0.0,4.4069306367029186e-05,0.0,0.0,0.0,0.0,0.0,20.000000000000256,20.000000000000256,0.0,0.0
20.366666666666667,2.300000000517387,3.215010239982874e-06,0.0,850.8028208883255,156.99999999999997,0.0,0.0,4.396080474788484e-05,0.0,0.0,0.0,0.0,0.0,20.000000000000256,20.000000000000256,0.0,0.0
20.375,2.3000000005173855,3.215010239982874e-06,0.0,850.8015037142931,156.99999999999997,0.0,0.0,4.385265902294326e-05,0.0,0.0,0.0,0.0,0.0,20.000000000000234,20.000000000000234,0.0,0.0
20.383333333333333,2.3000000005173837,3.215010239982874e-06,0.0,850.8001897792235,156.99999999999997,0.0,0.0,4.3744867734111887e-05,0.0,0.0,0.0,0.0,0.0,20.000000000000227,20.000000000000227,0.0,0.0
20.391666666666666,2.3000000005173824,3.215010239982874e-06,0.0,850.798879072506,156.99999999999997,0.0,0.0,4.3637429430585624e-05,0.0,0.0,0.0,0.0,0.0,20.00000000000022,20.00000000000022,0.0,0.0
20.4,2.3000000005173806,3.215010239982874e-06,0.0,850.797571583573,156.99999999999997,0.0,0.0,4.35303426685938e-05,0.0,0.0,0.0,0.0,0.0,20.000000000000206,20.000000000000206,0.0,0.0
20.408333333333335,2.3000000005173793,3.215010239982874e-06,0.0,850.7962673019003,156.99999999999997,0.0,0.0,4.3423606011573396e-05,0.0,0.0,0.0,0.0,0.0,20.0000000000002,20.0000000000002,0.0,0.0
20.416666666666664,2.300000000517378,3.215010239982874e-06,0.0,850.7949662170063,156.99999999999997,0.0,0.0,4.331721802981867e-05,0.0,0.0,0.0,0.0,0.0,20.0000000000002,20.0000000000002,0.0,0.0
20.425,2.300000000517376,3.215010239982874e-06,0.0,850.7936683184527,156.99999999999997,0.0,0.0,4.3211177300752656e-05,0.0,0.0,0.0,0.0,0.0,20.000000000000195,20.000000000000195,0.0,0.0
20.433333333333334,2.300000000517375,3.215010239982874e-06,0.0,850.7923735958434,156.99999999999997,0.0,0.0,4.3105482408773316e-05,0.0,0.0,0.0,0.0,0.0,20.000000000000195,20.000000000000195,0.0,0.0
20.441666666666666,2.3000000005173735,3.215010239982874e-06,0.0,850.7910820388247,156.99999999999997,0.0,0.0,4.300013194506783e-05,0.0,0.0,0.0,0.0,0.0,20.000000000000195,20.000000000000195,0.0,0.0
20.45,2.3000000005173717,3.215010239982874e-06,0.0,850.7897936370854,156.99999999999997,0.0,0.0,4.289512450781851e-05,0.0,0.0,0.0,0.0,0.0,20.000000000000195,20.000000000000195,0.0,0.0
20.458333333333336,2.3000000005173704,3.215010239982874e-06,0.0,850.7885083803558,156.99999999999997,0.0,0.0,4.279045870204974e-05,0.0,0.0,0.0,0.0,0.0,20.000000000000192,20.000000000000192,0.0,0.0
20.466666666666665,2.300000000517369,3.215010239982874e-06,0.0,850.7872262584082,156.99999999999997,0.0,0.0,4.268613313950818e-05,0.0,0.0,0.0,0.0,0.0,20.00000000000018,20.00000000000018,0.0,0.0
20.475,2.3000000005173673,3.215010239982874e-06,0.0,850.7859472610564,156.99999999999997,0.0,0.0,4.258214643880342e-05,0.0,0.0,0.0,0.0,0.0,20.00000000000019,20.00000000000019,0.0,0.0
20.483333333333334,2.300000000517366,3.215010239982874e-06,0.0,850.7846713781555,156.99999999999997,0.0,0.0,4.247849722515832e-05,0.0,0.0,0.0,0.0,0.0,20.000000000000178,20.000000000000178,0.0,0.0
20.491666666666667,2.3000000005173646,3.215010239982874e-06,0.0,850.7833985996018,156.99999999999997,0.0,0.0,4.237518413054988e-05,0.0,0.0,0.0,0.0,0.0,20.000000000000174,20.000000000000174,0.0,0.0
20.5,2.300000000517363,3.215010239982874e-06,0.0,850.7821289153325,156.99999999999997,0.0,0.0,4.2272205793622335e-05,0.0,0.0,0.0,0.0,0.0,20.00000000000018,20.00000000000018,0.0,0.0
20.508333333333333,2.3000000005173615,3.215010239982874e-06,0.0,850.7808623153255,156.99999999999997,0.0,0.0,4.216956085960088e-05,0.0,0.0,0.0,0.0,0.0,20.00000000000019,20.00000000000019,0.0,0.0
20.516666666666666,2.30000000051736,3.215010239982874e-06,0.0,850.7795987895993,156.99999999999997,0.0,0.0,4.206724798030264e-05,0.0,0.0,0.0,0.0,0.0,20.00000000000019,20.00000000000019,0.0,0.0
20.525,2.3000000005173584,3.215010239982874e-06,0.0,850.7783383282128,156.99999999999997,0.0,0.0,4.196526581401843e-05,0.0,0.0,0.0,0.0,0.0,20.00000000000018,20.00000000000018,0.0,0.0
20.53333333333333,2.300000000517357,3.215010239982874e-06,0.0,850.777080921265,156.99999999999997,0.0,0.0,4.186361302562096e-05,0.0,0.0,0.0,0.0,0.0,20.000000000000163,20.000000000000163,0.0,0.0
20.541666666666668,2.3000000005173558,3.215010239982874e-06,0.0,850.7758265588948,156.99999999999997,0.0,0.0,4.176228828641447e-05,0.0,0.0,0.0,0.0,0.0,20.000000000000167,20.000000000000167,0.0,0.0
20.549999999999997,2.3000000005173544,3.215010239982874e-06,0.0,850.7745752312808,156.99999999999997,0.0,0.0,4.1661290274114003e-05,0.0,0.0,0.0,0.0,0.0,20.000000000000167,20.000000000000167,0.0,0.0
20.558333333333334,2.3000000005173526,3.215010239982874e-06,0.0,850.7733269286414,156.99999999999997,0.0,0.0,4.156061767288911e-05,0.0,0.0,0.0,0.0,0.0,20.00000000000016,20.00000000000016,0.0,0.0
20.566666666666666,2.3000000005173513,3.215010239982874e-06,0.0,850.7720816412343,156.99999999999997,0.0,0.0,4.1460269173149874e-05,0.0,0.0,0.0,0.0,0.0,20.00000000000015,20.00000000000015,0.0,0.0
20.575,2.30000000051735,3.215010239982874e-06,0.0,850.7708393593562,156.99999999999997,0.0,0.0,4.136024347171986e-05,0.0,0.0,0.0,0.0,0.0,20.000000000000142,20.000000000000142,0.0,0.0
20.583333333333332,2.3000000005173487,3.215010239982874e-06,0.0,850.769600073343,156.99999999999997,0.0,0.0,4.126053927165476e-05,0.0,0.0,0.0,0.0,0.0,20.000000000000128,20.000000000000128,0.0,0.0
20.59166666666667,2.3000000005173473,3.215010239982874e-06,0.0,850.7683637735693,156.99999999999997,0.0,0.0,4.1161155282318634e-05,0.0,0.0,0.0,0.0,0.0,20.000000000000128,20.000000000000128,0.0,0.0
20.599999999999998,2.3000000005173455,3.215010239982874e-06,0.0,850.7671304504486,156.99999999999997,0.0,0.0,4.106209021923532e-05,0.0,0.0,0.0,0.0,0.0,20.000000000000128,20.000000000000128,0.0,0.0
20.608333333333334,2.300000000517344,3.215010239982874e-06,0.0,850.7659000944324,156.99999999999997,0.0,0.0,4.096334280410072e-05,0.0,0.0,0.0,0.0,0.0,20.00000000000012,20.00000000000012,0.0,0.0
20.616666666666667,2.300000000517343,3.215010239982874e-06,0.0,850.7646726960107,156.99999999999997,0.0,0.0,4.086491176479501e-05,0.0,0.0,0.0,0.0,0.0,20.00000000000012,20.00000000000012,0.0,0.0
20.625,2.3000000005173415,3.215010239982874e-06,0.0,850.7634482457117,156.99999999999997,0.0,0.0,4.076679583529882e-05,0.0,0.0,0.0,0.0,0.0,20.000000000000117,20.000000000000117,0.0,0.0
20.633333333333333,2.30000000051734,3.215010239982874e-06,0.0,850.7622267341012,156.99999999999997,0.0,0.0,4.0668993755609666e-05,0.0,0.0,0.0,0.0,0.0,20.000000000000124,20.000000000000124,0.0,0.0
20.641666666666666,2.300000000517339,3.215010239982874e-06,0.0,850.7610081517828,156.99999999999997,0.0,0.0,4.057150427181865e-05,0.0,0.0,0.0,0.0,0.0,20.000000000000124,20.000000000000124,0.0,0.0
20.650000000000002,2.300000000517337,3.215010239982874e-06,0.0,850.7597924893979,156.99999999999997,0.0,0.0,4.047432613605899e-05,0.0,0.0,0.0,0.0,0.0,20.000000000000142,20.000000000000142,0.0,0.0
20.65833333333333,2.3000000005173358,3.215010239982874e-06,0.0,850.7585797376248,156.99999999999997,0.0,0.0,4.037745810632711e-05,0.0,0.0,0.0,0.0,0.0,20.000000000000146,20.000000000000146,0.0,0.0
20.666666666666668,2.3000000005173344,3.215010239982874e-06,0.0,850.7573698871792,156.99999999999997,0.0,0.0,4.028089894671911e-05,0.0,0.0,0.0,0.0,0.0,20.00000000000013,20.00000000000013,0.0,0.0
20.675,2.300000000517333,3.215010239982874e-06,0.0,850.7561629288139,156.99999999999997,0.0,0.0,4.018464742706071e-05,0.0,0.0,0.0,0.0,0.0,20.000000000000135,20.000000000000135,0.0,0.0
20.683333333333334,2.3000000005173318,3.215010239982874e-06,0.0,850.7549588533182,156.99999999999997,0.0,0.0,4.008870232314378e-05,0.0,0.0,0.0,0.0,0.0,20.000000000000142,20.000000000000142,0.0,0.0
20.691666666666666,2.3000000005173304,3.215010239982874e-06,0.0,850.7537576515183,156.99999999999997,0.0,0.0,3.999306241664369e-05,0.0,0.0,0.0,0.0,0.0,20.000000000000146,20.000000000000146,0.0,0.0
20.700000000000003,2.300000000517329,3.215010239982874e-06,0.0,850.7525593142768,156.99999999999997,0.0,0.0,3.989772649497336e-05,0.0,0.0,0.0,0.0,0.0,20.000000000000153,20.000000000000153,0.0,0.0
20.708333333333332,2.300000000517328,3.215010239982874e-06,0.0,850.7513638324926,156.99999999999997,0.0,0.0,3.980269335132861e-05,0.0,0.0,0.0,0.0,0.0,20.000000000000156,20.000000000000156,0.0,0.0
20.71666666666667,2.300000000517326,3.215010239982874e-06,0.0,850.7501711971007,156.99999999999997,0.0,0.0,3.970796178466979e-05,0.0,0.0,0.0,0.0,0.0,20.000000000000153,20.000000000000153,0.0,0.0
20.725,2.3000000005173247,3.215010239982874e-06,0.0,850.748981399072,156.99999999999997,0.0,0.0,3.961353059967171e-05,0.0,0.0,0.0,0.0,0.0,20.000000000000163,20.000000000000163,0.0,0.0
20.733333333333334,2.3000000005173233,3.215010239982874e-06,0.0,850.7477944294133,156.99999999999997,0.0,0.0,3.951939860670556e-05,0.0,0.0,0.0,0.0,0.0,20.00000000000017,20.00000000000017,0.0,0.0
20.741666666666667,2.300000000517322,3.215010239982874e-06,0.0,850.7466102791666,156.99999999999997,0.0,0.0,3.942556462169414e-05,0.0,0.0,0.0,0.0,0.0,20.00000000000016,20.00000000000016,0.0,0.0
20.75,2.3000000005173207,3.215010239982874e-06,0.0,850.74542893941,156.99999999999997,0.0,0.0,3.9332027466347483e-05,0.0,0.0,0.0,0.0,0.0,20.000000000000163,20.000000000000163,0.0,0.0
20.758333333333333,2.3000000005173193,3.215010239982874e-06,0.0,850.7442504012563,156.99999999999997,0.0,0.0,3.923878596779666e-05,0.0,0.0,0.0,0.0,0.0,20.000000000000156,20.000000000000156,0.0,0.0
20.766666666666666,2.300000000517318,3.215010239982874e-06,0.0,850.7430746558537,156.99999999999997,0.0,0.0,3.914583895886105e-05,0.0,0.0,0.0,0.0,0.0,20.000000000000153,20.000000000000153,0.0,0.0
20.775,2.3000000005173167,3.215010239982874e-06,0.0,850.7419016943852,156.99999999999997,0.0,0.0,3.9053185277777746e-05,0.0,0.0,0.0,0.0,0.0,20.00000000000015,20.00000000000015,0.0,0.0
20.783333333333335,2.3000000005173153,3.215010239982874e-06,0.0,850.7407315080687,156.99999999999997,0.0,0.0,3.8960823768342256e-05,0.0,0.0,0.0,0.0,0.0,20.00000000000013,20.00000000000013,0.0,0.0
20.791666666666664,2.300000000517314,3.215010239982874e-06,0.0,850.7395640881566,156.99999999999997,0.0,0.0,3.8868753279796356e-05,0.0,0.0,0.0,0.0,0.0,20.000000000000135,20.000000000000135,0.0,0.0
20.8,2.3000000005173127,3.215010239982874e-06,0.0,850.7383994259355,156.99999999999997,0.0,0.0,3.877697266684239e-05,0.0,0.0,0.0,0.0,0.0,20.000000000000142,20.000000000000142,0.0,0.0
20.808333333333334,2.3000000005173113,3.215010239982874e-06,0.0,850.7372375127269,156.99999999999997,0.0,0.0,3.8685480789531736e-05,0.0,0.0,0.0,0.0,0.0,20.000000000000128,20.000000000000128,0.0,0.0
20.816666666666666,2.30000000051731,3.215010239982874e-06,0.0,850.7360783398858,156.99999999999997,0.0,0.0,3.8594276513342236e-05,0.0,0.0,0.0,0.0,0.0,20.000000000000146,20.000000000000146,0.0,0.0
20.825,2.3000000005173087,3.215010239982874e-06,0.0,850.7349218988015,156.99999999999997,0.0,0.0,3.850335870906693e-05,0.0,0.0,0.0,0.0,0.0,20.00000000000015,20.00000000000015,0.0,0.0
20.833333333333336,2.3000000005173074,3.215010239982874e-06,0.0,850.733768180897,156.99999999999997,0.0,0.0,3.841272625286011e-05,0.0,0.0,0.0,0.0,0.0,20.000000000000135,20.000000000000135,0.0,0.0
20.841666666666665,2.300000000517306,3.215010239982874e-06,0.0,850.7326171776289,156.99999999999997,0.0,0.0,3.83223780260636e-05,0.0,0.0,0.0,0.0,0.0,20.00000000000013,20.00000000000013,0.0,0.0
20.85,2.3000000005173047,3.215010239982874e-06,0.0,850.7314688804872,156.99999999999997,0.0,0.0,3.823231291541e-05,0.0,0.0,0.0,0.0,0.0,20.000000000000135,20.000000000000135,0.0,0.0
20.858333333333334,2.3000000005173034,3.215010239982874e-06,0.0,850.7303232809954,156.99999999999997,0.0,0.0,3.8142529812755125e-05,0.0,0.0,0.0,0.0,0.0,20.000000000000146,20.000000000000146,0.0,0.0
20.866666666666667,2.300000000517302,3.215010239982874e-06,0.0,850.7291803707103,156.99999999999997,0.0,0.0,3.805302761521846e-05,0.0,0.0,0.0,0.0,0.0,20.00000000000015,20.00000000000015,0.0,0.0
20.875,2.3000000005173007,3.215010239982874e-06,0.0,850.7280401412213,156.99999999999997,0.0,0.0,3.796380522507291e-05,0.0,0.0,0.0,0.0,0.0,20.00000000000015,20.00000000000015,0.0,0.0
20.883333333333333,2.3000000005172994,3.215010239982874e-06,0.0,850.7269025841508,156.99999999999997,0.0,0.0,3.7874861549666126e-05,0.0,0.0,0.0,0.0,0.0,20.000000000000146,20.000000000000146,0.0,0.0
20.891666666666666,2.300000000517298,3.215010239982874e-06,0.0,850.725767691154,156.99999999999997,0.0,0.0,3.778619550159206e-05,0.0,0.0,0.0,0.0,0.0,20.000000000000142,20.000000000000142,0.0,0.0
20.9,2.3000000005172967,3.215010239982874e-06,0.0,850.7246354539188,156.99999999999997,0.0,0.0,3.76978059984561e-05,0.0,0.0,0.0,0.0,0.0,20.000000000000153,20.000000000000153,0.0,0.0
20.90833333333333,2.3000000005172954,3.215010239982874e-06,0.0,850.723505864165,156.99999999999997,0.0,0.0,3.7609691962890685e-05,0.0,0.0,0.0,0.0,0.0,20.000000000000156,20.000000000000156,0.0,0.0
20.916666666666668,2.300000000517294,3.215010239982874e-06,0.0,850.7223789136451,156.99999999999997,0.0,0.0,3.752185232263304e-05,0.0,0.0,0.0,0.0,0.0,20.000000000000167,20.000000000000167,0.0,0.0
20.924999999999997,2.3000000005172927,3.215010239982874e-06,0.0,850.7212545941434,156.99999999999997,0.0,0.0,3.743428601038479e-05,0.0,0.0,0.0,0.0,0.0,20.00000000000017,20.00000000000017,0.0,0.0
20.933333333333334,2.300000000517292,3.215010239982874e-06,0.0,850.7201328974766,156.99999999999997,0.0,0.0,3.7346991963858674e-05,0.0,0.0,0.0,0.0,0.0,20.000000000000167,20.000000000000167,0.0,0.0
20.941666666666666,2.3000000005172905,3.215010239982874e-06,0.0,850.7190138154924,156.99999999999997,0.0,0.0,3.7259969125669766e-05,0.0,0.0,0.0,0.0,0.0,20.00000000000016,20.00000000000016,0.0,0.0
20.95,2.300000000517289,3.215010239982874e-06,0.0,850.717897340071,156.99999999999997,0.0,0.0,3.717321644338233e-05,0.0,0.0,0.0,0.0,0.0,20.000000000000156,20.000000000000156,0.0,0.0
20.958333333333332,2.300000000517288,3.215010239982874e-06,0.0,850.7167834631234,156.99999999999997,0.0,0.0,3.708673286946343e-05,0.0,0.0,0.0,0.0,0.0,20.000000000000167,20.000000000000167,0.0,0.0
20.96666666666667,2.3000000005172865,3.215010239982874e-06,0.0,850.7156721765925,156.99999999999997,0.0,0.0,3.700051736123666e-05,0.0,0.0,0.0,0.0,0.0,20.00000000000016,20.00000000000016,0.0,0.0
20.974999999999998,2.300000000517285,3.215010239982874e-06,0.0,850.714563472452,156.99999999999997,0.0,0.0,3.6914568880867177e-05,0.0,0.0,0.0,0.0,0.0,20.000000000000174,20.000000000000174,0.0,0.0
20.983333333333334,2.300000000517284,3.215010239982874e-06,0.0,850.713457342707,156.99999999999997,0.0,0.0,3.68288863954085e-05,0.0,0.0,0.0,0.0,0.0,20.00000000000016,20.00000000000016,0.0,0.0
20.991666666666667,2.3000000005172825,3.215010239982874e-06,0.0,850.7123537793933,156.99999999999997,0.0,0.0,3.674346887657093e-05,0.0,0.0,0.0,0.0,0.0,20.000000000000156,20.000000000000156,0.0,0.0
21.0,2.3000000005172816,3.215010239982874e-06,0.0,850.7112527745775,156.99999999999997,0.0,0.0,3.6658315300923486e-05,0.0,0.0,0.0,0.0,0.0,20.000000000000146,20.000000000000146,0.0,0.0
21.008333333333333,2.3000000005172803,3.215010239982874e-06,0.0,850.7101543203567,156.99999999999997,0.0,0.0,3.657342464978623e-05,0.0,0.0,0.0,0.0,0.0,20.000000000000135,20.000000000000135,0.0,0.0
21.016666666666666,2.300000000517279,3.215010239982874e-06,0.0,850.7090584088588,156.99999999999997,0.0,0.0,3.648879590915381e-05,0.0,0.0,0.0,0.0,0.0,20.000000000000128,20.000000000000128,0.0,0.0
21.025000000000002,2.3000000005172776,3.215010239982874e-06,0.0,850.7079650322419,156.99999999999997,0.0,0.0,3.640442806968114e-05,0.0,0.0,0.0,0.0,0.0,20.000000000000124,20.000000000000124,0.0,0.0
21.03333333333333,2.3000000005172763,3.215010239982874e-06,0.0,850.7068741826943,156.99999999999997,0.0,0.0,3.632032012679219e-05,0.0,0.0,0.0,0.0,0.0,20.000000000000135,20.000000000000135,0.0,0.0
21.041666666666668,2.300000000517275,3.215010239982874e-06,0.0,850.7057858524342,156.99999999999997,0.0,0.0,3.6236471080449805e-05,0.0,0.0,0.0,0.0,0.0,20.000000000000146,20.000000000000146,0.0,0.0
21.05,2.300000000517274,3.215010239982874e-06,0.0,850.7047000337102,156.99999999999997,0.0,0.0,3.615287993523401e-05,0.0,0.0,0.0,0.0,0.0,20.00000000000014,20.00000000000014,0.0,0.0
21.058333333333334,2.3000000005172727,3.215010239982874e-06,0.0,850.7036167188,156.99999999999997,0.0,0.0,3.6069545700389285e-05,0.0,0.0,0.0,0.0,0.0,20.00000000000014,20.00000000000014,0.0,0.0
21.066666666666666,2.3000000005172714,3.215010239982874e-06,0.0,850.7025359000116,156.99999999999997,0.0,0.0,3.5986467389656665e-05,0.0,0.0,0.0,0.0,0.0,20.00000000000013,20.00000000000013,0.0,0.0
21.075000000000003,2.30000000051727,3.215010239982874e-06,0.0,850.7014575696824,156.99999999999997,0.0,0.0,3.590364402138263e-05,0.0,0.0,0.0,0.0,0.0,20.000000000000117,20.000000000000117,0.0,0.0
21.083333333333332,2.3000000005172687,3.215010239982874e-06,0.0,850.7003817201785,156.99999999999997,0.0,0.0,3.5821074618321e-05,0.0,0.0,0.0,0.0,0.0,20.000000000000114,20.000000000000114,0.0,0.0
21.09166666666667,2.300000000517268,3.215010239982874e-06,0.0,850.6993083438963,156.99999999999997,0.0,0.0,3.573875820780331e-05,0.0,0.0,0.0,0.0,0.0,20.000000000000114,20.000000000000114,0.0,0.0
21.1,2.3000000005172665,3.215010239982874e-06,0.0,850.6982374332607,156.99999999999997,0.0,0.0,3.565669382163285e-05,0.0,0.0,0.0,0.0,0.0,20.000000000000114,20.000000000000114,0.0,0.0
21.108333333333334,2.300000000517265,3.215010239982874e-06,0.0,850.6971689807256,156.99999999999997,0.0,0.0,3.5574880496009804e-05,0.0,0.0,0.0,0.0,0.0,20.000000000000117,20.000000000000117,0.0,0.0
21.116666666666667,2.300000000517264,3.215010239982874e-06,0.0,850.6961029787738,156.99999999999997,0.0,0.0,3.549331727154837e-05,0.0,0.0,0.0,0.0,0.0,20.000000000000128,20.000000000000128,0.0,0.0
21.125,2.3000000005172625,3.215010239982874e-06,0.0,850.6950394199168,156.99999999999997,0.0,0.0,3.541200319332437e-05,0.0,0.0,0.0,0.0,0.0,20.000000000000128,20.000000000000128,0.0,0.0
21.133333333333333,2.3000000005172616,3.215010239982874e-06,0.0,850.6939782966948,156.99999999999997,0.0,0.0,3.5330937310739436e-05,0.0,0.0,0.0,0.0,0.0,20.000000000000135,20.000000000000135,0.0,0.0
21.141666666666666,2.3000000005172603,3.215010239982874e-06,0.0,850.6929196016764,156.99999999999997,0.0,0.0,3.52501186775384e-05,0.0,0.0,0.0,0.0,0.0,20.00000000000015,20.00000000000015,0.0,0.0
21.15,2.300000000517259,3.215010239982874e-06,0.0,850.6918633274585,156.99999999999997,0.0,0.0,3.516954635182646e-05,0.0,0.0,0.0,0.0,0.0,20.00000000000013,20.00000000000013,0.0,0.0
21.158333333333335,2.300000000517258,3.215010239982874e-06,0.0,850.6908094666661,156.99999999999997,0.0,0.0,3.508921939593407e-05,0.0,0.0,0.0,0.0,0.0,20.000000000000128,20.000000000000128,0.0,0.0
21.166666666666664,2.3000000005172567,3.215010239982874e-06,0.0,850.6897580119523,156.99999999999997,0.0,0.0,3.5009136876586694e-05,0.0,0.0,0.0,0.0,0.0,20.00000000000015,20.00000000000015,0.0,0.0
21.175,2.3000000005172554,3.215010239982874e-06,0.0,850.6887089559984,156.99999999999997,0.0,0.0,3.492929786467848e-05,0.0,0.0,0.0,0.0,0.0,20.00000000000015,20.00000000000015,0.0,0.0
21.183333333333334,2.300000000517254,3.215010239982874e-06,0.0,850.6876622915132,156.99999999999997,0.0,0.0,3.484970143535084e-05,0.0,0.0,0.0,0.0,0.0,20.00000000000016,20.00000000000016,0.0,0.0
21.191666666666666,2.300000000517253,3.215010239982874e-06,0.0,850.6866180112331,156.99999999999997,0.0,0.0,3.477034666800982e-05,0.0,0.0,0.0,0.0,0.0,20.00000000000017,20.00000000000017,0.0,0.0
21.2,2.300000000517252,3.215010239982874e-06,0.0,850.6855761079225,156.99999999999997,0.0,0.0,3.4691232646191805e-05,0.0,0.0,0.0,0.0,0.0,20.000000000000163,20.000000000000163,0.0,0.0
21.208333333333336,2.3000000005172505,3.215010239982874e-06,0.0,850.6845365743728,156.99999999999997,0.0,0.0,3.4612358457611636e-05,0.0,0.0,0.0,0.0,0.0,20.000000000000174,20.000000000000174,0.0,0.0
21.216666666666665,2.3000000005172496,3.215010239982874e-06,0.0,850.6834994034028,156.99999999999997,0.0,0.0,3.4533723194149934e-05,0.0,0.0,0.0,0.0,0.0,20.000000000000192,20.000000000000192,0.0,0.0
21.225,2.3000000005172483,3.215010239982874e-06,0.0,850.6824645878587,156.99999999999997,0.0,0.0,3.445532595181017e-05,0.0,0.0,0.0,0.0,0.0,20.000000000000178,20.000000000000178,0.0,0.0
21.233333333333334,2.300000000517247,3.215010239982874e-06,0.0,850.6814321206135,156.99999999999997,0.0,0.0,3.4377165830675946e-05,0.0,0.0,0.0,0.0,0.0,20.000000000000167,20.000000000000167,0.0,0.0
21.241666666666667,2.300000000517246,3.215010239982874e-06,0.0,850.6804019945673,156.99999999999997,0.0,0.0,3.42992419349289e-05,0.0,0.0,0.0,0.0,0.0,20.00000000000017,20.00000000000017,0.0,0.0
21.25,2.3000000005172447,3.215010239982874e-06,0.0,850.6793742026468,156.99999999999997,0.0,0.0,3.422155337277589e-05,0.0,0.0,0.0,0.0,0.0,20.000000000000167,20.000000000000167,0.0,0.0
21.258333333333333,2.3000000005172434,3.215010239982874e-06,0.0,850.6783487378059,156.99999999999997,0.0,0.0,3.414409925652734e-05,0.0,0.0,0.0,0.0,0.0,20.00000000000017,20.00000000000017,0.0,0.0
21.266666666666666,2.3000000005172425,3.215010239982874e-06,0.0,850.6773255930243,156.99999999999997,0.0,0.0,3.4066878702464254e-05,0.0,0.0,0.0,0.0,0.0,20.00000000000018,20.00000000000018,0.0,0.0
21.275,2.300000000517241,3.215010239982874e-06,0.0,850.6763047613086,156.99999999999997,0.0,0.0,3.3989890830826236e-05,0.0,0.0,0.0,0.0,0.0,20.000000000000178,20.000000000000178,0.0,0.0
21.28333333333333,2.30000000051724,3.215010239982874e-06,0.0,850.675286235692,156.99999999999997,0.0,0.0,3.391313476588991e-05,0.0,0.0,0.0,0.0,0.0,20.000000000000167,20.000000000000167,0.0,0.0
21.291666666666668,2.300000000517239,3.215010239982874e-06,0.0,850.6742700092334,156.99999999999997,0.0,0.0,3.3836609635866426e-05,0.0,0.0,0.0,0.0,0.0,20.000000000000174,20.000000000000174,0.0,0.0
21.299999999999997,2.3000000005172376,3.215010239982874e-06,0.0,850.6732560750179,156.99999999999997,0.0,0.0,3.376031457288967e-05,0.0,0.0,0.0,0.0,0.0,20.000000000000178,20.000000000000178,0.0,0.0
21.308333333333334,2.3000000005172363,3.215010239982874e-06,0.0,850.6722444261568,156.99999999999997,0.0,0.0,3.3684248712974415e-05,0.0,0.0,0.0,0.0,0.0,20.000000000000185,20.000000000000185,0.0,0.0
21.316666666666666,2.3000000005172354,3.215010239982874e-06,0.0,850.6712350557872,156.99999999999997,0.0,0.0,3.3608411196124724e-05,0.0,0.0,0.0,0.0,0.0,20.0000000000002,20.0000000000002,0.0,0.0
21.325,2.300000000517234,3.215010239982874e-06,0.0,850.6702279570718,156.99999999999997,0.0,0.0,3.3532801166081966e-05,0.0,0.0,0.0,0.0,0.0,20.000000000000185,20.000000000000185,0.0,0.0
21.333333333333332,2.300000000517233,3.215010239982874e-06,0.0,850.6692231231989,156.99999999999997,0.0,0.0,3.3457417770553464e-05,0.0,0.0,0.0,0.0,0.0,20.000000000000178,20.000000000000178,0.0,0.0
21.34166666666667,2.300000000517232,3.215010239982874e-06,0.0,850.6682205473826,156.99999999999997,0.0,0.0,3.338226016099086e-05,0.0,0.0,0.0,0.0,0.0,20.00000000000019,20.00000000000019,0.0,0.0
21.349999999999998,2.3000000005172305,3.215010239982874e-06,0.0,850.6672202228622,156.99999999999997,0.0,0.0,3.3307327492698655e-05,0.0,0.0,0.0,0.0,0.0,20.00000000000021,20.00000000000021,0.0,0.0
21.358333333333334,2.3000000005172296,3.215010239982874e-06,0.0,850.666222142902,156.99999999999997,0.0,0.0,3.323261892476285e-05,0.0,0.0,0.0,0.0,0.0,20.00000000000019,20.00000000000019,0.0,0.0
21.366666666666667,2.3000000005172283,3.215010239982874e-06,0.0,850.6652263007921,156.99999999999997,0.0,0.0,3.315813362003964e-05,0.0,0.0,0.0,0.0,0.0,20.000000000000174,20.000000000000174,0.0,0.0
21.375,2.3000000005172274,3.215010239982874e-06,0.0,850.6642326898473,156.99999999999997,0.0,0.0,3.3083870745144094e-05,0.0,0.0,0.0,0.0,0.0,20.000000000000174,20.000000000000174,0.0,0.0
21.383333333333333,2.300000000517226,3.215010239982874e-06,0.0,850.6632413034072,156.99999999999997,0.0,0.0,3.300982947037931e-05,0.0,0.0,0.0,0.0,0.0,20.000000000000178,20.000000000000178,0.0,0.0
21.391666666666666,2.3000000005172248,3.215010239982874e-06,0.0,850.6622521348365,156.99999999999997,0.0,0.0,3.2936008969814804e-05,0.0,0.0,0.0,0.0,0.0,20.000000000000185,20.000000000000185,0.0,0.0
21.400000000000002,2.300000000517224,3.215010239982874e-06,0.0,850.6612651775245,156.99999999999997,0.0,0.0,3.286240842121571e-05,0.0,0.0,0.0,0.0,0.0,20.000000000000192,20.000000000000192,0.0,0.0
21.40833333333333,2.3000000005172225,3.215010239982874e-06,0.0,850.6602804248851,156.99999999999997,0.0,0.0,3.278902700594241e-05,0.0,0.0,0.0,0.0,0.0,20.00000000000019,20.00000000000019,0.0,0.0
21.416666666666668,2.3000000005172216,3.215010239982874e-06,0.0,850.6592978703568,156.99999999999997,0.0,0.0,3.2715863909058875e-05,0.0,0.0,0.0,0.0,0.0,20.00000000000018,20.00000000000018,0.0,0.0
21.425,2.3000000005172203,3.215010239982874e-06,0.0,850.6583175074023,156.99999999999997,0.0,0.0,3.2642918319291897e-05,0.0,0.0,0.0,0.0,0.0,20.000000000000192,20.000000000000192,0.0,0.0
21.433333333333334,2.3000000005172194,3.215010239982874e-06,0.0,850.6573393295089,156.99999999999997,0.0,0.0,3.257018942896073e-05,0.0,0.0,0.0,0.0,0.0,20.0000000000002,20.0000000000002,0.0,0.0
21.441666666666666,2.300000000517218,3.215010239982874e-06,0.0,850.6563633301878,156.99999999999997,0.0,0.0,3.2497676433936795e-05,0.0,0.0,0.0,0.0,0.0,20.000000000000192,20.000000000000192,0.0,0.0
21.450000000000003,2.300000000517217,3.215010239982874e-06,0.0,850.6553895029743,156.99999999999997,0.0,0.0,3.242537853369242e-05,0.0,0.0,0.0,0.0,0.0,20.000000000000185,20.000000000000185,0.0,0.0
21.458333333333332,2.300000000517216,3.215010239982874e-06,0.0,850.6544178414279,156.99999999999997,0.0,0.0,3.235329493134945e-05,0.0,0.0,0.0,0.0,0.0,20.0000000000002,20.0000000000002,0.0,0.0
21.46666666666667,2.300000000517215,3.215010239982874e-06,0.0,850.6534483391315,156.99999999999997,0.0,0.0,3.2281424833431426e-05,0.0,0.0,0.0,0.0,0.0,20.0000000000002,20.0000000000002,0.0,0.0
21.475,2.3000000005172136,3.215010239982874e-06,0.0,850.6524809896923,156.99999999999997,0.0,0.0,3.2209767450031154e-05,0.0,0.0,0.0,0.0,0.0,20.000000000000185,20.000000000000185,0.0,0.0
21.483333333333334,2.3000000005172128,3.215010239982874e-06,0.0,850.6515157867407,156.99999999999997,0.0,0.0,3.2138321994829694e-05,0.0,0.0,0.0,0.0,0.0,20.00000000000017,20.00000000000017,0.0,0.0
21.491666666666667,2.3000000005172114,3.215010239982874e-06,0.0,850.6505527239308,156.99999999999997,0.0,0.0,3.206708768487879e-05,0.0,0.0,0.0,0.0,0.0,20.000000000000156,20.000000000000156,0.0,0.0
21.5,2.3000000005172105,3.215010239982874e-06,0.0,850.6495917949402,156.99999999999997,0.0,0.0,3.1996063740738677e-05,0.0,0.0,0.0,0.0,0.0,20.00000000000015,20.00000000000015,0.0,0.0
21.508333333333333,2.300000000517209,3.215010239982874e-06,0.0,850.6486329934697,156.99999999999997,0.0,0.0,3.192524938646764e-05,0.0,0.0,0.0,0.0,0.0,20.00000000000016,20.00000000000016,0.0,0.0
21.516666666666666,2.3000000005172083,3.215010239982874e-06,0.0,850.6476763132436,156.99999999999997,0.0,0.0,3.185464384949373e-05,0.0,0.0,0.0,0.0,0.0,20.000000000000156,20.000000000000156,0.0,0.0
21.525,2.300000000517207,3.215010239982874e-06,0.0,850.6467217480088,156.99999999999997,0.0,0.0,3.1784246360663795e-05,0.0,0.0,0.0,0.0,0.0,20.000000000000156,20.000000000000156,0.0,0.0
21.533333333333335,2.300000000517206,3.215010239982874e-06,0.0,850.6457692915358,156.99999999999997,0.0,0.0,3.17140561542334e-05,0.0,0.0,0.0,0.0,0.0,20.000000000000153,20.000000000000153,0.0,0.0
21.541666666666664,2.3000000005172048,3.215010239982874e-06,0.0,850.6448189376175,156.99999999999997,0.0,0.0,3.164407246788617e-05,0.0,0.0,0.0,0.0,0.0,20.00000000000016,20.00000000000016,0.0,0.0
21.55,2.300000000517204,3.215010239982874e-06,0.0,850.6438706800701,156.99999999999997,0.0,0.0,3.15742945426061e-05,0.0,0.0,0.0,0.0,0.0,20.000000000000163,20.000000000000163,0.0,0.0
21.558333333333334,2.3000000005172025,3.215010239982874e-06,0.0,850.6429245127323,156.99999999999997,0.0,0.0,3.150472162272662e-05,0.0,0.0,0.0,0.0,0.0,20.000000000000156,20.000000000000156,0.0,0.0
21.566666666666666,2.3000000005172017,3.215010239982874e-06,0.0,850.6419804294653,156.99999999999997,0.0,0.0,3.1435352955920756e-05,0.0,0.0,0.0,0.0,0.0,20.00000000000015,20.00000000000015,0.0,0.0
21.575,2.3000000005172003,3.215010239982874e-06,0.0,850.6410384241531,156.99999999999997,0.0,0.0,3.136618779319132e-05,0.0,0.0,0.0,0.0,0.0,20.000000000000167,20.000000000000167,0.0,0.0
21.583333333333336,2.3000000005171994,3.215010239982874e-06,0.0,850.6400984907018,156.99999999999997,0.0,0.0,3.129722538883177e-05,0.0,0.0,0.0,0.0,0.0,20.000000000000153,20.000000000000153,0.0,0.0
21.591666666666665,2.3000000005171986,3.215010239982874e-06,0.0,850.63916062304,156.99999999999997,0.0,0.0,3.122846500035804e-05,0.0,0.0,0.0,0.0,0.0,20.00000000000014,20.00000000000014,0.0,0.0
21.6,2.300000000517197,3.215010239982874e-06,0.0,850.6382248151185,156.99999999999997,0.0,0.0,3.115990588861615e-05,0.0,0.0,0.0,0.0,0.0,20.00000000000013,20.00000000000013,0.0,0.0
21.608333333333334,2.3000000005171963,3.215010239982874e-06,0.0,850.6372910609105,156.99999999999997,0.0,0.0,3.109154731765545e-05,0.0,0.0,0.0,0.0,0.0,20.00000000000013,20.00000000000013,0.0,0.0
21.616666666666667,2.300000000517195,3.215010239982874e-06,0.0,850.6363593544105,156.99999999999997,0.0,0.0,3.1023388554748466e-05,0.0,0.0,0.0,0.0,0.0,20.000000000000135,20.000000000000135,0.0,0.0
21.625,2.300000000517194,3.215010239982874e-06,0.0,850.6354296896357,156.99999999999997,0.0,0.0,3.095542887041072e-05,0.0,0.0,0.0,0.0,0.0,20.000000000000142,20.000000000000142,0.0,0.0
21.633333333333333,2.300000000517193,3.215010239982874e-06,0.0,850.6345020606248,156.99999999999997,0.0,0.0,3.088766753833284e-05,0.0,0.0,0.0,0.0,0.0,20.00000000000016,20.00000000000016,0.0,0.0
21.641666666666666,2.300000000517192,3.215010239982874e-06,0.0,850.6335764614381,156.99999999999997,0.0,0.0,3.082010383540045e-05,0.0,0.0,0.0,0.0,0.0,20.00000000000016,20.00000000000016,0.0,0.0
21.65,2.300000000517191,3.215010239982874e-06,0.0,850.6326528861579,156.99999999999997,0.0,0.0,3.075273704159741e-05,0.0,0.0,0.0,0.0,0.0,20.00000000000016,20.00000000000016,0.0,0.0
21.65833333333333,2.3000000005171897,3.215010239982874e-06,0.0,850.6317313288878,156.99999999999997,0.0,0.0,3.068556644014248e-05,0.0,0.0,0.0,0.0,0.0,20.000000000000167,20.000000000000167,0.0,0.0
21.666666666666668,2.300000000517189,3.215010239982874e-06,0.0,850.6308117837528,156.99999999999997,0.0,0.0,3.061859131730514e-05,0.0,0.0,0.0,0.0,0.0,20.000000000000174,20.000000000000174,0.0,0.0
21.674999999999997,2.300000000517188,3.215010239982874e-06,0.0,850.6298942448996,156.99999999999997,0.0,0.0,3.055181096251318e-05,0.0,0.0,0.0,0.0,0.0,20.00000000000017,20.00000000000017,0.0,0.0
21.683333333333334,2.3000000005171866,3.215010239982874e-06,0.0,850.6289787064959,156.99999999999997,0.0,0.0,3.0485224668285268e-05,0.0,0.0,0.0,0.0,0.0,20.00000000000017,20.00000000000017,0.0,0.0
21.691666666666666,2.3000000005171857,3.215010239982874e-06,0.0,850.6280651627305,156.99999999999997,0.0,0.0,3.041883173019299e-05,0.0,0.0,0.0,0.0,0.0,20.00000000000016,20.00000000000016,0.0,0.0
21.7,2.300000000517185,3.215010239982874e-06,0.0,850.6271536078136,156.99999999999997,0.0,0.0,3.035263144693903e-05,0.0,0.0,0.0,0.0,0.0,20.00000000000017,20.00000000000017,0.0,0.0
21.708333333333332,2.3000000005171835,3.215010239982874e-06,0.0,850.626244035976,156.99999999999997,0.0,0.0,3.028662312020306e-05,0.0,0.0,0.0,0.0,0.0,20.000000000000174,20.000000000000174,0.0,0.0
21.71666666666667,2.3000000005171826,3.215010239982874e-06,0.0,850.6253364414698,156.99999999999997,0.0,0.0,3.0220806054778017e-05,0.0,0.0,0.0,0.0,0.0,20.000000000000163,20.000000000000163,0.0,0.0
21.724999999999998,2.3000000005171812,3.215010239982874e-06,0.0,850.6244308185677,156.99999999999997,0.0,0.0,3.0155179558358364e-05,0.0,0.0,0.0,0.0,0.0,20.000000000000167,20.000000000000167,0.0,0.0
21.733333333333334,2.3000000005171803,3.215010239982874e-06,0.0,850.6235271615631,156.99999999999997,0.0,0.0,3.0089742941763207e-05,0.0,0.0,0.0,0.0,0.0,20.00000000000017,20.00000000000017,0.0,0.0
21.741666666666667,2.3000000005171795,3.215010239982874e-06,0.0,850.62262546477,156.99999999999997,0.0,0.0,3.002449551875371e-05,0.0,0.0,0.0,0.0,0.0,20.000000000000174,20.000000000000174,0.0,0.0
21.75,2.300000000517178,3.215010239982874e-06,0.0,850.6217257225231,156.99999999999997,0.0,0.0,2.995943660605351e-05,0.0,0.0,0.0,0.0,0.0,20.00000000000017,20.00000000000017,0.0,0.0
21.758333333333333,2.3000000005171772,3.215010239982874e-06,0.0,850.6208279291775,156.99999999999997,0.0,0.0,2.9894565523369004e-05,0.0,0.0,0.0,0.0,0.0,20.000000000000167,20.000000000000167,0.0,0.0
21.766666666666666,2.3000000005171763,3.215010239982874e-06,0.0,850.6199320791087,156.99999999999997,0.0,0.0,2.9829881593294218e-05,0.0,0.0,0.0,0.0,0.0,20.000000000000192,20.000000000000192,0.0,0.0
21.775000000000002,2.300000000517175,3.215010239982874e-06,0.0,850.6190381667122,156.99999999999997,0.0,0.0,2.9765384141446595e-05,0.0,0.0,0.0,0.0,0.0,20.000000000000195,20.000000000000195,0.0,0.0
21.78333333333333,2.300000000517174,3.215010239982874e-06,0.0,850.6181461864041,156.99999999999997,0.0,0.0,2.970107249628541e-05,0.0,0.0,0.0,0.0,0.0,20.000000000000195,20.000000000000195,0.0,0.0
21.791666666666668,2.3000000005171732,3.215010239982874e-06,0.0,850.6172561326204,156.99999999999997,0.0,0.0,2.9636945989189955e-05,0.0,0.0,0.0,0.0,0.0,20.000000000000192,20.000000000000192,0.0,0.0
21.8,2.3000000005171723,3.215010239982874e-06,0.0,850.6163679998169,156.99999999999997,0.0,0.0,2.9573003954422384e-05,0.0,0.0,0.0,0.0,0.0,20.000000000000192,20.000000000000192,0.0,0.0
21.808333333333334,2.300000000517171,3.215010239982874e-06,0.0,850.6154817824698,156.99999999999997,0.0,0.0,2.9509245729148114e-05,0.0,0.0,0.0,0.0,0.0,20.00000000000019,20.00000000000019,0.0,0.0
21.816666666666666,2.30000000051717,3.215010239982874e-06,0.0,850.6145974750748,156.99999999999997,0.0,0.0,2.9445670653312602e-05,0.0,0.0,0.0,0.0,0.0,20.00000000000019,20.00000000000019,0.0,0.0
21.825000000000003,2.3000000005171692,3.215010239982874e-06,0.0,850.6137150721474,156.99999999999997,0.0,0.0,2.93822780697769e-05,0.0,0.0,0.0,0.0,0.0,20.000000000000192,20.000000000000192,0.0,0.0
21.833333333333332,2.300000000517168,3.215010239982874e-06,0.0,850.6128345682228,156.99999999999997,0.0,0.0,2.931906732422317e-05,0.0,0.0,0.0,0.0,0.0,20.00000000000019,20.00000000000019,0.0,0.0
21.84166666666667,2.300000000517167,3.215010239982874e-06,0.0,850.6119559578559,156.99999999999997,0.0,0.0,2.9256037765089307e-05,0.0,0.0,0.0,0.0,0.0,20.000000000000195,20.000000000000195,0.0,0.0
21.85,2.300000000517166,3.215010239982874e-06,0.0,850.611079235621,156.99999999999997,0.0,0.0,2.919318874364696e-05,0.0,0.0,0.0,0.0,0.0,20.0000000000002,20.0000000000002,0.0,0.0
21.858333333333334,2.3000000005171652,3.215010239982874e-06,0.0,850.6102043961116,156.99999999999997,0.0,0.0,2.91305196139934e-05,0.0,0.0,0.0,0.0,0.0,20.0000000000002,20.0000000000002,0.0,0.0
21.866666666666667,2.300000000517164,3.215010239982874e-06,0.0,850.6093314339412,156.99999999999997,0.0,0.0,2.906802973292901e-05,0.0,0.0,0.0,0.0,0.0,20.000000000000195,20.000000000000195,0.0,0.0
21.875,2.300000000517163,3.215010239982874e-06,0.0,850.6084603437416,156.99999999999997,0.0,0.0,2.9005718460063894e-05,0.0,0.0,0.0,0.0,0.0,20.00000000000018,20.00000000000018,0.0,0.0
21.883333333333333,2.300000000517162,3.215010239982874e-06,0.0,850.6075911201647,156.99999999999997,0.0,0.0,2.894358515772415e-05,0.0,0.0,0.0,0.0,0.0,20.000000000000185,20.000000000000185,0.0,0.0
21.891666666666666,2.3000000005171612,3.215010239982874e-06,0.0,850.6067237578809,156.99999999999997,0.0,0.0,2.8881629190944097e-05,0.0,0.0,0.0,0.0,0.0,20.000000000000192,20.000000000000192,0.0,0.0
21.9,2.30000000051716,3.215010239982874e-06,0.0,850.6058582515798,156.99999999999997,0.0,0.0,2.881984992754416e-05,0.0,0.0,0.0,0.0,0.0,20.000000000000178,20.000000000000178,0.0,0.0
21.908333333333335,2.300000000517159,3.215010239982874e-06,0.0,850.6049945959699,156.99999999999997,0.0,0.0,2.8758246737980326e-05,0.0,0.0,0.0,0.0,0.0,20.000000000000167,20.000000000000167,0.0,0.0
21.916666666666664,2.300000000517158,3.215010239982874e-06,0.0,850.6041327857786,156.99999999999997,0.0,0.0,2.8696818995450608e-05,0.0,0.0,0.0,0.0,0.0,20.000000000000185,20.000000000000185,0.0,0.0
21.925,2.3000000005171573,3.215010239982874e-06,0.0,850.6032728157518,156.99999999999997,0.0,0.0,2.863556607577338e-05,0.0,0.0,0.0,0.0,0.0,20.000000000000206,20.000000000000206,0.0,0.0
21.933333333333334,2.300000000517156,3.215010239982874e-06,0.0,850.6024146806546,156.99999999999997,0.0,0.0,2.857448735746524e-05,0.0,0.0,0.0,0.0,0.0,20.000000000000203,20.000000000000203,0.0,0.0
21.941666666666666,2.300000000517155,3.215010239982874e-06,0.0,850.6015583752703,156.99999999999997,0.0,0.0,2.85135822216765e-05,0.0,0.0,0.0,0.0,0.0,20.0000000000002,20.0000000000002,0.0,0.0
21.95,2.300000000517154,3.215010239982874e-06,0.0,850.6007038944008,156.99999999999997,0.0,0.0,2.8452850052212066e-05,0.0,0.0,0.0,0.0,0.0,20.000000000000206,20.000000000000206,0.0,0.0
21.958333333333336,2.3000000005171533,3.215010239982874e-06,0.0,850.5998512328664,156.99999999999997,0.0,0.0,2.8392290235523916e-05,0.0,0.0,0.0,0.0,0.0,20.000000000000206,20.000000000000206,0.0,0.0
21.966666666666665,2.3000000005171524,3.215010239982874e-06,0.0,850.5990003855059,156.99999999999997,0.0,0.0,2.8331902160561784e-05,0.0,0.0,0.0,0.0,0.0,20.000000000000203,20.000000000000203,0.0,0.0
21.975,2.300000000517151,3.215010239982874e-06,0.0,850.5981513471764,156.99999999999997,0.0,0.0,2.8271685219021143e-05,0.0,0.0,0.0,0.0,0.0,20.000000000000213,20.000000000000213,0.0,0.0
21.983333333333334,2.30000000051715,3.215010239982874e-06,0.0,850.5973041127531,156.99999999999997,0.0,0.0,2.8211638805108818e-05,0.0,0.0,0.0,0.0,0.0,20.00000000000021,20.00000000000021,0.0,0.0
21.991666666666667,2.3000000005171493,3.215010239982874e-06,0.0,850.5964586771294,156.99999999999997,0.0,0.0,2.8151762315535924e-05,0.0,0.0,0.0,0.0,0.0,20.000000000000213,20.000000000000213,0.0,0.0
22.0,2.3000000005171484,3.215010239982874e-06,0.0,850.5956150352166,156.99999999999997,0.0,0.0,2.8092055149737e-05,0.0,0.0,0.0,0.0,0.0,20.000000000000213,20.000000000000213,0.0,0.0
22.008333333333333,2.3000000005171475,3.215010239982874e-06,0.0,850.5947731819442,156.99999999999997,0.0,0.0,2.8032516709523142e-05,0.0,0.0,0.0,0.0,0.0,20.000000000000206,20.000000000000206,0.0,0.0
22.016666666666666,2.300000000517146,3.215010239982874e-06,0.0,850.5939331122597,156.99999999999997,0.0,0.0,2.797314639935776e-05,0.0,0.0,0.0,0.0,0.0,20.000000000000203,20.000000000000203,0.0,0.0
22.025,2.3000000005171453,3.215010239982874e-06,0.0,850.593094821128,156.99999999999997,0.0,0.0,2.7913943626151462e-05,0.0,0.0,0.0,0.0,0.0,20.00000000000022,20.00000000000022,0.0,0.0
22.03333333333333,2.3000000005171444,3.215010239982874e-06,0.0,850.5922583035322,156.99999999999997,0.0,0.0,2.7854907799396206e-05,0.0,0.0,0.0,0.0,0.0,20.000000000000195,20.000000000000195,0.0,0.0
22.041666666666668,2.3000000005171435,3.215010239982874e-06,0.0,850.5914235544726,156.99999999999997,0.0,0.0,2.7796038330988905e-05,0.0,0.0,0.0,0.0,0.0,20.000000000000195,20.000000000000195,0.0,0.0
22.049999999999997,2.3000000005171426,3.215010239982874e-06,0.0,850.5905905689676,156.99999999999997,0.0,0.0,2.773733463536547e-05,0.0,0.0,0.0,0.0,0.0,20.000000000000195,20.000000000000195,0.0,0.0
22.058333333333334,2.3000000005171417,3.215010239982874e-06,0.0,850.5897593420528,156.99999999999997,0.0,0.0,2.767879612946551e-05,0.0,0.0,0.0,0.0,0.0,20.00000000000019,20.00000000000019,0.0,0.0
22.066666666666666,2.3000000005171404,3.215010239982874e-06,0.0,850.5889298687816,156.99999999999997,0.0,0.0,2.762042223264088e-05,0.0,0.0,0.0,0.0,0.0,20.000000000000185,20.000000000000185,0.0,0.0
22.075,2.3000000005171395,3.215010239982874e-06,0.0,850.5881021442243,156.99999999999997,0.0,0.0,2.756221236664895e-05,0.0,0.0,0.0,0.0,0.0,20.00000000000017,20.00000000000017,0.0,0.0
22.083333333333332,2.3000000005171386,3.215010239982874e-06,0.0,850.5872761634689,156.99999999999997,0.0,0.0,2.7504165955786246e-05,0.0,0.0,0.0,0.0,0.0,20.00000000000017,20.00000000000017,0.0,0.0
22.09166666666667,2.3000000005171377,3.215010239982874e-06,0.0,850.5864519216204,156.99999999999997,0.0,0.0,2.7446282426684844e-05,0.0,0.0,0.0,0.0,0.0,20.000000000000174,20.000000000000174,0.0,0.0
22.099999999999998,2.300000000517137,3.215010239982874e-06,0.0,850.5856294138011,156.99999999999997,0.0,0.0,2.7388561208474094e-05,0.0,0.0,0.0,0.0,0.0,20.000000000000156,20.000000000000156,0.0,0.0
22.108333333333334,2.300000000517136,3.215010239982874e-06,0.0,850.5848086351505,156.99999999999997,0.0,0.0,2.733100173254943e-05,0.0,0.0,0.0,0.0,0.0,20.00000000000016,20.00000000000016,0.0,0.0
22.116666666666667,2.300000000517135,3.215010239982874e-06,0.0,850.5839895808247,156.99999999999997,0.0,0.0,2.7273603432874057e-05,0.0,0.0,0.0,0.0,0.0,20.000000000000153,20.000000000000153,0.0,0.0
22.125,2.300000000517134,3.215010239982874e-06,0.0,850.583172245997,156.99999999999997,0.0,0.0,2.7216365745607928e-05,0.0,0.0,0.0,0.0,0.0,20.000000000000153,20.000000000000153,0.0,0.0
22.133333333333333,2.300000000517133,3.215010239982874e-06,0.0,850.582356625858,156.99999999999997,0.0,0.0,2.715928810940928e-05,0.0,0.0,0.0,0.0,0.0,20.00000000000015,20.00000000000015,0.0,0.0
22.141666666666666,2.300000000517132,3.215010239982874e-06,0.0,850.5815427156143,156.99999999999997,0.0,0.0,2.7102369965204013e-05,0.0,0.0,0.0,0.0,0.0,20.000000000000146,20.000000000000146,0.0,0.0
22.150000000000002,2.300000000517131,3.215010239982874e-06,0.0,850.5807305104898,156.99999999999997,0.0,0.0,2.7045610756319013e-05,0.0,0.0,0.0,0.0,0.0,20.000000000000135,20.000000000000135,0.0,0.0
22.15833333333333,2.30000000051713,3.215010239982874e-06,0.0,850.579920005725,156.99999999999997,0.0,0.0,2.6989009928363817e-05,0.0,0.0,0.0,0.0,0.0,20.000000000000135,20.000000000000135,0.0,0.0
22.166666666666668,2.3000000005171293,3.215010239982874e-06,0.0,850.5791111965766,156.99999999999997,0.0,0.0,2.6932566929307884e-05,0.0,0.0,0.0,0.0,0.0,20.00000000000015,20.00000000000015,0.0,0.0
22.175,2.3000000005171284,3.215010239982874e-06,0.0,850.5783040783183,156.99999999999997,0.0,0.0,2.6876281209418295e-05,0.0,0.0,0.0,0.0,0.0,20.00000000000013,20.00000000000013,0.0,0.0
22.183333333333334,2.3000000005171275,3.215010239982874e-06,0.0,850.5774986462402,156.99999999999997,0.0,0.0,2.6820152221225493e-05,0.0,0.0,0.0,0.0,0.0,20.00000000000013,20.00000000000013,0.0,0.0
22.191666666666666,2.3000000005171266,3.215010239982874e-06,0.0,850.5766948956484,156.99999999999997,0.0,0.0,2.6764179419572634e-05,0.0,0.0,0.0,0.0,0.0,20.000000000000124,20.000000000000124,0.0,0.0
22.200000000000003,2.3000000005171257,3.215010239982874e-06,0.0,850.5758928218659,156.99999999999997,0.0,0.0,2.6708362261553545e-05,0.0,0.0,0.0,0.0,0.0,20.000000000000103,20.000000000000103,0.0,0.0
22.208333333333332,2.300000000517125,3.215010239982874e-06,0.0,850.5750924202313,156.99999999999997,0.0,0.0,2.6652700206589818e-05,0.0,0.0,0.0,0.0,0.0,20.000000000000096,20.000000000000096,0.0,0.0
22.21666666666667,2.300000000517124,3.215010239982874e-06,0.0,850.5742936861,156.99999999999997,0.0,0.0,2.6597192716285458e-05,0.0,0.0,0.0,0.0,0.0,20.00000000000009,20.00000000000009,0.0,0.0
22.225,2.3000000005171226,3.215010239982874e-06,0.0,850.5734966148431,156.99999999999997,0.0,0.0,2.6541839254504135e-05,0.0,0.0,0.0,0.0,0.0,20.000000000000096,20.000000000000096,0.0,0.0
22.233333333333334,2.3000000005171217,3.215010239982874e-06,0.0,850.5727012018478,156.99999999999997,0.0,0.0,2.6486639287362854e-05,0.0,0.0,0.0,0.0,0.0,20.000000000000068,20.000000000000068,0.0,0.0
22.241666666666667,2.300000000517121,3.215010239982874e-06,0.0,850.5719074425177,156.99999999999997,0.0,0.0,2.643159228314261e-05,0.0,0.0,0.0,0.0,0.0,20.000000000000085,20.000000000000085,0.0,0.0
22.25,2.30000000051712,3.215010239982874e-06,0.0,850.5711153322718,156.99999999999997,0.0,0.0,2.637669771242083e-05,0.0,0.0,0.0,0.0,0.0,20.000000000000068,20.000000000000068,0.0,0.0
22.258333333333333,2.300000000517119,3.215010239982874e-06,0.0,850.570324866545,156.99999999999997,0.0,0.0,2.6321955047871293e-05,0.0,0.0,0.0,0.0,0.0,20.000000000000075,20.000000000000075,0.0,0.0
22.266666666666666,2.300000000517118,3.215010239982874e-06,0.0,850.5695360407883,156.99999999999997,0.0,0.0,2.6267363764424267e-05,0.0,0.0,0.0,0.0,0.0,20.000000000000075,20.000000000000075,0.0,0.0
22.275,2.3000000005171173,3.215010239982874e-06,0.0,850.5687488504683,156.99999999999997,0.0,0.0,2.6212923339177356e-05,0.0,0.0,0.0,0.0,0.0,20.000000000000096,20.000000000000096,0.0,0.0
22.283333333333335,2.3000000005171164,3.215010239982874e-06,0.0,850.567963291067,156.99999999999997,0.0,0.0,2.6158633251389486e-05,0.0,0.0,0.0,0.0,0.0,20.000000000000096,20.000000000000096,0.0,0.0
22.291666666666664,2.3000000005171155,3.215010239982874e-06,0.0,850.5671793580824,156.99999999999997,0.0,0.0,2.610449298247496e-05,0.0,0.0,0.0,0.0,0.0,20.000000000000092,20.000000000000092,0.0,0.0
22.3,2.3000000005171146,3.215010239982874e-06,0.0,850.5663970470276,156.99999999999997,0.0,0.0,2.6050502015942342e-05,0.0,0.0,0.0,0.0,0.0,20.000000000000085,20.000000000000085,0.0,0.0
22.308333333333334,2.3000000005171137,3.215010239982874e-06,0.0,850.5656163534316,156.99999999999997,0.0,0.0,2.5996659837526496e-05,0.0,0.0,0.0,0.0,0.0,20.0000000000001,20.0000000000001,0.0,0.0
22.316666666666666,2.300000000517113,3.215010239982874e-06,0.0,850.5648372728385,156.99999999999997,0.0,0.0,2.594296593501716e-05,0.0,0.0,0.0,0.0,0.0,20.000000000000114,20.000000000000114,0.0,0.0
22.325,2.300000000517112,3.215010239982874e-06,0.0,850.5640598008076,156.99999999999997,0.0,0.0,2.5889419798335887e-05,0.0,0.0,0.0,0.0,0.0,20.000000000000124,20.000000000000124,0.0,0.0
22.333333333333336,2.300000000517111,3.215010239982874e-06,0.0,850.563283932914,156.99999999999997,0.0,0.0,2.5836020919557676e-05,0.0,0.0,0.0,0.0,0.0,20.000000000000128,20.000000000000128,0.0,0.0
22.341666666666665,2.30000000051711,3.215010239982874e-06,0.0,850.5625096647475,156.99999999999997,0.0,0.0,2.5782768792795072e-05,0.0,0.0,0.0,0.0,0.0,20.000000000000142,20.000000000000142,0.0,0.0
22.35,2.3000000005171093,3.215010239982874e-06,0.0,850.5617369919132,156.99999999999997,0.0,0.0,2.572966291422007e-05,0.0,0.0,0.0,0.0,0.0,20.000000000000156,20.000000000000156,0.0,0.0
22.358333333333334,2.3000000005171084,3.215010239982874e-06,0.0,850.5609659100315,156.99999999999997,0.0,0.0,2.5676702782140804e-05,0.0,0.0,0.0,0.0,0.0,20.000000000000174,20.000000000000174,0.0,0.0
22.366666666666667,2.3000000005171075,3.215010239982874e-06,0.0,850.5601964147374,156.99999999999997,0.0,0.0,2.5623887896913367e-05,0.0,0.0,0.0,0.0,0.0,20.000000000000178,20.000000000000178,0.0,0.0
22.375,2.3000000005171066,3.215010239982874e-06,0.0,850.5594285016813,156.99999999999997,0.0,0.0,2.55712177609362e-05,0.0,0.0,0.0,0.0,0.0,20.00000000000019,20.00000000000019,0.0,0.0
22.383333333333333,2.3000000005171057,3.215010239982874e-06,0.0,850.558662166528,156.99999999999997,0.0,0.0,2.5518691878671883e-05,0.0,0.0,0.0,0.0,0.0,20.000000000000206,20.000000000000206,0.0,0.0
22.391666666666666,2.300000000517105,3.215010239982874e-06,0.0,850.5578974049578,156.99999999999997,0.0,0.0,2.5466309756559364e-05,0.0,0.0,0.0,0.0,0.0,20.000000000000234,20.000000000000234,0.0,0.0
22.4,2.300000000517104,3.215010239982874e-06,0.0,850.557134212665,156.99999999999997,0.0,0.0,2.541407090314534e-05,0.0,0.0,0.0,0.0,0.0,20.000000000000252,20.000000000000252,0.0,0.0
22.40833333333333,2.300000000517103,3.215010239982874e-06,0.0,850.5563725853593,156.99999999999997,0.0,0.0,2.5361974828914432e-05,0.0,0.0,0.0,0.0,0.0,20.000000000000245,20.000000000000245,0.0,0.0
22.416666666666668,2.300000000517102,3.215010239982874e-06,0.0,850.5556125187646,156.99999999999997,0.0,0.0,2.531002104644783e-05,0.0,0.0,0.0,0.0,0.0,20.00000000000024,20.00000000000024,0.0,0.0
22.424999999999997,2.3000000005171013,3.215010239982874e-06,0.0,850.5548540086197,156.99999999999997,0.0,0.0,2.5258209070199146e-05,0.0,0.0,0.0,0.0,0.0,20.00000000000024,20.00000000000024,0.0,0.0
22.433333333333334,2.3000000005171004,3.215010239982874e-06,0.0,850.5540970506777,156.99999999999997,0.0,0.0,2.5206538416734844e-05,0.0,0.0,0.0,0.0,0.0,20.000000000000238,20.000000000000238,0.0,0.0
22.441666666666666,2.3000000005170995,3.215010239982874e-06,0.0,850.5533416407062,156.99999999999997,0.0,0.0,2.5155008604510353e-05,0.0,0.0,0.0,0.0,0.0,20.000000000000256,20.000000000000256,0.0,0.0
22.45,2.3000000005170986,3.215010239982874e-06,0.0,850.5525877744874,156.99999999999997,0.0,0.0,2.5103619153973937e-05,0.0,0.0,0.0,0.0,0.0,20.00000000000027,20.00000000000027,0.0,0.0
22.458333333333332,2.3000000005170977,3.215010239982874e-06,0.0,850.5518354478177,156.99999999999997,0.0,0.0,2.5052369587561215e-05,0.0,0.0,0.0,0.0,0.0,20.000000000000274,20.000000000000274,0.0,0.0
22.46666666666667,2.300000000517097,3.215010239982874e-06,0.0,850.5510846565078,156.99999999999997,0.0,0.0,2.5001259429635357e-05,0.0,0.0,0.0,0.0,0.0,20.000000000000256,20.000000000000256,0.0,0.0
22.474999999999998,2.300000000517096,3.215010239982874e-06,0.0,850.5503353963827,156.99999999999997,0.0,0.0,2.4950288206454656e-05,0.0,0.0,0.0,0.0,0.0,20.00000000000027,20.00000000000027,0.0,0.0
22.483333333333334,2.3000000005170955,3.215010239982874e-06,0.0,850.5495876632815,156.99999999999997,0.0,0.0,2.4899455446276054e-05,0.0,0.0,0.0,0.0,0.0,20.00000000000027,20.00000000000027,0.0,0.0
22.491666666666667,2.3000000005170946,3.215010239982874e-06,0.0,850.5488414530577,156.99999999999997,0.0,0.0,2.4848760679241096e-05,0.0,0.0,0.0,0.0,0.0,20.000000000000277,20.000000000000277,0.0,0.0
22.5,2.3000000005170937,3.215010239982874e-06,0.0,850.5480967615783,156.99999999999997,0.0,0.0,2.479820343742508e-05,0.0,0.0,0.0,0.0,0.0,20.000000000000266,20.000000000000266,0.0,0.0
22.508333333333333,2.300000000517093,3.215010239982874e-06,0.0,850.547353584725,156.99999999999997,0.0,0.0,2.474778325477758e-05,0.0,0.0,0.0,0.0,0.0,20.000000000000252,20.000000000000252,0.0,0.0
22.516666666666666,2.300000000517092,3.215010239982874e-06,0.0,850.546611918393,156.99999999999997,0.0,0.0,2.4697499667171565e-05,0.0,0.0,0.0,0.0,0.0,20.000000000000252,20.000000000000252,0.0,0.0
22.525000000000002,2.300000000517091,3.215010239982874e-06,0.0,850.5458717584912,156.99999999999997,0.0,0.0,2.464735221234401e-05,0.0,0.0,0.0,0.0,0.0,20.000000000000266,20.000000000000266,0.0,0.0
22.53333333333333,2.30000000051709,3.215010239982874e-06,0.0,850.5451331009431,156.99999999999997,0.0,0.0,2.4597340429890876e-05,0.0,0.0,0.0,0.0,0.0,20.000000000000256,20.000000000000256,0.0,0.0
22.541666666666668,2.3000000005170893,3.215010239982874e-06,0.0,850.5443959416853,156.99999999999997,0.0,0.0,2.4547463861343187e-05,0.0,0.0,0.0,0.0,0.0,20.000000000000245,20.000000000000245,0.0,0.0
22.55,2.3000000005170884,3.215010239982874e-06,0.0,850.5436602766682,156.99999999999997,0.0,0.0,2.4497722050026665e-05,0.0,0.0,0.0,0.0,0.0,20.000000000000227,20.000000000000227,0.0,0.0
22.558333333333334,2.3000000005170875,3.215010239982874e-06,0.0,850.5429261018563,156.99999999999997,0.0,0.0,2.444811454111092e-05,0.0,0.0,0.0,0.0,0.0,20.000000000000224,20.000000000000224,0.0,0.0
22.566666666666666,2.3000000005170866,3.215010239982874e-06,0.0,850.5421934132273,156.99999999999997,0.0,0.0,2.4398640881685414e-05,0.0,0.0,0.0,0.0,0.0,20.00000000000022,20.00000000000022,0.0,0.0
22.575000000000003,2.3000000005170858,3.215010239982874e-06,0.0,850.5414622067727,156.99999999999997,0.0,0.0,2.4349300620565493e-05,0.0,0.0,0.0,0.0,0.0,20.00000000000021,20.00000000000021,0.0,0.0
22.583333333333332,2.3000000005170853,3.215010239982874e-06,0.0,850.5407324784974,156.99999999999997,0.0,0.0,2.43000933084764e-05,0.0,0.0,0.0,0.0,0.0,20.000000000000206,20.000000000000206,0.0,0.0
22.59166666666667,2.3000000005170844,3.215010239982874e-06,0.0,850.5400042244196,156.99999999999997,0.0,0.0,2.425101849788653e-05,0.0,0.0,0.0,0.0,0.0,20.0000000000002,20.0000000000002,0.0,0.0
22.6,2.3000000005170835,3.215010239982874e-06,0.0,850.5392774405711,156.99999999999997,0.0,0.0,2.4202075743164205e-05,0.0,0.0,0.0,0.0,0.0,20.00000000000019,20.00000000000019,0.0,0.0
22.608333333333334,2.3000000005170826,3.215010239982874e-06,0.0,850.5385521229971,156.99999999999997,0.0,0.0,2.4153264600357406e-05,0.0,0.0,0.0,0.0,0.0,20.000000000000206,20.000000000000206,0.0,0.0
22.616666666666667,2.3000000005170818,3.215010239982874e-06,0.0,850.5378282677559,156.99999999999997,0.0,0.0,2.410458462740428e-05,0.0,0.0,0.0,0.0,0.0,20.000000000000203,20.000000000000203,0.0,0.0
22.625,2.300000000517081,3.215010239982874e-06,0.0,850.5371058709193,156.99999999999997,0.0,0.0,2.405603538396689e-05,0.0,0.0,0.0,0.0,0.0,20.000000000000192,20.000000000000192,0.0,0.0
22.633333333333333,2.30000000051708,3.215010239982874e-06,0.0,850.5363849285719,156.99999999999997,0.0,0.0,2.400761643150711e-05,0.0,0.0,0.0,0.0,0.0,20.000000000000174,20.000000000000174,0.0,0.0
22.641666666666666,2.300000000517079,3.215010239982874e-06,0.0,850.5356654368118,156.99999999999997,0.0,0.0,2.3959327333228155e-05,0.0,0.0,0.0,0.0,0.0,20.000000000000174,20.000000000000174,0.0,0.0
22.65,2.3000000005170786,3.215010239982874e-06,0.0,850.5349473917497,156.99999999999997,0.0,0.0,2.391116765412351e-05,0.0,0.0,0.0,0.0,0.0,20.00000000000017,20.00000000000017,0.0,0.0
22.658333333333335,2.3000000005170778,3.215010239982874e-06,0.0,850.53423078951,156.99999999999997,0.0,0.0,2.386313696089177e-05,0.0,0.0,0.0,0.0,0.0,20.000000000000195,20.000000000000195,0.0,0.0
22.666666666666664,2.300000000517077,3.215010239982874e-06,0.0,850.5335156262296,156.99999999999997,0.0,0.0,2.381523482201239e-05,0.0,0.0,0.0,0.0,0.0,20.00000000000021,20.00000000000021,0.0,0.0
22.675,2.300000000517076,3.215010239982874e-06,0.0,850.5328018980583,156.99999999999997,0.0,0.0,2.376746080766064e-05,0.0,0.0,0.0,0.0,0.0,20.00000000000021,20.00000000000021,0.0,0.0
22.683333333333334,2.300000000517075,3.215010239982874e-06,0.0,850.532089601159,156.99999999999997,0.0,0.0,2.3719814489756565e-05,0.0,0.0,0.0,0.0,0.0,20.000000000000206,20.000000000000206,0.0,0.0
22.691666666666666,2.300000000517074,3.215010239982874e-06,0.0,850.5313787317074,156.99999999999997,0.0,0.0,2.3672295441933586e-05,0.0,0.0,0.0,0.0,0.0,20.000000000000213,20.000000000000213,0.0,0.0
22.7,2.3000000005170738,3.215010239982874e-06,0.0,850.5306692858917,156.99999999999997,0.0,0.0,2.3624903239507215e-05,0.0,0.0,0.0,0.0,0.0,20.000000000000217,20.000000000000217,0.0,0.0
22.708333333333336,2.300000000517073,3.215010239982874e-06,0.0,850.5299612599131,156.99999999999997,0.0,0.0,2.3577637459550628e-05,0.0,0.0,0.0,0.0,0.0,20.000000000000227,20.000000000000227,0.0,0.0
22.716666666666665,2.300000000517072,3.215010239982874e-06,0.0,850.5292546499854,156.99999999999997,0.0,0.0,2.3530497680756642e-05,0.0,0.0,0.0,0.0,0.0,20.000000000000245,20.000000000000245,0.0,0.0
22.725,2.300000000517071,3.215010239982874e-06,0.0,850.5285494523348,156.99999999999997,0.0,0.0,2.3483483483539986e-05,0.0,0.0,0.0,0.0,0.0,20.00000000000025,20.00000000000025,0.0,0.0
22.733333333333334,2.30000000051707,3.215010239982874e-06,0.0,850.5278456632003,156.99999999999997,0.0,0.0,2.34365944500327e-05,0.0,0.0,0.0,0.0,0.0,20.00000000000025,20.00000000000025,0.0,0.0
22.741666666666667,2.3000000005170693,3.215010239982874e-06,0.0,850.5271432788335,156.99999999999997,0.0,0.0,2.338983016391992e-05,0.0,0.0,0.0,0.0,0.0,20.000000000000238,20.000000000000238,0.0,0.0
22.75,2.300000000517069,3.215010239982874e-06,0.0,850.5264422954981,156.99999999999997,0.0,0.0,2.3343190210648478e-05,0.0,0.0,0.0,0.0,0.0,20.00000000000025,20.00000000000025,0.0,0.0
22.758333333333333,2.300000000517068,3.215010239982874e-06,0.0,850.5257427094705,156.99999999999997,0.0,0.0,2.32966741773159e-05,0.0,0.0,0.0,0.0,0.0,20.000000000000256,20.000000000000256,0.0,0.0
22.766666666666666,2.300000000517067,3.215010239982874e-06,0.0,850.5250445170393,156.99999999999997,0.0,0.0,2.325028165255982e-05,0.0,0.0,0.0,0.0,0.0,20.00000000000025,20.00000000000025,0.0,0.0
22.775,2.300000000517066,3.215010239982874e-06,0.0,850.5243477145057,156.99999999999997,0.0,0.0,2.3204012226792722e-05,0.0,0.0,0.0,0.0,0.0,20.00000000000025,20.00000000000025,0.0,0.0
22.78333333333333,2.3000000005170653,3.215010239982874e-06,0.0,850.5236522981827,156.99999999999997,0.0,0.0,2.3157865491985055e-05,0.0,0.0,0.0,0.0,0.0,20.00000000000025,20.00000000000025,0.0,0.0
22.791666666666668,2.300000000517065,3.215010239982874e-06,0.0,850.5229582643958,156.99999999999997,0.0,0.0,2.3111841041687628e-05,0.0,0.0,0.0,0.0,0.0,20.00000000000025,20.00000000000025,0.0,0.0
22.799999999999997,2.300000000517064,3.215010239982874e-06,0.0,850.5222656094829,156.99999999999997,0.0,0.0,2.3065938471159827e-05,0.0,0.0,0.0,0.0,0.0,20.000000000000256,20.000000000000256,0.0,0.0
22.808333333333334,2.300000000517063,3.215010239982874e-06,0.0,850.5215743297936,156.99999999999997,0.0,0.0,2.3020157377206285e-05,0.0,0.0,0.0,0.0,0.0,20.00000000000027,20.00000000000027,0.0,0.0
22.816666666666666,2.300000000517062,3.215010239982874e-06,0.0,850.5208844216897,156.99999999999997,0.0,0.0,2.297449735827859e-05,0.0,0.0,0.0,0.0,0.0,20.000000000000256,20.000000000000256,0.0,0.0
22.825,2.3000000005170613,3.215010239982874e-06,0.0,850.5201958815451,156.99999999999997,0.0,0.0,2.2928958014312345e-05,0.0,0.0,0.0,0.0,0.0,20.000000000000263,20.000000000000263,0.0,0.0
22.833333333333332,2.300000000517061,3.215010239982874e-06,0.0,850.5195087057455,156.99999999999997,0.0,0.0,2.2883538946987398e-05,0.0,0.0,0.0,0.0,0.0,20.00000000000026,20.00000000000026,0.0,0.0
22.84166666666667,2.30000000051706,3.215010239982874e-06,0.0,850.5188228906889,156.99999999999997,0.0,0.0,2.283823975943282e-05,0.0,0.0,0.0,0.0,0.0,20.000000000000274,20.000000000000274,0.0,0.0
22.849999999999998,2.300000000517059,3.215010239982874e-06,0.0,850.5181384327846,156.99999999999997,0.0,0.0,2.2793060056407794e-05,0.0,0.0,0.0,0.0,0.0,20.00000000000026,20.00000000000026,0.0,0.0
22.858333333333334,2.300000000517058,3.215010239982874e-06,0.0,850.5174553284544,156.99999999999997,0.0,0.0,2.2747999444191827e-05,0.0,0.0,0.0,0.0,0.0,20.000000000000256,20.000000000000256,0.0,0.0
22.866666666666667,2.3000000005170578,3.215010239982874e-06,0.0,850.5167735741314,156.99999999999997,0.0,0.0,2.270305753068614e-05,0.0,0.0,0.0,0.0,0.0,20.00000000000027,20.00000000000027,0.0,0.0
22.875,2.300000000517057,3.215010239982874e-06,0.0,850.5160931662607,156.99999999999997,0.0,0.0,2.2658233925277747e-05,0.0,0.0,0.0,0.0,0.0,20.000000000000274,20.000000000000274,0.0,0.0
22.883333333333333,2.300000000517056,3.215010239982874e-06,0.0,850.5154141012989,156.99999999999997,0.0,0.0,2.2613528238914465e-05,0.0,0.0,0.0,0.0,0.0,20.000000000000263,20.000000000000263,0.0,0.0
22.891666666666666,2.300000000517055,3.215010239982874e-06,0.0,850.5147363757144,156.99999999999997,0.0,0.0,2.2568940084100834e-05,0.0,0.0,0.0,0.0,0.0,20.000000000000266,20.000000000000266,0.0,0.0
22.900000000000002,2.300000000517054,3.215010239982874e-06,0.0,850.514059985987,156.99999999999997,0.0,0.0,2.2524469074841432e-05,0.0,0.0,0.0,0.0,0.0,20.00000000000026,20.00000000000026,0.0,0.0
22.90833333333333,2.3000000005170538,3.215010239982874e-06,0.0,850.5133849286085,156.99999999999997,0.0,0.0,2.248011482666323e-05,0.0,0.0,0.0,0.0,0.0,20.000000000000256,20.000000000000256,0.0,0.0
22.916666666666668,2.300000000517053,3.215010239982874e-06,0.0,850.5127112000815,156.99999999999997,0.0,0.0,2.243587695663781e-05,0.0,0.0,0.0,0.0,0.0,20.000000000000266,20.000000000000266,0.0,0.0
22.925,2.300000000517052,3.215010239982874e-06,0.0,850.5120387969208,156.99999999999997,0.0,0.0,2.239175508329863e-05,0.0,0.0,0.0,0.0,0.0,20.00000000000028,20.00000000000028,0.0,0.0
22.933333333333334,2.3000000005170516,3.215010239982874e-06,0.0,850.5113677156522,156.99999999999997,0.0,0.0,2.234774882668965e-05,0.0,0.0,0.0,0.0,0.0,20.000000000000277,20.000000000000277,0.0,0.0
22.941666666666666,2.3000000005170507,3.215010239982874e-06,0.0,850.510697952813,156.99999999999997,0.0,0.0,2.2303857808361323e-05,0.0,0.0,0.0,0.0,0.0,20.00000000000027,20.00000000000027,0.0,0.0
22.950000000000003,2.30000000051705,3.215010239982874e-06,0.0,850.5100295049517,156.99999999999997,0.0,0.0,2.2260081651340508e-05,0.0,0.0,0.0,0.0,0.0,20.000000000000277,20.000000000000277,0.0,0.0
22.958333333333332,2.300000000517049,3.215010239982874e-06,0.0,850.5093623686284,156.99999999999997,0.0,0.0,2.221641998017888e-05,0.0,0.0,0.0,0.0,0.0,20.00000000000027,20.00000000000027,0.0,0.0
22.96666666666667,2.3000000005170484,3.215010239982874e-06,0.0,850.508696540414,156.99999999999997,0.0,0.0,2.2172872420792144e-05,0.0,0.0,0.0,0.0,0.0,20.000000000000274,20.000000000000274,0.0,0.0
22.975,2.3000000005170476,3.215010239982874e-06,0.0,850.5080320168909,156.99999999999997,0.0,0.0,2.212943860066543e-05,0.0,0.0,0.0,0.0,0.0,20.000000000000284,20.000000000000284,0.0,0.0
22.983333333333334,2.3000000005170467,3.215010239982874e-06,0.0,850.5073687946526,156.99999999999997,0.0,0.0,2.2086118148718668e-05,0.0,0.0,0.0,0.0,0.0,20.000000000000288,20.000000000000288,0.0,0.0
22.991666666666667,2.300000000517046,3.215010239982874e-06,0.0,850.5067068703038,156.99999999999997,0.0,0.0,2.204291069525066e-05,0.0,0.0,0.0,0.0,0.0,20.000000000000302,20.000000000000302,0.0,0.0
23.0,2.3000000005170453,3.215010239982874e-06,0.0,850.5060462404601,156.99999999999997,0.0,0.0,2.1999815872118e-05,0.0,0.0,0.0,0.0,0.0,20.000000000000277,20.000000000000277,0.0,0.0
23.008333333333333,2.3000000005170445,3.215010239982874e-06,0.0,850.5053869017481,156.99999999999997,0.0,0.0,2.19568333125486e-05,0.0,0.0,0.0,0.0,0.0,20.000000000000277,20.000000000000277,0.0,0.0
23.016666666666666,2.3000000005170436,3.215010239982874e-06,0.0,850.5047288508055,156.99999999999997,0.0,0.0,2.1913962651216257e-05,0.0,0.0,0.0,0.0,0.0,20.000000000000277,20.000000000000277,0.0,0.0
23.025,2.300000000517043,3.215010239982874e-06,0.0,850.504072084281,156.99999999999997,0.0,0.0,2.187120352421085e-05,0.0,0.0,0.0,0.0,0.0,20.00000000000028,20.00000000000028,0.0,0.0
23.033333333333335,2.3000000005170422,3.215010239982874e-06,0.0,850.503416598834,156.99999999999997,0.0,0.0,2.1828555569060664e-05,0.0,0.0,0.0,0.0,0.0,20.000000000000284,20.000000000000284,0.0,0.0
23.041666666666664,2.3000000005170413,3.215010239982874e-06,0.0,850.5027623911349,156.99999999999997,0.0,0.0,2.1786018424676692e-05,0.0,0.0,0.0,0.0,0.0,20.00000000000028,20.00000000000028,0.0,0.0
23.05,2.300000000517041,3.215010239982874e-06,0.0,850.5021094578647,156.99999999999997,0.0,0.0,2.174359173140096e-05,0.0,0.0,0.0,0.0,0.0,20.000000000000274,20.000000000000274,0.0,0.0
23.058333333333334,2.30000000051704,3.215010239982874e-06,0.0,850.5014577957156,156.99999999999997,0.0,0.0,2.1701275131002814e-05,0.0,0.0,0.0,0.0,0.0,20.00000000000028,20.00000000000028,0.0,0.0
23.066666666666666,2.300000000517039,3.215010239982874e-06,0.0,850.5008074013903,156.99999999999997,0.0,0.0,2.1659068266597386e-05,0.0,0.0,0.0,0.0,0.0,20.000000000000284,20.000000000000284,0.0,0.0
23.075,2.3000000005170382,3.215010239982874e-06,0.0,850.5001582716018,156.99999999999997,0.0,0.0,2.1616970782693983e-05,0.0,0.0,0.0,0.0,0.0,20.000000000000284,20.000000000000284,0.0,0.0
23.083333333333336,2.300000000517038,3.215010239982874e-06,0.0,850.4995104030743,156.99999999999997,0.0,0.0,2.1574982325192455e-05,0.0,0.0,0.0,0.0,0.0,20.000000000000295,20.000000000000295,0.0,0.0
23.091666666666665,2.300000000517037,3.215010239982874e-06,0.0,850.4988637925425,156.99999999999997,0.0,0.0,2.153310254135371e-05,0.0,0.0,0.0,0.0,0.0,20.00000000000029,20.00000000000029,0.0,0.0
23.1,2.300000000517036,3.215010239982874e-06,0.0,850.4982184367514,156.99999999999997,0.0,0.0,2.1491331079847912e-05,0.0,0.0,0.0,0.0,0.0,20.00000000000029,20.00000000000029,0.0,0.0
23.108333333333334,2.3000000005170356,3.215010239982874e-06,0.0,850.4975743324565,156.99999999999997,0.0,0.0,2.144966759067329e-05,0.0,0.0,0.0,0.0,0.0,20.00000000000027,20.00000000000027,0.0,0.0
23.116666666666667,2.3000000005170347,3.215010239982874e-06,0.0,850.4969314764244,156.99999999999997,0.0,0.0,2.140811172517854e-05,0.0,0.0,0.0,0.0,0.0,20.000000000000263,20.000000000000263,0.0,0.0
23.125,2.300000000517034,3.215010239982874e-06,0.0,850.4962898654312,156.99999999999997,0.0,0.0,2.1366663136085156e-05,0.0,0.0,0.0,0.0,0.0,20.000000000000288,20.000000000000288,0.0,0.0
23.133333333333333,2.3000000005170333,3.215010239982874e-06,0.0,850.4956494962643,156.99999999999997,0.0,0.0,2.1325321477432277e-05,0.0,0.0,0.0,0.0,0.0,20.000000000000288,20.000000000000288,0.0,0.0
23.141666666666666,2.3000000005170325,3.215010239982874e-06,0.0,850.4950103657208,156.99999999999997,0.0,0.0,2.128408640465064e-05,0.0,0.0,0.0,0.0,0.0,20.000000000000306,20.000000000000306,0.0,0.0
23.15,2.3000000005170316,3.215010239982874e-06,0.0,850.4943724706084,156.99999999999997,0.0,0.0,2.1242957574404387e-05,0.0,0.0,0.0,0.0,0.0,20.000000000000295,20.000000000000295,0.0,0.0
23.15833333333333,2.300000000517031,3.215010239982874e-06,0.0,850.493735807745,156.99999999999997,0.0,0.0,2.1201934644819644e-05,0.0,0.0,0.0,0.0,0.0,20.000000000000302,20.000000000000302,0.0,0.0
23.166666666666668,2.3000000005170302,3.215010239982874e-06,0.0,850.493100373959,156.99999999999997,0.0,0.0,2.116101727519767e-05,0.0,0.0,0.0,0.0,0.0,20.00000000000031,20.00000000000031,0.0,0.0
23.174999999999997,2.30000000051703,3.215010239982874e-06,0.0,850.4924661660887,156.99999999999997,0.0,0.0,2.1120205126243324e-05,0.0,0.0,0.0,0.0,0.0,20.000000000000323,20.000000000000323,0.0,0.0
23.183333333333334,2.300000000517029,3.215010239982874e-06,0.0,850.4918331809823,156.99999999999997,0.0,0.0,2.1079497859984303e-05,0.0,0.0,0.0,0.0,0.0,20.000000000000302,20.000000000000302,0.0,0.0
23.191666666666666,2.300000000517028,3.215010239982874e-06,0.0,850.4912014154988,156.99999999999997,0.0,0.0,2.1038895139665022e-05,0.0,0.0,0.0,0.0,0.0,20.000000000000327,20.000000000000327,0.0,0.0
23.2,2.3000000005170276,3.215010239982874e-06,0.0,850.490570866507,156.99999999999997,0.0,0.0,2.0998396629897526e-05,0.0,0.0,0.0,0.0,0.0,20.000000000000316,20.000000000000316,0.0,0.0
23.208333333333332,2.3000000005170267,3.215010239982874e-06,0.0,850.4899415308855,156.99999999999997,0.0,0.0,2.0958001996580976e-05,0.0,0.0,0.0,0.0,0.0,20.00000000000031,20.00000000000031,0.0,0.0
23.21666666666667,2.300000000517026,3.215010239982874e-06,0.0,850.489313405523,156.99999999999997,0.0,0.0,2.09177109068471e-05,0.0,0.0,0.0,0.0,0.0,20.000000000000306,20.000000000000306,0.0,0.0
23.224999999999998,2.3000000005170254,3.215010239982874e-06,0.0,850.4886864873185,156.99999999999997,0.0,0.0,2.087752302915952e-05,0.0,0.0,0.0,0.0,0.0,20.00000000000031,20.00000000000031,0.0,0.0
23.233333333333334,2.3000000005170245,3.215010239982874e-06,0.0,850.4880607731806,156.99999999999997,0.0,0.0,2.0837438033233502e-05,0.0,0.0,0.0,0.0,0.0,20.000000000000316,20.000000000000316,0.0,0.0
23.241666666666667,2.300000000517024,3.215010239982874e-06,0.0,850.4874362600277,156.99999999999997,0.0,0.0,2.0797455590058363e-05,0.0,0.0,0.0,0.0,0.0,20.000000000000316,20.000000000000316,0.0,0.0
23.25,2.300000000517023,3.215010239982874e-06,0.0,850.4868129447884,156.99999999999997,0.0,0.0,2.0757575371868624e-05,0.0,0.0,0.0,0.0,0.0,20.000000000000323,20.000000000000323,0.0,0.0
23.258333333333333,2.3000000005170222,3.215010239982874e-06,0.0,850.4861908244009,156.99999999999997,0.0,0.0,2.071779705216639e-05,0.0,0.0,0.0,0.0,0.0,20.000000000000313,20.000000000000313,0.0,0.0
23.266666666666666,2.300000000517022,3.215010239982874e-06,0.0,850.4855698958132,156.99999999999997,0.0,0.0,2.0678120305743636e-05,0.0,0.0,0.0,0.0,0.0,20.000000000000316,20.000000000000316,0.0,0.0
23.275000000000002,2.300000000517021,3.215010239982874e-06,0.0,850.484950155983,156.99999999999997,0.0,0.0,2.0638544808551305e-05,0.0,0.0,0.0,0.0,0.0,20.000000000000323,20.000000000000323,0.0,0.0
23.28333333333333,2.30000000051702,3.215010239982874e-06,0.0,850.4843316018778,156.99999999999997,0.0,0.0,2.0599070237849405e-05,0.0,0.0,0.0,0.0,0.0,20.000000000000327,20.000000000000327,0.0,0.0
23.291666666666668,2.3000000005170196,3.215010239982874e-06,0.0,850.4837142304747,156.99999999999997,0.0,0.0,2.0559696272127164e-05,0.0,0.0,0.0,0.0,0.0,20.00000000000033,20.00000000000033,0.0,0.0
23.3,2.3000000005170187,3.215010239982874e-06,0.0,850.4830980387604,156.99999999999997,0.0,0.0,2.0520422591048983e-05,0.0,0.0,0.0,0.0,0.0,20.000000000000327,20.000000000000327,0.0,0.0
23.308333333333334,2.3000000005170183,3.215010239982874e-06,0.0,850.4824830237312,156.99999999999997,0.0,0.0,2.0481248875553266e-05,0.0,0.0,0.0,0.0,0.0,20.000000000000355,20.000000000000355,0.0,0.0
23.316666666666666,2.3000000005170174,3.215010239982874e-06,0.0,850.4818691823932,156.99999999999997,0.0,0.0,2.0442174807772832e-05,0.0,0.0,0.0,0.0,0.0,20.000000000000355,20.000000000000355,0.0,0.0
23.325000000000003,2.300000000517017,3.215010239982874e-06,0.0,850.4812565117616,156.99999999999997,0.0,0.0,2.0403200071082742e-05,0.0,0.0,0.0,0.0,0.0,20.000000000000362,20.000000000000362,0.0,0.0
23.333333333333332,2.300000000517016,3.215010239982874e-06,0.0,850.4806450088613,156.99999999999997,0.0,0.0,2.036432435004631e-05,0.0,0.0,0.0,0.0,0.0,20.00000000000036,20.00000000000036,0.0,0.0
23.34166666666667,2.300000000517015,3.215010239982874e-06,0.0,850.4800346707266,156.99999999999997,0.0,0.0,2.0325547330386708e-05,0.0,0.0,0.0,0.0,0.0,20.000000000000362,20.000000000000362,0.0,0.0
23.35,2.3000000005170147,3.215010239982874e-06,0.0,850.4794254944013,156.99999999999997,0.0,0.0,2.0286868699110894e-05,0.0,0.0,0.0,0.0,0.0,20.000000000000338,20.000000000000338,0.0,0.0
23.358333333333334,2.300000000517014,3.215010239982874e-06,0.0,850.4788174769385,156.99999999999997,0.0,0.0,2.024828814430347e-05,0.0,0.0,0.0,0.0,0.0,20.000000000000338,20.000000000000338,0.0,0.0
23.366666666666667,2.3000000005170134,3.215010239982874e-06,0.0,850.4782106154007,156.99999999999997,0.0,0.0,2.0209805355352054e-05,0.0,0.0,0.0,0.0,0.0,20.000000000000345,20.000000000000345,0.0,0.0
23.375,2.3000000005170125,3.215010239982874e-06,0.0,850.4776049068596,156.99999999999997,0.0,0.0,2.0171420022766656e-05,0.0,0.0,0.0,0.0,0.0,20.00000000000035,20.00000000000035,0.0,0.0
23.383333333333333,2.3000000005170116,3.215010239982874e-06,0.0,850.4770003483961,156.99999999999997,0.0,0.0,2.0133131838202182e-05,0.0,0.0,0.0,0.0,0.0,20.00000000000034,20.00000000000034,0.0,0.0
23.391666666666666,2.300000000517011,3.215010239982874e-06,0.0,850.4763969371006,156.99999999999997,0.0,0.0,2.0094940494531403e-05,0.0,0.0,0.0,0.0,0.0,20.000000000000338,20.000000000000338,0.0,0.0
23.4,2.3000000005170103,3.215010239982874e-06,0.0,850.4757946700724,156.99999999999997,0.0,0.0,2.005684568579131e-05,0.0,0.0,0.0,0.0,0.0,20.00000000000034,20.00000000000034,0.0,0.0
23.408333333333335,2.30000000051701,3.215010239982874e-06,0.0,850.4751935444203,156.99999999999997,0.0,0.0,2.001884710712966e-05,0.0,0.0,0.0,0.0,0.0,20.00000000000034,20.00000000000034,0.0,0.0
23.416666666666664,2.300000000517009,3.215010239982874e-06,0.0,850.474593557262,156.99999999999997,0.0,0.0,1.9980944454928393e-05,0.0,0.0,0.0,0.0,0.0,20.00000000000034,20.00000000000034,0.0,0.0
23.425,2.3000000005170085,3.215010239982874e-06,0.0,850.4739947057242,156.99999999999997,0.0,0.0,1.9943137426649117e-05,0.0,0.0,0.0,0.0,0.0,20.00000000000033,20.00000000000033,0.0,0.0
23.433333333333334,2.3000000005170076,3.215010239982874e-06,0.0,850.4733969869427,156.99999999999997,0.0,0.0,1.9905425720906054e-05,0.0,0.0,0.0,0.0,0.0,20.00000000000032,20.00000000000032,0.0,0.0
23.441666666666666,2.300000000517007,3.215010239982874e-06,0.0,850.4728003980626,156.99999999999997,0.0,0.0,1.9867809037488338e-05,0.0,0.0,0.0,0.0,0.0,20.000000000000302,20.000000000000302,0.0,0.0
23.45,2.3000000005170063,3.215010239982874e-06,0.0,850.4722049362377,156.99999999999997,0.0,0.0,1.9830287077306634e-05,0.0,0.0,0.0,0.0,0.0,20.000000000000306,20.000000000000306,0.0,0.0
23.458333333333336,2.300000000517006,3.215010239982874e-06,0.0,850.471610598631,156.99999999999997,0.0,0.0,1.9792859542365204e-05,0.0,0.0,0.0,0.0,0.0,20.00000000000031,20.00000000000031,0.0,0.0
23.466666666666665,2.300000000517005,3.215010239982874e-06,0.0,850.471017382414,156.99999999999997,0.0,0.0,1.975552613583459e-05,0.0,0.0,0.0,0.0,0.0,20.000000000000323,20.000000000000323,0.0,0.0
23.475,2.300000000517004,3.215010239982874e-06,0.0,850.4704252847675,156.99999999999997,0.0,0.0,1.9718286561973257e-05,0.0,0.0,0.0,0.0,0.0,20.000000000000327,20.000000000000327,0.0,0.0
23.483333333333334,2.3000000005170036,3.215010239982874e-06,0.0,850.4698343028813,156.99999999999997,0.0,0.0,1.968114052620024e-05,0.0,0.0,0.0,0.0,0.0,20.000000000000327,20.000000000000327,0.0,0.0
23.491666666666667,2.3000000005170027,3.215010239982874e-06,0.0,850.4692444339532,156.99999999999997,0.0,0.0,1.9644087734991788e-05,0.0,0.0,0.0,0.0,0.0,20.000000000000327,20.000000000000327,0.0,0.0
23.5,2.3000000005170023,3.215010239982874e-06,0.0,850.4686556751906,156.99999999999997,0.0,0.0,1.960712789595399e-05,0.0,0.0,0.0,0.0,0.0,20.000000000000316,20.000000000000316,0.0,0.0
23.508333333333333,2.3000000005170014,3.215010239982874e-06,0.0,850.4680680238095,156.99999999999997,0.0,0.0,1.957026071779487e-05,0.0,0.0,0.0,0.0,0.0,20.000000000000323,20.000000000000323,0.0,0.0
23.516666666666666,2.300000000517001,3.215010239982874e-06,0.0,850.4674814770342,156.99999999999997,0.0,0.0,1.953348591032161e-05,0.0,0.0,0.0,0.0,0.0,20.000000000000338,20.000000000000338,0.0,0.0
23.525,2.300000000517,3.215010239982874e-06,0.0,850.4668960320982,156.99999999999997,0.0,0.0,1.9496803184387723e-05,0.0,0.0,0.0,0.0,0.0,20.000000000000323,20.000000000000323,0.0,0.0
23.53333333333333,2.3000000005169996,3.215010239982874e-06,0.0,850.4663116862434,156.99999999999997,0.0,0.0,1.9460212251990533e-05,0.0,0.0,0.0,0.0,0.0,20.000000000000327,20.000000000000327,0.0,0.0
23.541666666666668,2.3000000005169987,3.215010239982874e-06,0.0,850.4657284367205,156.99999999999997,0.0,0.0,1.942371282619327e-05,0.0,0.0,0.0,0.0,0.0,20.000000000000334,20.000000000000334,0.0,0.0
23.549999999999997,2.3000000005169983,3.215010239982874e-06,0.0,850.4651462807885,156.99999999999997,0.0,0.0,1.9387304621097433e-05,0.0,0.0,0.0,0.0,0.0,20.000000000000334,20.000000000000334,0.0,0.0
23.558333333333334,2.3000000005169974,3.215010239982874e-06,0.0,850.4645652157151,156.99999999999997,0.0,0.0,1.935098735191511e-05,0.0,0.0,0.0,0.0,0.0,20.000000000000348,20.000000000000348,0.0,0.0
23.566666666666666,2.300000000516997,3.215010239982874e-06,0.0,850.4639852387767,156.99999999999997,0.0,0.0,1.931476073489133e-05,0.0,0.0,0.0,0.0,0.0,20.000000000000362,20.000000000000362,0.0,0.0
23.575,2.300000000516996,3.215010239982874e-06,0.0,850.4634063472579,156.99999999999997,0.0,0.0,1.9278624487401248e-05,0.0,0.0,0.0,0.0,0.0,20.000000000000355,20.000000000000355,0.0,0.0
23.583333333333332,2.3000000005169956,3.215010239982874e-06,0.0,850.4628285384521,156.99999999999997,0.0,0.0,1.924257832777283e-05,0.0,0.0,0.0,0.0,0.0,20.000000000000345,20.000000000000345,0.0,0.0
23.59166666666667,2.3000000005169947,3.215010239982874e-06,0.0,850.4622518096608,156.99999999999997,0.0,0.0,1.9206621975483794e-05,0.0,0.0,0.0,0.0,0.0,20.000000000000348,20.000000000000348,0.0,0.0
23.599999999999998,2.3000000005169943,3.215010239982874e-06,0.0,850.461676158194,156.99999999999997,0.0,0.0,1.9170755151009332e-05,0.0,0.0,0.0,0.0,0.0,20.000000000000345,20.000000000000345,0.0,0.0
23.608333333333334,2.3000000005169934,3.215010239982874e-06,0.0,850.4611015813701,156.99999999999997,0.0,0.0,1.9134977575869416e-05,0.0,0.0,0.0,0.0,0.0,20.000000000000366,20.000000000000366,0.0,0.0
23.616666666666667,2.300000000516993,3.215010239982874e-06,0.0,850.4605280765161,156.99999999999997,0.0,0.0,1.9099288972651046e-05,0.0,0.0,0.0,0.0,0.0,20.00000000000035,20.00000000000035,0.0,0.0
23.625,2.300000000516992,3.215010239982874e-06,0.0,850.4599556409669,156.99999999999997,0.0,0.0,1.9063689064906202e-05,0.0,0.0,0.0,0.0,0.0,20.00000000000035,20.00000000000035,0.0,0.0
23.633333333333333,2.3000000005169916,3.215010239982874e-06,0.0,850.4593842720657,156.99999999999997,0.0,0.0,1.9028177577323293e-05,0.0,0.0,0.0,0.0,0.0,20.000000000000348,20.000000000000348,0.0,0.0
23.641666666666666,2.3000000005169907,3.215010239982874e-06,0.0,850.4588139671644,156.99999999999997,0.0,0.0,1.899275423552576e-05,0.0,0.0,0.0,0.0,0.0,20.00000000000034,20.00000000000034,0.0,0.0
23.650000000000002,2.3000000005169903,3.215010239982874e-06,0.0,850.4582447236224,156.99999999999997,0.0,0.0,1.8957418766218596e-05,0.0,0.0,0.0,0.0,0.0,20.000000000000348,20.000000000000348,0.0,0.0
23.65833333333333,2.3000000005169894,3.215010239982874e-06,0.0,850.4576765388081,156.99999999999997,0.0,0.0,1.8922170897061696e-05,0.0,0.0,0.0,0.0,0.0,20.000000000000338,20.000000000000338,0.0,0.0
23.666666666666668,2.300000000516989,3.215010239982874e-06,0.0,850.4571094100972,156.99999999999997,0.0,0.0,1.8887010356766623e-05,0.0,0.0,0.0,0.0,0.0,20.000000000000345,20.000000000000345,0.0,0.0
23.675,2.3000000005169885,3.215010239982874e-06,0.0,850.4565433348744,156.99999999999997,0.0,0.0,1.8851936875069203e-05,0.0,0.0,0.0,0.0,0.0,20.000000000000348,20.000000000000348,0.0,0.0
23.683333333333334,2.3000000005169876,3.215010239982874e-06,0.0,850.4559783105318,156.99999999999997,0.0,0.0,1.881695018265278e-05,0.0,0.0,0.0,0.0,0.0,20.000000000000355,20.000000000000355,0.0,0.0
23.691666666666666,2.300000000516987,3.215010239982874e-06,0.0,850.4554143344699,156.99999999999997,0.0,0.0,1.8782050011269503e-05,0.0,0.0,0.0,0.0,0.0,20.00000000000037,20.00000000000037,0.0,0.0
23.700000000000003,2.3000000005169863,3.215010239982874e-06,0.0,850.454851404097,156.99999999999997,0.0,0.0,1.8747236093589393e-05,0.0,0.0,0.0,0.0,0.0,20.00000000000037,20.00000000000037,0.0,0.0
23.708333333333332,2.300000000516986,3.215010239982874e-06,0.0,850.4542895168297,156.99999999999997,0.0,0.0,1.871250816334629e-05,0.0,0.0,0.0,0.0,0.0,20.00000000000036,20.00000000000036,0.0,0.0
23.71666666666667,2.300000000516985,3.215010239982874e-06,0.0,850.4537286700925,156.99999999999997,0.0,0.0,1.867786595521178e-05,0.0,0.0,0.0,0.0,0.0,20.000000000000355,20.000000000000355,0.0,0.0
23.725,2.3000000005169845,3.215010239982874e-06,0.0,850.4531688613174,156.99999999999997,0.0,0.0,1.86433092048669e-05,0.0,0.0,0.0,0.0,0.0,20.000000000000348,20.000000000000348,0.0,0.0
23.733333333333334,2.3000000005169836,3.215010239982874e-06,0.0,850.4526100879451,156.99999999999997,0.0,0.0,1.860883764892568e-05,0.0,0.0,0.0,0.0,0.0,20.000000000000362,20.000000000000362,0.0,0.0
23.741666666666667,2.300000000516983,3.215010239982874e-06,0.0,850.4520523474237,156.99999999999997,0.0,0.0,1.8574451025031408e-05,0.0,0.0,0.0,0.0,0.0,20.00000000000038,20.00000000000038,0.0,0.0
23.75,2.3000000005169823,3.215010239982874e-06,0.0,850.451495637209,156.99999999999997,0.0,0.0,1.8540149071755583e-05,0.0,0.0,0.0,0.0,0.0,20.000000000000384,20.000000000000384,0.0,0.0
23.758333333333333,2.300000000516982,3.215010239982874e-06,0.0,850.450939954765,156.99999999999997,0.0,0.0,1.850593152866946e-05,0.0,0.0,0.0,0.0,0.0,20.000000000000366,20.000000000000366,0.0,0.0
23.766666666666666,2.3000000005169814,3.215010239982874e-06,0.0,850.4503852975633,156.99999999999997,0.0,0.0,1.847179813629241e-05,0.0,0.0,0.0,0.0,0.0,20.000000000000355,20.000000000000355,0.0,0.0
23.775,2.3000000005169805,3.215010239982874e-06,0.0,850.4498316630835,156.99999999999997,0.0,0.0,1.8437748636064975e-05,0.0,0.0,0.0,0.0,0.0,20.000000000000366,20.000000000000366,0.0,0.0
23.783333333333335,2.30000000051698,3.215010239982874e-06,0.0,850.4492790488125,156.99999999999997,0.0,0.0,1.840378277042036e-05,0.0,0.0,0.0,0.0,0.0,20.00000000000037,20.00000000000037,0.0,0.0
23.791666666666664,2.300000000516979,3.215010239982874e-06,0.0,850.4487274522455,156.99999999999997,0.0,0.0,1.836990028273284e-05,0.0,0.0,0.0,0.0,0.0,20.00000000000037,20.00000000000037,0.0,0.0
23.8,2.3000000005169787,3.215010239982874e-06,0.0,850.4481768708847,156.99999999999997,0.0,0.0,1.8336100917339994e-05,0.0,0.0,0.0,0.0,0.0,20.00000000000037,20.00000000000037,0.0,0.0
23.808333333333334,2.300000000516978,3.215010239982874e-06,0.0,850.4476273022406,156.99999999999997,0.0,0.0,1.8302384419466788e-05,0.0,0.0,0.0,0.0,0.0,20.00000000000037,20.00000000000037,0.0,0.0
23.816666666666666,2.3000000005169774,3.215010239982874e-06,0.0,850.4470787438308,156.99999999999997,0.0,0.0,1.826875053529693e-05,0.0,0.0,0.0,0.0,0.0,20.00000000000037,20.00000000000037,0.0,0.0
23.825,2.300000000516977,3.215010239982874e-06,0.0,850.446531193181,156.99999999999997,0.0,0.0,1.8235199011994974e-05,0.0,0.0,0.0,0.0,0.0,20.000000000000384,20.000000000000384,0.0,0.0
23.833333333333336,2.300000000516976,3.215010239982874e-06,0.0,850.4459846478242,156.99999999999997,0.0,0.0,1.8201729597581573e-05,0.0,0.0,0.0,0.0,0.0,20.00000000000037,20.00000000000037,0.0,0.0
23.841666666666665,2.3000000005169756,3.215010239982874e-06,0.0,850.4454391053008,156.99999999999997,0.0,0.0,1.816834204102922e-05,0.0,0.0,0.0,0.0,0.0,20.000000000000405,20.000000000000405,0.0,0.0
23.85,2.3000000005169747,3.215010239982874e-06,0.0,850.4448945631589,156.99999999999997,0.0,0.0,1.81350360922599e-05,0.0,0.0,0.0,0.0,0.0,20.00000000000041,20.00000000000041,0.0,0.0
23.858333333333334,2.3000000005169743,3.215010239982874e-06,0.0,850.4443510189542,156.99999999999997,0.0,0.0,1.810181150209392e-05,0.0,0.0,0.0,0.0,0.0,20.000000000000416,20.000000000000416,0.0,0.0
23.866666666666667,2.300000000516974,3.215010239982874e-06,0.0,850.4438084702497,156.99999999999997,0.0,0.0,1.8068668022223296e-05,0.0,0.0,0.0,0.0,0.0,20.000000000000412,20.000000000000412,0.0,0.0
23.875,2.300000000516973,3.215010239982874e-06,0.0,850.4432669146156,156.99999999999997,0.0,0.0,1.8035605405282847e-05,0.0,0.0,0.0,0.0,0.0,20.0000000000004,20.0000000000004,0.0,0.0
23.883333333333333,2.3000000005169725,3.215010239982874e-06,0.0,850.4427263496302,156.99999999999997,0.0,0.0,1.800262340484786e-05,0.0,0.0,0.0,0.0,0.0,20.0000000000004,20.0000000000004,0.0,0.0
23.891666666666666,2.3000000005169716,3.215010239982874e-06,0.0,850.4421867728784,156.99999999999997,0.0,0.0,1.7969721775334325e-05,0.0,0.0,0.0,0.0,0.0,20.000000000000398,20.000000000000398,0.0,0.0
23.9,2.300000000516971,3.215010239982874e-06,0.0,850.441648181953,156.99999999999997,0.0,0.0,1.7936900272069972e-05,0.0,0.0,0.0,0.0,0.0,20.00000000000039,20.00000000000039,0.0,0.0
23.90833333333333,2.3000000005169707,3.215010239982874e-06,0.0,850.4411105744539,156.99999999999997,0.0,0.0,1.7904158651316368e-05,0.0,0.0,0.0,0.0,0.0,20.000000000000398,20.000000000000398,0.0,0.0
23.916666666666668,2.30000000051697,3.215010239982874e-06,0.0,850.4405739479884,156.99999999999997,0.0,0.0,1.787149667016934e-05,0.0,0.0,0.0,0.0,0.0,20.000000000000412,20.000000000000412,0.0,0.0
23.924999999999997,2.3000000005169694,3.215010239982874e-06,0.0,850.4400383001707,156.99999999999997,0.0,0.0,1.7838914086654203e-05,0.0,0.0,0.0,0.0,0.0,20.00000000000042,20.00000000000042,0.0,0.0
23.933333333333334,2.3000000005169685,3.215010239982874e-06,0.0,850.439503628623,156.99999999999997,0.0,0.0,1.7806410659626308e-05,0.0,0.0,0.0,0.0,0.0,20.000000000000416,20.000000000000416,0.0,0.0
23.941666666666666,2.300000000516968,3.215010239982874e-06,0.0,850.4389699309739,156.99999999999997,0.0,0.0,1.7773986148866167e-05,0.0,0.0,0.0,0.0,0.0,20.000000000000433,20.000000000000433,0.0,0.0
23.95,2.3000000005169676,3.215010239982874e-06,0.0,850.4384372048598,156.99999999999997,0.0,0.0,1.7741640315028635e-05,0.0,0.0,0.0,0.0,0.0,20.000000000000437,20.000000000000437,0.0,0.0
23.958333333333332,2.3000000005169667,3.215010239982874e-06,0.0,850.4379054479239,156.99999999999997,0.0,0.0,1.7709372919616563e-05,0.0,0.0,0.0,0.0,0.0,20.00000000000044,20.00000000000044,0.0,0.0
23.96666666666667,2.3000000005169663,3.215010239982874e-06,0.0,850.4373746578167,156.99999999999997,0.0,0.0,1.7677183725002978e-05,0.0,0.0,0.0,0.0,0.0,20.000000000000437,20.000000000000437,0.0,0.0
23.974999999999998,2.300000000516966,3.215010239982874e-06,0.0,850.4368448321957,156.99999999999997,0.0,0.0,1.7645072494428962e-05,0.0,0.0,0.0,0.0,0.0,20.00000000000044,20.00000000000044,0.0,0.0
23.983333333333334,2.300000000516965,3.215010239982874e-06,0.0,850.4363159687257,156.99999999999997,0.0,0.0,1.7613038992001565e-05,0.0,0.0,0.0,0.0,0.0,20.000000000000426,20.000000000000426,0.0,0.0
23.991666666666667,2.3000000005169645,3.215010239982874e-06,0.0,850.4357880650784,156.99999999999997,0.0,0.0,1.7581082982667497e-05,0.0,0.0,0.0,0.0,0.0,20.000000000000426,20.000000000000426,0.0,0.0
24.0,2.3000000005169636,3.215010239982874e-06,0.0,850.4352611189328,156.99999999999997,0.0,0.0,1.7549204232235284e-05,0.0,0.0,0.0,0.0,0.0,20.00000000000042,20.00000000000042,0.0,0.0
