# macdonald-rain-sub — MacDonald 1000 m channel, subcritical with rain
# SWASHES 3.3.1; Delestre et al. 2013, doi 10.1002/fld.3741
# Independent Python implementation (swasheslib/analytic.py); no SWASHES-tool output vendored.
# grid: 20001 stations (20x model resolution nx=1000)
t_s,x_m,h_m,q_m2_per_s
6000,0,0.7483235583,1
6000,0.05,0.7483289929,1.00005
6000,0.1,0.7483344312,1.0001
6000,0.15,0.7483398734,1.00015
6000,0.2,0.7483453194,1.0002
6000,0.25,0.7483507692,1.00025
6000,0.3,0.7483562228,1.0003
6000,0.35,0.7483616802,1.00035
6000,0.4,0.7483671415,1.0004
6000,0.45,0.7483726065,1.00045
6000,0.5,0.7483780754,1.0005
6000,0.55,0.7483835481,1.00055
6000,0.6,0.7483890247,1.0006
6000,0.65,0.748394505,1.00065
6000,0.7,0.7483999892,1.0007
6000,0.75,0.7484054772,1.00075
6000,0.8,0.7484109691,1.0008
6000,0.85,0.7484164648,1.00085
6000,0.9,0.7484219643,1.0009
6000,0.95,0.7484274677,1.00095
6000,1,0.748432975,1.001
6000,1.05,0.748438486,1.00105
6000,1.1,0.748444001,1.0011
6000,1.15,0.7484495197,1.00115
6000,1.2,0.7484550424,1.0012
6000,1.25,0.7484605688,1.00125
6000,1.3,0.7484660992,1.0013
6000,1.35,0.7484716334,1.00135
6000,1.4,0.7484771714,1.0014
6000,1.45,0.7484827134,1.00145
6000,1.5,0.7484882592,1.0015
6000,1.55,0.7484938088,1.00155
6000,1.6,0.7484993624,1.0016
6000,1.65,0.7485049198,1.00165
6000,1.7,0.748510481,1.0017
6000,1.75,0.7485160462,1.00175
6000,1.8,0.7485216152,1.0018
6000,1.85,0.7485271881,1.00185
6000,1.9,0.7485327649,1.0019
6000,1.95,0.7485383456,1.00195
6000,2,0.7485439302,1.002
6000,2.05,0.7485495187,1.00205
6000,2.1,0.748555111,1.0021
6000,2.15,0.7485607073,1.00215
6000,2.2,0.7485663074,1.0022
6000,2.25,0.7485719115,1.00225
6000,2.3,0.7485775194,1.0023
6000,2.35,0.7485831313,1.00235
6000,2.4,0.7485887471,1.0024
6000,2.45,0.7485943667,1.00245
6000,2.5,0.7485999903,1.0025
6000,2.55,0.7486056178,1.00255
6000,2.6,0.7486112492,1.0026
6000,2.65,0.7486168845,1.00265
6000,2.7,0.7486225238,1.0027
6000,2.75,0.7486281669,1.00275
6000,2.8,0.748633814,1.0028
6000,2.85,0.748639465,1.00285
6000,2.9,0.74864512,1.0029
6000,2.95,0.7486507788,1.00295
6000,3,0.7486564416,1.003
6000,3.05,0.7486621084,1.00305
6000,3.1,0.7486677791,1.0031
6000,3.15,0.7486734537,1.00315
6000,3.2,0.7486791322,1.0032
6000,3.25,0.7486848147,1.00325
6000,3.3,0.7486905012,1.0033
6000,3.35,0.7486961916,1.00335
6000,3.4,0.7487018859,1.0034
6000,3.45,0.7487075842,1.00345
6000,3.5,0.7487132865,1.0035
6000,3.55,0.7487189927,1.00355
6000,3.6,0.7487247028,1.0036
6000,3.65,0.748730417,1.00365
6000,3.7,0.7487361351,1.0037
6000,3.75,0.7487418571,1.00375
6000,3.8,0.7487475831,1.0038
6000,3.85,0.7487533131,1.00385
6000,3.9,0.7487590471,1.0039
6000,3.95,0.7487647851,1.00395
6000,4,0.748770527,1.004
6000,4.05,0.7487762729,1.00405
6000,4.1,0.7487820228,1.0041
6000,4.15,0.7487877766,1.00415
6000,4.2,0.7487935345,1.0042
6000,4.25,0.7487992963,1.00425
6000,4.3,0.7488050622,1.0043
6000,4.35,0.748810832,1.00435
6000,4.4,0.7488166058,1.0044
6000,4.45,0.7488223836,1.00445
6000,4.5,0.7488281654,1.0045
6000,4.55,0.7488339513,1.00455
6000,4.6,0.7488397411,1.0046
6000,4.65,0.7488455349,1.00465
6000,4.7,0.7488513327,1.0047
6000,4.75,0.7488571346,1.00475
6000,4.8,0.7488629405,1.0048
6000,4.85,0.7488687503,1.00485
6000,4.9,0.7488745642,1.0049
6000,4.95,0.7488803821,1.00495
6000,5,0.7488862041,1.005
6000,5.05,0.74889203,1.00505
6000,5.1,0.74889786,1.0051
6000,5.15,0.748903694,1.00515
6000,5.2,0.7489095321,1.0052
6000,5.25,0.7489153742,1.00525
6000,5.3,0.7489212203,1.0053
6000,5.35,0.7489270704,1.00535
6000,5.4,0.7489329246,1.0054
6000,5.45,0.7489387829,1.00545
6000,5.5,0.7489446451,1.0055
6000,5.55,0.7489505115,1.00555
6000,5.6,0.7489563818,1.0056
6000,5.65,0.7489622563,1.00565
6000,5.7,0.7489681347,1.0057
6000,5.75,0.7489740173,1.00575
6000,5.8,0.7489799039,1.0058
6000,5.85,0.7489857945,1.00585
6000,5.9,0.7489916892,1.0059
6000,5.95,0.748997588,1.00595
6000,6,0.7490034909,1.006
6000,6.05,0.7490093978,1.00605
6000,6.1,0.7490153088,1.0061
6000,6.15,0.7490212239,1.00615
6000,6.2,0.749027143,1.0062
6000,6.25,0.7490330662,1.00625
6000,6.3,0.7490389935,1.0063
6000,6.35,0.7490449249,1.00635
6000,6.4,0.7490508604,1.0064
6000,6.45,0.7490567999,1.00645
6000,6.5,0.7490627436,1.0065
6000,6.55,0.7490686913,1.00655
6000,6.6,0.7490746432,1.0066
6000,6.65,0.7490805991,1.00665
6000,6.7,0.7490865591,1.0067
6000,6.75,0.7490925233,1.00675
6000,6.8,0.7490984915,1.0068
6000,6.85,0.7491044638,1.00685
6000,6.9,0.7491104403,1.0069
6000,6.95,0.7491164209,1.00695
6000,7,0.7491224055,1.007
6000,7.05,0.7491283943,1.00705
6000,7.1,0.7491343872,1.0071
6000,7.15,0.7491403843,1.00715
6000,7.2,0.7491463854,1.0072
6000,7.25,0.7491523907,1.00725
6000,7.3,0.7491584001,1.0073
6000,7.35,0.7491644136,1.00735
6000,7.4,0.7491704313,1.0074
6000,7.45,0.7491764531,1.00745
6000,7.5,0.749182479,1.0075
6000,7.55,0.7491885091,1.00755
6000,7.6,0.7491945433,1.0076
6000,7.65,0.7492005816,1.00765
6000,7.7,0.7492066241,1.0077
6000,7.75,0.7492126708,1.00775
6000,7.8,0.7492187215,1.0078
6000,7.85,0.7492247765,1.00785
6000,7.9,0.7492308356,1.0079
6000,7.95,0.7492368988,1.00795
6000,8,0.7492429663,1.008
6000,8.05,0.7492490378,1.00805
6000,8.1,0.7492551136,1.0081
6000,8.15,0.7492611935,1.00815
6000,8.2,0.7492672775,1.0082
6000,8.25,0.7492733658,1.00825
6000,8.3,0.7492794582,1.0083
6000,8.35,0.7492855548,1.00835
6000,8.4,0.7492916556,1.0084
6000,8.45,0.7492977605,1.00845
6000,8.5,0.7493038696,1.0085
6000,8.55,0.7493099829,1.00855
6000,8.6,0.7493161004,1.0086
6000,8.65,0.7493222221,1.00865
6000,8.7,0.749328348,1.0087
6000,8.75,0.7493344781,1.00875
6000,8.8,0.7493406124,1.0088
6000,8.85,0.7493467508,1.00885
6000,8.9,0.7493528935,1.0089
6000,8.95,0.7493590404,1.00895
6000,9,0.7493651914,1.009
6000,9.05,0.7493713467,1.00905
6000,9.1,0.7493775062,1.0091
6000,9.15,0.7493836699,1.00915
6000,9.2,0.7493898378,1.0092
6000,9.25,0.74939601,1.00925
6000,9.3,0.7494021863,1.0093
6000,9.35,0.7494083669,1.00935
6000,9.4,0.7494145517,1.0094
6000,9.45,0.7494207407,1.00945
6000,9.5,0.749426934,1.0095
6000,9.55,0.7494331314,1.00955
6000,9.6,0.7494393332,1.0096
6000,9.65,0.7494455391,1.00965
6000,9.7,0.7494517493,1.0097
6000,9.75,0.7494579637,1.00975
6000,9.8,0.7494641824,1.0098
6000,9.85,0.7494704053,1.00985
6000,9.9,0.7494766325,1.0099
6000,9.95,0.7494828639,1.00995
6000,10,0.7494890995,1.01
6000,10.05,0.7494953395,1.01005
6000,10.1,0.7495015836,1.0101
6000,10.15,0.7495078321,1.01015
6000,10.2,0.7495140848,1.0102
6000,10.25,0.7495203417,1.01025
6000,10.3,0.7495266029,1.0103
6000,10.35,0.7495328684,1.01035
6000,10.4,0.7495391382,1.0104
6000,10.45,0.7495454122,1.01045
6000,10.5,0.7495516905,1.0105
6000,10.55,0.7495579731,1.01055
6000,10.6,0.74956426,1.0106
6000,10.65,0.7495705511,1.01065
6000,10.7,0.7495768465,1.0107
6000,10.75,0.7495831463,1.01075
6000,10.8,0.7495894503,1.0108
6000,10.85,0.7495957586,1.01085
6000,10.9,0.7496020712,1.0109
6000,10.95,0.7496083881,1.01095
6000,11,0.7496147092,1.011
6000,11.05,0.7496210347,1.01105
6000,11.1,0.7496273645,1.0111
6000,11.15,0.7496336986,1.01115
6000,11.2,0.749640037,1.0112
6000,11.25,0.7496463797,1.01125
6000,11.3,0.7496527268,1.0113
6000,11.35,0.7496590781,1.01135
6000,11.4,0.7496654338,1.0114
6000,11.45,0.7496717937,1.01145
6000,11.5,0.749678158,1.0115
6000,11.55,0.7496845267,1.01155
6000,11.6,0.7496908996,1.0116
6000,11.65,0.7496972769,1.01165
6000,11.7,0.7497036585,1.0117
6000,11.75,0.7497100444,1.01175
6000,11.8,0.7497164347,1.0118
6000,11.85,0.7497228294,1.01185
6000,11.9,0.7497292283,1.0119
6000,11.95,0.7497356316,1.01195
6000,12,0.7497420393,1.012
6000,12.05,0.7497484513,1.01205
6000,12.1,0.7497548676,1.0121
6000,12.15,0.7497612883,1.01215
6000,12.2,0.7497677134,1.0122
6000,12.25,0.7497741428,1.01225
6000,12.3,0.7497805766,1.0123
6000,12.35,0.7497870147,1.01235
6000,12.4,0.7497934572,1.0124
6000,12.45,0.7497999041,1.01245
6000,12.5,0.7498063553,1.0125
6000,12.55,0.7498128109,1.01255
6000,12.6,0.7498192709,1.0126
6000,12.65,0.7498257353,1.01265
6000,12.7,0.749832204,1.0127
6000,12.75,0.7498386771,1.01275
6000,12.8,0.7498451546,1.0128
6000,12.85,0.7498516365,1.01285
6000,12.9,0.7498581228,1.0129
6000,12.95,0.7498646135,1.01295
6000,13,0.7498711085,1.013
6000,13.05,0.749877608,1.01305
6000,13.1,0.7498841118,1.0131
6000,13.15,0.7498906201,1.01315
6000,13.2,0.7498971328,1.0132
6000,13.25,0.7499036498,1.01325
6000,13.3,0.7499101713,1.0133
6000,13.35,0.7499166972,1.01335
6000,13.4,0.7499232275,1.0134
6000,13.45,0.7499297622,1.01345
6000,13.5,0.7499363013,1.0135
6000,13.55,0.7499428449,1.01355
6000,13.6,0.7499493928,1.0136
6000,13.65,0.7499559452,1.01365
6000,13.7,0.749962502,1.0137
6000,13.75,0.7499690633,1.01375
6000,13.8,0.749975629,1.0138
6000,13.85,0.7499821991,1.01385
6000,13.9,0.7499887736,1.0139
6000,13.95,0.7499953526,1.01395
6000,14,0.750001936,1.014
6000,14.05,0.7500085239,1.01405
6000,14.1,0.7500151162,1.0141
6000,14.15,0.750021713,1.01415
6000,14.2,0.7500283142,1.0142
6000,14.25,0.7500349199,1.01425
6000,14.3,0.75004153,1.0143
6000,14.35,0.7500481446,1.01435
6000,14.4,0.7500547636,1.0144
6000,14.45,0.7500613872,1.01445
6000,14.5,0.7500680151,1.0145
6000,14.55,0.7500746476,1.01455
6000,14.6,0.7500812845,1.0146
6000,14.65,0.7500879259,1.01465
6000,14.7,0.7500945717,1.0147
6000,14.75,0.750101222,1.01475
6000,14.8,0.7501078769,1.0148
6000,14.85,0.7501145362,1.01485
6000,14.9,0.7501211999,1.0149
6000,14.95,0.7501278682,1.01495
6000,15,0.750134541,1.015
6000,15.05,0.7501412182,1.01505
6000,15.1,0.7501478999,1.0151
6000,15.15,0.7501545862,1.01515
6000,15.2,0.7501612769,1.0152
6000,15.25,0.7501679722,1.01525
6000,15.3,0.7501746719,1.0153
6000,15.35,0.7501813761,1.01535
6000,15.4,0.7501880849,1.0154
6000,15.45,0.7501947982,1.01545
6000,15.5,0.750201516,1.0155
6000,15.55,0.7502082382,1.01555
6000,15.6,0.7502149651,1.0156
6000,15.65,0.7502216964,1.01565
6000,15.7,0.7502284323,1.0157
6000,15.75,0.7502351726,1.01575
6000,15.8,0.7502419176,1.0158
6000,15.85,0.750248667,1.01585
6000,15.9,0.750255421,1.0159
6000,15.95,0.7502621795,1.01595
6000,16,0.7502689425,1.016
6000,16.05,0.7502757101,1.01605
6000,16.1,0.7502824823,1.0161
6000,16.15,0.7502892589,1.01615
6000,16.2,0.7502960402,1.0162
6000,16.25,0.7503028259,1.01625
6000,16.3,0.7503096163,1.0163
6000,16.35,0.7503164111,1.01635
6000,16.4,0.7503232106,1.0164
6000,16.45,0.7503300146,1.01645
6000,16.5,0.7503368231,1.0165
6000,16.55,0.7503436363,1.01655
6000,16.6,0.750350454,1.0166
6000,16.65,0.7503572762,1.01665
6000,16.7,0.750364103,1.0167
6000,16.75,0.7503709345,1.01675
6000,16.8,0.7503777704,1.0168
6000,16.85,0.750384611,1.01685
6000,16.9,0.7503914562,1.0169
6000,16.95,0.7503983059,1.01695
6000,17,0.7504051602,1.017
6000,17.05,0.7504120191,1.01705
6000,17.1,0.7504188826,1.0171
6000,17.15,0.7504257507,1.01715
6000,17.2,0.7504326234,1.0172
6000,17.25,0.7504395007,1.01725
6000,17.3,0.7504463825,1.0173
6000,17.35,0.750453269,1.01735
6000,17.4,0.7504601601,1.0174
6000,17.45,0.7504670558,1.01745
6000,17.5,0.7504739562,1.0175
6000,17.55,0.7504808611,1.01755
6000,17.6,0.7504877706,1.0176
6000,17.65,0.7504946848,1.01765
6000,17.7,0.7505016036,1.0177
6000,17.75,0.750508527,1.01775
6000,17.8,0.750515455,1.0178
6000,17.85,0.7505223877,1.01785
6000,17.9,0.750529325,1.0179
6000,17.95,0.7505362669,1.01795
6000,18,0.7505432135,1.018
6000,18.05,0.7505501647,1.01805
6000,18.1,0.7505571205,1.0181
6000,18.15,0.750564081,1.01815
6000,18.2,0.7505710461,1.0182
6000,18.25,0.7505780159,1.01825
6000,18.3,0.7505849903,1.0183
6000,18.35,0.7505919694,1.01835
6000,18.4,0.7505989531,1.0184
6000,18.45,0.7506059415,1.01845
6000,18.5,0.7506129346,1.0185
6000,18.55,0.7506199323,1.01855
6000,18.6,0.7506269347,1.0186
6000,18.65,0.7506339417,1.01865
6000,18.7,0.7506409535,1.0187
6000,18.75,0.7506479699,1.01875
6000,18.8,0.7506549909,1.0188
6000,18.85,0.7506620167,1.01885
6000,18.9,0.7506690471,1.0189
6000,18.95,0.7506760822,1.01895
6000,19,0.750683122,1.019
6000,19.05,0.7506901665,1.01905
6000,19.1,0.7506972156,1.0191
6000,19.15,0.7507042695,1.01915
6000,19.2,0.7507113281,1.0192
6000,19.25,0.7507183913,1.01925
6000,19.3,0.7507254593,1.0193
6000,19.35,0.7507325319,1.01935
6000,19.4,0.7507396093,1.0194
6000,19.45,0.7507466914,1.01945
6000,19.5,0.7507537782,1.0195
6000,19.55,0.7507608697,1.01955
6000,19.6,0.7507679659,1.0196
6000,19.65,0.7507750668,1.01965
6000,19.7,0.7507821724,1.0197
6000,19.75,0.7507892828,1.01975
6000,19.8,0.7507963979,1.0198
6000,19.85,0.7508035177,1.01985
6000,19.9,0.7508106423,1.0199
6000,19.95,0.7508177716,1.01995
6000,20,0.7508249056,1.02
6000,20.05,0.7508320443,1.02005
6000,20.1,0.7508391878,1.0201
6000,20.15,0.7508463361,1.02015
6000,20.2,0.7508534891,1.0202
6000,20.25,0.7508606468,1.02025
6000,20.3,0.7508678093,1.0203
6000,20.35,0.7508749765,1.02035
6000,20.4,0.7508821485,1.0204
6000,20.45,0.7508893252,1.02045
6000,20.5,0.7508965067,1.0205
6000,20.55,0.750903693,1.02055
6000,20.6,0.750910884,1.0206
6000,20.65,0.7509180798,1.02065
6000,20.7,0.7509252804,1.0207
6000,20.75,0.7509324857,1.02075
6000,20.8,0.7509396959,1.0208
6000,20.85,0.7509469107,1.02085
6000,20.9,0.7509541304,1.0209
6000,20.95,0.7509613549,1.02095
6000,21,0.7509685841,1.021
6000,21.05,0.7509758181,1.02105
6000,21.1,0.750983057,1.0211
6000,21.15,0.7509903006,1.02115
6000,21.2,0.750997549,1.0212
6000,21.25,0.7510048022,1.02125
6000,21.3,0.7510120602,1.0213
6000,21.35,0.751019323,1.02135
6000,21.4,0.7510265906,1.0214
6000,21.45,0.751033863,1.02145
6000,21.5,0.7510411403,1.0215
6000,21.55,0.7510484223,1.02155
6000,21.6,0.7510557092,1.0216
6000,21.65,0.7510630008,1.02165
6000,21.7,0.7510702973,1.0217
6000,21.75,0.7510775986,1.02175
6000,21.8,0.7510849048,1.0218
6000,21.85,0.7510922158,1.02185
6000,21.9,0.7510995316,1.0219
6000,21.95,0.7511068522,1.02195
6000,22,0.7511141777,1.022
6000,22.05,0.751121508,1.02205
6000,22.1,0.7511288431,1.0221
6000,22.15,0.7511361831,1.02215
6000,22.2,0.7511435279,1.0222
6000,22.25,0.7511508776,1.02225
6000,22.3,0.7511582321,1.0223
6000,22.35,0.7511655915,1.02235
6000,22.4,0.7511729558,1.0224
6000,22.45,0.7511803249,1.02245
6000,22.5,0.7511876988,1.0225
6000,22.55,0.7511950777,1.02255
6000,22.6,0.7512024614,1.0226
6000,22.65,0.7512098499,1.02265
6000,22.7,0.7512172433,1.0227
6000,22.75,0.7512246416,1.02275
6000,22.8,0.7512320448,1.0228
6000,22.85,0.7512394529,1.02285
6000,22.9,0.7512468658,1.0229
6000,22.95,0.7512542836,1.02295
6000,23,0.7512617063,1.023
6000,23.05,0.7512691339,1.02305
6000,23.1,0.7512765664,1.0231
6000,23.15,0.7512840038,1.02315
6000,23.2,0.7512914461,1.0232
6000,23.25,0.7512988933,1.02325
6000,23.3,0.7513063453,1.0233
6000,23.35,0.7513138023,1.02335
6000,23.4,0.7513212642,1.0234
6000,23.45,0.751328731,1.02345
6000,23.5,0.7513362027,1.0235
6000,23.55,0.7513436793,1.02355
6000,23.6,0.7513511609,1.0236
6000,23.65,0.7513586473,1.02365
6000,23.7,0.7513661387,1.0237
6000,23.75,0.751373635,1.02375
6000,23.8,0.7513811362,1.0238
6000,23.85,0.7513886424,1.02385
6000,23.9,0.7513961535,1.0239
6000,23.95,0.7514036695,1.02395
6000,24,0.7514111905,1.024
6000,24.05,0.7514187164,1.02405
6000,24.1,0.7514262472,1.0241
6000,24.15,0.751433783,1.02415
6000,24.2,0.7514413237,1.0242
6000,24.25,0.7514488694,1.02425
6000,24.3,0.7514564201,1.0243
6000,24.35,0.7514639756,1.02435
6000,24.4,0.7514715362,1.0244
6000,24.45,0.7514791017,1.02445
6000,24.5,0.7514866722,1.0245
6000,24.55,0.7514942476,1.02455
6000,24.6,0.751501828,1.0246
6000,24.65,0.7515094134,1.02465
6000,24.7,0.7515170037,1.0247
6000,24.75,0.7515245991,1.02475
6000,24.8,0.7515321994,1.0248
6000,24.85,0.7515398047,1.02485
6000,24.9,0.7515474149,1.0249
6000,24.95,0.7515550302,1.02495
6000,25,0.7515626504,1.025
6000,25.05,0.7515702756,1.02505
6000,25.1,0.7515779059,1.0251
6000,25.15,0.7515855411,1.02515
6000,25.2,0.7515931813,1.0252
6000,25.25,0.7516008265,1.02525
6000,25.3,0.7516084768,1.0253
6000,25.35,0.751616132,1.02535
6000,25.4,0.7516237922,1.0254
6000,25.45,0.7516314575,1.02545
6000,25.5,0.7516391277,1.0255
6000,25.55,0.751646803,1.02555
6000,25.6,0.7516544833,1.0256
6000,25.65,0.7516621687,1.02565
6000,25.7,0.751669859,1.0257
6000,25.75,0.7516775544,1.02575
6000,25.8,0.7516852548,1.0258
6000,25.85,0.7516929602,1.02585
6000,25.9,0.7517006707,1.0259
6000,25.95,0.7517083862,1.02595
6000,26,0.7517161067,1.026
6000,26.05,0.7517238323,1.02605
6000,26.1,0.751731563,1.0261
6000,26.15,0.7517392986,1.02615
6000,26.2,0.7517470394,1.0262
6000,26.25,0.7517547852,1.02625
6000,26.3,0.751762536,1.0263
6000,26.35,0.7517702919,1.02635
6000,26.4,0.7517780529,1.0264
6000,26.45,0.7517858189,1.02645
6000,26.5,0.75179359,1.0265
6000,26.55,0.7518013661,1.02655
6000,26.6,0.7518091474,1.0266
6000,26.65,0.7518169337,1.02665
6000,26.7,0.7518247251,1.0267
6000,26.75,0.7518325215,1.02675
6000,26.8,0.7518403231,1.0268
6000,26.85,0.7518481297,1.02685
6000,26.9,0.7518559414,1.0269
6000,26.95,0.7518637582,1.02695
6000,27,0.7518715801,1.027
6000,27.05,0.7518794071,1.02705
6000,27.1,0.7518872391,1.0271
6000,27.15,0.7518950763,1.02715
6000,27.2,0.7519029186,1.0272
6000,27.25,0.751910766,1.02725
6000,27.3,0.7519186185,1.0273
6000,27.35,0.7519264761,1.02735
6000,27.4,0.7519343388,1.0274
6000,27.45,0.7519422067,1.02745
6000,27.5,0.7519500796,1.0275
6000,27.55,0.7519579577,1.02755
6000,27.6,0.7519658409,1.0276
6000,27.65,0.7519737292,1.02765
6000,27.7,0.7519816226,1.0277
6000,27.75,0.7519895212,1.02775
6000,27.8,0.7519974249,1.0278
6000,27.85,0.7520053338,1.02785
6000,27.9,0.7520132478,1.0279
6000,27.95,0.7520211669,1.02795
6000,28,0.7520290912,1.028
6000,28.05,0.7520370206,1.02805
6000,28.1,0.7520449552,1.0281
6000,28.15,0.7520528949,1.02815
6000,28.2,0.7520608398,1.0282
6000,28.25,0.7520687898,1.02825
6000,28.3,0.752076745,1.0283
6000,28.35,0.7520847054,1.02835
6000,28.4,0.7520926709,1.0284
6000,28.45,0.7521006416,1.02845
6000,28.5,0.7521086174,1.0285
6000,28.55,0.7521165985,1.02855
6000,28.6,0.7521245847,1.0286
6000,28.65,0.7521325761,1.02865
6000,28.7,0.7521405726,1.0287
6000,28.75,0.7521485744,1.02875
6000,28.8,0.7521565813,1.0288
6000,28.85,0.7521645934,1.02885
6000,28.9,0.7521726108,1.0289
6000,28.95,0.7521806333,1.02895
6000,29,0.752188661,1.029
6000,29.05,0.7521966939,1.02905
6000,29.1,0.752204732,1.0291
6000,29.15,0.7522127753,1.02915
6000,29.2,0.7522208238,1.0292
6000,29.25,0.7522288775,1.02925
6000,29.3,0.7522369365,1.0293
6000,29.35,0.7522450006,1.02935
6000,29.4,0.75225307,1.0294
6000,29.45,0.7522611446,1.02945
6000,29.5,0.7522692244,1.0295
6000,29.55,0.7522773095,1.02955
6000,29.6,0.7522853997,1.0296
6000,29.65,0.7522934952,1.02965
6000,29.7,0.752301596,1.0297
6000,29.75,0.7523097019,1.02975
6000,29.8,0.7523178132,1.0298
6000,29.85,0.7523259296,1.02985
6000,29.9,0.7523340513,1.0299
6000,29.95,0.7523421782,1.02995
6000,30,0.7523503104,1.03
6000,30.05,0.7523584479,1.03005
6000,30.1,0.7523665906,1.0301
6000,30.15,0.7523747385,1.03015
6000,30.2,0.7523828917,1.0302
6000,30.25,0.7523910502,1.03025
6000,30.3,0.752399214,1.0303
6000,30.35,0.752407383,1.03035
6000,30.4,0.7524155573,1.0304
6000,30.45,0.7524237368,1.03045
6000,30.5,0.7524319216,1.0305
6000,30.55,0.7524401117,1.03055
6000,30.6,0.7524483071,1.0306
6000,30.65,0.7524565078,1.03065
6000,30.7,0.7524647138,1.0307
6000,30.75,0.752472925,1.03075
6000,30.8,0.7524811416,1.0308
6000,30.85,0.7524893634,1.03085
6000,30.9,0.7524975905,1.0309
6000,30.95,0.752505823,1.03095
6000,31,0.7525140607,1.031
6000,31.05,0.7525223037,1.03105
6000,31.1,0.7525305521,1.0311
6000,31.15,0.7525388057,1.03115
6000,31.2,0.7525470647,1.0312
6000,31.25,0.752555329,1.03125
6000,31.3,0.7525635986,1.0313
6000,31.35,0.7525718735,1.03135
6000,31.4,0.7525801538,1.0314
6000,31.45,0.7525884393,1.03145
6000,31.5,0.7525967303,1.0315
6000,31.55,0.7526050265,1.03155
6000,31.6,0.7526133281,1.0316
6000,31.65,0.752621635,1.03165
6000,31.7,0.7526299472,1.0317
6000,31.75,0.7526382648,1.03175
6000,31.8,0.7526465877,1.0318
6000,31.85,0.752654916,1.03185
6000,31.9,0.7526632497,1.0319
6000,31.95,0.7526715886,1.03195
6000,32,0.752679933,1.032
6000,32.05,0.7526882827,1.03205
6000,32.1,0.7526966378,1.0321
6000,32.15,0.7527049982,1.03215
6000,32.2,0.752713364,1.0322
6000,32.25,0.7527217351,1.03225
6000,32.3,0.7527301117,1.0323
6000,32.35,0.7527384936,1.03235
6000,32.4,0.7527468809,1.0324
6000,32.45,0.7527552735,1.03245
6000,32.5,0.7527636716,1.0325
6000,32.55,0.752772075,1.03255
6000,32.6,0.7527804838,1.0326
6000,32.65,0.752788898,1.03265
6000,32.7,0.7527973176,1.0327
6000,32.75,0.7528057426,1.03275
6000,32.8,0.752814173,1.0328
6000,32.85,0.7528226088,1.03285
6000,32.9,0.7528310501,1.0329
6000,32.95,0.7528394967,1.03295
6000,33,0.7528479487,1.033
6000,33.05,0.7528564061,1.03305
6000,33.1,0.752864869,1.0331
6000,33.15,0.7528733372,1.03315
6000,33.2,0.7528818109,1.0332
6000,33.25,0.75289029,1.03325
6000,33.3,0.7528987746,1.0333
6000,33.35,0.7529072645,1.03335
6000,33.4,0.7529157599,1.0334
6000,33.45,0.7529242608,1.03345
6000,33.5,0.752932767,1.0335
6000,33.55,0.7529412787,1.03355
6000,33.6,0.7529497959,1.0336
6000,33.65,0.7529583185,1.03365
6000,33.7,0.7529668465,1.0337
6000,33.75,0.75297538,1.03375
6000,33.8,0.7529839189,1.0338
6000,33.85,0.7529924633,1.03385
6000,33.9,0.7530010132,1.0339
6000,33.95,0.7530095685,1.03395
6000,34,0.7530181293,1.034
6000,34.05,0.7530266955,1.03405
6000,34.1,0.7530352672,1.0341
6000,34.15,0.7530438444,1.03415
6000,34.2,0.7530524271,1.0342
6000,34.25,0.7530610152,1.03425
6000,34.3,0.7530696088,1.0343
6000,34.35,0.7530782079,1.03435
6000,34.4,0.7530868125,1.0344
6000,34.45,0.7530954226,1.03445
6000,34.5,0.7531040381,1.0345
6000,34.55,0.7531126592,1.03455
6000,34.6,0.7531212857,1.0346
6000,34.65,0.7531299178,1.03465
6000,34.7,0.7531385553,1.0347
6000,34.75,0.7531471984,1.03475
6000,34.8,0.7531558469,1.0348
6000,34.85,0.753164501,1.03485
6000,34.9,0.7531731606,1.0349
6000,34.95,0.7531818257,1.03495
6000,35,0.7531904963,1.035
6000,35.05,0.7531991724,1.03505
6000,35.1,0.7532078541,1.0351
6000,35.15,0.7532165413,1.03515
6000,35.2,0.753225234,1.0352
6000,35.25,0.7532339322,1.03525
6000,35.3,0.753242636,1.0353
6000,35.35,0.7532513453,1.03535
6000,35.4,0.7532600602,1.0354
6000,35.45,0.7532687806,1.03545
6000,35.5,0.7532775065,1.0355
6000,35.55,0.753286238,1.03555
6000,35.6,0.753294975,1.0356
6000,35.65,0.7533037176,1.03565
6000,35.7,0.7533124658,1.0357
6000,35.75,0.7533212195,1.03575
6000,35.8,0.7533299787,1.0358
6000,35.85,0.7533387436,1.03585
6000,35.9,0.753347514,1.0359
6000,35.95,0.7533562899,1.03595
6000,36,0.7533650715,1.036
6000,36.05,0.7533738586,1.03605
6000,36.1,0.7533826513,1.0361
6000,36.15,0.7533914496,1.03615
6000,36.2,0.7534002534,1.0362
6000,36.25,0.7534090628,1.03625
6000,36.3,0.7534178779,1.0363
6000,36.35,0.7534266985,1.03635
6000,36.4,0.7534355247,1.0364
6000,36.45,0.7534443565,1.03645
6000,36.5,0.7534531939,1.0365
6000,36.55,0.753462037,1.03655
6000,36.6,0.7534708856,1.0366
6000,36.65,0.7534797398,1.03665
6000,36.7,0.7534885996,1.0367
6000,36.75,0.7534974651,1.03675
6000,36.8,0.7535063362,1.0368
6000,36.85,0.7535152128,1.03685
6000,36.9,0.7535240951,1.0369
6000,36.95,0.7535329831,1.03695
6000,37,0.7535418766,1.037
6000,37.05,0.7535507758,1.03705
6000,37.1,0.7535596806,1.0371
6000,37.15,0.7535685911,1.03715
6000,37.2,0.7535775072,1.0372
6000,37.25,0.7535864289,1.03725
6000,37.3,0.7535953563,1.0373
6000,37.35,0.7536042893,1.03735
6000,37.4,0.753613228,1.0374
6000,37.45,0.7536221723,1.03745
6000,37.5,0.7536311223,1.0375
6000,37.55,0.7536400779,1.03755
6000,37.6,0.7536490392,1.0376
6000,37.65,0.7536580062,1.03765
6000,37.7,0.7536669788,1.0377
6000,37.75,0.7536759571,1.03775
6000,37.8,0.7536849411,1.0378
6000,37.85,0.7536939307,1.03785
6000,37.9,0.753702926,1.0379
6000,37.95,0.753711927,1.03795
6000,38,0.7537209337,1.038
6000,38.05,0.753729946,1.03805
6000,38.1,0.7537389641,1.0381
6000,38.15,0.7537479878,1.03815
6000,38.2,0.7537570172,1.0382
6000,38.25,0.7537660524,1.03825
6000,38.3,0.7537750932,1.0383
6000,38.35,0.7537841397,1.03835
6000,38.4,0.753793192,1.0384
6000,38.45,0.7538022499,1.03845
6000,38.5,0.7538113135,1.0385
6000,38.55,0.7538203829,1.03855
6000,38.6,0.753829458,1.0386
6000,38.65,0.7538385388,1.03865
6000,38.7,0.7538476253,1.0387
6000,38.75,0.7538567175,1.03875
6000,38.8,0.7538658155,1.0388
6000,38.85,0.7538749192,1.03885
6000,38.9,0.7538840286,1.0389
6000,38.95,0.7538931437,1.03895
6000,39,0.7539022646,1.039
6000,39.05,0.7539113913,1.03905
6000,39.1,0.7539205237,1.0391
6000,39.15,0.7539296618,1.03915
6000,39.2,0.7539388056,1.0392
6000,39.25,0.7539479553,1.03925
6000,39.3,0.7539571106,1.0393
6000,39.35,0.7539662718,1.03935
6000,39.4,0.7539754387,1.0394
6000,39.45,0.7539846113,1.03945
6000,39.5,0.7539937898,1.0395
6000,39.55,0.7540029739,1.03955
6000,39.6,0.7540121639,1.0396
6000,39.65,0.7540213596,1.03965
6000,39.7,0.7540305611,1.0397
6000,39.75,0.7540397684,1.03975
6000,39.8,0.7540489815,1.0398
6000,39.85,0.7540582004,1.03985
6000,39.9,0.754067425,1.0399
6000,39.95,0.7540766554,1.03995
6000,40,0.7540858917,1.04
6000,40.05,0.7540951337,1.04005
6000,40.1,0.7541043815,1.0401
6000,40.15,0.7541136351,1.04015
6000,40.2,0.7541228945,1.0402
6000,40.25,0.7541321598,1.04025
6000,40.3,0.7541414308,1.0403
6000,40.35,0.7541507077,1.04035
6000,40.4,0.7541599903,1.0404
6000,40.45,0.7541692788,1.04045
6000,40.5,0.7541785731,1.0405
6000,40.55,0.7541878733,1.04055
6000,40.6,0.7541971792,1.0406
6000,40.65,0.754206491,1.04065
6000,40.7,0.7542158086,1.0407
6000,40.75,0.7542251321,1.04075
6000,40.8,0.7542344614,1.0408
6000,40.85,0.7542437965,1.04085
6000,40.9,0.7542531375,1.0409
6000,40.95,0.7542624843,1.04095
6000,41,0.754271837,1.041
6000,41.05,0.7542811955,1.04105
6000,41.1,0.7542905599,1.0411
6000,41.15,0.7542999301,1.04115
6000,41.2,0.7543093062,1.0412
6000,41.25,0.7543186882,1.04125
6000,41.3,0.754328076,1.0413
6000,41.35,0.7543374697,1.04135
6000,41.4,0.7543468693,1.0414
6000,41.45,0.7543562747,1.04145
6000,41.5,0.754365686,1.0415
6000,41.55,0.7543751032,1.04155
6000,41.6,0.7543845263,1.0416
6000,41.65,0.7543939552,1.04165
6000,41.7,0.7544033901,1.0417
6000,41.75,0.7544128308,1.04175
6000,41.8,0.7544222775,1.0418
6000,41.85,0.75443173,1.04185
6000,41.9,0.7544411884,1.0419
6000,41.95,0.7544506527,1.04195
6000,42,0.754460123,1.042
6000,42.05,0.7544695991,1.04205
6000,42.1,0.7544790812,1.0421
6000,42.15,0.7544885691,1.04215
6000,42.2,0.754498063,1.0422
6000,42.25,0.7545075628,1.04225
6000,42.3,0.7545170686,1.0423
6000,42.35,0.7545265802,1.04235
6000,42.4,0.7545360978,1.0424
6000,42.45,0.7545456213,1.04245
6000,42.5,0.7545551507,1.0425
6000,42.55,0.7545646861,1.04255
6000,42.6,0.7545742274,1.0426
6000,42.65,0.7545837747,1.04265
6000,42.7,0.7545933279,1.0427
6000,42.75,0.754602887,1.04275
6000,42.8,0.7546124521,1.0428
6000,42.85,0.7546220232,1.04285
6000,42.9,0.7546316002,1.0429
6000,42.95,0.7546411831,1.04295
6000,43,0.7546507721,1.043
6000,43.05,0.754660367,1.04305
6000,43.1,0.7546699678,1.0431
6000,43.15,0.7546795747,1.04315
6000,43.2,0.7546891875,1.0432
6000,43.25,0.7546988062,1.04325
6000,43.3,0.754708431,1.0433
6000,43.35,0.7547180617,1.04335
6000,43.4,0.7547276984,1.0434
6000,43.45,0.7547373411,1.04345
6000,43.5,0.7547469898,1.0435
6000,43.55,0.7547566445,1.04355
6000,43.6,0.7547663052,1.0436
6000,43.65,0.7547759719,1.04365
6000,43.7,0.7547856446,1.0437
6000,43.75,0.7547953233,1.04375
6000,43.8,0.754805008,1.0438
6000,43.85,0.7548146987,1.04385
6000,43.9,0.7548243954,1.0439
6000,43.95,0.7548340981,1.04395
6000,44,0.7548438068,1.044
6000,44.05,0.7548535216,1.04405
6000,44.1,0.7548632424,1.0441
6000,44.15,0.7548729692,1.04415
6000,44.2,0.7548827021,1.0442
6000,44.25,0.754892441,1.04425
6000,44.3,0.7549021859,1.0443
6000,44.35,0.7549119368,1.04435
6000,44.4,0.7549216938,1.0444
6000,44.45,0.7549314569,1.04445
6000,44.5,0.7549412259,1.0445
6000,44.55,0.7549510011,1.04455
6000,44.6,0.7549607823,1.0446
6000,44.65,0.7549705695,1.04465
6000,44.7,0.7549803628,1.0447
6000,44.75,0.7549901622,1.04475
6000,44.8,0.7549999676,1.0448
6000,44.85,0.7550097791,1.04485
6000,44.9,0.7550195966,1.0449
6000,44.95,0.7550294203,1.04495
6000,45,0.75503925,1.045
6000,45.05,0.7550490857,1.04505
6000,45.1,0.7550589276,1.0451
6000,45.15,0.7550687755,1.04515
6000,45.2,0.7550786296,1.0452
6000,45.25,0.7550884897,1.04525
6000,45.3,0.7550983559,1.0453
6000,45.35,0.7551082282,1.04535
6000,45.4,0.7551181066,1.0454
6000,45.45,0.7551279911,1.04545
6000,45.5,0.7551378817,1.0455
6000,45.55,0.7551477785,1.04555
6000,45.6,0.7551576813,1.0456
6000,45.65,0.7551675902,1.04565
6000,45.7,0.7551775053,1.0457
6000,45.75,0.7551874264,1.04575
6000,45.8,0.7551973537,1.0458
6000,45.85,0.7552072871,1.04585
6000,45.9,0.7552172267,1.0459
6000,45.95,0.7552271724,1.04595
6000,46,0.7552371242,1.046
6000,46.05,0.7552470821,1.04605
6000,46.1,0.7552570462,1.0461
6000,46.15,0.7552670164,1.04615
6000,46.2,0.7552769927,1.0462
6000,46.25,0.7552869752,1.04625
6000,46.3,0.7552969639,1.0463
6000,46.35,0.7553069587,1.04635
6000,46.4,0.7553169597,1.0464
6000,46.45,0.7553269668,1.04645
6000,46.5,0.7553369801,1.0465
6000,46.55,0.7553469995,1.04655
6000,46.6,0.7553570251,1.0466
6000,46.65,0.7553670569,1.04665
6000,46.7,0.7553770948,1.0467
6000,46.75,0.755387139,1.04675
6000,46.8,0.7553971893,1.0468
6000,46.85,0.7554072457,1.04685
6000,46.9,0.7554173084,1.0469
6000,46.95,0.7554273773,1.04695
6000,47,0.7554374523,1.047
6000,47.05,0.7554475335,1.04705
6000,47.1,0.755457621,1.0471
6000,47.15,0.7554677146,1.04715
6000,47.2,0.7554778144,1.0472
6000,47.25,0.7554879205,1.04725
6000,47.3,0.7554980327,1.0473
6000,47.35,0.7555081512,1.04735
6000,47.4,0.7555182758,1.0474
6000,47.45,0.7555284067,1.04745
6000,47.5,0.7555385438,1.0475
6000,47.55,0.7555486871,1.04755
6000,47.6,0.7555588366,1.0476
6000,47.65,0.7555689924,1.04765
6000,47.7,0.7555791544,1.0477
6000,47.75,0.7555893226,1.04775
6000,47.8,0.7555994971,1.0478
6000,47.85,0.7556096778,1.04785
6000,47.9,0.7556198648,1.0479
6000,47.95,0.7556300579,1.04795
6000,48,0.7556402574,1.048
6000,48.05,0.7556504631,1.04805
6000,48.1,0.755660675,1.0481
6000,48.15,0.7556708932,1.04815
6000,48.2,0.7556811176,1.0482
6000,48.25,0.7556913484,1.04825
6000,48.3,0.7557015853,1.0483
6000,48.35,0.7557118286,1.04835
6000,48.4,0.7557220781,1.0484
6000,48.45,0.7557323339,1.04845
6000,48.5,0.755742596,1.0485
6000,48.55,0.7557528643,1.04855
6000,48.6,0.7557631389,1.0486
6000,48.65,0.7557734198,1.04865
6000,48.7,0.755783707,1.0487
6000,48.75,0.7557940005,1.04875
6000,48.8,0.7558043003,1.0488
6000,48.85,0.7558146064,1.04885
6000,48.9,0.7558249187,1.0489
6000,48.95,0.7558352374,1.04895
6000,49,0.7558455624,1.049
6000,49.05,0.7558558937,1.04905
6000,49.1,0.7558662313,1.0491
6000,49.15,0.7558765752,1.04915
6000,49.2,0.7558869254,1.0492
6000,49.25,0.755897282,1.04925
6000,49.3,0.7559076449,1.0493
6000,49.35,0.7559180141,1.04935
6000,49.4,0.7559283896,1.0494
6000,49.45,0.7559387714,1.04945
6000,49.5,0.7559491596,1.0495
6000,49.55,0.7559595542,1.04955
6000,49.6,0.755969955,1.0496
6000,49.65,0.7559803622,1.04965
6000,49.7,0.7559907758,1.0497
6000,49.75,0.7560011957,1.04975
6000,49.8,0.756011622,1.0498
6000,49.85,0.7560220546,1.04985
6000,49.9,0.7560324935,1.0499
6000,49.95,0.7560429389,1.04995
6000,50,0.7560533905,1.05
6000,50.05,0.7560638486,1.05005
6000,50.1,0.756074313,1.0501
6000,50.15,0.7560847838,1.05015
6000,50.2,0.756095261,1.0502
6000,50.25,0.7561057445,1.05025
6000,50.3,0.7561162345,1.0503
6000,50.35,0.7561267308,1.05035
6000,50.4,0.7561372335,1.0504
6000,50.45,0.7561477426,1.05045
6000,50.5,0.756158258,1.0505
6000,50.55,0.7561687799,1.05055
6000,50.6,0.7561793082,1.0506
6000,50.65,0.7561898429,1.05065
6000,50.7,0.7562003839,1.0507
6000,50.75,0.7562109314,1.05075
6000,50.8,0.7562214853,1.0508
6000,50.85,0.7562320456,1.05085
6000,50.9,0.7562426123,1.0509
6000,50.95,0.7562531855,1.05095
6000,51,0.756263765,1.051
6000,51.05,0.756274351,1.05105
6000,51.1,0.7562849434,1.0511
6000,51.15,0.7562955423,1.05115
6000,51.2,0.7563061475,1.0512
6000,51.25,0.7563167593,1.05125
6000,51.3,0.7563273774,1.0513
6000,51.35,0.756338002,1.05135
6000,51.4,0.756348633,1.0514
6000,51.45,0.7563592705,1.05145
6000,51.5,0.7563699144,1.0515
6000,51.55,0.7563805648,1.05155
6000,51.6,0.7563912217,1.0516
6000,51.65,0.756401885,1.05165
6000,51.7,0.7564125547,1.0517
6000,51.75,0.756423231,1.05175
6000,51.8,0.7564339137,1.0518
6000,51.85,0.7564446028,1.05185
6000,51.9,0.7564552985,1.0519
6000,51.95,0.7564660006,1.05195
6000,52,0.7564767092,1.052
6000,52.05,0.7564874243,1.05205
6000,52.1,0.7564981459,1.0521
6000,52.15,0.7565088739,1.05215
6000,52.2,0.7565196085,1.0522
6000,52.25,0.7565303495,1.05225
6000,52.3,0.756541097,1.0523
6000,52.35,0.7565518511,1.05235
6000,52.4,0.7565626116,1.0524
6000,52.45,0.7565733787,1.05245
6000,52.5,0.7565841522,1.0525
6000,52.55,0.7565949323,1.05255
6000,52.6,0.7566057189,1.0526
6000,52.65,0.756616512,1.05265
6000,52.7,0.7566273116,1.0527
6000,52.75,0.7566381178,1.05275
6000,52.8,0.7566489304,1.0528
6000,52.85,0.7566597497,1.05285
6000,52.9,0.7566705754,1.0529
6000,52.95,0.7566814077,1.05295
6000,53,0.7566922465,1.053
6000,53.05,0.7567030918,1.05305
6000,53.1,0.7567139437,1.0531
6000,53.15,0.7567248022,1.05315
6000,53.2,0.7567356672,1.0532
6000,53.25,0.7567465387,1.05325
6000,53.3,0.7567574168,1.0533
6000,53.35,0.7567683015,1.05335
6000,53.4,0.7567791927,1.0534
6000,53.45,0.7567900905,1.05345
6000,53.5,0.7568009949,1.0535
6000,53.55,0.7568119058,1.05355
6000,53.6,0.7568228233,1.0536
6000,53.65,0.7568337474,1.05365
6000,53.7,0.756844678,1.0537
6000,53.75,0.7568556153,1.05375
6000,53.8,0.7568665591,1.0538
6000,53.85,0.7568775095,1.05385
6000,53.9,0.7568884665,1.0539
6000,53.95,0.7568994301,1.05395
6000,54,0.7569104003,1.054
6000,54.05,0.7569213772,1.05405
6000,54.1,0.7569323606,1.0541
6000,54.15,0.7569433506,1.05415
6000,54.2,0.7569543472,1.0542
6000,54.25,0.7569653504,1.05425
6000,54.3,0.7569763603,1.0543
6000,54.35,0.7569873767,1.05435
6000,54.4,0.7569983998,1.0544
6000,54.45,0.7570094295,1.05445
6000,54.5,0.7570204659,1.0545
6000,54.55,0.7570315089,1.05455
6000,54.6,0.7570425585,1.0546
6000,54.65,0.7570536147,1.05465
6000,54.7,0.7570646776,1.0547
6000,54.75,0.7570757471,1.05475
6000,54.8,0.7570868233,1.0548
6000,54.85,0.7570979061,1.05485
6000,54.9,0.7571089955,1.0549
6000,54.95,0.7571200916,1.05495
6000,55,0.7571311944,1.055
6000,55.05,0.7571423039,1.05505
6000,55.1,0.7571534199,1.0551
6000,55.15,0.7571645427,1.05515
6000,55.2,0.7571756721,1.0552
6000,55.25,0.7571868082,1.05525
6000,55.3,0.757197951,1.0553
6000,55.35,0.7572091005,1.05535
6000,55.4,0.7572202566,1.0554
6000,55.45,0.7572314194,1.05545
6000,55.5,0.7572425889,1.0555
6000,55.55,0.7572537651,1.05555
6000,55.6,0.757264948,1.0556
6000,55.65,0.7572761376,1.05565
6000,55.7,0.7572873339,1.0557
6000,55.75,0.7572985368,1.05575
6000,55.8,0.7573097465,1.0558
6000,55.85,0.7573209629,1.05585
6000,55.9,0.757332186,1.0559
6000,55.95,0.7573434158,1.05595
6000,56,0.7573546524,1.056
6000,56.05,0.7573658956,1.05605
6000,56.1,0.7573771456,1.0561
6000,56.15,0.7573884023,1.05615
6000,56.2,0.7573996657,1.0562
6000,56.25,0.7574109359,1.05625
6000,56.3,0.7574222128,1.0563
6000,56.35,0.7574334964,1.05635
6000,56.4,0.7574447867,1.0564
6000,56.45,0.7574560839,1.05645
6000,56.5,0.7574673877,1.0565
6000,56.55,0.7574786983,1.05655
6000,56.6,0.7574900157,1.0566
6000,56.65,0.7575013398,1.05665
6000,56.7,0.7575126707,1.0567
6000,56.75,0.7575240083,1.05675
6000,56.8,0.7575353527,1.0568
6000,56.85,0.7575467038,1.05685
6000,56.9,0.7575580618,1.0569
6000,56.95,0.7575694265,1.05695
6000,57,0.7575807979,1.057
6000,57.05,0.7575921762,1.05705
6000,57.1,0.7576035612,1.0571
6000,57.15,0.7576149531,1.05715
6000,57.2,0.7576263517,1.0572
6000,57.25,0.7576377571,1.05725
6000,57.3,0.7576491693,1.0573
6000,57.35,0.7576605883,1.05735
6000,57.4,0.7576720141,1.0574
6000,57.45,0.7576834466,1.05745
6000,57.5,0.757694886,1.0575
6000,57.55,0.7577063322,1.05755
6000,57.6,0.7577177853,1.0576
6000,57.65,0.7577292451,1.05765
6000,57.7,0.7577407118,1.0577
6000,57.75,0.7577521852,1.05775
6000,57.8,0.7577636655,1.0578
6000,57.85,0.7577751526,1.05785
6000,57.9,0.7577866466,1.0579
6000,57.95,0.7577981474,1.05795
6000,58,0.757809655,1.058
6000,58.05,0.7578211695,1.05805
6000,58.1,0.7578326908,1.0581
6000,58.15,0.7578442189,1.05815
6000,58.2,0.7578557539,1.0582
6000,58.25,0.7578672957,1.05825
6000,58.3,0.7578788444,1.0583
6000,58.35,0.7578904,1.05835
6000,58.4,0.7579019624,1.0584
6000,58.45,0.7579135317,1.05845
6000,58.5,0.7579251078,1.0585
6000,58.55,0.7579366908,1.05855
6000,58.6,0.7579482807,1.0586
6000,58.65,0.7579598774,1.05865
6000,58.7,0.7579714811,1.0587
6000,58.75,0.7579830916,1.05875
6000,58.8,0.757994709,1.0588
6000,58.85,0.7580063332,1.05885
6000,58.9,0.7580179644,1.0589
6000,58.95,0.7580296025,1.05895
6000,59,0.7580412474,1.059
6000,59.05,0.7580528993,1.05905
6000,59.1,0.758064558,1.0591
6000,59.15,0.7580762237,1.05915
6000,59.2,0.7580878963,1.0592
6000,59.25,0.7580995758,1.05925
6000,59.3,0.7581112621,1.0593
6000,59.35,0.7581229555,1.05935
6000,59.4,0.7581346557,1.0594
6000,59.45,0.7581463628,1.05945
6000,59.5,0.7581580769,1.0595
6000,59.55,0.7581697979,1.05955
6000,59.6,0.7581815259,1.0596
6000,59.65,0.7581932607,1.05965
6000,59.7,0.7582050025,1.0597
6000,59.75,0.7582167513,1.05975
6000,59.8,0.758228507,1.0598
6000,59.85,0.7582402696,1.05985
6000,59.9,0.7582520392,1.0599
6000,59.95,0.7582638157,1.05995
6000,60,0.7582755992,1.06
6000,60.05,0.7582873897,1.06005
6000,60.1,0.7582991871,1.0601
6000,60.15,0.7583109915,1.06015
6000,60.2,0.7583228029,1.0602
6000,60.25,0.7583346212,1.06025
6000,60.3,0.7583464465,1.0603
6000,60.35,0.7583582787,1.06035
6000,60.4,0.758370118,1.0604
6000,60.45,0.7583819642,1.06045
6000,60.5,0.7583938174,1.0605
6000,60.55,0.7584056776,1.06055
6000,60.6,0.7584175448,1.0606
6000,60.65,0.758429419,1.06065
6000,60.7,0.7584413002,1.0607
6000,60.75,0.7584531884,1.06075
6000,60.8,0.7584650836,1.0608
6000,60.85,0.7584769858,1.06085
6000,60.9,0.758488895,1.0609
6000,60.95,0.7585008113,1.06095
6000,61,0.7585127345,1.061
6000,61.05,0.7585246648,1.06105
6000,61.1,0.7585366021,1.0611
6000,61.15,0.7585485464,1.06115
6000,61.2,0.7585604977,1.0612
6000,61.25,0.7585724561,1.06125
6000,61.3,0.7585844215,1.0613
6000,61.35,0.7585963939,1.06135
6000,61.4,0.7586083734,1.0614
6000,61.45,0.7586203599,1.06145
6000,61.5,0.7586323535,1.0615
6000,61.55,0.7586443541,1.06155
6000,61.6,0.7586563618,1.0616
6000,61.65,0.7586683765,1.06165
6000,61.7,0.7586803983,1.0617
6000,61.75,0.7586924271,1.06175
6000,61.8,0.758704463,1.0618
6000,61.85,0.758716506,1.06185
6000,61.9,0.758728556,1.0619
6000,61.95,0.7587406132,1.06195
6000,62,0.7587526774,1.062
6000,62.05,0.7587647486,1.06205
6000,62.1,0.758776827,1.0621
6000,62.15,0.7587889124,1.06215
6000,62.2,0.758801005,1.0622
6000,62.25,0.7588131046,1.06225
6000,62.3,0.7588252113,1.0623
6000,62.35,0.7588373251,1.06235
6000,62.4,0.758849446,1.0624
6000,62.45,0.7588615741,1.06245
6000,62.5,0.7588737092,1.0625
6000,62.55,0.7588858514,1.06255
6000,62.6,0.7588980008,1.0626
6000,62.65,0.7589101572,1.06265
6000,62.7,0.7589223208,1.0627
6000,62.75,0.7589344915,1.06275
6000,62.8,0.7589466694,1.0628
6000,62.85,0.7589588543,1.06285
6000,62.9,0.7589710464,1.0629
6000,62.95,0.7589832456,1.06295
6000,63,0.758995452,1.063
6000,63.05,0.7590076655,1.06305
6000,63.1,0.7590198862,1.0631
6000,63.15,0.7590321139,1.06315
6000,63.2,0.7590443489,1.0632
6000,63.25,0.759056591,1.06325
6000,63.3,0.7590688402,1.0633
6000,63.35,0.7590810966,1.06335
6000,63.4,0.7590933602,1.0634
6000,63.45,0.7591056309,1.06345
6000,63.5,0.7591179088,1.0635
6000,63.55,0.7591301939,1.06355
6000,63.6,0.7591424861,1.0636
6000,63.65,0.7591547856,1.06365
6000,63.7,0.7591670922,1.0637
6000,63.75,0.759179406,1.06375
6000,63.8,0.7591917269,1.0638
6000,63.85,0.7592040551,1.06385
6000,63.9,0.7592163904,1.0639
6000,63.95,0.759228733,1.06395
6000,64,0.7592410827,1.064
6000,64.05,0.7592534397,1.06405
6000,64.1,0.7592658038,1.0641
6000,64.15,0.7592781752,1.06415
6000,64.2,0.7592905537,1.0642
6000,64.25,0.7593029395,1.06425
6000,64.3,0.7593153325,1.0643
6000,64.35,0.7593277327,1.06435
6000,64.4,0.7593401402,1.0644
6000,64.45,0.7593525548,1.06445
6000,64.5,0.7593649767,1.0645
6000,64.55,0.7593774058,1.06455
6000,64.6,0.7593898422,1.0646
6000,64.65,0.7594022858,1.06465
6000,64.7,0.7594147366,1.0647
6000,64.75,0.7594271947,1.06475
6000,64.8,0.75943966,1.0648
6000,64.85,0.7594521326,1.06485
6000,64.9,0.7594646124,1.0649
6000,64.95,0.7594770995,1.06495
6000,65,0.7594895939,1.065
6000,65.05,0.7595020955,1.06505
6000,65.1,0.7595146043,1.0651
6000,65.15,0.7595271205,1.06515
6000,65.2,0.7595396439,1.0652
6000,65.25,0.7595521746,1.06525
6000,65.3,0.7595647125,1.0653
6000,65.35,0.7595772578,1.06535
6000,65.4,0.7595898103,1.0654
6000,65.45,0.7596023701,1.06545
6000,65.5,0.7596149372,1.0655
6000,65.55,0.7596275116,1.06555
6000,65.6,0.7596400933,1.0656
6000,65.65,0.7596526823,1.06565
6000,65.7,0.7596652786,1.0657
6000,65.75,0.7596778822,1.06575
6000,65.8,0.7596904931,1.0658
6000,65.85,0.7597031113,1.06585
6000,65.9,0.7597157368,1.0659
6000,65.95,0.7597283696,1.06595
6000,66,0.7597410098,1.066
6000,66.05,0.7597536573,1.06605
6000,66.1,0.7597663121,1.0661
6000,66.15,0.7597789743,1.06615
6000,66.2,0.7597916437,1.0662
6000,66.25,0.7598043205,1.06625
6000,66.3,0.7598170047,1.0663
6000,66.35,0.7598296962,1.06635
6000,66.4,0.759842395,1.0664
6000,66.45,0.7598551012,1.06645
6000,66.5,0.7598678147,1.0665
6000,66.55,0.7598805356,1.06655
6000,66.6,0.7598932639,1.0666
6000,66.65,0.7599059995,1.06665
6000,66.7,0.7599187424,1.0667
6000,66.75,0.7599314928,1.06675
6000,66.8,0.7599442505,1.0668
6000,66.85,0.7599570156,1.06685
6000,66.9,0.759969788,1.0669
6000,66.95,0.7599825678,1.06695
6000,67,0.759995355,1.067
6000,67.05,0.7600081496,1.06705
6000,67.1,0.7600209516,1.0671
6000,67.15,0.760033761,1.06715
6000,67.2,0.7600465778,1.0672
6000,67.25,0.7600594019,1.06725
6000,67.3,0.7600722335,1.0673
6000,67.35,0.7600850725,1.06735
6000,67.4,0.7600979188,1.0674
6000,67.45,0.7601107726,1.06745
6000,67.5,0.7601236338,1.0675
6000,67.55,0.7601365024,1.06755
6000,67.6,0.7601493785,1.0676
6000,67.65,0.7601622619,1.06765
6000,67.7,0.7601751528,1.0677
6000,67.75,0.7601880511,1.06775
6000,67.8,0.7602009568,1.0678
6000,67.85,0.76021387,1.06785
6000,67.9,0.7602267906,1.0679
6000,67.95,0.7602397186,1.06795
6000,68,0.7602526541,1.068
6000,68.05,0.760265597,1.06805
6000,68.1,0.7602785474,1.0681
6000,68.15,0.7602915053,1.06815
6000,68.2,0.7603044705,1.0682
6000,68.25,0.7603174433,1.06825
6000,68.3,0.7603304235,1.0683
6000,68.35,0.7603434112,1.06835
6000,68.4,0.7603564063,1.0684
6000,68.45,0.7603694089,1.06845
6000,68.5,0.760382419,1.0685
6000,68.55,0.7603954366,1.06855
6000,68.6,0.7604084616,1.0686
6000,68.65,0.7604214941,1.06865
6000,68.7,0.7604345341,1.0687
6000,68.75,0.7604475816,1.06875
6000,68.8,0.7604606366,1.0688
6000,68.85,0.7604736991,1.06885
6000,68.9,0.7604867691,1.0689
6000,68.95,0.7604998466,1.06895
6000,69,0.7605129316,1.069
6000,69.05,0.7605260241,1.06905
6000,69.1,0.7605391241,1.0691
6000,69.15,0.7605522316,1.06915
6000,69.2,0.7605653466,1.0692
6000,69.25,0.7605784692,1.06925
6000,69.3,0.7605915993,1.0693
6000,69.35,0.7606047369,1.06935
6000,69.4,0.760617882,1.0694
6000,69.45,0.7606310347,1.06945
6000,69.5,0.7606441949,1.0695
6000,69.55,0.7606573626,1.06955
6000,69.6,0.7606705379,1.0696
6000,69.65,0.7606837207,1.06965
6000,69.7,0.7606969111,1.0697
6000,69.75,0.7607101091,1.06975
6000,69.8,0.7607233145,1.0698
6000,69.85,0.7607365276,1.06985
6000,69.9,0.7607497482,1.0699
6000,69.95,0.7607629763,1.06995
6000,70,0.7607762121,1.07
6000,70.05,0.7607894554,1.07005
6000,70.1,0.7608027062,1.0701
6000,70.15,0.7608159647,1.07015
6000,70.2,0.7608292307,1.0702
6000,70.25,0.7608425043,1.07025
6000,70.3,0.7608557855,1.0703
6000,70.35,0.7608690743,1.07035
6000,70.4,0.7608823706,1.0704
6000,70.45,0.7608956746,1.07045
6000,70.5,0.7609089862,1.0705
6000,70.55,0.7609223053,1.07055
6000,70.6,0.7609356321,1.0706
6000,70.65,0.7609489665,1.07065
6000,70.7,0.7609623084,1.0707
6000,70.75,0.760975658,1.07075
6000,70.8,0.7609890152,1.0708
6000,70.85,0.7610023801,1.07085
6000,70.9,0.7610157525,1.0709
6000,70.95,0.7610291326,1.07095
6000,71,0.7610425203,1.071
6000,71.05,0.7610559156,1.07105
6000,71.1,0.7610693186,1.0711
6000,71.15,0.7610827292,1.07115
6000,71.2,0.7610961474,1.0712
6000,71.25,0.7611095733,1.07125
6000,71.3,0.7611230068,1.0713
6000,71.35,0.761136448,1.07135
6000,71.4,0.7611498969,1.0714
6000,71.45,0.7611633534,1.07145
6000,71.5,0.7611768175,1.0715
6000,71.55,0.7611902893,1.07155
6000,71.6,0.7612037688,1.0716
6000,71.65,0.761217256,1.07165
6000,71.7,0.7612307508,1.0717
6000,71.75,0.7612442533,1.07175
6000,71.8,0.7612577634,1.0718
6000,71.85,0.7612712813,1.07185
6000,71.9,0.7612848068,1.0719
6000,71.95,0.7612983401,1.07195
6000,72,0.761311881,1.072
6000,72.05,0.7613254296,1.07205
6000,72.1,0.7613389859,1.0721
6000,72.15,0.7613525499,1.07215
6000,72.2,0.7613661216,1.0722
6000,72.25,0.761379701,1.07225
6000,72.3,0.7613932881,1.0723
6000,72.35,0.7614068829,1.07235
6000,72.4,0.7614204855,1.0724
6000,72.45,0.7614340957,1.07245
6000,72.5,0.7614477137,1.0725
6000,72.55,0.7614613394,1.07255
6000,72.6,0.7614749729,1.0726
6000,72.65,0.761488614,1.07265
6000,72.7,0.7615022629,1.0727
6000,72.75,0.7615159196,1.07275
6000,72.8,0.7615295839,1.0728
6000,72.85,0.7615432561,1.07285
6000,72.9,0.7615569359,1.0729
6000,72.95,0.7615706235,1.07295
6000,73,0.7615843189,1.073
6000,73.05,0.761598022,1.07305
6000,73.1,0.7616117329,1.0731
6000,73.15,0.7616254515,1.07315
6000,73.2,0.7616391779,1.0732
6000,73.25,0.7616529121,1.07325
6000,73.3,0.7616666541,1.0733
6000,73.35,0.7616804038,1.07335
6000,73.4,0.7616941613,1.0734
6000,73.45,0.7617079265,1.07345
6000,73.5,0.7617216996,1.0735
6000,73.55,0.7617354804,1.07355
6000,73.6,0.7617492691,1.0736
6000,73.65,0.7617630655,1.07365
6000,73.7,0.7617768697,1.0737
6000,73.75,0.7617906817,1.07375
6000,73.8,0.7618045016,1.0738
6000,73.85,0.7618183292,1.07385
6000,73.9,0.7618321646,1.0739
6000,73.95,0.7618460079,1.07395
6000,74,0.7618598589,1.074
6000,74.05,0.7618737178,1.07405
6000,74.1,0.7618875845,1.0741
6000,74.15,0.761901459,1.07415
6000,74.2,0.7619153414,1.0742
6000,74.25,0.7619292315,1.07425
6000,74.3,0.7619431296,1.0743
6000,74.35,0.7619570354,1.07435
6000,74.4,0.7619709491,1.0744
6000,74.45,0.7619848706,1.07445
6000,74.5,0.7619988,1.0745
6000,74.55,0.7620127372,1.07455
6000,74.6,0.7620266823,1.0746
6000,74.65,0.7620406352,1.07465
6000,74.7,0.762054596,1.0747
6000,74.75,0.7620685646,1.07475
6000,74.8,0.7620825412,1.0748
6000,74.85,0.7620965255,1.07485
6000,74.9,0.7621105178,1.0749
6000,74.95,0.7621245179,1.07495
6000,75,0.7621385259,1.075
6000,75.05,0.7621525418,1.07505
6000,75.1,0.7621665655,1.0751
6000,75.15,0.7621805972,1.07515
6000,75.2,0.7621946367,1.0752
6000,75.25,0.7622086841,1.07525
6000,75.3,0.7622227395,1.0753
6000,75.35,0.7622368027,1.07535
6000,75.4,0.7622508738,1.0754
6000,75.45,0.7622649528,1.07545
6000,75.5,0.7622790398,1.0755
6000,75.55,0.7622931346,1.07555
6000,75.6,0.7623072374,1.0756
6000,75.65,0.7623213481,1.07565
6000,75.7,0.7623354667,1.0757
6000,75.75,0.7623495932,1.07575
6000,75.8,0.7623637276,1.0758
6000,75.85,0.76237787,1.07585
6000,75.9,0.7623920203,1.0759
6000,75.95,0.7624061786,1.07595
6000,76,0.7624203447,1.076
6000,76.05,0.7624345189,1.07605
6000,76.1,0.7624487009,1.0761
6000,76.15,0.7624628909,1.07615
6000,76.2,0.7624770889,1.0762
6000,76.25,0.7624912948,1.07625
6000,76.3,0.7625055087,1.0763
6000,76.35,0.7625197306,1.07635
6000,76.4,0.7625339604,1.0764
6000,76.45,0.7625481982,1.07645
6000,76.5,0.7625624439,1.0765
6000,76.55,0.7625766976,1.07655
6000,76.6,0.7625909593,1.0766
6000,76.65,0.762605229,1.07665
6000,76.7,0.7626195066,1.0767
6000,76.75,0.7626337923,1.07675
6000,76.8,0.7626480859,1.0768
6000,76.85,0.7626623875,1.07685
6000,76.9,0.7626766972,1.0769
6000,76.95,0.7626910148,1.07695
6000,77,0.7627053404,1.077
6000,77.05,0.762719674,1.07705
6000,77.1,0.7627340156,1.0771
6000,77.15,0.7627483653,1.07715
6000,77.2,0.7627627229,1.0772
6000,77.25,0.7627770886,1.07725
6000,77.3,0.7627914623,1.0773
6000,77.35,0.762805844,1.07735
6000,77.4,0.7628202337,1.0774
6000,77.45,0.7628346315,1.07745
6000,77.5,0.7628490373,1.0775
6000,77.55,0.7628634512,1.07755
6000,77.6,0.762877873,1.0776
6000,77.65,0.762892303,1.07765
6000,77.7,0.7629067409,1.0777
6000,77.75,0.7629211869,1.07775
6000,77.8,0.762935641,1.0778
6000,77.85,0.7629501031,1.07785
6000,77.9,0.7629645733,1.0779
6000,77.95,0.7629790515,1.07795
6000,78,0.7629935378,1.078
6000,78.05,0.7630080322,1.07805
6000,78.1,0.7630225346,1.0781
6000,78.15,0.7630370451,1.07815
6000,78.2,0.7630515637,1.0782
6000,78.25,0.7630660904,1.07825
6000,78.3,0.7630806251,1.0783
6000,78.35,0.763095168,1.07835
6000,78.4,0.7631097189,1.0784
6000,78.45,0.7631242779,1.07845
6000,78.5,0.763138845,1.0785
6000,78.55,0.7631534202,1.07855
6000,78.6,0.7631680036,1.0786
6000,78.65,0.763182595,1.07865
6000,78.7,0.7631971945,1.0787
6000,78.75,0.7632118021,1.07875
6000,78.8,0.7632264179,1.0788
6000,78.85,0.7632410417,1.07885
6000,78.9,0.7632556737,1.0789
6000,78.95,0.7632703138,1.07895
6000,79,0.7632849621,1.079
6000,79.05,0.7632996184,1.07905
6000,79.1,0.7633142829,1.0791
6000,79.15,0.7633289556,1.07915
6000,79.2,0.7633436363,1.0792
6000,79.25,0.7633583253,1.07925
6000,79.3,0.7633730223,1.0793
6000,79.35,0.7633877275,1.07935
6000,79.4,0.7634024409,1.0794
6000,79.45,0.7634171624,1.07945
6000,79.5,0.7634318921,1.0795
6000,79.55,0.7634466299,1.07955
6000,79.6,0.7634613759,1.0796
6000,79.65,0.7634761301,1.07965
6000,79.7,0.7634908924,1.0797
6000,79.75,0.7635056629,1.07975
6000,79.8,0.7635204416,1.0798
6000,79.85,0.7635352285,1.07985
6000,79.9,0.7635500235,1.0799
6000,79.95,0.7635648268,1.07995
6000,80,0.7635796382,1.08
6000,80.05,0.7635944578,1.08005
6000,80.1,0.7636092856,1.0801
6000,80.15,0.7636241216,1.08015
6000,80.2,0.7636389658,1.0802
6000,80.25,0.7636538182,1.08025
6000,80.3,0.7636686789,1.0803
6000,80.35,0.7636835477,1.08035
6000,80.4,0.7636984247,1.0804
6000,80.45,0.76371331,1.08045
6000,80.5,0.7637282035,1.0805
6000,80.55,0.7637431052,1.08055
6000,80.6,0.7637580151,1.0806
6000,80.65,0.7637729333,1.08065
6000,80.7,0.7637878597,1.0807
6000,80.75,0.7638027943,1.08075
6000,80.8,0.7638177372,1.0808
6000,80.85,0.7638326883,1.08085
6000,80.9,0.7638476477,1.0809
6000,80.95,0.7638626153,1.08095
6000,81,0.7638775912,1.081
6000,81.05,0.7638925753,1.08105
6000,81.1,0.7639075677,1.0811
6000,81.15,0.7639225683,1.08115
6000,81.2,0.7639375772,1.0812
6000,81.25,0.7639525944,1.08125
6000,81.3,0.7639676198,1.0813
6000,81.35,0.7639826535,1.08135
6000,81.4,0.7639976955,1.0814
6000,81.45,0.7640127458,1.08145
6000,81.5,0.7640278044,1.0815
6000,81.55,0.7640428712,1.08155
6000,81.6,0.7640579463,1.0816
6000,81.65,0.7640730298,1.08165
6000,81.7,0.7640881215,1.0817
6000,81.75,0.7641032215,1.08175
6000,81.8,0.7641183298,1.0818
6000,81.85,0.7641334465,1.08185
6000,81.9,0.7641485714,1.0819
6000,81.95,0.7641637046,1.08195
6000,82,0.7641788462,1.082
6000,82.05,0.7641939961,1.08205
6000,82.1,0.7642091543,1.0821
6000,82.15,0.7642243208,1.08215
6000,82.2,0.7642394956,1.0822
6000,82.25,0.7642546788,1.08225
6000,82.3,0.7642698703,1.0823
6000,82.35,0.7642850702,1.08235
6000,82.4,0.7643002784,1.0824
6000,82.45,0.7643154949,1.08245
6000,82.5,0.7643307198,1.0825
6000,82.55,0.764345953,1.08255
6000,82.6,0.7643611946,1.0826
6000,82.65,0.7643764445,1.08265
6000,82.7,0.7643917028,1.0827
6000,82.75,0.7644069695,1.08275
6000,82.8,0.7644222445,1.0828
6000,82.85,0.7644375279,1.08285
6000,82.9,0.7644528197,1.0829
6000,82.95,0.7644681198,1.08295
6000,83,0.7644834283,1.083
6000,83.05,0.7644987452,1.08305
6000,83.1,0.7645140705,1.0831
6000,83.15,0.7645294041,1.08315
6000,83.2,0.7645447462,1.0832
6000,83.25,0.7645600966,1.08325
6000,83.3,0.7645754555,1.0833
6000,83.35,0.7645908227,1.08335
6000,83.4,0.7646061984,1.0834
6000,83.45,0.7646215824,1.08345
6000,83.5,0.7646369749,1.0835
6000,83.55,0.7646523758,1.08355
6000,83.6,0.764667785,1.0836
6000,83.65,0.7646832028,1.08365
6000,83.7,0.7646986289,1.0837
6000,83.75,0.7647140634,1.08375
6000,83.8,0.7647295064,1.0838
6000,83.85,0.7647449578,1.08385
6000,83.9,0.7647604177,1.0839
6000,83.95,0.7647758859,1.08395
6000,84,0.7647913627,1.084
6000,84.05,0.7648068478,1.08405
6000,84.1,0.7648223414,1.0841
6000,84.15,0.7648378435,1.08415
6000,84.2,0.764853354,1.0842
6000,84.25,0.764868873,1.08425
6000,84.3,0.7648844004,1.0843
6000,84.35,0.7648999363,1.08435
6000,84.4,0.7649154807,1.0844
6000,84.45,0.7649310335,1.08445
6000,84.5,0.7649465948,1.0845
6000,84.55,0.7649621646,1.08455
6000,84.6,0.7649777428,1.0846
6000,84.65,0.7649933295,1.08465
6000,84.7,0.7650089247,1.0847
6000,84.75,0.7650245285,1.08475
6000,84.8,0.7650401406,1.0848
6000,84.85,0.7650557613,1.08485
6000,84.9,0.7650713905,1.0849
6000,84.95,0.7650870282,1.08495
6000,85,0.7651026744,1.085
6000,85.05,0.7651183291,1.08505
6000,85.1,0.7651339923,1.0851
6000,85.15,0.765149664,1.08515
6000,85.2,0.7651653442,1.0852
6000,85.25,0.765181033,1.08525
6000,85.3,0.7651967302,1.0853
6000,85.35,0.765212436,1.08535
6000,85.4,0.7652281504,1.0854
6000,85.45,0.7652438732,1.08545
6000,85.5,0.7652596046,1.0855
6000,85.55,0.7652753445,1.08555
6000,85.6,0.765291093,1.0856
6000,85.65,0.76530685,1.08565
6000,85.7,0.7653226156,1.0857
6000,85.75,0.7653383897,1.08575
6000,85.8,0.7653541724,1.0858
6000,85.85,0.7653699636,1.08585
6000,85.9,0.7653857634,1.0859
6000,85.95,0.7654015717,1.08595
6000,86,0.7654173886,1.086
6000,86.05,0.7654332141,1.08605
6000,86.1,0.7654490482,1.0861
6000,86.15,0.7654648908,1.08615
6000,86.2,0.765480742,1.0862
6000,86.25,0.7654966018,1.08625
6000,86.3,0.7655124702,1.0863
6000,86.35,0.7655283471,1.08635
6000,86.4,0.7655442327,1.0864
6000,86.45,0.7655601268,1.08645
6000,86.5,0.7655760296,1.0865
6000,86.55,0.7655919409,1.08655
6000,86.6,0.7656078608,1.0866
6000,86.65,0.7656237894,1.08665
6000,86.7,0.7656397266,1.0867
6000,86.75,0.7656556723,1.08675
6000,86.8,0.7656716267,1.0868
6000,86.85,0.7656875898,1.08685
6000,86.9,0.7657035614,1.0869
6000,86.95,0.7657195417,1.08695
6000,87,0.7657355305,1.087
6000,87.05,0.7657515281,1.08705
6000,87.1,0.7657675342,1.0871
6000,87.15,0.765783549,1.08715
6000,87.2,0.7657995725,1.0872
6000,87.25,0.7658156045,1.08725
6000,87.3,0.7658316453,1.0873
6000,87.35,0.7658476947,1.08735
6000,87.4,0.7658637527,1.0874
6000,87.45,0.7658798194,1.08745
6000,87.5,0.7658958947,1.0875
6000,87.55,0.7659119788,1.08755
6000,87.6,0.7659280714,1.0876
6000,87.65,0.7659441728,1.08765
6000,87.7,0.7659602828,1.0877
6000,87.75,0.7659764015,1.08775
6000,87.8,0.7659925289,1.0878
6000,87.85,0.766008665,1.08785
6000,87.9,0.7660248097,1.0879
6000,87.95,0.7660409632,1.08795
6000,88,0.7660571253,1.088
6000,88.05,0.7660732961,1.08805
6000,88.1,0.7660894756,1.0881
6000,88.15,0.7661056639,1.08815
6000,88.2,0.7661218608,1.0882
6000,88.25,0.7661380664,1.08825
6000,88.3,0.7661542808,1.0883
6000,88.35,0.7661705038,1.08835
6000,88.4,0.7661867356,1.0884
6000,88.45,0.7662029761,1.08845
6000,88.5,0.7662192253,1.0885
6000,88.55,0.7662354833,1.08855
6000,88.6,0.76625175,1.0886
6000,88.65,0.7662680254,1.08865
6000,88.7,0.7662843095,1.0887
6000,88.75,0.7663006024,1.08875
6000,88.8,0.766316904,1.0888
6000,88.85,0.7663332144,1.08885
6000,88.9,0.7663495335,1.0889
6000,88.95,0.7663658614,1.08895
6000,89,0.766382198,1.089
6000,89.05,0.7663985434,1.08905
6000,89.1,0.7664148976,1.0891
6000,89.15,0.7664312605,1.08915
6000,89.2,0.7664476322,1.0892
6000,89.25,0.7664640126,1.08925
6000,89.3,0.7664804018,1.0893
6000,89.35,0.7664967998,1.08935
6000,89.4,0.7665132066,1.0894
6000,89.45,0.7665296222,1.08945
6000,89.5,0.7665460465,1.0895
6000,89.55,0.7665624797,1.08955
6000,89.6,0.7665789216,1.0896
6000,89.65,0.7665953723,1.08965
6000,89.7,0.7666118318,1.0897
6000,89.75,0.7666283002,1.08975
6000,89.8,0.7666447773,1.0898
6000,89.85,0.7666612632,1.08985
6000,89.9,0.766677758,1.0899
6000,89.95,0.7666942616,1.08995
6000,90,0.7667107739,1.09
6000,90.05,0.7667272951,1.09005
6000,90.1,0.7667438252,1.0901
6000,90.15,0.766760364,1.09015
6000,90.2,0.7667769117,1.0902
6000,90.25,0.7667934682,1.09025
6000,90.3,0.7668100336,1.0903
6000,90.35,0.7668266078,1.09035
6000,90.4,0.7668431908,1.0904
6000,90.45,0.7668597827,1.09045
6000,90.5,0.7668763834,1.0905
6000,90.55,0.766892993,1.09055
6000,90.6,0.7669096115,1.0906
6000,90.65,0.7669262388,1.09065
6000,90.7,0.7669428749,1.0907
6000,90.75,0.7669595199,1.09075
6000,90.8,0.7669761738,1.0908
6000,90.85,0.7669928366,1.09085
6000,90.9,0.7670095082,1.0909
6000,90.95,0.7670261888,1.09095
6000,91,0.7670428782,1.091
6000,91.05,0.7670595764,1.09105
6000,91.1,0.7670762836,1.0911
6000,91.15,0.7670929997,1.09115
6000,91.2,0.7671097246,1.0912
6000,91.25,0.7671264585,1.09125
6000,91.3,0.7671432012,1.0913
6000,91.35,0.7671599528,1.09135
6000,91.4,0.7671767134,1.0914
6000,91.45,0.7671934829,1.09145
6000,91.5,0.7672102612,1.0915
6000,91.55,0.7672270485,1.09155
6000,91.6,0.7672438447,1.0916
6000,91.65,0.7672606499,1.09165
6000,91.7,0.7672774639,1.0917
6000,91.75,0.7672942869,1.09175
6000,91.8,0.7673111188,1.0918
6000,91.85,0.7673279596,1.09185
6000,91.9,0.7673448094,1.0919
6000,91.95,0.7673616682,1.09195
6000,92,0.7673785358,1.092
6000,92.05,0.7673954124,1.09205
6000,92.1,0.767412298,1.0921
6000,92.15,0.7674291925,1.09215
6000,92.2,0.767446096,1.0922
6000,92.25,0.7674630084,1.09225
6000,92.3,0.7674799298,1.0923
6000,92.35,0.7674968602,1.09235
6000,92.4,0.7675137995,1.0924
6000,92.45,0.7675307478,1.09245
6000,92.5,0.7675477051,1.0925
6000,92.55,0.7675646713,1.09255
6000,92.6,0.7675816465,1.0926
6000,92.65,0.7675986307,1.09265
6000,92.7,0.7676156239,1.0927
6000,92.75,0.7676326261,1.09275
6000,92.8,0.7676496373,1.0928
6000,92.85,0.7676666575,1.09285
6000,92.9,0.7676836867,1.0929
6000,92.95,0.7677007249,1.09295
6000,93,0.7677177721,1.093
6000,93.05,0.7677348283,1.09305
6000,93.1,0.7677518935,1.0931
6000,93.15,0.7677689677,1.09315
6000,93.2,0.767786051,1.0932
6000,93.25,0.7678031432,1.09325
6000,93.3,0.7678202445,1.0933
6000,93.35,0.7678373548,1.09335
6000,93.4,0.7678544742,1.0934
6000,93.45,0.7678716026,1.09345
6000,93.5,0.76788874,1.0935
6000,93.55,0.7679058865,1.09355
6000,93.6,0.767923042,1.0936
6000,93.65,0.7679402065,1.09365
6000,93.7,0.7679573802,1.0937
6000,93.75,0.7679745628,1.09375
6000,93.8,0.7679917545,1.0938
6000,93.85,0.7680089553,1.09385
6000,93.9,0.7680261651,1.0939
6000,93.95,0.7680433841,1.09395
6000,94,0.768060612,1.094
6000,94.05,0.7680778491,1.09405
6000,94.1,0.7680950952,1.0941
6000,94.15,0.7681123504,1.09415
6000,94.2,0.7681296147,1.0942
6000,94.25,0.768146888,1.09425
6000,94.3,0.7681641705,1.0943
6000,94.35,0.768181462,1.09435
6000,94.4,0.7681987627,1.0944
6000,94.45,0.7682160724,1.09445
6000,94.5,0.7682333912,1.0945
6000,94.55,0.7682507192,1.09455
6000,94.6,0.7682680562,1.0946
6000,94.65,0.7682854024,1.09465
6000,94.7,0.7683027576,1.0947
6000,94.75,0.768320122,1.09475
6000,94.8,0.7683374955,1.0948
6000,94.85,0.7683548781,1.09485
6000,94.9,0.7683722699,1.0949
6000,94.95,0.7683896708,1.09495
6000,95,0.7684070808,1.095
6000,95.05,0.7684244999,1.09505
6000,95.1,0.7684419282,1.0951
6000,95.15,0.7684593656,1.09515
6000,95.2,0.7684768122,1.0952
6000,95.25,0.7684942679,1.09525
6000,95.3,0.7685117328,1.0953
6000,95.35,0.7685292068,1.09535
6000,95.4,0.76854669,1.0954
6000,95.45,0.7685641823,1.09545
6000,95.5,0.7685816838,1.0955
6000,95.55,0.7685991945,1.09555
6000,95.6,0.7686167143,1.0956
6000,95.65,0.7686342433,1.09565
6000,95.7,0.7686517815,1.0957
6000,95.75,0.7686693288,1.09575
6000,95.8,0.7686868854,1.0958
6000,95.85,0.7687044511,1.09585
6000,95.9,0.768722026,1.0959
6000,95.95,0.7687396101,1.09595
6000,96,0.7687572034,1.096
6000,96.05,0.7687748059,1.09605
6000,96.1,0.7687924176,1.0961
6000,96.15,0.7688100385,1.09615
6000,96.2,0.7688276686,1.0962
6000,96.25,0.7688453079,1.09625
6000,96.3,0.7688629565,1.0963
6000,96.35,0.7688806142,1.09635
6000,96.4,0.7688982812,1.0964
6000,96.45,0.7689159573,1.09645
6000,96.5,0.7689336428,1.0965
6000,96.55,0.7689513374,1.09655
6000,96.6,0.7689690413,1.0966
6000,96.65,0.7689867544,1.09665
6000,96.7,0.7690044767,1.0967
6000,96.75,0.7690222083,1.09675
6000,96.8,0.7690399491,1.0968
6000,96.85,0.7690576992,1.09685
6000,96.9,0.7690754585,1.0969
6000,96.95,0.7690932271,1.09695
6000,97,0.769111005,1.097
6000,97.05,0.7691287921,1.09705
6000,97.1,0.7691465884,1.0971
6000,97.15,0.7691643941,1.09715
6000,97.2,0.769182209,1.0972
6000,97.25,0.7692000331,1.09725
6000,97.3,0.7692178666,1.0973
6000,97.35,0.7692357093,1.09735
6000,97.4,0.7692535613,1.0974
6000,97.45,0.7692714226,1.09745
6000,97.5,0.7692892932,1.0975
6000,97.55,0.769307173,1.09755
6000,97.6,0.7693250622,1.0976
6000,97.65,0.7693429607,1.09765
6000,97.7,0.7693608684,1.0977
6000,97.75,0.7693787855,1.09775
6000,97.8,0.7693967119,1.0978
6000,97.85,0.7694146475,1.09785
6000,97.9,0.7694325925,1.0979
6000,97.95,0.7694505468,1.09795
6000,98,0.7694685105,1.098
6000,98.05,0.7694864834,1.09805
6000,98.1,0.7695044657,1.0981
6000,98.15,0.7695224573,1.09815
6000,98.2,0.7695404582,1.0982
6000,98.25,0.7695584685,1.09825
6000,98.3,0.7695764881,1.0983
6000,98.35,0.7695945171,1.09835
6000,98.4,0.7696125554,1.0984
6000,98.45,0.769630603,1.09845
6000,98.5,0.76964866,1.0985
6000,98.55,0.7696667264,1.09855
6000,98.6,0.7696848021,1.0986
6000,98.65,0.7697028871,1.09865
6000,98.7,0.7697209816,1.0987
6000,98.75,0.7697390854,1.09875
6000,98.8,0.7697571985,1.0988
6000,98.85,0.769775321,1.09885
6000,98.9,0.769793453,1.0989
6000,98.95,0.7698115942,1.09895
6000,99,0.7698297449,1.099
6000,99.05,0.769847905,1.09905
6000,99.1,0.7698660744,1.0991
6000,99.15,0.7698842532,1.09915
6000,99.2,0.7699024415,1.0992
6000,99.25,0.7699206391,1.09925
6000,99.3,0.7699388461,1.0993
6000,99.35,0.7699570625,1.09935
6000,99.4,0.7699752884,1.0994
6000,99.45,0.7699935236,1.09945
6000,99.5,0.7700117683,1.0995
6000,99.55,0.7700300224,1.09955
6000,99.6,0.7700482858,1.0996
6000,99.65,0.7700665588,1.09965
6000,99.7,0.7700848411,1.0997
6000,99.75,0.7701031329,1.09975
6000,99.8,0.7701214341,1.0998
6000,99.85,0.7701397447,1.09985
6000,99.9,0.7701580648,1.0999
6000,99.95,0.7701763943,1.09995
6000,100,0.7701947332,1.1
6000,100.05,0.7702130816,1.10005
6000,100.1,0.7702314395,1.1001
6000,100.15,0.7702498068,1.10015
6000,100.2,0.7702681836,1.1002
6000,100.25,0.7702865698,1.10025
6000,100.3,0.7703049655,1.1003
6000,100.35,0.7703233706,1.10035
6000,100.4,0.7703417852,1.1004
6000,100.45,0.7703602093,1.10045
6000,100.5,0.7703786429,1.1005
6000,100.55,0.7703970859,1.10055
6000,100.6,0.7704155385,1.1006
6000,100.65,0.7704340005,1.10065
6000,100.7,0.770452472,1.1007
6000,100.75,0.770470953,1.10075
6000,100.8,0.7704894434,1.1008
6000,100.85,0.7705079434,1.10085
6000,100.9,0.7705264529,1.1009
6000,100.95,0.7705449719,1.10095
6000,101,0.7705635004,1.101
6000,101.05,0.7705820383,1.10105
6000,101.1,0.7706005859,1.1011
6000,101.15,0.7706191429,1.10115
6000,101.2,0.7706377094,1.1012
6000,101.25,0.7706562855,1.10125
6000,101.3,0.7706748711,1.1013
6000,101.35,0.7706934662,1.10135
6000,101.4,0.7707120708,1.1014
6000,101.45,0.770730685,1.10145
6000,101.5,0.7707493087,1.1015
6000,101.55,0.770767942,1.10155
6000,101.6,0.7707865848,1.1016
6000,101.65,0.7708052371,1.10165
6000,101.7,0.770823899,1.1017
6000,101.75,0.7708425705,1.10175
6000,101.8,0.7708612515,1.1018
6000,101.85,0.7708799421,1.10185
6000,101.9,0.7708986422,1.1019
6000,101.95,0.7709173519,1.10195
6000,102,0.7709360711,1.102
6000,102.05,0.7709548,1.10205
6000,102.1,0.7709735384,1.1021
6000,102.15,0.7709922863,1.10215
6000,102.2,0.7710110439,1.1022
6000,102.25,0.7710298111,1.10225
6000,102.3,0.7710485878,1.1023
6000,102.35,0.7710673741,1.10235
6000,102.4,0.77108617,1.1024
6000,102.45,0.7711049755,1.10245
6000,102.5,0.7711237906,1.1025
6000,102.55,0.7711426154,1.10255
6000,102.6,0.7711614497,1.1026
6000,102.65,0.7711802936,1.10265
6000,102.7,0.7711991471,1.1027
6000,102.75,0.7712180103,1.10275
6000,102.8,0.7712368831,1.1028
6000,102.85,0.7712557655,1.10285
6000,102.9,0.7712746575,1.1029
6000,102.95,0.7712935591,1.10295
6000,103,0.7713124704,1.103
6000,103.05,0.7713313913,1.10305
6000,103.1,0.7713503218,1.1031
6000,103.15,0.771369262,1.10315
6000,103.2,0.7713882118,1.1032
6000,103.25,0.7714071713,1.10325
6000,103.3,0.7714261404,1.1033
6000,103.35,0.7714451192,1.10335
6000,103.4,0.7714641076,1.1034
6000,103.45,0.7714831057,1.10345
6000,103.5,0.7715021134,1.1035
6000,103.55,0.7715211308,1.10355
6000,103.6,0.7715401579,1.1036
6000,103.65,0.7715591947,1.10365
6000,103.7,0.7715782411,1.1037
6000,103.75,0.7715972972,1.10375
6000,103.8,0.7716163629,1.1038
6000,103.85,0.7716354384,1.10385
6000,103.9,0.7716545235,1.1039
6000,103.95,0.7716736184,1.10395
6000,104,0.7716927229,1.104
6000,104.05,0.7717118371,1.10405
6000,104.1,0.771730961,1.1041
6000,104.15,0.7717500946,1.10415
6000,104.2,0.7717692379,1.1042
6000,104.25,0.771788391,1.10425
6000,104.3,0.7718075537,1.1043
6000,104.35,0.7718267262,1.10435
6000,104.4,0.7718459083,1.1044
6000,104.45,0.7718651002,1.10445
6000,104.5,0.7718843018,1.1045
6000,104.55,0.7719035132,1.10455
6000,104.6,0.7719227342,1.1046
6000,104.65,0.771941965,1.10465
6000,104.7,0.7719612055,1.1047
6000,104.75,0.7719804558,1.10475
6000,104.8,0.7719997158,1.1048
6000,104.85,0.7720189856,1.10485
6000,104.9,0.7720382651,1.1049
6000,104.95,0.7720575543,1.10495
6000,105,0.7720768533,1.105
6000,105.05,0.7720961621,1.10505
6000,105.1,0.7721154806,1.1051
6000,105.15,0.7721348089,1.10515
6000,105.2,0.7721541469,1.1052
6000,105.25,0.7721734948,1.10525
6000,105.3,0.7721928524,1.1053
6000,105.35,0.7722122197,1.10535
6000,105.4,0.7722315969,1.1054
6000,105.45,0.7722509838,1.10545
6000,105.5,0.7722703805,1.1055
6000,105.55,0.772289787,1.10555
6000,105.6,0.7723092033,1.1056
6000,105.65,0.7723286294,1.10565
6000,105.7,0.7723480652,1.1057
6000,105.75,0.7723675109,1.10575
6000,105.8,0.7723869664,1.1058
6000,105.85,0.7724064317,1.10585
6000,105.9,0.7724259068,1.1059
6000,105.95,0.7724453917,1.10595
6000,106,0.7724648864,1.106
6000,106.05,0.7724843909,1.10605
6000,106.1,0.7725039053,1.1061
6000,106.15,0.7725234295,1.10615
6000,106.2,0.7725429635,1.1062
6000,106.25,0.7725625073,1.10625
6000,106.3,0.772582061,1.1063
6000,106.35,0.7726016245,1.10635
6000,106.4,0.7726211979,1.1064
6000,106.45,0.772640781,1.10645
6000,106.5,0.7726603741,1.1065
6000,106.55,0.772679977,1.10655
6000,106.6,0.7726995897,1.1066
6000,106.65,0.7727192123,1.10665
6000,106.7,0.7727388447,1.1067
6000,106.75,0.7727584871,1.10675
6000,106.8,0.7727781392,1.1068
6000,106.85,0.7727978013,1.10685
6000,106.9,0.7728174732,1.1069
6000,106.95,0.772837155,1.10695
6000,107,0.7728568466,1.107
6000,107.05,0.7728765482,1.10705
6000,107.1,0.7728962596,1.1071
6000,107.15,0.7729159809,1.10715
6000,107.2,0.7729357121,1.1072
6000,107.25,0.7729554532,1.10725
6000,107.3,0.7729752042,1.1073
6000,107.35,0.7729949651,1.10735
6000,107.4,0.7730147358,1.1074
6000,107.45,0.7730345165,1.10745
6000,107.5,0.7730543071,1.1075
6000,107.55,0.7730741076,1.10755
6000,107.6,0.773093918,1.1076
6000,107.65,0.7731137384,1.10765
6000,107.7,0.7731335686,1.1077
6000,107.75,0.7731534088,1.10775
6000,107.8,0.7731732589,1.1078
6000,107.85,0.7731931189,1.10785
6000,107.9,0.7732129889,1.1079
6000,107.95,0.7732328688,1.10795
6000,108,0.7732527586,1.108
6000,108.05,0.7732726584,1.10805
6000,108.1,0.7732925681,1.1081
6000,108.15,0.7733124877,1.10815
6000,108.2,0.7733324173,1.1082
6000,108.25,0.7733523569,1.10825
6000,108.3,0.7733723064,1.1083
6000,108.35,0.7733922659,1.10835
6000,108.4,0.7734122353,1.1084
6000,108.45,0.7734322147,1.10845
6000,108.5,0.7734522041,1.1085
6000,108.55,0.7734722035,1.10855
6000,108.6,0.7734922128,1.1086
6000,108.65,0.7735122321,1.10865
6000,108.7,0.7735322613,1.1087
6000,108.75,0.7735523006,1.10875
6000,108.8,0.7735723498,1.1088
6000,108.85,0.7735924091,1.10885
6000,108.9,0.7736124783,1.1089
6000,108.95,0.7736325575,1.10895
6000,109,0.7736526467,1.109
6000,109.05,0.7736727459,1.10905
6000,109.1,0.7736928552,1.1091
6000,109.15,0.7737129744,1.10915
6000,109.2,0.7737331036,1.1092
6000,109.25,0.7737532429,1.10925
6000,109.3,0.7737733921,1.1093
6000,109.35,0.7737935514,1.10935
6000,109.4,0.7738137208,1.1094
6000,109.45,0.7738339001,1.10945
6000,109.5,0.7738540895,1.1095
6000,109.55,0.7738742889,1.10955
6000,109.6,0.7738944983,1.1096
6000,109.65,0.7739147178,1.10965
6000,109.7,0.7739349473,1.1097
6000,109.75,0.7739551868,1.10975
6000,109.8,0.7739754364,1.1098
6000,109.85,0.7739956961,1.10985
6000,109.9,0.7740159658,1.1099
6000,109.95,0.7740362455,1.10995
6000,110,0.7740565354,1.11
6000,110.05,0.7740768353,1.11005
6000,110.1,0.7740971452,1.1101
6000,110.15,0.7741174652,1.11015
6000,110.2,0.7741377953,1.1102
6000,110.25,0.7741581355,1.11025
6000,110.3,0.7741784857,1.1103
6000,110.35,0.774198846,1.11035
6000,110.4,0.7742192164,1.1104
6000,110.45,0.7742395969,1.11045
6000,110.5,0.7742599875,1.1105
6000,110.55,0.7742803882,1.11055
6000,110.6,0.7743007989,1.1106
6000,110.65,0.7743212198,1.11065
6000,110.7,0.7743416508,1.1107
6000,110.75,0.7743620918,1.11075
6000,110.8,0.774382543,1.1108
6000,110.85,0.7744030043,1.11085
6000,110.9,0.7744234757,1.1109
6000,110.95,0.7744439572,1.11095
6000,111,0.7744644488,1.111
6000,111.05,0.7744849506,1.11105
6000,111.1,0.7745054625,1.1111
6000,111.15,0.7745259845,1.11115
6000,111.2,0.7745465167,1.1112
6000,111.25,0.7745670589,1.11125
6000,111.3,0.7745876114,1.1113
6000,111.35,0.7746081739,1.11135
6000,111.4,0.7746287466,1.1114
6000,111.45,0.7746493295,1.11145
6000,111.5,0.7746699225,1.1115
6000,111.55,0.7746905256,1.11155
6000,111.6,0.7747111389,1.1116
6000,111.65,0.7747317624,1.11165
6000,111.7,0.774752396,1.1117
6000,111.75,0.7747730398,1.11175
6000,111.8,0.7747936938,1.1118
6000,111.85,0.7748143579,1.11185
6000,111.9,0.7748350322,1.1119
6000,111.95,0.7748557167,1.11195
6000,112,0.7748764114,1.112
6000,112.05,0.7748971162,1.11205
6000,112.1,0.7749178312,1.1121
6000,112.15,0.7749385565,1.11215
6000,112.2,0.7749592919,1.1122
6000,112.25,0.7749800375,1.11225
6000,112.3,0.7750007933,1.1123
6000,112.35,0.7750215593,1.11235
6000,112.4,0.7750423355,1.1124
6000,112.45,0.7750631219,1.11245
6000,112.5,0.7750839185,1.1125
6000,112.55,0.7751047254,1.11255
6000,112.6,0.7751255424,1.1126
6000,112.65,0.7751463697,1.11265
6000,112.7,0.7751672072,1.1127
6000,112.75,0.7751880549,1.11275
6000,112.8,0.7752089129,1.1128
6000,112.85,0.7752297811,1.11285
6000,112.9,0.7752506595,1.1129
6000,112.95,0.7752715481,1.11295
6000,113,0.775292447,1.113
6000,113.05,0.7753133562,1.11305
6000,113.1,0.7753342756,1.1131
6000,113.15,0.7753552052,1.11315
6000,113.2,0.7753761451,1.1132
6000,113.25,0.7753970952,1.11325
6000,113.3,0.7754180556,1.1133
6000,113.35,0.7754390263,1.11335
6000,113.4,0.7754600072,1.1134
6000,113.45,0.7754809984,1.11345
6000,113.5,0.7755019998,1.1135
6000,113.55,0.7755230115,1.11355
6000,113.6,0.7755440336,1.1136
6000,113.65,0.7755650658,1.11365
6000,113.7,0.7755861084,1.1137
6000,113.75,0.7756071613,1.11375
6000,113.8,0.7756282244,1.1138
6000,113.85,0.7756492978,1.11385
6000,113.9,0.7756703816,1.1139
6000,113.95,0.7756914756,1.11395
6000,114,0.7757125799,1.114
6000,114.05,0.7757336945,1.11405
6000,114.1,0.7757548194,1.1141
6000,114.15,0.7757759547,1.11415
6000,114.2,0.7757971002,1.1142
6000,114.25,0.7758182561,1.11425
6000,114.3,0.7758394223,1.1143
6000,114.35,0.7758605988,1.11435
6000,114.4,0.7758817856,1.1144
6000,114.45,0.7759029828,1.11445
6000,114.5,0.7759241903,1.1145
6000,114.55,0.7759454081,1.11455
6000,114.6,0.7759666362,1.1146
6000,114.65,0.7759878747,1.11465
6000,114.7,0.7760091235,1.1147
6000,114.75,0.7760303827,1.11475
6000,114.8,0.7760516522,1.1148
6000,114.85,0.7760729321,1.11485
6000,114.9,0.7760942223,1.1149
6000,114.95,0.7761155229,1.11495
6000,115,0.7761368339,1.115
6000,115.05,0.7761581552,1.11505
6000,115.1,0.7761794869,1.1151
6000,115.15,0.7762008289,1.11515
6000,115.2,0.7762221813,1.1152
6000,115.25,0.7762435441,1.11525
6000,115.3,0.7762649173,1.1153
6000,115.35,0.7762863008,1.11535
6000,115.4,0.7763076947,1.1154
6000,115.45,0.776329099,1.11545
6000,115.5,0.7763505137,1.1155
6000,115.55,0.7763719388,1.11555
6000,115.6,0.7763933743,1.1156
6000,115.65,0.7764148202,1.11565
6000,115.7,0.7764362765,1.1157
6000,115.75,0.7764577432,1.11575
6000,115.8,0.7764792203,1.1158
6000,115.85,0.7765007078,1.11585
6000,115.9,0.7765222057,1.1159
6000,115.95,0.7765437141,1.11595
6000,116,0.7765652328,1.116
6000,116.05,0.776586762,1.11605
6000,116.1,0.7766083016,1.1161
6000,116.15,0.7766298516,1.11615
6000,116.2,0.7766514121,1.1162
6000,116.25,0.776672983,1.11625
6000,116.3,0.7766945643,1.1163
6000,116.35,0.7767161561,1.11635
6000,116.4,0.7767377583,1.1164
6000,116.45,0.7767593709,1.11645
6000,116.5,0.7767809941,1.1165
6000,116.55,0.7768026276,1.11655
6000,116.6,0.7768242716,1.1166
6000,116.65,0.7768459261,1.11665
6000,116.7,0.776867591,1.1167
6000,116.75,0.7768892664,1.11675
6000,116.8,0.7769109523,1.1168
6000,116.85,0.7769326486,1.11685
6000,116.9,0.7769543554,1.1169
6000,116.95,0.7769760727,1.11695
6000,117,0.7769978004,1.117
6000,117.05,0.7770195387,1.11705
6000,117.1,0.7770412874,1.1171
6000,117.15,0.7770630466,1.11715
6000,117.2,0.7770848163,1.1172
6000,117.25,0.7771065965,1.11725
6000,117.3,0.7771283871,1.1173
6000,117.35,0.7771501883,1.11735
6000,117.4,0.777172,1.1174
6000,117.45,0.7771938222,1.11745
6000,117.5,0.7772156549,1.1175
6000,117.55,0.7772374981,1.11755
6000,117.6,0.7772593518,1.1176
6000,117.65,0.777281216,1.11765
6000,117.7,0.7773030908,1.1177
6000,117.75,0.777324976,1.11775
6000,117.8,0.7773468718,1.1178
6000,117.85,0.7773687782,1.11785
6000,117.9,0.777390695,1.1179
6000,117.95,0.7774126224,1.11795
6000,118,0.7774345603,1.118
6000,118.05,0.7774565088,1.11805
6000,118.1,0.7774784678,1.1181
6000,118.15,0.7775004374,1.11815
6000,118.2,0.7775224175,1.1182
6000,118.25,0.7775444081,1.11825
6000,118.3,0.7775664093,1.1183
6000,118.35,0.7775884211,1.11835
6000,118.4,0.7776104434,1.1184
6000,118.45,0.7776324763,1.11845
6000,118.5,0.7776545198,1.1185
6000,118.55,0.7776765738,1.11855
6000,118.6,0.7776986384,1.1186
6000,118.65,0.7777207135,1.11865
6000,118.7,0.7777427993,1.1187
6000,118.75,0.7777648956,1.11875
6000,118.8,0.7777870025,1.1188
6000,118.85,0.77780912,1.11885
6000,118.9,0.7778312481,1.1189
6000,118.95,0.7778533868,1.11895
6000,119,0.7778755361,1.119
6000,119.05,0.7778976959,1.11905
6000,119.1,0.7779198664,1.1191
6000,119.15,0.7779420475,1.11915
6000,119.2,0.7779642392,1.1192
6000,119.25,0.7779864414,1.11925
6000,119.3,0.7780086543,1.1193
6000,119.35,0.7780308779,1.11935
6000,119.4,0.778053112,1.1194
6000,119.45,0.7780753568,1.11945
6000,119.5,0.7780976122,1.1195
6000,119.55,0.7781198782,1.11955
6000,119.6,0.7781421548,1.1196
6000,119.65,0.7781644421,1.11965
6000,119.7,0.77818674,1.1197
6000,119.75,0.7782090485,1.11975
6000,119.8,0.7782313677,1.1198
6000,119.85,0.7782536976,1.11985
6000,119.9,0.778276038,1.1199
6000,119.95,0.7782983892,1.11995
6000,120,0.778320751,1.12
6000,120.05,0.7783431234,1.12005
6000,120.1,0.7783655065,1.1201
6000,120.15,0.7783879003,1.12015
6000,120.2,0.7784103047,1.1202
6000,120.25,0.7784327198,1.12025
6000,120.3,0.7784551456,1.1203
6000,120.35,0.778477582,1.12035
6000,120.4,0.7785000291,1.1204
6000,120.45,0.7785224869,1.12045
6000,120.5,0.7785449554,1.1205
6000,120.55,0.7785674345,1.12055
6000,120.6,0.7785899244,1.1206
6000,120.65,0.7786124249,1.12065
6000,120.7,0.7786349362,1.1207
6000,120.75,0.7786574581,1.12075
6000,120.8,0.7786799907,1.1208
6000,120.85,0.7787025341,1.12085
6000,120.9,0.7787250881,1.1209
6000,120.95,0.7787476529,1.12095
6000,121,0.7787702283,1.121
6000,121.05,0.7787928145,1.12105
6000,121.1,0.7788154114,1.1211
6000,121.15,0.778838019,1.12115
6000,121.2,0.7788606373,1.1212
6000,121.25,0.7788832664,1.12125
6000,121.3,0.7789059062,1.1213
6000,121.35,0.7789285567,1.12135
6000,121.4,0.7789512179,1.1214
6000,121.45,0.7789738899,1.12145
6000,121.5,0.7789965727,1.1215
6000,121.55,0.7790192661,1.12155
6000,121.6,0.7790419704,1.1216
6000,121.65,0.7790646853,1.12165
6000,121.7,0.779087411,1.1217
6000,121.75,0.7791101475,1.12175
6000,121.8,0.7791328947,1.1218
6000,121.85,0.7791556527,1.12185
6000,121.9,0.7791784215,1.1219
6000,121.95,0.779201201,1.12195
6000,122,0.7792239913,1.122
6000,122.05,0.7792467923,1.12205
6000,122.1,0.7792696042,1.1221
6000,122.15,0.7792924268,1.12215
6000,122.2,0.7793152602,1.1222
6000,122.25,0.7793381043,1.12225
6000,122.3,0.7793609593,1.1223
6000,122.35,0.779383825,1.12235
6000,122.4,0.7794067016,1.1224
6000,122.45,0.7794295889,1.12245
6000,122.5,0.779452487,1.1225
6000,122.55,0.779475396,1.12255
6000,122.6,0.7794983157,1.1226
6000,122.65,0.7795212463,1.12265
6000,122.7,0.7795441876,1.1227
6000,122.75,0.7795671398,1.12275
6000,122.8,0.7795901027,1.1228
6000,122.85,0.7796130765,1.12285
6000,122.9,0.7796360611,1.1229
6000,122.95,0.7796590566,1.12295
6000,123,0.7796820628,1.123
6000,123.05,0.7797050799,1.12305
6000,123.1,0.7797281078,1.1231
6000,123.15,0.7797511466,1.12315
6000,123.2,0.7797741962,1.1232
6000,123.25,0.7797972566,1.12325
6000,123.3,0.7798203279,1.1233
6000,123.35,0.77984341,1.12335
6000,123.4,0.779866503,1.1234
6000,123.45,0.7798896068,1.12345
6000,123.5,0.7799127215,1.1235
6000,123.55,0.779935847,1.12355
6000,123.6,0.7799589834,1.1236
6000,123.65,0.7799821307,1.12365
6000,123.7,0.7800052888,1.1237
6000,123.75,0.7800284578,1.12375
6000,123.8,0.7800516376,1.1238
6000,123.85,0.7800748284,1.12385
6000,123.9,0.78009803,1.1239
6000,123.95,0.7801212425,1.12395
6000,124,0.7801444659,1.124
6000,124.05,0.7801677001,1.12405
6000,124.1,0.7801909453,1.1241
6000,124.15,0.7802142013,1.12415
6000,124.2,0.7802374682,1.1242
6000,124.25,0.7802607461,1.12425
6000,124.3,0.7802840348,1.1243
6000,124.35,0.7803073344,1.12435
6000,124.4,0.780330645,1.1244
6000,124.45,0.7803539664,1.12445
6000,124.5,0.7803772988,1.1245
6000,124.55,0.780400642,1.12455
6000,124.6,0.7804239962,1.1246
6000,124.65,0.7804473613,1.12465
6000,124.7,0.7804707374,1.1247
6000,124.75,0.7804941243,1.12475
6000,124.8,0.7805175222,1.1248
6000,124.85,0.780540931,1.12485
6000,124.9,0.7805643508,1.1249
6000,124.95,0.7805877814,1.12495
6000,125,0.7806112231,1.125
6000,125.05,0.7806346756,1.12505
6000,125.1,0.7806581391,1.1251
6000,125.15,0.7806816136,1.12515
6000,125.2,0.780705099,1.1252
6000,125.25,0.7807285954,1.12525
6000,125.3,0.7807521027,1.1253
6000,125.35,0.780775621,1.12535
6000,125.4,0.7807991502,1.1254
6000,125.45,0.7808226904,1.12545
6000,125.5,0.7808462416,1.1255
6000,125.55,0.7808698037,1.12555
6000,125.6,0.7808933768,1.1256
6000,125.65,0.7809169609,1.12565
6000,125.7,0.780940556,1.1257
6000,125.75,0.780964162,1.12575
6000,125.8,0.780987779,1.1258
6000,125.85,0.7810114071,1.12585
6000,125.9,0.7810350461,1.1259
6000,125.95,0.7810586961,1.12595
6000,126,0.7810823571,1.126
6000,126.05,0.7811060291,1.12605
6000,126.1,0.781129712,1.1261
6000,126.15,0.781153406,1.12615
6000,126.2,0.781177111,1.1262
6000,126.25,0.7812008271,1.12625
6000,126.3,0.7812245541,1.1263
6000,126.35,0.7812482921,1.12635
6000,126.4,0.7812720412,1.1264
6000,126.45,0.7812958013,1.12645
6000,126.5,0.7813195724,1.1265
6000,126.55,0.7813433545,1.12655
6000,126.6,0.7813671476,1.1266
6000,126.65,0.7813909518,1.12665
6000,126.7,0.7814147671,1.1267
6000,126.75,0.7814385933,1.12675
6000,126.8,0.7814624306,1.1268
6000,126.85,0.781486279,1.12685
6000,126.9,0.7815101383,1.1269
6000,126.95,0.7815340088,1.12695
6000,127,0.7815578903,1.127
6000,127.05,0.7815817828,1.12705
6000,127.1,0.7816056864,1.1271
6000,127.15,0.7816296011,1.12715
6000,127.2,0.7816535268,1.1272
6000,127.25,0.7816774636,1.12725
6000,127.3,0.7817014114,1.1273
6000,127.35,0.7817253703,1.12735
6000,127.4,0.7817493403,1.1274
6000,127.45,0.7817733214,1.12745
6000,127.5,0.7817973135,1.1275
6000,127.55,0.7818213168,1.12755
6000,127.6,0.7818453311,1.1276
6000,127.65,0.7818693565,1.12765
6000,127.7,0.781893393,1.1277
6000,127.75,0.7819174406,1.12775
6000,127.8,0.7819414992,1.1278
6000,127.85,0.781965569,1.12785
6000,127.9,0.7819896499,1.1279
6000,127.95,0.7820137419,1.12795
6000,128,0.782037845,1.128
6000,128.05,0.7820619592,1.12805
6000,128.1,0.7820860845,1.1281
6000,128.15,0.7821102209,1.12815
6000,128.2,0.7821343684,1.1282
6000,128.25,0.7821585271,1.12825
6000,128.3,0.7821826969,1.1283
6000,128.35,0.7822068778,1.12835
6000,128.4,0.7822310698,1.1284
6000,128.45,0.782255273,1.12845
6000,128.5,0.7822794873,1.1285
6000,128.55,0.7823037127,1.12855
6000,128.6,0.7823279493,1.1286
6000,128.65,0.782352197,1.12865
6000,128.7,0.7823764559,1.1287
6000,128.75,0.7824007259,1.12875
6000,128.8,0.782425007,1.1288
6000,128.85,0.7824492994,1.12885
6000,128.9,0.7824736028,1.1289
6000,128.95,0.7824979175,1.12895
6000,129,0.7825222433,1.129
6000,129.05,0.7825465802,1.12905
6000,129.1,0.7825709283,1.1291
6000,129.15,0.7825952876,1.12915
6000,129.2,0.7826196581,1.1292
6000,129.25,0.7826440397,1.12925
6000,129.3,0.7826684325,1.1293
6000,129.35,0.7826928365,1.12935
6000,129.4,0.7827172517,1.1294
6000,129.45,0.7827416781,1.12945
6000,129.5,0.7827661156,1.1295
6000,129.55,0.7827905644,1.12955
6000,129.6,0.7828150243,1.1296
6000,129.65,0.7828394954,1.12965
6000,129.7,0.7828639778,1.1297
6000,129.75,0.7828884713,1.12975
6000,129.8,0.7829129761,1.1298
6000,129.85,0.782937492,1.12985
6000,129.9,0.7829620192,1.1299
6000,129.95,0.7829865575,1.12995
6000,130,0.7830111071,1.13
6000,130.05,0.7830356679,1.13005
6000,130.1,0.78306024,1.1301
6000,130.15,0.7830848232,1.13015
6000,130.2,0.7831094177,1.1302
6000,130.25,0.7831340234,1.13025
6000,130.3,0.7831586403,1.1303
6000,130.35,0.7831832685,1.13035
6000,130.4,0.7832079079,1.1304
6000,130.45,0.7832325586,1.13045
6000,130.5,0.7832572205,1.1305
6000,130.55,0.7832818936,1.13055
6000,130.6,0.783306578,1.1306
6000,130.65,0.7833312736,1.13065
6000,130.7,0.7833559805,1.1307
6000,130.75,0.7833806987,1.13075
6000,130.8,0.7834054281,1.1308
6000,130.85,0.7834301687,1.13085
6000,130.9,0.7834549207,1.1309
6000,130.95,0.7834796839,1.13095
6000,131,0.7835044583,1.131
6000,131.05,0.7835292441,1.13105
6000,131.1,0.7835540411,1.1311
6000,131.15,0.7835788494,1.13115
6000,131.2,0.783603669,1.1312
6000,131.25,0.7836284998,1.13125
6000,131.3,0.783653342,1.1313
6000,131.35,0.7836781954,1.13135
6000,131.4,0.7837030601,1.1314
6000,131.45,0.7837279361,1.13145
6000,131.5,0.7837528235,1.1315
6000,131.55,0.7837777221,1.13155
6000,131.6,0.783802632,1.1316
6000,131.65,0.7838275532,1.13165
6000,131.7,0.7838524857,1.1317
6000,131.75,0.7838774296,1.13175
6000,131.8,0.7839023847,1.1318
6000,131.85,0.7839273512,1.13185
6000,131.9,0.783952329,1.1319
6000,131.95,0.7839773181,1.13195
6000,132,0.7840023185,1.132
6000,132.05,0.7840273303,1.13205
6000,132.1,0.7840523533,1.1321
6000,132.15,0.7840773878,1.13215
6000,132.2,0.7841024335,1.1322
6000,132.25,0.7841274906,1.13225
6000,132.3,0.784152559,1.1323
6000,132.35,0.7841776388,1.13235
6000,132.4,0.7842027299,1.1324
6000,132.45,0.7842278323,1.13245
6000,132.5,0.7842529462,1.1325
6000,132.55,0.7842780713,1.13255
6000,132.6,0.7843032078,1.1326
6000,132.65,0.7843283557,1.13265
6000,132.7,0.7843535149,1.1327
6000,132.75,0.7843786855,1.13275
6000,132.8,0.7844038675,1.1328
6000,132.85,0.7844290608,1.13285
6000,132.9,0.7844542655,1.1329
6000,132.95,0.7844794816,1.13295
6000,133,0.7845047091,1.133
6000,133.05,0.7845299479,1.13305
6000,133.1,0.7845551981,1.1331
6000,133.15,0.7845804597,1.13315
6000,133.2,0.7846057327,1.1332
6000,133.25,0.7846310171,1.13325
6000,133.3,0.7846563128,1.1333
6000,133.35,0.78468162,1.13335
6000,133.4,0.7847069386,1.1334
6000,133.45,0.7847322685,1.13345
6000,133.5,0.7847576099,1.1335
6000,133.55,0.7847829627,1.13355
6000,133.6,0.7848083268,1.1336
6000,133.65,0.7848337024,1.13365
6000,133.7,0.7848590894,1.1337
6000,133.75,0.7848844878,1.13375
6000,133.8,0.7849098977,1.1338
6000,133.85,0.7849353189,1.13385
6000,133.9,0.7849607516,1.1339
6000,133.95,0.7849861957,1.13395
6000,134,0.7850116513,1.134
6000,134.05,0.7850371182,1.13405
6000,134.1,0.7850625966,1.1341
6000,134.15,0.7850880865,1.13415
6000,134.2,0.7851135878,1.1342
6000,134.25,0.7851391005,1.13425
6000,134.3,0.7851646247,1.1343
6000,134.35,0.7851901603,1.13435
6000,134.4,0.7852157073,1.1344
6000,134.45,0.7852412659,1.13445
6000,134.5,0.7852668358,1.1345
6000,134.55,0.7852924173,1.13455
6000,134.6,0.7853180102,1.1346
6000,134.65,0.7853436145,1.13465
6000,134.7,0.7853692303,1.1347
6000,134.75,0.7853948576,1.13475
6000,134.8,0.7854204964,1.1348
6000,134.85,0.7854461466,1.13485
6000,134.9,0.7854718083,1.1349
6000,134.95,0.7854974815,1.13495
6000,135,0.7855231662,1.135
6000,135.05,0.7855488623,1.13505
6000,135.1,0.78557457,1.1351
6000,135.15,0.7856002891,1.13515
6000,135.2,0.7856260197,1.1352
6000,135.25,0.7856517618,1.13525
6000,135.3,0.7856775155,1.1353
6000,135.35,0.7857032806,1.13535
6000,135.4,0.7857290572,1.1354
6000,135.45,0.7857548453,1.13545
6000,135.5,0.7857806449,1.1355
6000,135.55,0.7858064561,1.13555
6000,135.6,0.7858322787,1.1356
6000,135.65,0.7858581129,1.13565
6000,135.7,0.7858839586,1.1357
6000,135.75,0.7859098158,1.13575
6000,135.8,0.7859356845,1.1358
6000,135.85,0.7859615647,1.13585
6000,135.9,0.7859874565,1.1359
6000,135.95,0.7860133598,1.13595
6000,136,0.7860392747,1.136
6000,136.05,0.786065201,1.13605
6000,136.1,0.7860911389,1.1361
6000,136.15,0.7861170884,1.13615
6000,136.2,0.7861430494,1.1362
6000,136.25,0.7861690219,1.13625
6000,136.3,0.786195006,1.1363
6000,136.35,0.7862210017,1.13635
6000,136.4,0.7862470089,1.1364
6000,136.45,0.7862730276,1.13645
6000,136.5,0.786299058,1.1365
6000,136.55,0.7863250998,1.13655
6000,136.6,0.7863511533,1.1366
6000,136.65,0.7863772183,1.13665
6000,136.7,0.7864032948,1.1367
6000,136.75,0.786429383,1.13675
6000,136.8,0.7864554827,1.1368
6000,136.85,0.786481594,1.13685
6000,136.9,0.7865077169,1.1369
6000,136.95,0.7865338513,1.13695
6000,137,0.7865599974,1.137
6000,137.05,0.786586155,1.13705
6000,137.1,0.7866123242,1.1371
6000,137.15,0.786638505,1.13715
6000,137.2,0.7866646974,1.1372
6000,137.25,0.7866909014,1.13725
6000,137.3,0.786717117,1.1373
6000,137.35,0.7867433442,1.13735
6000,137.4,0.786769583,1.1374
6000,137.45,0.7867958335,1.13745
6000,137.5,0.7868220955,1.1375
6000,137.55,0.7868483691,1.13755
6000,137.6,0.7868746544,1.1376
6000,137.65,0.7869009512,1.13765
6000,137.7,0.7869272597,1.1377
6000,137.75,0.7869535798,1.13775
6000,137.8,0.7869799116,1.1378
6000,137.85,0.7870062549,1.13785
6000,137.9,0.7870326099,1.1379
6000,137.95,0.7870589765,1.13795
6000,138,0.7870853548,1.138
6000,138.05,0.7871117447,1.13805
6000,138.1,0.7871381462,1.1381
6000,138.15,0.7871645594,1.13815
6000,138.2,0.7871909842,1.1382
6000,138.25,0.7872174207,1.13825
6000,138.3,0.7872438688,1.1383
6000,138.35,0.7872703286,1.13835
6000,138.4,0.7872968,1.1384
6000,138.45,0.7873232831,1.13845
6000,138.5,0.7873497779,1.1385
6000,138.55,0.7873762843,1.13855
6000,138.6,0.7874028023,1.1386
6000,138.65,0.7874293321,1.13865
6000,138.7,0.7874558735,1.1387
6000,138.75,0.7874824266,1.13875
6000,138.8,0.7875089913,1.1388
6000,138.85,0.7875355678,1.13885
6000,138.9,0.7875621559,1.1389
6000,138.95,0.7875887557,1.13895
6000,139,0.7876153672,1.139
6000,139.05,0.7876419903,1.13905
6000,139.1,0.7876686252,1.1391
6000,139.15,0.7876952718,1.13915
6000,139.2,0.78772193,1.1392
6000,139.25,0.7877486,1.13925
6000,139.3,0.7877752816,1.1393
6000,139.35,0.787801975,1.13935
6000,139.4,0.78782868,1.1394
6000,139.45,0.7878553968,1.13945
6000,139.5,0.7878821252,1.1395
6000,139.55,0.7879088654,1.13955
6000,139.6,0.7879356173,1.1396
6000,139.65,0.787962381,1.13965
6000,139.7,0.7879891563,1.1397
6000,139.75,0.7880159433,1.13975
6000,139.8,0.7880427421,1.1398
6000,139.85,0.7880695526,1.13985
6000,139.9,0.7880963749,1.1399
6000,139.95,0.7881232089,1.13995
6000,140,0.7881500546,1.14
6000,140.05,0.788176912,1.14005
6000,140.1,0.7882037812,1.1401
6000,140.15,0.7882306621,1.14015
6000,140.2,0.7882575548,1.1402
6000,140.25,0.7882844592,1.14025
6000,140.3,0.7883113754,1.1403
6000,140.35,0.7883383033,1.14035
6000,140.4,0.788365243,1.1404
6000,140.45,0.7883921944,1.14045
6000,140.5,0.7884191576,1.1405
6000,140.55,0.7884461325,1.14055
6000,140.6,0.7884731193,1.1406
6000,140.65,0.7885001177,1.14065
6000,140.7,0.788527128,1.1407
6000,140.75,0.78855415,1.14075
6000,140.8,0.7885811838,1.1408
6000,140.85,0.7886082294,1.14085
6000,140.9,0.7886352867,1.1409
6000,140.95,0.7886623559,1.14095
6000,141,0.7886894368,1.141
6000,141.05,0.7887165295,1.14105
6000,141.1,0.788743634,1.1411
6000,141.15,0.7887707503,1.14115
6000,141.2,0.7887978783,1.1412
6000,141.25,0.7888250182,1.14125
6000,141.3,0.7888521699,1.1413
6000,141.35,0.7888793333,1.14135
6000,141.4,0.7889065086,1.1414
6000,141.45,0.7889336957,1.14145
6000,141.5,0.7889608946,1.1415
6000,141.55,0.7889881053,1.14155
6000,141.6,0.7890153278,1.1416
6000,141.65,0.7890425621,1.14165
6000,141.7,0.7890698083,1.1417
6000,141.75,0.7890970662,1.14175
6000,141.8,0.789124336,1.1418
6000,141.85,0.7891516176,1.14185
6000,141.9,0.7891789111,1.1419
6000,141.95,0.7892062163,1.14195
6000,142,0.7892335334,1.142
6000,142.05,0.7892608624,1.14205
6000,142.1,0.7892882031,1.1421
6000,142.15,0.7893155557,1.14215
6000,142.2,0.7893429202,1.1422
6000,142.25,0.7893702965,1.14225
6000,142.3,0.7893976846,1.1423
6000,142.35,0.7894250846,1.14235
6000,142.4,0.7894524965,1.1424
6000,142.45,0.7894799202,1.14245
6000,142.5,0.7895073557,1.1425
6000,142.55,0.7895348031,1.14255
6000,142.6,0.7895622624,1.1426
6000,142.65,0.7895897336,1.14265
6000,142.7,0.7896172166,1.1427
6000,142.75,0.7896447114,1.14275
6000,142.8,0.7896722182,1.1428
6000,142.85,0.7896997368,1.14285
6000,142.9,0.7897272673,1.1429
6000,142.95,0.7897548096,1.14295
6000,143,0.7897823639,1.143
6000,143.05,0.78980993,1.14305
6000,143.1,0.789837508,1.1431
6000,143.15,0.7898650979,1.14315
6000,143.2,0.7898926997,1.1432
6000,143.25,0.7899203134,1.14325
6000,143.3,0.789947939,1.1433
6000,143.35,0.7899755765,1.14335
6000,143.4,0.7900032258,1.1434
6000,143.45,0.7900308871,1.14345
6000,143.5,0.7900585603,1.1435
6000,143.55,0.7900862454,1.14355
6000,143.6,0.7901139424,1.1436
6000,143.65,0.7901416513,1.14365
6000,143.7,0.7901693721,1.1437
6000,143.75,0.7901971048,1.14375
6000,143.8,0.7902248495,1.1438
6000,143.85,0.790252606,1.14385
6000,143.9,0.7902803745,1.1439
6000,143.95,0.7903081549,1.14395
6000,144,0.7903359473,1.144
6000,144.05,0.7903637516,1.14405
6000,144.1,0.7903915678,1.1441
6000,144.15,0.7904193959,1.14415
6000,144.2,0.790447236,1.1442
6000,144.25,0.790475088,1.14425
6000,144.3,0.790502952,1.1443
6000,144.35,0.7905308279,1.14435
6000,144.4,0.7905587157,1.1444
6000,144.45,0.7905866155,1.14445
6000,144.5,0.7906145272,1.1445
6000,144.55,0.7906424509,1.14455
6000,144.6,0.7906703866,1.1446
6000,144.65,0.7906983342,1.14465
6000,144.7,0.7907262938,1.1447
6000,144.75,0.7907542653,1.14475
6000,144.8,0.7907822488,1.1448
6000,144.85,0.7908102443,1.14485
6000,144.9,0.7908382517,1.1449
6000,144.95,0.7908662711,1.14495
6000,145,0.7908943025,1.145
6000,145.05,0.7909223459,1.14505
6000,145.1,0.7909504012,1.1451
6000,145.15,0.7909784685,1.14515
6000,145.2,0.7910065478,1.1452
6000,145.25,0.7910346391,1.14525
6000,145.3,0.7910627424,1.1453
6000,145.35,0.7910908577,1.14535
6000,145.4,0.7911189849,1.1454
6000,145.45,0.7911471242,1.14545
6000,145.5,0.7911752754,1.1455
6000,145.55,0.7912034387,1.14555
6000,145.6,0.7912316139,1.1456
6000,145.65,0.7912598012,1.14565
6000,145.7,0.7912880004,1.1457
6000,145.75,0.7913162117,1.14575
6000,145.8,0.791344435,1.1458
6000,145.85,0.7913726703,1.14585
6000,145.9,0.7914009176,1.1459
6000,145.95,0.7914291769,1.14595
6000,146,0.7914574483,1.146
6000,146.05,0.7914857316,1.14605
6000,146.1,0.791514027,1.1461
6000,146.15,0.7915423344,1.14615
6000,146.2,0.7915706539,1.1462
6000,146.25,0.7915989854,1.14625
6000,146.3,0.7916273289,1.1463
6000,146.35,0.7916556844,1.14635
6000,146.4,0.791684052,1.1464
6000,146.45,0.7917124317,1.14645
6000,146.5,0.7917408233,1.1465
6000,146.55,0.791769227,1.14655
6000,146.6,0.7917976428,1.1466
6000,146.65,0.7918260706,1.14665
6000,146.7,0.7918545105,1.1467
6000,146.75,0.7918829624,1.14675
6000,146.8,0.7919114264,1.1468
6000,146.85,0.7919399024,1.14685
6000,146.9,0.7919683905,1.1469
6000,146.95,0.7919968907,1.14695
6000,147,0.7920254029,1.147
6000,147.05,0.7920539272,1.14705
6000,147.1,0.7920824636,1.1471
6000,147.15,0.792111012,1.14715
6000,147.2,0.7921395725,1.1472
6000,147.25,0.7921681451,1.14725
6000,147.3,0.7921967298,1.1473
6000,147.35,0.7922253265,1.14735
6000,147.4,0.7922539353,1.1474
6000,147.45,0.7922825563,1.14745
6000,147.5,0.7923111893,1.1475
6000,147.55,0.7923398343,1.14755
6000,147.6,0.7923684915,1.1476
6000,147.65,0.7923971608,1.14765
6000,147.7,0.7924258422,1.1477
6000,147.75,0.7924545357,1.14775
6000,147.8,0.7924832412,1.1478
6000,147.85,0.7925119589,1.14785
6000,147.9,0.7925406887,1.1479
6000,147.95,0.7925694306,1.14795
6000,148,0.7925981846,1.148
6000,148.05,0.7926269507,1.14805
6000,148.1,0.792655729,1.1481
6000,148.15,0.7926845193,1.14815
6000,148.2,0.7927133218,1.1482
6000,148.25,0.7927421364,1.14825
6000,148.3,0.7927709631,1.1483
6000,148.35,0.7927998019,1.14835
6000,148.4,0.7928286529,1.1484
6000,148.45,0.792857516,1.14845
6000,148.5,0.7928863912,1.1485
6000,148.55,0.7929152786,1.14855
6000,148.6,0.7929441781,1.1486
6000,148.65,0.7929730897,1.14865
6000,148.7,0.7930020135,1.1487
6000,148.75,0.7930309494,1.14875
6000,148.8,0.7930598975,1.1488
6000,148.85,0.7930888577,1.14885
6000,148.9,0.7931178301,1.1489
6000,148.95,0.7931468146,1.14895
6000,149,0.7931758113,1.149
6000,149.05,0.7932048201,1.14905
6000,149.1,0.7932338411,1.1491
6000,149.15,0.7932628742,1.14915
6000,149.2,0.7932919196,1.1492
6000,149.25,0.793320977,1.14925
6000,149.3,0.7933500467,1.1493
6000,149.35,0.7933791285,1.14935
6000,149.4,0.7934082225,1.1494
6000,149.45,0.7934373286,1.14945
6000,149.5,0.793466447,1.1495
6000,149.55,0.7934955775,1.14955
6000,149.6,0.7935247202,1.1496
6000,149.65,0.7935538751,1.14965
6000,149.7,0.7935830421,1.1497
6000,149.75,0.7936122214,1.14975
6000,149.8,0.7936414128,1.1498
6000,149.85,0.7936706164,1.14985
6000,149.9,0.7936998323,1.1499
6000,149.95,0.7937290603,1.14995
6000,150,0.7937583005,1.15
6000,150.05,0.7937875529,1.15005
6000,150.1,0.7938168175,1.1501
6000,150.15,0.7938460944,1.15015
6000,150.2,0.7938753834,1.1502
6000,150.25,0.7939046846,1.15025
6000,150.3,0.7939339981,1.1503
6000,150.35,0.7939633237,1.15035
6000,150.4,0.7939926616,1.1504
6000,150.45,0.7940220117,1.15045
6000,150.5,0.794051374,1.1505
6000,150.55,0.7940807486,1.15055
6000,150.6,0.7941101353,1.1506
6000,150.65,0.7941395343,1.15065
6000,150.7,0.7941689455,1.1507
6000,150.75,0.7941983689,1.15075
6000,150.8,0.7942278046,1.1508
6000,150.85,0.7942572525,1.15085
6000,150.9,0.7942867127,1.1509
6000,150.95,0.794316185,1.15095
6000,151,0.7943456697,1.151
6000,151.05,0.7943751665,1.15105
6000,151.1,0.7944046756,1.1511
6000,151.15,0.794434197,1.15115
6000,151.2,0.7944637306,1.1512
6000,151.25,0.7944932765,1.15125
6000,151.3,0.7945228346,1.1513
6000,151.35,0.7945524049,1.15135
6000,151.4,0.7945819876,1.1514
6000,151.45,0.7946115824,1.15145
6000,151.5,0.7946411896,1.1515
6000,151.55,0.794670809,1.15155
6000,151.6,0.7947004407,1.1516
6000,151.65,0.7947300846,1.15165
6000,151.7,0.7947597408,1.1517
6000,151.75,0.7947894093,1.15175
6000,151.8,0.79481909,1.1518
6000,151.85,0.7948487831,1.15185
6000,151.9,0.7948784884,1.1519
6000,151.95,0.794908206,1.15195
6000,152,0.7949379358,1.152
6000,152.05,0.794967678,1.15205
6000,152.1,0.7949974325,1.1521
6000,152.15,0.7950271992,1.15215
6000,152.2,0.7950569782,1.1522
6000,152.25,0.7950867695,1.15225
6000,152.3,0.7951165731,1.1523
6000,152.35,0.795146389,1.15235
6000,152.4,0.7951762173,1.1524
6000,152.45,0.7952060578,1.15245
6000,152.5,0.7952359106,1.1525
6000,152.55,0.7952657757,1.15255
6000,152.6,0.7952956531,1.1526
6000,152.65,0.7953255429,1.15265
6000,152.7,0.7953554449,1.1527
6000,152.75,0.7953853593,1.15275
6000,152.8,0.7954152859,1.1528
6000,152.85,0.7954452249,1.15285
6000,152.9,0.7954751762,1.1529
6000,152.95,0.7955051399,1.15295
6000,153,0.7955351158,1.153
6000,153.05,0.7955651041,1.15305
6000,153.1,0.7955951047,1.1531
6000,153.15,0.7956251177,1.15315
6000,153.2,0.795655143,1.1532
6000,153.25,0.7956851806,1.15325
6000,153.3,0.7957152305,1.1533
6000,153.35,0.7957452928,1.15335
6000,153.4,0.7957753674,1.1534
6000,153.45,0.7958054544,1.15345
6000,153.5,0.7958355537,1.1535
6000,153.55,0.7958656654,1.15355
6000,153.6,0.7958957894,1.1536
6000,153.65,0.7959259257,1.15365
6000,153.7,0.7959560744,1.1537
6000,153.75,0.7959862355,1.15375
6000,153.8,0.7960164089,1.1538
6000,153.85,0.7960465947,1.15385
6000,153.9,0.7960767928,1.1539
6000,153.95,0.7961070033,1.15395
6000,154,0.7961372262,1.154
6000,154.05,0.7961674614,1.15405
6000,154.1,0.796197709,1.1541
6000,154.15,0.796227969,1.15415
6000,154.2,0.7962582413,1.1542
6000,154.25,0.796288526,1.15425
6000,154.3,0.7963188231,1.1543
6000,154.35,0.7963491326,1.15435
6000,154.4,0.7963794544,1.1544
6000,154.45,0.7964097887,1.15445
6000,154.5,0.7964401353,1.1545
6000,154.55,0.7964704943,1.15455
6000,154.6,0.7965008657,1.1546
6000,154.65,0.7965312495,1.15465
6000,154.7,0.7965616456,1.1547
6000,154.75,0.7965920542,1.15475
6000,154.8,0.7966224752,1.1548
6000,154.85,0.7966529085,1.15485
6000,154.9,0.7966833543,1.1549
6000,154.95,0.7967138125,1.15495
6000,155,0.796744283,1.155
6000,155.05,0.796774766,1.15505
6000,155.1,0.7968052614,1.1551
6000,155.15,0.7968357692,1.15515
6000,155.2,0.7968662894,1.1552
6000,155.25,0.796896822,1.15525
6000,155.3,0.7969273671,1.1553
6000,155.35,0.7969579245,1.15535
6000,155.4,0.7969884944,1.1554
6000,155.45,0.7970190767,1.15545
6000,155.5,0.7970496714,1.1555
6000,155.55,0.7970802786,1.15555
6000,155.6,0.7971108982,1.1556
6000,155.65,0.7971415302,1.15565
6000,155.7,0.7971721746,1.1557
6000,155.75,0.7972028315,1.15575
6000,155.8,0.7972335008,1.1558
6000,155.85,0.7972641825,1.15585
6000,155.9,0.7972948767,1.1559
6000,155.95,0.7973255833,1.15595
6000,156,0.7973563024,1.156
6000,156.05,0.7973870339,1.15605
6000,156.1,0.7974177779,1.1561
6000,156.15,0.7974485343,1.15615
6000,156.2,0.7974793031,1.1562
6000,156.25,0.7975100845,1.15625
6000,156.3,0.7975408782,1.1563
6000,156.35,0.7975716845,1.15635
6000,156.4,0.7976025031,1.1564
6000,156.45,0.7976333343,1.15645
6000,156.5,0.7976641779,1.1565
6000,156.55,0.797695034,1.15655
6000,156.6,0.7977259025,1.1566
6000,156.65,0.7977567835,1.15665
6000,156.7,0.797787677,1.1567
6000,156.75,0.7978185829,1.15675
6000,156.8,0.7978495014,1.1568
6000,156.85,0.7978804323,1.15685
6000,156.9,0.7979113757,1.1569
6000,156.95,0.7979423315,1.15695
6000,157,0.7979732999,1.157
6000,157.05,0.7980042807,1.15705
6000,157.1,0.798035274,1.1571
6000,157.15,0.7980662798,1.15715
6000,157.2,0.7980972981,1.1572
6000,157.25,0.7981283288,1.15725
6000,157.3,0.7981593721,1.1573
6000,157.35,0.7981904279,1.15735
6000,157.4,0.7982214961,1.1574
6000,157.45,0.7982525769,1.15745
6000,157.5,0.7982836702,1.1575
6000,157.55,0.7983147759,1.15755
6000,157.6,0.7983458942,1.1576
6000,157.65,0.798377025,1.15765
6000,157.7,0.7984081683,1.1577
6000,157.75,0.798439324,1.15775
6000,157.8,0.7984704924,1.1578
6000,157.85,0.7985016732,1.15785
6000,157.9,0.7985328665,1.1579
6000,157.95,0.7985640724,1.15795
6000,158,0.7985952907,1.158
6000,158.05,0.7986265216,1.15805
6000,158.1,0.798657765,1.1581
6000,158.15,0.798689021,1.15815
6000,158.2,0.7987202894,1.1582
6000,158.25,0.7987515704,1.15825
6000,158.3,0.798782864,1.1583
6000,158.35,0.79881417,1.15835
6000,158.4,0.7988454886,1.1584
6000,158.45,0.7988768197,1.15845
6000,158.5,0.7989081634,1.1585
6000,158.55,0.7989395196,1.15855
6000,158.6,0.7989708883,1.1586
6000,158.65,0.7990022696,1.15865
6000,158.7,0.7990336635,1.1587
6000,158.75,0.7990650698,1.15875
6000,158.8,0.7990964888,1.1588
6000,158.85,0.7991279203,1.15885
6000,158.9,0.7991593643,1.1589
6000,158.95,0.7991908209,1.15895
6000,159,0.79922229,1.159
6000,159.05,0.7992537717,1.15905
6000,159.1,0.799285266,1.1591
6000,159.15,0.7993167728,1.15915
6000,159.2,0.7993482922,1.1592
6000,159.25,0.7993798241,1.15925
6000,159.3,0.7994113686,1.1593
6000,159.35,0.7994429257,1.15935
6000,159.4,0.7994744954,1.1594
6000,159.45,0.7995060776,1.15945
6000,159.5,0.7995376724,1.1595
6000,159.55,0.7995692798,1.15955
6000,159.6,0.7996008997,1.1596
6000,159.65,0.7996325323,1.15965
6000,159.7,0.7996641774,1.1597
6000,159.75,0.7996958351,1.15975
6000,159.8,0.7997275054,1.1598
6000,159.85,0.7997591883,1.15985
6000,159.9,0.7997908837,1.1599
6000,159.95,0.7998225918,1.15995
6000,160,0.7998543124,1.16
6000,160.05,0.7998860456,1.16005
6000,160.1,0.7999177915,1.1601
6000,160.15,0.7999495499,1.16015
6000,160.2,0.7999813209,1.1602
6000,160.25,0.8000131046,1.16025
6000,160.3,0.8000449008,1.1603
6000,160.35,0.8000767096,1.16035
6000,160.4,0.8001085311,1.1604
6000,160.45,0.8001403651,1.16045
6000,160.5,0.8001722118,1.1605
6000,160.55,0.800204071,1.16055
6000,160.6,0.8002359429,1.1606
6000,160.65,0.8002678274,1.16065
6000,160.7,0.8002997245,1.1607
6000,160.75,0.8003316343,1.16075
6000,160.8,0.8003635566,1.1608
6000,160.85,0.8003954916,1.16085
6000,160.9,0.8004274392,1.1609
6000,160.95,0.8004593994,1.16095
6000,161,0.8004913723,1.161
6000,161.05,0.8005233577,1.16105
6000,161.1,0.8005553558,1.1611
6000,161.15,0.8005873666,1.16115
6000,161.2,0.80061939,1.1612
6000,161.25,0.800651426,1.16125
6000,161.3,0.8006834746,1.1613
6000,161.35,0.8007155359,1.16135
6000,161.4,0.8007476098,1.1614
6000,161.45,0.8007796964,1.16145
6000,161.5,0.8008117956,1.1615
6000,161.55,0.8008439075,1.16155
6000,161.6,0.800876032,1.1616
6000,161.65,0.8009081692,1.16165
6000,161.7,0.800940319,1.1617
6000,161.75,0.8009724814,1.16175
6000,161.8,0.8010046566,1.1618
6000,161.85,0.8010368443,1.16185
6000,161.9,0.8010690448,1.1619
6000,161.95,0.8011012579,1.16195
6000,162,0.8011334836,1.162
6000,162.05,0.801165722,1.16205
6000,162.1,0.8011979731,1.1621
6000,162.15,0.8012302369,1.16215
6000,162.2,0.8012625133,1.1622
6000,162.25,0.8012948024,1.16225
6000,162.3,0.8013271041,1.1623
6000,162.35,0.8013594185,1.16235
6000,162.4,0.8013917456,1.1624
6000,162.45,0.8014240854,1.16245
6000,162.5,0.8014564379,1.1625
6000,162.55,0.801488803,1.16255
6000,162.6,0.8015211809,1.1626
6000,162.65,0.8015535714,1.16265
6000,162.7,0.8015859745,1.1627
6000,162.75,0.8016183904,1.16275
6000,162.8,0.801650819,1.1628
6000,162.85,0.8016832602,1.16285
6000,162.9,0.8017157142,1.1629
6000,162.95,0.8017481808,1.16295
6000,163,0.8017806602,1.163
6000,163.05,0.8018131522,1.16305
6000,163.1,0.8018456569,1.1631
6000,163.15,0.8018781743,1.16315
6000,163.2,0.8019107045,1.1632
6000,163.25,0.8019432473,1.16325
6000,163.3,0.8019758028,1.1633
6000,163.35,0.8020083711,1.16335
6000,163.4,0.802040952,1.1634
6000,163.45,0.8020735457,1.16345
6000,163.5,0.8021061521,1.1635
6000,163.55,0.8021387711,1.16355
6000,163.6,0.8021714029,1.1636
6000,163.65,0.8022040475,1.16365
6000,163.7,0.8022367047,1.1637
6000,163.75,0.8022693746,1.16375
6000,163.8,0.8023020573,1.1638
6000,163.85,0.8023347527,1.16385
6000,163.9,0.8023674608,1.1639
6000,163.95,0.8024001817,1.16395
6000,164,0.8024329152,1.164
6000,164.05,0.8024656615,1.16405
6000,164.1,0.8024984206,1.1641
6000,164.15,0.8025311923,1.16415
6000,164.2,0.8025639768,1.1642
6000,164.25,0.8025967741,1.16425
6000,164.3,0.802629584,1.1643
6000,164.35,0.8026624068,1.16435
6000,164.4,0.8026952422,1.1644
6000,164.45,0.8027280904,1.16445
6000,164.5,0.8027609513,1.1645
6000,164.55,0.802793825,1.16455
6000,164.6,0.8028267114,1.1646
6000,164.65,0.8028596106,1.16465
6000,164.7,0.8028925225,1.1647
6000,164.75,0.8029254472,1.16475
6000,164.8,0.8029583846,1.1648
6000,164.85,0.8029913348,1.16485
6000,164.9,0.8030242978,1.1649
6000,164.95,0.8030572734,1.16495
6000,165,0.8030902619,1.165
6000,165.05,0.8031232631,1.16505
6000,165.1,0.8031562771,1.1651
6000,165.15,0.8031893038,1.16515
6000,165.2,0.8032223433,1.1652
6000,165.25,0.8032553956,1.16525
6000,165.3,0.8032884607,1.1653
6000,165.35,0.8033215385,1.16535
6000,165.4,0.803354629,1.1654
6000,165.45,0.8033877324,1.16545
6000,165.5,0.8034208485,1.1655
6000,165.55,0.8034539774,1.16555
6000,165.6,0.8034871191,1.1656
6000,165.65,0.8035202736,1.16565
6000,165.7,0.8035534408,1.1657
6000,165.75,0.8035866209,1.16575
6000,165.8,0.8036198137,1.1658
6000,165.85,0.8036530193,1.16585
6000,165.9,0.8036862376,1.1659
6000,165.95,0.8037194688,1.16595
6000,166,0.8037527128,1.166
6000,166.05,0.8037859695,1.16605
6000,166.1,0.8038192391,1.1661
6000,166.15,0.8038525214,1.16615
6000,166.2,0.8038858165,1.1662
6000,166.25,0.8039191245,1.16625
6000,166.3,0.8039524452,1.1663
6000,166.35,0.8039857787,1.16635
6000,166.4,0.8040191251,1.1664
6000,166.45,0.8040524842,1.16645
6000,166.5,0.8040858562,1.1665
6000,166.55,0.8041192409,1.16655
6000,166.6,0.8041526385,1.1666
6000,166.65,0.8041860488,1.16665
6000,166.7,0.804219472,1.1667
6000,166.75,0.804252908,1.16675
6000,166.8,0.8042863568,1.1668
6000,166.85,0.8043198184,1.16685
6000,166.9,0.8043532929,1.1669
6000,166.95,0.8043867801,1.16695
6000,167,0.8044202802,1.167
6000,167.05,0.8044537931,1.16705
6000,167.1,0.8044873188,1.1671
6000,167.15,0.8045208573,1.16715
6000,167.2,0.8045544087,1.1672
6000,167.25,0.8045879729,1.16725
6000,167.3,0.8046215499,1.1673
6000,167.35,0.8046551398,1.16735
6000,167.4,0.8046887425,1.1674
6000,167.45,0.804722358,1.16745
6000,167.5,0.8047559863,1.1675
6000,167.55,0.8047896275,1.16755
6000,167.6,0.8048232815,1.1676
6000,167.65,0.8048569484,1.16765
6000,167.7,0.8048906281,1.1677
6000,167.75,0.8049243206,1.16775
6000,167.8,0.804958026,1.1678
6000,167.85,0.8049917443,1.16785
6000,167.9,0.8050254753,1.1679
6000,167.95,0.8050592193,1.16795
6000,168,0.805092976,1.168
6000,168.05,0.8051267457,1.16805
6000,168.1,0.8051605282,1.1681
6000,168.15,0.8051943235,1.16815
6000,168.2,0.8052281317,1.1682
6000,168.25,0.8052619527,1.16825
6000,168.3,0.8052957866,1.1683
6000,168.35,0.8053296334,1.16835
6000,168.4,0.805363493,1.1684
6000,168.45,0.8053973655,1.16845
6000,168.5,0.8054312508,1.1685
6000,168.55,0.805465149,1.16855
6000,168.6,0.8054990601,1.1686
6000,168.65,0.805532984,1.16865
6000,168.7,0.8055669208,1.1687
6000,168.75,0.8056008705,1.16875
6000,168.8,0.805634833,1.1688
6000,168.85,0.8056688085,1.16885
6000,168.9,0.8057027968,1.1689
6000,168.95,0.8057367979,1.16895
6000,169,0.805770812,1.169
6000,169.05,0.8058048389,1.16905
6000,169.1,0.8058388787,1.1691
6000,169.15,0.8058729314,1.16915
6000,169.2,0.8059069969,1.1692
6000,169.25,0.8059410754,1.16925
6000,169.3,0.8059751667,1.1693
6000,169.35,0.806009271,1.16935
6000,169.4,0.8060433881,1.1694
6000,169.45,0.8060775181,1.16945
6000,169.5,0.806111661,1.1695
6000,169.55,0.8061458167,1.16955
6000,169.6,0.8061799854,1.1696
6000,169.65,0.806214167,1.16965
6000,169.7,0.8062483615,1.1697
6000,169.75,0.8062825688,1.16975
6000,169.8,0.8063167891,1.1698
6000,169.85,0.8063510222,1.16985
6000,169.9,0.8063852683,1.1699
6000,169.95,0.8064195273,1.16995
6000,170,0.8064537991,1.17
6000,170.05,0.8064880839,1.17005
6000,170.1,0.8065223816,1.1701
6000,170.15,0.8065566922,1.17015
6000,170.2,0.8065910157,1.1702
6000,170.25,0.8066253521,1.17025
6000,170.3,0.8066597014,1.1703
6000,170.35,0.8066940636,1.17035
6000,170.4,0.8067284388,1.1704
6000,170.45,0.8067628269,1.17045
6000,170.5,0.8067972278,1.1705
6000,170.55,0.8068316417,1.17055
6000,170.6,0.8068660686,1.1706
6000,170.65,0.8069005083,1.17065
6000,170.7,0.806934961,1.1707
6000,170.75,0.8069694265,1.17075
6000,170.8,0.8070039051,1.1708
6000,170.85,0.8070383965,1.17085
6000,170.9,0.8070729009,1.1709
6000,170.95,0.8071074182,1.17095
6000,171,0.8071419484,1.171
6000,171.05,0.8071764915,1.17105
6000,171.1,0.8072110476,1.1711
6000,171.15,0.8072456166,1.17115
6000,171.2,0.8072801986,1.1712
6000,171.25,0.8073147935,1.17125
6000,171.3,0.8073494013,1.1713
6000,171.35,0.8073840221,1.17135
6000,171.4,0.8074186558,1.1714
6000,171.45,0.8074533025,1.17145
6000,171.5,0.8074879621,1.1715
6000,171.55,0.8075226346,1.17155
6000,171.6,0.8075573201,1.1716
6000,171.65,0.8075920185,1.17165
6000,171.7,0.8076267299,1.1717
6000,171.75,0.8076614542,1.17175
6000,171.8,0.8076961915,1.1718
6000,171.85,0.8077309417,1.17185
6000,171.9,0.8077657049,1.1719
6000,171.95,0.807800481,1.17195
6000,172,0.8078352701,1.172
6000,172.05,0.8078700722,1.17205
6000,172.1,0.8079048872,1.1721
6000,172.15,0.8079397152,1.17215
6000,172.2,0.8079745561,1.1722
6000,172.25,0.80800941,1.17225
6000,172.3,0.8080442768,1.1723
6000,172.35,0.8080791566,1.17235
6000,172.4,0.8081140494,1.1724
6000,172.45,0.8081489552,1.17245
6000,172.5,0.8081838739,1.1725
6000,172.55,0.8082188056,1.17255
6000,172.6,0.8082537502,1.1726
6000,172.65,0.8082887078,1.17265
6000,172.7,0.8083236784,1.1727
6000,172.75,0.808358662,1.17275
6000,172.8,0.8083936585,1.1728
6000,172.85,0.8084286681,1.17285
6000,172.9,0.8084636905,1.1729
6000,172.95,0.808498726,1.17295
6000,173,0.8085337745,1.173
6000,173.05,0.8085688359,1.17305
6000,173.1,0.8086039103,1.1731
6000,173.15,0.8086389977,1.17315
6000,173.2,0.8086740981,1.1732
6000,173.25,0.8087092115,1.17325
6000,173.3,0.8087443378,1.1733
6000,173.35,0.8087794772,1.17335
6000,173.4,0.8088146295,1.1734
6000,173.45,0.8088497948,1.17345
6000,173.5,0.8088849731,1.1735
6000,173.55,0.8089201644,1.17355
6000,173.6,0.8089553687,1.1736
6000,173.65,0.808990586,1.17365
6000,173.7,0.8090258163,1.1737
6000,173.75,0.8090610596,1.17375
6000,173.8,0.8090963159,1.1738
6000,173.85,0.8091315852,1.17385
6000,173.9,0.8091668675,1.1739
6000,173.95,0.8092021628,1.17395
6000,174,0.809237471,1.174
6000,174.05,0.8092727923,1.17405
6000,174.1,0.8093081266,1.1741
6000,174.15,0.8093434739,1.17415
6000,174.2,0.8093788342,1.1742
6000,174.25,0.8094142076,1.17425
6000,174.3,0.8094495939,1.1743
6000,174.35,0.8094849932,1.17435
6000,174.4,0.8095204056,1.1744
6000,174.45,0.8095558309,1.17445
6000,174.5,0.8095912693,1.1745
6000,174.55,0.8096267207,1.17455
6000,174.6,0.8096621851,1.1746
6000,174.65,0.8096976625,1.17465
6000,174.7,0.809733153,1.1747
6000,174.75,0.8097686565,1.17475
6000,174.8,0.8098041729,1.1748
6000,174.85,0.8098397024,1.17485
6000,174.9,0.809875245,1.1749
6000,174.95,0.8099108005,1.17495
6000,175,0.8099463691,1.175
6000,175.05,0.8099819507,1.17505
6000,175.1,0.8100175453,1.1751
6000,175.15,0.810053153,1.17515
6000,175.2,0.8100887737,1.1752
6000,175.25,0.8101244074,1.17525
6000,175.3,0.8101600541,1.1753
6000,175.35,0.8101957139,1.17535
6000,175.4,0.8102313867,1.1754
6000,175.45,0.8102670726,1.17545
6000,175.5,0.8103027715,1.1755
6000,175.55,0.8103384834,1.17555
6000,175.6,0.8103742083,1.1756
6000,175.65,0.8104099463,1.17565
6000,175.7,0.8104456974,1.1757
6000,175.75,0.8104814615,1.17575
6000,175.8,0.8105172386,1.1758
6000,175.85,0.8105530287,1.17585
6000,175.9,0.810588832,1.1759
6000,175.95,0.8106246482,1.17595
6000,176,0.8106604775,1.176
6000,176.05,0.8106963198,1.17605
6000,176.1,0.8107321752,1.1761
6000,176.15,0.8107680437,1.17615
6000,176.2,0.8108039252,1.1762
6000,176.25,0.8108398197,1.17625
6000,176.3,0.8108757273,1.1763
6000,176.35,0.810911648,1.17635
6000,176.4,0.8109475817,1.1764
6000,176.45,0.8109835284,1.17645
6000,176.5,0.8110194882,1.1765
6000,176.55,0.8110554611,1.17655
6000,176.6,0.811091447,1.1766
6000,176.65,0.811127446,1.17665
6000,176.7,0.8111634581,1.1767
6000,176.75,0.8111994832,1.17675
6000,176.8,0.8112355214,1.1768
6000,176.85,0.8112715726,1.17685
6000,176.9,0.8113076369,1.1769
6000,176.95,0.8113437143,1.17695
6000,177,0.8113798047,1.177
6000,177.05,0.8114159082,1.17705
6000,177.1,0.8114520248,1.1771
6000,177.15,0.8114881544,1.17715
6000,177.2,0.8115242971,1.1772
6000,177.25,0.8115604529,1.17725
6000,177.3,0.8115966217,1.1773
6000,177.35,0.8116328037,1.17735
6000,177.4,0.8116689987,1.1774
6000,177.45,0.8117052067,1.17745
6000,177.5,0.8117414279,1.1775
6000,177.55,0.8117776621,1.17755
6000,177.6,0.8118139094,1.1776
6000,177.65,0.8118501698,1.17765
6000,177.7,0.8118864432,1.1777
6000,177.75,0.8119227298,1.17775
6000,177.8,0.8119590294,1.1778
6000,177.85,0.8119953421,1.17785
6000,177.9,0.8120316679,1.1779
6000,177.95,0.8120680068,1.17795
6000,178,0.8121043587,1.178
6000,178.05,0.8121407238,1.17805
6000,178.1,0.8121771019,1.1781
6000,178.15,0.8122134931,1.17815
6000,178.2,0.8122498974,1.1782
6000,178.25,0.8122863148,1.17825
6000,178.3,0.8123227453,1.1783
6000,178.35,0.8123591889,1.17835
6000,178.4,0.8123956456,1.1784
6000,178.45,0.8124321153,1.17845
6000,178.5,0.8124685982,1.1785
6000,178.55,0.8125050941,1.17855
6000,178.6,0.8125416032,1.1786
6000,178.65,0.8125781253,1.17865
6000,178.7,0.8126146606,1.1787
6000,178.75,0.8126512089,1.17875
6000,178.8,0.8126877704,1.1788
6000,178.85,0.8127243449,1.17885
6000,178.9,0.8127609326,1.1789
6000,178.95,0.8127975333,1.17895
6000,179,0.8128341472,1.179
6000,179.05,0.8128707741,1.17905
6000,179.1,0.8129074142,1.1791
6000,179.15,0.8129440674,1.17915
6000,179.2,0.8129807336,1.1792
6000,179.25,0.813017413,1.17925
6000,179.3,0.8130541055,1.1793
6000,179.35,0.8130908111,1.17935
6000,179.4,0.8131275298,1.1794
6000,179.45,0.8131642617,1.17945
6000,179.5,0.8132010066,1.1795
6000,179.55,0.8132377646,1.17955
6000,179.6,0.8132745358,1.1796
6000,179.65,0.8133113201,1.17965
6000,179.7,0.8133481175,1.1797
6000,179.75,0.813384928,1.17975
6000,179.8,0.8134217516,1.1798
6000,179.85,0.8134585883,1.17985
6000,179.9,0.8134954382,1.1799
6000,179.95,0.8135323012,1.17995
6000,180,0.8135691773,1.18
6000,180.05,0.8136060665,1.18005
6000,180.1,0.8136429688,1.1801
6000,180.15,0.8136798843,1.18015
6000,180.2,0.8137168129,1.1802
6000,180.25,0.8137537546,1.18025
6000,180.3,0.8137907094,1.1803
6000,180.35,0.8138276774,1.18035
6000,180.4,0.8138646585,1.1804
6000,180.45,0.8139016527,1.18045
6000,180.5,0.81393866,1.1805
6000,180.55,0.8139756805,1.18055
6000,180.6,0.8140127141,1.1806
6000,180.65,0.8140497608,1.18065
6000,180.7,0.8140868207,1.1807
6000,180.75,0.8141238937,1.18075
6000,180.8,0.8141609798,1.1808
6000,180.85,0.8141980791,1.18085
6000,180.9,0.8142351915,1.1809
6000,180.95,0.814272317,1.18095
6000,181,0.8143094557,1.181
6000,181.05,0.8143466075,1.18105
6000,181.1,0.8143837724,1.1811
6000,181.15,0.8144209505,1.18115
6000,181.2,0.8144581417,1.1812
6000,181.25,0.8144953461,1.18125
6000,181.3,0.8145325636,1.1813
6000,181.35,0.8145697942,1.18135
6000,181.4,0.814607038,1.1814
6000,181.45,0.814644295,1.18145
6000,181.5,0.814681565,1.1815
6000,181.55,0.8147188483,1.18155
6000,181.6,0.8147561446,1.1816
6000,181.65,0.8147934541,1.18165
6000,181.7,0.8148307768,1.1817
6000,181.75,0.8148681126,1.18175
6000,181.8,0.8149054615,1.1818
6000,181.85,0.8149428236,1.18185
6000,181.9,0.8149801989,1.1819
6000,181.95,0.8150175873,1.18195
6000,182,0.8150549888,1.182
6000,182.05,0.8150924035,1.18205
6000,182.1,0.8151298314,1.1821
6000,182.15,0.8151672724,1.18215
6000,182.2,0.8152047265,1.1822
6000,182.25,0.8152421938,1.18225
6000,182.3,0.8152796743,1.1823
6000,182.35,0.8153171679,1.18235
6000,182.4,0.8153546747,1.1824
6000,182.45,0.8153921946,1.18245
6000,182.5,0.8154297277,1.1825
6000,182.55,0.815467274,1.18255
6000,182.6,0.8155048334,1.1826
6000,182.65,0.815542406,1.18265
6000,182.7,0.8155799917,1.1827
6000,182.75,0.8156175906,1.18275
6000,182.8,0.8156552026,1.1828
6000,182.85,0.8156928278,1.18285
6000,182.9,0.8157304662,1.1829
6000,182.95,0.8157681178,1.18295
6000,183,0.8158057825,1.183
6000,183.05,0.8158434603,1.18305
6000,183.1,0.8158811514,1.1831
6000,183.15,0.8159188556,1.18315
6000,183.2,0.815956573,1.1832
6000,183.25,0.8159943035,1.18325
6000,183.3,0.8160320472,1.1833
6000,183.35,0.8160698041,1.18335
6000,183.4,0.8161075741,1.1834
6000,183.45,0.8161453573,1.18345
6000,183.5,0.8161831537,1.1835
6000,183.55,0.8162209633,1.18355
6000,183.6,0.816258786,1.1836
6000,183.65,0.8162966219,1.18365
6000,183.7,0.816334471,1.1837
6000,183.75,0.8163723332,1.18375
6000,183.8,0.8164102087,1.1838
6000,183.85,0.8164480973,1.18385
6000,183.9,0.816485999,1.1839
6000,183.95,0.816523914,1.18395
6000,184,0.8165618421,1.184
6000,184.05,0.8165997834,1.18405
6000,184.1,0.8166377379,1.1841
6000,184.15,0.8166757056,1.18415
6000,184.2,0.8167136864,1.1842
6000,184.25,0.8167516804,1.18425
6000,184.3,0.8167896876,1.1843
6000,184.35,0.816827708,1.18435
6000,184.4,0.8168657416,1.1844
6000,184.45,0.8169037883,1.18445
6000,184.5,0.8169418483,1.1845
6000,184.55,0.8169799214,1.18455
6000,184.6,0.8170180077,1.1846
6000,184.65,0.8170561071,1.18465
6000,184.7,0.8170942198,1.1847
6000,184.75,0.8171323457,1.18475
6000,184.8,0.8171704847,1.1848
6000,184.85,0.8172086369,1.18485
6000,184.9,0.8172468023,1.1849
6000,184.95,0.8172849809,1.18495
6000,185,0.8173231727,1.185
6000,185.05,0.8173613777,1.18505
6000,185.1,0.8173995958,1.1851
6000,185.15,0.8174378272,1.18515
6000,185.2,0.8174760717,1.1852
6000,185.25,0.8175143295,1.18525
6000,185.3,0.8175526004,1.1853
6000,185.35,0.8175908845,1.18535
6000,185.4,0.8176291818,1.1854
6000,185.45,0.8176674923,1.18545
6000,185.5,0.817705816,1.1855
6000,185.55,0.8177441529,1.18555
6000,185.6,0.817782503,1.1856
6000,185.65,0.8178208663,1.18565
6000,185.7,0.8178592428,1.1857
6000,185.75,0.8178976324,1.18575
6000,185.8,0.8179360353,1.1858
6000,185.85,0.8179744514,1.18585
6000,185.9,0.8180128806,1.1859
6000,185.95,0.8180513231,1.18595
6000,186,0.8180897788,1.186
6000,186.05,0.8181282476,1.18605
6000,186.1,0.8181667297,1.1861
6000,186.15,0.8182052249,1.18615
6000,186.2,0.8182437334,1.1862
6000,186.25,0.818282255,1.18625
6000,186.3,0.8183207899,1.1863
6000,186.35,0.818359338,1.18635
6000,186.4,0.8183978992,1.1864
6000,186.45,0.8184364737,1.18645
6000,186.5,0.8184750614,1.1865
6000,186.55,0.8185136622,1.18655
6000,186.6,0.8185522763,1.1866
6000,186.65,0.8185909036,1.18665
6000,186.7,0.8186295441,1.1867
6000,186.75,0.8186681978,1.18675
6000,186.8,0.8187068647,1.1868
6000,186.85,0.8187455448,1.18685
6000,186.9,0.8187842381,1.1869
6000,186.95,0.8188229446,1.18695
6000,187,0.8188616643,1.187
6000,187.05,0.8189003973,1.18705
6000,187.1,0.8189391434,1.1871
6000,187.15,0.8189779027,1.18715
6000,187.2,0.8190166753,1.1872
6000,187.25,0.8190554611,1.18725
6000,187.3,0.81909426,1.1873
6000,187.35,0.8191330722,1.18735
6000,187.4,0.8191718976,1.1874
6000,187.45,0.8192107362,1.18745
6000,187.5,0.8192495881,1.1875
6000,187.55,0.8192884531,1.18755
6000,187.6,0.8193273313,1.1876
6000,187.65,0.8193662228,1.18765
6000,187.7,0.8194051275,1.1877
6000,187.75,0.8194440453,1.18775
6000,187.8,0.8194829764,1.1878
6000,187.85,0.8195219208,1.18785
6000,187.9,0.8195608783,1.1879
6000,187.95,0.819599849,1.18795
6000,188,0.819638833,1.188
6000,188.05,0.8196778302,1.18805
6000,188.1,0.8197168405,1.1881
6000,188.15,0.8197558641,1.18815
6000,188.2,0.819794901,1.1882
6000,188.25,0.819833951,1.18825
6000,188.3,0.8198730143,1.1883
6000,188.35,0.8199120907,1.18835
6000,188.4,0.8199511804,1.1884
6000,188.45,0.8199902833,1.18845
6000,188.5,0.8200293995,1.1885
6000,188.55,0.8200685288,1.18855
6000,188.6,0.8201076714,1.1886
6000,188.65,0.8201468272,1.18865
6000,188.7,0.8201859962,1.1887
6000,188.75,0.8202251784,1.18875
6000,188.8,0.8202643738,1.1888
6000,188.85,0.8203035825,1.18885
6000,188.9,0.8203428044,1.1889
6000,188.95,0.8203820395,1.18895
6000,189,0.8204212878,1.189
6000,189.05,0.8204605494,1.18905
6000,189.1,0.8204998242,1.1891
6000,189.15,0.8205391122,1.18915
6000,189.2,0.8205784134,1.1892
6000,189.25,0.8206177278,1.18925
6000,189.3,0.8206570555,1.1893
6000,189.35,0.8206963964,1.18935
6000,189.4,0.8207357505,1.1894
6000,189.45,0.8207751179,1.18945
6000,189.5,0.8208144984,1.1895
6000,189.55,0.8208538922,1.18955
6000,189.6,0.8208932992,1.1896
6000,189.65,0.8209327195,1.18965
6000,189.7,0.820972153,1.1897
6000,189.75,0.8210115996,1.18975
6000,189.8,0.8210510596,1.1898
6000,189.85,0.8210905327,1.18985
6000,189.9,0.8211300191,1.1899
6000,189.95,0.8211695187,1.18995
6000,190,0.8212090315,1.19
6000,190.05,0.8212485576,1.19005
6000,190.1,0.8212880969,1.1901
6000,190.15,0.8213276494,1.19015
6000,190.2,0.8213672151,1.1902
6000,190.25,0.8214067941,1.19025
6000,190.3,0.8214463863,1.1903
6000,190.35,0.8214859917,1.19035
6000,190.4,0.8215256104,1.1904
6000,190.45,0.8215652423,1.19045
6000,190.5,0.8216048874,1.1905
6000,190.55,0.8216445457,1.19055
6000,190.6,0.8216842173,1.1906
6000,190.65,0.8217239021,1.19065
6000,190.7,0.8217636001,1.1907
6000,190.75,0.8218033114,1.19075
6000,190.8,0.8218430359,1.1908
6000,190.85,0.8218827736,1.19085
6000,190.9,0.8219225246,1.1909
6000,190.95,0.8219622888,1.19095
6000,191,0.8220020662,1.191
6000,191.05,0.8220418568,1.19105
6000,191.1,0.8220816607,1.1911
6000,191.15,0.8221214778,1.19115
6000,191.2,0.8221613082,1.1912
6000,191.25,0.8222011518,1.19125
6000,191.3,0.8222410086,1.1913
6000,191.35,0.8222808786,1.19135
6000,191.4,0.8223207619,1.1914
6000,191.45,0.8223606584,1.19145
6000,191.5,0.8224005682,1.1915
6000,191.55,0.8224404911,1.19155
6000,191.6,0.8224804274,1.1916
6000,191.65,0.8225203768,1.19165
6000,191.7,0.8225603395,1.1917
6000,191.75,0.8226003154,1.19175
6000,191.8,0.8226403045,1.1918
6000,191.85,0.8226803069,1.19185
6000,191.9,0.8227203225,1.1919
6000,191.95,0.8227603514,1.19195
6000,192,0.8228003935,1.192
6000,192.05,0.8228404488,1.19205
6000,192.1,0.8228805174,1.1921
6000,192.15,0.8229205991,1.19215
6000,192.2,0.8229606942,1.1922
6000,192.25,0.8230008024,1.19225
6000,192.3,0.8230409239,1.1923
6000,192.35,0.8230810586,1.19235
6000,192.4,0.8231212066,1.1924
6000,192.45,0.8231613678,1.19245
6000,192.5,0.8232015422,1.1925
6000,192.55,0.8232417299,1.19255
6000,192.6,0.8232819308,1.1926
6000,192.65,0.823322145,1.19265
6000,192.7,0.8233623723,1.1927
6000,192.75,0.823402613,1.19275
6000,192.8,0.8234428668,1.1928
6000,192.85,0.8234831339,1.19285
6000,192.9,0.8235234142,1.1929
6000,192.95,0.8235637078,1.19295
6000,193,0.8236040146,1.193
6000,193.05,0.8236443346,1.19305
6000,193.1,0.8236846679,1.1931
6000,193.15,0.8237250144,1.19315
6000,193.2,0.8237653741,1.1932
6000,193.25,0.8238057471,1.19325
6000,193.3,0.8238461333,1.1933
6000,193.35,0.8238865327,1.19335
6000,193.4,0.8239269454,1.1934
6000,193.45,0.8239673713,1.19345
6000,193.5,0.8240078105,1.1935
6000,193.55,0.8240482629,1.19355
6000,193.6,0.8240887285,1.1936
6000,193.65,0.8241292074,1.19365
6000,193.7,0.8241696995,1.1937
6000,193.75,0.8242102048,1.19375
6000,193.8,0.8242507234,1.1938
6000,193.85,0.8242912552,1.19385
6000,193.9,0.8243318003,1.1939
6000,193.95,0.8243723586,1.19395
6000,194,0.8244129301,1.194
6000,194.05,0.8244535149,1.19405
6000,194.1,0.8244941129,1.1941
6000,194.15,0.8245347241,1.19415
6000,194.2,0.8245753486,1.1942
6000,194.25,0.8246159863,1.19425
6000,194.3,0.8246566372,1.1943
6000,194.35,0.8246973014,1.19435
6000,194.4,0.8247379788,1.1944
6000,194.45,0.8247786695,1.19445
6000,194.5,0.8248193734,1.1945
6000,194.55,0.8248600905,1.19455
6000,194.6,0.8249008209,1.1946
6000,194.65,0.8249415645,1.19465
6000,194.7,0.8249823213,1.1947
6000,194.75,0.8250230914,1.19475
6000,194.8,0.8250638747,1.1948
6000,194.85,0.8251046712,1.19485
6000,194.9,0.825145481,1.1949
6000,194.95,0.825186304,1.19495
6000,195,0.8252271403,1.195
6000,195.05,0.8252679898,1.19505
6000,195.1,0.8253088525,1.1951
6000,195.15,0.8253497284,1.19515
6000,195.2,0.8253906176,1.1952
6000,195.25,0.8254315201,1.19525
6000,195.3,0.8254724357,1.1953
6000,195.35,0.8255133646,1.19535
6000,195.4,0.8255543068,1.1954
6000,195.45,0.8255952621,1.19545
6000,195.5,0.8256362307,1.1955
6000,195.55,0.8256772126,1.19555
6000,195.6,0.8257182077,1.1956
6000,195.65,0.825759216,1.19565
6000,195.7,0.8258002375,1.1957
6000,195.75,0.8258412723,1.19575
6000,195.8,0.8258823203,1.1958
6000,195.85,0.8259233815,1.19585
6000,195.9,0.825964456,1.1959
6000,195.95,0.8260055437,1.19595
6000,196,0.8260466447,1.196
6000,196.05,0.8260877589,1.19605
6000,196.1,0.8261288863,1.1961
6000,196.15,0.8261700269,1.19615
6000,196.2,0.8262111808,1.1962
6000,196.25,0.8262523479,1.19625
6000,196.3,0.8262935283,1.1963
6000,196.35,0.8263347219,1.19635
6000,196.4,0.8263759287,1.1964
6000,196.45,0.8264171487,1.19645
6000,196.5,0.826458382,1.1965
6000,196.55,0.8264996285,1.19655
6000,196.6,0.8265408883,1.1966
6000,196.65,0.8265821612,1.19665
6000,196.7,0.8266234474,1.1967
6000,196.75,0.8266647469,1.19675
6000,196.8,0.8267060595,1.1968
6000,196.85,0.8267473854,1.19685
6000,196.9,0.8267887246,1.1969
6000,196.95,0.8268300769,1.19695
6000,197,0.8268714425,1.197
6000,197.05,0.8269128213,1.19705
6000,197.1,0.8269542134,1.1971
6000,197.15,0.8269956187,1.19715
6000,197.2,0.8270370372,1.1972
6000,197.25,0.8270784689,1.19725
6000,197.3,0.8271199139,1.1973
6000,197.35,0.8271613721,1.19735
6000,197.4,0.8272028435,1.1974
6000,197.45,0.8272443282,1.19745
6000,197.5,0.827285826,1.1975
6000,197.55,0.8273273371,1.19755
6000,197.6,0.8273688615,1.1976
6000,197.65,0.827410399,1.19765
6000,197.7,0.8274519498,1.1977
6000,197.75,0.8274935139,1.19775
6000,197.8,0.8275350911,1.1978
6000,197.85,0.8275766816,1.19785
6000,197.9,0.8276182853,1.1979
6000,197.95,0.8276599022,1.19795
6000,198,0.8277015323,1.198
6000,198.05,0.8277431757,1.19805
6000,198.1,0.8277848323,1.1981
6000,198.15,0.8278265021,1.19815
6000,198.2,0.8278681852,1.1982
6000,198.25,0.8279098815,1.19825
6000,198.3,0.827951591,1.1983
6000,198.35,0.8279933137,1.19835
6000,198.4,0.8280350496,1.1984
6000,198.45,0.8280767988,1.19845
6000,198.5,0.8281185612,1.1985
6000,198.55,0.8281603368,1.19855
6000,198.6,0.8282021256,1.1986
6000,198.65,0.8282439277,1.19865
6000,198.7,0.828285743,1.1987
6000,198.75,0.8283275715,1.19875
6000,198.8,0.8283694132,1.1988
6000,198.85,0.8284112681,1.19885
6000,198.9,0.8284531363,1.1989
6000,198.95,0.8284950177,1.19895
6000,199,0.8285369123,1.199
6000,199.05,0.8285788201,1.19905
6000,199.1,0.8286207412,1.1991
6000,199.15,0.8286626754,1.19915
6000,199.2,0.8287046229,1.1992
6000,199.25,0.8287465836,1.19925
6000,199.3,0.8287885575,1.1993
6000,199.35,0.8288305446,1.19935
6000,199.4,0.828872545,1.1994
6000,199.45,0.8289145585,1.19945
6000,199.5,0.8289565853,1.1995
6000,199.55,0.8289986253,1.19955
6000,199.6,0.8290406785,1.1996
6000,199.65,0.8290827449,1.19965
6000,199.7,0.8291248246,1.1997
6000,199.75,0.8291669174,1.19975
6000,199.8,0.8292090235,1.1998
6000,199.85,0.8292511428,1.19985
6000,199.9,0.8292932753,1.1999
6000,199.95,0.829335421,1.19995
6000,200,0.8293775799,1.2
6000,200.05,0.829419752,1.20005
6000,200.1,0.8294619374,1.2001
6000,200.15,0.8295041359,1.20015
6000,200.2,0.8295463477,1.2002
6000,200.25,0.8295885727,1.20025
6000,200.3,0.8296308109,1.2003
6000,200.35,0.8296730623,1.20035
6000,200.4,0.8297153269,1.2004
6000,200.45,0.8297576047,1.20045
6000,200.5,0.8297998957,1.2005
6000,200.55,0.8298421999,1.20055
6000,200.6,0.8298845174,1.2006
6000,200.65,0.829926848,1.20065
6000,200.7,0.8299691918,1.2007
6000,200.75,0.8300115489,1.20075
6000,200.8,0.8300539191,1.2008
6000,200.85,0.8300963026,1.20085
6000,200.9,0.8301386993,1.2009
6000,200.95,0.8301811092,1.20095
6000,201,0.8302235322,1.201
6000,201.05,0.8302659685,1.20105
6000,201.1,0.830308418,1.2011
6000,201.15,0.8303508807,1.20115
6000,201.2,0.8303933566,1.2012
6000,201.25,0.8304358456,1.20125
6000,201.3,0.8304783479,1.2013
6000,201.35,0.8305208634,1.20135
6000,201.4,0.8305633921,1.2014
6000,201.45,0.830605934,1.20145
6000,201.5,0.8306484891,1.2015
6000,201.55,0.8306910574,1.20155
6000,201.6,0.8307336388,1.2016
6000,201.65,0.8307762335,1.20165
6000,201.7,0.8308188414,1.2017
6000,201.75,0.8308614625,1.20175
6000,201.8,0.8309040967,1.2018
6000,201.85,0.8309467442,1.20185
6000,201.9,0.8309894048,1.2019
6000,201.95,0.8310320787,1.20195
6000,202,0.8310747657,1.202
6000,202.05,0.831117466,1.20205
6000,202.1,0.8311601794,1.2021
6000,202.15,0.831202906,1.20215
6000,202.2,0.8312456458,1.2022
6000,202.25,0.8312883988,1.20225
6000,202.3,0.831331165,1.2023
6000,202.35,0.8313739444,1.20235
6000,202.4,0.831416737,1.2024
6000,202.45,0.8314595427,1.20245
6000,202.5,0.8315023617,1.2025
6000,202.55,0.8315451938,1.20255
6000,202.6,0.8315880392,1.2026
6000,202.65,0.8316308977,1.20265
6000,202.7,0.8316737694,1.2027
6000,202.75,0.8317166542,1.20275
6000,202.8,0.8317595523,1.2028
6000,202.85,0.8318024635,1.20285
6000,202.9,0.831845388,1.2029
6000,202.95,0.8318883256,1.20295
6000,203,0.8319312764,1.203
6000,203.05,0.8319742404,1.20305
6000,203.1,0.8320172175,1.2031
6000,203.15,0.8320602079,1.20315
6000,203.2,0.8321032114,1.2032
6000,203.25,0.8321462281,1.20325
6000,203.3,0.832189258,1.2033
6000,203.35,0.832232301,1.20335
6000,203.4,0.8322753572,1.2034
6000,203.45,0.8323184266,1.20345
6000,203.5,0.8323615092,1.2035
6000,203.55,0.832404605,1.20355
6000,203.6,0.8324477139,1.2036
6000,203.65,0.832490836,1.20365
6000,203.7,0.8325339713,1.2037
6000,203.75,0.8325771198,1.20375
6000,203.8,0.8326202814,1.2038
6000,203.85,0.8326634562,1.20385
6000,203.9,0.8327066441,1.2039
6000,203.95,0.8327498453,1.20395
6000,204,0.8327930596,1.204
6000,204.05,0.8328362871,1.20405
6000,204.1,0.8328795277,1.2041
6000,204.15,0.8329227815,1.20415
6000,204.2,0.8329660485,1.2042
6000,204.25,0.8330093286,1.20425
6000,204.3,0.8330526219,1.2043
6000,204.35,0.8330959284,1.20435
6000,204.4,0.833139248,1.2044
6000,204.45,0.8331825808,1.20445
6000,204.5,0.8332259268,1.2045
6000,204.55,0.8332692859,1.20455
6000,204.6,0.8333126582,1.2046
6000,204.65,0.8333560436,1.20465
6000,204.7,0.8333994422,1.2047
6000,204.75,0.833442854,1.20475
6000,204.8,0.8334862789,1.2048
6000,204.85,0.833529717,1.20485
6000,204.9,0.8335731682,1.2049
6000,204.95,0.8336166326,1.20495
6000,205,0.8336601102,1.205
6000,205.05,0.8337036009,1.20505
6000,205.1,0.8337471047,1.2051
6000,205.15,0.8337906217,1.20515
6000,205.2,0.8338341519,1.2052
6000,205.25,0.8338776952,1.20525
6000,205.3,0.8339212516,1.2053
6000,205.35,0.8339648212,1.20535
6000,205.4,0.834008404,1.2054
6000,205.45,0.8340519999,1.20545
6000,205.5,0.834095609,1.2055
6000,205.55,0.8341392312,1.20555
6000,205.6,0.8341828665,1.2056
6000,205.65,0.834226515,1.20565
6000,205.7,0.8342701766,1.2057
6000,205.75,0.8343138514,1.20575
6000,205.8,0.8343575393,1.2058
6000,205.85,0.8344012404,1.20585
6000,205.9,0.8344449546,1.2059
6000,205.95,0.8344886819,1.20595
6000,206,0.8345324224,1.206
6000,206.05,0.834576176,1.20605
6000,206.1,0.8346199428,1.2061
6000,206.15,0.8346637227,1.20615
6000,206.2,0.8347075157,1.2062
6000,206.25,0.8347513219,1.20625
6000,206.3,0.8347951412,1.2063
6000,206.35,0.8348389736,1.20635
6000,206.4,0.8348828192,1.2064
6000,206.45,0.8349266779,1.20645
6000,206.5,0.8349705497,1.2065
6000,206.55,0.8350144347,1.20655
6000,206.6,0.8350583328,1.2066
6000,206.65,0.835102244,1.20665
6000,206.7,0.8351461684,1.2067
6000,206.75,0.8351901058,1.20675
6000,206.8,0.8352340564,1.2068
6000,206.85,0.8352780202,1.20685
6000,206.9,0.835321997,1.2069
6000,206.95,0.835365987,1.20695
6000,207,0.8354099901,1.207
6000,207.05,0.8354540063,1.20705
6000,207.1,0.8354980356,1.2071
6000,207.15,0.8355420781,1.20715
6000,207.2,0.8355861337,1.2072
6000,207.25,0.8356302024,1.20725
6000,207.3,0.8356742842,1.2073
6000,207.35,0.8357183791,1.20735
6000,207.4,0.8357624872,1.2074
6000,207.45,0.8358066083,1.20745
6000,207.5,0.8358507426,1.2075
6000,207.55,0.83589489,1.20755
6000,207.6,0.8359390505,1.2076
6000,207.65,0.8359832241,1.20765
6000,207.7,0.8360274108,1.2077
6000,207.75,0.8360716106,1.20775
6000,207.8,0.8361158235,1.2078
6000,207.85,0.8361600496,1.20785
6000,207.9,0.8362042887,1.2079
6000,207.95,0.836248541,1.20795
6000,208,0.8362928063,1.208
6000,208.05,0.8363370848,1.20805
6000,208.1,0.8363813763,1.2081
6000,208.15,0.836425681,1.20815
6000,208.2,0.8364699988,1.2082
6000,208.25,0.8365143296,1.20825
6000,208.3,0.8365586736,1.2083
6000,208.35,0.8366030306,1.20835
6000,208.4,0.8366474008,1.2084
6000,208.45,0.836691784,1.20845
6000,208.5,0.8367361804,1.2085
6000,208.55,0.8367805898,1.20855
6000,208.6,0.8368250123,1.2086
6000,208.65,0.8368694479,1.20865
6000,208.7,0.8369138966,1.2087
6000,208.75,0.8369583584,1.20875
6000,208.8,0.8370028333,1.2088
6000,208.85,0.8370473213,1.20885
6000,208.9,0.8370918224,1.2089
6000,208.95,0.8371363365,1.20895
6000,209,0.8371808637,1.209
6000,209.05,0.837225404,1.20905
6000,209.1,0.8372699574,1.2091
6000,209.15,0.8373145239,1.20915
6000,209.2,0.8373591035,1.2092
6000,209.25,0.8374036961,1.20925
6000,209.3,0.8374483018,1.2093
6000,209.35,0.8374929206,1.20935
6000,209.4,0.8375375524,1.2094
6000,209.45,0.8375821974,1.20945
6000,209.5,0.8376268554,1.2095
6000,209.55,0.8376715265,1.20955
6000,209.6,0.8377162106,1.2096
6000,209.65,0.8377609079,1.20965
6000,209.7,0.8378056181,1.2097
6000,209.75,0.8378503415,1.20975
6000,209.8,0.8378950779,1.2098
6000,209.85,0.8379398274,1.20985
6000,209.9,0.83798459,1.2099
6000,209.95,0.8380293656,1.20995
6000,210,0.8380741543,1.21
6000,210.05,0.8381189561,1.21005
6000,210.1,0.8381637709,1.2101
6000,210.15,0.8382085987,1.21015
6000,210.2,0.8382534397,1.2102
6000,210.25,0.8382982936,1.21025
6000,210.3,0.8383431607,1.2103
6000,210.35,0.8383880408,1.21035
6000,210.4,0.8384329339,1.2104
6000,210.45,0.8384778401,1.21045
6000,210.5,0.8385227594,1.2105
6000,210.55,0.8385676917,1.21055
6000,210.6,0.838612637,1.2106
6000,210.65,0.8386575955,1.21065
6000,210.7,0.8387025669,1.2107
6000,210.75,0.8387475514,1.21075
6000,210.8,0.8387925489,1.2108
6000,210.85,0.8388375595,1.21085
6000,210.9,0.8388825831,1.2109
6000,210.95,0.8389276198,1.21095
6000,211,0.8389726695,1.211
6000,211.05,0.8390177323,1.21105
6000,211.1,0.839062808,1.2111
6000,211.15,0.8391078969,1.21115
6000,211.2,0.8391529987,1.2112
6000,211.25,0.8391981136,1.21125
6000,211.3,0.8392432415,1.2113
6000,211.35,0.8392883825,1.21135
6000,211.4,0.8393335365,1.2114
6000,211.45,0.8393787035,1.21145
6000,211.5,0.8394238835,1.2115
6000,211.55,0.8394690766,1.21155
6000,211.6,0.8395142827,1.2116
6000,211.65,0.8395595018,1.21165
6000,211.7,0.8396047339,1.2117
6000,211.75,0.8396499791,1.21175
6000,211.8,0.8396952373,1.2118
6000,211.85,0.8397405085,1.21185
6000,211.9,0.8397857927,1.2119
6000,211.95,0.8398310899,1.21195
6000,212,0.8398764002,1.212
6000,212.05,0.8399217235,1.21205
6000,212.1,0.8399670597,1.2121
6000,212.15,0.840012409,1.21215
6000,212.2,0.8400577713,1.2122
6000,212.25,0.8401031466,1.21225
6000,212.3,0.840148535,1.2123
6000,212.35,0.8401939363,1.21235
6000,212.4,0.8402393506,1.2124
6000,212.45,0.840284778,1.21245
6000,212.5,0.8403302183,1.2125
6000,212.55,0.8403756716,1.21255
6000,212.6,0.840421138,1.2126
6000,212.65,0.8404666173,1.21265
6000,212.7,0.8405121097,1.2127
6000,212.75,0.840557615,1.21275
6000,212.8,0.8406031333,1.2128
6000,212.85,0.8406486647,1.21285
6000,212.9,0.840694209,1.2129
6000,212.95,0.8407397663,1.21295
6000,213,0.8407853366,1.213
6000,213.05,0.8408309199,1.21305
6000,213.1,0.8408765162,1.2131
6000,213.15,0.8409221254,1.21315
6000,213.2,0.8409677477,1.2132
6000,213.25,0.8410133829,1.21325
6000,213.3,0.8410590311,1.2133
6000,213.35,0.8411046923,1.21335
6000,213.4,0.8411503665,1.2134
6000,213.45,0.8411960536,1.21345
6000,213.5,0.8412417538,1.2135
6000,213.55,0.8412874669,1.21355
6000,213.6,0.8413331929,1.2136
6000,213.65,0.841378932,1.21365
6000,213.7,0.841424684,1.2137
6000,213.75,0.841470449,1.21375
6000,213.8,0.8415162269,1.2138
6000,213.85,0.8415620179,1.21385
6000,213.9,0.8416078218,1.2139
6000,213.95,0.8416536386,1.21395
6000,214,0.8416994684,1.214
6000,214.05,0.8417453112,1.21405
6000,214.1,0.8417911669,1.2141
6000,214.15,0.8418370356,1.21415
6000,214.2,0.8418829173,1.2142
6000,214.25,0.8419288119,1.21425
6000,214.3,0.8419747195,1.2143
6000,214.35,0.84202064,1.21435
6000,214.4,0.8420665734,1.2144
6000,214.45,0.8421125199,1.21445
6000,214.5,0.8421584792,1.2145
6000,214.55,0.8422044515,1.21455
6000,214.6,0.8422504368,1.2146
6000,214.65,0.842296435,1.21465
6000,214.7,0.8423424461,1.2147
6000,214.75,0.8423884702,1.21475
6000,214.8,0.8424345073,1.2148
6000,214.85,0.8424805572,1.21485
6000,214.9,0.8425266201,1.2149
6000,214.95,0.842572696,1.21495
6000,215,0.8426187847,1.215
6000,215.05,0.8426648864,1.21505
6000,215.1,0.8427110011,1.2151
6000,215.15,0.8427571286,1.21515
6000,215.2,0.8428032691,1.2152
6000,215.25,0.8428494226,1.21525
6000,215.3,0.8428955889,1.2153
6000,215.35,0.8429417682,1.21535
6000,215.4,0.8429879604,1.2154
6000,215.45,0.8430341655,1.21545
6000,215.5,0.8430803835,1.2155
6000,215.55,0.8431266144,1.21555
6000,215.6,0.8431728583,1.2156
6000,215.65,0.8432191151,1.21565
6000,215.7,0.8432653848,1.2157
6000,215.75,0.8433116674,1.21575
6000,215.8,0.8433579629,1.2158
6000,215.85,0.8434042713,1.21585
6000,215.9,0.8434505926,1.2159
6000,215.95,0.8434969269,1.21595
6000,216,0.843543274,1.216
6000,216.05,0.8435896341,1.21605
6000,216.1,0.843636007,1.2161
6000,216.15,0.8436823928,1.21615
6000,216.2,0.8437287916,1.2162
6000,216.25,0.8437752032,1.21625
6000,216.3,0.8438216277,1.2163
6000,216.35,0.8438680652,1.21635
6000,216.4,0.8439145155,1.2164
6000,216.45,0.8439609787,1.21645
6000,216.5,0.8440074548,1.2165
6000,216.55,0.8440539437,1.21655
6000,216.6,0.8441004456,1.2166
6000,216.65,0.8441469603,1.21665
6000,216.7,0.844193488,1.2167
6000,216.75,0.8442400285,1.21675
6000,216.8,0.8442865819,1.2168
6000,216.85,0.8443331481,1.21685
6000,216.9,0.8443797273,1.2169
6000,216.95,0.8444263193,1.21695
6000,217,0.8444729241,1.217
6000,217.05,0.8445195419,1.21705
6000,217.1,0.8445661725,1.2171
6000,217.15,0.844612816,1.21715
6000,217.2,0.8446594724,1.2172
6000,217.25,0.8447061416,1.21725
6000,217.3,0.8447528237,1.2173
6000,217.35,0.8447995186,1.21735
6000,217.4,0.8448462264,1.2174
6000,217.45,0.8448929471,1.21745
6000,217.5,0.8449396806,1.2175
6000,217.55,0.8449864269,1.21755
6000,217.6,0.8450331861,1.2176
6000,217.65,0.8450799582,1.21765
6000,217.7,0.8451267431,1.2177
6000,217.75,0.8451735409,1.21775
6000,217.8,0.8452203515,1.2178
6000,217.85,0.845267175,1.21785
6000,217.9,0.8453140113,1.2179
6000,217.95,0.8453608604,1.21795
6000,218,0.8454077224,1.218
6000,218.05,0.8454545972,1.21805
6000,218.1,0.8455014848,1.2181
6000,218.15,0.8455483853,1.21815
6000,218.2,0.8455952986,1.2182
6000,218.25,0.8456422248,1.21825
6000,218.3,0.8456891637,1.2183
6000,218.35,0.8457361155,1.21835
6000,218.4,0.8457830802,1.2184
6000,218.45,0.8458300576,1.21845
6000,218.5,0.8458770479,1.2185
6000,218.55,0.845924051,1.21855
6000,218.6,0.8459710669,1.2186
6000,218.65,0.8460180956,1.21865
6000,218.7,0.8460651371,1.2187
6000,218.75,0.8461121915,1.21875
6000,218.8,0.8461592586,1.2188
6000,218.85,0.8462063386,1.21885
6000,218.9,0.8462534314,1.2189
6000,218.95,0.846300537,1.21895
6000,219,0.8463476554,1.219
6000,219.05,0.8463947865,1.21905
6000,219.1,0.8464419305,1.2191
6000,219.15,0.8464890873,1.21915
6000,219.2,0.8465362569,1.2192
6000,219.25,0.8465834393,1.21925
6000,219.3,0.8466306345,1.2193
6000,219.35,0.8466778424,1.21935
6000,219.4,0.8467250632,1.2194
6000,219.45,0.8467722967,1.21945
6000,219.5,0.846819543,1.2195
6000,219.55,0.8468668022,1.21955
6000,219.6,0.846914074,1.2196
6000,219.65,0.8469613587,1.21965
6000,219.7,0.8470086562,1.2197
6000,219.75,0.8470559664,1.21975
6000,219.8,0.8471032894,1.2198
6000,219.85,0.8471506252,1.21985
6000,219.9,0.8471979737,1.2199
6000,219.95,0.847245335,1.21995
6000,220,0.8472927091,1.22
6000,220.05,0.847340096,1.22005
6000,220.1,0.8473874956,1.2201
6000,220.15,0.847434908,1.22015
6000,220.2,0.8474823331,1.2202
6000,220.25,0.847529771,1.22025
6000,220.3,0.8475772217,1.2203
6000,220.35,0.8476246851,1.22035
6000,220.4,0.8476721612,1.2204
6000,220.45,0.8477196501,1.22045
6000,220.5,0.8477671518,1.2205
6000,220.55,0.8478146662,1.22055
6000,220.6,0.8478621933,1.2206
6000,220.65,0.8479097332,1.22065
6000,220.7,0.8479572859,1.2207
6000,220.75,0.8480048512,1.22075
6000,220.8,0.8480524293,1.2208
6000,220.85,0.8481000202,1.22085
6000,220.9,0.8481476238,1.2209
6000,220.95,0.8481952401,1.22095
6000,221,0.8482428691,1.221
6000,221.05,0.8482905109,1.22105
6000,221.1,0.8483381654,1.2211
6000,221.15,0.8483858326,1.22115
6000,221.2,0.8484335125,1.2212
6000,221.25,0.8484812052,1.22125
6000,221.3,0.8485289106,1.2213
6000,221.35,0.8485766287,1.22135
6000,221.4,0.8486243595,1.2214
6000,221.45,0.848672103,1.22145
6000,221.5,0.8487198592,1.2215
6000,221.55,0.8487676281,1.22155
6000,221.6,0.8488154098,1.2216
6000,221.65,0.8488632041,1.22165
6000,221.7,0.8489110112,1.2217
6000,221.75,0.8489588309,1.22175
6000,221.8,0.8490066634,1.2218
6000,221.85,0.8490545085,1.22185
6000,221.9,0.8491023664,1.2219
6000,221.95,0.8491502369,1.22195
6000,222,0.8491981201,1.222
6000,222.05,0.849246016,1.22205
6000,222.1,0.8492939246,1.2221
6000,222.15,0.8493418459,1.22215
6000,222.2,0.8493897798,1.2222
6000,222.25,0.8494377265,1.22225
6000,222.3,0.8494856858,1.2223
6000,222.35,0.8495336578,1.22235
6000,222.4,0.8495816425,1.2224
6000,222.45,0.8496296398,1.22245
6000,222.5,0.8496776498,1.2225
6000,222.55,0.8497256725,1.22255
6000,222.6,0.8497737078,1.2226
6000,222.65,0.8498217558,1.22265
6000,222.7,0.8498698165,1.2227
6000,222.75,0.8499178898,1.22275
6000,222.8,0.8499659758,1.2228
6000,222.85,0.8500140744,1.22285
6000,222.9,0.8500621857,1.2229
6000,222.95,0.8501103097,1.22295
6000,223,0.8501584463,1.223
6000,223.05,0.8502065955,1.22305
6000,223.1,0.8502547574,1.2231
6000,223.15,0.8503029319,1.22315
6000,223.2,0.8503511191,1.2232
6000,223.25,0.8503993189,1.22325
6000,223.3,0.8504475313,1.2233
6000,223.35,0.8504957564,1.22335
6000,223.4,0.8505439941,1.2234
6000,223.45,0.8505922444,1.22345
6000,223.5,0.8506405074,1.2235
6000,223.55,0.850688783,1.22355
6000,223.6,0.8507370712,1.2236
6000,223.65,0.850785372,1.22365
6000,223.7,0.8508336855,1.2237
6000,223.75,0.8508820116,1.22375
6000,223.8,0.8509303503,1.2238
6000,223.85,0.8509787016,1.22385
6000,223.9,0.8510270655,1.2239
6000,223.95,0.851075442,1.22395
6000,224,0.8511238311,1.224
6000,224.05,0.8511722328,1.22405
6000,224.1,0.8512206472,1.2241
6000,224.15,0.8512690741,1.22415
6000,224.2,0.8513175136,1.2242
6000,224.25,0.8513659658,1.22425
6000,224.3,0.8514144305,1.2243
6000,224.35,0.8514629078,1.22435
6000,224.4,0.8515113977,1.2244
6000,224.45,0.8515599002,1.22445
6000,224.5,0.8516084152,1.2245
6000,224.55,0.8516569429,1.22455
6000,224.6,0.8517054831,1.2246
6000,224.65,0.8517540359,1.22465
6000,224.7,0.8518026013,1.2247
6000,224.75,0.8518511793,1.22475
6000,224.8,0.8518997698,1.2248
6000,224.85,0.8519483729,1.22485
6000,224.9,0.8519969886,1.2249
6000,224.95,0.8520456168,1.22495
6000,225,0.8520942576,1.225
6000,225.05,0.8521429109,1.22505
6000,225.1,0.8521915768,1.2251
6000,225.15,0.8522402553,1.22515
6000,225.2,0.8522889463,1.2252
6000,225.25,0.8523376499,1.22525
6000,225.3,0.852386366,1.2253
6000,225.35,0.8524350946,1.22535
6000,225.4,0.8524838358,1.2254
6000,225.45,0.8525325896,1.22545
6000,225.5,0.8525813559,1.2255
6000,225.55,0.8526301347,1.22555
6000,225.6,0.8526789261,1.2256
6000,225.65,0.8527277299,1.22565
6000,225.7,0.8527765464,1.2257
6000,225.75,0.8528253753,1.22575
6000,225.8,0.8528742168,1.2258
6000,225.85,0.8529230708,1.22585
6000,225.9,0.8529719373,1.2259
6000,225.95,0.8530208163,1.22595
6000,226,0.8530697079,1.226
6000,226.05,0.853118612,1.22605
6000,226.1,0.8531675285,1.2261
6000,226.15,0.8532164576,1.22615
6000,226.2,0.8532653992,1.2262
6000,226.25,0.8533143533,1.22625
6000,226.3,0.8533633199,1.2263
6000,226.35,0.853412299,1.22635
6000,226.4,0.8534612906,1.2264
6000,226.45,0.8535102947,1.22645
6000,226.5,0.8535593113,1.2265
6000,226.55,0.8536083403,1.22655
6000,226.6,0.8536573819,1.2266
6000,226.65,0.853706436,1.22665
6000,226.7,0.8537555025,1.2267
6000,226.75,0.8538045815,1.22675
6000,226.8,0.853853673,1.2268
6000,226.85,0.853902777,1.22685
6000,226.9,0.8539518934,1.2269
6000,226.95,0.8540010223,1.22695
6000,227,0.8540501637,1.227
6000,227.05,0.8540993175,1.22705
6000,227.1,0.8541484838,1.2271
6000,227.15,0.8541976626,1.22715
6000,227.2,0.8542468538,1.2272
6000,227.25,0.8542960575,1.22725
6000,227.3,0.8543452737,1.2273
6000,227.35,0.8543945023,1.22735
6000,227.4,0.8544437433,1.2274
6000,227.45,0.8544929968,1.22745
6000,227.5,0.8545422627,1.2275
6000,227.55,0.8545915411,1.22755
6000,227.6,0.8546408319,1.2276
6000,227.65,0.8546901352,1.22765
6000,227.7,0.8547394508,1.2277
6000,227.75,0.854788779,1.22775
6000,227.8,0.8548381195,1.2278
6000,227.85,0.8548874725,1.22785
6000,227.9,0.8549368379,1.2279
6000,227.95,0.8549862157,1.22795
6000,228,0.8550356059,1.228
6000,228.05,0.8550850086,1.22805
6000,228.1,0.8551344237,1.2281
6000,228.15,0.8551838512,1.22815
6000,228.2,0.8552332911,1.2282
6000,228.25,0.8552827434,1.22825
6000,228.3,0.8553322081,1.2283
6000,228.35,0.8553816852,1.22835
6000,228.4,0.8554311747,1.2284
6000,228.45,0.8554806766,1.22845
6000,228.5,0.8555301909,1.2285
6000,228.55,0.8555797176,1.22855
6000,228.6,0.8556292566,1.2286
6000,228.65,0.8556788081,1.22865
6000,228.7,0.855728372,1.2287
6000,228.75,0.8557779482,1.22875
6000,228.8,0.8558275368,1.2288
6000,228.85,0.8558771378,1.22885
6000,228.9,0.8559267512,1.2289
6000,228.95,0.8559763769,1.22895
6000,229,0.856026015,1.229
6000,229.05,0.8560756655,1.22905
6000,229.1,0.8561253283,1.2291
6000,229.15,0.8561750035,1.22915
6000,229.2,0.856224691,1.2292
6000,229.25,0.8562743909,1.22925
6000,229.3,0.8563241032,1.2293
6000,229.35,0.8563738278,1.22935
6000,229.4,0.8564235648,1.2294
6000,229.45,0.8564733141,1.22945
6000,229.5,0.8565230757,1.2295
6000,229.55,0.8565728497,1.22955
6000,229.6,0.856622636,1.2296
6000,229.65,0.8566724347,1.22965
6000,229.7,0.8567222457,1.2297
6000,229.75,0.856772069,1.22975
6000,229.8,0.8568219047,1.2298
6000,229.85,0.8568717527,1.22985
6000,229.9,0.856921613,1.2299
6000,229.95,0.8569714856,1.22995
6000,230,0.8570213705,1.23
6000,230.05,0.8570712677,1.23005
6000,230.1,0.8571211773,1.2301
6000,230.15,0.8571710992,1.23015
6000,230.2,0.8572210333,1.2302
6000,230.25,0.8572709798,1.23025
6000,230.3,0.8573209386,1.2303
6000,230.35,0.8573709097,1.23035
6000,230.4,0.857420893,1.2304
6000,230.45,0.8574708887,1.23045
6000,230.5,0.8575208967,1.2305
6000,230.55,0.8575709169,1.23055
6000,230.6,0.8576209494,1.2306
6000,230.65,0.8576709942,1.23065
6000,230.7,0.8577210513,1.2307
6000,230.75,0.8577711207,1.23075
6000,230.8,0.8578212023,1.2308
6000,230.85,0.8578712962,1.23085
6000,230.9,0.8579214024,1.2309
6000,230.95,0.8579715208,1.23095
6000,231,0.8580216515,1.231
6000,231.05,0.8580717945,1.23105
6000,231.1,0.8581219497,1.2311
6000,231.15,0.8581721171,1.23115
6000,231.2,0.8582222969,1.2312
6000,231.25,0.8582724888,1.23125
6000,231.3,0.8583226931,1.2313
6000,231.35,0.8583729095,1.23135
6000,231.4,0.8584231382,1.2314
6000,231.45,0.8584733792,1.23145
6000,231.5,0.8585236323,1.2315
6000,231.55,0.8585738977,1.23155
6000,231.6,0.8586241754,1.2316
6000,231.65,0.8586744652,1.23165
6000,231.7,0.8587247673,1.2317
6000,231.75,0.8587750816,1.23175
6000,231.8,0.8588254081,1.2318
6000,231.85,0.8588757469,1.23185
6000,231.9,0.8589260978,1.2319
6000,231.95,0.858976461,1.23195
6000,232,0.8590268364,1.232
6000,232.05,0.8590772239,1.23205
6000,232.1,0.8591276237,1.2321
6000,232.15,0.8591780357,1.23215
6000,232.2,0.8592284598,1.2322
6000,232.25,0.8592788962,1.23225
6000,232.3,0.8593293448,1.2323
6000,232.35,0.8593798055,1.23235
6000,232.4,0.8594302784,1.2324
6000,232.45,0.8594807635,1.23245
6000,232.5,0.8595312608,1.2325
6000,232.55,0.8595817703,1.23255
6000,232.6,0.8596322919,1.2326
6000,232.65,0.8596828257,1.23265
6000,232.7,0.8597333716,1.2327
6000,232.75,0.8597839298,1.23275
6000,232.8,0.8598345001,1.2328
6000,232.85,0.8598850825,1.23285
6000,232.9,0.8599356771,1.2329
6000,232.95,0.8599862839,1.23295
6000,233,0.8600369028,1.233
6000,233.05,0.8600875338,1.23305
6000,233.1,0.860138177,1.2331
6000,233.15,0.8601888324,1.23315
6000,233.2,0.8602394998,1.2332
6000,233.25,0.8602901795,1.23325
6000,233.3,0.8603408712,1.2333
6000,233.35,0.8603915751,1.23335
6000,233.4,0.8604422911,1.2334
6000,233.45,0.8604930192,1.23345
6000,233.5,0.8605437594,1.2335
6000,233.55,0.8605945118,1.23355
6000,233.6,0.8606452763,1.2336
6000,233.65,0.8606960528,1.23365
6000,233.7,0.8607468415,1.2337
6000,233.75,0.8607976423,1.23375
6000,233.8,0.8608484552,1.2338
6000,233.85,0.8608992802,1.23385
6000,233.9,0.8609501173,1.2339
6000,233.95,0.8610009665,1.23395
6000,234,0.8610518278,1.234
6000,234.05,0.8611027012,1.23405
6000,234.1,0.8611535866,1.2341
6000,234.15,0.8612044842,1.23415
6000,234.2,0.8612553938,1.2342
6000,234.25,0.8613063155,1.23425
6000,234.3,0.8613572492,1.2343
6000,234.35,0.8614081951,1.23435
6000,234.4,0.861459153,1.2344
6000,234.45,0.8615101229,1.23445
6000,234.5,0.8615611049,1.2345
6000,234.55,0.861612099,1.23455
6000,234.6,0.8616631052,1.2346
6000,234.65,0.8617141233,1.23465
6000,234.7,0.8617651536,1.2347
6000,234.75,0.8618161959,1.23475
6000,234.8,0.8618672502,1.2348
6000,234.85,0.8619183165,1.23485
6000,234.9,0.8619693949,1.2349
6000,234.95,0.8620204854,1.23495
6000,235,0.8620715878,1.235
6000,235.05,0.8621227023,1.23505
6000,235.1,0.8621738288,1.2351
6000,235.15,0.8622249674,1.23515
6000,235.2,0.8622761179,1.2352
6000,235.25,0.8623272805,1.23525
6000,235.3,0.862378455,1.2353
6000,235.35,0.8624296416,1.23535
6000,235.4,0.8624808402,1.2354
6000,235.45,0.8625320508,1.23545
6000,235.5,0.8625832734,1.2355
6000,235.55,0.862634508,1.23555
6000,235.6,0.8626857546,1.2356
6000,235.65,0.8627370131,1.23565
6000,235.7,0.8627882837,1.2357
6000,235.75,0.8628395662,1.23575
6000,235.8,0.8628908607,1.2358
6000,235.85,0.8629421672,1.23585
6000,235.9,0.8629934857,1.2359
6000,235.95,0.8630448161,1.23595
6000,236,0.8630961585,1.236
6000,236.05,0.8631475129,1.23605
6000,236.1,0.8631988792,1.2361
6000,236.15,0.8632502575,1.23615
6000,236.2,0.8633016478,1.2362
6000,236.25,0.86335305,1.23625
6000,236.3,0.8634044641,1.2363
6000,236.35,0.8634558902,1.23635
6000,236.4,0.8635073283,1.2364
6000,236.45,0.8635587782,1.23645
6000,236.5,0.8636102401,1.2365
6000,236.55,0.863661714,1.23655
6000,236.6,0.8637131997,1.2366
6000,236.65,0.8637646974,1.23665
6000,236.7,0.8638162071,1.2367
6000,236.75,0.8638677286,1.23675
6000,236.8,0.8639192621,1.2368
6000,236.85,0.8639708074,1.23685
6000,236.9,0.8640223647,1.2369
6000,236.95,0.8640739339,1.23695
6000,237,0.864125515,1.237
6000,237.05,0.864177108,1.23705
6000,237.1,0.8642287129,1.2371
6000,237.15,0.8642803297,1.23715
6000,237.2,0.8643319583,1.2372
6000,237.25,0.8643835989,1.23725
6000,237.3,0.8644352513,1.2373
6000,237.35,0.8644869157,1.23735
6000,237.4,0.8645385919,1.2374
6000,237.45,0.8645902799,1.23745
6000,237.5,0.8646419799,1.2375
6000,237.55,0.8646936917,1.23755
6000,237.6,0.8647454154,1.2376
6000,237.65,0.8647971509,1.23765
6000,237.7,0.8648488983,1.2377
6000,237.75,0.8649006576,1.23775
6000,237.8,0.8649524287,1.2378
6000,237.85,0.8650042116,1.23785
6000,237.9,0.8650560064,1.2379
6000,237.95,0.8651078131,1.23795
6000,238,0.8651596315,1.238
6000,238.05,0.8652114619,1.23805
6000,238.1,0.865263304,1.2381
6000,238.15,0.865315158,1.23815
6000,238.2,0.8653670238,1.2382
6000,238.25,0.8654189014,1.23825
6000,238.3,0.8654707908,1.2383
6000,238.35,0.8655226921,1.23835
6000,238.4,0.8655746051,1.2384
6000,238.45,0.86562653,1.23845
6000,238.5,0.8656784667,1.2385
6000,238.55,0.8657304151,1.23855
6000,238.6,0.8657823754,1.2386
6000,238.65,0.8658343475,1.23865
6000,238.7,0.8658863313,1.2387
6000,238.75,0.865938327,1.23875
6000,238.8,0.8659903344,1.2388
6000,238.85,0.8660423536,1.23885
6000,238.9,0.8660943846,1.2389
6000,238.95,0.8661464274,1.23895
6000,239,0.8661984819,1.239
6000,239.05,0.8662505482,1.23905
6000,239.1,0.8663026263,1.2391
6000,239.15,0.8663547161,1.23915
6000,239.2,0.8664068177,1.2392
6000,239.25,0.866458931,1.23925
6000,239.3,0.8665110561,1.2393
6000,239.35,0.8665631929,1.23935
6000,239.4,0.8666153415,1.2394
6000,239.45,0.8666675018,1.23945
6000,239.5,0.8667196738,1.2395
6000,239.55,0.8667718576,1.23955
6000,239.6,0.8668240531,1.2396
6000,239.65,0.8668762604,1.23965
6000,239.7,0.8669284793,1.2397
6000,239.75,0.86698071,1.23975
6000,239.8,0.8670329524,1.2398
6000,239.85,0.8670852065,1.23985
6000,239.9,0.8671374723,1.2399
6000,239.95,0.8671897498,1.23995
6000,240,0.8672420391,1.24
6000,240.05,0.86729434,1.24005
6000,240.1,0.8673466526,1.2401
6000,240.15,0.8673989769,1.24015
6000,240.2,0.8674513129,1.2402
6000,240.25,0.8675036606,1.24025
6000,240.3,0.8675560199,1.2403
6000,240.35,0.867608391,1.24035
6000,240.4,0.8676607737,1.2404
6000,240.45,0.867713168,1.24045
6000,240.5,0.8677655741,1.2405
6000,240.55,0.8678179918,1.24055
6000,240.6,0.8678704212,1.2406
6000,240.65,0.8679228622,1.24065
6000,240.7,0.8679753149,1.2407
6000,240.75,0.8680277792,1.24075
6000,240.8,0.8680802551,1.2408
6000,240.85,0.8681327427,1.24085
6000,240.9,0.868185242,1.2409
6000,240.95,0.8682377529,1.24095
6000,241,0.8682902754,1.241
6000,241.05,0.8683428095,1.24105
6000,241.1,0.8683953553,1.2411
6000,241.15,0.8684479127,1.24115
6000,241.2,0.8685004817,1.2412
6000,241.25,0.8685530623,1.24125
6000,241.3,0.8686056545,1.2413
6000,241.35,0.8686582583,1.24135
6000,241.4,0.8687108737,1.2414
6000,241.45,0.8687635008,1.24145
6000,241.5,0.8688161394,1.2415
6000,241.55,0.8688687896,1.24155
6000,241.6,0.8689214514,1.2416
6000,241.65,0.8689741248,1.24165
6000,241.7,0.8690268097,1.2417
6000,241.75,0.8690795063,1.24175
6000,241.8,0.8691322144,1.2418
6000,241.85,0.8691849341,1.24185
6000,241.9,0.8692376653,1.2419
6000,241.95,0.8692904081,1.24195
6000,242,0.8693431625,1.242
6000,242.05,0.8693959284,1.24205
6000,242.1,0.8694487059,1.2421
6000,242.15,0.8695014949,1.24215
6000,242.2,0.8695542955,1.2422
6000,242.25,0.8696071076,1.24225
6000,242.3,0.8696599312,1.2423
6000,242.35,0.8697127664,1.24235
6000,242.4,0.8697656131,1.2424
6000,242.45,0.8698184713,1.24245
6000,242.5,0.869871341,1.2425
6000,242.55,0.8699242223,1.24255
6000,242.6,0.8699771151,1.2426
6000,242.65,0.8700300194,1.24265
6000,242.7,0.8700829352,1.2427
6000,242.75,0.8701358625,1.24275
6000,242.8,0.8701888013,1.2428
6000,242.85,0.8702417516,1.24285
6000,242.9,0.8702947133,1.2429
6000,242.95,0.8703476866,1.24295
6000,243,0.8704006714,1.243
6000,243.05,0.8704536676,1.24305
6000,243.1,0.8705066753,1.2431
6000,243.15,0.8705596945,1.24315
6000,243.2,0.8706127251,1.2432
6000,243.25,0.8706657673,1.24325
6000,243.3,0.8707188208,1.2433
6000,243.35,0.8707718859,1.24335
6000,243.4,0.8708249624,1.2434
6000,243.45,0.8708780503,1.24345
6000,243.5,0.8709311497,1.2435
6000,243.55,0.8709842605,1.24355
6000,243.6,0.8710373828,1.2436
6000,243.65,0.8710905165,1.24365
6000,243.7,0.8711436616,1.2437
6000,243.75,0.8711968182,1.24375
6000,243.8,0.8712499862,1.2438
6000,243.85,0.8713031656,1.24385
6000,243.9,0.8713563564,1.2439
6000,243.95,0.8714095586,1.24395
6000,244,0.8714627723,1.244
6000,244.05,0.8715159973,1.24405
6000,244.1,0.8715692338,1.2441
6000,244.15,0.8716224816,1.24415
6000,244.2,0.8716757408,1.2442
6000,244.25,0.8717290115,1.24425
6000,244.3,0.8717822935,1.2443
6000,244.35,0.8718355869,1.24435
6000,244.4,0.8718888916,1.2444
6000,244.45,0.8719422078,1.24445
6000,244.5,0.8719955353,1.2445
6000,244.55,0.8720488742,1.24455
6000,244.6,0.8721022244,1.2446
6000,244.65,0.872155586,1.24465
6000,244.7,0.8722089589,1.2447
6000,244.75,0.8722623432,1.24475
6000,244.8,0.8723157389,1.2448
6000,244.85,0.8723691459,1.24485
6000,244.9,0.8724225642,1.2449
6000,244.95,0.8724759938,1.24495
6000,245,0.8725294348,1.245
6000,245.05,0.8725828871,1.24505
6000,245.1,0.8726363508,1.2451
6000,245.15,0.8726898257,1.24515
6000,245.2,0.872743312,1.2452
6000,245.25,0.8727968096,1.24525
6000,245.3,0.8728503185,1.2453
6000,245.35,0.8729038387,1.24535
6000,245.4,0.8729573702,1.2454
6000,245.45,0.873010913,1.24545
6000,245.5,0.873064467,1.2455
6000,245.55,0.8731180324,1.24555
6000,245.6,0.873171609,1.2456
6000,245.65,0.873225197,1.24565
6000,245.7,0.8732787962,1.2457
6000,245.75,0.8733324066,1.24575
6000,245.8,0.8733860284,1.2458
6000,245.85,0.8734396614,1.24585
6000,245.9,0.8734933056,1.2459
6000,245.95,0.8735469612,1.24595
6000,246,0.8736006279,1.246
6000,246.05,0.8736543059,1.24605
6000,246.1,0.8737079952,1.2461
6000,246.15,0.8737616957,1.24615
6000,246.2,0.8738154074,1.2462
6000,246.25,0.8738691304,1.24625
6000,246.3,0.8739228646,1.2463
6000,246.35,0.87397661,1.24635
6000,246.4,0.8740303666,1.2464
6000,246.45,0.8740841345,1.24645
6000,246.5,0.8741379135,1.2465
6000,246.55,0.8741917038,1.24655
6000,246.6,0.8742455053,1.2466
6000,246.65,0.8742993179,1.24665
6000,246.7,0.8743531418,1.2467
6000,246.75,0.8744069768,1.24675
6000,246.8,0.8744608231,1.2468
6000,246.85,0.8745146805,1.24685
6000,246.9,0.8745685491,1.2469
6000,246.95,0.8746224288,1.24695
6000,247,0.8746763198,1.247
6000,247.05,0.8747302219,1.24705
6000,247.1,0.8747841352,1.2471
6000,247.15,0.8748380596,1.24715
6000,247.2,0.8748919952,1.2472
6000,247.25,0.8749459419,1.24725
6000,247.3,0.8749998998,1.2473
6000,247.35,0.8750538688,1.24735
6000,247.4,0.8751078489,1.2474
6000,247.45,0.8751618402,1.24745
6000,247.5,0.8752158426,1.2475
6000,247.55,0.8752698562,1.24755
6000,247.6,0.8753238808,1.2476
6000,247.65,0.8753779166,1.24765
6000,247.7,0.8754319635,1.2477
6000,247.75,0.8754860215,1.24775
6000,247.8,0.8755400906,1.2478
6000,247.85,0.8755941708,1.24785
6000,247.9,0.8756482621,1.2479
6000,247.95,0.8757023644,1.24795
6000,248,0.8757564779,1.248
6000,248.05,0.8758106025,1.24805
6000,248.1,0.8758647381,1.2481
6000,248.15,0.8759188848,1.24815
6000,248.2,0.8759730426,1.2482
6000,248.25,0.8760272114,1.24825
6000,248.3,0.8760813913,1.2483
6000,248.35,0.8761355823,1.24835
6000,248.4,0.8761897843,1.2484
6000,248.45,0.8762439974,1.24845
6000,248.5,0.8762982215,1.2485
6000,248.55,0.8763524566,1.24855
6000,248.6,0.8764067028,1.2486
6000,248.65,0.87646096,1.24865
6000,248.7,0.8765152283,1.2487
6000,248.75,0.8765695076,1.24875
6000,248.8,0.8766237979,1.2488
6000,248.85,0.8766780992,1.24885
6000,248.9,0.8767324115,1.2489
6000,248.95,0.8767867348,1.24895
6000,249,0.8768410691,1.249
6000,249.05,0.8768954145,1.24905
6000,249.1,0.8769497708,1.2491
6000,249.15,0.8770041381,1.24915
6000,249.2,0.8770585164,1.2492
6000,249.25,0.8771129056,1.24925
6000,249.3,0.8771673059,1.2493
6000,249.35,0.8772217171,1.24935
6000,249.4,0.8772761393,1.2494
6000,249.45,0.8773305725,1.24945
6000,249.5,0.8773850166,1.2495
6000,249.55,0.8774394717,1.24955
6000,249.6,0.8774939377,1.2496
6000,249.65,0.8775484147,1.24965
6000,249.7,0.8776029026,1.2497
6000,249.75,0.8776574014,1.24975
6000,249.8,0.8777119112,1.2498
6000,249.85,0.8777664319,1.24985
6000,249.9,0.8778209635,1.2499
6000,249.95,0.8778755061,1.24995
6000,250,0.8779300596,1.25
6000,250.05,0.877984624,1.25005
6000,250.1,0.8780391992,1.2501
6000,250.15,0.8780937854,1.25015
6000,250.2,0.8781483825,1.2502
6000,250.25,0.8782029905,1.25025
6000,250.3,0.8782576094,1.2503
6000,250.35,0.8783122392,1.25035
6000,250.4,0.8783668798,1.2504
6000,250.45,0.8784215313,1.25045
6000,250.5,0.8784761937,1.2505
6000,250.55,0.878530867,1.25055
6000,250.6,0.8785855511,1.2506
6000,250.65,0.8786402461,1.25065
6000,250.7,0.8786949519,1.2507
6000,250.75,0.8787496686,1.25075
6000,250.8,0.8788043962,1.2508
6000,250.85,0.8788591345,1.25085
6000,250.9,0.8789138838,1.2509
6000,250.95,0.8789686438,1.25095
6000,251,0.8790234147,1.251
6000,251.05,0.8790781964,1.25105
6000,251.1,0.8791329889,1.2511
6000,251.15,0.8791877922,1.25115
6000,251.2,0.8792426064,1.2512
6000,251.25,0.8792974313,1.25125
6000,251.3,0.8793522671,1.2513
6000,251.35,0.8794071136,1.25135
6000,251.4,0.8794619709,1.2514
6000,251.45,0.8795168391,1.25145
6000,251.5,0.879571718,1.2515
6000,251.55,0.8796266077,1.25155
6000,251.6,0.8796815081,1.2516
6000,251.65,0.8797364194,1.25165
6000,251.7,0.8797913414,1.2517
6000,251.75,0.8798462741,1.25175
6000,251.8,0.8799012176,1.2518
6000,251.85,0.8799561719,1.25185
6000,251.9,0.8800111369,1.2519
6000,251.95,0.8800661127,1.25195
6000,252,0.8801210992,1.252
6000,252.05,0.8801760964,1.25205
6000,252.1,0.8802311044,1.2521
6000,252.15,0.880286123,1.25215
6000,252.2,0.8803411524,1.2522
6000,252.25,0.8803961926,1.25225
6000,252.3,0.8804512434,1.2523
6000,252.35,0.8805063049,1.25235
6000,252.4,0.8805613772,1.2524
6000,252.45,0.8806164601,1.25245
6000,252.5,0.8806715537,1.2525
6000,252.55,0.880726658,1.25255
6000,252.6,0.880781773,1.2526
6000,252.65,0.8808368987,1.25265
6000,252.7,0.8808920351,1.2527
6000,252.75,0.8809471821,1.25275
6000,252.8,0.8810023398,1.2528
6000,252.85,0.8810575081,1.25285
6000,252.9,0.8811126871,1.2529
6000,252.95,0.8811678768,1.25295
6000,253,0.8812230771,1.253
6000,253.05,0.881278288,1.25305
6000,253.1,0.8813335096,1.2531
6000,253.15,0.8813887418,1.25315
6000,253.2,0.8814439847,1.2532
6000,253.25,0.8814992381,1.25325
6000,253.3,0.8815545022,1.2533
6000,253.35,0.8816097769,1.25335
6000,253.4,0.8816650622,1.2534
6000,253.45,0.8817203581,1.25345
6000,253.5,0.8817756646,1.2535
6000,253.55,0.8818309817,1.25355
6000,253.6,0.8818863094,1.2536
6000,253.65,0.8819416477,1.25365
6000,253.7,0.8819969966,1.2537
6000,253.75,0.882052356,1.25375
6000,253.8,0.8821077261,1.2538
6000,253.85,0.8821631066,1.25385
6000,253.9,0.8822184978,1.2539
6000,253.95,0.8822738995,1.25395
6000,254,0.8823293117,1.254
6000,254.05,0.8823847346,1.25405
6000,254.1,0.8824401679,1.2541
6000,254.15,0.8824956118,1.25415
6000,254.2,0.8825510662,1.2542
6000,254.25,0.8826065312,1.25425
6000,254.3,0.8826620066,1.2543
6000,254.35,0.8827174926,1.25435
6000,254.4,0.8827729892,1.2544
6000,254.45,0.8828284962,1.25445
6000,254.5,0.8828840137,1.2545
6000,254.55,0.8829395417,1.25455
6000,254.6,0.8829950803,1.2546
6000,254.65,0.8830506293,1.25465
6000,254.7,0.8831061888,1.2547
6000,254.75,0.8831617588,1.25475
6000,254.8,0.8832173393,1.2548
6000,254.85,0.8832729302,1.25485
6000,254.9,0.8833285316,1.2549
6000,254.95,0.8833841435,1.25495
6000,255,0.8834397658,1.255
6000,255.05,0.8834953986,1.25505
6000,255.1,0.8835510418,1.2551
6000,255.15,0.8836066955,1.25515
6000,255.2,0.8836623596,1.2552
6000,255.25,0.8837180342,1.25525
6000,255.3,0.8837737191,1.2553
6000,255.35,0.8838294145,1.25535
6000,255.4,0.8838851204,1.2554
6000,255.45,0.8839408366,1.25545
6000,255.5,0.8839965632,1.2555
6000,255.55,0.8840523003,1.25555
6000,255.6,0.8841080477,1.2556
6000,255.65,0.8841638056,1.25565
6000,255.7,0.8842195738,1.2557
6000,255.75,0.8842753524,1.25575
6000,255.8,0.8843311414,1.2558
6000,255.85,0.8843869408,1.25585
6000,255.9,0.8844427506,1.2559
6000,255.95,0.8844985707,1.25595
6000,256,0.8845544012,1.256
6000,256.05,0.884610242,1.25605
6000,256.1,0.8846660932,1.2561
6000,256.15,0.8847219547,1.25615
6000,256.2,0.8847778266,1.2562
6000,256.25,0.8848337088,1.25625
6000,256.3,0.8848896014,1.2563
6000,256.35,0.8849455042,1.25635
6000,256.4,0.8850014174,1.2564
6000,256.45,0.8850573409,1.25645
6000,256.5,0.8851132748,1.2565
6000,256.55,0.8851692189,1.25655
6000,256.6,0.8852251733,1.2566
6000,256.65,0.8852811381,1.25665
6000,256.7,0.8853371131,1.2567
6000,256.75,0.8853930984,1.25675
6000,256.8,0.885449094,1.2568
6000,256.85,0.8855050999,1.25685
6000,256.9,0.885561116,1.2569
6000,256.95,0.8856171424,1.25695
6000,257,0.8856731791,1.257
6000,257.05,0.885729226,1.25705
6000,257.1,0.8857852832,1.2571
6000,257.15,0.8858413506,1.25715
6000,257.2,0.8858974283,1.2572
6000,257.25,0.8859535162,1.25725
6000,257.3,0.8860096144,1.2573
6000,257.35,0.8860657228,1.25735
6000,257.4,0.8861218414,1.2574
6000,257.45,0.8861779702,1.25745
6000,257.5,0.8862341092,1.2575
6000,257.55,0.8862902584,1.25755
6000,257.6,0.8863464179,1.2576
6000,257.65,0.8864025875,1.25765
6000,257.7,0.8864587673,1.2577
6000,257.75,0.8865149574,1.25775
6000,257.8,0.8865711576,1.2578
6000,257.85,0.8866273679,1.25785
6000,257.9,0.8866835885,1.2579
6000,257.95,0.8867398192,1.25795
6000,258,0.8867960601,1.258
6000,258.05,0.8868523111,1.25805
6000,258.1,0.8869085723,1.2581
6000,258.15,0.8869648436,1.25815
6000,258.2,0.8870211251,1.2582
6000,258.25,0.8870774167,1.25825
6000,258.3,0.8871337185,1.2583
6000,258.35,0.8871900304,1.25835
6000,258.4,0.8872463524,1.2584
6000,258.45,0.8873026845,1.25845
6000,258.5,0.8873590267,1.2585
6000,258.55,0.887415379,1.25855
6000,258.6,0.8874717415,1.2586
6000,258.65,0.887528114,1.25865
6000,258.7,0.8875844966,1.2587
6000,258.75,0.8876408893,1.25875
6000,258.8,0.8876972921,1.2588
6000,258.85,0.887753705,1.25885
6000,258.9,0.8878101279,1.2589
6000,258.95,0.8878665609,1.25895
6000,259,0.887923004,1.259
6000,259.05,0.8879794571,1.25905
6000,259.1,0.8880359202,1.2591
6000,259.15,0.8880923934,1.25915
6000,259.2,0.8881488767,1.2592
6000,259.25,0.88820537,1.25925
6000,259.3,0.8882618733,1.2593
6000,259.35,0.8883183866,1.25935
6000,259.4,0.88837491,1.2594
6000,259.45,0.8884314434,1.25945
6000,259.5,0.8884879867,1.2595
6000,259.55,0.8885445401,1.25955
6000,259.6,0.8886011035,1.2596
6000,259.65,0.8886576769,1.25965
6000,259.7,0.8887142602,1.2597
6000,259.75,0.8887708536,1.25975
6000,259.8,0.8888274569,1.2598
6000,259.85,0.8888840702,1.25985
6000,259.9,0.8889406934,1.2599
6000,259.95,0.8889973267,1.25995
6000,260,0.8890539698,1.26
6000,260.05,0.889110623,1.26005
6000,260.1,0.889167286,1.2601
6000,260.15,0.8892239591,1.26015
6000,260.2,0.889280642,1.2602
6000,260.25,0.8893373349,1.26025
6000,260.3,0.8893940377,1.2603
6000,260.35,0.8894507504,1.26035
6000,260.4,0.8895074731,1.2604
6000,260.45,0.8895642056,1.26045
6000,260.5,0.8896209481,1.2605
6000,260.55,0.8896777004,1.26055
6000,260.6,0.8897344627,1.2606
6000,260.65,0.8897912348,1.26065
6000,260.7,0.8898480168,1.2607
6000,260.75,0.8899048087,1.26075
6000,260.8,0.8899616105,1.2608
6000,260.85,0.8900184221,1.26085
6000,260.9,0.8900752436,1.2609
6000,260.95,0.8901320749,1.26095
6000,261,0.8901889161,1.261
6000,261.05,0.8902457672,1.26105
6000,261.1,0.8903026281,1.2611
6000,261.15,0.8903594988,1.26115
6000,261.2,0.8904163793,1.2612
6000,261.25,0.8904732697,1.26125
6000,261.3,0.8905301699,1.2613
6000,261.35,0.8905870799,1.26135
6000,261.4,0.8906439997,1.2614
6000,261.45,0.8907009293,1.26145
6000,261.5,0.8907578688,1.2615
6000,261.55,0.890814818,1.26155
6000,261.6,0.890871777,1.2616
6000,261.65,0.8909287457,1.26165
6000,261.7,0.8909857243,1.2617
6000,261.75,0.8910427126,1.26175
6000,261.8,0.8910997107,1.2618
6000,261.85,0.8911567185,1.26185
6000,261.9,0.8912137361,1.2619
6000,261.95,0.8912707635,1.26195
6000,262,0.8913278006,1.262
6000,262.05,0.8913848474,1.26205
6000,262.1,0.891441904,1.2621
6000,262.15,0.8914989702,1.26215
6000,262.2,0.8915560463,1.2622
6000,262.25,0.891613132,1.26225
6000,262.3,0.8916702274,1.2623
6000,262.35,0.8917273326,1.26235
6000,262.4,0.8917844474,1.2624
6000,262.45,0.8918415719,1.26245
6000,262.5,0.8918987062,1.2625
6000,262.55,0.8919558501,1.26255
6000,262.6,0.8920130037,1.2626
6000,262.65,0.8920701669,1.26265
6000,262.7,0.8921273399,1.2627
6000,262.75,0.8921845224,1.26275
6000,262.8,0.8922417147,1.2628
6000,262.85,0.8922989166,1.26285
6000,262.9,0.8923561281,1.2629
6000,262.95,0.8924133493,1.26295
6000,263,0.8924705801,1.263
6000,263.05,0.8925278206,1.26305
6000,263.1,0.8925850706,1.2631
6000,263.15,0.8926423303,1.26315
6000,263.2,0.8926995996,1.2632
6000,263.25,0.8927568785,1.26325
6000,263.3,0.892814167,1.2633
6000,263.35,0.8928714651,1.26335
6000,263.4,0.8929287728,1.2634
6000,263.45,0.8929860901,1.26345
6000,263.5,0.8930434169,1.2635
6000,263.55,0.8931007534,1.26355
6000,263.6,0.8931580994,1.2636
6000,263.65,0.8932154549,1.26365
6000,263.7,0.89327282,1.2637
6000,263.75,0.8933301947,1.26375
6000,263.8,0.8933875789,1.2638
6000,263.85,0.8934449727,1.26385
6000,263.9,0.893502376,1.2639
6000,263.95,0.8935597888,1.26395
6000,264,0.8936172111,1.264
6000,264.05,0.893674643,1.26405
6000,264.1,0.8937320843,1.2641
6000,264.15,0.8937895352,1.26415
6000,264.2,0.8938469956,1.2642
6000,264.25,0.8939044655,1.26425
6000,264.3,0.8939619448,1.2643
6000,264.35,0.8940194337,1.26435
6000,264.4,0.894076932,1.2644
6000,264.45,0.8941344398,1.26445
6000,264.5,0.894191957,1.2645
6000,264.55,0.8942494838,1.26455
6000,264.6,0.8943070199,1.2646
6000,264.65,0.8943645656,1.26465
6000,264.7,0.8944221207,1.2647
6000,264.75,0.8944796852,1.26475
6000,264.8,0.8945372591,1.2648
6000,264.85,0.8945948425,1.26485
6000,264.9,0.8946524353,1.2649
6000,264.95,0.8947100375,1.26495
6000,265,0.8947676491,1.265
6000,265.05,0.8948252702,1.26505
6000,265.1,0.8948829006,1.2651
6000,265.15,0.8949405404,1.26515
6000,265.2,0.8949981896,1.2652
6000,265.25,0.8950558482,1.26525
6000,265.3,0.8951135162,1.2653
6000,265.35,0.8951711935,1.26535
6000,265.4,0.8952288802,1.2654
6000,265.45,0.8952865763,1.26545
6000,265.5,0.8953442817,1.2655
6000,265.55,0.8954019965,1.26555
6000,265.6,0.8954597206,1.2656
6000,265.65,0.895517454,1.26565
6000,265.7,0.8955751968,1.2657
6000,265.75,0.8956329489,1.26575
6000,265.8,0.8956907103,1.2658
6000,265.85,0.895748481,1.26585
6000,265.9,0.8958062611,1.2659
6000,265.95,0.8958640504,1.26595
6000,266,0.8959218491,1.266
6000,266.05,0.895979657,1.26605
6000,266.1,0.8960374742,1.2661
6000,266.15,0.8960953007,1.26615
6000,266.2,0.8961531365,1.2662
6000,266.25,0.8962109815,1.26625
6000,266.3,0.8962688358,1.2663
6000,266.35,0.8963266993,1.26635
6000,266.4,0.8963845721,1.2664
6000,266.45,0.8964424542,1.26645
6000,266.5,0.8965003455,1.2665
6000,266.55,0.896558246,1.26655
6000,266.6,0.8966161557,1.2666
6000,266.65,0.8966740747,1.26665
6000,266.7,0.8967320029,1.2667
6000,266.75,0.8967899402,1.26675
6000,266.8,0.8968478868,1.2668
6000,266.85,0.8969058426,1.26685
6000,266.9,0.8969638076,1.2669
6000,266.95,0.8970217818,1.26695
6000,267,0.8970797651,1.267
6000,267.05,0.8971377576,1.26705
6000,267.1,0.8971957593,1.2671
6000,267.15,0.8972537702,1.26715
6000,267.2,0.8973117902,1.2672
6000,267.25,0.8973698193,1.26725
6000,267.3,0.8974278576,1.2673
6000,267.35,0.8974859051,1.26735
6000,267.4,0.8975439616,1.2674
6000,267.45,0.8976020273,1.26745
6000,267.5,0.8976601022,1.2675
6000,267.55,0.8977181861,1.26755
6000,267.6,0.8977762791,1.2676
6000,267.65,0.8978343813,1.26765
6000,267.7,0.8978924925,1.2677
6000,267.75,0.8979506129,1.26775
6000,267.8,0.8980087423,1.2678
6000,267.85,0.8980668808,1.26785
6000,267.9,0.8981250284,1.2679
6000,267.95,0.898183185,1.26795
6000,268,0.8982413507,1.268
6000,268.05,0.8982995255,1.26805
6000,268.1,0.8983577093,1.2681
6000,268.15,0.8984159022,1.26815
6000,268.2,0.8984741041,1.2682
6000,268.25,0.898532315,1.26825
6000,268.3,0.898590535,1.2683
6000,268.35,0.8986487639,1.26835
6000,268.4,0.8987070019,1.2684
6000,268.45,0.8987652489,1.26845
6000,268.5,0.8988235049,1.2685
6000,268.55,0.8988817699,1.26855
6000,268.6,0.8989400439,1.2686
6000,268.65,0.8989983269,1.26865
6000,268.7,0.8990566188,1.2687
6000,268.75,0.8991149198,1.26875
6000,268.8,0.8991732297,1.2688
6000,268.85,0.8992315485,1.26885
6000,268.9,0.8992898763,1.2689
6000,268.95,0.8993482131,1.26895
6000,269,0.8994065588,1.269
6000,269.05,0.8994649134,1.26905
6000,269.1,0.899523277,1.2691
6000,269.15,0.8995816494,1.26915
6000,269.2,0.8996400309,1.2692
6000,269.25,0.8996984212,1.26925
6000,269.3,0.8997568204,1.2693
6000,269.35,0.8998152285,1.26935
6000,269.4,0.8998736455,1.2694
6000,269.45,0.8999320714,1.26945
6000,269.5,0.8999905062,1.2695
6000,269.55,0.9000489499,1.26955
6000,269.6,0.9001074024,1.2696
6000,269.65,0.9001658638,1.26965
6000,269.7,0.9002243341,1.2697
6000,269.75,0.9002828132,1.26975
6000,269.8,0.9003413011,1.2698
6000,269.85,0.9003997979,1.26985
6000,269.9,0.9004583035,1.2699
6000,269.95,0.900516818,1.26995
6000,270,0.9005753413,1.27
6000,270.05,0.9006338733,1.27005
6000,270.1,0.9006924142,1.2701
6000,270.15,0.9007509639,1.27015
6000,270.2,0.9008095224,1.2702
6000,270.25,0.9008680897,1.27025
6000,270.3,0.9009266658,1.2703
6000,270.35,0.9009852506,1.27035
6000,270.4,0.9010438442,1.2704
6000,270.45,0.9011024466,1.27045
6000,270.5,0.9011610578,1.2705
6000,270.55,0.9012196777,1.27055
6000,270.6,0.9012783063,1.2706
6000,270.65,0.9013369437,1.27065
6000,270.7,0.9013955898,1.2707
6000,270.75,0.9014542447,1.27075
6000,270.8,0.9015129082,1.2708
6000,270.85,0.9015715805,1.27085
6000,270.9,0.9016302615,1.2709
6000,270.95,0.9016889512,1.27095
6000,271,0.9017476496,1.271
6000,271.05,0.9018063567,1.27105
6000,271.1,0.9018650725,1.2711
6000,271.15,0.9019237969,1.27115
6000,271.2,0.90198253,1.2712
6000,271.25,0.9020412718,1.27125
6000,271.3,0.9021000223,1.2713
6000,271.35,0.9021587814,1.27135
6000,271.4,0.9022175492,1.2714
6000,271.45,0.9022763256,1.27145
6000,271.5,0.9023351106,1.2715
6000,271.55,0.9023939042,1.27155
6000,271.6,0.9024527065,1.2716
6000,271.65,0.9025115174,1.27165
6000,271.7,0.9025703369,1.2717
6000,271.75,0.9026291651,1.27175
6000,271.8,0.9026880018,1.2718
6000,271.85,0.9027468471,1.27185
6000,271.9,0.902805701,1.2719
6000,271.95,0.9028645634,1.27195
6000,272,0.9029234345,1.272
6000,272.05,0.9029823141,1.27205
6000,272.1,0.9030412023,1.2721
6000,272.15,0.903100099,1.27215
6000,272.2,0.9031590043,1.2722
6000,272.25,0.9032179181,1.27225
6000,272.3,0.9032768404,1.2723
6000,272.35,0.9033357713,1.27235
6000,272.4,0.9033947107,1.2724
6000,272.45,0.9034536586,1.27245
6000,272.5,0.903512615,1.2725
6000,272.55,0.90357158,1.27255
6000,272.6,0.9036305534,1.2726
6000,272.65,0.9036895353,1.27265
6000,272.7,0.9037485257,1.2727
6000,272.75,0.9038075246,1.27275
6000,272.8,0.9038665319,1.2728
6000,272.85,0.9039255477,1.27285
6000,272.9,0.903984572,1.2729
6000,272.95,0.9040436047,1.27295
6000,273,0.9041026459,1.273
6000,273.05,0.9041616955,1.27305
6000,273.1,0.9042207536,1.2731
6000,273.15,0.90427982,1.27315
6000,273.2,0.9043388949,1.2732
6000,273.25,0.9043979782,1.27325
6000,273.3,0.9044570699,1.2733
6000,273.35,0.90451617,1.27335
6000,273.4,0.9045752786,1.2734
6000,273.45,0.9046343955,1.27345
6000,273.5,0.9046935207,1.2735
6000,273.55,0.9047526544,1.27355
6000,273.6,0.9048117964,1.2736
6000,273.65,0.9048709468,1.27365
6000,273.7,0.9049301055,1.2737
6000,273.75,0.9049892726,1.27375
6000,273.8,0.9050484481,1.2738
6000,273.85,0.9051076318,1.27385
6000,273.9,0.905166824,1.2739
6000,273.95,0.9052260244,1.27395
6000,274,0.9052852331,1.274
6000,274.05,0.9053444502,1.27405
6000,274.1,0.9054036755,1.2741
6000,274.15,0.9054629092,1.27415
6000,274.2,0.9055221512,1.2742
6000,274.25,0.9055814014,1.27425
6000,274.3,0.9056406599,1.2743
6000,274.35,0.9056999267,1.27435
6000,274.4,0.9057592018,1.2744
6000,274.45,0.9058184851,1.27445
6000,274.5,0.9058777766,1.2745
6000,274.55,0.9059370765,1.27455
6000,274.6,0.9059963845,1.2746
6000,274.65,0.9060557008,1.27465
6000,274.7,0.9061150253,1.2747
6000,274.75,0.906174358,1.27475
6000,274.8,0.906233699,1.2748
6000,274.85,0.9062930481,1.27485
6000,274.9,0.9063524055,1.2749
6000,274.95,0.906411771,1.27495
6000,275,0.9064711448,1.275
6000,275.05,0.9065305267,1.27505
6000,275.1,0.9065899168,1.2751
6000,275.15,0.906649315,1.27515
6000,275.2,0.9067087215,1.2752
6000,275.25,0.906768136,1.27525
6000,275.3,0.9068275588,1.2753
6000,275.35,0.9068869896,1.27535
6000,275.4,0.9069464286,1.2754
6000,275.45,0.9070058758,1.27545
6000,275.5,0.907065331,1.2755
6000,275.55,0.9071247944,1.27555
6000,275.6,0.9071842658,1.2756
6000,275.65,0.9072437454,1.27565
6000,275.7,0.9073032331,1.2757
6000,275.75,0.9073627288,1.27575
6000,275.8,0.9074222327,1.2758
6000,275.85,0.9074817446,1.27585
6000,275.9,0.9075412646,1.2759
6000,275.95,0.9076007926,1.27595
6000,276,0.9076603287,1.276
6000,276.05,0.9077198729,1.27605
6000,276.1,0.9077794251,1.2761
6000,276.15,0.9078389853,1.27615
6000,276.2,0.9078985536,1.2762
6000,276.25,0.9079581299,1.27625
6000,276.3,0.9080177142,1.2763
6000,276.35,0.9080773065,1.27635
6000,276.4,0.9081369068,1.2764
6000,276.45,0.9081965151,1.27645
6000,276.5,0.9082561314,1.2765
6000,276.55,0.9083157557,1.27655
6000,276.6,0.9083753879,1.2766
6000,276.65,0.9084350281,1.27665
6000,276.7,0.9084946763,1.2767
6000,276.75,0.9085543324,1.27675
6000,276.8,0.9086139965,1.2768
6000,276.85,0.9086736686,1.27685
6000,276.9,0.9087333485,1.2769
6000,276.95,0.9087930364,1.27695
6000,277,0.9088527322,1.277
6000,277.05,0.908912436,1.27705
6000,277.1,0.9089721476,1.2771
6000,277.15,0.9090318672,1.27715
6000,277.2,0.9090915946,1.2772
6000,277.25,0.9091513299,1.27725
6000,277.3,0.9092110731,1.2773
6000,277.35,0.9092708242,1.27735
6000,277.4,0.9093305832,1.2774
6000,277.45,0.90939035,1.27745
6000,277.5,0.9094501246,1.2775
6000,277.55,0.9095099071,1.27755
6000,277.6,0.9095696975,1.2776
6000,277.65,0.9096294957,1.27765
6000,277.7,0.9096893017,1.2777
6000,277.75,0.9097491155,1.27775
6000,277.8,0.9098089372,1.2778
6000,277.85,0.9098687666,1.27785
6000,277.9,0.9099286039,1.2779
6000,277.95,0.909988449,1.27795
6000,278,0.9100483018,1.278
6000,278.05,0.9101081624,1.27805
6000,278.1,0.9101680308,1.2781
6000,278.15,0.910227907,1.27815
6000,278.2,0.9102877909,1.2782
6000,278.25,0.9103476825,1.27825
6000,278.3,0.910407582,1.2783
6000,278.35,0.9104674891,1.27835
6000,278.4,0.910527404,1.2784
6000,278.45,0.9105873266,1.27845
6000,278.5,0.9106472569,1.2785
6000,278.55,0.910707195,1.27855
6000,278.6,0.9107671407,1.2786
6000,278.65,0.9108270942,1.27865
6000,278.7,0.9108870553,1.2787
6000,278.75,0.9109470241,1.27875
6000,278.8,0.9110070006,1.2788
6000,278.85,0.9110669848,1.27885
6000,278.9,0.9111269766,1.2789
6000,278.95,0.9111869761,1.27895
6000,279,0.9112469832,1.279
6000,279.05,0.911306998,1.27905
6000,279.1,0.9113670204,1.2791
6000,279.15,0.9114270505,1.27915
6000,279.2,0.9114870881,1.2792
6000,279.25,0.9115471334,1.27925
6000,279.3,0.9116071863,1.2793
6000,279.35,0.9116672468,1.27935
6000,279.4,0.9117273149,1.2794
6000,279.45,0.9117873906,1.27945
6000,279.5,0.9118474738,1.2795
6000,279.55,0.9119075646,1.27955
6000,279.6,0.911967663,1.2796
6000,279.65,0.912027769,1.27965
6000,279.7,0.9120878825,1.2797
6000,279.75,0.9121480035,1.27975
6000,279.8,0.9122081321,1.2798
6000,279.85,0.9122682682,1.27985
6000,279.9,0.9123284119,1.2799
6000,279.95,0.912388563,1.27995
6000,280,0.9124487217,1.28
6000,280.05,0.9125088879,1.28005
6000,280.1,0.9125690616,1.2801
6000,280.15,0.9126292427,1.28015
6000,280.2,0.9126894314,1.2802
6000,280.25,0.9127496275,1.28025
6000,280.3,0.9128098311,1.2803
6000,280.35,0.9128700422,1.28035
6000,280.4,0.9129302607,1.2804
6000,280.45,0.9129904866,1.28045
6000,280.5,0.91305072,1.2805
6000,280.55,0.9131109609,1.28055
6000,280.6,0.9131712091,1.2806
6000,280.65,0.9132314648,1.28065
6000,280.7,0.9132917279,1.2807
6000,280.75,0.9133519984,1.28075
6000,280.8,0.9134122763,1.2808
6000,280.85,0.9134725616,1.28085
6000,280.9,0.9135328542,1.2809
6000,280.95,0.9135931543,1.28095
6000,281,0.9136534617,1.281
6000,281.05,0.9137137765,1.28105
6000,281.1,0.9137740986,1.2811
6000,281.15,0.9138344281,1.28115
6000,281.2,0.9138947649,1.2812
6000,281.25,0.9139551091,1.28125
6000,281.3,0.9140154606,1.2813
6000,281.35,0.9140758194,1.28135
6000,281.4,0.9141361855,1.2814
6000,281.45,0.914196559,1.28145
6000,281.5,0.9142569397,1.2815
6000,281.55,0.9143173277,1.28155
6000,281.6,0.9143777231,1.2816
6000,281.65,0.9144381256,1.28165
6000,281.7,0.9144985355,1.2817
6000,281.75,0.9145589526,1.28175
6000,281.8,0.914619377,1.2818
6000,281.85,0.9146798086,1.28185
6000,281.9,0.9147402475,1.2819
6000,281.95,0.9148006936,1.28195
6000,282,0.914861147,1.282
6000,282.05,0.9149216075,1.28205
6000,282.1,0.9149820753,1.2821
6000,282.15,0.9150425503,1.28215
6000,282.2,0.9151030325,1.2822
6000,282.25,0.9151635218,1.28225
6000,282.3,0.9152240184,1.2823
6000,282.35,0.9152845221,1.28235
6000,282.4,0.915345033,1.2824
6000,282.45,0.9154055511,1.28245
6000,282.5,0.9154660763,1.2825
6000,282.55,0.9155266087,1.28255
6000,282.6,0.9155871482,1.2826
6000,282.65,0.9156476949,1.28265
6000,282.7,0.9157082487,1.2827
6000,282.75,0.9157688096,1.28275
6000,282.8,0.9158293776,1.2828
6000,282.85,0.9158899527,1.28285
6000,282.9,0.9159505349,1.2829
6000,282.95,0.9160111242,1.28295
6000,283,0.9160717206,1.283
6000,283.05,0.9161323241,1.28305
6000,283.1,0.9161929346,1.2831
6000,283.15,0.9162535522,1.28315
6000,283.2,0.9163141769,1.2832
6000,283.25,0.9163748086,1.28325
6000,283.3,0.9164354474,1.2833
6000,283.35,0.9164960931,1.28335
6000,283.4,0.916556746,1.2834
6000,283.45,0.9166174058,1.28345
6000,283.5,0.9166780726,1.2835
6000,283.55,0.9167387465,1.28355
6000,283.6,0.9167994273,1.2836
6000,283.65,0.9168601151,1.28365
6000,283.7,0.91692081,1.2837
6000,283.75,0.9169815118,1.28375
6000,283.8,0.9170422205,1.2838
6000,283.85,0.9171029362,1.28385
6000,283.9,0.9171636589,1.2839
6000,283.95,0.9172243885,1.28395
6000,284,0.9172851251,1.284
6000,284.05,0.9173458686,1.28405
6000,284.1,0.917406619,1.2841
6000,284.15,0.9174673763,1.28415
6000,284.2,0.9175281406,1.2842
6000,284.25,0.9175889117,1.28425
6000,284.3,0.9176496897,1.2843
6000,284.35,0.9177104747,1.28435
6000,284.4,0.9177712665,1.2844
6000,284.45,0.9178320652,1.28445
6000,284.5,0.9178928707,1.2845
6000,284.55,0.9179536831,1.28455
6000,284.6,0.9180145024,1.2846
6000,284.65,0.9180753285,1.28465
6000,284.7,0.9181361614,1.2847
6000,284.75,0.9181970011,1.28475
6000,284.8,0.9182578477,1.2848
6000,284.85,0.9183187011,1.28485
6000,284.9,0.9183795613,1.2849
6000,284.95,0.9184404283,1.28495
6000,285,0.9185013021,1.285
6000,285.05,0.9185621827,1.28505
6000,285.1,0.9186230701,1.2851
6000,285.15,0.9186839642,1.28515
6000,285.2,0.9187448651,1.2852
6000,285.25,0.9188057727,1.28525
6000,285.3,0.9188666871,1.2853
6000,285.35,0.9189276082,1.28535
6000,285.4,0.9189885361,1.2854
6000,285.45,0.9190494707,1.28545
6000,285.5,0.919110412,1.2855
6000,285.55,0.91917136,1.28555
6000,285.6,0.9192323147,1.2856
6000,285.65,0.9192932761,1.28565
6000,285.7,0.9193542442,1.2857
6000,285.75,0.919415219,1.28575
6000,285.8,0.9194762004,1.2858
6000,285.85,0.9195371886,1.28585
6000,285.9,0.9195981833,1.2859
6000,285.95,0.9196591847,1.28595
6000,286,0.9197201928,1.286
6000,286.05,0.9197812075,1.28605
6000,286.1,0.9198422288,1.2861
6000,286.15,0.9199032568,1.28615
6000,286.2,0.9199642914,1.2862
6000,286.25,0.9200253325,1.28625
6000,286.3,0.9200863803,1.2863
6000,286.35,0.9201474347,1.28635
6000,286.4,0.9202084956,1.2864
6000,286.45,0.9202695631,1.28645
6000,286.5,0.9203306372,1.2865
6000,286.55,0.9203917178,1.28655
6000,286.6,0.920452805,1.2866
6000,286.65,0.9205138988,1.28665
6000,286.7,0.920574999,1.2867
6000,286.75,0.9206361058,1.28675
6000,286.8,0.9206972192,1.2868
6000,286.85,0.920758339,1.28685
6000,286.9,0.9208194654,1.2869
6000,286.95,0.9208805982,1.28695
6000,287,0.9209417376,1.287
6000,287.05,0.9210028834,1.28705
6000,287.1,0.9210640357,1.2871
6000,287.15,0.9211251945,1.28715
6000,287.2,0.9211863597,1.2872
6000,287.25,0.9212475314,1.28725
6000,287.3,0.9213087095,1.2873
6000,287.35,0.9213698941,1.28735
6000,287.4,0.9214310851,1.2874
6000,287.45,0.9214922826,1.28745
6000,287.5,0.9215534864,1.2875
6000,287.55,0.9216146967,1.28755
6000,287.6,0.9216759133,1.2876
6000,287.65,0.9217371364,1.28765
6000,287.7,0.9217983658,1.2877
6000,287.75,0.9218596016,1.28775
6000,287.8,0.9219208438,1.2878
6000,287.85,0.9219820924,1.28785
6000,287.9,0.9220433473,1.2879
6000,287.95,0.9221046085,1.28795
6000,288,0.9221658761,1.288
6000,288.05,0.9222271501,1.28805
6000,288.1,0.9222884303,1.2881
6000,288.15,0.9223497169,1.28815
6000,288.2,0.9224110098,1.2882
6000,288.25,0.9224723089,1.28825
6000,288.3,0.9225336144,1.2883
6000,288.35,0.9225949262,1.28835
6000,288.4,0.9226562442,1.2884
6000,288.45,0.9227175685,1.28845
6000,288.5,0.9227788991,1.2885
6000,288.55,0.9228402359,1.28855
6000,288.6,0.922901579,1.2886
6000,288.65,0.9229629283,1.28865
6000,288.7,0.9230242839,1.2887
6000,288.75,0.9230856456,1.28875
6000,288.8,0.9231470136,1.2888
6000,288.85,0.9232083878,1.28885
6000,288.9,0.9232697682,1.2889
6000,288.95,0.9233311548,1.28895
6000,289,0.9233925476,1.289
6000,289.05,0.9234539466,1.28905
6000,289.1,0.9235153517,1.2891
6000,289.15,0.923576763,1.28915
6000,289.2,0.9236381804,1.2892
6000,289.25,0.923699604,1.28925
6000,289.3,0.9237610338,1.2893
6000,289.35,0.9238224696,1.28935
6000,289.4,0.9238839116,1.2894
6000,289.45,0.9239453597,1.28945
6000,289.5,0.924006814,1.2895
6000,289.55,0.9240682743,1.28955
6000,289.6,0.9241297407,1.2896
6000,289.65,0.9241912132,1.28965
6000,289.7,0.9242526918,1.2897
6000,289.75,0.9243141764,1.28975
6000,289.8,0.9243756671,1.2898
6000,289.85,0.9244371639,1.28985
6000,289.9,0.9244986667,1.2899
6000,289.95,0.9245601755,1.28995
6000,290,0.9246216904,1.29
6000,290.05,0.9246832113,1.29005
6000,290.1,0.9247447382,1.2901
6000,290.15,0.9248062711,1.29015
6000,290.2,0.9248678101,1.2902
6000,290.25,0.924929355,1.29025
6000,290.3,0.9249909059,1.2903
6000,290.35,0.9250524627,1.29035
6000,290.4,0.9251140256,1.2904
6000,290.45,0.9251755944,1.29045
6000,290.5,0.9252371691,1.2905
6000,290.55,0.9252987498,1.29055
6000,290.6,0.9253603365,1.2906
6000,290.65,0.925421929,1.29065
6000,290.7,0.9254835275,1.2907
6000,290.75,0.9255451319,1.29075
6000,290.8,0.9256067422,1.2908
6000,290.85,0.9256683584,1.29085
6000,290.9,0.9257299805,1.2909
6000,290.95,0.9257916085,1.29095
6000,291,0.9258532423,1.291
6000,291.05,0.925914882,1.29105
6000,291.1,0.9259765276,1.2911
6000,291.15,0.926038179,1.29115
6000,291.2,0.9260998363,1.2912
6000,291.25,0.9261614994,1.29125
6000,291.3,0.9262231683,1.2913
6000,291.35,0.926284843,1.29135
6000,291.4,0.9263465236,1.2914
6000,291.45,0.9264082099,1.29145
6000,291.5,0.9264699021,1.2915
6000,291.55,0.9265316,1.29155
6000,291.6,0.9265933037,1.2916
6000,291.65,0.9266550132,1.29165
6000,291.7,0.9267167284,1.2917
6000,291.75,0.9267784494,1.29175
6000,291.8,0.9268401762,1.2918
6000,291.85,0.9269019086,1.29185
6000,291.9,0.9269636469,1.2919
6000,291.95,0.9270253908,1.29195
6000,292,0.9270871404,1.292
6000,292.05,0.9271488958,1.29205
6000,292.1,0.9272106569,1.2921
6000,292.15,0.9272724236,1.29215
6000,292.2,0.927334196,1.2922
6000,292.25,0.9273959741,1.29225
6000,292.3,0.9274577579,1.2923
6000,292.35,0.9275195473,1.29235
6000,292.4,0.9275813424,1.2924
6000,292.45,0.9276431432,1.29245
6000,292.5,0.9277049495,1.2925
6000,292.55,0.9277667615,1.29255
6000,292.6,0.9278285791,1.2926
6000,292.65,0.9278904023,1.29265
6000,292.7,0.9279522311,1.2927
6000,292.75,0.9280140656,1.29275
6000,292.8,0.9280759056,1.2928
6000,292.85,0.9281377511,1.29285
6000,292.9,0.9281996023,1.2929
6000,292.95,0.928261459,1.29295
6000,293,0.9283233213,1.293
6000,293.05,0.9283851891,1.29305
6000,293.1,0.9284470624,1.2931
6000,293.15,0.9285089413,1.29315
6000,293.2,0.9285708257,1.2932
6000,293.25,0.9286327156,1.29325
6000,293.3,0.9286946111,1.2933
6000,293.35,0.928756512,1.29335
6000,293.4,0.9288184184,1.2934
6000,293.45,0.9288803303,1.29345
6000,293.5,0.9289422477,1.2935
6000,293.55,0.9290041705,1.29355
6000,293.6,0.9290660988,1.2936
6000,293.65,0.9291280325,1.29365
6000,293.7,0.9291899717,1.2937
6000,293.75,0.9292519163,1.29375
6000,293.8,0.9293138664,1.2938
6000,293.85,0.9293758218,1.29385
6000,293.9,0.9294377827,1.2939
6000,293.95,0.929499749,1.29395
6000,294,0.9295617206,1.294
6000,294.05,0.9296236977,1.29405
6000,294.1,0.9296856801,1.2941
6000,294.15,0.9297476679,1.29415
6000,294.2,0.929809661,1.2942
6000,294.25,0.9298716595,1.29425
6000,294.3,0.9299336634,1.2943
6000,294.35,0.9299956726,1.29435
6000,294.4,0.9300576871,1.2944
6000,294.45,0.9301197069,1.29445
6000,294.5,0.930181732,1.2945
6000,294.55,0.9302437625,1.29455
6000,294.6,0.9303057982,1.2946
6000,294.65,0.9303678392,1.29465
6000,294.7,0.9304298855,1.2947
6000,294.75,0.9304919371,1.29475
6000,294.8,0.9305539939,1.2948
6000,294.85,0.930616056,1.29485
6000,294.9,0.9306781233,1.2949
6000,294.95,0.9307401959,1.29495
6000,295,0.9308022737,1.295
6000,295.05,0.9308643567,1.29505
6000,295.1,0.9309264449,1.2951
6000,295.15,0.9309885384,1.29515
6000,295.2,0.931050637,1.2952
6000,295.25,0.9311127408,1.29525
6000,295.3,0.9311748498,1.2953
6000,295.35,0.931236964,1.29535
6000,295.4,0.9312990833,1.2954
6000,295.45,0.9313612078,1.29545
6000,295.5,0.9314233375,1.2955
6000,295.55,0.9314854722,1.29555
6000,295.6,0.9315476121,1.2956
6000,295.65,0.9316097572,1.29565
6000,295.7,0.9316719073,1.2957
6000,295.75,0.9317340625,1.29575
6000,295.8,0.9317962229,1.2958
6000,295.85,0.9318583883,1.29585
6000,295.9,0.9319205588,1.2959
6000,295.95,0.9319827344,1.29595
6000,296,0.932044915,1.296
6000,296.05,0.9321071007,1.29605
6000,296.1,0.9321692915,1.2961
6000,296.15,0.9322314873,1.29615
6000,296.2,0.9322936881,1.2962
6000,296.25,0.9323558939,1.29625
6000,296.3,0.9324181048,1.2963
6000,296.35,0.9324803207,1.29635
6000,296.4,0.9325425415,1.2964
6000,296.45,0.9326047674,1.29645
6000,296.5,0.9326669982,1.2965
6000,296.55,0.932729234,1.29655
6000,296.6,0.9327914748,1.2966
6000,296.65,0.9328537205,1.29665
6000,296.7,0.9329159712,1.2967
6000,296.75,0.9329782268,1.29675
6000,296.8,0.9330404873,1.2968
6000,296.85,0.9331027528,1.29685
6000,296.9,0.9331650231,1.2969
6000,296.95,0.9332272984,1.29695
6000,297,0.9332895786,1.297
6000,297.05,0.9333518637,1.29705
6000,297.1,0.9334141536,1.2971
6000,297.15,0.9334764484,1.29715
6000,297.2,0.9335387481,1.2972
6000,297.25,0.9336010526,1.29725
6000,297.3,0.933663362,1.2973
6000,297.35,0.9337256762,1.29735
6000,297.4,0.9337879953,1.2974
6000,297.45,0.9338503192,1.29745
6000,297.5,0.9339126479,1.2975
6000,297.55,0.9339749814,1.29755
6000,297.6,0.9340373196,1.2976
6000,297.65,0.9340996627,1.29765
6000,297.7,0.9341620106,1.2977
6000,297.75,0.9342243632,1.29775
6000,297.8,0.9342867206,1.2978
6000,297.85,0.9343490827,1.29785
6000,297.9,0.9344114496,1.2979
6000,297.95,0.9344738213,1.29795
6000,298,0.9345361976,1.298
6000,298.05,0.9345985787,1.29805
6000,298.1,0.9346609645,1.2981
6000,298.15,0.934723355,1.29815
6000,298.2,0.9347857502,1.2982
6000,298.25,0.93484815,1.29825
6000,298.3,0.9349105546,1.2983
6000,298.35,0.9349729638,1.29835
6000,298.4,0.9350353777,1.2984
6000,298.45,0.9350977962,1.29845
6000,298.5,0.9351602194,1.2985
6000,298.55,0.9352226472,1.29855
6000,298.6,0.9352850797,1.2986
6000,298.65,0.9353475167,1.29865
6000,298.7,0.9354099584,1.2987
6000,298.75,0.9354724047,1.29875
6000,298.8,0.9355348556,1.2988
6000,298.85,0.935597311,1.29885
6000,298.9,0.935659771,1.2989
6000,298.95,0.9357222356,1.29895
6000,299,0.9357847048,1.299
6000,299.05,0.9358471785,1.29905
6000,299.1,0.9359096568,1.2991
6000,299.15,0.9359721395,1.29915
6000,299.2,0.9360346268,1.2992
6000,299.25,0.9360971187,1.29925
6000,299.3,0.936159615,1.2993
6000,299.35,0.9362221158,1.29935
6000,299.4,0.9362846212,1.2994
6000,299.45,0.936347131,1.29945
6000,299.5,0.9364096452,1.2995
6000,299.55,0.936472164,1.29955
6000,299.6,0.9365346872,1.2996
6000,299.65,0.9365972148,1.29965
6000,299.7,0.9366597469,1.2997
6000,299.75,0.9367222834,1.29975
6000,299.8,0.9367848244,1.2998
6000,299.85,0.9368473697,1.29985
6000,299.9,0.9369099195,1.2999
6000,299.95,0.9369724737,1.29995
6000,300,0.9370350322,1.3
6000,300.05,0.9370975951,1.30005
6000,300.1,0.9371601624,1.3001
6000,300.15,0.9372227341,1.30015
6000,300.2,0.9372853101,1.3002
6000,300.25,0.9373478904,1.30025
6000,300.3,0.9374104751,1.3003
6000,300.35,0.9374730641,1.30035
6000,300.4,0.9375356575,1.3004
6000,300.45,0.9375982551,1.30045
6000,300.5,0.9376608571,1.3005
6000,300.55,0.9377234633,1.30055
6000,300.6,0.9377860738,1.3006
6000,300.65,0.9378486886,1.30065
6000,300.7,0.9379113077,1.3007
6000,300.75,0.937973931,1.30075
6000,300.8,0.9380365586,1.3008
6000,300.85,0.9380991904,1.30085
6000,300.9,0.9381618265,1.3009
6000,300.95,0.9382244668,1.30095
6000,301,0.9382871112,1.301
6000,301.05,0.9383497599,1.30105
6000,301.1,0.9384124128,1.3011
6000,301.15,0.9384750699,1.30115
6000,301.2,0.9385377312,1.3012
6000,301.25,0.9386003966,1.30125
6000,301.3,0.9386630662,1.3013
6000,301.35,0.93872574,1.30135
6000,301.4,0.9387884179,1.3014
6000,301.45,0.9388510999,1.30145
6000,301.5,0.938913786,1.3015
6000,301.55,0.9389764763,1.30155
6000,301.6,0.9390391707,1.3016
6000,301.65,0.9391018692,1.30165
6000,301.7,0.9391645718,1.3017
6000,301.75,0.9392272785,1.30175
6000,301.8,0.9392899892,1.3018
6000,301.85,0.939352704,1.30185
6000,301.9,0.9394154229,1.3019
6000,301.95,0.9394781458,1.30195
6000,302,0.9395408728,1.302
6000,302.05,0.9396036038,1.30205
6000,302.1,0.9396663388,1.3021
6000,302.15,0.9397290778,1.30215
6000,302.2,0.9397918208,1.3022
6000,302.25,0.9398545679,1.30225
6000,302.3,0.9399173189,1.3023
6000,302.35,0.9399800739,1.30235
6000,302.4,0.9400428329,1.3024
6000,302.45,0.9401055958,1.30245
6000,302.5,0.9401683627,1.3025
6000,302.55,0.9402311335,1.30255
6000,302.6,0.9402939083,1.3026
6000,302.65,0.940356687,1.30265
6000,302.7,0.9404194696,1.3027
6000,302.75,0.9404822561,1.30275
6000,302.8,0.9405450465,1.3028
6000,302.85,0.9406078408,1.30285
6000,302.9,0.940670639,1.3029
6000,302.95,0.9407334411,1.30295
6000,303,0.940796247,1.303
6000,303.05,0.9408590568,1.30305
6000,303.1,0.9409218704,1.3031
6000,303.15,0.9409846879,1.30315
6000,303.2,0.9410475092,1.3032
6000,303.25,0.9411103343,1.30325
6000,303.3,0.9411731632,1.3033
6000,303.35,0.941235996,1.30335
6000,303.4,0.9412988325,1.3034
6000,303.45,0.9413616728,1.30345
6000,303.5,0.9414245169,1.3035
6000,303.55,0.9414873648,1.30355
6000,303.6,0.9415502164,1.3036
6000,303.65,0.9416130718,1.30365
6000,303.7,0.9416759309,1.3037
6000,303.75,0.9417387937,1.30375
6000,303.8,0.9418016603,1.3038
6000,303.85,0.9418645305,1.30385
6000,303.9,0.9419274045,1.3039
6000,303.95,0.9419902822,1.30395
6000,304,0.9420531636,1.304
6000,304.05,0.9421160486,1.30405
6000,304.1,0.9421789373,1.3041
6000,304.15,0.9422418297,1.30415
6000,304.2,0.9423047257,1.3042
6000,304.25,0.9423676254,1.30425
6000,304.3,0.9424305287,1.3043
6000,304.35,0.9424934356,1.30435
6000,304.4,0.9425563462,1.3044
6000,304.45,0.9426192603,1.30445
6000,304.5,0.9426821781,1.3045
6000,304.55,0.9427450994,1.30455
6000,304.6,0.9428080243,1.3046
6000,304.65,0.9428709528,1.30465
6000,304.7,0.9429338849,1.3047
6000,304.75,0.9429968205,1.30475
6000,304.8,0.9430597596,1.3048
6000,304.85,0.9431227023,1.30485
6000,304.9,0.9431856485,1.3049
6000,304.95,0.9432485983,1.30495
6000,305,0.9433115515,1.305
6000,305.05,0.9433745082,1.30505
6000,305.1,0.9434374685,1.3051
6000,305.15,0.9435004322,1.30515
6000,305.2,0.9435633994,1.3052
6000,305.25,0.94362637,1.30525
6000,305.3,0.9436893441,1.3053
6000,305.35,0.9437523217,1.30535
6000,305.4,0.9438153026,1.3054
6000,305.45,0.9438782871,1.30545
6000,305.5,0.9439412749,1.3055
6000,305.55,0.9440042661,1.30555
6000,305.6,0.9440672608,1.3056
6000,305.65,0.9441302588,1.30565
6000,305.7,0.9441932602,1.3057
6000,305.75,0.944256265,1.30575
6000,305.8,0.9443192732,1.3058
6000,305.85,0.9443822847,1.30585
6000,305.9,0.9444452995,1.3059
6000,305.95,0.9445083177,1.30595
6000,306,0.9445713392,1.306
6000,306.05,0.9446343641,1.30605
6000,306.1,0.9446973922,1.3061
6000,306.15,0.9447604237,1.30615
6000,306.2,0.9448234584,1.3062
6000,306.25,0.9448864965,1.30625
6000,306.3,0.9449495378,1.3063
6000,306.35,0.9450125823,1.30635
6000,306.4,0.9450756301,1.3064
6000,306.45,0.9451386812,1.30645
6000,306.5,0.9452017355,1.3065
6000,306.55,0.9452647931,1.30655
6000,306.6,0.9453278538,1.3066
6000,306.65,0.9453909178,1.30665
6000,306.7,0.9454539849,1.3067
6000,306.75,0.9455170553,1.30675
6000,306.8,0.9455801288,1.3068
6000,306.85,0.9456432056,1.30685
6000,306.9,0.9457062854,1.3069
6000,306.95,0.9457693685,1.30695
6000,307,0.9458324547,1.307
6000,307.05,0.945895544,1.30705
6000,307.1,0.9459586364,1.3071
6000,307.15,0.946021732,1.30715
6000,307.2,0.9460848307,1.3072
6000,307.25,0.9461479325,1.30725
6000,307.3,0.9462110373,1.3073
6000,307.35,0.9462741453,1.30735
6000,307.4,0.9463372563,1.3074
6000,307.45,0.9464003704,1.30745
6000,307.5,0.9464634875,1.3075
6000,307.55,0.9465266077,1.30755
6000,307.6,0.946589731,1.3076
6000,307.65,0.9466528572,1.30765
6000,307.7,0.9467159865,1.3077
6000,307.75,0.9467791188,1.30775
6000,307.8,0.9468422541,1.3078
6000,307.85,0.9469053924,1.30785
6000,307.9,0.9469685336,1.3079
6000,307.95,0.9470316778,1.30795
6000,308,0.947094825,1.308
6000,308.05,0.9471579752,1.30805
6000,308.1,0.9472211283,1.3081
6000,308.15,0.9472842843,1.30815
6000,308.2,0.9473474433,1.3082
6000,308.25,0.9474106051,1.30825
6000,308.3,0.9474737699,1.3083
6000,308.35,0.9475369376,1.30835
6000,308.4,0.9476001082,1.3084
6000,308.45,0.9476632816,1.30845
6000,308.5,0.947726458,1.3085
6000,308.55,0.9477896371,1.30855
6000,308.6,0.9478528192,1.3086
6000,308.65,0.9479160041,1.30865
6000,308.7,0.9479791918,1.3087
6000,308.75,0.9480423823,1.30875
6000,308.8,0.9481055757,1.3088
6000,308.85,0.9481687719,1.30885
6000,308.9,0.9482319708,1.3089
6000,308.95,0.9482951726,1.30895
6000,309,0.9483583771,1.309
6000,309.05,0.9484215844,1.30905
6000,309.1,0.9484847945,1.3091
6000,309.15,0.9485480073,1.30915
6000,309.2,0.9486112228,1.3092
6000,309.25,0.9486744411,1.30925
6000,309.3,0.9487376621,1.3093
6000,309.35,0.9488008858,1.30935
6000,309.4,0.9488641123,1.3094
6000,309.45,0.9489273414,1.30945
6000,309.5,0.9489905732,1.3095
6000,309.55,0.9490538077,1.30955
6000,309.6,0.9491170448,1.3096
6000,309.65,0.9491802846,1.30965
6000,309.7,0.9492435271,1.3097
6000,309.75,0.9493067722,1.30975
6000,309.8,0.9493700199,1.3098
6000,309.85,0.9494332703,1.30985
6000,309.9,0.9494965233,1.3099
6000,309.95,0.9495597788,1.30995
6000,310,0.949623037,1.31
6000,310.05,0.9496862977,1.31005
6000,310.1,0.949749561,1.3101
6000,310.15,0.9498128269,1.31015
6000,310.2,0.9498760954,1.3102
6000,310.25,0.9499393663,1.31025
6000,310.3,0.9500026399,1.3103
6000,310.35,0.9500659159,1.31035
6000,310.4,0.9501291945,1.3104
6000,310.45,0.9501924755,1.31045
6000,310.5,0.9502557591,1.3105
6000,310.55,0.9503190452,1.31055
6000,310.6,0.9503823337,1.3106
6000,310.65,0.9504456247,1.31065
6000,310.7,0.9505089182,1.3107
6000,310.75,0.9505722142,1.31075
6000,310.8,0.9506355125,1.3108
6000,310.85,0.9506988133,1.31085
6000,310.9,0.9507621166,1.3109
6000,310.95,0.9508254222,1.31095
6000,311,0.9508887303,1.311
6000,311.05,0.9509520407,1.31105
6000,311.1,0.9510153536,1.3111
6000,311.15,0.9510786688,1.31115
6000,311.2,0.9511419863,1.3112
6000,311.25,0.9512053063,1.31125
6000,311.3,0.9512686286,1.3113
6000,311.35,0.9513319532,1.31135
6000,311.4,0.9513952802,1.3114
6000,311.45,0.9514586094,1.31145
6000,311.5,0.951521941,1.3115
6000,311.55,0.9515852749,1.31155
6000,311.6,0.9516486111,1.3116
6000,311.65,0.9517119496,1.31165
6000,311.7,0.9517752903,1.3117
6000,311.75,0.9518386333,1.31175
6000,311.8,0.9519019786,1.3118
6000,311.85,0.9519653261,1.31185
6000,311.9,0.9520286759,1.3119
6000,311.95,0.9520920278,1.31195
6000,312,0.952155382,1.312
6000,312.05,0.9522187384,1.31205
6000,312.1,0.952282097,1.3121
6000,312.15,0.9523454578,1.31215
6000,312.2,0.9524088207,1.3122
6000,312.25,0.9524721859,1.31225
6000,312.3,0.9525355532,1.3123
6000,312.35,0.9525989226,1.31235
6000,312.4,0.9526622942,1.3124
6000,312.45,0.9527256679,1.31245
6000,312.5,0.9527890437,1.3125
6000,312.55,0.9528524217,1.31255
6000,312.6,0.9529158017,1.3126
6000,312.65,0.9529791839,1.31265
6000,312.7,0.9530425681,1.3127
6000,312.75,0.9531059544,1.31275
6000,312.8,0.9531693428,1.3128
6000,312.85,0.9532327332,1.31285
6000,312.9,0.9532961257,1.3129
6000,312.95,0.9533595202,1.31295
6000,313,0.9534229167,1.313
6000,313.05,0.9534863152,1.31305
6000,313.1,0.9535497158,1.3131
6000,313.15,0.9536131184,1.31315
6000,313.2,0.9536765229,1.3132
6000,313.25,0.9537399294,1.31325
6000,313.3,0.9538033379,1.3133
6000,313.35,0.9538667484,1.31335
6000,313.4,0.9539301608,1.3134
6000,313.45,0.9539935751,1.31345
6000,313.5,0.9540569914,1.3135
6000,313.55,0.9541204096,1.31355
6000,313.6,0.9541838297,1.3136
6000,313.65,0.9542472517,1.31365
6000,313.7,0.9543106756,1.3137
6000,313.75,0.9543741014,1.31375
6000,313.8,0.9544375291,1.3138
6000,313.85,0.9545009586,1.31385
6000,313.9,0.95456439,1.3139
6000,313.95,0.9546278232,1.31395
6000,314,0.9546912583,1.314
6000,314.05,0.9547546951,1.31405
6000,314.1,0.9548181339,1.3141
6000,314.15,0.9548815744,1.31415
6000,314.2,0.9549450167,1.3142
6000,314.25,0.9550084608,1.31425
6000,314.3,0.9550719066,1.3143
6000,314.35,0.9551353543,1.31435
6000,314.4,0.9551988037,1.3144
6000,314.45,0.9552622548,1.31445
6000,314.5,0.9553257077,1.3145
6000,314.55,0.9553891623,1.31455
6000,314.6,0.9554526187,1.3146
6000,314.65,0.9555160767,1.31465
6000,314.7,0.9555795365,1.3147
6000,314.75,0.9556429979,1.31475
6000,314.8,0.955706461,1.3148
6000,314.85,0.9557699258,1.31485
6000,314.9,0.9558333923,1.3149
6000,314.95,0.9558968604,1.31495
6000,315,0.9559603301,1.315
6000,315.05,0.9560238015,1.31505
6000,315.1,0.9560872745,1.3151
6000,315.15,0.9561507491,1.31515
6000,315.2,0.9562142254,1.3152
6000,315.25,0.9562777032,1.31525
6000,315.3,0.9563411826,1.3153
6000,315.35,0.9564046636,1.31535
6000,315.4,0.9564681461,1.3154
6000,315.45,0.9565316302,1.31545
6000,315.5,0.9565951159,1.3155
6000,315.55,0.956658603,1.31555
6000,315.6,0.9567220917,1.3156
6000,315.65,0.956785582,1.31565
6000,315.7,0.9568490737,1.3157
6000,315.75,0.9569125669,1.31575
6000,315.8,0.9569760616,1.3158
6000,315.85,0.9570395578,1.31585
6000,315.9,0.9571030555,1.3159
6000,315.95,0.9571665546,1.31595
6000,316,0.9572300552,1.316
6000,316.05,0.9572935572,1.31605
6000,316.1,0.9573570606,1.3161
6000,316.15,0.9574205655,1.31615
6000,316.2,0.9574840718,1.3162
6000,316.25,0.9575475794,1.31625
6000,316.3,0.9576110885,1.3163
6000,316.35,0.9576745989,1.31635
6000,316.4,0.9577381107,1.3164
6000,316.45,0.9578016239,1.31645
6000,316.5,0.9578651384,1.3165
6000,316.55,0.9579286543,1.31655
6000,316.6,0.9579921715,1.3166
6000,316.65,0.95805569,1.31665
6000,316.7,0.9581192098,1.3167
6000,316.75,0.958182731,1.31675
6000,316.8,0.9582462534,1.3168
6000,316.85,0.9583097771,1.31685
6000,316.9,0.9583733021,1.3169
6000,316.95,0.9584368283,1.31695
6000,317,0.9585003558,1.317
6000,317.05,0.9585638845,1.31705
6000,317.1,0.9586274145,1.3171
6000,317.15,0.9586909457,1.31715
6000,317.2,0.9587544781,1.3172
6000,317.25,0.9588180117,1.31725
6000,317.3,0.9588815466,1.3173
6000,317.35,0.9589450825,1.31735
6000,317.4,0.9590086197,1.3174
6000,317.45,0.9590721581,1.31745
6000,317.5,0.9591356975,1.3175
6000,317.55,0.9591992382,1.31755
6000,317.6,0.9592627799,1.3176
6000,317.65,0.9593263228,1.31765
6000,317.7,0.9593898669,1.3177
6000,317.75,0.959453412,1.31775
6000,317.8,0.9595169582,1.3178
6000,317.85,0.9595805055,1.31785
6000,317.9,0.9596440539,1.3179
6000,317.95,0.9597076033,1.31795
6000,318,0.9597711538,1.318
6000,318.05,0.9598347054,1.31805
6000,318.1,0.959898258,1.3181
6000,318.15,0.9599618116,1.31815
6000,318.2,0.9600253662,1.3182
6000,318.25,0.9600889218,1.31825
6000,318.3,0.9601524785,1.3183
6000,318.35,0.9602160361,1.31835
6000,318.4,0.9602795947,1.3184
6000,318.45,0.9603431543,1.31845
6000,318.5,0.9604067148,1.3185
6000,318.55,0.9604702763,1.31855
6000,318.6,0.9605338387,1.3186
6000,318.65,0.960597402,1.31865
6000,318.7,0.9606609663,1.3187
6000,318.75,0.9607245315,1.31875
6000,318.8,0.9607880975,1.3188
6000,318.85,0.9608516645,1.31885
6000,318.9,0.9609152323,1.3189
6000,318.95,0.960978801,1.31895
6000,319,0.9610423706,1.319
6000,319.05,0.961105941,1.31905
6000,319.1,0.9611695123,1.3191
6000,319.15,0.9612330843,1.31915
6000,319.2,0.9612966572,1.3192
6000,319.25,0.961360231,1.31925
6000,319.3,0.9614238055,1.3193
6000,319.35,0.9614873808,1.31935
6000,319.4,0.9615509568,1.3194
6000,319.45,0.9616145337,1.31945
6000,319.5,0.9616781113,1.3195
6000,319.55,0.9617416897,1.31955
6000,319.6,0.9618052688,1.3196
6000,319.65,0.9618688486,1.31965
6000,319.7,0.9619324291,1.3197
6000,319.75,0.9619960104,1.31975
6000,319.8,0.9620595923,1.3198
6000,319.85,0.962123175,1.31985
6000,319.9,0.9621867583,1.3199
6000,319.95,0.9622503423,1.31995
6000,320,0.962313927,1.32
6000,320.05,0.9623775123,1.32005
6000,320.1,0.9624410982,1.3201
6000,320.15,0.9625046848,1.32015
6000,320.2,0.962568272,1.3202
6000,320.25,0.9626318598,1.32025
6000,320.3,0.9626954482,1.3203
6000,320.35,0.9627590372,1.32035
6000,320.4,0.9628226268,1.3204
6000,320.45,0.9628862169,1.32045
6000,320.5,0.9629498076,1.3205
6000,320.55,0.9630133989,1.32055
6000,320.6,0.9630769907,1.3206
6000,320.65,0.963140583,1.32065
6000,320.7,0.9632041759,1.3207
6000,320.75,0.9632677692,1.32075
6000,320.8,0.9633313631,1.3208
6000,320.85,0.9633949574,1.32085
6000,320.9,0.9634585522,1.3209
6000,320.95,0.9635221475,1.32095
6000,321,0.9635857433,1.321
6000,321.05,0.9636493395,1.32105
6000,321.1,0.9637129361,1.3211
6000,321.15,0.9637765332,1.32115
6000,321.2,0.9638401307,1.3212
6000,321.25,0.9639037286,1.32125
6000,321.3,0.9639673269,1.3213
6000,321.35,0.9640309256,1.32135
6000,321.4,0.9640945247,1.3214
6000,321.45,0.9641581241,1.32145
6000,321.5,0.9642217239,1.3215
6000,321.55,0.9642853241,1.32155
6000,321.6,0.9643489246,1.3216
6000,321.65,0.9644125254,1.32165
6000,321.7,0.9644761265,1.3217
6000,321.75,0.9645397279,1.32175
6000,321.8,0.9646033297,1.3218
6000,321.85,0.9646669317,1.32185
6000,321.9,0.964730534,1.3219
6000,321.95,0.9647941366,1.32195
6000,322,0.9648577394,1.322
6000,322.05,0.9649213425,1.32205
6000,322.1,0.9649849458,1.3221
6000,322.15,0.9650485494,1.32215
6000,322.2,0.9651121532,1.3222
6000,322.25,0.9651757571,1.32225
6000,322.3,0.9652393613,1.3223
6000,322.35,0.9653029657,1.32235
6000,322.4,0.9653665702,1.3224
6000,322.45,0.9654301749,1.32245
6000,322.5,0.9654937798,1.3225
6000,322.55,0.9655573848,1.32255
6000,322.6,0.9656209899,1.3226
6000,322.65,0.9656845952,1.32265
6000,322.7,0.9657482006,1.3227
6000,322.75,0.9658118061,1.32275
6000,322.8,0.9658754117,1.3228
6000,322.85,0.9659390173,1.32285
6000,322.9,0.9660026231,1.3229
6000,322.95,0.9660662289,1.32295
6000,323,0.9661298348,1.323
6000,323.05,0.9661934407,1.32305
6000,323.1,0.9662570467,1.3231
6000,323.15,0.9663206526,1.32315
6000,323.2,0.9663842586,1.3232
6000,323.25,0.9664478646,1.32325
6000,323.3,0.9665114706,1.3233
6000,323.35,0.9665750766,1.32335
6000,323.4,0.9666386826,1.3234
6000,323.45,0.9667022885,1.32345
6000,323.5,0.9667658944,1.3235
6000,323.55,0.9668295002,1.32355
6000,323.6,0.9668931059,1.3236
6000,323.65,0.9669567116,1.32365
6000,323.7,0.9670203172,1.3237
6000,323.75,0.9670839227,1.32375
6000,323.8,0.967147528,1.3238
6000,323.85,0.9672111333,1.32385
6000,323.9,0.9672747384,1.3239
6000,323.95,0.9673383434,1.32395
6000,324,0.9674019483,1.324
6000,324.05,0.967465553,1.32405
6000,324.1,0.9675291575,1.3241
6000,324.15,0.9675927618,1.32415
6000,324.2,0.967656366,1.3242
6000,324.25,0.9677199699,1.32425
6000,324.3,0.9677835737,1.3243
6000,324.35,0.9678471772,1.32435
6000,324.4,0.9679107805,1.3244
6000,324.45,0.9679743836,1.32445
6000,324.5,0.9680379864,1.3245
6000,324.55,0.9681015889,1.32455
6000,324.6,0.9681651912,1.3246
6000,324.65,0.9682287932,1.32465
6000,324.7,0.9682923949,1.3247
6000,324.75,0.9683559963,1.32475
6000,324.8,0.9684195973,1.3248
6000,324.85,0.9684831981,1.32485
6000,324.9,0.9685467985,1.3249
6000,324.95,0.9686103986,1.32495
6000,325,0.9686739983,1.325
6000,325.05,0.9687375977,1.32505
6000,325.1,0.9688011967,1.3251
6000,325.15,0.9688647953,1.32515
6000,325.2,0.9689283935,1.3252
6000,325.25,0.9689919914,1.32525
6000,325.3,0.9690555888,1.3253
6000,325.35,0.9691191857,1.32535
6000,325.4,0.9691827823,1.3254
6000,325.45,0.9692463784,1.32545
6000,325.5,0.969309974,1.3255
6000,325.55,0.9693735692,1.32555
6000,325.6,0.9694371639,1.3256
6000,325.65,0.9695007581,1.32565
6000,325.7,0.9695643518,1.3257
6000,325.75,0.969627945,1.32575
6000,325.8,0.9696915377,1.3258
6000,325.85,0.9697551298,1.32585
6000,325.9,0.9698187214,1.3259
6000,325.95,0.9698823125,1.32595
6000,326,0.969945903,1.326
6000,326.05,0.970009493,1.32605
6000,326.1,0.9700730823,1.3261
6000,326.15,0.9701366711,1.32615
6000,326.2,0.9702002593,1.3262
6000,326.25,0.9702638468,1.32625
6000,326.3,0.9703274337,1.3263
6000,326.35,0.9703910201,1.32635
6000,326.4,0.9704546057,1.3264
6000,326.45,0.9705181907,1.32645
6000,326.5,0.9705817751,1.3265
6000,326.55,0.9706453587,1.32655
6000,326.6,0.9707089417,1.3266
6000,326.65,0.970772524,1.32665
6000,326.7,0.9708361056,1.3267
6000,326.75,0.9708996865,1.32675
6000,326.8,0.9709632667,1.3268
6000,326.85,0.9710268461,1.32685
6000,326.9,0.9710904248,1.3269
6000,326.95,0.9711540027,1.32695
6000,327,0.9712175798,1.327
6000,327.05,0.9712811562,1.32705
6000,327.1,0.9713447318,1.3271
6000,327.15,0.9714083066,1.32715
6000,327.2,0.9714718806,1.3272
6000,327.25,0.9715354537,1.32725
6000,327.3,0.9715990261,1.3273
6000,327.35,0.9716625976,1.32735
6000,327.4,0.9717261682,1.3274
6000,327.45,0.971789738,1.32745
6000,327.5,0.9718533069,1.3275
6000,327.55,0.9719168749,1.32755
6000,327.6,0.9719804421,1.3276
6000,327.65,0.9720440083,1.32765
6000,327.7,0.9721075737,1.3277
6000,327.75,0.9721711381,1.32775
6000,327.8,0.9722347015,1.3278
6000,327.85,0.9722982641,1.32785
6000,327.9,0.9723618257,1.3279
6000,327.95,0.9724253863,1.32795
6000,328,0.9724889459,1.328
6000,328.05,0.9725525046,1.32805
6000,328.1,0.9726160622,1.3281
6000,328.15,0.9726796189,1.32815
6000,328.2,0.9727431745,1.3282
6000,328.25,0.9728067291,1.32825
6000,328.3,0.9728702827,1.3283
6000,328.35,0.9729338352,1.32835
6000,328.4,0.9729973867,1.3284
6000,328.45,0.9730609371,1.32845
6000,328.5,0.9731244864,1.3285
6000,328.55,0.9731880346,1.32855
6000,328.6,0.9732515818,1.3286
6000,328.65,0.9733151278,1.32865
6000,328.7,0.9733786727,1.3287
6000,328.75,0.9734422165,1.32875
6000,328.8,0.9735057591,1.3288
6000,328.85,0.9735693006,1.32885
6000,328.9,0.9736328409,1.3289
6000,328.95,0.97369638,1.32895
6000,329,0.973759918,1.329
6000,329.05,0.9738234547,1.32905
6000,329.1,0.9738869903,1.3291
6000,329.15,0.9739505246,1.32915
6000,329.2,0.9740140577,1.3292
6000,329.25,0.9740775896,1.32925
6000,329.3,0.9741411202,1.3293
6000,329.35,0.9742046496,1.32935
6000,329.4,0.9742681777,1.3294
6000,329.45,0.9743317045,1.32945
6000,329.5,0.9743952301,1.3295
6000,329.55,0.9744587543,1.32955
6000,329.6,0.9745222772,1.3296
6000,329.65,0.9745857988,1.32965
6000,329.7,0.9746493191,1.3297
6000,329.75,0.974712838,1.32975
6000,329.8,0.9747763556,1.3298
6000,329.85,0.9748398718,1.32985
6000,329.9,0.9749033867,1.3299
6000,329.95,0.9749669001,1.32995
6000,330,0.9750304122,1.33
6000,330.05,0.9750939229,1.33005
6000,330.1,0.9751574321,1.3301
6000,330.15,0.97522094,1.33015
6000,330.2,0.9752844463,1.3302
6000,330.25,0.9753479513,1.33025
6000,330.3,0.9754114548,1.3303
6000,330.35,0.9754749568,1.33035
6000,330.4,0.9755384573,1.3304
6000,330.45,0.9756019564,1.33045
6000,330.5,0.9756654539,1.3305
6000,330.55,0.9757289499,1.33055
6000,330.6,0.9757924445,1.3306
6000,330.65,0.9758559374,1.33065
6000,330.7,0.9759194289,1.3307
6000,330.75,0.9759829188,1.33075
6000,330.8,0.9760464071,1.3308
6000,330.85,0.9761098939,1.33085
6000,330.9,0.976173379,1.3309
6000,330.95,0.9762368626,1.33095
6000,331,0.9763003446,1.331
6000,331.05,0.9763638249,1.33105
6000,331.1,0.9764273036,1.3311
6000,331.15,0.9764907807,1.33115
6000,331.2,0.9765542562,1.3312
6000,331.25,0.9766177299,1.33125
6000,331.3,0.9766812021,1.3313
6000,331.35,0.9767446725,1.33135
6000,331.4,0.9768081412,1.3314
6000,331.45,0.9768716083,1.33145
6000,331.5,0.9769350736,1.3315
6000,331.55,0.9769985372,1.33155
6000,331.6,0.9770619991,1.3316
6000,331.65,0.9771254592,1.33165
6000,331.7,0.9771889176,1.3317
6000,331.75,0.9772523742,1.33175
6000,331.8,0.977315829,1.3318
6000,331.85,0.9773792821,1.33185
6000,331.9,0.9774427333,1.3319
6000,331.95,0.9775061828,1.33195
6000,332,0.9775696304,1.332
6000,332.05,0.9776330762,1.33205
6000,332.1,0.9776965202,1.3321
6000,332.15,0.9777599623,1.33215
6000,332.2,0.9778234026,1.3322
6000,332.25,0.9778868409,1.33225
6000,332.3,0.9779502774,1.3323
6000,332.35,0.978013712,1.33235
6000,332.4,0.9780771447,1.3324
6000,332.45,0.9781405755,1.33245
6000,332.5,0.9782040044,1.3325
6000,332.55,0.9782674313,1.33255
6000,332.6,0.9783308563,1.3326
6000,332.65,0.9783942793,1.33265
6000,332.7,0.9784577004,1.3327
6000,332.75,0.9785211195,1.33275
6000,332.8,0.9785845366,1.3328
6000,332.85,0.9786479517,1.33285
6000,332.9,0.9787113648,1.3329
6000,332.95,0.9787747758,1.33295
6000,333,0.9788381849,1.333
6000,333.05,0.9789015919,1.33305
6000,333.1,0.9789649968,1.3331
6000,333.15,0.9790283997,1.33315
6000,333.2,0.9790918005,1.3332
6000,333.25,0.9791551992,1.33325
6000,333.3,0.9792185958,1.3333
6000,333.35,0.9792819904,1.33335
6000,333.4,0.9793453828,1.3334
6000,333.45,0.979408773,1.33345
6000,333.5,0.9794721612,1.3335
6000,333.55,0.9795355471,1.33355
6000,333.6,0.979598931,1.3336
6000,333.65,0.9796623126,1.33365
6000,333.7,0.9797256921,1.3337
6000,333.75,0.9797890694,1.33375
6000,333.8,0.9798524445,1.3338
6000,333.85,0.9799158173,1.33385
6000,333.9,0.979979188,1.3339
6000,333.95,0.9800425564,1.33395
6000,334,0.9801059226,1.334
6000,334.05,0.9801692865,1.33405
6000,334.1,0.9802326481,1.3341
6000,334.15,0.9802960075,1.33415
6000,334.2,0.9803593646,1.3342
6000,334.25,0.9804227193,1.33425
6000,334.3,0.9804860718,1.3343
6000,334.35,0.9805494219,1.33435
6000,334.4,0.9806127698,1.3344
6000,334.45,0.9806761152,1.33445
6000,334.5,0.9807394584,1.3345
6000,334.55,0.9808027991,1.33455
6000,334.6,0.9808661375,1.3346
6000,334.65,0.9809294735,1.33465
6000,334.7,0.9809928071,1.3347
6000,334.75,0.9810561383,1.33475
6000,334.8,0.9811194671,1.3348
6000,334.85,0.9811827934,1.33485
6000,334.9,0.9812461173,1.3349
6000,334.95,0.9813094388,1.33495
6000,335,0.9813727578,1.335
6000,335.05,0.9814360743,1.33505
6000,335.1,0.9814993884,1.3351
6000,335.15,0.9815626999,1.33515
6000,335.2,0.981626009,1.3352
6000,335.25,0.9816893155,1.33525
6000,335.3,0.9817526195,1.3353
6000,335.35,0.981815921,1.33535
6000,335.4,0.9818792199,1.3354
6000,335.45,0.9819425163,1.33545
6000,335.5,0.9820058101,1.3355
6000,335.55,0.9820691013,1.33555
6000,335.6,0.9821323899,1.3356
6000,335.65,0.982195676,1.33565
6000,335.7,0.9822589594,1.3357
6000,335.75,0.9823222402,1.33575
6000,335.8,0.9823855183,1.3358
6000,335.85,0.9824487939,1.33585
6000,335.9,0.9825120667,1.3359
6000,335.95,0.9825753369,1.33595
6000,336,0.9826386044,1.336
6000,336.05,0.9827018693,1.33605
6000,336.1,0.9827651314,1.3361
6000,336.15,0.9828283908,1.33615
6000,336.2,0.9828916475,1.3362
6000,336.25,0.9829549015,1.33625
6000,336.3,0.9830181528,1.3363
6000,336.35,0.9830814012,1.33635
6000,336.4,0.983144647,1.3364
6000,336.45,0.9832078899,1.33645
6000,336.5,0.9832711301,1.3365
6000,336.55,0.9833343674,1.33655
6000,336.6,0.983397602,1.3366
6000,336.65,0.9834608337,1.33665
6000,336.7,0.9835240626,1.3367
6000,336.75,0.9835872887,1.33675
6000,336.8,0.9836505119,1.3368
6000,336.85,0.9837137323,1.33685
6000,336.9,0.9837769498,1.3369
6000,336.95,0.9838401644,1.33695
6000,337,0.9839033761,1.337
6000,337.05,0.9839665849,1.33705
6000,337.1,0.9840297908,1.3371
6000,337.15,0.9840929938,1.33715
6000,337.2,0.9841561938,1.3372
6000,337.25,0.9842193909,1.33725
6000,337.3,0.984282585,1.3373
6000,337.35,0.9843457762,1.33735
6000,337.4,0.9844089643,1.3374
6000,337.45,0.9844721495,1.33745
6000,337.5,0.9845353317,1.3375
6000,337.55,0.9845985109,1.33755
6000,337.6,0.984661687,1.3376
6000,337.65,0.9847248601,1.33765
6000,337.7,0.9847880302,1.3377
6000,337.75,0.9848511972,1.33775
6000,337.8,0.9849143611,1.3378
6000,337.85,0.984977522,1.33785
6000,337.9,0.9850406798,1.3379
6000,337.95,0.9851038344,1.33795
6000,338,0.985166986,1.338
6000,338.05,0.9852301344,1.33805
6000,338.1,0.9852932797,1.3381
6000,338.15,0.9853564219,1.33815
6000,338.2,0.9854195609,1.3382
6000,338.25,0.9854826967,1.33825
6000,338.3,0.9855458294,1.3383
6000,338.35,0.9856089588,1.33835
6000,338.4,0.9856720851,1.3384
6000,338.45,0.9857352082,1.33845
6000,338.5,0.985798328,1.3385
6000,338.55,0.9858614446,1.33855
6000,338.6,0.985924558,1.3386
6000,338.65,0.9859876681,1.33865
6000,338.7,0.986050775,1.3387
6000,338.75,0.9861138785,1.33875
6000,338.8,0.9861769788,1.3388
6000,338.85,0.9862400758,1.33885
6000,338.9,0.9863031695,1.3389
6000,338.95,0.9863662599,1.33895
6000,339,0.9864293469,1.339
6000,339.05,0.9864924306,1.33905
6000,339.1,0.986555511,1.3391
6000,339.15,0.9866185879,1.33915
6000,339.2,0.9866816615,1.3392
6000,339.25,0.9867447318,1.33925
6000,339.3,0.9868077986,1.3393
6000,339.35,0.986870862,1.33935
6000,339.4,0.986933922,1.3394
6000,339.45,0.9869969786,1.33945
6000,339.5,0.9870600317,1.3395
6000,339.55,0.9871230814,1.33955
6000,339.6,0.9871861276,1.3396
6000,339.65,0.9872491704,1.33965
6000,339.7,0.9873122096,1.3397
6000,339.75,0.9873752454,1.33975
6000,339.8,0.9874382777,1.3398
6000,339.85,0.9875013064,1.33985
6000,339.9,0.9875643316,1.3399
6000,339.95,0.9876273533,1.33995
6000,340,0.9876903715,1.34
6000,340.05,0.987753386,1.34005
6000,340.1,0.987816397,1.3401
6000,340.15,0.9878794044,1.34015
6000,340.2,0.9879424083,1.3402
6000,340.25,0.9880054085,1.34025
6000,340.3,0.9880684051,1.3403
6000,340.35,0.9881313981,1.34035
6000,340.4,0.9881943874,1.3404
6000,340.45,0.9882573731,1.34045
6000,340.5,0.9883203551,1.3405
6000,340.55,0.9883833335,1.34055
6000,340.6,0.9884463082,1.3406
6000,340.65,0.9885092792,1.34065
6000,340.7,0.9885722465,1.3407
6000,340.75,0.98863521,1.34075
6000,340.8,0.9886981699,1.3408
6000,340.85,0.988761126,1.34085
6000,340.9,0.9888240784,1.3409
6000,340.95,0.988887027,1.34095
6000,341,0.9889499718,1.341
6000,341.05,0.9890129128,1.34105
6000,341.1,0.9890758501,1.3411
6000,341.15,0.9891387836,1.34115
6000,341.2,0.9892017132,1.3412
6000,341.25,0.989264639,1.34125
6000,341.3,0.989327561,1.3413
6000,341.35,0.9893904791,1.34135
6000,341.4,0.9894533934,1.3414
6000,341.45,0.9895163038,1.34145
6000,341.5,0.9895792104,1.3415
6000,341.55,0.989642113,1.34155
6000,341.6,0.9897050117,1.3416
6000,341.65,0.9897679066,1.34165
6000,341.7,0.9898307975,1.3417
6000,341.75,0.9898936844,1.34175
6000,341.8,0.9899565674,1.3418
6000,341.85,0.9900194465,1.34185
6000,341.9,0.9900823216,1.3419
6000,341.95,0.9901451927,1.34195
6000,342,0.9902080598,1.342
6000,342.05,0.9902709229,1.34205
6000,342.1,0.9903337821,1.3421
6000,342.15,0.9903966371,1.34215
6000,342.2,0.9904594882,1.3422
6000,342.25,0.9905223352,1.34225
6000,342.3,0.9905851781,1.3423
6000,342.35,0.990648017,1.34235
6000,342.4,0.9907108518,1.3424
6000,342.45,0.9907736825,1.34245
6000,342.5,0.9908365091,1.3425
6000,342.55,0.9908993316,1.34255
6000,342.6,0.99096215,1.3426
6000,342.65,0.9910249642,1.34265
6000,342.7,0.9910877743,1.3427
6000,342.75,0.9911505802,1.34275
6000,342.8,0.991213382,1.3428
6000,342.85,0.9912761796,1.34285
6000,342.9,0.991338973,1.3429
6000,342.95,0.9914017622,1.34295
6000,343,0.9914645472,1.343
6000,343.05,0.9915273279,1.34305
6000,343.1,0.9915901044,1.3431
6000,343.15,0.9916528767,1.34315
6000,343.2,0.9917156447,1.3432
6000,343.25,0.9917784085,1.34325
6000,343.3,0.991841168,1.3433
6000,343.35,0.9919039231,1.34335
6000,343.4,0.991966674,1.3434
6000,343.45,0.9920294206,1.34345
6000,343.5,0.9920921628,1.3435
6000,343.55,0.9921549007,1.34355
6000,343.6,0.9922176343,1.3436
6000,343.65,0.9922803635,1.34365
6000,343.7,0.9923430884,1.3437
6000,343.75,0.9924058088,1.34375
6000,343.8,0.9924685249,1.3438
6000,343.85,0.9925312366,1.34385
6000,343.9,0.9925939438,1.3439
6000,343.95,0.9926566467,1.34395
6000,344,0.9927193451,1.344
6000,344.05,0.992782039,1.34405
6000,344.1,0.9928447285,1.3441
6000,344.15,0.9929074135,1.34415
6000,344.2,0.9929700941,1.3442
6000,344.25,0.9930327701,1.34425
6000,344.3,0.9930954417,1.3443
6000,344.35,0.9931581087,1.34435
6000,344.4,0.9932207713,1.3444
6000,344.45,0.9932834292,1.34445
6000,344.5,0.9933460827,1.3445
6000,344.55,0.9934087316,1.34455
6000,344.6,0.9934713759,1.3446
6000,344.65,0.9935340156,1.34465
6000,344.7,0.9935966507,1.3447
6000,344.75,0.9936592813,1.34475
6000,344.8,0.9937219072,1.3448
6000,344.85,0.9937845285,1.34485
6000,344.9,0.9938471452,1.3449
6000,344.95,0.9939097572,1.34495
6000,345,0.9939723646,1.345
6000,345.05,0.9940349672,1.34505
6000,345.1,0.9940975653,1.3451
6000,345.15,0.9941601586,1.34515
6000,345.2,0.9942227472,1.3452
6000,345.25,0.9942853311,1.34525
6000,345.3,0.9943479103,1.3453
6000,345.35,0.9944104847,1.34535
6000,345.4,0.9944730544,1.3454
6000,345.45,0.9945356193,1.34545
6000,345.5,0.9945981795,1.3455
6000,345.55,0.9946607349,1.34555
6000,345.6,0.9947232855,1.3456
6000,345.65,0.9947858313,1.34565
6000,345.7,0.9948483723,1.3457
6000,345.75,0.9949109084,1.34575
6000,345.8,0.9949734397,1.3458
6000,345.85,0.9950359662,1.34585
6000,345.9,0.9950984878,1.3459
6000,345.95,0.9951610045,1.34595
6000,346,0.9952235164,1.346
6000,346.05,0.9952860233,1.34605
6000,346.1,0.9953485254,1.3461
6000,346.15,0.9954110225,1.34615
6000,346.2,0.9954735147,1.3462
6000,346.25,0.995536002,1.34625
6000,346.3,0.9955984844,1.3463
6000,346.35,0.9956609617,1.34635
6000,346.4,0.9957234341,1.3464
6000,346.45,0.9957859015,1.34645
6000,346.5,0.9958483639,1.3465
6000,346.55,0.9959108214,1.34655
6000,346.6,0.9959732738,1.3466
6000,346.65,0.9960357211,1.34665
6000,346.7,0.9960981635,1.3467
6000,346.75,0.9961606007,1.34675
6000,346.8,0.996223033,1.3468
6000,346.85,0.9962854601,1.34685
6000,346.9,0.9963478822,1.3469
6000,346.95,0.9964102991,1.34695
6000,347,0.996472711,1.347
6000,347.05,0.9965351177,1.34705
6000,347.1,0.9965975194,1.3471
6000,347.15,0.9966599158,1.34715
6000,347.2,0.9967223072,1.3472
6000,347.25,0.9967846933,1.34725
6000,347.3,0.9968470743,1.3473
6000,347.35,0.9969094501,1.34735
6000,347.4,0.9969718207,1.3474
6000,347.45,0.9970341861,1.34745
6000,347.5,0.9970965463,1.3475
6000,347.55,0.9971589013,1.34755
6000,347.6,0.997221251,1.3476
6000,347.65,0.9972835954,1.34765
6000,347.7,0.9973459346,1.3477
6000,347.75,0.9974082686,1.34775
6000,347.8,0.9974705972,1.3478
6000,347.85,0.9975329205,1.34785
6000,347.9,0.9975952386,1.3479
6000,347.95,0.9976575513,1.34795
6000,348,0.9977198587,1.348
6000,348.05,0.9977821607,1.34805
6000,348.1,0.9978444574,1.3481
6000,348.15,0.9979067487,1.34815
6000,348.2,0.9979690346,1.3482
6000,348.25,0.9980313152,1.34825
6000,348.3,0.9980935903,1.3483
6000,348.35,0.9981558601,1.34835
6000,348.4,0.9982181244,1.3484
6000,348.45,0.9982803833,1.34845
6000,348.5,0.9983426367,1.3485
6000,348.55,0.9984048847,1.34855
6000,348.6,0.9984671272,1.3486
6000,348.65,0.9985293643,1.34865
6000,348.7,0.9985915959,1.3487
6000,348.75,0.9986538219,1.34875
6000,348.8,0.9987160425,1.3488
6000,348.85,0.9987782575,1.34885
6000,348.9,0.998840467,1.3489
6000,348.95,0.9989026709,1.34895
6000,349,0.9989648693,1.349
6000,349.05,0.9990270621,1.34905
6000,349.1,0.9990892493,1.3491
6000,349.15,0.999151431,1.34915
6000,349.2,0.999213607,1.3492
6000,349.25,0.9992757775,1.34925
6000,349.3,0.9993379423,1.3493
6000,349.35,0.9994001015,1.34935
6000,349.4,0.999462255,1.3494
6000,349.45,0.9995244028,1.34945
6000,349.5,0.999586545,1.3495
6000,349.55,0.9996486816,1.34955
6000,349.6,0.9997108124,1.3496
6000,349.65,0.9997729375,1.34965
6000,349.7,0.9998350569,1.3497
6000,349.75,0.9998971706,1.34975
6000,349.8,0.9999592785,1.3498
6000,349.85,1.000021381,1.34985
6000,349.9,1.000083477,1.3499
6000,349.95,1.000145568,1.34995
6000,350,1.000207653,1.35
6000,350.05,1.000269732,1.35005
6000,350.1,1.000331805,1.3501
6000,350.15,1.000393872,1.35015
6000,350.2,1.000455934,1.3502
6000,350.25,1.00051799,1.35025
6000,350.3,1.00058004,1.3503
6000,350.35,1.000642084,1.35035
6000,350.4,1.000704122,1.3504
6000,350.45,1.000766154,1.35045
6000,350.5,1.000828181,1.3505
6000,350.55,1.000890201,1.35055
6000,350.6,1.000952216,1.3506
6000,350.65,1.001014225,1.35065
6000,350.7,1.001076227,1.3507
6000,350.75,1.001138224,1.35075
6000,350.8,1.001200215,1.3508
6000,350.85,1.0012622,1.35085
6000,350.9,1.001324179,1.3509
6000,350.95,1.001386151,1.35095
6000,351,1.001448118,1.351
6000,351.05,1.001510079,1.35105
6000,351.1,1.001572034,1.3511
6000,351.15,1.001633983,1.35115
6000,351.2,1.001695925,1.3512
6000,351.25,1.001757862,1.35125
6000,351.3,1.001819792,1.3513
6000,351.35,1.001881717,1.35135
6000,351.4,1.001943635,1.3514
6000,351.45,1.002005548,1.35145
6000,351.5,1.002067454,1.3515
6000,351.55,1.002129354,1.35155
6000,351.6,1.002191247,1.3516
6000,351.65,1.002253135,1.35165
6000,351.7,1.002315017,1.3517
6000,351.75,1.002376892,1.35175
6000,351.8,1.002438761,1.3518
6000,351.85,1.002500624,1.35185
6000,351.9,1.002562481,1.3519
6000,351.95,1.002624331,1.35195
6000,352,1.002686175,1.352
6000,352.05,1.002748014,1.35205
6000,352.1,1.002809845,1.3521
6000,352.15,1.002871671,1.35215
6000,352.2,1.00293349,1.3522
6000,352.25,1.002995303,1.35225
6000,352.3,1.003057109,1.3523
6000,352.35,1.00311891,1.35235
6000,352.4,1.003180704,1.3524
6000,352.45,1.003242491,1.35245
6000,352.5,1.003304273,1.3525
6000,352.55,1.003366047,1.35255
6000,352.6,1.003427816,1.3526
6000,352.65,1.003489578,1.35265
6000,352.7,1.003551334,1.3527
6000,352.75,1.003613083,1.35275
6000,352.8,1.003674826,1.3528
6000,352.85,1.003736563,1.35285
6000,352.9,1.003798293,1.3529
6000,352.95,1.003860016,1.35295
6000,353,1.003921733,1.353
6000,353.05,1.003983444,1.35305
6000,353.1,1.004045148,1.3531
6000,353.15,1.004106846,1.35315
6000,353.2,1.004168537,1.3532
6000,353.25,1.004230222,1.35325
6000,353.3,1.0042919,1.3533
6000,353.35,1.004353571,1.35335
6000,353.4,1.004415236,1.3534
6000,353.45,1.004476895,1.35345
6000,353.5,1.004538547,1.3535
6000,353.55,1.004600192,1.35355
6000,353.6,1.004661831,1.3536
6000,353.65,1.004723463,1.35365
6000,353.7,1.004785088,1.3537
6000,353.75,1.004846707,1.35375
6000,353.8,1.004908319,1.3538
6000,353.85,1.004969924,1.35385
6000,353.9,1.005031523,1.3539
6000,353.95,1.005093115,1.35395
6000,354,1.005154701,1.354
6000,354.05,1.00521628,1.35405
6000,354.1,1.005277852,1.3541
6000,354.15,1.005339417,1.35415
6000,354.2,1.005400975,1.3542
6000,354.25,1.005462527,1.35425
6000,354.3,1.005524072,1.3543
6000,354.35,1.005585611,1.35435
6000,354.4,1.005647142,1.3544
6000,354.45,1.005708667,1.35445
6000,354.5,1.005770185,1.3545
6000,354.55,1.005831696,1.35455
6000,354.6,1.0058932,1.3546
6000,354.65,1.005954697,1.35465
6000,354.7,1.006016188,1.3547
6000,354.75,1.006077672,1.35475
6000,354.8,1.006139148,1.3548
6000,354.85,1.006200618,1.35485
6000,354.9,1.006262081,1.3549
6000,354.95,1.006323537,1.35495
6000,355,1.006384987,1.355
6000,355.05,1.006446429,1.35505
6000,355.1,1.006507864,1.3551
6000,355.15,1.006569292,1.35515
6000,355.2,1.006630714,1.3552
6000,355.25,1.006692128,1.35525
6000,355.3,1.006753536,1.3553
6000,355.35,1.006814936,1.35535
6000,355.4,1.00687633,1.3554
6000,355.45,1.006937716,1.35545
6000,355.5,1.006999095,1.3555
6000,355.55,1.007060468,1.35555
6000,355.6,1.007121833,1.3556
6000,355.65,1.007183191,1.35565
6000,355.7,1.007244542,1.3557
6000,355.75,1.007305886,1.35575
6000,355.8,1.007367223,1.3558
6000,355.85,1.007428553,1.35585
6000,355.9,1.007489875,1.3559
6000,355.95,1.007551191,1.35595
6000,356,1.007612499,1.356
6000,356.05,1.0076738,1.35605
6000,356.1,1.007735094,1.3561
6000,356.15,1.007796381,1.35615
6000,356.2,1.007857661,1.3562
6000,356.25,1.007918933,1.35625
6000,356.3,1.007980199,1.3563
6000,356.35,1.008041457,1.35635
6000,356.4,1.008102707,1.3564
6000,356.45,1.008163951,1.35645
6000,356.5,1.008225187,1.3565
6000,356.55,1.008286416,1.35655
6000,356.6,1.008347638,1.3566
6000,356.65,1.008408852,1.35665
6000,356.7,1.008470059,1.3567
6000,356.75,1.008531259,1.35675
6000,356.8,1.008592451,1.3568
6000,356.85,1.008653636,1.35685
6000,356.9,1.008714814,1.3569
6000,356.95,1.008775984,1.35695
6000,357,1.008837147,1.357
6000,357.05,1.008898303,1.35705
6000,357.1,1.008959451,1.3571
6000,357.15,1.009020592,1.35715
6000,357.2,1.009081725,1.3572
6000,357.25,1.009142851,1.35725
6000,357.3,1.009203969,1.3573
6000,357.35,1.00926508,1.35735
6000,357.4,1.009326184,1.3574
6000,357.45,1.00938728,1.35745
6000,357.5,1.009448368,1.3575
6000,357.55,1.009509449,1.35755
6000,357.6,1.009570523,1.3576
6000,357.65,1.009631589,1.35765
6000,357.7,1.009692647,1.3577
6000,357.75,1.009753698,1.35775
6000,357.8,1.009814741,1.3578
6000,357.85,1.009875777,1.35785
6000,357.9,1.009936805,1.3579
6000,357.95,1.009997826,1.35795
6000,358,1.010058839,1.358
6000,358.05,1.010119844,1.35805
6000,358.1,1.010180842,1.3581
6000,358.15,1.010241832,1.35815
6000,358.2,1.010302814,1.3582
6000,358.25,1.010363789,1.35825
6000,358.3,1.010424756,1.3583
6000,358.35,1.010485715,1.35835
6000,358.4,1.010546667,1.3584
6000,358.45,1.010607611,1.35845
6000,358.5,1.010668547,1.3585
6000,358.55,1.010729475,1.35855
6000,358.6,1.010790396,1.3586
6000,358.65,1.010851309,1.35865
6000,358.7,1.010912214,1.3587
6000,358.75,1.010973112,1.35875
6000,358.8,1.011034001,1.3588
6000,358.85,1.011094883,1.35885
6000,358.9,1.011155757,1.3589
6000,358.95,1.011216623,1.35895
6000,359,1.011277482,1.359
6000,359.05,1.011338332,1.35905
6000,359.1,1.011399175,1.3591
6000,359.15,1.01146001,1.35915
6000,359.2,1.011520836,1.3592
6000,359.25,1.011581655,1.35925
6000,359.3,1.011642466,1.3593
6000,359.35,1.01170327,1.35935
6000,359.4,1.011764065,1.3594
6000,359.45,1.011824852,1.35945
6000,359.5,1.011885631,1.3595
6000,359.55,1.011946403,1.35955
6000,359.6,1.012007166,1.3596
6000,359.65,1.012067921,1.35965
6000,359.7,1.012128669,1.3597
6000,359.75,1.012189408,1.35975
6000,359.8,1.01225014,1.3598
6000,359.85,1.012310863,1.35985
6000,359.9,1.012371578,1.3599
6000,359.95,1.012432285,1.35995
6000,360,1.012492984,1.36
6000,360.05,1.012553676,1.36005
6000,360.1,1.012614358,1.3601
6000,360.15,1.012675033,1.36015
6000,360.2,1.0127357,1.3602
6000,360.25,1.012796359,1.36025
6000,360.3,1.012857009,1.3603
6000,360.35,1.012917651,1.36035
6000,360.4,1.012978286,1.3604
6000,360.45,1.013038912,1.36045
6000,360.5,1.013099529,1.3605
6000,360.55,1.013160139,1.36055
6000,360.6,1.01322074,1.3606
6000,360.65,1.013281334,1.36065
6000,360.7,1.013341919,1.3607
6000,360.75,1.013402495,1.36075
6000,360.8,1.013463064,1.3608
6000,360.85,1.013523624,1.36085
6000,360.9,1.013584176,1.3609
6000,360.95,1.013644719,1.36095
6000,361,1.013705255,1.361
6000,361.05,1.013765782,1.36105
6000,361.1,1.0138263,1.3611
6000,361.15,1.013886811,1.36115
6000,361.2,1.013947313,1.3612
6000,361.25,1.014007806,1.36125
6000,361.3,1.014068292,1.3613
6000,361.35,1.014128769,1.36135
6000,361.4,1.014189237,1.3614
6000,361.45,1.014249697,1.36145
6000,361.5,1.014310149,1.3615
6000,361.55,1.014370592,1.36155
6000,361.6,1.014431027,1.3616
6000,361.65,1.014491453,1.36165
6000,361.7,1.014551871,1.3617
6000,361.75,1.014612281,1.36175
6000,361.8,1.014672682,1.3618
6000,361.85,1.014733074,1.36185
6000,361.9,1.014793458,1.3619
6000,361.95,1.014853834,1.36195
6000,362,1.0149142,1.362
6000,362.05,1.014974559,1.36205
6000,362.1,1.015034909,1.3621
6000,362.15,1.01509525,1.36215
6000,362.2,1.015155582,1.3622
6000,362.25,1.015215907,1.36225
6000,362.3,1.015276222,1.3623
6000,362.35,1.015336529,1.36235
6000,362.4,1.015396827,1.3624
6000,362.45,1.015457117,1.36245
6000,362.5,1.015517398,1.3625
6000,362.55,1.01557767,1.36255
6000,362.6,1.015637934,1.3626
6000,362.65,1.015698189,1.36265
6000,362.7,1.015758435,1.3627
6000,362.75,1.015818672,1.36275
6000,362.8,1.015878901,1.3628
6000,362.85,1.015939121,1.36285
6000,362.9,1.015999333,1.3629
6000,362.95,1.016059535,1.36295
6000,363,1.016119729,1.363
6000,363.05,1.016179914,1.36305
6000,363.1,1.01624009,1.3631
6000,363.15,1.016300258,1.36315
6000,363.2,1.016360417,1.3632
6000,363.25,1.016420567,1.36325
6000,363.3,1.016480708,1.3633
6000,363.35,1.01654084,1.36335
6000,363.4,1.016600963,1.3634
6000,363.45,1.016661078,1.36345
6000,363.5,1.016721183,1.3635
6000,363.55,1.01678128,1.36355
6000,363.6,1.016841368,1.3636
6000,363.65,1.016901447,1.36365
6000,363.7,1.016961517,1.3637
6000,363.75,1.017021578,1.36375
6000,363.8,1.01708163,1.3638
6000,363.85,1.017141673,1.36385
6000,363.9,1.017201707,1.3639
6000,363.95,1.017261732,1.36395
6000,364,1.017321748,1.364
6000,364.05,1.017381756,1.36405
6000,364.1,1.017441754,1.3641
6000,364.15,1.017501743,1.36415
6000,364.2,1.017561723,1.3642
6000,364.25,1.017621694,1.36425
6000,364.3,1.017681656,1.3643
6000,364.35,1.017741609,1.36435
6000,364.4,1.017801553,1.3644
6000,364.45,1.017861487,1.36445
6000,364.5,1.017921413,1.3645
6000,364.55,1.01798133,1.36455
6000,364.6,1.018041237,1.3646
6000,364.65,1.018101135,1.36465
6000,364.7,1.018161024,1.3647
6000,364.75,1.018220904,1.36475
6000,364.8,1.018280775,1.3648
6000,364.85,1.018340636,1.36485
6000,364.9,1.018400489,1.3649
6000,364.95,1.018460332,1.36495
6000,365,1.018520166,1.365
6000,365.05,1.01857999,1.36505
6000,365.1,1.018639806,1.3651
6000,365.15,1.018699612,1.36515
6000,365.2,1.018759409,1.3652
6000,365.25,1.018819197,1.36525
6000,365.3,1.018878975,1.3653
6000,365.35,1.018938744,1.36535
6000,365.4,1.018998504,1.3654
6000,365.45,1.019058254,1.36545
6000,365.5,1.019117995,1.3655
6000,365.55,1.019177727,1.36555
6000,365.6,1.019237449,1.3656
6000,365.65,1.019297162,1.36565
6000,365.7,1.019356865,1.3657
6000,365.75,1.01941656,1.36575
6000,365.8,1.019476244,1.3658
6000,365.85,1.01953592,1.36585
6000,365.9,1.019595586,1.3659
6000,365.95,1.019655242,1.36595
6000,366,1.019714889,1.366
6000,366.05,1.019774526,1.36605
6000,366.1,1.019834154,1.3661
6000,366.15,1.019893773,1.36615
6000,366.2,1.019953382,1.3662
6000,366.25,1.020012982,1.36625
6000,366.3,1.020072572,1.3663
6000,366.35,1.020132152,1.36635
6000,366.4,1.020191723,1.3664
6000,366.45,1.020251284,1.36645
6000,366.5,1.020310836,1.3665
6000,366.55,1.020370378,1.36655
6000,366.6,1.020429911,1.3666
6000,366.65,1.020489434,1.36665
6000,366.7,1.020548947,1.3667
6000,366.75,1.020608451,1.36675
6000,366.8,1.020667945,1.3668
6000,366.85,1.02072743,1.36685
6000,366.9,1.020786905,1.3669
6000,366.95,1.02084637,1.36695
6000,367,1.020905825,1.367
6000,367.05,1.020965271,1.36705
6000,367.1,1.021024707,1.3671
6000,367.15,1.021084133,1.36715
6000,367.2,1.02114355,1.3672
6000,367.25,1.021202957,1.36725
6000,367.3,1.021262354,1.3673
6000,367.35,1.021321741,1.36735
6000,367.4,1.021381119,1.3674
6000,367.45,1.021440486,1.36745
6000,367.5,1.021499844,1.3675
6000,367.55,1.021559192,1.36755
6000,367.6,1.021618531,1.3676
6000,367.65,1.021677859,1.36765
6000,367.7,1.021737178,1.3677
6000,367.75,1.021796486,1.36775
6000,367.8,1.021855785,1.3678
6000,367.85,1.021915074,1.36785
6000,367.9,1.021974353,1.3679
6000,367.95,1.022033623,1.36795
6000,368,1.022092882,1.368
6000,368.05,1.022152131,1.36805
6000,368.1,1.022211371,1.3681
6000,368.15,1.0222706,1.36815
6000,368.2,1.022329819,1.3682
6000,368.25,1.022389029,1.36825
6000,368.3,1.022448228,1.3683
6000,368.35,1.022507418,1.36835
6000,368.4,1.022566597,1.3684
6000,368.45,1.022625767,1.36845
6000,368.5,1.022684926,1.3685
6000,368.55,1.022744076,1.36855
6000,368.6,1.022803215,1.3686
6000,368.65,1.022862344,1.36865
6000,368.7,1.022921464,1.3687
6000,368.75,1.022980573,1.36875
6000,368.8,1.023039672,1.3688
6000,368.85,1.023098761,1.36885
6000,368.9,1.023157839,1.3689
6000,368.95,1.023216908,1.36895
6000,369,1.023275966,1.369
6000,369.05,1.023335015,1.36905
6000,369.1,1.023394053,1.3691
6000,369.15,1.023453081,1.36915
6000,369.2,1.023512098,1.3692
6000,369.25,1.023571106,1.36925
6000,369.3,1.023630103,1.3693
6000,369.35,1.02368909,1.36935
6000,369.4,1.023748067,1.3694
6000,369.45,1.023807034,1.36945
6000,369.5,1.02386599,1.3695
6000,369.55,1.023924936,1.36955
6000,369.6,1.023983872,1.3696
6000,369.65,1.024042797,1.36965
6000,369.7,1.024101713,1.3697
6000,369.75,1.024160617,1.36975
6000,369.8,1.024219512,1.3698
6000,369.85,1.024278396,1.36985
6000,369.9,1.02433727,1.3699
6000,369.95,1.024396133,1.36995
6000,370,1.024454986,1.37
6000,370.05,1.024513829,1.37005
6000,370.1,1.024572661,1.3701
6000,370.15,1.024631483,1.37015
6000,370.2,1.024690294,1.3702
6000,370.25,1.024749095,1.37025
6000,370.3,1.024807886,1.3703
6000,370.35,1.024866666,1.37035
6000,370.4,1.024925435,1.3704
6000,370.45,1.024984194,1.37045
6000,370.5,1.025042943,1.3705
6000,370.55,1.025101681,1.37055
6000,370.6,1.025160408,1.3706
6000,370.65,1.025219125,1.37065
6000,370.7,1.025277832,1.3707
6000,370.75,1.025336528,1.37075
6000,370.8,1.025395213,1.3708
6000,370.85,1.025453888,1.37085
6000,370.9,1.025512552,1.3709
6000,370.95,1.025571206,1.37095
6000,371,1.025629849,1.371
6000,371.05,1.025688481,1.37105
6000,371.1,1.025747103,1.3711
6000,371.15,1.025805714,1.37115
6000,371.2,1.025864314,1.3712
6000,371.25,1.025922904,1.37125
6000,371.3,1.025981483,1.3713
6000,371.35,1.026040051,1.37135
6000,371.4,1.026098609,1.3714
6000,371.45,1.026157156,1.37145
6000,371.5,1.026215692,1.3715
6000,371.55,1.026274217,1.37155
6000,371.6,1.026332732,1.3716
6000,371.65,1.026391236,1.37165
6000,371.7,1.026449729,1.3717
6000,371.75,1.026508211,1.37175
6000,371.8,1.026566683,1.3718
6000,371.85,1.026625144,1.37185
6000,371.9,1.026683594,1.3719
6000,371.95,1.026742033,1.37195
6000,372,1.026800461,1.372
6000,372.05,1.026858878,1.37205
6000,372.1,1.026917285,1.3721
6000,372.15,1.026975681,1.37215
6000,372.2,1.027034065,1.3722
6000,372.25,1.027092439,1.37225
6000,372.3,1.027150802,1.3723
6000,372.35,1.027209154,1.37235
6000,372.4,1.027267495,1.3724
6000,372.45,1.027325825,1.37245
6000,372.5,1.027384145,1.3725
6000,372.55,1.027442453,1.37255
6000,372.6,1.02750075,1.3726
6000,372.65,1.027559036,1.37265
6000,372.7,1.027617311,1.3727
6000,372.75,1.027675576,1.37275
6000,372.8,1.027733829,1.3728
6000,372.85,1.027792071,1.37285
6000,372.9,1.027850302,1.3729
6000,372.95,1.027908522,1.37295
6000,373,1.027966731,1.373
6000,373.05,1.028024929,1.37305
6000,373.1,1.028083116,1.3731
6000,373.15,1.028141291,1.37315
6000,373.2,1.028199456,1.3732
6000,373.25,1.028257609,1.37325
6000,373.3,1.028315751,1.3733
6000,373.35,1.028373882,1.37335
6000,373.4,1.028432002,1.3734
6000,373.45,1.028490111,1.37345
6000,373.5,1.028548209,1.3735
6000,373.55,1.028606295,1.37355
6000,373.6,1.02866437,1.3736
6000,373.65,1.028722434,1.37365
6000,373.7,1.028780487,1.3737
6000,373.75,1.028838528,1.37375
6000,373.8,1.028896558,1.3738
6000,373.85,1.028954577,1.37385
6000,373.9,1.029012584,1.3739
6000,373.95,1.029070581,1.37395
6000,374,1.029128566,1.374
6000,374.05,1.029186539,1.37405
6000,374.1,1.029244502,1.3741
6000,374.15,1.029302453,1.37415
6000,374.2,1.029360392,1.3742
6000,374.25,1.029418321,1.37425
6000,374.3,1.029476238,1.3743
6000,374.35,1.029534143,1.37435
6000,374.4,1.029592037,1.3744
6000,374.45,1.02964992,1.37445
6000,374.5,1.029707791,1.3745
6000,374.55,1.029765651,1.37455
6000,374.6,1.029823499,1.3746
6000,374.65,1.029881336,1.37465
6000,374.7,1.029939162,1.3747
6000,374.75,1.029996976,1.37475
6000,374.8,1.030054778,1.3748
6000,374.85,1.030112569,1.37485
6000,374.9,1.030170349,1.3749
6000,374.95,1.030228117,1.37495
6000,375,1.030285873,1.375
6000,375.05,1.030343618,1.37505
6000,375.1,1.030401351,1.3751
6000,375.15,1.030459073,1.37515
6000,375.2,1.030516783,1.3752
6000,375.25,1.030574481,1.37525
6000,375.3,1.030632168,1.3753
6000,375.35,1.030689844,1.37535
6000,375.4,1.030747507,1.3754
6000,375.45,1.030805159,1.37545
6000,375.5,1.0308628,1.3755
6000,375.55,1.030920428,1.37555
6000,375.6,1.030978046,1.3756
6000,375.65,1.031035651,1.37565
6000,375.7,1.031093245,1.3757
6000,375.75,1.031150826,1.37575
6000,375.8,1.031208397,1.3758
6000,375.85,1.031265955,1.37585
6000,375.9,1.031323502,1.3759
6000,375.95,1.031381037,1.37595
6000,376,1.03143856,1.376
6000,376.05,1.031496071,1.37605
6000,376.1,1.031553571,1.3761
6000,376.15,1.031611059,1.37615
6000,376.2,1.031668535,1.3762
6000,376.25,1.031725999,1.37625
6000,376.3,1.031783451,1.3763
6000,376.35,1.031840892,1.37635
6000,376.4,1.031898321,1.3764
6000,376.45,1.031955737,1.37645
6000,376.5,1.032013142,1.3765
6000,376.55,1.032070535,1.37655
6000,376.6,1.032127916,1.3766
6000,376.65,1.032185285,1.37665
6000,376.7,1.032242643,1.3767
6000,376.75,1.032299988,1.37675
6000,376.8,1.032357321,1.3768
6000,376.85,1.032414643,1.37685
6000,376.9,1.032471952,1.3769
6000,376.95,1.032529249,1.37695
6000,377,1.032586535,1.377
6000,377.05,1.032643808,1.37705
6000,377.1,1.03270107,1.3771
6000,377.15,1.032758319,1.37715
6000,377.2,1.032815556,1.3772
6000,377.25,1.032872781,1.37725
6000,377.3,1.032929994,1.3773
6000,377.35,1.032987196,1.37735
6000,377.4,1.033044385,1.3774
6000,377.45,1.033101561,1.37745
6000,377.5,1.033158726,1.3775
6000,377.55,1.033215879,1.37755
6000,377.6,1.033273019,1.3776
6000,377.65,1.033330148,1.37765
6000,377.7,1.033387264,1.3777
6000,377.75,1.033444368,1.37775
6000,377.8,1.03350146,1.3778
6000,377.85,1.033558539,1.37785
6000,377.9,1.033615607,1.3779
6000,377.95,1.033672662,1.37795
6000,378,1.033729705,1.378
6000,378.05,1.033786736,1.37805
6000,378.1,1.033843754,1.3781
6000,378.15,1.03390076,1.37815
6000,378.2,1.033957754,1.3782
6000,378.25,1.034014736,1.37825
6000,378.3,1.034071705,1.3783
6000,378.35,1.034128662,1.37835
6000,378.4,1.034185607,1.3784
6000,378.45,1.034242539,1.37845
6000,378.5,1.034299459,1.3785
6000,378.55,1.034356367,1.37855
6000,378.6,1.034413262,1.3786
6000,378.65,1.034470145,1.37865
6000,378.7,1.034527016,1.3787
6000,378.75,1.034583874,1.37875
6000,378.8,1.03464072,1.3788
6000,378.85,1.034697553,1.37885
6000,378.9,1.034754374,1.3789
6000,378.95,1.034811182,1.37895
6000,379,1.034867978,1.379
6000,379.05,1.034924761,1.37905
6000,379.1,1.034981532,1.3791
6000,379.15,1.035038291,1.37915
6000,379.2,1.035095037,1.3792
6000,379.25,1.03515177,1.37925
6000,379.3,1.035208491,1.3793
6000,379.35,1.0352652,1.37935
6000,379.4,1.035321896,1.3794
6000,379.45,1.035378579,1.37945
6000,379.5,1.035435249,1.3795
6000,379.55,1.035491908,1.37955
6000,379.6,1.035548553,1.3796
6000,379.65,1.035605186,1.37965
6000,379.7,1.035661806,1.3797
6000,379.75,1.035718414,1.37975
6000,379.8,1.035775009,1.3798
6000,379.85,1.035831591,1.37985
6000,379.9,1.035888161,1.3799
6000,379.95,1.035944718,1.37995
6000,380,1.036001262,1.38
6000,380.05,1.036057794,1.38005
6000,380.1,1.036114313,1.3801
6000,380.15,1.036170819,1.38015
6000,380.2,1.036227312,1.3802
6000,380.25,1.036283793,1.38025
6000,380.3,1.036340261,1.3803
6000,380.35,1.036396716,1.38035
6000,380.4,1.036453158,1.3804
6000,380.45,1.036509588,1.38045
6000,380.5,1.036566005,1.3805
6000,380.55,1.036622409,1.38055
6000,380.6,1.0366788,1.3806
6000,380.65,1.036735178,1.38065
6000,380.7,1.036791544,1.3807
6000,380.75,1.036847896,1.38075
6000,380.8,1.036904236,1.3808
6000,380.85,1.036960563,1.38085
6000,380.9,1.037016877,1.3809
6000,380.95,1.037073178,1.38095
6000,381,1.037129466,1.381
6000,381.05,1.037185741,1.38105
6000,381.1,1.037242003,1.3811
6000,381.15,1.037298252,1.38115
6000,381.2,1.037354489,1.3812
6000,381.25,1.037410712,1.38125
6000,381.3,1.037466922,1.3813
6000,381.35,1.03752312,1.38135
6000,381.4,1.037579304,1.3814
6000,381.45,1.037635475,1.38145
6000,381.5,1.037691633,1.3815
6000,381.55,1.037747779,1.38155
6000,381.6,1.037803911,1.3816
6000,381.65,1.03786003,1.38165
6000,381.7,1.037916136,1.3817
6000,381.75,1.037972229,1.38175
6000,381.8,1.038028308,1.3818
6000,381.85,1.038084375,1.38185
6000,381.9,1.038140429,1.3819
6000,381.95,1.038196469,1.38195
6000,382,1.038252496,1.382
6000,382.05,1.03830851,1.38205
6000,382.1,1.038364511,1.3821
6000,382.15,1.038420499,1.38215
6000,382.2,1.038476474,1.3822
6000,382.25,1.038532435,1.38225
6000,382.3,1.038588383,1.3823
6000,382.35,1.038644318,1.38235
6000,382.4,1.03870024,1.3824
6000,382.45,1.038756148,1.38245
6000,382.5,1.038812043,1.3825
6000,382.55,1.038867925,1.38255
6000,382.6,1.038923794,1.3826
6000,382.65,1.038979649,1.38265
6000,382.7,1.039035491,1.3827
6000,382.75,1.03909132,1.38275
6000,382.8,1.039147135,1.3828
6000,382.85,1.039202937,1.38285
6000,382.9,1.039258726,1.3829
6000,382.95,1.039314501,1.38295
6000,383,1.039370263,1.383
6000,383.05,1.039426011,1.38305
6000,383.1,1.039481746,1.3831
6000,383.15,1.039537468,1.38315
6000,383.2,1.039593176,1.3832
6000,383.25,1.039648871,1.38325
6000,383.3,1.039704552,1.3833
6000,383.35,1.03976022,1.38335
6000,383.4,1.039815875,1.3834
6000,383.45,1.039871516,1.38345
6000,383.5,1.039927143,1.3835
6000,383.55,1.039982757,1.38355
6000,383.6,1.040038358,1.3836
6000,383.65,1.040093945,1.38365
6000,383.7,1.040149518,1.3837
6000,383.75,1.040205078,1.38375
6000,383.8,1.040260624,1.3838
6000,383.85,1.040316157,1.38385
6000,383.9,1.040371676,1.3839
6000,383.95,1.040427181,1.38395
6000,384,1.040482673,1.384
6000,384.05,1.040538152,1.38405
6000,384.1,1.040593616,1.3841
6000,384.15,1.040649067,1.38415
6000,384.2,1.040704505,1.3842
6000,384.25,1.040759928,1.38425
6000,384.3,1.040815338,1.3843
6000,384.35,1.040870735,1.38435
6000,384.4,1.040926117,1.3844
6000,384.45,1.040981486,1.38445
6000,384.5,1.041036842,1.3845
6000,384.55,1.041092183,1.38455
6000,384.6,1.041147511,1.3846
6000,384.65,1.041202825,1.38465
6000,384.7,1.041258125,1.3847
6000,384.75,1.041313412,1.38475
6000,384.8,1.041368684,1.3848
6000,384.85,1.041423943,1.38485
6000,384.9,1.041479188,1.3849
6000,384.95,1.041534419,1.38495
6000,385,1.041589637,1.385
6000,385.05,1.04164484,1.38505
6000,385.1,1.04170003,1.3851
6000,385.15,1.041755206,1.38515
6000,385.2,1.041810368,1.3852
6000,385.25,1.041865516,1.38525
6000,385.3,1.04192065,1.3853
6000,385.35,1.04197577,1.38535
6000,385.4,1.042030876,1.3854
6000,385.45,1.042085969,1.38545
6000,385.5,1.042141047,1.3855
6000,385.55,1.042196112,1.38555
6000,385.6,1.042251162,1.3856
6000,385.65,1.042306199,1.38565
6000,385.7,1.042361221,1.3857
6000,385.75,1.04241623,1.38575
6000,385.8,1.042471224,1.3858
6000,385.85,1.042526205,1.38585
6000,385.9,1.042581171,1.3859
6000,385.95,1.042636123,1.38595
6000,386,1.042691062,1.386
6000,386.05,1.042745986,1.38605
6000,386.1,1.042800896,1.3861
6000,386.15,1.042855792,1.38615
6000,386.2,1.042910674,1.3862
6000,386.25,1.042965542,1.38625
6000,386.3,1.043020396,1.3863
6000,386.35,1.043075235,1.38635
6000,386.4,1.043130061,1.3864
6000,386.45,1.043184872,1.38645
6000,386.5,1.043239669,1.3865
6000,386.55,1.043294452,1.38655
6000,386.6,1.043349221,1.3866
6000,386.65,1.043403975,1.38665
6000,386.7,1.043458715,1.3867
6000,386.75,1.043513441,1.38675
6000,386.8,1.043568153,1.3868
6000,386.85,1.043622851,1.38685
6000,386.9,1.043677534,1.3869
6000,386.95,1.043732203,1.38695
6000,387,1.043786858,1.387
6000,387.05,1.043841498,1.38705
6000,387.1,1.043896124,1.3871
6000,387.15,1.043950736,1.38715
6000,387.2,1.044005333,1.3872
6000,387.25,1.044059916,1.38725
6000,387.3,1.044114485,1.3873
6000,387.35,1.044169039,1.38735
6000,387.4,1.044223579,1.3874
6000,387.45,1.044278105,1.38745
6000,387.5,1.044332616,1.3875
6000,387.55,1.044387113,1.38755
6000,387.6,1.044441595,1.3876
6000,387.65,1.044496063,1.38765
6000,387.7,1.044550517,1.3877
6000,387.75,1.044604956,1.38775
6000,387.8,1.04465938,1.3878
6000,387.85,1.04471379,1.38785
6000,387.9,1.044768186,1.3879
6000,387.95,1.044822567,1.38795
6000,388,1.044876933,1.388
6000,388.05,1.044931285,1.38805
6000,388.1,1.044985623,1.3881
6000,388.15,1.045039946,1.38815
6000,388.2,1.045094254,1.3882
6000,388.25,1.045148548,1.38825
6000,388.3,1.045202827,1.3883
6000,388.35,1.045257092,1.38835
6000,388.4,1.045311342,1.3884
6000,388.45,1.045365577,1.38845
6000,388.5,1.045419798,1.3885
6000,388.55,1.045474004,1.38855
6000,388.6,1.045528196,1.3886
6000,388.65,1.045582372,1.38865
6000,388.7,1.045636535,1.3887
6000,388.75,1.045690682,1.38875
6000,388.8,1.045744815,1.3888
6000,388.85,1.045798933,1.38885
6000,388.9,1.045853036,1.3889
6000,388.95,1.045907125,1.38895
6000,389,1.045961199,1.389
6000,389.05,1.046015258,1.38905
6000,389.1,1.046069302,1.3891
6000,389.15,1.046123332,1.38915
6000,389.2,1.046177346,1.3892
6000,389.25,1.046231346,1.38925
6000,389.3,1.046285332,1.3893
6000,389.35,1.046339302,1.38935
6000,389.4,1.046393258,1.3894
6000,389.45,1.046447198,1.38945
6000,389.5,1.046501124,1.3895
6000,389.55,1.046555035,1.38955
6000,389.6,1.046608931,1.3896
6000,389.65,1.046662812,1.38965
6000,389.7,1.046716679,1.3897
6000,389.75,1.04677053,1.38975
6000,389.8,1.046824367,1.3898
6000,389.85,1.046878188,1.38985
6000,389.9,1.046931995,1.3899
6000,389.95,1.046985786,1.38995
6000,390,1.047039563,1.39
6000,390.05,1.047093325,1.39005
6000,390.1,1.047147072,1.3901
6000,390.15,1.047200803,1.39015
6000,390.2,1.04725452,1.3902
6000,390.25,1.047308222,1.39025
6000,390.3,1.047361908,1.3903
6000,390.35,1.04741558,1.39035
6000,390.4,1.047469236,1.3904
6000,390.45,1.047522878,1.39045
6000,390.5,1.047576504,1.3905
6000,390.55,1.047630116,1.39055
6000,390.6,1.047683712,1.3906
6000,390.65,1.047737293,1.39065
6000,390.7,1.047790859,1.3907
6000,390.75,1.04784441,1.39075
6000,390.8,1.047897946,1.3908
6000,390.85,1.047951466,1.39085
6000,390.9,1.048004972,1.3909
6000,390.95,1.048058462,1.39095
6000,391,1.048111937,1.391
6000,391.05,1.048165397,1.39105
6000,391.1,1.048218841,1.3911
6000,391.15,1.048272271,1.39115
6000,391.2,1.048325685,1.3912
6000,391.25,1.048379084,1.39125
6000,391.3,1.048432467,1.3913
6000,391.35,1.048485836,1.39135
6000,391.4,1.048539189,1.3914
6000,391.45,1.048592526,1.39145
6000,391.5,1.048645849,1.3915
6000,391.55,1.048699156,1.39155
6000,391.6,1.048752448,1.3916
6000,391.65,1.048805724,1.39165
6000,391.7,1.048858986,1.3917
6000,391.75,1.048912231,1.39175
6000,391.8,1.048965462,1.3918
6000,391.85,1.049018677,1.39185
6000,391.9,1.049071877,1.3919
6000,391.95,1.049125061,1.39195
6000,392,1.04917823,1.392
6000,392.05,1.049231383,1.39205
6000,392.1,1.049284521,1.3921
6000,392.15,1.049337644,1.39215
6000,392.2,1.049390751,1.3922
6000,392.25,1.049443842,1.39225
6000,392.3,1.049496919,1.3923
6000,392.35,1.049549979,1.39235
6000,392.4,1.049603024,1.3924
6000,392.45,1.049656054,1.39245
6000,392.5,1.049709068,1.3925
6000,392.55,1.049762067,1.39255
6000,392.6,1.04981505,1.3926
6000,392.65,1.049868017,1.39265
6000,392.7,1.049920969,1.3927
6000,392.75,1.049973905,1.39275
6000,392.8,1.050026826,1.3928
6000,392.85,1.050079731,1.39285
6000,392.9,1.050132621,1.3929
6000,392.95,1.050185494,1.39295
6000,393,1.050238353,1.393
6000,393.05,1.050291195,1.39305
6000,393.1,1.050344022,1.3931
6000,393.15,1.050396833,1.39315
6000,393.2,1.050449629,1.3932
6000,393.25,1.050502409,1.39325
6000,393.3,1.050555173,1.3933
6000,393.35,1.050607921,1.39335
6000,393.4,1.050660654,1.3934
6000,393.45,1.050713371,1.39345
6000,393.5,1.050766072,1.3935
6000,393.55,1.050818758,1.39355
6000,393.6,1.050871428,1.3936
6000,393.65,1.050924081,1.39365
6000,393.7,1.05097672,1.3937
6000,393.75,1.051029342,1.39375
6000,393.8,1.051081948,1.3938
6000,393.85,1.051134539,1.39385
6000,393.9,1.051187114,1.3939
6000,393.95,1.051239673,1.39395
6000,394,1.051292216,1.394
6000,394.05,1.051344743,1.39405
6000,394.1,1.051397255,1.3941
6000,394.15,1.05144975,1.39415
6000,394.2,1.05150223,1.3942
6000,394.25,1.051554694,1.39425
6000,394.3,1.051607141,1.3943
6000,394.35,1.051659573,1.39435
6000,394.4,1.051711989,1.3944
6000,394.45,1.051764389,1.39445
6000,394.5,1.051816773,1.3945
6000,394.55,1.051869141,1.39455
6000,394.6,1.051921493,1.3946
6000,394.65,1.051973829,1.39465
6000,394.7,1.052026149,1.3947
6000,394.75,1.052078453,1.39475
6000,394.8,1.05213074,1.3948
6000,394.85,1.052183012,1.39485
6000,394.9,1.052235268,1.3949
6000,394.95,1.052287508,1.39495
6000,395,1.052339731,1.395
6000,395.05,1.052391939,1.39505
6000,395.1,1.05244413,1.3951
6000,395.15,1.052496306,1.39515
6000,395.2,1.052548465,1.3952
6000,395.25,1.052600608,1.39525
6000,395.3,1.052652735,1.3953
6000,395.35,1.052704845,1.39535
6000,395.4,1.05275694,1.3954
6000,395.45,1.052809018,1.39545
6000,395.5,1.052861081,1.3955
6000,395.55,1.052913127,1.39555
6000,395.6,1.052965156,1.3956
6000,395.65,1.05301717,1.39565
6000,395.7,1.053069167,1.3957
6000,395.75,1.053121148,1.39575
6000,395.8,1.053173113,1.3958
6000,395.85,1.053225062,1.39585
6000,395.9,1.053276994,1.3959
6000,395.95,1.05332891,1.39595
6000,396,1.05338081,1.396
6000,396.05,1.053432693,1.39605
6000,396.1,1.05348456,1.3961
6000,396.15,1.053536411,1.39615
6000,396.2,1.053588245,1.3962
6000,396.25,1.053640063,1.39625
6000,396.3,1.053691865,1.3963
6000,396.35,1.05374365,1.39635
6000,396.4,1.053795419,1.3964
6000,396.45,1.053847171,1.39645
6000,396.5,1.053898907,1.3965
6000,396.55,1.053950627,1.39655
6000,396.6,1.05400233,1.3966
6000,396.65,1.054054017,1.39665
6000,396.7,1.054105687,1.3967
6000,396.75,1.054157341,1.39675
6000,396.8,1.054208978,1.3968
6000,396.85,1.054260599,1.39685
6000,396.9,1.054312204,1.3969
6000,396.95,1.054363791,1.39695
6000,397,1.054415363,1.397
6000,397.05,1.054466918,1.39705
6000,397.1,1.054518456,1.3971
6000,397.15,1.054569977,1.39715
6000,397.2,1.054621483,1.3972
6000,397.25,1.054672971,1.39725
6000,397.3,1.054724443,1.3973
6000,397.35,1.054775898,1.39735
6000,397.4,1.054827337,1.3974
6000,397.45,1.054878759,1.39745
6000,397.5,1.054930165,1.3975
6000,397.55,1.054981554,1.39755
6000,397.6,1.055032926,1.3976
6000,397.65,1.055084281,1.39765
6000,397.7,1.05513562,1.3977
6000,397.75,1.055186942,1.39775
6000,397.8,1.055238248,1.3978
6000,397.85,1.055289537,1.39785
6000,397.9,1.055340809,1.3979
6000,397.95,1.055392064,1.39795
6000,398,1.055443303,1.398
6000,398.05,1.055494524,1.39805
6000,398.1,1.05554573,1.3981
6000,398.15,1.055596918,1.39815
6000,398.2,1.055648089,1.3982
6000,398.25,1.055699244,1.39825
6000,398.3,1.055750382,1.3983
6000,398.35,1.055801503,1.39835
6000,398.4,1.055852607,1.3984
6000,398.45,1.055903695,1.39845
6000,398.5,1.055954765,1.3985
6000,398.55,1.056005819,1.39855
6000,398.6,1.056056856,1.3986
6000,398.65,1.056107876,1.39865
6000,398.7,1.056158879,1.3987
6000,398.75,1.056209865,1.39875
6000,398.8,1.056260834,1.3988
6000,398.85,1.056311787,1.39885
6000,398.9,1.056362722,1.3989
6000,398.95,1.05641364,1.39895
6000,399,1.056464542,1.399
6000,399.05,1.056515426,1.39905
6000,399.1,1.056566294,1.3991
6000,399.15,1.056617144,1.39915
6000,399.2,1.056667978,1.3992
6000,399.25,1.056718794,1.39925
6000,399.3,1.056769594,1.3993
6000,399.35,1.056820376,1.39935
6000,399.4,1.056871142,1.3994
6000,399.45,1.05692189,1.39945
6000,399.5,1.056972621,1.3995
6000,399.55,1.057023335,1.39955
6000,399.6,1.057074033,1.3996
6000,399.65,1.057124713,1.39965
6000,399.7,1.057175375,1.3997
6000,399.75,1.057226021,1.39975
6000,399.8,1.05727665,1.3998
6000,399.85,1.057327261,1.39985
6000,399.9,1.057377856,1.3999
6000,399.95,1.057428433,1.39995
6000,400,1.057478993,1.4
6000,400.05,1.057529536,1.40005
6000,400.1,1.057580061,1.4001
6000,400.15,1.05763057,1.40015
6000,400.2,1.057681061,1.4002
6000,400.25,1.057731535,1.40025
6000,400.3,1.057781991,1.4003
6000,400.35,1.057832431,1.40035
6000,400.4,1.057882853,1.4004
6000,400.45,1.057933258,1.40045
6000,400.5,1.057983646,1.4005
6000,400.55,1.058034016,1.40055
6000,400.6,1.058084369,1.4006
6000,400.65,1.058134705,1.40065
6000,400.7,1.058185023,1.4007
6000,400.75,1.058235324,1.40075
6000,400.8,1.058285608,1.4008
6000,400.85,1.058335874,1.40085
6000,400.9,1.058386123,1.4009
6000,400.95,1.058436355,1.40095
6000,401,1.058486569,1.401
6000,401.05,1.058536766,1.40105
6000,401.1,1.058586945,1.4011
6000,401.15,1.058637107,1.40115
6000,401.2,1.058687252,1.4012
6000,401.25,1.058737379,1.40125
6000,401.3,1.058787488,1.4013
6000,401.35,1.05883758,1.40135
6000,401.4,1.058887655,1.4014
6000,401.45,1.058937712,1.40145
6000,401.5,1.058987752,1.4015
6000,401.55,1.059037774,1.40155
6000,401.6,1.059087779,1.4016
6000,401.65,1.059137766,1.40165
6000,401.7,1.059187735,1.4017
6000,401.75,1.059237687,1.40175
6000,401.8,1.059287622,1.4018
6000,401.85,1.059337539,1.40185
6000,401.9,1.059387438,1.4019
6000,401.95,1.059437319,1.40195
6000,402,1.059487184,1.402
6000,402.05,1.05953703,1.40205
6000,402.1,1.059586859,1.4021
6000,402.15,1.05963667,1.40215
6000,402.2,1.059686463,1.4022
6000,402.25,1.059736239,1.40225
6000,402.3,1.059785998,1.4023
6000,402.35,1.059835738,1.40235
6000,402.4,1.059885461,1.4024
6000,402.45,1.059935166,1.40245
6000,402.5,1.059984853,1.4025
6000,402.55,1.060034523,1.40255
6000,402.6,1.060084175,1.4026
6000,402.65,1.060133809,1.40265
6000,402.7,1.060183426,1.4027
6000,402.75,1.060233024,1.40275
6000,402.8,1.060282605,1.4028
6000,402.85,1.060332168,1.40285
6000,402.9,1.060381713,1.4029
6000,402.95,1.060431241,1.40295
6000,403,1.060480751,1.403
6000,403.05,1.060530242,1.40305
6000,403.1,1.060579716,1.4031
6000,403.15,1.060629172,1.40315
6000,403.2,1.060678611,1.4032
6000,403.25,1.060728031,1.40325
6000,403.3,1.060777434,1.4033
6000,403.35,1.060826818,1.40335
6000,403.4,1.060876185,1.4034
6000,403.45,1.060925534,1.40345
6000,403.5,1.060974864,1.4035
6000,403.55,1.061024177,1.40355
6000,403.6,1.061073472,1.4036
6000,403.65,1.061122749,1.40365
6000,403.7,1.061172008,1.4037
6000,403.75,1.061221249,1.40375
6000,403.8,1.061270472,1.4038
6000,403.85,1.061319677,1.40385
6000,403.9,1.061368864,1.4039
6000,403.95,1.061418033,1.40395
6000,404,1.061467184,1.404
6000,404.05,1.061516317,1.40405
6000,404.1,1.061565432,1.4041
6000,404.15,1.061614529,1.40415
6000,404.2,1.061663608,1.4042
6000,404.25,1.061712668,1.40425
6000,404.3,1.061761711,1.4043
6000,404.35,1.061810735,1.40435
6000,404.4,1.061859741,1.4044
6000,404.45,1.06190873,1.40445
6000,404.5,1.0619577,1.4045
6000,404.55,1.062006651,1.40455
6000,404.6,1.062055585,1.4046
6000,404.65,1.062104501,1.40465
6000,404.7,1.062153398,1.4047
6000,404.75,1.062202277,1.40475
6000,404.8,1.062251138,1.4048
6000,404.85,1.062299981,1.40485
6000,404.9,1.062348805,1.4049
6000,404.95,1.062397611,1.40495
6000,405,1.062446399,1.405
6000,405.05,1.062495169,1.40505
6000,405.1,1.062543921,1.4051
6000,405.15,1.062592654,1.40515
6000,405.2,1.062641369,1.4052
6000,405.25,1.062690065,1.40525
6000,405.3,1.062738744,1.4053
6000,405.35,1.062787404,1.40535
6000,405.4,1.062836045,1.4054
6000,405.45,1.062884669,1.40545
6000,405.5,1.062933274,1.4055
6000,405.55,1.06298186,1.40555
6000,405.6,1.063030428,1.4056
6000,405.65,1.063078978,1.40565
6000,405.7,1.06312751,1.4057
6000,405.75,1.063176023,1.40575
6000,405.8,1.063224517,1.4058
6000,405.85,1.063272993,1.40585
6000,405.9,1.063321451,1.4059
6000,405.95,1.06336989,1.40595
6000,406,1.063418311,1.406
6000,406.05,1.063466714,1.40605
6000,406.1,1.063515097,1.4061
6000,406.15,1.063563463,1.40615
6000,406.2,1.06361181,1.4062
6000,406.25,1.063660138,1.40625
6000,406.3,1.063708448,1.4063
6000,406.35,1.063756739,1.40635
6000,406.4,1.063805012,1.4064
6000,406.45,1.063853266,1.40645
6000,406.5,1.063901502,1.4065
6000,406.55,1.063949719,1.40655
6000,406.6,1.063997917,1.4066
6000,406.65,1.064046097,1.40665
6000,406.7,1.064094259,1.4067
6000,406.75,1.064142401,1.40675
6000,406.8,1.064190525,1.4068
6000,406.85,1.064238631,1.40685
6000,406.9,1.064286717,1.4069
6000,406.95,1.064334786,1.40695
6000,407,1.064382835,1.407
6000,407.05,1.064430866,1.40705
6000,407.1,1.064478878,1.4071
6000,407.15,1.064526871,1.40715
6000,407.2,1.064574846,1.4072
6000,407.25,1.064622802,1.40725
6000,407.3,1.064670739,1.4073
6000,407.35,1.064718657,1.40735
6000,407.4,1.064766557,1.4074
6000,407.45,1.064814438,1.40745
6000,407.5,1.0648623,1.4075
6000,407.55,1.064910144,1.40755
6000,407.6,1.064957968,1.4076
6000,407.65,1.065005774,1.40765
6000,407.7,1.065053561,1.4077
6000,407.75,1.065101329,1.40775
6000,407.8,1.065149078,1.4078
6000,407.85,1.065196809,1.40785
6000,407.9,1.06524452,1.4079
6000,407.95,1.065292213,1.40795
6000,408,1.065339887,1.408
6000,408.05,1.065387542,1.40805
6000,408.1,1.065435178,1.4081
6000,408.15,1.065482795,1.40815
6000,408.2,1.065530393,1.4082
6000,408.25,1.065577973,1.40825
6000,408.3,1.065625533,1.4083
6000,408.35,1.065673075,1.40835
6000,408.4,1.065720597,1.4084
6000,408.45,1.065768101,1.40845
6000,408.5,1.065815585,1.4085
6000,408.55,1.065863051,1.40855
6000,408.6,1.065910497,1.4086
6000,408.65,1.065957925,1.40865
6000,408.7,1.066005333,1.4087
6000,408.75,1.066052722,1.40875
6000,408.8,1.066100093,1.4088
6000,408.85,1.066147444,1.40885
6000,408.9,1.066194776,1.4089
6000,408.95,1.06624209,1.40895
6000,409,1.066289384,1.409
6000,409.05,1.066336659,1.40905
6000,409.1,1.066383915,1.4091
6000,409.15,1.066431152,1.40915
6000,409.2,1.066478369,1.4092
6000,409.25,1.066525568,1.40925
6000,409.3,1.066572747,1.4093
6000,409.35,1.066619907,1.40935
6000,409.4,1.066667048,1.4094
6000,409.45,1.06671417,1.40945
6000,409.5,1.066761273,1.4095
6000,409.55,1.066808356,1.40955
6000,409.6,1.066855421,1.4096
6000,409.65,1.066902466,1.40965
6000,409.7,1.066949492,1.4097
6000,409.75,1.066996498,1.40975
6000,409.8,1.067043486,1.4098
6000,409.85,1.067090454,1.40985
6000,409.9,1.067137402,1.4099
6000,409.95,1.067184332,1.40995
6000,410,1.067231242,1.41
6000,410.05,1.067278133,1.41005
6000,410.1,1.067325005,1.4101
6000,410.15,1.067371857,1.41015
6000,410.2,1.06741869,1.4102
6000,410.25,1.067465504,1.41025
6000,410.3,1.067512298,1.4103
6000,410.35,1.067559073,1.41035
6000,410.4,1.067605828,1.4104
6000,410.45,1.067652564,1.41045
6000,410.5,1.067699281,1.4105
6000,410.55,1.067745979,1.41055
6000,410.6,1.067792656,1.4106
6000,410.65,1.067839315,1.41065
6000,410.7,1.067885954,1.4107
6000,410.75,1.067932574,1.41075
6000,410.8,1.067979174,1.4108
6000,410.85,1.068025755,1.41085
6000,410.9,1.068072316,1.4109
6000,410.95,1.068118858,1.41095
6000,411,1.06816538,1.411
6000,411.05,1.068211882,1.41105
6000,411.1,1.068258366,1.4111
6000,411.15,1.068304829,1.41115
6000,411.2,1.068351274,1.4112
6000,411.25,1.068397698,1.41125
6000,411.3,1.068444103,1.4113
6000,411.35,1.068490489,1.41135
6000,411.4,1.068536855,1.4114
6000,411.45,1.068583201,1.41145
6000,411.5,1.068629528,1.4115
6000,411.55,1.068675835,1.41155
6000,411.6,1.068722122,1.4116
6000,411.65,1.06876839,1.41165
6000,411.7,1.068814638,1.4117
6000,411.75,1.068860867,1.41175
6000,411.8,1.068907076,1.4118
6000,411.85,1.068953265,1.41185
6000,411.9,1.068999434,1.4119
6000,411.95,1.069045584,1.41195
6000,412,1.069091714,1.412
6000,412.05,1.069137825,1.41205
6000,412.1,1.069183916,1.4121
6000,412.15,1.069229987,1.41215
6000,412.2,1.069276038,1.4122
6000,412.25,1.069322069,1.41225
6000,412.3,1.069368081,1.4123
6000,412.35,1.069414073,1.41235
6000,412.4,1.069460045,1.4124
6000,412.45,1.069505998,1.41245
6000,412.5,1.06955193,1.4125
6000,412.55,1.069597843,1.41255
6000,412.6,1.069643736,1.4126
6000,412.65,1.069689609,1.41265
6000,412.7,1.069735462,1.4127
6000,412.75,1.069781296,1.41275
6000,412.8,1.069827109,1.4128
6000,412.85,1.069872903,1.41285
6000,412.9,1.069918677,1.4129
6000,412.95,1.069964431,1.41295
6000,413,1.070010165,1.413
6000,413.05,1.070055879,1.41305
6000,413.1,1.070101573,1.4131
6000,413.15,1.070147247,1.41315
6000,413.2,1.070192902,1.4132
6000,413.25,1.070238536,1.41325
6000,413.3,1.07028415,1.4133
6000,413.35,1.070329745,1.41335
6000,413.4,1.070375319,1.4134
6000,413.45,1.070420874,1.41345
6000,413.5,1.070466408,1.4135
6000,413.55,1.070511922,1.41355
6000,413.6,1.070557417,1.4136
6000,413.65,1.070602891,1.41365
6000,413.7,1.070648346,1.4137
6000,413.75,1.07069378,1.41375
6000,413.8,1.070739194,1.4138
6000,413.85,1.070784588,1.41385
6000,413.9,1.070829962,1.4139
6000,413.95,1.070875316,1.41395
6000,414,1.07092065,1.414
6000,414.05,1.070965964,1.41405
6000,414.1,1.071011257,1.4141
6000,414.15,1.071056531,1.41415
6000,414.2,1.071101784,1.4142
6000,414.25,1.071147017,1.41425
6000,414.3,1.07119223,1.4143
6000,414.35,1.071237423,1.41435
6000,414.4,1.071282596,1.4144
6000,414.45,1.071327748,1.41445
6000,414.5,1.07137288,1.4145
6000,414.55,1.071417992,1.41455
6000,414.6,1.071463084,1.4146
6000,414.65,1.071508156,1.41465
6000,414.7,1.071553207,1.4147
6000,414.75,1.071598238,1.41475
6000,414.8,1.071643249,1.4148
6000,414.85,1.071688239,1.41485
6000,414.9,1.07173321,1.4149
6000,414.95,1.07177816,1.41495
6000,415,1.071823089,1.415
6000,415.05,1.071867999,1.41505
6000,415.1,1.071912888,1.4151
6000,415.15,1.071957756,1.41515
6000,415.2,1.072002605,1.4152
6000,415.25,1.072047433,1.41525
6000,415.3,1.07209224,1.4153
6000,415.35,1.072137027,1.41535
6000,415.4,1.072181794,1.4154
6000,415.45,1.072226541,1.41545
6000,415.5,1.072271267,1.4155
6000,415.55,1.072315972,1.41555
6000,415.6,1.072360658,1.4156
6000,415.65,1.072405322,1.41565
6000,415.7,1.072449967,1.4157
6000,415.75,1.072494591,1.41575
6000,415.8,1.072539194,1.4158
6000,415.85,1.072583777,1.41585
6000,415.9,1.072628339,1.4159
6000,415.95,1.072672881,1.41595
6000,416,1.072717403,1.416
6000,416.05,1.072761904,1.41605
6000,416.1,1.072806384,1.4161
6000,416.15,1.072850844,1.41615
6000,416.2,1.072895284,1.4162
6000,416.25,1.072939702,1.41625
6000,416.3,1.072984101,1.4163
6000,416.35,1.073028478,1.41635
6000,416.4,1.073072835,1.4164
6000,416.45,1.073117172,1.41645
6000,416.5,1.073161488,1.4165
6000,416.55,1.073205783,1.41655
6000,416.6,1.073250058,1.4166
6000,416.65,1.073294312,1.41665
6000,416.7,1.073338545,1.4167
6000,416.75,1.073382758,1.41675
6000,416.8,1.07342695,1.4168
6000,416.85,1.073471121,1.41685
6000,416.9,1.073515272,1.4169
6000,416.95,1.073559402,1.41695
6000,417,1.073603512,1.417
6000,417.05,1.0736476,1.41705
6000,417.1,1.073691668,1.4171
6000,417.15,1.073735715,1.41715
6000,417.2,1.073779742,1.4172
6000,417.25,1.073823748,1.41725
6000,417.3,1.073867733,1.4173
6000,417.35,1.073911697,1.41735
6000,417.4,1.07395564,1.4174
6000,417.45,1.073999563,1.41745
6000,417.5,1.074043465,1.4175
6000,417.55,1.074087346,1.41755
6000,417.6,1.074131206,1.4176
6000,417.65,1.074175045,1.41765
6000,417.7,1.074218864,1.4177
6000,417.75,1.074262661,1.41775
6000,417.8,1.074306438,1.4178
6000,417.85,1.074350194,1.41785
6000,417.9,1.074393929,1.4179
6000,417.95,1.074437643,1.41795
6000,418,1.074481337,1.418
6000,418.05,1.074525009,1.41805
6000,418.1,1.074568661,1.4181
6000,418.15,1.074612291,1.41815
6000,418.2,1.074655901,1.4182
6000,418.25,1.074699489,1.41825
6000,418.3,1.074743057,1.4183
6000,418.35,1.074786604,1.41835
6000,418.4,1.07483013,1.4184
6000,418.45,1.074873635,1.41845
6000,418.5,1.074917118,1.4185
6000,418.55,1.074960581,1.41855
6000,418.6,1.075004023,1.4186
6000,418.65,1.075047444,1.41865
6000,418.7,1.075090844,1.4187
6000,418.75,1.075134222,1.41875
6000,418.8,1.07517758,1.4188
6000,418.85,1.075220917,1.41885
6000,418.9,1.075264232,1.4189
6000,418.95,1.075307527,1.41895
6000,419,1.0753508,1.419
6000,419.05,1.075394052,1.41905
6000,419.1,1.075437283,1.4191
6000,419.15,1.075480493,1.41915
6000,419.2,1.075523682,1.4192
6000,419.25,1.07556685,1.41925
6000,419.3,1.075609997,1.4193
6000,419.35,1.075653122,1.41935
6000,419.4,1.075696227,1.4194
6000,419.45,1.07573931,1.41945
6000,419.5,1.075782372,1.4195
6000,419.55,1.075825412,1.41955
6000,419.6,1.075868432,1.4196
6000,419.65,1.07591143,1.41965
6000,419.7,1.075954407,1.4197
6000,419.75,1.075997363,1.41975
6000,419.8,1.076040298,1.4198
6000,419.85,1.076083211,1.41985
6000,419.9,1.076126103,1.4199
6000,419.95,1.076168974,1.41995
6000,420,1.076211824,1.42
6000,420.05,1.076254652,1.42005
6000,420.1,1.076297459,1.4201
6000,420.15,1.076340245,1.42015
6000,420.2,1.076383009,1.4202
6000,420.25,1.076425752,1.42025
6000,420.3,1.076468474,1.4203
6000,420.35,1.076511174,1.42035
6000,420.4,1.076553853,1.4204
6000,420.45,1.076596511,1.42045
6000,420.5,1.076639147,1.4205
6000,420.55,1.076681762,1.42055
6000,420.6,1.076724355,1.4206
6000,420.65,1.076766927,1.42065
6000,420.7,1.076809478,1.4207
6000,420.75,1.076852007,1.42075
6000,420.8,1.076894515,1.4208
6000,420.85,1.076937001,1.42085
6000,420.9,1.076979466,1.4209
6000,420.95,1.077021909,1.42095
6000,421,1.077064331,1.421
6000,421.05,1.077106732,1.42105
6000,421.1,1.077149111,1.4211
6000,421.15,1.077191468,1.42115
6000,421.2,1.077233804,1.4212
6000,421.25,1.077276119,1.42125
6000,421.3,1.077318411,1.4213
6000,421.35,1.077360683,1.42135
6000,421.4,1.077402933,1.4214
6000,421.45,1.077445161,1.42145
6000,421.5,1.077487368,1.4215
6000,421.55,1.077529553,1.42155
6000,421.6,1.077571716,1.4216
6000,421.65,1.077613858,1.42165
6000,421.7,1.077655978,1.4217
6000,421.75,1.077698077,1.42175
6000,421.8,1.077740154,1.4218
6000,421.85,1.07778221,1.42185
6000,421.9,1.077824244,1.4219
6000,421.95,1.077866256,1.42195
6000,422,1.077908246,1.422
6000,422.05,1.077950215,1.42205
6000,422.1,1.077992162,1.4221
6000,422.15,1.078034088,1.42215
6000,422.2,1.078075991,1.4222
6000,422.25,1.078117873,1.42225
6000,422.3,1.078159734,1.4223
6000,422.35,1.078201572,1.42235
6000,422.4,1.078243389,1.4224
6000,422.45,1.078285184,1.42245
6000,422.5,1.078326958,1.4225
6000,422.55,1.078368709,1.42255
6000,422.6,1.078410439,1.4226
6000,422.65,1.078452147,1.42265
6000,422.7,1.078493833,1.4227
6000,422.75,1.078535498,1.42275
6000,422.8,1.078577141,1.4228
6000,422.85,1.078618761,1.42285
6000,422.9,1.07866036,1.4229
6000,422.95,1.078701937,1.42295
6000,423,1.078743493,1.423
6000,423.05,1.078785026,1.42305
6000,423.1,1.078826538,1.4231
6000,423.15,1.078868027,1.42315
6000,423.2,1.078909495,1.4232
6000,423.25,1.078950941,1.42325
6000,423.3,1.078992365,1.4233
6000,423.35,1.079033767,1.42335
6000,423.4,1.079075147,1.4234
6000,423.45,1.079116506,1.42345
6000,423.5,1.079157842,1.4235
6000,423.55,1.079199156,1.42355
6000,423.6,1.079240449,1.4236
6000,423.65,1.079281719,1.42365
6000,423.7,1.079322967,1.4237
6000,423.75,1.079364194,1.42375
6000,423.8,1.079405398,1.4238
6000,423.85,1.079446581,1.42385
6000,423.9,1.079487741,1.4239
6000,423.95,1.07952888,1.42395
6000,424,1.079569996,1.424
6000,424.05,1.07961109,1.42405
6000,424.1,1.079652162,1.4241
6000,424.15,1.079693213,1.42415
6000,424.2,1.079734241,1.4242
6000,424.25,1.079775247,1.42425
6000,424.3,1.079816231,1.4243
6000,424.35,1.079857193,1.42435
6000,424.4,1.079898132,1.4244
6000,424.45,1.07993905,1.42445
6000,424.5,1.079979945,1.4245
6000,424.55,1.080020819,1.42455
6000,424.6,1.08006167,1.4246
6000,424.65,1.080102499,1.42465
6000,424.7,1.080143306,1.4247
6000,424.75,1.080184091,1.42475
6000,424.8,1.080224853,1.4248
6000,424.85,1.080265594,1.42485
6000,424.9,1.080306312,1.4249
6000,424.95,1.080347008,1.42495
6000,425,1.080387681,1.425
6000,425.05,1.080428333,1.42505
6000,425.1,1.080468962,1.4251
6000,425.15,1.080509569,1.42515
6000,425.2,1.080550154,1.4252
6000,425.25,1.080590716,1.42525
6000,425.3,1.080631256,1.4253
6000,425.35,1.080671774,1.42535
6000,425.4,1.08071227,1.4254
6000,425.45,1.080752743,1.42545
6000,425.5,1.080793194,1.4255
6000,425.55,1.080833623,1.42555
6000,425.6,1.080874029,1.4256
6000,425.65,1.080914413,1.42565
6000,425.7,1.080954775,1.4257
6000,425.75,1.080995114,1.42575
6000,425.8,1.081035431,1.4258
6000,425.85,1.081075726,1.42585
6000,425.9,1.081115998,1.4259
6000,425.95,1.081156248,1.42595
6000,426,1.081196475,1.426
6000,426.05,1.08123668,1.42605
6000,426.1,1.081276863,1.4261
6000,426.15,1.081317023,1.42615
6000,426.2,1.081357161,1.4262
6000,426.25,1.081397276,1.42625
6000,426.3,1.081437369,1.4263
6000,426.35,1.081477439,1.42635
6000,426.4,1.081517487,1.4264
6000,426.45,1.081557512,1.42645
6000,426.5,1.081597515,1.4265
6000,426.55,1.081637495,1.42655
6000,426.6,1.081677453,1.4266
6000,426.65,1.081717389,1.42665
6000,426.7,1.081757301,1.4267
6000,426.75,1.081797192,1.42675
6000,426.8,1.081837059,1.4268
6000,426.85,1.081876904,1.42685
6000,426.9,1.081916727,1.4269
6000,426.95,1.081956527,1.42695
6000,427,1.081996305,1.427
6000,427.05,1.082036059,1.42705
6000,427.1,1.082075792,1.4271
6000,427.15,1.082115501,1.42715
6000,427.2,1.082155188,1.4272
6000,427.25,1.082194853,1.42725
6000,427.3,1.082234494,1.4273
6000,427.35,1.082274114,1.42735
6000,427.4,1.08231371,1.4274
6000,427.45,1.082353284,1.42745
6000,427.5,1.082392835,1.4275
6000,427.55,1.082432363,1.42755
6000,427.6,1.082471869,1.4276
6000,427.65,1.082511352,1.42765
6000,427.7,1.082550812,1.4277
6000,427.75,1.08259025,1.42775
6000,427.8,1.082629665,1.4278
6000,427.85,1.082669057,1.42785
6000,427.9,1.082708426,1.4279
6000,427.95,1.082747773,1.42795
6000,428,1.082787097,1.428
6000,428.05,1.082826398,1.42805
6000,428.1,1.082865676,1.4281
6000,428.15,1.082904932,1.42815
6000,428.2,1.082944165,1.4282
6000,428.25,1.082983375,1.42825
6000,428.3,1.083022562,1.4283
6000,428.35,1.083061726,1.42835
6000,428.4,1.083100868,1.4284
6000,428.45,1.083139986,1.42845
6000,428.5,1.083179082,1.4285
6000,428.55,1.083218155,1.42855
6000,428.6,1.083257205,1.4286
6000,428.65,1.083296232,1.42865
6000,428.7,1.083335236,1.4287
6000,428.75,1.083374218,1.42875
6000,428.8,1.083413176,1.4288
6000,428.85,1.083452112,1.42885
6000,428.9,1.083491024,1.4289
6000,428.95,1.083529914,1.42895
6000,429,1.083568781,1.429
6000,429.05,1.083607625,1.42905
6000,429.1,1.083646446,1.4291
6000,429.15,1.083685243,1.42915
6000,429.2,1.083724018,1.4292
6000,429.25,1.08376277,1.42925
6000,429.3,1.083801499,1.4293
6000,429.35,1.083840205,1.42935
6000,429.4,1.083878888,1.4294
6000,429.45,1.083917548,1.42945
6000,429.5,1.083956185,1.4295
6000,429.55,1.083994799,1.42955
6000,429.6,1.08403339,1.4296
6000,429.65,1.084071957,1.42965
6000,429.7,1.084110502,1.4297
6000,429.75,1.084149024,1.42975
6000,429.8,1.084187522,1.4298
6000,429.85,1.084225998,1.42985
6000,429.9,1.08426445,1.4299
6000,429.95,1.084302879,1.42995
6000,430,1.084341285,1.43
6000,430.05,1.084379668,1.43005
6000,430.1,1.084418028,1.4301
6000,430.15,1.084456365,1.43015
6000,430.2,1.084494678,1.4302
6000,430.25,1.084532969,1.43025
6000,430.3,1.084571236,1.4303
6000,430.35,1.08460948,1.43035
6000,430.4,1.084647701,1.4304
6000,430.45,1.084685899,1.43045
6000,430.5,1.084724073,1.4305
6000,430.55,1.084762224,1.43055
6000,430.6,1.084800352,1.4306
6000,430.65,1.084838457,1.43065
6000,430.7,1.084876539,1.4307
6000,430.75,1.084914597,1.43075
6000,430.8,1.084952632,1.4308
6000,430.85,1.084990644,1.43085
6000,430.9,1.085028633,1.4309
6000,430.95,1.085066598,1.43095
6000,431,1.08510454,1.431
6000,431.05,1.085142459,1.43105
6000,431.1,1.085180354,1.4311
6000,431.15,1.085218226,1.43115
6000,431.2,1.085256075,1.4312
6000,431.25,1.0852939,1.43125
6000,431.3,1.085331702,1.4313
6000,431.35,1.085369481,1.43135
6000,431.4,1.085407236,1.4314
6000,431.45,1.085444968,1.43145
6000,431.5,1.085482677,1.4315
6000,431.55,1.085520362,1.43155
6000,431.6,1.085558024,1.4316
6000,431.65,1.085595662,1.43165
6000,431.7,1.085633277,1.4317
6000,431.75,1.085670869,1.43175
6000,431.8,1.085708437,1.4318
6000,431.85,1.085745982,1.43185
6000,431.9,1.085783503,1.4319
6000,431.95,1.085821001,1.43195
6000,432,1.085858475,1.432
6000,432.05,1.085895926,1.43205
6000,432.1,1.085933354,1.4321
6000,432.15,1.085970758,1.43215
6000,432.2,1.086008138,1.4322
6000,432.25,1.086045495,1.43225
6000,432.3,1.086082828,1.4323
6000,432.35,1.086120138,1.43235
6000,432.4,1.086157425,1.4324
6000,432.45,1.086194687,1.43245
6000,432.5,1.086231927,1.4325
6000,432.55,1.086269143,1.43255
6000,432.6,1.086306335,1.4326
6000,432.65,1.086343503,1.43265
6000,432.7,1.086380648,1.4327
6000,432.75,1.08641777,1.43275
6000,432.8,1.086454868,1.4328
6000,432.85,1.086491942,1.43285
6000,432.9,1.086528992,1.4329
6000,432.95,1.086566019,1.43295
6000,433,1.086603023,1.433
6000,433.05,1.086640002,1.43305
6000,433.1,1.086676958,1.4331
6000,433.15,1.086713891,1.43315
6000,433.2,1.0867508,1.4332
6000,433.25,1.086787685,1.43325
6000,433.3,1.086824546,1.4333
6000,433.35,1.086861384,1.43335
6000,433.4,1.086898198,1.4334
6000,433.45,1.086934988,1.43345
6000,433.5,1.086971755,1.4335
6000,433.55,1.087008498,1.43355
6000,433.6,1.087045217,1.4336
6000,433.65,1.087081912,1.43365
6000,433.7,1.087118584,1.4337
6000,433.75,1.087155231,1.43375
6000,433.8,1.087191856,1.4338
6000,433.85,1.087228456,1.43385
6000,433.9,1.087265032,1.4339
6000,433.95,1.087301585,1.43395
6000,434,1.087338114,1.434
6000,434.05,1.087374619,1.43405
6000,434.1,1.087411101,1.4341
6000,434.15,1.087447558,1.43415
6000,434.2,1.087483992,1.4342
6000,434.25,1.087520402,1.43425
6000,434.3,1.087556788,1.4343
6000,434.35,1.08759315,1.43435
6000,434.4,1.087629488,1.4344
6000,434.45,1.087665802,1.43445
6000,434.5,1.087702093,1.4345
6000,434.55,1.087738359,1.43455
6000,434.6,1.087774602,1.4346
6000,434.65,1.087810821,1.43465
6000,434.7,1.087847016,1.4347
6000,434.75,1.087883187,1.43475
6000,434.8,1.087919334,1.4348
6000,434.85,1.087955457,1.43485
6000,434.9,1.087991556,1.4349
6000,434.95,1.088027631,1.43495
6000,435,1.088063682,1.435
6000,435.05,1.08809971,1.43505
6000,435.1,1.088135713,1.4351
6000,435.15,1.088171692,1.43515
6000,435.2,1.088207647,1.4352
6000,435.25,1.088243579,1.43525
6000,435.3,1.088279486,1.4353
6000,435.35,1.088315369,1.43535
6000,435.4,1.088351228,1.4354
6000,435.45,1.088387063,1.43545
6000,435.5,1.088422874,1.4355
6000,435.55,1.088458661,1.43555
6000,435.6,1.088494424,1.4356
6000,435.65,1.088530163,1.43565
6000,435.7,1.088565878,1.4357
6000,435.75,1.088601569,1.43575
6000,435.8,1.088637236,1.4358
6000,435.85,1.088672878,1.43585
6000,435.9,1.088708496,1.4359
6000,435.95,1.088744091,1.43595
6000,436,1.088779661,1.436
6000,436.05,1.088815207,1.43605
6000,436.1,1.088850729,1.4361
6000,436.15,1.088886226,1.43615
6000,436.2,1.0889217,1.4362
6000,436.25,1.088957149,1.43625
6000,436.3,1.088992575,1.4363
6000,436.35,1.089027976,1.43635
6000,436.4,1.089063352,1.4364
6000,436.45,1.089098705,1.43645
6000,436.5,1.089134033,1.4365
6000,436.55,1.089169338,1.43655
6000,436.6,1.089204618,1.4366
6000,436.65,1.089239873,1.43665
6000,436.7,1.089275105,1.4367
6000,436.75,1.089310312,1.43675
6000,436.8,1.089345495,1.4368
6000,436.85,1.089380654,1.43685
6000,436.9,1.089415788,1.4369
6000,436.95,1.089450898,1.43695
6000,437,1.089485984,1.437
6000,437.05,1.089521046,1.43705
6000,437.1,1.089556083,1.4371
6000,437.15,1.089591096,1.43715
6000,437.2,1.089626084,1.4372
6000,437.25,1.089661049,1.43725
6000,437.3,1.089695988,1.4373
6000,437.35,1.089730904,1.43735
6000,437.4,1.089765795,1.4374
6000,437.45,1.089800662,1.43745
6000,437.5,1.089835504,1.4375
6000,437.55,1.089870323,1.43755
6000,437.6,1.089905116,1.4376
6000,437.65,1.089939886,1.43765
6000,437.7,1.08997463,1.4377
6000,437.75,1.090009351,1.43775
6000,437.8,1.090044047,1.4378
6000,437.85,1.090078719,1.43785
6000,437.9,1.090113366,1.4379
6000,437.95,1.090147989,1.43795
6000,438,1.090182587,1.438
6000,438.05,1.090217161,1.43805
6000,438.1,1.09025171,1.4381
6000,438.15,1.090286235,1.43815
6000,438.2,1.090320735,1.4382
6000,438.25,1.090355211,1.43825
6000,438.3,1.090389663,1.4383
6000,438.35,1.09042409,1.43835
6000,438.4,1.090458492,1.4384
6000,438.45,1.09049287,1.43845
6000,438.5,1.090527223,1.4385
6000,438.55,1.090561552,1.43855
6000,438.6,1.090595856,1.4386
6000,438.65,1.090630136,1.43865
6000,438.7,1.090664391,1.4387
6000,438.75,1.090698622,1.43875
6000,438.8,1.090732827,1.4388
6000,438.85,1.090767009,1.43885
6000,438.9,1.090801166,1.4389
6000,438.95,1.090835298,1.43895
6000,439,1.090869405,1.439
6000,439.05,1.090903488,1.43905
6000,439.1,1.090937547,1.4391
6000,439.15,1.09097158,1.43915
6000,439.2,1.091005589,1.4392
6000,439.25,1.091039574,1.43925
6000,439.3,1.091073534,1.4393
6000,439.35,1.091107469,1.43935
6000,439.4,1.091141379,1.4394
6000,439.45,1.091175265,1.43945
6000,439.5,1.091209126,1.4395
6000,439.55,1.091242962,1.43955
6000,439.6,1.091276774,1.4396
6000,439.65,1.091310561,1.43965
6000,439.7,1.091344323,1.4397
6000,439.75,1.09137806,1.43975
6000,439.8,1.091411773,1.4398
6000,439.85,1.091445461,1.43985
6000,439.9,1.091479124,1.4399
6000,439.95,1.091512763,1.43995
6000,440,1.091546376,1.44
6000,440.05,1.091579965,1.44005
6000,440.1,1.091613529,1.4401
6000,440.15,1.091647069,1.44015
6000,440.2,1.091680583,1.4402
6000,440.25,1.091714073,1.44025
6000,440.3,1.091747538,1.4403
6000,440.35,1.091780978,1.44035
6000,440.4,1.091814393,1.4404
6000,440.45,1.091847784,1.44045
6000,440.5,1.091881149,1.4405
6000,440.55,1.09191449,1.44055
6000,440.6,1.091947806,1.4406
6000,440.65,1.091981097,1.44065
6000,440.7,1.092014363,1.4407
6000,440.75,1.092047604,1.44075
6000,440.8,1.092080821,1.4408
6000,440.85,1.092114012,1.44085
6000,440.9,1.092147179,1.4409
6000,440.95,1.09218032,1.44095
6000,441,1.092213437,1.441
6000,441.05,1.092246529,1.44105
6000,441.1,1.092279596,1.4411
6000,441.15,1.092312638,1.44115
6000,441.2,1.092345655,1.4412
6000,441.25,1.092378647,1.44125
6000,441.3,1.092411614,1.4413
6000,441.35,1.092444556,1.44135
6000,441.4,1.092477473,1.4414
6000,441.45,1.092510365,1.44145
6000,441.5,1.092543232,1.4415
6000,441.55,1.092576074,1.44155
6000,441.6,1.092608891,1.4416
6000,441.65,1.092641683,1.44165
6000,441.7,1.09267445,1.4417
6000,441.75,1.092707192,1.44175
6000,441.8,1.092739909,1.4418
6000,441.85,1.092772601,1.44185
6000,441.9,1.092805268,1.4419
6000,441.95,1.09283791,1.44195
6000,442,1.092870526,1.442
6000,442.05,1.092903118,1.44205
6000,442.1,1.092935684,1.4421
6000,442.15,1.092968226,1.44215
6000,442.2,1.093000742,1.4422
6000,442.25,1.093033233,1.44225
6000,442.3,1.093065699,1.4423
6000,442.35,1.09309814,1.44235
6000,442.4,1.093130556,1.4424
6000,442.45,1.093162947,1.44245
6000,442.5,1.093195312,1.4425
6000,442.55,1.093227653,1.44255
6000,442.6,1.093259968,1.4426
6000,442.65,1.093292258,1.44265
6000,442.7,1.093324523,1.4427
6000,442.75,1.093356763,1.44275
6000,442.8,1.093388977,1.4428
6000,442.85,1.093421166,1.44285
6000,442.9,1.09345333,1.4429
6000,442.95,1.093485469,1.44295
6000,443,1.093517583,1.443
6000,443.05,1.093549671,1.44305
6000,443.1,1.093581734,1.4431
6000,443.15,1.093613772,1.44315
6000,443.2,1.093645785,1.4432
6000,443.25,1.093677772,1.44325
6000,443.3,1.093709735,1.4433
6000,443.35,1.093741671,1.44335
6000,443.4,1.093773583,1.4434
6000,443.45,1.093805469,1.44345
6000,443.5,1.09383733,1.4435
6000,443.55,1.093869166,1.44355
6000,443.6,1.093900976,1.4436
6000,443.65,1.093932761,1.44365
6000,443.7,1.093964521,1.4437
6000,443.75,1.093996255,1.44375
6000,443.8,1.094027964,1.4438
6000,443.85,1.094059648,1.44385
6000,443.9,1.094091307,1.4439
6000,443.95,1.094122939,1.44395
6000,444,1.094154547,1.444
6000,444.05,1.094186129,1.44405
6000,444.1,1.094217686,1.4441
6000,444.15,1.094249218,1.44415
6000,444.2,1.094280724,1.4442
6000,444.25,1.094312204,1.44425
6000,444.3,1.094343659,1.4443
6000,444.35,1.094375089,1.44435
6000,444.4,1.094406494,1.4444
6000,444.45,1.094437873,1.44445
6000,444.5,1.094469226,1.4445
6000,444.55,1.094500554,1.44455
6000,444.6,1.094531857,1.4446
6000,444.65,1.094563134,1.44465
6000,444.7,1.094594385,1.4447
6000,444.75,1.094625612,1.44475
6000,444.8,1.094656812,1.4448
6000,444.85,1.094687987,1.44485
6000,444.9,1.094719137,1.4449
6000,444.95,1.094750261,1.44495
6000,445,1.09478136,1.445
6000,445.05,1.094812433,1.44505
6000,445.1,1.094843481,1.4451
6000,445.15,1.094874503,1.44515
6000,445.2,1.094905499,1.4452
6000,445.25,1.09493647,1.44525
6000,445.3,1.094967415,1.4453
6000,445.35,1.094998335,1.44535
6000,445.4,1.09502923,1.4454
6000,445.45,1.095060098,1.44545
6000,445.5,1.095090941,1.4455
6000,445.55,1.095121759,1.44555
6000,445.6,1.095152551,1.4456
6000,445.65,1.095183317,1.44565
6000,445.7,1.095214058,1.4457
6000,445.75,1.095244773,1.44575
6000,445.8,1.095275462,1.4458
6000,445.85,1.095306126,1.44585
6000,445.9,1.095336764,1.4459
6000,445.95,1.095367376,1.44595
6000,446,1.095397963,1.446
6000,446.05,1.095428524,1.44605
6000,446.1,1.09545906,1.4461
6000,446.15,1.095489569,1.44615
6000,446.2,1.095520053,1.4462
6000,446.25,1.095550512,1.44625
6000,446.3,1.095580944,1.4463
6000,446.35,1.095611351,1.44635
6000,446.4,1.095641733,1.4464
6000,446.45,1.095672088,1.44645
6000,446.5,1.095702418,1.4465
6000,446.55,1.095732722,1.44655
6000,446.6,1.095763,1.4466
6000,446.65,1.095793253,1.44665
6000,446.7,1.09582348,1.4467
6000,446.75,1.095853681,1.44675
6000,446.8,1.095883856,1.4468
6000,446.85,1.095914005,1.44685
6000,446.9,1.095944129,1.4469
6000,446.95,1.095974227,1.44695
6000,447,1.096004299,1.447
6000,447.05,1.096034345,1.44705
6000,447.1,1.096064366,1.4471
6000,447.15,1.096094361,1.44715
6000,447.2,1.096124329,1.4472
6000,447.25,1.096154272,1.44725
6000,447.3,1.096184189,1.4473
6000,447.35,1.096214081,1.44735
6000,447.4,1.096243946,1.4474
6000,447.45,1.096273786,1.44745
6000,447.5,1.096303599,1.4475
6000,447.55,1.096333387,1.44755
6000,447.6,1.096363149,1.4476
6000,447.65,1.096392885,1.44765
6000,447.7,1.096422595,1.4477
6000,447.75,1.09645228,1.44775
6000,447.8,1.096481938,1.4478
6000,447.85,1.09651157,1.44785
6000,447.9,1.096541177,1.4479
6000,447.95,1.096570757,1.44795
6000,448,1.096600312,1.448
6000,448.05,1.096629841,1.44805
6000,448.1,1.096659343,1.4481
6000,448.15,1.09668882,1.44815
6000,448.2,1.096718271,1.4482
6000,448.25,1.096747696,1.44825
6000,448.3,1.096777094,1.4483
6000,448.35,1.096806467,1.44835
6000,448.4,1.096835814,1.4484
6000,448.45,1.096865135,1.44845
6000,448.5,1.09689443,1.4485
6000,448.55,1.096923698,1.44855
6000,448.6,1.096952941,1.4486
6000,448.65,1.096982158,1.44865
6000,448.7,1.097011349,1.4487
6000,448.75,1.097040513,1.44875
6000,448.8,1.097069652,1.4488
6000,448.85,1.097098764,1.44885
6000,448.9,1.097127851,1.4489
6000,448.95,1.097156911,1.44895
6000,449,1.097185946,1.449
6000,449.05,1.097214954,1.44905
6000,449.1,1.097243936,1.4491
6000,449.15,1.097272892,1.44915
6000,449.2,1.097301822,1.4492
6000,449.25,1.097330726,1.44925
6000,449.3,1.097359604,1.4493
6000,449.35,1.097388455,1.44935
6000,449.4,1.097417281,1.4494
6000,449.45,1.09744608,1.44945
6000,449.5,1.097474853,1.4495
6000,449.55,1.0975036,1.44955
6000,449.6,1.097532321,1.4496
6000,449.65,1.097561016,1.44965
6000,449.7,1.097589685,1.4497
6000,449.75,1.097618327,1.44975
6000,449.8,1.097646943,1.4498
6000,449.85,1.097675533,1.44985
6000,449.9,1.097704097,1.4499
6000,449.95,1.097732635,1.44995
6000,450,1.097761146,1.45
6000,450.05,1.097789631,1.45005
6000,450.1,1.09781809,1.4501
6000,450.15,1.097846523,1.45015
6000,450.2,1.097874929,1.4502
6000,450.25,1.097903309,1.45025
6000,450.3,1.097931663,1.4503
6000,450.35,1.097959991,1.45035
6000,450.4,1.097988293,1.4504
6000,450.45,1.098016568,1.45045
6000,450.5,1.098044817,1.4505
6000,450.55,1.098073039,1.45055
6000,450.6,1.098101236,1.4506
6000,450.65,1.098129406,1.45065
6000,450.7,1.098157549,1.4507
6000,450.75,1.098185667,1.45075
6000,450.8,1.098213758,1.4508
6000,450.85,1.098241823,1.45085
6000,450.9,1.098269861,1.4509
6000,450.95,1.098297873,1.45095
6000,451,1.098325859,1.451
6000,451.05,1.098353818,1.45105
6000,451.1,1.098381751,1.4511
6000,451.15,1.098409658,1.45115
6000,451.2,1.098437538,1.4512
6000,451.25,1.098465392,1.45125
6000,451.3,1.09849322,1.4513
6000,451.35,1.098521021,1.45135
6000,451.4,1.098548796,1.4514
6000,451.45,1.098576544,1.45145
6000,451.5,1.098604266,1.4515
6000,451.55,1.098631962,1.45155
6000,451.6,1.098659631,1.4516
6000,451.65,1.098687273,1.45165
6000,451.7,1.09871489,1.4517
6000,451.75,1.098742479,1.45175
6000,451.8,1.098770043,1.4518
6000,451.85,1.09879758,1.45185
6000,451.9,1.09882509,1.4519
6000,451.95,1.098852574,1.45195
6000,452,1.098880032,1.452
6000,452.05,1.098907463,1.45205
6000,452.1,1.098934867,1.4521
6000,452.15,1.098962245,1.45215
6000,452.2,1.098989597,1.4522
6000,452.25,1.099016922,1.45225
6000,452.3,1.09904422,1.4523
6000,452.35,1.099071492,1.45235
6000,452.4,1.099098738,1.4524
6000,452.45,1.099125957,1.45245
6000,452.5,1.099153149,1.4525
6000,452.55,1.099180315,1.45255
6000,452.6,1.099207455,1.4526
6000,452.65,1.099234567,1.45265
6000,452.7,1.099261654,1.4527
6000,452.75,1.099288713,1.45275
6000,452.8,1.099315746,1.4528
6000,452.85,1.099342753,1.45285
6000,452.9,1.099369733,1.4529
6000,452.95,1.099396686,1.45295
6000,453,1.099423613,1.453
6000,453.05,1.099450513,1.45305
6000,453.1,1.099477386,1.4531
6000,453.15,1.099504233,1.45315
6000,453.2,1.099531053,1.4532
6000,453.25,1.099557847,1.45325
6000,453.3,1.099584614,1.4533
6000,453.35,1.099611354,1.45335
6000,453.4,1.099638068,1.4534
6000,453.45,1.099664755,1.45345
6000,453.5,1.099691415,1.4535
6000,453.55,1.099718049,1.45355
6000,453.6,1.099744656,1.4536
6000,453.65,1.099771236,1.45365
6000,453.7,1.09979779,1.4537
6000,453.75,1.099824317,1.45375
6000,453.8,1.099850817,1.4538
6000,453.85,1.09987729,1.45385
6000,453.9,1.099903737,1.4539
6000,453.95,1.099930157,1.45395
6000,454,1.099956551,1.454
6000,454.05,1.099982917,1.45405
6000,454.1,1.100009257,1.4541
6000,454.15,1.10003557,1.45415
6000,454.2,1.100061857,1.4542
6000,454.25,1.100088116,1.45425
6000,454.3,1.100114349,1.4543
6000,454.35,1.100140555,1.45435
6000,454.4,1.100166735,1.4544
6000,454.45,1.100192887,1.45445
6000,454.5,1.100219013,1.4545
6000,454.55,1.100245112,1.45455
6000,454.6,1.100271184,1.4546
6000,454.65,1.100297229,1.45465
6000,454.7,1.100323248,1.4547
6000,454.75,1.10034924,1.45475
6000,454.8,1.100375205,1.4548
6000,454.85,1.100401143,1.45485
6000,454.9,1.100427054,1.4549
6000,454.95,1.100452938,1.45495
6000,455,1.100478796,1.455
6000,455.05,1.100504626,1.45505
6000,455.1,1.10053043,1.4551
6000,455.15,1.100556207,1.45515
6000,455.2,1.100581957,1.4552
6000,455.25,1.100607681,1.45525
6000,455.3,1.100633377,1.4553
6000,455.35,1.100659046,1.45535
6000,455.4,1.100684689,1.4554
6000,455.45,1.100710304,1.45545
6000,455.5,1.100735893,1.4555
6000,455.55,1.100761455,1.45555
6000,455.6,1.10078699,1.4556
6000,455.65,1.100812498,1.45565
6000,455.7,1.100837979,1.4557
6000,455.75,1.100863433,1.45575
6000,455.8,1.10088886,1.4558
6000,455.85,1.10091426,1.45585
6000,455.9,1.100939634,1.4559
6000,455.95,1.10096498,1.45595
6000,456,1.100990299,1.456
6000,456.05,1.101015591,1.45605
6000,456.1,1.101040857,1.4561
6000,456.15,1.101066095,1.45615
6000,456.2,1.101091306,1.4562
6000,456.25,1.101116491,1.45625
6000,456.3,1.101141648,1.4563
6000,456.35,1.101166779,1.45635
6000,456.4,1.101191882,1.4564
6000,456.45,1.101216958,1.45645
6000,456.5,1.101242007,1.4565
6000,456.55,1.10126703,1.45655
6000,456.6,1.101292025,1.4566
6000,456.65,1.101316993,1.45665
6000,456.7,1.101341934,1.4567
6000,456.75,1.101366848,1.45675
6000,456.8,1.101391735,1.4568
6000,456.85,1.101416595,1.45685
6000,456.9,1.101441428,1.4569
6000,456.95,1.101466234,1.45695
6000,457,1.101491012,1.457
6000,457.05,1.101515764,1.45705
6000,457.1,1.101540489,1.4571
6000,457.15,1.101565186,1.45715
6000,457.2,1.101589856,1.4572
6000,457.25,1.101614499,1.45725
6000,457.3,1.101639115,1.4573
6000,457.35,1.101663704,1.45735
6000,457.4,1.101688266,1.4574
6000,457.45,1.101712801,1.45745
6000,457.5,1.101737308,1.4575
6000,457.55,1.101761788,1.45755
6000,457.6,1.101786242,1.4576
6000,457.65,1.101810668,1.45765
6000,457.7,1.101835067,1.4577
6000,457.75,1.101859438,1.45775
6000,457.8,1.101883783,1.4578
6000,457.85,1.1019081,1.45785
6000,457.9,1.10193239,1.4579
6000,457.95,1.101956653,1.45795
6000,458,1.101980889,1.458
6000,458.05,1.102005097,1.45805
6000,458.1,1.102029279,1.4581
6000,458.15,1.102053433,1.45815
6000,458.2,1.102077559,1.4582
6000,458.25,1.102101659,1.45825
6000,458.3,1.102125731,1.4583
6000,458.35,1.102149777,1.45835
6000,458.4,1.102173795,1.4584
6000,458.45,1.102197785,1.45845
6000,458.5,1.102221749,1.4585
6000,458.55,1.102245685,1.45855
6000,458.6,1.102269594,1.4586
6000,458.65,1.102293475,1.45865
6000,458.7,1.102317329,1.4587
6000,458.75,1.102341156,1.45875
6000,458.8,1.102364956,1.4588
6000,458.85,1.102388728,1.45885
6000,458.9,1.102412474,1.4589
6000,458.95,1.102436191,1.45895
6000,459,1.102459882,1.459
6000,459.05,1.102483545,1.45905
6000,459.1,1.102507181,1.4591
6000,459.15,1.102530789,1.45915
6000,459.2,1.102554371,1.4592
6000,459.25,1.102577924,1.45925
6000,459.3,1.102601451,1.4593
6000,459.35,1.10262495,1.45935
6000,459.4,1.102648422,1.4594
6000,459.45,1.102671866,1.45945
6000,459.5,1.102695283,1.4595
6000,459.55,1.102718673,1.45955
6000,459.6,1.102742035,1.4596
6000,459.65,1.10276537,1.45965
6000,459.7,1.102788677,1.4597
6000,459.75,1.102811957,1.45975
6000,459.8,1.10283521,1.4598
6000,459.85,1.102858435,1.45985
6000,459.9,1.102881633,1.4599
6000,459.95,1.102904804,1.45995
6000,460,1.102927947,1.46
6000,460.05,1.102951062,1.46005
6000,460.1,1.10297415,1.4601
6000,460.15,1.102997211,1.46015
6000,460.2,1.103020244,1.4602
6000,460.25,1.10304325,1.46025
6000,460.3,1.103066228,1.4603
6000,460.35,1.103089179,1.46035
6000,460.4,1.103112103,1.4604
6000,460.45,1.103134999,1.46045
6000,460.5,1.103157867,1.4605
6000,460.55,1.103180708,1.46055
6000,460.6,1.103203522,1.4606
6000,460.65,1.103226308,1.46065
6000,460.7,1.103249066,1.4607
6000,460.75,1.103271797,1.46075
6000,460.8,1.1032945,1.4608
6000,460.85,1.103317176,1.46085
6000,460.9,1.103339825,1.4609
6000,460.95,1.103362446,1.46095
6000,461,1.103385039,1.461
6000,461.05,1.103407605,1.46105
6000,461.1,1.103430143,1.4611
6000,461.15,1.103452654,1.46115
6000,461.2,1.103475137,1.4612
6000,461.25,1.103497593,1.46125
6000,461.3,1.103520021,1.4613
6000,461.35,1.103542421,1.46135
6000,461.4,1.103564794,1.4614
6000,461.45,1.103587139,1.46145
6000,461.5,1.103609457,1.4615
6000,461.55,1.103631747,1.46155
6000,461.6,1.10365401,1.4616
6000,461.65,1.103676245,1.46165
6000,461.7,1.103698452,1.4617
6000,461.75,1.103720632,1.46175
6000,461.8,1.103742784,1.4618
6000,461.85,1.103764908,1.46185
6000,461.9,1.103787005,1.4619
6000,461.95,1.103809074,1.46195
6000,462,1.103831116,1.462
6000,462.05,1.10385313,1.46205
6000,462.1,1.103875116,1.4621
6000,462.15,1.103897075,1.46215
6000,462.2,1.103919006,1.4622
6000,462.25,1.103940909,1.46225
6000,462.3,1.103962784,1.4623
6000,462.35,1.103984632,1.46235
6000,462.4,1.104006453,1.4624
6000,462.45,1.104028245,1.46245
6000,462.5,1.10405001,1.4625
6000,462.55,1.104071747,1.46255
6000,462.6,1.104093457,1.4626
6000,462.65,1.104115139,1.46265
6000,462.7,1.104136793,1.4627
6000,462.75,1.104158419,1.46275
6000,462.8,1.104180018,1.4628
6000,462.85,1.104201589,1.46285
6000,462.9,1.104223132,1.4629
6000,462.95,1.104244647,1.46295
6000,463,1.104266135,1.463
6000,463.05,1.104287595,1.46305
6000,463.1,1.104309027,1.4631
6000,463.15,1.104330431,1.46315
6000,463.2,1.104351808,1.4632
6000,463.25,1.104373157,1.46325
6000,463.3,1.104394478,1.4633
6000,463.35,1.104415771,1.46335
6000,463.4,1.104437037,1.4634
6000,463.45,1.104458275,1.46345
6000,463.5,1.104479485,1.4635
6000,463.55,1.104500667,1.46355
6000,463.6,1.104521821,1.4636
6000,463.65,1.104542948,1.46365
6000,463.7,1.104564047,1.4637
6000,463.75,1.104585118,1.46375
6000,463.8,1.104606161,1.4638
6000,463.85,1.104627176,1.46385
6000,463.9,1.104648164,1.4639
6000,463.95,1.104669123,1.46395
6000,464,1.104690055,1.464
6000,464.05,1.104710959,1.46405
6000,464.1,1.104731835,1.4641
6000,464.15,1.104752683,1.46415
6000,464.2,1.104773504,1.4642
6000,464.25,1.104794296,1.46425
6000,464.3,1.104815061,1.4643
6000,464.35,1.104835797,1.46435
6000,464.4,1.104856506,1.4644
6000,464.45,1.104877187,1.46445
6000,464.5,1.10489784,1.4645
6000,464.55,1.104918466,1.46455
6000,464.6,1.104939063,1.4646
6000,464.65,1.104959632,1.46465
6000,464.7,1.104980174,1.4647
6000,464.75,1.105000687,1.46475
6000,464.8,1.105021173,1.4648
6000,464.85,1.105041631,1.46485
6000,464.9,1.10506206,1.4649
6000,464.95,1.105082462,1.46495
6000,465,1.105102836,1.465
6000,465.05,1.105123182,1.46505
6000,465.1,1.1051435,1.4651
6000,465.15,1.10516379,1.46515
6000,465.2,1.105184052,1.4652
6000,465.25,1.105204286,1.46525
6000,465.3,1.105224492,1.4653
6000,465.35,1.105244671,1.46535
6000,465.4,1.105264821,1.4654
6000,465.45,1.105284943,1.46545
6000,465.5,1.105305037,1.4655
6000,465.55,1.105325104,1.46555
6000,465.6,1.105345142,1.4656
6000,465.65,1.105365152,1.46565
6000,465.7,1.105385134,1.4657
6000,465.75,1.105405088,1.46575
6000,465.8,1.105425015,1.4658
6000,465.85,1.105444913,1.46585
6000,465.9,1.105464783,1.4659
6000,465.95,1.105484625,1.46595
6000,466,1.105504439,1.466
6000,466.05,1.105524225,1.46605
6000,466.1,1.105543983,1.4661
6000,466.15,1.105563713,1.46615
6000,466.2,1.105583415,1.4662
6000,466.25,1.105603089,1.46625
6000,466.3,1.105622735,1.4663
6000,466.35,1.105642352,1.46635
6000,466.4,1.105661942,1.4664
6000,466.45,1.105681503,1.46645
6000,466.5,1.105701037,1.4665
6000,466.55,1.105720542,1.46655
6000,466.6,1.10574002,1.4666
6000,466.65,1.105759469,1.46665
6000,466.7,1.10577889,1.4667
6000,466.75,1.105798283,1.46675
6000,466.8,1.105817648,1.4668
6000,466.85,1.105836984,1.46685
6000,466.9,1.105856293,1.4669
6000,466.95,1.105875574,1.46695
6000,467,1.105894826,1.467
6000,467.05,1.10591405,1.46705
6000,467.1,1.105933246,1.4671
6000,467.15,1.105952414,1.46715
6000,467.2,1.105971554,1.4672
6000,467.25,1.105990666,1.46725
6000,467.3,1.106009749,1.4673
6000,467.35,1.106028805,1.46735
6000,467.4,1.106047832,1.4674
6000,467.45,1.106066831,1.46745
6000,467.5,1.106085802,1.4675
6000,467.55,1.106104744,1.46755
6000,467.6,1.106123659,1.4676
6000,467.65,1.106142545,1.46765
6000,467.7,1.106161403,1.4677
6000,467.75,1.106180233,1.46775
6000,467.8,1.106199035,1.4678
6000,467.85,1.106217808,1.46785
6000,467.9,1.106236554,1.4679
6000,467.95,1.106255271,1.46795
6000,468,1.10627396,1.468
6000,468.05,1.10629262,1.46805
6000,468.1,1.106311253,1.4681
6000,468.15,1.106329857,1.46815
6000,468.2,1.106348433,1.4682
6000,468.25,1.106366981,1.46825
6000,468.3,1.1063855,1.4683
6000,468.35,1.106403991,1.46835
6000,468.4,1.106422454,1.4684
6000,468.45,1.106440889,1.46845
6000,468.5,1.106459295,1.4685
6000,468.55,1.106477673,1.46855
6000,468.6,1.106496023,1.4686
6000,468.65,1.106514345,1.46865
6000,468.7,1.106532638,1.4687
6000,468.75,1.106550903,1.46875
6000,468.8,1.10656914,1.4688
6000,468.85,1.106587349,1.46885
6000,468.9,1.106605529,1.4689
6000,468.95,1.106623681,1.46895
6000,469,1.106641804,1.469
6000,469.05,1.106659899,1.46905
6000,469.1,1.106677966,1.4691
6000,469.15,1.106696005,1.46915
6000,469.2,1.106714015,1.4692
6000,469.25,1.106731997,1.46925
6000,469.3,1.106749951,1.4693
6000,469.35,1.106767876,1.46935
6000,469.4,1.106785773,1.4694
6000,469.45,1.106803642,1.46945
6000,469.5,1.106821482,1.4695
6000,469.55,1.106839294,1.46955
6000,469.6,1.106857078,1.4696
6000,469.65,1.106874833,1.46965
6000,469.7,1.10689256,1.4697
6000,469.75,1.106910258,1.46975
6000,469.8,1.106927928,1.4698
6000,469.85,1.10694557,1.46985
6000,469.9,1.106963183,1.4699
6000,469.95,1.106980768,1.46995
6000,470,1.106998325,1.47
6000,470.05,1.107015853,1.47005
6000,470.1,1.107033353,1.4701
6000,470.15,1.107050824,1.47015
6000,470.2,1.107068267,1.4702
6000,470.25,1.107085681,1.47025
6000,470.3,1.107103067,1.4703
6000,470.35,1.107120425,1.47035
6000,470.4,1.107137754,1.4704
6000,470.45,1.107155055,1.47045
6000,470.5,1.107172328,1.4705
6000,470.55,1.107189572,1.47055
6000,470.6,1.107206787,1.4706
6000,470.65,1.107223974,1.47065
6000,470.7,1.107241133,1.4707
6000,470.75,1.107258263,1.47075
6000,470.8,1.107275365,1.4708
6000,470.85,1.107292438,1.47085
6000,470.9,1.107309483,1.4709
6000,470.95,1.107326499,1.47095
6000,471,1.107343487,1.471
6000,471.05,1.107360446,1.47105
6000,471.1,1.107377377,1.4711
6000,471.15,1.10739428,1.47115
6000,471.2,1.107411154,1.4712
6000,471.25,1.107427999,1.47125
6000,471.3,1.107444816,1.4713
6000,471.35,1.107461604,1.47135
6000,471.4,1.107478364,1.4714
6000,471.45,1.107495096,1.47145
6000,471.5,1.107511799,1.4715
6000,471.55,1.107528473,1.47155
6000,471.6,1.107545119,1.4716
6000,471.65,1.107561736,1.47165
6000,471.7,1.107578325,1.4717
6000,471.75,1.107594885,1.47175
6000,471.8,1.107611417,1.4718
6000,471.85,1.10762792,1.47185
6000,471.9,1.107644395,1.4719
6000,471.95,1.107660841,1.47195
6000,472,1.107677259,1.472
6000,472.05,1.107693648,1.47205
6000,472.1,1.107710008,1.4721
6000,472.15,1.10772634,1.47215
6000,472.2,1.107742643,1.4722
6000,472.25,1.107758918,1.47225
6000,472.3,1.107775164,1.4723
6000,472.35,1.107791382,1.47235
6000,472.4,1.107807571,1.4724
6000,472.45,1.107823731,1.47245
6000,472.5,1.107839863,1.4725
6000,472.55,1.107855966,1.47255
6000,472.6,1.107872041,1.4726
6000,472.65,1.107888087,1.47265
6000,472.7,1.107904104,1.4727
6000,472.75,1.107920093,1.47275
6000,472.8,1.107936053,1.4728
6000,472.85,1.107951985,1.47285
6000,472.9,1.107967888,1.4729
6000,472.95,1.107983762,1.47295
6000,473,1.107999608,1.473
6000,473.05,1.108015425,1.47305
6000,473.1,1.108031213,1.4731
6000,473.15,1.108046973,1.47315
6000,473.2,1.108062704,1.4732
6000,473.25,1.108078406,1.47325
6000,473.3,1.10809408,1.4733
6000,473.35,1.108109725,1.47335
6000,473.4,1.108125342,1.4734
6000,473.45,1.10814093,1.47345
6000,473.5,1.108156489,1.4735
6000,473.55,1.10817202,1.47355
6000,473.6,1.108187521,1.4736
6000,473.65,1.108202995,1.47365
6000,473.7,1.108218439,1.4737
6000,473.75,1.108233855,1.47375
6000,473.8,1.108249242,1.4738
6000,473.85,1.1082646,1.47385
6000,473.9,1.10827993,1.4739
6000,473.95,1.108295231,1.47395
6000,474,1.108310503,1.474
6000,474.05,1.108325747,1.47405
6000,474.1,1.108340962,1.4741
6000,474.15,1.108356148,1.47415
6000,474.2,1.108371305,1.4742
6000,474.25,1.108386434,1.47425
6000,474.3,1.108401534,1.4743
6000,474.35,1.108416605,1.47435
6000,474.4,1.108431648,1.4744
6000,474.45,1.108446662,1.47445
6000,474.5,1.108461647,1.4745
6000,474.55,1.108476603,1.47455
6000,474.6,1.108491531,1.4746
6000,474.65,1.10850643,1.47465
6000,474.7,1.1085213,1.4747
6000,474.75,1.108536141,1.47475
6000,474.8,1.108550954,1.4748
6000,474.85,1.108565737,1.47485
6000,474.9,1.108580492,1.4749
6000,474.95,1.108595219,1.47495
6000,475,1.108609916,1.475
6000,475.05,1.108624585,1.47505
6000,475.1,1.108639225,1.4751
6000,475.15,1.108653836,1.47515
6000,475.2,1.108668418,1.4752
6000,475.25,1.108682972,1.47525
6000,475.3,1.108697497,1.4753
6000,475.35,1.108711992,1.47535
6000,475.4,1.10872646,1.4754
6000,475.45,1.108740898,1.47545
6000,475.5,1.108755307,1.4755
6000,475.55,1.108769688,1.47555
6000,475.6,1.10878404,1.4756
6000,475.65,1.108798363,1.47565
6000,475.7,1.108812657,1.4757
6000,475.75,1.108826923,1.47575
6000,475.8,1.108841159,1.4758
6000,475.85,1.108855367,1.47585
6000,475.9,1.108869546,1.4759
6000,475.95,1.108883696,1.47595
6000,476,1.108897817,1.476
6000,476.05,1.10891191,1.47605
6000,476.1,1.108925973,1.4761
6000,476.15,1.108940008,1.47615
6000,476.2,1.108954014,1.4762
6000,476.25,1.108967991,1.47625
6000,476.3,1.108981939,1.4763
6000,476.35,1.108995858,1.47635
6000,476.4,1.109009749,1.4764
6000,476.45,1.10902361,1.47645
6000,476.5,1.109037443,1.4765
6000,476.55,1.109051246,1.47655
6000,476.6,1.109065021,1.4766
6000,476.65,1.109078767,1.47665
6000,476.7,1.109092484,1.4767
6000,476.75,1.109106173,1.47675
6000,476.8,1.109119832,1.4768
6000,476.85,1.109133462,1.47685
6000,476.9,1.109147064,1.4769
6000,476.95,1.109160636,1.47695
6000,477,1.10917418,1.477
6000,477.05,1.109187695,1.47705
6000,477.1,1.10920118,1.4771
6000,477.15,1.109214637,1.47715
6000,477.2,1.109228065,1.4772
6000,477.25,1.109241464,1.47725
6000,477.3,1.109254835,1.4773
6000,477.35,1.109268176,1.47735
6000,477.4,1.109281488,1.4774
6000,477.45,1.109294771,1.47745
6000,477.5,1.109308026,1.4775
6000,477.55,1.109321251,1.47755
6000,477.6,1.109334448,1.4776
6000,477.65,1.109347615,1.47765
6000,477.7,1.109360754,1.4777
6000,477.75,1.109373863,1.47775
6000,477.8,1.109386944,1.4778
6000,477.85,1.109399996,1.47785
6000,477.9,1.109413019,1.4779
6000,477.95,1.109426012,1.47795
6000,478,1.109438977,1.478
6000,478.05,1.109451913,1.47805
6000,478.1,1.10946482,1.4781
6000,478.15,1.109477698,1.47815
6000,478.2,1.109490546,1.4782
6000,478.25,1.109503366,1.47825
6000,478.3,1.109516157,1.4783
6000,478.35,1.109528919,1.47835
6000,478.4,1.109541652,1.4784
6000,478.45,1.109554356,1.47845
6000,478.5,1.109567031,1.4785
6000,478.55,1.109579677,1.47855
6000,478.6,1.109592293,1.4786
6000,478.65,1.109604881,1.47865
6000,478.7,1.10961744,1.4787
6000,478.75,1.10962997,1.47875
6000,478.8,1.109642471,1.4788
6000,478.85,1.109654943,1.47885
6000,478.9,1.109667385,1.4789
6000,478.95,1.109679799,1.47895
6000,479,1.109692184,1.479
6000,479.05,1.109704539,1.47905
6000,479.1,1.109716866,1.4791
6000,479.15,1.109729163,1.47915
6000,479.2,1.109741432,1.4792
6000,479.25,1.109753671,1.47925
6000,479.3,1.109765882,1.4793
6000,479.35,1.109778063,1.47935
6000,479.4,1.109790215,1.4794
6000,479.45,1.109802339,1.47945
6000,479.5,1.109814433,1.4795
6000,479.55,1.109826498,1.47955
6000,479.6,1.109838534,1.4796
6000,479.65,1.109850541,1.47965
6000,479.7,1.109862519,1.4797
6000,479.75,1.109874468,1.47975
6000,479.8,1.109886387,1.4798
6000,479.85,1.109898278,1.47985
6000,479.9,1.10991014,1.4799
6000,479.95,1.109921972,1.47995
6000,480,1.109933775,1.48
6000,480.05,1.10994555,1.48005
6000,480.1,1.109957295,1.4801
6000,480.15,1.109969011,1.48015
6000,480.2,1.109980698,1.4802
6000,480.25,1.109992356,1.48025
6000,480.3,1.110003985,1.4803
6000,480.35,1.110015584,1.48035
6000,480.4,1.110027155,1.4804
6000,480.45,1.110038696,1.48045
6000,480.5,1.110050209,1.4805
6000,480.55,1.110061692,1.48055
6000,480.6,1.110073146,1.4806
6000,480.65,1.110084571,1.48065
6000,480.7,1.110095967,1.4807
6000,480.75,1.110107333,1.48075
6000,480.8,1.110118671,1.4808
6000,480.85,1.110129979,1.48085
6000,480.9,1.110141258,1.4809
6000,480.95,1.110152509,1.48095
6000,481,1.110163729,1.481
6000,481.05,1.110174921,1.48105
6000,481.1,1.110186084,1.4811
6000,481.15,1.110197217,1.48115
6000,481.2,1.110208322,1.4812
6000,481.25,1.110219397,1.48125
6000,481.3,1.110230443,1.4813
6000,481.35,1.11024146,1.48135
6000,481.4,1.110252448,1.4814
6000,481.45,1.110263406,1.48145
6000,481.5,1.110274335,1.4815
6000,481.55,1.110285236,1.48155
6000,481.6,1.110296107,1.4816
6000,481.65,1.110306948,1.48165
6000,481.7,1.110317761,1.4817
6000,481.75,1.110328544,1.48175
6000,481.8,1.110339299,1.4818
6000,481.85,1.110350024,1.48185
6000,481.9,1.11036072,1.4819
6000,481.95,1.110371386,1.48195
6000,482,1.110382024,1.482
6000,482.05,1.110392632,1.48205
6000,482.1,1.110403211,1.4821
6000,482.15,1.110413761,1.48215
6000,482.2,1.110424281,1.4822
6000,482.25,1.110434773,1.48225
6000,482.3,1.110445235,1.4823
6000,482.35,1.110455668,1.48235
6000,482.4,1.110466072,1.4824
6000,482.45,1.110476446,1.48245
6000,482.5,1.110486792,1.4825
6000,482.55,1.110497108,1.48255
6000,482.6,1.110507395,1.4826
6000,482.65,1.110517652,1.48265
6000,482.7,1.110527881,1.4827
6000,482.75,1.11053808,1.48275
6000,482.8,1.11054825,1.4828
6000,482.85,1.110558391,1.48285
6000,482.9,1.110568502,1.4829
6000,482.95,1.110578584,1.48295
6000,483,1.110588637,1.483
6000,483.05,1.110598661,1.48305
6000,483.1,1.110608655,1.4831
6000,483.15,1.11061862,1.48315
6000,483.2,1.110628556,1.4832
6000,483.25,1.110638463,1.48325
6000,483.3,1.11064834,1.4833
6000,483.35,1.110658189,1.48335
6000,483.4,1.110668007,1.4834
6000,483.45,1.110677797,1.48345
6000,483.5,1.110687557,1.4835
6000,483.55,1.110697288,1.48355
6000,483.6,1.11070699,1.4836
6000,483.65,1.110716663,1.48365
6000,483.7,1.110726306,1.4837
6000,483.75,1.11073592,1.48375
6000,483.8,1.110745504,1.4838
6000,483.85,1.11075506,1.48385
6000,483.9,1.110764586,1.4839
6000,483.95,1.110774083,1.48395
6000,484,1.11078355,1.484
6000,484.05,1.110792988,1.48405
6000,484.1,1.110802397,1.4841
6000,484.15,1.110811777,1.48415
6000,484.2,1.110821127,1.4842
6000,484.25,1.110830448,1.48425
6000,484.3,1.11083974,1.4843
6000,484.35,1.110849002,1.48435
6000,484.4,1.110858235,1.4844
6000,484.45,1.110867439,1.48445
6000,484.5,1.110876613,1.4845
6000,484.55,1.110885758,1.48455
6000,484.6,1.110894874,1.4846
6000,484.65,1.11090396,1.48465
6000,484.7,1.110913017,1.4847
6000,484.75,1.110922045,1.48475
6000,484.8,1.110931044,1.4848
6000,484.85,1.110940013,1.48485
6000,484.9,1.110948952,1.4849
6000,484.95,1.110957863,1.48495
6000,485,1.110966744,1.485
6000,485.05,1.110975596,1.48505
6000,485.1,1.110984418,1.4851
6000,485.15,1.110993211,1.48515
6000,485.2,1.111001975,1.4852
6000,485.25,1.111010709,1.48525
6000,485.3,1.111019414,1.4853
6000,485.35,1.11102809,1.48535
6000,485.4,1.111036736,1.4854
6000,485.45,1.111045353,1.48545
6000,485.5,1.111053941,1.4855
6000,485.55,1.111062499,1.48555
6000,485.6,1.111071028,1.4856
6000,485.65,1.111079527,1.48565
6000,485.7,1.111087997,1.4857
6000,485.75,1.111096438,1.48575
6000,485.8,1.111104849,1.4858
6000,485.85,1.111113231,1.48585
6000,485.9,1.111121584,1.4859
6000,485.95,1.111129907,1.48595
6000,486,1.111138201,1.486
6000,486.05,1.111146466,1.48605
6000,486.1,1.111154701,1.4861
6000,486.15,1.111162906,1.48615
6000,486.2,1.111171083,1.4862
6000,486.25,1.11117923,1.48625
6000,486.3,1.111187347,1.4863
6000,486.35,1.111195435,1.48635
6000,486.4,1.111203494,1.4864
6000,486.45,1.111211523,1.48645
6000,486.5,1.111219523,1.4865
6000,486.55,1.111227494,1.48655
6000,486.6,1.111235435,1.4866
6000,486.65,1.111243347,1.48665
6000,486.7,1.111251229,1.4867
6000,486.75,1.111259082,1.48675
6000,486.8,1.111266905,1.4868
6000,486.85,1.111274699,1.48685
6000,486.9,1.111282464,1.4869
6000,486.95,1.111290199,1.48695
6000,487,1.111297905,1.487
6000,487.05,1.111305581,1.48705
6000,487.1,1.111313228,1.4871
6000,487.15,1.111320846,1.48715
6000,487.2,1.111328434,1.4872
6000,487.25,1.111335993,1.48725
6000,487.3,1.111343522,1.4873
6000,487.35,1.111351022,1.48735
6000,487.4,1.111358492,1.4874
6000,487.45,1.111365933,1.48745
6000,487.5,1.111373345,1.4875
6000,487.55,1.111380727,1.48755
6000,487.6,1.11138808,1.4876
6000,487.65,1.111395403,1.48765
6000,487.7,1.111402697,1.4877
6000,487.75,1.111409961,1.48775
6000,487.8,1.111417196,1.4878
6000,487.85,1.111424401,1.48785
6000,487.9,1.111431577,1.4879
6000,487.95,1.111438724,1.48795
6000,488,1.111445841,1.488
6000,488.05,1.111452928,1.48805
6000,488.1,1.111459986,1.4881
6000,488.15,1.111467015,1.48815
6000,488.2,1.111474014,1.4882
6000,488.25,1.111480984,1.48825
6000,488.3,1.111487924,1.4883
6000,488.35,1.111494835,1.48835
6000,488.4,1.111501717,1.4884
6000,488.45,1.111508569,1.48845
6000,488.5,1.111515391,1.4885
6000,488.55,1.111522184,1.48855
6000,488.6,1.111528947,1.4886
6000,488.65,1.111535681,1.48865
6000,488.7,1.111542386,1.4887
6000,488.75,1.111549061,1.48875
6000,488.8,1.111555706,1.4888
6000,488.85,1.111562323,1.48885
6000,488.9,1.111568909,1.4889
6000,488.95,1.111575466,1.48895
6000,489,1.111581994,1.489
6000,489.05,1.111588492,1.48905
6000,489.1,1.111594961,1.4891
6000,489.15,1.1116014,1.48915
6000,489.2,1.111607809,1.4892
6000,489.25,1.11161419,1.48925
6000,489.3,1.11162054,1.4893
6000,489.35,1.111626861,1.48935
6000,489.4,1.111633153,1.4894
6000,489.45,1.111639415,1.48945
6000,489.5,1.111645648,1.4895
6000,489.55,1.111651851,1.48955
6000,489.6,1.111658025,1.4896
6000,489.65,1.111664169,1.48965
6000,489.7,1.111670283,1.4897
6000,489.75,1.111676368,1.48975
6000,489.8,1.111682424,1.4898
6000,489.85,1.11168845,1.48985
6000,489.9,1.111694447,1.4899
6000,489.95,1.111700414,1.48995
6000,490,1.111706351,1.49
6000,490.05,1.111712259,1.49005
6000,490.1,1.111718138,1.4901
6000,490.15,1.111723987,1.49015
6000,490.2,1.111729806,1.4902
6000,490.25,1.111735596,1.49025
6000,490.3,1.111741357,1.4903
6000,490.35,1.111747087,1.49035
6000,490.4,1.111752789,1.4904
6000,490.45,1.111758461,1.49045
6000,490.5,1.111764103,1.4905
6000,490.55,1.111769716,1.49055
6000,490.6,1.111775299,1.4906
6000,490.65,1.111780852,1.49065
6000,490.7,1.111786377,1.4907
6000,490.75,1.111791871,1.49075
6000,490.8,1.111797336,1.4908
6000,490.85,1.111802772,1.49085
6000,490.9,1.111808178,1.4909
6000,490.95,1.111813554,1.49095
6000,491,1.111818901,1.491
6000,491.05,1.111824218,1.49105
6000,491.1,1.111829506,1.4911
6000,491.15,1.111834765,1.49115
6000,491.2,1.111839993,1.4912
6000,491.25,1.111845192,1.49125
6000,491.3,1.111850362,1.4913
6000,491.35,1.111855502,1.49135
6000,491.4,1.111860613,1.4914
6000,491.45,1.111865693,1.49145
6000,491.5,1.111870745,1.4915
6000,491.55,1.111875767,1.49155
6000,491.6,1.111880759,1.4916
6000,491.65,1.111885722,1.49165
6000,491.7,1.111890655,1.4917
6000,491.75,1.111895558,1.49175
6000,491.8,1.111900432,1.4918
6000,491.85,1.111905277,1.49185
6000,491.9,1.111910092,1.4919
6000,491.95,1.111914877,1.49195
6000,492,1.111919633,1.492
6000,492.05,1.111924359,1.49205
6000,492.1,1.111929055,1.4921
6000,492.15,1.111933722,1.49215
6000,492.2,1.11193836,1.4922
6000,492.25,1.111942968,1.49225
6000,492.3,1.111947546,1.4923
6000,492.35,1.111952095,1.49235
6000,492.4,1.111956614,1.4924
6000,492.45,1.111961104,1.49245
6000,492.5,1.111965564,1.4925
6000,492.55,1.111969994,1.49255
6000,492.6,1.111974395,1.4926
6000,492.65,1.111978766,1.49265
6000,492.7,1.111983108,1.4927
6000,492.75,1.11198742,1.49275
6000,492.8,1.111991702,1.4928
6000,492.85,1.111995955,1.49285
6000,492.9,1.112000178,1.4929
6000,492.95,1.112004372,1.49295
6000,493,1.112008536,1.493
6000,493.05,1.112012671,1.49305
6000,493.1,1.112016776,1.4931
6000,493.15,1.112020851,1.49315
6000,493.2,1.112024897,1.4932
6000,493.25,1.112028913,1.49325
6000,493.3,1.112032899,1.4933
6000,493.35,1.112036856,1.49335
6000,493.4,1.112040784,1.4934
6000,493.45,1.112044682,1.49345
6000,493.5,1.11204855,1.4935
6000,493.55,1.112052388,1.49355
6000,493.6,1.112056197,1.4936
6000,493.65,1.112059977,1.49365
6000,493.7,1.112063726,1.4937
6000,493.75,1.112067447,1.49375
6000,493.8,1.112071137,1.4938
6000,493.85,1.112074798,1.49385
6000,493.9,1.112078429,1.4939
6000,493.95,1.112082031,1.49395
6000,494,1.112085603,1.494
6000,494.05,1.112089146,1.49405
6000,494.1,1.112092659,1.4941
6000,494.15,1.112096142,1.49415
6000,494.2,1.112099596,1.4942
6000,494.25,1.11210302,1.49425
6000,494.3,1.112106414,1.4943
6000,494.35,1.112109779,1.49435
6000,494.4,1.112113114,1.4944
6000,494.45,1.11211642,1.49445
6000,494.5,1.112119696,1.4945
6000,494.55,1.112122942,1.49455
6000,494.6,1.112126159,1.4946
6000,494.65,1.112129346,1.49465
6000,494.7,1.112132503,1.4947
6000,494.75,1.112135631,1.49475
6000,494.8,1.112138729,1.4948
6000,494.85,1.112141798,1.49485
6000,494.9,1.112144837,1.4949
6000,494.95,1.112147846,1.49495
6000,495,1.112150826,1.495
6000,495.05,1.112153776,1.49505
6000,495.1,1.112156697,1.4951
6000,495.15,1.112159588,1.49515
6000,495.2,1.112162449,1.4952
6000,495.25,1.112165281,1.49525
6000,495.3,1.112168083,1.4953
6000,495.35,1.112170855,1.49535
6000,495.4,1.112173598,1.4954
6000,495.45,1.112176311,1.49545
6000,495.5,1.112178994,1.4955
6000,495.55,1.112181648,1.49555
6000,495.6,1.112184272,1.4956
6000,495.65,1.112186867,1.49565
6000,495.7,1.112189432,1.4957
6000,495.75,1.112191967,1.49575
6000,495.8,1.112194473,1.4958
6000,495.85,1.112196949,1.49585
6000,495.9,1.112199395,1.4959
6000,495.95,1.112201812,1.49595
6000,496,1.112204199,1.496
6000,496.05,1.112206557,1.49605
6000,496.1,1.112208884,1.4961
6000,496.15,1.112211183,1.49615
6000,496.2,1.112213451,1.4962
6000,496.25,1.11221569,1.49625
6000,496.3,1.112217899,1.4963
6000,496.35,1.112220079,1.49635
6000,496.4,1.112222229,1.4964
6000,496.45,1.112224349,1.49645
6000,496.5,1.11222644,1.4965
6000,496.55,1.112228501,1.49655
6000,496.6,1.112230533,1.4966
6000,496.65,1.112232534,1.49665
6000,496.7,1.112234506,1.4967
6000,496.75,1.112236449,1.49675
6000,496.8,1.112238362,1.4968
6000,496.85,1.112240245,1.49685
6000,496.9,1.112242098,1.4969
6000,496.95,1.112243922,1.49695
6000,497,1.112245717,1.497
6000,497.05,1.112247481,1.49705
6000,497.1,1.112249216,1.4971
6000,497.15,1.112250921,1.49715
6000,497.2,1.112252597,1.4972
6000,497.25,1.112254243,1.49725
6000,497.3,1.112255859,1.4973
6000,497.35,1.112257446,1.49735
6000,497.4,1.112259003,1.4974
6000,497.45,1.112260531,1.49745
6000,497.5,1.112262028,1.4975
6000,497.55,1.112263496,1.49755
6000,497.6,1.112264935,1.4976
6000,497.65,1.112266344,1.49765
6000,497.7,1.112267723,1.4977
6000,497.75,1.112269072,1.49775
6000,497.8,1.112270392,1.4978
6000,497.85,1.112271682,1.49785
6000,497.9,1.112272943,1.4979
6000,497.95,1.112274174,1.49795
6000,498,1.112275375,1.498
6000,498.05,1.112276546,1.49805
6000,498.1,1.112277688,1.4981
6000,498.15,1.112278801,1.49815
6000,498.2,1.112279883,1.4982
6000,498.25,1.112280936,1.49825
6000,498.3,1.112281959,1.4983
6000,498.35,1.112282953,1.49835
6000,498.4,1.112283917,1.4984
6000,498.45,1.112284851,1.49845
6000,498.5,1.112285756,1.4985
6000,498.55,1.112286631,1.49855
6000,498.6,1.112287476,1.4986
6000,498.65,1.112288292,1.49865
6000,498.7,1.112289078,1.4987
6000,498.75,1.112289834,1.49875
6000,498.8,1.112290561,1.4988
6000,498.85,1.112291258,1.49885
6000,498.9,1.112291925,1.4989
6000,498.95,1.112292563,1.49895
6000,499,1.112293171,1.499
6000,499.05,1.112293749,1.49905
6000,499.1,1.112294298,1.4991
6000,499.15,1.112294817,1.49915
6000,499.2,1.112295306,1.4992
6000,499.25,1.112295766,1.49925
6000,499.3,1.112296196,1.4993
6000,499.35,1.112296597,1.49935
6000,499.4,1.112296968,1.4994
6000,499.45,1.112297309,1.49945
6000,499.5,1.11229762,1.4995
6000,499.55,1.112297902,1.49955
6000,499.6,1.112298154,1.4996
6000,499.65,1.112298376,1.49965
6000,499.7,1.112298569,1.4997
6000,499.75,1.112298732,1.49975
6000,499.8,1.112298866,1.4998
6000,499.85,1.11229897,1.49985
6000,499.9,1.112299044,1.4999
6000,499.95,1.112299088,1.49995
6000,500,1.112299103,1.5
6000,500.05,1.112299088,1.50005
6000,500.1,1.112299044,1.5001
6000,500.15,1.11229897,1.50015
6000,500.2,1.112298866,1.5002
6000,500.25,1.112298732,1.50025
6000,500.3,1.112298569,1.5003
6000,500.35,1.112298376,1.50035
6000,500.4,1.112298154,1.5004
6000,500.45,1.112297902,1.50045
6000,500.5,1.11229762,1.5005
6000,500.55,1.112297309,1.50055
6000,500.6,1.112296968,1.5006
6000,500.65,1.112296597,1.50065
6000,500.7,1.112296196,1.5007
6000,500.75,1.112295766,1.50075
6000,500.8,1.112295306,1.5008
6000,500.85,1.112294817,1.50085
6000,500.9,1.112294298,1.5009
6000,500.95,1.112293749,1.50095
6000,501,1.112293171,1.501
6000,501.05,1.112292563,1.50105
6000,501.1,1.112291925,1.5011
6000,501.15,1.112291258,1.50115
6000,501.2,1.112290561,1.5012
6000,501.25,1.112289834,1.50125
6000,501.3,1.112289078,1.5013
6000,501.35,1.112288292,1.50135
6000,501.4,1.112287476,1.5014
6000,501.45,1.112286631,1.50145
6000,501.5,1.112285756,1.5015
6000,501.55,1.112284851,1.50155
6000,501.6,1.112283917,1.5016
6000,501.65,1.112282953,1.50165
6000,501.7,1.112281959,1.5017
6000,501.75,1.112280936,1.50175
6000,501.8,1.112279883,1.5018
6000,501.85,1.112278801,1.50185
6000,501.9,1.112277688,1.5019
6000,501.95,1.112276546,1.50195
6000,502,1.112275375,1.502
6000,502.05,1.112274174,1.50205
6000,502.1,1.112272943,1.5021
6000,502.15,1.112271682,1.50215
6000,502.2,1.112270392,1.5022
6000,502.25,1.112269072,1.50225
6000,502.3,1.112267723,1.5023
6000,502.35,1.112266344,1.50235
6000,502.4,1.112264935,1.5024
6000,502.45,1.112263496,1.50245
6000,502.5,1.112262028,1.5025
6000,502.55,1.112260531,1.50255
6000,502.6,1.112259003,1.5026
6000,502.65,1.112257446,1.50265
6000,502.7,1.112255859,1.5027
6000,502.75,1.112254243,1.50275
6000,502.8,1.112252597,1.5028
6000,502.85,1.112250921,1.50285
6000,502.9,1.112249216,1.5029
6000,502.95,1.112247481,1.50295
6000,503,1.112245717,1.503
6000,503.05,1.112243922,1.50305
6000,503.1,1.112242098,1.5031
6000,503.15,1.112240245,1.50315
6000,503.2,1.112238362,1.5032
6000,503.25,1.112236449,1.50325
6000,503.3,1.112234506,1.5033
6000,503.35,1.112232534,1.50335
6000,503.4,1.112230533,1.5034
6000,503.45,1.112228501,1.50345
6000,503.5,1.11222644,1.5035
6000,503.55,1.112224349,1.50355
6000,503.6,1.112222229,1.5036
6000,503.65,1.112220079,1.50365
6000,503.7,1.112217899,1.5037
6000,503.75,1.11221569,1.50375
6000,503.8,1.112213451,1.5038
6000,503.85,1.112211183,1.50385
6000,503.9,1.112208884,1.5039
6000,503.95,1.112206557,1.50395
6000,504,1.112204199,1.504
6000,504.05,1.112201812,1.50405
6000,504.1,1.112199395,1.5041
6000,504.15,1.112196949,1.50415
6000,504.2,1.112194473,1.5042
6000,504.25,1.112191967,1.50425
6000,504.3,1.112189432,1.5043
6000,504.35,1.112186867,1.50435
6000,504.4,1.112184272,1.5044
6000,504.45,1.112181648,1.50445
6000,504.5,1.112178994,1.5045
6000,504.55,1.112176311,1.50455
6000,504.6,1.112173598,1.5046
6000,504.65,1.112170855,1.50465
6000,504.7,1.112168083,1.5047
6000,504.75,1.112165281,1.50475
6000,504.8,1.112162449,1.5048
6000,504.85,1.112159588,1.50485
6000,504.9,1.112156697,1.5049
6000,504.95,1.112153776,1.50495
6000,505,1.112150826,1.505
6000,505.05,1.112147846,1.50505
6000,505.1,1.112144837,1.5051
6000,505.15,1.112141798,1.50515
6000,505.2,1.112138729,1.5052
6000,505.25,1.112135631,1.50525
6000,505.3,1.112132503,1.5053
6000,505.35,1.112129346,1.50535
6000,505.4,1.112126159,1.5054
6000,505.45,1.112122942,1.50545
6000,505.5,1.112119696,1.5055
6000,505.55,1.11211642,1.50555
6000,505.6,1.112113114,1.5056
6000,505.65,1.112109779,1.50565
6000,505.7,1.112106414,1.5057
6000,505.75,1.11210302,1.50575
6000,505.8,1.112099596,1.5058
6000,505.85,1.112096142,1.50585
6000,505.9,1.112092659,1.5059
6000,505.95,1.112089146,1.50595
6000,506,1.112085603,1.506
6000,506.05,1.112082031,1.50605
6000,506.1,1.112078429,1.5061
6000,506.15,1.112074798,1.50615
6000,506.2,1.112071137,1.5062
6000,506.25,1.112067447,1.50625
6000,506.3,1.112063726,1.5063
6000,506.35,1.112059977,1.50635
6000,506.4,1.112056197,1.5064
6000,506.45,1.112052388,1.50645
6000,506.5,1.11204855,1.5065
6000,506.55,1.112044682,1.50655
6000,506.6,1.112040784,1.5066
6000,506.65,1.112036856,1.50665
6000,506.7,1.112032899,1.5067
6000,506.75,1.112028913,1.50675
6000,506.8,1.112024897,1.5068
6000,506.85,1.112020851,1.50685
6000,506.9,1.112016776,1.5069
6000,506.95,1.112012671,1.50695
6000,507,1.112008536,1.507
6000,507.05,1.112004372,1.50705
6000,507.1,1.112000178,1.5071
6000,507.15,1.111995955,1.50715
6000,507.2,1.111991702,1.5072
6000,507.25,1.11198742,1.50725
6000,507.3,1.111983108,1.5073
6000,507.35,1.111978766,1.50735
6000,507.4,1.111974395,1.5074
6000,507.45,1.111969994,1.50745
6000,507.5,1.111965564,1.5075
6000,507.55,1.111961104,1.50755
6000,507.6,1.111956614,1.5076
6000,507.65,1.111952095,1.50765
6000,507.7,1.111947546,1.5077
6000,507.75,1.111942968,1.50775
6000,507.8,1.11193836,1.5078
6000,507.85,1.111933722,1.50785
6000,507.9,1.111929055,1.5079
6000,507.95,1.111924359,1.50795
6000,508,1.111919633,1.508
6000,508.05,1.111914877,1.50805
6000,508.1,1.111910092,1.5081
6000,508.15,1.111905277,1.50815
6000,508.2,1.111900432,1.5082
6000,508.25,1.111895558,1.50825
6000,508.3,1.111890655,1.5083
6000,508.35,1.111885722,1.50835
6000,508.4,1.111880759,1.5084
6000,508.45,1.111875767,1.50845
6000,508.5,1.111870745,1.5085
6000,508.55,1.111865693,1.50855
6000,508.6,1.111860613,1.5086
6000,508.65,1.111855502,1.50865
6000,508.7,1.111850362,1.5087
6000,508.75,1.111845192,1.50875
6000,508.8,1.111839993,1.5088
6000,508.85,1.111834765,1.50885
6000,508.9,1.111829506,1.5089
6000,508.95,1.111824218,1.50895
6000,509,1.111818901,1.509
6000,509.05,1.111813554,1.50905
6000,509.1,1.111808178,1.5091
6000,509.15,1.111802772,1.50915
6000,509.2,1.111797336,1.5092
6000,509.25,1.111791871,1.50925
6000,509.3,1.111786377,1.5093
6000,509.35,1.111780852,1.50935
6000,509.4,1.111775299,1.5094
6000,509.45,1.111769716,1.50945
6000,509.5,1.111764103,1.5095
6000,509.55,1.111758461,1.50955
6000,509.6,1.111752789,1.5096
6000,509.65,1.111747087,1.50965
6000,509.7,1.111741357,1.5097
6000,509.75,1.111735596,1.50975
6000,509.8,1.111729806,1.5098
6000,509.85,1.111723987,1.50985
6000,509.9,1.111718138,1.5099
6000,509.95,1.111712259,1.50995
6000,510,1.111706351,1.51
6000,510.05,1.111700414,1.51005
6000,510.1,1.111694447,1.5101
6000,510.15,1.11168845,1.51015
6000,510.2,1.111682424,1.5102
6000,510.25,1.111676368,1.51025
6000,510.3,1.111670283,1.5103
6000,510.35,1.111664169,1.51035
6000,510.4,1.111658025,1.5104
6000,510.45,1.111651851,1.51045
6000,510.5,1.111645648,1.5105
6000,510.55,1.111639415,1.51055
6000,510.6,1.111633153,1.5106
6000,510.65,1.111626861,1.51065
6000,510.7,1.11162054,1.5107
6000,510.75,1.11161419,1.51075
6000,510.8,1.111607809,1.5108
6000,510.85,1.1116014,1.51085
6000,510.9,1.111594961,1.5109
6000,510.95,1.111588492,1.51095
6000,511,1.111581994,1.511
6000,511.05,1.111575466,1.51105
6000,511.1,1.111568909,1.5111
6000,511.15,1.111562323,1.51115
6000,511.2,1.111555706,1.5112
6000,511.25,1.111549061,1.51125
6000,511.3,1.111542386,1.5113
6000,511.35,1.111535681,1.51135
6000,511.4,1.111528947,1.5114
6000,511.45,1.111522184,1.51145
6000,511.5,1.111515391,1.5115
6000,511.55,1.111508569,1.51155
6000,511.6,1.111501717,1.5116
6000,511.65,1.111494835,1.51165
6000,511.7,1.111487924,1.5117
6000,511.75,1.111480984,1.51175
6000,511.8,1.111474014,1.5118
6000,511.85,1.111467015,1.51185
6000,511.9,1.111459986,1.5119
6000,511.95,1.111452928,1.51195
6000,512,1.111445841,1.512
6000,512.05,1.111438724,1.51205
6000,512.1,1.111431577,1.5121
6000,512.15,1.111424401,1.51215
6000,512.2,1.111417196,1.5122
6000,512.25,1.111409961,1.51225
6000,512.3,1.111402697,1.5123
6000,512.35,1.111395403,1.51235
6000,512.4,1.11138808,1.5124
6000,512.45,1.111380727,1.51245
6000,512.5,1.111373345,1.5125
6000,512.55,1.111365933,1.51255
6000,512.6,1.111358492,1.5126
6000,512.65,1.111351022,1.51265
6000,512.7,1.111343522,1.5127
6000,512.75,1.111335993,1.51275
6000,512.8,1.111328434,1.5128
6000,512.85,1.111320846,1.51285
6000,512.9,1.111313228,1.5129
6000,512.95,1.111305581,1.51295
6000,513,1.111297905,1.513
6000,513.05,1.111290199,1.51305
6000,513.1,1.111282464,1.5131
6000,513.15,1.111274699,1.51315
6000,513.2,1.111266905,1.5132
6000,513.25,1.111259082,1.51325
6000,513.3,1.111251229,1.5133
6000,513.35,1.111243347,1.51335
6000,513.4,1.111235435,1.5134
6000,513.45,1.111227494,1.51345
6000,513.5,1.111219523,1.5135
6000,513.55,1.111211523,1.51355
6000,513.6,1.111203494,1.5136
6000,513.65,1.111195435,1.51365
6000,513.7,1.111187347,1.5137
6000,513.75,1.11117923,1.51375
6000,513.8,1.111171083,1.5138
6000,513.85,1.111162906,1.51385
6000,513.9,1.111154701,1.5139
6000,513.95,1.111146466,1.51395
6000,514,1.111138201,1.514
6000,514.05,1.111129907,1.51405
6000,514.1,1.111121584,1.5141
6000,514.15,1.111113231,1.51415
6000,514.2,1.111104849,1.5142
6000,514.25,1.111096438,1.51425
6000,514.3,1.111087997,1.5143
6000,514.35,1.111079527,1.51435
6000,514.4,1.111071028,1.5144
6000,514.45,1.111062499,1.51445
6000,514.5,1.111053941,1.5145
6000,514.55,1.111045353,1.51455
6000,514.6,1.111036736,1.5146
6000,514.65,1.11102809,1.51465
6000,514.7,1.111019414,1.5147
6000,514.75,1.111010709,1.51475
6000,514.8,1.111001975,1.5148
6000,514.85,1.110993211,1.51485
6000,514.9,1.110984418,1.5149
6000,514.95,1.110975596,1.51495
6000,515,1.110966744,1.515
6000,515.05,1.110957863,1.51505
6000,515.1,1.110948952,1.5151
6000,515.15,1.110940013,1.51515
6000,515.2,1.110931044,1.5152
6000,515.25,1.110922045,1.51525
6000,515.3,1.110913017,1.5153
6000,515.35,1.11090396,1.51535
6000,515.4,1.110894874,1.5154
6000,515.45,1.110885758,1.51545
6000,515.5,1.110876613,1.5155
6000,515.55,1.110867439,1.51555
6000,515.6,1.110858235,1.5156
6000,515.65,1.110849002,1.51565
6000,515.7,1.11083974,1.5157
6000,515.75,1.110830448,1.51575
6000,515.8,1.110821127,1.5158
6000,515.85,1.110811777,1.51585
6000,515.9,1.110802397,1.5159
6000,515.95,1.110792988,1.51595
6000,516,1.11078355,1.516
6000,516.05,1.110774083,1.51605
6000,516.1,1.110764586,1.5161
6000,516.15,1.11075506,1.51615
6000,516.2,1.110745504,1.5162
6000,516.25,1.11073592,1.51625
6000,516.3,1.110726306,1.5163
6000,516.35,1.110716663,1.51635
6000,516.4,1.11070699,1.5164
6000,516.45,1.110697288,1.51645
6000,516.5,1.110687557,1.5165
6000,516.55,1.110677797,1.51655
6000,516.6,1.110668007,1.5166
6000,516.65,1.110658189,1.51665
6000,516.7,1.11064834,1.5167
6000,516.75,1.110638463,1.51675
6000,516.8,1.110628556,1.5168
6000,516.85,1.11061862,1.51685
6000,516.9,1.110608655,1.5169
6000,516.95,1.110598661,1.51695
6000,517,1.110588637,1.517
6000,517.05,1.110578584,1.51705
6000,517.1,1.110568502,1.5171
6000,517.15,1.110558391,1.51715
6000,517.2,1.11054825,1.5172
6000,517.25,1.11053808,1.51725
6000,517.3,1.110527881,1.5173
6000,517.35,1.110517652,1.51735
6000,517.4,1.110507395,1.5174
6000,517.45,1.110497108,1.51745
6000,517.5,1.110486792,1.5175
6000,517.55,1.110476446,1.51755
6000,517.6,1.110466072,1.5176
6000,517.65,1.110455668,1.51765
6000,517.7,1.110445235,1.5177
6000,517.75,1.110434773,1.51775
6000,517.8,1.110424281,1.5178
6000,517.85,1.110413761,1.51785
6000,517.9,1.110403211,1.5179
6000,517.95,1.110392632,1.51795
6000,518,1.110382024,1.518
6000,518.05,1.110371386,1.51805
6000,518.1,1.11036072,1.5181
6000,518.15,1.110350024,1.51815
6000,518.2,1.110339299,1.5182
6000,518.25,1.110328544,1.51825
6000,518.3,1.110317761,1.5183
6000,518.35,1.110306948,1.51835
6000,518.4,1.110296107,1.5184
6000,518.45,1.110285236,1.51845
6000,518.5,1.110274335,1.5185
6000,518.55,1.110263406,1.51855
6000,518.6,1.110252448,1.5186
6000,518.65,1.11024146,1.51865
6000,518.7,1.110230443,1.5187
6000,518.75,1.110219397,1.51875
6000,518.8,1.110208322,1.5188
6000,518.85,1.110197217,1.51885
6000,518.9,1.110186084,1.5189
6000,518.95,1.110174921,1.51895
6000,519,1.110163729,1.519
6000,519.05,1.110152509,1.51905
6000,519.1,1.110141258,1.5191
6000,519.15,1.110129979,1.51915
6000,519.2,1.110118671,1.5192
6000,519.25,1.110107333,1.51925
6000,519.3,1.110095967,1.5193
6000,519.35,1.110084571,1.51935
6000,519.4,1.110073146,1.5194
6000,519.45,1.110061692,1.51945
6000,519.5,1.110050209,1.5195
6000,519.55,1.110038696,1.51955
6000,519.6,1.110027155,1.5196
6000,519.65,1.110015584,1.51965
6000,519.7,1.110003985,1.5197
6000,519.75,1.109992356,1.51975
6000,519.8,1.109980698,1.5198
6000,519.85,1.109969011,1.51985
6000,519.9,1.109957295,1.5199
6000,519.95,1.10994555,1.51995
6000,520,1.109933775,1.52
6000,520.05,1.109921972,1.52005
6000,520.1,1.10991014,1.5201
6000,520.15,1.109898278,1.52015
6000,520.2,1.109886387,1.5202
6000,520.25,1.109874468,1.52025
6000,520.3,1.109862519,1.5203
6000,520.35,1.109850541,1.52035
6000,520.4,1.109838534,1.5204
6000,520.45,1.109826498,1.52045
6000,520.5,1.109814433,1.5205
6000,520.55,1.109802339,1.52055
6000,520.6,1.109790215,1.5206
6000,520.65,1.109778063,1.52065
6000,520.7,1.109765882,1.5207
6000,520.75,1.109753671,1.52075
6000,520.8,1.109741432,1.5208
6000,520.85,1.109729163,1.52085
6000,520.9,1.109716866,1.5209
6000,520.95,1.109704539,1.52095
6000,521,1.109692184,1.521
6000,521.05,1.109679799,1.52105
6000,521.1,1.109667385,1.5211
6000,521.15,1.109654943,1.52115
6000,521.2,1.109642471,1.5212
6000,521.25,1.10962997,1.52125
6000,521.3,1.10961744,1.5213
6000,521.35,1.109604881,1.52135
6000,521.4,1.109592293,1.5214
6000,521.45,1.109579677,1.52145
6000,521.5,1.109567031,1.5215
6000,521.55,1.109554356,1.52155
6000,521.6,1.109541652,1.5216
6000,521.65,1.109528919,1.52165
6000,521.7,1.109516157,1.5217
6000,521.75,1.109503366,1.52175
6000,521.8,1.109490546,1.5218
6000,521.85,1.109477698,1.52185
6000,521.9,1.10946482,1.5219
6000,521.95,1.109451913,1.52195
6000,522,1.109438977,1.522
6000,522.05,1.109426012,1.52205
6000,522.1,1.109413019,1.5221
6000,522.15,1.109399996,1.52215
6000,522.2,1.109386944,1.5222
6000,522.25,1.109373863,1.52225
6000,522.3,1.109360754,1.5223
6000,522.35,1.109347615,1.52235
6000,522.4,1.109334448,1.5224
6000,522.45,1.109321251,1.52245
6000,522.5,1.109308026,1.5225
6000,522.55,1.109294771,1.52255
6000,522.6,1.109281488,1.5226
6000,522.65,1.109268176,1.52265
6000,522.7,1.109254835,1.5227
6000,522.75,1.109241464,1.52275
6000,522.8,1.109228065,1.5228
6000,522.85,1.109214637,1.52285
6000,522.9,1.10920118,1.5229
6000,522.95,1.109187695,1.52295
6000,523,1.10917418,1.523
6000,523.05,1.109160636,1.52305
6000,523.1,1.109147064,1.5231
6000,523.15,1.109133462,1.52315
6000,523.2,1.109119832,1.5232
6000,523.25,1.109106173,1.52325
6000,523.3,1.109092484,1.5233
6000,523.35,1.109078767,1.52335
6000,523.4,1.109065021,1.5234
6000,523.45,1.109051246,1.52345
6000,523.5,1.109037443,1.5235
6000,523.55,1.10902361,1.52355
6000,523.6,1.109009749,1.5236
6000,523.65,1.108995858,1.52365
6000,523.7,1.108981939,1.5237
6000,523.75,1.108967991,1.52375
6000,523.8,1.108954014,1.5238
6000,523.85,1.108940008,1.52385
6000,523.9,1.108925973,1.5239
6000,523.95,1.10891191,1.52395
6000,524,1.108897817,1.524
6000,524.05,1.108883696,1.52405
6000,524.1,1.108869546,1.5241
6000,524.15,1.108855367,1.52415
6000,524.2,1.108841159,1.5242
6000,524.25,1.108826923,1.52425
6000,524.3,1.108812657,1.5243
6000,524.35,1.108798363,1.52435
6000,524.4,1.10878404,1.5244
6000,524.45,1.108769688,1.52445
6000,524.5,1.108755307,1.5245
6000,524.55,1.108740898,1.52455
6000,524.6,1.10872646,1.5246
6000,524.65,1.108711992,1.52465
6000,524.7,1.108697497,1.5247
6000,524.75,1.108682972,1.52475
6000,524.8,1.108668418,1.5248
6000,524.85,1.108653836,1.52485
6000,524.9,1.108639225,1.5249
6000,524.95,1.108624585,1.52495
6000,525,1.108609916,1.525
6000,525.05,1.108595219,1.52505
6000,525.1,1.108580492,1.5251
6000,525.15,1.108565737,1.52515
6000,525.2,1.108550954,1.5252
6000,525.25,1.108536141,1.52525
6000,525.3,1.1085213,1.5253
6000,525.35,1.10850643,1.52535
6000,525.4,1.108491531,1.5254
6000,525.45,1.108476603,1.52545
6000,525.5,1.108461647,1.5255
6000,525.55,1.108446662,1.52555
6000,525.6,1.108431648,1.5256
6000,525.65,1.108416605,1.52565
6000,525.7,1.108401534,1.5257
6000,525.75,1.108386434,1.52575
6000,525.8,1.108371305,1.5258
6000,525.85,1.108356148,1.52585
6000,525.9,1.108340962,1.5259
6000,525.95,1.108325747,1.52595
6000,526,1.108310503,1.526
6000,526.05,1.108295231,1.52605
6000,526.1,1.10827993,1.5261
6000,526.15,1.1082646,1.52615
6000,526.2,1.108249242,1.5262
6000,526.25,1.108233855,1.52625
6000,526.3,1.108218439,1.5263
6000,526.35,1.108202995,1.52635
6000,526.4,1.108187521,1.5264
6000,526.45,1.10817202,1.52645
6000,526.5,1.108156489,1.5265
6000,526.55,1.10814093,1.52655
6000,526.6,1.108125342,1.5266
6000,526.65,1.108109725,1.52665
6000,526.7,1.10809408,1.5267
6000,526.75,1.108078406,1.52675
6000,526.8,1.108062704,1.5268
6000,526.85,1.108046973,1.52685
6000,526.9,1.108031213,1.5269
6000,526.95,1.108015425,1.52695
6000,527,1.107999608,1.527
6000,527.05,1.107983762,1.52705
6000,527.1,1.107967888,1.5271
6000,527.15,1.107951985,1.52715
6000,527.2,1.107936053,1.5272
6000,527.25,1.107920093,1.52725
6000,527.3,1.107904104,1.5273
6000,527.35,1.107888087,1.52735
6000,527.4,1.107872041,1.5274
6000,527.45,1.107855966,1.52745
6000,527.5,1.107839863,1.5275
6000,527.55,1.107823731,1.52755
6000,527.6,1.107807571,1.5276
6000,527.65,1.107791382,1.52765
6000,527.7,1.107775164,1.5277
6000,527.75,1.107758918,1.52775
6000,527.8,1.107742643,1.5278
6000,527.85,1.10772634,1.52785
6000,527.9,1.107710008,1.5279
6000,527.95,1.107693648,1.52795
6000,528,1.107677259,1.528
6000,528.05,1.107660841,1.52805
6000,528.1,1.107644395,1.5281
6000,528.15,1.10762792,1.52815
6000,528.2,1.107611417,1.5282
6000,528.25,1.107594885,1.52825
6000,528.3,1.107578325,1.5283
6000,528.35,1.107561736,1.52835
6000,528.4,1.107545119,1.5284
6000,528.45,1.107528473,1.52845
6000,528.5,1.107511799,1.5285
6000,528.55,1.107495096,1.52855
6000,528.6,1.107478364,1.5286
6000,528.65,1.107461604,1.52865
6000,528.7,1.107444816,1.5287
6000,528.75,1.107427999,1.52875
6000,528.8,1.107411154,1.5288
6000,528.85,1.10739428,1.52885
6000,528.9,1.107377377,1.5289
6000,528.95,1.107360446,1.52895
6000,529,1.107343487,1.529
6000,529.05,1.107326499,1.52905
6000,529.1,1.107309483,1.5291
6000,529.15,1.107292438,1.52915
6000,529.2,1.107275365,1.5292
6000,529.25,1.107258263,1.52925
6000,529.3,1.107241133,1.5293
6000,529.35,1.107223974,1.52935
6000,529.4,1.107206787,1.5294
6000,529.45,1.107189572,1.52945
6000,529.5,1.107172328,1.5295
6000,529.55,1.107155055,1.52955
6000,529.6,1.107137754,1.5296
6000,529.65,1.107120425,1.52965
6000,529.7,1.107103067,1.5297
6000,529.75,1.107085681,1.52975
6000,529.8,1.107068267,1.5298
6000,529.85,1.107050824,1.52985
6000,529.9,1.107033353,1.5299
6000,529.95,1.107015853,1.52995
6000,530,1.106998325,1.53
6000,530.05,1.106980768,1.53005
6000,530.1,1.106963183,1.5301
6000,530.15,1.10694557,1.53015
6000,530.2,1.106927928,1.5302
6000,530.25,1.106910258,1.53025
6000,530.3,1.10689256,1.5303
6000,530.35,1.106874833,1.53035
6000,530.4,1.106857078,1.5304
6000,530.45,1.106839294,1.53045
6000,530.5,1.106821482,1.5305
6000,530.55,1.106803642,1.53055
6000,530.6,1.106785773,1.5306
6000,530.65,1.106767876,1.53065
6000,530.7,1.106749951,1.5307
6000,530.75,1.106731997,1.53075
6000,530.8,1.106714015,1.5308
6000,530.85,1.106696005,1.53085
6000,530.9,1.106677966,1.5309
6000,530.95,1.106659899,1.53095
6000,531,1.106641804,1.531
6000,531.05,1.106623681,1.53105
6000,531.1,1.106605529,1.5311
6000,531.15,1.106587349,1.53115
6000,531.2,1.10656914,1.5312
6000,531.25,1.106550903,1.53125
6000,531.3,1.106532638,1.5313
6000,531.35,1.106514345,1.53135
6000,531.4,1.106496023,1.5314
6000,531.45,1.106477673,1.53145
6000,531.5,1.106459295,1.5315
6000,531.55,1.106440889,1.53155
6000,531.6,1.106422454,1.5316
6000,531.65,1.106403991,1.53165
6000,531.7,1.1063855,1.5317
6000,531.75,1.106366981,1.53175
6000,531.8,1.106348433,1.5318
6000,531.85,1.106329857,1.53185
6000,531.9,1.106311253,1.5319
6000,531.95,1.10629262,1.53195
6000,532,1.10627396,1.532
6000,532.05,1.106255271,1.53205
6000,532.1,1.106236554,1.5321
6000,532.15,1.106217808,1.53215
6000,532.2,1.106199035,1.5322
6000,532.25,1.106180233,1.53225
6000,532.3,1.106161403,1.5323
6000,532.35,1.106142545,1.53235
6000,532.4,1.106123659,1.5324
6000,532.45,1.106104744,1.53245
6000,532.5,1.106085802,1.5325
6000,532.55,1.106066831,1.53255
6000,532.6,1.106047832,1.5326
6000,532.65,1.106028805,1.53265
6000,532.7,1.106009749,1.5327
6000,532.75,1.105990666,1.53275
6000,532.8,1.105971554,1.5328
6000,532.85,1.105952414,1.53285
6000,532.9,1.105933246,1.5329
6000,532.95,1.10591405,1.53295
6000,533,1.105894826,1.533
6000,533.05,1.105875574,1.53305
6000,533.1,1.105856293,1.5331
6000,533.15,1.105836984,1.53315
6000,533.2,1.105817648,1.5332
6000,533.25,1.105798283,1.53325
6000,533.3,1.10577889,1.5333
6000,533.35,1.105759469,1.53335
6000,533.4,1.10574002,1.5334
6000,533.45,1.105720542,1.53345
6000,533.5,1.105701037,1.5335
6000,533.55,1.105681503,1.53355
6000,533.6,1.105661942,1.5336
6000,533.65,1.105642352,1.53365
6000,533.7,1.105622735,1.5337
6000,533.75,1.105603089,1.53375
6000,533.8,1.105583415,1.5338
6000,533.85,1.105563713,1.53385
6000,533.9,1.105543983,1.5339
6000,533.95,1.105524225,1.53395
6000,534,1.105504439,1.534
6000,534.05,1.105484625,1.53405
6000,534.1,1.105464783,1.5341
6000,534.15,1.105444913,1.53415
6000,534.2,1.105425015,1.5342
6000,534.25,1.105405088,1.53425
6000,534.3,1.105385134,1.5343
6000,534.35,1.105365152,1.53435
6000,534.4,1.105345142,1.5344
6000,534.45,1.105325104,1.53445
6000,534.5,1.105305037,1.5345
6000,534.55,1.105284943,1.53455
6000,534.6,1.105264821,1.5346
6000,534.65,1.105244671,1.53465
6000,534.7,1.105224492,1.5347
6000,534.75,1.105204286,1.53475
6000,534.8,1.105184052,1.5348
6000,534.85,1.10516379,1.53485
6000,534.9,1.1051435,1.5349
6000,534.95,1.105123182,1.53495
6000,535,1.105102836,1.535
6000,535.05,1.105082462,1.53505
6000,535.1,1.10506206,1.5351
6000,535.15,1.105041631,1.53515
6000,535.2,1.105021173,1.5352
6000,535.25,1.105000687,1.53525
6000,535.3,1.104980174,1.5353
6000,535.35,1.104959632,1.53535
6000,535.4,1.104939063,1.5354
6000,535.45,1.104918466,1.53545
6000,535.5,1.10489784,1.5355
6000,535.55,1.104877187,1.53555
6000,535.6,1.104856506,1.5356
6000,535.65,1.104835797,1.53565
6000,535.7,1.104815061,1.5357
6000,535.75,1.104794296,1.53575
6000,535.8,1.104773504,1.5358
6000,535.85,1.104752683,1.53585
6000,535.9,1.104731835,1.5359
6000,535.95,1.104710959,1.53595
6000,536,1.104690055,1.536
6000,536.05,1.104669123,1.53605
6000,536.1,1.104648164,1.5361
6000,536.15,1.104627176,1.53615
6000,536.2,1.104606161,1.5362
6000,536.25,1.104585118,1.53625
6000,536.3,1.104564047,1.5363
6000,536.35,1.104542948,1.53635
6000,536.4,1.104521821,1.5364
6000,536.45,1.104500667,1.53645
6000,536.5,1.104479485,1.5365
6000,536.55,1.104458275,1.53655
6000,536.6,1.104437037,1.5366
6000,536.65,1.104415771,1.53665
6000,536.7,1.104394478,1.5367
6000,536.75,1.104373157,1.53675
6000,536.8,1.104351808,1.5368
6000,536.85,1.104330431,1.53685
6000,536.9,1.104309027,1.5369
6000,536.95,1.104287595,1.53695
6000,537,1.104266135,1.537
6000,537.05,1.104244647,1.53705
6000,537.1,1.104223132,1.5371
6000,537.15,1.104201589,1.53715
6000,537.2,1.104180018,1.5372
6000,537.25,1.104158419,1.53725
6000,537.3,1.104136793,1.5373
6000,537.35,1.104115139,1.53735
6000,537.4,1.104093457,1.5374
6000,537.45,1.104071747,1.53745
6000,537.5,1.10405001,1.5375
6000,537.55,1.104028245,1.53755
6000,537.6,1.104006453,1.5376
6000,537.65,1.103984632,1.53765
6000,537.7,1.103962784,1.5377
6000,537.75,1.103940909,1.53775
6000,537.8,1.103919006,1.5378
6000,537.85,1.103897075,1.53785
6000,537.9,1.103875116,1.5379
6000,537.95,1.10385313,1.53795
6000,538,1.103831116,1.538
6000,538.05,1.103809074,1.53805
6000,538.1,1.103787005,1.5381
6000,538.15,1.103764908,1.53815
6000,538.2,1.103742784,1.5382
6000,538.25,1.103720632,1.53825
6000,538.3,1.103698452,1.5383
6000,538.35,1.103676245,1.53835
6000,538.4,1.10365401,1.5384
6000,538.45,1.103631747,1.53845
6000,538.5,1.103609457,1.5385
6000,538.55,1.103587139,1.53855
6000,538.6,1.103564794,1.5386
6000,538.65,1.103542421,1.53865
6000,538.7,1.103520021,1.5387
6000,538.75,1.103497593,1.53875
6000,538.8,1.103475137,1.5388
6000,538.85,1.103452654,1.53885
6000,538.9,1.103430143,1.5389
6000,538.95,1.103407605,1.53895
6000,539,1.103385039,1.539
6000,539.05,1.103362446,1.53905
6000,539.1,1.103339825,1.5391
6000,539.15,1.103317176,1.53915
6000,539.2,1.1032945,1.5392
6000,539.25,1.103271797,1.53925
6000,539.3,1.103249066,1.5393
6000,539.35,1.103226308,1.53935
6000,539.4,1.103203522,1.5394
6000,539.45,1.103180708,1.53945
6000,539.5,1.103157867,1.5395
6000,539.55,1.103134999,1.53955
6000,539.6,1.103112103,1.5396
6000,539.65,1.103089179,1.53965
6000,539.7,1.103066228,1.5397
6000,539.75,1.10304325,1.53975
6000,539.8,1.103020244,1.5398
6000,539.85,1.102997211,1.53985
6000,539.9,1.10297415,1.5399
6000,539.95,1.102951062,1.53995
6000,540,1.102927947,1.54
6000,540.05,1.102904804,1.54005
6000,540.1,1.102881633,1.5401
6000,540.15,1.102858435,1.54015
6000,540.2,1.10283521,1.5402
6000,540.25,1.102811957,1.54025
6000,540.3,1.102788677,1.5403
6000,540.35,1.10276537,1.54035
6000,540.4,1.102742035,1.5404
6000,540.45,1.102718673,1.54045
6000,540.5,1.102695283,1.5405
6000,540.55,1.102671866,1.54055
6000,540.6,1.102648422,1.5406
6000,540.65,1.10262495,1.54065
6000,540.7,1.102601451,1.5407
6000,540.75,1.102577924,1.54075
6000,540.8,1.102554371,1.5408
6000,540.85,1.102530789,1.54085
6000,540.9,1.102507181,1.5409
6000,540.95,1.102483545,1.54095
6000,541,1.102459882,1.541
6000,541.05,1.102436191,1.54105
6000,541.1,1.102412474,1.5411
6000,541.15,1.102388728,1.54115
6000,541.2,1.102364956,1.5412
6000,541.25,1.102341156,1.54125
6000,541.3,1.102317329,1.5413
6000,541.35,1.102293475,1.54135
6000,541.4,1.102269594,1.5414
6000,541.45,1.102245685,1.54145
6000,541.5,1.102221749,1.5415
6000,541.55,1.102197785,1.54155
6000,541.6,1.102173795,1.5416
6000,541.65,1.102149777,1.54165
6000,541.7,1.102125731,1.5417
6000,541.75,1.102101659,1.54175
6000,541.8,1.102077559,1.5418
6000,541.85,1.102053433,1.54185
6000,541.9,1.102029279,1.5419
6000,541.95,1.102005097,1.54195
6000,542,1.101980889,1.542
6000,542.05,1.101956653,1.54205
6000,542.1,1.10193239,1.5421
6000,542.15,1.1019081,1.54215
6000,542.2,1.101883783,1.5422
6000,542.25,1.101859438,1.54225
6000,542.3,1.101835067,1.5423
6000,542.35,1.101810668,1.54235
6000,542.4,1.101786242,1.5424
6000,542.45,1.101761788,1.54245
6000,542.5,1.101737308,1.5425
6000,542.55,1.101712801,1.54255
6000,542.6,1.101688266,1.5426
6000,542.65,1.101663704,1.54265
6000,542.7,1.101639115,1.5427
6000,542.75,1.101614499,1.54275
6000,542.8,1.101589856,1.5428
6000,542.85,1.101565186,1.54285
6000,542.9,1.101540489,1.5429
6000,542.95,1.101515764,1.54295
6000,543,1.101491012,1.543
6000,543.05,1.101466234,1.54305
6000,543.1,1.101441428,1.5431
6000,543.15,1.101416595,1.54315
6000,543.2,1.101391735,1.5432
6000,543.25,1.101366848,1.54325
6000,543.3,1.101341934,1.5433
6000,543.35,1.101316993,1.54335
6000,543.4,1.101292025,1.5434
6000,543.45,1.10126703,1.54345
6000,543.5,1.101242007,1.5435
6000,543.55,1.101216958,1.54355
6000,543.6,1.101191882,1.5436
6000,543.65,1.101166779,1.54365
6000,543.7,1.101141648,1.5437
6000,543.75,1.101116491,1.54375
6000,543.8,1.101091306,1.5438
6000,543.85,1.101066095,1.54385
6000,543.9,1.101040857,1.5439
6000,543.95,1.101015591,1.54395
6000,544,1.100990299,1.544
6000,544.05,1.10096498,1.54405
6000,544.1,1.100939634,1.5441
6000,544.15,1.10091426,1.54415
6000,544.2,1.10088886,1.5442
6000,544.25,1.100863433,1.54425
6000,544.3,1.100837979,1.5443
6000,544.35,1.100812498,1.54435
6000,544.4,1.10078699,1.5444
6000,544.45,1.100761455,1.54445
6000,544.5,1.100735893,1.5445
6000,544.55,1.100710304,1.54455
6000,544.6,1.100684689,1.5446
6000,544.65,1.100659046,1.54465
6000,544.7,1.100633377,1.5447
6000,544.75,1.100607681,1.54475
6000,544.8,1.100581957,1.5448
6000,544.85,1.100556207,1.54485
6000,544.9,1.10053043,1.5449
6000,544.95,1.100504626,1.54495
6000,545,1.100478796,1.545
6000,545.05,1.100452938,1.54505
6000,545.1,1.100427054,1.5451
6000,545.15,1.100401143,1.54515
6000,545.2,1.100375205,1.5452
6000,545.25,1.10034924,1.54525
6000,545.3,1.100323248,1.5453
6000,545.35,1.100297229,1.54535
6000,545.4,1.100271184,1.5454
6000,545.45,1.100245112,1.54545
6000,545.5,1.100219013,1.5455
6000,545.55,1.100192887,1.54555
6000,545.6,1.100166735,1.5456
6000,545.65,1.100140555,1.54565
6000,545.7,1.100114349,1.5457
6000,545.75,1.100088116,1.54575
6000,545.8,1.100061857,1.5458
6000,545.85,1.10003557,1.54585
6000,545.9,1.100009257,1.5459
6000,545.95,1.099982917,1.54595
6000,546,1.099956551,1.546
6000,546.05,1.099930157,1.54605
6000,546.1,1.099903737,1.5461
6000,546.15,1.09987729,1.54615
6000,546.2,1.099850817,1.5462
6000,546.25,1.099824317,1.54625
6000,546.3,1.09979779,1.5463
6000,546.35,1.099771236,1.54635
6000,546.4,1.099744656,1.5464
6000,546.45,1.099718049,1.54645
6000,546.5,1.099691415,1.5465
6000,546.55,1.099664755,1.54655
6000,546.6,1.099638068,1.5466
6000,546.65,1.099611354,1.54665
6000,546.7,1.099584614,1.5467
6000,546.75,1.099557847,1.54675
6000,546.8,1.099531053,1.5468
6000,546.85,1.099504233,1.54685
6000,546.9,1.099477386,1.5469
6000,546.95,1.099450513,1.54695
6000,547,1.099423613,1.547
6000,547.05,1.099396686,1.54705
6000,547.1,1.099369733,1.5471
6000,547.15,1.099342753,1.54715
6000,547.2,1.099315746,1.5472
6000,547.25,1.099288713,1.54725
6000,547.3,1.099261654,1.5473
6000,547.35,1.099234567,1.54735
6000,547.4,1.099207455,1.5474
6000,547.45,1.099180315,1.54745
6000,547.5,1.099153149,1.5475
6000,547.55,1.099125957,1.54755
6000,547.6,1.099098738,1.5476
6000,547.65,1.099071492,1.54765
6000,547.7,1.09904422,1.5477
6000,547.75,1.099016922,1.54775
6000,547.8,1.098989597,1.5478
6000,547.85,1.098962245,1.54785
6000,547.9,1.098934867,1.5479
6000,547.95,1.098907463,1.54795
6000,548,1.098880032,1.548
6000,548.05,1.098852574,1.54805
6000,548.1,1.09882509,1.5481
6000,548.15,1.09879758,1.54815
6000,548.2,1.098770043,1.5482
6000,548.25,1.098742479,1.54825
6000,548.3,1.09871489,1.5483
6000,548.35,1.098687273,1.54835
6000,548.4,1.098659631,1.5484
6000,548.45,1.098631962,1.54845
6000,548.5,1.098604266,1.5485
6000,548.55,1.098576544,1.54855
6000,548.6,1.098548796,1.5486
6000,548.65,1.098521021,1.54865
6000,548.7,1.09849322,1.5487
6000,548.75,1.098465392,1.54875
6000,548.8,1.098437538,1.5488
6000,548.85,1.098409658,1.54885
6000,548.9,1.098381751,1.5489
6000,548.95,1.098353818,1.54895
6000,549,1.098325859,1.549
6000,549.05,1.098297873,1.54905
6000,549.1,1.098269861,1.5491
6000,549.15,1.098241823,1.54915
6000,549.2,1.098213758,1.5492
6000,549.25,1.098185667,1.54925
6000,549.3,1.098157549,1.5493
6000,549.35,1.098129406,1.54935
6000,549.4,1.098101236,1.5494
6000,549.45,1.098073039,1.54945
6000,549.5,1.098044817,1.5495
6000,549.55,1.098016568,1.54955
6000,549.6,1.097988293,1.5496
6000,549.65,1.097959991,1.54965
6000,549.7,1.097931663,1.5497
6000,549.75,1.097903309,1.54975
6000,549.8,1.097874929,1.5498
6000,549.85,1.097846523,1.54985
6000,549.9,1.09781809,1.5499
6000,549.95,1.097789631,1.54995
6000,550,1.097761146,1.55
6000,550.05,1.097732635,1.55005
6000,550.1,1.097704097,1.5501
6000,550.15,1.097675533,1.55015
6000,550.2,1.097646943,1.5502
6000,550.25,1.097618327,1.55025
6000,550.3,1.097589685,1.5503
6000,550.35,1.097561016,1.55035
6000,550.4,1.097532321,1.5504
6000,550.45,1.0975036,1.55045
6000,550.5,1.097474853,1.5505
6000,550.55,1.09744608,1.55055
6000,550.6,1.097417281,1.5506
6000,550.65,1.097388455,1.55065
6000,550.7,1.097359604,1.5507
6000,550.75,1.097330726,1.55075
6000,550.8,1.097301822,1.5508
6000,550.85,1.097272892,1.55085
6000,550.9,1.097243936,1.5509
6000,550.95,1.097214954,1.55095
6000,551,1.097185946,1.551
6000,551.05,1.097156911,1.55105
6000,551.1,1.097127851,1.5511
6000,551.15,1.097098764,1.55115
6000,551.2,1.097069652,1.5512
6000,551.25,1.097040513,1.55125
6000,551.3,1.097011349,1.5513
6000,551.35,1.096982158,1.55135
6000,551.4,1.096952941,1.5514
6000,551.45,1.096923698,1.55145
6000,551.5,1.09689443,1.5515
6000,551.55,1.096865135,1.55155
6000,551.6,1.096835814,1.5516
6000,551.65,1.096806467,1.55165
6000,551.7,1.096777094,1.5517
6000,551.75,1.096747696,1.55175
6000,551.8,1.096718271,1.5518
6000,551.85,1.09668882,1.55185
6000,551.9,1.096659343,1.5519
6000,551.95,1.096629841,1.55195
6000,552,1.096600312,1.552
6000,552.05,1.096570757,1.55205
6000,552.1,1.096541177,1.5521
6000,552.15,1.09651157,1.55215
6000,552.2,1.096481938,1.5522
6000,552.25,1.09645228,1.55225
6000,552.3,1.096422595,1.5523
6000,552.35,1.096392885,1.55235
6000,552.4,1.096363149,1.5524
6000,552.45,1.096333387,1.55245
6000,552.5,1.096303599,1.5525
6000,552.55,1.096273786,1.55255
6000,552.6,1.096243946,1.5526
6000,552.65,1.096214081,1.55265
6000,552.7,1.096184189,1.5527
6000,552.75,1.096154272,1.55275
6000,552.8,1.096124329,1.5528
6000,552.85,1.096094361,1.55285
6000,552.9,1.096064366,1.5529
6000,552.95,1.096034345,1.55295
6000,553,1.096004299,1.553
6000,553.05,1.095974227,1.55305
6000,553.1,1.095944129,1.5531
6000,553.15,1.095914005,1.55315
6000,553.2,1.095883856,1.5532
6000,553.25,1.095853681,1.55325
6000,553.3,1.09582348,1.5533
6000,553.35,1.095793253,1.55335
6000,553.4,1.095763,1.5534
6000,553.45,1.095732722,1.55345
6000,553.5,1.095702418,1.5535
6000,553.55,1.095672088,1.55355
6000,553.6,1.095641733,1.5536
6000,553.65,1.095611351,1.55365
6000,553.7,1.095580944,1.5537
6000,553.75,1.095550512,1.55375
6000,553.8,1.095520053,1.5538
6000,553.85,1.095489569,1.55385
6000,553.9,1.09545906,1.5539
6000,553.95,1.095428524,1.55395
6000,554,1.095397963,1.554
6000,554.05,1.095367376,1.55405
6000,554.1,1.095336764,1.5541
6000,554.15,1.095306126,1.55415
6000,554.2,1.095275462,1.5542
6000,554.25,1.095244773,1.55425
6000,554.3,1.095214058,1.5543
6000,554.35,1.095183317,1.55435
6000,554.4,1.095152551,1.5544
6000,554.45,1.095121759,1.55445
6000,554.5,1.095090941,1.5545
6000,554.55,1.095060098,1.55455
6000,554.6,1.09502923,1.5546
6000,554.65,1.094998335,1.55465
6000,554.7,1.094967415,1.5547
6000,554.75,1.09493647,1.55475
6000,554.8,1.094905499,1.5548
6000,554.85,1.094874503,1.55485
6000,554.9,1.094843481,1.5549
6000,554.95,1.094812433,1.55495
6000,555,1.09478136,1.555
6000,555.05,1.094750261,1.55505
6000,555.1,1.094719137,1.5551
6000,555.15,1.094687987,1.55515
6000,555.2,1.094656812,1.5552
6000,555.25,1.094625612,1.55525
6000,555.3,1.094594385,1.5553
6000,555.35,1.094563134,1.55535
6000,555.4,1.094531857,1.5554
6000,555.45,1.094500554,1.55545
6000,555.5,1.094469226,1.5555
6000,555.55,1.094437873,1.55555
6000,555.6,1.094406494,1.5556
6000,555.65,1.094375089,1.55565
6000,555.7,1.094343659,1.5557
6000,555.75,1.094312204,1.55575
6000,555.8,1.094280724,1.5558
6000,555.85,1.094249218,1.55585
6000,555.9,1.094217686,1.5559
6000,555.95,1.094186129,1.55595
6000,556,1.094154547,1.556
6000,556.05,1.094122939,1.55605
6000,556.1,1.094091307,1.5561
6000,556.15,1.094059648,1.55615
6000,556.2,1.094027964,1.5562
6000,556.25,1.093996255,1.55625
6000,556.3,1.093964521,1.5563
6000,556.35,1.093932761,1.55635
6000,556.4,1.093900976,1.5564
6000,556.45,1.093869166,1.55645
6000,556.5,1.09383733,1.5565
6000,556.55,1.093805469,1.55655
6000,556.6,1.093773583,1.5566
6000,556.65,1.093741671,1.55665
6000,556.7,1.093709735,1.5567
6000,556.75,1.093677772,1.55675
6000,556.8,1.093645785,1.5568
6000,556.85,1.093613772,1.55685
6000,556.9,1.093581734,1.5569
6000,556.95,1.093549671,1.55695
6000,557,1.093517583,1.557
6000,557.05,1.093485469,1.55705
6000,557.1,1.09345333,1.5571
6000,557.15,1.093421166,1.55715
6000,557.2,1.093388977,1.5572
6000,557.25,1.093356763,1.55725
6000,557.3,1.093324523,1.5573
6000,557.35,1.093292258,1.55735
6000,557.4,1.093259968,1.5574
6000,557.45,1.093227653,1.55745
6000,557.5,1.093195312,1.5575
6000,557.55,1.093162947,1.55755
6000,557.6,1.093130556,1.5576
6000,557.65,1.09309814,1.55765
6000,557.7,1.093065699,1.5577
6000,557.75,1.093033233,1.55775
6000,557.8,1.093000742,1.5578
6000,557.85,1.092968226,1.55785
6000,557.9,1.092935684,1.5579
6000,557.95,1.092903118,1.55795
6000,558,1.092870526,1.558
6000,558.05,1.09283791,1.55805
6000,558.1,1.092805268,1.5581
6000,558.15,1.092772601,1.55815
6000,558.2,1.092739909,1.5582
6000,558.25,1.092707192,1.55825
6000,558.3,1.09267445,1.5583
6000,558.35,1.092641683,1.55835
6000,558.4,1.092608891,1.5584
6000,558.45,1.092576074,1.55845
6000,558.5,1.092543232,1.5585
6000,558.55,1.092510365,1.55855
6000,558.6,1.092477473,1.5586
6000,558.65,1.092444556,1.55865
6000,558.7,1.092411614,1.5587
6000,558.75,1.092378647,1.55875
6000,558.8,1.092345655,1.5588
6000,558.85,1.092312638,1.55885
6000,558.9,1.092279596,1.5589
6000,558.95,1.092246529,1.55895
6000,559,1.092213437,1.559
6000,559.05,1.09218032,1.55905
6000,559.1,1.092147179,1.5591
6000,559.15,1.092114012,1.55915
6000,559.2,1.092080821,1.5592
6000,559.25,1.092047604,1.55925
6000,559.3,1.092014363,1.5593
6000,559.35,1.091981097,1.55935
6000,559.4,1.091947806,1.5594
6000,559.45,1.09191449,1.55945
6000,559.5,1.091881149,1.5595
6000,559.55,1.091847784,1.55955
6000,559.6,1.091814393,1.5596
6000,559.65,1.091780978,1.55965
6000,559.7,1.091747538,1.5597
6000,559.75,1.091714073,1.55975
6000,559.8,1.091680583,1.5598
6000,559.85,1.091647069,1.55985
6000,559.9,1.091613529,1.5599
6000,559.95,1.091579965,1.55995
6000,560,1.091546376,1.56
6000,560.05,1.091512763,1.56005
6000,560.1,1.091479124,1.5601
6000,560.15,1.091445461,1.56015
6000,560.2,1.091411773,1.5602
6000,560.25,1.09137806,1.56025
6000,560.3,1.091344323,1.5603
6000,560.35,1.091310561,1.56035
6000,560.4,1.091276774,1.5604
6000,560.45,1.091242962,1.56045
6000,560.5,1.091209126,1.5605
6000,560.55,1.091175265,1.56055
6000,560.6,1.091141379,1.5606
6000,560.65,1.091107469,1.56065
6000,560.7,1.091073534,1.5607
6000,560.75,1.091039574,1.56075
6000,560.8,1.091005589,1.5608
6000,560.85,1.09097158,1.56085
6000,560.9,1.090937547,1.5609
6000,560.95,1.090903488,1.56095
6000,561,1.090869405,1.561
6000,561.05,1.090835298,1.56105
6000,561.1,1.090801166,1.5611
6000,561.15,1.090767009,1.56115
6000,561.2,1.090732827,1.5612
6000,561.25,1.090698622,1.56125
6000,561.3,1.090664391,1.5613
6000,561.35,1.090630136,1.56135
6000,561.4,1.090595856,1.5614
6000,561.45,1.090561552,1.56145
6000,561.5,1.090527223,1.5615
6000,561.55,1.09049287,1.56155
6000,561.6,1.090458492,1.5616
6000,561.65,1.09042409,1.56165
6000,561.7,1.090389663,1.5617
6000,561.75,1.090355211,1.56175
6000,561.8,1.090320735,1.5618
6000,561.85,1.090286235,1.56185
6000,561.9,1.09025171,1.5619
6000,561.95,1.090217161,1.56195
6000,562,1.090182587,1.562
6000,562.05,1.090147989,1.56205
6000,562.1,1.090113366,1.5621
6000,562.15,1.090078719,1.56215
6000,562.2,1.090044047,1.5622
6000,562.25,1.090009351,1.56225
6000,562.3,1.08997463,1.5623
6000,562.35,1.089939886,1.56235
6000,562.4,1.089905116,1.5624
6000,562.45,1.089870323,1.56245
6000,562.5,1.089835504,1.5625
6000,562.55,1.089800662,1.56255
6000,562.6,1.089765795,1.5626
6000,562.65,1.089730904,1.56265
6000,562.7,1.089695988,1.5627
6000,562.75,1.089661049,1.56275
6000,562.8,1.089626084,1.5628
6000,562.85,1.089591096,1.56285
6000,562.9,1.089556083,1.5629
6000,562.95,1.089521046,1.56295
6000,563,1.089485984,1.563
6000,563.05,1.089450898,1.56305
6000,563.1,1.089415788,1.5631
6000,563.15,1.089380654,1.56315
6000,563.2,1.089345495,1.5632
6000,563.25,1.089310312,1.56325
6000,563.3,1.089275105,1.5633
6000,563.35,1.089239873,1.56335
6000,563.4,1.089204618,1.5634
6000,563.45,1.089169338,1.56345
6000,563.5,1.089134033,1.5635
6000,563.55,1.089098705,1.56355
6000,563.6,1.089063352,1.5636
6000,563.65,1.089027976,1.56365
6000,563.7,1.088992575,1.5637
6000,563.75,1.088957149,1.56375
6000,563.8,1.0889217,1.5638
6000,563.85,1.088886226,1.56385
6000,563.9,1.088850729,1.5639
6000,563.95,1.088815207,1.56395
6000,564,1.088779661,1.564
6000,564.05,1.088744091,1.56405
6000,564.1,1.088708496,1.5641
6000,564.15,1.088672878,1.56415
6000,564.2,1.088637236,1.5642
6000,564.25,1.088601569,1.56425
6000,564.3,1.088565878,1.5643
6000,564.35,1.088530163,1.56435
6000,564.4,1.088494424,1.5644
6000,564.45,1.088458661,1.56445
6000,564.5,1.088422874,1.5645
6000,564.55,1.088387063,1.56455
6000,564.6,1.088351228,1.5646
6000,564.65,1.088315369,1.56465
6000,564.7,1.088279486,1.5647
6000,564.75,1.088243579,1.56475
6000,564.8,1.088207647,1.5648
6000,564.85,1.088171692,1.56485
6000,564.9,1.088135713,1.5649
6000,564.95,1.08809971,1.56495
6000,565,1.088063682,1.565
6000,565.05,1.088027631,1.56505
6000,565.1,1.087991556,1.5651
6000,565.15,1.087955457,1.56515
6000,565.2,1.087919334,1.5652
6000,565.25,1.087883187,1.56525
6000,565.3,1.087847016,1.5653
6000,565.35,1.087810821,1.56535
6000,565.4,1.087774602,1.5654
6000,565.45,1.087738359,1.56545
6000,565.5,1.087702093,1.5655
6000,565.55,1.087665802,1.56555
6000,565.6,1.087629488,1.5656
6000,565.65,1.08759315,1.56565
6000,565.7,1.087556788,1.5657
6000,565.75,1.087520402,1.56575
6000,565.8,1.087483992,1.5658
6000,565.85,1.087447558,1.56585
6000,565.9,1.087411101,1.5659
6000,565.95,1.087374619,1.56595
6000,566,1.087338114,1.566
6000,566.05,1.087301585,1.56605
6000,566.1,1.087265032,1.5661
6000,566.15,1.087228456,1.56615
6000,566.2,1.087191856,1.5662
6000,566.25,1.087155231,1.56625
6000,566.3,1.087118584,1.5663
6000,566.35,1.087081912,1.56635
6000,566.4,1.087045217,1.5664
6000,566.45,1.087008498,1.56645
6000,566.5,1.086971755,1.5665
6000,566.55,1.086934988,1.56655
6000,566.6,1.086898198,1.5666
6000,566.65,1.086861384,1.56665
6000,566.7,1.086824546,1.5667
6000,566.75,1.086787685,1.56675
6000,566.8,1.0867508,1.5668
6000,566.85,1.086713891,1.56685
6000,566.9,1.086676958,1.5669
6000,566.95,1.086640002,1.56695
6000,567,1.086603023,1.567
6000,567.05,1.086566019,1.56705
6000,567.1,1.086528992,1.5671
6000,567.15,1.086491942,1.56715
6000,567.2,1.086454868,1.5672
6000,567.25,1.08641777,1.56725
6000,567.3,1.086380648,1.5673
6000,567.35,1.086343503,1.56735
6000,567.4,1.086306335,1.5674
6000,567.45,1.086269143,1.56745
6000,567.5,1.086231927,1.5675
6000,567.55,1.086194687,1.56755
6000,567.6,1.086157425,1.5676
6000,567.65,1.086120138,1.56765
6000,567.7,1.086082828,1.5677
6000,567.75,1.086045495,1.56775
6000,567.8,1.086008138,1.5678
6000,567.85,1.085970758,1.56785
6000,567.9,1.085933354,1.5679
6000,567.95,1.085895926,1.56795
6000,568,1.085858475,1.568
6000,568.05,1.085821001,1.56805
6000,568.1,1.085783503,1.5681
6000,568.15,1.085745982,1.56815
6000,568.2,1.085708437,1.5682
6000,568.25,1.085670869,1.56825
6000,568.3,1.085633277,1.5683
6000,568.35,1.085595662,1.56835
6000,568.4,1.085558024,1.5684
6000,568.45,1.085520362,1.56845
6000,568.5,1.085482677,1.5685
6000,568.55,1.085444968,1.56855
6000,568.6,1.085407236,1.5686
6000,568.65,1.085369481,1.56865
6000,568.7,1.085331702,1.5687
6000,568.75,1.0852939,1.56875
6000,568.8,1.085256075,1.5688
6000,568.85,1.085218226,1.56885
6000,568.9,1.085180354,1.5689
6000,568.95,1.085142459,1.56895
6000,569,1.08510454,1.569
6000,569.05,1.085066598,1.56905
6000,569.1,1.085028633,1.5691
6000,569.15,1.084990644,1.56915
6000,569.2,1.084952632,1.5692
6000,569.25,1.084914597,1.56925
6000,569.3,1.084876539,1.5693
6000,569.35,1.084838457,1.56935
6000,569.4,1.084800352,1.5694
6000,569.45,1.084762224,1.56945
6000,569.5,1.084724073,1.5695
6000,569.55,1.084685899,1.56955
6000,569.6,1.084647701,1.5696
6000,569.65,1.08460948,1.56965
6000,569.7,1.084571236,1.5697
6000,569.75,1.084532969,1.56975
6000,569.8,1.084494678,1.5698
6000,569.85,1.084456365,1.56985
6000,569.9,1.084418028,1.5699
6000,569.95,1.084379668,1.56995
6000,570,1.084341285,1.57
6000,570.05,1.084302879,1.57005
6000,570.1,1.08426445,1.5701
6000,570.15,1.084225998,1.57015
6000,570.2,1.084187522,1.5702
6000,570.25,1.084149024,1.57025
6000,570.3,1.084110502,1.5703
6000,570.35,1.084071957,1.57035
6000,570.4,1.08403339,1.5704
6000,570.45,1.083994799,1.57045
6000,570.5,1.083956185,1.5705
6000,570.55,1.083917548,1.57055
6000,570.6,1.083878888,1.5706
6000,570.65,1.083840205,1.57065
6000,570.7,1.083801499,1.5707
6000,570.75,1.08376277,1.57075
6000,570.8,1.083724018,1.5708
6000,570.85,1.083685243,1.57085
6000,570.9,1.083646446,1.5709
6000,570.95,1.083607625,1.57095
6000,571,1.083568781,1.571
6000,571.05,1.083529914,1.57105
6000,571.1,1.083491024,1.5711
6000,571.15,1.083452112,1.57115
6000,571.2,1.083413176,1.5712
6000,571.25,1.083374218,1.57125
6000,571.3,1.083335236,1.5713
6000,571.35,1.083296232,1.57135
6000,571.4,1.083257205,1.5714
6000,571.45,1.083218155,1.57145
6000,571.5,1.083179082,1.5715
6000,571.55,1.083139986,1.57155
6000,571.6,1.083100868,1.5716
6000,571.65,1.083061726,1.57165
6000,571.7,1.083022562,1.5717
6000,571.75,1.082983375,1.57175
6000,571.8,1.082944165,1.5718
6000,571.85,1.082904932,1.57185
6000,571.9,1.082865676,1.5719
6000,571.95,1.082826398,1.57195
6000,572,1.082787097,1.572
6000,572.05,1.082747773,1.57205
6000,572.1,1.082708426,1.5721
6000,572.15,1.082669057,1.57215
6000,572.2,1.082629665,1.5722
6000,572.25,1.08259025,1.57225
6000,572.3,1.082550812,1.5723
6000,572.35,1.082511352,1.57235
6000,572.4,1.082471869,1.5724
6000,572.45,1.082432363,1.57245
6000,572.5,1.082392835,1.5725
6000,572.55,1.082353284,1.57255
6000,572.6,1.08231371,1.5726
6000,572.65,1.082274114,1.57265
6000,572.7,1.082234494,1.5727
6000,572.75,1.082194853,1.57275
6000,572.8,1.082155188,1.5728
6000,572.85,1.082115501,1.57285
6000,572.9,1.082075792,1.5729
6000,572.95,1.082036059,1.57295
6000,573,1.081996305,1.573
6000,573.05,1.081956527,1.57305
6000,573.1,1.081916727,1.5731
6000,573.15,1.081876904,1.57315
6000,573.2,1.081837059,1.5732
6000,573.25,1.081797192,1.57325
6000,573.3,1.081757301,1.5733
6000,573.35,1.081717389,1.57335
6000,573.4,1.081677453,1.5734
6000,573.45,1.081637495,1.57345
6000,573.5,1.081597515,1.5735
6000,573.55,1.081557512,1.57355
6000,573.6,1.081517487,1.5736
6000,573.65,1.081477439,1.57365
6000,573.7,1.081437369,1.5737
6000,573.75,1.081397276,1.57375
6000,573.8,1.081357161,1.5738
6000,573.85,1.081317023,1.57385
6000,573.9,1.081276863,1.5739
6000,573.95,1.08123668,1.57395
6000,574,1.081196475,1.574
6000,574.05,1.081156248,1.57405
6000,574.1,1.081115998,1.5741
6000,574.15,1.081075726,1.57415
6000,574.2,1.081035431,1.5742
6000,574.25,1.080995114,1.57425
6000,574.3,1.080954775,1.5743
6000,574.35,1.080914413,1.57435
6000,574.4,1.080874029,1.5744
6000,574.45,1.080833623,1.57445
6000,574.5,1.080793194,1.5745
6000,574.55,1.080752743,1.57455
6000,574.6,1.08071227,1.5746
6000,574.65,1.080671774,1.57465
6000,574.7,1.080631256,1.5747
6000,574.75,1.080590716,1.57475
6000,574.8,1.080550154,1.5748
6000,574.85,1.080509569,1.57485
6000,574.9,1.080468962,1.5749
6000,574.95,1.080428333,1.57495
6000,575,1.080387681,1.575
6000,575.05,1.080347008,1.57505
6000,575.1,1.080306312,1.5751
6000,575.15,1.080265594,1.57515
6000,575.2,1.080224853,1.5752
6000,575.25,1.080184091,1.57525
6000,575.3,1.080143306,1.5753
6000,575.35,1.080102499,1.57535
6000,575.4,1.08006167,1.5754
6000,575.45,1.080020819,1.57545
6000,575.5,1.079979945,1.5755
6000,575.55,1.07993905,1.57555
6000,575.6,1.079898132,1.5756
6000,575.65,1.079857193,1.57565
6000,575.7,1.079816231,1.5757
6000,575.75,1.079775247,1.57575
6000,575.8,1.079734241,1.5758
6000,575.85,1.079693213,1.57585
6000,575.9,1.079652162,1.5759
6000,575.95,1.07961109,1.57595
6000,576,1.079569996,1.576
6000,576.05,1.07952888,1.57605
6000,576.1,1.079487741,1.5761
6000,576.15,1.079446581,1.57615
6000,576.2,1.079405398,1.5762
6000,576.25,1.079364194,1.57625
6000,576.3,1.079322967,1.5763
6000,576.35,1.079281719,1.57635
6000,576.4,1.079240449,1.5764
6000,576.45,1.079199156,1.57645
6000,576.5,1.079157842,1.5765
6000,576.55,1.079116506,1.57655
6000,576.6,1.079075147,1.5766
6000,576.65,1.079033767,1.57665
6000,576.7,1.078992365,1.5767
6000,576.75,1.078950941,1.57675
6000,576.8,1.078909495,1.5768
6000,576.85,1.078868027,1.57685
6000,576.9,1.078826538,1.5769
6000,576.95,1.078785026,1.57695
6000,577,1.078743493,1.577
6000,577.05,1.078701937,1.57705
6000,577.1,1.07866036,1.5771
6000,577.15,1.078618761,1.57715
6000,577.2,1.078577141,1.5772
6000,577.25,1.078535498,1.57725
6000,577.3,1.078493833,1.5773
6000,577.35,1.078452147,1.57735
6000,577.4,1.078410439,1.5774
6000,577.45,1.078368709,1.57745
6000,577.5,1.078326958,1.5775
6000,577.55,1.078285184,1.57755
6000,577.6,1.078243389,1.5776
6000,577.65,1.078201572,1.57765
6000,577.7,1.078159734,1.5777
6000,577.75,1.078117873,1.57775
6000,577.8,1.078075991,1.5778
6000,577.85,1.078034088,1.57785
6000,577.9,1.077992162,1.5779
6000,577.95,1.077950215,1.57795
6000,578,1.077908246,1.578
6000,578.05,1.077866256,1.57805
6000,578.1,1.077824244,1.5781
6000,578.15,1.07778221,1.57815
6000,578.2,1.077740154,1.5782
6000,578.25,1.077698077,1.57825
6000,578.3,1.077655978,1.5783
6000,578.35,1.077613858,1.57835
6000,578.4,1.077571716,1.5784
6000,578.45,1.077529553,1.57845
6000,578.5,1.077487368,1.5785
6000,578.55,1.077445161,1.57855
6000,578.6,1.077402933,1.5786
6000,578.65,1.077360683,1.57865
6000,578.7,1.077318411,1.5787
6000,578.75,1.077276119,1.57875
6000,578.8,1.077233804,1.5788
6000,578.85,1.077191468,1.57885
6000,578.9,1.077149111,1.5789
6000,578.95,1.077106732,1.57895
6000,579,1.077064331,1.579
6000,579.05,1.077021909,1.57905
6000,579.1,1.076979466,1.5791
6000,579.15,1.076937001,1.57915
6000,579.2,1.076894515,1.5792
6000,579.25,1.076852007,1.57925
6000,579.3,1.076809478,1.5793
6000,579.35,1.076766927,1.57935
6000,579.4,1.076724355,1.5794
6000,579.45,1.076681762,1.57945
6000,579.5,1.076639147,1.5795
6000,579.55,1.076596511,1.57955
6000,579.6,1.076553853,1.5796
6000,579.65,1.076511174,1.57965
6000,579.7,1.076468474,1.5797
6000,579.75,1.076425752,1.57975
6000,579.8,1.076383009,1.5798
6000,579.85,1.076340245,1.57985
6000,579.9,1.076297459,1.5799
6000,579.95,1.076254652,1.57995
6000,580,1.076211824,1.58
6000,580.05,1.076168974,1.58005
6000,580.1,1.076126103,1.5801
6000,580.15,1.076083211,1.58015
6000,580.2,1.076040298,1.5802
6000,580.25,1.075997363,1.58025
6000,580.3,1.075954407,1.5803
6000,580.35,1.07591143,1.58035
6000,580.4,1.075868432,1.5804
6000,580.45,1.075825412,1.58045
6000,580.5,1.075782372,1.5805
6000,580.55,1.07573931,1.58055
6000,580.6,1.075696227,1.5806
6000,580.65,1.075653122,1.58065
6000,580.7,1.075609997,1.5807
6000,580.75,1.07556685,1.58075
6000,580.8,1.075523682,1.5808
6000,580.85,1.075480493,1.58085
6000,580.9,1.075437283,1.5809
6000,580.95,1.075394052,1.58095
6000,581,1.0753508,1.581
6000,581.05,1.075307527,1.58105
6000,581.1,1.075264232,1.5811
6000,581.15,1.075220917,1.58115
6000,581.2,1.07517758,1.5812
6000,581.25,1.075134222,1.58125
6000,581.3,1.075090844,1.5813
6000,581.35,1.075047444,1.58135
6000,581.4,1.075004023,1.5814
6000,581.45,1.074960581,1.58145
6000,581.5,1.074917118,1.5815
6000,581.55,1.074873635,1.58155
6000,581.6,1.07483013,1.5816
6000,581.65,1.074786604,1.58165
6000,581.7,1.074743057,1.5817
6000,581.75,1.074699489,1.58175
6000,581.8,1.074655901,1.5818
6000,581.85,1.074612291,1.58185
6000,581.9,1.074568661,1.5819
6000,581.95,1.074525009,1.58195
6000,582,1.074481337,1.582
6000,582.05,1.074437643,1.58205
6000,582.1,1.074393929,1.5821
6000,582.15,1.074350194,1.58215
6000,582.2,1.074306438,1.5822
6000,582.25,1.074262661,1.58225
6000,582.3,1.074218864,1.5823
6000,582.35,1.074175045,1.58235
6000,582.4,1.074131206,1.5824
6000,582.45,1.074087346,1.58245
6000,582.5,1.074043465,1.5825
6000,582.55,1.073999563,1.58255
6000,582.6,1.07395564,1.5826
6000,582.65,1.073911697,1.58265
6000,582.7,1.073867733,1.5827
6000,582.75,1.073823748,1.58275
6000,582.8,1.073779742,1.5828
6000,582.85,1.073735715,1.58285
6000,582.9,1.073691668,1.5829
6000,582.95,1.0736476,1.58295
6000,583,1.073603512,1.583
6000,583.05,1.073559402,1.58305
6000,583.1,1.073515272,1.5831
6000,583.15,1.073471121,1.58315
6000,583.2,1.07342695,1.5832
6000,583.25,1.073382758,1.58325
6000,583.3,1.073338545,1.5833
6000,583.35,1.073294312,1.58335
6000,583.4,1.073250058,1.5834
6000,583.45,1.073205783,1.58345
6000,583.5,1.073161488,1.5835
6000,583.55,1.073117172,1.58355
6000,583.6,1.073072835,1.5836
6000,583.65,1.073028478,1.58365
6000,583.7,1.072984101,1.5837
6000,583.75,1.072939702,1.58375
6000,583.8,1.072895284,1.5838
6000,583.85,1.072850844,1.58385
6000,583.9,1.072806384,1.5839
6000,583.95,1.072761904,1.58395
6000,584,1.072717403,1.584
6000,584.05,1.072672881,1.58405
6000,584.1,1.072628339,1.5841
6000,584.15,1.072583777,1.58415
6000,584.2,1.072539194,1.5842
6000,584.25,1.072494591,1.58425
6000,584.3,1.072449967,1.5843
6000,584.35,1.072405322,1.58435
6000,584.4,1.072360658,1.5844
6000,584.45,1.072315972,1.58445
6000,584.5,1.072271267,1.5845
6000,584.55,1.072226541,1.58455
6000,584.6,1.072181794,1.5846
6000,584.65,1.072137027,1.58465
6000,584.7,1.07209224,1.5847
6000,584.75,1.072047433,1.58475
6000,584.8,1.072002605,1.5848
6000,584.85,1.071957756,1.58485
6000,584.9,1.071912888,1.5849
6000,584.95,1.071867999,1.58495
6000,585,1.071823089,1.585
6000,585.05,1.07177816,1.58505
6000,585.1,1.07173321,1.5851
6000,585.15,1.071688239,1.58515
6000,585.2,1.071643249,1.5852
6000,585.25,1.071598238,1.58525
6000,585.3,1.071553207,1.5853
6000,585.35,1.071508156,1.58535
6000,585.4,1.071463084,1.5854
6000,585.45,1.071417992,1.58545
6000,585.5,1.07137288,1.5855
6000,585.55,1.071327748,1.58555
6000,585.6,1.071282596,1.5856
6000,585.65,1.071237423,1.58565
6000,585.7,1.07119223,1.5857
6000,585.75,1.071147017,1.58575
6000,585.8,1.071101784,1.5858
6000,585.85,1.071056531,1.58585
6000,585.9,1.071011257,1.5859
6000,585.95,1.070965964,1.58595
6000,586,1.07092065,1.586
6000,586.05,1.070875316,1.58605
6000,586.1,1.070829962,1.5861
6000,586.15,1.070784588,1.58615
6000,586.2,1.070739194,1.5862
6000,586.25,1.07069378,1.58625
6000,586.3,1.070648346,1.5863
6000,586.35,1.070602891,1.58635
6000,586.4,1.070557417,1.5864
6000,586.45,1.070511922,1.58645
6000,586.5,1.070466408,1.5865
6000,586.55,1.070420874,1.58655
6000,586.6,1.070375319,1.5866
6000,586.65,1.070329745,1.58665
6000,586.7,1.07028415,1.5867
6000,586.75,1.070238536,1.58675
6000,586.8,1.070192902,1.5868
6000,586.85,1.070147247,1.58685
6000,586.9,1.070101573,1.5869
6000,586.95,1.070055879,1.58695
6000,587,1.070010165,1.587
6000,587.05,1.069964431,1.58705
6000,587.1,1.069918677,1.5871
6000,587.15,1.069872903,1.58715
6000,587.2,1.069827109,1.5872
6000,587.25,1.069781296,1.58725
6000,587.3,1.069735462,1.5873
6000,587.35,1.069689609,1.58735
6000,587.4,1.069643736,1.5874
6000,587.45,1.069597843,1.58745
6000,587.5,1.06955193,1.5875
6000,587.55,1.069505998,1.58755
6000,587.6,1.069460045,1.5876
6000,587.65,1.069414073,1.58765
6000,587.7,1.069368081,1.5877
6000,587.75,1.069322069,1.58775
6000,587.8,1.069276038,1.5878
6000,587.85,1.069229987,1.58785
6000,587.9,1.069183916,1.5879
6000,587.95,1.069137825,1.58795
6000,588,1.069091714,1.588
6000,588.05,1.069045584,1.58805
6000,588.1,1.068999434,1.5881
6000,588.15,1.068953265,1.58815
6000,588.2,1.068907076,1.5882
6000,588.25,1.068860867,1.58825
6000,588.3,1.068814638,1.5883
6000,588.35,1.06876839,1.58835
6000,588.4,1.068722122,1.5884
6000,588.45,1.068675835,1.58845
6000,588.5,1.068629528,1.5885
6000,588.55,1.068583201,1.58855
6000,588.6,1.068536855,1.5886
6000,588.65,1.068490489,1.58865
6000,588.7,1.068444103,1.5887
6000,588.75,1.068397698,1.58875
6000,588.8,1.068351274,1.5888
6000,588.85,1.068304829,1.58885
6000,588.9,1.068258366,1.5889
6000,588.95,1.068211882,1.58895
6000,589,1.06816538,1.589
6000,589.05,1.068118858,1.58905
6000,589.1,1.068072316,1.5891
6000,589.15,1.068025755,1.58915
6000,589.2,1.067979174,1.5892
6000,589.25,1.067932574,1.58925
6000,589.3,1.067885954,1.5893
6000,589.35,1.067839315,1.58935
6000,589.4,1.067792656,1.5894
6000,589.45,1.067745979,1.58945
6000,589.5,1.067699281,1.5895
6000,589.55,1.067652564,1.58955
6000,589.6,1.067605828,1.5896
6000,589.65,1.067559073,1.58965
6000,589.7,1.067512298,1.5897
6000,589.75,1.067465504,1.58975
6000,589.8,1.06741869,1.5898
6000,589.85,1.067371857,1.58985
6000,589.9,1.067325005,1.5899
6000,589.95,1.067278133,1.58995
6000,590,1.067231242,1.59
6000,590.05,1.067184332,1.59005
6000,590.1,1.067137402,1.5901
6000,590.15,1.067090454,1.59015
6000,590.2,1.067043486,1.5902
6000,590.25,1.066996498,1.59025
6000,590.3,1.066949492,1.5903
6000,590.35,1.066902466,1.59035
6000,590.4,1.066855421,1.5904
6000,590.45,1.066808356,1.59045
6000,590.5,1.066761273,1.5905
6000,590.55,1.06671417,1.59055
6000,590.6,1.066667048,1.5906
6000,590.65,1.066619907,1.59065
6000,590.7,1.066572747,1.5907
6000,590.75,1.066525568,1.59075
6000,590.8,1.066478369,1.5908
6000,590.85,1.066431152,1.59085
6000,590.9,1.066383915,1.5909
6000,590.95,1.066336659,1.59095
6000,591,1.066289384,1.591
6000,591.05,1.06624209,1.59105
6000,591.1,1.066194776,1.5911
6000,591.15,1.066147444,1.59115
6000,591.2,1.066100093,1.5912
6000,591.25,1.066052722,1.59125
6000,591.3,1.066005333,1.5913
6000,591.35,1.065957925,1.59135
6000,591.4,1.065910497,1.5914
6000,591.45,1.065863051,1.59145
6000,591.5,1.065815585,1.5915
6000,591.55,1.065768101,1.59155
6000,591.6,1.065720597,1.5916
6000,591.65,1.065673075,1.59165
6000,591.7,1.065625533,1.5917
6000,591.75,1.065577973,1.59175
6000,591.8,1.065530393,1.5918
6000,591.85,1.065482795,1.59185
6000,591.9,1.065435178,1.5919
6000,591.95,1.065387542,1.59195
6000,592,1.065339887,1.592
6000,592.05,1.065292213,1.59205
6000,592.1,1.06524452,1.5921
6000,592.15,1.065196809,1.59215
6000,592.2,1.065149078,1.5922
6000,592.25,1.065101329,1.59225
6000,592.3,1.065053561,1.5923
6000,592.35,1.065005774,1.59235
6000,592.4,1.064957968,1.5924
6000,592.45,1.064910144,1.59245
6000,592.5,1.0648623,1.5925
6000,592.55,1.064814438,1.59255
6000,592.6,1.064766557,1.5926
6000,592.65,1.064718657,1.59265
6000,592.7,1.064670739,1.5927
6000,592.75,1.064622802,1.59275
6000,592.8,1.064574846,1.5928
6000,592.85,1.064526871,1.59285
6000,592.9,1.064478878,1.5929
6000,592.95,1.064430866,1.59295
6000,593,1.064382835,1.593
6000,593.05,1.064334786,1.59305
6000,593.1,1.064286717,1.5931
6000,593.15,1.064238631,1.59315
6000,593.2,1.064190525,1.5932
6000,593.25,1.064142401,1.59325
6000,593.3,1.064094259,1.5933
6000,593.35,1.064046097,1.59335
6000,593.4,1.063997917,1.5934
6000,593.45,1.063949719,1.59345
6000,593.5,1.063901502,1.5935
6000,593.55,1.063853266,1.59355
6000,593.6,1.063805012,1.5936
6000,593.65,1.063756739,1.59365
6000,593.7,1.063708448,1.5937
6000,593.75,1.063660138,1.59375
6000,593.8,1.06361181,1.5938
6000,593.85,1.063563463,1.59385
6000,593.9,1.063515097,1.5939
6000,593.95,1.063466714,1.59395
6000,594,1.063418311,1.594
6000,594.05,1.06336989,1.59405
6000,594.1,1.063321451,1.5941
6000,594.15,1.063272993,1.59415
6000,594.2,1.063224517,1.5942
6000,594.25,1.063176023,1.59425
6000,594.3,1.06312751,1.5943
6000,594.35,1.063078978,1.59435
6000,594.4,1.063030428,1.5944
6000,594.45,1.06298186,1.59445
6000,594.5,1.062933274,1.5945
6000,594.55,1.062884669,1.59455
6000,594.6,1.062836045,1.5946
6000,594.65,1.062787404,1.59465
6000,594.7,1.062738744,1.5947
6000,594.75,1.062690065,1.59475
6000,594.8,1.062641369,1.5948
6000,594.85,1.062592654,1.59485
6000,594.9,1.062543921,1.5949
6000,594.95,1.062495169,1.59495
6000,595,1.062446399,1.595
6000,595.05,1.062397611,1.59505
6000,595.1,1.062348805,1.5951
6000,595.15,1.062299981,1.59515
6000,595.2,1.062251138,1.5952
6000,595.25,1.062202277,1.59525
6000,595.3,1.062153398,1.5953
6000,595.35,1.062104501,1.59535
6000,595.4,1.062055585,1.5954
6000,595.45,1.062006651,1.59545
6000,595.5,1.0619577,1.5955
6000,595.55,1.06190873,1.59555
6000,595.6,1.061859741,1.5956
6000,595.65,1.061810735,1.59565
6000,595.7,1.061761711,1.5957
6000,595.75,1.061712668,1.59575
6000,595.8,1.061663608,1.5958
6000,595.85,1.061614529,1.59585
6000,595.9,1.061565432,1.5959
6000,595.95,1.061516317,1.59595
6000,596,1.061467184,1.596
6000,596.05,1.061418033,1.59605
6000,596.1,1.061368864,1.5961
6000,596.15,1.061319677,1.59615
6000,596.2,1.061270472,1.5962
6000,596.25,1.061221249,1.59625
6000,596.3,1.061172008,1.5963
6000,596.35,1.061122749,1.59635
6000,596.4,1.061073472,1.5964
6000,596.45,1.061024177,1.59645
6000,596.5,1.060974864,1.5965
6000,596.55,1.060925534,1.59655
6000,596.6,1.060876185,1.5966
6000,596.65,1.060826818,1.59665
6000,596.7,1.060777434,1.5967
6000,596.75,1.060728031,1.59675
6000,596.8,1.060678611,1.5968
6000,596.85,1.060629172,1.59685
6000,596.9,1.060579716,1.5969
6000,596.95,1.060530242,1.59695
6000,597,1.060480751,1.597
6000,597.05,1.060431241,1.59705
6000,597.1,1.060381713,1.5971
6000,597.15,1.060332168,1.59715
6000,597.2,1.060282605,1.5972
6000,597.25,1.060233024,1.59725
6000,597.3,1.060183426,1.5973
6000,597.35,1.060133809,1.59735
6000,597.4,1.060084175,1.5974
6000,597.45,1.060034523,1.59745
6000,597.5,1.059984853,1.5975
6000,597.55,1.059935166,1.59755
6000,597.6,1.059885461,1.5976
6000,597.65,1.059835738,1.59765
6000,597.7,1.059785998,1.5977
6000,597.75,1.059736239,1.59775
6000,597.8,1.059686463,1.5978
6000,597.85,1.05963667,1.59785
6000,597.9,1.059586859,1.5979
6000,597.95,1.05953703,1.59795
6000,598,1.059487184,1.598
6000,598.05,1.059437319,1.59805
6000,598.1,1.059387438,1.5981
6000,598.15,1.059337539,1.59815
6000,598.2,1.059287622,1.5982
6000,598.25,1.059237687,1.59825
6000,598.3,1.059187735,1.5983
6000,598.35,1.059137766,1.59835
6000,598.4,1.059087779,1.5984
6000,598.45,1.059037774,1.59845
6000,598.5,1.058987752,1.5985
6000,598.55,1.058937712,1.59855
6000,598.6,1.058887655,1.5986
6000,598.65,1.05883758,1.59865
6000,598.7,1.058787488,1.5987
6000,598.75,1.058737379,1.59875
6000,598.8,1.058687252,1.5988
6000,598.85,1.058637107,1.59885
6000,598.9,1.058586945,1.5989
6000,598.95,1.058536766,1.59895
6000,599,1.058486569,1.599
6000,599.05,1.058436355,1.59905
6000,599.1,1.058386123,1.5991
6000,599.15,1.058335874,1.59915
6000,599.2,1.058285608,1.5992
6000,599.25,1.058235324,1.59925
6000,599.3,1.058185023,1.5993
6000,599.35,1.058134705,1.59935
6000,599.4,1.058084369,1.5994
6000,599.45,1.058034016,1.59945
6000,599.5,1.057983646,1.5995
6000,599.55,1.057933258,1.59955
6000,599.6,1.057882853,1.5996
6000,599.65,1.057832431,1.59965
6000,599.7,1.057781991,1.5997
6000,599.75,1.057731535,1.59975
6000,599.8,1.057681061,1.5998
6000,599.85,1.05763057,1.59985
6000,599.9,1.057580061,1.5999
6000,599.95,1.057529536,1.59995
6000,600,1.057478993,1.6
6000,600.05,1.057428433,1.60005
6000,600.1,1.057377856,1.6001
6000,600.15,1.057327261,1.60015
6000,600.2,1.05727665,1.6002
6000,600.25,1.057226021,1.60025
6000,600.3,1.057175375,1.6003
6000,600.35,1.057124713,1.60035
6000,600.4,1.057074033,1.6004
6000,600.45,1.057023335,1.60045
6000,600.5,1.056972621,1.6005
6000,600.55,1.05692189,1.60055
6000,600.6,1.056871142,1.6006
6000,600.65,1.056820376,1.60065
6000,600.7,1.056769594,1.6007
6000,600.75,1.056718794,1.60075
6000,600.8,1.056667978,1.6008
6000,600.85,1.056617144,1.60085
6000,600.9,1.056566294,1.6009
6000,600.95,1.056515426,1.60095
6000,601,1.056464542,1.601
6000,601.05,1.05641364,1.60105
6000,601.1,1.056362722,1.6011
6000,601.15,1.056311787,1.60115
6000,601.2,1.056260834,1.6012
6000,601.25,1.056209865,1.60125
6000,601.3,1.056158879,1.6013
6000,601.35,1.056107876,1.60135
6000,601.4,1.056056856,1.6014
6000,601.45,1.056005819,1.60145
6000,601.5,1.055954765,1.6015
6000,601.55,1.055903695,1.60155
6000,601.6,1.055852607,1.6016
6000,601.65,1.055801503,1.60165
6000,601.7,1.055750382,1.6017
6000,601.75,1.055699244,1.60175
6000,601.8,1.055648089,1.6018
6000,601.85,1.055596918,1.60185
6000,601.9,1.05554573,1.6019
6000,601.95,1.055494524,1.60195
6000,602,1.055443303,1.602
6000,602.05,1.055392064,1.60205
6000,602.1,1.055340809,1.6021
6000,602.15,1.055289537,1.60215
6000,602.2,1.055238248,1.6022
6000,602.25,1.055186942,1.60225
6000,602.3,1.05513562,1.6023
6000,602.35,1.055084281,1.60235
6000,602.4,1.055032926,1.6024
6000,602.45,1.054981554,1.60245
6000,602.5,1.054930165,1.6025
6000,602.55,1.054878759,1.60255
6000,602.6,1.054827337,1.6026
6000,602.65,1.054775898,1.60265
6000,602.7,1.054724443,1.6027
6000,602.75,1.054672971,1.60275
6000,602.8,1.054621483,1.6028
6000,602.85,1.054569977,1.60285
6000,602.9,1.054518456,1.6029
6000,602.95,1.054466918,1.60295
6000,603,1.054415363,1.603
6000,603.05,1.054363791,1.60305
6000,603.1,1.054312204,1.6031
6000,603.15,1.054260599,1.60315
6000,603.2,1.054208978,1.6032
6000,603.25,1.054157341,1.60325
6000,603.3,1.054105687,1.6033
6000,603.35,1.054054017,1.60335
6000,603.4,1.05400233,1.6034
6000,603.45,1.053950627,1.60345
6000,603.5,1.053898907,1.6035
6000,603.55,1.053847171,1.60355
6000,603.6,1.053795419,1.6036
6000,603.65,1.05374365,1.60365
6000,603.7,1.053691865,1.6037
6000,603.75,1.053640063,1.60375
6000,603.8,1.053588245,1.6038
6000,603.85,1.053536411,1.60385
6000,603.9,1.05348456,1.6039
6000,603.95,1.053432693,1.60395
6000,604,1.05338081,1.604
6000,604.05,1.05332891,1.60405
6000,604.1,1.053276994,1.6041
6000,604.15,1.053225062,1.60415
6000,604.2,1.053173113,1.6042
6000,604.25,1.053121148,1.60425
6000,604.3,1.053069167,1.6043
6000,604.35,1.05301717,1.60435
6000,604.4,1.052965156,1.6044
6000,604.45,1.052913127,1.60445
6000,604.5,1.052861081,1.6045
6000,604.55,1.052809018,1.60455
6000,604.6,1.05275694,1.6046
6000,604.65,1.052704845,1.60465
6000,604.7,1.052652735,1.6047
6000,604.75,1.052600608,1.60475
6000,604.8,1.052548465,1.6048
6000,604.85,1.052496306,1.60485
6000,604.9,1.05244413,1.6049
6000,604.95,1.052391939,1.60495
6000,605,1.052339731,1.605
6000,605.05,1.052287508,1.60505
6000,605.1,1.052235268,1.6051
6000,605.15,1.052183012,1.60515
6000,605.2,1.05213074,1.6052
6000,605.25,1.052078453,1.60525
6000,605.3,1.052026149,1.6053
6000,605.35,1.051973829,1.60535
6000,605.4,1.051921493,1.6054
6000,605.45,1.051869141,1.60545
6000,605.5,1.051816773,1.6055
6000,605.55,1.051764389,1.60555
6000,605.6,1.051711989,1.6056
6000,605.65,1.051659573,1.60565
6000,605.7,1.051607141,1.6057
6000,605.75,1.051554694,1.60575
6000,605.8,1.05150223,1.6058
6000,605.85,1.05144975,1.60585
6000,605.9,1.051397255,1.6059
6000,605.95,1.051344743,1.60595
6000,606,1.051292216,1.606
6000,606.05,1.051239673,1.60605
6000,606.1,1.051187114,1.6061
6000,606.15,1.051134539,1.60615
6000,606.2,1.051081948,1.6062
6000,606.25,1.051029342,1.60625
6000,606.3,1.05097672,1.6063
6000,606.35,1.050924081,1.60635
6000,606.4,1.050871428,1.6064
6000,606.45,1.050818758,1.60645
6000,606.5,1.050766072,1.6065
6000,606.55,1.050713371,1.60655
6000,606.6,1.050660654,1.6066
6000,606.65,1.050607921,1.60665
6000,606.7,1.050555173,1.6067
6000,606.75,1.050502409,1.60675
6000,606.8,1.050449629,1.6068
6000,606.85,1.050396833,1.60685
6000,606.9,1.050344022,1.6069
6000,606.95,1.050291195,1.60695
6000,607,1.050238353,1.607
6000,607.05,1.050185494,1.60705
6000,607.1,1.050132621,1.6071
6000,607.15,1.050079731,1.60715
6000,607.2,1.050026826,1.6072
6000,607.25,1.049973905,1.60725
6000,607.3,1.049920969,1.6073
6000,607.35,1.049868017,1.60735
6000,607.4,1.04981505,1.6074
6000,607.45,1.049762067,1.60745
6000,607.5,1.049709068,1.6075
6000,607.55,1.049656054,1.60755
6000,607.6,1.049603024,1.6076
6000,607.65,1.049549979,1.60765
6000,607.7,1.049496919,1.6077
6000,607.75,1.049443842,1.60775
6000,607.8,1.049390751,1.6078
6000,607.85,1.049337644,1.60785
6000,607.9,1.049284521,1.6079
6000,607.95,1.049231383,1.60795
6000,608,1.04917823,1.608
6000,608.05,1.049125061,1.60805
6000,608.1,1.049071877,1.6081
6000,608.15,1.049018677,1.60815
6000,608.2,1.048965462,1.6082
6000,608.25,1.048912231,1.60825
6000,608.3,1.048858986,1.6083
6000,608.35,1.048805724,1.60835
6000,608.4,1.048752448,1.6084
6000,608.45,1.048699156,1.60845
6000,608.5,1.048645849,1.6085
6000,608.55,1.048592526,1.60855
6000,608.6,1.048539189,1.6086
6000,608.65,1.048485836,1.60865
6000,608.7,1.048432467,1.6087
6000,608.75,1.048379084,1.60875
6000,608.8,1.048325685,1.6088
6000,608.85,1.048272271,1.60885
6000,608.9,1.048218841,1.6089
6000,608.95,1.048165397,1.60895
6000,609,1.048111937,1.609
6000,609.05,1.048058462,1.60905
6000,609.1,1.048004972,1.6091
6000,609.15,1.047951466,1.60915
6000,609.2,1.047897946,1.6092
6000,609.25,1.04784441,1.60925
6000,609.3,1.047790859,1.6093
6000,609.35,1.047737293,1.60935
6000,609.4,1.047683712,1.6094
6000,609.45,1.047630116,1.60945
6000,609.5,1.047576504,1.6095
6000,609.55,1.047522878,1.60955
6000,609.6,1.047469236,1.6096
6000,609.65,1.04741558,1.60965
6000,609.7,1.047361908,1.6097
6000,609.75,1.047308222,1.60975
6000,609.8,1.04725452,1.6098
6000,609.85,1.047200803,1.60985
6000,609.9,1.047147072,1.6099
6000,609.95,1.047093325,1.60995
6000,610,1.047039563,1.61
6000,610.05,1.046985786,1.61005
6000,610.1,1.046931995,1.6101
6000,610.15,1.046878188,1.61015
6000,610.2,1.046824367,1.6102
6000,610.25,1.04677053,1.61025
6000,610.3,1.046716679,1.6103
6000,610.35,1.046662812,1.61035
6000,610.4,1.046608931,1.6104
6000,610.45,1.046555035,1.61045
6000,610.5,1.046501124,1.6105
6000,610.55,1.046447198,1.61055
6000,610.6,1.046393258,1.6106
6000,610.65,1.046339302,1.61065
6000,610.7,1.046285332,1.6107
6000,610.75,1.046231346,1.61075
6000,610.8,1.046177346,1.6108
6000,610.85,1.046123332,1.61085
6000,610.9,1.046069302,1.6109
6000,610.95,1.046015258,1.61095
6000,611,1.045961199,1.611
6000,611.05,1.045907125,1.61105
6000,611.1,1.045853036,1.6111
6000,611.15,1.045798933,1.61115
6000,611.2,1.045744815,1.6112
6000,611.25,1.045690682,1.61125
6000,611.3,1.045636535,1.6113
6000,611.35,1.045582372,1.61135
6000,611.4,1.045528196,1.6114
6000,611.45,1.045474004,1.61145
6000,611.5,1.045419798,1.6115
6000,611.55,1.045365577,1.61155
6000,611.6,1.045311342,1.6116
6000,611.65,1.045257092,1.61165
6000,611.7,1.045202827,1.6117
6000,611.75,1.045148548,1.61175
6000,611.8,1.045094254,1.6118
6000,611.85,1.045039946,1.61185
6000,611.9,1.044985623,1.6119
6000,611.95,1.044931285,1.61195
6000,612,1.044876933,1.612
6000,612.05,1.044822567,1.61205
6000,612.1,1.044768186,1.6121
6000,612.15,1.04471379,1.61215
6000,612.2,1.04465938,1.6122
6000,612.25,1.044604956,1.61225
6000,612.3,1.044550517,1.6123
6000,612.35,1.044496063,1.61235
6000,612.4,1.044441595,1.6124
6000,612.45,1.044387113,1.61245
6000,612.5,1.044332616,1.6125
6000,612.55,1.044278105,1.61255
6000,612.6,1.044223579,1.6126
6000,612.65,1.044169039,1.61265
6000,612.7,1.044114485,1.6127
6000,612.75,1.044059916,1.61275
6000,612.8,1.044005333,1.6128
6000,612.85,1.043950736,1.61285
6000,612.9,1.043896124,1.6129
6000,612.95,1.043841498,1.61295
6000,613,1.043786858,1.613
6000,613.05,1.043732203,1.61305
6000,613.1,1.043677534,1.6131
6000,613.15,1.043622851,1.61315
6000,613.2,1.043568153,1.6132
6000,613.25,1.043513441,1.61325
6000,613.3,1.043458715,1.6133
6000,613.35,1.043403975,1.61335
6000,613.4,1.043349221,1.6134
6000,613.45,1.043294452,1.61345
6000,613.5,1.043239669,1.6135
6000,613.55,1.043184872,1.61355
6000,613.6,1.043130061,1.6136
6000,613.65,1.043075235,1.61365
6000,613.7,1.043020396,1.6137
6000,613.75,1.042965542,1.61375
6000,613.8,1.042910674,1.6138
6000,613.85,1.042855792,1.61385
6000,613.9,1.042800896,1.6139
6000,613.95,1.042745986,1.61395
6000,614,1.042691062,1.614
6000,614.05,1.042636123,1.61405
6000,614.1,1.042581171,1.6141
6000,614.15,1.042526205,1.61415
6000,614.2,1.042471224,1.6142
6000,614.25,1.04241623,1.61425
6000,614.3,1.042361221,1.6143
6000,614.35,1.042306199,1.61435
6000,614.4,1.042251162,1.6144
6000,614.45,1.042196112,1.61445
6000,614.5,1.042141047,1.6145
6000,614.55,1.042085969,1.61455
6000,614.6,1.042030876,1.6146
6000,614.65,1.04197577,1.61465
6000,614.7,1.04192065,1.6147
6000,614.75,1.041865516,1.61475
6000,614.8,1.041810368,1.6148
6000,614.85,1.041755206,1.61485
6000,614.9,1.04170003,1.6149
6000,614.95,1.04164484,1.61495
6000,615,1.041589637,1.615
6000,615.05,1.041534419,1.61505
6000,615.1,1.041479188,1.6151
6000,615.15,1.041423943,1.61515
6000,615.2,1.041368684,1.6152
6000,615.25,1.041313412,1.61525
6000,615.3,1.041258125,1.6153
6000,615.35,1.041202825,1.61535
6000,615.4,1.041147511,1.6154
6000,615.45,1.041092183,1.61545
6000,615.5,1.041036842,1.6155
6000,615.55,1.040981486,1.61555
6000,615.6,1.040926117,1.6156
6000,615.65,1.040870735,1.61565
6000,615.7,1.040815338,1.6157
6000,615.75,1.040759928,1.61575
6000,615.8,1.040704505,1.6158
6000,615.85,1.040649067,1.61585
6000,615.9,1.040593616,1.6159
6000,615.95,1.040538152,1.61595
6000,616,1.040482673,1.616
6000,616.05,1.040427181,1.61605
6000,616.1,1.040371676,1.6161
6000,616.15,1.040316157,1.61615
6000,616.2,1.040260624,1.6162
6000,616.25,1.040205078,1.61625
6000,616.3,1.040149518,1.6163
6000,616.35,1.040093945,1.61635
6000,616.4,1.040038358,1.6164
6000,616.45,1.039982757,1.61645
6000,616.5,1.039927143,1.6165
6000,616.55,1.039871516,1.61655
6000,616.6,1.039815875,1.6166
6000,616.65,1.03976022,1.61665
6000,616.7,1.039704552,1.6167
6000,616.75,1.039648871,1.61675
6000,616.8,1.039593176,1.6168
6000,616.85,1.039537468,1.61685
6000,616.9,1.039481746,1.6169
6000,616.95,1.039426011,1.61695
6000,617,1.039370263,1.617
6000,617.05,1.039314501,1.61705
6000,617.1,1.039258726,1.6171
6000,617.15,1.039202937,1.61715
6000,617.2,1.039147135,1.6172
6000,617.25,1.03909132,1.61725
6000,617.3,1.039035491,1.6173
6000,617.35,1.038979649,1.61735
6000,617.4,1.038923794,1.6174
6000,617.45,1.038867925,1.61745
6000,617.5,1.038812043,1.6175
6000,617.55,1.038756148,1.61755
6000,617.6,1.03870024,1.6176
6000,617.65,1.038644318,1.61765
6000,617.7,1.038588383,1.6177
6000,617.75,1.038532435,1.61775
6000,617.8,1.038476474,1.6178
6000,617.85,1.038420499,1.61785
6000,617.9,1.038364511,1.6179
6000,617.95,1.03830851,1.61795
6000,618,1.038252496,1.618
6000,618.05,1.038196469,1.61805
6000,618.1,1.038140429,1.6181
6000,618.15,1.038084375,1.61815
6000,618.2,1.038028308,1.6182
6000,618.25,1.037972229,1.61825
6000,618.3,1.037916136,1.6183
6000,618.35,1.03786003,1.61835
6000,618.4,1.037803911,1.6184
6000,618.45,1.037747779,1.61845
6000,618.5,1.037691633,1.6185
6000,618.55,1.037635475,1.61855
6000,618.6,1.037579304,1.6186
6000,618.65,1.03752312,1.61865
6000,618.7,1.037466922,1.6187
6000,618.75,1.037410712,1.61875
6000,618.8,1.037354489,1.6188
6000,618.85,1.037298252,1.61885
6000,618.9,1.037242003,1.6189
6000,618.95,1.037185741,1.61895
6000,619,1.037129466,1.619
6000,619.05,1.037073178,1.61905
6000,619.1,1.037016877,1.6191
6000,619.15,1.036960563,1.61915
6000,619.2,1.036904236,1.6192
6000,619.25,1.036847896,1.61925
6000,619.3,1.036791544,1.6193
6000,619.35,1.036735178,1.61935
6000,619.4,1.0366788,1.6194
6000,619.45,1.036622409,1.61945
6000,619.5,1.036566005,1.6195
6000,619.55,1.036509588,1.61955
6000,619.6,1.036453158,1.6196
6000,619.65,1.036396716,1.61965
6000,619.7,1.036340261,1.6197
6000,619.75,1.036283793,1.61975
6000,619.8,1.036227312,1.6198
6000,619.85,1.036170819,1.61985
6000,619.9,1.036114313,1.6199
6000,619.95,1.036057794,1.61995
6000,620,1.036001262,1.62
6000,620.05,1.035944718,1.62005
6000,620.1,1.035888161,1.6201
6000,620.15,1.035831591,1.62015
6000,620.2,1.035775009,1.6202
6000,620.25,1.035718414,1.62025
6000,620.3,1.035661806,1.6203
6000,620.35,1.035605186,1.62035
6000,620.4,1.035548553,1.6204
6000,620.45,1.035491908,1.62045
6000,620.5,1.035435249,1.6205
6000,620.55,1.035378579,1.62055
6000,620.6,1.035321896,1.6206
6000,620.65,1.0352652,1.62065
6000,620.7,1.035208491,1.6207
6000,620.75,1.03515177,1.62075
6000,620.8,1.035095037,1.6208
6000,620.85,1.035038291,1.62085
6000,620.9,1.034981532,1.6209
6000,620.95,1.034924761,1.62095
6000,621,1.034867978,1.621
6000,621.05,1.034811182,1.62105
6000,621.1,1.034754374,1.6211
6000,621.15,1.034697553,1.62115
6000,621.2,1.03464072,1.6212
6000,621.25,1.034583874,1.62125
6000,621.3,1.034527016,1.6213
6000,621.35,1.034470145,1.62135
6000,621.4,1.034413262,1.6214
6000,621.45,1.034356367,1.62145
6000,621.5,1.034299459,1.6215
6000,621.55,1.034242539,1.62155
6000,621.6,1.034185607,1.6216
6000,621.65,1.034128662,1.62165
6000,621.7,1.034071705,1.6217
6000,621.75,1.034014736,1.62175
6000,621.8,1.033957754,1.6218
6000,621.85,1.03390076,1.62185
6000,621.9,1.033843754,1.6219
6000,621.95,1.033786736,1.62195
6000,622,1.033729705,1.622
6000,622.05,1.033672662,1.62205
6000,622.1,1.033615607,1.6221
6000,622.15,1.033558539,1.62215
6000,622.2,1.03350146,1.6222
6000,622.25,1.033444368,1.62225
6000,622.3,1.033387264,1.6223
6000,622.35,1.033330148,1.62235
6000,622.4,1.033273019,1.6224
6000,622.45,1.033215879,1.62245
6000,622.5,1.033158726,1.6225
6000,622.55,1.033101561,1.62255
6000,622.6,1.033044385,1.6226
6000,622.65,1.032987196,1.62265
6000,622.7,1.032929994,1.6227
6000,622.75,1.032872781,1.62275
6000,622.8,1.032815556,1.6228
6000,622.85,1.032758319,1.62285
6000,622.9,1.03270107,1.6229
6000,622.95,1.032643808,1.62295
6000,623,1.032586535,1.623
6000,623.05,1.032529249,1.62305
6000,623.1,1.032471952,1.6231
6000,623.15,1.032414643,1.62315
6000,623.2,1.032357321,1.6232
6000,623.25,1.032299988,1.62325
6000,623.3,1.032242643,1.6233
6000,623.35,1.032185285,1.62335
6000,623.4,1.032127916,1.6234
6000,623.45,1.032070535,1.62345
6000,623.5,1.032013142,1.6235
6000,623.55,1.031955737,1.62355
6000,623.6,1.031898321,1.6236
6000,623.65,1.031840892,1.62365
6000,623.7,1.031783451,1.6237
6000,623.75,1.031725999,1.62375
6000,623.8,1.031668535,1.6238
6000,623.85,1.031611059,1.62385
6000,623.9,1.031553571,1.6239
6000,623.95,1.031496071,1.62395
6000,624,1.03143856,1.624
6000,624.05,1.031381037,1.62405
6000,624.1,1.031323502,1.6241
6000,624.15,1.031265955,1.62415
6000,624.2,1.031208397,1.6242
6000,624.25,1.031150826,1.62425
6000,624.3,1.031093245,1.6243
6000,624.35,1.031035651,1.62435
6000,624.4,1.030978046,1.6244
6000,624.45,1.030920428,1.62445
6000,624.5,1.0308628,1.6245
6000,624.55,1.030805159,1.62455
6000,624.6,1.030747507,1.6246
6000,624.65,1.030689844,1.62465
6000,624.7,1.030632168,1.6247
6000,624.75,1.030574481,1.62475
6000,624.8,1.030516783,1.6248
6000,624.85,1.030459073,1.62485
6000,624.9,1.030401351,1.6249
6000,624.95,1.030343618,1.62495
6000,625,1.030285873,1.625
6000,625.05,1.030228117,1.62505
6000,625.1,1.030170349,1.6251
6000,625.15,1.030112569,1.62515
6000,625.2,1.030054778,1.6252
6000,625.25,1.029996976,1.62525
6000,625.3,1.029939162,1.6253
6000,625.35,1.029881336,1.62535
6000,625.4,1.029823499,1.6254
6000,625.45,1.029765651,1.62545
6000,625.5,1.029707791,1.6255
6000,625.55,1.02964992,1.62555
6000,625.6,1.029592037,1.6256
6000,625.65,1.029534143,1.62565
6000,625.7,1.029476238,1.6257
6000,625.75,1.029418321,1.62575
6000,625.8,1.029360392,1.6258
6000,625.85,1.029302453,1.62585
6000,625.9,1.029244502,1.6259
6000,625.95,1.029186539,1.62595
6000,626,1.029128566,1.626
6000,626.05,1.029070581,1.62605
6000,626.1,1.029012584,1.6261
6000,626.15,1.028954577,1.62615
6000,626.2,1.028896558,1.6262
6000,626.25,1.028838528,1.62625
6000,626.3,1.028780487,1.6263
6000,626.35,1.028722434,1.62635
6000,626.4,1.02866437,1.6264
6000,626.45,1.028606295,1.62645
6000,626.5,1.028548209,1.6265
6000,626.55,1.028490111,1.62655
6000,626.6,1.028432002,1.6266
6000,626.65,1.028373882,1.62665
6000,626.7,1.028315751,1.6267
6000,626.75,1.028257609,1.62675
6000,626.8,1.028199456,1.6268
6000,626.85,1.028141291,1.62685
6000,626.9,1.028083116,1.6269
6000,626.95,1.028024929,1.62695
6000,627,1.027966731,1.627
6000,627.05,1.027908522,1.62705
6000,627.1,1.027850302,1.6271
6000,627.15,1.027792071,1.62715
6000,627.2,1.027733829,1.6272
6000,627.25,1.027675576,1.62725
6000,627.3,1.027617311,1.6273
6000,627.35,1.027559036,1.62735
6000,627.4,1.02750075,1.6274
6000,627.45,1.027442453,1.62745
6000,627.5,1.027384145,1.6275
6000,627.55,1.027325825,1.62755
6000,627.6,1.027267495,1.6276
6000,627.65,1.027209154,1.62765
6000,627.7,1.027150802,1.6277
6000,627.75,1.027092439,1.62775
6000,627.8,1.027034065,1.6278
6000,627.85,1.026975681,1.62785
6000,627.9,1.026917285,1.6279
6000,627.95,1.026858878,1.62795
6000,628,1.026800461,1.628
6000,628.05,1.026742033,1.62805
6000,628.1,1.026683594,1.6281
6000,628.15,1.026625144,1.62815
6000,628.2,1.026566683,1.6282
6000,628.25,1.026508211,1.62825
6000,628.3,1.026449729,1.6283
6000,628.35,1.026391236,1.62835
6000,628.4,1.026332732,1.6284
6000,628.45,1.026274217,1.62845
6000,628.5,1.026215692,1.6285
6000,628.55,1.026157156,1.62855
6000,628.6,1.026098609,1.6286
6000,628.65,1.026040051,1.62865
6000,628.7,1.025981483,1.6287
6000,628.75,1.025922904,1.62875
6000,628.8,1.025864314,1.6288
6000,628.85,1.025805714,1.62885
6000,628.9,1.025747103,1.6289
6000,628.95,1.025688481,1.62895
6000,629,1.025629849,1.629
6000,629.05,1.025571206,1.62905
6000,629.1,1.025512552,1.6291
6000,629.15,1.025453888,1.62915
6000,629.2,1.025395213,1.6292
6000,629.25,1.025336528,1.62925
6000,629.3,1.025277832,1.6293
6000,629.35,1.025219125,1.62935
6000,629.4,1.025160408,1.6294
6000,629.45,1.025101681,1.62945
6000,629.5,1.025042943,1.6295
6000,629.55,1.024984194,1.62955
6000,629.6,1.024925435,1.6296
6000,629.65,1.024866666,1.62965
6000,629.7,1.024807886,1.6297
6000,629.75,1.024749095,1.62975
6000,629.8,1.024690294,1.6298
6000,629.85,1.024631483,1.62985
6000,629.9,1.024572661,1.6299
6000,629.95,1.024513829,1.62995
6000,630,1.024454986,1.63
6000,630.05,1.024396133,1.63005
6000,630.1,1.02433727,1.6301
6000,630.15,1.024278396,1.63015
6000,630.2,1.024219512,1.6302
6000,630.25,1.024160617,1.63025
6000,630.3,1.024101713,1.6303
6000,630.35,1.024042797,1.63035
6000,630.4,1.023983872,1.6304
6000,630.45,1.023924936,1.63045
6000,630.5,1.02386599,1.6305
6000,630.55,1.023807034,1.63055
6000,630.6,1.023748067,1.6306
6000,630.65,1.02368909,1.63065
6000,630.7,1.023630103,1.6307
6000,630.75,1.023571106,1.63075
6000,630.8,1.023512098,1.6308
6000,630.85,1.023453081,1.63085
6000,630.9,1.023394053,1.6309
6000,630.95,1.023335015,1.63095
6000,631,1.023275966,1.631
6000,631.05,1.023216908,1.63105
6000,631.1,1.023157839,1.6311
6000,631.15,1.023098761,1.63115
6000,631.2,1.023039672,1.6312
6000,631.25,1.022980573,1.63125
6000,631.3,1.022921464,1.6313
6000,631.35,1.022862344,1.63135
6000,631.4,1.022803215,1.6314
6000,631.45,1.022744076,1.63145
6000,631.5,1.022684926,1.6315
6000,631.55,1.022625767,1.63155
6000,631.6,1.022566597,1.6316
6000,631.65,1.022507418,1.63165
6000,631.7,1.022448228,1.6317
6000,631.75,1.022389029,1.63175
6000,631.8,1.022329819,1.6318
6000,631.85,1.0222706,1.63185
6000,631.9,1.022211371,1.6319
6000,631.95,1.022152131,1.63195
6000,632,1.022092882,1.632
6000,632.05,1.022033623,1.63205
6000,632.1,1.021974353,1.6321
6000,632.15,1.021915074,1.63215
6000,632.2,1.021855785,1.6322
6000,632.25,1.021796486,1.63225
6000,632.3,1.021737178,1.6323
6000,632.35,1.021677859,1.63235
6000,632.4,1.021618531,1.6324
6000,632.45,1.021559192,1.63245
6000,632.5,1.021499844,1.6325
6000,632.55,1.021440486,1.63255
6000,632.6,1.021381119,1.6326
6000,632.65,1.021321741,1.63265
6000,632.7,1.021262354,1.6327
6000,632.75,1.021202957,1.63275
6000,632.8,1.02114355,1.6328
6000,632.85,1.021084133,1.63285
6000,632.9,1.021024707,1.6329
6000,632.95,1.020965271,1.63295
6000,633,1.020905825,1.633
6000,633.05,1.02084637,1.63305
6000,633.1,1.020786905,1.6331
6000,633.15,1.02072743,1.63315
6000,633.2,1.020667945,1.6332
6000,633.25,1.020608451,1.63325
6000,633.3,1.020548947,1.6333
6000,633.35,1.020489434,1.63335
6000,633.4,1.020429911,1.6334
6000,633.45,1.020370378,1.63345
6000,633.5,1.020310836,1.6335
6000,633.55,1.020251284,1.63355
6000,633.6,1.020191723,1.6336
6000,633.65,1.020132152,1.63365
6000,633.7,1.020072572,1.6337
6000,633.75,1.020012982,1.63375
6000,633.8,1.019953382,1.6338
6000,633.85,1.019893773,1.63385
6000,633.9,1.019834154,1.6339
6000,633.95,1.019774526,1.63395
6000,634,1.019714889,1.634
6000,634.05,1.019655242,1.63405
6000,634.1,1.019595586,1.6341
6000,634.15,1.01953592,1.63415
6000,634.2,1.019476244,1.6342
6000,634.25,1.01941656,1.63425
6000,634.3,1.019356865,1.6343
6000,634.35,1.019297162,1.63435
6000,634.4,1.019237449,1.6344
6000,634.45,1.019177727,1.63445
6000,634.5,1.019117995,1.6345
6000,634.55,1.019058254,1.63455
6000,634.6,1.018998504,1.6346
6000,634.65,1.018938744,1.63465
6000,634.7,1.018878975,1.6347
6000,634.75,1.018819197,1.63475
6000,634.8,1.018759409,1.6348
6000,634.85,1.018699612,1.63485
6000,634.9,1.018639806,1.6349
6000,634.95,1.01857999,1.63495
6000,635,1.018520166,1.635
6000,635.05,1.018460332,1.63505
6000,635.1,1.018400489,1.6351
6000,635.15,1.018340636,1.63515
6000,635.2,1.018280775,1.6352
6000,635.25,1.018220904,1.63525
6000,635.3,1.018161024,1.6353
6000,635.35,1.018101135,1.63535
6000,635.4,1.018041237,1.6354
6000,635.45,1.01798133,1.63545
6000,635.5,1.017921413,1.6355
6000,635.55,1.017861487,1.63555
6000,635.6,1.017801553,1.6356
6000,635.65,1.017741609,1.63565
6000,635.7,1.017681656,1.6357
6000,635.75,1.017621694,1.63575
6000,635.8,1.017561723,1.6358
6000,635.85,1.017501743,1.63585
6000,635.9,1.017441754,1.6359
6000,635.95,1.017381756,1.63595
6000,636,1.017321748,1.636
6000,636.05,1.017261732,1.63605
6000,636.1,1.017201707,1.6361
6000,636.15,1.017141673,1.63615
6000,636.2,1.01708163,1.6362
6000,636.25,1.017021578,1.63625
6000,636.3,1.016961517,1.6363
6000,636.35,1.016901447,1.63635
6000,636.4,1.016841368,1.6364
6000,636.45,1.01678128,1.63645
6000,636.5,1.016721183,1.6365
6000,636.55,1.016661078,1.63655
6000,636.6,1.016600963,1.6366
6000,636.65,1.01654084,1.63665
6000,636.7,1.016480708,1.6367
6000,636.75,1.016420567,1.63675
6000,636.8,1.016360417,1.6368
6000,636.85,1.016300258,1.63685
6000,636.9,1.01624009,1.6369
6000,636.95,1.016179914,1.63695
6000,637,1.016119729,1.637
6000,637.05,1.016059535,1.63705
6000,637.1,1.015999333,1.6371
6000,637.15,1.015939121,1.63715
6000,637.2,1.015878901,1.6372
6000,637.25,1.015818672,1.63725
6000,637.3,1.015758435,1.6373
6000,637.35,1.015698189,1.63735
6000,637.4,1.015637934,1.6374
6000,637.45,1.01557767,1.63745
6000,637.5,1.015517398,1.6375
6000,637.55,1.015457117,1.63755
6000,637.6,1.015396827,1.6376
6000,637.65,1.015336529,1.63765
6000,637.7,1.015276222,1.6377
6000,637.75,1.015215907,1.63775
6000,637.8,1.015155582,1.6378
6000,637.85,1.01509525,1.63785
6000,637.9,1.015034909,1.6379
6000,637.95,1.014974559,1.63795
6000,638,1.0149142,1.638
6000,638.05,1.014853834,1.63805
6000,638.1,1.014793458,1.6381
6000,638.15,1.014733074,1.63815
6000,638.2,1.014672682,1.6382
6000,638.25,1.014612281,1.63825
6000,638.3,1.014551871,1.6383
6000,638.35,1.014491453,1.63835
6000,638.4,1.014431027,1.6384
6000,638.45,1.014370592,1.63845
6000,638.5,1.014310149,1.6385
6000,638.55,1.014249697,1.63855
6000,638.6,1.014189237,1.6386
6000,638.65,1.014128769,1.63865
6000,638.7,1.014068292,1.6387
6000,638.75,1.014007806,1.63875
6000,638.8,1.013947313,1.6388
6000,638.85,1.013886811,1.63885
6000,638.9,1.0138263,1.6389
6000,638.95,1.013765782,1.63895
6000,639,1.013705255,1.639
6000,639.05,1.013644719,1.63905
6000,639.1,1.013584176,1.6391
6000,639.15,1.013523624,1.63915
6000,639.2,1.013463064,1.6392
6000,639.25,1.013402495,1.63925
6000,639.3,1.013341919,1.6393
6000,639.35,1.013281334,1.63935
6000,639.4,1.01322074,1.6394
6000,639.45,1.013160139,1.63945
6000,639.5,1.013099529,1.6395
6000,639.55,1.013038912,1.63955
6000,639.6,1.012978286,1.6396
6000,639.65,1.012917651,1.63965
6000,639.7,1.012857009,1.6397
6000,639.75,1.012796359,1.63975
6000,639.8,1.0127357,1.6398
6000,639.85,1.012675033,1.63985
6000,639.9,1.012614358,1.6399
6000,639.95,1.012553676,1.63995
6000,640,1.012492984,1.64
6000,640.05,1.012432285,1.64005
6000,640.1,1.012371578,1.6401
6000,640.15,1.012310863,1.64015
6000,640.2,1.01225014,1.6402
6000,640.25,1.012189408,1.64025
6000,640.3,1.012128669,1.6403
6000,640.35,1.012067921,1.64035
6000,640.4,1.012007166,1.6404
6000,640.45,1.011946403,1.64045
6000,640.5,1.011885631,1.6405
6000,640.55,1.011824852,1.64055
6000,640.6,1.011764065,1.6406
6000,640.65,1.01170327,1.64065
6000,640.7,1.011642466,1.6407
6000,640.75,1.011581655,1.64075
6000,640.8,1.011520836,1.6408
6000,640.85,1.01146001,1.64085
6000,640.9,1.011399175,1.6409
6000,640.95,1.011338332,1.64095
6000,641,1.011277482,1.641
6000,641.05,1.011216623,1.64105
6000,641.1,1.011155757,1.6411
6000,641.15,1.011094883,1.64115
6000,641.2,1.011034001,1.6412
6000,641.25,1.010973112,1.64125
6000,641.3,1.010912214,1.6413
6000,641.35,1.010851309,1.64135
6000,641.4,1.010790396,1.6414
6000,641.45,1.010729475,1.64145
6000,641.5,1.010668547,1.6415
6000,641.55,1.010607611,1.64155
6000,641.6,1.010546667,1.6416
6000,641.65,1.010485715,1.64165
6000,641.7,1.010424756,1.6417
6000,641.75,1.010363789,1.64175
6000,641.8,1.010302814,1.6418
6000,641.85,1.010241832,1.64185
6000,641.9,1.010180842,1.6419
6000,641.95,1.010119844,1.64195
6000,642,1.010058839,1.642
6000,642.05,1.009997826,1.64205
6000,642.1,1.009936805,1.6421
6000,642.15,1.009875777,1.64215
6000,642.2,1.009814741,1.6422
6000,642.25,1.009753698,1.64225
6000,642.3,1.009692647,1.6423
6000,642.35,1.009631589,1.64235
6000,642.4,1.009570523,1.6424
6000,642.45,1.009509449,1.64245
6000,642.5,1.009448368,1.6425
6000,642.55,1.00938728,1.64255
6000,642.6,1.009326184,1.6426
6000,642.65,1.00926508,1.64265
6000,642.7,1.009203969,1.6427
6000,642.75,1.009142851,1.64275
6000,642.8,1.009081725,1.6428
6000,642.85,1.009020592,1.64285
6000,642.9,1.008959451,1.6429
6000,642.95,1.008898303,1.64295
6000,643,1.008837147,1.643
6000,643.05,1.008775984,1.64305
6000,643.1,1.008714814,1.6431
6000,643.15,1.008653636,1.64315
6000,643.2,1.008592451,1.6432
6000,643.25,1.008531259,1.64325
6000,643.3,1.008470059,1.6433
6000,643.35,1.008408852,1.64335
6000,643.4,1.008347638,1.6434
6000,643.45,1.008286416,1.64345
6000,643.5,1.008225187,1.6435
6000,643.55,1.008163951,1.64355
6000,643.6,1.008102707,1.6436
6000,643.65,1.008041457,1.64365
6000,643.7,1.007980199,1.6437
6000,643.75,1.007918933,1.64375
6000,643.8,1.007857661,1.6438
6000,643.85,1.007796381,1.64385
6000,643.9,1.007735094,1.6439
6000,643.95,1.0076738,1.64395
6000,644,1.007612499,1.644
6000,644.05,1.007551191,1.64405
6000,644.1,1.007489875,1.6441
6000,644.15,1.007428553,1.64415
6000,644.2,1.007367223,1.6442
6000,644.25,1.007305886,1.64425
6000,644.3,1.007244542,1.6443
6000,644.35,1.007183191,1.64435
6000,644.4,1.007121833,1.6444
6000,644.45,1.007060468,1.64445
6000,644.5,1.006999095,1.6445
6000,644.55,1.006937716,1.64455
6000,644.6,1.00687633,1.6446
6000,644.65,1.006814936,1.64465
6000,644.7,1.006753536,1.6447
6000,644.75,1.006692128,1.64475
6000,644.8,1.006630714,1.6448
6000,644.85,1.006569292,1.64485
6000,644.9,1.006507864,1.6449
6000,644.95,1.006446429,1.64495
6000,645,1.006384987,1.645
6000,645.05,1.006323537,1.64505
6000,645.1,1.006262081,1.6451
6000,645.15,1.006200618,1.64515
6000,645.2,1.006139148,1.6452
6000,645.25,1.006077672,1.64525
6000,645.3,1.006016188,1.6453
6000,645.35,1.005954697,1.64535
6000,645.4,1.0058932,1.6454
6000,645.45,1.005831696,1.64545
6000,645.5,1.005770185,1.6455
6000,645.55,1.005708667,1.64555
6000,645.6,1.005647142,1.6456
6000,645.65,1.005585611,1.64565
6000,645.7,1.005524072,1.6457
6000,645.75,1.005462527,1.64575
6000,645.8,1.005400975,1.6458
6000,645.85,1.005339417,1.64585
6000,645.9,1.005277852,1.6459
6000,645.95,1.00521628,1.64595
6000,646,1.005154701,1.646
6000,646.05,1.005093115,1.64605
6000,646.1,1.005031523,1.6461
6000,646.15,1.004969924,1.64615
6000,646.2,1.004908319,1.6462
6000,646.25,1.004846707,1.64625
6000,646.3,1.004785088,1.6463
6000,646.35,1.004723463,1.64635
6000,646.4,1.004661831,1.6464
6000,646.45,1.004600192,1.64645
6000,646.5,1.004538547,1.6465
6000,646.55,1.004476895,1.64655
6000,646.6,1.004415236,1.6466
6000,646.65,1.004353571,1.64665
6000,646.7,1.0042919,1.6467
6000,646.75,1.004230222,1.64675
6000,646.8,1.004168537,1.6468
6000,646.85,1.004106846,1.64685
6000,646.9,1.004045148,1.6469
6000,646.95,1.003983444,1.64695
6000,647,1.003921733,1.647
6000,647.05,1.003860016,1.64705
6000,647.1,1.003798293,1.6471
6000,647.15,1.003736563,1.64715
6000,647.2,1.003674826,1.6472
6000,647.25,1.003613083,1.64725
6000,647.3,1.003551334,1.6473
6000,647.35,1.003489578,1.64735
6000,647.4,1.003427816,1.6474
6000,647.45,1.003366047,1.64745
6000,647.5,1.003304273,1.6475
6000,647.55,1.003242491,1.64755
6000,647.6,1.003180704,1.6476
6000,647.65,1.00311891,1.64765
6000,647.7,1.003057109,1.6477
6000,647.75,1.002995303,1.64775
6000,647.8,1.00293349,1.6478
6000,647.85,1.002871671,1.64785
6000,647.9,1.002809845,1.6479
6000,647.95,1.002748014,1.64795
6000,648,1.002686175,1.648
6000,648.05,1.002624331,1.64805
6000,648.1,1.002562481,1.6481
6000,648.15,1.002500624,1.64815
6000,648.2,1.002438761,1.6482
6000,648.25,1.002376892,1.64825
6000,648.3,1.002315017,1.6483
6000,648.35,1.002253135,1.64835
6000,648.4,1.002191247,1.6484
6000,648.45,1.002129354,1.64845
6000,648.5,1.002067454,1.6485
6000,648.55,1.002005548,1.64855
6000,648.6,1.001943635,1.6486
6000,648.65,1.001881717,1.64865
6000,648.7,1.001819792,1.6487
6000,648.75,1.001757862,1.64875
6000,648.8,1.001695925,1.6488
6000,648.85,1.001633983,1.64885
6000,648.9,1.001572034,1.6489
6000,648.95,1.001510079,1.64895
6000,649,1.001448118,1.649
6000,649.05,1.001386151,1.64905
6000,649.1,1.001324179,1.6491
6000,649.15,1.0012622,1.64915
6000,649.2,1.001200215,1.6492
6000,649.25,1.001138224,1.64925
6000,649.3,1.001076227,1.6493
6000,649.35,1.001014225,1.64935
6000,649.4,1.000952216,1.6494
6000,649.45,1.000890201,1.64945
6000,649.5,1.000828181,1.6495
6000,649.55,1.000766154,1.64955
6000,649.6,1.000704122,1.6496
6000,649.65,1.000642084,1.64965
6000,649.7,1.00058004,1.6497
6000,649.75,1.00051799,1.64975
6000,649.8,1.000455934,1.6498
6000,649.85,1.000393872,1.64985
6000,649.9,1.000331805,1.6499
6000,649.95,1.000269732,1.64995
6000,650,1.000207653,1.65
6000,650.05,1.000145568,1.65005
6000,650.1,1.000083477,1.6501
6000,650.15,1.000021381,1.65015
6000,650.2,0.9999592785,1.6502
6000,650.25,0.9998971706,1.65025
6000,650.3,0.9998350569,1.6503
6000,650.35,0.9997729375,1.65035
6000,650.4,0.9997108124,1.6504
6000,650.45,0.9996486816,1.65045
6000,650.5,0.999586545,1.6505
6000,650.55,0.9995244028,1.65055
6000,650.6,0.999462255,1.6506
6000,650.65,0.9994001015,1.65065
6000,650.7,0.9993379423,1.6507
6000,650.75,0.9992757775,1.65075
6000,650.8,0.999213607,1.6508
6000,650.85,0.999151431,1.65085
6000,650.9,0.9990892493,1.6509
6000,650.95,0.9990270621,1.65095
6000,651,0.9989648693,1.651
6000,651.05,0.9989026709,1.65105
6000,651.1,0.998840467,1.6511
6000,651.15,0.9987782575,1.65115
6000,651.2,0.9987160425,1.6512
6000,651.25,0.9986538219,1.65125
6000,651.3,0.9985915959,1.6513
6000,651.35,0.9985293643,1.65135
6000,651.4,0.9984671272,1.6514
6000,651.45,0.9984048847,1.65145
6000,651.5,0.9983426367,1.6515
6000,651.55,0.9982803833,1.65155
6000,651.6,0.9982181244,1.6516
6000,651.65,0.9981558601,1.65165
6000,651.7,0.9980935903,1.6517
6000,651.75,0.9980313152,1.65175
6000,651.8,0.9979690346,1.6518
6000,651.85,0.9979067487,1.65185
6000,651.9,0.9978444574,1.6519
6000,651.95,0.9977821607,1.65195
6000,652,0.9977198587,1.652
6000,652.05,0.9976575513,1.65205
6000,652.1,0.9975952386,1.6521
6000,652.15,0.9975329205,1.65215
6000,652.2,0.9974705972,1.6522
6000,652.25,0.9974082686,1.65225
6000,652.3,0.9973459346,1.6523
6000,652.35,0.9972835954,1.65235
6000,652.4,0.997221251,1.6524
6000,652.45,0.9971589013,1.65245
6000,652.5,0.9970965463,1.6525
6000,652.55,0.9970341861,1.65255
6000,652.6,0.9969718207,1.6526
6000,652.65,0.9969094501,1.65265
6000,652.7,0.9968470743,1.6527
6000,652.75,0.9967846933,1.65275
6000,652.8,0.9967223072,1.6528
6000,652.85,0.9966599158,1.65285
6000,652.9,0.9965975194,1.6529
6000,652.95,0.9965351177,1.65295
6000,653,0.996472711,1.653
6000,653.05,0.9964102991,1.65305
6000,653.1,0.9963478822,1.6531
6000,653.15,0.9962854601,1.65315
6000,653.2,0.996223033,1.6532
6000,653.25,0.9961606007,1.65325
6000,653.3,0.9960981635,1.6533
6000,653.35,0.9960357211,1.65335
6000,653.4,0.9959732738,1.6534
6000,653.45,0.9959108214,1.65345
6000,653.5,0.9958483639,1.6535
6000,653.55,0.9957859015,1.65355
6000,653.6,0.9957234341,1.6536
6000,653.65,0.9956609617,1.65365
6000,653.7,0.9955984844,1.6537
6000,653.75,0.995536002,1.65375
6000,653.8,0.9954735147,1.6538
6000,653.85,0.9954110225,1.65385
6000,653.9,0.9953485254,1.6539
6000,653.95,0.9952860233,1.65395
6000,654,0.9952235164,1.654
6000,654.05,0.9951610045,1.65405
6000,654.1,0.9950984878,1.6541
6000,654.15,0.9950359662,1.65415
6000,654.2,0.9949734397,1.6542
6000,654.25,0.9949109084,1.65425
6000,654.3,0.9948483723,1.6543
6000,654.35,0.9947858313,1.65435
6000,654.4,0.9947232855,1.6544
6000,654.45,0.9946607349,1.65445
6000,654.5,0.9945981795,1.6545
6000,654.55,0.9945356193,1.65455
6000,654.6,0.9944730544,1.6546
6000,654.65,0.9944104847,1.65465
6000,654.7,0.9943479103,1.6547
6000,654.75,0.9942853311,1.65475
6000,654.8,0.9942227472,1.6548
6000,654.85,0.9941601586,1.65485
6000,654.9,0.9940975653,1.6549
6000,654.95,0.9940349672,1.65495
6000,655,0.9939723646,1.655
6000,655.05,0.9939097572,1.65505
6000,655.1,0.9938471452,1.6551
6000,655.15,0.9937845285,1.65515
6000,655.2,0.9937219072,1.6552
6000,655.25,0.9936592813,1.65525
6000,655.3,0.9935966507,1.6553
6000,655.35,0.9935340156,1.65535
6000,655.4,0.9934713759,1.6554
6000,655.45,0.9934087316,1.65545
6000,655.5,0.9933460827,1.6555
6000,655.55,0.9932834292,1.65555
6000,655.6,0.9932207713,1.6556
6000,655.65,0.9931581087,1.65565
6000,655.7,0.9930954417,1.6557
6000,655.75,0.9930327701,1.65575
6000,655.8,0.9929700941,1.6558
6000,655.85,0.9929074135,1.65585
6000,655.9,0.9928447285,1.6559
6000,655.95,0.992782039,1.65595
6000,656,0.9927193451,1.656
6000,656.05,0.9926566467,1.65605
6000,656.1,0.9925939438,1.6561
6000,656.15,0.9925312366,1.65615
6000,656.2,0.9924685249,1.6562
6000,656.25,0.9924058088,1.65625
6000,656.3,0.9923430884,1.6563
6000,656.35,0.9922803635,1.65635
6000,656.4,0.9922176343,1.6564
6000,656.45,0.9921549007,1.65645
6000,656.5,0.9920921628,1.6565
6000,656.55,0.9920294206,1.65655
6000,656.6,0.991966674,1.6566
6000,656.65,0.9919039231,1.65665
6000,656.7,0.991841168,1.6567
6000,656.75,0.9917784085,1.65675
6000,656.8,0.9917156447,1.6568
6000,656.85,0.9916528767,1.65685
6000,656.9,0.9915901044,1.6569
6000,656.95,0.9915273279,1.65695
6000,657,0.9914645472,1.657
6000,657.05,0.9914017622,1.65705
6000,657.1,0.991338973,1.6571
6000,657.15,0.9912761796,1.65715
6000,657.2,0.991213382,1.6572
6000,657.25,0.9911505802,1.65725
6000,657.3,0.9910877743,1.6573
6000,657.35,0.9910249642,1.65735
6000,657.4,0.99096215,1.6574
6000,657.45,0.9908993316,1.65745
6000,657.5,0.9908365091,1.6575
6000,657.55,0.9907736825,1.65755
6000,657.6,0.9907108518,1.6576
6000,657.65,0.990648017,1.65765
6000,657.7,0.9905851781,1.6577
6000,657.75,0.9905223352,1.65775
6000,657.8,0.9904594882,1.6578
6000,657.85,0.9903966371,1.65785
6000,657.9,0.9903337821,1.6579
6000,657.95,0.9902709229,1.65795
6000,658,0.9902080598,1.658
6000,658.05,0.9901451927,1.65805
6000,658.1,0.9900823216,1.6581
6000,658.15,0.9900194465,1.65815
6000,658.2,0.9899565674,1.6582
6000,658.25,0.9898936844,1.65825
6000,658.3,0.9898307975,1.6583
6000,658.35,0.9897679066,1.65835
6000,658.4,0.9897050117,1.6584
6000,658.45,0.989642113,1.65845
6000,658.5,0.9895792104,1.6585
6000,658.55,0.9895163038,1.65855
6000,658.6,0.9894533934,1.6586
6000,658.65,0.9893904791,1.65865
6000,658.7,0.989327561,1.6587
6000,658.75,0.989264639,1.65875
6000,658.8,0.9892017132,1.6588
6000,658.85,0.9891387836,1.65885
6000,658.9,0.9890758501,1.6589
6000,658.95,0.9890129128,1.65895
6000,659,0.9889499718,1.659
6000,659.05,0.988887027,1.65905
6000,659.1,0.9888240784,1.6591
6000,659.15,0.988761126,1.65915
6000,659.2,0.9886981699,1.6592
6000,659.25,0.98863521,1.65925
6000,659.3,0.9885722465,1.6593
6000,659.35,0.9885092792,1.65935
6000,659.4,0.9884463082,1.6594
6000,659.45,0.9883833335,1.65945
6000,659.5,0.9883203551,1.6595
6000,659.55,0.9882573731,1.65955
6000,659.6,0.9881943874,1.6596
6000,659.65,0.9881313981,1.65965
6000,659.7,0.9880684051,1.6597
6000,659.75,0.9880054085,1.65975
6000,659.8,0.9879424083,1.6598
6000,659.85,0.9878794044,1.65985
6000,659.9,0.987816397,1.6599
6000,659.95,0.987753386,1.65995
6000,660,0.9876903715,1.66
6000,660.05,0.9876273533,1.66005
6000,660.1,0.9875643316,1.6601
6000,660.15,0.9875013064,1.66015
6000,660.2,0.9874382777,1.6602
6000,660.25,0.9873752454,1.66025
6000,660.3,0.9873122096,1.6603
6000,660.35,0.9872491704,1.66035
6000,660.4,0.9871861276,1.6604
6000,660.45,0.9871230814,1.66045
6000,660.5,0.9870600317,1.6605
6000,660.55,0.9869969786,1.66055
6000,660.6,0.986933922,1.6606
6000,660.65,0.986870862,1.66065
6000,660.7,0.9868077986,1.6607
6000,660.75,0.9867447318,1.66075
6000,660.8,0.9866816615,1.6608
6000,660.85,0.9866185879,1.66085
6000,660.9,0.986555511,1.6609
6000,660.95,0.9864924306,1.66095
6000,661,0.9864293469,1.661
6000,661.05,0.9863662599,1.66105
6000,661.1,0.9863031695,1.6611
6000,661.15,0.9862400758,1.66115
6000,661.2,0.9861769788,1.6612
6000,661.25,0.9861138785,1.66125
6000,661.3,0.986050775,1.6613
6000,661.35,0.9859876681,1.66135
6000,661.4,0.985924558,1.6614
6000,661.45,0.9858614446,1.66145
6000,661.5,0.985798328,1.6615
6000,661.55,0.9857352082,1.66155
6000,661.6,0.9856720851,1.6616
6000,661.65,0.9856089588,1.66165
6000,661.7,0.9855458294,1.6617
6000,661.75,0.9854826967,1.66175
6000,661.8,0.9854195609,1.6618
6000,661.85,0.9853564219,1.66185
6000,661.9,0.9852932797,1.6619
6000,661.95,0.9852301344,1.66195
6000,662,0.985166986,1.662
6000,662.05,0.9851038344,1.66205
6000,662.1,0.9850406798,1.6621
6000,662.15,0.984977522,1.66215
6000,662.2,0.9849143611,1.6622
6000,662.25,0.9848511972,1.66225
6000,662.3,0.9847880302,1.6623
6000,662.35,0.9847248601,1.66235
6000,662.4,0.984661687,1.6624
6000,662.45,0.9845985109,1.66245
6000,662.5,0.9845353317,1.6625
6000,662.55,0.9844721495,1.66255
6000,662.6,0.9844089643,1.6626
6000,662.65,0.9843457762,1.66265
6000,662.7,0.984282585,1.6627
6000,662.75,0.9842193909,1.66275
6000,662.8,0.9841561938,1.6628
6000,662.85,0.9840929938,1.66285
6000,662.9,0.9840297908,1.6629
6000,662.95,0.9839665849,1.66295
6000,663,0.9839033761,1.663
6000,663.05,0.9838401644,1.66305
6000,663.1,0.9837769498,1.6631
6000,663.15,0.9837137323,1.66315
6000,663.2,0.9836505119,1.6632
6000,663.25,0.9835872887,1.66325
6000,663.3,0.9835240626,1.6633
6000,663.35,0.9834608337,1.66335
6000,663.4,0.983397602,1.6634
6000,663.45,0.9833343674,1.66345
6000,663.5,0.9832711301,1.6635
6000,663.55,0.9832078899,1.66355
6000,663.6,0.983144647,1.6636
6000,663.65,0.9830814012,1.66365
6000,663.7,0.9830181528,1.6637
6000,663.75,0.9829549015,1.66375
6000,663.8,0.9828916475,1.6638
6000,663.85,0.9828283908,1.66385
6000,663.9,0.9827651314,1.6639
6000,663.95,0.9827018693,1.66395
6000,664,0.9826386044,1.664
6000,664.05,0.9825753369,1.66405
6000,664.1,0.9825120667,1.6641
6000,664.15,0.9824487939,1.66415
6000,664.2,0.9823855183,1.6642
6000,664.25,0.9823222402,1.66425
6000,664.3,0.9822589594,1.6643
6000,664.35,0.982195676,1.66435
6000,664.4,0.9821323899,1.6644
6000,664.45,0.9820691013,1.66445
6000,664.5,0.9820058101,1.6645
6000,664.55,0.9819425163,1.66455
6000,664.6,0.9818792199,1.6646
6000,664.65,0.981815921,1.66465
6000,664.7,0.9817526195,1.6647
6000,664.75,0.9816893155,1.66475
6000,664.8,0.981626009,1.6648
6000,664.85,0.9815626999,1.66485
6000,664.9,0.9814993884,1.6649
6000,664.95,0.9814360743,1.66495
6000,665,0.9813727578,1.665
6000,665.05,0.9813094388,1.66505
6000,665.1,0.9812461173,1.6651
6000,665.15,0.9811827934,1.66515
6000,665.2,0.9811194671,1.6652
6000,665.25,0.9810561383,1.66525
6000,665.3,0.9809928071,1.6653
6000,665.35,0.9809294735,1.66535
6000,665.4,0.9808661375,1.6654
6000,665.45,0.9808027991,1.66545
6000,665.5,0.9807394584,1.6655
6000,665.55,0.9806761152,1.66555
6000,665.6,0.9806127698,1.6656
6000,665.65,0.9805494219,1.66565
6000,665.7,0.9804860718,1.6657
6000,665.75,0.9804227193,1.66575
6000,665.8,0.9803593646,1.6658
6000,665.85,0.9802960075,1.66585
6000,665.9,0.9802326481,1.6659
6000,665.95,0.9801692865,1.66595
6000,666,0.9801059226,1.666
6000,666.05,0.9800425564,1.66605
6000,666.1,0.979979188,1.6661
6000,666.15,0.9799158173,1.66615
6000,666.2,0.9798524445,1.6662
6000,666.25,0.9797890694,1.66625
6000,666.3,0.9797256921,1.6663
6000,666.35,0.9796623126,1.66635
6000,666.4,0.979598931,1.6664
6000,666.45,0.9795355471,1.66645
6000,666.5,0.9794721612,1.6665
6000,666.55,0.979408773,1.66655
6000,666.6,0.9793453828,1.6666
6000,666.65,0.9792819904,1.66665
6000,666.7,0.9792185958,1.6667
6000,666.75,0.9791551992,1.66675
6000,666.8,0.9790918005,1.6668
6000,666.85,0.9790283997,1.66685
6000,666.9,0.9789649968,1.6669
6000,666.95,0.9789015919,1.66695
6000,667,0.9788381849,1.667
6000,667.05,0.9787747758,1.66705
6000,667.1,0.9787113648,1.6671
6000,667.15,0.9786479517,1.66715
6000,667.2,0.9785845366,1.6672
6000,667.25,0.9785211195,1.66725
6000,667.3,0.9784577004,1.6673
6000,667.35,0.9783942793,1.66735
6000,667.4,0.9783308563,1.6674
6000,667.45,0.9782674313,1.66745
6000,667.5,0.9782040044,1.6675
6000,667.55,0.9781405755,1.66755
6000,667.6,0.9780771447,1.6676
6000,667.65,0.978013712,1.66765
6000,667.7,0.9779502774,1.6677
6000,667.75,0.9778868409,1.66775
6000,667.8,0.9778234026,1.6678
6000,667.85,0.9777599623,1.66785
6000,667.9,0.9776965202,1.6679
6000,667.95,0.9776330762,1.66795
6000,668,0.9775696304,1.668
6000,668.05,0.9775061828,1.66805
6000,668.1,0.9774427333,1.6681
6000,668.15,0.9773792821,1.66815
6000,668.2,0.977315829,1.6682
6000,668.25,0.9772523742,1.66825
6000,668.3,0.9771889176,1.6683
6000,668.35,0.9771254592,1.66835
6000,668.4,0.9770619991,1.6684
6000,668.45,0.9769985372,1.66845
6000,668.5,0.9769350736,1.6685
6000,668.55,0.9768716083,1.66855
6000,668.6,0.9768081412,1.6686
6000,668.65,0.9767446725,1.66865
6000,668.7,0.9766812021,1.6687
6000,668.75,0.9766177299,1.66875
6000,668.8,0.9765542562,1.6688
6000,668.85,0.9764907807,1.66885
6000,668.9,0.9764273036,1.6689
6000,668.95,0.9763638249,1.66895
6000,669,0.9763003446,1.669
6000,669.05,0.9762368626,1.66905
6000,669.1,0.976173379,1.6691
6000,669.15,0.9761098939,1.66915
6000,669.2,0.9760464071,1.6692
6000,669.25,0.9759829188,1.66925
6000,669.3,0.9759194289,1.6693
6000,669.35,0.9758559374,1.66935
6000,669.4,0.9757924445,1.6694
6000,669.45,0.9757289499,1.66945
6000,669.5,0.9756654539,1.6695
6000,669.55,0.9756019564,1.66955
6000,669.6,0.9755384573,1.6696
6000,669.65,0.9754749568,1.66965
6000,669.7,0.9754114548,1.6697
6000,669.75,0.9753479513,1.66975
6000,669.8,0.9752844463,1.6698
6000,669.85,0.97522094,1.66985
6000,669.9,0.9751574321,1.6699
6000,669.95,0.9750939229,1.66995
6000,670,0.9750304122,1.67
6000,670.05,0.9749669001,1.67005
6000,670.1,0.9749033867,1.6701
6000,670.15,0.9748398718,1.67015
6000,670.2,0.9747763556,1.6702
6000,670.25,0.974712838,1.67025
6000,670.3,0.9746493191,1.6703
6000,670.35,0.9745857988,1.67035
6000,670.4,0.9745222772,1.6704
6000,670.45,0.9744587543,1.67045
6000,670.5,0.9743952301,1.6705
6000,670.55,0.9743317045,1.67055
6000,670.6,0.9742681777,1.6706
6000,670.65,0.9742046496,1.67065
6000,670.7,0.9741411202,1.6707
6000,670.75,0.9740775896,1.67075
6000,670.8,0.9740140577,1.6708
6000,670.85,0.9739505246,1.67085
6000,670.9,0.9738869903,1.6709
6000,670.95,0.9738234547,1.67095
6000,671,0.973759918,1.671
6000,671.05,0.97369638,1.67105
6000,671.1,0.9736328409,1.6711
6000,671.15,0.9735693006,1.67115
6000,671.2,0.9735057591,1.6712
6000,671.25,0.9734422165,1.67125
6000,671.3,0.9733786727,1.6713
6000,671.35,0.9733151278,1.67135
6000,671.4,0.9732515818,1.6714
6000,671.45,0.9731880346,1.67145
6000,671.5,0.9731244864,1.6715
6000,671.55,0.9730609371,1.67155
6000,671.6,0.9729973867,1.6716
6000,671.65,0.9729338352,1.67165
6000,671.7,0.9728702827,1.6717
6000,671.75,0.9728067291,1.67175
6000,671.8,0.9727431745,1.6718
6000,671.85,0.9726796189,1.67185
6000,671.9,0.9726160622,1.6719
6000,671.95,0.9725525046,1.67195
6000,672,0.9724889459,1.672
6000,672.05,0.9724253863,1.67205
6000,672.1,0.9723618257,1.6721
6000,672.15,0.9722982641,1.67215
6000,672.2,0.9722347015,1.6722
6000,672.25,0.9721711381,1.67225
6000,672.3,0.9721075737,1.6723
6000,672.35,0.9720440083,1.67235
6000,672.4,0.9719804421,1.6724
6000,672.45,0.9719168749,1.67245
6000,672.5,0.9718533069,1.6725
6000,672.55,0.971789738,1.67255
6000,672.6,0.9717261682,1.6726
6000,672.65,0.9716625976,1.67265
6000,672.7,0.9715990261,1.6727
6000,672.75,0.9715354537,1.67275
6000,672.8,0.9714718806,1.6728
6000,672.85,0.9714083066,1.67285
6000,672.9,0.9713447318,1.6729
6000,672.95,0.9712811562,1.67295
6000,673,0.9712175798,1.673
6000,673.05,0.9711540027,1.67305
6000,673.1,0.9710904248,1.6731
6000,673.15,0.9710268461,1.67315
6000,673.2,0.9709632667,1.6732
6000,673.25,0.9708996865,1.67325
6000,673.3,0.9708361056,1.6733
6000,673.35,0.970772524,1.67335
6000,673.4,0.9707089417,1.6734
6000,673.45,0.9706453587,1.67345
6000,673.5,0.9705817751,1.6735
6000,673.55,0.9705181907,1.67355
6000,673.6,0.9704546057,1.6736
6000,673.65,0.9703910201,1.67365
6000,673.7,0.9703274337,1.6737
6000,673.75,0.9702638468,1.67375
6000,673.8,0.9702002593,1.6738
6000,673.85,0.9701366711,1.67385
6000,673.9,0.9700730823,1.6739
6000,673.95,0.970009493,1.67395
6000,674,0.969945903,1.674
6000,674.05,0.9698823125,1.67405
6000,674.1,0.9698187214,1.6741
6000,674.15,0.9697551298,1.67415
6000,674.2,0.9696915377,1.6742
6000,674.25,0.969627945,1.67425
6000,674.3,0.9695643518,1.6743
6000,674.35,0.9695007581,1.67435
6000,674.4,0.9694371639,1.6744
6000,674.45,0.9693735692,1.67445
6000,674.5,0.969309974,1.6745
6000,674.55,0.9692463784,1.67455
6000,674.6,0.9691827823,1.6746
6000,674.65,0.9691191857,1.67465
6000,674.7,0.9690555888,1.6747
6000,674.75,0.9689919914,1.67475
6000,674.8,0.9689283935,1.6748
6000,674.85,0.9688647953,1.67485
6000,674.9,0.9688011967,1.6749
6000,674.95,0.9687375977,1.67495
6000,675,0.9686739983,1.675
6000,675.05,0.9686103986,1.67505
6000,675.1,0.9685467985,1.6751
6000,675.15,0.9684831981,1.67515
6000,675.2,0.9684195973,1.6752
6000,675.25,0.9683559963,1.67525
6000,675.3,0.9682923949,1.6753
6000,675.35,0.9682287932,1.67535
6000,675.4,0.9681651912,1.6754
6000,675.45,0.9681015889,1.67545
6000,675.5,0.9680379864,1.6755
6000,675.55,0.9679743836,1.67555
6000,675.6,0.9679107805,1.6756
6000,675.65,0.9678471772,1.67565
6000,675.7,0.9677835737,1.6757
6000,675.75,0.9677199699,1.67575
6000,675.8,0.967656366,1.6758
6000,675.85,0.9675927618,1.67585
6000,675.9,0.9675291575,1.6759
6000,675.95,0.967465553,1.67595
6000,676,0.9674019483,1.676
6000,676.05,0.9673383434,1.67605
6000,676.1,0.9672747384,1.6761
6000,676.15,0.9672111333,1.67615
6000,676.2,0.967147528,1.6762
6000,676.25,0.9670839227,1.67625
6000,676.3,0.9670203172,1.6763
6000,676.35,0.9669567116,1.67635
6000,676.4,0.9668931059,1.6764
6000,676.45,0.9668295002,1.67645
6000,676.5,0.9667658944,1.6765
6000,676.55,0.9667022885,1.67655
6000,676.6,0.9666386826,1.6766
6000,676.65,0.9665750766,1.67665
6000,676.7,0.9665114706,1.6767
6000,676.75,0.9664478646,1.67675
6000,676.8,0.9663842586,1.6768
6000,676.85,0.9663206526,1.67685
6000,676.9,0.9662570467,1.6769
6000,676.95,0.9661934407,1.67695
6000,677,0.9661298348,1.677
6000,677.05,0.9660662289,1.67705
6000,677.1,0.9660026231,1.6771
6000,677.15,0.9659390173,1.67715
6000,677.2,0.9658754117,1.6772
6000,677.25,0.9658118061,1.67725
6000,677.3,0.9657482006,1.6773
6000,677.35,0.9656845952,1.67735
6000,677.4,0.9656209899,1.6774
6000,677.45,0.9655573848,1.67745
6000,677.5,0.9654937798,1.6775
6000,677.55,0.9654301749,1.67755
6000,677.6,0.9653665702,1.6776
6000,677.65,0.9653029657,1.67765
6000,677.7,0.9652393613,1.6777
6000,677.75,0.9651757571,1.67775
6000,677.8,0.9651121532,1.6778
6000,677.85,0.9650485494,1.67785
6000,677.9,0.9649849458,1.6779
6000,677.95,0.9649213425,1.67795
6000,678,0.9648577394,1.678
6000,678.05,0.9647941366,1.67805
6000,678.1,0.964730534,1.6781
6000,678.15,0.9646669317,1.67815
6000,678.2,0.9646033297,1.6782
6000,678.25,0.9645397279,1.67825
6000,678.3,0.9644761265,1.6783
6000,678.35,0.9644125254,1.67835
6000,678.4,0.9643489246,1.6784
6000,678.45,0.9642853241,1.67845
6000,678.5,0.9642217239,1.6785
6000,678.55,0.9641581241,1.67855
6000,678.6,0.9640945247,1.6786
6000,678.65,0.9640309256,1.67865
6000,678.7,0.9639673269,1.6787
6000,678.75,0.9639037286,1.67875
6000,678.8,0.9638401307,1.6788
6000,678.85,0.9637765332,1.67885
6000,678.9,0.9637129361,1.6789
6000,678.95,0.9636493395,1.67895
6000,679,0.9635857433,1.679
6000,679.05,0.9635221475,1.67905
6000,679.1,0.9634585522,1.6791
6000,679.15,0.9633949574,1.67915
6000,679.2,0.9633313631,1.6792
6000,679.25,0.9632677692,1.67925
6000,679.3,0.9632041759,1.6793
6000,679.35,0.963140583,1.67935
6000,679.4,0.9630769907,1.6794
6000,679.45,0.9630133989,1.67945
6000,679.5,0.9629498076,1.6795
6000,679.55,0.9628862169,1.67955
6000,679.6,0.9628226268,1.6796
6000,679.65,0.9627590372,1.67965
6000,679.7,0.9626954482,1.6797
6000,679.75,0.9626318598,1.67975
6000,679.8,0.962568272,1.6798
6000,679.85,0.9625046848,1.67985
6000,679.9,0.9624410982,1.6799
6000,679.95,0.9623775123,1.67995
6000,680,0.962313927,1.68
6000,680.05,0.9622503423,1.68005
6000,680.1,0.9621867583,1.6801
6000,680.15,0.962123175,1.68015
6000,680.2,0.9620595923,1.6802
6000,680.25,0.9619960104,1.68025
6000,680.3,0.9619324291,1.6803
6000,680.35,0.9618688486,1.68035
6000,680.4,0.9618052688,1.6804
6000,680.45,0.9617416897,1.68045
6000,680.5,0.9616781113,1.6805
6000,680.55,0.9616145337,1.68055
6000,680.6,0.9615509568,1.6806
6000,680.65,0.9614873808,1.68065
6000,680.7,0.9614238055,1.6807
6000,680.75,0.961360231,1.68075
6000,680.8,0.9612966572,1.6808
6000,680.85,0.9612330843,1.68085
6000,680.9,0.9611695123,1.6809
6000,680.95,0.961105941,1.68095
6000,681,0.9610423706,1.681
6000,681.05,0.960978801,1.68105
6000,681.1,0.9609152323,1.6811
6000,681.15,0.9608516645,1.68115
6000,681.2,0.9607880975,1.6812
6000,681.25,0.9607245315,1.68125
6000,681.3,0.9606609663,1.6813
6000,681.35,0.960597402,1.68135
6000,681.4,0.9605338387,1.6814
6000,681.45,0.9604702763,1.68145
6000,681.5,0.9604067148,1.6815
6000,681.55,0.9603431543,1.68155
6000,681.6,0.9602795947,1.6816
6000,681.65,0.9602160361,1.68165
6000,681.7,0.9601524785,1.6817
6000,681.75,0.9600889218,1.68175
6000,681.8,0.9600253662,1.6818
6000,681.85,0.9599618116,1.68185
6000,681.9,0.959898258,1.6819
6000,681.95,0.9598347054,1.68195
6000,682,0.9597711538,1.682
6000,682.05,0.9597076033,1.68205
6000,682.1,0.9596440539,1.6821
6000,682.15,0.9595805055,1.68215
6000,682.2,0.9595169582,1.6822
6000,682.25,0.959453412,1.68225
6000,682.3,0.9593898669,1.6823
6000,682.35,0.9593263228,1.68235
6000,682.4,0.9592627799,1.6824
6000,682.45,0.9591992382,1.68245
6000,682.5,0.9591356975,1.6825
6000,682.55,0.9590721581,1.68255
6000,682.6,0.9590086197,1.6826
6000,682.65,0.9589450825,1.68265
6000,682.7,0.9588815466,1.6827
6000,682.75,0.9588180117,1.68275
6000,682.8,0.9587544781,1.6828
6000,682.85,0.9586909457,1.68285
6000,682.9,0.9586274145,1.6829
6000,682.95,0.9585638845,1.68295
6000,683,0.9585003558,1.683
6000,683.05,0.9584368283,1.68305
6000,683.1,0.9583733021,1.6831
6000,683.15,0.9583097771,1.68315
6000,683.2,0.9582462534,1.6832
6000,683.25,0.958182731,1.68325
6000,683.3,0.9581192098,1.6833
6000,683.35,0.95805569,1.68335
6000,683.4,0.9579921715,1.6834
6000,683.45,0.9579286543,1.68345
6000,683.5,0.9578651384,1.6835
6000,683.55,0.9578016239,1.68355
6000,683.6,0.9577381107,1.6836
6000,683.65,0.9576745989,1.68365
6000,683.7,0.9576110885,1.6837
6000,683.75,0.9575475794,1.68375
6000,683.8,0.9574840718,1.6838
6000,683.85,0.9574205655,1.68385
6000,683.9,0.9573570606,1.6839
6000,683.95,0.9572935572,1.68395
6000,684,0.9572300552,1.684
6000,684.05,0.9571665546,1.68405
6000,684.1,0.9571030555,1.6841
6000,684.15,0.9570395578,1.68415
6000,684.2,0.9569760616,1.6842
6000,684.25,0.9569125669,1.68425
6000,684.3,0.9568490737,1.6843
6000,684.35,0.956785582,1.68435
6000,684.4,0.9567220917,1.6844
6000,684.45,0.956658603,1.68445
6000,684.5,0.9565951159,1.6845
6000,684.55,0.9565316302,1.68455
6000,684.6,0.9564681461,1.6846
6000,684.65,0.9564046636,1.68465
6000,684.7,0.9563411826,1.6847
6000,684.75,0.9562777032,1.68475
6000,684.8,0.9562142254,1.6848
6000,684.85,0.9561507491,1.68485
6000,684.9,0.9560872745,1.6849
6000,684.95,0.9560238015,1.68495
6000,685,0.9559603301,1.685
6000,685.05,0.9558968604,1.68505
6000,685.1,0.9558333923,1.6851
6000,685.15,0.9557699258,1.68515
6000,685.2,0.955706461,1.6852
6000,685.25,0.9556429979,1.68525
6000,685.3,0.9555795365,1.6853
6000,685.35,0.9555160767,1.68535
6000,685.4,0.9554526187,1.6854
6000,685.45,0.9553891623,1.68545
6000,685.5,0.9553257077,1.6855
6000,685.55,0.9552622548,1.68555
6000,685.6,0.9551988037,1.6856
6000,685.65,0.9551353543,1.68565
6000,685.7,0.9550719066,1.6857
6000,685.75,0.9550084608,1.68575
6000,685.8,0.9549450167,1.6858
6000,685.85,0.9548815744,1.68585
6000,685.9,0.9548181339,1.6859
6000,685.95,0.9547546951,1.68595
6000,686,0.9546912583,1.686
6000,686.05,0.9546278232,1.68605
6000,686.1,0.95456439,1.6861
6000,686.15,0.9545009586,1.68615
6000,686.2,0.9544375291,1.6862
6000,686.25,0.9543741014,1.68625
6000,686.3,0.9543106756,1.6863
6000,686.35,0.9542472517,1.68635
6000,686.4,0.9541838297,1.6864
6000,686.45,0.9541204096,1.68645
6000,686.5,0.9540569914,1.6865
6000,686.55,0.9539935751,1.68655
6000,686.6,0.9539301608,1.6866
6000,686.65,0.9538667484,1.68665
6000,686.7,0.9538033379,1.6867
6000,686.75,0.9537399294,1.68675
6000,686.8,0.9536765229,1.6868
6000,686.85,0.9536131184,1.68685
6000,686.9,0.9535497158,1.6869
6000,686.95,0.9534863152,1.68695
6000,687,0.9534229167,1.687
6000,687.05,0.9533595202,1.68705
6000,687.1,0.9532961257,1.6871
6000,687.15,0.9532327332,1.68715
6000,687.2,0.9531693428,1.6872
6000,687.25,0.9531059544,1.68725
6000,687.3,0.9530425681,1.6873
6000,687.35,0.9529791839,1.68735
6000,687.4,0.9529158017,1.6874
6000,687.45,0.9528524217,1.68745
6000,687.5,0.9527890437,1.6875
6000,687.55,0.9527256679,1.68755
6000,687.6,0.9526622942,1.6876
6000,687.65,0.9525989226,1.68765
6000,687.7,0.9525355532,1.6877
6000,687.75,0.9524721859,1.68775
6000,687.8,0.9524088207,1.6878
6000,687.85,0.9523454578,1.68785
6000,687.9,0.952282097,1.6879
6000,687.95,0.9522187384,1.68795
6000,688,0.952155382,1.688
6000,688.05,0.9520920278,1.68805
6000,688.1,0.9520286759,1.6881
6000,688.15,0.9519653261,1.68815
6000,688.2,0.9519019786,1.6882
6000,688.25,0.9518386333,1.68825
6000,688.3,0.9517752903,1.6883
6000,688.35,0.9517119496,1.68835
6000,688.4,0.9516486111,1.6884
6000,688.45,0.9515852749,1.68845
6000,688.5,0.951521941,1.6885
6000,688.55,0.9514586094,1.68855
6000,688.6,0.9513952802,1.6886
6000,688.65,0.9513319532,1.68865
6000,688.7,0.9512686286,1.6887
6000,688.75,0.9512053063,1.68875
6000,688.8,0.9511419863,1.6888
6000,688.85,0.9510786688,1.68885
6000,688.9,0.9510153536,1.6889
6000,688.95,0.9509520407,1.68895
6000,689,0.9508887303,1.689
6000,689.05,0.9508254222,1.68905
6000,689.1,0.9507621166,1.6891
6000,689.15,0.9506988133,1.68915
6000,689.2,0.9506355125,1.6892
6000,689.25,0.9505722142,1.68925
6000,689.3,0.9505089182,1.6893
6000,689.35,0.9504456247,1.68935
6000,689.4,0.9503823337,1.6894
6000,689.45,0.9503190452,1.68945
6000,689.5,0.9502557591,1.6895
6000,689.55,0.9501924755,1.68955
6000,689.6,0.9501291945,1.6896
6000,689.65,0.9500659159,1.68965
6000,689.7,0.9500026399,1.6897
6000,689.75,0.9499393663,1.68975
6000,689.8,0.9498760954,1.6898
6000,689.85,0.9498128269,1.68985
6000,689.9,0.949749561,1.6899
6000,689.95,0.9496862977,1.68995
6000,690,0.949623037,1.69
6000,690.05,0.9495597788,1.69005
6000,690.1,0.9494965233,1.6901
6000,690.15,0.9494332703,1.69015
6000,690.2,0.9493700199,1.6902
6000,690.25,0.9493067722,1.69025
6000,690.3,0.9492435271,1.6903
6000,690.35,0.9491802846,1.69035
6000,690.4,0.9491170448,1.6904
6000,690.45,0.9490538077,1.69045
6000,690.5,0.9489905732,1.6905
6000,690.55,0.9489273414,1.69055
6000,690.6,0.9488641123,1.6906
6000,690.65,0.9488008858,1.69065
6000,690.7,0.9487376621,1.6907
6000,690.75,0.9486744411,1.69075
6000,690.8,0.9486112228,1.6908
6000,690.85,0.9485480073,1.69085
6000,690.9,0.9484847945,1.6909
6000,690.95,0.9484215844,1.69095
6000,691,0.9483583771,1.691
6000,691.05,0.9482951726,1.69105
6000,691.1,0.9482319708,1.6911
6000,691.15,0.9481687719,1.69115
6000,691.2,0.9481055757,1.6912
6000,691.25,0.9480423823,1.69125
6000,691.3,0.9479791918,1.6913
6000,691.35,0.9479160041,1.69135
6000,691.4,0.9478528192,1.6914
6000,691.45,0.9477896371,1.69145
6000,691.5,0.947726458,1.6915
6000,691.55,0.9476632816,1.69155
6000,691.6,0.9476001082,1.6916
6000,691.65,0.9475369376,1.69165
6000,691.7,0.9474737699,1.6917
6000,691.75,0.9474106051,1.69175
6000,691.8,0.9473474433,1.6918
6000,691.85,0.9472842843,1.69185
6000,691.9,0.9472211283,1.6919
6000,691.95,0.9471579752,1.69195
6000,692,0.947094825,1.692
6000,692.05,0.9470316778,1.69205
6000,692.1,0.9469685336,1.6921
6000,692.15,0.9469053924,1.69215
6000,692.2,0.9468422541,1.6922
6000,692.25,0.9467791188,1.69225
6000,692.3,0.9467159865,1.6923
6000,692.35,0.9466528572,1.69235
6000,692.4,0.946589731,1.6924
6000,692.45,0.9465266077,1.69245
6000,692.5,0.9464634875,1.6925
6000,692.55,0.9464003704,1.69255
6000,692.6,0.9463372563,1.6926
6000,692.65,0.9462741453,1.69265
6000,692.7,0.9462110373,1.6927
6000,692.75,0.9461479325,1.69275
6000,692.8,0.9460848307,1.6928
6000,692.85,0.946021732,1.69285
6000,692.9,0.9459586364,1.6929
6000,692.95,0.945895544,1.69295
6000,693,0.9458324547,1.693
6000,693.05,0.9457693685,1.69305
6000,693.1,0.9457062854,1.6931
6000,693.15,0.9456432056,1.69315
6000,693.2,0.9455801288,1.6932
6000,693.25,0.9455170553,1.69325
6000,693.3,0.9454539849,1.6933
6000,693.35,0.9453909178,1.69335
6000,693.4,0.9453278538,1.6934
6000,693.45,0.9452647931,1.69345
6000,693.5,0.9452017355,1.6935
6000,693.55,0.9451386812,1.69355
6000,693.6,0.9450756301,1.6936
6000,693.65,0.9450125823,1.69365
6000,693.7,0.9449495378,1.6937
6000,693.75,0.9448864965,1.69375
6000,693.8,0.9448234584,1.6938
6000,693.85,0.9447604237,1.69385
6000,693.9,0.9446973922,1.6939
6000,693.95,0.9446343641,1.69395
6000,694,0.9445713392,1.694
6000,694.05,0.9445083177,1.69405
6000,694.1,0.9444452995,1.6941
6000,694.15,0.9443822847,1.69415
6000,694.2,0.9443192732,1.6942
6000,694.25,0.944256265,1.69425
6000,694.3,0.9441932602,1.6943
6000,694.35,0.9441302588,1.69435
6000,694.4,0.9440672608,1.6944
6000,694.45,0.9440042661,1.69445
6000,694.5,0.9439412749,1.6945
6000,694.55,0.9438782871,1.69455
6000,694.6,0.9438153026,1.6946
6000,694.65,0.9437523217,1.69465
6000,694.7,0.9436893441,1.6947
6000,694.75,0.94362637,1.69475
6000,694.8,0.9435633994,1.6948
6000,694.85,0.9435004322,1.69485
6000,694.9,0.9434374685,1.6949
6000,694.95,0.9433745082,1.69495
6000,695,0.9433115515,1.695
6000,695.05,0.9432485983,1.69505
6000,695.1,0.9431856485,1.6951
6000,695.15,0.9431227023,1.69515
6000,695.2,0.9430597596,1.6952
6000,695.25,0.9429968205,1.69525
6000,695.3,0.9429338849,1.6953
6000,695.35,0.9428709528,1.69535
6000,695.4,0.9428080243,1.6954
6000,695.45,0.9427450994,1.69545
6000,695.5,0.9426821781,1.6955
6000,695.55,0.9426192603,1.69555
6000,695.6,0.9425563462,1.6956
6000,695.65,0.9424934356,1.69565
6000,695.7,0.9424305287,1.6957
6000,695.75,0.9423676254,1.69575
6000,695.8,0.9423047257,1.6958
6000,695.85,0.9422418297,1.69585
6000,695.9,0.9421789373,1.6959
6000,695.95,0.9421160486,1.69595
6000,696,0.9420531636,1.696
6000,696.05,0.9419902822,1.69605
6000,696.1,0.9419274045,1.6961
6000,696.15,0.9418645305,1.69615
6000,696.2,0.9418016603,1.6962
6000,696.25,0.9417387937,1.69625
6000,696.3,0.9416759309,1.6963
6000,696.35,0.9416130718,1.69635
6000,696.4,0.9415502164,1.6964
6000,696.45,0.9414873648,1.69645
6000,696.5,0.9414245169,1.6965
6000,696.55,0.9413616728,1.69655
6000,696.6,0.9412988325,1.6966
6000,696.65,0.941235996,1.69665
6000,696.7,0.9411731632,1.6967
6000,696.75,0.9411103343,1.69675
6000,696.8,0.9410475092,1.6968
6000,696.85,0.9409846879,1.69685
6000,696.9,0.9409218704,1.6969
6000,696.95,0.9408590568,1.69695
6000,697,0.940796247,1.697
6000,697.05,0.9407334411,1.69705
6000,697.1,0.940670639,1.6971
6000,697.15,0.9406078408,1.69715
6000,697.2,0.9405450465,1.6972
6000,697.25,0.9404822561,1.69725
6000,697.3,0.9404194696,1.6973
6000,697.35,0.940356687,1.69735
6000,697.4,0.9402939083,1.6974
6000,697.45,0.9402311335,1.69745
6000,697.5,0.9401683627,1.6975
6000,697.55,0.9401055958,1.69755
6000,697.6,0.9400428329,1.6976
6000,697.65,0.9399800739,1.69765
6000,697.7,0.9399173189,1.6977
6000,697.75,0.9398545679,1.69775
6000,697.8,0.9397918208,1.6978
6000,697.85,0.9397290778,1.69785
6000,697.9,0.9396663388,1.6979
6000,697.95,0.9396036038,1.69795
6000,698,0.9395408728,1.698
6000,698.05,0.9394781458,1.69805
6000,698.1,0.9394154229,1.6981
6000,698.15,0.939352704,1.69815
6000,698.2,0.9392899892,1.6982
6000,698.25,0.9392272785,1.69825
6000,698.3,0.9391645718,1.6983
6000,698.35,0.9391018692,1.69835
6000,698.4,0.9390391707,1.6984
6000,698.45,0.9389764763,1.69845
6000,698.5,0.938913786,1.6985
6000,698.55,0.9388510999,1.69855
6000,698.6,0.9387884179,1.6986
6000,698.65,0.93872574,1.69865
6000,698.7,0.9386630662,1.6987
6000,698.75,0.9386003966,1.69875
6000,698.8,0.9385377312,1.6988
6000,698.85,0.9384750699,1.69885
6000,698.9,0.9384124128,1.6989
6000,698.95,0.9383497599,1.69895
6000,699,0.9382871112,1.699
6000,699.05,0.9382244668,1.69905
6000,699.1,0.9381618265,1.6991
6000,699.15,0.9380991904,1.69915
6000,699.2,0.9380365586,1.6992
6000,699.25,0.937973931,1.69925
6000,699.3,0.9379113077,1.6993
6000,699.35,0.9378486886,1.69935
6000,699.4,0.9377860738,1.6994
6000,699.45,0.9377234633,1.69945
6000,699.5,0.9376608571,1.6995
6000,699.55,0.9375982551,1.69955
6000,699.6,0.9375356575,1.6996
6000,699.65,0.9374730641,1.69965
6000,699.7,0.9374104751,1.6997
6000,699.75,0.9373478904,1.69975
6000,699.8,0.9372853101,1.6998
6000,699.85,0.9372227341,1.69985
6000,699.9,0.9371601624,1.6999
6000,699.95,0.9370975951,1.69995
6000,700,0.9370350322,1.7
6000,700.05,0.9369724737,1.70005
6000,700.1,0.9369099195,1.7001
6000,700.15,0.9368473697,1.70015
6000,700.2,0.9367848244,1.7002
6000,700.25,0.9367222834,1.70025
6000,700.3,0.9366597469,1.7003
6000,700.35,0.9365972148,1.70035
6000,700.4,0.9365346872,1.7004
6000,700.45,0.936472164,1.70045
6000,700.5,0.9364096452,1.7005
6000,700.55,0.936347131,1.70055
6000,700.6,0.9362846212,1.7006
6000,700.65,0.9362221158,1.70065
6000,700.7,0.936159615,1.7007
6000,700.75,0.9360971187,1.70075
6000,700.8,0.9360346268,1.7008
6000,700.85,0.9359721395,1.70085
6000,700.9,0.9359096568,1.7009
6000,700.95,0.9358471785,1.70095
6000,701,0.9357847048,1.701
6000,701.05,0.9357222356,1.70105
6000,701.1,0.935659771,1.7011
6000,701.15,0.935597311,1.70115
6000,701.2,0.9355348556,1.7012
6000,701.25,0.9354724047,1.70125
6000,701.3,0.9354099584,1.7013
6000,701.35,0.9353475167,1.70135
6000,701.4,0.9352850797,1.7014
6000,701.45,0.9352226472,1.70145
6000,701.5,0.9351602194,1.7015
6000,701.55,0.9350977962,1.70155
6000,701.6,0.9350353777,1.7016
6000,701.65,0.9349729638,1.70165
6000,701.7,0.9349105546,1.7017
6000,701.75,0.93484815,1.70175
6000,701.8,0.9347857502,1.7018
6000,701.85,0.934723355,1.70185
6000,701.9,0.9346609645,1.7019
6000,701.95,0.9345985787,1.70195
6000,702,0.9345361976,1.702
6000,702.05,0.9344738213,1.70205
6000,702.1,0.9344114496,1.7021
6000,702.15,0.9343490827,1.70215
6000,702.2,0.9342867206,1.7022
6000,702.25,0.9342243632,1.70225
6000,702.3,0.9341620106,1.7023
6000,702.35,0.9340996627,1.70235
6000,702.4,0.9340373196,1.7024
6000,702.45,0.9339749814,1.70245
6000,702.5,0.9339126479,1.7025
6000,702.55,0.9338503192,1.70255
6000,702.6,0.9337879953,1.7026
6000,702.65,0.9337256762,1.70265
6000,702.7,0.933663362,1.7027
6000,702.75,0.9336010526,1.70275
6000,702.8,0.9335387481,1.7028
6000,702.85,0.9334764484,1.70285
6000,702.9,0.9334141536,1.7029
6000,702.95,0.9333518637,1.70295
6000,703,0.9332895786,1.703
6000,703.05,0.9332272984,1.70305
6000,703.1,0.9331650231,1.7031
6000,703.15,0.9331027528,1.70315
6000,703.2,0.9330404873,1.7032
6000,703.25,0.9329782268,1.70325
6000,703.3,0.9329159712,1.7033
6000,703.35,0.9328537205,1.70335
6000,703.4,0.9327914748,1.7034
6000,703.45,0.932729234,1.70345
6000,703.5,0.9326669982,1.7035
6000,703.55,0.9326047674,1.70355
6000,703.6,0.9325425415,1.7036
6000,703.65,0.9324803207,1.70365
6000,703.7,0.9324181048,1.7037
6000,703.75,0.9323558939,1.70375
6000,703.8,0.9322936881,1.7038
6000,703.85,0.9322314873,1.70385
6000,703.9,0.9321692915,1.7039
6000,703.95,0.9321071007,1.70395
6000,704,0.932044915,1.704
6000,704.05,0.9319827344,1.70405
6000,704.1,0.9319205588,1.7041
6000,704.15,0.9318583883,1.70415
6000,704.2,0.9317962229,1.7042
6000,704.25,0.9317340625,1.70425
6000,704.3,0.9316719073,1.7043
6000,704.35,0.9316097572,1.70435
6000,704.4,0.9315476121,1.7044
6000,704.45,0.9314854722,1.70445
6000,704.5,0.9314233375,1.7045
6000,704.55,0.9313612078,1.70455
6000,704.6,0.9312990833,1.7046
6000,704.65,0.931236964,1.70465
6000,704.7,0.9311748498,1.7047
6000,704.75,0.9311127408,1.70475
6000,704.8,0.931050637,1.7048
6000,704.85,0.9309885384,1.70485
6000,704.9,0.9309264449,1.7049
6000,704.95,0.9308643567,1.70495
6000,705,0.9308022737,1.705
6000,705.05,0.9307401959,1.70505
6000,705.1,0.9306781233,1.7051
6000,705.15,0.930616056,1.70515
6000,705.2,0.9305539939,1.7052
6000,705.25,0.9304919371,1.70525
6000,705.3,0.9304298855,1.7053
6000,705.35,0.9303678392,1.70535
6000,705.4,0.9303057982,1.7054
6000,705.45,0.9302437625,1.70545
6000,705.5,0.930181732,1.7055
6000,705.55,0.9301197069,1.70555
6000,705.6,0.9300576871,1.7056
6000,705.65,0.9299956726,1.70565
6000,705.7,0.9299336634,1.7057
6000,705.75,0.9298716595,1.70575
6000,705.8,0.929809661,1.7058
6000,705.85,0.9297476679,1.70585
6000,705.9,0.9296856801,1.7059
6000,705.95,0.9296236977,1.70595
6000,706,0.9295617206,1.706
6000,706.05,0.929499749,1.70605
6000,706.1,0.9294377827,1.7061
6000,706.15,0.9293758218,1.70615
6000,706.2,0.9293138664,1.7062
6000,706.25,0.9292519163,1.70625
6000,706.3,0.9291899717,1.7063
6000,706.35,0.9291280325,1.70635
6000,706.4,0.9290660988,1.7064
6000,706.45,0.9290041705,1.70645
6000,706.5,0.9289422477,1.7065
6000,706.55,0.9288803303,1.70655
6000,706.6,0.9288184184,1.7066
6000,706.65,0.928756512,1.70665
6000,706.7,0.9286946111,1.7067
6000,706.75,0.9286327156,1.70675
6000,706.8,0.9285708257,1.7068
6000,706.85,0.9285089413,1.70685
6000,706.9,0.9284470624,1.7069
6000,706.95,0.9283851891,1.70695
6000,707,0.9283233213,1.707
6000,707.05,0.928261459,1.70705
6000,707.1,0.9281996023,1.7071
6000,707.15,0.9281377511,1.70715
6000,707.2,0.9280759056,1.7072
6000,707.25,0.9280140656,1.70725
6000,707.3,0.9279522311,1.7073
6000,707.35,0.9278904023,1.70735
6000,707.4,0.9278285791,1.7074
6000,707.45,0.9277667615,1.70745
6000,707.5,0.9277049495,1.7075
6000,707.55,0.9276431432,1.70755
6000,707.6,0.9275813424,1.7076
6000,707.65,0.9275195473,1.70765
6000,707.7,0.9274577579,1.7077
6000,707.75,0.9273959741,1.70775
6000,707.8,0.927334196,1.7078
6000,707.85,0.9272724236,1.70785
6000,707.9,0.9272106569,1.7079
6000,707.95,0.9271488958,1.70795
6000,708,0.9270871404,1.708
6000,708.05,0.9270253908,1.70805
6000,708.1,0.9269636469,1.7081
6000,708.15,0.9269019086,1.70815
6000,708.2,0.9268401762,1.7082
6000,708.25,0.9267784494,1.70825
6000,708.3,0.9267167284,1.7083
6000,708.35,0.9266550132,1.70835
6000,708.4,0.9265933037,1.7084
6000,708.45,0.9265316,1.70845
6000,708.5,0.9264699021,1.7085
6000,708.55,0.9264082099,1.70855
6000,708.6,0.9263465236,1.7086
6000,708.65,0.926284843,1.70865
6000,708.7,0.9262231683,1.7087
6000,708.75,0.9261614994,1.70875
6000,708.8,0.9260998363,1.7088
6000,708.85,0.926038179,1.70885
6000,708.9,0.9259765276,1.7089
6000,708.95,0.925914882,1.70895
6000,709,0.9258532423,1.709
6000,709.05,0.9257916085,1.70905
6000,709.1,0.9257299805,1.7091
6000,709.15,0.9256683584,1.70915
6000,709.2,0.9256067422,1.7092
6000,709.25,0.9255451319,1.70925
6000,709.3,0.9254835275,1.7093
6000,709.35,0.925421929,1.70935
6000,709.4,0.9253603365,1.7094
6000,709.45,0.9252987498,1.70945
6000,709.5,0.9252371691,1.7095
6000,709.55,0.9251755944,1.70955
6000,709.6,0.9251140256,1.7096
6000,709.65,0.9250524627,1.70965
6000,709.7,0.9249909059,1.7097
6000,709.75,0.924929355,1.70975
6000,709.8,0.9248678101,1.7098
6000,709.85,0.9248062711,1.70985
6000,709.9,0.9247447382,1.7099
6000,709.95,0.9246832113,1.70995
6000,710,0.9246216904,1.71
6000,710.05,0.9245601755,1.71005
6000,710.1,0.9244986667,1.7101
6000,710.15,0.9244371639,1.71015
6000,710.2,0.9243756671,1.7102
6000,710.25,0.9243141764,1.71025
6000,710.3,0.9242526918,1.7103
6000,710.35,0.9241912132,1.71035
6000,710.4,0.9241297407,1.7104
6000,710.45,0.9240682743,1.71045
6000,710.5,0.924006814,1.7105
6000,710.55,0.9239453597,1.71055
6000,710.6,0.9238839116,1.7106
6000,710.65,0.9238224696,1.71065
6000,710.7,0.9237610338,1.7107
6000,710.75,0.923699604,1.71075
6000,710.8,0.9236381804,1.7108
6000,710.85,0.923576763,1.71085
6000,710.9,0.9235153517,1.7109
6000,710.95,0.9234539466,1.71095
6000,711,0.9233925476,1.711
6000,711.05,0.9233311548,1.71105
6000,711.1,0.9232697682,1.7111
6000,711.15,0.9232083878,1.71115
6000,711.2,0.9231470136,1.7112
6000,711.25,0.9230856456,1.71125
6000,711.3,0.9230242839,1.7113
6000,711.35,0.9229629283,1.71135
6000,711.4,0.922901579,1.7114
6000,711.45,0.9228402359,1.71145
6000,711.5,0.9227788991,1.7115
6000,711.55,0.9227175685,1.71155
6000,711.6,0.9226562442,1.7116
6000,711.65,0.9225949262,1.71165
6000,711.7,0.9225336144,1.7117
6000,711.75,0.9224723089,1.71175
6000,711.8,0.9224110098,1.7118
6000,711.85,0.9223497169,1.71185
6000,711.9,0.9222884303,1.7119
6000,711.95,0.9222271501,1.71195
6000,712,0.9221658761,1.712
6000,712.05,0.9221046085,1.71205
6000,712.1,0.9220433473,1.7121
6000,712.15,0.9219820924,1.71215
6000,712.2,0.9219208438,1.7122
6000,712.25,0.9218596016,1.71225
6000,712.3,0.9217983658,1.7123
6000,712.35,0.9217371364,1.71235
6000,712.4,0.9216759133,1.7124
6000,712.45,0.9216146967,1.71245
6000,712.5,0.9215534864,1.7125
6000,712.55,0.9214922826,1.71255
6000,712.6,0.9214310851,1.7126
6000,712.65,0.9213698941,1.71265
6000,712.7,0.9213087095,1.7127
6000,712.75,0.9212475314,1.71275
6000,712.8,0.9211863597,1.7128
6000,712.85,0.9211251945,1.71285
6000,712.9,0.9210640357,1.7129
6000,712.95,0.9210028834,1.71295
6000,713,0.9209417376,1.713
6000,713.05,0.9208805982,1.71305
6000,713.1,0.9208194654,1.7131
6000,713.15,0.920758339,1.71315
6000,713.2,0.9206972192,1.7132
6000,713.25,0.9206361058,1.71325
6000,713.3,0.920574999,1.7133
6000,713.35,0.9205138988,1.71335
6000,713.4,0.920452805,1.7134
6000,713.45,0.9203917178,1.71345
6000,713.5,0.9203306372,1.7135
6000,713.55,0.9202695631,1.71355
6000,713.6,0.9202084956,1.7136
6000,713.65,0.9201474347,1.71365
6000,713.7,0.9200863803,1.7137
6000,713.75,0.9200253325,1.71375
6000,713.8,0.9199642914,1.7138
6000,713.85,0.9199032568,1.71385
6000,713.9,0.9198422288,1.7139
6000,713.95,0.9197812075,1.71395
6000,714,0.9197201928,1.714
6000,714.05,0.9196591847,1.71405
6000,714.1,0.9195981833,1.7141
6000,714.15,0.9195371886,1.71415
6000,714.2,0.9194762004,1.7142
6000,714.25,0.919415219,1.71425
6000,714.3,0.9193542442,1.7143
6000,714.35,0.9192932761,1.71435
6000,714.4,0.9192323147,1.7144
6000,714.45,0.91917136,1.71445
6000,714.5,0.919110412,1.7145
6000,714.55,0.9190494707,1.71455
6000,714.6,0.9189885361,1.7146
6000,714.65,0.9189276082,1.71465
6000,714.7,0.9188666871,1.7147
6000,714.75,0.9188057727,1.71475
6000,714.8,0.9187448651,1.7148
6000,714.85,0.9186839642,1.71485
6000,714.9,0.9186230701,1.7149
6000,714.95,0.9185621827,1.71495
6000,715,0.9185013021,1.715
6000,715.05,0.9184404283,1.71505
6000,715.1,0.9183795613,1.7151
6000,715.15,0.9183187011,1.71515
6000,715.2,0.9182578477,1.7152
6000,715.25,0.9181970011,1.71525
6000,715.3,0.9181361614,1.7153
6000,715.35,0.9180753285,1.71535
6000,715.4,0.9180145024,1.7154
6000,715.45,0.9179536831,1.71545
6000,715.5,0.9178928707,1.7155
6000,715.55,0.9178320652,1.71555
6000,715.6,0.9177712665,1.7156
6000,715.65,0.9177104747,1.71565
6000,715.7,0.9176496897,1.7157
6000,715.75,0.9175889117,1.71575
6000,715.8,0.9175281406,1.7158
6000,715.85,0.9174673763,1.71585
6000,715.9,0.917406619,1.7159
6000,715.95,0.9173458686,1.71595
6000,716,0.9172851251,1.716
6000,716.05,0.9172243885,1.71605
6000,716.1,0.9171636589,1.7161
6000,716.15,0.9171029362,1.71615
6000,716.2,0.9170422205,1.7162
6000,716.25,0.9169815118,1.71625
6000,716.3,0.91692081,1.7163
6000,716.35,0.9168601151,1.71635
6000,716.4,0.9167994273,1.7164
6000,716.45,0.9167387465,1.71645
6000,716.5,0.9166780726,1.7165
6000,716.55,0.9166174058,1.71655
6000,716.6,0.916556746,1.7166
6000,716.65,0.9164960931,1.71665
6000,716.7,0.9164354474,1.7167
6000,716.75,0.9163748086,1.71675
6000,716.8,0.9163141769,1.7168
6000,716.85,0.9162535522,1.71685
6000,716.9,0.9161929346,1.7169
6000,716.95,0.9161323241,1.71695
6000,717,0.9160717206,1.717
6000,717.05,0.9160111242,1.71705
6000,717.1,0.9159505349,1.7171
6000,717.15,0.9158899527,1.71715
6000,717.2,0.9158293776,1.7172
6000,717.25,0.9157688096,1.71725
6000,717.3,0.9157082487,1.7173
6000,717.35,0.9156476949,1.71735
6000,717.4,0.9155871482,1.7174
6000,717.45,0.9155266087,1.71745
6000,717.5,0.9154660763,1.7175
6000,717.55,0.9154055511,1.71755
6000,717.6,0.915345033,1.7176
6000,717.65,0.9152845221,1.71765
6000,717.7,0.9152240184,1.7177
6000,717.75,0.9151635218,1.71775
6000,717.8,0.9151030325,1.7178
6000,717.85,0.9150425503,1.71785
6000,717.9,0.9149820753,1.7179
6000,717.95,0.9149216075,1.71795
6000,718,0.914861147,1.718
6000,718.05,0.9148006936,1.71805
6000,718.1,0.9147402475,1.7181
6000,718.15,0.9146798086,1.71815
6000,718.2,0.914619377,1.7182
6000,718.25,0.9145589526,1.71825
6000,718.3,0.9144985355,1.7183
6000,718.35,0.9144381256,1.71835
6000,718.4,0.9143777231,1.7184
6000,718.45,0.9143173277,1.71845
6000,718.5,0.9142569397,1.7185
6000,718.55,0.914196559,1.71855
6000,718.6,0.9141361855,1.7186
6000,718.65,0.9140758194,1.71865
6000,718.7,0.9140154606,1.7187
6000,718.75,0.9139551091,1.71875
6000,718.8,0.9138947649,1.7188
6000,718.85,0.9138344281,1.71885
6000,718.9,0.9137740986,1.7189
6000,718.95,0.9137137765,1.71895
6000,719,0.9136534617,1.719
6000,719.05,0.9135931543,1.71905
6000,719.1,0.9135328542,1.7191
6000,719.15,0.9134725616,1.71915
6000,719.2,0.9134122763,1.7192
6000,719.25,0.9133519984,1.71925
6000,719.3,0.9132917279,1.7193
6000,719.35,0.9132314648,1.71935
6000,719.4,0.9131712091,1.7194
6000,719.45,0.9131109609,1.71945
6000,719.5,0.91305072,1.7195
6000,719.55,0.9129904866,1.71955
6000,719.6,0.9129302607,1.7196
6000,719.65,0.9128700422,1.71965
6000,719.7,0.9128098311,1.7197
6000,719.75,0.9127496275,1.71975
6000,719.8,0.9126894314,1.7198
6000,719.85,0.9126292427,1.71985
6000,719.9,0.9125690616,1.7199
6000,719.95,0.9125088879,1.71995
6000,720,0.9124487217,1.72
6000,720.05,0.912388563,1.72005
6000,720.1,0.9123284119,1.7201
6000,720.15,0.9122682682,1.72015
6000,720.2,0.9122081321,1.7202
6000,720.25,0.9121480035,1.72025
6000,720.3,0.9120878825,1.7203
6000,720.35,0.912027769,1.72035
6000,720.4,0.911967663,1.7204
6000,720.45,0.9119075646,1.72045
6000,720.5,0.9118474738,1.7205
6000,720.55,0.9117873906,1.72055
6000,720.6,0.9117273149,1.7206
6000,720.65,0.9116672468,1.72065
6000,720.7,0.9116071863,1.7207
6000,720.75,0.9115471334,1.72075
6000,720.8,0.9114870881,1.7208
6000,720.85,0.9114270505,1.72085
6000,720.9,0.9113670204,1.7209
6000,720.95,0.911306998,1.72095
6000,721,0.9112469832,1.721
6000,721.05,0.9111869761,1.72105
6000,721.1,0.9111269766,1.7211
6000,721.15,0.9110669848,1.72115
6000,721.2,0.9110070006,1.7212
6000,721.25,0.9109470241,1.72125
6000,721.3,0.9108870553,1.7213
6000,721.35,0.9108270942,1.72135
6000,721.4,0.9107671407,1.7214
6000,721.45,0.910707195,1.72145
6000,721.5,0.9106472569,1.7215
6000,721.55,0.9105873266,1.72155
6000,721.6,0.910527404,1.7216
6000,721.65,0.9104674891,1.72165
6000,721.7,0.910407582,1.7217
6000,721.75,0.9103476825,1.72175
6000,721.8,0.9102877909,1.7218
6000,721.85,0.910227907,1.72185
6000,721.9,0.9101680308,1.7219
6000,721.95,0.9101081624,1.72195
6000,722,0.9100483018,1.722
6000,722.05,0.909988449,1.72205
6000,722.1,0.9099286039,1.7221
6000,722.15,0.9098687666,1.72215
6000,722.2,0.9098089372,1.7222
6000,722.25,0.9097491155,1.72225
6000,722.3,0.9096893017,1.7223
6000,722.35,0.9096294957,1.72235
6000,722.4,0.9095696975,1.7224
6000,722.45,0.9095099071,1.72245
6000,722.5,0.9094501246,1.7225
6000,722.55,0.90939035,1.72255
6000,722.6,0.9093305832,1.7226
6000,722.65,0.9092708242,1.72265
6000,722.7,0.9092110731,1.7227
6000,722.75,0.9091513299,1.72275
6000,722.8,0.9090915946,1.7228
6000,722.85,0.9090318672,1.72285
6000,722.9,0.9089721476,1.7229
6000,722.95,0.908912436,1.72295
6000,723,0.9088527322,1.723
6000,723.05,0.9087930364,1.72305
6000,723.1,0.9087333485,1.7231
6000,723.15,0.9086736686,1.72315
6000,723.2,0.9086139965,1.7232
6000,723.25,0.9085543324,1.72325
6000,723.3,0.9084946763,1.7233
6000,723.35,0.9084350281,1.72335
6000,723.4,0.9083753879,1.7234
6000,723.45,0.9083157557,1.72345
6000,723.5,0.9082561314,1.7235
6000,723.55,0.9081965151,1.72355
6000,723.6,0.9081369068,1.7236
6000,723.65,0.9080773065,1.72365
6000,723.7,0.9080177142,1.7237
6000,723.75,0.9079581299,1.72375
6000,723.8,0.9078985536,1.7238
6000,723.85,0.9078389853,1.72385
6000,723.9,0.9077794251,1.7239
6000,723.95,0.9077198729,1.72395
6000,724,0.9076603287,1.724
6000,724.05,0.9076007926,1.72405
6000,724.1,0.9075412646,1.7241
6000,724.15,0.9074817446,1.72415
6000,724.2,0.9074222327,1.7242
6000,724.25,0.9073627288,1.72425
6000,724.3,0.9073032331,1.7243
6000,724.35,0.9072437454,1.72435
6000,724.4,0.9071842658,1.7244
6000,724.45,0.9071247944,1.72445
6000,724.5,0.907065331,1.7245
6000,724.55,0.9070058758,1.72455
6000,724.6,0.9069464286,1.7246
6000,724.65,0.9068869896,1.72465
6000,724.7,0.9068275588,1.7247
6000,724.75,0.906768136,1.72475
6000,724.8,0.9067087215,1.7248
6000,724.85,0.906649315,1.72485
6000,724.9,0.9065899168,1.7249
6000,724.95,0.9065305267,1.72495
6000,725,0.9064711448,1.725
6000,725.05,0.906411771,1.72505
6000,725.1,0.9063524055,1.7251
6000,725.15,0.9062930481,1.72515
6000,725.2,0.906233699,1.7252
6000,725.25,0.906174358,1.72525
6000,725.3,0.9061150253,1.7253
6000,725.35,0.9060557008,1.72535
6000,725.4,0.9059963845,1.7254
6000,725.45,0.9059370765,1.72545
6000,725.5,0.9058777766,1.7255
6000,725.55,0.9058184851,1.72555
6000,725.6,0.9057592018,1.7256
6000,725.65,0.9056999267,1.72565
6000,725.7,0.9056406599,1.7257
6000,725.75,0.9055814014,1.72575
6000,725.8,0.9055221512,1.7258
6000,725.85,0.9054629092,1.72585
6000,725.9,0.9054036755,1.7259
6000,725.95,0.9053444502,1.72595
6000,726,0.9052852331,1.726
6000,726.05,0.9052260244,1.72605
6000,726.1,0.905166824,1.7261
6000,726.15,0.9051076318,1.72615
6000,726.2,0.9050484481,1.7262
6000,726.25,0.9049892726,1.72625
6000,726.3,0.9049301055,1.7263
6000,726.35,0.9048709468,1.72635
6000,726.4,0.9048117964,1.7264
6000,726.45,0.9047526544,1.72645
6000,726.5,0.9046935207,1.7265
6000,726.55,0.9046343955,1.72655
6000,726.6,0.9045752786,1.7266
6000,726.65,0.90451617,1.72665
6000,726.7,0.9044570699,1.7267
6000,726.75,0.9043979782,1.72675
6000,726.8,0.9043388949,1.7268
6000,726.85,0.90427982,1.72685
6000,726.9,0.9042207536,1.7269
6000,726.95,0.9041616955,1.72695
6000,727,0.9041026459,1.727
6000,727.05,0.9040436047,1.72705
6000,727.1,0.903984572,1.7271
6000,727.15,0.9039255477,1.72715
6000,727.2,0.9038665319,1.7272
6000,727.25,0.9038075246,1.72725
6000,727.3,0.9037485257,1.7273
6000,727.35,0.9036895353,1.72735
6000,727.4,0.9036305534,1.7274
6000,727.45,0.90357158,1.72745
6000,727.5,0.903512615,1.7275
6000,727.55,0.9034536586,1.72755
6000,727.6,0.9033947107,1.7276
6000,727.65,0.9033357713,1.72765
6000,727.7,0.9032768404,1.7277
6000,727.75,0.9032179181,1.72775
6000,727.8,0.9031590043,1.7278
6000,727.85,0.903100099,1.72785
6000,727.9,0.9030412023,1.7279
6000,727.95,0.9029823141,1.72795
6000,728,0.9029234345,1.728
6000,728.05,0.9028645634,1.72805
6000,728.1,0.902805701,1.7281
6000,728.15,0.9027468471,1.72815
6000,728.2,0.9026880018,1.7282
6000,728.25,0.9026291651,1.72825
6000,728.3,0.9025703369,1.7283
6000,728.35,0.9025115174,1.72835
6000,728.4,0.9024527065,1.7284
6000,728.45,0.9023939042,1.72845
6000,728.5,0.9023351106,1.7285
6000,728.55,0.9022763256,1.72855
6000,728.6,0.9022175492,1.7286
6000,728.65,0.9021587814,1.72865
6000,728.7,0.9021000223,1.7287
6000,728.75,0.9020412718,1.72875
6000,728.8,0.90198253,1.7288
6000,728.85,0.9019237969,1.72885
6000,728.9,0.9018650725,1.7289
6000,728.95,0.9018063567,1.72895
6000,729,0.9017476496,1.729
6000,729.05,0.9016889512,1.72905
6000,729.1,0.9016302615,1.7291
6000,729.15,0.9015715805,1.72915
6000,729.2,0.9015129082,1.7292
6000,729.25,0.9014542447,1.72925
6000,729.3,0.9013955898,1.7293
6000,729.35,0.9013369437,1.72935
6000,729.4,0.9012783063,1.7294
6000,729.45,0.9012196777,1.72945
6000,729.5,0.9011610578,1.7295
6000,729.55,0.9011024466,1.72955
6000,729.6,0.9010438442,1.7296
6000,729.65,0.9009852506,1.72965
6000,729.7,0.9009266658,1.7297
6000,729.75,0.9008680897,1.72975
6000,729.8,0.9008095224,1.7298
6000,729.85,0.9007509639,1.72985
6000,729.9,0.9006924142,1.7299
6000,729.95,0.9006338733,1.72995
6000,730,0.9005753413,1.73
6000,730.05,0.900516818,1.73005
6000,730.1,0.9004583035,1.7301
6000,730.15,0.9003997979,1.73015
6000,730.2,0.9003413011,1.7302
6000,730.25,0.9002828132,1.73025
6000,730.3,0.9002243341,1.7303
6000,730.35,0.9001658638,1.73035
6000,730.4,0.9001074024,1.7304
6000,730.45,0.9000489499,1.73045
6000,730.5,0.8999905062,1.7305
6000,730.55,0.8999320714,1.73055
6000,730.6,0.8998736455,1.7306
6000,730.65,0.8998152285,1.73065
6000,730.7,0.8997568204,1.7307
6000,730.75,0.8996984212,1.73075
6000,730.8,0.8996400309,1.7308
6000,730.85,0.8995816494,1.73085
6000,730.9,0.899523277,1.7309
6000,730.95,0.8994649134,1.73095
6000,731,0.8994065588,1.731
6000,731.05,0.8993482131,1.73105
6000,731.1,0.8992898763,1.7311
6000,731.15,0.8992315485,1.73115
6000,731.2,0.8991732297,1.7312
6000,731.25,0.8991149198,1.73125
6000,731.3,0.8990566188,1.7313
6000,731.35,0.8989983269,1.73135
6000,731.4,0.8989400439,1.7314
6000,731.45,0.8988817699,1.73145
6000,731.5,0.8988235049,1.7315
6000,731.55,0.8987652489,1.73155
6000,731.6,0.8987070019,1.7316
6000,731.65,0.8986487639,1.73165
6000,731.7,0.898590535,1.7317
6000,731.75,0.898532315,1.73175
6000,731.8,0.8984741041,1.7318
6000,731.85,0.8984159022,1.73185
6000,731.9,0.8983577093,1.7319
6000,731.95,0.8982995255,1.73195
6000,732,0.8982413507,1.732
6000,732.05,0.898183185,1.73205
6000,732.1,0.8981250284,1.7321
6000,732.15,0.8980668808,1.73215
6000,732.2,0.8980087423,1.7322
6000,732.25,0.8979506129,1.73225
6000,732.3,0.8978924925,1.7323
6000,732.35,0.8978343813,1.73235
6000,732.4,0.8977762791,1.7324
6000,732.45,0.8977181861,1.73245
6000,732.5,0.8976601022,1.7325
6000,732.55,0.8976020273,1.73255
6000,732.6,0.8975439616,1.7326
6000,732.65,0.8974859051,1.73265
6000,732.7,0.8974278576,1.7327
6000,732.75,0.8973698193,1.73275
6000,732.8,0.8973117902,1.7328
6000,732.85,0.8972537702,1.73285
6000,732.9,0.8971957593,1.7329
6000,732.95,0.8971377576,1.73295
6000,733,0.8970797651,1.733
6000,733.05,0.8970217818,1.73305
6000,733.1,0.8969638076,1.7331
6000,733.15,0.8969058426,1.73315
6000,733.2,0.8968478868,1.7332
6000,733.25,0.8967899402,1.73325
6000,733.3,0.8967320029,1.7333
6000,733.35,0.8966740747,1.73335
6000,733.4,0.8966161557,1.7334
6000,733.45,0.896558246,1.73345
6000,733.5,0.8965003455,1.7335
6000,733.55,0.8964424542,1.73355
6000,733.6,0.8963845721,1.7336
6000,733.65,0.8963266993,1.73365
6000,733.7,0.8962688358,1.7337
6000,733.75,0.8962109815,1.73375
6000,733.8,0.8961531365,1.7338
6000,733.85,0.8960953007,1.73385
6000,733.9,0.8960374742,1.7339
6000,733.95,0.895979657,1.73395
6000,734,0.8959218491,1.734
6000,734.05,0.8958640504,1.73405
6000,734.1,0.8958062611,1.7341
6000,734.15,0.895748481,1.73415
6000,734.2,0.8956907103,1.7342
6000,734.25,0.8956329489,1.73425
6000,734.3,0.8955751968,1.7343
6000,734.35,0.895517454,1.73435
6000,734.4,0.8954597206,1.7344
6000,734.45,0.8954019965,1.73445
6000,734.5,0.8953442817,1.7345
6000,734.55,0.8952865763,1.73455
6000,734.6,0.8952288802,1.7346
6000,734.65,0.8951711935,1.73465
6000,734.7,0.8951135162,1.7347
6000,734.75,0.8950558482,1.73475
6000,734.8,0.8949981896,1.7348
6000,734.85,0.8949405404,1.73485
6000,734.9,0.8948829006,1.7349
6000,734.95,0.8948252702,1.73495
6000,735,0.8947676491,1.735
6000,735.05,0.8947100375,1.73505
6000,735.1,0.8946524353,1.7351
6000,735.15,0.8945948425,1.73515
6000,735.2,0.8945372591,1.7352
6000,735.25,0.8944796852,1.73525
6000,735.3,0.8944221207,1.7353
6000,735.35,0.8943645656,1.73535
6000,735.4,0.8943070199,1.7354
6000,735.45,0.8942494838,1.73545
6000,735.5,0.894191957,1.7355
6000,735.55,0.8941344398,1.73555
6000,735.6,0.894076932,1.7356
6000,735.65,0.8940194337,1.73565
6000,735.7,0.8939619448,1.7357
6000,735.75,0.8939044655,1.73575
6000,735.8,0.8938469956,1.7358
6000,735.85,0.8937895352,1.73585
6000,735.9,0.8937320843,1.7359
6000,735.95,0.893674643,1.73595
6000,736,0.8936172111,1.736
6000,736.05,0.8935597888,1.73605
6000,736.1,0.893502376,1.7361
6000,736.15,0.8934449727,1.73615
6000,736.2,0.8933875789,1.7362
6000,736.25,0.8933301947,1.73625
6000,736.3,0.89327282,1.7363
6000,736.35,0.8932154549,1.73635
6000,736.4,0.8931580994,1.7364
6000,736.45,0.8931007534,1.73645
6000,736.5,0.8930434169,1.7365
6000,736.55,0.8929860901,1.73655
6000,736.6,0.8929287728,1.7366
6000,736.65,0.8928714651,1.73665
6000,736.7,0.892814167,1.7367
6000,736.75,0.8927568785,1.73675
6000,736.8,0.8926995996,1.7368
6000,736.85,0.8926423303,1.73685
6000,736.9,0.8925850706,1.7369
6000,736.95,0.8925278206,1.73695
6000,737,0.8924705801,1.737
6000,737.05,0.8924133493,1.73705
6000,737.1,0.8923561281,1.7371
6000,737.15,0.8922989166,1.73715
6000,737.2,0.8922417147,1.7372
6000,737.25,0.8921845224,1.73725
6000,737.3,0.8921273399,1.7373
6000,737.35,0.8920701669,1.73735
6000,737.4,0.8920130037,1.7374
6000,737.45,0.8919558501,1.73745
6000,737.5,0.8918987062,1.7375
6000,737.55,0.8918415719,1.73755
6000,737.6,0.8917844474,1.7376
6000,737.65,0.8917273326,1.73765
6000,737.7,0.8916702274,1.7377
6000,737.75,0.891613132,1.73775
6000,737.8,0.8915560463,1.7378
6000,737.85,0.8914989702,1.73785
6000,737.9,0.891441904,1.7379
6000,737.95,0.8913848474,1.73795
6000,738,0.8913278006,1.738
6000,738.05,0.8912707635,1.73805
6000,738.1,0.8912137361,1.7381
6000,738.15,0.8911567185,1.73815
6000,738.2,0.8910997107,1.7382
6000,738.25,0.8910427126,1.73825
6000,738.3,0.8909857243,1.7383
6000,738.35,0.8909287457,1.73835
6000,738.4,0.890871777,1.7384
6000,738.45,0.890814818,1.73845
6000,738.5,0.8907578688,1.7385
6000,738.55,0.8907009293,1.73855
6000,738.6,0.8906439997,1.7386
6000,738.65,0.8905870799,1.73865
6000,738.7,0.8905301699,1.7387
6000,738.75,0.8904732697,1.73875
6000,738.8,0.8904163793,1.7388
6000,738.85,0.8903594988,1.73885
6000,738.9,0.8903026281,1.7389
6000,738.95,0.8902457672,1.73895
6000,739,0.8901889161,1.739
6000,739.05,0.8901320749,1.73905
6000,739.1,0.8900752436,1.7391
6000,739.15,0.8900184221,1.73915
6000,739.2,0.8899616105,1.7392
6000,739.25,0.8899048087,1.73925
6000,739.3,0.8898480168,1.7393
6000,739.35,0.8897912348,1.73935
6000,739.4,0.8897344627,1.7394
6000,739.45,0.8896777004,1.73945
6000,739.5,0.8896209481,1.7395
6000,739.55,0.8895642056,1.73955
6000,739.6,0.8895074731,1.7396
6000,739.65,0.8894507504,1.73965
6000,739.7,0.8893940377,1.7397
6000,739.75,0.8893373349,1.73975
6000,739.8,0.889280642,1.7398
6000,739.85,0.8892239591,1.73985
6000,739.9,0.889167286,1.7399
6000,739.95,0.889110623,1.73995
6000,740,0.8890539698,1.74
6000,740.05,0.8889973267,1.74005
6000,740.1,0.8889406934,1.7401
6000,740.15,0.8888840702,1.74015
6000,740.2,0.8888274569,1.7402
6000,740.25,0.8887708536,1.74025
6000,740.3,0.8887142602,1.7403
6000,740.35,0.8886576769,1.74035
6000,740.4,0.8886011035,1.7404
6000,740.45,0.8885445401,1.74045
6000,740.5,0.8884879867,1.7405
6000,740.55,0.8884314434,1.74055
6000,740.6,0.88837491,1.7406
6000,740.65,0.8883183866,1.74065
6000,740.7,0.8882618733,1.7407
6000,740.75,0.88820537,1.74075
6000,740.8,0.8881488767,1.7408
6000,740.85,0.8880923934,1.74085
6000,740.9,0.8880359202,1.7409
6000,740.95,0.8879794571,1.74095
6000,741,0.887923004,1.741
6000,741.05,0.8878665609,1.74105
6000,741.1,0.8878101279,1.7411
6000,741.15,0.887753705,1.74115
6000,741.2,0.8876972921,1.7412
6000,741.25,0.8876408893,1.74125
6000,741.3,0.8875844966,1.7413
6000,741.35,0.887528114,1.74135
6000,741.4,0.8874717415,1.7414
6000,741.45,0.887415379,1.74145
6000,741.5,0.8873590267,1.7415
6000,741.55,0.8873026845,1.74155
6000,741.6,0.8872463524,1.7416
6000,741.65,0.8871900304,1.74165
6000,741.7,0.8871337185,1.7417
6000,741.75,0.8870774167,1.74175
6000,741.8,0.8870211251,1.7418
6000,741.85,0.8869648436,1.74185
6000,741.9,0.8869085723,1.7419
6000,741.95,0.8868523111,1.74195
6000,742,0.8867960601,1.742
6000,742.05,0.8867398192,1.74205
6000,742.1,0.8866835885,1.7421
6000,742.15,0.8866273679,1.74215
6000,742.2,0.8865711576,1.7422
6000,742.25,0.8865149574,1.74225
6000,742.3,0.8864587673,1.7423
6000,742.35,0.8864025875,1.74235
6000,742.4,0.8863464179,1.7424
6000,742.45,0.8862902584,1.74245
6000,742.5,0.8862341092,1.7425
6000,742.55,0.8861779702,1.74255
6000,742.6,0.8861218414,1.7426
6000,742.65,0.8860657228,1.74265
6000,742.7,0.8860096144,1.7427
6000,742.75,0.8859535162,1.74275
6000,742.8,0.8858974283,1.7428
6000,742.85,0.8858413506,1.74285
6000,742.9,0.8857852832,1.7429
6000,742.95,0.885729226,1.74295
6000,743,0.8856731791,1.743
6000,743.05,0.8856171424,1.74305
6000,743.1,0.885561116,1.7431
6000,743.15,0.8855050999,1.74315
6000,743.2,0.885449094,1.7432
6000,743.25,0.8853930984,1.74325
6000,743.3,0.8853371131,1.7433
6000,743.35,0.8852811381,1.74335
6000,743.4,0.8852251733,1.7434
6000,743.45,0.8851692189,1.74345
6000,743.5,0.8851132748,1.7435
6000,743.55,0.8850573409,1.74355
6000,743.6,0.8850014174,1.7436
6000,743.65,0.8849455042,1.74365
6000,743.7,0.8848896014,1.7437
6000,743.75,0.8848337088,1.74375
6000,743.8,0.8847778266,1.7438
6000,743.85,0.8847219547,1.74385
6000,743.9,0.8846660932,1.7439
6000,743.95,0.884610242,1.74395
6000,744,0.8845544012,1.744
6000,744.05,0.8844985707,1.74405
6000,744.1,0.8844427506,1.7441
6000,744.15,0.8843869408,1.74415
6000,744.2,0.8843311414,1.7442
6000,744.25,0.8842753524,1.74425
6000,744.3,0.8842195738,1.7443
6000,744.35,0.8841638056,1.74435
6000,744.4,0.8841080477,1.7444
6000,744.45,0.8840523003,1.74445
6000,744.5,0.8839965632,1.7445
6000,744.55,0.8839408366,1.74455
6000,744.6,0.8838851204,1.7446
6000,744.65,0.8838294145,1.74465
6000,744.7,0.8837737191,1.7447
6000,744.75,0.8837180342,1.74475
6000,744.8,0.8836623596,1.7448
6000,744.85,0.8836066955,1.74485
6000,744.9,0.8835510418,1.7449
6000,744.95,0.8834953986,1.74495
6000,745,0.8834397658,1.745
6000,745.05,0.8833841435,1.74505
6000,745.1,0.8833285316,1.7451
6000,745.15,0.8832729302,1.74515
6000,745.2,0.8832173393,1.7452
6000,745.25,0.8831617588,1.74525
6000,745.3,0.8831061888,1.7453
6000,745.35,0.8830506293,1.74535
6000,745.4,0.8829950803,1.7454
6000,745.45,0.8829395417,1.74545
6000,745.5,0.8828840137,1.7455
6000,745.55,0.8828284962,1.74555
6000,745.6,0.8827729892,1.7456
6000,745.65,0.8827174926,1.74565
6000,745.7,0.8826620066,1.7457
6000,745.75,0.8826065312,1.74575
6000,745.8,0.8825510662,1.7458
6000,745.85,0.8824956118,1.74585
6000,745.9,0.8824401679,1.7459
6000,745.95,0.8823847346,1.74595
6000,746,0.8823293117,1.746
6000,746.05,0.8822738995,1.74605
6000,746.1,0.8822184978,1.7461
6000,746.15,0.8821631066,1.74615
6000,746.2,0.8821077261,1.7462
6000,746.25,0.882052356,1.74625
6000,746.3,0.8819969966,1.7463
6000,746.35,0.8819416477,1.74635
6000,746.4,0.8818863094,1.7464
6000,746.45,0.8818309817,1.74645
6000,746.5,0.8817756646,1.7465
6000,746.55,0.8817203581,1.74655
6000,746.6,0.8816650622,1.7466
6000,746.65,0.8816097769,1.74665
6000,746.7,0.8815545022,1.7467
6000,746.75,0.8814992381,1.74675
6000,746.8,0.8814439847,1.7468
6000,746.85,0.8813887418,1.74685
6000,746.9,0.8813335096,1.7469
6000,746.95,0.881278288,1.74695
6000,747,0.8812230771,1.747
6000,747.05,0.8811678768,1.74705
6000,747.1,0.8811126871,1.7471
6000,747.15,0.8810575081,1.74715
6000,747.2,0.8810023398,1.7472
6000,747.25,0.8809471821,1.74725
6000,747.3,0.8808920351,1.7473
6000,747.35,0.8808368987,1.74735
6000,747.4,0.880781773,1.7474
6000,747.45,0.880726658,1.74745
6000,747.5,0.8806715537,1.7475
6000,747.55,0.8806164601,1.74755
6000,747.6,0.8805613772,1.7476
6000,747.65,0.8805063049,1.74765
6000,747.7,0.8804512434,1.7477
6000,747.75,0.8803961926,1.74775
6000,747.8,0.8803411524,1.7478
6000,747.85,0.880286123,1.74785
6000,747.9,0.8802311044,1.7479
6000,747.95,0.8801760964,1.74795
6000,748,0.8801210992,1.748
6000,748.05,0.8800661127,1.74805
6000,748.1,0.8800111369,1.7481
6000,748.15,0.8799561719,1.74815
6000,748.2,0.8799012176,1.7482
6000,748.25,0.8798462741,1.74825
6000,748.3,0.8797913414,1.7483
6000,748.35,0.8797364194,1.74835
6000,748.4,0.8796815081,1.7484
6000,748.45,0.8796266077,1.74845
6000,748.5,0.879571718,1.7485
6000,748.55,0.8795168391,1.74855
6000,748.6,0.8794619709,1.7486
6000,748.65,0.8794071136,1.74865
6000,748.7,0.8793522671,1.7487
6000,748.75,0.8792974313,1.74875
6000,748.8,0.8792426064,1.7488
6000,748.85,0.8791877922,1.74885
6000,748.9,0.8791329889,1.7489
6000,748.95,0.8790781964,1.74895
6000,749,0.8790234147,1.749
6000,749.05,0.8789686438,1.74905
6000,749.1,0.8789138838,1.7491
6000,749.15,0.8788591345,1.74915
6000,749.2,0.8788043962,1.7492
6000,749.25,0.8787496686,1.74925
6000,749.3,0.8786949519,1.7493
6000,749.35,0.8786402461,1.74935
6000,749.4,0.8785855511,1.7494
6000,749.45,0.878530867,1.74945
6000,749.5,0.8784761937,1.7495
6000,749.55,0.8784215313,1.74955
6000,749.6,0.8783668798,1.7496
6000,749.65,0.8783122392,1.74965
6000,749.7,0.8782576094,1.7497
6000,749.75,0.8782029905,1.74975
6000,749.8,0.8781483825,1.7498
6000,749.85,0.8780937854,1.74985
6000,749.9,0.8780391992,1.7499
6000,749.95,0.877984624,1.74995
6000,750,0.8779300596,1.75
6000,750.05,0.8778755061,1.75005
6000,750.1,0.8778209635,1.7501
6000,750.15,0.8777664319,1.75015
6000,750.2,0.8777119112,1.7502
6000,750.25,0.8776574014,1.75025
6000,750.3,0.8776029026,1.7503
6000,750.35,0.8775484147,1.75035
6000,750.4,0.8774939377,1.7504
6000,750.45,0.8774394717,1.75045
6000,750.5,0.8773850166,1.7505
6000,750.55,0.8773305725,1.75055
6000,750.6,0.8772761393,1.7506
6000,750.65,0.8772217171,1.75065
6000,750.7,0.8771673059,1.7507
6000,750.75,0.8771129056,1.75075
6000,750.8,0.8770585164,1.7508
6000,750.85,0.8770041381,1.75085
6000,750.9,0.8769497708,1.7509
6000,750.95,0.8768954145,1.75095
6000,751,0.8768410691,1.751
6000,751.05,0.8767867348,1.75105
6000,751.1,0.8767324115,1.7511
6000,751.15,0.8766780992,1.75115
6000,751.2,0.8766237979,1.7512
6000,751.25,0.8765695076,1.75125
6000,751.3,0.8765152283,1.7513
6000,751.35,0.87646096,1.75135
6000,751.4,0.8764067028,1.7514
6000,751.45,0.8763524566,1.75145
6000,751.5,0.8762982215,1.7515
6000,751.55,0.8762439974,1.75155
6000,751.6,0.8761897843,1.7516
6000,751.65,0.8761355823,1.75165
6000,751.7,0.8760813913,1.7517
6000,751.75,0.8760272114,1.75175
6000,751.8,0.8759730426,1.7518
6000,751.85,0.8759188848,1.75185
6000,751.9,0.8758647381,1.7519
6000,751.95,0.8758106025,1.75195
6000,752,0.8757564779,1.752
6000,752.05,0.8757023644,1.75205
6000,752.1,0.8756482621,1.7521
6000,752.15,0.8755941708,1.75215
6000,752.2,0.8755400906,1.7522
6000,752.25,0.8754860215,1.75225
6000,752.3,0.8754319635,1.7523
6000,752.35,0.8753779166,1.75235
6000,752.4,0.8753238808,1.7524
6000,752.45,0.8752698562,1.75245
6000,752.5,0.8752158426,1.7525
6000,752.55,0.8751618402,1.75255
6000,752.6,0.8751078489,1.7526
6000,752.65,0.8750538688,1.75265
6000,752.7,0.8749998998,1.7527
6000,752.75,0.8749459419,1.75275
6000,752.8,0.8748919952,1.7528
6000,752.85,0.8748380596,1.75285
6000,752.9,0.8747841352,1.7529
6000,752.95,0.8747302219,1.75295
6000,753,0.8746763198,1.753
6000,753.05,0.8746224288,1.75305
6000,753.1,0.8745685491,1.7531
6000,753.15,0.8745146805,1.75315
6000,753.2,0.8744608231,1.7532
6000,753.25,0.8744069768,1.75325
6000,753.3,0.8743531418,1.7533
6000,753.35,0.8742993179,1.75335
6000,753.4,0.8742455053,1.7534
6000,753.45,0.8741917038,1.75345
6000,753.5,0.8741379135,1.7535
6000,753.55,0.8740841345,1.75355
6000,753.6,0.8740303666,1.7536
6000,753.65,0.87397661,1.75365
6000,753.7,0.8739228646,1.7537
6000,753.75,0.8738691304,1.75375
6000,753.8,0.8738154074,1.7538
6000,753.85,0.8737616957,1.75385
6000,753.9,0.8737079952,1.7539
6000,753.95,0.8736543059,1.75395
6000,754,0.8736006279,1.754
6000,754.05,0.8735469612,1.75405
6000,754.1,0.8734933056,1.7541
6000,754.15,0.8734396614,1.75415
6000,754.2,0.8733860284,1.7542
6000,754.25,0.8733324066,1.75425
6000,754.3,0.8732787962,1.7543
6000,754.35,0.873225197,1.75435
6000,754.4,0.873171609,1.7544
6000,754.45,0.8731180324,1.75445
6000,754.5,0.873064467,1.7545
6000,754.55,0.873010913,1.75455
6000,754.6,0.8729573702,1.7546
6000,754.65,0.8729038387,1.75465
6000,754.7,0.8728503185,1.7547
6000,754.75,0.8727968096,1.75475
6000,754.8,0.872743312,1.7548
6000,754.85,0.8726898257,1.75485
6000,754.9,0.8726363508,1.7549
6000,754.95,0.8725828871,1.75495
6000,755,0.8725294348,1.755
6000,755.05,0.8724759938,1.75505
6000,755.1,0.8724225642,1.7551
6000,755.15,0.8723691459,1.75515
6000,755.2,0.8723157389,1.7552
6000,755.25,0.8722623432,1.75525
6000,755.3,0.8722089589,1.7553
6000,755.35,0.872155586,1.75535
6000,755.4,0.8721022244,1.7554
6000,755.45,0.8720488742,1.75545
6000,755.5,0.8719955353,1.7555
6000,755.55,0.8719422078,1.75555
6000,755.6,0.8718888916,1.7556
6000,755.65,0.8718355869,1.75565
6000,755.7,0.8717822935,1.7557
6000,755.75,0.8717290115,1.75575
6000,755.8,0.8716757408,1.7558
6000,755.85,0.8716224816,1.75585
6000,755.9,0.8715692338,1.7559
6000,755.95,0.8715159973,1.75595
6000,756,0.8714627723,1.756
6000,756.05,0.8714095586,1.75605
6000,756.1,0.8713563564,1.7561
6000,756.15,0.8713031656,1.75615
6000,756.2,0.8712499862,1.7562
6000,756.25,0.8711968182,1.75625
6000,756.3,0.8711436616,1.7563
6000,756.35,0.8710905165,1.75635
6000,756.4,0.8710373828,1.7564
6000,756.45,0.8709842605,1.75645
6000,756.5,0.8709311497,1.7565
6000,756.55,0.8708780503,1.75655
6000,756.6,0.8708249624,1.7566
6000,756.65,0.8707718859,1.75665
6000,756.7,0.8707188208,1.7567
6000,756.75,0.8706657673,1.75675
6000,756.8,0.8706127251,1.7568
6000,756.85,0.8705596945,1.75685
6000,756.9,0.8705066753,1.7569
6000,756.95,0.8704536676,1.75695
6000,757,0.8704006714,1.757
6000,757.05,0.8703476866,1.75705
6000,757.1,0.8702947133,1.7571
6000,757.15,0.8702417516,1.75715
6000,757.2,0.8701888013,1.7572
6000,757.25,0.8701358625,1.75725
6000,757.3,0.8700829352,1.7573
6000,757.35,0.8700300194,1.75735
6000,757.4,0.8699771151,1.7574
6000,757.45,0.8699242223,1.75745
6000,757.5,0.869871341,1.7575
6000,757.55,0.8698184713,1.75755
6000,757.6,0.8697656131,1.7576
6000,757.65,0.8697127664,1.75765
6000,757.7,0.8696599312,1.7577
6000,757.75,0.8696071076,1.75775
6000,757.8,0.8695542955,1.7578
6000,757.85,0.8695014949,1.75785
6000,757.9,0.8694487059,1.7579
6000,757.95,0.8693959284,1.75795
6000,758,0.8693431625,1.758
6000,758.05,0.8692904081,1.75805
6000,758.1,0.8692376653,1.7581
6000,758.15,0.8691849341,1.75815
6000,758.2,0.8691322144,1.7582
6000,758.25,0.8690795063,1.75825
6000,758.3,0.8690268097,1.7583
6000,758.35,0.8689741248,1.75835
6000,758.4,0.8689214514,1.7584
6000,758.45,0.8688687896,1.75845
6000,758.5,0.8688161394,1.7585
6000,758.55,0.8687635008,1.75855
6000,758.6,0.8687108737,1.7586
6000,758.65,0.8686582583,1.75865
6000,758.7,0.8686056545,1.7587
6000,758.75,0.8685530623,1.75875
6000,758.8,0.8685004817,1.7588
6000,758.85,0.8684479127,1.75885
6000,758.9,0.8683953553,1.7589
6000,758.95,0.8683428095,1.75895
6000,759,0.8682902754,1.759
6000,759.05,0.8682377529,1.75905
6000,759.1,0.868185242,1.7591
6000,759.15,0.8681327427,1.75915
6000,759.2,0.8680802551,1.7592
6000,759.25,0.8680277792,1.75925
6000,759.3,0.8679753149,1.7593
6000,759.35,0.8679228622,1.75935
6000,759.4,0.8678704212,1.7594
6000,759.45,0.8678179918,1.75945
6000,759.5,0.8677655741,1.7595
6000,759.55,0.867713168,1.75955
6000,759.6,0.8676607737,1.7596
6000,759.65,0.867608391,1.75965
6000,759.7,0.8675560199,1.7597
6000,759.75,0.8675036606,1.75975
6000,759.8,0.8674513129,1.7598
6000,759.85,0.8673989769,1.75985
6000,759.9,0.8673466526,1.7599
6000,759.95,0.86729434,1.75995
6000,760,0.8672420391,1.76
6000,760.05,0.8671897498,1.76005
6000,760.1,0.8671374723,1.7601
6000,760.15,0.8670852065,1.76015
6000,760.2,0.8670329524,1.7602
6000,760.25,0.86698071,1.76025
6000,760.3,0.8669284793,1.7603
6000,760.35,0.8668762604,1.76035
6000,760.4,0.8668240531,1.7604
6000,760.45,0.8667718576,1.76045
6000,760.5,0.8667196738,1.7605
6000,760.55,0.8666675018,1.76055
6000,760.6,0.8666153415,1.7606
6000,760.65,0.8665631929,1.76065
6000,760.7,0.8665110561,1.7607
6000,760.75,0.866458931,1.76075
6000,760.8,0.8664068177,1.7608
6000,760.85,0.8663547161,1.76085
6000,760.9,0.8663026263,1.7609
6000,760.95,0.8662505482,1.76095
6000,761,0.8661984819,1.761
6000,761.05,0.8661464274,1.76105
6000,761.1,0.8660943846,1.7611
6000,761.15,0.8660423536,1.76115
6000,761.2,0.8659903344,1.7612
6000,761.25,0.865938327,1.76125
6000,761.3,0.8658863313,1.7613
6000,761.35,0.8658343475,1.76135
6000,761.4,0.8657823754,1.7614
6000,761.45,0.8657304151,1.76145
6000,761.5,0.8656784667,1.7615
6000,761.55,0.86562653,1.76155
6000,761.6,0.8655746051,1.7616
6000,761.65,0.8655226921,1.76165
6000,761.7,0.8654707908,1.7617
6000,761.75,0.8654189014,1.76175
6000,761.8,0.8653670238,1.7618
6000,761.85,0.865315158,1.76185
6000,761.9,0.865263304,1.7619
6000,761.95,0.8652114619,1.76195
6000,762,0.8651596315,1.762
6000,762.05,0.8651078131,1.76205
6000,762.1,0.8650560064,1.7621
6000,762.15,0.8650042116,1.76215
6000,762.2,0.8649524287,1.7622
6000,762.25,0.8649006576,1.76225
6000,762.3,0.8648488983,1.7623
6000,762.35,0.8647971509,1.76235
6000,762.4,0.8647454154,1.7624
6000,762.45,0.8646936917,1.76245
6000,762.5,0.8646419799,1.7625
6000,762.55,0.8645902799,1.76255
6000,762.6,0.8645385919,1.7626
6000,762.65,0.8644869157,1.76265
6000,762.7,0.8644352513,1.7627
6000,762.75,0.8643835989,1.76275
6000,762.8,0.8643319583,1.7628
6000,762.85,0.8642803297,1.76285
6000,762.9,0.8642287129,1.7629
6000,762.95,0.864177108,1.76295
6000,763,0.864125515,1.763
6000,763.05,0.8640739339,1.76305
6000,763.1,0.8640223647,1.7631
6000,763.15,0.8639708074,1.76315
6000,763.2,0.8639192621,1.7632
6000,763.25,0.8638677286,1.76325
6000,763.3,0.8638162071,1.7633
6000,763.35,0.8637646974,1.76335
6000,763.4,0.8637131997,1.7634
6000,763.45,0.863661714,1.76345
6000,763.5,0.8636102401,1.7635
6000,763.55,0.8635587782,1.76355
6000,763.6,0.8635073283,1.7636
6000,763.65,0.8634558902,1.76365
6000,763.7,0.8634044641,1.7637
6000,763.75,0.86335305,1.76375
6000,763.8,0.8633016478,1.7638
6000,763.85,0.8632502575,1.76385
6000,763.9,0.8631988792,1.7639
6000,763.95,0.8631475129,1.76395
6000,764,0.8630961585,1.764
6000,764.05,0.8630448161,1.76405
6000,764.1,0.8629934857,1.7641
6000,764.15,0.8629421672,1.76415
6000,764.2,0.8628908607,1.7642
6000,764.25,0.8628395662,1.76425
6000,764.3,0.8627882837,1.7643
6000,764.35,0.8627370131,1.76435
6000,764.4,0.8626857546,1.7644
6000,764.45,0.862634508,1.76445
6000,764.5,0.8625832734,1.7645
6000,764.55,0.8625320508,1.76455
6000,764.6,0.8624808402,1.7646
6000,764.65,0.8624296416,1.76465
6000,764.7,0.862378455,1.7647
6000,764.75,0.8623272805,1.76475
6000,764.8,0.8622761179,1.7648
6000,764.85,0.8622249674,1.76485
6000,764.9,0.8621738288,1.7649
6000,764.95,0.8621227023,1.76495
6000,765,0.8620715878,1.765
6000,765.05,0.8620204854,1.76505
6000,765.1,0.8619693949,1.7651
6000,765.15,0.8619183165,1.76515
6000,765.2,0.8618672502,1.7652
6000,765.25,0.8618161959,1.76525
6000,765.3,0.8617651536,1.7653
6000,765.35,0.8617141233,1.76535
6000,765.4,0.8616631052,1.7654
6000,765.45,0.861612099,1.76545
6000,765.5,0.8615611049,1.7655
6000,765.55,0.8615101229,1.76555
6000,765.6,0.861459153,1.7656
6000,765.65,0.8614081951,1.76565
6000,765.7,0.8613572492,1.7657
6000,765.75,0.8613063155,1.76575
6000,765.8,0.8612553938,1.7658
6000,765.85,0.8612044842,1.76585
6000,765.9,0.8611535866,1.7659
6000,765.95,0.8611027012,1.76595
6000,766,0.8610518278,1.766
6000,766.05,0.8610009665,1.76605
6000,766.1,0.8609501173,1.7661
6000,766.15,0.8608992802,1.76615
6000,766.2,0.8608484552,1.7662
6000,766.25,0.8607976423,1.76625
6000,766.3,0.8607468415,1.7663
6000,766.35,0.8606960528,1.76635
6000,766.4,0.8606452763,1.7664
6000,766.45,0.8605945118,1.76645
6000,766.5,0.8605437594,1.7665
6000,766.55,0.8604930192,1.76655
6000,766.6,0.8604422911,1.7666
6000,766.65,0.8603915751,1.76665
6000,766.7,0.8603408712,1.7667
6000,766.75,0.8602901795,1.76675
6000,766.8,0.8602394998,1.7668
6000,766.85,0.8601888324,1.76685
6000,766.9,0.860138177,1.7669
6000,766.95,0.8600875338,1.76695
6000,767,0.8600369028,1.767
6000,767.05,0.8599862839,1.76705
6000,767.1,0.8599356771,1.7671
6000,767.15,0.8598850825,1.76715
6000,767.2,0.8598345001,1.7672
6000,767.25,0.8597839298,1.76725
6000,767.3,0.8597333716,1.7673
6000,767.35,0.8596828257,1.76735
6000,767.4,0.8596322919,1.7674
6000,767.45,0.8595817703,1.76745
6000,767.5,0.8595312608,1.7675
6000,767.55,0.8594807635,1.76755
6000,767.6,0.8594302784,1.7676
6000,767.65,0.8593798055,1.76765
6000,767.7,0.8593293448,1.7677
6000,767.75,0.8592788962,1.76775
6000,767.8,0.8592284598,1.7678
6000,767.85,0.8591780357,1.76785
6000,767.9,0.8591276237,1.7679
6000,767.95,0.8590772239,1.76795
6000,768,0.8590268364,1.768
6000,768.05,0.858976461,1.76805
6000,768.1,0.8589260978,1.7681
6000,768.15,0.8588757469,1.76815
6000,768.2,0.8588254081,1.7682
6000,768.25,0.8587750816,1.76825
6000,768.3,0.8587247673,1.7683
6000,768.35,0.8586744652,1.76835
6000,768.4,0.8586241754,1.7684
6000,768.45,0.8585738977,1.76845
6000,768.5,0.8585236323,1.7685
6000,768.55,0.8584733792,1.76855
6000,768.6,0.8584231382,1.7686
6000,768.65,0.8583729095,1.76865
6000,768.7,0.8583226931,1.7687
6000,768.75,0.8582724888,1.76875
6000,768.8,0.8582222969,1.7688
6000,768.85,0.8581721171,1.76885
6000,768.9,0.8581219497,1.7689
6000,768.95,0.8580717945,1.76895
6000,769,0.8580216515,1.769
6000,769.05,0.8579715208,1.76905
6000,769.1,0.8579214024,1.7691
6000,769.15,0.8578712962,1.76915
6000,769.2,0.8578212023,1.7692
6000,769.25,0.8577711207,1.76925
6000,769.3,0.8577210513,1.7693
6000,769.35,0.8576709942,1.76935
6000,769.4,0.8576209494,1.7694
6000,769.45,0.8575709169,1.76945
6000,769.5,0.8575208967,1.7695
6000,769.55,0.8574708887,1.76955
6000,769.6,0.857420893,1.7696
6000,769.65,0.8573709097,1.76965
6000,769.7,0.8573209386,1.7697
6000,769.75,0.8572709798,1.76975
6000,769.8,0.8572210333,1.7698
6000,769.85,0.8571710992,1.76985
6000,769.9,0.8571211773,1.7699
6000,769.95,0.8570712677,1.76995
6000,770,0.8570213705,1.77
6000,770.05,0.8569714856,1.77005
6000,770.1,0.856921613,1.7701
6000,770.15,0.8568717527,1.77015
6000,770.2,0.8568219047,1.7702
6000,770.25,0.856772069,1.77025
6000,770.3,0.8567222457,1.7703
6000,770.35,0.8566724347,1.77035
6000,770.4,0.856622636,1.7704
6000,770.45,0.8565728497,1.77045
6000,770.5,0.8565230757,1.7705
6000,770.55,0.8564733141,1.77055
6000,770.6,0.8564235648,1.7706
6000,770.65,0.8563738278,1.77065
6000,770.7,0.8563241032,1.7707
6000,770.75,0.8562743909,1.77075
6000,770.8,0.856224691,1.7708
6000,770.85,0.8561750035,1.77085
6000,770.9,0.8561253283,1.7709
6000,770.95,0.8560756655,1.77095
6000,771,0.856026015,1.771
6000,771.05,0.8559763769,1.77105
6000,771.1,0.8559267512,1.7711
6000,771.15,0.8558771378,1.77115
6000,771.2,0.8558275368,1.7712
6000,771.25,0.8557779482,1.77125
6000,771.3,0.855728372,1.7713
6000,771.35,0.8556788081,1.77135
6000,771.4,0.8556292566,1.7714
6000,771.45,0.8555797176,1.77145
6000,771.5,0.8555301909,1.7715
6000,771.55,0.8554806766,1.77155
6000,771.6,0.8554311747,1.7716
6000,771.65,0.8553816852,1.77165
6000,771.7,0.8553322081,1.7717
6000,771.75,0.8552827434,1.77175
6000,771.8,0.8552332911,1.7718
6000,771.85,0.8551838512,1.77185
6000,771.9,0.8551344237,1.7719
6000,771.95,0.8550850086,1.77195
6000,772,0.8550356059,1.772
6000,772.05,0.8549862157,1.77205
6000,772.1,0.8549368379,1.7721
6000,772.15,0.8548874725,1.77215
6000,772.2,0.8548381195,1.7722
6000,772.25,0.854788779,1.77225
6000,772.3,0.8547394508,1.7723
6000,772.35,0.8546901352,1.77235
6000,772.4,0.8546408319,1.7724
6000,772.45,0.8545915411,1.77245
6000,772.5,0.8545422627,1.7725
6000,772.55,0.8544929968,1.77255
6000,772.6,0.8544437433,1.7726
6000,772.65,0.8543945023,1.77265
6000,772.7,0.8543452737,1.7727
6000,772.75,0.8542960575,1.77275
6000,772.8,0.8542468538,1.7728
6000,772.85,0.8541976626,1.77285
6000,772.9,0.8541484838,1.7729
6000,772.95,0.8540993175,1.77295
6000,773,0.8540501637,1.773
6000,773.05,0.8540010223,1.77305
6000,773.1,0.8539518934,1.7731
6000,773.15,0.853902777,1.77315
6000,773.2,0.853853673,1.7732
6000,773.25,0.8538045815,1.77325
6000,773.3,0.8537555025,1.7733
6000,773.35,0.853706436,1.77335
6000,773.4,0.8536573819,1.7734
6000,773.45,0.8536083403,1.77345
6000,773.5,0.8535593113,1.7735
6000,773.55,0.8535102947,1.77355
6000,773.6,0.8534612906,1.7736
6000,773.65,0.853412299,1.77365
6000,773.7,0.8533633199,1.7737
6000,773.75,0.8533143533,1.77375
6000,773.8,0.8532653992,1.7738
6000,773.85,0.8532164576,1.77385
6000,773.9,0.8531675285,1.7739
6000,773.95,0.853118612,1.77395
6000,774,0.8530697079,1.774
6000,774.05,0.8530208163,1.77405
6000,774.1,0.8529719373,1.7741
6000,774.15,0.8529230708,1.77415
6000,774.2,0.8528742168,1.7742
6000,774.25,0.8528253753,1.77425
6000,774.3,0.8527765464,1.7743
6000,774.35,0.8527277299,1.77435
6000,774.4,0.8526789261,1.7744
6000,774.45,0.8526301347,1.77445
6000,774.5,0.8525813559,1.7745
6000,774.55,0.8525325896,1.77455
6000,774.6,0.8524838358,1.7746
6000,774.65,0.8524350946,1.77465
6000,774.7,0.852386366,1.7747
6000,774.75,0.8523376499,1.77475
6000,774.8,0.8522889463,1.7748
6000,774.85,0.8522402553,1.77485
6000,774.9,0.8521915768,1.7749
6000,774.95,0.8521429109,1.77495
6000,775,0.8520942576,1.775
6000,775.05,0.8520456168,1.77505
6000,775.1,0.8519969886,1.7751
6000,775.15,0.8519483729,1.77515
6000,775.2,0.8518997698,1.7752
6000,775.25,0.8518511793,1.77525
6000,775.3,0.8518026013,1.7753
6000,775.35,0.8517540359,1.77535
6000,775.4,0.8517054831,1.7754
6000,775.45,0.8516569429,1.77545
6000,775.5,0.8516084152,1.7755
6000,775.55,0.8515599002,1.77555
6000,775.6,0.8515113977,1.7756
6000,775.65,0.8514629078,1.77565
6000,775.7,0.8514144305,1.7757
6000,775.75,0.8513659658,1.77575
6000,775.8,0.8513175136,1.7758
6000,775.85,0.8512690741,1.77585
6000,775.9,0.8512206472,1.7759
6000,775.95,0.8511722328,1.77595
6000,776,0.8511238311,1.776
6000,776.05,0.851075442,1.77605
6000,776.1,0.8510270655,1.7761
6000,776.15,0.8509787016,1.77615
6000,776.2,0.8509303503,1.7762
6000,776.25,0.8508820116,1.77625
6000,776.3,0.8508336855,1.7763
6000,776.35,0.850785372,1.77635
6000,776.4,0.8507370712,1.7764
6000,776.45,0.850688783,1.77645
6000,776.5,0.8506405074,1.7765
6000,776.55,0.8505922444,1.77655
6000,776.6,0.8505439941,1.7766
6000,776.65,0.8504957564,1.77665
6000,776.7,0.8504475313,1.7767
6000,776.75,0.8503993189,1.77675
6000,776.8,0.8503511191,1.7768
6000,776.85,0.8503029319,1.77685
6000,776.9,0.8502547574,1.7769
6000,776.95,0.8502065955,1.77695
6000,777,0.8501584463,1.777
6000,777.05,0.8501103097,1.77705
6000,777.1,0.8500621857,1.7771
6000,777.15,0.8500140744,1.77715
6000,777.2,0.8499659758,1.7772
6000,777.25,0.8499178898,1.77725
6000,777.3,0.8498698165,1.7773
6000,777.35,0.8498217558,1.77735
6000,777.4,0.8497737078,1.7774
6000,777.45,0.8497256725,1.77745
6000,777.5,0.8496776498,1.7775
6000,777.55,0.8496296398,1.77755
6000,777.6,0.8495816425,1.7776
6000,777.65,0.8495336578,1.77765
6000,777.7,0.8494856858,1.7777
6000,777.75,0.8494377265,1.77775
6000,777.8,0.8493897798,1.7778
6000,777.85,0.8493418459,1.77785
6000,777.9,0.8492939246,1.7779
6000,777.95,0.849246016,1.77795
6000,778,0.8491981201,1.778
6000,778.05,0.8491502369,1.77805
6000,778.1,0.8491023664,1.7781
6000,778.15,0.8490545085,1.77815
6000,778.2,0.8490066634,1.7782
6000,778.25,0.8489588309,1.77825
6000,778.3,0.8489110112,1.7783
6000,778.35,0.8488632041,1.77835
6000,778.4,0.8488154098,1.7784
6000,778.45,0.8487676281,1.77845
6000,778.5,0.8487198592,1.7785
6000,778.55,0.848672103,1.77855
6000,778.6,0.8486243595,1.7786
6000,778.65,0.8485766287,1.77865
6000,778.7,0.8485289106,1.7787
6000,778.75,0.8484812052,1.77875
6000,778.8,0.8484335125,1.7788
6000,778.85,0.8483858326,1.77885
6000,778.9,0.8483381654,1.7789
6000,778.95,0.8482905109,1.77895
6000,779,0.8482428691,1.779
6000,779.05,0.8481952401,1.77905
6000,779.1,0.8481476238,1.7791
6000,779.15,0.8481000202,1.77915
6000,779.2,0.8480524293,1.7792
6000,779.25,0.8480048512,1.77925
6000,779.3,0.8479572859,1.7793
6000,779.35,0.8479097332,1.77935
6000,779.4,0.8478621933,1.7794
6000,779.45,0.8478146662,1.77945
6000,779.5,0.8477671518,1.7795
6000,779.55,0.8477196501,1.77955
6000,779.6,0.8476721612,1.7796
6000,779.65,0.8476246851,1.77965
6000,779.7,0.8475772217,1.7797
6000,779.75,0.847529771,1.77975
6000,779.8,0.8474823331,1.7798
6000,779.85,0.847434908,1.77985
6000,779.9,0.8473874956,1.7799
6000,779.95,0.847340096,1.77995
6000,780,0.8472927091,1.78
6000,780.05,0.847245335,1.78005
6000,780.1,0.8471979737,1.7801
6000,780.15,0.8471506252,1.78015
6000,780.2,0.8471032894,1.7802
6000,780.25,0.8470559664,1.78025
6000,780.3,0.8470086562,1.7803
6000,780.35,0.8469613587,1.78035
6000,780.4,0.846914074,1.7804
6000,780.45,0.8468668022,1.78045
6000,780.5,0.846819543,1.7805
6000,780.55,0.8467722967,1.78055
6000,780.6,0.8467250632,1.7806
6000,780.65,0.8466778424,1.78065
6000,780.7,0.8466306345,1.7807
6000,780.75,0.8465834393,1.78075
6000,780.8,0.8465362569,1.7808
6000,780.85,0.8464890873,1.78085
6000,780.9,0.8464419305,1.7809
6000,780.95,0.8463947865,1.78095
6000,781,0.8463476554,1.781
6000,781.05,0.846300537,1.78105
6000,781.1,0.8462534314,1.7811
6000,781.15,0.8462063386,1.78115
6000,781.2,0.8461592586,1.7812
6000,781.25,0.8461121915,1.78125
6000,781.3,0.8460651371,1.7813
6000,781.35,0.8460180956,1.78135
6000,781.4,0.8459710669,1.7814
6000,781.45,0.845924051,1.78145
6000,781.5,0.8458770479,1.7815
6000,781.55,0.8458300576,1.78155
6000,781.6,0.8457830802,1.7816
6000,781.65,0.8457361155,1.78165
6000,781.7,0.8456891637,1.7817
6000,781.75,0.8456422248,1.78175
6000,781.8,0.8455952986,1.7818
6000,781.85,0.8455483853,1.78185
6000,781.9,0.8455014848,1.7819
6000,781.95,0.8454545972,1.78195
6000,782,0.8454077224,1.782
6000,782.05,0.8453608604,1.78205
6000,782.1,0.8453140113,1.7821
6000,782.15,0.845267175,1.78215
6000,782.2,0.8452203515,1.7822
6000,782.25,0.8451735409,1.78225
6000,782.3,0.8451267431,1.7823
6000,782.35,0.8450799582,1.78235
6000,782.4,0.8450331861,1.7824
6000,782.45,0.8449864269,1.78245
6000,782.5,0.8449396806,1.7825
6000,782.55,0.8448929471,1.78255
6000,782.6,0.8448462264,1.7826
6000,782.65,0.8447995186,1.78265
6000,782.7,0.8447528237,1.7827
6000,782.75,0.8447061416,1.78275
6000,782.8,0.8446594724,1.7828
6000,782.85,0.844612816,1.78285
6000,782.9,0.8445661725,1.7829
6000,782.95,0.8445195419,1.78295
6000,783,0.8444729241,1.783
6000,783.05,0.8444263193,1.78305
6000,783.1,0.8443797273,1.7831
6000,783.15,0.8443331481,1.78315
6000,783.2,0.8442865819,1.7832
6000,783.25,0.8442400285,1.78325
6000,783.3,0.844193488,1.7833
6000,783.35,0.8441469603,1.78335
6000,783.4,0.8441004456,1.7834
6000,783.45,0.8440539437,1.78345
6000,783.5,0.8440074548,1.7835
6000,783.55,0.8439609787,1.78355
6000,783.6,0.8439145155,1.7836
6000,783.65,0.8438680652,1.78365
6000,783.7,0.8438216277,1.7837
6000,783.75,0.8437752032,1.78375
6000,783.8,0.8437287916,1.7838
6000,783.85,0.8436823928,1.78385
6000,783.9,0.843636007,1.7839
6000,783.95,0.8435896341,1.78395
6000,784,0.843543274,1.784
6000,784.05,0.8434969269,1.78405
6000,784.1,0.8434505926,1.7841
6000,784.15,0.8434042713,1.78415
6000,784.2,0.8433579629,1.7842
6000,784.25,0.8433116674,1.78425
6000,784.3,0.8432653848,1.7843
6000,784.35,0.8432191151,1.78435
6000,784.4,0.8431728583,1.7844
6000,784.45,0.8431266144,1.78445
6000,784.5,0.8430803835,1.7845
6000,784.55,0.8430341655,1.78455
6000,784.6,0.8429879604,1.7846
6000,784.65,0.8429417682,1.78465
6000,784.7,0.8428955889,1.7847
6000,784.75,0.8428494226,1.78475
6000,784.8,0.8428032691,1.7848
6000,784.85,0.8427571286,1.78485
6000,784.9,0.8427110011,1.7849
6000,784.95,0.8426648864,1.78495
6000,785,0.8426187847,1.785
6000,785.05,0.842572696,1.78505
6000,785.1,0.8425266201,1.7851
6000,785.15,0.8424805572,1.78515
6000,785.2,0.8424345073,1.7852
6000,785.25,0.8423884702,1.78525
6000,785.3,0.8423424461,1.7853
6000,785.35,0.842296435,1.78535
6000,785.4,0.8422504368,1.7854
6000,785.45,0.8422044515,1.78545
6000,785.5,0.8421584792,1.7855
6000,785.55,0.8421125199,1.78555
6000,785.6,0.8420665734,1.7856
6000,785.65,0.84202064,1.78565
6000,785.7,0.8419747195,1.7857
6000,785.75,0.8419288119,1.78575
6000,785.8,0.8418829173,1.7858
6000,785.85,0.8418370356,1.78585
6000,785.9,0.8417911669,1.7859
6000,785.95,0.8417453112,1.78595
6000,786,0.8416994684,1.786
6000,786.05,0.8416536386,1.78605
6000,786.1,0.8416078218,1.7861
6000,786.15,0.8415620179,1.78615
6000,786.2,0.8415162269,1.7862
6000,786.25,0.841470449,1.78625
6000,786.3,0.841424684,1.7863
6000,786.35,0.841378932,1.78635
6000,786.4,0.8413331929,1.7864
6000,786.45,0.8412874669,1.78645
6000,786.5,0.8412417538,1.7865
6000,786.55,0.8411960536,1.78655
6000,786.6,0.8411503665,1.7866
6000,786.65,0.8411046923,1.78665
6000,786.7,0.8410590311,1.7867
6000,786.75,0.8410133829,1.78675
6000,786.8,0.8409677477,1.7868
6000,786.85,0.8409221254,1.78685
6000,786.9,0.8408765162,1.7869
6000,786.95,0.8408309199,1.78695
6000,787,0.8407853366,1.787
6000,787.05,0.8407397663,1.78705
6000,787.1,0.840694209,1.7871
6000,787.15,0.8406486647,1.78715
6000,787.2,0.8406031333,1.7872
6000,787.25,0.840557615,1.78725
6000,787.3,0.8405121097,1.7873
6000,787.35,0.8404666173,1.78735
6000,787.4,0.840421138,1.7874
6000,787.45,0.8403756716,1.78745
6000,787.5,0.8403302183,1.7875
6000,787.55,0.840284778,1.78755
6000,787.6,0.8402393506,1.7876
6000,787.65,0.8401939363,1.78765
6000,787.7,0.840148535,1.7877
6000,787.75,0.8401031466,1.78775
6000,787.8,0.8400577713,1.7878
6000,787.85,0.840012409,1.78785
6000,787.9,0.8399670597,1.7879
6000,787.95,0.8399217235,1.78795
6000,788,0.8398764002,1.788
6000,788.05,0.8398310899,1.78805
6000,788.1,0.8397857927,1.7881
6000,788.15,0.8397405085,1.78815
6000,788.2,0.8396952373,1.7882
6000,788.25,0.8396499791,1.78825
6000,788.3,0.8396047339,1.7883
6000,788.35,0.8395595018,1.78835
6000,788.4,0.8395142827,1.7884
6000,788.45,0.8394690766,1.78845
6000,788.5,0.8394238835,1.7885
6000,788.55,0.8393787035,1.78855
6000,788.6,0.8393335365,1.7886
6000,788.65,0.8392883825,1.78865
6000,788.7,0.8392432415,1.7887
6000,788.75,0.8391981136,1.78875
6000,788.8,0.8391529987,1.7888
6000,788.85,0.8391078969,1.78885
6000,788.9,0.839062808,1.7889
6000,788.95,0.8390177323,1.78895
6000,789,0.8389726695,1.789
6000,789.05,0.8389276198,1.78905
6000,789.1,0.8388825831,1.7891
6000,789.15,0.8388375595,1.78915
6000,789.2,0.8387925489,1.7892
6000,789.25,0.8387475514,1.78925
6000,789.3,0.8387025669,1.7893
6000,789.35,0.8386575955,1.78935
6000,789.4,0.838612637,1.7894
6000,789.45,0.8385676917,1.78945
6000,789.5,0.8385227594,1.7895
6000,789.55,0.8384778401,1.78955
6000,789.6,0.8384329339,1.7896
6000,789.65,0.8383880408,1.78965
6000,789.7,0.8383431607,1.7897
6000,789.75,0.8382982936,1.78975
6000,789.8,0.8382534397,1.7898
6000,789.85,0.8382085987,1.78985
6000,789.9,0.8381637709,1.7899
6000,789.95,0.8381189561,1.78995
6000,790,0.8380741543,1.79
6000,790.05,0.8380293656,1.79005
6000,790.1,0.83798459,1.7901
6000,790.15,0.8379398274,1.79015
6000,790.2,0.8378950779,1.7902
6000,790.25,0.8378503415,1.79025
6000,790.3,0.8378056181,1.7903
6000,790.35,0.8377609079,1.79035
6000,790.4,0.8377162106,1.7904
6000,790.45,0.8376715265,1.79045
6000,790.5,0.8376268554,1.7905
6000,790.55,0.8375821974,1.79055
6000,790.6,0.8375375524,1.7906
6000,790.65,0.8374929206,1.79065
6000,790.7,0.8374483018,1.7907
6000,790.75,0.8374036961,1.79075
6000,790.8,0.8373591035,1.7908
6000,790.85,0.8373145239,1.79085
6000,790.9,0.8372699574,1.7909
6000,790.95,0.837225404,1.79095
6000,791,0.8371808637,1.791
6000,791.05,0.8371363365,1.79105
6000,791.1,0.8370918224,1.7911
6000,791.15,0.8370473213,1.79115
6000,791.2,0.8370028333,1.7912
6000,791.25,0.8369583584,1.79125
6000,791.3,0.8369138966,1.7913
6000,791.35,0.8368694479,1.79135
6000,791.4,0.8368250123,1.7914
6000,791.45,0.8367805898,1.79145
6000,791.5,0.8367361804,1.7915
6000,791.55,0.836691784,1.79155
6000,791.6,0.8366474008,1.7916
6000,791.65,0.8366030306,1.79165
6000,791.7,0.8365586736,1.7917
6000,791.75,0.8365143296,1.79175
6000,791.8,0.8364699988,1.7918
6000,791.85,0.836425681,1.79185
6000,791.9,0.8363813763,1.7919
6000,791.95,0.8363370848,1.79195
6000,792,0.8362928063,1.792
6000,792.05,0.836248541,1.79205
6000,792.1,0.8362042887,1.7921
6000,792.15,0.8361600496,1.79215
6000,792.2,0.8361158235,1.7922
6000,792.25,0.8360716106,1.79225
6000,792.3,0.8360274108,1.7923
6000,792.35,0.8359832241,1.79235
6000,792.4,0.8359390505,1.7924
6000,792.45,0.83589489,1.79245
6000,792.5,0.8358507426,1.7925
6000,792.55,0.8358066083,1.79255
6000,792.6,0.8357624872,1.7926
6000,792.65,0.8357183791,1.79265
6000,792.7,0.8356742842,1.7927
6000,792.75,0.8356302024,1.79275
6000,792.8,0.8355861337,1.7928
6000,792.85,0.8355420781,1.79285
6000,792.9,0.8354980356,1.7929
6000,792.95,0.8354540063,1.79295
6000,793,0.8354099901,1.793
6000,793.05,0.835365987,1.79305
6000,793.1,0.835321997,1.7931
6000,793.15,0.8352780202,1.79315
6000,793.2,0.8352340564,1.7932
6000,793.25,0.8351901058,1.79325
6000,793.3,0.8351461684,1.7933
6000,793.35,0.835102244,1.79335
6000,793.4,0.8350583328,1.7934
6000,793.45,0.8350144347,1.79345
6000,793.5,0.8349705497,1.7935
6000,793.55,0.8349266779,1.79355
6000,793.6,0.8348828192,1.7936
6000,793.65,0.8348389736,1.79365
6000,793.7,0.8347951412,1.7937
6000,793.75,0.8347513219,1.79375
6000,793.8,0.8347075157,1.7938
6000,793.85,0.8346637227,1.79385
6000,793.9,0.8346199428,1.7939
6000,793.95,0.834576176,1.79395
6000,794,0.8345324224,1.794
6000,794.05,0.8344886819,1.79405
6000,794.1,0.8344449546,1.7941
6000,794.15,0.8344012404,1.79415
6000,794.2,0.8343575393,1.7942
6000,794.25,0.8343138514,1.79425
6000,794.3,0.8342701766,1.7943
6000,794.35,0.834226515,1.79435
6000,794.4,0.8341828665,1.7944
6000,794.45,0.8341392312,1.79445
6000,794.5,0.834095609,1.7945
6000,794.55,0.8340519999,1.79455
6000,794.6,0.834008404,1.7946
6000,794.65,0.8339648212,1.79465
6000,794.7,0.8339212516,1.7947
6000,794.75,0.8338776952,1.79475
6000,794.8,0.8338341519,1.7948
6000,794.85,0.8337906217,1.79485
6000,794.9,0.8337471047,1.7949
6000,794.95,0.8337036009,1.79495
6000,795,0.8336601102,1.795
6000,795.05,0.8336166326,1.79505
6000,795.1,0.8335731682,1.7951
6000,795.15,0.833529717,1.79515
6000,795.2,0.8334862789,1.7952
6000,795.25,0.833442854,1.79525
6000,795.3,0.8333994422,1.7953
6000,795.35,0.8333560436,1.79535
6000,795.4,0.8333126582,1.7954
6000,795.45,0.8332692859,1.79545
6000,795.5,0.8332259268,1.7955
6000,795.55,0.8331825808,1.79555
6000,795.6,0.833139248,1.7956
6000,795.65,0.8330959284,1.79565
6000,795.7,0.8330526219,1.7957
6000,795.75,0.8330093286,1.79575
6000,795.8,0.8329660485,1.7958
6000,795.85,0.8329227815,1.79585
6000,795.9,0.8328795277,1.7959
6000,795.95,0.8328362871,1.79595
6000,796,0.8327930596,1.796
6000,796.05,0.8327498453,1.79605
6000,796.1,0.8327066441,1.7961
6000,796.15,0.8326634562,1.79615
6000,796.2,0.8326202814,1.7962
6000,796.25,0.8325771198,1.79625
6000,796.3,0.8325339713,1.7963
6000,796.35,0.832490836,1.79635
6000,796.4,0.8324477139,1.7964
6000,796.45,0.832404605,1.79645
6000,796.5,0.8323615092,1.7965
6000,796.55,0.8323184266,1.79655
6000,796.6,0.8322753572,1.7966
6000,796.65,0.832232301,1.79665
6000,796.7,0.832189258,1.7967
6000,796.75,0.8321462281,1.79675
6000,796.8,0.8321032114,1.7968
6000,796.85,0.8320602079,1.79685
6000,796.9,0.8320172175,1.7969
6000,796.95,0.8319742404,1.79695
6000,797,0.8319312764,1.797
6000,797.05,0.8318883256,1.79705
6000,797.1,0.831845388,1.7971
6000,797.15,0.8318024635,1.79715
6000,797.2,0.8317595523,1.7972
6000,797.25,0.8317166542,1.79725
6000,797.3,0.8316737694,1.7973
6000,797.35,0.8316308977,1.79735
6000,797.4,0.8315880392,1.7974
6000,797.45,0.8315451938,1.79745
6000,797.5,0.8315023617,1.7975
6000,797.55,0.8314595427,1.79755
6000,797.6,0.831416737,1.7976
6000,797.65,0.8313739444,1.79765
6000,797.7,0.831331165,1.7977
6000,797.75,0.8312883988,1.79775
6000,797.8,0.8312456458,1.7978
6000,797.85,0.831202906,1.79785
6000,797.9,0.8311601794,1.7979
6000,797.95,0.831117466,1.79795
6000,798,0.8310747657,1.798
6000,798.05,0.8310320787,1.79805
6000,798.1,0.8309894048,1.7981
6000,798.15,0.8309467442,1.79815
6000,798.2,0.8309040967,1.7982
6000,798.25,0.8308614625,1.79825
6000,798.3,0.8308188414,1.7983
6000,798.35,0.8307762335,1.79835
6000,798.4,0.8307336388,1.7984
6000,798.45,0.8306910574,1.79845
6000,798.5,0.8306484891,1.7985
6000,798.55,0.830605934,1.79855
6000,798.6,0.8305633921,1.7986
6000,798.65,0.8305208634,1.79865
6000,798.7,0.8304783479,1.7987
6000,798.75,0.8304358456,1.79875
6000,798.8,0.8303933566,1.7988
6000,798.85,0.8303508807,1.79885
6000,798.9,0.830308418,1.7989
6000,798.95,0.8302659685,1.79895
6000,799,0.8302235322,1.799
6000,799.05,0.8301811092,1.79905
6000,799.1,0.8301386993,1.7991
6000,799.15,0.8300963026,1.79915
6000,799.2,0.8300539191,1.7992
6000,799.25,0.8300115489,1.79925
6000,799.3,0.8299691918,1.7993
6000,799.35,0.829926848,1.79935
6000,799.4,0.8298845174,1.7994
6000,799.45,0.8298421999,1.79945
6000,799.5,0.8297998957,1.7995
6000,799.55,0.8297576047,1.79955
6000,799.6,0.8297153269,1.7996
6000,799.65,0.8296730623,1.79965
6000,799.7,0.8296308109,1.7997
6000,799.75,0.8295885727,1.79975
6000,799.8,0.8295463477,1.7998
6000,799.85,0.8295041359,1.79985
6000,799.9,0.8294619374,1.7999
6000,799.95,0.829419752,1.79995
6000,800,0.8293775799,1.8
6000,800.05,0.829335421,1.80005
6000,800.1,0.8292932753,1.8001
6000,800.15,0.8292511428,1.80015
6000,800.2,0.8292090235,1.8002
6000,800.25,0.8291669174,1.80025
6000,800.3,0.8291248246,1.8003
6000,800.35,0.8290827449,1.80035
6000,800.4,0.8290406785,1.8004
6000,800.45,0.8289986253,1.80045
6000,800.5,0.8289565853,1.8005
6000,800.55,0.8289145585,1.80055
6000,800.6,0.828872545,1.8006
6000,800.65,0.8288305446,1.80065
6000,800.7,0.8287885575,1.8007
6000,800.75,0.8287465836,1.80075
6000,800.8,0.8287046229,1.8008
6000,800.85,0.8286626754,1.80085
6000,800.9,0.8286207412,1.8009
6000,800.95,0.8285788201,1.80095
6000,801,0.8285369123,1.801
6000,801.05,0.8284950177,1.80105
6000,801.1,0.8284531363,1.8011
6000,801.15,0.8284112681,1.80115
6000,801.2,0.8283694132,1.8012
6000,801.25,0.8283275715,1.80125
6000,801.3,0.828285743,1.8013
6000,801.35,0.8282439277,1.80135
6000,801.4,0.8282021256,1.8014
6000,801.45,0.8281603368,1.80145
6000,801.5,0.8281185612,1.8015
6000,801.55,0.8280767988,1.80155
6000,801.6,0.8280350496,1.8016
6000,801.65,0.8279933137,1.80165
6000,801.7,0.827951591,1.8017
6000,801.75,0.8279098815,1.80175
6000,801.8,0.8278681852,1.8018
6000,801.85,0.8278265021,1.80185
6000,801.9,0.8277848323,1.8019
6000,801.95,0.8277431757,1.80195
6000,802,0.8277015323,1.802
6000,802.05,0.8276599022,1.80205
6000,802.1,0.8276182853,1.8021
6000,802.15,0.8275766816,1.80215
6000,802.2,0.8275350911,1.8022
6000,802.25,0.8274935139,1.80225
6000,802.3,0.8274519498,1.8023
6000,802.35,0.827410399,1.80235
6000,802.4,0.8273688615,1.8024
6000,802.45,0.8273273371,1.80245
6000,802.5,0.827285826,1.8025
6000,802.55,0.8272443282,1.80255
6000,802.6,0.8272028435,1.8026
6000,802.65,0.8271613721,1.80265
6000,802.7,0.8271199139,1.8027
6000,802.75,0.8270784689,1.80275
6000,802.8,0.8270370372,1.8028
6000,802.85,0.8269956187,1.80285
6000,802.9,0.8269542134,1.8029
6000,802.95,0.8269128213,1.80295
6000,803,0.8268714425,1.803
6000,803.05,0.8268300769,1.80305
6000,803.1,0.8267887246,1.8031
6000,803.15,0.8267473854,1.80315
6000,803.2,0.8267060595,1.8032
6000,803.25,0.8266647469,1.80325
6000,803.3,0.8266234474,1.8033
6000,803.35,0.8265821612,1.80335
6000,803.4,0.8265408883,1.8034
6000,803.45,0.8264996285,1.80345
6000,803.5,0.826458382,1.8035
6000,803.55,0.8264171487,1.80355
6000,803.6,0.8263759287,1.8036
6000,803.65,0.8263347219,1.80365
6000,803.7,0.8262935283,1.8037
6000,803.75,0.8262523479,1.80375
6000,803.8,0.8262111808,1.8038
6000,803.85,0.8261700269,1.80385
6000,803.9,0.8261288863,1.8039
6000,803.95,0.8260877589,1.80395
6000,804,0.8260466447,1.804
6000,804.05,0.8260055437,1.80405
6000,804.1,0.825964456,1.8041
6000,804.15,0.8259233815,1.80415
6000,804.2,0.8258823203,1.8042
6000,804.25,0.8258412723,1.80425
6000,804.3,0.8258002375,1.8043
6000,804.35,0.825759216,1.80435
6000,804.4,0.8257182077,1.8044
6000,804.45,0.8256772126,1.80445
6000,804.5,0.8256362307,1.8045
6000,804.55,0.8255952621,1.80455
6000,804.6,0.8255543068,1.8046
6000,804.65,0.8255133646,1.80465
6000,804.7,0.8254724357,1.8047
6000,804.75,0.8254315201,1.80475
6000,804.8,0.8253906176,1.8048
6000,804.85,0.8253497284,1.80485
6000,804.9,0.8253088525,1.8049
6000,804.95,0.8252679898,1.80495
6000,805,0.8252271403,1.805
6000,805.05,0.825186304,1.80505
6000,805.1,0.825145481,1.8051
6000,805.15,0.8251046712,1.80515
6000,805.2,0.8250638747,1.8052
6000,805.25,0.8250230914,1.80525
6000,805.3,0.8249823213,1.8053
6000,805.35,0.8249415645,1.80535
6000,805.4,0.8249008209,1.8054
6000,805.45,0.8248600905,1.80545
6000,805.5,0.8248193734,1.8055
6000,805.55,0.8247786695,1.80555
6000,805.6,0.8247379788,1.8056
6000,805.65,0.8246973014,1.80565
6000,805.7,0.8246566372,1.8057
6000,805.75,0.8246159863,1.80575
6000,805.8,0.8245753486,1.8058
6000,805.85,0.8245347241,1.80585
6000,805.9,0.8244941129,1.8059
6000,805.95,0.8244535149,1.80595
6000,806,0.8244129301,1.806
6000,806.05,0.8243723586,1.80605
6000,806.1,0.8243318003,1.8061
6000,806.15,0.8242912552,1.80615
6000,806.2,0.8242507234,1.8062
6000,806.25,0.8242102048,1.80625
6000,806.3,0.8241696995,1.8063
6000,806.35,0.8241292074,1.80635
6000,806.4,0.8240887285,1.8064
6000,806.45,0.8240482629,1.80645
6000,806.5,0.8240078105,1.8065
6000,806.55,0.8239673713,1.80655
6000,806.6,0.8239269454,1.8066
6000,806.65,0.8238865327,1.80665
6000,806.7,0.8238461333,1.8067
6000,806.75,0.8238057471,1.80675
6000,806.8,0.8237653741,1.8068
6000,806.85,0.8237250144,1.80685
6000,806.9,0.8236846679,1.8069
6000,806.95,0.8236443346,1.80695
6000,807,0.8236040146,1.807
6000,807.05,0.8235637078,1.80705
6000,807.1,0.8235234142,1.8071
6000,807.15,0.8234831339,1.80715
6000,807.2,0.8234428668,1.8072
6000,807.25,0.823402613,1.80725
6000,807.3,0.8233623723,1.8073
6000,807.35,0.823322145,1.80735
6000,807.4,0.8232819308,1.8074
6000,807.45,0.8232417299,1.80745
6000,807.5,0.8232015422,1.8075
6000,807.55,0.8231613678,1.80755
6000,807.6,0.8231212066,1.8076
6000,807.65,0.8230810586,1.80765
6000,807.7,0.8230409239,1.8077
6000,807.75,0.8230008024,1.80775
6000,807.8,0.8229606942,1.8078
6000,807.85,0.8229205991,1.80785
6000,807.9,0.8228805174,1.8079
6000,807.95,0.8228404488,1.80795
6000,808,0.8228003935,1.808
6000,808.05,0.8227603514,1.80805
6000,808.1,0.8227203225,1.8081
6000,808.15,0.8226803069,1.80815
6000,808.2,0.8226403045,1.8082
6000,808.25,0.8226003154,1.80825
6000,808.3,0.8225603395,1.8083
6000,808.35,0.8225203768,1.80835
6000,808.4,0.8224804274,1.8084
6000,808.45,0.8224404911,1.80845
6000,808.5,0.8224005682,1.8085
6000,808.55,0.8223606584,1.80855
6000,808.6,0.8223207619,1.8086
6000,808.65,0.8222808786,1.80865
6000,808.7,0.8222410086,1.8087
6000,808.75,0.8222011518,1.80875
6000,808.8,0.8221613082,1.8088
6000,808.85,0.8221214778,1.80885
6000,808.9,0.8220816607,1.8089
6000,808.95,0.8220418568,1.80895
6000,809,0.8220020662,1.809
6000,809.05,0.8219622888,1.80905
6000,809.1,0.8219225246,1.8091
6000,809.15,0.8218827736,1.80915
6000,809.2,0.8218430359,1.8092
6000,809.25,0.8218033114,1.80925
6000,809.3,0.8217636001,1.8093
6000,809.35,0.8217239021,1.80935
6000,809.4,0.8216842173,1.8094
6000,809.45,0.8216445457,1.80945
6000,809.5,0.8216048874,1.8095
6000,809.55,0.8215652423,1.80955
6000,809.6,0.8215256104,1.8096
6000,809.65,0.8214859917,1.80965
6000,809.7,0.8214463863,1.8097
6000,809.75,0.8214067941,1.80975
6000,809.8,0.8213672151,1.8098
6000,809.85,0.8213276494,1.80985
6000,809.9,0.8212880969,1.8099
6000,809.95,0.8212485576,1.80995
6000,810,0.8212090315,1.81
6000,810.05,0.8211695187,1.81005
6000,810.1,0.8211300191,1.8101
6000,810.15,0.8210905327,1.81015
6000,810.2,0.8210510596,1.8102
6000,810.25,0.8210115996,1.81025
6000,810.3,0.820972153,1.8103
6000,810.35,0.8209327195,1.81035
6000,810.4,0.8208932992,1.8104
6000,810.45,0.8208538922,1.81045
6000,810.5,0.8208144984,1.8105
6000,810.55,0.8207751179,1.81055
6000,810.6,0.8207357505,1.8106
6000,810.65,0.8206963964,1.81065
6000,810.7,0.8206570555,1.8107
6000,810.75,0.8206177278,1.81075
6000,810.8,0.8205784134,1.8108
6000,810.85,0.8205391122,1.81085
6000,810.9,0.8204998242,1.8109
6000,810.95,0.8204605494,1.81095
6000,811,0.8204212878,1.811
6000,811.05,0.8203820395,1.81105
6000,811.1,0.8203428044,1.8111
6000,811.15,0.8203035825,1.81115
6000,811.2,0.8202643738,1.8112
6000,811.25,0.8202251784,1.81125
6000,811.3,0.8201859962,1.8113
6000,811.35,0.8201468272,1.81135
6000,811.4,0.8201076714,1.8114
6000,811.45,0.8200685288,1.81145
6000,811.5,0.8200293995,1.8115
6000,811.55,0.8199902833,1.81155
6000,811.6,0.8199511804,1.8116
6000,811.65,0.8199120907,1.81165
6000,811.7,0.8198730143,1.8117
6000,811.75,0.819833951,1.81175
6000,811.8,0.819794901,1.8118
6000,811.85,0.8197558641,1.81185
6000,811.9,0.8197168405,1.8119
6000,811.95,0.8196778302,1.81195
6000,812,0.819638833,1.812
6000,812.05,0.819599849,1.81205
6000,812.1,0.8195608783,1.8121
6000,812.15,0.8195219208,1.81215
6000,812.2,0.8194829764,1.8122
6000,812.25,0.8194440453,1.81225
6000,812.3,0.8194051275,1.8123
6000,812.35,0.8193662228,1.81235
6000,812.4,0.8193273313,1.8124
6000,812.45,0.8192884531,1.81245
6000,812.5,0.8192495881,1.8125
6000,812.55,0.8192107362,1.81255
6000,812.6,0.8191718976,1.8126
6000,812.65,0.8191330722,1.81265
6000,812.7,0.81909426,1.8127
6000,812.75,0.8190554611,1.81275
6000,812.8,0.8190166753,1.8128
6000,812.85,0.8189779027,1.81285
6000,812.9,0.8189391434,1.8129
6000,812.95,0.8189003973,1.81295
6000,813,0.8188616643,1.813
6000,813.05,0.8188229446,1.81305
6000,813.1,0.8187842381,1.8131
6000,813.15,0.8187455448,1.81315
6000,813.2,0.8187068647,1.8132
6000,813.25,0.8186681978,1.81325
6000,813.3,0.8186295441,1.8133
6000,813.35,0.8185909036,1.81335
6000,813.4,0.8185522763,1.8134
6000,813.45,0.8185136622,1.81345
6000,813.5,0.8184750614,1.8135
6000,813.55,0.8184364737,1.81355
6000,813.6,0.8183978992,1.8136
6000,813.65,0.818359338,1.81365
6000,813.7,0.8183207899,1.8137
6000,813.75,0.818282255,1.81375
6000,813.8,0.8182437334,1.8138
6000,813.85,0.8182052249,1.81385
6000,813.9,0.8181667297,1.8139
6000,813.95,0.8181282476,1.81395
6000,814,0.8180897788,1.814
6000,814.05,0.8180513231,1.81405
6000,814.1,0.8180128806,1.8141
6000,814.15,0.8179744514,1.81415
6000,814.2,0.8179360353,1.8142
6000,814.25,0.8178976324,1.81425
6000,814.3,0.8178592428,1.8143
6000,814.35,0.8178208663,1.81435
6000,814.4,0.817782503,1.8144
6000,814.45,0.8177441529,1.81445
6000,814.5,0.817705816,1.8145
6000,814.55,0.8176674923,1.81455
6000,814.6,0.8176291818,1.8146
6000,814.65,0.8175908845,1.81465
6000,814.7,0.8175526004,1.8147
6000,814.75,0.8175143295,1.81475
6000,814.8,0.8174760717,1.8148
6000,814.85,0.8174378272,1.81485
6000,814.9,0.8173995958,1.8149
6000,814.95,0.8173613777,1.81495
6000,815,0.8173231727,1.815
6000,815.05,0.8172849809,1.81505
6000,815.1,0.8172468023,1.8151
6000,815.15,0.8172086369,1.81515
6000,815.2,0.8171704847,1.8152
6000,815.25,0.8171323457,1.81525
6000,815.3,0.8170942198,1.8153
6000,815.35,0.8170561071,1.81535
6000,815.4,0.8170180077,1.8154
6000,815.45,0.8169799214,1.81545
6000,815.5,0.8169418483,1.8155
6000,815.55,0.8169037883,1.81555
6000,815.6,0.8168657416,1.8156
6000,815.65,0.816827708,1.81565
6000,815.7,0.8167896876,1.8157
6000,815.75,0.8167516804,1.81575
6000,815.8,0.8167136864,1.8158
6000,815.85,0.8166757056,1.81585
6000,815.9,0.8166377379,1.8159
6000,815.95,0.8165997834,1.81595
6000,816,0.8165618421,1.816
6000,816.05,0.816523914,1.81605
6000,816.1,0.816485999,1.8161
6000,816.15,0.8164480973,1.81615
6000,816.2,0.8164102087,1.8162
6000,816.25,0.8163723332,1.81625
6000,816.3,0.816334471,1.8163
6000,816.35,0.8162966219,1.81635
6000,816.4,0.816258786,1.8164
6000,816.45,0.8162209633,1.81645
6000,816.5,0.8161831537,1.8165
6000,816.55,0.8161453573,1.81655
6000,816.6,0.8161075741,1.8166
6000,816.65,0.8160698041,1.81665
6000,816.7,0.8160320472,1.8167
6000,816.75,0.8159943035,1.81675
6000,816.8,0.815956573,1.8168
6000,816.85,0.8159188556,1.81685
6000,816.9,0.8158811514,1.8169
6000,816.95,0.8158434603,1.81695
6000,817,0.8158057825,1.817
6000,817.05,0.8157681178,1.81705
6000,817.1,0.8157304662,1.8171
6000,817.15,0.8156928278,1.81715
6000,817.2,0.8156552026,1.8172
6000,817.25,0.8156175906,1.81725
6000,817.3,0.8155799917,1.8173
6000,817.35,0.815542406,1.81735
6000,817.4,0.8155048334,1.8174
6000,817.45,0.815467274,1.81745
6000,817.5,0.8154297277,1.8175
6000,817.55,0.8153921946,1.81755
6000,817.6,0.8153546747,1.8176
6000,817.65,0.8153171679,1.81765
6000,817.7,0.8152796743,1.8177
6000,817.75,0.8152421938,1.81775
6000,817.8,0.8152047265,1.8178
6000,817.85,0.8151672724,1.81785
6000,817.9,0.8151298314,1.8179
6000,817.95,0.8150924035,1.81795
6000,818,0.8150549888,1.818
6000,818.05,0.8150175873,1.81805
6000,818.1,0.8149801989,1.8181
6000,818.15,0.8149428236,1.81815
6000,818.2,0.8149054615,1.8182
6000,818.25,0.8148681126,1.81825
6000,818.3,0.8148307768,1.8183
6000,818.35,0.8147934541,1.81835
6000,818.4,0.8147561446,1.8184
6000,818.45,0.8147188483,1.81845
6000,818.5,0.814681565,1.8185
6000,818.55,0.814644295,1.81855
6000,818.6,0.814607038,1.8186
6000,818.65,0.8145697942,1.81865
6000,818.7,0.8145325636,1.8187
6000,818.75,0.8144953461,1.81875
6000,818.8,0.8144581417,1.8188
6000,818.85,0.8144209505,1.81885
6000,818.9,0.8143837724,1.8189
6000,818.95,0.8143466075,1.81895
6000,819,0.8143094557,1.819
6000,819.05,0.814272317,1.81905
6000,819.1,0.8142351915,1.8191
6000,819.15,0.8141980791,1.81915
6000,819.2,0.8141609798,1.8192
6000,819.25,0.8141238937,1.81925
6000,819.3,0.8140868207,1.8193
6000,819.35,0.8140497608,1.81935
6000,819.4,0.8140127141,1.8194
6000,819.45,0.8139756805,1.81945
6000,819.5,0.81393866,1.8195
6000,819.55,0.8139016527,1.81955
6000,819.6,0.8138646585,1.8196
6000,819.65,0.8138276774,1.81965
6000,819.7,0.8137907094,1.8197
6000,819.75,0.8137537546,1.81975
6000,819.8,0.8137168129,1.8198
6000,819.85,0.8136798843,1.81985
6000,819.9,0.8136429688,1.8199
6000,819.95,0.8136060665,1.81995
6000,820,0.8135691773,1.82
6000,820.05,0.8135323012,1.82005
6000,820.1,0.8134954382,1.8201
6000,820.15,0.8134585883,1.82015
6000,820.2,0.8134217516,1.8202
6000,820.25,0.813384928,1.82025
6000,820.3,0.8133481175,1.8203
6000,820.35,0.8133113201,1.82035
6000,820.4,0.8132745358,1.8204
6000,820.45,0.8132377646,1.82045
6000,820.5,0.8132010066,1.8205
6000,820.55,0.8131642617,1.82055
6000,820.6,0.8131275298,1.8206
6000,820.65,0.8130908111,1.82065
6000,820.7,0.8130541055,1.8207
6000,820.75,0.813017413,1.82075
6000,820.8,0.8129807336,1.8208
6000,820.85,0.8129440674,1.82085
6000,820.9,0.8129074142,1.8209
6000,820.95,0.8128707741,1.82095
6000,821,0.8128341472,1.821
6000,821.05,0.8127975333,1.82105
6000,821.1,0.8127609326,1.8211
6000,821.15,0.8127243449,1.82115
6000,821.2,0.8126877704,1.8212
6000,821.25,0.8126512089,1.82125
6000,821.3,0.8126146606,1.8213
6000,821.35,0.8125781253,1.82135
6000,821.4,0.8125416032,1.8214
6000,821.45,0.8125050941,1.82145
6000,821.5,0.8124685982,1.8215
6000,821.55,0.8124321153,1.82155
6000,821.6,0.8123956456,1.8216
6000,821.65,0.8123591889,1.82165
6000,821.7,0.8123227453,1.8217
6000,821.75,0.8122863148,1.82175
6000,821.8,0.8122498974,1.8218
6000,821.85,0.8122134931,1.82185
6000,821.9,0.8121771019,1.8219
6000,821.95,0.8121407238,1.82195
6000,822,0.8121043587,1.822
6000,822.05,0.8120680068,1.82205
6000,822.1,0.8120316679,1.8221
6000,822.15,0.8119953421,1.82215
6000,822.2,0.8119590294,1.8222
6000,822.25,0.8119227298,1.82225
6000,822.3,0.8118864432,1.8223
6000,822.35,0.8118501698,1.82235
6000,822.4,0.8118139094,1.8224
6000,822.45,0.8117776621,1.82245
6000,822.5,0.8117414279,1.8225
6000,822.55,0.8117052067,1.82255
6000,822.6,0.8116689987,1.8226
6000,822.65,0.8116328037,1.82265
6000,822.7,0.8115966217,1.8227
6000,822.75,0.8115604529,1.82275
6000,822.8,0.8115242971,1.8228
6000,822.85,0.8114881544,1.82285
6000,822.9,0.8114520248,1.8229
6000,822.95,0.8114159082,1.82295
6000,823,0.8113798047,1.823
6000,823.05,0.8113437143,1.82305
6000,823.1,0.8113076369,1.8231
6000,823.15,0.8112715726,1.82315
6000,823.2,0.8112355214,1.8232
6000,823.25,0.8111994832,1.82325
6000,823.3,0.8111634581,1.8233
6000,823.35,0.811127446,1.82335
6000,823.4,0.811091447,1.8234
6000,823.45,0.8110554611,1.82345
6000,823.5,0.8110194882,1.8235
6000,823.55,0.8109835284,1.82355
6000,823.6,0.8109475817,1.8236
6000,823.65,0.810911648,1.82365
6000,823.7,0.8108757273,1.8237
6000,823.75,0.8108398197,1.82375
6000,823.8,0.8108039252,1.8238
6000,823.85,0.8107680437,1.82385
6000,823.9,0.8107321752,1.8239
6000,823.95,0.8106963198,1.82395
6000,824,0.8106604775,1.824
6000,824.05,0.8106246482,1.82405
6000,824.1,0.810588832,1.8241
6000,824.15,0.8105530287,1.82415
6000,824.2,0.8105172386,1.8242
6000,824.25,0.8104814615,1.82425
6000,824.3,0.8104456974,1.8243
6000,824.35,0.8104099463,1.82435
6000,824.4,0.8103742083,1.8244
6000,824.45,0.8103384834,1.82445
6000,824.5,0.8103027715,1.8245
6000,824.55,0.8102670726,1.82455
6000,824.6,0.8102313867,1.8246
6000,824.65,0.8101957139,1.82465
6000,824.7,0.8101600541,1.8247
6000,824.75,0.8101244074,1.82475
6000,824.8,0.8100887737,1.8248
6000,824.85,0.810053153,1.82485
6000,824.9,0.8100175453,1.8249
6000,824.95,0.8099819507,1.82495
6000,825,0.8099463691,1.825
6000,825.05,0.8099108005,1.82505
6000,825.1,0.809875245,1.8251
6000,825.15,0.8098397024,1.82515
6000,825.2,0.8098041729,1.8252
6000,825.25,0.8097686565,1.82525
6000,825.3,0.809733153,1.8253
6000,825.35,0.8096976625,1.82535
6000,825.4,0.8096621851,1.8254
6000,825.45,0.8096267207,1.82545
6000,825.5,0.8095912693,1.8255
6000,825.55,0.8095558309,1.82555
6000,825.6,0.8095204056,1.8256
6000,825.65,0.8094849932,1.82565
6000,825.7,0.8094495939,1.8257
6000,825.75,0.8094142076,1.82575
6000,825.8,0.8093788342,1.8258
6000,825.85,0.8093434739,1.82585
6000,825.9,0.8093081266,1.8259
6000,825.95,0.8092727923,1.82595
6000,826,0.809237471,1.826
6000,826.05,0.8092021628,1.82605
6000,826.1,0.8091668675,1.8261
6000,826.15,0.8091315852,1.82615
6000,826.2,0.8090963159,1.8262
6000,826.25,0.8090610596,1.82625
6000,826.3,0.8090258163,1.8263
6000,826.35,0.808990586,1.82635
6000,826.4,0.8089553687,1.8264
6000,826.45,0.8089201644,1.82645
6000,826.5,0.8088849731,1.8265
6000,826.55,0.8088497948,1.82655
6000,826.6,0.8088146295,1.8266
6000,826.65,0.8087794772,1.82665
6000,826.7,0.8087443378,1.8267
6000,826.75,0.8087092115,1.82675
6000,826.8,0.8086740981,1.8268
6000,826.85,0.8086389977,1.82685
6000,826.9,0.8086039103,1.8269
6000,826.95,0.8085688359,1.82695
6000,827,0.8085337745,1.827
6000,827.05,0.808498726,1.82705
6000,827.1,0.8084636905,1.8271
6000,827.15,0.8084286681,1.82715
6000,827.2,0.8083936585,1.8272
6000,827.25,0.808358662,1.82725
6000,827.3,0.8083236784,1.8273
6000,827.35,0.8082887078,1.82735
6000,827.4,0.8082537502,1.8274
6000,827.45,0.8082188056,1.82745
6000,827.5,0.8081838739,1.8275
6000,827.55,0.8081489552,1.82755
6000,827.6,0.8081140494,1.8276
6000,827.65,0.8080791566,1.82765
6000,827.7,0.8080442768,1.8277
6000,827.75,0.80800941,1.82775
6000,827.8,0.8079745561,1.8278
6000,827.85,0.8079397152,1.82785
6000,827.9,0.8079048872,1.8279
6000,827.95,0.8078700722,1.82795
6000,828,0.8078352701,1.828
6000,828.05,0.807800481,1.82805
6000,828.1,0.8077657049,1.8281
6000,828.15,0.8077309417,1.82815
6000,828.2,0.8076961915,1.8282
6000,828.25,0.8076614542,1.82825
6000,828.3,0.8076267299,1.8283
6000,828.35,0.8075920185,1.82835
6000,828.4,0.8075573201,1.8284
6000,828.45,0.8075226346,1.82845
6000,828.5,0.8074879621,1.8285
6000,828.55,0.8074533025,1.82855
6000,828.6,0.8074186558,1.8286
6000,828.65,0.8073840221,1.82865
6000,828.7,0.8073494013,1.8287
6000,828.75,0.8073147935,1.82875
6000,828.8,0.8072801986,1.8288
6000,828.85,0.8072456166,1.82885
6000,828.9,0.8072110476,1.8289
6000,828.95,0.8071764915,1.82895
6000,829,0.8071419484,1.829
6000,829.05,0.8071074182,1.82905
6000,829.1,0.8070729009,1.8291
6000,829.15,0.8070383965,1.82915
6000,829.2,0.8070039051,1.8292
6000,829.25,0.8069694265,1.82925
6000,829.3,0.806934961,1.8293
6000,829.35,0.8069005083,1.82935
6000,829.4,0.8068660686,1.8294
6000,829.45,0.8068316417,1.82945
6000,829.5,0.8067972278,1.8295
6000,829.55,0.8067628269,1.82955
6000,829.6,0.8067284388,1.8296
6000,829.65,0.8066940636,1.82965
6000,829.7,0.8066597014,1.8297
6000,829.75,0.8066253521,1.82975
6000,829.8,0.8065910157,1.8298
6000,829.85,0.8065566922,1.82985
6000,829.9,0.8065223816,1.8299
6000,829.95,0.8064880839,1.82995
6000,830,0.8064537991,1.83
6000,830.05,0.8064195273,1.83005
6000,830.1,0.8063852683,1.8301
6000,830.15,0.8063510222,1.83015
6000,830.2,0.8063167891,1.8302
6000,830.25,0.8062825688,1.83025
6000,830.3,0.8062483615,1.8303
6000,830.35,0.806214167,1.83035
6000,830.4,0.8061799854,1.8304
6000,830.45,0.8061458167,1.83045
6000,830.5,0.806111661,1.8305
6000,830.55,0.8060775181,1.83055
6000,830.6,0.8060433881,1.8306
6000,830.65,0.806009271,1.83065
6000,830.7,0.8059751667,1.8307
6000,830.75,0.8059410754,1.83075
6000,830.8,0.8059069969,1.8308
6000,830.85,0.8058729314,1.83085
6000,830.9,0.8058388787,1.8309
6000,830.95,0.8058048389,1.83095
6000,831,0.805770812,1.831
6000,831.05,0.8057367979,1.83105
6000,831.1,0.8057027968,1.8311
6000,831.15,0.8056688085,1.83115
6000,831.2,0.805634833,1.8312
6000,831.25,0.8056008705,1.83125
6000,831.3,0.8055669208,1.8313
6000,831.35,0.805532984,1.83135
6000,831.4,0.8054990601,1.8314
6000,831.45,0.805465149,1.83145
6000,831.5,0.8054312508,1.8315
6000,831.55,0.8053973655,1.83155
6000,831.6,0.805363493,1.8316
6000,831.65,0.8053296334,1.83165
6000,831.7,0.8052957866,1.8317
6000,831.75,0.8052619527,1.83175
6000,831.8,0.8052281317,1.8318
6000,831.85,0.8051943235,1.83185
6000,831.9,0.8051605282,1.8319
6000,831.95,0.8051267457,1.83195
6000,832,0.805092976,1.832
6000,832.05,0.8050592193,1.83205
6000,832.1,0.8050254753,1.8321
6000,832.15,0.8049917443,1.83215
6000,832.2,0.804958026,1.8322
6000,832.25,0.8049243206,1.83225
6000,832.3,0.8048906281,1.8323
6000,832.35,0.8048569484,1.83235
6000,832.4,0.8048232815,1.8324
6000,832.45,0.8047896275,1.83245
6000,832.5,0.8047559863,1.8325
6000,832.55,0.804722358,1.83255
6000,832.6,0.8046887425,1.8326
6000,832.65,0.8046551398,1.83265
6000,832.7,0.8046215499,1.8327
6000,832.75,0.8045879729,1.83275
6000,832.8,0.8045544087,1.8328
6000,832.85,0.8045208573,1.83285
6000,832.9,0.8044873188,1.8329
6000,832.95,0.8044537931,1.83295
6000,833,0.8044202802,1.833
6000,833.05,0.8043867801,1.83305
6000,833.1,0.8043532929,1.8331
6000,833.15,0.8043198184,1.83315
6000,833.2,0.8042863568,1.8332
6000,833.25,0.804252908,1.83325
6000,833.3,0.804219472,1.8333
6000,833.35,0.8041860488,1.83335
6000,833.4,0.8041526385,1.8334
6000,833.45,0.8041192409,1.83345
6000,833.5,0.8040858562,1.8335
6000,833.55,0.8040524842,1.83355
6000,833.6,0.8040191251,1.8336
6000,833.65,0.8039857787,1.83365
6000,833.7,0.8039524452,1.8337
6000,833.75,0.8039191245,1.83375
6000,833.8,0.8038858165,1.8338
6000,833.85,0.8038525214,1.83385
6000,833.9,0.8038192391,1.8339
6000,833.95,0.8037859695,1.83395
6000,834,0.8037527128,1.834
6000,834.05,0.8037194688,1.83405
6000,834.1,0.8036862376,1.8341
6000,834.15,0.8036530193,1.83415
6000,834.2,0.8036198137,1.8342
6000,834.25,0.8035866209,1.83425
6000,834.3,0.8035534408,1.8343
6000,834.35,0.8035202736,1.83435
6000,834.4,0.8034871191,1.8344
6000,834.45,0.8034539774,1.83445
6000,834.5,0.8034208485,1.8345
6000,834.55,0.8033877324,1.83455
6000,834.6,0.803354629,1.8346
6000,834.65,0.8033215385,1.83465
6000,834.7,0.8032884607,1.8347
6000,834.75,0.8032553956,1.83475
6000,834.8,0.8032223433,1.8348
6000,834.85,0.8031893038,1.83485
6000,834.9,0.8031562771,1.8349
6000,834.95,0.8031232631,1.83495
6000,835,0.8030902619,1.835
6000,835.05,0.8030572734,1.83505
6000,835.1,0.8030242978,1.8351
6000,835.15,0.8029913348,1.83515
6000,835.2,0.8029583846,1.8352
6000,835.25,0.8029254472,1.83525
6000,835.3,0.8028925225,1.8353
6000,835.35,0.8028596106,1.83535
6000,835.4,0.8028267114,1.8354
6000,835.45,0.802793825,1.83545
6000,835.5,0.8027609513,1.8355
6000,835.55,0.8027280904,1.83555
6000,835.6,0.8026952422,1.8356
6000,835.65,0.8026624068,1.83565
6000,835.7,0.802629584,1.8357
6000,835.75,0.8025967741,1.83575
6000,835.8,0.8025639768,1.8358
6000,835.85,0.8025311923,1.83585
6000,835.9,0.8024984206,1.8359
6000,835.95,0.8024656615,1.83595
6000,836,0.8024329152,1.836
6000,836.05,0.8024001817,1.83605
6000,836.1,0.8023674608,1.8361
6000,836.15,0.8023347527,1.83615
6000,836.2,0.8023020573,1.8362
6000,836.25,0.8022693746,1.83625
6000,836.3,0.8022367047,1.8363
6000,836.35,0.8022040475,1.83635
6000,836.4,0.8021714029,1.8364
6000,836.45,0.8021387711,1.83645
6000,836.5,0.8021061521,1.8365
6000,836.55,0.8020735457,1.83655
6000,836.6,0.802040952,1.8366
6000,836.65,0.8020083711,1.83665
6000,836.7,0.8019758028,1.8367
6000,836.75,0.8019432473,1.83675
6000,836.8,0.8019107045,1.8368
6000,836.85,0.8018781743,1.83685
6000,836.9,0.8018456569,1.8369
6000,836.95,0.8018131522,1.83695
6000,837,0.8017806602,1.837
6000,837.05,0.8017481808,1.83705
6000,837.1,0.8017157142,1.8371
6000,837.15,0.8016832602,1.83715
6000,837.2,0.801650819,1.8372
6000,837.25,0.8016183904,1.83725
6000,837.3,0.8015859745,1.8373
6000,837.35,0.8015535714,1.83735
6000,837.4,0.8015211809,1.8374
6000,837.45,0.801488803,1.83745
6000,837.5,0.8014564379,1.8375
6000,837.55,0.8014240854,1.83755
6000,837.6,0.8013917456,1.8376
6000,837.65,0.8013594185,1.83765
6000,837.7,0.8013271041,1.8377
6000,837.75,0.8012948024,1.83775
6000,837.8,0.8012625133,1.8378
6000,837.85,0.8012302369,1.83785
6000,837.9,0.8011979731,1.8379
6000,837.95,0.801165722,1.83795
6000,838,0.8011334836,1.838
6000,838.05,0.8011012579,1.83805
6000,838.1,0.8010690448,1.8381
6000,838.15,0.8010368443,1.83815
6000,838.2,0.8010046566,1.8382
6000,838.25,0.8009724814,1.83825
6000,838.3,0.800940319,1.8383
6000,838.35,0.8009081692,1.83835
6000,838.4,0.800876032,1.8384
6000,838.45,0.8008439075,1.83845
6000,838.5,0.8008117956,1.8385
6000,838.55,0.8007796964,1.83855
6000,838.6,0.8007476098,1.8386
6000,838.65,0.8007155359,1.83865
6000,838.7,0.8006834746,1.8387
6000,838.75,0.800651426,1.83875
6000,838.8,0.80061939,1.8388
6000,838.85,0.8005873666,1.83885
6000,838.9,0.8005553558,1.8389
6000,838.95,0.8005233577,1.83895
6000,839,0.8004913723,1.839
6000,839.05,0.8004593994,1.83905
6000,839.1,0.8004274392,1.8391
6000,839.15,0.8003954916,1.83915
6000,839.2,0.8003635566,1.8392
6000,839.25,0.8003316343,1.83925
6000,839.3,0.8002997245,1.8393
6000,839.35,0.8002678274,1.83935
6000,839.4,0.8002359429,1.8394
6000,839.45,0.800204071,1.83945
6000,839.5,0.8001722118,1.8395
6000,839.55,0.8001403651,1.83955
6000,839.6,0.8001085311,1.8396
6000,839.65,0.8000767096,1.83965
6000,839.7,0.8000449008,1.8397
6000,839.75,0.8000131046,1.83975
6000,839.8,0.7999813209,1.8398
6000,839.85,0.7999495499,1.83985
6000,839.9,0.7999177915,1.8399
6000,839.95,0.7998860456,1.83995
6000,840,0.7998543124,1.84
6000,840.05,0.7998225918,1.84005
6000,840.1,0.7997908837,1.8401
6000,840.15,0.7997591883,1.84015
6000,840.2,0.7997275054,1.8402
6000,840.25,0.7996958351,1.84025
6000,840.3,0.7996641774,1.8403
6000,840.35,0.7996325323,1.84035
6000,840.4,0.7996008997,1.8404
6000,840.45,0.7995692798,1.84045
6000,840.5,0.7995376724,1.8405
6000,840.55,0.7995060776,1.84055
6000,840.6,0.7994744954,1.8406
6000,840.65,0.7994429257,1.84065
6000,840.7,0.7994113686,1.8407
6000,840.75,0.7993798241,1.84075
6000,840.8,0.7993482922,1.8408
6000,840.85,0.7993167728,1.84085
6000,840.9,0.799285266,1.8409
6000,840.95,0.7992537717,1.84095
6000,841,0.79922229,1.841
6000,841.05,0.7991908209,1.84105
6000,841.1,0.7991593643,1.8411
6000,841.15,0.7991279203,1.84115
6000,841.2,0.7990964888,1.8412
6000,841.25,0.7990650698,1.84125
6000,841.3,0.7990336635,1.8413
6000,841.35,0.7990022696,1.84135
6000,841.4,0.7989708883,1.8414
6000,841.45,0.7989395196,1.84145
6000,841.5,0.7989081634,1.8415
6000,841.55,0.7988768197,1.84155
6000,841.6,0.7988454886,1.8416
6000,841.65,0.79881417,1.84165
6000,841.7,0.798782864,1.8417
6000,841.75,0.7987515704,1.84175
6000,841.8,0.7987202894,1.8418
6000,841.85,0.798689021,1.84185
6000,841.9,0.798657765,1.8419
6000,841.95,0.7986265216,1.84195
6000,842,0.7985952907,1.842
6000,842.05,0.7985640724,1.84205
6000,842.1,0.7985328665,1.8421
6000,842.15,0.7985016732,1.84215
6000,842.2,0.7984704924,1.8422
6000,842.25,0.798439324,1.84225
6000,842.3,0.7984081683,1.8423
6000,842.35,0.798377025,1.84235
6000,842.4,0.7983458942,1.8424
6000,842.45,0.7983147759,1.84245
6000,842.5,0.7982836702,1.8425
6000,842.55,0.7982525769,1.84255
6000,842.6,0.7982214961,1.8426
6000,842.65,0.7981904279,1.84265
6000,842.7,0.7981593721,1.8427
6000,842.75,0.7981283288,1.84275
6000,842.8,0.7980972981,1.8428
6000,842.85,0.7980662798,1.84285
6000,842.9,0.798035274,1.8429
6000,842.95,0.7980042807,1.84295
6000,843,0.7979732999,1.843
6000,843.05,0.7979423315,1.84305
6000,843.1,0.7979113757,1.8431
6000,843.15,0.7978804323,1.84315
6000,843.2,0.7978495014,1.8432
6000,843.25,0.7978185829,1.84325
6000,843.3,0.797787677,1.8433
6000,843.35,0.7977567835,1.84335
6000,843.4,0.7977259025,1.8434
6000,843.45,0.797695034,1.84345
6000,843.5,0.7976641779,1.8435
6000,843.55,0.7976333343,1.84355
6000,843.6,0.7976025031,1.8436
6000,843.65,0.7975716845,1.84365
6000,843.7,0.7975408782,1.8437
6000,843.75,0.7975100845,1.84375
6000,843.8,0.7974793031,1.8438
6000,843.85,0.7974485343,1.84385
6000,843.9,0.7974177779,1.8439
6000,843.95,0.7973870339,1.84395
6000,844,0.7973563024,1.844
6000,844.05,0.7973255833,1.84405
6000,844.1,0.7972948767,1.8441
6000,844.15,0.7972641825,1.84415
6000,844.2,0.7972335008,1.8442
6000,844.25,0.7972028315,1.84425
6000,844.3,0.7971721746,1.8443
6000,844.35,0.7971415302,1.84435
6000,844.4,0.7971108982,1.8444
6000,844.45,0.7970802786,1.84445
6000,844.5,0.7970496714,1.8445
6000,844.55,0.7970190767,1.84455
6000,844.6,0.7969884944,1.8446
6000,844.65,0.7969579245,1.84465
6000,844.7,0.7969273671,1.8447
6000,844.75,0.796896822,1.84475
6000,844.8,0.7968662894,1.8448
6000,844.85,0.7968357692,1.84485
6000,844.9,0.7968052614,1.8449
6000,844.95,0.796774766,1.84495
6000,845,0.796744283,1.845
6000,845.05,0.7967138125,1.84505
6000,845.1,0.7966833543,1.8451
6000,845.15,0.7966529085,1.84515
6000,845.2,0.7966224752,1.8452
6000,845.25,0.7965920542,1.84525
6000,845.3,0.7965616456,1.8453
6000,845.35,0.7965312495,1.84535
6000,845.4,0.7965008657,1.8454
6000,845.45,0.7964704943,1.84545
6000,845.5,0.7964401353,1.8455
6000,845.55,0.7964097887,1.84555
6000,845.6,0.7963794544,1.8456
6000,845.65,0.7963491326,1.84565
6000,845.7,0.7963188231,1.8457
6000,845.75,0.796288526,1.84575
6000,845.8,0.7962582413,1.8458
6000,845.85,0.796227969,1.84585
6000,845.9,0.796197709,1.8459
6000,845.95,0.7961674614,1.84595
6000,846,0.7961372262,1.846
6000,846.05,0.7961070033,1.84605
6000,846.1,0.7960767928,1.8461
6000,846.15,0.7960465947,1.84615
6000,846.2,0.7960164089,1.8462
6000,846.25,0.7959862355,1.84625
6000,846.3,0.7959560744,1.8463
6000,846.35,0.7959259257,1.84635
6000,846.4,0.7958957894,1.8464
6000,846.45,0.7958656654,1.84645
6000,846.5,0.7958355537,1.8465
6000,846.55,0.7958054544,1.84655
6000,846.6,0.7957753674,1.8466
6000,846.65,0.7957452928,1.84665
6000,846.7,0.7957152305,1.8467
6000,846.75,0.7956851806,1.84675
6000,846.8,0.795655143,1.8468
6000,846.85,0.7956251177,1.84685
6000,846.9,0.7955951047,1.8469
6000,846.95,0.7955651041,1.84695
6000,847,0.7955351158,1.847
6000,847.05,0.7955051399,1.84705
6000,847.1,0.7954751762,1.8471
6000,847.15,0.7954452249,1.84715
6000,847.2,0.7954152859,1.8472
6000,847.25,0.7953853593,1.84725
6000,847.3,0.7953554449,1.8473
6000,847.35,0.7953255429,1.84735
6000,847.4,0.7952956531,1.8474
6000,847.45,0.7952657757,1.84745
6000,847.5,0.7952359106,1.8475
6000,847.55,0.7952060578,1.84755
6000,847.6,0.7951762173,1.8476
6000,847.65,0.795146389,1.84765
6000,847.7,0.7951165731,1.8477
6000,847.75,0.7950867695,1.84775
6000,847.8,0.7950569782,1.8478
6000,847.85,0.7950271992,1.84785
6000,847.9,0.7949974325,1.8479
6000,847.95,0.794967678,1.84795
6000,848,0.7949379358,1.848
6000,848.05,0.794908206,1.84805
6000,848.1,0.7948784884,1.8481
6000,848.15,0.7948487831,1.84815
6000,848.2,0.79481909,1.8482
6000,848.25,0.7947894093,1.84825
6000,848.3,0.7947597408,1.8483
6000,848.35,0.7947300846,1.84835
6000,848.4,0.7947004407,1.8484
6000,848.45,0.794670809,1.84845
6000,848.5,0.7946411896,1.8485
6000,848.55,0.7946115824,1.84855
6000,848.6,0.7945819876,1.8486
6000,848.65,0.7945524049,1.84865
6000,848.7,0.7945228346,1.8487
6000,848.75,0.7944932765,1.84875
6000,848.8,0.7944637306,1.8488
6000,848.85,0.794434197,1.84885
6000,848.9,0.7944046756,1.8489
6000,848.95,0.7943751665,1.84895
6000,849,0.7943456697,1.849
6000,849.05,0.794316185,1.84905
6000,849.1,0.7942867127,1.8491
6000,849.15,0.7942572525,1.84915
6000,849.2,0.7942278046,1.8492
6000,849.25,0.7941983689,1.84925
6000,849.3,0.7941689455,1.8493
6000,849.35,0.7941395343,1.84935
6000,849.4,0.7941101353,1.8494
6000,849.45,0.7940807486,1.84945
6000,849.5,0.794051374,1.8495
6000,849.55,0.7940220117,1.84955
6000,849.6,0.7939926616,1.8496
6000,849.65,0.7939633237,1.84965
6000,849.7,0.7939339981,1.8497
6000,849.75,0.7939046846,1.84975
6000,849.8,0.7938753834,1.8498
6000,849.85,0.7938460944,1.84985
6000,849.9,0.7938168175,1.8499
6000,849.95,0.7937875529,1.84995
6000,850,0.7937583005,1.85
6000,850.05,0.7937290603,1.85005
6000,850.1,0.7936998323,1.8501
6000,850.15,0.7936706164,1.85015
6000,850.2,0.7936414128,1.8502
6000,850.25,0.7936122214,1.85025
6000,850.3,0.7935830421,1.8503
6000,850.35,0.7935538751,1.85035
6000,850.4,0.7935247202,1.8504
6000,850.45,0.7934955775,1.85045
6000,850.5,0.793466447,1.8505
6000,850.55,0.7934373286,1.85055
6000,850.6,0.7934082225,1.8506
6000,850.65,0.7933791285,1.85065
6000,850.7,0.7933500467,1.8507
6000,850.75,0.793320977,1.85075
6000,850.8,0.7932919196,1.8508
6000,850.85,0.7932628742,1.85085
6000,850.9,0.7932338411,1.8509
6000,850.95,0.7932048201,1.85095
6000,851,0.7931758113,1.851
6000,851.05,0.7931468146,1.85105
6000,851.1,0.7931178301,1.8511
6000,851.15,0.7930888577,1.85115
6000,851.2,0.7930598975,1.8512
6000,851.25,0.7930309494,1.85125
6000,851.3,0.7930020135,1.8513
6000,851.35,0.7929730897,1.85135
6000,851.4,0.7929441781,1.8514
6000,851.45,0.7929152786,1.85145
6000,851.5,0.7928863912,1.8515
6000,851.55,0.792857516,1.85155
6000,851.6,0.7928286529,1.8516
6000,851.65,0.7927998019,1.85165
6000,851.7,0.7927709631,1.8517
6000,851.75,0.7927421364,1.85175
6000,851.8,0.7927133218,1.8518
6000,851.85,0.7926845193,1.85185
6000,851.9,0.792655729,1.8519
6000,851.95,0.7926269507,1.85195
6000,852,0.7925981846,1.852
6000,852.05,0.7925694306,1.85205
6000,852.1,0.7925406887,1.8521
6000,852.15,0.7925119589,1.85215
6000,852.2,0.7924832412,1.8522
6000,852.25,0.7924545357,1.85225
6000,852.3,0.7924258422,1.8523
6000,852.35,0.7923971608,1.85235
6000,852.4,0.7923684915,1.8524
6000,852.45,0.7923398343,1.85245
6000,852.5,0.7923111893,1.8525
6000,852.55,0.7922825563,1.85255
6000,852.6,0.7922539353,1.8526
6000,852.65,0.7922253265,1.85265
6000,852.7,0.7921967298,1.8527
6000,852.75,0.7921681451,1.85275
6000,852.8,0.7921395725,1.8528
6000,852.85,0.792111012,1.85285
6000,852.9,0.7920824636,1.8529
6000,852.95,0.7920539272,1.85295
6000,853,0.7920254029,1.853
6000,853.05,0.7919968907,1.85305
6000,853.1,0.7919683905,1.8531
6000,853.15,0.7919399024,1.85315
6000,853.2,0.7919114264,1.8532
6000,853.25,0.7918829624,1.85325
6000,853.3,0.7918545105,1.8533
6000,853.35,0.7918260706,1.85335
6000,853.4,0.7917976428,1.8534
6000,853.45,0.791769227,1.85345
6000,853.5,0.7917408233,1.8535
6000,853.55,0.7917124317,1.85355
6000,853.6,0.791684052,1.8536
6000,853.65,0.7916556844,1.85365
6000,853.7,0.7916273289,1.8537
6000,853.75,0.7915989854,1.85375
6000,853.8,0.7915706539,1.8538
6000,853.85,0.7915423344,1.85385
6000,853.9,0.791514027,1.8539
6000,853.95,0.7914857316,1.85395
6000,854,0.7914574483,1.854
6000,854.05,0.7914291769,1.85405
6000,854.1,0.7914009176,1.8541
6000,854.15,0.7913726703,1.85415
6000,854.2,0.791344435,1.8542
6000,854.25,0.7913162117,1.85425
6000,854.3,0.7912880004,1.8543
6000,854.35,0.7912598012,1.85435
6000,854.4,0.7912316139,1.8544
6000,854.45,0.7912034387,1.85445
6000,854.5,0.7911752754,1.8545
6000,854.55,0.7911471242,1.85455
6000,854.6,0.7911189849,1.8546
6000,854.65,0.7910908577,1.85465
6000,854.7,0.7910627424,1.8547
6000,854.75,0.7910346391,1.85475
6000,854.8,0.7910065478,1.8548
6000,854.85,0.7909784685,1.85485
6000,854.9,0.7909504012,1.8549
6000,854.95,0.7909223459,1.85495
6000,855,0.7908943025,1.855
6000,855.05,0.7908662711,1.85505
6000,855.1,0.7908382517,1.8551
6000,855.15,0.7908102443,1.85515
6000,855.2,0.7907822488,1.8552
6000,855.25,0.7907542653,1.85525
6000,855.3,0.7907262938,1.8553
6000,855.35,0.7906983342,1.85535
6000,855.4,0.7906703866,1.8554
6000,855.45,0.7906424509,1.85545
6000,855.5,0.7906145272,1.8555
6000,855.55,0.7905866155,1.85555
6000,855.6,0.7905587157,1.8556
6000,855.65,0.7905308279,1.85565
6000,855.7,0.790502952,1.8557
6000,855.75,0.790475088,1.85575
6000,855.8,0.790447236,1.8558
6000,855.85,0.7904193959,1.85585
6000,855.9,0.7903915678,1.8559
6000,855.95,0.7903637516,1.85595
6000,856,0.7903359473,1.856
6000,856.05,0.7903081549,1.85605
6000,856.1,0.7902803745,1.8561
6000,856.15,0.790252606,1.85615
6000,856.2,0.7902248495,1.8562
6000,856.25,0.7901971048,1.85625
6000,856.3,0.7901693721,1.8563
6000,856.35,0.7901416513,1.85635
6000,856.4,0.7901139424,1.8564
6000,856.45,0.7900862454,1.85645
6000,856.5,0.7900585603,1.8565
6000,856.55,0.7900308871,1.85655
6000,856.6,0.7900032258,1.8566
6000,856.65,0.7899755765,1.85665
6000,856.7,0.789947939,1.8567
6000,856.75,0.7899203134,1.85675
6000,856.8,0.7898926997,1.8568
6000,856.85,0.7898650979,1.85685
6000,856.9,0.789837508,1.8569
6000,856.95,0.78980993,1.85695
6000,857,0.7897823639,1.857
6000,857.05,0.7897548096,1.85705
6000,857.1,0.7897272673,1.8571
6000,857.15,0.7896997368,1.85715
6000,857.2,0.7896722182,1.8572
6000,857.25,0.7896447114,1.85725
6000,857.3,0.7896172166,1.8573
6000,857.35,0.7895897336,1.85735
6000,857.4,0.7895622624,1.8574
6000,857.45,0.7895348031,1.85745
6000,857.5,0.7895073557,1.8575
6000,857.55,0.7894799202,1.85755
6000,857.6,0.7894524965,1.8576
6000,857.65,0.7894250846,1.85765
6000,857.7,0.7893976846,1.8577
6000,857.75,0.7893702965,1.85775
6000,857.8,0.7893429202,1.8578
6000,857.85,0.7893155557,1.85785
6000,857.9,0.7892882031,1.8579
6000,857.95,0.7892608624,1.85795
6000,858,0.7892335334,1.858
6000,858.05,0.7892062163,1.85805
6000,858.1,0.7891789111,1.8581
6000,858.15,0.7891516176,1.85815
6000,858.2,0.789124336,1.8582
6000,858.25,0.7890970662,1.85825
6000,858.3,0.7890698083,1.8583
6000,858.35,0.7890425621,1.85835
6000,858.4,0.7890153278,1.8584
6000,858.45,0.7889881053,1.85845
6000,858.5,0.7889608946,1.8585
6000,858.55,0.7889336957,1.85855
6000,858.6,0.7889065086,1.8586
6000,858.65,0.7888793333,1.85865
6000,858.7,0.7888521699,1.8587
6000,858.75,0.7888250182,1.85875
6000,858.8,0.7887978783,1.8588
6000,858.85,0.7887707503,1.85885
6000,858.9,0.788743634,1.8589
6000,858.95,0.7887165295,1.85895
6000,859,0.7886894368,1.859
6000,859.05,0.7886623559,1.85905
6000,859.1,0.7886352867,1.8591
6000,859.15,0.7886082294,1.85915
6000,859.2,0.7885811838,1.8592
6000,859.25,0.78855415,1.85925
6000,859.3,0.788527128,1.8593
6000,859.35,0.7885001177,1.85935
6000,859.4,0.7884731193,1.8594
6000,859.45,0.7884461325,1.85945
6000,859.5,0.7884191576,1.8595
6000,859.55,0.7883921944,1.85955
6000,859.6,0.788365243,1.8596
6000,859.65,0.7883383033,1.85965
6000,859.7,0.7883113754,1.8597
6000,859.75,0.7882844592,1.85975
6000,859.8,0.7882575548,1.8598
6000,859.85,0.7882306621,1.85985
6000,859.9,0.7882037812,1.8599
6000,859.95,0.788176912,1.85995
6000,860,0.7881500546,1.86
6000,860.05,0.7881232089,1.86005
6000,860.1,0.7880963749,1.8601
6000,860.15,0.7880695526,1.86015
6000,860.2,0.7880427421,1.8602
6000,860.25,0.7880159433,1.86025
6000,860.3,0.7879891563,1.8603
6000,860.35,0.787962381,1.86035
6000,860.4,0.7879356173,1.8604
6000,860.45,0.7879088654,1.86045
6000,860.5,0.7878821252,1.8605
6000,860.55,0.7878553968,1.86055
6000,860.6,0.78782868,1.8606
6000,860.65,0.787801975,1.86065
6000,860.7,0.7877752816,1.8607
6000,860.75,0.7877486,1.86075
6000,860.8,0.78772193,1.8608
6000,860.85,0.7876952718,1.86085
6000,860.9,0.7876686252,1.8609
6000,860.95,0.7876419903,1.86095
6000,861,0.7876153672,1.861
6000,861.05,0.7875887557,1.86105
6000,861.1,0.7875621559,1.8611
6000,861.15,0.7875355678,1.86115
6000,861.2,0.7875089913,1.8612
6000,861.25,0.7874824266,1.86125
6000,861.3,0.7874558735,1.8613
6000,861.35,0.7874293321,1.86135
6000,861.4,0.7874028023,1.8614
6000,861.45,0.7873762843,1.86145
6000,861.5,0.7873497779,1.8615
6000,861.55,0.7873232831,1.86155
6000,861.6,0.7872968,1.8616
6000,861.65,0.7872703286,1.86165
6000,861.7,0.7872438688,1.8617
6000,861.75,0.7872174207,1.86175
6000,861.8,0.7871909842,1.8618
6000,861.85,0.7871645594,1.86185
6000,861.9,0.7871381462,1.8619
6000,861.95,0.7871117447,1.86195
6000,862,0.7870853548,1.862
6000,862.05,0.7870589765,1.86205
6000,862.1,0.7870326099,1.8621
6000,862.15,0.7870062549,1.86215
6000,862.2,0.7869799116,1.8622
6000,862.25,0.7869535798,1.86225
6000,862.3,0.7869272597,1.8623
6000,862.35,0.7869009512,1.86235
6000,862.4,0.7868746544,1.8624
6000,862.45,0.7868483691,1.86245
6000,862.5,0.7868220955,1.8625
6000,862.55,0.7867958335,1.86255
6000,862.6,0.786769583,1.8626
6000,862.65,0.7867433442,1.86265
6000,862.7,0.786717117,1.8627
6000,862.75,0.7866909014,1.86275
6000,862.8,0.7866646974,1.8628
6000,862.85,0.786638505,1.86285
6000,862.9,0.7866123242,1.8629
6000,862.95,0.786586155,1.86295
6000,863,0.7865599974,1.863
6000,863.05,0.7865338513,1.86305
6000,863.1,0.7865077169,1.8631
6000,863.15,0.786481594,1.86315
6000,863.2,0.7864554827,1.8632
6000,863.25,0.786429383,1.86325
6000,863.3,0.7864032948,1.8633
6000,863.35,0.7863772183,1.86335
6000,863.4,0.7863511533,1.8634
6000,863.45,0.7863250998,1.86345
6000,863.5,0.786299058,1.8635
6000,863.55,0.7862730276,1.86355
6000,863.6,0.7862470089,1.8636
6000,863.65,0.7862210017,1.86365
6000,863.7,0.786195006,1.8637
6000,863.75,0.7861690219,1.86375
6000,863.8,0.7861430494,1.8638
6000,863.85,0.7861170884,1.86385
6000,863.9,0.7860911389,1.8639
6000,863.95,0.786065201,1.86395
6000,864,0.7860392747,1.864
6000,864.05,0.7860133598,1.86405
6000,864.1,0.7859874565,1.8641
6000,864.15,0.7859615647,1.86415
6000,864.2,0.7859356845,1.8642
6000,864.25,0.7859098158,1.86425
6000,864.3,0.7858839586,1.8643
6000,864.35,0.7858581129,1.86435
6000,864.4,0.7858322787,1.8644
6000,864.45,0.7858064561,1.86445
6000,864.5,0.7857806449,1.8645
6000,864.55,0.7857548453,1.86455
6000,864.6,0.7857290572,1.8646
6000,864.65,0.7857032806,1.86465
6000,864.7,0.7856775155,1.8647
6000,864.75,0.7856517618,1.86475
6000,864.8,0.7856260197,1.8648
6000,864.85,0.7856002891,1.86485
6000,864.9,0.78557457,1.8649
6000,864.95,0.7855488623,1.86495
6000,865,0.7855231662,1.865
6000,865.05,0.7854974815,1.86505
6000,865.1,0.7854718083,1.8651
6000,865.15,0.7854461466,1.86515
6000,865.2,0.7854204964,1.8652
6000,865.25,0.7853948576,1.86525
6000,865.3,0.7853692303,1.8653
6000,865.35,0.7853436145,1.86535
6000,865.4,0.7853180102,1.8654
6000,865.45,0.7852924173,1.86545
6000,865.5,0.7852668358,1.8655
6000,865.55,0.7852412659,1.86555
6000,865.6,0.7852157073,1.8656
6000,865.65,0.7851901603,1.86565
6000,865.7,0.7851646247,1.8657
6000,865.75,0.7851391005,1.86575
6000,865.8,0.7851135878,1.8658
6000,865.85,0.7850880865,1.86585
6000,865.9,0.7850625966,1.8659
6000,865.95,0.7850371182,1.86595
6000,866,0.7850116513,1.866
6000,866.05,0.7849861957,1.86605
6000,866.1,0.7849607516,1.8661
6000,866.15,0.7849353189,1.86615
6000,866.2,0.7849098977,1.8662
6000,866.25,0.7848844878,1.86625
6000,866.3,0.7848590894,1.8663
6000,866.35,0.7848337024,1.86635
6000,866.4,0.7848083268,1.8664
6000,866.45,0.7847829627,1.86645
6000,866.5,0.7847576099,1.8665
6000,866.55,0.7847322685,1.86655
6000,866.6,0.7847069386,1.8666
6000,866.65,0.78468162,1.86665
6000,866.7,0.7846563128,1.8667
6000,866.75,0.7846310171,1.86675
6000,866.8,0.7846057327,1.8668
6000,866.85,0.7845804597,1.86685
6000,866.9,0.7845551981,1.8669
6000,866.95,0.7845299479,1.86695
6000,867,0.7845047091,1.867
6000,867.05,0.7844794816,1.86705
6000,867.1,0.7844542655,1.8671
6000,867.15,0.7844290608,1.86715
6000,867.2,0.7844038675,1.8672
6000,867.25,0.7843786855,1.86725
6000,867.3,0.7843535149,1.8673
6000,867.35,0.7843283557,1.86735
6000,867.4,0.7843032078,1.8674
6000,867.45,0.7842780713,1.86745
6000,867.5,0.7842529462,1.8675
6000,867.55,0.7842278323,1.86755
6000,867.6,0.7842027299,1.8676
6000,867.65,0.7841776388,1.86765
6000,867.7,0.784152559,1.8677
6000,867.75,0.7841274906,1.86775
6000,867.8,0.7841024335,1.8678
6000,867.85,0.7840773878,1.86785
6000,867.9,0.7840523533,1.8679
6000,867.95,0.7840273303,1.86795
6000,868,0.7840023185,1.868
6000,868.05,0.7839773181,1.86805
6000,868.1,0.783952329,1.8681
6000,868.15,0.7839273512,1.86815
6000,868.2,0.7839023847,1.8682
6000,868.25,0.7838774296,1.86825
6000,868.3,0.7838524857,1.8683
6000,868.35,0.7838275532,1.86835
6000,868.4,0.783802632,1.8684
6000,868.45,0.7837777221,1.86845
6000,868.5,0.7837528235,1.8685
6000,868.55,0.7837279361,1.86855
6000,868.6,0.7837030601,1.8686
6000,868.65,0.7836781954,1.86865
6000,868.7,0.783653342,1.8687
6000,868.75,0.7836284998,1.86875
6000,868.8,0.783603669,1.8688
6000,868.85,0.7835788494,1.86885
6000,868.9,0.7835540411,1.8689
6000,868.95,0.7835292441,1.86895
6000,869,0.7835044583,1.869
6000,869.05,0.7834796839,1.86905
6000,869.1,0.7834549207,1.8691
6000,869.15,0.7834301687,1.86915
6000,869.2,0.7834054281,1.8692
6000,869.25,0.7833806987,1.86925
6000,869.3,0.7833559805,1.8693
6000,869.35,0.7833312736,1.86935
6000,869.4,0.783306578,1.8694
6000,869.45,0.7832818936,1.86945
6000,869.5,0.7832572205,1.8695
6000,869.55,0.7832325586,1.86955
6000,869.6,0.7832079079,1.8696
6000,869.65,0.7831832685,1.86965
6000,869.7,0.7831586403,1.8697
6000,869.75,0.7831340234,1.86975
6000,869.8,0.7831094177,1.8698
6000,869.85,0.7830848232,1.86985
6000,869.9,0.78306024,1.8699
6000,869.95,0.7830356679,1.86995
6000,870,0.7830111071,1.87
6000,870.05,0.7829865575,1.87005
6000,870.1,0.7829620192,1.8701
6000,870.15,0.782937492,1.87015
6000,870.2,0.7829129761,1.8702
6000,870.25,0.7828884713,1.87025
6000,870.3,0.7828639778,1.8703
6000,870.35,0.7828394954,1.87035
6000,870.4,0.7828150243,1.8704
6000,870.45,0.7827905644,1.87045
6000,870.5,0.7827661156,1.8705
6000,870.55,0.7827416781,1.87055
6000,870.6,0.7827172517,1.8706
6000,870.65,0.7826928365,1.87065
6000,870.7,0.7826684325,1.8707
6000,870.75,0.7826440397,1.87075
6000,870.8,0.7826196581,1.8708
6000,870.85,0.7825952876,1.87085
6000,870.9,0.7825709283,1.8709
6000,870.95,0.7825465802,1.87095
6000,871,0.7825222433,1.871
6000,871.05,0.7824979175,1.87105
6000,871.1,0.7824736028,1.8711
6000,871.15,0.7824492994,1.87115
6000,871.2,0.782425007,1.8712
6000,871.25,0.7824007259,1.87125
6000,871.3,0.7823764559,1.8713
6000,871.35,0.782352197,1.87135
6000,871.4,0.7823279493,1.8714
6000,871.45,0.7823037127,1.87145
6000,871.5,0.7822794873,1.8715
6000,871.55,0.782255273,1.87155
6000,871.6,0.7822310698,1.8716
6000,871.65,0.7822068778,1.87165
6000,871.7,0.7821826969,1.8717
6000,871.75,0.7821585271,1.87175
6000,871.8,0.7821343684,1.8718
6000,871.85,0.7821102209,1.87185
6000,871.9,0.7820860845,1.8719
6000,871.95,0.7820619592,1.87195
6000,872,0.782037845,1.872
6000,872.05,0.7820137419,1.87205
6000,872.1,0.7819896499,1.8721
6000,872.15,0.781965569,1.87215
6000,872.2,0.7819414992,1.8722
6000,872.25,0.7819174406,1.87225
6000,872.3,0.781893393,1.8723
6000,872.35,0.7818693565,1.87235
6000,872.4,0.7818453311,1.8724
6000,872.45,0.7818213168,1.87245
6000,872.5,0.7817973135,1.8725
6000,872.55,0.7817733214,1.87255
6000,872.6,0.7817493403,1.8726
6000,872.65,0.7817253703,1.87265
6000,872.7,0.7817014114,1.8727
6000,872.75,0.7816774636,1.87275
6000,872.8,0.7816535268,1.8728
6000,872.85,0.7816296011,1.87285
6000,872.9,0.7816056864,1.8729
6000,872.95,0.7815817828,1.87295
6000,873,0.7815578903,1.873
6000,873.05,0.7815340088,1.87305
6000,873.1,0.7815101383,1.8731
6000,873.15,0.781486279,1.87315
6000,873.2,0.7814624306,1.8732
6000,873.25,0.7814385933,1.87325
6000,873.3,0.7814147671,1.8733
6000,873.35,0.7813909518,1.87335
6000,873.4,0.7813671476,1.8734
6000,873.45,0.7813433545,1.87345
6000,873.5,0.7813195724,1.8735
6000,873.55,0.7812958013,1.87355
6000,873.6,0.7812720412,1.8736
6000,873.65,0.7812482921,1.87365
6000,873.7,0.7812245541,1.8737
6000,873.75,0.7812008271,1.87375
6000,873.8,0.781177111,1.8738
6000,873.85,0.781153406,1.87385
6000,873.9,0.781129712,1.8739
6000,873.95,0.7811060291,1.87395
6000,874,0.7810823571,1.874
6000,874.05,0.7810586961,1.87405
6000,874.1,0.7810350461,1.8741
6000,874.15,0.7810114071,1.87415
6000,874.2,0.780987779,1.8742
6000,874.25,0.780964162,1.87425
6000,874.3,0.780940556,1.8743
6000,874.35,0.7809169609,1.87435
6000,874.4,0.7808933768,1.8744
6000,874.45,0.7808698037,1.87445
6000,874.5,0.7808462416,1.8745
6000,874.55,0.7808226904,1.87455
6000,874.6,0.7807991502,1.8746
6000,874.65,0.780775621,1.87465
6000,874.7,0.7807521027,1.8747
6000,874.75,0.7807285954,1.87475
6000,874.8,0.780705099,1.8748
6000,874.85,0.7806816136,1.87485
6000,874.9,0.7806581391,1.8749
6000,874.95,0.7806346756,1.87495
6000,875,0.7806112231,1.875
6000,875.05,0.7805877814,1.87505
6000,875.1,0.7805643508,1.8751
6000,875.15,0.780540931,1.87515
6000,875.2,0.7805175222,1.8752
6000,875.25,0.7804941243,1.87525
6000,875.3,0.7804707374,1.8753
6000,875.35,0.7804473613,1.87535
6000,875.4,0.7804239962,1.8754
6000,875.45,0.780400642,1.87545
6000,875.5,0.7803772988,1.8755
6000,875.55,0.7803539664,1.87555
6000,875.6,0.780330645,1.8756
6000,875.65,0.7803073344,1.87565
6000,875.7,0.7802840348,1.8757
6000,875.75,0.7802607461,1.87575
6000,875.8,0.7802374682,1.8758
6000,875.85,0.7802142013,1.87585
6000,875.9,0.7801909453,1.8759
6000,875.95,0.7801677001,1.87595
6000,876,0.7801444659,1.876
6000,876.05,0.7801212425,1.87605
6000,876.1,0.78009803,1.8761
6000,876.15,0.7800748284,1.87615
6000,876.2,0.7800516376,1.8762
6000,876.25,0.7800284578,1.87625
6000,876.3,0.7800052888,1.8763
6000,876.35,0.7799821307,1.87635
6000,876.4,0.7799589834,1.8764
6000,876.45,0.779935847,1.87645
6000,876.5,0.7799127215,1.8765
6000,876.55,0.7798896068,1.87655
6000,876.6,0.779866503,1.8766
6000,876.65,0.77984341,1.87665
6000,876.7,0.7798203279,1.8767
6000,876.75,0.7797972566,1.87675
6000,876.8,0.7797741962,1.8768
6000,876.85,0.7797511466,1.87685
6000,876.9,0.7797281078,1.8769
6000,876.95,0.7797050799,1.87695
6000,877,0.7796820628,1.877
6000,877.05,0.7796590566,1.87705
6000,877.1,0.7796360611,1.8771
6000,877.15,0.7796130765,1.87715
6000,877.2,0.7795901027,1.8772
6000,877.25,0.7795671398,1.87725
6000,877.3,0.7795441876,1.8773
6000,877.35,0.7795212463,1.87735
6000,877.4,0.7794983157,1.8774
6000,877.45,0.779475396,1.87745
6000,877.5,0.779452487,1.8775
6000,877.55,0.7794295889,1.87755
6000,877.6,0.7794067016,1.8776
6000,877.65,0.779383825,1.87765
6000,877.7,0.7793609593,1.8777
6000,877.75,0.7793381043,1.87775
6000,877.8,0.7793152602,1.8778
6000,877.85,0.7792924268,1.87785
6000,877.9,0.7792696042,1.8779
6000,877.95,0.7792467923,1.87795
6000,878,0.7792239913,1.878
6000,878.05,0.779201201,1.87805
6000,878.1,0.7791784215,1.8781
6000,878.15,0.7791556527,1.87815
6000,878.2,0.7791328947,1.8782
6000,878.25,0.7791101475,1.87825
6000,878.3,0.779087411,1.8783
6000,878.35,0.7790646853,1.87835
6000,878.4,0.7790419704,1.8784
6000,878.45,0.7790192661,1.87845
6000,878.5,0.7789965727,1.8785
6000,878.55,0.7789738899,1.87855
6000,878.6,0.7789512179,1.8786
6000,878.65,0.7789285567,1.87865
6000,878.7,0.7789059062,1.8787
6000,878.75,0.7788832664,1.87875
6000,878.8,0.7788606373,1.8788
6000,878.85,0.778838019,1.87885
6000,878.9,0.7788154114,1.8789
6000,878.95,0.7787928145,1.87895
6000,879,0.7787702283,1.879
6000,879.05,0.7787476529,1.87905
6000,879.1,0.7787250881,1.8791
6000,879.15,0.7787025341,1.87915
6000,879.2,0.7786799907,1.8792
6000,879.25,0.7786574581,1.87925
6000,879.3,0.7786349362,1.8793
6000,879.35,0.7786124249,1.87935
6000,879.4,0.7785899244,1.8794
6000,879.45,0.7785674345,1.87945
6000,879.5,0.7785449554,1.8795
6000,879.55,0.7785224869,1.87955
6000,879.6,0.7785000291,1.8796
6000,879.65,0.778477582,1.87965
6000,879.7,0.7784551456,1.8797
6000,879.75,0.7784327198,1.87975
6000,879.8,0.7784103047,1.8798
6000,879.85,0.7783879003,1.87985
6000,879.9,0.7783655065,1.8799
6000,879.95,0.7783431234,1.87995
6000,880,0.778320751,1.88
6000,880.05,0.7782983892,1.88005
6000,880.1,0.778276038,1.8801
6000,880.15,0.7782536976,1.88015
6000,880.2,0.7782313677,1.8802
6000,880.25,0.7782090485,1.88025
6000,880.3,0.77818674,1.8803
6000,880.35,0.7781644421,1.88035
6000,880.4,0.7781421548,1.8804
6000,880.45,0.7781198782,1.88045
6000,880.5,0.7780976122,1.8805
6000,880.55,0.7780753568,1.88055
6000,880.6,0.778053112,1.8806
6000,880.65,0.7780308779,1.88065
6000,880.7,0.7780086543,1.8807
6000,880.75,0.7779864414,1.88075
6000,880.8,0.7779642392,1.8808
6000,880.85,0.7779420475,1.88085
6000,880.9,0.7779198664,1.8809
6000,880.95,0.7778976959,1.88095
6000,881,0.7778755361,1.881
6000,881.05,0.7778533868,1.88105
6000,881.1,0.7778312481,1.8811
6000,881.15,0.77780912,1.88115
6000,881.2,0.7777870025,1.8812
6000,881.25,0.7777648956,1.88125
6000,881.3,0.7777427993,1.8813
6000,881.35,0.7777207135,1.88135
6000,881.4,0.7776986384,1.8814
6000,881.45,0.7776765738,1.88145
6000,881.5,0.7776545198,1.8815
6000,881.55,0.7776324763,1.88155
6000,881.6,0.7776104434,1.8816
6000,881.65,0.7775884211,1.88165
6000,881.7,0.7775664093,1.8817
6000,881.75,0.7775444081,1.88175
6000,881.8,0.7775224175,1.8818
6000,881.85,0.7775004374,1.88185
6000,881.9,0.7774784678,1.8819
6000,881.95,0.7774565088,1.88195
6000,882,0.7774345603,1.882
6000,882.05,0.7774126224,1.88205
6000,882.1,0.777390695,1.8821
6000,882.15,0.7773687782,1.88215
6000,882.2,0.7773468718,1.8822
6000,882.25,0.777324976,1.88225
6000,882.3,0.7773030908,1.8823
6000,882.35,0.777281216,1.88235
6000,882.4,0.7772593518,1.8824
6000,882.45,0.7772374981,1.88245
6000,882.5,0.7772156549,1.8825
6000,882.55,0.7771938222,1.88255
6000,882.6,0.777172,1.8826
6000,882.65,0.7771501883,1.88265
6000,882.7,0.7771283871,1.8827
6000,882.75,0.7771065965,1.88275
6000,882.8,0.7770848163,1.8828
6000,882.85,0.7770630466,1.88285
6000,882.9,0.7770412874,1.8829
6000,882.95,0.7770195387,1.88295
6000,883,0.7769978004,1.883
6000,883.05,0.7769760727,1.88305
6000,883.1,0.7769543554,1.8831
6000,883.15,0.7769326486,1.88315
6000,883.2,0.7769109523,1.8832
6000,883.25,0.7768892664,1.88325
6000,883.3,0.776867591,1.8833
6000,883.35,0.7768459261,1.88335
6000,883.4,0.7768242716,1.8834
6000,883.45,0.7768026276,1.88345
6000,883.5,0.7767809941,1.8835
6000,883.55,0.7767593709,1.88355
6000,883.6,0.7767377583,1.8836
6000,883.65,0.7767161561,1.88365
6000,883.7,0.7766945643,1.8837
6000,883.75,0.776672983,1.88375
6000,883.8,0.7766514121,1.8838
6000,883.85,0.7766298516,1.88385
6000,883.9,0.7766083016,1.8839
6000,883.95,0.776586762,1.88395
6000,884,0.7765652328,1.884
6000,884.05,0.7765437141,1.88405
6000,884.1,0.7765222057,1.8841
6000,884.15,0.7765007078,1.88415
6000,884.2,0.7764792203,1.8842
6000,884.25,0.7764577432,1.88425
6000,884.3,0.7764362765,1.8843
6000,884.35,0.7764148202,1.88435
6000,884.4,0.7763933743,1.8844
6000,884.45,0.7763719388,1.88445
6000,884.5,0.7763505137,1.8845
6000,884.55,0.776329099,1.88455
6000,884.6,0.7763076947,1.8846
6000,884.65,0.7762863008,1.88465
6000,884.7,0.7762649173,1.8847
6000,884.75,0.7762435441,1.88475
6000,884.8,0.7762221813,1.8848
6000,884.85,0.7762008289,1.88485
6000,884.9,0.7761794869,1.8849
6000,884.95,0.7761581552,1.88495
6000,885,0.7761368339,1.885
6000,885.05,0.7761155229,1.88505
6000,885.1,0.7760942223,1.8851
6000,885.15,0.7760729321,1.88515
6000,885.2,0.7760516522,1.8852
6000,885.25,0.7760303827,1.88525
6000,885.3,0.7760091235,1.8853
6000,885.35,0.7759878747,1.88535
6000,885.4,0.7759666362,1.8854
6000,885.45,0.7759454081,1.88545
6000,885.5,0.7759241903,1.8855
6000,885.55,0.7759029828,1.88555
6000,885.6,0.7758817856,1.8856
6000,885.65,0.7758605988,1.88565
6000,885.7,0.7758394223,1.8857
6000,885.75,0.7758182561,1.88575
6000,885.8,0.7757971002,1.8858
6000,885.85,0.7757759547,1.88585
6000,885.9,0.7757548194,1.8859
6000,885.95,0.7757336945,1.88595
6000,886,0.7757125799,1.886
6000,886.05,0.7756914756,1.88605
6000,886.1,0.7756703816,1.8861
6000,886.15,0.7756492978,1.88615
6000,886.2,0.7756282244,1.8862
6000,886.25,0.7756071613,1.88625
6000,886.3,0.7755861084,1.8863
6000,886.35,0.7755650658,1.88635
6000,886.4,0.7755440336,1.8864
6000,886.45,0.7755230115,1.88645
6000,886.5,0.7755019998,1.8865
6000,886.55,0.7754809984,1.88655
6000,886.6,0.7754600072,1.8866
6000,886.65,0.7754390263,1.88665
6000,886.7,0.7754180556,1.8867
6000,886.75,0.7753970952,1.88675
6000,886.8,0.7753761451,1.8868
6000,886.85,0.7753552052,1.88685
6000,886.9,0.7753342756,1.8869
6000,886.95,0.7753133562,1.88695
6000,887,0.775292447,1.887
6000,887.05,0.7752715481,1.88705
6000,887.1,0.7752506595,1.8871
6000,887.15,0.7752297811,1.88715
6000,887.2,0.7752089129,1.8872
6000,887.25,0.7751880549,1.88725
6000,887.3,0.7751672072,1.8873
6000,887.35,0.7751463697,1.88735
6000,887.4,0.7751255424,1.8874
6000,887.45,0.7751047254,1.88745
6000,887.5,0.7750839185,1.8875
6000,887.55,0.7750631219,1.88755
6000,887.6,0.7750423355,1.8876
6000,887.65,0.7750215593,1.88765
6000,887.7,0.7750007933,1.8877
6000,887.75,0.7749800375,1.88775
6000,887.8,0.7749592919,1.8878
6000,887.85,0.7749385565,1.88785
6000,887.9,0.7749178312,1.8879
6000,887.95,0.7748971162,1.88795
6000,888,0.7748764114,1.888
6000,888.05,0.7748557167,1.88805
6000,888.1,0.7748350322,1.8881
6000,888.15,0.7748143579,1.88815
6000,888.2,0.7747936938,1.8882
6000,888.25,0.7747730398,1.88825
6000,888.3,0.774752396,1.8883
6000,888.35,0.7747317624,1.88835
6000,888.4,0.7747111389,1.8884
6000,888.45,0.7746905256,1.88845
6000,888.5,0.7746699225,1.8885
6000,888.55,0.7746493295,1.88855
6000,888.6,0.7746287466,1.8886
6000,888.65,0.7746081739,1.88865
6000,888.7,0.7745876114,1.8887
6000,888.75,0.7745670589,1.88875
6000,888.8,0.7745465167,1.8888
6000,888.85,0.7745259845,1.88885
6000,888.9,0.7745054625,1.8889
6000,888.95,0.7744849506,1.88895
6000,889,0.7744644488,1.889
6000,889.05,0.7744439572,1.88905
6000,889.1,0.7744234757,1.8891
6000,889.15,0.7744030043,1.88915
6000,889.2,0.774382543,1.8892
6000,889.25,0.7743620918,1.88925
6000,889.3,0.7743416508,1.8893
6000,889.35,0.7743212198,1.88935
6000,889.4,0.7743007989,1.8894
6000,889.45,0.7742803882,1.88945
6000,889.5,0.7742599875,1.8895
6000,889.55,0.7742395969,1.88955
6000,889.6,0.7742192164,1.8896
6000,889.65,0.774198846,1.88965
6000,889.7,0.7741784857,1.8897
6000,889.75,0.7741581355,1.88975
6000,889.8,0.7741377953,1.8898
6000,889.85,0.7741174652,1.88985
6000,889.9,0.7740971452,1.8899
6000,889.95,0.7740768353,1.88995
6000,890,0.7740565354,1.89
6000,890.05,0.7740362455,1.89005
6000,890.1,0.7740159658,1.8901
6000,890.15,0.7739956961,1.89015
6000,890.2,0.7739754364,1.8902
6000,890.25,0.7739551868,1.89025
6000,890.3,0.7739349473,1.8903
6000,890.35,0.7739147178,1.89035
6000,890.4,0.7738944983,1.8904
6000,890.45,0.7738742889,1.89045
6000,890.5,0.7738540895,1.8905
6000,890.55,0.7738339001,1.89055
6000,890.6,0.7738137208,1.8906
6000,890.65,0.7737935514,1.89065
6000,890.7,0.7737733921,1.8907
6000,890.75,0.7737532429,1.89075
6000,890.8,0.7737331036,1.8908
6000,890.85,0.7737129744,1.89085
6000,890.9,0.7736928552,1.8909
6000,890.95,0.7736727459,1.89095
6000,891,0.7736526467,1.891
6000,891.05,0.7736325575,1.89105
6000,891.1,0.7736124783,1.8911
6000,891.15,0.7735924091,1.89115
6000,891.2,0.7735723498,1.8912
6000,891.25,0.7735523006,1.89125
6000,891.3,0.7735322613,1.8913
6000,891.35,0.7735122321,1.89135
6000,891.4,0.7734922128,1.8914
6000,891.45,0.7734722035,1.89145
6000,891.5,0.7734522041,1.8915
6000,891.55,0.7734322147,1.89155
6000,891.6,0.7734122353,1.8916
6000,891.65,0.7733922659,1.89165
6000,891.7,0.7733723064,1.8917
6000,891.75,0.7733523569,1.89175
6000,891.8,0.7733324173,1.8918
6000,891.85,0.7733124877,1.89185
6000,891.9,0.7732925681,1.8919
6000,891.95,0.7732726584,1.89195
6000,892,0.7732527586,1.892
6000,892.05,0.7732328688,1.89205
6000,892.1,0.7732129889,1.8921
6000,892.15,0.7731931189,1.89215
6000,892.2,0.7731732589,1.8922
6000,892.25,0.7731534088,1.89225
6000,892.3,0.7731335686,1.8923
6000,892.35,0.7731137384,1.89235
6000,892.4,0.773093918,1.8924
6000,892.45,0.7730741076,1.89245
6000,892.5,0.7730543071,1.8925
6000,892.55,0.7730345165,1.89255
6000,892.6,0.7730147358,1.8926
6000,892.65,0.7729949651,1.89265
6000,892.7,0.7729752042,1.8927
6000,892.75,0.7729554532,1.89275
6000,892.8,0.7729357121,1.8928
6000,892.85,0.7729159809,1.89285
6000,892.9,0.7728962596,1.8929
6000,892.95,0.7728765482,1.89295
6000,893,0.7728568466,1.893
6000,893.05,0.772837155,1.89305
6000,893.1,0.7728174732,1.8931
6000,893.15,0.7727978013,1.89315
6000,893.2,0.7727781392,1.8932
6000,893.25,0.7727584871,1.89325
6000,893.3,0.7727388447,1.8933
6000,893.35,0.7727192123,1.89335
6000,893.4,0.7726995897,1.8934
6000,893.45,0.772679977,1.89345
6000,893.5,0.7726603741,1.8935
6000,893.55,0.772640781,1.89355
6000,893.6,0.7726211979,1.8936
6000,893.65,0.7726016245,1.89365
6000,893.7,0.772582061,1.8937
6000,893.75,0.7725625073,1.89375
6000,893.8,0.7725429635,1.8938
6000,893.85,0.7725234295,1.89385
6000,893.9,0.7725039053,1.8939
6000,893.95,0.7724843909,1.89395
6000,894,0.7724648864,1.894
6000,894.05,0.7724453917,1.89405
6000,894.1,0.7724259068,1.8941
6000,894.15,0.7724064317,1.89415
6000,894.2,0.7723869664,1.8942
6000,894.25,0.7723675109,1.89425
6000,894.3,0.7723480652,1.8943
6000,894.35,0.7723286294,1.89435
6000,894.4,0.7723092033,1.8944
6000,894.45,0.772289787,1.89445
6000,894.5,0.7722703805,1.8945
6000,894.55,0.7722509838,1.89455
6000,894.6,0.7722315969,1.8946
6000,894.65,0.7722122197,1.89465
6000,894.7,0.7721928524,1.8947
6000,894.75,0.7721734948,1.89475
6000,894.8,0.7721541469,1.8948
6000,894.85,0.7721348089,1.89485
6000,894.9,0.7721154806,1.8949
6000,894.95,0.7720961621,1.89495
6000,895,0.7720768533,1.895
6000,895.05,0.7720575543,1.89505
6000,895.1,0.7720382651,1.8951
6000,895.15,0.7720189856,1.89515
6000,895.2,0.7719997158,1.8952
6000,895.25,0.7719804558,1.89525
6000,895.3,0.7719612055,1.8953
6000,895.35,0.771941965,1.89535
6000,895.4,0.7719227342,1.8954
6000,895.45,0.7719035132,1.89545
6000,895.5,0.7718843018,1.8955
6000,895.55,0.7718651002,1.89555
6000,895.6,0.7718459083,1.8956
6000,895.65,0.7718267262,1.89565
6000,895.7,0.7718075537,1.8957
6000,895.75,0.771788391,1.89575
6000,895.8,0.7717692379,1.8958
6000,895.85,0.7717500946,1.89585
6000,895.9,0.771730961,1.8959
6000,895.95,0.7717118371,1.89595
6000,896,0.7716927229,1.896
6000,896.05,0.7716736184,1.89605
6000,896.1,0.7716545235,1.8961
6000,896.15,0.7716354384,1.89615
6000,896.2,0.7716163629,1.8962
6000,896.25,0.7715972972,1.89625
6000,896.3,0.7715782411,1.8963
6000,896.35,0.7715591947,1.89635
6000,896.4,0.7715401579,1.8964
6000,896.45,0.7715211308,1.89645
6000,896.5,0.7715021134,1.8965
6000,896.55,0.7714831057,1.89655
6000,896.6,0.7714641076,1.8966
6000,896.65,0.7714451192,1.89665
6000,896.7,0.7714261404,1.8967
6000,896.75,0.7714071713,1.89675
6000,896.8,0.7713882118,1.8968
6000,896.85,0.771369262,1.89685
6000,896.9,0.7713503218,1.8969
6000,896.95,0.7713313913,1.89695
6000,897,0.7713124704,1.897
6000,897.05,0.7712935591,1.89705
6000,897.1,0.7712746575,1.8971
6000,897.15,0.7712557655,1.89715
6000,897.2,0.7712368831,1.8972
6000,897.25,0.7712180103,1.89725
6000,897.3,0.7711991471,1.8973
6000,897.35,0.7711802936,1.89735
6000,897.4,0.7711614497,1.8974
6000,897.45,0.7711426154,1.89745
6000,897.5,0.7711237906,1.8975
6000,897.55,0.7711049755,1.89755
6000,897.6,0.77108617,1.8976
6000,897.65,0.7710673741,1.89765
6000,897.7,0.7710485878,1.8977
6000,897.75,0.7710298111,1.89775
6000,897.8,0.7710110439,1.8978
6000,897.85,0.7709922863,1.89785
6000,897.9,0.7709735384,1.8979
6000,897.95,0.7709548,1.89795
6000,898,0.7709360711,1.898
6000,898.05,0.7709173519,1.89805
6000,898.1,0.7708986422,1.8981
6000,898.15,0.7708799421,1.89815
6000,898.2,0.7708612515,1.8982
6000,898.25,0.7708425705,1.89825
6000,898.3,0.770823899,1.8983
6000,898.35,0.7708052371,1.89835
6000,898.4,0.7707865848,1.8984
6000,898.45,0.770767942,1.89845
6000,898.5,0.7707493087,1.8985
6000,898.55,0.770730685,1.89855
6000,898.6,0.7707120708,1.8986
6000,898.65,0.7706934662,1.89865
6000,898.7,0.7706748711,1.8987
6000,898.75,0.7706562855,1.89875
6000,898.8,0.7706377094,1.8988
6000,898.85,0.7706191429,1.89885
6000,898.9,0.7706005859,1.8989
6000,898.95,0.7705820383,1.89895
6000,899,0.7705635004,1.899
6000,899.05,0.7705449719,1.89905
6000,899.1,0.7705264529,1.8991
6000,899.15,0.7705079434,1.89915
6000,899.2,0.7704894434,1.8992
6000,899.25,0.770470953,1.89925
6000,899.3,0.770452472,1.8993
6000,899.35,0.7704340005,1.89935
6000,899.4,0.7704155385,1.8994
6000,899.45,0.7703970859,1.89945
6000,899.5,0.7703786429,1.8995
6000,899.55,0.7703602093,1.89955
6000,899.6,0.7703417852,1.8996
6000,899.65,0.7703233706,1.89965
6000,899.7,0.7703049655,1.8997
6000,899.75,0.7702865698,1.89975
6000,899.8,0.7702681836,1.8998
6000,899.85,0.7702498068,1.89985
6000,899.9,0.7702314395,1.8999
6000,899.95,0.7702130816,1.89995
6000,900,0.7701947332,1.9
6000,900.05,0.7701763943,1.90005
6000,900.1,0.7701580648,1.9001
6000,900.15,0.7701397447,1.90015
6000,900.2,0.7701214341,1.9002
6000,900.25,0.7701031329,1.90025
6000,900.3,0.7700848411,1.9003
6000,900.35,0.7700665588,1.90035
6000,900.4,0.7700482858,1.9004
6000,900.45,0.7700300224,1.90045
6000,900.5,0.7700117683,1.9005
6000,900.55,0.7699935236,1.90055
6000,900.6,0.7699752884,1.9006
6000,900.65,0.7699570625,1.90065
6000,900.7,0.7699388461,1.9007
6000,900.75,0.7699206391,1.90075
6000,900.8,0.7699024415,1.9008
6000,900.85,0.7698842532,1.90085
6000,900.9,0.7698660744,1.9009
6000,900.95,0.769847905,1.90095
6000,901,0.7698297449,1.901
6000,901.05,0.7698115942,1.90105
6000,901.1,0.769793453,1.9011
6000,901.15,0.769775321,1.90115
6000,901.2,0.7697571985,1.9012
6000,901.25,0.7697390854,1.90125
6000,901.3,0.7697209816,1.9013
6000,901.35,0.7697028871,1.90135
6000,901.4,0.7696848021,1.9014
6000,901.45,0.7696667264,1.90145
6000,901.5,0.76964866,1.9015
6000,901.55,0.769630603,1.90155
6000,901.6,0.7696125554,1.9016
6000,901.65,0.7695945171,1.90165
6000,901.7,0.7695764881,1.9017
6000,901.75,0.7695584685,1.90175
6000,901.8,0.7695404582,1.9018
6000,901.85,0.7695224573,1.90185
6000,901.9,0.7695044657,1.9019
6000,901.95,0.7694864834,1.90195
6000,902,0.7694685105,1.902
6000,902.05,0.7694505468,1.90205
6000,902.1,0.7694325925,1.9021
6000,902.15,0.7694146475,1.90215
6000,902.2,0.7693967119,1.9022
6000,902.25,0.7693787855,1.90225
6000,902.3,0.7693608684,1.9023
6000,902.35,0.7693429607,1.90235
6000,902.4,0.7693250622,1.9024
6000,902.45,0.769307173,1.90245
6000,902.5,0.7692892932,1.9025
6000,902.55,0.7692714226,1.90255
6000,902.6,0.7692535613,1.9026
6000,902.65,0.7692357093,1.90265
6000,902.7,0.7692178666,1.9027
6000,902.75,0.7692000331,1.90275
6000,902.8,0.769182209,1.9028
6000,902.85,0.7691643941,1.90285
6000,902.9,0.7691465884,1.9029
6000,902.95,0.7691287921,1.90295
6000,903,0.769111005,1.903
6000,903.05,0.7690932271,1.90305
6000,903.1,0.7690754585,1.9031
6000,903.15,0.7690576992,1.90315
6000,903.2,0.7690399491,1.9032
6000,903.25,0.7690222083,1.90325
6000,903.3,0.7690044767,1.9033
6000,903.35,0.7689867544,1.90335
6000,903.4,0.7689690413,1.9034
6000,903.45,0.7689513374,1.90345
6000,903.5,0.7689336428,1.9035
6000,903.55,0.7689159573,1.90355
6000,903.6,0.7688982812,1.9036
6000,903.65,0.7688806142,1.90365
6000,903.7,0.7688629565,1.9037
6000,903.75,0.7688453079,1.90375
6000,903.8,0.7688276686,1.9038
6000,903.85,0.7688100385,1.90385
6000,903.9,0.7687924176,1.9039
6000,903.95,0.7687748059,1.90395
6000,904,0.7687572034,1.904
6000,904.05,0.7687396101,1.90405
6000,904.1,0.768722026,1.9041
6000,904.15,0.7687044511,1.90415
6000,904.2,0.7686868854,1.9042
6000,904.25,0.7686693288,1.90425
6000,904.3,0.7686517815,1.9043
6000,904.35,0.7686342433,1.90435
6000,904.4,0.7686167143,1.9044
6000,904.45,0.7685991945,1.90445
6000,904.5,0.7685816838,1.9045
6000,904.55,0.7685641823,1.90455
6000,904.6,0.76854669,1.9046
6000,904.65,0.7685292068,1.90465
6000,904.7,0.7685117328,1.9047
6000,904.75,0.7684942679,1.90475
6000,904.8,0.7684768122,1.9048
6000,904.85,0.7684593656,1.90485
6000,904.9,0.7684419282,1.9049
6000,904.95,0.7684244999,1.90495
6000,905,0.7684070808,1.905
6000,905.05,0.7683896708,1.90505
6000,905.1,0.7683722699,1.9051
6000,905.15,0.7683548781,1.90515
6000,905.2,0.7683374955,1.9052
6000,905.25,0.768320122,1.90525
6000,905.3,0.7683027576,1.9053
6000,905.35,0.7682854024,1.90535
6000,905.4,0.7682680562,1.9054
6000,905.45,0.7682507192,1.90545
6000,905.5,0.7682333912,1.9055
6000,905.55,0.7682160724,1.90555
6000,905.6,0.7681987627,1.9056
6000,905.65,0.768181462,1.90565
6000,905.7,0.7681641705,1.9057
6000,905.75,0.768146888,1.90575
6000,905.8,0.7681296147,1.9058
6000,905.85,0.7681123504,1.90585
6000,905.9,0.7680950952,1.9059
6000,905.95,0.7680778491,1.90595
6000,906,0.768060612,1.906
6000,906.05,0.7680433841,1.90605
6000,906.1,0.7680261651,1.9061
6000,906.15,0.7680089553,1.90615
6000,906.2,0.7679917545,1.9062
6000,906.25,0.7679745628,1.90625
6000,906.3,0.7679573802,1.9063
6000,906.35,0.7679402065,1.90635
6000,906.4,0.767923042,1.9064
6000,906.45,0.7679058865,1.90645
6000,906.5,0.76788874,1.9065
6000,906.55,0.7678716026,1.90655
6000,906.6,0.7678544742,1.9066
6000,906.65,0.7678373548,1.90665
6000,906.7,0.7678202445,1.9067
6000,906.75,0.7678031432,1.90675
6000,906.8,0.767786051,1.9068
6000,906.85,0.7677689677,1.90685
6000,906.9,0.7677518935,1.9069
6000,906.95,0.7677348283,1.90695
6000,907,0.7677177721,1.907
6000,907.05,0.7677007249,1.90705
6000,907.1,0.7676836867,1.9071
6000,907.15,0.7676666575,1.90715
6000,907.2,0.7676496373,1.9072
6000,907.25,0.7676326261,1.90725
6000,907.3,0.7676156239,1.9073
6000,907.35,0.7675986307,1.90735
6000,907.4,0.7675816465,1.9074
6000,907.45,0.7675646713,1.90745
6000,907.5,0.7675477051,1.9075
6000,907.55,0.7675307478,1.90755
6000,907.6,0.7675137995,1.9076
6000,907.65,0.7674968602,1.90765
6000,907.7,0.7674799298,1.9077
6000,907.75,0.7674630084,1.90775
6000,907.8,0.767446096,1.9078
6000,907.85,0.7674291925,1.90785
6000,907.9,0.767412298,1.9079
6000,907.95,0.7673954124,1.90795
6000,908,0.7673785358,1.908
6000,908.05,0.7673616682,1.90805
6000,908.1,0.7673448094,1.9081
6000,908.15,0.7673279596,1.90815
6000,908.2,0.7673111188,1.9082
6000,908.25,0.7672942869,1.90825
6000,908.3,0.7672774639,1.9083
6000,908.35,0.7672606499,1.90835
6000,908.4,0.7672438447,1.9084
6000,908.45,0.7672270485,1.90845
6000,908.5,0.7672102612,1.9085
6000,908.55,0.7671934829,1.90855
6000,908.6,0.7671767134,1.9086
6000,908.65,0.7671599528,1.90865
6000,908.7,0.7671432012,1.9087
6000,908.75,0.7671264585,1.90875
6000,908.8,0.7671097246,1.9088
6000,908.85,0.7670929997,1.90885
6000,908.9,0.7670762836,1.9089
6000,908.95,0.7670595764,1.90895
6000,909,0.7670428782,1.909
6000,909.05,0.7670261888,1.90905
6000,909.1,0.7670095082,1.9091
6000,909.15,0.7669928366,1.90915
6000,909.2,0.7669761738,1.9092
6000,909.25,0.7669595199,1.90925
6000,909.3,0.7669428749,1.9093
6000,909.35,0.7669262388,1.90935
6000,909.4,0.7669096115,1.9094
6000,909.45,0.766892993,1.90945
6000,909.5,0.7668763834,1.9095
6000,909.55,0.7668597827,1.90955
6000,909.6,0.7668431908,1.9096
6000,909.65,0.7668266078,1.90965
6000,909.7,0.7668100336,1.9097
6000,909.75,0.7667934682,1.90975
6000,909.8,0.7667769117,1.9098
6000,909.85,0.766760364,1.90985
6000,909.9,0.7667438252,1.9099
6000,909.95,0.7667272951,1.90995
6000,910,0.7667107739,1.91
6000,910.05,0.7666942616,1.91005
6000,910.1,0.766677758,1.9101
6000,910.15,0.7666612632,1.91015
6000,910.2,0.7666447773,1.9102
6000,910.25,0.7666283002,1.91025
6000,910.3,0.7666118318,1.9103
6000,910.35,0.7665953723,1.91035
6000,910.4,0.7665789216,1.9104
6000,910.45,0.7665624797,1.91045
6000,910.5,0.7665460465,1.9105
6000,910.55,0.7665296222,1.91055
6000,910.6,0.7665132066,1.9106
6000,910.65,0.7664967998,1.91065
6000,910.7,0.7664804018,1.9107
6000,910.75,0.7664640126,1.91075
6000,910.8,0.7664476322,1.9108
6000,910.85,0.7664312605,1.91085
6000,910.9,0.7664148976,1.9109
6000,910.95,0.7663985434,1.91095
6000,911,0.766382198,1.911
6000,911.05,0.7663658614,1.91105
6000,911.1,0.7663495335,1.9111
6000,911.15,0.7663332144,1.91115
6000,911.2,0.766316904,1.9112
6000,911.25,0.7663006024,1.91125
6000,911.3,0.7662843095,1.9113
6000,911.35,0.7662680254,1.91135
6000,911.4,0.76625175,1.9114
6000,911.45,0.7662354833,1.91145
6000,911.5,0.7662192253,1.9115
6000,911.55,0.7662029761,1.91155
6000,911.6,0.7661867356,1.9116
6000,911.65,0.7661705038,1.91165
6000,911.7,0.7661542808,1.9117
6000,911.75,0.7661380664,1.91175
6000,911.8,0.7661218608,1.9118
6000,911.85,0.7661056639,1.91185
6000,911.9,0.7660894756,1.9119
6000,911.95,0.7660732961,1.91195
6000,912,0.7660571253,1.912
6000,912.05,0.7660409632,1.91205
6000,912.1,0.7660248097,1.9121
6000,912.15,0.766008665,1.91215
6000,912.2,0.7659925289,1.9122
6000,912.25,0.7659764015,1.91225
6000,912.3,0.7659602828,1.9123
6000,912.35,0.7659441728,1.91235
6000,912.4,0.7659280714,1.9124
6000,912.45,0.7659119788,1.91245
6000,912.5,0.7658958947,1.9125
6000,912.55,0.7658798194,1.91255
6000,912.6,0.7658637527,1.9126
6000,912.65,0.7658476947,1.91265
6000,912.7,0.7658316453,1.9127
6000,912.75,0.7658156045,1.91275
6000,912.8,0.7657995725,1.9128
6000,912.85,0.765783549,1.91285
6000,912.9,0.7657675342,1.9129
6000,912.95,0.7657515281,1.91295
6000,913,0.7657355305,1.913
6000,913.05,0.7657195417,1.91305
6000,913.1,0.7657035614,1.9131
6000,913.15,0.7656875898,1.91315
6000,913.2,0.7656716267,1.9132
6000,913.25,0.7656556723,1.91325
6000,913.3,0.7656397266,1.9133
6000,913.35,0.7656237894,1.91335
6000,913.4,0.7656078608,1.9134
6000,913.45,0.7655919409,1.91345
6000,913.5,0.7655760296,1.9135
6000,913.55,0.7655601268,1.91355
6000,913.6,0.7655442327,1.9136
6000,913.65,0.7655283471,1.91365
6000,913.7,0.7655124702,1.9137
6000,913.75,0.7654966018,1.91375
6000,913.8,0.765480742,1.9138
6000,913.85,0.7654648908,1.91385
6000,913.9,0.7654490482,1.9139
6000,913.95,0.7654332141,1.91395
6000,914,0.7654173886,1.914
6000,914.05,0.7654015717,1.91405
6000,914.1,0.7653857634,1.9141
6000,914.15,0.7653699636,1.91415
6000,914.2,0.7653541724,1.9142
6000,914.25,0.7653383897,1.91425
6000,914.3,0.7653226156,1.9143
6000,914.35,0.76530685,1.91435
6000,914.4,0.765291093,1.9144
6000,914.45,0.7652753445,1.91445
6000,914.5,0.7652596046,1.9145
6000,914.55,0.7652438732,1.91455
6000,914.6,0.7652281504,1.9146
6000,914.65,0.765212436,1.91465
6000,914.7,0.7651967302,1.9147
6000,914.75,0.765181033,1.91475
6000,914.8,0.7651653442,1.9148
6000,914.85,0.765149664,1.91485
6000,914.9,0.7651339923,1.9149
6000,914.95,0.7651183291,1.91495
6000,915,0.7651026744,1.915
6000,915.05,0.7650870282,1.91505
6000,915.1,0.7650713905,1.9151
6000,915.15,0.7650557613,1.91515
6000,915.2,0.7650401406,1.9152
6000,915.25,0.7650245285,1.91525
6000,915.3,0.7650089247,1.9153
6000,915.35,0.7649933295,1.91535
6000,915.4,0.7649777428,1.9154
6000,915.45,0.7649621646,1.91545
6000,915.5,0.7649465948,1.9155
6000,915.55,0.7649310335,1.91555
6000,915.6,0.7649154807,1.9156
6000,915.65,0.7648999363,1.91565
6000,915.7,0.7648844004,1.9157
6000,915.75,0.764868873,1.91575
6000,915.8,0.764853354,1.9158
6000,915.85,0.7648378435,1.91585
6000,915.9,0.7648223414,1.9159
6000,915.95,0.7648068478,1.91595
6000,916,0.7647913627,1.916
6000,916.05,0.7647758859,1.91605
6000,916.1,0.7647604177,1.9161
6000,916.15,0.7647449578,1.91615
6000,916.2,0.7647295064,1.9162
6000,916.25,0.7647140634,1.91625
6000,916.3,0.7646986289,1.9163
6000,916.35,0.7646832028,1.91635
6000,916.4,0.764667785,1.9164
6000,916.45,0.7646523758,1.91645
6000,916.5,0.7646369749,1.9165
6000,916.55,0.7646215824,1.91655
6000,916.6,0.7646061984,1.9166
6000,916.65,0.7645908227,1.91665
6000,916.7,0.7645754555,1.9167
6000,916.75,0.7645600966,1.91675
6000,916.8,0.7645447462,1.9168
6000,916.85,0.7645294041,1.91685
6000,916.9,0.7645140705,1.9169
6000,916.95,0.7644987452,1.91695
6000,917,0.7644834283,1.917
6000,917.05,0.7644681198,1.91705
6000,917.1,0.7644528197,1.9171
6000,917.15,0.7644375279,1.91715
6000,917.2,0.7644222445,1.9172
6000,917.25,0.7644069695,1.91725
6000,917.3,0.7643917028,1.9173
6000,917.35,0.7643764445,1.91735
6000,917.4,0.7643611946,1.9174
6000,917.45,0.764345953,1.91745
6000,917.5,0.7643307198,1.9175
6000,917.55,0.7643154949,1.91755
6000,917.6,0.7643002784,1.9176
6000,917.65,0.7642850702,1.91765
6000,917.7,0.7642698703,1.9177
6000,917.75,0.7642546788,1.91775
6000,917.8,0.7642394956,1.9178
6000,917.85,0.7642243208,1.91785
6000,917.9,0.7642091543,1.9179
6000,917.95,0.7641939961,1.91795
6000,918,0.7641788462,1.918
6000,918.05,0.7641637046,1.91805
6000,918.1,0.7641485714,1.9181
6000,918.15,0.7641334465,1.91815
6000,918.2,0.7641183298,1.9182
6000,918.25,0.7641032215,1.91825
6000,918.3,0.7640881215,1.9183
6000,918.35,0.7640730298,1.91835
6000,918.4,0.7640579463,1.9184
6000,918.45,0.7640428712,1.91845
6000,918.5,0.7640278044,1.9185
6000,918.55,0.7640127458,1.91855
6000,918.6,0.7639976955,1.9186
6000,918.65,0.7639826535,1.91865
6000,918.7,0.7639676198,1.9187
6000,918.75,0.7639525944,1.91875
6000,918.8,0.7639375772,1.9188
6000,918.85,0.7639225683,1.91885
6000,918.9,0.7639075677,1.9189
6000,918.95,0.7638925753,1.91895
6000,919,0.7638775912,1.919
6000,919.05,0.7638626153,1.91905
6000,919.1,0.7638476477,1.9191
6000,919.15,0.7638326883,1.91915
6000,919.2,0.7638177372,1.9192
6000,919.25,0.7638027943,1.91925
6000,919.3,0.7637878597,1.9193
6000,919.35,0.7637729333,1.91935
6000,919.4,0.7637580151,1.9194
6000,919.45,0.7637431052,1.91945
6000,919.5,0.7637282035,1.9195
6000,919.55,0.76371331,1.91955
6000,919.6,0.7636984247,1.9196
6000,919.65,0.7636835477,1.91965
6000,919.7,0.7636686789,1.9197
6000,919.75,0.7636538182,1.91975
6000,919.8,0.7636389658,1.9198
6000,919.85,0.7636241216,1.91985
6000,919.9,0.7636092856,1.9199
6000,919.95,0.7635944578,1.91995
6000,920,0.7635796382,1.92
6000,920.05,0.7635648268,1.92005
6000,920.1,0.7635500235,1.9201
6000,920.15,0.7635352285,1.92015
6000,920.2,0.7635204416,1.9202
6000,920.25,0.7635056629,1.92025
6000,920.3,0.7634908924,1.9203
6000,920.35,0.7634761301,1.92035
6000,920.4,0.7634613759,1.9204
6000,920.45,0.7634466299,1.92045
6000,920.5,0.7634318921,1.9205
6000,920.55,0.7634171624,1.92055
6000,920.6,0.7634024409,1.9206
6000,920.65,0.7633877275,1.92065
6000,920.7,0.7633730223,1.9207
6000,920.75,0.7633583253,1.92075
6000,920.8,0.7633436363,1.9208
6000,920.85,0.7633289556,1.92085
6000,920.9,0.7633142829,1.9209
6000,920.95,0.7632996184,1.92095
6000,921,0.7632849621,1.921
6000,921.05,0.7632703138,1.92105
6000,921.1,0.7632556737,1.9211
6000,921.15,0.7632410417,1.92115
6000,921.2,0.7632264179,1.9212
6000,921.25,0.7632118021,1.92125
6000,921.3,0.7631971945,1.9213
6000,921.35,0.763182595,1.92135
6000,921.4,0.7631680036,1.9214
6000,921.45,0.7631534202,1.92145
6000,921.5,0.763138845,1.9215
6000,921.55,0.7631242779,1.92155
6000,921.6,0.7631097189,1.9216
6000,921.65,0.763095168,1.92165
6000,921.7,0.7630806251,1.9217
6000,921.75,0.7630660904,1.92175
6000,921.8,0.7630515637,1.9218
6000,921.85,0.7630370451,1.92185
6000,921.9,0.7630225346,1.9219
6000,921.95,0.7630080322,1.92195
6000,922,0.7629935378,1.922
6000,922.05,0.7629790515,1.92205
6000,922.1,0.7629645733,1.9221
6000,922.15,0.7629501031,1.92215
6000,922.2,0.762935641,1.9222
6000,922.25,0.7629211869,1.92225
6000,922.3,0.7629067409,1.9223
6000,922.35,0.762892303,1.92235
6000,922.4,0.762877873,1.9224
6000,922.45,0.7628634512,1.92245
6000,922.5,0.7628490373,1.9225
6000,922.55,0.7628346315,1.92255
6000,922.6,0.7628202337,1.9226
6000,922.65,0.762805844,1.92265
6000,922.7,0.7627914623,1.9227
6000,922.75,0.7627770886,1.92275
6000,922.8,0.7627627229,1.9228
6000,922.85,0.7627483653,1.92285
6000,922.9,0.7627340156,1.9229
6000,922.95,0.762719674,1.92295
6000,923,0.7627053404,1.923
6000,923.05,0.7626910148,1.92305
6000,923.1,0.7626766972,1.9231
6000,923.15,0.7626623875,1.92315
6000,923.2,0.7626480859,1.9232
6000,923.25,0.7626337923,1.92325
6000,923.3,0.7626195066,1.9233
6000,923.35,0.762605229,1.92335
6000,923.4,0.7625909593,1.9234
6000,923.45,0.7625766976,1.92345
6000,923.5,0.7625624439,1.9235
6000,923.55,0.7625481982,1.92355
6000,923.6,0.7625339604,1.9236
6000,923.65,0.7625197306,1.92365
6000,923.7,0.7625055087,1.9237
6000,923.75,0.7624912948,1.92375
6000,923.8,0.7624770889,1.9238
6000,923.85,0.7624628909,1.92385
6000,923.9,0.7624487009,1.9239
6000,923.95,0.7624345189,1.92395
6000,924,0.7624203447,1.924
6000,924.05,0.7624061786,1.92405
6000,924.1,0.7623920203,1.9241
6000,924.15,0.76237787,1.92415
6000,924.2,0.7623637276,1.9242
6000,924.25,0.7623495932,1.92425
6000,924.3,0.7623354667,1.9243
6000,924.35,0.7623213481,1.92435
6000,924.4,0.7623072374,1.9244
6000,924.45,0.7622931346,1.92445
6000,924.5,0.7622790398,1.9245
6000,924.55,0.7622649528,1.92455
6000,924.6,0.7622508738,1.9246
6000,924.65,0.7622368027,1.92465
6000,924.7,0.7622227395,1.9247
6000,924.75,0.7622086841,1.92475
6000,924.8,0.7621946367,1.9248
6000,924.85,0.7621805972,1.92485
6000,924.9,0.7621665655,1.9249
6000,924.95,0.7621525418,1.92495
6000,925,0.7621385259,1.925
6000,925.05,0.7621245179,1.92505
6000,925.1,0.7621105178,1.9251
6000,925.15,0.7620965255,1.92515
6000,925.2,0.7620825412,1.9252
6000,925.25,0.7620685646,1.92525
6000,925.3,0.762054596,1.9253
6000,925.35,0.7620406352,1.92535
6000,925.4,0.7620266823,1.9254
6000,925.45,0.7620127372,1.92545
6000,925.5,0.7619988,1.9255
6000,925.55,0.7619848706,1.92555
6000,925.6,0.7619709491,1.9256
6000,925.65,0.7619570354,1.92565
6000,925.7,0.7619431296,1.9257
6000,925.75,0.7619292315,1.92575
6000,925.8,0.7619153414,1.9258
6000,925.85,0.761901459,1.92585
6000,925.9,0.7618875845,1.9259
6000,925.95,0.7618737178,1.92595
6000,926,0.7618598589,1.926
6000,926.05,0.7618460079,1.92605
6000,926.1,0.7618321646,1.9261
6000,926.15,0.7618183292,1.92615
6000,926.2,0.7618045016,1.9262
6000,926.25,0.7617906817,1.92625
6000,926.3,0.7617768697,1.9263
6000,926.35,0.7617630655,1.92635
6000,926.4,0.7617492691,1.9264
6000,926.45,0.7617354804,1.92645
6000,926.5,0.7617216996,1.9265
6000,926.55,0.7617079265,1.92655
6000,926.6,0.7616941613,1.9266
6000,926.65,0.7616804038,1.92665
6000,926.7,0.7616666541,1.9267
6000,926.75,0.7616529121,1.92675
6000,926.8,0.7616391779,1.9268
6000,926.85,0.7616254515,1.92685
6000,926.9,0.7616117329,1.9269
6000,926.95,0.761598022,1.92695
6000,927,0.7615843189,1.927
6000,927.05,0.7615706235,1.92705
6000,927.1,0.7615569359,1.9271
6000,927.15,0.7615432561,1.92715
6000,927.2,0.7615295839,1.9272
6000,927.25,0.7615159196,1.92725
6000,927.3,0.7615022629,1.9273
6000,927.35,0.761488614,1.92735
6000,927.4,0.7614749729,1.9274
6000,927.45,0.7614613394,1.92745
6000,927.5,0.7614477137,1.9275
6000,927.55,0.7614340957,1.92755
6000,927.6,0.7614204855,1.9276
6000,927.65,0.7614068829,1.92765
6000,927.7,0.7613932881,1.9277
6000,927.75,0.761379701,1.92775
6000,927.8,0.7613661216,1.9278
6000,927.85,0.7613525499,1.92785
6000,927.9,0.7613389859,1.9279
6000,927.95,0.7613254296,1.92795
6000,928,0.761311881,1.928
6000,928.05,0.7612983401,1.92805
6000,928.1,0.7612848068,1.9281
6000,928.15,0.7612712813,1.92815
6000,928.2,0.7612577634,1.9282
6000,928.25,0.7612442533,1.92825
6000,928.3,0.7612307508,1.9283
6000,928.35,0.761217256,1.92835
6000,928.4,0.7612037688,1.9284
6000,928.45,0.7611902893,1.92845
6000,928.5,0.7611768175,1.9285
6000,928.55,0.7611633534,1.92855
6000,928.6,0.7611498969,1.9286
6000,928.65,0.761136448,1.92865
6000,928.7,0.7611230068,1.9287
6000,928.75,0.7611095733,1.92875
6000,928.8,0.7610961474,1.9288
6000,928.85,0.7610827292,1.92885
6000,928.9,0.7610693186,1.9289
6000,928.95,0.7610559156,1.92895
6000,929,0.7610425203,1.929
6000,929.05,0.7610291326,1.92905
6000,929.1,0.7610157525,1.9291
6000,929.15,0.7610023801,1.92915
6000,929.2,0.7609890152,1.9292
6000,929.25,0.760975658,1.92925
6000,929.3,0.7609623084,1.9293
6000,929.35,0.7609489665,1.92935
6000,929.4,0.7609356321,1.9294
6000,929.45,0.7609223053,1.92945
6000,929.5,0.7609089862,1.9295
6000,929.55,0.7608956746,1.92955
6000,929.6,0.7608823706,1.9296
6000,929.65,0.7608690743,1.92965
6000,929.7,0.7608557855,1.9297
6000,929.75,0.7608425043,1.92975
6000,929.8,0.7608292307,1.9298
6000,929.85,0.7608159647,1.92985
6000,929.9,0.7608027062,1.9299
6000,929.95,0.7607894554,1.92995
6000,930,0.7607762121,1.93
6000,930.05,0.7607629763,1.93005
6000,930.1,0.7607497482,1.9301
6000,930.15,0.7607365276,1.93015
6000,930.2,0.7607233145,1.9302
6000,930.25,0.7607101091,1.93025
6000,930.3,0.7606969111,1.9303
6000,930.35,0.7606837207,1.93035
6000,930.4,0.7606705379,1.9304
6000,930.45,0.7606573626,1.93045
6000,930.5,0.7606441949,1.9305
6000,930.55,0.7606310347,1.93055
6000,930.6,0.760617882,1.9306
6000,930.65,0.7606047369,1.93065
6000,930.7,0.7605915993,1.9307
6000,930.75,0.7605784692,1.93075
6000,930.8,0.7605653466,1.9308
6000,930.85,0.7605522316,1.93085
6000,930.9,0.7605391241,1.9309
6000,930.95,0.7605260241,1.93095
6000,931,0.7605129316,1.931
6000,931.05,0.7604998466,1.93105
6000,931.1,0.7604867691,1.9311
6000,931.15,0.7604736991,1.93115
6000,931.2,0.7604606366,1.9312
6000,931.25,0.7604475816,1.93125
6000,931.3,0.7604345341,1.9313
6000,931.35,0.7604214941,1.93135
6000,931.4,0.7604084616,1.9314
6000,931.45,0.7603954366,1.93145
6000,931.5,0.760382419,1.9315
6000,931.55,0.7603694089,1.93155
6000,931.6,0.7603564063,1.9316
6000,931.65,0.7603434112,1.93165
6000,931.7,0.7603304235,1.9317
6000,931.75,0.7603174433,1.93175
6000,931.8,0.7603044705,1.9318
6000,931.85,0.7602915053,1.93185
6000,931.9,0.7602785474,1.9319
6000,931.95,0.760265597,1.93195
6000,932,0.7602526541,1.932
6000,932.05,0.7602397186,1.93205
6000,932.1,0.7602267906,1.9321
6000,932.15,0.76021387,1.93215
6000,932.2,0.7602009568,1.9322
6000,932.25,0.7601880511,1.93225
6000,932.3,0.7601751528,1.9323
6000,932.35,0.7601622619,1.93235
6000,932.4,0.7601493785,1.9324
6000,932.45,0.7601365024,1.93245
6000,932.5,0.7601236338,1.9325
6000,932.55,0.7601107726,1.93255
6000,932.6,0.7600979188,1.9326
6000,932.65,0.7600850725,1.93265
6000,932.7,0.7600722335,1.9327
6000,932.75,0.7600594019,1.93275
6000,932.8,0.7600465778,1.9328
6000,932.85,0.760033761,1.93285
6000,932.9,0.7600209516,1.9329
6000,932.95,0.7600081496,1.93295
6000,933,0.759995355,1.933
6000,933.05,0.7599825678,1.93305
6000,933.1,0.759969788,1.9331
6000,933.15,0.7599570156,1.93315
6000,933.2,0.7599442505,1.9332
6000,933.25,0.7599314928,1.93325
6000,933.3,0.7599187424,1.9333
6000,933.35,0.7599059995,1.93335
6000,933.4,0.7598932639,1.9334
6000,933.45,0.7598805356,1.93345
6000,933.5,0.7598678147,1.9335
6000,933.55,0.7598551012,1.93355
6000,933.6,0.759842395,1.9336
6000,933.65,0.7598296962,1.93365
6000,933.7,0.7598170047,1.9337
6000,933.75,0.7598043205,1.93375
6000,933.8,0.7597916437,1.9338
6000,933.85,0.7597789743,1.93385
6000,933.9,0.7597663121,1.9339
6000,933.95,0.7597536573,1.93395
6000,934,0.7597410098,1.934
6000,934.05,0.7597283696,1.93405
6000,934.1,0.7597157368,1.9341
6000,934.15,0.7597031113,1.93415
6000,934.2,0.7596904931,1.9342
6000,934.25,0.7596778822,1.93425
6000,934.3,0.7596652786,1.9343
6000,934.35,0.7596526823,1.93435
6000,934.4,0.7596400933,1.9344
6000,934.45,0.7596275116,1.93445
6000,934.5,0.7596149372,1.9345
6000,934.55,0.7596023701,1.93455
6000,934.6,0.7595898103,1.9346
6000,934.65,0.7595772578,1.93465
6000,934.7,0.7595647125,1.9347
6000,934.75,0.7595521746,1.93475
6000,934.8,0.7595396439,1.9348
6000,934.85,0.7595271205,1.93485
6000,934.9,0.7595146043,1.9349
6000,934.95,0.7595020955,1.93495
6000,935,0.7594895939,1.935
6000,935.05,0.7594770995,1.93505
6000,935.1,0.7594646124,1.9351
6000,935.15,0.7594521326,1.93515
6000,935.2,0.75943966,1.9352
6000,935.25,0.7594271947,1.93525
6000,935.3,0.7594147366,1.9353
6000,935.35,0.7594022858,1.93535
6000,935.4,0.7593898422,1.9354
6000,935.45,0.7593774058,1.93545
6000,935.5,0.7593649767,1.9355
6000,935.55,0.7593525548,1.93555
6000,935.6,0.7593401402,1.9356
6000,935.65,0.7593277327,1.93565
6000,935.7,0.7593153325,1.9357
6000,935.75,0.7593029395,1.93575
6000,935.8,0.7592905537,1.9358
6000,935.85,0.7592781752,1.93585
6000,935.9,0.7592658038,1.9359
6000,935.95,0.7592534397,1.93595
6000,936,0.7592410827,1.936
6000,936.05,0.759228733,1.93605
6000,936.1,0.7592163904,1.9361
6000,936.15,0.7592040551,1.93615
6000,936.2,0.7591917269,1.9362
6000,936.25,0.759179406,1.93625
6000,936.3,0.7591670922,1.9363
6000,936.35,0.7591547856,1.93635
6000,936.4,0.7591424861,1.9364
6000,936.45,0.7591301939,1.93645
6000,936.5,0.7591179088,1.9365
6000,936.55,0.7591056309,1.93655
6000,936.6,0.7590933602,1.9366
6000,936.65,0.7590810966,1.93665
6000,936.7,0.7590688402,1.9367
6000,936.75,0.759056591,1.93675
6000,936.8,0.7590443489,1.9368
6000,936.85,0.7590321139,1.93685
6000,936.9,0.7590198862,1.9369
6000,936.95,0.7590076655,1.93695
6000,937,0.758995452,1.937
6000,937.05,0.7589832456,1.93705
6000,937.1,0.7589710464,1.9371
6000,937.15,0.7589588543,1.93715
6000,937.2,0.7589466694,1.9372
6000,937.25,0.7589344915,1.93725
6000,937.3,0.7589223208,1.9373
6000,937.35,0.7589101572,1.93735
6000,937.4,0.7588980008,1.9374
6000,937.45,0.7588858514,1.93745
6000,937.5,0.7588737092,1.9375
6000,937.55,0.7588615741,1.93755
6000,937.6,0.758849446,1.9376
6000,937.65,0.7588373251,1.93765
6000,937.7,0.7588252113,1.9377
6000,937.75,0.7588131046,1.93775
6000,937.8,0.758801005,1.9378
6000,937.85,0.7587889124,1.93785
6000,937.9,0.758776827,1.9379
6000,937.95,0.7587647486,1.93795
6000,938,0.7587526774,1.938
6000,938.05,0.7587406132,1.93805
6000,938.1,0.758728556,1.9381
6000,938.15,0.758716506,1.93815
6000,938.2,0.758704463,1.9382
6000,938.25,0.7586924271,1.93825
6000,938.3,0.7586803983,1.9383
6000,938.35,0.7586683765,1.93835
6000,938.4,0.7586563618,1.9384
6000,938.45,0.7586443541,1.93845
6000,938.5,0.7586323535,1.9385
6000,938.55,0.7586203599,1.93855
6000,938.6,0.7586083734,1.9386
6000,938.65,0.7585963939,1.93865
6000,938.7,0.7585844215,1.9387
6000,938.75,0.7585724561,1.93875
6000,938.8,0.7585604977,1.9388
6000,938.85,0.7585485464,1.93885
6000,938.9,0.7585366021,1.9389
6000,938.95,0.7585246648,1.93895
6000,939,0.7585127345,1.939
6000,939.05,0.7585008113,1.93905
6000,939.1,0.758488895,1.9391
6000,939.15,0.7584769858,1.93915
6000,939.2,0.7584650836,1.9392
6000,939.25,0.7584531884,1.93925
6000,939.3,0.7584413002,1.9393
6000,939.35,0.758429419,1.93935
6000,939.4,0.7584175448,1.9394
6000,939.45,0.7584056776,1.93945
6000,939.5,0.7583938174,1.9395
6000,939.55,0.7583819642,1.93955
6000,939.6,0.758370118,1.9396
6000,939.65,0.7583582787,1.93965
6000,939.7,0.7583464465,1.9397
6000,939.75,0.7583346212,1.93975
6000,939.8,0.7583228029,1.9398
6000,939.85,0.7583109915,1.93985
6000,939.9,0.7582991871,1.9399
6000,939.95,0.7582873897,1.93995
6000,940,0.7582755992,1.94
6000,940.05,0.7582638157,1.94005
6000,940.1,0.7582520392,1.9401
6000,940.15,0.7582402696,1.94015
6000,940.2,0.758228507,1.9402
6000,940.25,0.7582167513,1.94025
6000,940.3,0.7582050025,1.9403
6000,940.35,0.7581932607,1.94035
6000,940.4,0.7581815259,1.9404
6000,940.45,0.7581697979,1.94045
6000,940.5,0.7581580769,1.9405
6000,940.55,0.7581463628,1.94055
6000,940.6,0.7581346557,1.9406
6000,940.65,0.7581229555,1.94065
6000,940.7,0.7581112621,1.9407
6000,940.75,0.7580995758,1.94075
6000,940.8,0.7580878963,1.9408
6000,940.85,0.7580762237,1.94085
6000,940.9,0.758064558,1.9409
6000,940.95,0.7580528993,1.94095
6000,941,0.7580412474,1.941
6000,941.05,0.7580296025,1.94105
6000,941.1,0.7580179644,1.9411
6000,941.15,0.7580063332,1.94115
6000,941.2,0.757994709,1.9412
6000,941.25,0.7579830916,1.94125
6000,941.3,0.7579714811,1.9413
6000,941.35,0.7579598774,1.94135
6000,941.4,0.7579482807,1.9414
6000,941.45,0.7579366908,1.94145
6000,941.5,0.7579251078,1.9415
6000,941.55,0.7579135317,1.94155
6000,941.6,0.7579019624,1.9416
6000,941.65,0.7578904,1.94165
6000,941.7,0.7578788444,1.9417
6000,941.75,0.7578672957,1.94175
6000,941.8,0.7578557539,1.9418
6000,941.85,0.7578442189,1.94185
6000,941.9,0.7578326908,1.9419
6000,941.95,0.7578211695,1.94195
6000,942,0.757809655,1.942
6000,942.05,0.7577981474,1.94205
6000,942.1,0.7577866466,1.9421
6000,942.15,0.7577751526,1.94215
6000,942.2,0.7577636655,1.9422
6000,942.25,0.7577521852,1.94225
6000,942.3,0.7577407118,1.9423
6000,942.35,0.7577292451,1.94235
6000,942.4,0.7577177853,1.9424
6000,942.45,0.7577063322,1.94245
6000,942.5,0.757694886,1.9425
6000,942.55,0.7576834466,1.94255
6000,942.6,0.7576720141,1.9426
6000,942.65,0.7576605883,1.94265
6000,942.7,0.7576491693,1.9427
6000,942.75,0.7576377571,1.94275
6000,942.8,0.7576263517,1.9428
6000,942.85,0.7576149531,1.94285
6000,942.9,0.7576035612,1.9429
6000,942.95,0.7575921762,1.94295
6000,943,0.7575807979,1.943
6000,943.05,0.7575694265,1.94305
6000,943.1,0.7575580618,1.9431
6000,943.15,0.7575467038,1.94315
6000,943.2,0.7575353527,1.9432
6000,943.25,0.7575240083,1.94325
6000,943.3,0.7575126707,1.9433
6000,943.35,0.7575013398,1.94335
6000,943.4,0.7574900157,1.9434
6000,943.45,0.7574786983,1.94345
6000,943.5,0.7574673877,1.9435
6000,943.55,0.7574560839,1.94355
6000,943.6,0.7574447867,1.9436
6000,943.65,0.7574334964,1.94365
6000,943.7,0.7574222128,1.9437
6000,943.75,0.7574109359,1.94375
6000,943.8,0.7573996657,1.9438
6000,943.85,0.7573884023,1.94385
6000,943.9,0.7573771456,1.9439
6000,943.95,0.7573658956,1.94395
6000,944,0.7573546524,1.944
6000,944.05,0.7573434158,1.94405
6000,944.1,0.757332186,1.9441
6000,944.15,0.7573209629,1.94415
6000,944.2,0.7573097465,1.9442
6000,944.25,0.7572985368,1.94425
6000,944.3,0.7572873339,1.9443
6000,944.35,0.7572761376,1.94435
6000,944.4,0.757264948,1.9444
6000,944.45,0.7572537651,1.94445
6000,944.5,0.7572425889,1.9445
6000,944.55,0.7572314194,1.94455
6000,944.6,0.7572202566,1.9446
6000,944.65,0.7572091005,1.94465
6000,944.7,0.757197951,1.9447
6000,944.75,0.7571868082,1.94475
6000,944.8,0.7571756721,1.9448
6000,944.85,0.7571645427,1.94485
6000,944.9,0.7571534199,1.9449
6000,944.95,0.7571423039,1.94495
6000,945,0.7571311944,1.945
6000,945.05,0.7571200916,1.94505
6000,945.1,0.7571089955,1.9451
6000,945.15,0.7570979061,1.94515
6000,945.2,0.7570868233,1.9452
6000,945.25,0.7570757471,1.94525
6000,945.3,0.7570646776,1.9453
6000,945.35,0.7570536147,1.94535
6000,945.4,0.7570425585,1.9454
6000,945.45,0.7570315089,1.94545
6000,945.5,0.7570204659,1.9455
6000,945.55,0.7570094295,1.94555
6000,945.6,0.7569983998,1.9456
6000,945.65,0.7569873767,1.94565
6000,945.7,0.7569763603,1.9457
6000,945.75,0.7569653504,1.94575
6000,945.8,0.7569543472,1.9458
6000,945.85,0.7569433506,1.94585
6000,945.9,0.7569323606,1.9459
6000,945.95,0.7569213772,1.94595
6000,946,0.7569104003,1.946
6000,946.05,0.7568994301,1.94605
6000,946.1,0.7568884665,1.9461
6000,946.15,0.7568775095,1.94615
6000,946.2,0.7568665591,1.9462
6000,946.25,0.7568556153,1.94625
6000,946.3,0.756844678,1.9463
6000,946.35,0.7568337474,1.94635
6000,946.4,0.7568228233,1.9464
6000,946.45,0.7568119058,1.94645
6000,946.5,0.7568009949,1.9465
6000,946.55,0.7567900905,1.94655
6000,946.6,0.7567791927,1.9466
6000,946.65,0.7567683015,1.94665
6000,946.7,0.7567574168,1.9467
6000,946.75,0.7567465387,1.94675
6000,946.8,0.7567356672,1.9468
6000,946.85,0.7567248022,1.94685
6000,946.9,0.7567139437,1.9469
6000,946.95,0.7567030918,1.94695
6000,947,0.7566922465,1.947
6000,947.05,0.7566814077,1.94705
6000,947.1,0.7566705754,1.9471
6000,947.15,0.7566597497,1.94715
6000,947.2,0.7566489304,1.9472
6000,947.25,0.7566381178,1.94725
6000,947.3,0.7566273116,1.9473
6000,947.35,0.756616512,1.94735
6000,947.4,0.7566057189,1.9474
6000,947.45,0.7565949323,1.94745
6000,947.5,0.7565841522,1.9475
6000,947.55,0.7565733787,1.94755
6000,947.6,0.7565626116,1.9476
6000,947.65,0.7565518511,1.94765
6000,947.7,0.756541097,1.9477
6000,947.75,0.7565303495,1.94775
6000,947.8,0.7565196085,1.9478
6000,947.85,0.7565088739,1.94785
6000,947.9,0.7564981459,1.9479
6000,947.95,0.7564874243,1.94795
6000,948,0.7564767092,1.948
6000,948.05,0.7564660006,1.94805
6000,948.1,0.7564552985,1.9481
6000,948.15,0.7564446028,1.94815
6000,948.2,0.7564339137,1.9482
6000,948.25,0.756423231,1.94825
6000,948.3,0.7564125547,1.9483
6000,948.35,0.756401885,1.94835
6000,948.4,0.7563912217,1.9484
6000,948.45,0.7563805648,1.94845
6000,948.5,0.7563699144,1.9485
6000,948.55,0.7563592705,1.94855
6000,948.6,0.756348633,1.9486
6000,948.65,0.756338002,1.94865
6000,948.7,0.7563273774,1.9487
6000,948.75,0.7563167593,1.94875
6000,948.8,0.7563061475,1.9488
6000,948.85,0.7562955423,1.94885
6000,948.9,0.7562849434,1.9489
6000,948.95,0.756274351,1.94895
6000,949,0.756263765,1.949
6000,949.05,0.7562531855,1.94905
6000,949.1,0.7562426123,1.9491
6000,949.15,0.7562320456,1.94915
6000,949.2,0.7562214853,1.9492
6000,949.25,0.7562109314,1.94925
6000,949.3,0.7562003839,1.9493
6000,949.35,0.7561898429,1.94935
6000,949.4,0.7561793082,1.9494
6000,949.45,0.7561687799,1.94945
6000,949.5,0.756158258,1.9495
6000,949.55,0.7561477426,1.94955
6000,949.6,0.7561372335,1.9496
6000,949.65,0.7561267308,1.94965
6000,949.7,0.7561162345,1.9497
6000,949.75,0.7561057445,1.94975
6000,949.8,0.756095261,1.9498
6000,949.85,0.7560847838,1.94985
6000,949.9,0.756074313,1.9499
6000,949.95,0.7560638486,1.94995
6000,950,0.7560533905,1.95
6000,950.05,0.7560429389,1.95005
6000,950.1,0.7560324935,1.9501
6000,950.15,0.7560220546,1.95015
6000,950.2,0.756011622,1.9502
6000,950.25,0.7560011957,1.95025
6000,950.3,0.7559907758,1.9503
6000,950.35,0.7559803622,1.95035
6000,950.4,0.755969955,1.9504
6000,950.45,0.7559595542,1.95045
6000,950.5,0.7559491596,1.9505
6000,950.55,0.7559387714,1.95055
6000,950.6,0.7559283896,1.9506
6000,950.65,0.7559180141,1.95065
6000,950.7,0.7559076449,1.9507
6000,950.75,0.755897282,1.95075
6000,950.8,0.7558869254,1.9508
6000,950.85,0.7558765752,1.95085
6000,950.9,0.7558662313,1.9509
6000,950.95,0.7558558937,1.95095
6000,951,0.7558455624,1.951
6000,951.05,0.7558352374,1.95105
6000,951.1,0.7558249187,1.9511
6000,951.15,0.7558146064,1.95115
6000,951.2,0.7558043003,1.9512
6000,951.25,0.7557940005,1.95125
6000,951.3,0.755783707,1.9513
6000,951.35,0.7557734198,1.95135
6000,951.4,0.7557631389,1.9514
6000,951.45,0.7557528643,1.95145
6000,951.5,0.755742596,1.9515
6000,951.55,0.7557323339,1.95155
6000,951.6,0.7557220781,1.9516
6000,951.65,0.7557118286,1.95165
6000,951.7,0.7557015853,1.9517
6000,951.75,0.7556913484,1.95175
6000,951.8,0.7556811176,1.9518
6000,951.85,0.7556708932,1.95185
6000,951.9,0.755660675,1.9519
6000,951.95,0.7556504631,1.95195
6000,952,0.7556402574,1.952
6000,952.05,0.7556300579,1.95205
6000,952.1,0.7556198648,1.9521
6000,952.15,0.7556096778,1.95215
6000,952.2,0.7555994971,1.9522
6000,952.25,0.7555893226,1.95225
6000,952.3,0.7555791544,1.9523
6000,952.35,0.7555689924,1.95235
6000,952.4,0.7555588366,1.9524
6000,952.45,0.7555486871,1.95245
6000,952.5,0.7555385438,1.9525
6000,952.55,0.7555284067,1.95255
6000,952.6,0.7555182758,1.9526
6000,952.65,0.7555081512,1.95265
6000,952.7,0.7554980327,1.9527
6000,952.75,0.7554879205,1.95275
6000,952.8,0.7554778144,1.9528
6000,952.85,0.7554677146,1.95285
6000,952.9,0.755457621,1.9529
6000,952.95,0.7554475335,1.95295
6000,953,0.7554374523,1.953
6000,953.05,0.7554273773,1.95305
6000,953.1,0.7554173084,1.9531
6000,953.15,0.7554072457,1.95315
6000,953.2,0.7553971893,1.9532
6000,953.25,0.755387139,1.95325
6000,953.3,0.7553770948,1.9533
6000,953.35,0.7553670569,1.95335
6000,953.4,0.7553570251,1.9534
6000,953.45,0.7553469995,1.95345
6000,953.5,0.7553369801,1.9535
6000,953.55,0.7553269668,1.95355
6000,953.6,0.7553169597,1.9536
6000,953.65,0.7553069587,1.95365
6000,953.7,0.7552969639,1.9537
6000,953.75,0.7552869752,1.95375
6000,953.8,0.7552769927,1.9538
6000,953.85,0.7552670164,1.95385
6000,953.9,0.7552570462,1.9539
6000,953.95,0.7552470821,1.95395
6000,954,0.7552371242,1.954
6000,954.05,0.7552271724,1.95405
6000,954.1,0.7552172267,1.9541
6000,954.15,0.7552072871,1.95415
6000,954.2,0.7551973537,1.9542
6000,954.25,0.7551874264,1.95425
6000,954.3,0.7551775053,1.9543
6000,954.35,0.7551675902,1.95435
6000,954.4,0.7551576813,1.9544
6000,954.45,0.7551477785,1.95445
6000,954.5,0.7551378817,1.9545
6000,954.55,0.7551279911,1.95455
6000,954.6,0.7551181066,1.9546
6000,954.65,0.7551082282,1.95465
6000,954.7,0.7550983559,1.9547
6000,954.75,0.7550884897,1.95475
6000,954.8,0.7550786296,1.9548
6000,954.85,0.7550687755,1.95485
6000,954.9,0.7550589276,1.9549
6000,954.95,0.7550490857,1.95495
6000,955,0.75503925,1.955
6000,955.05,0.7550294203,1.95505
6000,955.1,0.7550195966,1.9551
6000,955.15,0.7550097791,1.95515
6000,955.2,0.7549999676,1.9552
6000,955.25,0.7549901622,1.95525
6000,955.3,0.7549803628,1.9553
6000,955.35,0.7549705695,1.95535
6000,955.4,0.7549607823,1.9554
6000,955.45,0.7549510011,1.95545
6000,955.5,0.7549412259,1.9555
6000,955.55,0.7549314569,1.95555
6000,955.6,0.7549216938,1.9556
6000,955.65,0.7549119368,1.95565
6000,955.7,0.7549021859,1.9557
6000,955.75,0.754892441,1.95575
6000,955.8,0.7548827021,1.9558
6000,955.85,0.7548729692,1.95585
6000,955.9,0.7548632424,1.9559
6000,955.95,0.7548535216,1.95595
6000,956,0.7548438068,1.956
6000,956.05,0.7548340981,1.95605
6000,956.1,0.7548243954,1.9561
6000,956.15,0.7548146987,1.95615
6000,956.2,0.754805008,1.9562
6000,956.25,0.7547953233,1.95625
6000,956.3,0.7547856446,1.9563
6000,956.35,0.7547759719,1.95635
6000,956.4,0.7547663052,1.9564
6000,956.45,0.7547566445,1.95645
6000,956.5,0.7547469898,1.9565
6000,956.55,0.7547373411,1.95655
6000,956.6,0.7547276984,1.9566
6000,956.65,0.7547180617,1.95665
6000,956.7,0.754708431,1.9567
6000,956.75,0.7546988062,1.95675
6000,956.8,0.7546891875,1.9568
6000,956.85,0.7546795747,1.95685
6000,956.9,0.7546699678,1.9569
6000,956.95,0.754660367,1.95695
6000,957,0.7546507721,1.957
6000,957.05,0.7546411831,1.95705
6000,957.1,0.7546316002,1.9571
6000,957.15,0.7546220232,1.95715
6000,957.2,0.7546124521,1.9572
6000,957.25,0.754602887,1.95725
6000,957.3,0.7545933279,1.9573
6000,957.35,0.7545837747,1.95735
6000,957.4,0.7545742274,1.9574
6000,957.45,0.7545646861,1.95745
6000,957.5,0.7545551507,1.9575
6000,957.55,0.7545456213,1.95755
6000,957.6,0.7545360978,1.9576
6000,957.65,0.7545265802,1.95765
6000,957.7,0.7545170686,1.9577
6000,957.75,0.7545075628,1.95775
6000,957.8,0.754498063,1.9578
6000,957.85,0.7544885691,1.95785
6000,957.9,0.7544790812,1.9579
6000,957.95,0.7544695991,1.95795
6000,958,0.754460123,1.958
6000,958.05,0.7544506527,1.95805
6000,958.1,0.7544411884,1.9581
6000,958.15,0.75443173,1.95815
6000,958.2,0.7544222775,1.9582
6000,958.25,0.7544128308,1.95825
6000,958.3,0.7544033901,1.9583
6000,958.35,0.7543939552,1.95835
6000,958.4,0.7543845263,1.9584
6000,958.45,0.7543751032,1.95845
6000,958.5,0.754365686,1.9585
6000,958.55,0.7543562747,1.95855
6000,958.6,0.7543468693,1.9586
6000,958.65,0.7543374697,1.95865
6000,958.7,0.754328076,1.9587
6000,958.75,0.7543186882,1.95875
6000,958.8,0.7543093062,1.9588
6000,958.85,0.7542999301,1.95885
6000,958.9,0.7542905599,1.9589
6000,958.95,0.7542811955,1.95895
6000,959,0.754271837,1.959
6000,959.05,0.7542624843,1.95905
6000,959.1,0.7542531375,1.9591
6000,959.15,0.7542437965,1.95915
6000,959.2,0.7542344614,1.9592
6000,959.25,0.7542251321,1.95925
6000,959.3,0.7542158086,1.9593
6000,959.35,0.754206491,1.95935
6000,959.4,0.7541971792,1.9594
6000,959.45,0.7541878733,1.95945
6000,959.5,0.7541785731,1.9595
6000,959.55,0.7541692788,1.95955
6000,959.6,0.7541599903,1.9596
6000,959.65,0.7541507077,1.95965
6000,959.7,0.7541414308,1.9597
6000,959.75,0.7541321598,1.95975
6000,959.8,0.7541228945,1.9598
6000,959.85,0.7541136351,1.95985
6000,959.9,0.7541043815,1.9599
6000,959.95,0.7540951337,1.95995
6000,960,0.7540858917,1.96
6000,960.05,0.7540766554,1.96005
6000,960.1,0.754067425,1.9601
6000,960.15,0.7540582004,1.96015
6000,960.2,0.7540489815,1.9602
6000,960.25,0.7540397684,1.96025
6000,960.3,0.7540305611,1.9603
6000,960.35,0.7540213596,1.96035
6000,960.4,0.7540121639,1.9604
6000,960.45,0.7540029739,1.96045
6000,960.5,0.7539937898,1.9605
6000,960.55,0.7539846113,1.96055
6000,960.6,0.7539754387,1.9606
6000,960.65,0.7539662718,1.96065
6000,960.7,0.7539571106,1.9607
6000,960.75,0.7539479553,1.96075
6000,960.8,0.7539388056,1.9608
6000,960.85,0.7539296618,1.96085
6000,960.9,0.7539205237,1.9609
6000,960.95,0.7539113913,1.96095
6000,961,0.7539022646,1.961
6000,961.05,0.7538931437,1.96105
6000,961.1,0.7538840286,1.9611
6000,961.15,0.7538749192,1.96115
6000,961.2,0.7538658155,1.9612
6000,961.25,0.7538567175,1.96125
6000,961.3,0.7538476253,1.9613
6000,961.35,0.7538385388,1.96135
6000,961.4,0.753829458,1.9614
6000,961.45,0.7538203829,1.96145
6000,961.5,0.7538113135,1.9615
6000,961.55,0.7538022499,1.96155
6000,961.6,0.753793192,1.9616
6000,961.65,0.7537841397,1.96165
6000,961.7,0.7537750932,1.9617
6000,961.75,0.7537660524,1.96175
6000,961.8,0.7537570172,1.9618
6000,961.85,0.7537479878,1.96185
6000,961.9,0.7537389641,1.9619
6000,961.95,0.753729946,1.96195
6000,962,0.7537209337,1.962
6000,962.05,0.753711927,1.96205
6000,962.1,0.753702926,1.9621
6000,962.15,0.7536939307,1.96215
6000,962.2,0.7536849411,1.9622
6000,962.25,0.7536759571,1.96225
6000,962.3,0.7536669788,1.9623
6000,962.35,0.7536580062,1.96235
6000,962.4,0.7536490392,1.9624
6000,962.45,0.7536400779,1.96245
6000,962.5,0.7536311223,1.9625
6000,962.55,0.7536221723,1.96255
6000,962.6,0.753613228,1.9626
6000,962.65,0.7536042893,1.96265
6000,962.7,0.7535953563,1.9627
6000,962.75,0.7535864289,1.96275
6000,962.8,0.7535775072,1.9628
6000,962.85,0.7535685911,1.96285
6000,962.9,0.7535596806,1.9629
6000,962.95,0.7535507758,1.96295
6000,963,0.7535418766,1.963
6000,963.05,0.7535329831,1.96305
6000,963.1,0.7535240951,1.9631
6000,963.15,0.7535152128,1.96315
6000,963.2,0.7535063362,1.9632
6000,963.25,0.7534974651,1.96325
6000,963.3,0.7534885996,1.9633
6000,963.35,0.7534797398,1.96335
6000,963.4,0.7534708856,1.9634
6000,963.45,0.753462037,1.96345
6000,963.5,0.7534531939,1.9635
6000,963.55,0.7534443565,1.96355
6000,963.6,0.7534355247,1.9636
6000,963.65,0.7534266985,1.96365
6000,963.7,0.7534178779,1.9637
6000,963.75,0.7534090628,1.96375
6000,963.8,0.7534002534,1.9638
6000,963.85,0.7533914496,1.96385
6000,963.9,0.7533826513,1.9639
6000,963.95,0.7533738586,1.96395
6000,964,0.7533650715,1.964
6000,964.05,0.7533562899,1.96405
6000,964.1,0.753347514,1.9641
6000,964.15,0.7533387436,1.96415
6000,964.2,0.7533299787,1.9642
6000,964.25,0.7533212195,1.96425
6000,964.3,0.7533124658,1.9643
6000,964.35,0.7533037176,1.96435
6000,964.4,0.753294975,1.9644
6000,964.45,0.753286238,1.96445
6000,964.5,0.7532775065,1.9645
6000,964.55,0.7532687806,1.96455
6000,964.6,0.7532600602,1.9646
6000,964.65,0.7532513453,1.96465
6000,964.7,0.753242636,1.9647
6000,964.75,0.7532339322,1.96475
6000,964.8,0.753225234,1.9648
6000,964.85,0.7532165413,1.96485
6000,964.9,0.7532078541,1.9649
6000,964.95,0.7531991724,1.96495
6000,965,0.7531904963,1.965
6000,965.05,0.7531818257,1.96505
6000,965.1,0.7531731606,1.9651
6000,965.15,0.753164501,1.96515
6000,965.2,0.7531558469,1.9652
6000,965.25,0.7531471984,1.96525
6000,965.3,0.7531385553,1.9653
6000,965.35,0.7531299178,1.96535
6000,965.4,0.7531212857,1.9654
6000,965.45,0.7531126592,1.96545
6000,965.5,0.7531040381,1.9655
6000,965.55,0.7530954226,1.96555
6000,965.6,0.7530868125,1.9656
6000,965.65,0.7530782079,1.96565
6000,965.7,0.7530696088,1.9657
6000,965.75,0.7530610152,1.96575
6000,965.8,0.7530524271,1.9658
6000,965.85,0.7530438444,1.96585
6000,965.9,0.7530352672,1.9659
6000,965.95,0.7530266955,1.96595
6000,966,0.7530181293,1.966
6000,966.05,0.7530095685,1.96605
6000,966.1,0.7530010132,1.9661
6000,966.15,0.7529924633,1.96615
6000,966.2,0.7529839189,1.9662
6000,966.25,0.75297538,1.96625
6000,966.3,0.7529668465,1.9663
6000,966.35,0.7529583185,1.96635
6000,966.4,0.7529497959,1.9664
6000,966.45,0.7529412787,1.96645
6000,966.5,0.752932767,1.9665
6000,966.55,0.7529242608,1.96655
6000,966.6,0.7529157599,1.9666
6000,966.65,0.7529072645,1.96665
6000,966.7,0.7528987746,1.9667
6000,966.75,0.75289029,1.96675
6000,966.8,0.7528818109,1.9668
6000,966.85,0.7528733372,1.96685
6000,966.9,0.752864869,1.9669
6000,966.95,0.7528564061,1.96695
6000,967,0.7528479487,1.967
6000,967.05,0.7528394967,1.96705
6000,967.1,0.7528310501,1.9671
6000,967.15,0.7528226088,1.96715
6000,967.2,0.752814173,1.9672
6000,967.25,0.7528057426,1.96725
6000,967.3,0.7527973176,1.9673
6000,967.35,0.752788898,1.96735
6000,967.4,0.7527804838,1.9674
6000,967.45,0.752772075,1.96745
6000,967.5,0.7527636716,1.9675
6000,967.55,0.7527552735,1.96755
6000,967.6,0.7527468809,1.9676
6000,967.65,0.7527384936,1.96765
6000,967.7,0.7527301117,1.9677
6000,967.75,0.7527217351,1.96775
6000,967.8,0.752713364,1.9678
6000,967.85,0.7527049982,1.96785
6000,967.9,0.7526966378,1.9679
6000,967.95,0.7526882827,1.96795
6000,968,0.752679933,1.968
6000,968.05,0.7526715886,1.96805
6000,968.1,0.7526632497,1.9681
6000,968.15,0.752654916,1.96815
6000,968.2,0.7526465877,1.9682
6000,968.25,0.7526382648,1.96825
6000,968.3,0.7526299472,1.9683
6000,968.35,0.752621635,1.96835
6000,968.4,0.7526133281,1.9684
6000,968.45,0.7526050265,1.96845
6000,968.5,0.7525967303,1.9685
6000,968.55,0.7525884393,1.96855
6000,968.6,0.7525801538,1.9686
6000,968.65,0.7525718735,1.96865
6000,968.7,0.7525635986,1.9687
6000,968.75,0.752555329,1.96875
6000,968.8,0.7525470647,1.9688
6000,968.85,0.7525388057,1.96885
6000,968.9,0.7525305521,1.9689
6000,968.95,0.7525223037,1.96895
6000,969,0.7525140607,1.969
6000,969.05,0.752505823,1.96905
6000,969.1,0.7524975905,1.9691
6000,969.15,0.7524893634,1.96915
6000,969.2,0.7524811416,1.9692
6000,969.25,0.752472925,1.96925
6000,969.3,0.7524647138,1.9693
6000,969.35,0.7524565078,1.96935
6000,969.4,0.7524483071,1.9694
6000,969.45,0.7524401117,1.96945
6000,969.5,0.7524319216,1.9695
6000,969.55,0.7524237368,1.96955
6000,969.6,0.7524155573,1.9696
6000,969.65,0.752407383,1.96965
6000,969.7,0.752399214,1.9697
6000,969.75,0.7523910502,1.96975
6000,969.8,0.7523828917,1.9698
6000,969.85,0.7523747385,1.96985
6000,969.9,0.7523665906,1.9699
6000,969.95,0.7523584479,1.96995
6000,970,0.7523503104,1.97
6000,970.05,0.7523421782,1.97005
6000,970.1,0.7523340513,1.9701
6000,970.15,0.7523259296,1.97015
6000,970.2,0.7523178132,1.9702
6000,970.25,0.7523097019,1.97025
6000,970.3,0.752301596,1.9703
6000,970.35,0.7522934952,1.97035
6000,970.4,0.7522853997,1.9704
6000,970.45,0.7522773095,1.97045
6000,970.5,0.7522692244,1.9705
6000,970.55,0.7522611446,1.97055
6000,970.6,0.75225307,1.9706
6000,970.65,0.7522450006,1.97065
6000,970.7,0.7522369365,1.9707
6000,970.75,0.7522288775,1.97075
6000,970.8,0.7522208238,1.9708
6000,970.85,0.7522127753,1.97085
6000,970.9,0.752204732,1.9709
6000,970.95,0.7521966939,1.97095
6000,971,0.752188661,1.971
6000,971.05,0.7521806333,1.97105
6000,971.1,0.7521726108,1.9711
6000,971.15,0.7521645934,1.97115
6000,971.2,0.7521565813,1.9712
6000,971.25,0.7521485744,1.97125
6000,971.3,0.7521405726,1.9713
6000,971.35,0.7521325761,1.97135
6000,971.4,0.7521245847,1.9714
6000,971.45,0.7521165985,1.97145
6000,971.5,0.7521086174,1.9715
6000,971.55,0.7521006416,1.97155
6000,971.6,0.7520926709,1.9716
6000,971.65,0.7520847054,1.97165
6000,971.7,0.752076745,1.9717
6000,971.75,0.7520687898,1.97175
6000,971.8,0.7520608398,1.9718
6000,971.85,0.7520528949,1.97185
6000,971.9,0.7520449552,1.9719
6000,971.95,0.7520370206,1.97195
6000,972,0.7520290912,1.972
6000,972.05,0.7520211669,1.97205
6000,972.1,0.7520132478,1.9721
6000,972.15,0.7520053338,1.97215
6000,972.2,0.7519974249,1.9722
6000,972.25,0.7519895212,1.97225
6000,972.3,0.7519816226,1.9723
6000,972.35,0.7519737292,1.97235
6000,972.4,0.7519658409,1.9724
6000,972.45,0.7519579577,1.97245
6000,972.5,0.7519500796,1.9725
6000,972.55,0.7519422067,1.97255
6000,972.6,0.7519343388,1.9726
6000,972.65,0.7519264761,1.97265
6000,972.7,0.7519186185,1.9727
6000,972.75,0.751910766,1.97275
6000,972.8,0.7519029186,1.9728
6000,972.85,0.7518950763,1.97285
6000,972.9,0.7518872391,1.9729
6000,972.95,0.7518794071,1.97295
6000,973,0.7518715801,1.973
6000,973.05,0.7518637582,1.97305
6000,973.1,0.7518559414,1.9731
6000,973.15,0.7518481297,1.97315
6000,973.2,0.7518403231,1.9732
6000,973.25,0.7518325215,1.97325
6000,973.3,0.7518247251,1.9733
6000,973.35,0.7518169337,1.97335
6000,973.4,0.7518091474,1.9734
6000,973.45,0.7518013661,1.97345
6000,973.5,0.75179359,1.9735
6000,973.55,0.7517858189,1.97355
6000,973.6,0.7517780529,1.9736
6000,973.65,0.7517702919,1.97365
6000,973.7,0.751762536,1.9737
6000,973.75,0.7517547852,1.97375
6000,973.8,0.7517470394,1.9738
6000,973.85,0.7517392986,1.97385
6000,973.9,0.751731563,1.9739
6000,973.95,0.7517238323,1.97395
6000,974,0.7517161067,1.974
6000,974.05,0.7517083862,1.97405
6000,974.1,0.7517006707,1.9741
6000,974.15,0.7516929602,1.97415
6000,974.2,0.7516852548,1.9742
6000,974.25,0.7516775544,1.97425
6000,974.3,0.751669859,1.9743
6000,974.35,0.7516621687,1.97435
6000,974.4,0.7516544833,1.9744
6000,974.45,0.751646803,1.97445
6000,974.5,0.7516391277,1.9745
6000,974.55,0.7516314575,1.97455
6000,974.6,0.7516237922,1.9746
6000,974.65,0.751616132,1.97465
6000,974.7,0.7516084768,1.9747
6000,974.75,0.7516008265,1.97475
6000,974.8,0.7515931813,1.9748
6000,974.85,0.7515855411,1.97485
6000,974.9,0.7515779059,1.9749
6000,974.95,0.7515702756,1.97495
6000,975,0.7515626504,1.975
6000,975.05,0.7515550302,1.97505
6000,975.1,0.7515474149,1.9751
6000,975.15,0.7515398047,1.97515
6000,975.2,0.7515321994,1.9752
6000,975.25,0.7515245991,1.97525
6000,975.3,0.7515170037,1.9753
6000,975.35,0.7515094134,1.97535
6000,975.4,0.751501828,1.9754
6000,975.45,0.7514942476,1.97545
6000,975.5,0.7514866722,1.9755
6000,975.55,0.7514791017,1.97555
6000,975.6,0.7514715362,1.9756
6000,975.65,0.7514639756,1.97565
6000,975.7,0.7514564201,1.9757
6000,975.75,0.7514488694,1.97575
6000,975.8,0.7514413237,1.9758
6000,975.85,0.751433783,1.97585
6000,975.9,0.7514262472,1.9759
6000,975.95,0.7514187164,1.97595
6000,976,0.7514111905,1.976
6000,976.05,0.7514036695,1.97605
6000,976.1,0.7513961535,1.9761
6000,976.15,0.7513886424,1.97615
6000,976.2,0.7513811362,1.9762
6000,976.25,0.751373635,1.97625
6000,976.3,0.7513661387,1.9763
6000,976.35,0.7513586473,1.97635
6000,976.4,0.7513511609,1.9764
6000,976.45,0.7513436793,1.97645
6000,976.5,0.7513362027,1.9765
6000,976.55,0.751328731,1.97655
6000,976.6,0.7513212642,1.9766
6000,976.65,0.7513138023,1.97665
6000,976.7,0.7513063453,1.9767
6000,976.75,0.7512988933,1.97675
6000,976.8,0.7512914461,1.9768
6000,976.85,0.7512840038,1.97685
6000,976.9,0.7512765664,1.9769
6000,976.95,0.7512691339,1.97695
6000,977,0.7512617063,1.977
6000,977.05,0.7512542836,1.97705
6000,977.1,0.7512468658,1.9771
6000,977.15,0.7512394529,1.97715
6000,977.2,0.7512320448,1.9772
6000,977.25,0.7512246416,1.97725
6000,977.3,0.7512172433,1.9773
6000,977.35,0.7512098499,1.97735
6000,977.4,0.7512024614,1.9774
6000,977.45,0.7511950777,1.97745
6000,977.5,0.7511876988,1.9775
6000,977.55,0.7511803249,1.97755
6000,977.6,0.7511729558,1.9776
6000,977.65,0.7511655915,1.97765
6000,977.7,0.7511582321,1.9777
6000,977.75,0.7511508776,1.97775
6000,977.8,0.7511435279,1.9778
6000,977.85,0.7511361831,1.97785
6000,977.9,0.7511288431,1.9779
6000,977.95,0.751121508,1.97795
6000,978,0.7511141777,1.978
6000,978.05,0.7511068522,1.97805
6000,978.1,0.7510995316,1.9781
6000,978.15,0.7510922158,1.97815
6000,978.2,0.7510849048,1.9782
6000,978.25,0.7510775986,1.97825
6000,978.3,0.7510702973,1.9783
6000,978.35,0.7510630008,1.97835
6000,978.4,0.7510557092,1.9784
6000,978.45,0.7510484223,1.97845
6000,978.5,0.7510411403,1.9785
6000,978.55,0.751033863,1.97855
6000,978.6,0.7510265906,1.9786
6000,978.65,0.751019323,1.97865
6000,978.7,0.7510120602,1.9787
6000,978.75,0.7510048022,1.97875
6000,978.8,0.750997549,1.9788
6000,978.85,0.7509903006,1.97885
6000,978.9,0.750983057,1.9789
6000,978.95,0.7509758181,1.97895
6000,979,0.7509685841,1.979
6000,979.05,0.7509613549,1.97905
6000,979.1,0.7509541304,1.9791
6000,979.15,0.7509469107,1.97915
6000,979.2,0.7509396959,1.9792
6000,979.25,0.7509324857,1.97925
6000,979.3,0.7509252804,1.9793
6000,979.35,0.7509180798,1.97935
6000,979.4,0.750910884,1.9794
6000,979.45,0.750903693,1.97945
6000,979.5,0.7508965067,1.9795
6000,979.55,0.7508893252,1.97955
6000,979.6,0.7508821485,1.9796
6000,979.65,0.7508749765,1.97965
6000,979.7,0.7508678093,1.9797
6000,979.75,0.7508606468,1.97975
6000,979.8,0.7508534891,1.9798
6000,979.85,0.7508463361,1.97985
6000,979.9,0.7508391878,1.9799
6000,979.95,0.7508320443,1.97995
6000,980,0.7508249056,1.98
6000,980.05,0.7508177716,1.98005
6000,980.1,0.7508106423,1.9801
6000,980.15,0.7508035177,1.98015
6000,980.2,0.7507963979,1.9802
6000,980.25,0.7507892828,1.98025
6000,980.3,0.7507821724,1.9803
6000,980.35,0.7507750668,1.98035
6000,980.4,0.7507679659,1.9804
6000,980.45,0.7507608697,1.98045
6000,980.5,0.7507537782,1.9805
6000,980.55,0.7507466914,1.98055
6000,980.6,0.7507396093,1.9806
6000,980.65,0.7507325319,1.98065
6000,980.7,0.7507254593,1.9807
6000,980.75,0.7507183913,1.98075
6000,980.8,0.7507113281,1.9808
6000,980.85,0.7507042695,1.98085
6000,980.9,0.7506972156,1.9809
6000,980.95,0.7506901665,1.98095
6000,981,0.750683122,1.981
6000,981.05,0.7506760822,1.98105
6000,981.1,0.7506690471,1.9811
6000,981.15,0.7506620167,1.98115
6000,981.2,0.7506549909,1.9812
6000,981.25,0.7506479699,1.98125
6000,981.3,0.7506409535,1.9813
6000,981.35,0.7506339417,1.98135
6000,981.4,0.7506269347,1.9814
6000,981.45,0.7506199323,1.98145
6000,981.5,0.7506129346,1.9815
6000,981.55,0.7506059415,1.98155
6000,981.6,0.7505989531,1.9816
6000,981.65,0.7505919694,1.98165
6000,981.7,0.7505849903,1.9817
6000,981.75,0.7505780159,1.98175
6000,981.8,0.7505710461,1.9818
6000,981.85,0.750564081,1.98185
6000,981.9,0.7505571205,1.9819
6000,981.95,0.7505501647,1.98195
6000,982,0.7505432135,1.982
6000,982.05,0.7505362669,1.98205
6000,982.1,0.750529325,1.9821
6000,982.15,0.7505223877,1.98215
6000,982.2,0.750515455,1.9822
6000,982.25,0.750508527,1.98225
6000,982.3,0.7505016036,1.9823
6000,982.35,0.7504946848,1.98235
6000,982.4,0.7504877706,1.9824
6000,982.45,0.7504808611,1.98245
6000,982.5,0.7504739562,1.9825
6000,982.55,0.7504670558,1.98255
6000,982.6,0.7504601601,1.9826
6000,982.65,0.750453269,1.98265
6000,982.7,0.7504463825,1.9827
6000,982.75,0.7504395007,1.98275
6000,982.8,0.7504326234,1.9828
6000,982.85,0.7504257507,1.98285
6000,982.9,0.7504188826,1.9829
6000,982.95,0.7504120191,1.98295
6000,983,0.7504051602,1.983
6000,983.05,0.7503983059,1.98305
6000,983.1,0.7503914562,1.9831
6000,983.15,0.750384611,1.98315
6000,983.2,0.7503777704,1.9832
6000,983.25,0.7503709345,1.98325
6000,983.3,0.750364103,1.9833
6000,983.35,0.7503572762,1.98335
6000,983.4,0.750350454,1.9834
6000,983.45,0.7503436363,1.98345
6000,983.5,0.7503368231,1.9835
6000,983.55,0.7503300146,1.98355
6000,983.6,0.7503232106,1.9836
6000,983.65,0.7503164111,1.98365
6000,983.7,0.7503096163,1.9837
6000,983.75,0.7503028259,1.98375
6000,983.8,0.7502960402,1.9838
6000,983.85,0.7502892589,1.98385
6000,983.9,0.7502824823,1.9839
6000,983.95,0.7502757101,1.98395
6000,984,0.7502689425,1.984
6000,984.05,0.7502621795,1.98405
6000,984.1,0.750255421,1.9841
6000,984.15,0.750248667,1.98415
6000,984.2,0.7502419176,1.9842
6000,984.25,0.7502351726,1.98425
6000,984.3,0.7502284323,1.9843
6000,984.35,0.7502216964,1.98435
6000,984.4,0.7502149651,1.9844
6000,984.45,0.7502082382,1.98445
6000,984.5,0.750201516,1.9845
6000,984.55,0.7501947982,1.98455
6000,984.6,0.7501880849,1.9846
6000,984.65,0.7501813761,1.98465
6000,984.7,0.7501746719,1.9847
6000,984.75,0.7501679722,1.98475
6000,984.8,0.7501612769,1.9848
6000,984.85,0.7501545862,1.98485
6000,984.9,0.7501478999,1.9849
6000,984.95,0.7501412182,1.98495
6000,985,0.750134541,1.985
6000,985.05,0.7501278682,1.98505
6000,985.1,0.7501211999,1.9851
6000,985.15,0.7501145362,1.98515
6000,985.2,0.7501078769,1.9852
6000,985.25,0.750101222,1.98525
6000,985.3,0.7500945717,1.9853
6000,985.35,0.7500879259,1.98535
6000,985.4,0.7500812845,1.9854
6000,985.45,0.7500746476,1.98545
6000,985.5,0.7500680151,1.9855
6000,985.55,0.7500613872,1.98555
6000,985.6,0.7500547636,1.9856
6000,985.65,0.7500481446,1.98565
6000,985.7,0.75004153,1.9857
6000,985.75,0.7500349199,1.98575
6000,985.8,0.7500283142,1.9858
6000,985.85,0.750021713,1.98585
6000,985.9,0.7500151162,1.9859
6000,985.95,0.7500085239,1.98595
6000,986,0.750001936,1.986
6000,986.05,0.7499953526,1.98605
6000,986.1,0.7499887736,1.9861
6000,986.15,0.7499821991,1.98615
6000,986.2,0.749975629,1.9862
6000,986.25,0.7499690633,1.98625
6000,986.3,0.749962502,1.9863
6000,986.35,0.7499559452,1.98635
6000,986.4,0.7499493928,1.9864
6000,986.45,0.7499428449,1.98645
6000,986.5,0.7499363013,1.9865
6000,986.55,0.7499297622,1.98655
6000,986.6,0.7499232275,1.9866
6000,986.65,0.7499166972,1.98665
6000,986.7,0.7499101713,1.9867
6000,986.75,0.7499036498,1.98675
6000,986.8,0.7498971328,1.9868
6000,986.85,0.7498906201,1.98685
6000,986.9,0.7498841118,1.9869
6000,986.95,0.749877608,1.98695
6000,987,0.7498711085,1.987
6000,987.05,0.7498646135,1.98705
6000,987.1,0.7498581228,1.9871
6000,987.15,0.7498516365,1.98715
6000,987.2,0.7498451546,1.9872
6000,987.25,0.7498386771,1.98725
6000,987.3,0.749832204,1.9873
6000,987.35,0.7498257353,1.98735
6000,987.4,0.7498192709,1.9874
6000,987.45,0.7498128109,1.98745
6000,987.5,0.7498063553,1.9875
6000,987.55,0.7497999041,1.98755
6000,987.6,0.7497934572,1.9876
6000,987.65,0.7497870147,1.98765
6000,987.7,0.7497805766,1.9877
6000,987.75,0.7497741428,1.98775
6000,987.8,0.7497677134,1.9878
6000,987.85,0.7497612883,1.98785
6000,987.9,0.7497548676,1.9879
6000,987.95,0.7497484513,1.98795
6000,988,0.7497420393,1.988
6000,988.05,0.7497356316,1.98805
6000,988.1,0.7497292283,1.9881
6000,988.15,0.7497228294,1.98815
6000,988.2,0.7497164347,1.9882
6000,988.25,0.7497100444,1.98825
6000,988.3,0.7497036585,1.9883
6000,988.35,0.7496972769,1.98835
6000,988.4,0.7496908996,1.9884
6000,988.45,0.7496845267,1.98845
6000,988.5,0.749678158,1.9885
6000,988.55,0.7496717937,1.98855
6000,988.6,0.7496654338,1.9886
6000,988.65,0.7496590781,1.98865
6000,988.7,0.7496527268,1.9887
6000,988.75,0.7496463797,1.98875
6000,988.8,0.749640037,1.9888
6000,988.85,0.7496336986,1.98885
6000,988.9,0.7496273645,1.9889
6000,988.95,0.7496210347,1.98895
6000,989,0.7496147092,1.989
6000,989.05,0.7496083881,1.98905
6000,989.1,0.7496020712,1.9891
6000,989.15,0.7495957586,1.98915
6000,989.2,0.7495894503,1.9892
6000,989.25,0.7495831463,1.98925
6000,989.3,0.7495768465,1.9893
6000,989.35,0.7495705511,1.98935
6000,989.4,0.74956426,1.9894
6000,989.45,0.7495579731,1.98945
6000,989.5,0.7495516905,1.9895
6000,989.55,0.7495454122,1.98955
6000,989.6,0.7495391382,1.9896
6000,989.65,0.7495328684,1.98965
6000,989.7,0.7495266029,1.9897
6000,989.75,0.7495203417,1.98975
6000,989.8,0.7495140848,1.9898
6000,989.85,0.7495078321,1.98985
6000,989.9,0.7495015836,1.9899
6000,989.95,0.7494953395,1.98995
6000,990,0.7494890995,1.99
6000,990.05,0.7494828639,1.99005
6000,990.1,0.7494766325,1.9901
6000,990.15,0.7494704053,1.99015
6000,990.2,0.7494641824,1.9902
6000,990.25,0.7494579637,1.99025
6000,990.3,0.7494517493,1.9903
6000,990.35,0.7494455391,1.99035
6000,990.4,0.7494393332,1.9904
6000,990.45,0.7494331314,1.99045
6000,990.5,0.749426934,1.9905
6000,990.55,0.7494207407,1.99055
6000,990.6,0.7494145517,1.9906
6000,990.65,0.7494083669,1.99065
6000,990.7,0.7494021863,1.9907
6000,990.75,0.74939601,1.99075
6000,990.8,0.7493898378,1.9908
6000,990.85,0.7493836699,1.99085
6000,990.9,0.7493775062,1.9909
6000,990.95,0.7493713467,1.99095
6000,991,0.7493651914,1.991
6000,991.05,0.7493590404,1.99105
6000,991.1,0.7493528935,1.9911
6000,991.15,0.7493467508,1.99115
6000,991.2,0.7493406124,1.9912
6000,991.25,0.7493344781,1.99125
6000,991.3,0.749328348,1.9913
6000,991.35,0.7493222221,1.99135
6000,991.4,0.7493161004,1.9914
6000,991.45,0.7493099829,1.99145
6000,991.5,0.7493038696,1.9915
6000,991.55,0.7492977605,1.99155
6000,991.6,0.7492916556,1.9916
6000,991.65,0.7492855548,1.99165
6000,991.7,0.7492794582,1.9917
6000,991.75,0.7492733658,1.99175
6000,991.8,0.7492672775,1.9918
6000,991.85,0.7492611935,1.99185
6000,991.9,0.7492551136,1.9919
6000,991.95,0.7492490378,1.99195
6000,992,0.7492429663,1.992
6000,992.05,0.7492368988,1.99205
6000,992.1,0.7492308356,1.9921
6000,992.15,0.7492247765,1.99215
6000,992.2,0.7492187215,1.9922
6000,992.25,0.7492126708,1.99225
6000,992.3,0.7492066241,1.9923
6000,992.35,0.7492005816,1.99235
6000,992.4,0.7491945433,1.9924
6000,992.45,0.7491885091,1.99245
6000,992.5,0.749182479,1.9925
6000,992.55,0.7491764531,1.99255
6000,992.6,0.7491704313,1.9926
6000,992.65,0.7491644136,1.99265
6000,992.7,0.7491584001,1.9927
6000,992.75,0.7491523907,1.99275
6000,992.8,0.7491463854,1.9928
6000,992.85,0.7491403843,1.99285
6000,992.9,0.7491343872,1.9929
6000,992.95,0.7491283943,1.99295
6000,993,0.7491224055,1.993
6000,993.05,0.7491164209,1.99305
6000,993.1,0.7491104403,1.9931
6000,993.15,0.7491044638,1.99315
6000,993.2,0.7490984915,1.9932
6000,993.25,0.7490925233,1.99325
6000,993.3,0.7490865591,1.9933
6000,993.35,0.7490805991,1.99335
6000,993.4,0.7490746432,1.9934
6000,993.45,0.7490686913,1.99345
6000,993.5,0.7490627436,1.9935
6000,993.55,0.7490567999,1.99355
6000,993.6,0.7490508604,1.9936
6000,993.65,0.7490449249,1.99365
6000,993.7,0.7490389935,1.9937
6000,993.75,0.7490330662,1.99375
6000,993.8,0.749027143,1.9938
6000,993.85,0.7490212239,1.99385
6000,993.9,0.7490153088,1.9939
6000,993.95,0.7490093978,1.99395
6000,994,0.7490034909,1.994
6000,994.05,0.748997588,1.99405
6000,994.1,0.7489916892,1.9941
6000,994.15,0.7489857945,1.99415
6000,994.2,0.7489799039,1.9942
6000,994.25,0.7489740173,1.99425
6000,994.3,0.7489681347,1.9943
6000,994.35,0.7489622563,1.99435
6000,994.4,0.7489563818,1.9944
6000,994.45,0.7489505115,1.99445
6000,994.5,0.7489446451,1.9945
6000,994.55,0.7489387829,1.99455
6000,994.6,0.7489329246,1.9946
6000,994.65,0.7489270704,1.99465
6000,994.7,0.7489212203,1.9947
6000,994.75,0.7489153742,1.99475
6000,994.8,0.7489095321,1.9948
6000,994.85,0.748903694,1.99485
6000,994.9,0.74889786,1.9949
6000,994.95,0.74889203,1.99495
6000,995,0.7488862041,1.995
6000,995.05,0.7488803821,1.99505
6000,995.1,0.7488745642,1.9951
6000,995.15,0.7488687503,1.99515
6000,995.2,0.7488629405,1.9952
6000,995.25,0.7488571346,1.99525
6000,995.3,0.7488513327,1.9953
6000,995.35,0.7488455349,1.99535
6000,995.4,0.7488397411,1.9954
6000,995.45,0.7488339513,1.99545
6000,995.5,0.7488281654,1.9955
6000,995.55,0.7488223836,1.99555
6000,995.6,0.7488166058,1.9956
6000,995.65,0.748810832,1.99565
6000,995.7,0.7488050622,1.9957
6000,995.75,0.7487992963,1.99575
6000,995.8,0.7487935345,1.9958
6000,995.85,0.7487877766,1.99585
6000,995.9,0.7487820228,1.9959
6000,995.95,0.7487762729,1.99595
6000,996,0.748770527,1.996
6000,996.05,0.7487647851,1.99605
6000,996.1,0.7487590471,1.9961
6000,996.15,0.7487533131,1.99615
6000,996.2,0.7487475831,1.9962
6000,996.25,0.7487418571,1.99625
6000,996.3,0.7487361351,1.9963
6000,996.35,0.748730417,1.99635
6000,996.4,0.7487247028,1.9964
6000,996.45,0.7487189927,1.99645
6000,996.5,0.7487132865,1.9965
6000,996.55,0.7487075842,1.99655
6000,996.6,0.7487018859,1.9966
6000,996.65,0.7486961916,1.99665
6000,996.7,0.7486905012,1.9967
6000,996.75,0.7486848147,1.99675
6000,996.8,0.7486791322,1.9968
6000,996.85,0.7486734537,1.99685
6000,996.9,0.7486677791,1.9969
6000,996.95,0.7486621084,1.99695
6000,997,0.7486564416,1.997
6000,997.05,0.7486507788,1.99705
6000,997.1,0.74864512,1.9971
6000,997.15,0.748639465,1.99715
6000,997.2,0.748633814,1.9972
6000,997.25,0.7486281669,1.99725
6000,997.3,0.7486225238,1.9973
6000,997.35,0.7486168845,1.99735
6000,997.4,0.7486112492,1.9974
6000,997.45,0.7486056178,1.99745
6000,997.5,0.7485999903,1.9975
6000,997.55,0.7485943667,1.99755
6000,997.6,0.7485887471,1.9976
6000,997.65,0.7485831313,1.99765
6000,997.7,0.7485775194,1.9977
6000,997.75,0.7485719115,1.99775
6000,997.8,0.7485663074,1.9978
6000,997.85,0.7485607073,1.99785
6000,997.9,0.748555111,1.9979
6000,997.95,0.7485495187,1.99795
6000,998,0.7485439302,1.998
6000,998.05,0.7485383456,1.99805
6000,998.1,0.7485327649,1.9981
6000,998.15,0.7485271881,1.99815
6000,998.2,0.7485216152,1.9982
6000,998.25,0.7485160462,1.99825
6000,998.3,0.748510481,1.9983
6000,998.35,0.7485049198,1.99835
6000,998.4,0.7484993624,1.9984
6000,998.45,0.7484938088,1.99845
6000,998.5,0.7484882592,1.9985
6000,998.55,0.7484827134,1.99855
6000,998.6,0.7484771714,1.9986
6000,998.65,0.7484716334,1.99865
6000,998.7,0.7484660992,1.9987
6000,998.75,0.7484605688,1.99875
6000,998.8,0.7484550424,1.9988
6000,998.85,0.7484495197,1.99885
6000,998.9,0.748444001,1.9989
6000,998.95,0.748438486,1.99895
6000,999,0.748432975,1.999
6000,999.05,0.7484274677,1.99905
6000,999.1,0.7484219643,1.9991
6000,999.15,0.7484164648,1.99915
6000,999.2,0.7484109691,1.9992
6000,999.25,0.7484054772,1.99925
6000,999.3,0.7483999892,1.9993
6000,999.35,0.748394505,1.99935
6000,999.4,0.7483890247,1.9994
6000,999.45,0.7483835481,1.99945
6000,999.5,0.7483780754,1.9995
6000,999.55,0.7483726065,1.99955
6000,999.6,0.7483671415,1.9996
6000,999.65,0.7483616802,1.99965
6000,999.7,0.7483562228,1.9997
6000,999.75,0.7483507692,1.99975
6000,999.8,0.7483453194,1.9998
6000,999.85,0.7483398734,1.99985
6000,999.9,0.7483344312,1.9999
6000,999.95,0.7483289929,1.99995
6000,1000,0.7483235583,2
