# macdonald-short-sub2sup — MacDonald 100 m channel, transonic at x = 50 m
# SWASHES 3.2.2 (sub-to-supercritical); Delestre et al. 2013, doi 10.1002/fld.3741
# Independent Python implementation (swasheslib/analytic.py); no SWASHES-tool output vendored.
# grid: 4001 stations (20x model resolution nx=200)
t_s,x_m,h_m,q_m2_per_s
1800,0,0.9887103139,2
1800,0.025,0.9885558433,2
1800,0.05,0.9884014037,2
1800,0.075,0.988246995,2
1800,0.1,0.9880926171,2
1800,0.125,0.9879382702,2
1800,0.15,0.9877839541,2
1800,0.175,0.987629669,2
1800,0.2,0.9874754147,2
1800,0.225,0.9873211913,2
1800,0.25,0.9871669989,2
1800,0.275,0.9870128373,2
1800,0.3,0.9868587066,2
1800,0.325,0.9867046069,2
1800,0.35,0.986550538,2
1800,0.375,0.9863965,2
1800,0.4,0.9862424929,2
1800,0.425,0.9860885168,2
1800,0.45,0.9859345715,2
1800,0.475,0.9857806571,2
1800,0.5,0.9856267736,2
1800,0.525,0.985472921,2
1800,0.55,0.9853190993,2
1800,0.575,0.9851653085,2
1800,0.6,0.9850115486,2
1800,0.625,0.9848578196,2
1800,0.65,0.9847041215,2
1800,0.675,0.9845504543,2
1800,0.7,0.984396818,2
1800,0.725,0.9842432125,2
1800,0.75,0.984089638,2
1800,0.775,0.9839360944,2
1800,0.8,0.9837825817,2
1800,0.825,0.9836290999,2
1800,0.85,0.9834756489,2
1800,0.875,0.9833222289,2
1800,0.9,0.9831688398,2
1800,0.925,0.9830154815,2
1800,0.95,0.9828621542,2
1800,0.975,0.9827088577,2
1800,1,0.9825555922,2
1800,1.025,0.9824023575,2
1800,1.05,0.9822491538,2
1800,1.075,0.9820959809,2
1800,1.1,0.981942839,2
1800,1.125,0.9817897279,2
1800,1.15,0.9816366477,2
1800,1.175,0.9814835985,2
1800,1.2,0.9813305801,2
1800,1.225,0.9811775926,2
1800,1.25,0.9810246361,2
1800,1.275,0.9808717104,2
1800,1.3,0.9807188156,2
1800,1.325,0.9805659517,2
1800,1.35,0.9804131187,2
1800,1.375,0.9802603166,2
1800,1.4,0.9801075454,2
1800,1.425,0.9799548052,2
1800,1.45,0.9798020958,2
1800,1.475,0.9796494173,2
1800,1.5,0.9794967696,2
1800,1.525,0.9793441529,2
1800,1.55,0.9791915671,2
1800,1.575,0.9790390122,2
1800,1.6,0.9788864882,2
1800,1.625,0.9787339951,2
1800,1.65,0.9785815329,2
1800,1.675,0.9784291015,2
1800,1.7,0.9782767011,2
1800,1.725,0.9781243316,2
1800,1.75,0.977971993,2
1800,1.775,0.9778196852,2
1800,1.8,0.9776674084,2
1800,1.825,0.9775151625,2
1800,1.85,0.9773629474,2
1800,1.875,0.9772107633,2
1800,1.9,0.97705861,2
1800,1.925,0.9769064877,2
1800,1.95,0.9767543962,2
1800,1.975,0.9766023357,2
1800,2,0.976450306,2
1800,2.025,0.9762983072,2
1800,2.05,0.9761463394,2
1800,2.075,0.9759944024,2
1800,2.1,0.9758424963,2
1800,2.125,0.9756906212,2
1800,2.15,0.9755387769,2
1800,2.175,0.9753869635,2
1800,2.2,0.975235181,2
1800,2.225,0.9750834294,2
1800,2.25,0.9749317087,2
1800,2.275,0.974780019,2
1800,2.3,0.9746283601,2
1800,2.325,0.9744767321,2
1800,2.35,0.974325135,2
1800,2.375,0.9741735688,2
1800,2.4,0.9740220335,2
1800,2.425,0.9738705291,2
1800,2.45,0.9737190555,2
1800,2.475,0.9735676129,2
1800,2.5,0.9734162012,2
1800,2.525,0.9732648204,2
1800,2.55,0.9731134705,2
1800,2.575,0.9729621515,2
1800,2.6,0.9728108633,2
1800,2.625,0.9726596061,2
1800,2.65,0.9725083798,2
1800,2.675,0.9723571843,2
1800,2.7,0.9722060198,2
1800,2.725,0.9720548862,2
1800,2.75,0.9719037834,2
1800,2.775,0.9717527116,2
1800,2.8,0.9716016706,2
1800,2.825,0.9714506606,2
1800,2.85,0.9712996814,2
1800,2.875,0.9711487332,2
1800,2.9,0.9709978158,2
1800,2.925,0.9708469293,2
1800,2.95,0.9706960738,2
1800,2.975,0.9705452491,2
1800,3,0.9703944553,2
1800,3.025,0.9702436924,2
1800,3.05,0.9700929605,2
1800,3.075,0.9699422594,2
1800,3.1,0.9697915892,2
1800,3.125,0.9696409499,2
1800,3.15,0.9694903415,2
1800,3.175,0.969339764,2
1800,3.2,0.9691892174,2
1800,3.225,0.9690387018,2
1800,3.25,0.968888217,2
1800,3.275,0.9687377631,2
1800,3.3,0.96858734,2
1800,3.325,0.9684369479,2
1800,3.35,0.9682865867,2
1800,3.375,0.9681362564,2
1800,3.4,0.967985957,2
1800,3.425,0.9678356885,2
1800,3.45,0.9676854509,2
1800,3.475,0.9675352441,2
1800,3.5,0.9673850683,2
1800,3.525,0.9672349234,2
1800,3.55,0.9670848093,2
1800,3.575,0.9669347262,2
1800,3.6,0.966784674,2
1800,3.625,0.9666346526,2
1800,3.65,0.9664846622,2
1800,3.675,0.9663347026,2
1800,3.7,0.966184774,2
1800,3.725,0.9660348762,2
1800,3.75,0.9658850094,2
1800,3.775,0.9657351734,2
1800,3.8,0.9655853684,2
1800,3.825,0.9654355942,2
1800,3.85,0.9652858509,2
1800,3.875,0.9651361386,2
1800,3.9,0.9649864571,2
1800,3.925,0.9648368065,2
1800,3.95,0.9646871868,2
1800,3.975,0.964537598,2
1800,4,0.9643880402,2
1800,4.025,0.9642385132,2
1800,4.05,0.9640890171,2
1800,4.075,0.9639395519,2
1800,4.1,0.9637901176,2
1800,4.125,0.9636407142,2
1800,4.15,0.9634913417,2
1800,4.175,0.9633420001,2
1800,4.2,0.9631926894,2
1800,4.225,0.9630434096,2
1800,4.25,0.9628941607,2
1800,4.275,0.9627449427,2
1800,4.3,0.9625957555,2
1800,4.325,0.9624465993,2
1800,4.35,0.962297474,2
1800,4.375,0.9621483796,2
1800,4.4,0.961999316,2
1800,4.425,0.9618502834,2
1800,4.45,0.9617012817,2
1800,4.475,0.9615523108,2
1800,4.5,0.9614033709,2
1800,4.525,0.9612544619,2
1800,4.55,0.9611055837,2
1800,4.575,0.9609567365,2
1800,4.6,0.9608079201,2
1800,4.625,0.9606591347,2
1800,4.65,0.9605103801,2
1800,4.675,0.9603616564,2
1800,4.7,0.9602129637,2
1800,4.725,0.9600643018,2
1800,4.75,0.9599156709,2
1800,4.775,0.9597670708,2
1800,4.8,0.9596185016,2
1800,4.825,0.9594699633,2
1800,4.85,0.959321456,2
1800,4.875,0.9591729795,2
1800,4.9,0.9590245339,2
1800,4.925,0.9588761192,2
1800,4.95,0.9587277354,2
1800,4.975,0.9585793825,2
1800,5,0.9584310605,2
1800,5.025,0.9582827694,2
1800,5.05,0.9581345092,2
1800,5.075,0.9579862799,2
1800,5.1,0.9578380815,2
1800,5.125,0.957689914,2
1800,5.15,0.9575417774,2
1800,5.175,0.9573936717,2
1800,5.2,0.9572455969,2
1800,5.225,0.9570975529,2
1800,5.25,0.9569495399,2
1800,5.275,0.9568015578,2
1800,5.3,0.9566536066,2
1800,5.325,0.9565056862,2
1800,5.35,0.9563577968,2
1800,5.375,0.9562099383,2
1800,5.4,0.9560621106,2
1800,5.425,0.9559143139,2
1800,5.45,0.955766548,2
1800,5.475,0.9556188131,2
1800,5.5,0.955471109,2
1800,5.525,0.9553234359,2
1800,5.55,0.9551757936,2
1800,5.575,0.9550281823,2
1800,5.6,0.9548806018,2
1800,5.625,0.9547330522,2
1800,5.65,0.9545855336,2
1800,5.675,0.9544380458,2
1800,5.7,0.9542905889,2
1800,5.725,0.9541431629,2
1800,5.75,0.9539957679,2
1800,5.775,0.9538484037,2
1800,5.8,0.9537010704,2
1800,5.825,0.953553768,2
1800,5.85,0.9534064965,2
1800,5.875,0.9532592559,2
1800,5.9,0.9531120462,2
1800,5.925,0.9529648674,2
1800,5.95,0.9528177195,2
1800,5.975,0.9526706025,2
1800,6,0.9525235164,2
1800,6.025,0.9523764612,2
1800,6.05,0.9522294369,2
1800,6.075,0.9520824435,2
1800,6.1,0.9519354809,2
1800,6.125,0.9517885493,2
1800,6.15,0.9516416486,2
1800,6.175,0.9514947788,2
1800,6.2,0.9513479398,2
1800,6.225,0.9512011318,2
1800,6.25,0.9510543547,2
1800,6.275,0.9509076084,2
1800,6.3,0.9507608931,2
1800,6.325,0.9506142086,2
1800,6.35,0.9504675551,2
1800,6.375,0.9503209324,2
1800,6.4,0.9501743407,2
1800,6.425,0.9500277798,2
1800,6.45,0.9498812499,2
1800,6.475,0.9497347508,2
1800,6.5,0.9495882827,2
1800,6.525,0.9494418454,2
1800,6.55,0.949295439,2
1800,6.575,0.9491490635,2
1800,6.6,0.949002719,2
1800,6.625,0.9488564053,2
1800,6.65,0.9487101225,2
1800,6.675,0.9485638706,2
1800,6.7,0.9484176496,2
1800,6.725,0.9482714596,2
1800,6.75,0.9481253004,2
1800,6.775,0.9479791721,2
1800,6.8,0.9478330747,2
1800,6.825,0.9476870082,2
1800,6.85,0.9475409726,2
1800,6.875,0.9473949679,2
1800,6.9,0.9472489941,2
1800,6.925,0.9471030511,2
1800,6.95,0.9469571391,2
1800,6.975,0.946811258,2
1800,7,0.9466654078,2
1800,7.025,0.9465195885,2
1800,7.05,0.9463738,2
1800,7.075,0.9462280425,2
1800,7.1,0.9460823159,2
1800,7.125,0.9459366201,2
1800,7.15,0.9457909553,2
1800,7.175,0.9456453214,2
1800,7.2,0.9454997183,2
1800,7.225,0.9453541462,2
1800,7.25,0.9452086049,2
1800,7.275,0.9450630946,2
1800,7.3,0.9449176151,2
1800,7.325,0.9447721666,2
1800,7.35,0.9446267489,2
1800,7.375,0.9444813622,2
1800,7.4,0.9443360063,2
1800,7.425,0.9441906813,2
1800,7.45,0.9440453873,2
1800,7.475,0.9439001241,2
1800,7.5,0.9437548918,2
1800,7.525,0.9436096904,2
1800,7.55,0.9434645199,2
1800,7.575,0.9433193804,2
1800,7.6,0.9431742717,2
1800,7.625,0.9430291939,2
1800,7.65,0.942884147,2
1800,7.675,0.942739131,2
1800,7.7,0.9425941459,2
1800,7.725,0.9424491917,2
1800,7.75,0.9423042684,2
1800,7.775,0.942159376,2
1800,7.8,0.9420145145,2
1800,7.825,0.9418696839,2
1800,7.85,0.9417248841,2
1800,7.875,0.9415801153,2
1800,7.9,0.9414353774,2
1800,7.925,0.9412906704,2
1800,7.95,0.9411459943,2
1800,7.975,0.941001349,2
1800,8,0.9408567347,2
1800,8.025,0.9407121513,2
1800,8.05,0.9405675987,2
1800,8.075,0.9404230771,2
1800,8.1,0.9402785863,2
1800,8.125,0.9401341265,2
1800,8.15,0.9399896975,2
1800,8.175,0.9398452995,2
1800,8.2,0.9397009323,2
1800,8.225,0.9395565961,2
1800,8.25,0.9394122907,2
1800,8.275,0.9392680163,2
1800,8.3,0.9391237727,2
1800,8.325,0.93897956,2
1800,8.35,0.9388353783,2
1800,8.375,0.9386912274,2
1800,8.4,0.9385471074,2
1800,8.425,0.9384030183,2
1800,8.45,0.9382589601,2
1800,8.475,0.9381149329,2
1800,8.5,0.9379709365,2
1800,8.525,0.937826971,2
1800,8.55,0.9376830364,2
1800,8.575,0.9375391327,2
1800,8.6,0.9373952599,2
1800,8.625,0.937251418,2
1800,8.65,0.937107607,2
1800,8.675,0.9369638269,2
1800,8.7,0.9368200777,2
1800,8.725,0.9366763593,2
1800,8.75,0.9365326719,2
1800,8.775,0.9363890154,2
1800,8.8,0.9362453898,2
1800,8.825,0.9361017951,2
1800,8.85,0.9359582312,2
1800,8.875,0.9358146983,2
1800,8.9,0.9356711963,2
1800,8.925,0.9355277251,2
1800,8.95,0.9353842849,2
1800,8.975,0.9352408756,2
1800,9,0.9350974971,2
1800,9.025,0.9349541496,2
1800,9.05,0.9348108329,2
1800,9.075,0.9346675472,2
1800,9.1,0.9345242923,2
1800,9.125,0.9343810684,2
1800,9.15,0.9342378753,2
1800,9.175,0.9340947131,2
1800,9.2,0.9339515819,2
1800,9.225,0.9338084815,2
1800,9.25,0.933665412,2
1800,9.275,0.9335223734,2
1800,9.3,0.9333793658,2
1800,9.325,0.933236389,2
1800,9.35,0.9330934431,2
1800,9.375,0.9329505281,2
1800,9.4,0.932807644,2
1800,9.425,0.9326647908,2
1800,9.45,0.9325219685,2
1800,9.475,0.9323791771,2
1800,9.5,0.9322364166,2
1800,9.525,0.932093687,2
1800,9.55,0.9319509883,2
1800,9.575,0.9318083205,2
1800,9.6,0.9316656836,2
1800,9.625,0.9315230776,2
1800,9.65,0.9313805025,2
1800,9.675,0.9312379583,2
1800,9.7,0.9310954449,2
1800,9.725,0.9309529625,2
1800,9.75,0.930810511,2
1800,9.775,0.9306680904,2
1800,9.8,0.9305257006,2
1800,9.825,0.9303833418,2
1800,9.85,0.9302410138,2
1800,9.875,0.9300987168,2
1800,9.9,0.9299564507,2
1800,9.925,0.9298142154,2
1800,9.95,0.9296720111,2
1800,9.975,0.9295298376,2
1800,10,0.9293876951,2
1800,10.025,0.9292455834,2
1800,10.05,0.9291035026,2
1800,10.075,0.9289614528,2
1800,10.1,0.9288194338,2
1800,10.125,0.9286774457,2
1800,10.15,0.9285354886,2
1800,10.175,0.9283935623,2
1800,10.2,0.9282516669,2
1800,10.225,0.9281098024,2
1800,10.25,0.9279679688,2
1800,10.275,0.9278261662,2
1800,10.3,0.9276843944,2
1800,10.325,0.9275426535,2
1800,10.35,0.9274009435,2
1800,10.375,0.9272592644,2
1800,10.4,0.9271176162,2
1800,10.425,0.9269759989,2
1800,10.45,0.9268344125,2
1800,10.475,0.926692857,2
1800,10.5,0.9265513323,2
1800,10.525,0.9264098386,2
1800,10.55,0.9262683758,2
1800,10.575,0.9261269439,2
1800,10.6,0.9259855429,2
1800,10.625,0.9258441727,2
1800,10.65,0.9257028335,2
1800,10.675,0.9255615252,2
1800,10.7,0.9254202477,2
1800,10.725,0.9252790012,2
1800,10.75,0.9251377856,2
1800,10.775,0.9249966008,2
1800,10.8,0.924855447,2
1800,10.825,0.924714324,2
1800,10.85,0.924573232,2
1800,10.875,0.9244321708,2
1800,10.9,0.9242911406,2
1800,10.925,0.9241501412,2
1800,10.95,0.9240091727,2
1800,10.975,0.9238682352,2
1800,11,0.9237273285,2
1800,11.025,0.9235864527,2
1800,11.05,0.9234456079,2
1800,11.075,0.9233047939,2
1800,11.1,0.9231640108,2
1800,11.125,0.9230232586,2
1800,11.15,0.9228825373,2
1800,11.175,0.922741847,2
1800,11.2,0.9226011875,2
1800,11.225,0.9224605589,2
1800,11.25,0.9223199612,2
1800,11.275,0.9221793944,2
1800,11.3,0.9220388585,2
1800,11.325,0.9218983535,2
1800,11.35,0.9217578794,2
1800,11.375,0.9216174361,2
1800,11.4,0.9214770238,2
1800,11.425,0.9213366424,2
1800,11.45,0.9211962919,2
1800,11.475,0.9210559723,2
1800,11.5,0.9209156836,2
1800,11.525,0.9207754257,2
1800,11.55,0.9206351988,2
1800,11.575,0.9204950028,2
1800,11.6,0.9203548376,2
1800,11.625,0.9202147034,2
1800,11.65,0.9200746,2
1800,11.675,0.9199345276,2
1800,11.7,0.9197944861,2
1800,11.725,0.9196544754,2
1800,11.75,0.9195144957,2
1800,11.775,0.9193745468,2
1800,11.8,0.9192346288,2
1800,11.825,0.9190947418,2
1800,11.85,0.9189548856,2
1800,11.875,0.9188150603,2
1800,11.9,0.918675266,2
1800,11.925,0.9185355025,2
1800,11.95,0.9183957699,2
1800,11.975,0.9182560683,2
1800,12,0.9181163975,2
1800,12.025,0.9179767576,2
1800,12.05,0.9178371486,2
1800,12.075,0.9176975705,2
1800,12.1,0.9175580233,2
1800,12.125,0.917418507,2
1800,12.15,0.9172790216,2
1800,12.175,0.9171395671,2
1800,12.2,0.9170001435,2
1800,12.225,0.9168607508,2
1800,12.25,0.916721389,2
1800,12.275,0.9165820581,2
1800,12.3,0.9164427581,2
1800,12.325,0.916303489,2
1800,12.35,0.9161642508,2
1800,12.375,0.9160250434,2
1800,12.4,0.915885867,2
1800,12.425,0.9157467215,2
1800,12.45,0.9156076068,2
1800,12.475,0.9154685231,2
1800,12.5,0.9153294703,2
1800,12.525,0.9151904483,2
1800,12.55,0.9150514573,2
1800,12.575,0.9149124972,2
1800,12.6,0.9147735679,2
1800,12.625,0.9146346696,2
1800,12.65,0.9144958021,2
1800,12.675,0.9143569655,2
1800,12.7,0.9142181599,2
1800,12.725,0.9140793851,2
1800,12.75,0.9139406413,2
1800,12.775,0.9138019283,2
1800,12.8,0.9136632462,2
1800,12.825,0.913524595,2
1800,12.85,0.9133859748,2
1800,12.875,0.9132473854,2
1800,12.9,0.9131088269,2
1800,12.925,0.9129702993,2
1800,12.95,0.9128318026,2
1800,12.975,0.9126933369,2
1800,13,0.912554902,2
1800,13.025,0.912416498,2
1800,13.05,0.9122781249,2
1800,13.075,0.9121397827,2
1800,13.1,0.9120014714,2
1800,13.125,0.911863191,2
1800,13.15,0.9117249414,2
1800,13.175,0.9115867228,2
1800,13.2,0.9114485351,2
1800,13.225,0.9113103783,2
1800,13.25,0.9111722524,2
1800,13.275,0.9110341574,2
1800,13.3,0.9108960932,2
1800,13.325,0.91075806,2
1800,13.35,0.9106200577,2
1800,13.375,0.9104820862,2
1800,13.4,0.9103441457,2
1800,13.425,0.9102062361,2
1800,13.45,0.9100683573,2
1800,13.475,0.9099305095,2
1800,13.5,0.9097926925,2
1800,13.525,0.9096549065,2
1800,13.55,0.9095171513,2
1800,13.575,0.9093794271,2
1800,13.6,0.9092417337,2
1800,13.625,0.9091040712,2
1800,13.65,0.9089664397,2
1800,13.675,0.908828839,2
1800,13.7,0.9086912692,2
1800,13.725,0.9085537304,2
1800,13.75,0.9084162224,2
1800,13.775,0.9082787453,2
1800,13.8,0.9081412991,2
1800,13.825,0.9080038838,2
1800,13.85,0.9078664994,2
1800,13.875,0.907729146,2
1800,13.9,0.9075918234,2
1800,13.925,0.9074545317,2
1800,13.95,0.9073172709,2
1800,13.975,0.907180041,2
1800,14,0.907042842,2
1800,14.025,0.9069056739,2
1800,14.05,0.9067685366,2
1800,14.075,0.9066314303,2
1800,14.1,0.9064943549,2
1800,14.125,0.9063573104,2
1800,14.15,0.9062202968,2
1800,14.175,0.906083314,2
1800,14.2,0.9059463622,2
1800,14.225,0.9058094413,2
1800,14.25,0.9056725513,2
1800,14.275,0.9055356921,2
1800,14.3,0.9053988639,2
1800,14.325,0.9052620665,2
1800,14.35,0.9051253001,2
1800,14.375,0.9049885646,2
1800,14.4,0.9048518599,2
1800,14.425,0.9047151862,2
1800,14.45,0.9045785433,2
1800,14.475,0.9044419313,2
1800,14.5,0.9043053503,2
1800,14.525,0.9041688001,2
1800,14.55,0.9040322808,2
1800,14.575,0.9038957925,2
1800,14.6,0.903759335,2
1800,14.625,0.9036229084,2
1800,14.65,0.9034865128,2
1800,14.675,0.903350148,2
1800,14.7,0.9032138141,2
1800,14.725,0.9030775111,2
1800,14.75,0.902941239,2
1800,14.775,0.9028049978,2
1800,14.8,0.9026687875,2
1800,14.825,0.9025326081,2
1800,14.85,0.9023964596,2
1800,14.875,0.902260342,2
1800,14.9,0.9021242553,2
1800,14.925,0.9019881995,2
1800,14.95,0.9018521746,2
1800,14.975,0.9017161806,2
1800,15,0.9015802175,2
1800,15.025,0.9014442853,2
1800,15.05,0.9013083839,2
1800,15.075,0.9011725135,2
1800,15.1,0.901036674,2
1800,15.125,0.9009008654,2
1800,15.15,0.9007650876,2
1800,15.175,0.9006293408,2
1800,15.2,0.9004936248,2
1800,15.225,0.9003579398,2
1800,15.25,0.9002222857,2
1800,15.275,0.9000866624,2
1800,15.3,0.8999510701,2
1800,15.325,0.8998155086,2
1800,15.35,0.899679978,2
1800,15.375,0.8995444784,2
1800,15.4,0.8994090096,2
1800,15.425,0.8992735718,2
1800,15.45,0.8991381648,2
1800,15.475,0.8990027887,2
1800,15.5,0.8988674436,2
1800,15.525,0.8987321293,2
1800,15.55,0.8985968459,2
1800,15.575,0.8984615934,2
1800,15.6,0.8983263718,2
1800,15.625,0.8981911811,2
1800,15.65,0.8980560214,2
1800,15.675,0.8979208925,2
1800,15.7,0.8977857945,2
1800,15.725,0.8976507274,2
1800,15.75,0.8975156912,2
1800,15.775,0.8973806859,2
1800,15.8,0.8972457115,2
1800,15.825,0.897110768,2
1800,15.85,0.8969758553,2
1800,15.875,0.8968409736,2
1800,15.9,0.8967061228,2
1800,15.925,0.8965713029,2
1800,15.95,0.8964365139,2
1800,15.975,0.8963017557,2
1800,16,0.8961670285,2
1800,16.025,0.8960323322,2
1800,16.05,0.8958976667,2
1800,16.075,0.8957630322,2
1800,16.1,0.8956284286,2
1800,16.125,0.8954938558,2
1800,16.15,0.895359314,2
1800,16.175,0.895224803,2
1800,16.2,0.895090323,2
1800,16.225,0.8949558738,2
1800,16.25,0.8948214556,2
1800,16.275,0.8946870682,2
1800,16.3,0.8945527117,2
1800,16.325,0.8944183862,2
1800,16.35,0.8942840915,2
1800,16.375,0.8941498277,2
1800,16.4,0.8940155949,2
1800,16.425,0.8938813929,2
1800,16.45,0.8937472218,2
1800,16.475,0.8936130816,2
1800,16.5,0.8934789723,2
1800,16.525,0.893344894,2
1800,16.55,0.8932108465,2
1800,16.575,0.8930768299,2
1800,16.6,0.8929428442,2
1800,16.625,0.8928088894,2
1800,16.65,0.8926749655,2
1800,16.675,0.8925410725,2
1800,16.7,0.8924072104,2
1800,16.725,0.8922733792,2
1800,16.75,0.8921395788,2
1800,16.775,0.8920058094,2
1800,16.8,0.8918720709,2
1800,16.825,0.8917383633,2
1800,16.85,0.8916046866,2
1800,16.875,0.8914710407,2
1800,16.9,0.8913374258,2
1800,16.925,0.8912038418,2
1800,16.95,0.8910702886,2
1800,16.975,0.8909367664,2
1800,17,0.8908032751,2
1800,17.025,0.8906698146,2
1800,17.05,0.8905363851,2
1800,17.075,0.8904029864,2
1800,17.1,0.8902696187,2
1800,17.125,0.8901362818,2
1800,17.15,0.8900029758,2
1800,17.175,0.8898697008,2
1800,17.2,0.8897364566,2
1800,17.225,0.8896032434,2
1800,17.25,0.889470061,2
1800,17.275,0.8893369095,2
1800,17.3,0.8892037889,2
1800,17.325,0.8890706993,2
1800,17.35,0.8889376405,2
1800,17.375,0.8888046126,2
1800,17.4,0.8886716156,2
1800,17.425,0.8885386495,2
1800,17.45,0.8884057143,2
1800,17.475,0.88827281,2
1800,17.5,0.8881399366,2
1800,17.525,0.8880070941,2
1800,17.55,0.8878742825,2
1800,17.575,0.8877415018,2
1800,17.6,0.887608752,2
1800,17.625,0.8874760331,2
1800,17.65,0.8873433451,2
1800,17.675,0.887210688,2
1800,17.7,0.8870780618,2
1800,17.725,0.8869454664,2
1800,17.75,0.886812902,2
1800,17.775,0.8866803685,2
1800,17.8,0.8865478659,2
1800,17.825,0.8864153941,2
1800,17.85,0.8862829533,2
1800,17.875,0.8861505434,2
1800,17.9,0.8860181643,2
1800,17.925,0.8858858162,2
1800,17.95,0.8857534989,2
1800,17.975,0.8856212126,2
1800,18,0.8854889571,2
1800,18.025,0.8853567326,2
1800,18.05,0.8852245389,2
1800,18.075,0.8850923761,2
1800,18.1,0.8849602443,2
1800,18.125,0.8848281433,2
1800,18.15,0.8846960732,2
1800,18.175,0.8845640341,2
1800,18.2,0.8844320258,2
1800,18.225,0.8843000484,2
1800,18.25,0.8841681019,2
1800,18.275,0.8840361863,2
1800,18.3,0.8839043017,2
1800,18.325,0.8837724479,2
1800,18.35,0.883640625,2
1800,18.375,0.883508833,2
1800,18.4,0.8833770719,2
1800,18.425,0.8832453417,2
1800,18.45,0.8831136424,2
1800,18.475,0.882981974,2
1800,18.5,0.8828503365,2
1800,18.525,0.8827187299,2
1800,18.55,0.8825871541,2
1800,18.575,0.8824556093,2
1800,18.6,0.8823240954,2
1800,18.625,0.8821926124,2
1800,18.65,0.8820611603,2
1800,18.675,0.881929739,2
1800,18.7,0.8817983487,2
1800,18.725,0.8816669893,2
1800,18.75,0.8815356607,2
1800,18.775,0.8814043631,2
1800,18.8,0.8812730963,2
1800,18.825,0.8811418605,2
1800,18.85,0.8810106555,2
1800,18.875,0.8808794815,2
1800,18.9,0.8807483383,2
1800,18.925,0.8806172261,2
1800,18.95,0.8804861447,2
1800,18.975,0.8803550943,2
1800,19,0.8802240747,2
1800,19.025,0.880093086,2
1800,19.05,0.8799621283,2
1800,19.075,0.8798312014,2
1800,19.1,0.8797003054,2
1800,19.125,0.8795694403,2
1800,19.15,0.8794386061,2
1800,19.175,0.8793078029,2
1800,19.2,0.8791770305,2
1800,19.225,0.879046289,2
1800,19.25,0.8789155784,2
1800,19.275,0.8787848987,2
1800,19.3,0.8786542499,2
1800,19.325,0.878523632,2
1800,19.35,0.878393045,2
1800,19.375,0.8782624889,2
1800,19.4,0.8781319637,2
1800,19.425,0.8780014694,2
1800,19.45,0.8778710059,2
1800,19.475,0.8777405734,2
1800,19.5,0.8776101718,2
1800,19.525,0.8774798011,2
1800,19.55,0.8773494613,2
1800,19.575,0.8772191523,2
1800,19.6,0.8770888743,2
1800,19.625,0.8769586272,2
1800,19.65,0.8768284109,2
1800,19.675,0.8766982256,2
1800,19.7,0.8765680711,2
1800,19.725,0.8764379476,2
1800,19.75,0.8763078549,2
1800,19.775,0.8761777932,2
1800,19.8,0.8760477623,2
1800,19.825,0.8759177624,2
1800,19.85,0.8757877933,2
1800,19.875,0.8756578551,2
1800,19.9,0.8755279479,2
1800,19.925,0.8753980715,2
1800,19.95,0.875268226,2
1800,19.975,0.8751384115,2
1800,20,0.8750086278,2
1800,20.025,0.874878875,2
1800,20.05,0.8747491531,2
1800,20.075,0.8746194621,2
1800,20.1,0.8744898021,2
1800,20.125,0.8743601729,2
1800,20.15,0.8742305746,2
1800,20.175,0.8741010072,2
1800,20.2,0.8739714707,2
1800,20.225,0.8738419651,2
1800,20.25,0.8737124904,2
1800,20.275,0.8735830466,2
1800,20.3,0.8734536336,2
1800,20.325,0.8733242516,2
1800,20.35,0.8731949005,2
1800,20.375,0.8730655803,2
1800,20.4,0.872936291,2
1800,20.425,0.8728070325,2
1800,20.45,0.872677805,2
1800,20.475,0.8725486084,2
1800,20.5,0.8724194427,2
1800,20.525,0.8722903078,2
1800,20.55,0.8721612039,2
1800,20.575,0.8720321308,2
1800,20.6,0.8719030887,2
1800,20.625,0.8717740774,2
1800,20.65,0.8716450971,2
1800,20.675,0.8715161476,2
1800,20.7,0.8713872291,2
1800,20.725,0.8712583414,2
1800,20.75,0.8711294847,2
1800,20.775,0.8710006588,2
1800,20.8,0.8708718638,2
1800,20.825,0.8707430998,2
1800,20.85,0.8706143666,2
1800,20.875,0.8704856643,2
1800,20.9,0.8703569929,2
1800,20.925,0.8702283525,2
1800,20.95,0.8700997429,2
1800,20.975,0.8699711642,2
1800,21,0.8698426164,2
1800,21.025,0.8697140995,2
1800,21.05,0.8695856135,2
1800,21.075,0.8694571584,2
1800,21.1,0.8693287342,2
1800,21.125,0.8692003409,2
1800,21.15,0.8690719785,2
1800,21.175,0.868943647,2
1800,21.2,0.8688153464,2
1800,21.225,0.8686870767,2
1800,21.25,0.8685588379,2
1800,21.275,0.8684306299,2
1800,21.3,0.8683024529,2
1800,21.325,0.8681743068,2
1800,21.35,0.8680461916,2
1800,21.375,0.8679181072,2
1800,21.4,0.8677900538,2
1800,21.425,0.8676620313,2
1800,21.45,0.8675340396,2
1800,21.475,0.8674060789,2
1800,21.5,0.867278149,2
1800,21.525,0.8671502501,2
1800,21.55,0.867022382,2
1800,21.575,0.8668945449,2
1800,21.6,0.8667667386,2
1800,21.625,0.8666389633,2
1800,21.65,0.8665112188,2
1800,21.675,0.8663835052,2
1800,21.7,0.8662558226,2
1800,21.725,0.8661281708,2
1800,21.75,0.8660005499,2
1800,21.775,0.8658729599,2
1800,21.8,0.8657454009,2
1800,21.825,0.8656178727,2
1800,21.85,0.8654903754,2
1800,21.875,0.865362909,2
1800,21.9,0.8652354735,2
1800,21.925,0.8651080689,2
1800,21.95,0.8649806952,2
1800,21.975,0.8648533524,2
1800,22,0.8647260405,2
1800,22.025,0.8645987595,2
1800,22.05,0.8644715094,2
1800,22.075,0.8643442902,2
1800,22.1,0.8642171019,2
1800,22.125,0.8640899445,2
1800,22.15,0.863962818,2
1800,22.175,0.8638357223,2
1800,22.2,0.8637086576,2
1800,22.225,0.8635816238,2
1800,22.25,0.8634546209,2
1800,22.275,0.8633276488,2
1800,22.3,0.8632007077,2
1800,22.325,0.8630737975,2
1800,22.35,0.8629469181,2
1800,22.375,0.8628200697,2
1800,22.4,0.8626932521,2
1800,22.425,0.8625664655,2
1800,22.45,0.8624397097,2
1800,22.475,0.8623129849,2
1800,22.5,0.8621862909,2
1800,22.525,0.8620596278,2
1800,22.55,0.8619329957,2
1800,22.575,0.8618063944,2
1800,22.6,0.861679824,2
1800,22.625,0.8615532846,2
1800,22.65,0.861426776,2
1800,22.675,0.8613002983,2
1800,22.7,0.8611738515,2
1800,22.725,0.8610474357,2
1800,22.75,0.8609210507,2
1800,22.775,0.8607946966,2
1800,22.8,0.8606683734,2
1800,22.825,0.8605420811,2
1800,22.85,0.8604158197,2
1800,22.875,0.8602895892,2
1800,22.9,0.8601633896,2
1800,22.925,0.8600372209,2
1800,22.95,0.8599110831,2
1800,22.975,0.8597849762,2
1800,23,0.8596589002,2
1800,23.025,0.8595328551,2
1800,23.05,0.8594068408,2
1800,23.075,0.8592808575,2
1800,23.1,0.8591549051,2
1800,23.125,0.8590289836,2
1800,23.15,0.8589030929,2
1800,23.175,0.8587772332,2
1800,23.2,0.8586514044,2
1800,23.225,0.8585256064,2
1800,23.25,0.8583998394,2
1800,23.275,0.8582741032,2
1800,23.3,0.858148398,2
1800,23.325,0.8580227236,2
1800,23.35,0.8578970802,2
1800,23.375,0.8577714676,2
1800,23.4,0.857645886,2
1800,23.425,0.8575203352,2
1800,23.45,0.8573948153,2
1800,23.475,0.8572693264,2
1800,23.5,0.8571438683,2
1800,23.525,0.8570184411,2
1800,23.55,0.8568930449,2
1800,23.575,0.8567676795,2
1800,23.6,0.856642345,2
1800,23.625,0.8565170414,2
1800,23.65,0.8563917687,2
1800,23.675,0.8562665269,2
1800,23.7,0.856141316,2
1800,23.725,0.8560161361,2
1800,23.75,0.855890987,2
1800,23.775,0.8557658688,2
1800,23.8,0.8556407815,2
1800,23.825,0.855515725,2
1800,23.85,0.8553906995,2
1800,23.875,0.8552657049,2
1800,23.9,0.8551407412,2
1800,23.925,0.8550158084,2
1800,23.95,0.8548909065,2
1800,23.975,0.8547660354,2
1800,24,0.8546411953,2
1800,24.025,0.8545163861,2
1800,24.05,0.8543916078,2
1800,24.075,0.8542668603,2
1800,24.1,0.8541421438,2
1800,24.125,0.8540174582,2
1800,24.15,0.8538928034,2
1800,24.175,0.8537681796,2
1800,24.2,0.8536435866,2
1800,24.225,0.8535190246,2
1800,24.25,0.8533944934,2
1800,24.275,0.8532699932,2
1800,24.3,0.8531455238,2
1800,24.325,0.8530210853,2
1800,24.35,0.8528966778,2
1800,24.375,0.8527723011,2
1800,24.4,0.8526479553,2
1800,24.425,0.8525236405,2
1800,24.45,0.8523993565,2
1800,24.475,0.8522751034,2
1800,24.5,0.8521508812,2
1800,24.525,0.8520266899,2
1800,24.55,0.8519025295,2
1800,24.575,0.8517784001,2
1800,24.6,0.8516543015,2
1800,24.625,0.8515302338,2
1800,24.65,0.851406197,2
1800,24.675,0.8512821911,2
1800,24.7,0.8511582161,2
1800,24.725,0.851034272,2
1800,24.75,0.8509103587,2
1800,24.775,0.8507864764,2
1800,24.8,0.850662625,2
1800,24.825,0.8505388045,2
1800,24.85,0.8504150149,2
1800,24.875,0.8502912562,2
1800,24.9,0.8501675283,2
1800,24.925,0.8500438314,2
1800,24.95,0.8499201654,2
1800,24.975,0.8497965302,2
1800,25,0.849672926,2
1800,25.025,0.8495493527,2
1800,25.05,0.8494258102,2
1800,25.075,0.8493022987,2
1800,25.1,0.849178818,2
1800,25.125,0.8490553683,2
1800,25.15,0.8489319494,2
1800,25.175,0.8488085615,2
1800,25.2,0.8486852044,2
1800,25.225,0.8485618782,2
1800,25.25,0.848438583,2
1800,25.275,0.8483153186,2
1800,25.3,0.8481920851,2
1800,25.325,0.8480688825,2
1800,25.35,0.8479457109,2
1800,25.375,0.8478225701,2
1800,25.4,0.8476994602,2
1800,25.425,0.8475763812,2
1800,25.45,0.8474533331,2
1800,25.475,0.8473303159,2
1800,25.5,0.8472073297,2
1800,25.525,0.8470843743,2
1800,25.55,0.8469614498,2
1800,25.575,0.8468385562,2
1800,25.6,0.8467156934,2
1800,25.625,0.8465928616,2
1800,25.65,0.8464700607,2
1800,25.675,0.8463472907,2
1800,25.7,0.8462245516,2
1800,25.725,0.8461018434,2
1800,25.75,0.8459791661,2
1800,25.775,0.8458565196,2
1800,25.8,0.8457339041,2
1800,25.825,0.8456113195,2
1800,25.85,0.8454887657,2
1800,25.875,0.8453662429,2
1800,25.9,0.845243751,2
1800,25.925,0.8451212899,2
1800,25.95,0.8449988598,2
1800,25.975,0.8448764605,2
1800,26,0.8447540922,2
1800,26.025,0.8446317547,2
1800,26.05,0.8445094482,2
1800,26.075,0.8443871725,2
1800,26.1,0.8442649278,2
1800,26.125,0.8441427139,2
1800,26.15,0.8440205309,2
1800,26.175,0.8438983789,2
1800,26.2,0.8437762577,2
1800,26.225,0.8436541674,2
1800,26.25,0.843532108,2
1800,26.275,0.8434100796,2
1800,26.3,0.843288082,2
1800,26.325,0.8431661153,2
1800,26.35,0.8430441795,2
1800,26.375,0.8429222746,2
1800,26.4,0.8428004006,2
1800,26.425,0.8426785575,2
1800,26.45,0.8425567453,2
1800,26.475,0.842434964,2
1800,26.5,0.8423132136,2
1800,26.525,0.8421914941,2
1800,26.55,0.8420698055,2
1800,26.575,0.8419481478,2
1800,26.6,0.8418265209,2
1800,26.625,0.841704925,2
1800,26.65,0.84158336,2
1800,26.675,0.8414618259,2
1800,26.7,0.8413403226,2
1800,26.725,0.8412188503,2
1800,26.75,0.8410974089,2
1800,26.775,0.8409759983,2
1800,26.8,0.8408546187,2
1800,26.825,0.84073327,2
1800,26.85,0.8406119521,2
1800,26.875,0.8404906652,2
1800,26.9,0.8403694091,2
1800,26.925,0.840248184,2
1800,26.95,0.8401269897,2
1800,26.975,0.8400058264,2
1800,27,0.8398846939,2
1800,27.025,0.8397635923,2
1800,27.05,0.8396425217,2
1800,27.075,0.8395214819,2
1800,27.1,0.839400473,2
1800,27.125,0.839279495,2
1800,27.15,0.839158548,2
1800,27.175,0.8390376318,2
1800,27.2,0.8389167465,2
1800,27.225,0.8387958921,2
1800,27.25,0.8386750686,2
1800,27.275,0.838554276,2
1800,27.3,0.8384335143,2
1800,27.325,0.8383127835,2
1800,27.35,0.8381920836,2
1800,27.375,0.8380714146,2
1800,27.4,0.8379507765,2
1800,27.425,0.8378301693,2
1800,27.45,0.837709593,2
1800,27.475,0.8375890476,2
1800,27.5,0.8374685331,2
1800,27.525,0.8373480494,2
1800,27.55,0.8372275967,2
1800,27.575,0.8371071749,2
1800,27.6,0.836986784,2
1800,27.625,0.8368664239,2
1800,27.65,0.8367460948,2
1800,27.675,0.8366257966,2
1800,27.7,0.8365055292,2
1800,27.725,0.8363852928,2
1800,27.75,0.8362650872,2
1800,27.775,0.8361449126,2
1800,27.8,0.8360247688,2
1800,27.825,0.835904656,2
1800,27.85,0.835784574,2
1800,27.875,0.835664523,2
1800,27.9,0.8355445028,2
1800,27.925,0.8354245135,2
1800,27.95,0.8353045552,2
1800,27.975,0.8351846277,2
1800,28,0.8350647311,2
1800,28.025,0.8349448654,2
1800,28.05,0.8348250307,2
1800,28.075,0.8347052268,2
1800,28.1,0.8345854538,2
1800,28.125,0.8344657117,2
1800,28.15,0.8343460005,2
1800,28.175,0.8342263202,2
1800,28.2,0.8341066708,2
1800,28.225,0.8339870523,2
1800,28.25,0.8338674647,2
1800,28.275,0.833747908,2
1800,28.3,0.8336283822,2
1800,28.325,0.8335088873,2
1800,28.35,0.8333894233,2
1800,28.375,0.8332699902,2
1800,28.4,0.8331505879,2
1800,28.425,0.8330312166,2
1800,28.45,0.8329118762,2
1800,28.475,0.8327925667,2
1800,28.5,0.832673288,2
1800,28.525,0.8325540403,2
1800,28.55,0.8324348235,2
1800,28.575,0.8323156375,2
1800,28.6,0.8321964825,2
1800,28.625,0.8320773583,2
1800,28.65,0.8319582651,2
1800,28.675,0.8318392027,2
1800,28.7,0.8317201713,2
1800,28.725,0.8316011707,2
1800,28.75,0.8314822011,2
1800,28.775,0.8313632623,2
1800,28.8,0.8312443545,2
1800,28.825,0.8311254775,2
1800,28.85,0.8310066314,2
1800,28.875,0.8308878162,2
1800,28.9,0.830769032,2
1800,28.925,0.8306502786,2
1800,28.95,0.8305315561,2
1800,28.975,0.8304128645,2
1800,29,0.8302942038,2
1800,29.025,0.8301755741,2
1800,29.05,0.8300569752,2
1800,29.075,0.8299384072,2
1800,29.1,0.8298198701,2
1800,29.125,0.8297013639,2
1800,29.15,0.8295828886,2
1800,29.175,0.8294644442,2
1800,29.2,0.8293460307,2
1800,29.225,0.829227648,2
1800,29.25,0.8291092963,2
1800,29.275,0.8289909755,2
1800,29.3,0.8288726856,2
1800,29.325,0.8287544266,2
1800,29.35,0.8286361984,2
1800,29.375,0.8285180012,2
1800,29.4,0.8283998349,2
1800,29.425,0.8282816994,2
1800,29.45,0.8281635949,2
1800,29.475,0.8280455213,2
1800,29.5,0.8279274785,2
1800,29.525,0.8278094667,2
1800,29.55,0.8276914857,2
1800,29.575,0.8275735357,2
1800,29.6,0.8274556165,2
1800,29.625,0.8273377283,2
1800,29.65,0.8272198709,2
1800,29.675,0.8271020445,2
1800,29.7,0.8269842489,2
1800,29.725,0.8268664842,2
1800,29.75,0.8267487505,2
1800,29.775,0.8266310476,2
1800,29.8,0.8265133756,2
1800,29.825,0.8263957345,2
1800,29.85,0.8262781243,2
1800,29.875,0.8261605451,2
1800,29.9,0.8260429967,2
1800,29.925,0.8259254792,2
1800,29.95,0.8258079926,2
1800,29.975,0.8256905369,2
1800,30,0.8255731121,2
1800,30.025,0.8254557182,2
1800,30.05,0.8253383552,2
1800,30.075,0.8252210231,2
1800,30.1,0.8251037219,2
1800,30.125,0.8249864516,2
1800,30.15,0.8248692121,2
1800,30.175,0.8247520036,2
1800,30.2,0.824634826,2
1800,30.225,0.8245176793,2
1800,30.25,0.8244005635,2
1800,30.275,0.8242834785,2
1800,30.3,0.8241664245,2
1800,30.325,0.8240494014,2
1800,30.35,0.8239324091,2
1800,30.375,0.8238154478,2
1800,30.4,0.8236985173,2
1800,30.425,0.8235816178,2
1800,30.45,0.8234647491,2
1800,30.475,0.8233479114,2
1800,30.5,0.8232311045,2
1800,30.525,0.8231143286,2
1800,30.55,0.8229975835,2
1800,30.575,0.8228808694,2
1800,30.6,0.8227641861,2
1800,30.625,0.8226475337,2
1800,30.65,0.8225309123,2
1800,30.675,0.8224143217,2
1800,30.7,0.822297762,2
1800,30.725,0.8221812332,2
1800,30.75,0.8220647353,2
1800,30.775,0.8219482684,2
1800,30.8,0.8218318323,2
1800,30.825,0.8217154271,2
1800,30.85,0.8215990528,2
1800,30.875,0.8214827094,2
1800,30.9,0.8213663969,2
1800,30.925,0.8212501153,2
1800,30.95,0.8211338646,2
1800,30.975,0.8210176448,2
1800,31,0.8209014559,2
1800,31.025,0.8207852978,2
1800,31.05,0.8206691707,2
1800,31.075,0.8205530745,2
1800,31.1,0.8204370092,2
1800,31.125,0.8203209748,2
1800,31.15,0.8202049712,2
1800,31.175,0.8200889986,2
1800,31.2,0.8199730569,2
1800,31.225,0.819857146,2
1800,31.25,0.8197412661,2
1800,31.275,0.8196254171,2
1800,31.3,0.8195095989,2
1800,31.325,0.8193938117,2
1800,31.35,0.8192780553,2
1800,31.375,0.8191623299,2
1800,31.4,0.8190466353,2
1800,31.425,0.8189309717,2
1800,31.45,0.8188153389,2
1800,31.475,0.818699737,2
1800,31.5,0.8185841661,2
1800,31.525,0.818468626,2
1800,31.55,0.8183531168,2
1800,31.575,0.8182376385,2
1800,31.6,0.8181221912,2
1800,31.625,0.8180067747,2
1800,31.65,0.8178913891,2
1800,31.675,0.8177760344,2
1800,31.7,0.8176607106,2
1800,31.725,0.8175454177,2
1800,31.75,0.8174301557,2
1800,31.775,0.8173149246,2
1800,31.8,0.8171997244,2
1800,31.825,0.8170845551,2
1800,31.85,0.8169694167,2
1800,31.875,0.8168543092,2
1800,31.9,0.8167392326,2
1800,31.925,0.8166241869,2
1800,31.95,0.8165091721,2
1800,31.975,0.8163941882,2
1800,32,0.8162792351,2
1800,32.025,0.816164313,2
1800,32.05,0.8160494218,2
1800,32.075,0.8159345615,2
1800,32.1,0.815819732,2
1800,32.125,0.8157049335,2
1800,32.15,0.8155901659,2
1800,32.175,0.8154754291,2
1800,32.2,0.8153607233,2
1800,32.225,0.8152460483,2
1800,32.25,0.8151314043,2
1800,32.275,0.8150167911,2
1800,32.3,0.8149022089,2
1800,32.325,0.8147876575,2
1800,32.35,0.814673137,2
1800,32.375,0.8145586475,2
1800,32.4,0.8144441888,2
1800,32.425,0.814329761,2
1800,32.45,0.8142153642,2
1800,32.475,0.8141009982,2
1800,32.5,0.8139866631,2
1800,32.525,0.8138723589,2
1800,32.55,0.8137580856,2
1800,32.575,0.8136438433,2
1800,32.6,0.8135296318,2
1800,32.625,0.8134154512,2
1800,32.65,0.8133013015,2
1800,32.675,0.8131871827,2
1800,32.7,0.8130730948,2
1800,32.725,0.8129590378,2
1800,32.75,0.8128450117,2
1800,32.775,0.8127310165,2
1800,32.8,0.8126170521,2
1800,32.825,0.8125031187,2
1800,32.85,0.8123892162,2
1800,32.875,0.8122753446,2
1800,32.9,0.8121615039,2
1800,32.925,0.812047694,2
1800,32.95,0.8119339151,2
1800,32.975,0.8118201671,2
1800,33,0.8117064499,2
1800,33.025,0.8115927637,2
1800,33.05,0.8114791084,2
1800,33.075,0.8113654839,2
1800,33.1,0.8112518904,2
1800,33.125,0.8111383277,2
1800,33.15,0.811024796,2
1800,33.175,0.8109112951,2
1800,33.2,0.8107978252,2
1800,33.225,0.8106843861,2
1800,33.25,0.8105709779,2
1800,33.275,0.8104576007,2
1800,33.3,0.8103442543,2
1800,33.325,0.8102309388,2
1800,33.35,0.8101176543,2
1800,33.375,0.8100044006,2
1800,33.4,0.8098911778,2
1800,33.425,0.8097779859,2
1800,33.45,0.8096648249,2
1800,33.475,0.8095516949,2
1800,33.5,0.8094385957,2
1800,33.525,0.8093255274,2
1800,33.55,0.80921249,2
1800,33.575,0.8090994835,2
1800,33.6,0.8089865079,2
1800,33.625,0.8088735632,2
1800,33.65,0.8087606494,2
1800,33.675,0.8086477664,2
1800,33.7,0.8085349144,2
1800,33.725,0.8084220933,2
1800,33.75,0.8083093031,2
1800,33.775,0.8081965438,2
1800,33.8,0.8080838154,2
1800,33.825,0.8079711178,2
1800,33.85,0.8078584512,2
1800,33.875,0.8077458155,2
1800,33.9,0.8076332106,2
1800,33.925,0.8075206367,2
1800,33.95,0.8074080936,2
1800,33.975,0.8072955815,2
1800,34,0.8071831003,2
1800,34.025,0.8070706499,2
1800,34.05,0.8069582305,2
1800,34.075,0.8068458419,2
1800,34.1,0.8067334842,2
1800,34.125,0.8066211575,2
1800,34.15,0.8065088616,2
1800,34.175,0.8063965967,2
1800,34.2,0.8062843626,2
1800,34.225,0.8061721594,2
1800,34.25,0.8060599871,2
1800,34.275,0.8059478458,2
1800,34.3,0.8058357353,2
1800,34.325,0.8057236557,2
1800,34.35,0.805611607,2
1800,34.375,0.8054995892,2
1800,34.4,0.8053876023,2
1800,34.425,0.8052756463,2
1800,34.45,0.8051637212,2
1800,34.475,0.805051827,2
1800,34.5,0.8049399637,2
1800,34.525,0.8048281313,2
1800,34.55,0.8047163298,2
1800,34.575,0.8046045592,2
1800,34.6,0.8044928195,2
1800,34.625,0.8043811107,2
1800,34.65,0.8042694328,2
1800,34.675,0.8041577857,2
1800,34.7,0.8040461696,2
1800,34.725,0.8039345844,2
1800,34.75,0.8038230301,2
1800,34.775,0.8037115066,2
1800,34.8,0.8036000141,2
1800,34.825,0.8034885524,2
1800,34.85,0.8033771217,2
1800,34.875,0.8032657219,2
1800,34.9,0.8031543529,2
1800,34.925,0.8030430149,2
1800,34.95,0.8029317077,2
1800,34.975,0.8028204314,2
1800,35,0.8027091861,2
1800,35.025,0.8025979716,2
1800,35.05,0.8024867881,2
1800,35.075,0.8023756354,2
1800,35.1,0.8022645136,2
1800,35.125,0.8021534228,2
1800,35.15,0.8020423628,2
1800,35.175,0.8019313337,2
1800,35.2,0.8018203355,2
1800,35.225,0.8017093682,2
1800,35.25,0.8015984318,2
1800,35.275,0.8014875264,2
1800,35.3,0.8013766518,2
1800,35.325,0.8012658081,2
1800,35.35,0.8011549953,2
1800,35.375,0.8010442134,2
1800,35.4,0.8009334624,2
1800,35.425,0.8008227423,2
1800,35.45,0.800712053,2
1800,35.475,0.8006013947,2
1800,35.5,0.8004907673,2
1800,35.525,0.8003801708,2
1800,35.55,0.8002696052,2
1800,35.575,0.8001590705,2
1800,35.6,0.8000485666,2
1800,35.625,0.7999380937,2
1800,35.65,0.7998276517,2
1800,35.675,0.7997172405,2
1800,35.7,0.7996068603,2
1800,35.725,0.799496511,2
1800,35.75,0.7993861925,2
1800,35.775,0.799275905,2
1800,35.8,0.7991656483,2
1800,35.825,0.7990554226,2
1800,35.85,0.7989452277,2
1800,35.875,0.7988350638,2
1800,35.9,0.7987249307,2
1800,35.925,0.7986148285,2
1800,35.95,0.7985047573,2
1800,35.975,0.7983947169,2
1800,36,0.7982847074,2
1800,36.025,0.7981747289,2
1800,36.05,0.7980647812,2
1800,36.075,0.7979548644,2
1800,36.1,0.7978449785,2
1800,36.125,0.7977351235,2
1800,36.15,0.7976252994,2
1800,36.175,0.7975155063,2
1800,36.2,0.797405744,2
1800,36.225,0.7972960126,2
1800,36.25,0.7971863121,2
1800,36.275,0.7970766425,2
1800,36.3,0.7969670038,2
1800,36.325,0.796857396,2
1800,36.35,0.796747819,2
1800,36.375,0.796638273,2
1800,36.4,0.7965287579,2
1800,36.425,0.7964192737,2
1800,36.45,0.7963098204,2
1800,36.475,0.796200398,2
1800,36.5,0.7960910064,2
1800,36.525,0.7959816458,2
1800,36.55,0.7958723161,2
1800,36.575,0.7957630172,2
1800,36.6,0.7956537493,2
1800,36.625,0.7955445122,2
1800,36.65,0.7954353061,2
1800,36.675,0.7953261309,2
1800,36.7,0.7952169865,2
1800,36.725,0.7951078731,2
1800,36.75,0.7949987905,2
1800,36.775,0.7948897388,2
1800,36.8,0.7947807181,2
1800,36.825,0.7946717282,2
1800,36.85,0.7945627693,2
1800,36.875,0.7944538412,2
1800,36.9,0.794344944,2
1800,36.925,0.7942360777,2
1800,36.95,0.7941272424,2
1800,36.975,0.7940184379,2
1800,37,0.7939096643,2
1800,37.025,0.7938009216,2
1800,37.05,0.7936922098,2
1800,37.075,0.7935835289,2
1800,37.1,0.7934748789,2
1800,37.125,0.7933662598,2
1800,37.15,0.7932576716,2
1800,37.175,0.7931491143,2
1800,37.2,0.7930405879,2
1800,37.225,0.7929320924,2
1800,37.25,0.7928236278,2
1800,37.275,0.7927151941,2
1800,37.3,0.7926067913,2
1800,37.325,0.7924984194,2
1800,37.35,0.7923900783,2
1800,37.375,0.7922817682,2
1800,37.4,0.792173489,2
1800,37.425,0.7920652407,2
1800,37.45,0.7919570232,2
1800,37.475,0.7918488367,2
1800,37.5,0.791740681,2
1800,37.525,0.7916325563,2
1800,37.55,0.7915244625,2
1800,37.575,0.7914163995,2
1800,37.6,0.7913083675,2
1800,37.625,0.7912003663,2
1800,37.65,0.791092396,2
1800,37.675,0.7909844567,2
1800,37.7,0.7908765482,2
1800,37.725,0.7907686707,2
1800,37.75,0.790660824,2
1800,37.775,0.7905530082,2
1800,37.8,0.7904452234,2
1800,37.825,0.7903374694,2
1800,37.85,0.7902297463,2
1800,37.875,0.7901220541,2
1800,37.9,0.7900143928,2
1800,37.925,0.7899067624,2
1800,37.95,0.789799163,2
1800,37.975,0.7896915944,2
1800,38,0.7895840567,2
1800,38.025,0.7894765499,2
1800,38.05,0.789369074,2
1800,38.075,0.789261629,2
1800,38.1,0.7891542149,2
1800,38.125,0.7890468317,2
1800,38.15,0.7889394793,2
1800,38.175,0.7888321579,2
1800,38.2,0.7887248674,2
1800,38.225,0.7886176078,2
1800,38.25,0.7885103791,2
1800,38.275,0.7884031812,2
1800,38.3,0.7882960143,2
1800,38.325,0.7881888783,2
1800,38.35,0.7880817731,2
1800,38.375,0.7879746989,2
1800,38.4,0.7878676556,2
1800,38.425,0.7877606431,2
1800,38.45,0.7876536616,2
1800,38.475,0.7875467109,2
1800,38.5,0.7874397912,2
1800,38.525,0.7873329023,2
1800,38.55,0.7872260444,2
1800,38.575,0.7871192173,2
1800,38.6,0.7870124211,2
1800,38.625,0.7869056559,2
1800,38.65,0.7867989215,2
1800,38.675,0.786692218,2
1800,38.7,0.7865855455,2
1800,38.725,0.7864789038,2
1800,38.75,0.786372293,2
1800,38.775,0.7862657131,2
1800,38.8,0.7861591641,2
1800,38.825,0.7860526461,2
1800,38.85,0.7859461589,2
1800,38.875,0.7858397026,2
1800,38.9,0.7857332772,2
1800,38.925,0.7856268827,2
1800,38.95,0.7855205191,2
1800,38.975,0.7854141864,2
1800,39,0.7853078846,2
1800,39.025,0.7852016137,2
1800,39.05,0.7850953736,2
1800,39.075,0.7849891645,2
1800,39.1,0.7848829863,2
1800,39.125,0.784776839,2
1800,39.15,0.7846707226,2
1800,39.175,0.784564637,2
1800,39.2,0.7844585824,2
1800,39.225,0.7843525587,2
1800,39.25,0.7842465658,2
1800,39.275,0.7841406039,2
1800,39.3,0.7840346729,2
1800,39.325,0.7839287727,2
1800,39.35,0.7838229035,2
1800,39.375,0.7837170651,2
1800,39.4,0.7836112577,2
1800,39.425,0.7835054811,2
1800,39.45,0.7833997355,2
1800,39.475,0.7832940207,2
1800,39.5,0.7831883368,2
1800,39.525,0.7830826839,2
1800,39.55,0.7829770618,2
1800,39.575,0.7828714706,2
1800,39.6,0.7827659103,2
1800,39.625,0.782660381,2
1800,39.65,0.7825548825,2
1800,39.675,0.7824494149,2
1800,39.7,0.7823439782,2
1800,39.725,0.7822385724,2
1800,39.75,0.7821331975,2
1800,39.775,0.7820278535,2
1800,39.8,0.7819225404,2
1800,39.825,0.7818172582,2
1800,39.85,0.7817120069,2
1800,39.875,0.7816067865,2
1800,39.9,0.781501597,2
1800,39.925,0.7813964384,2
1800,39.95,0.7812913107,2
1800,39.975,0.7811862139,2
1800,40,0.781081148,2
1800,40.025,0.7809761129,2
1800,40.05,0.7808711088,2
1800,40.075,0.7807661356,2
1800,40.1,0.7806611933,2
1800,40.125,0.7805562818,2
1800,40.15,0.7804514013,2
1800,40.175,0.7803465517,2
1800,40.2,0.7802417329,2
1800,40.225,0.7801369451,2
1800,40.25,0.7800321881,2
1800,40.275,0.7799274621,2
1800,40.3,0.7798227669,2
1800,40.325,0.7797181027,2
1800,40.35,0.7796134693,2
1800,40.375,0.7795088668,2
1800,40.4,0.7794042953,2
1800,40.425,0.7792997546,2
1800,40.45,0.7791952448,2
1800,40.475,0.779090766,2
1800,40.5,0.778986318,2
1800,40.525,0.7788819009,2
1800,40.55,0.7787775147,2
1800,40.575,0.7786731594,2
1800,40.6,0.7785688351,2
1800,40.625,0.7784645416,2
1800,40.65,0.778360279,2
1800,40.675,0.7782560473,2
1800,40.7,0.7781518465,2
1800,40.725,0.7780476766,2
1800,40.75,0.7779435376,2
1800,40.775,0.7778394295,2
1800,40.8,0.7777353523,2
1800,40.825,0.777631306,2
1800,40.85,0.7775272905,2
1800,40.875,0.777423306,2
1800,40.9,0.7773193524,2
1800,40.925,0.7772154297,2
1800,40.95,0.7771115379,2
1800,40.975,0.7770076769,2
1800,41,0.7769038469,2
1800,41.025,0.7768000478,2
1800,41.05,0.7766962795,2
1800,41.075,0.7765925422,2
1800,41.1,0.7764888357,2
1800,41.125,0.7763851602,2
1800,41.15,0.7762815155,2
1800,41.175,0.7761779018,2
1800,41.2,0.7760743189,2
1800,41.225,0.775970767,2
1800,41.25,0.7758672459,2
1800,41.275,0.7757637558,2
1800,41.3,0.7756602965,2
1800,41.325,0.7755568681,2
1800,41.35,0.7754534707,2
1800,41.375,0.7753501041,2
1800,41.4,0.7752467684,2
1800,41.425,0.7751434636,2
1800,41.45,0.7750401897,2
1800,41.475,0.7749369468,2
1800,41.5,0.7748337347,2
1800,41.525,0.7747305535,2
1800,41.55,0.7746274032,2
1800,41.575,0.7745242838,2
1800,41.6,0.7744211953,2
1800,41.625,0.7743181377,2
1800,41.65,0.774215111,2
1800,41.675,0.7741121152,2
1800,41.7,0.7740091503,2
1800,41.725,0.7739062163,2
1800,41.75,0.7738033131,2
1800,41.775,0.7737004409,2
1800,41.8,0.7735975996,2
1800,41.825,0.7734947892,2
1800,41.85,0.7733920097,2
1800,41.875,0.773289261,2
1800,41.9,0.7731865433,2
1800,41.925,0.7730838565,2
1800,41.95,0.7729812005,2
1800,41.975,0.7728785755,2
1800,42,0.7727759813,2
1800,42.025,0.7726734181,2
1800,42.05,0.7725708857,2
1800,42.075,0.7724683843,2
1800,42.1,0.7723659137,2
1800,42.125,0.7722634741,2
1800,42.15,0.7721610653,2
1800,42.175,0.7720586875,2
1800,42.2,0.7719563405,2
1800,42.225,0.7718540244,2
1800,42.25,0.7717517392,2
1800,42.275,0.771649485,2
1800,42.3,0.7715472616,2
1800,42.325,0.7714450691,2
1800,42.35,0.7713429075,2
1800,42.375,0.7712407768,2
1800,42.4,0.7711386771,2
1800,42.425,0.7710366082,2
1800,42.45,0.7709345702,2
1800,42.475,0.7708325631,2
1800,42.5,0.7707305869,2
1800,42.525,0.7706286416,2
1800,42.55,0.7705267272,2
1800,42.575,0.7704248437,2
1800,42.6,0.770322991,2
1800,42.625,0.7702211693,2
1800,42.65,0.7701193785,2
1800,42.675,0.7700176186,2
1800,42.7,0.7699158896,2
1800,42.725,0.7698141914,2
1800,42.75,0.7697125242,2
1800,42.775,0.7696108879,2
1800,42.8,0.7695092825,2
1800,42.825,0.7694077079,2
1800,42.85,0.7693061643,2
1800,42.875,0.7692046515,2
1800,42.9,0.7691031697,2
1800,42.925,0.7690017187,2
1800,42.95,0.7689002987,2
1800,42.975,0.7687989095,2
1800,43,0.7686975513,2
1800,43.025,0.7685962239,2
1800,43.05,0.7684949275,2
1800,43.075,0.7683936619,2
1800,43.1,0.7682924272,2
1800,43.125,0.7681912235,2
1800,43.15,0.7680900506,2
1800,43.175,0.7679889086,2
1800,43.2,0.7678877975,2
1800,43.225,0.7677867174,2
1800,43.25,0.7676856681,2
1800,43.275,0.7675846497,2
1800,43.3,0.7674836622,2
1800,43.325,0.7673827056,2
1800,43.35,0.7672817799,2
1800,43.375,0.7671808851,2
1800,43.4,0.7670800212,2
1800,43.425,0.7669791882,2
1800,43.45,0.7668783861,2
1800,43.475,0.7667776149,2
1800,43.5,0.7666768746,2
1800,43.525,0.7665761652,2
1800,43.55,0.7664754867,2
1800,43.575,0.766374839,2
1800,43.6,0.7662742223,2
1800,43.625,0.7661736365,2
1800,43.65,0.7660730816,2
1800,43.675,0.7659725575,2
1800,43.7,0.7658720644,2
1800,43.725,0.7657716022,2
1800,43.75,0.7656711708,2
1800,43.775,0.7655707704,2
1800,43.8,0.7654704008,2
1800,43.825,0.7653700622,2
1800,43.85,0.7652697544,2
1800,43.875,0.7651694776,2
1800,43.9,0.7650692316,2
1800,43.925,0.7649690166,2
1800,43.95,0.7648688324,2
1800,43.975,0.7647686791,2
1800,44,0.7646685568,2
1800,44.025,0.7645684653,2
1800,44.05,0.7644684047,2
1800,44.075,0.764368375,2
1800,44.1,0.7642683763,2
1800,44.125,0.7641684084,2
1800,44.15,0.7640684714,2
1800,44.175,0.7639685653,2
1800,44.2,0.7638686901,2
1800,44.225,0.7637688458,2
1800,44.25,0.7636690324,2
1800,44.275,0.7635692499,2
1800,44.3,0.7634694983,2
1800,44.325,0.7633697776,2
1800,44.35,0.7632700878,2
1800,44.375,0.7631704289,2
1800,44.4,0.7630708009,2
1800,44.425,0.7629712038,2
1800,44.45,0.7628716376,2
1800,44.475,0.7627721022,2
1800,44.5,0.7626725978,2
1800,44.525,0.7625731243,2
1800,44.55,0.7624736817,2
1800,44.575,0.7623742699,2
1800,44.6,0.7622748891,2
1800,44.625,0.7621755392,2
1800,44.65,0.7620762201,2
1800,44.675,0.761976932,2
1800,44.7,0.7618776747,2
1800,44.725,0.7617784484,2
1800,44.75,0.7616792529,2
1800,44.775,0.7615800884,2
1800,44.8,0.7614809547,2
1800,44.825,0.7613818519,2
1800,44.85,0.7612827801,2
1800,44.875,0.7611837391,2
1800,44.9,0.7610847291,2
1800,44.925,0.7609857499,2
1800,44.95,0.7608868016,2
1800,44.975,0.7607878842,2
1800,45,0.7606889977,2
1800,45.025,0.7605901422,2
1800,45.05,0.7604913175,2
1800,45.075,0.7603925237,2
1800,45.1,0.7602937608,2
1800,45.125,0.7601950288,2
1800,45.15,0.7600963277,2
1800,45.175,0.7599976575,2
1800,45.2,0.7598990182,2
1800,45.225,0.7598004098,2
1800,45.25,0.7597018323,2
1800,45.275,0.7596032857,2
1800,45.3,0.75950477,2
1800,45.325,0.7594062852,2
1800,45.35,0.7593078312,2
1800,45.375,0.7592094082,2
1800,45.4,0.7591110161,2
1800,45.425,0.7590126549,2
1800,45.45,0.7589143245,2
1800,45.475,0.7588160251,2
1800,45.5,0.7587177566,2
1800,45.525,0.7586195189,2
1800,45.55,0.7585213122,2
1800,45.575,0.7584231363,2
1800,45.6,0.7583249914,2
1800,45.625,0.7582268773,2
1800,45.65,0.7581287942,2
1800,45.675,0.7580307419,2
1800,45.7,0.7579327206,2
1800,45.725,0.7578347301,2
1800,45.75,0.7577367705,2
1800,45.775,0.7576388419,2
1800,45.8,0.7575409441,2
1800,45.825,0.7574430772,2
1800,45.85,0.7573452413,2
1800,45.875,0.7572474362,2
1800,45.9,0.757149662,2
1800,45.925,0.7570519187,2
1800,45.95,0.7569542063,2
1800,45.975,0.7568565248,2
1800,46,0.7567588742,2
1800,46.025,0.7566612546,2
1800,46.05,0.7565636658,2
1800,46.075,0.7564661079,2
1800,46.1,0.7563685809,2
1800,46.125,0.7562710847,2
1800,46.15,0.7561736195,2
1800,46.175,0.7560761852,2
1800,46.2,0.7559787818,2
1800,46.225,0.7558814093,2
1800,46.25,0.7557840677,2
1800,46.275,0.755686757,2
1800,46.3,0.7555894771,2
1800,46.325,0.7554922282,2
1800,46.35,0.7553950102,2
1800,46.375,0.755297823,2
1800,46.4,0.7552006668,2
1800,46.425,0.7551035415,2
1800,46.45,0.755006447,2
1800,46.475,0.7549093835,2
1800,46.5,0.7548123508,2
1800,46.525,0.7547153491,2
1800,46.55,0.7546183782,2
1800,46.575,0.7545214383,2
1800,46.6,0.7544245292,2
1800,46.625,0.754327651,2
1800,46.65,0.7542308038,2
1800,46.675,0.7541339874,2
1800,46.7,0.7540372019,2
1800,46.725,0.7539404474,2
1800,46.75,0.7538437237,2
1800,46.775,0.7537470309,2
1800,46.8,0.753650369,2
1800,46.825,0.753553738,2
1800,46.85,0.753457138,2
1800,46.875,0.7533605688,2
1800,46.9,0.7532640305,2
1800,46.925,0.7531675231,2
1800,46.95,0.7530710466,2
1800,46.975,0.752974601,2
1800,47,0.7528781863,2
1800,47.025,0.7527818025,2
1800,47.05,0.7526854496,2
1800,47.075,0.7525891275,2
1800,47.1,0.7524928364,2
1800,47.125,0.7523965762,2
1800,47.15,0.7523003469,2
1800,47.175,0.7522041485,2
1800,47.2,0.7521079809,2
1800,47.225,0.7520118443,2
1800,47.25,0.7519157386,2
1800,47.275,0.7518196637,2
1800,47.3,0.7517236198,2
1800,47.325,0.7516276068,2
1800,47.35,0.7515316246,2
1800,47.375,0.7514356734,2
1800,47.4,0.751339753,2
1800,47.425,0.7512438636,2
1800,47.45,0.751148005,2
1800,47.475,0.7510521774,2
1800,47.5,0.7509563806,2
1800,47.525,0.7508606147,2
1800,47.55,0.7507648798,2
1800,47.575,0.7506691757,2
1800,47.6,0.7505735025,2
1800,47.625,0.7504778603,2
1800,47.65,0.7503822489,2
1800,47.675,0.7502866684,2
1800,47.7,0.7501911188,2
1800,47.725,0.7500956001,2
1800,47.75,0.7500001123,2
1800,47.775,0.7499046554,2
1800,47.8,0.7498092295,2
1800,47.825,0.7497138344,2
1800,47.85,0.7496184702,2
1800,47.875,0.7495231369,2
1800,47.9,0.7494278344,2
1800,47.925,0.7493325629,2
1800,47.95,0.7492373223,2
1800,47.975,0.7491421126,2
1800,48,0.7490469338,2
1800,48.025,0.7489517859,2
1800,48.05,0.7488566689,2
1800,48.075,0.7487615827,2
1800,48.1,0.7486665275,2
1800,48.125,0.7485715032,2
1800,48.15,0.7484765097,2
1800,48.175,0.7483815472,2
1800,48.2,0.7482866156,2
1800,48.225,0.7481917148,2
1800,48.25,0.748096845,2
1800,48.275,0.748002006,2
1800,48.3,0.747907198,2
1800,48.325,0.7478124208,2
1800,48.35,0.7477176746,2
1800,48.375,0.7476229592,2
1800,48.4,0.7475282748,2
1800,48.425,0.7474336212,2
1800,48.45,0.7473389985,2
1800,48.475,0.7472444068,2
1800,48.5,0.7471498459,2
1800,48.525,0.7470553159,2
1800,48.55,0.7469608168,2
1800,48.575,0.7468663487,2
1800,48.6,0.7467719114,2
1800,48.625,0.746677505,2
1800,48.65,0.7465831295,2
1800,48.675,0.7464887849,2
1800,48.7,0.7463944712,2
1800,48.725,0.7463001884,2
1800,48.75,0.7462059365,2
1800,48.775,0.7461117155,2
1800,48.8,0.7460175254,2
1800,48.825,0.7459233662,2
1800,48.85,0.7458292379,2
1800,48.875,0.7457351405,2
1800,48.9,0.7456410739,2
1800,48.925,0.7455470383,2
1800,48.95,0.7454530336,2
1800,48.975,0.7453590598,2
1800,49,0.7452651169,2
1800,49.025,0.7451712048,2
1800,49.05,0.7450773237,2
1800,49.075,0.7449834734,2
1800,49.1,0.7448896541,2
1800,49.125,0.7447958657,2
1800,49.15,0.7447021081,2
1800,49.175,0.7446083815,2
1800,49.2,0.7445146857,2
1800,49.225,0.7444210209,2
1800,49.25,0.7443273869,2
1800,49.275,0.7442337839,2
1800,49.3,0.7441402117,2
1800,49.325,0.7440466704,2
1800,49.35,0.7439531601,2
1800,49.375,0.7438596806,2
1800,49.4,0.743766232,2
1800,49.425,0.7436728143,2
1800,49.45,0.7435794276,2
1800,49.475,0.7434860717,2
1800,49.5,0.7433927467,2
1800,49.525,0.7432994526,2
1800,49.55,0.7432061894,2
1800,49.575,0.7431129571,2
1800,49.6,0.7430197557,2
1800,49.625,0.7429265852,2
1800,49.65,0.7428334456,2
1800,49.675,0.7427403369,2
1800,49.7,0.7426472591,2
1800,49.725,0.7425542122,2
1800,49.75,0.7424611962,2
1800,49.775,0.7423682111,2
1800,49.8,0.7422752569,2
1800,49.825,0.7421823335,2
1800,49.85,0.7420894411,2
1800,49.875,0.7419965796,2
1800,49.9,0.741903749,2
1800,49.925,0.7418109492,2
1800,49.95,0.7417181804,2
1800,49.975,0.7416254425,2
1800,50,0.7415327354,2
1800,50.025,0.7414400593,2
1800,50.05,0.741347414,2
1800,50.075,0.7412547997,2
1800,50.1,0.7411622162,2
1800,50.125,0.7410696637,2
1800,50.15,0.740977142,2
1800,50.175,0.7408846513,2
1800,50.2,0.7407921914,2
1800,50.225,0.7406997624,2
1800,50.25,0.7406073644,2
1800,50.275,0.7405149972,2
1800,50.3,0.7404226609,2
1800,50.325,0.7403303555,2
1800,50.35,0.7402380811,2
1800,50.375,0.7401458375,2
1800,50.4,0.7400536248,2
1800,50.425,0.739961443,2
1800,50.45,0.7398692921,2
1800,50.475,0.7397771721,2
1800,50.5,0.739685083,2
1800,50.525,0.7395930248,2
1800,50.55,0.7395009975,2
1800,50.575,0.7394090011,2
1800,50.6,0.7393170356,2
1800,50.625,0.739225101,2
1800,50.65,0.7391331973,2
1800,50.675,0.7390413245,2
1800,50.7,0.7389494825,2
1800,50.725,0.7388576715,2
1800,50.75,0.7387658914,2
1800,50.775,0.7386741422,2
1800,50.8,0.7385824238,2
1800,50.825,0.7384907364,2
1800,50.85,0.7383990799,2
1800,50.875,0.7383074542,2
1800,50.9,0.7382158595,2
1800,50.925,0.7381242956,2
1800,50.95,0.7380327627,2
1800,50.975,0.7379412606,2
1800,51,0.7378497895,2
1800,51.025,0.7377583492,2
1800,51.05,0.7376669399,2
1800,51.075,0.7375755614,2
1800,51.1,0.7374842139,2
1800,51.125,0.7373928972,2
1800,51.15,0.7373016114,2
1800,51.175,0.7372103565,2
1800,51.2,0.7371191326,2
1800,51.225,0.7370279395,2
1800,51.25,0.7369367773,2
1800,51.275,0.736845646,2
1800,51.3,0.7367545456,2
1800,51.325,0.7366634762,2
1800,51.35,0.7365724376,2
1800,51.375,0.7364814299,2
1800,51.4,0.7363904531,2
1800,51.425,0.7362995072,2
1800,51.45,0.7362085922,2
1800,51.475,0.7361177081,2
1800,51.5,0.7360268549,2
1800,51.525,0.7359360325,2
1800,51.55,0.7358452411,2
1800,51.575,0.7357544806,2
1800,51.6,0.735663751,2
1800,51.625,0.7355730523,2
1800,51.65,0.7354823844,2
1800,51.675,0.7353917475,2
1800,51.7,0.7353011415,2
1800,51.725,0.7352105664,2
1800,51.75,0.7351200221,2
1800,51.775,0.7350295088,2
1800,51.8,0.7349390263,2
1800,51.825,0.7348485748,2
1800,51.85,0.7347581541,2
1800,51.875,0.7346677644,2
1800,51.9,0.7345774055,2
1800,51.925,0.7344870776,2
1800,51.95,0.7343967805,2
1800,51.975,0.7343065144,2
1800,52,0.7342162791,2
1800,52.025,0.7341260747,2
1800,52.05,0.7340359013,2
1800,52.075,0.7339457587,2
1800,52.1,0.733855647,2
1800,52.125,0.7337655662,2
1800,52.15,0.7336755163,2
1800,52.175,0.7335854974,2
1800,52.2,0.7334955093,2
1800,52.225,0.7334055521,2
1800,52.25,0.7333156258,2
1800,52.275,0.7332257304,2
1800,52.3,0.7331358659,2
1800,52.325,0.7330460323,2
1800,52.35,0.7329562296,2
1800,52.375,0.7328664578,2
1800,52.4,0.7327767169,2
1800,52.425,0.7326870069,2
1800,52.45,0.7325973277,2
1800,52.475,0.7325076795,2
1800,52.5,0.7324180622,2
1800,52.525,0.7323284758,2
1800,52.55,0.7322389203,2
1800,52.575,0.7321493956,2
1800,52.6,0.7320599019,2
1800,52.625,0.7319704391,2
1800,52.65,0.7318810071,2
1800,52.675,0.7317916061,2
1800,52.7,0.7317022359,2
1800,52.725,0.7316128967,2
1800,52.75,0.7315235883,2
1800,52.775,0.7314343109,2
1800,52.8,0.7313450643,2
1800,52.825,0.7312558487,2
1800,52.85,0.7311666639,2
1800,52.875,0.7310775101,2
1800,52.9,0.7309883871,2
1800,52.925,0.730899295,2
1800,52.95,0.7308102339,2
1800,52.975,0.7307212036,2
1800,53,0.7306322042,2
1800,53.025,0.7305432357,2
1800,53.05,0.7304542981,2
1800,53.075,0.7303653915,2
1800,53.1,0.7302765157,2
1800,53.125,0.7301876708,2
1800,53.15,0.7300988568,2
1800,53.175,0.7300100737,2
1800,53.2,0.7299213215,2
1800,53.225,0.7298326002,2
1800,53.25,0.7297439098,2
1800,53.275,0.7296552503,2
1800,53.3,0.7295666217,2
1800,53.325,0.729478024,2
1800,53.35,0.7293894571,2
1800,53.375,0.7293009212,2
1800,53.4,0.7292124162,2
1800,53.425,0.7291239421,2
1800,53.45,0.7290354988,2
1800,53.475,0.7289470865,2
1800,53.5,0.7288587051,2
1800,53.525,0.7287703545,2
1800,53.55,0.7286820349,2
1800,53.575,0.7285937462,2
1800,53.6,0.7285054883,2
1800,53.625,0.7284172614,2
1800,53.65,0.7283290653,2
1800,53.675,0.7282409002,2
1800,53.7,0.7281527659,2
1800,53.725,0.7280646626,2
1800,53.75,0.7279765901,2
1800,53.775,0.7278885485,2
1800,53.8,0.7278005379,2
1800,53.825,0.7277125581,2
1800,53.85,0.7276246092,2
1800,53.875,0.7275366912,2
1800,53.9,0.7274488042,2
1800,53.925,0.727360948,2
1800,53.95,0.7272731227,2
1800,53.975,0.7271853283,2
1800,54,0.7270975648,2
1800,54.025,0.7270098322,2
1800,54.05,0.7269221305,2
1800,54.075,0.7268344597,2
1800,54.1,0.7267468198,2
1800,54.125,0.7266592108,2
1800,54.15,0.7265716327,2
1800,54.175,0.7264840855,2
1800,54.2,0.7263965692,2
1800,54.225,0.7263090838,2
1800,54.25,0.7262216293,2
1800,54.275,0.7261342057,2
1800,54.3,0.7260468129,2
1800,54.325,0.7259594511,2
1800,54.35,0.7258721202,2
1800,54.375,0.7257848202,2
1800,54.4,0.725697551,2
1800,54.425,0.7256103128,2
1800,54.45,0.7255231055,2
1800,54.475,0.725435929,2
1800,54.5,0.7253487835,2
1800,54.525,0.7252616688,2
1800,54.55,0.7251745851,2
1800,54.575,0.7250875322,2
1800,54.6,0.7250005103,2
1800,54.625,0.7249135192,2
1800,54.65,0.724826559,2
1800,54.675,0.7247396298,2
1800,54.7,0.7246527314,2
1800,54.725,0.7245658639,2
1800,54.75,0.7244790274,2
1800,54.775,0.7243922217,2
1800,54.8,0.7243054469,2
1800,54.825,0.724218703,2
1800,54.85,0.72413199,2
1800,54.875,0.724045308,2
1800,54.9,0.7239586568,2
1800,54.925,0.7238720365,2
1800,54.95,0.7237854471,2
1800,54.975,0.7236988886,2
1800,55,0.723612361,2
1800,55.025,0.7235258643,2
1800,55.05,0.7234393985,2
1800,55.075,0.7233529636,2
1800,55.1,0.7232665595,2
1800,55.125,0.7231801864,2
1800,55.15,0.7230938442,2
1800,55.175,0.7230075329,2
1800,55.2,0.7229212525,2
1800,55.225,0.7228350029,2
1800,55.25,0.7227487843,2
1800,55.275,0.7226625966,2
1800,55.3,0.7225764397,2
1800,55.325,0.7224903138,2
1800,55.35,0.7224042188,2
1800,55.375,0.7223181546,2
1800,55.4,0.7222321214,2
1800,55.425,0.722146119,2
1800,55.45,0.7220601476,2
1800,55.475,0.721974207,2
1800,55.5,0.7218882974,2
1800,55.525,0.7218024186,2
1800,55.55,0.7217165707,2
1800,55.575,0.7216307538,2
1800,55.6,0.7215449677,2
1800,55.625,0.7214592125,2
1800,55.65,0.7213734883,2
1800,55.675,0.7212877949,2
1800,55.7,0.7212021324,2
1800,55.725,0.7211165008,2
1800,55.75,0.7210309001,2
1800,55.775,0.7209453304,2
1800,55.8,0.7208597915,2
1800,55.825,0.7207742835,2
1800,55.85,0.7206888064,2
1800,55.875,0.7206033602,2
1800,55.9,0.7205179449,2
1800,55.925,0.7204325605,2
1800,55.95,0.720347207,2
1800,55.975,0.7202618843,2
1800,56,0.7201765926,2
1800,56.025,0.7200913318,2
1800,56.05,0.7200061019,2
1800,56.075,0.7199209029,2
1800,56.1,0.7198357348,2
1800,56.125,0.7197505975,2
1800,56.15,0.7196654912,2
1800,56.175,0.7195804158,2
1800,56.2,0.7194953712,2
1800,56.225,0.7194103576,2
1800,56.25,0.7193253748,2
1800,56.275,0.719240423,2
1800,56.3,0.7191555021,2
1800,56.325,0.719070612,2
1800,56.35,0.7189857529,2
1800,56.375,0.7189009246,2
1800,56.4,0.7188161272,2
1800,56.425,0.7187313608,2
1800,56.45,0.7186466252,2
1800,56.475,0.7185619206,2
1800,56.5,0.7184772468,2
1800,56.525,0.7183926039,2
1800,56.55,0.7183079919,2
1800,56.575,0.7182234109,2
1800,56.6,0.7181388607,2
1800,56.625,0.7180543414,2
1800,56.65,0.717969853,2
1800,56.675,0.7178853955,2
1800,56.7,0.7178009689,2
1800,56.725,0.7177165732,2
1800,56.75,0.7176322084,2
1800,56.775,0.7175478745,2
1800,56.8,0.7174635715,2
1800,56.825,0.7173792994,2
1800,56.85,0.7172950582,2
1800,56.875,0.7172108479,2
1800,56.9,0.7171266685,2
1800,56.925,0.71704252,2
1800,56.95,0.7169584024,2
1800,56.975,0.7168743156,2
1800,57,0.7167902598,2
1800,57.025,0.7167062349,2
1800,57.05,0.7166222409,2
1800,57.075,0.7165382777,2
1800,57.1,0.7164543455,2
1800,57.125,0.7163704441,2
1800,57.15,0.7162865737,2
1800,57.175,0.7162027342,2
1800,57.2,0.7161189255,2
1800,57.225,0.7160351478,2
1800,57.25,0.7159514009,2
1800,57.275,0.7158676849,2
1800,57.3,0.7157839999,2
1800,57.325,0.7157003457,2
1800,57.35,0.7156167225,2
1800,57.375,0.7155331301,2
1800,57.4,0.7154495686,2
1800,57.425,0.7153660381,2
1800,57.45,0.7152825384,2
1800,57.475,0.7151990696,2
1800,57.5,0.7151156317,2
1800,57.525,0.7150322247,2
1800,57.55,0.7149488486,2
1800,57.575,0.7148655035,2
1800,57.6,0.7147821892,2
1800,57.625,0.7146989058,2
1800,57.65,0.7146156533,2
1800,57.675,0.7145324317,2
1800,57.7,0.714449241,2
1800,57.725,0.7143660812,2
1800,57.75,0.7142829522,2
1800,57.775,0.7141998542,2
1800,57.8,0.7141167871,2
1800,57.825,0.7140337509,2
1800,57.85,0.7139507456,2
1800,57.875,0.7138677712,2
1800,57.9,0.7137848276,2
1800,57.925,0.713701915,2
1800,57.95,0.7136190333,2
1800,57.975,0.7135361824,2
1800,58,0.7134533625,2
1800,58.025,0.7133705735,2
1800,58.05,0.7132878153,2
1800,58.075,0.7132050881,2
1800,58.1,0.7131223917,2
1800,58.125,0.7130397263,2
1800,58.15,0.7129570917,2
1800,58.175,0.7128744881,2
1800,58.2,0.7127919153,2
1800,58.225,0.7127093734,2
1800,58.25,0.7126268625,2
1800,58.275,0.7125443824,2
1800,58.3,0.7124619332,2
1800,58.325,0.712379515,2
1800,58.35,0.7122971276,2
1800,58.375,0.7122147711,2
1800,58.4,0.7121324455,2
1800,58.425,0.7120501508,2
1800,58.45,0.711967887,2
1800,58.475,0.7118856542,2
1800,58.5,0.7118034522,2
1800,58.525,0.7117212811,2
1800,58.55,0.7116391409,2
1800,58.575,0.7115570316,2
1800,58.6,0.7114749532,2
1800,58.625,0.7113929057,2
1800,58.65,0.711310889,2
1800,58.675,0.7112289033,2
1800,58.7,0.7111469485,2
1800,58.725,0.7110650246,2
1800,58.75,0.7109831316,2
1800,58.775,0.7109012695,2
1800,58.8,0.7108194382,2
1800,58.825,0.7107376379,2
1800,58.85,0.7106558685,2
1800,58.875,0.7105741299,2
1800,58.9,0.7104924223,2
1800,58.925,0.7104107455,2
1800,58.95,0.7103290997,2
1800,58.975,0.7102474848,2
1800,59,0.7101659007,2
1800,59.025,0.7100843476,2
1800,59.05,0.7100028253,2
1800,59.075,0.7099213339,2
1800,59.1,0.7098398735,2
1800,59.125,0.7097584439,2
1800,59.15,0.7096770453,2
1800,59.175,0.7095956775,2
1800,59.2,0.7095143406,2
1800,59.225,0.7094330346,2
1800,59.25,0.7093517596,2
1800,59.275,0.7092705154,2
1800,59.3,0.7091893021,2
1800,59.325,0.7091081197,2
1800,59.35,0.7090269682,2
1800,59.375,0.7089458476,2
1800,59.4,0.7088647579,2
1800,59.425,0.7087836991,2
1800,59.45,0.7087026712,2
1800,59.475,0.7086216742,2
1800,59.5,0.7085407081,2
1800,59.525,0.7084597729,2
1800,59.55,0.7083788686,2
1800,59.575,0.7082979952,2
1800,59.6,0.7082171527,2
1800,59.625,0.7081363411,2
1800,59.65,0.7080555603,2
1800,59.675,0.7079748105,2
1800,59.7,0.7078940916,2
1800,59.725,0.7078134036,2
1800,59.75,0.7077327464,2
1800,59.775,0.7076521202,2
1800,59.8,0.7075715248,2
1800,59.825,0.7074909604,2
1800,59.85,0.7074104269,2
1800,59.875,0.7073299242,2
1800,59.9,0.7072494525,2
1800,59.925,0.7071690116,2
1800,59.95,0.7070886016,2
1800,59.975,0.7070082226,2
1800,60,0.7069278744,2
1800,60.025,0.7068475572,2
1800,60.05,0.7067672708,2
1800,60.075,0.7066870153,2
1800,60.1,0.7066067908,2
1800,60.125,0.7065265971,2
1800,60.15,0.7064464343,2
1800,60.175,0.7063663024,2
1800,60.2,0.7062862014,2
1800,60.225,0.7062061313,2
1800,60.25,0.7061260922,2
1800,60.275,0.7060460839,2
1800,60.3,0.7059661065,2
1800,60.325,0.70588616,2
1800,60.35,0.7058062444,2
1800,60.375,0.7057263597,2
1800,60.4,0.7056465059,2
1800,60.425,0.705566683,2
1800,60.45,0.7054868909,2
1800,60.475,0.7054071298,2
1800,60.5,0.7053273996,2
1800,60.525,0.7052477003,2
1800,60.55,0.7051680319,2
1800,60.575,0.7050883943,2
1800,60.6,0.7050087877,2
1800,60.625,0.704929212,2
1800,60.65,0.7048496671,2
1800,60.675,0.7047701532,2
1800,60.7,0.7046906702,2
1800,60.725,0.704611218,2
1800,60.75,0.7045317968,2
1800,60.775,0.7044524064,2
1800,60.8,0.704373047,2
1800,60.825,0.7042937184,2
1800,60.85,0.7042144208,2
1800,60.875,0.704135154,2
1800,60.9,0.7040559181,2
1800,60.925,0.7039767132,2
1800,60.95,0.7038975391,2
1800,60.975,0.7038183959,2
1800,61,0.7037392837,2
1800,61.025,0.7036602023,2
1800,61.05,0.7035811518,2
1800,61.075,0.7035021322,2
1800,61.1,0.7034231435,2
1800,61.125,0.7033441858,2
1800,61.15,0.7032652589,2
1800,61.175,0.7031863629,2
1800,61.2,0.7031074978,2
1800,61.225,0.7030286636,2
1800,61.25,0.7029498603,2
1800,61.275,0.7028710879,2
1800,61.3,0.7027923464,2
1800,61.325,0.7027136358,2
1800,61.35,0.702634956,2
1800,61.375,0.7025563072,2
1800,61.4,0.7024776893,2
1800,61.425,0.7023991023,2
1800,61.45,0.7023205462,2
1800,61.475,0.7022420209,2
1800,61.5,0.7021635266,2
1800,61.525,0.7020850632,2
1800,61.55,0.7020066306,2
1800,61.575,0.701928229,2
1800,61.6,0.7018498583,2
1800,61.625,0.7017715184,2
1800,61.65,0.7016932095,2
1800,61.675,0.7016149314,2
1800,61.7,0.7015366843,2
1800,61.725,0.701458468,2
1800,61.75,0.7013802827,2
1800,61.775,0.7013021282,2
1800,61.8,0.7012240046,2
1800,61.825,0.701145912,2
1800,61.85,0.7010678502,2
1800,61.875,0.7009898193,2
1800,61.9,0.7009118193,2
1800,61.925,0.7008338503,2
1800,61.95,0.7007559121,2
1800,61.975,0.7006780048,2
1800,62,0.7006001284,2
1800,62.025,0.7005222829,2
1800,62.05,0.7004444683,2
1800,62.075,0.7003666846,2
1800,62.1,0.7002889318,2
1800,62.125,0.7002112099,2
1800,62.15,0.7001335189,2
1800,62.175,0.7000558588,2
1800,62.2,0.6999782296,2
1800,62.225,0.6999006313,2
1800,62.25,0.6998230639,2
1800,62.275,0.6997455274,2
1800,62.3,0.6996680218,2
1800,62.325,0.699590547,2
1800,62.35,0.6995131032,2
1800,62.375,0.6994356903,2
1800,62.4,0.6993583083,2
1800,62.425,0.6992809571,2
1800,62.45,0.6992036369,2
1800,62.475,0.6991263476,2
1800,62.5,0.6990490891,2
1800,62.525,0.6989718616,2
1800,62.55,0.6988946649,2
1800,62.575,0.6988174992,2
1800,62.6,0.6987403643,2
1800,62.625,0.6986632604,2
1800,62.65,0.6985861873,2
1800,62.675,0.6985091451,2
1800,62.7,0.6984321339,2
1800,62.725,0.6983551535,2
1800,62.75,0.698278204,2
1800,62.775,0.6982012855,2
1800,62.8,0.6981243978,2
1800,62.825,0.698047541,2
1800,62.85,0.6979707151,2
1800,62.875,0.6978939202,2
1800,62.9,0.6978171561,2
1800,62.925,0.6977404229,2
1800,62.95,0.6976637206,2
1800,62.975,0.6975870492,2
1800,63,0.6975104087,2
1800,63.025,0.6974337991,2
1800,63.05,0.6973572204,2
1800,63.075,0.6972806726,2
1800,63.1,0.6972041557,2
1800,63.125,0.6971276697,2
1800,63.15,0.6970512145,2
1800,63.175,0.6969747903,2
1800,63.2,0.696898397,2
1800,63.225,0.6968220346,2
1800,63.25,0.6967457031,2
1800,63.275,0.6966694024,2
1800,63.3,0.6965931327,2
1800,63.325,0.6965168939,2
1800,63.35,0.6964406859,2
1800,63.375,0.6963645089,2
1800,63.4,0.6962883627,2
1800,63.425,0.6962122475,2
1800,63.45,0.6961361631,2
1800,63.475,0.6960601097,2
1800,63.5,0.6959840871,2
1800,63.525,0.6959080955,2
1800,63.55,0.6958321347,2
1800,63.575,0.6957562049,2
1800,63.6,0.6956803059,2
1800,63.625,0.6956044378,2
1800,63.65,0.6955286007,2
1800,63.675,0.6954527944,2
1800,63.7,0.695377019,2
1800,63.725,0.6953012745,2
1800,63.75,0.6952255609,2
1800,63.775,0.6951498783,2
1800,63.8,0.6950742265,2
1800,63.825,0.6949986056,2
1800,63.85,0.6949230156,2
1800,63.875,0.6948474565,2
1800,63.9,0.6947719283,2
1800,63.925,0.694696431,2
1800,63.95,0.6946209646,2
1800,63.975,0.6945455291,2
1800,64,0.6944701245,2
1800,64.025,0.6943947508,2
1800,64.05,0.6943194079,2
1800,64.075,0.694244096,2
1800,64.1,0.694168815,2
1800,64.125,0.6940935649,2
1800,64.15,0.6940183457,2
1800,64.175,0.6939431573,2
1800,64.2,0.6938679999,2
1800,64.225,0.6937928734,2
1800,64.25,0.6937177777,2
1800,64.275,0.693642713,2
1800,64.3,0.6935676791,2
1800,64.325,0.6934926762,2
1800,64.35,0.6934177041,2
1800,64.375,0.693342763,2
1800,64.4,0.6932678527,2
1800,64.425,0.6931929734,2
1800,64.45,0.6931181249,2
1800,64.475,0.6930433074,2
1800,64.5,0.6929685207,2
1800,64.525,0.6928937649,2
1800,64.55,0.69281904,2
1800,64.575,0.6927443461,2
1800,64.6,0.692669683,2
1800,64.625,0.6925950508,2
1800,64.65,0.6925204495,2
1800,64.675,0.6924458791,2
1800,64.7,0.6923713397,2
1800,64.725,0.6922968311,2
1800,64.75,0.6922223534,2
1800,64.775,0.6921479066,2
1800,64.8,0.6920734907,2
1800,64.825,0.6919991057,2
1800,64.85,0.6919247516,2
1800,64.875,0.6918504284,2
1800,64.9,0.691776136,2
1800,64.925,0.6917018746,2
1800,64.95,0.6916276441,2
1800,64.975,0.6915534445,2
1800,65,0.6914792758,2
1800,65.025,0.6914051379,2
1800,65.05,0.691331031,2
1800,65.075,0.691256955,2
1800,65.1,0.6911829099,2
1800,65.125,0.6911088956,2
1800,65.15,0.6910349123,2
1800,65.175,0.6909609598,2
1800,65.2,0.6908870383,2
1800,65.225,0.6908131476,2
1800,65.25,0.6907392879,2
1800,65.275,0.690665459,2
1800,65.3,0.6905916611,2
1800,65.325,0.690517894,2
1800,65.35,0.6904441579,2
1800,65.375,0.6903704526,2
1800,65.4,0.6902967782,2
1800,65.425,0.6902231348,2
1800,65.45,0.6901495222,2
1800,65.475,0.6900759405,2
1800,65.5,0.6900023897,2
1800,65.525,0.6899288699,2
1800,65.55,0.6898553809,2
1800,65.575,0.6897819228,2
1800,65.6,0.6897084956,2
1800,65.625,0.6896350993,2
1800,65.65,0.6895617339,2
1800,65.675,0.6894883994,2
1800,65.7,0.6894150958,2
1800,65.725,0.6893418231,2
1800,65.75,0.6892685813,2
1800,65.775,0.6891953704,2
1800,65.8,0.6891221904,2
1800,65.825,0.6890490413,2
1800,65.85,0.6889759231,2
1800,65.875,0.6889028357,2
1800,65.9,0.6888297793,2
1800,65.925,0.6887567538,2
1800,65.95,0.6886837592,2
1800,65.975,0.6886107954,2
1800,66,0.6885378626,2
1800,66.025,0.6884649607,2
1800,66.05,0.6883920896,2
1800,66.075,0.6883192495,2
1800,66.1,0.6882464402,2
1800,66.125,0.6881736619,2
1800,66.15,0.6881009144,2
1800,66.175,0.6880281979,2
1800,66.2,0.6879555122,2
1800,66.225,0.6878828575,2
1800,66.25,0.6878102336,2
1800,66.275,0.6877376406,2
1800,66.3,0.6876650786,2
1800,66.325,0.6875925474,2
1800,66.35,0.6875200471,2
1800,66.375,0.6874475777,2
1800,66.4,0.6873751393,2
1800,66.425,0.6873027317,2
1800,66.45,0.687230355,2
1800,66.475,0.6871580092,2
1800,66.5,0.6870856943,2
1800,66.525,0.6870134103,2
1800,66.55,0.6869411572,2
1800,66.575,0.686868935,2
1800,66.6,0.6867967437,2
1800,66.625,0.6867245833,2
1800,66.65,0.6866524538,2
1800,66.675,0.6865803552,2
1800,66.7,0.6865082875,2
1800,66.725,0.6864362507,2
1800,66.75,0.6863642448,2
1800,66.775,0.6862922697,2
1800,66.8,0.6862203256,2
1800,66.825,0.6861484124,2
1800,66.85,0.6860765301,2
1800,66.875,0.6860046786,2
1800,66.9,0.6859328581,2
1800,66.925,0.6858610685,2
1800,66.95,0.6857893097,2
1800,66.975,0.6857175819,2
1800,67,0.6856458849,2
1800,67.025,0.6855742189,2
1800,67.05,0.6855025837,2
1800,67.075,0.6854309795,2
1800,67.1,0.6853594061,2
1800,67.125,0.6852878636,2
1800,67.15,0.6852163521,2
1800,67.175,0.6851448714,2
1800,67.2,0.6850734217,2
1800,67.225,0.6850020028,2
1800,67.25,0.6849306148,2
1800,67.275,0.6848592577,2
1800,67.3,0.6847879315,2
1800,67.325,0.6847166363,2
1800,67.35,0.6846453719,2
1800,67.375,0.6845741384,2
1800,67.4,0.6845029358,2
1800,67.425,0.6844317641,2
1800,67.45,0.6843606233,2
1800,67.475,0.6842895134,2
1800,67.5,0.6842184344,2
1800,67.525,0.6841473863,2
1800,67.55,0.6840763691,2
1800,67.575,0.6840053828,2
1800,67.6,0.6839344274,2
1800,67.625,0.6838635029,2
1800,67.65,0.6837926092,2
1800,67.675,0.6837217465,2
1800,67.7,0.6836509147,2
1800,67.725,0.6835801138,2
1800,67.75,0.6835093437,2
1800,67.775,0.6834386046,2
1800,67.8,0.6833678964,2
1800,67.825,0.683297219,2
1800,67.85,0.6832265726,2
1800,67.875,0.683155957,2
1800,67.9,0.6830853724,2
1800,67.925,0.6830148186,2
1800,67.95,0.6829442958,2
1800,67.975,0.6828738038,2
1800,68,0.6828033428,2
1800,68.025,0.6827329126,2
1800,68.05,0.6826625133,2
1800,68.075,0.682592145,2
1800,68.1,0.6825218075,2
1800,68.125,0.6824515009,2
1800,68.15,0.6823812253,2
1800,68.175,0.6823109805,2
1800,68.2,0.6822407666,2
1800,68.225,0.6821705836,2
1800,68.25,0.6821004315,2
1800,68.275,0.6820303103,2
1800,68.3,0.6819602201,2
1800,68.325,0.6818901607,2
1800,68.35,0.6818201322,2
1800,68.375,0.6817501346,2
1800,68.4,0.6816801679,2
1800,68.425,0.681610232,2
1800,68.45,0.6815403271,2
1800,68.475,0.6814704531,2
1800,68.5,0.68140061,2
1800,68.525,0.6813307978,2
1800,68.55,0.6812610165,2
1800,68.575,0.6811912661,2
1800,68.6,0.6811215465,2
1800,68.625,0.6810518579,2
1800,68.65,0.6809822002,2
1800,68.675,0.6809125733,2
1800,68.7,0.6808429774,2
1800,68.725,0.6807734124,2
1800,68.75,0.6807038782,2
1800,68.775,0.680634375,2
1800,68.8,0.6805649026,2
1800,68.825,0.6804954612,2
1800,68.85,0.6804260506,2
1800,68.875,0.680356671,2
1800,68.9,0.6802873222,2
1800,68.925,0.6802180043,2
1800,68.95,0.6801487174,2
1800,68.975,0.6800794613,2
1800,69,0.6800102361,2
1800,69.025,0.6799410419,2
1800,69.05,0.6798718785,2
1800,69.075,0.679802746,2
1800,69.1,0.6797336444,2
1800,69.125,0.6796645737,2
1800,69.15,0.679595534,2
1800,69.175,0.6795265251,2
1800,69.2,0.6794575471,2
1800,69.225,0.6793886,2
1800,69.25,0.6793196838,2
1800,69.275,0.6792507985,2
1800,69.3,0.6791819441,2
1800,69.325,0.6791131206,2
1800,69.35,0.679044328,2
1800,69.375,0.6789755662,2
1800,69.4,0.6789068354,2
1800,69.425,0.6788381355,2
1800,69.45,0.6787694665,2
1800,69.475,0.6787008284,2
1800,69.5,0.6786322211,2
1800,69.525,0.6785636448,2
1800,69.55,0.6784950994,2
1800,69.575,0.6784265848,2
1800,69.6,0.6783581012,2
1800,69.625,0.6782896485,2
1800,69.65,0.6782212266,2
1800,69.675,0.6781528357,2
1800,69.7,0.6780844756,2
1800,69.725,0.6780161465,2
1800,69.75,0.6779478482,2
1800,69.775,0.6778795809,2
1800,69.8,0.6778113444,2
1800,69.825,0.6777431388,2
1800,69.85,0.6776749642,2
1800,69.875,0.6776068204,2
1800,69.9,0.6775387075,2
1800,69.925,0.6774706256,2
1800,69.95,0.6774025745,2
1800,69.975,0.6773345543,2
1800,70,0.677266565,2
1800,70.025,0.6771986066,2
1800,70.05,0.6771306791,2
1800,70.075,0.6770627825,2
1800,70.1,0.6769949169,2
1800,70.125,0.6769270821,2
1800,70.15,0.6768592782,2
1800,70.175,0.6767915052,2
1800,70.2,0.6767237631,2
1800,70.225,0.6766560518,2
1800,70.25,0.6765883715,2
1800,70.275,0.6765207221,2
1800,70.3,0.6764531036,2
1800,70.325,0.676385516,2
1800,70.35,0.6763179593,2
1800,70.375,0.6762504334,2
1800,70.4,0.6761829385,2
1800,70.425,0.6761154745,2
1800,70.45,0.6760480413,2
1800,70.475,0.6759806391,2
1800,70.5,0.6759132678,2
1800,70.525,0.6758459273,2
1800,70.55,0.6757786178,2
1800,70.575,0.6757113391,2
1800,70.6,0.6756440914,2
1800,70.625,0.6755768745,2
1800,70.65,0.6755096886,2
1800,70.675,0.6754425335,2
1800,70.7,0.6753754094,2
1800,70.725,0.6753083161,2
1800,70.75,0.6752412537,2
1800,70.775,0.6751742223,2
1800,70.8,0.6751072217,2
1800,70.825,0.675040252,2
1800,70.85,0.6749733132,2
1800,70.875,0.6749064054,2
1800,70.9,0.6748395284,2
1800,70.925,0.6747726823,2
1800,70.95,0.6747058671,2
1800,70.975,0.6746390828,2
1800,71,0.6745723294,2
1800,71.025,0.6745056069,2
1800,71.05,0.6744389153,2
1800,71.075,0.6743722546,2
1800,71.1,0.6743056248,2
1800,71.125,0.6742390259,2
1800,71.15,0.6741724579,2
1800,71.175,0.6741059208,2
1800,71.2,0.6740394145,2
1800,71.225,0.6739729392,2
1800,71.25,0.6739064948,2
1800,71.275,0.6738400813,2
1800,71.3,0.6737736987,2
1800,71.325,0.6737073469,2
1800,71.35,0.6736410261,2
1800,71.375,0.6735747361,2
1800,71.4,0.6735084771,2
1800,71.425,0.673442249,2
1800,71.45,0.6733760517,2
1800,71.475,0.6733098854,2
1800,71.5,0.6732437499,2
1800,71.525,0.6731776454,2
1800,71.55,0.6731115717,2
1800,71.575,0.673045529,2
1800,71.6,0.6729795171,2
1800,71.625,0.6729135361,2
1800,71.65,0.6728475861,2
1800,71.675,0.6727816669,2
1800,71.7,0.6727157786,2
1800,71.725,0.6726499212,2
1800,71.75,0.6725840948,2
1800,71.775,0.6725182992,2
1800,71.8,0.6724525345,2
1800,71.825,0.6723868007,2
1800,71.85,0.6723210978,2
1800,71.875,0.6722554258,2
1800,71.9,0.6721897847,2
1800,71.925,0.6721241745,2
1800,71.95,0.6720585952,2
1800,71.975,0.6719930468,2
1800,72,0.6719275293,2
1800,72.025,0.6718620427,2
1800,72.05,0.671796587,2
1800,72.075,0.6717311622,2
1800,72.1,0.6716657683,2
1800,72.125,0.6716004052,2
1800,72.15,0.6715350731,2
1800,72.175,0.6714697719,2
1800,72.2,0.6714045016,2
1800,72.225,0.6713392621,2
1800,72.25,0.6712740536,2
1800,72.275,0.671208876,2
1800,72.3,0.6711437292,2
1800,72.325,0.6710786134,2
1800,72.35,0.6710135284,2
1800,72.375,0.6709484744,2
1800,72.4,0.6708834512,2
1800,72.425,0.670818459,2
1800,72.45,0.6707534976,2
1800,72.475,0.6706885672,2
1800,72.5,0.6706236676,2
1800,72.525,0.6705587989,2
1800,72.55,0.6704939612,2
1800,72.575,0.6704291543,2
1800,72.6,0.6703643783,2
1800,72.625,0.6702996332,2
1800,72.65,0.6702349191,2
1800,72.675,0.6701702358,2
1800,72.7,0.6701055834,2
1800,72.725,0.6700409619,2
1800,72.75,0.6699763713,2
1800,72.775,0.6699118116,2
1800,72.8,0.6698472828,2
1800,72.825,0.6697827849,2
1800,72.85,0.6697183179,2
1800,72.875,0.6696538818,2
1800,72.9,0.6695894766,2
1800,72.925,0.6695251023,2
1800,72.95,0.6694607589,2
1800,72.975,0.6693964464,2
1800,73,0.6693321647,2
1800,73.025,0.669267914,2
1800,73.05,0.6692036942,2
1800,73.075,0.6691395053,2
1800,73.1,0.6690753472,2
1800,73.125,0.6690112201,2
1800,73.15,0.6689471239,2
1800,73.175,0.6688830585,2
1800,73.2,0.6688190241,2
1800,73.225,0.6687550205,2
1800,73.25,0.6686910479,2
1800,73.275,0.6686271061,2
1800,73.3,0.6685631953,2
1800,73.325,0.6684993153,2
1800,73.35,0.6684354663,2
1800,73.375,0.6683716481,2
1800,73.4,0.6683078609,2
1800,73.425,0.6682441045,2
1800,73.45,0.668180379,2
1800,73.475,0.6681166845,2
1800,73.5,0.6680530208,2
1800,73.525,0.667989388,2
1800,73.55,0.6679257861,2
1800,73.575,0.6678622151,2
1800,73.6,0.667798675,2
1800,73.625,0.6677351659,2
1800,73.65,0.6676716876,2
1800,73.675,0.6676082402,2
1800,73.7,0.6675448237,2
1800,73.725,0.6674814381,2
1800,73.75,0.6674180834,2
1800,73.775,0.6673547596,2
1800,73.8,0.6672914667,2
1800,73.825,0.6672282046,2
1800,73.85,0.6671649735,2
1800,73.875,0.6671017733,2
1800,73.9,0.667038604,2
1800,73.925,0.6669754656,2
1800,73.95,0.666912358,2
1800,73.975,0.6668492814,2
1800,74,0.6667862357,2
1800,74.025,0.6667232209,2
1800,74.05,0.6666602369,2
1800,74.075,0.6665972839,2
1800,74.1,0.6665343617,2
1800,74.125,0.6664714705,2
1800,74.15,0.6664086101,2
1800,74.175,0.6663457807,2
1800,74.2,0.6662829821,2
1800,74.225,0.6662202145,2
1800,74.25,0.6661574777,2
1800,74.275,0.6660947719,2
1800,74.3,0.6660320969,2
1800,74.325,0.6659694528,2
1800,74.35,0.6659068397,2
1800,74.375,0.6658442574,2
1800,74.4,0.665781706,2
1800,74.425,0.6657191855,2
1800,74.45,0.6656566959,2
1800,74.475,0.6655942373,2
1800,74.5,0.6655318095,2
1800,74.525,0.6654694126,2
1800,74.55,0.6654070466,2
1800,74.575,0.6653447115,2
1800,74.6,0.6652824073,2
1800,74.625,0.665220134,2
1800,74.65,0.6651578916,2
1800,74.675,0.6650956801,2
1800,74.7,0.6650334995,2
1800,74.725,0.6649713498,2
1800,74.75,0.6649092309,2
1800,74.775,0.664847143,2
1800,74.8,0.664785086,2
1800,74.825,0.6647230599,2
1800,74.85,0.6646610647,2
1800,74.875,0.6645991003,2
1800,74.9,0.6645371669,2
1800,74.925,0.6644752644,2
1800,74.95,0.6644133927,2
1800,74.975,0.664351552,2
1800,75,0.6642897421,2
1800,75.025,0.6642279632,2
1800,75.05,0.6641662151,2
1800,75.075,0.664104498,2
1800,75.1,0.6640428117,2
1800,75.125,0.6639811564,2
1800,75.15,0.6639195319,2
1800,75.175,0.6638579384,2
1800,75.2,0.6637963757,2
1800,75.225,0.6637348439,2
1800,75.25,0.6636733431,2
1800,75.275,0.6636118731,2
1800,75.3,0.663550434,2
1800,75.325,0.6634890258,2
1800,75.35,0.6634276485,2
1800,75.375,0.6633663022,2
1800,75.4,0.6633049867,2
1800,75.425,0.6632437021,2
1800,75.45,0.6631824484,2
1800,75.475,0.6631212256,2
1800,75.5,0.6630600337,2
1800,75.525,0.6629988727,2
1800,75.55,0.6629377426,2
1800,75.575,0.6628766434,2
1800,75.6,0.6628155751,2
1800,75.625,0.6627545377,2
1800,75.65,0.6626935311,2
1800,75.675,0.6626325555,2
1800,75.7,0.6625716108,2
1800,75.725,0.662510697,2
1800,75.75,0.662449814,2
1800,75.775,0.662388962,2
1800,75.8,0.6623281409,2
1800,75.825,0.6622673506,2
1800,75.85,0.6622065913,2
1800,75.875,0.6621458629,2
1800,75.9,0.6620851653,2
1800,75.925,0.6620244987,2
1800,75.95,0.6619638629,2
1800,75.975,0.6619032581,2
1800,76,0.6618426841,2
1800,76.025,0.6617821411,2
1800,76.05,0.6617216289,2
1800,76.075,0.6616611476,2
1800,76.1,0.6616006973,2
1800,76.125,0.6615402778,2
1800,76.15,0.6614798892,2
1800,76.175,0.6614195316,2
1800,76.2,0.6613592048,2
1800,76.225,0.6612989089,2
1800,76.25,0.6612386439,2
1800,76.275,0.6611784098,2
1800,76.3,0.6611182066,2
1800,76.325,0.6610580343,2
1800,76.35,0.6609978929,2
1800,76.375,0.6609377824,2
1800,76.4,0.6608777028,2
1800,76.425,0.6608176541,2
1800,76.45,0.6607576363,2
1800,76.475,0.6606976494,2
1800,76.5,0.6606376934,2
1800,76.525,0.6605777683,2
1800,76.55,0.6605178741,2
1800,76.575,0.6604580108,2
1800,76.6,0.6603981783,2
1800,76.625,0.6603383768,2
1800,76.65,0.6602786062,2
1800,76.675,0.6602188665,2
1800,76.7,0.6601591576,2
1800,76.725,0.6600994797,2
1800,76.75,0.6600398327,2
1800,76.775,0.6599802165,2
1800,76.8,0.6599206313,2
1800,76.825,0.6598610769,2
1800,76.85,0.6598015535,2
1800,76.875,0.6597420609,2
1800,76.9,0.6596825993,2
1800,76.925,0.6596231685,2
1800,76.95,0.6595637686,2
1800,76.975,0.6595043997,2
1800,77,0.6594450616,2
1800,77.025,0.6593857544,2
1800,77.05,0.6593264782,2
1800,77.075,0.6592672328,2
1800,77.1,0.6592080183,2
1800,77.125,0.6591488347,2
1800,77.15,0.659089682,2
1800,77.175,0.6590305603,2
1800,77.2,0.6589714694,2
1800,77.225,0.6589124094,2
1800,77.25,0.6588533803,2
1800,77.275,0.6587943821,2
1800,77.3,0.6587354148,2
1800,77.325,0.6586764784,2
1800,77.35,0.6586175729,2
1800,77.375,0.6585586983,2
1800,77.4,0.6584998545,2
1800,77.425,0.6584410417,2
1800,77.45,0.6583822598,2
1800,77.475,0.6583235088,2
1800,77.5,0.6582647887,2
1800,77.525,0.6582060994,2
1800,77.55,0.6581474411,2
1800,77.575,0.6580888137,2
1800,77.6,0.6580302171,2
1800,77.625,0.6579716515,2
1800,77.65,0.6579131168,2
1800,77.675,0.6578546129,2
1800,77.7,0.65779614,2
1800,77.725,0.6577376979,2
1800,77.75,0.6576792868,2
1800,77.775,0.6576209065,2
1800,77.8,0.6575625572,2
1800,77.825,0.6575042387,2
1800,77.85,0.6574459511,2
1800,77.875,0.6573876945,2
1800,77.9,0.6573294687,2
1800,77.925,0.6572712738,2
1800,77.95,0.6572131099,2
1800,77.975,0.6571549768,2
1800,78,0.6570968746,2
1800,78.025,0.6570388033,2
1800,78.05,0.6569807629,2
1800,78.075,0.6569227535,2
1800,78.1,0.6568647749,2
1800,78.125,0.6568068272,2
1800,78.15,0.6567489104,2
1800,78.175,0.6566910245,2
1800,78.2,0.6566331695,2
1800,78.225,0.6565753454,2
1800,78.25,0.6565175522,2
1800,78.275,0.6564597898,2
1800,78.3,0.6564020584,2
1800,78.325,0.6563443579,2
1800,78.35,0.6562866883,2
1800,78.375,0.6562290496,2
1800,78.4,0.6561714418,2
1800,78.425,0.6561138648,2
1800,78.45,0.6560563188,2
1800,78.475,0.6559988037,2
1800,78.5,0.6559413194,2
1800,78.525,0.6558838661,2
1800,78.55,0.6558264437,2
1800,78.575,0.6557690521,2
1800,78.6,0.6557116915,2
1800,78.625,0.6556543617,2
1800,78.65,0.6555970629,2
1800,78.675,0.6555397949,2
1800,78.7,0.6554825578,2
1800,78.725,0.6554253517,2
1800,78.75,0.6553681764,2
1800,78.775,0.6553110321,2
1800,78.8,0.6552539186,2
1800,78.825,0.655196836,2
1800,78.85,0.6551397843,2
1800,78.875,0.6550827636,2
1800,78.9,0.6550257737,2
1800,78.925,0.6549688147,2
1800,78.95,0.6549118866,2
1800,78.975,0.6548549894,2
1800,79,0.6547981231,2
1800,79.025,0.6547412877,2
1800,79.05,0.6546844832,2
1800,79.075,0.6546277096,2
1800,79.1,0.6545709669,2
1800,79.125,0.6545142551,2
1800,79.15,0.6544575742,2
1800,79.175,0.6544009242,2
1800,79.2,0.6543443051,2
1800,79.225,0.6542877169,2
1800,79.25,0.6542311596,2
1800,79.275,0.6541746331,2
1800,79.3,0.6541181376,2
1800,79.325,0.654061673,2
1800,79.35,0.6540052393,2
1800,79.375,0.6539488364,2
1800,79.4,0.6538924645,2
1800,79.425,0.6538361234,2
1800,79.45,0.6537798133,2
1800,79.475,0.6537235341,2
1800,79.5,0.6536672857,2
1800,79.525,0.6536110683,2
1800,79.55,0.6535548817,2
1800,79.575,0.653498726,2
1800,79.6,0.6534426013,2
1800,79.625,0.6533865074,2
1800,79.65,0.6533304445,2
1800,79.675,0.6532744124,2
1800,79.7,0.6532184112,2
1800,79.725,0.653162441,2
1800,79.75,0.6531065016,2
1800,79.775,0.6530505931,2
1800,79.8,0.6529947155,2
1800,79.825,0.6529388688,2
1800,79.85,0.652883053,2
1800,79.875,0.6528272682,2
1800,79.9,0.6527715142,2
1800,79.925,0.6527157911,2
1800,79.95,0.6526600989,2
1800,79.975,0.6526044376,2
1800,80,0.6525488072,2
1800,80.025,0.6524932077,2
1800,80.05,0.652437639,2
1800,80.075,0.6523821013,2
1800,80.1,0.6523265945,2
1800,80.125,0.6522711186,2
1800,80.15,0.6522156736,2
1800,80.175,0.6521602595,2
1800,80.2,0.6521048762,2
1800,80.225,0.6520495239,2
1800,80.25,0.6519942025,2
1800,80.275,0.6519389119,2
1800,80.3,0.6518836523,2
1800,80.325,0.6518284236,2
1800,80.35,0.6517732257,2
1800,80.375,0.6517180588,2
1800,80.4,0.6516629227,2
1800,80.425,0.6516078176,2
1800,80.45,0.6515527433,2
1800,80.475,0.6514977,2
1800,80.5,0.6514426875,2
1800,80.525,0.6513877059,2
1800,80.55,0.6513327553,2
1800,80.575,0.6512778355,2
1800,80.6,0.6512229466,2
1800,80.625,0.6511680887,2
1800,80.65,0.6511132616,2
1800,80.675,0.6510584654,2
1800,80.7,0.6510037001,2
1800,80.725,0.6509489657,2
1800,80.75,0.6508942622,2
1800,80.775,0.6508395897,2
1800,80.8,0.650784948,2
1800,80.825,0.6507303372,2
1800,80.85,0.6506757573,2
1800,80.875,0.6506212083,2
1800,80.9,0.6505666902,2
1800,80.925,0.650512203,2
1800,80.95,0.6504577466,2
1800,80.975,0.6504033212,2
1800,81,0.6503489267,2
1800,81.025,0.6502945631,2
1800,81.05,0.6502402304,2
1800,81.075,0.6501859286,2
1800,81.1,0.6501316576,2
1800,81.125,0.6500774176,2
1800,81.15,0.6500232085,2
1800,81.175,0.6499690302,2
1800,81.2,0.6499148829,2
1800,81.225,0.6498607664,2
1800,81.25,0.6498066809,2
1800,81.275,0.6497526263,2
1800,81.3,0.6496986025,2
1800,81.325,0.6496446097,2
1800,81.35,0.6495906477,2
1800,81.375,0.6495367166,2
1800,81.4,0.6494828165,2
1800,81.425,0.6494289472,2
1800,81.45,0.6493751089,2
1800,81.475,0.6493213014,2
1800,81.5,0.6492675248,2
1800,81.525,0.6492137791,2
1800,81.55,0.6491600644,2
1800,81.575,0.6491063805,2
1800,81.6,0.6490527275,2
1800,81.625,0.6489991054,2
1800,81.65,0.6489455142,2
1800,81.675,0.6488919539,2
1800,81.7,0.6488384245,2
1800,81.725,0.648784926,2
1800,81.75,0.6487314584,2
1800,81.775,0.6486780217,2
1800,81.8,0.6486246159,2
1800,81.825,0.648571241,2
1800,81.85,0.648517897,2
1800,81.875,0.6484645839,2
1800,81.9,0.6484113017,2
1800,81.925,0.6483580504,2
1800,81.95,0.6483048299,2
1800,81.975,0.6482516404,2
1800,82,0.6481984818,2
1800,82.025,0.6481453541,2
1800,82.05,0.6480922572,2
1800,82.075,0.6480391913,2
1800,82.1,0.6479861562,2
1800,82.125,0.6479331521,2
1800,82.15,0.6478801789,2
1800,82.175,0.6478272365,2
1800,82.2,0.6477743251,2
1800,82.225,0.6477214445,2
1800,82.25,0.6476685949,2
1800,82.275,0.6476157761,2
1800,82.3,0.6475629882,2
1800,82.325,0.6475102313,2
1800,82.35,0.6474575052,2
1800,82.375,0.64740481,2
1800,82.4,0.6473521458,2
1800,82.425,0.6472995124,2
1800,82.45,0.6472469099,2
1800,82.475,0.6471943383,2
1800,82.5,0.6471417976,2
1800,82.525,0.6470892878,2
1800,82.55,0.647036809,2
1800,82.575,0.646984361,2
1800,82.6,0.6469319439,2
1800,82.625,0.6468795577,2
1800,82.65,0.6468272024,2
1800,82.675,0.646774878,2
1800,82.7,0.6467225845,2
1800,82.725,0.6466703219,2
1800,82.75,0.6466180901,2
1800,82.775,0.6465658893,2
1800,82.8,0.6465137194,2
1800,82.825,0.6464615804,2
1800,82.85,0.6464094723,2
1800,82.875,0.646357395,2
1800,82.9,0.6463053487,2
1800,82.925,0.6462533333,2
1800,82.95,0.6462013487,2
1800,82.975,0.6461493951,2
1800,83,0.6460974724,2
1800,83.025,0.6460455805,2
1800,83.05,0.6459937196,2
1800,83.075,0.6459418895,2
1800,83.1,0.6458900904,2
1800,83.125,0.6458383221,2
1800,83.15,0.6457865848,2
1800,83.175,0.6457348783,2
1800,83.2,0.6456832027,2
1800,83.225,0.6456315581,2
1800,83.25,0.6455799443,2
1800,83.275,0.6455283614,2
1800,83.3,0.6454768095,2
1800,83.325,0.6454252884,2
1800,83.35,0.6453737982,2
1800,83.375,0.6453223389,2
1800,83.4,0.6452709105,2
1800,83.425,0.6452195131,2
1800,83.45,0.6451681465,2
1800,83.475,0.6451168108,2
1800,83.5,0.645065506,2
1800,83.525,0.6450142321,2
1800,83.55,0.6449629891,2
1800,83.575,0.644911777,2
1800,83.6,0.6448605958,2
1800,83.625,0.6448094455,2
1800,83.65,0.644758326,2
1800,83.675,0.6447072375,2
1800,83.7,0.6446561799,2
1800,83.725,0.6446051532,2
1800,83.75,0.6445541574,2
1800,83.775,0.6445031924,2
1800,83.8,0.6444522584,2
1800,83.825,0.6444013553,2
1800,83.85,0.644350483,2
1800,83.875,0.6442996417,2
1800,83.9,0.6442488313,2
1800,83.925,0.6441980517,2
1800,83.95,0.6441473031,2
1800,83.975,0.6440965853,2
1800,84,0.6440458985,2
1800,84.025,0.6439952425,2
1800,84.05,0.6439446175,2
1800,84.075,0.6438940233,2
1800,84.1,0.64384346,2
1800,84.125,0.6437929277,2
1800,84.15,0.6437424262,2
1800,84.175,0.6436919556,2
1800,84.2,0.6436415159,2
1800,84.225,0.6435911072,2
1800,84.25,0.6435407293,2
1800,84.275,0.6434903823,2
1800,84.3,0.6434400662,2
1800,84.325,0.643389781,2
1800,84.35,0.6433395267,2
1800,84.375,0.6432893033,2
1800,84.4,0.6432391108,2
1800,84.425,0.6431889493,2
1800,84.45,0.6431388185,2
1800,84.475,0.6430887187,2
1800,84.5,0.6430386498,2
1800,84.525,0.6429886118,2
1800,84.55,0.6429386047,2
1800,84.575,0.6428886285,2
1800,84.6,0.6428386832,2
1800,84.625,0.6427887688,2
1800,84.65,0.6427388852,2
1800,84.675,0.6426890326,2
1800,84.7,0.6426392109,2
1800,84.725,0.64258942,2
1800,84.75,0.6425396601,2
1800,84.775,0.6424899311,2
1800,84.8,0.6424402329,2
1800,84.825,0.6423905657,2
1800,84.85,0.6423409293,2
1800,84.875,0.6422913239,2
1800,84.9,0.6422417493,2
1800,84.925,0.6421922057,2
1800,84.95,0.6421426929,2
1800,84.975,0.642093211,2
1800,85,0.6420437601,2
1800,85.025,0.64199434,2
1800,85.05,0.6419449508,2
1800,85.075,0.6418955926,2
1800,85.1,0.6418462652,2
1800,85.125,0.6417969687,2
1800,85.15,0.6417477031,2
1800,85.175,0.6416984685,2
1800,85.2,0.6416492647,2
1800,85.225,0.6416000918,2
1800,85.25,0.6415509498,2
1800,85.275,0.6415018387,2
1800,85.3,0.6414527585,2
1800,85.325,0.6414037092,2
1800,85.35,0.6413546908,2
1800,85.375,0.6413057033,2
1800,85.4,0.6412567467,2
1800,85.425,0.641207821,2
1800,85.45,0.6411589261,2
1800,85.475,0.6411100622,2
1800,85.5,0.6410612292,2
1800,85.525,0.6410124271,2
1800,85.55,0.6409636559,2
1800,85.575,0.6409149155,2
1800,85.6,0.6408662061,2
1800,85.625,0.6408175276,2
1800,85.65,0.6407688799,2
1800,85.675,0.6407202632,2
1800,85.7,0.6406716773,2
1800,85.725,0.6406231224,2
1800,85.75,0.6405745983,2
1800,85.775,0.6405261052,2
1800,85.8,0.6404776429,2
1800,85.825,0.6404292116,2
1800,85.85,0.6403808111,2
1800,85.875,0.6403324416,2
1800,85.9,0.6402841029,2
1800,85.925,0.6402357951,2
1800,85.95,0.6401875183,2
1800,85.975,0.6401392723,2
1800,86,0.6400910572,2
1800,86.025,0.640042873,2
1800,86.05,0.6399947197,2
1800,86.075,0.6399465974,2
1800,86.1,0.6398985059,2
1800,86.125,0.6398504453,2
1800,86.15,0.6398024156,2
1800,86.175,0.6397544168,2
1800,86.2,0.6397064489,2
1800,86.225,0.6396585119,2
1800,86.25,0.6396106058,2
1800,86.275,0.6395627306,2
1800,86.3,0.6395148863,2
1800,86.325,0.6394670729,2
1800,86.35,0.6394192903,2
1800,86.375,0.6393715387,2
1800,86.4,0.639323818,2
1800,86.425,0.6392761282,2
1800,86.45,0.6392284693,2
1800,86.475,0.6391808412,2
1800,86.5,0.6391332441,2
1800,86.525,0.6390856779,2
1800,86.55,0.6390381425,2
1800,86.575,0.6389906381,2
1800,86.6,0.6389431645,2
1800,86.625,0.6388957219,2
1800,86.65,0.6388483101,2
1800,86.675,0.6388009293,2
1800,86.7,0.6387535793,2
1800,86.725,0.6387062603,2
1800,86.75,0.6386589721,2
1800,86.775,0.6386117149,2
1800,86.8,0.6385644885,2
1800,86.825,0.638517293,2
1800,86.85,0.6384701284,2
1800,86.875,0.6384229948,2
1800,86.9,0.638375892,2
1800,86.925,0.6383288201,2
1800,86.95,0.6382817791,2
1800,86.975,0.638234769,2
1800,87,0.6381877899,2
1800,87.025,0.6381408416,2
1800,87.05,0.6380939242,2
1800,87.075,0.6380470377,2
1800,87.1,0.6380001821,2
1800,87.125,0.6379533574,2
1800,87.15,0.6379065636,2
1800,87.175,0.6378598007,2
1800,87.2,0.6378130686,2
1800,87.225,0.6377663675,2
1800,87.25,0.6377196973,2
1800,87.275,0.637673058,2
1800,87.3,0.6376264496,2
1800,87.325,0.6375798721,2
1800,87.35,0.6375333254,2
1800,87.375,0.6374868097,2
1800,87.4,0.6374403249,2
1800,87.425,0.6373938709,2
1800,87.45,0.6373474479,2
1800,87.475,0.6373010557,2
1800,87.5,0.6372546945,2
1800,87.525,0.6372083642,2
1800,87.55,0.6371620647,2
1800,87.575,0.6371157961,2
1800,87.6,0.6370695585,2
1800,87.625,0.6370233517,2
1800,87.65,0.6369771759,2
1800,87.675,0.6369310309,2
1800,87.7,0.6368849168,2
1800,87.725,0.6368388337,2
1800,87.75,0.6367927814,2
1800,87.775,0.63674676,2
1800,87.8,0.6367007695,2
1800,87.825,0.63665481,2
1800,87.85,0.6366088813,2
1800,87.875,0.6365629835,2
1800,87.9,0.6365171166,2
1800,87.925,0.6364712806,2
1800,87.95,0.6364254755,2
1800,87.975,0.6363797013,2
1800,88,0.636333958,2
1800,88.025,0.6362882456,2
1800,88.05,0.6362425641,2
1800,88.075,0.6361969135,2
1800,88.1,0.6361512938,2
1800,88.125,0.636105705,2
1800,88.15,0.6360601471,2
1800,88.175,0.63601462,2
1800,88.2,0.6359691239,2
1800,88.225,0.6359236587,2
1800,88.25,0.6358782244,2
1800,88.275,0.6358328209,2
1800,88.3,0.6357874484,2
1800,88.325,0.6357421068,2
1800,88.35,0.635696796,2
1800,88.375,0.6356515162,2
1800,88.4,0.6356062672,2
1800,88.425,0.6355610492,2
1800,88.45,0.635515862,2
1800,88.475,0.6354707058,2
1800,88.5,0.6354255804,2
1800,88.525,0.635380486,2
1800,88.55,0.6353354224,2
1800,88.575,0.6352903897,2
1800,88.6,0.635245388,2
1800,88.625,0.6352004171,2
1800,88.65,0.6351554771,2
1800,88.675,0.635110568,2
1800,88.7,0.6350656899,2
1800,88.725,0.6350208426,2
1800,88.75,0.6349760262,2
1800,88.775,0.6349312407,2
1800,88.8,0.6348864861,2
1800,88.825,0.6348417624,2
1800,88.85,0.6347970696,2
1800,88.875,0.6347524077,2
1800,88.9,0.6347077767,2
1800,88.925,0.6346631766,2
1800,88.95,0.6346186074,2
1800,88.975,0.6345740691,2
1800,89,0.6345295617,2
1800,89.025,0.6344850852,2
1800,89.05,0.6344406396,2
1800,89.075,0.6343962248,2
1800,89.1,0.634351841,2
1800,89.125,0.6343074881,2
1800,89.15,0.6342631661,2
1800,89.175,0.6342188749,2
1800,89.2,0.6341746147,2
1800,89.225,0.6341303854,2
1800,89.25,0.6340861869,2
1800,89.275,0.6340420194,2
1800,89.3,0.6339978827,2
1800,89.325,0.633953777,2
1800,89.35,0.6339097021,2
1800,89.375,0.6338656582,2
1800,89.4,0.6338216451,2
1800,89.425,0.6337776629,2
1800,89.45,0.6337337117,2
1800,89.475,0.6336897913,2
1800,89.5,0.6336459019,2
1800,89.525,0.6336020433,2
1800,89.55,0.6335582156,2
1800,89.575,0.6335144188,2
1800,89.6,0.6334706529,2
1800,89.625,0.633426918,2
1800,89.65,0.6333832139,2
1800,89.675,0.6333395407,2
1800,89.7,0.6332958984,2
1800,89.725,0.633252287,2
1800,89.75,0.6332087065,2
1800,89.775,0.6331651569,2
1800,89.8,0.6331216382,2
1800,89.825,0.6330781504,2
1800,89.85,0.6330346935,2
1800,89.875,0.6329912675,2
1800,89.9,0.6329478724,2
1800,89.925,0.6329045082,2
1800,89.95,0.6328611748,2
1800,89.975,0.6328178724,2
1800,90,0.6327746009,2
1800,90.025,0.6327313603,2
1800,90.05,0.6326881505,2
1800,90.075,0.6326449717,2
1800,90.1,0.6326018238,2
1800,90.125,0.6325587067,2
1800,90.15,0.6325156206,2
1800,90.175,0.6324725653,2
1800,90.2,0.632429541,2
1800,90.225,0.6323865475,2
1800,90.25,0.632343585,2
1800,90.275,0.6323006533,2
1800,90.3,0.6322577526,2
1800,90.325,0.6322148827,2
1800,90.35,0.6321720437,2
1800,90.375,0.6321292357,2
1800,90.4,0.6320864585,2
1800,90.425,0.6320437122,2
1800,90.45,0.6320009969,2
1800,90.475,0.6319583124,2
1800,90.5,0.6319156588,2
1800,90.525,0.6318730361,2
1800,90.55,0.6318304443,2
1800,90.575,0.6317878834,2
1800,90.6,0.6317453535,2
1800,90.625,0.6317028544,2
1800,90.65,0.6316603862,2
1800,90.675,0.6316179489,2
1800,90.7,0.6315755425,2
1800,90.725,0.6315331669,2
1800,90.75,0.6314908223,2
1800,90.775,0.6314485086,2
1800,90.8,0.6314062258,2
1800,90.825,0.6313639739,2
1800,90.85,0.6313217529,2
1800,90.875,0.6312795628,2
1800,90.9,0.6312374035,2
1800,90.925,0.6311952752,2
1800,90.95,0.6311531778,2
1800,90.975,0.6311111112,2
1800,91,0.6310690756,2
1800,91.025,0.6310270709,2
1800,91.05,0.630985097,2
1800,91.075,0.6309431541,2
1800,91.1,0.630901242,2
1800,91.125,0.6308593609,2
1800,91.15,0.6308175106,2
1800,91.175,0.6307756913,2
1800,91.2,0.6307339028,2
1800,91.225,0.6306921452,2
1800,91.25,0.6306504186,2
1800,91.275,0.6306087228,2
1800,91.3,0.6305670579,2
1800,91.325,0.630525424,2
1800,91.35,0.6304838209,2
1800,91.375,0.6304422487,2
1800,91.4,0.6304007074,2
1800,91.425,0.630359197,2
1800,91.45,0.6303177176,2
1800,91.475,0.630276269,2
1800,91.5,0.6302348513,2
1800,91.525,0.6301934645,2
1800,91.55,0.6301521086,2
1800,91.575,0.6301107836,2
1800,91.6,0.6300694895,2
1800,91.625,0.6300282263,2
1800,91.65,0.629986994,2
1800,91.675,0.6299457925,2
1800,91.7,0.629904622,2
1800,91.725,0.6298634824,2
1800,91.75,0.6298223737,2
1800,91.775,0.6297812959,2
1800,91.8,0.6297402489,2
1800,91.825,0.6296992329,2
1800,91.85,0.6296582478,2
1800,91.875,0.6296172935,2
1800,91.9,0.6295763702,2
1800,91.925,0.6295354778,2
1800,91.95,0.6294946162,2
1800,91.975,0.6294537856,2
1800,92,0.6294129858,2
1800,92.025,0.629372217,2
1800,92.05,0.629331479,2
1800,92.075,0.629290772,2
1800,92.1,0.6292500958,2
1800,92.125,0.6292094505,2
1800,92.15,0.6291688362,2
1800,92.175,0.6291282527,2
1800,92.2,0.6290877001,2
1800,92.225,0.6290471785,2
1800,92.25,0.6290066877,2
1800,92.275,0.6289662278,2
1800,92.3,0.6289257988,2
1800,92.325,0.6288854007,2
1800,92.35,0.6288450335,2
1800,92.375,0.6288046972,2
1800,92.4,0.6287643919,2
1800,92.425,0.6287241174,2
1800,92.45,0.6286838738,2
1800,92.475,0.6286436611,2
1800,92.5,0.6286034793,2
1800,92.525,0.6285633283,2
1800,92.55,0.6285232083,2
1800,92.575,0.6284831192,2
1800,92.6,0.628443061,2
1800,92.625,0.6284030337,2
1800,92.65,0.6283630373,2
1800,92.675,0.6283230717,2
1800,92.7,0.6282831371,2
1800,92.725,0.6282432334,2
1800,92.75,0.6282033605,2
1800,92.775,0.6281635186,2
1800,92.8,0.6281237076,2
1800,92.825,0.6280839274,2
1800,92.85,0.6280441782,2
1800,92.875,0.6280044598,2
1800,92.9,0.6279647724,2
1800,92.925,0.6279251158,2
1800,92.95,0.6278854902,2
1800,92.975,0.6278458954,2
1800,93,0.6278063316,2
1800,93.025,0.6277667986,2
1800,93.05,0.6277272965,2
1800,93.075,0.6276878254,2
1800,93.1,0.6276483851,2
1800,93.125,0.6276089757,2
1800,93.15,0.6275695972,2
1800,93.175,0.6275302497,2
1800,93.2,0.627490933,2
1800,93.225,0.6274516472,2
1800,93.25,0.6274123923,2
1800,93.275,0.6273731683,2
1800,93.3,0.6273339752,2
1800,93.325,0.627294813,2
1800,93.35,0.6272556817,2
1800,93.375,0.6272165813,2
1800,93.4,0.6271775118,2
1800,93.425,0.6271384732,2
1800,93.45,0.6270994655,2
1800,93.475,0.6270604887,2
1800,93.5,0.6270215427,2
1800,93.525,0.6269826277,2
1800,93.55,0.6269437436,2
1800,93.575,0.6269048904,2
1800,93.6,0.6268660681,2
1800,93.625,0.6268272766,2
1800,93.65,0.6267885161,2
1800,93.675,0.6267497864,2
1800,93.7,0.6267110877,2
1800,93.725,0.6266724199,2
1800,93.75,0.6266337829,2
1800,93.775,0.6265951769,2
1800,93.8,0.6265566017,2
1800,93.825,0.6265180575,2
1800,93.85,0.6264795441,2
1800,93.875,0.6264410617,2
1800,93.9,0.6264026101,2
1800,93.925,0.6263641894,2
1800,93.95,0.6263257997,2
1800,93.975,0.6262874408,2
1800,94,0.6262491128,2
1800,94.025,0.6262108157,2
1800,94.05,0.6261725496,2
1800,94.075,0.6261343143,2
1800,94.1,0.6260961099,2
1800,94.125,0.6260579364,2
1800,94.15,0.6260197938,2
1800,94.175,0.6259816821,2
1800,94.2,0.6259436013,2
1800,94.225,0.6259055514,2
1800,94.25,0.6258675324,2
1800,94.275,0.6258295443,2
1800,94.3,0.6257915871,2
1800,94.325,0.6257536608,2
1800,94.35,0.6257157654,2
1800,94.375,0.6256779009,2
1800,94.4,0.6256400673,2
1800,94.425,0.6256022645,2
1800,94.45,0.6255644927,2
1800,94.475,0.6255267518,2
1800,94.5,0.6254890418,2
1800,94.525,0.6254513626,2
1800,94.55,0.6254137144,2
1800,94.575,0.6253760971,2
1800,94.6,0.6253385106,2
1800,94.625,0.6253009551,2
1800,94.65,0.6252634304,2
1800,94.675,0.6252259367,2
1800,94.7,0.6251884738,2
1800,94.725,0.6251510419,2
1800,94.75,0.6251136408,2
1800,94.775,0.6250762707,2
1800,94.8,0.6250389314,2
1800,94.825,0.625001623,2
1800,94.85,0.6249643456,2
1800,94.875,0.624927099,2
1800,94.9,0.6248898833,2
1800,94.925,0.6248526985,2
1800,94.95,0.6248155447,2
1800,94.975,0.6247784217,2
1800,95,0.6247413296,2
1800,95.025,0.6247042684,2
1800,95.05,0.6246672381,2
1800,95.075,0.6246302387,2
1800,95.1,0.6245932702,2
1800,95.125,0.6245563326,2
1800,95.15,0.6245194259,2
1800,95.175,0.6244825501,2
1800,95.2,0.6244457052,2
1800,95.225,0.6244088912,2
1800,95.25,0.6243721081,2
1800,95.275,0.6243353559,2
1800,95.3,0.6242986345,2
1800,95.325,0.6242619441,2
1800,95.35,0.6242252846,2
1800,95.375,0.624188656,2
1800,95.4,0.6241520582,2
1800,95.425,0.6241154914,2
1800,95.45,0.6240789555,2
1800,95.475,0.6240424504,2
1800,95.5,0.6240059763,2
1800,95.525,0.623969533,2
1800,95.55,0.6239331207,2
1800,95.575,0.6238967393,2
1800,95.6,0.6238603887,2
1800,95.625,0.623824069,2
1800,95.65,0.6237877803,2
1800,95.675,0.6237515224,2
1800,95.7,0.6237152955,2
1800,95.725,0.6236790994,2
1800,95.75,0.6236429342,2
1800,95.775,0.6236068,2
1800,95.8,0.6235706966,2
1800,95.825,0.6235346241,2
1800,95.85,0.6234985825,2
1800,95.875,0.6234625718,2
1800,95.9,0.623426592,2
1800,95.925,0.6233906432,2
1800,95.95,0.6233547252,2
1800,95.975,0.6233188381,2
1800,96,0.6232829819,2
1800,96.025,0.6232471566,2
1800,96.05,0.6232113622,2
1800,96.075,0.6231755987,2
1800,96.1,0.6231398661,2
1800,96.125,0.6231041643,2
1800,96.15,0.6230684935,2
1800,96.175,0.6230328536,2
1800,96.2,0.6229972446,2
1800,96.225,0.6229616665,2
1800,96.25,0.6229261192,2
1800,96.275,0.6228906029,2
1800,96.3,0.6228551175,2
1800,96.325,0.622819663,2
1800,96.35,0.6227842393,2
1800,96.375,0.6227488466,2
1800,96.4,0.6227134847,2
1800,96.425,0.6226781538,2
1800,96.45,0.6226428537,2
1800,96.475,0.6226075846,2
1800,96.5,0.6225723463,2
1800,96.525,0.622537139,2
1800,96.55,0.6225019625,2
1800,96.575,0.622466817,2
1800,96.6,0.6224317023,2
1800,96.625,0.6223966185,2
1800,96.65,0.6223615657,2
1800,96.675,0.6223265437,2
1800,96.7,0.6222915526,2
1800,96.725,0.6222565924,2
1800,96.75,0.6222216631,2
1800,96.775,0.6221867648,2
1800,96.8,0.6221518973,2
1800,96.825,0.6221170607,2
1800,96.85,0.622082255,2
1800,96.875,0.6220474802,2
1800,96.9,0.6220127363,2
1800,96.925,0.6219780233,2
1800,96.95,0.6219433412,2
1800,96.975,0.62190869,2
1800,97,0.6218740697,2
1800,97.025,0.6218394803,2
1800,97.05,0.6218049217,2
1800,97.075,0.6217703941,2
1800,97.1,0.6217358974,2
1800,97.125,0.6217014316,2
1800,97.15,0.6216669967,2
1800,97.175,0.6216325926,2
1800,97.2,0.6215982195,2
1800,97.225,0.6215638773,2
1800,97.25,0.6215295659,2
1800,97.275,0.6214952855,2
1800,97.3,0.6214610359,2
1800,97.325,0.6214268173,2
1800,97.35,0.6213926295,2
1800,97.375,0.6213584727,2
1800,97.4,0.6213243467,2
1800,97.425,0.6212902517,2
1800,97.45,0.6212561875,2
1800,97.475,0.6212221543,2
1800,97.5,0.6211881519,2
1800,97.525,0.6211541804,2
1800,97.55,0.6211202399,2
1800,97.575,0.6210863302,2
1800,97.6,0.6210524514,2
1800,97.625,0.6210186035,2
1800,97.65,0.6209847865,2
1800,97.675,0.6209510005,2
1800,97.7,0.6209172453,2
1800,97.725,0.620883521,2
1800,97.75,0.6208498276,2
1800,97.775,0.6208161651,2
1800,97.8,0.6207825335,2
1800,97.825,0.6207489328,2
1800,97.85,0.620715363,2
1800,97.875,0.6206818241,2
1800,97.9,0.6206483161,2
1800,97.925,0.620614839,2
1800,97.95,0.6205813927,2
1800,97.975,0.6205479774,2
1800,98,0.620514593,2
1800,98.025,0.6204812395,2
1800,98.05,0.6204479168,2
1800,98.075,0.6204146251,2
1800,98.1,0.6203813643,2
1800,98.125,0.6203481343,2
1800,98.15,0.6203149353,2
1800,98.175,0.6202817672,2
1800,98.2,0.6202486299,2
1800,98.225,0.6202155236,2
1800,98.25,0.6201824481,2
1800,98.275,0.6201494036,2
1800,98.3,0.6201163899,2
1800,98.325,0.6200834072,2
1800,98.35,0.6200504553,2
1800,98.375,0.6200175343,2
1800,98.4,0.6199846443,2
1800,98.425,0.6199517851,2
1800,98.45,0.6199189568,2
1800,98.475,0.6198861595,2
1800,98.5,0.619853393,2
1800,98.525,0.6198206574,2
1800,98.55,0.6197879527,2
1800,98.575,0.6197552789,2
1800,98.6,0.619722636,2
1800,98.625,0.619690024,2
1800,98.65,0.6196574429,2
1800,98.675,0.6196248928,2
1800,98.7,0.6195923735,2
1800,98.725,0.619559885,2
1800,98.75,0.6195274275,2
1800,98.775,0.6194950009,2
1800,98.8,0.6194626052,2
1800,98.825,0.6194302404,2
1800,98.85,0.6193979065,2
1800,98.875,0.6193656035,2
1800,98.9,0.6193333313,2
1800,98.925,0.6193010901,2
1800,98.95,0.6192688798,2
1800,98.975,0.6192367004,2
1800,99,0.6192045518,2
1800,99.025,0.6191724342,2
1800,99.05,0.6191403475,2
1800,99.075,0.6191082916,2
1800,99.1,0.6190762667,2
1800,99.125,0.6190442726,2
1800,99.15,0.6190123095,2
1800,99.175,0.6189803772,2
1800,99.2,0.6189484759,2
1800,99.225,0.6189166054,2
1800,99.25,0.6188847658,2
1800,99.275,0.6188529572,2
1800,99.3,0.6188211794,2
1800,99.325,0.6187894325,2
1800,99.35,0.6187577166,2
1800,99.375,0.6187260315,2
1800,99.4,0.6186943773,2
1800,99.425,0.618662754,2
1800,99.45,0.6186311616,2
1800,99.475,0.6185996002,2
1800,99.5,0.6185680696,2
1800,99.525,0.6185365699,2
1800,99.55,0.6185051011,2
1800,99.575,0.6184736632,2
1800,99.6,0.6184422562,2
1800,99.625,0.6184108801,2
1800,99.65,0.6183795349,2
1800,99.675,0.6183482206,2
1800,99.7,0.6183169371,2
1800,99.725,0.6182856846,2
1800,99.75,0.618254463,2
1800,99.775,0.6182232723,2
1800,99.8,0.6181921125,2
1800,99.825,0.6181609835,2
1800,99.85,0.6181298855,2
1800,99.875,0.6180988184,2
1800,99.9,0.6180677821,2
1800,99.925,0.6180367768,2
1800,99.95,0.6180058024,2
1800,99.975,0.6179748588,2
1800,100,0.6179439462,2
