[0/2] Re-checking globbed directories...
[1/375] Automatic MOC and UIC for target test_basemapconnectionstore
[2/375] Automatic MOC and UIC for target test_arcgisrestrendering
[3/375] Automatic MOC and UIC for target test_asyncload
[4/375] Automatic MOC and UIC for target test_typedselection
[5/375] Automatic MOC and UIC for target test_dirtytracking_run
[6/375] Automatic MOC and UIC for target SWMMVis
[7/375] Automatic MOC and UIC for target test_registry_rename
[8/375] Automatic MOC and UIC for target test_objectbrowser_tree_refresh
[9/375] Automatic MOC and UIC for target test_meshimport
[10/375] Automatic MOC and UIC for target test_meshsavedirty
[11/375] Automatic MOC and UIC for target test_2dresults_vizfixes
[12/375] Automatic MOC and UIC for target test_meshmincelldialog
[13/375] Automatic MOC and UIC for target test_a11y_scene_exposure
[14/375] Automatic MOC and UIC for target test_gageassignintegration
[15/375] Automatic MOC and UIC for target test_namelookup_precedence
[16/375] Automatic MOC and UIC for target test_linkgrid_outliers
[17/375] Automatic MOC and UIC for target test_meshperf_baseline
[18/375] Automatic MOC and UIC for target test_attrtableperf_baseline
[19/375] Automatic MOC and UIC for target test_meshasyncload
[20/375] Automatic MOC and UIC for target test_meshboundarypath
[21/375] Automatic MOC and UIC for target test_meshcommands_vertex_edge
[22/375] Automatic MOC and UIC for target test_mesheditingtoolbar_bc
[23/375] Automatic MOC and UIC for target test_gisvectorpopulate
[24/375] Automatic MOC and UIC for target test_gisrastercrs
[25/375] Automatic MOC and UIC for target test_gisselectionsync
[26/375] Automatic MOC and UIC for target test_savewarnings
[27/375] Automatic MOC and UIC for target test_meshinfil
[28/375] Automatic MOC and UIC for target test_meshattributetable
[29/375] Automatic MOC and UIC for target test_render_invalidation
[30/375] Automatic MOC and UIC for target test_attributetableschema
[31/375] Automatic MOC and UIC for target test_selectionops
[32/375] Automatic MOC and UIC for target test_raingagefilecolumn
[33/375] Building CXX object CMakeFiles/SWMMVis.dir/src/connections/basemapconnectionstore.cpp.o
[34/375] Automatic MOC and UIC for target test_bulkdelete
[35/375] Automatic MOC and UIC for target test_linkflip
[36/375] Building CXX object CMakeFiles/SWMMVis.dir/src/layers/xyztilelayer.cpp.o
[37/375] Building CXX object CMakeFiles/SWMMVis.dir/src/map/mapcanvas.cpp.o
In file included from /Users/calebbuahin/Documents/Projects/cbuahin_github/openswmm.gui/src/map/mapcanvas.cpp:20:
/Users/calebbuahin/Documents/Projects/cbuahin_github/openswmm.gui/include/layers/gisvectorlayer.h:270:55: warning: 'renderer' overrides a member function but is not marked 'override' [-Winconsistent-missing-override]
  270 |     [[nodiscard]] OpenSWMM::Render::IFeatureRenderer *renderer() const;
      |                                                       ^
/Users/calebbuahin/Documents/Projects/cbuahin_github/openswmm.gui/include/layers/openswmmvislayer.h:434:63: note: overridden virtual function is here
  434 |     [[nodiscard]] virtual OpenSWMM::Render::IFeatureRenderer *renderer() const { return nullptr; }
      |                                                               ^
In file included from /Users/calebbuahin/Documents/Projects/cbuahin_github/openswmm.gui/src/map/mapcanvas.cpp:20:
/Users/calebbuahin/Documents/Projects/cbuahin_github/openswmm.gui/include/layers/gisvectorlayer.h:278:10: warning: 'setRenderer' overrides a member function but is not marked 'override' [-Winconsistent-missing-override]
  278 |     void setRenderer(std::unique_ptr<OpenSWMM::Render::IFeatureRenderer> r);
      |          ^
/Users/calebbuahin/Documents/Projects/cbuahin_github/openswmm.gui/include/layers/openswmmvislayer.h:440:18: note: overridden virtual function is here
  440 |     virtual void setRenderer(std::unique_ptr<OpenSWMM::Render::IFeatureRenderer>);
      |                  ^
In file included from /Users/calebbuahin/Documents/Projects/cbuahin_github/openswmm.gui/src/map/mapcanvas.cpp:31:
/Users/calebbuahin/Documents/Projects/cbuahin_github/openswmm.gui/include/layers/swmm2dresultslayer.h:544:55: warning: 'renderer' overrides a member function but is not marked 'override' [-Winconsistent-missing-override]
  544 |     [[nodiscard]] OpenSWMM::Render::IFeatureRenderer *renderer() const;
      |                                                       ^
/Users/calebbuahin/Documents/Projects/cbuahin_github/openswmm.gui/include/layers/openswmmvislayer.h:434:63: note: overridden virtual function is here
  434 |     [[nodiscard]] virtual OpenSWMM::Render::IFeatureRenderer *renderer() const { return nullptr; }
      |                                                               ^
In file included from /Users/calebbuahin/Documents/Projects/cbuahin_github/openswmm.gui/src/map/mapcanvas.cpp:31:
/Users/calebbuahin/Documents/Projects/cbuahin_github/openswmm.gui/include/layers/swmm2dresultslayer.h:552:10: warning: 'setRenderer' overrides a member function but is not marked 'override' [-Winconsistent-missing-override]
  552 |     void setRenderer(std::unique_ptr<OpenSWMM::Render::IFeatureRenderer> r);
      |          ^
/Users/calebbuahin/Documents/Projects/cbuahin_github/openswmm.gui/include/layers/openswmmvislayer.h:440:18: note: overridden virtual function is here
  440 |     virtual void setRenderer(std::unique_ptr<OpenSWMM::Render::IFeatureRenderer>);
      |                  ^
4 warnings generated.
[38/375] Building CXX object CMakeFiles/SWMMVis.dir/src/project/projectserializer.cpp.o
In file included from /Users/calebbuahin/Documents/Projects/cbuahin_github/openswmm.gui/src/project/projectserializer.cpp:12:
/Users/calebbuahin/Documents/Projects/cbuahin_github/openswmm.gui/include/layers/gisvectorlayer.h:270:55: warning: 'renderer' overrides a member function but is not marked 'override' [-Winconsistent-missing-override]
  270 |     [[nodiscard]] OpenSWMM::Render::IFeatureRenderer *renderer() const;
      |                                                       ^
/Users/calebbuahin/Documents/Projects/cbuahin_github/openswmm.gui/include/layers/openswmmvislayer.h:434:63: note: overridden virtual function is here
  434 |     [[nodiscard]] virtual OpenSWMM::Render::IFeatureRenderer *renderer() const { return nullptr; }
      |                                                               ^
In file included from /Users/calebbuahin/Documents/Projects/cbuahin_github/openswmm.gui/src/project/projectserializer.cpp:12:
/Users/calebbuahin/Documents/Projects/cbuahin_github/openswmm.gui/include/layers/gisvectorlayer.h:278:10: warning: 'setRenderer' overrides a member function but is not marked 'override' [-Winconsistent-missing-override]
  278 |     void setRenderer(std::unique_ptr<OpenSWMM::Render::IFeatureRenderer> r);
      |          ^
/Users/calebbuahin/Documents/Projects/cbuahin_github/openswmm.gui/include/layers/openswmmvislayer.h:440:18: note: overridden virtual function is here
  440 |     virtual void setRenderer(std::unique_ptr<OpenSWMM::Render::IFeatureRenderer>);
      |                  ^
In file included from /Users/calebbuahin/Documents/Projects/cbuahin_github/openswmm.gui/src/project/projectserializer.cpp:15:
/Users/calebbuahin/Documents/Projects/cbuahin_github/openswmm.gui/include/layers/swmm2dresultslayer.h:544:55: warning: 'renderer' overrides a member function but is not marked 'override' [-Winconsistent-missing-override]
  544 |     [[nodiscard]] OpenSWMM::Render::IFeatureRenderer *renderer() const;
      |                                                       ^
/Users/calebbuahin/Documents/Projects/cbuahin_github/openswmm.gui/include/layers/openswmmvislayer.h:434:63: note: overridden virtual function is here
  434 |     [[nodiscard]] virtual OpenSWMM::Render::IFeatureRenderer *renderer() const { return nullptr; }
      |                                                               ^
In file included from /Users/calebbuahin/Documents/Projects/cbuahin_github/openswmm.gui/src/project/projectserializer.cpp:15:
/Users/calebbuahin/Documents/Projects/cbuahin_github/openswmm.gui/include/layers/swmm2dresultslayer.h:552:10: warning: 'setRenderer' overrides a member function but is not marked 'override' [-Winconsistent-missing-override]
  552 |     void setRenderer(std::unique_ptr<OpenSWMM::Render::IFeatureRenderer> r);
      |          ^
/Users/calebbuahin/Documents/Projects/cbuahin_github/openswmm.gui/include/layers/openswmmvislayer.h:440:18: note: overridden virtual function is here
  440 |     virtual void setRenderer(std::unique_ptr<OpenSWMM::Render::IFeatureRenderer>);
      |                  ^
In file included from /Users/calebbuahin/Documents/Projects/cbuahin_github/openswmm.gui/src/project/projectserializer.cpp:17:
/Users/calebbuahin/Documents/Projects/cbuahin_github/openswmm.gui/include/layers/swmmresultslayer.h:408:55: warning: 'renderer' overrides a member function but is not marked 'override' [-Winconsistent-missing-override]
  408 |     [[nodiscard]] OpenSWMM::Render::IFeatureRenderer *renderer() const;
      |                                                       ^
/Users/calebbuahin/Documents/Projects/cbuahin_github/openswmm.gui/include/layers/openswmmvislayer.h:434:63: note: overridden virtual function is here
  434 |     [[nodiscard]] virtual OpenSWMM::Render::IFeatureRenderer *renderer() const { return nullptr; }
      |                                                               ^
In file included from /Users/calebbuahin/Documents/Projects/cbuahin_github/openswmm.gui/src/project/projectserializer.cpp:17:
/Users/calebbuahin/Documents/Projects/cbuahin_github/openswmm.gui/include/layers/swmmresultslayer.h:417:10: warning: 'setRenderer' overrides a member function but is not marked 'override' [-Winconsistent-missing-override]
  417 |     void setRenderer(std::unique_ptr<OpenSWMM::Render::IFeatureRenderer> r);
      |          ^
/Users/calebbuahin/Documents/Projects/cbuahin_github/openswmm.gui/include/layers/openswmmvislayer.h:440:18: note: overridden virtual function is here
  440 |     virtual void setRenderer(std::unique_ptr<OpenSWMM::Render::IFeatureRenderer>);
      |                  ^
6 warnings generated.
[39/375] Building CXX object CMakeFiles/SWMMVis.dir/src/ui/widgets/basemaphttpheaderswidget.cpp.o
[40/375] Building CXX object CMakeFiles/SWMMVis.dir/src/ui/dialogs/addbasemapdialog.cpp.o
In file included from /Users/calebbuahin/Documents/Projects/cbuahin_github/openswmm.gui/src/ui/dialogs/addbasemapdialog.cpp:26:
In file included from /Users/calebbuahin/Documents/Projects/cbuahin_github/openswmm.gui/include/layers/wfslayer.h:27:
/Users/calebbuahin/Documents/Projects/cbuahin_github/openswmm.gui/include/layers/gisvectorlayer.h:270:55: warning: 'renderer' overrides a member function but is not marked 'override' [-Winconsistent-missing-override]
  270 |     [[nodiscard]] OpenSWMM::Render::IFeatureRenderer *renderer() const;
      |                                                       ^
/Users/calebbuahin/Documents/Projects/cbuahin_github/openswmm.gui/include/layers/openswmmvislayer.h:434:63: note: overridden virtual function is here
  434 |     [[nodiscard]] virtual OpenSWMM::Render::IFeatureRenderer *renderer() const { return nullptr; }
      |                                                               ^
In file included from /Users/calebbuahin/Documents/Projects/cbuahin_github/openswmm.gui/src/ui/dialogs/addbasemapdialog.cpp:26:
In file included from /Users/calebbuahin/Documents/Projects/cbuahin_github/openswmm.gui/include/layers/wfslayer.h:27:
/Users/calebbuahin/Documents/Projects/cbuahin_github/openswmm.gui/include/layers/gisvectorlayer.h:278:10: warning: 'setRenderer' overrides a member function but is not marked 'override' [-Winconsistent-missing-override]
  278 |     void setRenderer(std::unique_ptr<OpenSWMM::Render::IFeatureRenderer> r);
      |          ^
/Users/calebbuahin/Documents/Projects/cbuahin_github/openswmm.gui/include/layers/openswmmvislayer.h:440:18: note: overridden virtual function is here
  440 |     virtual void setRenderer(std::unique_ptr<OpenSWMM::Render::IFeatureRenderer>);
      |                  ^
2 warnings generated.
[41/375] Building CXX object CMakeFiles/SWMMVis.dir/src/ui/dialogs/layerstyledialog.cpp.o
In file included from /Users/calebbuahin/Documents/Projects/cbuahin_github/openswmm.gui/src/ui/dialogs/layerstyledialog.cpp:24:
/Users/calebbuahin/Documents/Projects/cbuahin_github/openswmm.gui/include/layers/gisvectorlayer.h:270:55: warning: 'renderer' overrides a member function but is not marked 'override' [-Winconsistent-missing-override]
  270 |     [[nodiscard]] OpenSWMM::Render::IFeatureRenderer *renderer() const;
      |                                                       ^
/Users/calebbuahin/Documents/Projects/cbuahin_github/openswmm.gui/include/layers/openswmmvislayer.h:434:63: note: overridden virtual function is here
  434 |     [[nodiscard]] virtual OpenSWMM::Render::IFeatureRenderer *renderer() const { return nullptr; }
      |                                                               ^
In file included from /Users/calebbuahin/Documents/Projects/cbuahin_github/openswmm.gui/src/ui/dialogs/layerstyledialog.cpp:24:
/Users/calebbuahin/Documents/Projects/cbuahin_github/openswmm.gui/include/layers/gisvectorlayer.h:278:10: warning: 'setRenderer' overrides a member function but is not marked 'override' [-Winconsistent-missing-override]
  278 |     void setRenderer(std::unique_ptr<OpenSWMM::Render::IFeatureRenderer> r);
      |          ^
/Users/calebbuahin/Documents/Projects/cbuahin_github/openswmm.gui/include/layers/openswmmvislayer.h:440:18: note: overridden virtual function is here
  440 |     virtual void setRenderer(std::unique_ptr<OpenSWMM::Render::IFeatureRenderer>);
      |                  ^
In file included from /Users/calebbuahin/Documents/Projects/cbuahin_github/openswmm.gui/src/ui/dialogs/layerstyledialog.cpp:27:
/Users/calebbuahin/Documents/Projects/cbuahin_github/openswmm.gui/include/layers/swmmresultslayer.h:408:55: warning: 'renderer' overrides a member function but is not marked 'override' [-Winconsistent-missing-override]
  408 |     [[nodiscard]] OpenSWMM::Render::IFeatureRenderer *renderer() const;
      |                                                       ^
/Users/calebbuahin/Documents/Projects/cbuahin_github/openswmm.gui/include/layers/openswmmvislayer.h:434:63: note: overridden virtual function is here
  434 |     [[nodiscard]] virtual OpenSWMM::Render::IFeatureRenderer *renderer() const { return nullptr; }
      |                                                               ^
In file included from /Users/calebbuahin/Documents/Projects/cbuahin_github/openswmm.gui/src/ui/dialogs/layerstyledialog.cpp:27:
/Users/calebbuahin/Documents/Projects/cbuahin_github/openswmm.gui/include/layers/swmmresultslayer.h:417:10: warning: 'setRenderer' overrides a member function but is not marked 'override' [-Winconsistent-missing-override]
  417 |     void setRenderer(std::unique_ptr<OpenSWMM::Render::IFeatureRenderer> r);
      |          ^
/Users/calebbuahin/Documents/Projects/cbuahin_github/openswmm.gui/include/layers/openswmmvislayer.h:440:18: note: overridden virtual function is here
  440 |     virtual void setRenderer(std::unique_ptr<OpenSWMM::Render::IFeatureRenderer>);
      |                  ^
In file included from /Users/calebbuahin/Documents/Projects/cbuahin_github/openswmm.gui/src/ui/dialogs/layerstyledialog.cpp:28:
/Users/calebbuahin/Documents/Projects/cbuahin_github/openswmm.gui/include/layers/swmm2dresultslayer.h:544:55: warning: 'renderer' overrides a member function but is not marked 'override' [-Winconsistent-missing-override]
  544 |     [[nodiscard]] OpenSWMM::Render::IFeatureRenderer *renderer() const;
      |                                                       ^
/Users/calebbuahin/Documents/Projects/cbuahin_github/openswmm.gui/include/layers/openswmmvislayer.h:434:63: note: overridden virtual function is here
  434 |     [[nodiscard]] virtual OpenSWMM::Render::IFeatureRenderer *renderer() const { return nullptr; }
      |                                                               ^
In file included from /Users/calebbuahin/Documents/Projects/cbuahin_github/openswmm.gui/src/ui/dialogs/layerstyledialog.cpp:28:
/Users/calebbuahin/Documents/Projects/cbuahin_github/openswmm.gui/include/layers/swmm2dresultslayer.h:552:10: warning: 'setRenderer' overrides a member function but is not marked 'override' [-Winconsistent-missing-override]
  552 |     void setRenderer(std::unique_ptr<OpenSWMM::Render::IFeatureRenderer> r);
      |          ^
/Users/calebbuahin/Documents/Projects/cbuahin_github/openswmm.gui/include/layers/openswmmvislayer.h:440:18: note: overridden virtual function is here
  440 |     virtual void setRenderer(std::unique_ptr<OpenSWMM::Render::IFeatureRenderer>);
      |                  ^
6 warnings generated.
[42/375] Building CXX object tests/unit/CMakeFiles/test_basemapconnectionstore.dir/__/__/src/connections/basemapconnectionstore.cpp.o
[43/375] Automatic MOC and UIC for target test_object_creation_defaults
[44/375] Building CXX object tests/gui/CMakeFiles/test_arcgisrestrendering.dir/__/__/src/layers/xyztilelayer.cpp.o
[45/375] Building CXX object tests/unit/CMakeFiles/test_basemapconnectionstore.dir/test_basemapconnectionstore_autogen/mocs_compilation.cpp.o
[46/375] Building CXX object tests/gui/CMakeFiles/test_typedselection.dir/__/__/src/connections/basemapconnectionstore.cpp.o
[47/375] Building CXX object tests/gui/CMakeFiles/test_typedselection.dir/__/__/src/layers/xyztilelayer.cpp.o
[48/375] Building CXX object tests/unit/CMakeFiles/test_basemapconnectionstore.dir/test_basemapconnectionstore.cpp.o
[49/375] Building CXX object tests/gui/CMakeFiles/test_arcgisrestrendering.dir/test_arcgisrestrendering_autogen/mocs_compilation.cpp.o
[50/375] Building CXX object tests/gui/CMakeFiles/test_typedselection.dir/__/__/src/map/mapcanvas.cpp.o
In file included from /Users/calebbuahin/Documents/Projects/cbuahin_github/openswmm.gui/src/map/mapcanvas.cpp:20:
/Users/calebbuahin/Documents/Projects/cbuahin_github/openswmm.gui/include/layers/gisvectorlayer.h:270:55: warning: 'renderer' overrides a member function but is not marked 'override' [-Winconsistent-missing-override]
  270 |     [[nodiscard]] OpenSWMM::Render::IFeatureRenderer *renderer() const;
      |                                                       ^
/Users/calebbuahin/Documents/Projects/cbuahin_github/openswmm.gui/include/layers/openswmmvislayer.h:434:63: note: overridden virtual function is here
  434 |     [[nodiscard]] virtual OpenSWMM::Render::IFeatureRenderer *renderer() const { return nullptr; }
      |                                                               ^
In file included from /Users/calebbuahin/Documents/Projects/cbuahin_github/openswmm.gui/src/map/mapcanvas.cpp:20:
/Users/calebbuahin/Documents/Projects/cbuahin_github/openswmm.gui/include/layers/gisvectorlayer.h:278:10: warning: 'setRenderer' overrides a member function but is not marked 'override' [-Winconsistent-missing-override]
  278 |     void setRenderer(std::unique_ptr<OpenSWMM::Render::IFeatureRenderer> r);
      |          ^
/Users/calebbuahin/Documents/Projects/cbuahin_github/openswmm.gui/include/layers/openswmmvislayer.h:440:18: note: overridden virtual function is here
  440 |     virtual void setRenderer(std::unique_ptr<OpenSWMM::Render::IFeatureRenderer>);
      |                  ^
In file included from /Users/calebbuahin/Documents/Projects/cbuahin_github/openswmm.gui/src/map/mapcanvas.cpp:31:
/Users/calebbuahin/Documents/Projects/cbuahin_github/openswmm.gui/include/layers/swmm2dresultslayer.h:544:55: warning: 'renderer' overrides a member function but is not marked 'override' [-Winconsistent-missing-override]
  544 |     [[nodiscard]] OpenSWMM::Render::IFeatureRenderer *renderer() const;
      |                                                       ^
/Users/calebbuahin/Documents/Projects/cbuahin_github/openswmm.gui/include/layers/openswmmvislayer.h:434:63: note: overridden virtual function is here
  434 |     [[nodiscard]] virtual OpenSWMM::Render::IFeatureRenderer *renderer() const { return nullptr; }
      |                                                               ^
In file included from /Users/calebbuahin/Documents/Projects/cbuahin_github/openswmm.gui/src/map/mapcanvas.cpp:31:
/Users/calebbuahin/Documents/Projects/cbuahin_github/openswmm.gui/include/layers/swmm2dresultslayer.h:552:10: warning: 'setRenderer' overrides a member function but is not marked 'override' [-Winconsistent-missing-override]
  552 |     void setRenderer(std::unique_ptr<OpenSWMM::Render::IFeatureRenderer> r);
      |          ^
/Users/calebbuahin/Documents/Projects/cbuahin_github/openswmm.gui/include/layers/openswmmvislayer.h:440:18: note: overridden virtual function is here
  440 |     virtual void setRenderer(std::unique_ptr<OpenSWMM::Render::IFeatureRenderer>);
      |                  ^
4 warnings generated.
[51/375] Building CXX object tests/gui/CMakeFiles/test_typedselection.dir/__/__/src/project/projectserializer.cpp.o
In file included from /Users/calebbuahin/Documents/Projects/cbuahin_github/openswmm.gui/src/project/projectserializer.cpp:12:
/Users/calebbuahin/Documents/Projects/cbuahin_github/openswmm.gui/include/layers/gisvectorlayer.h:270:55: warning: 'renderer' overrides a member function but is not marked 'override' [-Winconsistent-missing-override]
  270 |     [[nodiscard]] OpenSWMM::Render::IFeatureRenderer *renderer() const;
      |                                                       ^
/Users/calebbuahin/Documents/Projects/cbuahin_github/openswmm.gui/include/layers/openswmmvislayer.h:434:63: note: overridden virtual function is here
  434 |     [[nodiscard]] virtual OpenSWMM::Render::IFeatureRenderer *renderer() const { return nullptr; }
      |                                                               ^
In file included from /Users/calebbuahin/Documents/Projects/cbuahin_github/openswmm.gui/src/project/projectserializer.cpp:12:
/Users/calebbuahin/Documents/Projects/cbuahin_github/openswmm.gui/include/layers/gisvectorlayer.h:278:10: warning: 'setRenderer' overrides a member function but is not marked 'override' [-Winconsistent-missing-override]
  278 |     void setRenderer(std::unique_ptr<OpenSWMM::Render::IFeatureRenderer> r);
      |          ^
/Users/calebbuahin/Documents/Projects/cbuahin_github/openswmm.gui/include/layers/openswmmvislayer.h:440:18: note: overridden virtual function is here
  440 |     virtual void setRenderer(std::unique_ptr<OpenSWMM::Render::IFeatureRenderer>);
      |                  ^
In file included from /Users/calebbuahin/Documents/Projects/cbuahin_github/openswmm.gui/src/project/projectserializer.cpp:15:
/Users/calebbuahin/Documents/Projects/cbuahin_github/openswmm.gui/include/layers/swmm2dresultslayer.h:544:55: warning: 'renderer' overrides a member function but is not marked 'override' [-Winconsistent-missing-override]
  544 |     [[nodiscard]] OpenSWMM::Render::IFeatureRenderer *renderer() const;
      |                                                       ^
/Users/calebbuahin/Documents/Projects/cbuahin_github/openswmm.gui/include/layers/openswmmvislayer.h:434:63: note: overridden virtual function is here
  434 |     [[nodiscard]] virtual OpenSWMM::Render::IFeatureRenderer *renderer() const { return nullptr; }
      |                                                               ^
In file included from /Users/calebbuahin/Documents/Projects/cbuahin_github/openswmm.gui/src/project/projectserializer.cpp:15:
/Users/calebbuahin/Documents/Projects/cbuahin_github/openswmm.gui/include/layers/swmm2dresultslayer.h:552:10: warning: 'setRenderer' overrides a member function but is not marked 'override' [-Winconsistent-missing-override]
  552 |     void setRenderer(std::unique_ptr<OpenSWMM::Render::IFeatureRenderer> r);
      |          ^
/Users/calebbuahin/Documents/Projects/cbuahin_github/openswmm.gui/include/layers/openswmmvislayer.h:440:18: note: overridden virtual function is here
  440 |     virtual void setRenderer(std::unique_ptr<OpenSWMM::Render::IFeatureRenderer>);
      |                  ^
In file included from /Users/calebbuahin/Documents/Projects/cbuahin_github/openswmm.gui/src/project/projectserializer.cpp:17:
/Users/calebbuahin/Documents/Projects/cbuahin_github/openswmm.gui/include/layers/swmmresultslayer.h:408:55: warning: 'renderer' overrides a member function but is not marked 'override' [-Winconsistent-missing-override]
  408 |     [[nodiscard]] OpenSWMM::Render::IFeatureRenderer *renderer() const;
      |                                                       ^
/Users/calebbuahin/Documents/Projects/cbuahin_github/openswmm.gui/include/layers/openswmmvislayer.h:434:63: note: overridden virtual function is here
  434 |     [[nodiscard]] virtual OpenSWMM::Render::IFeatureRenderer *renderer() const { return nullptr; }
      |                                                               ^
In file included from /Users/calebbuahin/Documents/Projects/cbuahin_github/openswmm.gui/src/project/projectserializer.cpp:17:
/Users/calebbuahin/Documents/Projects/cbuahin_github/openswmm.gui/include/layers/swmmresultslayer.h:417:10: warning: 'setRenderer' overrides a member function but is not marked 'override' [-Winconsistent-missing-override]
  417 |     void setRenderer(std::unique_ptr<OpenSWMM::Render::IFeatureRenderer> r);
      |          ^
/Users/calebbuahin/Documents/Projects/cbuahin_github/openswmm.gui/include/layers/openswmmvislayer.h:440:18: note: overridden virtual function is here
  440 |     virtual void setRenderer(std::unique_ptr<OpenSWMM::Render::IFeatureRenderer>);
      |                  ^
6 warnings generated.
[52/375] Building CXX object tests/gui/CMakeFiles/test_arcgisrestrendering.dir/test_arcgisrestrendering.cpp.o
[53/375] Building CXX object tests/gui/CMakeFiles/test_typedselection.dir/__/__/src/ui/dialogs/layerstyledialog.cpp.o
In file included from /Users/calebbuahin/Documents/Projects/cbuahin_github/openswmm.gui/src/ui/dialogs/layerstyledialog.cpp:24:
/Users/calebbuahin/Documents/Projects/cbuahin_github/openswmm.gui/include/layers/gisvectorlayer.h:270:55: warning: 'renderer' overrides a member function but is not marked 'override' [-Winconsistent-missing-override]
  270 |     [[nodiscard]] OpenSWMM::Render::IFeatureRenderer *renderer() const;
      |                                                       ^
/Users/calebbuahin/Documents/Projects/cbuahin_github/openswmm.gui/include/layers/openswmmvislayer.h:434:63: note: overridden virtual function is here
  434 |     [[nodiscard]] virtual OpenSWMM::Render::IFeatureRenderer *renderer() const { return nullptr; }
      |                                                               ^
In file included from /Users/calebbuahin/Documents/Projects/cbuahin_github/openswmm.gui/src/ui/dialogs/layerstyledialog.cpp:24:
/Users/calebbuahin/Documents/Projects/cbuahin_github/openswmm.gui/include/layers/gisvectorlayer.h:278:10: warning: 'setRenderer' overrides a member function but is not marked 'override' [-Winconsistent-missing-override]
  278 |     void setRenderer(std::unique_ptr<OpenSWMM::Render::IFeatureRenderer> r);
      |          ^
/Users/calebbuahin/Documents/Projects/cbuahin_github/openswmm.gui/include/layers/openswmmvislayer.h:440:18: note: overridden virtual function is here
  440 |     virtual void setRenderer(std::unique_ptr<OpenSWMM::Render::IFeatureRenderer>);
      |                  ^
In file included from /Users/calebbuahin/Documents/Projects/cbuahin_github/openswmm.gui/src/ui/dialogs/layerstyledialog.cpp:27:
/Users/calebbuahin/Documents/Projects/cbuahin_github/openswmm.gui/include/layers/swmmresultslayer.h:408:55: warning: 'renderer' overrides a member function but is not marked 'override' [-Winconsistent-missing-override]
  408 |     [[nodiscard]] OpenSWMM::Render::IFeatureRenderer *renderer() const;
      |                                                       ^
/Users/calebbuahin/Documents/Projects/cbuahin_github/openswmm.gui/include/layers/openswmmvislayer.h:434:63: note: overridden virtual function is here
  434 |     [[nodiscard]] virtual OpenSWMM::Render::IFeatureRenderer *renderer() const { return nullptr; }
      |                                                               ^
In file included from /Users/calebbuahin/Documents/Projects/cbuahin_github/openswmm.gui/src/ui/dialogs/layerstyledialog.cpp:27:
/Users/calebbuahin/Documents/Projects/cbuahin_github/openswmm.gui/include/layers/swmmresultslayer.h:417:10: warning: 'setRenderer' overrides a member function but is not marked 'override' [-Winconsistent-missing-override]
  417 |     void setRenderer(std::unique_ptr<OpenSWMM::Render::IFeatureRenderer> r);
      |          ^
/Users/calebbuahin/Documents/Projects/cbuahin_github/openswmm.gui/include/layers/openswmmvislayer.h:440:18: note: overridden virtual function is here
  440 |     virtual void setRenderer(std::unique_ptr<OpenSWMM::Render::IFeatureRenderer>);
      |                  ^
In file included from /Users/calebbuahin/Documents/Projects/cbuahin_github/openswmm.gui/src/ui/dialogs/layerstyledialog.cpp:28:
/Users/calebbuahin/Documents/Projects/cbuahin_github/openswmm.gui/include/layers/swmm2dresultslayer.h:544:55: warning: 'renderer' overrides a member function but is not marked 'override' [-Winconsistent-missing-override]
  544 |     [[nodiscard]] OpenSWMM::Render::IFeatureRenderer *renderer() const;
      |                                                       ^
/Users/calebbuahin/Documents/Projects/cbuahin_github/openswmm.gui/include/layers/openswmmvislayer.h:434:63: note: overridden virtual function is here
  434 |     [[nodiscard]] virtual OpenSWMM::Render::IFeatureRenderer *renderer() const { return nullptr; }
      |                                                               ^
In file included from /Users/calebbuahin/Documents/Projects/cbuahin_github/openswmm.gui/src/ui/dialogs/layerstyledialog.cpp:28:
/Users/calebbuahin/Documents/Projects/cbuahin_github/openswmm.gui/include/layers/swmm2dresultslayer.h:552:10: warning: 'setRenderer' overrides a member function but is not marked 'override' [-Winconsistent-missing-override]
  552 |     void setRenderer(std::unique_ptr<OpenSWMM::Render::IFeatureRenderer> r);
      |          ^
/Users/calebbuahin/Documents/Projects/cbuahin_github/openswmm.gui/include/layers/openswmmvislayer.h:440:18: note: overridden virtual function is here
  440 |     virtual void setRenderer(std::unique_ptr<OpenSWMM::Render::IFeatureRenderer>);
      |                  ^
6 warnings generated.
[54/375] Building CXX object tests/gui/CMakeFiles/test_typedselection.dir/__/__/src/ui/dialogs/addbasemapdialog.cpp.o
In file included from /Users/calebbuahin/Documents/Projects/cbuahin_github/openswmm.gui/src/ui/dialogs/addbasemapdialog.cpp:26:
In file included from /Users/calebbuahin/Documents/Projects/cbuahin_github/openswmm.gui/include/layers/wfslayer.h:27:
/Users/calebbuahin/Documents/Projects/cbuahin_github/openswmm.gui/include/layers/gisvectorlayer.h:270:55: warning: 'renderer' overrides a member function but is not marked 'override' [-Winconsistent-missing-override]
  270 |     [[nodiscard]] OpenSWMM::Render::IFeatureRenderer *renderer() const;
      |                                                       ^
/Users/calebbuahin/Documents/Projects/cbuahin_github/openswmm.gui/include/layers/openswmmvislayer.h:434:63: note: overridden virtual function is here
  434 |     [[nodiscard]] virtual OpenSWMM::Render::IFeatureRenderer *renderer() const { return nullptr; }
      |                                                               ^
In file included from /Users/calebbuahin/Documents/Projects/cbuahin_github/openswmm.gui/src/ui/dialogs/addbasemapdialog.cpp:26:
In file included from /Users/calebbuahin/Documents/Projects/cbuahin_github/openswmm.gui/include/layers/wfslayer.h:27:
/Users/calebbuahin/Documents/Projects/cbuahin_github/openswmm.gui/include/layers/gisvectorlayer.h:278:10: warning: 'setRenderer' overrides a member function but is not marked 'override' [-Winconsistent-missing-override]
  278 |     void setRenderer(std::unique_ptr<OpenSWMM::Render::IFeatureRenderer> r);
      |          ^
/Users/calebbuahin/Documents/Projects/cbuahin_github/openswmm.gui/include/layers/openswmmvislayer.h:440:18: note: overridden virtual function is here
  440 |     virtual void setRenderer(std::unique_ptr<OpenSWMM::Render::IFeatureRenderer>);
      |                  ^
2 warnings generated.
[55/375] Building CXX object tests/gui/CMakeFiles/test_typedselection.dir/__/__/src/ui/widgets/basemaphttpheaderswidget.cpp.o
[56/375] Building CXX object tests/gui/CMakeFiles/test_objectbrowser_tree_refresh.dir/__/__/src/connections/basemapconnectionstore.cpp.o
[57/375] Building CXX object tests/gui/CMakeFiles/test_objectbrowser_tree_refresh.dir/__/__/src/layers/xyztilelayer.cpp.o
[58/375] Building CXX object tests/gui/CMakeFiles/test_objectbrowser_tree_refresh.dir/__/__/src/map/mapcanvas.cpp.o
In file included from /Users/calebbuahin/Documents/Projects/cbuahin_github/openswmm.gui/src/map/mapcanvas.cpp:20:
/Users/calebbuahin/Documents/Projects/cbuahin_github/openswmm.gui/include/layers/gisvectorlayer.h:270:55: warning: 'renderer' overrides a member function but is not marked 'override' [-Winconsistent-missing-override]
  270 |     [[nodiscard]] OpenSWMM::Render::IFeatureRenderer *renderer() const;
      |                                                       ^
/Users/calebbuahin/Documents/Projects/cbuahin_github/openswmm.gui/include/layers/openswmmvislayer.h:434:63: note: overridden virtual function is here
  434 |     [[nodiscard]] virtual OpenSWMM::Render::IFeatureRenderer *renderer() const { return nullptr; }
      |                                                               ^
In file included from /Users/calebbuahin/Documents/Projects/cbuahin_github/openswmm.gui/src/map/mapcanvas.cpp:20:
/Users/calebbuahin/Documents/Projects/cbuahin_github/openswmm.gui/include/layers/gisvectorlayer.h:278:10: warning: 'setRenderer' overrides a member function but is not marked 'override' [-Winconsistent-missing-override]
  278 |     void setRenderer(std::unique_ptr<OpenSWMM::Render::IFeatureRenderer> r);
      |          ^
/Users/calebbuahin/Documents/Projects/cbuahin_github/openswmm.gui/include/layers/openswmmvislayer.h:440:18: note: overridden virtual function is here
  440 |     virtual void setRenderer(std::unique_ptr<OpenSWMM::Render::IFeatureRenderer>);
      |                  ^
In file included from /Users/calebbuahin/Documents/Projects/cbuahin_github/openswmm.gui/src/map/mapcanvas.cpp:31:
/Users/calebbuahin/Documents/Projects/cbuahin_github/openswmm.gui/include/layers/swmm2dresultslayer.h:544:55: warning: 'renderer' overrides a member function but is not marked 'override' [-Winconsistent-missing-override]
  544 |     [[nodiscard]] OpenSWMM::Render::IFeatureRenderer *renderer() const;
      |                                                       ^
/Users/calebbuahin/Documents/Projects/cbuahin_github/openswmm.gui/include/layers/openswmmvislayer.h:434:63: note: overridden virtual function is here
  434 |     [[nodiscard]] virtual OpenSWMM::Render::IFeatureRenderer *renderer() const { return nullptr; }
      |                                                               ^
In file included from /Users/calebbuahin/Documents/Projects/cbuahin_github/openswmm.gui/src/map/mapcanvas.cpp:31:
/Users/calebbuahin/Documents/Projects/cbuahin_github/openswmm.gui/include/layers/swmm2dresultslayer.h:552:10: warning: 'setRenderer' overrides a member function but is not marked 'override' [-Winconsistent-missing-override]
  552 |     void setRenderer(std::unique_ptr<OpenSWMM::Render::IFeatureRenderer> r);
      |          ^
/Users/calebbuahin/Documents/Projects/cbuahin_github/openswmm.gui/include/layers/openswmmvislayer.h:440:18: note: overridden virtual function is here
  440 |     virtual void setRenderer(std::unique_ptr<OpenSWMM::Render::IFeatureRenderer>);
      |                  ^
4 warnings generated.
[59/375] Building CXX object tests/gui/CMakeFiles/test_objectbrowser_tree_refresh.dir/__/__/src/project/projectserializer.cpp.o
In file included from /Users/calebbuahin/Documents/Projects/cbuahin_github/openswmm.gui/src/project/projectserializer.cpp:12:
/Users/calebbuahin/Documents/Projects/cbuahin_github/openswmm.gui/include/layers/gisvectorlayer.h:270:55: warning: 'renderer' overrides a member function but is not marked 'override' [-Winconsistent-missing-override]
  270 |     [[nodiscard]] OpenSWMM::Render::IFeatureRenderer *renderer() const;
      |                                                       ^
/Users/calebbuahin/Documents/Projects/cbuahin_github/openswmm.gui/include/layers/openswmmvislayer.h:434:63: note: overridden virtual function is here
  434 |     [[nodiscard]] virtual OpenSWMM::Render::IFeatureRenderer *renderer() const { return nullptr; }
      |                                                               ^
In file included from /Users/calebbuahin/Documents/Projects/cbuahin_github/openswmm.gui/src/project/projectserializer.cpp:12:
/Users/calebbuahin/Documents/Projects/cbuahin_github/openswmm.gui/include/layers/gisvectorlayer.h:278:10: warning: 'setRenderer' overrides a member function but is not marked 'override' [-Winconsistent-missing-override]
  278 |     void setRenderer(std::unique_ptr<OpenSWMM::Render::IFeatureRenderer> r);
      |          ^
/Users/calebbuahin/Documents/Projects/cbuahin_github/openswmm.gui/include/layers/openswmmvislayer.h:440:18: note: overridden virtual function is here
  440 |     virtual void setRenderer(std::unique_ptr<OpenSWMM::Render::IFeatureRenderer>);
      |                  ^
In file included from /Users/calebbuahin/Documents/Projects/cbuahin_github/openswmm.gui/src/project/projectserializer.cpp:15:
/Users/calebbuahin/Documents/Projects/cbuahin_github/openswmm.gui/include/layers/swmm2dresultslayer.h:544:55: warning: 'renderer' overrides a member function but is not marked 'override' [-Winconsistent-missing-override]
  544 |     [[nodiscard]] OpenSWMM::Render::IFeatureRenderer *renderer() const;
      |                                                       ^
/Users/calebbuahin/Documents/Projects/cbuahin_github/openswmm.gui/include/layers/openswmmvislayer.h:434:63: note: overridden virtual function is here
  434 |     [[nodiscard]] virtual OpenSWMM::Render::IFeatureRenderer *renderer() const { return nullptr; }
      |                                                               ^
In file included from /Users/calebbuahin/Documents/Projects/cbuahin_github/openswmm.gui/src/project/projectserializer.cpp:15:
/Users/calebbuahin/Documents/Projects/cbuahin_github/openswmm.gui/include/layers/swmm2dresultslayer.h:552:10: warning: 'setRenderer' overrides a member function but is not marked 'override' [-Winconsistent-missing-override]
  552 |     void setRenderer(std::unique_ptr<OpenSWMM::Render::IFeatureRenderer> r);
      |          ^
/Users/calebbuahin/Documents/Projects/cbuahin_github/openswmm.gui/include/layers/openswmmvislayer.h:440:18: note: overridden virtual function is here
  440 |     virtual void setRenderer(std::unique_ptr<OpenSWMM::Render::IFeatureRenderer>);
      |                  ^
In file included from /Users/calebbuahin/Documents/Projects/cbuahin_github/openswmm.gui/src/project/projectserializer.cpp:17:
/Users/calebbuahin/Documents/Projects/cbuahin_github/openswmm.gui/include/layers/swmmresultslayer.h:408:55: warning: 'renderer' overrides a member function but is not marked 'override' [-Winconsistent-missing-override]
  408 |     [[nodiscard]] OpenSWMM::Render::IFeatureRenderer *renderer() const;
      |                                                       ^
/Users/calebbuahin/Documents/Projects/cbuahin_github/openswmm.gui/include/layers/openswmmvislayer.h:434:63: note: overridden virtual function is here
  434 |     [[nodiscard]] virtual OpenSWMM::Render::IFeatureRenderer *renderer() const { return nullptr; }
      |                                                               ^
In file included from /Users/calebbuahin/Documents/Projects/cbuahin_github/openswmm.gui/src/project/projectserializer.cpp:17:
/Users/calebbuahin/Documents/Projects/cbuahin_github/openswmm.gui/include/layers/swmmresultslayer.h:417:10: warning: 'setRenderer' overrides a member function but is not marked 'override' [-Winconsistent-missing-override]
  417 |     void setRenderer(std::unique_ptr<OpenSWMM::Render::IFeatureRenderer> r);
      |          ^
/Users/calebbuahin/Documents/Projects/cbuahin_github/openswmm.gui/include/layers/openswmmvislayer.h:440:18: note: overridden virtual function is here
  440 |     virtual void setRenderer(std::unique_ptr<OpenSWMM::Render::IFeatureRenderer>);
      |                  ^
6 warnings generated.
[60/375] Building CXX object tests/gui/CMakeFiles/test_objectbrowser_tree_refresh.dir/__/__/src/ui/dialogs/layerstyledialog.cpp.o
In file included from /Users/calebbuahin/Documents/Projects/cbuahin_github/openswmm.gui/src/ui/dialogs/layerstyledialog.cpp:24:
/Users/calebbuahin/Documents/Projects/cbuahin_github/openswmm.gui/include/layers/gisvectorlayer.h:270:55: warning: 'renderer' overrides a member function but is not marked 'override' [-Winconsistent-missing-override]
  270 |     [[nodiscard]] OpenSWMM::Render::IFeatureRenderer *renderer() const;
      |                                                       ^
/Users/calebbuahin/Documents/Projects/cbuahin_github/openswmm.gui/include/layers/openswmmvislayer.h:434:63: note: overridden virtual function is here
  434 |     [[nodiscard]] virtual OpenSWMM::Render::IFeatureRenderer *renderer() const { return nullptr; }
      |                                                               ^
In file included from /Users/calebbuahin/Documents/Projects/cbuahin_github/openswmm.gui/src/ui/dialogs/layerstyledialog.cpp:24:
/Users/calebbuahin/Documents/Projects/cbuahin_github/openswmm.gui/include/layers/gisvectorlayer.h:278:10: warning: 'setRenderer' overrides a member function but is not marked 'override' [-Winconsistent-missing-override]
  278 |     void setRenderer(std::unique_ptr<OpenSWMM::Render::IFeatureRenderer> r);
      |          ^
/Users/calebbuahin/Documents/Projects/cbuahin_github/openswmm.gui/include/layers/openswmmvislayer.h:440:18: note: overridden virtual function is here
  440 |     virtual void setRenderer(std::unique_ptr<OpenSWMM::Render::IFeatureRenderer>);
      |                  ^
In file included from /Users/calebbuahin/Documents/Projects/cbuahin_github/openswmm.gui/src/ui/dialogs/layerstyledialog.cpp:27:
/Users/calebbuahin/Documents/Projects/cbuahin_github/openswmm.gui/include/layers/swmmresultslayer.h:408:55: warning: 'renderer' overrides a member function but is not marked 'override' [-Winconsistent-missing-override]
  408 |     [[nodiscard]] OpenSWMM::Render::IFeatureRenderer *renderer() const;
      |                                                       ^
/Users/calebbuahin/Documents/Projects/cbuahin_github/openswmm.gui/include/layers/openswmmvislayer.h:434:63: note: overridden virtual function is here
  434 |     [[nodiscard]] virtual OpenSWMM::Render::IFeatureRenderer *renderer() const { return nullptr; }
      |                                                               ^
In file included from /Users/calebbuahin/Documents/Projects/cbuahin_github/openswmm.gui/src/ui/dialogs/layerstyledialog.cpp:27:
/Users/calebbuahin/Documents/Projects/cbuahin_github/openswmm.gui/include/layers/swmmresultslayer.h:417:10: warning: 'setRenderer' overrides a member function but is not marked 'override' [-Winconsistent-missing-override]
  417 |     void setRenderer(std::unique_ptr<OpenSWMM::Render::IFeatureRenderer> r);
      |          ^
/Users/calebbuahin/Documents/Projects/cbuahin_github/openswmm.gui/include/layers/openswmmvislayer.h:440:18: note: overridden virtual function is here
  440 |     virtual void setRenderer(std::unique_ptr<OpenSWMM::Render::IFeatureRenderer>);
      |                  ^
In file included from /Users/calebbuahin/Documents/Projects/cbuahin_github/openswmm.gui/src/ui/dialogs/layerstyledialog.cpp:28:
/Users/calebbuahin/Documents/Projects/cbuahin_github/openswmm.gui/include/layers/swmm2dresultslayer.h:544:55: warning: 'renderer' overrides a member function but is not marked 'override' [-Winconsistent-missing-override]
  544 |     [[nodiscard]] OpenSWMM::Render::IFeatureRenderer *renderer() const;
      |                                                       ^
/Users/calebbuahin/Documents/Projects/cbuahin_github/openswmm.gui/include/layers/openswmmvislayer.h:434:63: note: overridden virtual function is here
  434 |     [[nodiscard]] virtual OpenSWMM::Render::IFeatureRenderer *renderer() const { return nullptr; }
      |                                                               ^
In file included from /Users/calebbuahin/Documents/Projects/cbuahin_github/openswmm.gui/src/ui/dialogs/layerstyledialog.cpp:28:
/Users/calebbuahin/Documents/Projects/cbuahin_github/openswmm.gui/include/layers/swmm2dresultslayer.h:552:10: warning: 'setRenderer' overrides a member function but is not marked 'override' [-Winconsistent-missing-override]
  552 |     void setRenderer(std::unique_ptr<OpenSWMM::Render::IFeatureRenderer> r);
      |          ^
/Users/calebbuahin/Documents/Projects/cbuahin_github/openswmm.gui/include/layers/openswmmvislayer.h:440:18: note: overridden virtual function is here
  440 |     virtual void setRenderer(std::unique_ptr<OpenSWMM::Render::IFeatureRenderer>);
      |                  ^
6 warnings generated.
[61/375] Building CXX object tests/gui/CMakeFiles/test_objectbrowser_tree_refresh.dir/__/__/src/ui/dialogs/addbasemapdialog.cpp.o
In file included from /Users/calebbuahin/Documents/Projects/cbuahin_github/openswmm.gui/src/ui/dialogs/addbasemapdialog.cpp:26:
In file included from /Users/calebbuahin/Documents/Projects/cbuahin_github/openswmm.gui/include/layers/wfslayer.h:27:
/Users/calebbuahin/Documents/Projects/cbuahin_github/openswmm.gui/include/layers/gisvectorlayer.h:270:55: warning: 'renderer' overrides a member function but is not marked 'override' [-Winconsistent-missing-override]
  270 |     [[nodiscard]] OpenSWMM::Render::IFeatureRenderer *renderer() const;
      |                                                       ^
/Users/calebbuahin/Documents/Projects/cbuahin_github/openswmm.gui/include/layers/openswmmvislayer.h:434:63: note: overridden virtual function is here
  434 |     [[nodiscard]] virtual OpenSWMM::Render::IFeatureRenderer *renderer() const { return nullptr; }
      |                                                               ^
In file included from /Users/calebbuahin/Documents/Projects/cbuahin_github/openswmm.gui/src/ui/dialogs/addbasemapdialog.cpp:26:
In file included from /Users/calebbuahin/Documents/Projects/cbuahin_github/openswmm.gui/include/layers/wfslayer.h:27:
/Users/calebbuahin/Documents/Projects/cbuahin_github/openswmm.gui/include/layers/gisvectorlayer.h:278:10: warning: 'setRenderer' overrides a member function but is not marked 'override' [-Winconsistent-missing-override]
  278 |     void setRenderer(std::unique_ptr<OpenSWMM::Render::IFeatureRenderer> r);
      |          ^
/Users/calebbuahin/Documents/Projects/cbuahin_github/openswmm.gui/include/layers/openswmmvislayer.h:440:18: note: overridden virtual function is here
  440 |     virtual void setRenderer(std::unique_ptr<OpenSWMM::Render::IFeatureRenderer>);
      |                  ^
2 warnings generated.
[62/375] Building CXX object tests/gui/CMakeFiles/test_objectbrowser_tree_refresh.dir/__/__/src/ui/widgets/basemaphttpheaderswidget.cpp.o
[63/375] Building CXX object CMakeFiles/SWMMVis.dir/src/swmmvis.cpp.o
In file included from /Users/calebbuahin/Documents/Projects/cbuahin_github/openswmm.gui/src/swmmvis.cpp:76:
In file included from /Users/calebbuahin/Documents/Projects/cbuahin_github/openswmm.gui/include/ui/dialogs/sublayerselectiondialog.h:19:
/Users/calebbuahin/Documents/Projects/cbuahin_github/openswmm.gui/include/layers/gisvectorlayer.h:270:55: warning: 'renderer' overrides a member function but is not marked 'override' [-Winconsistent-missing-override]
  270 |     [[nodiscard]] OpenSWMM::Render::IFeatureRenderer *renderer() const;
      |                                                       ^
/Users/calebbuahin/Documents/Projects/cbuahin_github/openswmm.gui/include/layers/openswmmvislayer.h:434:63: note: overridden virtual function is here
  434 |     [[nodiscard]] virtual OpenSWMM::Render::IFeatureRenderer *renderer() const { return nullptr; }
      |                                                               ^
In file included from /Users/calebbuahin/Documents/Projects/cbuahin_github/openswmm.gui/src/swmmvis.cpp:76:
In file included from /Users/calebbuahin/Documents/Projects/cbuahin_github/openswmm.gui/include/ui/dialogs/sublayerselectiondialog.h:19:
/Users/calebbuahin/Documents/Projects/cbuahin_github/openswmm.gui/include/layers/gisvectorlayer.h:278:10: warning: 'setRenderer' overrides a member function but is not marked 'override' [-Winconsistent-missing-override]
  278 |     void setRenderer(std::unique_ptr<OpenSWMM::Render::IFeatureRenderer> r);
      |          ^
/Users/calebbuahin/Documents/Projects/cbuahin_github/openswmm.gui/include/layers/openswmmvislayer.h:440:18: note: overridden virtual function is here
  440 |     virtual void setRenderer(std::unique_ptr<OpenSWMM::Render::IFeatureRenderer>);
      |                  ^
In file included from /Users/calebbuahin/Documents/Projects/cbuahin_github/openswmm.gui/src/swmmvis.cpp:89:
/Users/calebbuahin/Documents/Projects/cbuahin_github/openswmm.gui/include/core/swmmdatetime.h:61:12: warning: 'QDateTime' is deprecated: Pass QTimeZone instead [-Wdeprecated-declarations]
   61 |     return QDateTime(date, QTime(h, mi, s), Qt::UTC);
      |            ^
/Users/calebbuahin/Qt/6.9.3/macos/lib/QtCore.framework/Headers/qdatetime.h:361:5: note: 'QDateTime' has been explicitly marked deprecated here
  361 |     QT_DEPRECATED_VERSION_X_6_9("Pass QTimeZone instead")
      |     ^
/Users/calebbuahin/Qt/6.9.3/macos/lib/QtCore.framework/Headers/qtdeprecationmarkers.h:213:44: note: expanded from macro 'QT_DEPRECATED_VERSION_X_6_9'
  213 | # define QT_DEPRECATED_VERSION_X_6_9(text) QT_DEPRECATED_X(text)
      |                                            ^
/Users/calebbuahin/Qt/6.9.3/macos/lib/QtCore.framework/Headers/qtdeprecationmarkers.h:29:33: note: expanded from macro 'QT_DEPRECATED_X'
   29 | #  define QT_DEPRECATED_X(text) Q_DECL_DEPRECATED_X(text)
      |                                 ^
/Users/calebbuahin/Qt/6.9.3/macos/lib/QtCore.framework/Headers/qcompilerdetection.h:1011:36: note: expanded from macro 'Q_DECL_DEPRECATED_X'
 1011 | #  define Q_DECL_DEPRECATED_X(x) [[deprecated(x)]]
      |                                    ^
In file included from /Users/calebbuahin/Documents/Projects/cbuahin_github/openswmm.gui/src/swmmvis.cpp:89:
/Users/calebbuahin/Documents/Projects/cbuahin_github/openswmm.gui/include/core/swmmdatetime.h:61:12: warning: 'QDateTime' is deprecated: Pass QTimeZone instead [-Wdeprecated-declarations]
   61 |     return QDateTime(date, QTime(h, mi, s), Qt::UTC);
      |            ^
/Users/calebbuahin/Qt/6.9.3/macos/lib/QtCore.framework/Headers/qdatetime.h:361:5: note: 'QDateTime' has been explicitly marked deprecated here
  361 |     QT_DEPRECATED_VERSION_X_6_9("Pass QTimeZone instead")
      |     ^
/Users/calebbuahin/Qt/6.9.3/macos/lib/QtCore.framework/Headers/qtdeprecationmarkers.h:213:44: note: expanded from macro 'QT_DEPRECATED_VERSION_X_6_9'
  213 | # define QT_DEPRECATED_VERSION_X_6_9(text) QT_DEPRECATED_X(text)
      |                                            ^
/Users/calebbuahin/Qt/6.9.3/macos/lib/QtCore.framework/Headers/qtdeprecationmarkers.h:29:33: note: expanded from macro 'QT_DEPRECATED_X'
   29 | #  define QT_DEPRECATED_X(text) Q_DECL_DEPRECATED_X(text)
      |                                 ^
/Users/calebbuahin/Qt/6.9.3/macos/lib/QtCore.framework/Headers/qcompilerdetection.h:1011:36: note: expanded from macro 'Q_DECL_DEPRECATED_X'
 1011 | #  define Q_DECL_DEPRECATED_X(x) [[deprecated(x)]]
      |                                    ^
In file included from /Users/calebbuahin/Documents/Projects/cbuahin_github/openswmm.gui/src/swmmvis.cpp:136:
/Users/calebbuahin/Documents/Projects/cbuahin_github/openswmm.gui/include/layers/swmmresultslayer.h:408:55: warning: 'renderer' overrides a member function but is not marked 'override' [-Winconsistent-missing-override]
  408 |     [[nodiscard]] OpenSWMM::Render::IFeatureRenderer *renderer() const;
      |                                                       ^
/Users/calebbuahin/Documents/Projects/cbuahin_github/openswmm.gui/include/layers/openswmmvislayer.h:434:63: note: overridden virtual function is here
  434 |     [[nodiscard]] virtual OpenSWMM::Render::IFeatureRenderer *renderer() const { return nullptr; }
      |                                                               ^
In file included from /Users/calebbuahin/Documents/Projects/cbuahin_github/openswmm.gui/src/swmmvis.cpp:136:
/Users/calebbuahin/Documents/Projects/cbuahin_github/openswmm.gui/include/layers/swmmresultslayer.h:417:10: warning: 'setRenderer' overrides a member function but is not marked 'override' [-Winconsistent-missing-override]
  417 |     void setRenderer(std::unique_ptr<OpenSWMM::Render::IFeatureRenderer> r);
      |          ^
/Users/calebbuahin/Documents/Projects/cbuahin_github/openswmm.gui/include/layers/openswmmvislayer.h:440:18: note: overridden virtual function is here
  440 |     virtual void setRenderer(std::unique_ptr<OpenSWMM::Render::IFeatureRenderer>);
      |                  ^
In file included from /Users/calebbuahin/Documents/Projects/cbuahin_github/openswmm.gui/src/swmmvis.cpp:194:
/Users/calebbuahin/Documents/Projects/cbuahin_github/openswmm.gui/include/layers/swmm2dresultslayer.h:544:55: warning: 'renderer' overrides a member function but is not marked 'override' [-Winconsistent-missing-override]
  544 |     [[nodiscard]] OpenSWMM::Render::IFeatureRenderer *renderer() const;
      |                                                       ^
/Users/calebbuahin/Documents/Projects/cbuahin_github/openswmm.gui/include/layers/openswmmvislayer.h:434:63: note: overridden virtual function is here
  434 |     [[nodiscard]] virtual OpenSWMM::Render::IFeatureRenderer *renderer() const { return nullptr; }
      |                                                               ^
In file included from /Users/calebbuahin/Documents/Projects/cbuahin_github/openswmm.gui/src/swmmvis.cpp:194:
/Users/calebbuahin/Documents/Projects/cbuahin_github/openswmm.gui/include/layers/swmm2dresultslayer.h:552:10: warning: 'setRenderer' overrides a member function but is not marked 'override' [-Winconsistent-missing-override]
  552 |     void setRenderer(std::unique_ptr<OpenSWMM::Render::IFeatureRenderer> r);
      |          ^
/Users/calebbuahin/Documents/Projects/cbuahin_github/openswmm.gui/include/layers/openswmmvislayer.h:440:18: note: overridden virtual function is here
  440 |     virtual void setRenderer(std::unique_ptr<OpenSWMM::Render::IFeatureRenderer>);
      |                  ^
8 warnings generated.
[64/375] Building CXX object tests/gui/CMakeFiles/test_asyncload.dir/__/__/src/connections/basemapconnectionstore.cpp.o
[65/375] Building CXX object tests/gui/CMakeFiles/test_asyncload.dir/__/__/src/layers/xyztilelayer.cpp.o
[66/375] Building CXX object tests/gui/CMakeFiles/test_asyncload.dir/__/__/src/map/mapcanvas.cpp.o
In file included from /Users/calebbuahin/Documents/Projects/cbuahin_github/openswmm.gui/src/map/mapcanvas.cpp:20:
/Users/calebbuahin/Documents/Projects/cbuahin_github/openswmm.gui/include/layers/gisvectorlayer.h:270:55: warning: 'renderer' overrides a member function but is not marked 'override' [-Winconsistent-missing-override]
  270 |     [[nodiscard]] OpenSWMM::Render::IFeatureRenderer *renderer() const;
      |                                                       ^
/Users/calebbuahin/Documents/Projects/cbuahin_github/openswmm.gui/include/layers/openswmmvislayer.h:434:63: note: overridden virtual function is here
  434 |     [[nodiscard]] virtual OpenSWMM::Render::IFeatureRenderer *renderer() const { return nullptr; }
      |                                                               ^
In file included from /Users/calebbuahin/Documents/Projects/cbuahin_github/openswmm.gui/src/map/mapcanvas.cpp:20:
/Users/calebbuahin/Documents/Projects/cbuahin_github/openswmm.gui/include/layers/gisvectorlayer.h:278:10: warning: 'setRenderer' overrides a member function but is not marked 'override' [-Winconsistent-missing-override]
  278 |     void setRenderer(std::unique_ptr<OpenSWMM::Render::IFeatureRenderer> r);
      |          ^
/Users/calebbuahin/Documents/Projects/cbuahin_github/openswmm.gui/include/layers/openswmmvislayer.h:440:18: note: overridden virtual function is here
  440 |     virtual void setRenderer(std::unique_ptr<OpenSWMM::Render::IFeatureRenderer>);
      |                  ^
In file included from /Users/calebbuahin/Documents/Projects/cbuahin_github/openswmm.gui/src/map/mapcanvas.cpp:31:
/Users/calebbuahin/Documents/Projects/cbuahin_github/openswmm.gui/include/layers/swmm2dresultslayer.h:544:55: warning: 'renderer' overrides a member function but is not marked 'override' [-Winconsistent-missing-override]
  544 |     [[nodiscard]] OpenSWMM::Render::IFeatureRenderer *renderer() const;
      |                                                       ^
/Users/calebbuahin/Documents/Projects/cbuahin_github/openswmm.gui/include/layers/openswmmvislayer.h:434:63: note: overridden virtual function is here
  434 |     [[nodiscard]] virtual OpenSWMM::Render::IFeatureRenderer *renderer() const { return nullptr; }
      |                                                               ^
In file included from /Users/calebbuahin/Documents/Projects/cbuahin_github/openswmm.gui/src/map/mapcanvas.cpp:31:
/Users/calebbuahin/Documents/Projects/cbuahin_github/openswmm.gui/include/layers/swmm2dresultslayer.h:552:10: warning: 'setRenderer' overrides a member function but is not marked 'override' [-Winconsistent-missing-override]
  552 |     void setRenderer(std::unique_ptr<OpenSWMM::Render::IFeatureRenderer> r);
      |          ^
/Users/calebbuahin/Documents/Projects/cbuahin_github/openswmm.gui/include/layers/openswmmvislayer.h:440:18: note: overridden virtual function is here
  440 |     virtual void setRenderer(std::unique_ptr<OpenSWMM::Render::IFeatureRenderer>);
      |                  ^
4 warnings generated.
[67/375] Building CXX object tests/gui/CMakeFiles/test_asyncload.dir/__/__/src/project/projectserializer.cpp.o
In file included from /Users/calebbuahin/Documents/Projects/cbuahin_github/openswmm.gui/src/project/projectserializer.cpp:12:
/Users/calebbuahin/Documents/Projects/cbuahin_github/openswmm.gui/include/layers/gisvectorlayer.h:270:55: warning: 'renderer' overrides a member function but is not marked 'override' [-Winconsistent-missing-override]
  270 |     [[nodiscard]] OpenSWMM::Render::IFeatureRenderer *renderer() const;
      |                                                       ^
/Users/calebbuahin/Documents/Projects/cbuahin_github/openswmm.gui/include/layers/openswmmvislayer.h:434:63: note: overridden virtual function is here
  434 |     [[nodiscard]] virtual OpenSWMM::Render::IFeatureRenderer *renderer() const { return nullptr; }
      |                                                               ^
In file included from /Users/calebbuahin/Documents/Projects/cbuahin_github/openswmm.gui/src/project/projectserializer.cpp:12:
/Users/calebbuahin/Documents/Projects/cbuahin_github/openswmm.gui/include/layers/gisvectorlayer.h:278:10: warning: 'setRenderer' overrides a member function but is not marked 'override' [-Winconsistent-missing-override]
  278 |     void setRenderer(std::unique_ptr<OpenSWMM::Render::IFeatureRenderer> r);
      |          ^
/Users/calebbuahin/Documents/Projects/cbuahin_github/openswmm.gui/include/layers/openswmmvislayer.h:440:18: note: overridden virtual function is here
  440 |     virtual void setRenderer(std::unique_ptr<OpenSWMM::Render::IFeatureRenderer>);
      |                  ^
In file included from /Users/calebbuahin/Documents/Projects/cbuahin_github/openswmm.gui/src/project/projectserializer.cpp:15:
/Users/calebbuahin/Documents/Projects/cbuahin_github/openswmm.gui/include/layers/swmm2dresultslayer.h:544:55: warning: 'renderer' overrides a member function but is not marked 'override' [-Winconsistent-missing-override]
  544 |     [[nodiscard]] OpenSWMM::Render::IFeatureRenderer *renderer() const;
      |                                                       ^
/Users/calebbuahin/Documents/Projects/cbuahin_github/openswmm.gui/include/layers/openswmmvislayer.h:434:63: note: overridden virtual function is here
  434 |     [[nodiscard]] virtual OpenSWMM::Render::IFeatureRenderer *renderer() const { return nullptr; }
      |                                                               ^
In file included from /Users/calebbuahin/Documents/Projects/cbuahin_github/openswmm.gui/src/project/projectserializer.cpp:15:
/Users/calebbuahin/Documents/Projects/cbuahin_github/openswmm.gui/include/layers/swmm2dresultslayer.h:552:10: warning: 'setRenderer' overrides a member function but is not marked 'override' [-Winconsistent-missing-override]
  552 |     void setRenderer(std::unique_ptr<OpenSWMM::Render::IFeatureRenderer> r);
      |          ^
/Users/calebbuahin/Documents/Projects/cbuahin_github/openswmm.gui/include/layers/openswmmvislayer.h:440:18: note: overridden virtual function is here
  440 |     virtual void setRenderer(std::unique_ptr<OpenSWMM::Render::IFeatureRenderer>);
      |                  ^
In file included from /Users/calebbuahin/Documents/Projects/cbuahin_github/openswmm.gui/src/project/projectserializer.cpp:17:
/Users/calebbuahin/Documents/Projects/cbuahin_github/openswmm.gui/include/layers/swmmresultslayer.h:408:55: warning: 'renderer' overrides a member function but is not marked 'override' [-Winconsistent-missing-override]
  408 |     [[nodiscard]] OpenSWMM::Render::IFeatureRenderer *renderer() const;
      |                                                       ^
/Users/calebbuahin/Documents/Projects/cbuahin_github/openswmm.gui/include/layers/openswmmvislayer.h:434:63: note: overridden virtual function is here
  434 |     [[nodiscard]] virtual OpenSWMM::Render::IFeatureRenderer *renderer() const { return nullptr; }
      |                                                               ^
In file included from /Users/calebbuahin/Documents/Projects/cbuahin_github/openswmm.gui/src/project/projectserializer.cpp:17:
/Users/calebbuahin/Documents/Projects/cbuahin_github/openswmm.gui/include/layers/swmmresultslayer.h:417:10: warning: 'setRenderer' overrides a member function but is not marked 'override' [-Winconsistent-missing-override]
  417 |     void setRenderer(std::unique_ptr<OpenSWMM::Render::IFeatureRenderer> r);
      |          ^
/Users/calebbuahin/Documents/Projects/cbuahin_github/openswmm.gui/include/layers/openswmmvislayer.h:440:18: note: overridden virtual function is here
  440 |     virtual void setRenderer(std::unique_ptr<OpenSWMM::Render::IFeatureRenderer>);
      |                  ^
6 warnings generated.
[68/375] Building CXX object tests/gui/CMakeFiles/test_typedselection.dir/__/__/src/swmmvis.cpp.o
In file included from /Users/calebbuahin/Documents/Projects/cbuahin_github/openswmm.gui/src/swmmvis.cpp:76:
In file included from /Users/calebbuahin/Documents/Projects/cbuahin_github/openswmm.gui/include/ui/dialogs/sublayerselectiondialog.h:19:
/Users/calebbuahin/Documents/Projects/cbuahin_github/openswmm.gui/include/layers/gisvectorlayer.h:270:55: warning: 'renderer' overrides a member function but is not marked 'override' [-Winconsistent-missing-override]
  270 |     [[nodiscard]] OpenSWMM::Render::IFeatureRenderer *renderer() const;
      |                                                       ^
/Users/calebbuahin/Documents/Projects/cbuahin_github/openswmm.gui/include/layers/openswmmvislayer.h:434:63: note: overridden virtual function is here
  434 |     [[nodiscard]] virtual OpenSWMM::Render::IFeatureRenderer *renderer() const { return nullptr; }
      |                                                               ^
In file included from /Users/calebbuahin/Documents/Projects/cbuahin_github/openswmm.gui/src/swmmvis.cpp:76:
In file included from /Users/calebbuahin/Documents/Projects/cbuahin_github/openswmm.gui/include/ui/dialogs/sublayerselectiondialog.h:19:
/Users/calebbuahin/Documents/Projects/cbuahin_github/openswmm.gui/include/layers/gisvectorlayer.h:278:10: warning: 'setRenderer' overrides a member function but is not marked 'override' [-Winconsistent-missing-override]
  278 |     void setRenderer(std::unique_ptr<OpenSWMM::Render::IFeatureRenderer> r);
      |          ^
/Users/calebbuahin/Documents/Projects/cbuahin_github/openswmm.gui/include/layers/openswmmvislayer.h:440:18: note: overridden virtual function is here
  440 |     virtual void setRenderer(std::unique_ptr<OpenSWMM::Render::IFeatureRenderer>);
      |                  ^
In file included from /Users/calebbuahin/Documents/Projects/cbuahin_github/openswmm.gui/src/swmmvis.cpp:89:
/Users/calebbuahin/Documents/Projects/cbuahin_github/openswmm.gui/include/core/swmmdatetime.h:61:12: warning: 'QDateTime' is deprecated: Pass QTimeZone instead [-Wdeprecated-declarations]
   61 |     return QDateTime(date, QTime(h, mi, s), Qt::UTC);
      |            ^
/Users/calebbuahin/Qt/6.9.3/macos/lib/QtCore.framework/Headers/qdatetime.h:361:5: note: 'QDateTime' has been explicitly marked deprecated here
  361 |     QT_DEPRECATED_VERSION_X_6_9("Pass QTimeZone instead")
      |     ^
/Users/calebbuahin/Qt/6.9.3/macos/lib/QtCore.framework/Headers/qtdeprecationmarkers.h:213:44: note: expanded from macro 'QT_DEPRECATED_VERSION_X_6_9'
  213 | # define QT_DEPRECATED_VERSION_X_6_9(text) QT_DEPRECATED_X(text)
      |                                            ^
/Users/calebbuahin/Qt/6.9.3/macos/lib/QtCore.framework/Headers/qtdeprecationmarkers.h:29:33: note: expanded from macro 'QT_DEPRECATED_X'
   29 | #  define QT_DEPRECATED_X(text) Q_DECL_DEPRECATED_X(text)
      |                                 ^
/Users/calebbuahin/Qt/6.9.3/macos/lib/QtCore.framework/Headers/qcompilerdetection.h:1011:36: note: expanded from macro 'Q_DECL_DEPRECATED_X'
 1011 | #  define Q_DECL_DEPRECATED_X(x) [[deprecated(x)]]
      |                                    ^
In file included from /Users/calebbuahin/Documents/Projects/cbuahin_github/openswmm.gui/src/swmmvis.cpp:89:
/Users/calebbuahin/Documents/Projects/cbuahin_github/openswmm.gui/include/core/swmmdatetime.h:61:12: warning: 'QDateTime' is deprecated: Pass QTimeZone instead [-Wdeprecated-declarations]
   61 |     return QDateTime(date, QTime(h, mi, s), Qt::UTC);
      |            ^
/Users/calebbuahin/Qt/6.9.3/macos/lib/QtCore.framework/Headers/qdatetime.h:361:5: note: 'QDateTime' has been explicitly marked deprecated here
  361 |     QT_DEPRECATED_VERSION_X_6_9("Pass QTimeZone instead")
      |     ^
/Users/calebbuahin/Qt/6.9.3/macos/lib/QtCore.framework/Headers/qtdeprecationmarkers.h:213:44: note: expanded from macro 'QT_DEPRECATED_VERSION_X_6_9'
  213 | # define QT_DEPRECATED_VERSION_X_6_9(text) QT_DEPRECATED_X(text)
      |                                            ^
/Users/calebbuahin/Qt/6.9.3/macos/lib/QtCore.framework/Headers/qtdeprecationmarkers.h:29:33: note: expanded from macro 'QT_DEPRECATED_X'
   29 | #  define QT_DEPRECATED_X(text) Q_DECL_DEPRECATED_X(text)
      |                                 ^
/Users/calebbuahin/Qt/6.9.3/macos/lib/QtCore.framework/Headers/qcompilerdetection.h:1011:36: note: expanded from macro 'Q_DECL_DEPRECATED_X'
 1011 | #  define Q_DECL_DEPRECATED_X(x) [[deprecated(x)]]
      |                                    ^
In file included from /Users/calebbuahin/Documents/Projects/cbuahin_github/openswmm.gui/src/swmmvis.cpp:136:
/Users/calebbuahin/Documents/Projects/cbuahin_github/openswmm.gui/include/layers/swmmresultslayer.h:408:55: warning: 'renderer' overrides a member function but is not marked 'override' [-Winconsistent-missing-override]
  408 |     [[nodiscard]] OpenSWMM::Render::IFeatureRenderer *renderer() const;
      |                                                       ^
/Users/calebbuahin/Documents/Projects/cbuahin_github/openswmm.gui/include/layers/openswmmvislayer.h:434:63: note: overridden virtual function is here
  434 |     [[nodiscard]] virtual OpenSWMM::Render::IFeatureRenderer *renderer() const { return nullptr; }
      |                                                               ^
In file included from /Users/calebbuahin/Documents/Projects/cbuahin_github/openswmm.gui/src/swmmvis.cpp:136:
/Users/calebbuahin/Documents/Projects/cbuahin_github/openswmm.gui/include/layers/swmmresultslayer.h:417:10: warning: 'setRenderer' overrides a member function but is not marked 'override' [-Winconsistent-missing-override]
  417 |     void setRenderer(std::unique_ptr<OpenSWMM::Render::IFeatureRenderer> r);
      |          ^
/Users/calebbuahin/Documents/Projects/cbuahin_github/openswmm.gui/include/layers/openswmmvislayer.h:440:18: note: overridden virtual function is here
  440 |     virtual void setRenderer(std::unique_ptr<OpenSWMM::Render::IFeatureRenderer>);
      |                  ^
In file included from /Users/calebbuahin/Documents/Projects/cbuahin_github/openswmm.gui/src/swmmvis.cpp:194:
/Users/calebbuahin/Documents/Projects/cbuahin_github/openswmm.gui/include/layers/swmm2dresultslayer.h:544:55: warning: 'renderer' overrides a member function but is not marked 'override' [-Winconsistent-missing-override]
  544 |     [[nodiscard]] OpenSWMM::Render::IFeatureRenderer *renderer() const;
      |                                                       ^
/Users/calebbuahin/Documents/Projects/cbuahin_github/openswmm.gui/include/layers/openswmmvislayer.h:434:63: note: overridden virtual function is here
  434 |     [[nodiscard]] virtual OpenSWMM::Render::IFeatureRenderer *renderer() const { return nullptr; }
      |                                                               ^
In file included from /Users/calebbuahin/Documents/Projects/cbuahin_github/openswmm.gui/src/swmmvis.cpp:194:
/Users/calebbuahin/Documents/Projects/cbuahin_github/openswmm.gui/include/layers/swmm2dresultslayer.h:552:10: warning: 'setRenderer' overrides a member function but is not marked 'override' [-Winconsistent-missing-override]
  552 |     void setRenderer(std::unique_ptr<OpenSWMM::Render::IFeatureRenderer> r);
      |          ^
/Users/calebbuahin/Documents/Projects/cbuahin_github/openswmm.gui/include/layers/openswmmvislayer.h:440:18: note: overridden virtual function is here
  440 |     virtual void setRenderer(std::unique_ptr<OpenSWMM::Render::IFeatureRenderer>);
      |                  ^
8 warnings generated.
[69/375] Building CXX object tests/gui/CMakeFiles/test_asyncload.dir/__/__/src/ui/dialogs/layerstyledialog.cpp.o
In file included from /Users/calebbuahin/Documents/Projects/cbuahin_github/openswmm.gui/src/ui/dialogs/layerstyledialog.cpp:24:
/Users/calebbuahin/Documents/Projects/cbuahin_github/openswmm.gui/include/layers/gisvectorlayer.h:270:55: warning: 'renderer' overrides a member function but is not marked 'override' [-Winconsistent-missing-override]
  270 |     [[nodiscard]] OpenSWMM::Render::IFeatureRenderer *renderer() const;
      |                                                       ^
/Users/calebbuahin/Documents/Projects/cbuahin_github/openswmm.gui/include/layers/openswmmvislayer.h:434:63: note: overridden virtual function is here
  434 |     [[nodiscard]] virtual OpenSWMM::Render::IFeatureRenderer *renderer() const { return nullptr; }
      |                                                               ^
In file included from /Users/calebbuahin/Documents/Projects/cbuahin_github/openswmm.gui/src/ui/dialogs/layerstyledialog.cpp:24:
/Users/calebbuahin/Documents/Projects/cbuahin_github/openswmm.gui/include/layers/gisvectorlayer.h:278:10: warning: 'setRenderer' overrides a member function but is not marked 'override' [-Winconsistent-missing-override]
  278 |     void setRenderer(std::unique_ptr<OpenSWMM::Render::IFeatureRenderer> r);
      |          ^
/Users/calebbuahin/Documents/Projects/cbuahin_github/openswmm.gui/include/layers/openswmmvislayer.h:440:18: note: overridden virtual function is here
  440 |     virtual void setRenderer(std::unique_ptr<OpenSWMM::Render::IFeatureRenderer>);
      |                  ^
In file included from /Users/calebbuahin/Documents/Projects/cbuahin_github/openswmm.gui/src/ui/dialogs/layerstyledialog.cpp:27:
/Users/calebbuahin/Documents/Projects/cbuahin_github/openswmm.gui/include/layers/swmmresultslayer.h:408:55: warning: 'renderer' overrides a member function but is not marked 'override' [-Winconsistent-missing-override]
  408 |     [[nodiscard]] OpenSWMM::Render::IFeatureRenderer *renderer() const;
      |                                                       ^
/Users/calebbuahin/Documents/Projects/cbuahin_github/openswmm.gui/include/layers/openswmmvislayer.h:434:63: note: overridden virtual function is here
  434 |     [[nodiscard]] virtual OpenSWMM::Render::IFeatureRenderer *renderer() const { return nullptr; }
      |                                                               ^
In file included from /Users/calebbuahin/Documents/Projects/cbuahin_github/openswmm.gui/src/ui/dialogs/layerstyledialog.cpp:27:
/Users/calebbuahin/Documents/Projects/cbuahin_github/openswmm.gui/include/layers/swmmresultslayer.h:417:10: warning: 'setRenderer' overrides a member function but is not marked 'override' [-Winconsistent-missing-override]
  417 |     void setRenderer(std::unique_ptr<OpenSWMM::Render::IFeatureRenderer> r);
      |          ^
/Users/calebbuahin/Documents/Projects/cbuahin_github/openswmm.gui/include/layers/openswmmvislayer.h:440:18: note: overridden virtual function is here
  440 |     virtual void setRenderer(std::unique_ptr<OpenSWMM::Render::IFeatureRenderer>);
      |                  ^
In file included from /Users/calebbuahin/Documents/Projects/cbuahin_github/openswmm.gui/src/ui/dialogs/layerstyledialog.cpp:28:
/Users/calebbuahin/Documents/Projects/cbuahin_github/openswmm.gui/include/layers/swmm2dresultslayer.h:544:55: warning: 'renderer' overrides a member function but is not marked 'override' [-Winconsistent-missing-override]
  544 |     [[nodiscard]] OpenSWMM::Render::IFeatureRenderer *renderer() const;
      |                                                       ^
/Users/calebbuahin/Documents/Projects/cbuahin_github/openswmm.gui/include/layers/openswmmvislayer.h:434:63: note: overridden virtual function is here
  434 |     [[nodiscard]] virtual OpenSWMM::Render::IFeatureRenderer *renderer() const { return nullptr; }
      |                                                               ^
In file included from /Users/calebbuahin/Documents/Projects/cbuahin_github/openswmm.gui/src/ui/dialogs/layerstyledialog.cpp:28:
/Users/calebbuahin/Documents/Projects/cbuahin_github/openswmm.gui/include/layers/swmm2dresultslayer.h:552:10: warning: 'setRenderer' overrides a member function but is not marked 'override' [-Winconsistent-missing-override]
  552 |     void setRenderer(std::unique_ptr<OpenSWMM::Render::IFeatureRenderer> r);
      |          ^
/Users/calebbuahin/Documents/Projects/cbuahin_github/openswmm.gui/include/layers/openswmmvislayer.h:440:18: note: overridden virtual function is here
  440 |     virtual void setRenderer(std::unique_ptr<OpenSWMM::Render::IFeatureRenderer>);
      |                  ^
6 warnings generated.
[70/375] Building CXX object CMakeFiles/SWMMVis.dir/SWMMVis_autogen/mocs_compilation.cpp.o
In file included from /Users/calebbuahin/Documents/Projects/cbuahin_github/openswmm.gui/build/SWMMVis_autogen/mocs_compilation.cpp:2:
In file included from /Users/calebbuahin/Documents/Projects/cbuahin_github/openswmm.gui/build/SWMMVis_autogen/OIPJVC6G2U/moc_animationcontroller.cpp:9:
In file included from /Users/calebbuahin/Documents/Projects/cbuahin_github/openswmm.gui/build/SWMMVis_autogen/OIPJVC6G2U/../../../include/animation/animationcontroller.h:33:
/Users/calebbuahin/Documents/Projects/cbuahin_github/openswmm.gui/include/layers/swmm2dresultslayer.h:544:55: warning: 'renderer' overrides a member function but is not marked 'override' [-Winconsistent-missing-override]
  544 |     [[nodiscard]] OpenSWMM::Render::IFeatureRenderer *renderer() const;
      |                                                       ^
/Users/calebbuahin/Documents/Projects/cbuahin_github/openswmm.gui/include/layers/openswmmvislayer.h:434:63: note: overridden virtual function is here
  434 |     [[nodiscard]] virtual OpenSWMM::Render::IFeatureRenderer *renderer() const { return nullptr; }
      |                                                               ^
In file included from /Users/calebbuahin/Documents/Projects/cbuahin_github/openswmm.gui/build/SWMMVis_autogen/mocs_compilation.cpp:2:
In file included from /Users/calebbuahin/Documents/Projects/cbuahin_github/openswmm.gui/build/SWMMVis_autogen/OIPJVC6G2U/moc_animationcontroller.cpp:9:
In file included from /Users/calebbuahin/Documents/Projects/cbuahin_github/openswmm.gui/build/SWMMVis_autogen/OIPJVC6G2U/../../../include/animation/animationcontroller.h:33:
/Users/calebbuahin/Documents/Projects/cbuahin_github/openswmm.gui/include/layers/swmm2dresultslayer.h:552:10: warning: 'setRenderer' overrides a member function but is not marked 'override' [-Winconsistent-missing-override]
  552 |     void setRenderer(std::unique_ptr<OpenSWMM::Render::IFeatureRenderer> r);
      |          ^
/Users/calebbuahin/Documents/Projects/cbuahin_github/openswmm.gui/include/layers/openswmmvislayer.h:440:18: note: overridden virtual function is here
  440 |     virtual void setRenderer(std::unique_ptr<OpenSWMM::Render::IFeatureRenderer>);
      |                  ^
In file included from /Users/calebbuahin/Documents/Projects/cbuahin_github/openswmm.gui/build/SWMMVis_autogen/mocs_compilation.cpp:28:
In file included from /Users/calebbuahin/Documents/Projects/cbuahin_github/openswmm.gui/build/SWMMVis_autogen/QBVQJYMK6I/moc_gisvectorlayer.cpp:9:
/Users/calebbuahin/Documents/Projects/cbuahin_github/openswmm.gui/build/SWMMVis_autogen/QBVQJYMK6I/../../../include/layers/gisvectorlayer.h:270:55: warning: 'renderer' overrides a member function but is not marked 'override' [-Winconsistent-missing-override]
  270 |     [[nodiscard]] OpenSWMM::Render::IFeatureRenderer *renderer() const;
      |                                                       ^
/Users/calebbuahin/Documents/Projects/cbuahin_github/openswmm.gui/include/layers/openswmmvislayer.h:434:63: note: overridden virtual function is here
  434 |     [[nodiscard]] virtual OpenSWMM::Render::IFeatureRenderer *renderer() const { return nullptr; }
      |                                                               ^
In file included from /Users/calebbuahin/Documents/Projects/cbuahin_github/openswmm.gui/build/SWMMVis_autogen/mocs_compilation.cpp:28:
In file included from /Users/calebbuahin/Documents/Projects/cbuahin_github/openswmm.gui/build/SWMMVis_autogen/QBVQJYMK6I/moc_gisvectorlayer.cpp:9:
/Users/calebbuahin/Documents/Projects/cbuahin_github/openswmm.gui/build/SWMMVis_autogen/QBVQJYMK6I/../../../include/layers/gisvectorlayer.h:278:10: warning: 'setRenderer' overrides a member function but is not marked 'override' [-Winconsistent-missing-override]
  278 |     void setRenderer(std::unique_ptr<OpenSWMM::Render::IFeatureRenderer> r);
      |          ^
/Users/calebbuahin/Documents/Projects/cbuahin_github/openswmm.gui/include/layers/openswmmvislayer.h:440:18: note: overridden virtual function is here
  440 |     virtual void setRenderer(std::unique_ptr<OpenSWMM::Render::IFeatureRenderer>);
      |                  ^
In file included from /Users/calebbuahin/Documents/Projects/cbuahin_github/openswmm.gui/build/SWMMVis_autogen/mocs_compilation.cpp:36:
In file included from /Users/calebbuahin/Documents/Projects/cbuahin_github/openswmm.gui/build/SWMMVis_autogen/QBVQJYMK6I/moc_swmmresultslayer.cpp:9:
/Users/calebbuahin/Documents/Projects/cbuahin_github/openswmm.gui/build/SWMMVis_autogen/QBVQJYMK6I/../../../include/layers/swmmresultslayer.h:408:55: warning: 'renderer' overrides a member function but is not marked 'override' [-Winconsistent-missing-override]
  408 |     [[nodiscard]] OpenSWMM::Render::IFeatureRenderer *renderer() const;
      |                                                       ^
/Users/calebbuahin/Documents/Projects/cbuahin_github/openswmm.gui/include/layers/openswmmvislayer.h:434:63: note: overridden virtual function is here
  434 |     [[nodiscard]] virtual OpenSWMM::Render::IFeatureRenderer *renderer() const { return nullptr; }
      |                                                               ^
In file included from /Users/calebbuahin/Documents/Projects/cbuahin_github/openswmm.gui/build/SWMMVis_autogen/mocs_compilation.cpp:36:
In file included from /Users/calebbuahin/Documents/Projects/cbuahin_github/openswmm.gui/build/SWMMVis_autogen/QBVQJYMK6I/moc_swmmresultslayer.cpp:9:
/Users/calebbuahin/Documents/Projects/cbuahin_github/openswmm.gui/build/SWMMVis_autogen/QBVQJYMK6I/../../../include/layers/swmmresultslayer.h:417:10: warning: 'setRenderer' overrides a member function but is not marked 'override' [-Winconsistent-missing-override]
  417 |     void setRenderer(std::unique_ptr<OpenSWMM::Render::IFeatureRenderer> r);
      |          ^
/Users/calebbuahin/Documents/Projects/cbuahin_github/openswmm.gui/include/layers/openswmmvislayer.h:440:18: note: overridden virtual function is here
  440 |     virtual void setRenderer(std::unique_ptr<OpenSWMM::Render::IFeatureRenderer>);
      |                  ^
6 warnings generated.
[71/375] Building CXX object tests/gui/CMakeFiles/test_asyncload.dir/__/__/src/ui/dialogs/addbasemapdialog.cpp.o
In file included from /Users/calebbuahin/Documents/Projects/cbuahin_github/openswmm.gui/src/ui/dialogs/addbasemapdialog.cpp:26:
In file included from /Users/calebbuahin/Documents/Projects/cbuahin_github/openswmm.gui/include/layers/wfslayer.h:27:
/Users/calebbuahin/Documents/Projects/cbuahin_github/openswmm.gui/include/layers/gisvectorlayer.h:270:55: warning: 'renderer' overrides a member function but is not marked 'override' [-Winconsistent-missing-override]
  270 |     [[nodiscard]] OpenSWMM::Render::IFeatureRenderer *renderer() const;
      |                                                       ^
/Users/calebbuahin/Documents/Projects/cbuahin_github/openswmm.gui/include/layers/openswmmvislayer.h:434:63: note: overridden virtual function is here
  434 |     [[nodiscard]] virtual OpenSWMM::Render::IFeatureRenderer *renderer() const { return nullptr; }
      |                                                               ^
In file included from /Users/calebbuahin/Documents/Projects/cbuahin_github/openswmm.gui/src/ui/dialogs/addbasemapdialog.cpp:26:
In file included from /Users/calebbuahin/Documents/Projects/cbuahin_github/openswmm.gui/include/layers/wfslayer.h:27:
/Users/calebbuahin/Documents/Projects/cbuahin_github/openswmm.gui/include/layers/gisvectorlayer.h:278:10: warning: 'setRenderer' overrides a member function but is not marked 'override' [-Winconsistent-missing-override]
  278 |     void setRenderer(std::unique_ptr<OpenSWMM::Render::IFeatureRenderer> r);
      |          ^
/Users/calebbuahin/Documents/Projects/cbuahin_github/openswmm.gui/include/layers/openswmmvislayer.h:440:18: note: overridden virtual function is here
  440 |     virtual void setRenderer(std::unique_ptr<OpenSWMM::Render::IFeatureRenderer>);
      |                  ^
2 warnings generated.
[72/375] Building CXX object tests/gui/CMakeFiles/test_asyncload.dir/__/__/src/ui/widgets/basemaphttpheaderswidget.cpp.o
[73/375] Building CXX object tests/gui/CMakeFiles/test_registry_rename.dir/__/__/src/connections/basemapconnectionstore.cpp.o
[74/375] Building CXX object tests/gui/CMakeFiles/test_registry_rename.dir/__/__/src/layers/xyztilelayer.cpp.o
[75/375] Building CXX object tests/gui/CMakeFiles/test_registry_rename.dir/__/__/src/map/mapcanvas.cpp.o
In file included from /Users/calebbuahin/Documents/Projects/cbuahin_github/openswmm.gui/src/map/mapcanvas.cpp:20:
/Users/calebbuahin/Documents/Projects/cbuahin_github/openswmm.gui/include/layers/gisvectorlayer.h:270:55: warning: 'renderer' overrides a member function but is not marked 'override' [-Winconsistent-missing-override]
  270 |     [[nodiscard]] OpenSWMM::Render::IFeatureRenderer *renderer() const;
      |                                                       ^
/Users/calebbuahin/Documents/Projects/cbuahin_github/openswmm.gui/include/layers/openswmmvislayer.h:434:63: note: overridden virtual function is here
  434 |     [[nodiscard]] virtual OpenSWMM::Render::IFeatureRenderer *renderer() const { return nullptr; }
      |                                                               ^
In file included from /Users/calebbuahin/Documents/Projects/cbuahin_github/openswmm.gui/src/map/mapcanvas.cpp:20:
/Users/calebbuahin/Documents/Projects/cbuahin_github/openswmm.gui/include/layers/gisvectorlayer.h:278:10: warning: 'setRenderer' overrides a member function but is not marked 'override' [-Winconsistent-missing-override]
  278 |     void setRenderer(std::unique_ptr<OpenSWMM::Render::IFeatureRenderer> r);
      |          ^
/Users/calebbuahin/Documents/Projects/cbuahin_github/openswmm.gui/include/layers/openswmmvislayer.h:440:18: note: overridden virtual function is here
  440 |     virtual void setRenderer(std::unique_ptr<OpenSWMM::Render::IFeatureRenderer>);
      |                  ^
In file included from /Users/calebbuahin/Documents/Projects/cbuahin_github/openswmm.gui/src/map/mapcanvas.cpp:31:
/Users/calebbuahin/Documents/Projects/cbuahin_github/openswmm.gui/include/layers/swmm2dresultslayer.h:544:55: warning: 'renderer' overrides a member function but is not marked 'override' [-Winconsistent-missing-override]
  544 |     [[nodiscard]] OpenSWMM::Render::IFeatureRenderer *renderer() const;
      |                                                       ^
/Users/calebbuahin/Documents/Projects/cbuahin_github/openswmm.gui/include/layers/openswmmvislayer.h:434:63: note: overridden virtual function is here
  434 |     [[nodiscard]] virtual OpenSWMM::Render::IFeatureRenderer *renderer() const { return nullptr; }
      |                                                               ^
In file included from /Users/calebbuahin/Documents/Projects/cbuahin_github/openswmm.gui/src/map/mapcanvas.cpp:31:
/Users/calebbuahin/Documents/Projects/cbuahin_github/openswmm.gui/include/layers/swmm2dresultslayer.h:552:10: warning: 'setRenderer' overrides a member function but is not marked 'override' [-Winconsistent-missing-override]
  552 |     void setRenderer(std::unique_ptr<OpenSWMM::Render::IFeatureRenderer> r);
      |          ^
/Users/calebbuahin/Documents/Projects/cbuahin_github/openswmm.gui/include/layers/openswmmvislayer.h:440:18: note: overridden virtual function is here
  440 |     virtual void setRenderer(std::unique_ptr<OpenSWMM::Render::IFeatureRenderer>);
      |                  ^
4 warnings generated.
[76/375] Building CXX object tests/gui/CMakeFiles/test_registry_rename.dir/__/__/src/project/projectserializer.cpp.o
In file included from /Users/calebbuahin/Documents/Projects/cbuahin_github/openswmm.gui/src/project/projectserializer.cpp:12:
/Users/calebbuahin/Documents/Projects/cbuahin_github/openswmm.gui/include/layers/gisvectorlayer.h:270:55: warning: 'renderer' overrides a member function but is not marked 'override' [-Winconsistent-missing-override]
  270 |     [[nodiscard]] OpenSWMM::Render::IFeatureRenderer *renderer() const;
      |                                                       ^
/Users/calebbuahin/Documents/Projects/cbuahin_github/openswmm.gui/include/layers/openswmmvislayer.h:434:63: note: overridden virtual function is here
  434 |     [[nodiscard]] virtual OpenSWMM::Render::IFeatureRenderer *renderer() const { return nullptr; }
      |                                                               ^
In file included from /Users/calebbuahin/Documents/Projects/cbuahin_github/openswmm.gui/src/project/projectserializer.cpp:12:
/Users/calebbuahin/Documents/Projects/cbuahin_github/openswmm.gui/include/layers/gisvectorlayer.h:278:10: warning: 'setRenderer' overrides a member function but is not marked 'override' [-Winconsistent-missing-override]
  278 |     void setRenderer(std::unique_ptr<OpenSWMM::Render::IFeatureRenderer> r);
      |          ^
/Users/calebbuahin/Documents/Projects/cbuahin_github/openswmm.gui/include/layers/openswmmvislayer.h:440:18: note: overridden virtual function is here
  440 |     virtual void setRenderer(std::unique_ptr<OpenSWMM::Render::IFeatureRenderer>);
      |                  ^
In file included from /Users/calebbuahin/Documents/Projects/cbuahin_github/openswmm.gui/src/project/projectserializer.cpp:15:
/Users/calebbuahin/Documents/Projects/cbuahin_github/openswmm.gui/include/layers/swmm2dresultslayer.h:544:55: warning: 'renderer' overrides a member function but is not marked 'override' [-Winconsistent-missing-override]
  544 |     [[nodiscard]] OpenSWMM::Render::IFeatureRenderer *renderer() const;
      |                                                       ^
/Users/calebbuahin/Documents/Projects/cbuahin_github/openswmm.gui/include/layers/openswmmvislayer.h:434:63: note: overridden virtual function is here
  434 |     [[nodiscard]] virtual OpenSWMM::Render::IFeatureRenderer *renderer() const { return nullptr; }
      |                                                               ^
In file included from /Users/calebbuahin/Documents/Projects/cbuahin_github/openswmm.gui/src/project/projectserializer.cpp:15:
/Users/calebbuahin/Documents/Projects/cbuahin_github/openswmm.gui/include/layers/swmm2dresultslayer.h:552:10: warning: 'setRenderer' overrides a member function but is not marked 'override' [-Winconsistent-missing-override]
  552 |     void setRenderer(std::unique_ptr<OpenSWMM::Render::IFeatureRenderer> r);
      |          ^
/Users/calebbuahin/Documents/Projects/cbuahin_github/openswmm.gui/include/layers/openswmmvislayer.h:440:18: note: overridden virtual function is here
  440 |     virtual void setRenderer(std::unique_ptr<OpenSWMM::Render::IFeatureRenderer>);
      |                  ^
In file included from /Users/calebbuahin/Documents/Projects/cbuahin_github/openswmm.gui/src/project/projectserializer.cpp:17:
/Users/calebbuahin/Documents/Projects/cbuahin_github/openswmm.gui/include/layers/swmmresultslayer.h:408:55: warning: 'renderer' overrides a member function but is not marked 'override' [-Winconsistent-missing-override]
  408 |     [[nodiscard]] OpenSWMM::Render::IFeatureRenderer *renderer() const;
      |                                                       ^
/Users/calebbuahin/Documents/Projects/cbuahin_github/openswmm.gui/include/layers/openswmmvislayer.h:434:63: note: overridden virtual function is here
  434 |     [[nodiscard]] virtual OpenSWMM::Render::IFeatureRenderer *renderer() const { return nullptr; }
      |                                                               ^
In file included from /Users/calebbuahin/Documents/Projects/cbuahin_github/openswmm.gui/src/project/projectserializer.cpp:17:
/Users/calebbuahin/Documents/Projects/cbuahin_github/openswmm.gui/include/layers/swmmresultslayer.h:417:10: warning: 'setRenderer' overrides a member function but is not marked 'override' [-Winconsistent-missing-override]
  417 |     void setRenderer(std::unique_ptr<OpenSWMM::Render::IFeatureRenderer> r);
      |          ^
/Users/calebbuahin/Documents/Projects/cbuahin_github/openswmm.gui/include/layers/openswmmvislayer.h:440:18: note: overridden virtual function is here
  440 |     virtual void setRenderer(std::unique_ptr<OpenSWMM::Render::IFeatureRenderer>);
      |                  ^
6 warnings generated.
[77/375] Building CXX object tests/gui/CMakeFiles/test_objectbrowser_tree_refresh.dir/__/__/src/swmmvis.cpp.o
In file included from /Users/calebbuahin/Documents/Projects/cbuahin_github/openswmm.gui/src/swmmvis.cpp:76:
In file included from /Users/calebbuahin/Documents/Projects/cbuahin_github/openswmm.gui/include/ui/dialogs/sublayerselectiondialog.h:19:
/Users/calebbuahin/Documents/Projects/cbuahin_github/openswmm.gui/include/layers/gisvectorlayer.h:270:55: warning: 'renderer' overrides a member function but is not marked 'override' [-Winconsistent-missing-override]
  270 |     [[nodiscard]] OpenSWMM::Render::IFeatureRenderer *renderer() const;
      |                                                       ^
/Users/calebbuahin/Documents/Projects/cbuahin_github/openswmm.gui/include/layers/openswmmvislayer.h:434:63: note: overridden virtual function is here
  434 |     [[nodiscard]] virtual OpenSWMM::Render::IFeatureRenderer *renderer() const { return nullptr; }
      |                                                               ^
In file included from /Users/calebbuahin/Documents/Projects/cbuahin_github/openswmm.gui/src/swmmvis.cpp:76:
In file included from /Users/calebbuahin/Documents/Projects/cbuahin_github/openswmm.gui/include/ui/dialogs/sublayerselectiondialog.h:19:
/Users/calebbuahin/Documents/Projects/cbuahin_github/openswmm.gui/include/layers/gisvectorlayer.h:278:10: warning: 'setRenderer' overrides a member function but is not marked 'override' [-Winconsistent-missing-override]
  278 |     void setRenderer(std::unique_ptr<OpenSWMM::Render::IFeatureRenderer> r);
      |          ^
/Users/calebbuahin/Documents/Projects/cbuahin_github/openswmm.gui/include/layers/openswmmvislayer.h:440:18: note: overridden virtual function is here
  440 |     virtual void setRenderer(std::unique_ptr<OpenSWMM::Render::IFeatureRenderer>);
      |                  ^
In file included from /Users/calebbuahin/Documents/Projects/cbuahin_github/openswmm.gui/src/swmmvis.cpp:89:
/Users/calebbuahin/Documents/Projects/cbuahin_github/openswmm.gui/include/core/swmmdatetime.h:61:12: warning: 'QDateTime' is deprecated: Pass QTimeZone instead [-Wdeprecated-declarations]
   61 |     return QDateTime(date, QTime(h, mi, s), Qt::UTC);
      |            ^
/Users/calebbuahin/Qt/6.9.3/macos/lib/QtCore.framework/Headers/qdatetime.h:361:5: note: 'QDateTime' has been explicitly marked deprecated here
  361 |     QT_DEPRECATED_VERSION_X_6_9("Pass QTimeZone instead")
      |     ^
/Users/calebbuahin/Qt/6.9.3/macos/lib/QtCore.framework/Headers/qtdeprecationmarkers.h:213:44: note: expanded from macro 'QT_DEPRECATED_VERSION_X_6_9'
  213 | # define QT_DEPRECATED_VERSION_X_6_9(text) QT_DEPRECATED_X(text)
      |                                            ^
/Users/calebbuahin/Qt/6.9.3/macos/lib/QtCore.framework/Headers/qtdeprecationmarkers.h:29:33: note: expanded from macro 'QT_DEPRECATED_X'
   29 | #  define QT_DEPRECATED_X(text) Q_DECL_DEPRECATED_X(text)
      |                                 ^
/Users/calebbuahin/Qt/6.9.3/macos/lib/QtCore.framework/Headers/qcompilerdetection.h:1011:36: note: expanded from macro 'Q_DECL_DEPRECATED_X'
 1011 | #  define Q_DECL_DEPRECATED_X(x) [[deprecated(x)]]
      |                                    ^
In file included from /Users/calebbuahin/Documents/Projects/cbuahin_github/openswmm.gui/src/swmmvis.cpp:89:
/Users/calebbuahin/Documents/Projects/cbuahin_github/openswmm.gui/include/core/swmmdatetime.h:61:12: warning: 'QDateTime' is deprecated: Pass QTimeZone instead [-Wdeprecated-declarations]
   61 |     return QDateTime(date, QTime(h, mi, s), Qt::UTC);
      |            ^
/Users/calebbuahin/Qt/6.9.3/macos/lib/QtCore.framework/Headers/qdatetime.h:361:5: note: 'QDateTime' has been explicitly marked deprecated here
  361 |     QT_DEPRECATED_VERSION_X_6_9("Pass QTimeZone instead")
      |     ^
/Users/calebbuahin/Qt/6.9.3/macos/lib/QtCore.framework/Headers/qtdeprecationmarkers.h:213:44: note: expanded from macro 'QT_DEPRECATED_VERSION_X_6_9'
  213 | # define QT_DEPRECATED_VERSION_X_6_9(text) QT_DEPRECATED_X(text)
      |                                            ^
/Users/calebbuahin/Qt/6.9.3/macos/lib/QtCore.framework/Headers/qtdeprecationmarkers.h:29:33: note: expanded from macro 'QT_DEPRECATED_X'
   29 | #  define QT_DEPRECATED_X(text) Q_DECL_DEPRECATED_X(text)
      |                                 ^
/Users/calebbuahin/Qt/6.9.3/macos/lib/QtCore.framework/Headers/qcompilerdetection.h:1011:36: note: expanded from macro 'Q_DECL_DEPRECATED_X'
 1011 | #  define Q_DECL_DEPRECATED_X(x) [[deprecated(x)]]
      |                                    ^
In file included from /Users/calebbuahin/Documents/Projects/cbuahin_github/openswmm.gui/src/swmmvis.cpp:136:
/Users/calebbuahin/Documents/Projects/cbuahin_github/openswmm.gui/include/layers/swmmresultslayer.h:408:55: warning: 'renderer' overrides a member function but is not marked 'override' [-Winconsistent-missing-override]
  408 |     [[nodiscard]] OpenSWMM::Render::IFeatureRenderer *renderer() const;
      |                                                       ^
/Users/calebbuahin/Documents/Projects/cbuahin_github/openswmm.gui/include/layers/openswmmvislayer.h:434:63: note: overridden virtual function is here
  434 |     [[nodiscard]] virtual OpenSWMM::Render::IFeatureRenderer *renderer() const { return nullptr; }
      |                                                               ^
In file included from /Users/calebbuahin/Documents/Projects/cbuahin_github/openswmm.gui/src/swmmvis.cpp:136:
/Users/calebbuahin/Documents/Projects/cbuahin_github/openswmm.gui/include/layers/swmmresultslayer.h:417:10: warning: 'setRenderer' overrides a member function but is not marked 'override' [-Winconsistent-missing-override]
  417 |     void setRenderer(std::unique_ptr<OpenSWMM::Render::IFeatureRenderer> r);
      |          ^
/Users/calebbuahin/Documents/Projects/cbuahin_github/openswmm.gui/include/layers/openswmmvislayer.h:440:18: note: overridden virtual function is here
  440 |     virtual void setRenderer(std::unique_ptr<OpenSWMM::Render::IFeatureRenderer>);
      |                  ^
In file included from /Users/calebbuahin/Documents/Projects/cbuahin_github/openswmm.gui/src/swmmvis.cpp:194:
/Users/calebbuahin/Documents/Projects/cbuahin_github/openswmm.gui/include/layers/swmm2dresultslayer.h:544:55: warning: 'renderer' overrides a member function but is not marked 'override' [-Winconsistent-missing-override]
  544 |     [[nodiscard]] OpenSWMM::Render::IFeatureRenderer *renderer() const;
      |                                                       ^
/Users/calebbuahin/Documents/Projects/cbuahin_github/openswmm.gui/include/layers/openswmmvislayer.h:434:63: note: overridden virtual function is here
  434 |     [[nodiscard]] virtual OpenSWMM::Render::IFeatureRenderer *renderer() const { return nullptr; }
      |                                                               ^
In file included from /Users/calebbuahin/Documents/Projects/cbuahin_github/openswmm.gui/src/swmmvis.cpp:194:
/Users/calebbuahin/Documents/Projects/cbuahin_github/openswmm.gui/include/layers/swmm2dresultslayer.h:552:10: warning: 'setRenderer' overrides a member function but is not marked 'override' [-Winconsistent-missing-override]
  552 |     void setRenderer(std::unique_ptr<OpenSWMM::Render::IFeatureRenderer> r);
      |          ^
/Users/calebbuahin/Documents/Projects/cbuahin_github/openswmm.gui/include/layers/openswmmvislayer.h:440:18: note: overridden virtual function is here
  440 |     virtual void setRenderer(std::unique_ptr<OpenSWMM::Render::IFeatureRenderer>);
      |                  ^
8 warnings generated.
[78/375] Building CXX object tests/gui/CMakeFiles/test_registry_rename.dir/__/__/src/ui/dialogs/layerstyledialog.cpp.o
In file included from /Users/calebbuahin/Documents/Projects/cbuahin_github/openswmm.gui/src/ui/dialogs/layerstyledialog.cpp:24:
/Users/calebbuahin/Documents/Projects/cbuahin_github/openswmm.gui/include/layers/gisvectorlayer.h:270:55: warning: 'renderer' overrides a member function but is not marked 'override' [-Winconsistent-missing-override]
  270 |     [[nodiscard]] OpenSWMM::Render::IFeatureRenderer *renderer() const;
      |                                                       ^
/Users/calebbuahin/Documents/Projects/cbuahin_github/openswmm.gui/include/layers/openswmmvislayer.h:434:63: note: overridden virtual function is here
  434 |     [[nodiscard]] virtual OpenSWMM::Render::IFeatureRenderer *renderer() const { return nullptr; }
      |                                                               ^
In file included from /Users/calebbuahin/Documents/Projects/cbuahin_github/openswmm.gui/src/ui/dialogs/layerstyledialog.cpp:24:
/Users/calebbuahin/Documents/Projects/cbuahin_github/openswmm.gui/include/layers/gisvectorlayer.h:278:10: warning: 'setRenderer' overrides a member function but is not marked 'override' [-Winconsistent-missing-override]
  278 |     void setRenderer(std::unique_ptr<OpenSWMM::Render::IFeatureRenderer> r);
      |          ^
/Users/calebbuahin/Documents/Projects/cbuahin_github/openswmm.gui/include/layers/openswmmvislayer.h:440:18: note: overridden virtual function is here
  440 |     virtual void setRenderer(std::unique_ptr<OpenSWMM::Render::IFeatureRenderer>);
      |                  ^
In file included from /Users/calebbuahin/Documents/Projects/cbuahin_github/openswmm.gui/src/ui/dialogs/layerstyledialog.cpp:27:
/Users/calebbuahin/Documents/Projects/cbuahin_github/openswmm.gui/include/layers/swmmresultslayer.h:408:55: warning: 'renderer' overrides a member function but is not marked 'override' [-Winconsistent-missing-override]
  408 |     [[nodiscard]] OpenSWMM::Render::IFeatureRenderer *renderer() const;
      |                                                       ^
/Users/calebbuahin/Documents/Projects/cbuahin_github/openswmm.gui/include/layers/openswmmvislayer.h:434:63: note: overridden virtual function is here
  434 |     [[nodiscard]] virtual OpenSWMM::Render::IFeatureRenderer *renderer() const { return nullptr; }
      |                                                               ^
In file included from /Users/calebbuahin/Documents/Projects/cbuahin_github/openswmm.gui/src/ui/dialogs/layerstyledialog.cpp:27:
/Users/calebbuahin/Documents/Projects/cbuahin_github/openswmm.gui/include/layers/swmmresultslayer.h:417:10: warning: 'setRenderer' overrides a member function but is not marked 'override' [-Winconsistent-missing-override]
  417 |     void setRenderer(std::unique_ptr<OpenSWMM::Render::IFeatureRenderer> r);
      |          ^
/Users/calebbuahin/Documents/Projects/cbuahin_github/openswmm.gui/include/layers/openswmmvislayer.h:440:18: note: overridden virtual function is here
  440 |     virtual void setRenderer(std::unique_ptr<OpenSWMM::Render::IFeatureRenderer>);
      |                  ^
In file included from /Users/calebbuahin/Documents/Projects/cbuahin_github/openswmm.gui/src/ui/dialogs/layerstyledialog.cpp:28:
/Users/calebbuahin/Documents/Projects/cbuahin_github/openswmm.gui/include/layers/swmm2dresultslayer.h:544:55: warning: 'renderer' overrides a member function but is not marked 'override' [-Winconsistent-missing-override]
  544 |     [[nodiscard]] OpenSWMM::Render::IFeatureRenderer *renderer() const;
      |                                                       ^
/Users/calebbuahin/Documents/Projects/cbuahin_github/openswmm.gui/include/layers/openswmmvislayer.h:434:63: note: overridden virtual function is here
  434 |     [[nodiscard]] virtual OpenSWMM::Render::IFeatureRenderer *renderer() const { return nullptr; }
      |                                                               ^
In file included from /Users/calebbuahin/Documents/Projects/cbuahin_github/openswmm.gui/src/ui/dialogs/layerstyledialog.cpp:28:
/Users/calebbuahin/Documents/Projects/cbuahin_github/openswmm.gui/include/layers/swmm2dresultslayer.h:552:10: warning: 'setRenderer' overrides a member function but is not marked 'override' [-Winconsistent-missing-override]
  552 |     void setRenderer(std::unique_ptr<OpenSWMM::Render::IFeatureRenderer> r);
      |          ^
/Users/calebbuahin/Documents/Projects/cbuahin_github/openswmm.gui/include/layers/openswmmvislayer.h:440:18: note: overridden virtual function is here
  440 |     virtual void setRenderer(std::unique_ptr<OpenSWMM::Render::IFeatureRenderer>);
      |                  ^
6 warnings generated.
[79/375] Building CXX object tests/gui/CMakeFiles/test_registry_rename.dir/__/__/src/ui/dialogs/addbasemapdialog.cpp.o
In file included from /Users/calebbuahin/Documents/Projects/cbuahin_github/openswmm.gui/src/ui/dialogs/addbasemapdialog.cpp:26:
In file included from /Users/calebbuahin/Documents/Projects/cbuahin_github/openswmm.gui/include/layers/wfslayer.h:27:
/Users/calebbuahin/Documents/Projects/cbuahin_github/openswmm.gui/include/layers/gisvectorlayer.h:270:55: warning: 'renderer' overrides a member function but is not marked 'override' [-Winconsistent-missing-override]
  270 |     [[nodiscard]] OpenSWMM::Render::IFeatureRenderer *renderer() const;
      |                                                       ^
/Users/calebbuahin/Documents/Projects/cbuahin_github/openswmm.gui/include/layers/openswmmvislayer.h:434:63: note: overridden virtual function is here
  434 |     [[nodiscard]] virtual OpenSWMM::Render::IFeatureRenderer *renderer() const { return nullptr; }
      |                                                               ^
In file included from /Users/calebbuahin/Documents/Projects/cbuahin_github/openswmm.gui/src/ui/dialogs/addbasemapdialog.cpp:26:
In file included from /Users/calebbuahin/Documents/Projects/cbuahin_github/openswmm.gui/include/layers/wfslayer.h:27:
/Users/calebbuahin/Documents/Projects/cbuahin_github/openswmm.gui/include/layers/gisvectorlayer.h:278:10: warning: 'setRenderer' overrides a member function but is not marked 'override' [-Winconsistent-missing-override]
  278 |     void setRenderer(std::unique_ptr<OpenSWMM::Render::IFeatureRenderer> r);
      |          ^
/Users/calebbuahin/Documents/Projects/cbuahin_github/openswmm.gui/include/layers/openswmmvislayer.h:440:18: note: overridden virtual function is here
  440 |     virtual void setRenderer(std::unique_ptr<OpenSWMM::Render::IFeatureRenderer>);
      |                  ^
2 warnings generated.
[80/375] Building CXX object tests/gui/CMakeFiles/test_registry_rename.dir/__/__/src/ui/widgets/basemaphttpheaderswidget.cpp.o
[81/375] Building CXX object tests/gui/CMakeFiles/test_asyncload.dir/__/__/src/swmmvis.cpp.o
In file included from /Users/calebbuahin/Documents/Projects/cbuahin_github/openswmm.gui/src/swmmvis.cpp:76:
In file included from /Users/calebbuahin/Documents/Projects/cbuahin_github/openswmm.gui/include/ui/dialogs/sublayerselectiondialog.h:19:
/Users/calebbuahin/Documents/Projects/cbuahin_github/openswmm.gui/include/layers/gisvectorlayer.h:270:55: warning: 'renderer' overrides a member function but is not marked 'override' [-Winconsistent-missing-override]
  270 |     [[nodiscard]] OpenSWMM::Render::IFeatureRenderer *renderer() const;
      |                                                       ^
/Users/calebbuahin/Documents/Projects/cbuahin_github/openswmm.gui/include/layers/openswmmvislayer.h:434:63: note: overridden virtual function is here
  434 |     [[nodiscard]] virtual OpenSWMM::Render::IFeatureRenderer *renderer() const { return nullptr; }
      |                                                               ^
In file included from /Users/calebbuahin/Documents/Projects/cbuahin_github/openswmm.gui/src/swmmvis.cpp:76:
In file included from /Users/calebbuahin/Documents/Projects/cbuahin_github/openswmm.gui/include/ui/dialogs/sublayerselectiondialog.h:19:
/Users/calebbuahin/Documents/Projects/cbuahin_github/openswmm.gui/include/layers/gisvectorlayer.h:278:10: warning: 'setRenderer' overrides a member function but is not marked 'override' [-Winconsistent-missing-override]
  278 |     void setRenderer(std::unique_ptr<OpenSWMM::Render::IFeatureRenderer> r);
      |          ^
/Users/calebbuahin/Documents/Projects/cbuahin_github/openswmm.gui/include/layers/openswmmvislayer.h:440:18: note: overridden virtual function is here
  440 |     virtual void setRenderer(std::unique_ptr<OpenSWMM::Render::IFeatureRenderer>);
      |                  ^
In file included from /Users/calebbuahin/Documents/Projects/cbuahin_github/openswmm.gui/src/swmmvis.cpp:89:
/Users/calebbuahin/Documents/Projects/cbuahin_github/openswmm.gui/include/core/swmmdatetime.h:61:12: warning: 'QDateTime' is deprecated: Pass QTimeZone instead [-Wdeprecated-declarations]
   61 |     return QDateTime(date, QTime(h, mi, s), Qt::UTC);
      |            ^
/Users/calebbuahin/Qt/6.9.3/macos/lib/QtCore.framework/Headers/qdatetime.h:361:5: note: 'QDateTime' has been explicitly marked deprecated here
  361 |     QT_DEPRECATED_VERSION_X_6_9("Pass QTimeZone instead")
      |     ^
/Users/calebbuahin/Qt/6.9.3/macos/lib/QtCore.framework/Headers/qtdeprecationmarkers.h:213:44: note: expanded from macro 'QT_DEPRECATED_VERSION_X_6_9'
  213 | # define QT_DEPRECATED_VERSION_X_6_9(text) QT_DEPRECATED_X(text)
      |                                            ^
/Users/calebbuahin/Qt/6.9.3/macos/lib/QtCore.framework/Headers/qtdeprecationmarkers.h:29:33: note: expanded from macro 'QT_DEPRECATED_X'
   29 | #  define QT_DEPRECATED_X(text) Q_DECL_DEPRECATED_X(text)
      |                                 ^
/Users/calebbuahin/Qt/6.9.3/macos/lib/QtCore.framework/Headers/qcompilerdetection.h:1011:36: note: expanded from macro 'Q_DECL_DEPRECATED_X'
 1011 | #  define Q_DECL_DEPRECATED_X(x) [[deprecated(x)]]
      |                                    ^
In file included from /Users/calebbuahin/Documents/Projects/cbuahin_github/openswmm.gui/src/swmmvis.cpp:89:
/Users/calebbuahin/Documents/Projects/cbuahin_github/openswmm.gui/include/core/swmmdatetime.h:61:12: warning: 'QDateTime' is deprecated: Pass QTimeZone instead [-Wdeprecated-declarations]
   61 |     return QDateTime(date, QTime(h, mi, s), Qt::UTC);
      |            ^
/Users/calebbuahin/Qt/6.9.3/macos/lib/QtCore.framework/Headers/qdatetime.h:361:5: note: 'QDateTime' has been explicitly marked deprecated here
  361 |     QT_DEPRECATED_VERSION_X_6_9("Pass QTimeZone instead")
      |     ^
/Users/calebbuahin/Qt/6.9.3/macos/lib/QtCore.framework/Headers/qtdeprecationmarkers.h:213:44: note: expanded from macro 'QT_DEPRECATED_VERSION_X_6_9'
  213 | # define QT_DEPRECATED_VERSION_X_6_9(text) QT_DEPRECATED_X(text)
      |                                            ^
/Users/calebbuahin/Qt/6.9.3/macos/lib/QtCore.framework/Headers/qtdeprecationmarkers.h:29:33: note: expanded from macro 'QT_DEPRECATED_X'
   29 | #  define QT_DEPRECATED_X(text) Q_DECL_DEPRECATED_X(text)
      |                                 ^
/Users/calebbuahin/Qt/6.9.3/macos/lib/QtCore.framework/Headers/qcompilerdetection.h:1011:36: note: expanded from macro 'Q_DECL_DEPRECATED_X'
 1011 | #  define Q_DECL_DEPRECATED_X(x) [[deprecated(x)]]
      |                                    ^
In file included from /Users/calebbuahin/Documents/Projects/cbuahin_github/openswmm.gui/src/swmmvis.cpp:136:
/Users/calebbuahin/Documents/Projects/cbuahin_github/openswmm.gui/include/layers/swmmresultslayer.h:408:55: warning: 'renderer' overrides a member function but is not marked 'override' [-Winconsistent-missing-override]
  408 |     [[nodiscard]] OpenSWMM::Render::IFeatureRenderer *renderer() const;
      |                                                       ^
/Users/calebbuahin/Documents/Projects/cbuahin_github/openswmm.gui/include/layers/openswmmvislayer.h:434:63: note: overridden virtual function is here
  434 |     [[nodiscard]] virtual OpenSWMM::Render::IFeatureRenderer *renderer() const { return nullptr; }
      |                                                               ^
In file included from /Users/calebbuahin/Documents/Projects/cbuahin_github/openswmm.gui/src/swmmvis.cpp:136:
/Users/calebbuahin/Documents/Projects/cbuahin_github/openswmm.gui/include/layers/swmmresultslayer.h:417:10: warning: 'setRenderer' overrides a member function but is not marked 'override' [-Winconsistent-missing-override]
  417 |     void setRenderer(std::unique_ptr<OpenSWMM::Render::IFeatureRenderer> r);
      |          ^
/Users/calebbuahin/Documents/Projects/cbuahin_github/openswmm.gui/include/layers/openswmmvislayer.h:440:18: note: overridden virtual function is here
  440 |     virtual void setRenderer(std::unique_ptr<OpenSWMM::Render::IFeatureRenderer>);
      |                  ^
In file included from /Users/calebbuahin/Documents/Projects/cbuahin_github/openswmm.gui/src/swmmvis.cpp:194:
/Users/calebbuahin/Documents/Projects/cbuahin_github/openswmm.gui/include/layers/swmm2dresultslayer.h:544:55: warning: 'renderer' overrides a member function but is not marked 'override' [-Winconsistent-missing-override]
  544 |     [[nodiscard]] OpenSWMM::Render::IFeatureRenderer *renderer() const;
      |                                                       ^
/Users/calebbuahin/Documents/Projects/cbuahin_github/openswmm.gui/include/layers/openswmmvislayer.h:434:63: note: overridden virtual function is here
  434 |     [[nodiscard]] virtual OpenSWMM::Render::IFeatureRenderer *renderer() const { return nullptr; }
      |                                                               ^
In file included from /Users/calebbuahin/Documents/Projects/cbuahin_github/openswmm.gui/src/swmmvis.cpp:194:
/Users/calebbuahin/Documents/Projects/cbuahin_github/openswmm.gui/include/layers/swmm2dresultslayer.h:552:10: warning: 'setRenderer' overrides a member function but is not marked 'override' [-Winconsistent-missing-override]
  552 |     void setRenderer(std::unique_ptr<OpenSWMM::Render::IFeatureRenderer> r);
      |          ^
/Users/calebbuahin/Documents/Projects/cbuahin_github/openswmm.gui/include/layers/openswmmvislayer.h:440:18: note: overridden virtual function is here
  440 |     virtual void setRenderer(std::unique_ptr<OpenSWMM::Render::IFeatureRenderer>);
      |                  ^
8 warnings generated.
[82/375] Building CXX object tests/gui/CMakeFiles/test_dirtytracking_run.dir/__/__/src/connections/basemapconnectionstore.cpp.o
[83/375] Building CXX object tests/gui/CMakeFiles/test_dirtytracking_run.dir/__/__/src/layers/xyztilelayer.cpp.o
[84/375] Building CXX object tests/gui/CMakeFiles/test_dirtytracking_run.dir/__/__/src/map/mapcanvas.cpp.o
In file included from /Users/calebbuahin/Documents/Projects/cbuahin_github/openswmm.gui/src/map/mapcanvas.cpp:20:
/Users/calebbuahin/Documents/Projects/cbuahin_github/openswmm.gui/include/layers/gisvectorlayer.h:270:55: warning: 'renderer' overrides a member function but is not marked 'override' [-Winconsistent-missing-override]
  270 |     [[nodiscard]] OpenSWMM::Render::IFeatureRenderer *renderer() const;
      |                                                       ^
/Users/calebbuahin/Documents/Projects/cbuahin_github/openswmm.gui/include/layers/openswmmvislayer.h:434:63: note: overridden virtual function is here
  434 |     [[nodiscard]] virtual OpenSWMM::Render::IFeatureRenderer *renderer() const { return nullptr; }
      |                                                               ^
In file included from /Users/calebbuahin/Documents/Projects/cbuahin_github/openswmm.gui/src/map/mapcanvas.cpp:20:
/Users/calebbuahin/Documents/Projects/cbuahin_github/openswmm.gui/include/layers/gisvectorlayer.h:278:10: warning: 'setRenderer' overrides a member function but is not marked 'override' [-Winconsistent-missing-override]
  278 |     void setRenderer(std::unique_ptr<OpenSWMM::Render::IFeatureRenderer> r);
      |          ^
/Users/calebbuahin/Documents/Projects/cbuahin_github/openswmm.gui/include/layers/openswmmvislayer.h:440:18: note: overridden virtual function is here
  440 |     virtual void setRenderer(std::unique_ptr<OpenSWMM::Render::IFeatureRenderer>);
      |                  ^
In file included from /Users/calebbuahin/Documents/Projects/cbuahin_github/openswmm.gui/src/map/mapcanvas.cpp:31:
/Users/calebbuahin/Documents/Projects/cbuahin_github/openswmm.gui/include/layers/swmm2dresultslayer.h:544:55: warning: 'renderer' overrides a member function but is not marked 'override' [-Winconsistent-missing-override]
  544 |     [[nodiscard]] OpenSWMM::Render::IFeatureRenderer *renderer() const;
      |                                                       ^
/Users/calebbuahin/Documents/Projects/cbuahin_github/openswmm.gui/include/layers/openswmmvislayer.h:434:63: note: overridden virtual function is here
  434 |     [[nodiscard]] virtual OpenSWMM::Render::IFeatureRenderer *renderer() const { return nullptr; }
      |                                                               ^
In file included from /Users/calebbuahin/Documents/Projects/cbuahin_github/openswmm.gui/src/map/mapcanvas.cpp:31:
/Users/calebbuahin/Documents/Projects/cbuahin_github/openswmm.gui/include/layers/swmm2dresultslayer.h:552:10: warning: 'setRenderer' overrides a member function but is not marked 'override' [-Winconsistent-missing-override]
  552 |     void setRenderer(std::unique_ptr<OpenSWMM::Render::IFeatureRenderer> r);
      |          ^
/Users/calebbuahin/Documents/Projects/cbuahin_github/openswmm.gui/include/layers/openswmmvislayer.h:440:18: note: overridden virtual function is here
  440 |     virtual void setRenderer(std::unique_ptr<OpenSWMM::Render::IFeatureRenderer>);
      |                  ^
4 warnings generated.
[85/375] Building CXX object tests/gui/CMakeFiles/test_dirtytracking_run.dir/__/__/src/project/projectserializer.cpp.o
In file included from /Users/calebbuahin/Documents/Projects/cbuahin_github/openswmm.gui/src/project/projectserializer.cpp:12:
/Users/calebbuahin/Documents/Projects/cbuahin_github/openswmm.gui/include/layers/gisvectorlayer.h:270:55: warning: 'renderer' overrides a member function but is not marked 'override' [-Winconsistent-missing-override]
  270 |     [[nodiscard]] OpenSWMM::Render::IFeatureRenderer *renderer() const;
      |                                                       ^
/Users/calebbuahin/Documents/Projects/cbuahin_github/openswmm.gui/include/layers/openswmmvislayer.h:434:63: note: overridden virtual function is here
  434 |     [[nodiscard]] virtual OpenSWMM::Render::IFeatureRenderer *renderer() const { return nullptr; }
      |                                                               ^
In file included from /Users/calebbuahin/Documents/Projects/cbuahin_github/openswmm.gui/src/project/projectserializer.cpp:12:
/Users/calebbuahin/Documents/Projects/cbuahin_github/openswmm.gui/include/layers/gisvectorlayer.h:278:10: warning: 'setRenderer' overrides a member function but is not marked 'override' [-Winconsistent-missing-override]
  278 |     void setRenderer(std::unique_ptr<OpenSWMM::Render::IFeatureRenderer> r);
      |          ^
/Users/calebbuahin/Documents/Projects/cbuahin_github/openswmm.gui/include/layers/openswmmvislayer.h:440:18: note: overridden virtual function is here
  440 |     virtual void setRenderer(std::unique_ptr<OpenSWMM::Render::IFeatureRenderer>);
      |                  ^
In file included from /Users/calebbuahin/Documents/Projects/cbuahin_github/openswmm.gui/src/project/projectserializer.cpp:15:
/Users/calebbuahin/Documents/Projects/cbuahin_github/openswmm.gui/include/layers/swmm2dresultslayer.h:544:55: warning: 'renderer' overrides a member function but is not marked 'override' [-Winconsistent-missing-override]
  544 |     [[nodiscard]] OpenSWMM::Render::IFeatureRenderer *renderer() const;
      |                                                       ^
/Users/calebbuahin/Documents/Projects/cbuahin_github/openswmm.gui/include/layers/openswmmvislayer.h:434:63: note: overridden virtual function is here
  434 |     [[nodiscard]] virtual OpenSWMM::Render::IFeatureRenderer *renderer() const { return nullptr; }
      |                                                               ^
In file included from /Users/calebbuahin/Documents/Projects/cbuahin_github/openswmm.gui/src/project/projectserializer.cpp:15:
/Users/calebbuahin/Documents/Projects/cbuahin_github/openswmm.gui/include/layers/swmm2dresultslayer.h:552:10: warning: 'setRenderer' overrides a member function but is not marked 'override' [-Winconsistent-missing-override]
  552 |     void setRenderer(std::unique_ptr<OpenSWMM::Render::IFeatureRenderer> r);
      |          ^
/Users/calebbuahin/Documents/Projects/cbuahin_github/openswmm.gui/include/layers/openswmmvislayer.h:440:18: note: overridden virtual function is here
  440 |     virtual void setRenderer(std::unique_ptr<OpenSWMM::Render::IFeatureRenderer>);
      |                  ^
In file included from /Users/calebbuahin/Documents/Projects/cbuahin_github/openswmm.gui/src/project/projectserializer.cpp:17:
/Users/calebbuahin/Documents/Projects/cbuahin_github/openswmm.gui/include/layers/swmmresultslayer.h:408:55: warning: 'renderer' overrides a member function but is not marked 'override' [-Winconsistent-missing-override]
  408 |     [[nodiscard]] OpenSWMM::Render::IFeatureRenderer *renderer() const;
      |                                                       ^
/Users/calebbuahin/Documents/Projects/cbuahin_github/openswmm.gui/include/layers/openswmmvislayer.h:434:63: note: overridden virtual function is here
  434 |     [[nodiscard]] virtual OpenSWMM::Render::IFeatureRenderer *renderer() const { return nullptr; }
      |                                                               ^
In file included from /Users/calebbuahin/Documents/Projects/cbuahin_github/openswmm.gui/src/project/projectserializer.cpp:17:
/Users/calebbuahin/Documents/Projects/cbuahin_github/openswmm.gui/include/layers/swmmresultslayer.h:417:10: warning: 'setRenderer' overrides a member function but is not marked 'override' [-Winconsistent-missing-override]
  417 |     void setRenderer(std::unique_ptr<OpenSWMM::Render::IFeatureRenderer> r);
      |          ^
/Users/calebbuahin/Documents/Projects/cbuahin_github/openswmm.gui/include/layers/openswmmvislayer.h:440:18: note: overridden virtual function is here
  440 |     virtual void setRenderer(std::unique_ptr<OpenSWMM::Render::IFeatureRenderer>);
      |                  ^
6 warnings generated.
[86/375] Building CXX object tests/gui/CMakeFiles/test_dirtytracking_run.dir/__/__/src/ui/dialogs/layerstyledialog.cpp.o
In file included from /Users/calebbuahin/Documents/Projects/cbuahin_github/openswmm.gui/src/ui/dialogs/layerstyledialog.cpp:24:
/Users/calebbuahin/Documents/Projects/cbuahin_github/openswmm.gui/include/layers/gisvectorlayer.h:270:55: warning: 'renderer' overrides a member function but is not marked 'override' [-Winconsistent-missing-override]
  270 |     [[nodiscard]] OpenSWMM::Render::IFeatureRenderer *renderer() const;
      |                                                       ^
/Users/calebbuahin/Documents/Projects/cbuahin_github/openswmm.gui/include/layers/openswmmvislayer.h:434:63: note: overridden virtual function is here
  434 |     [[nodiscard]] virtual OpenSWMM::Render::IFeatureRenderer *renderer() const { return nullptr; }
      |                                                               ^
In file included from /Users/calebbuahin/Documents/Projects/cbuahin_github/openswmm.gui/src/ui/dialogs/layerstyledialog.cpp:24:
/Users/calebbuahin/Documents/Projects/cbuahin_github/openswmm.gui/include/layers/gisvectorlayer.h:278:10: warning: 'setRenderer' overrides a member function but is not marked 'override' [-Winconsistent-missing-override]
  278 |     void setRenderer(std::unique_ptr<OpenSWMM::Render::IFeatureRenderer> r);
      |          ^
/Users/calebbuahin/Documents/Projects/cbuahin_github/openswmm.gui/include/layers/openswmmvislayer.h:440:18: note: overridden virtual function is here
  440 |     virtual void setRenderer(std::unique_ptr<OpenSWMM::Render::IFeatureRenderer>);
      |                  ^
In file included from /Users/calebbuahin/Documents/Projects/cbuahin_github/openswmm.gui/src/ui/dialogs/layerstyledialog.cpp:27:
/Users/calebbuahin/Documents/Projects/cbuahin_github/openswmm.gui/include/layers/swmmresultslayer.h:408:55: warning: 'renderer' overrides a member function but is not marked 'override' [-Winconsistent-missing-override]
  408 |     [[nodiscard]] OpenSWMM::Render::IFeatureRenderer *renderer() const;
      |                                                       ^
/Users/calebbuahin/Documents/Projects/cbuahin_github/openswmm.gui/include/layers/openswmmvislayer.h:434:63: note: overridden virtual function is here
  434 |     [[nodiscard]] virtual OpenSWMM::Render::IFeatureRenderer *renderer() const { return nullptr; }
      |                                                               ^
In file included from /Users/calebbuahin/Documents/Projects/cbuahin_github/openswmm.gui/src/ui/dialogs/layerstyledialog.cpp:27:
/Users/calebbuahin/Documents/Projects/cbuahin_github/openswmm.gui/include/layers/swmmresultslayer.h:417:10: warning: 'setRenderer' overrides a member function but is not marked 'override' [-Winconsistent-missing-override]
  417 |     void setRenderer(std::unique_ptr<OpenSWMM::Render::IFeatureRenderer> r);
      |          ^
/Users/calebbuahin/Documents/Projects/cbuahin_github/openswmm.gui/include/layers/openswmmvislayer.h:440:18: note: overridden virtual function is here
  440 |     virtual void setRenderer(std::unique_ptr<OpenSWMM::Render::IFeatureRenderer>);
      |                  ^
In file included from /Users/calebbuahin/Documents/Projects/cbuahin_github/openswmm.gui/src/ui/dialogs/layerstyledialog.cpp:28:
/Users/calebbuahin/Documents/Projects/cbuahin_github/openswmm.gui/include/layers/swmm2dresultslayer.h:544:55: warning: 'renderer' overrides a member function but is not marked 'override' [-Winconsistent-missing-override]
  544 |     [[nodiscard]] OpenSWMM::Render::IFeatureRenderer *renderer() const;
      |                                                       ^
/Users/calebbuahin/Documents/Projects/cbuahin_github/openswmm.gui/include/layers/openswmmvislayer.h:434:63: note: overridden virtual function is here
  434 |     [[nodiscard]] virtual OpenSWMM::Render::IFeatureRenderer *renderer() const { return nullptr; }
      |                                                               ^
In file included from /Users/calebbuahin/Documents/Projects/cbuahin_github/openswmm.gui/src/ui/dialogs/layerstyledialog.cpp:28:
/Users/calebbuahin/Documents/Projects/cbuahin_github/openswmm.gui/include/layers/swmm2dresultslayer.h:552:10: warning: 'setRenderer' overrides a member function but is not marked 'override' [-Winconsistent-missing-override]
  552 |     void setRenderer(std::unique_ptr<OpenSWMM::Render::IFeatureRenderer> r);
      |          ^
/Users/calebbuahin/Documents/Projects/cbuahin_github/openswmm.gui/include/layers/openswmmvislayer.h:440:18: note: overridden virtual function is here
  440 |     virtual void setRenderer(std::unique_ptr<OpenSWMM::Render::IFeatureRenderer>);
      |                  ^
6 warnings generated.
[87/375] Building CXX object tests/gui/CMakeFiles/test_dirtytracking_run.dir/__/__/src/ui/dialogs/addbasemapdialog.cpp.o
In file included from /Users/calebbuahin/Documents/Projects/cbuahin_github/openswmm.gui/src/ui/dialogs/addbasemapdialog.cpp:26:
In file included from /Users/calebbuahin/Documents/Projects/cbuahin_github/openswmm.gui/include/layers/wfslayer.h:27:
/Users/calebbuahin/Documents/Projects/cbuahin_github/openswmm.gui/include/layers/gisvectorlayer.h:270:55: warning: 'renderer' overrides a member function but is not marked 'override' [-Winconsistent-missing-override]
  270 |     [[nodiscard]] OpenSWMM::Render::IFeatureRenderer *renderer() const;
      |                                                       ^
/Users/calebbuahin/Documents/Projects/cbuahin_github/openswmm.gui/include/layers/openswmmvislayer.h:434:63: note: overridden virtual function is here
  434 |     [[nodiscard]] virtual OpenSWMM::Render::IFeatureRenderer *renderer() const { return nullptr; }
      |                                                               ^
In file included from /Users/calebbuahin/Documents/Projects/cbuahin_github/openswmm.gui/src/ui/dialogs/addbasemapdialog.cpp:26:
In file included from /Users/calebbuahin/Documents/Projects/cbuahin_github/openswmm.gui/include/layers/wfslayer.h:27:
/Users/calebbuahin/Documents/Projects/cbuahin_github/openswmm.gui/include/layers/gisvectorlayer.h:278:10: warning: 'setRenderer' overrides a member function but is not marked 'override' [-Winconsistent-missing-override]
  278 |     void setRenderer(std::unique_ptr<OpenSWMM::Render::IFeatureRenderer> r);
      |          ^
/Users/calebbuahin/Documents/Projects/cbuahin_github/openswmm.gui/include/layers/openswmmvislayer.h:440:18: note: overridden virtual function is here
  440 |     virtual void setRenderer(std::unique_ptr<OpenSWMM::Render::IFeatureRenderer>);
      |                  ^
2 warnings generated.
[88/375] Building CXX object tests/gui/CMakeFiles/test_dirtytracking_run.dir/__/__/src/ui/widgets/basemaphttpheaderswidget.cpp.o
[89/375] Building CXX object tests/gui/CMakeFiles/test_typedselection.dir/test_typedselection_autogen/mocs_compilation.cpp.o
In file included from /Users/calebbuahin/Documents/Projects/cbuahin_github/openswmm.gui/build/tests/gui/test_typedselection_autogen/mocs_compilation.cpp:2:
In file included from /Users/calebbuahin/Documents/Projects/cbuahin_github/openswmm.gui/build/tests/gui/test_typedselection_autogen/MAYCBHTXLP/moc_animationcontroller.cpp:9:
In file included from /Users/calebbuahin/Documents/Projects/cbuahin_github/openswmm.gui/build/tests/gui/test_typedselection_autogen/MAYCBHTXLP/../../../../../include/animation/animationcontroller.h:33:
/Users/calebbuahin/Documents/Projects/cbuahin_github/openswmm.gui/include/layers/swmm2dresultslayer.h:544:55: warning: 'renderer' overrides a member function but is not marked 'override' [-Winconsistent-missing-override]
  544 |     [[nodiscard]] OpenSWMM::Render::IFeatureRenderer *renderer() const;
      |                                                       ^
/Users/calebbuahin/Documents/Projects/cbuahin_github/openswmm.gui/include/layers/openswmmvislayer.h:434:63: note: overridden virtual function is here
  434 |     [[nodiscard]] virtual OpenSWMM::Render::IFeatureRenderer *renderer() const { return nullptr; }
      |                                                               ^
In file included from /Users/calebbuahin/Documents/Projects/cbuahin_github/openswmm.gui/build/tests/gui/test_typedselection_autogen/mocs_compilation.cpp:2:
In file included from /Users/calebbuahin/Documents/Projects/cbuahin_github/openswmm.gui/build/tests/gui/test_typedselection_autogen/MAYCBHTXLP/moc_animationcontroller.cpp:9:
In file included from /Users/calebbuahin/Documents/Projects/cbuahin_github/openswmm.gui/build/tests/gui/test_typedselection_autogen/MAYCBHTXLP/../../../../../include/animation/animationcontroller.h:33:
/Users/calebbuahin/Documents/Projects/cbuahin_github/openswmm.gui/include/layers/swmm2dresultslayer.h:552:10: warning: 'setRenderer' overrides a member function but is not marked 'override' [-Winconsistent-missing-override]
  552 |     void setRenderer(std::unique_ptr<OpenSWMM::Render::IFeatureRenderer> r);
      |          ^
/Users/calebbuahin/Documents/Projects/cbuahin_github/openswmm.gui/include/layers/openswmmvislayer.h:440:18: note: overridden virtual function is here
  440 |     virtual void setRenderer(std::unique_ptr<OpenSWMM::Render::IFeatureRenderer>);
      |                  ^
In file included from /Users/calebbuahin/Documents/Projects/cbuahin_github/openswmm.gui/build/tests/gui/test_typedselection_autogen/mocs_compilation.cpp:28:
In file included from /Users/calebbuahin/Documents/Projects/cbuahin_github/openswmm.gui/build/tests/gui/test_typedselection_autogen/COIIM6MLNP/moc_gisvectorlayer.cpp:9:
/Users/calebbuahin/Documents/Projects/cbuahin_github/openswmm.gui/build/tests/gui/test_typedselection_autogen/COIIM6MLNP/../../../../../include/layers/gisvectorlayer.h:270:55: warning: 'renderer' overrides a member function but is not marked 'override' [-Winconsistent-missing-override]
  270 |     [[nodiscard]] OpenSWMM::Render::IFeatureRenderer *renderer() const;
      |                                                       ^
/Users/calebbuahin/Documents/Projects/cbuahin_github/openswmm.gui/include/layers/openswmmvislayer.h:434:63: note: overridden virtual function is here
  434 |     [[nodiscard]] virtual OpenSWMM::Render::IFeatureRenderer *renderer() const { return nullptr; }
      |                                                               ^
In file included from /Users/calebbuahin/Documents/Projects/cbuahin_github/openswmm.gui/build/tests/gui/test_typedselection_autogen/mocs_compilation.cpp:28:
In file included from /Users/calebbuahin/Documents/Projects/cbuahin_github/openswmm.gui/build/tests/gui/test_typedselection_autogen/COIIM6MLNP/moc_gisvectorlayer.cpp:9:
/Users/calebbuahin/Documents/Projects/cbuahin_github/openswmm.gui/build/tests/gui/test_typedselection_autogen/COIIM6MLNP/../../../../../include/layers/gisvectorlayer.h:278:10: warning: 'setRenderer' overrides a member function but is not marked 'override' [-Winconsistent-missing-override]
  278 |     void setRenderer(std::unique_ptr<OpenSWMM::Render::IFeatureRenderer> r);
      |          ^
/Users/calebbuahin/Documents/Projects/cbuahin_github/openswmm.gui/include/layers/openswmmvislayer.h:440:18: note: overridden virtual function is here
  440 |     virtual void setRenderer(std::unique_ptr<OpenSWMM::Render::IFeatureRenderer>);
      |                  ^
In file included from /Users/calebbuahin/Documents/Projects/cbuahin_github/openswmm.gui/build/tests/gui/test_typedselection_autogen/mocs_compilation.cpp:36:
In file included from /Users/calebbuahin/Documents/Projects/cbuahin_github/openswmm.gui/build/tests/gui/test_typedselection_autogen/COIIM6MLNP/moc_swmmresultslayer.cpp:9:
/Users/calebbuahin/Documents/Projects/cbuahin_github/openswmm.gui/build/tests/gui/test_typedselection_autogen/COIIM6MLNP/../../../../../include/layers/swmmresultslayer.h:408:55: warning: 'renderer' overrides a member function but is not marked 'override' [-Winconsistent-missing-override]
  408 |     [[nodiscard]] OpenSWMM::Render::IFeatureRenderer *renderer() const;
      |                                                       ^
/Users/calebbuahin/Documents/Projects/cbuahin_github/openswmm.gui/include/layers/openswmmvislayer.h:434:63: note: overridden virtual function is here
  434 |     [[nodiscard]] virtual OpenSWMM::Render::IFeatureRenderer *renderer() const { return nullptr; }
      |                                                               ^
In file included from /Users/calebbuahin/Documents/Projects/cbuahin_github/openswmm.gui/build/tests/gui/test_typedselection_autogen/mocs_compilation.cpp:36:
In file included from /Users/calebbuahin/Documents/Projects/cbuahin_github/openswmm.gui/build/tests/gui/test_typedselection_autogen/COIIM6MLNP/moc_swmmresultslayer.cpp:9:
/Users/calebbuahin/Documents/Projects/cbuahin_github/openswmm.gui/build/tests/gui/test_typedselection_autogen/COIIM6MLNP/../../../../../include/layers/swmmresultslayer.h:417:10: warning: 'setRenderer' overrides a member function but is not marked 'override' [-Winconsistent-missing-override]
  417 |     void setRenderer(std::unique_ptr<OpenSWMM::Render::IFeatureRenderer> r);
      |          ^
/Users/calebbuahin/Documents/Projects/cbuahin_github/openswmm.gui/include/layers/openswmmvislayer.h:440:18: note: overridden virtual function is here
  440 |     virtual void setRenderer(std::unique_ptr<OpenSWMM::Render::IFeatureRenderer>);
      |                  ^
6 warnings generated.
[90/375] Building CXX object tests/gui/CMakeFiles/test_objectbrowser_tree_refresh.dir/test_objectbrowser_tree_refresh_autogen/mocs_compilation.cpp.o
In file included from /Users/calebbuahin/Documents/Projects/cbuahin_github/openswmm.gui/build/tests/gui/test_objectbrowser_tree_refresh_autogen/mocs_compilation.cpp:2:
In file included from /Users/calebbuahin/Documents/Projects/cbuahin_github/openswmm.gui/build/tests/gui/test_objectbrowser_tree_refresh_autogen/MAYCBHTXLP/moc_animationcontroller.cpp:9:
In file included from /Users/calebbuahin/Documents/Projects/cbuahin_github/openswmm.gui/build/tests/gui/test_objectbrowser_tree_refresh_autogen/MAYCBHTXLP/../../../../../include/animation/animationcontroller.h:33:
/Users/calebbuahin/Documents/Projects/cbuahin_github/openswmm.gui/include/layers/swmm2dresultslayer.h:544:55: warning: 'renderer' overrides a member function but is not marked 'override' [-Winconsistent-missing-override]
  544 |     [[nodiscard]] OpenSWMM::Render::IFeatureRenderer *renderer() const;
      |                                                       ^
/Users/calebbuahin/Documents/Projects/cbuahin_github/openswmm.gui/include/layers/openswmmvislayer.h:434:63: note: overridden virtual function is here
  434 |     [[nodiscard]] virtual OpenSWMM::Render::IFeatureRenderer *renderer() const { return nullptr; }
      |                                                               ^
In file included from /Users/calebbuahin/Documents/Projects/cbuahin_github/openswmm.gui/build/tests/gui/test_objectbrowser_tree_refresh_autogen/mocs_compilation.cpp:2:
In file included from /Users/calebbuahin/Documents/Projects/cbuahin_github/openswmm.gui/build/tests/gui/test_objectbrowser_tree_refresh_autogen/MAYCBHTXLP/moc_animationcontroller.cpp:9:
In file included from /Users/calebbuahin/Documents/Projects/cbuahin_github/openswmm.gui/build/tests/gui/test_objectbrowser_tree_refresh_autogen/MAYCBHTXLP/../../../../../include/animation/animationcontroller.h:33:
/Users/calebbuahin/Documents/Projects/cbuahin_github/openswmm.gui/include/layers/swmm2dresultslayer.h:552:10: warning: 'setRenderer' overrides a member function but is not marked 'override' [-Winconsistent-missing-override]
  552 |     void setRenderer(std::unique_ptr<OpenSWMM::Render::IFeatureRenderer> r);
      |          ^
/Users/calebbuahin/Documents/Projects/cbuahin_github/openswmm.gui/include/layers/openswmmvislayer.h:440:18: note: overridden virtual function is here
  440 |     virtual void setRenderer(std::unique_ptr<OpenSWMM::Render::IFeatureRenderer>);
      |                  ^
In file included from /Users/calebbuahin/Documents/Projects/cbuahin_github/openswmm.gui/build/tests/gui/test_objectbrowser_tree_refresh_autogen/mocs_compilation.cpp:28:
In file included from /Users/calebbuahin/Documents/Projects/cbuahin_github/openswmm.gui/build/tests/gui/test_objectbrowser_tree_refresh_autogen/COIIM6MLNP/moc_gisvectorlayer.cpp:9:
/Users/calebbuahin/Documents/Projects/cbuahin_github/openswmm.gui/build/tests/gui/test_objectbrowser_tree_refresh_autogen/COIIM6MLNP/../../../../../include/layers/gisvectorlayer.h:270:55: warning: 'renderer' overrides a member function but is not marked 'override' [-Winconsistent-missing-override]
  270 |     [[nodiscard]] OpenSWMM::Render::IFeatureRenderer *renderer() const;
      |                                                       ^
/Users/calebbuahin/Documents/Projects/cbuahin_github/openswmm.gui/include/layers/openswmmvislayer.h:434:63: note: overridden virtual function is here
  434 |     [[nodiscard]] virtual OpenSWMM::Render::IFeatureRenderer *renderer() const { return nullptr; }
      |                                                               ^
In file included from /Users/calebbuahin/Documents/Projects/cbuahin_github/openswmm.gui/build/tests/gui/test_objectbrowser_tree_refresh_autogen/mocs_compilation.cpp:28:
In file included from /Users/calebbuahin/Documents/Projects/cbuahin_github/openswmm.gui/build/tests/gui/test_objectbrowser_tree_refresh_autogen/COIIM6MLNP/moc_gisvectorlayer.cpp:9:
/Users/calebbuahin/Documents/Projects/cbuahin_github/openswmm.gui/build/tests/gui/test_objectbrowser_tree_refresh_autogen/COIIM6MLNP/../../../../../include/layers/gisvectorlayer.h:278:10: warning: 'setRenderer' overrides a member function but is not marked 'override' [-Winconsistent-missing-override]
  278 |     void setRenderer(std::unique_ptr<OpenSWMM::Render::IFeatureRenderer> r);
      |          ^
/Users/calebbuahin/Documents/Projects/cbuahin_github/openswmm.gui/include/layers/openswmmvislayer.h:440:18: note: overridden virtual function is here
  440 |     virtual void setRenderer(std::unique_ptr<OpenSWMM::Render::IFeatureRenderer>);
      |                  ^
In file included from /Users/calebbuahin/Documents/Projects/cbuahin_github/openswmm.gui/build/tests/gui/test_objectbrowser_tree_refresh_autogen/mocs_compilation.cpp:36:
In file included from /Users/calebbuahin/Documents/Projects/cbuahin_github/openswmm.gui/build/tests/gui/test_objectbrowser_tree_refresh_autogen/COIIM6MLNP/moc_swmmresultslayer.cpp:9:
/Users/calebbuahin/Documents/Projects/cbuahin_github/openswmm.gui/build/tests/gui/test_objectbrowser_tree_refresh_autogen/COIIM6MLNP/../../../../../include/layers/swmmresultslayer.h:408:55: warning: 'renderer' overrides a member function but is not marked 'override' [-Winconsistent-missing-override]
  408 |     [[nodiscard]] OpenSWMM::Render::IFeatureRenderer *renderer() const;
      |                                                       ^
/Users/calebbuahin/Documents/Projects/cbuahin_github/openswmm.gui/include/layers/openswmmvislayer.h:434:63: note: overridden virtual function is here
  434 |     [[nodiscard]] virtual OpenSWMM::Render::IFeatureRenderer *renderer() const { return nullptr; }
      |                                                               ^
In file included from /Users/calebbuahin/Documents/Projects/cbuahin_github/openswmm.gui/build/tests/gui/test_objectbrowser_tree_refresh_autogen/mocs_compilation.cpp:36:
In file included from /Users/calebbuahin/Documents/Projects/cbuahin_github/openswmm.gui/build/tests/gui/test_objectbrowser_tree_refresh_autogen/COIIM6MLNP/moc_swmmresultslayer.cpp:9:
/Users/calebbuahin/Documents/Projects/cbuahin_github/openswmm.gui/build/tests/gui/test_objectbrowser_tree_refresh_autogen/COIIM6MLNP/../../../../../include/layers/swmmresultslayer.h:417:10: warning: 'setRenderer' overrides a member function but is not marked 'override' [-Winconsistent-missing-override]
  417 |     void setRenderer(std::unique_ptr<OpenSWMM::Render::IFeatureRenderer> r);
      |          ^
/Users/calebbuahin/Documents/Projects/cbuahin_github/openswmm.gui/include/layers/openswmmvislayer.h:440:18: note: overridden virtual function is here
  440 |     virtual void setRenderer(std::unique_ptr<OpenSWMM::Render::IFeatureRenderer>);
      |                  ^
6 warnings generated.
[91/375] Building CXX object tests/gui/CMakeFiles/test_meshsavedirty.dir/__/__/src/connections/basemapconnectionstore.cpp.o
[92/375] Building CXX object tests/gui/CMakeFiles/test_meshsavedirty.dir/__/__/src/layers/xyztilelayer.cpp.o
[93/375] Building CXX object tests/gui/CMakeFiles/test_meshsavedirty.dir/__/__/src/map/mapcanvas.cpp.o
In file included from /Users/calebbuahin/Documents/Projects/cbuahin_github/openswmm.gui/src/map/mapcanvas.cpp:20:
/Users/calebbuahin/Documents/Projects/cbuahin_github/openswmm.gui/include/layers/gisvectorlayer.h:270:55: warning: 'renderer' overrides a member function but is not marked 'override' [-Winconsistent-missing-override]
  270 |     [[nodiscard]] OpenSWMM::Render::IFeatureRenderer *renderer() const;
      |                                                       ^
/Users/calebbuahin/Documents/Projects/cbuahin_github/openswmm.gui/include/layers/openswmmvislayer.h:434:63: note: overridden virtual function is here
  434 |     [[nodiscard]] virtual OpenSWMM::Render::IFeatureRenderer *renderer() const { return nullptr; }
      |                                                               ^
In file included from /Users/calebbuahin/Documents/Projects/cbuahin_github/openswmm.gui/src/map/mapcanvas.cpp:20:
/Users/calebbuahin/Documents/Projects/cbuahin_github/openswmm.gui/include/layers/gisvectorlayer.h:278:10: warning: 'setRenderer' overrides a member function but is not marked 'override' [-Winconsistent-missing-override]
  278 |     void setRenderer(std::unique_ptr<OpenSWMM::Render::IFeatureRenderer> r);
      |          ^
/Users/calebbuahin/Documents/Projects/cbuahin_github/openswmm.gui/include/layers/openswmmvislayer.h:440:18: note: overridden virtual function is here
  440 |     virtual void setRenderer(std::unique_ptr<OpenSWMM::Render::IFeatureRenderer>);
      |                  ^
In file included from /Users/calebbuahin/Documents/Projects/cbuahin_github/openswmm.gui/src/map/mapcanvas.cpp:31:
/Users/calebbuahin/Documents/Projects/cbuahin_github/openswmm.gui/include/layers/swmm2dresultslayer.h:544:55: warning: 'renderer' overrides a member function but is not marked 'override' [-Winconsistent-missing-override]
  544 |     [[nodiscard]] OpenSWMM::Render::IFeatureRenderer *renderer() const;
      |                                                       ^
/Users/calebbuahin/Documents/Projects/cbuahin_github/openswmm.gui/include/layers/openswmmvislayer.h:434:63: note: overridden virtual function is here
  434 |     [[nodiscard]] virtual OpenSWMM::Render::IFeatureRenderer *renderer() const { return nullptr; }
      |                                                               ^
In file included from /Users/calebbuahin/Documents/Projects/cbuahin_github/openswmm.gui/src/map/mapcanvas.cpp:31:
/Users/calebbuahin/Documents/Projects/cbuahin_github/openswmm.gui/include/layers/swmm2dresultslayer.h:552:10: warning: 'setRenderer' overrides a member function but is not marked 'override' [-Winconsistent-missing-override]
  552 |     void setRenderer(std::unique_ptr<OpenSWMM::Render::IFeatureRenderer> r);
      |          ^
/Users/calebbuahin/Documents/Projects/cbuahin_github/openswmm.gui/include/layers/openswmmvislayer.h:440:18: note: overridden virtual function is here
  440 |     virtual void setRenderer(std::unique_ptr<OpenSWMM::Render::IFeatureRenderer>);
      |                  ^
4 warnings generated.
[94/375] Building CXX object tests/gui/CMakeFiles/test_meshsavedirty.dir/__/__/src/project/projectserializer.cpp.o
In file included from /Users/calebbuahin/Documents/Projects/cbuahin_github/openswmm.gui/src/project/projectserializer.cpp:12:
/Users/calebbuahin/Documents/Projects/cbuahin_github/openswmm.gui/include/layers/gisvectorlayer.h:270:55: warning: 'renderer' overrides a member function but is not marked 'override' [-Winconsistent-missing-override]
  270 |     [[nodiscard]] OpenSWMM::Render::IFeatureRenderer *renderer() const;
      |                                                       ^
/Users/calebbuahin/Documents/Projects/cbuahin_github/openswmm.gui/include/layers/openswmmvislayer.h:434:63: note: overridden virtual function is here
  434 |     [[nodiscard]] virtual OpenSWMM::Render::IFeatureRenderer *renderer() const { return nullptr; }
      |                                                               ^
In file included from /Users/calebbuahin/Documents/Projects/cbuahin_github/openswmm.gui/src/project/projectserializer.cpp:12:
/Users/calebbuahin/Documents/Projects/cbuahin_github/openswmm.gui/include/layers/gisvectorlayer.h:278:10: warning: 'setRenderer' overrides a member function but is not marked 'override' [-Winconsistent-missing-override]
  278 |     void setRenderer(std::unique_ptr<OpenSWMM::Render::IFeatureRenderer> r);
      |          ^
/Users/calebbuahin/Documents/Projects/cbuahin_github/openswmm.gui/include/layers/openswmmvislayer.h:440:18: note: overridden virtual function is here
  440 |     virtual void setRenderer(std::unique_ptr<OpenSWMM::Render::IFeatureRenderer>);
      |                  ^
In file included from /Users/calebbuahin/Documents/Projects/cbuahin_github/openswmm.gui/src/project/projectserializer.cpp:15:
/Users/calebbuahin/Documents/Projects/cbuahin_github/openswmm.gui/include/layers/swmm2dresultslayer.h:544:55: warning: 'renderer' overrides a member function but is not marked 'override' [-Winconsistent-missing-override]
  544 |     [[nodiscard]] OpenSWMM::Render::IFeatureRenderer *renderer() const;
      |                                                       ^
/Users/calebbuahin/Documents/Projects/cbuahin_github/openswmm.gui/include/layers/openswmmvislayer.h:434:63: note: overridden virtual function is here
  434 |     [[nodiscard]] virtual OpenSWMM::Render::IFeatureRenderer *renderer() const { return nullptr; }
      |                                                               ^
In file included from /Users/calebbuahin/Documents/Projects/cbuahin_github/openswmm.gui/src/project/projectserializer.cpp:15:
/Users/calebbuahin/Documents/Projects/cbuahin_github/openswmm.gui/include/layers/swmm2dresultslayer.h:552:10: warning: 'setRenderer' overrides a member function but is not marked 'override' [-Winconsistent-missing-override]
  552 |     void setRenderer(std::unique_ptr<OpenSWMM::Render::IFeatureRenderer> r);
      |          ^
/Users/calebbuahin/Documents/Projects/cbuahin_github/openswmm.gui/include/layers/openswmmvislayer.h:440:18: note: overridden virtual function is here
  440 |     virtual void setRenderer(std::unique_ptr<OpenSWMM::Render::IFeatureRenderer>);
      |                  ^
In file included from /Users/calebbuahin/Documents/Projects/cbuahin_github/openswmm.gui/src/project/projectserializer.cpp:17:
/Users/calebbuahin/Documents/Projects/cbuahin_github/openswmm.gui/include/layers/swmmresultslayer.h:408:55: warning: 'renderer' overrides a member function but is not marked 'override' [-Winconsistent-missing-override]
  408 |     [[nodiscard]] OpenSWMM::Render::IFeatureRenderer *renderer() const;
      |                                                       ^
/Users/calebbuahin/Documents/Projects/cbuahin_github/openswmm.gui/include/layers/openswmmvislayer.h:434:63: note: overridden virtual function is here
  434 |     [[nodiscard]] virtual OpenSWMM::Render::IFeatureRenderer *renderer() const { return nullptr; }
      |                                                               ^
In file included from /Users/calebbuahin/Documents/Projects/cbuahin_github/openswmm.gui/src/project/projectserializer.cpp:17:
/Users/calebbuahin/Documents/Projects/cbuahin_github/openswmm.gui/include/layers/swmmresultslayer.h:417:10: warning: 'setRenderer' overrides a member function but is not marked 'override' [-Winconsistent-missing-override]
  417 |     void setRenderer(std::unique_ptr<OpenSWMM::Render::IFeatureRenderer> r);
      |          ^
/Users/calebbuahin/Documents/Projects/cbuahin_github/openswmm.gui/include/layers/openswmmvislayer.h:440:18: note: overridden virtual function is here
  440 |     virtual void setRenderer(std::unique_ptr<OpenSWMM::Render::IFeatureRenderer>);
      |                  ^
6 warnings generated.
[95/375] Building CXX object tests/gui/CMakeFiles/test_meshsavedirty.dir/__/__/src/ui/dialogs/layerstyledialog.cpp.o
In file included from /Users/calebbuahin/Documents/Projects/cbuahin_github/openswmm.gui/src/ui/dialogs/layerstyledialog.cpp:24:
/Users/calebbuahin/Documents/Projects/cbuahin_github/openswmm.gui/include/layers/gisvectorlayer.h:270:55: warning: 'renderer' overrides a member function but is not marked 'override' [-Winconsistent-missing-override]
  270 |     [[nodiscard]] OpenSWMM::Render::IFeatureRenderer *renderer() const;
      |                                                       ^
/Users/calebbuahin/Documents/Projects/cbuahin_github/openswmm.gui/include/layers/openswmmvislayer.h:434:63: note: overridden virtual function is here
  434 |     [[nodiscard]] virtual OpenSWMM::Render::IFeatureRenderer *renderer() const { return nullptr; }
      |                                                               ^
In file included from /Users/calebbuahin/Documents/Projects/cbuahin_github/openswmm.gui/src/ui/dialogs/layerstyledialog.cpp:24:
/Users/calebbuahin/Documents/Projects/cbuahin_github/openswmm.gui/include/layers/gisvectorlayer.h:278:10: warning: 'setRenderer' overrides a member function but is not marked 'override' [-Winconsistent-missing-override]
  278 |     void setRenderer(std::unique_ptr<OpenSWMM::Render::IFeatureRenderer> r);
      |          ^
/Users/calebbuahin/Documents/Projects/cbuahin_github/openswmm.gui/include/layers/openswmmvislayer.h:440:18: note: overridden virtual function is here
  440 |     virtual void setRenderer(std::unique_ptr<OpenSWMM::Render::IFeatureRenderer>);
      |                  ^
In file included from /Users/calebbuahin/Documents/Projects/cbuahin_github/openswmm.gui/src/ui/dialogs/layerstyledialog.cpp:27:
/Users/calebbuahin/Documents/Projects/cbuahin_github/openswmm.gui/include/layers/swmmresultslayer.h:408:55: warning: 'renderer' overrides a member function but is not marked 'override' [-Winconsistent-missing-override]
  408 |     [[nodiscard]] OpenSWMM::Render::IFeatureRenderer *renderer() const;
      |                                                       ^
/Users/calebbuahin/Documents/Projects/cbuahin_github/openswmm.gui/include/layers/openswmmvislayer.h:434:63: note: overridden virtual function is here
  434 |     [[nodiscard]] virtual OpenSWMM::Render::IFeatureRenderer *renderer() const { return nullptr; }
      |                                                               ^
In file included from /Users/calebbuahin/Documents/Projects/cbuahin_github/openswmm.gui/src/ui/dialogs/layerstyledialog.cpp:27:
/Users/calebbuahin/Documents/Projects/cbuahin_github/openswmm.gui/include/layers/swmmresultslayer.h:417:10: warning: 'setRenderer' overrides a member function but is not marked 'override' [-Winconsistent-missing-override]
  417 |     void setRenderer(std::unique_ptr<OpenSWMM::Render::IFeatureRenderer> r);
      |          ^
/Users/calebbuahin/Documents/Projects/cbuahin_github/openswmm.gui/include/layers/openswmmvislayer.h:440:18: note: overridden virtual function is here
  440 |     virtual void setRenderer(std::unique_ptr<OpenSWMM::Render::IFeatureRenderer>);
      |                  ^
In file included from /Users/calebbuahin/Documents/Projects/cbuahin_github/openswmm.gui/src/ui/dialogs/layerstyledialog.cpp:28:
/Users/calebbuahin/Documents/Projects/cbuahin_github/openswmm.gui/include/layers/swmm2dresultslayer.h:544:55: warning: 'renderer' overrides a member function but is not marked 'override' [-Winconsistent-missing-override]
  544 |     [[nodiscard]] OpenSWMM::Render::IFeatureRenderer *renderer() const;
      |                                                       ^
/Users/calebbuahin/Documents/Projects/cbuahin_github/openswmm.gui/include/layers/openswmmvislayer.h:434:63: note: overridden virtual function is here
  434 |     [[nodiscard]] virtual OpenSWMM::Render::IFeatureRenderer *renderer() const { return nullptr; }
      |                                                               ^
In file included from /Users/calebbuahin/Documents/Projects/cbuahin_github/openswmm.gui/src/ui/dialogs/layerstyledialog.cpp:28:
/Users/calebbuahin/Documents/Projects/cbuahin_github/openswmm.gui/include/layers/swmm2dresultslayer.h:552:10: warning: 'setRenderer' overrides a member function but is not marked 'override' [-Winconsistent-missing-override]
  552 |     void setRenderer(std::unique_ptr<OpenSWMM::Render::IFeatureRenderer> r);
      |          ^
/Users/calebbuahin/Documents/Projects/cbuahin_github/openswmm.gui/include/layers/openswmmvislayer.h:440:18: note: overridden virtual function is here
  440 |     virtual void setRenderer(std::unique_ptr<OpenSWMM::Render::IFeatureRenderer>);
      |                  ^
6 warnings generated.
[96/375] Building CXX object tests/gui/CMakeFiles/test_meshsavedirty.dir/__/__/src/ui/dialogs/addbasemapdialog.cpp.o
In file included from /Users/calebbuahin/Documents/Projects/cbuahin_github/openswmm.gui/src/ui/dialogs/addbasemapdialog.cpp:26:
In file included from /Users/calebbuahin/Documents/Projects/cbuahin_github/openswmm.gui/include/layers/wfslayer.h:27:
/Users/calebbuahin/Documents/Projects/cbuahin_github/openswmm.gui/include/layers/gisvectorlayer.h:270:55: warning: 'renderer' overrides a member function but is not marked 'override' [-Winconsistent-missing-override]
  270 |     [[nodiscard]] OpenSWMM::Render::IFeatureRenderer *renderer() const;
      |                                                       ^
/Users/calebbuahin/Documents/Projects/cbuahin_github/openswmm.gui/include/layers/openswmmvislayer.h:434:63: note: overridden virtual function is here
  434 |     [[nodiscard]] virtual OpenSWMM::Render::IFeatureRenderer *renderer() const { return nullptr; }
      |                                                               ^
In file included from /Users/calebbuahin/Documents/Projects/cbuahin_github/openswmm.gui/src/ui/dialogs/addbasemapdialog.cpp:26:
In file included from /Users/calebbuahin/Documents/Projects/cbuahin_github/openswmm.gui/include/layers/wfslayer.h:27:
/Users/calebbuahin/Documents/Projects/cbuahin_github/openswmm.gui/include/layers/gisvectorlayer.h:278:10: warning: 'setRenderer' overrides a member function but is not marked 'override' [-Winconsistent-missing-override]
  278 |     void setRenderer(std::unique_ptr<OpenSWMM::Render::IFeatureRenderer> r);
      |          ^
/Users/calebbuahin/Documents/Projects/cbuahin_github/openswmm.gui/include/layers/openswmmvislayer.h:440:18: note: overridden virtual function is here
  440 |     virtual void setRenderer(std::unique_ptr<OpenSWMM::Render::IFeatureRenderer>);
      |                  ^
2 warnings generated.
[97/375] Building CXX object tests/gui/CMakeFiles/test_asyncload.dir/test_asyncload_autogen/mocs_compilation.cpp.o
In file included from /Users/calebbuahin/Documents/Projects/cbuahin_github/openswmm.gui/build/tests/gui/test_asyncload_autogen/mocs_compilation.cpp:2:
In file included from /Users/calebbuahin/Documents/Projects/cbuahin_github/openswmm.gui/build/tests/gui/test_asyncload_autogen/MAYCBHTXLP/moc_animationcontroller.cpp:9:
In file included from /Users/calebbuahin/Documents/Projects/cbuahin_github/openswmm.gui/build/tests/gui/test_asyncload_autogen/MAYCBHTXLP/../../../../../include/animation/animationcontroller.h:33:
/Users/calebbuahin/Documents/Projects/cbuahin_github/openswmm.gui/include/layers/swmm2dresultslayer.h:544:55: warning: 'renderer' overrides a member function but is not marked 'override' [-Winconsistent-missing-override]
  544 |     [[nodiscard]] OpenSWMM::Render::IFeatureRenderer *renderer() const;
      |                                                       ^
/Users/calebbuahin/Documents/Projects/cbuahin_github/openswmm.gui/include/layers/openswmmvislayer.h:434:63: note: overridden virtual function is here
  434 |     [[nodiscard]] virtual OpenSWMM::Render::IFeatureRenderer *renderer() const { return nullptr; }
      |                                                               ^
In file included from /Users/calebbuahin/Documents/Projects/cbuahin_github/openswmm.gui/build/tests/gui/test_asyncload_autogen/mocs_compilation.cpp:2:
In file included from /Users/calebbuahin/Documents/Projects/cbuahin_github/openswmm.gui/build/tests/gui/test_asyncload_autogen/MAYCBHTXLP/moc_animationcontroller.cpp:9:
In file included from /Users/calebbuahin/Documents/Projects/cbuahin_github/openswmm.gui/build/tests/gui/test_asyncload_autogen/MAYCBHTXLP/../../../../../include/animation/animationcontroller.h:33:
/Users/calebbuahin/Documents/Projects/cbuahin_github/openswmm.gui/include/layers/swmm2dresultslayer.h:552:10: warning: 'setRenderer' overrides a member function but is not marked 'override' [-Winconsistent-missing-override]
  552 |     void setRenderer(std::unique_ptr<OpenSWMM::Render::IFeatureRenderer> r);
      |          ^
/Users/calebbuahin/Documents/Projects/cbuahin_github/openswmm.gui/include/layers/openswmmvislayer.h:440:18: note: overridden virtual function is here
  440 |     virtual void setRenderer(std::unique_ptr<OpenSWMM::Render::IFeatureRenderer>);
      |                  ^
In file included from /Users/calebbuahin/Documents/Projects/cbuahin_github/openswmm.gui/build/tests/gui/test_asyncload_autogen/mocs_compilation.cpp:28:
In file included from /Users/calebbuahin/Documents/Projects/cbuahin_github/openswmm.gui/build/tests/gui/test_asyncload_autogen/COIIM6MLNP/moc_gisvectorlayer.cpp:9:
/Users/calebbuahin/Documents/Projects/cbuahin_github/openswmm.gui/build/tests/gui/test_asyncload_autogen/COIIM6MLNP/../../../../../include/layers/gisvectorlayer.h:270:55: warning: 'renderer' overrides a member function but is not marked 'override' [-Winconsistent-missing-override]
  270 |     [[nodiscard]] OpenSWMM::Render::IFeatureRenderer *renderer() const;
      |                                                       ^
/Users/calebbuahin/Documents/Projects/cbuahin_github/openswmm.gui/include/layers/openswmmvislayer.h:434:63: note: overridden virtual function is here
  434 |     [[nodiscard]] virtual OpenSWMM::Render::IFeatureRenderer *renderer() const { return nullptr; }
      |                                                               ^
In file included from /Users/calebbuahin/Documents/Projects/cbuahin_github/openswmm.gui/build/tests/gui/test_asyncload_autogen/mocs_compilation.cpp:28:
In file included from /Users/calebbuahin/Documents/Projects/cbuahin_github/openswmm.gui/build/tests/gui/test_asyncload_autogen/COIIM6MLNP/moc_gisvectorlayer.cpp:9:
/Users/calebbuahin/Documents/Projects/cbuahin_github/openswmm.gui/build/tests/gui/test_asyncload_autogen/COIIM6MLNP/../../../../../include/layers/gisvectorlayer.h:278:10: warning: 'setRenderer' overrides a member function but is not marked 'override' [-Winconsistent-missing-override]
  278 |     void setRenderer(std::unique_ptr<OpenSWMM::Render::IFeatureRenderer> r);
      |          ^
/Users/calebbuahin/Documents/Projects/cbuahin_github/openswmm.gui/include/layers/openswmmvislayer.h:440:18: note: overridden virtual function is here
  440 |     virtual void setRenderer(std::unique_ptr<OpenSWMM::Render::IFeatureRenderer>);
      |                  ^
In file included from /Users/calebbuahin/Documents/Projects/cbuahin_github/openswmm.gui/build/tests/gui/test_asyncload_autogen/mocs_compilation.cpp:36:
In file included from /Users/calebbuahin/Documents/Projects/cbuahin_github/openswmm.gui/build/tests/gui/test_asyncload_autogen/COIIM6MLNP/moc_swmmresultslayer.cpp:9:
/Users/calebbuahin/Documents/Projects/cbuahin_github/openswmm.gui/build/tests/gui/test_asyncload_autogen/COIIM6MLNP/../../../../../include/layers/swmmresultslayer.h:408:55: warning: 'renderer' overrides a member function but is not marked 'override' [-Winconsistent-missing-override]
  408 |     [[nodiscard]] OpenSWMM::Render::IFeatureRenderer *renderer() const;
      |                                                       ^
/Users/calebbuahin/Documents/Projects/cbuahin_github/openswmm.gui/include/layers/openswmmvislayer.h:434:63: note: overridden virtual function is here
  434 |     [[nodiscard]] virtual OpenSWMM::Render::IFeatureRenderer *renderer() const { return nullptr; }
      |                                                               ^
In file included from /Users/calebbuahin/Documents/Projects/cbuahin_github/openswmm.gui/build/tests/gui/test_asyncload_autogen/mocs_compilation.cpp:36:
In file included from /Users/calebbuahin/Documents/Projects/cbuahin_github/openswmm.gui/build/tests/gui/test_asyncload_autogen/COIIM6MLNP/moc_swmmresultslayer.cpp:9:
/Users/calebbuahin/Documents/Projects/cbuahin_github/openswmm.gui/build/tests/gui/test_asyncload_autogen/COIIM6MLNP/../../../../../include/layers/swmmresultslayer.h:417:10: warning: 'setRenderer' overrides a member function but is not marked 'override' [-Winconsistent-missing-override]
  417 |     void setRenderer(std::unique_ptr<OpenSWMM::Render::IFeatureRenderer> r);
      |          ^
/Users/calebbuahin/Documents/Projects/cbuahin_github/openswmm.gui/include/layers/openswmmvislayer.h:440:18: note: overridden virtual function is here
  440 |     virtual void setRenderer(std::unique_ptr<OpenSWMM::Render::IFeatureRenderer>);
      |                  ^
6 warnings generated.
[98/375] Building CXX object tests/gui/CMakeFiles/test_meshsavedirty.dir/__/__/src/ui/widgets/basemaphttpheaderswidget.cpp.o
[99/375] Building CXX object tests/gui/CMakeFiles/test_registry_rename.dir/__/__/src/swmmvis.cpp.o
In file included from /Users/calebbuahin/Documents/Projects/cbuahin_github/openswmm.gui/src/swmmvis.cpp:76:
In file included from /Users/calebbuahin/Documents/Projects/cbuahin_github/openswmm.gui/include/ui/dialogs/sublayerselectiondialog.h:19:
/Users/calebbuahin/Documents/Projects/cbuahin_github/openswmm.gui/include/layers/gisvectorlayer.h:270:55: warning: 'renderer' overrides a member function but is not marked 'override' [-Winconsistent-missing-override]
  270 |     [[nodiscard]] OpenSWMM::Render::IFeatureRenderer *renderer() const;
      |                                                       ^
/Users/calebbuahin/Documents/Projects/cbuahin_github/openswmm.gui/include/layers/openswmmvislayer.h:434:63: note: overridden virtual function is here
  434 |     [[nodiscard]] virtual OpenSWMM::Render::IFeatureRenderer *renderer() const { return nullptr; }
      |                                                               ^
In file included from /Users/calebbuahin/Documents/Projects/cbuahin_github/openswmm.gui/src/swmmvis.cpp:76:
In file included from /Users/calebbuahin/Documents/Projects/cbuahin_github/openswmm.gui/include/ui/dialogs/sublayerselectiondialog.h:19:
/Users/calebbuahin/Documents/Projects/cbuahin_github/openswmm.gui/include/layers/gisvectorlayer.h:278:10: warning: 'setRenderer' overrides a member function but is not marked 'override' [-Winconsistent-missing-override]
  278 |     void setRenderer(std::unique_ptr<OpenSWMM::Render::IFeatureRenderer> r);
      |          ^
/Users/calebbuahin/Documents/Projects/cbuahin_github/openswmm.gui/include/layers/openswmmvislayer.h:440:18: note: overridden virtual function is here
  440 |     virtual void setRenderer(std::unique_ptr<OpenSWMM::Render::IFeatureRenderer>);
      |                  ^
In file included from /Users/calebbuahin/Documents/Projects/cbuahin_github/openswmm.gui/src/swmmvis.cpp:89:
/Users/calebbuahin/Documents/Projects/cbuahin_github/openswmm.gui/include/core/swmmdatetime.h:61:12: warning: 'QDateTime' is deprecated: Pass QTimeZone instead [-Wdeprecated-declarations]
   61 |     return QDateTime(date, QTime(h, mi, s), Qt::UTC);
      |            ^
/Users/calebbuahin/Qt/6.9.3/macos/lib/QtCore.framework/Headers/qdatetime.h:361:5: note: 'QDateTime' has been explicitly marked deprecated here
  361 |     QT_DEPRECATED_VERSION_X_6_9("Pass QTimeZone instead")
      |     ^
/Users/calebbuahin/Qt/6.9.3/macos/lib/QtCore.framework/Headers/qtdeprecationmarkers.h:213:44: note: expanded from macro 'QT_DEPRECATED_VERSION_X_6_9'
  213 | # define QT_DEPRECATED_VERSION_X_6_9(text) QT_DEPRECATED_X(text)
      |                                            ^
/Users/calebbuahin/Qt/6.9.3/macos/lib/QtCore.framework/Headers/qtdeprecationmarkers.h:29:33: note: expanded from macro 'QT_DEPRECATED_X'
   29 | #  define QT_DEPRECATED_X(text) Q_DECL_DEPRECATED_X(text)
      |                                 ^
/Users/calebbuahin/Qt/6.9.3/macos/lib/QtCore.framework/Headers/qcompilerdetection.h:1011:36: note: expanded from macro 'Q_DECL_DEPRECATED_X'
 1011 | #  define Q_DECL_DEPRECATED_X(x) [[deprecated(x)]]
      |                                    ^
In file included from /Users/calebbuahin/Documents/Projects/cbuahin_github/openswmm.gui/src/swmmvis.cpp:89:
/Users/calebbuahin/Documents/Projects/cbuahin_github/openswmm.gui/include/core/swmmdatetime.h:61:12: warning: 'QDateTime' is deprecated: Pass QTimeZone instead [-Wdeprecated-declarations]
   61 |     return QDateTime(date, QTime(h, mi, s), Qt::UTC);
      |            ^
/Users/calebbuahin/Qt/6.9.3/macos/lib/QtCore.framework/Headers/qdatetime.h:361:5: note: 'QDateTime' has been explicitly marked deprecated here
  361 |     QT_DEPRECATED_VERSION_X_6_9("Pass QTimeZone instead")
      |     ^
/Users/calebbuahin/Qt/6.9.3/macos/lib/QtCore.framework/Headers/qtdeprecationmarkers.h:213:44: note: expanded from macro 'QT_DEPRECATED_VERSION_X_6_9'
  213 | # define QT_DEPRECATED_VERSION_X_6_9(text) QT_DEPRECATED_X(text)
      |                                            ^
/Users/calebbuahin/Qt/6.9.3/macos/lib/QtCore.framework/Headers/qtdeprecationmarkers.h:29:33: note: expanded from macro 'QT_DEPRECATED_X'
   29 | #  define QT_DEPRECATED_X(text) Q_DECL_DEPRECATED_X(text)
      |                                 ^
/Users/calebbuahin/Qt/6.9.3/macos/lib/QtCore.framework/Headers/qcompilerdetection.h:1011:36: note: expanded from macro 'Q_DECL_DEPRECATED_X'
 1011 | #  define Q_DECL_DEPRECATED_X(x) [[deprecated(x)]]
      |                                    ^
In file included from /Users/calebbuahin/Documents/Projects/cbuahin_github/openswmm.gui/src/swmmvis.cpp:136:
/Users/calebbuahin/Documents/Projects/cbuahin_github/openswmm.gui/include/layers/swmmresultslayer.h:408:55: warning: 'renderer' overrides a member function but is not marked 'override' [-Winconsistent-missing-override]
  408 |     [[nodiscard]] OpenSWMM::Render::IFeatureRenderer *renderer() const;
      |                                                       ^
/Users/calebbuahin/Documents/Projects/cbuahin_github/openswmm.gui/include/layers/openswmmvislayer.h:434:63: note: overridden virtual function is here
  434 |     [[nodiscard]] virtual OpenSWMM::Render::IFeatureRenderer *renderer() const { return nullptr; }
      |                                                               ^
In file included from /Users/calebbuahin/Documents/Projects/cbuahin_github/openswmm.gui/src/swmmvis.cpp:136:
/Users/calebbuahin/Documents/Projects/cbuahin_github/openswmm.gui/include/layers/swmmresultslayer.h:417:10: warning: 'setRenderer' overrides a member function but is not marked 'override' [-Winconsistent-missing-override]
  417 |     void setRenderer(std::unique_ptr<OpenSWMM::Render::IFeatureRenderer> r);
      |          ^
/Users/calebbuahin/Documents/Projects/cbuahin_github/openswmm.gui/include/layers/openswmmvislayer.h:440:18: note: overridden virtual function is here
  440 |     virtual void setRenderer(std::unique_ptr<OpenSWMM::Render::IFeatureRenderer>);
      |                  ^
In file included from /Users/calebbuahin/Documents/Projects/cbuahin_github/openswmm.gui/src/swmmvis.cpp:194:
/Users/calebbuahin/Documents/Projects/cbuahin_github/openswmm.gui/include/layers/swmm2dresultslayer.h:544:55: warning: 'renderer' overrides a member function but is not marked 'override' [-Winconsistent-missing-override]
  544 |     [[nodiscard]] OpenSWMM::Render::IFeatureRenderer *renderer() const;
      |                                                       ^
/Users/calebbuahin/Documents/Projects/cbuahin_github/openswmm.gui/include/layers/openswmmvislayer.h:434:63: note: overridden virtual function is here
  434 |     [[nodiscard]] virtual OpenSWMM::Render::IFeatureRenderer *renderer() const { return nullptr; }
      |                                                               ^
In file included from /Users/calebbuahin/Documents/Projects/cbuahin_github/openswmm.gui/src/swmmvis.cpp:194:
/Users/calebbuahin/Documents/Projects/cbuahin_github/openswmm.gui/include/layers/swmm2dresultslayer.h:552:10: warning: 'setRenderer' overrides a member function but is not marked 'override' [-Winconsistent-missing-override]
  552 |     void setRenderer(std::unique_ptr<OpenSWMM::Render::IFeatureRenderer> r);
      |          ^
/Users/calebbuahin/Documents/Projects/cbuahin_github/openswmm.gui/include/layers/openswmmvislayer.h:440:18: note: overridden virtual function is here
  440 |     virtual void setRenderer(std::unique_ptr<OpenSWMM::Render::IFeatureRenderer>);
      |                  ^
8 warnings generated.
[100/375] Building CXX object tests/gui/CMakeFiles/test_meshimport.dir/__/__/src/connections/basemapconnectionstore.cpp.o
[101/375] Building CXX object tests/gui/CMakeFiles/test_meshimport.dir/__/__/src/layers/xyztilelayer.cpp.o
[102/375] Building CXX object tests/gui/CMakeFiles/test_meshimport.dir/__/__/src/map/mapcanvas.cpp.o
In file included from /Users/calebbuahin/Documents/Projects/cbuahin_github/openswmm.gui/src/map/mapcanvas.cpp:20:
/Users/calebbuahin/Documents/Projects/cbuahin_github/openswmm.gui/include/layers/gisvectorlayer.h:270:55: warning: 'renderer' overrides a member function but is not marked 'override' [-Winconsistent-missing-override]
  270 |     [[nodiscard]] OpenSWMM::Render::IFeatureRenderer *renderer() const;
      |                                                       ^
/Users/calebbuahin/Documents/Projects/cbuahin_github/openswmm.gui/include/layers/openswmmvislayer.h:434:63: note: overridden virtual function is here
  434 |     [[nodiscard]] virtual OpenSWMM::Render::IFeatureRenderer *renderer() const { return nullptr; }
      |                                                               ^
In file included from /Users/calebbuahin/Documents/Projects/cbuahin_github/openswmm.gui/src/map/mapcanvas.cpp:20:
/Users/calebbuahin/Documents/Projects/cbuahin_github/openswmm.gui/include/layers/gisvectorlayer.h:278:10: warning: 'setRenderer' overrides a member function but is not marked 'override' [-Winconsistent-missing-override]
  278 |     void setRenderer(std::unique_ptr<OpenSWMM::Render::IFeatureRenderer> r);
      |          ^
/Users/calebbuahin/Documents/Projects/cbuahin_github/openswmm.gui/include/layers/openswmmvislayer.h:440:18: note: overridden virtual function is here
  440 |     virtual void setRenderer(std::unique_ptr<OpenSWMM::Render::IFeatureRenderer>);
      |                  ^
In file included from /Users/calebbuahin/Documents/Projects/cbuahin_github/openswmm.gui/src/map/mapcanvas.cpp:31:
/Users/calebbuahin/Documents/Projects/cbuahin_github/openswmm.gui/include/layers/swmm2dresultslayer.h:544:55: warning: 'renderer' overrides a member function but is not marked 'override' [-Winconsistent-missing-override]
  544 |     [[nodiscard]] OpenSWMM::Render::IFeatureRenderer *renderer() const;
      |                                                       ^
/Users/calebbuahin/Documents/Projects/cbuahin_github/openswmm.gui/include/layers/openswmmvislayer.h:434:63: note: overridden virtual function is here
  434 |     [[nodiscard]] virtual OpenSWMM::Render::IFeatureRenderer *renderer() const { return nullptr; }
      |                                                               ^
In file included from /Users/calebbuahin/Documents/Projects/cbuahin_github/openswmm.gui/src/map/mapcanvas.cpp:31:
/Users/calebbuahin/Documents/Projects/cbuahin_github/openswmm.gui/include/layers/swmm2dresultslayer.h:552:10: warning: 'setRenderer' overrides a member function but is not marked 'override' [-Winconsistent-missing-override]
  552 |     void setRenderer(std::unique_ptr<OpenSWMM::Render::IFeatureRenderer> r);
      |          ^
/Users/calebbuahin/Documents/Projects/cbuahin_github/openswmm.gui/include/layers/openswmmvislayer.h:440:18: note: overridden virtual function is here
  440 |     virtual void setRenderer(std::unique_ptr<OpenSWMM::Render::IFeatureRenderer>);
      |                  ^
4 warnings generated.
[103/375] Building CXX object tests/gui/CMakeFiles/test_meshimport.dir/__/__/src/project/projectserializer.cpp.o
In file included from /Users/calebbuahin/Documents/Projects/cbuahin_github/openswmm.gui/src/project/projectserializer.cpp:12:
/Users/calebbuahin/Documents/Projects/cbuahin_github/openswmm.gui/include/layers/gisvectorlayer.h:270:55: warning: 'renderer' overrides a member function but is not marked 'override' [-Winconsistent-missing-override]
  270 |     [[nodiscard]] OpenSWMM::Render::IFeatureRenderer *renderer() const;
      |                                                       ^
/Users/calebbuahin/Documents/Projects/cbuahin_github/openswmm.gui/include/layers/openswmmvislayer.h:434:63: note: overridden virtual function is here
  434 |     [[nodiscard]] virtual OpenSWMM::Render::IFeatureRenderer *renderer() const { return nullptr; }
      |                                                               ^
In file included from /Users/calebbuahin/Documents/Projects/cbuahin_github/openswmm.gui/src/project/projectserializer.cpp:12:
/Users/calebbuahin/Documents/Projects/cbuahin_github/openswmm.gui/include/layers/gisvectorlayer.h:278:10: warning: 'setRenderer' overrides a member function but is not marked 'override' [-Winconsistent-missing-override]
  278 |     void setRenderer(std::unique_ptr<OpenSWMM::Render::IFeatureRenderer> r);
      |          ^
/Users/calebbuahin/Documents/Projects/cbuahin_github/openswmm.gui/include/layers/openswmmvislayer.h:440:18: note: overridden virtual function is here
  440 |     virtual void setRenderer(std::unique_ptr<OpenSWMM::Render::IFeatureRenderer>);
      |                  ^
In file included from /Users/calebbuahin/Documents/Projects/cbuahin_github/openswmm.gui/src/project/projectserializer.cpp:15:
/Users/calebbuahin/Documents/Projects/cbuahin_github/openswmm.gui/include/layers/swmm2dresultslayer.h:544:55: warning: 'renderer' overrides a member function but is not marked 'override' [-Winconsistent-missing-override]
  544 |     [[nodiscard]] OpenSWMM::Render::IFeatureRenderer *renderer() const;
      |                                                       ^
/Users/calebbuahin/Documents/Projects/cbuahin_github/openswmm.gui/include/layers/openswmmvislayer.h:434:63: note: overridden virtual function is here
  434 |     [[nodiscard]] virtual OpenSWMM::Render::IFeatureRenderer *renderer() const { return nullptr; }
      |                                                               ^
In file included from /Users/calebbuahin/Documents/Projects/cbuahin_github/openswmm.gui/src/project/projectserializer.cpp:15:
/Users/calebbuahin/Documents/Projects/cbuahin_github/openswmm.gui/include/layers/swmm2dresultslayer.h:552:10: warning: 'setRenderer' overrides a member function but is not marked 'override' [-Winconsistent-missing-override]
  552 |     void setRenderer(std::unique_ptr<OpenSWMM::Render::IFeatureRenderer> r);
      |          ^
/Users/calebbuahin/Documents/Projects/cbuahin_github/openswmm.gui/include/layers/openswmmvislayer.h:440:18: note: overridden virtual function is here
  440 |     virtual void setRenderer(std::unique_ptr<OpenSWMM::Render::IFeatureRenderer>);
      |                  ^
In file included from /Users/calebbuahin/Documents/Projects/cbuahin_github/openswmm.gui/src/project/projectserializer.cpp:17:
/Users/calebbuahin/Documents/Projects/cbuahin_github/openswmm.gui/include/layers/swmmresultslayer.h:408:55: warning: 'renderer' overrides a member function but is not marked 'override' [-Winconsistent-missing-override]
  408 |     [[nodiscard]] OpenSWMM::Render::IFeatureRenderer *renderer() const;
      |                                                       ^
/Users/calebbuahin/Documents/Projects/cbuahin_github/openswmm.gui/include/layers/openswmmvislayer.h:434:63: note: overridden virtual function is here
  434 |     [[nodiscard]] virtual OpenSWMM::Render::IFeatureRenderer *renderer() const { return nullptr; }
      |                                                               ^
In file included from /Users/calebbuahin/Documents/Projects/cbuahin_github/openswmm.gui/src/project/projectserializer.cpp:17:
/Users/calebbuahin/Documents/Projects/cbuahin_github/openswmm.gui/include/layers/swmmresultslayer.h:417:10: warning: 'setRenderer' overrides a member function but is not marked 'override' [-Winconsistent-missing-override]
  417 |     void setRenderer(std::unique_ptr<OpenSWMM::Render::IFeatureRenderer> r);
      |          ^
/Users/calebbuahin/Documents/Projects/cbuahin_github/openswmm.gui/include/layers/openswmmvislayer.h:440:18: note: overridden virtual function is here
  440 |     virtual void setRenderer(std::unique_ptr<OpenSWMM::Render::IFeatureRenderer>);
      |                  ^
6 warnings generated.
[104/375] Building CXX object tests/gui/CMakeFiles/test_meshimport.dir/__/__/src/ui/dialogs/layerstyledialog.cpp.o
In file included from /Users/calebbuahin/Documents/Projects/cbuahin_github/openswmm.gui/src/ui/dialogs/layerstyledialog.cpp:24:
/Users/calebbuahin/Documents/Projects/cbuahin_github/openswmm.gui/include/layers/gisvectorlayer.h:270:55: warning: 'renderer' overrides a member function but is not marked 'override' [-Winconsistent-missing-override]
  270 |     [[nodiscard]] OpenSWMM::Render::IFeatureRenderer *renderer() const;
      |                                                       ^
/Users/calebbuahin/Documents/Projects/cbuahin_github/openswmm.gui/include/layers/openswmmvislayer.h:434:63: note: overridden virtual function is here
  434 |     [[nodiscard]] virtual OpenSWMM::Render::IFeatureRenderer *renderer() const { return nullptr; }
      |                                                               ^
In file included from /Users/calebbuahin/Documents/Projects/cbuahin_github/openswmm.gui/src/ui/dialogs/layerstyledialog.cpp:24:
/Users/calebbuahin/Documents/Projects/cbuahin_github/openswmm.gui/include/layers/gisvectorlayer.h:278:10: warning: 'setRenderer' overrides a member function but is not marked 'override' [-Winconsistent-missing-override]
  278 |     void setRenderer(std::unique_ptr<OpenSWMM::Render::IFeatureRenderer> r);
      |          ^
/Users/calebbuahin/Documents/Projects/cbuahin_github/openswmm.gui/include/layers/openswmmvislayer.h:440:18: note: overridden virtual function is here
  440 |     virtual void setRenderer(std::unique_ptr<OpenSWMM::Render::IFeatureRenderer>);
      |                  ^
In file included from /Users/calebbuahin/Documents/Projects/cbuahin_github/openswmm.gui/src/ui/dialogs/layerstyledialog.cpp:27:
/Users/calebbuahin/Documents/Projects/cbuahin_github/openswmm.gui/include/layers/swmmresultslayer.h:408:55: warning: 'renderer' overrides a member function but is not marked 'override' [-Winconsistent-missing-override]
  408 |     [[nodiscard]] OpenSWMM::Render::IFeatureRenderer *renderer() const;
      |                                                       ^
/Users/calebbuahin/Documents/Projects/cbuahin_github/openswmm.gui/include/layers/openswmmvislayer.h:434:63: note: overridden virtual function is here
  434 |     [[nodiscard]] virtual OpenSWMM::Render::IFeatureRenderer *renderer() const { return nullptr; }
      |                                                               ^
In file included from /Users/calebbuahin/Documents/Projects/cbuahin_github/openswmm.gui/src/ui/dialogs/layerstyledialog.cpp:27:
/Users/calebbuahin/Documents/Projects/cbuahin_github/openswmm.gui/include/layers/swmmresultslayer.h:417:10: warning: 'setRenderer' overrides a member function but is not marked 'override' [-Winconsistent-missing-override]
  417 |     void setRenderer(std::unique_ptr<OpenSWMM::Render::IFeatureRenderer> r);
      |          ^
/Users/calebbuahin/Documents/Projects/cbuahin_github/openswmm.gui/include/layers/openswmmvislayer.h:440:18: note: overridden virtual function is here
  440 |     virtual void setRenderer(std::unique_ptr<OpenSWMM::Render::IFeatureRenderer>);
      |                  ^
In file included from /Users/calebbuahin/Documents/Projects/cbuahin_github/openswmm.gui/src/ui/dialogs/layerstyledialog.cpp:28:
/Users/calebbuahin/Documents/Projects/cbuahin_github/openswmm.gui/include/layers/swmm2dresultslayer.h:544:55: warning: 'renderer' overrides a member function but is not marked 'override' [-Winconsistent-missing-override]
  544 |     [[nodiscard]] OpenSWMM::Render::IFeatureRenderer *renderer() const;
      |                                                       ^
/Users/calebbuahin/Documents/Projects/cbuahin_github/openswmm.gui/include/layers/openswmmvislayer.h:434:63: note: overridden virtual function is here
  434 |     [[nodiscard]] virtual OpenSWMM::Render::IFeatureRenderer *renderer() const { return nullptr; }
      |                                                               ^
In file included from /Users/calebbuahin/Documents/Projects/cbuahin_github/openswmm.gui/src/ui/dialogs/layerstyledialog.cpp:28:
/Users/calebbuahin/Documents/Projects/cbuahin_github/openswmm.gui/include/layers/swmm2dresultslayer.h:552:10: warning: 'setRenderer' overrides a member function but is not marked 'override' [-Winconsistent-missing-override]
  552 |     void setRenderer(std::unique_ptr<OpenSWMM::Render::IFeatureRenderer> r);
      |          ^
/Users/calebbuahin/Documents/Projects/cbuahin_github/openswmm.gui/include/layers/openswmmvislayer.h:440:18: note: overridden virtual function is here
  440 |     virtual void setRenderer(std::unique_ptr<OpenSWMM::Render::IFeatureRenderer>);
      |                  ^
6 warnings generated.
[105/375] Building CXX object tests/gui/CMakeFiles/test_meshimport.dir/__/__/src/ui/dialogs/addbasemapdialog.cpp.o
In file included from /Users/calebbuahin/Documents/Projects/cbuahin_github/openswmm.gui/src/ui/dialogs/addbasemapdialog.cpp:26:
In file included from /Users/calebbuahin/Documents/Projects/cbuahin_github/openswmm.gui/include/layers/wfslayer.h:27:
/Users/calebbuahin/Documents/Projects/cbuahin_github/openswmm.gui/include/layers/gisvectorlayer.h:270:55: warning: 'renderer' overrides a member function but is not marked 'override' [-Winconsistent-missing-override]
  270 |     [[nodiscard]] OpenSWMM::Render::IFeatureRenderer *renderer() const;
      |                                                       ^
/Users/calebbuahin/Documents/Projects/cbuahin_github/openswmm.gui/include/layers/openswmmvislayer.h:434:63: note: overridden virtual function is here
  434 |     [[nodiscard]] virtual OpenSWMM::Render::IFeatureRenderer *renderer() const { return nullptr; }
      |                                                               ^
In file included from /Users/calebbuahin/Documents/Projects/cbuahin_github/openswmm.gui/src/ui/dialogs/addbasemapdialog.cpp:26:
In file included from /Users/calebbuahin/Documents/Projects/cbuahin_github/openswmm.gui/include/layers/wfslayer.h:27:
/Users/calebbuahin/Documents/Projects/cbuahin_github/openswmm.gui/include/layers/gisvectorlayer.h:278:10: warning: 'setRenderer' overrides a member function but is not marked 'override' [-Winconsistent-missing-override]
  278 |     void setRenderer(std::unique_ptr<OpenSWMM::Render::IFeatureRenderer> r);
      |          ^
/Users/calebbuahin/Documents/Projects/cbuahin_github/openswmm.gui/include/layers/openswmmvislayer.h:440:18: note: overridden virtual function is here
  440 |     virtual void setRenderer(std::unique_ptr<OpenSWMM::Render::IFeatureRenderer>);
      |                  ^
2 warnings generated.
[106/375] Building CXX object tests/gui/CMakeFiles/test_dirtytracking_run.dir/__/__/src/swmmvis.cpp.o
In file included from /Users/calebbuahin/Documents/Projects/cbuahin_github/openswmm.gui/src/swmmvis.cpp:76:
In file included from /Users/calebbuahin/Documents/Projects/cbuahin_github/openswmm.gui/include/ui/dialogs/sublayerselectiondialog.h:19:
/Users/calebbuahin/Documents/Projects/cbuahin_github/openswmm.gui/include/layers/gisvectorlayer.h:270:55: warning: 'renderer' overrides a member function but is not marked 'override' [-Winconsistent-missing-override]
  270 |     [[nodiscard]] OpenSWMM::Render::IFeatureRenderer *renderer() const;
      |                                                       ^
/Users/calebbuahin/Documents/Projects/cbuahin_github/openswmm.gui/include/layers/openswmmvislayer.h:434:63: note: overridden virtual function is here
  434 |     [[nodiscard]] virtual OpenSWMM::Render::IFeatureRenderer *renderer() const { return nullptr; }
      |                                                               ^
In file included from /Users/calebbuahin/Documents/Projects/cbuahin_github/openswmm.gui/src/swmmvis.cpp:76:
In file included from /Users/calebbuahin/Documents/Projects/cbuahin_github/openswmm.gui/include/ui/dialogs/sublayerselectiondialog.h:19:
/Users/calebbuahin/Documents/Projects/cbuahin_github/openswmm.gui/include/layers/gisvectorlayer.h:278:10: warning: 'setRenderer' overrides a member function but is not marked 'override' [-Winconsistent-missing-override]
  278 |     void setRenderer(std::unique_ptr<OpenSWMM::Render::IFeatureRenderer> r);
      |          ^
/Users/calebbuahin/Documents/Projects/cbuahin_github/openswmm.gui/include/layers/openswmmvislayer.h:440:18: note: overridden virtual function is here
  440 |     virtual void setRenderer(std::unique_ptr<OpenSWMM::Render::IFeatureRenderer>);
      |                  ^
In file included from /Users/calebbuahin/Documents/Projects/cbuahin_github/openswmm.gui/src/swmmvis.cpp:89:
/Users/calebbuahin/Documents/Projects/cbuahin_github/openswmm.gui/include/core/swmmdatetime.h:61:12: warning: 'QDateTime' is deprecated: Pass QTimeZone instead [-Wdeprecated-declarations]
   61 |     return QDateTime(date, QTime(h, mi, s), Qt::UTC);
      |            ^
/Users/calebbuahin/Qt/6.9.3/macos/lib/QtCore.framework/Headers/qdatetime.h:361:5: note: 'QDateTime' has been explicitly marked deprecated here
  361 |     QT_DEPRECATED_VERSION_X_6_9("Pass QTimeZone instead")
      |     ^
/Users/calebbuahin/Qt/6.9.3/macos/lib/QtCore.framework/Headers/qtdeprecationmarkers.h:213:44: note: expanded from macro 'QT_DEPRECATED_VERSION_X_6_9'
  213 | # define QT_DEPRECATED_VERSION_X_6_9(text) QT_DEPRECATED_X(text)
      |                                            ^
/Users/calebbuahin/Qt/6.9.3/macos/lib/QtCore.framework/Headers/qtdeprecationmarkers.h:29:33: note: expanded from macro 'QT_DEPRECATED_X'
   29 | #  define QT_DEPRECATED_X(text) Q_DECL_DEPRECATED_X(text)
      |                                 ^
/Users/calebbuahin/Qt/6.9.3/macos/lib/QtCore.framework/Headers/qcompilerdetection.h:1011:36: note: expanded from macro 'Q_DECL_DEPRECATED_X'
 1011 | #  define Q_DECL_DEPRECATED_X(x) [[deprecated(x)]]
      |                                    ^
In file included from /Users/calebbuahin/Documents/Projects/cbuahin_github/openswmm.gui/src/swmmvis.cpp:89:
/Users/calebbuahin/Documents/Projects/cbuahin_github/openswmm.gui/include/core/swmmdatetime.h:61:12: warning: 'QDateTime' is deprecated: Pass QTimeZone instead [-Wdeprecated-declarations]
   61 |     return QDateTime(date, QTime(h, mi, s), Qt::UTC);
      |            ^
/Users/calebbuahin/Qt/6.9.3/macos/lib/QtCore.framework/Headers/qdatetime.h:361:5: note: 'QDateTime' has been explicitly marked deprecated here
  361 |     QT_DEPRECATED_VERSION_X_6_9("Pass QTimeZone instead")
      |     ^
/Users/calebbuahin/Qt/6.9.3/macos/lib/QtCore.framework/Headers/qtdeprecationmarkers.h:213:44: note: expanded from macro 'QT_DEPRECATED_VERSION_X_6_9'
  213 | # define QT_DEPRECATED_VERSION_X_6_9(text) QT_DEPRECATED_X(text)
      |                                            ^
/Users/calebbuahin/Qt/6.9.3/macos/lib/QtCore.framework/Headers/qtdeprecationmarkers.h:29:33: note: expanded from macro 'QT_DEPRECATED_X'
   29 | #  define QT_DEPRECATED_X(text) Q_DECL_DEPRECATED_X(text)
      |                                 ^
/Users/calebbuahin/Qt/6.9.3/macos/lib/QtCore.framework/Headers/qcompilerdetection.h:1011:36: note: expanded from macro 'Q_DECL_DEPRECATED_X'
 1011 | #  define Q_DECL_DEPRECATED_X(x) [[deprecated(x)]]
      |                                    ^
In file included from /Users/calebbuahin/Documents/Projects/cbuahin_github/openswmm.gui/src/swmmvis.cpp:136:
/Users/calebbuahin/Documents/Projects/cbuahin_github/openswmm.gui/include/layers/swmmresultslayer.h:408:55: warning: 'renderer' overrides a member function but is not marked 'override' [-Winconsistent-missing-override]
  408 |     [[nodiscard]] OpenSWMM::Render::IFeatureRenderer *renderer() const;
      |                                                       ^
/Users/calebbuahin/Documents/Projects/cbuahin_github/openswmm.gui/include/layers/openswmmvislayer.h:434:63: note: overridden virtual function is here
  434 |     [[nodiscard]] virtual OpenSWMM::Render::IFeatureRenderer *renderer() const { return nullptr; }
      |                                                               ^
In file included from /Users/calebbuahin/Documents/Projects/cbuahin_github/openswmm.gui/src/swmmvis.cpp:136:
/Users/calebbuahin/Documents/Projects/cbuahin_github/openswmm.gui/include/layers/swmmresultslayer.h:417:10: warning: 'setRenderer' overrides a member function but is not marked 'override' [-Winconsistent-missing-override]
  417 |     void setRenderer(std::unique_ptr<OpenSWMM::Render::IFeatureRenderer> r);
      |          ^
/Users/calebbuahin/Documents/Projects/cbuahin_github/openswmm.gui/include/layers/openswmmvislayer.h:440:18: note: overridden virtual function is here
  440 |     virtual void setRenderer(std::unique_ptr<OpenSWMM::Render::IFeatureRenderer>);
      |                  ^
In file included from /Users/calebbuahin/Documents/Projects/cbuahin_github/openswmm.gui/src/swmmvis.cpp:194:
/Users/calebbuahin/Documents/Projects/cbuahin_github/openswmm.gui/include/layers/swmm2dresultslayer.h:544:55: warning: 'renderer' overrides a member function but is not marked 'override' [-Winconsistent-missing-override]
  544 |     [[nodiscard]] OpenSWMM::Render::IFeatureRenderer *renderer() const;
      |                                                       ^
/Users/calebbuahin/Documents/Projects/cbuahin_github/openswmm.gui/include/layers/openswmmvislayer.h:434:63: note: overridden virtual function is here
  434 |     [[nodiscard]] virtual OpenSWMM::Render::IFeatureRenderer *renderer() const { return nullptr; }
      |                                                               ^
In file included from /Users/calebbuahin/Documents/Projects/cbuahin_github/openswmm.gui/src/swmmvis.cpp:194:
/Users/calebbuahin/Documents/Projects/cbuahin_github/openswmm.gui/include/layers/swmm2dresultslayer.h:552:10: warning: 'setRenderer' overrides a member function but is not marked 'override' [-Winconsistent-missing-override]
  552 |     void setRenderer(std::unique_ptr<OpenSWMM::Render::IFeatureRenderer> r);
      |          ^
/Users/calebbuahin/Documents/Projects/cbuahin_github/openswmm.gui/include/layers/openswmmvislayer.h:440:18: note: overridden virtual function is here
  440 |     virtual void setRenderer(std::unique_ptr<OpenSWMM::Render::IFeatureRenderer>);
      |                  ^
8 warnings generated.
[107/375] Building CXX object tests/gui/CMakeFiles/test_meshimport.dir/__/__/src/ui/widgets/basemaphttpheaderswidget.cpp.o
[108/375] Building CXX object tests/gui/CMakeFiles/test_meshsavedirty.dir/__/__/src/swmmvis.cpp.o
In file included from /Users/calebbuahin/Documents/Projects/cbuahin_github/openswmm.gui/src/swmmvis.cpp:76:
In file included from /Users/calebbuahin/Documents/Projects/cbuahin_github/openswmm.gui/include/ui/dialogs/sublayerselectiondialog.h:19:
/Users/calebbuahin/Documents/Projects/cbuahin_github/openswmm.gui/include/layers/gisvectorlayer.h:270:55: warning: 'renderer' overrides a member function but is not marked 'override' [-Winconsistent-missing-override]
  270 |     [[nodiscard]] OpenSWMM::Render::IFeatureRenderer *renderer() const;
      |                                                       ^
/Users/calebbuahin/Documents/Projects/cbuahin_github/openswmm.gui/include/layers/openswmmvislayer.h:434:63: note: overridden virtual function is here
  434 |     [[nodiscard]] virtual OpenSWMM::Render::IFeatureRenderer *renderer() const { return nullptr; }
      |                                                               ^
In file included from /Users/calebbuahin/Documents/Projects/cbuahin_github/openswmm.gui/src/swmmvis.cpp:76:
In file included from /Users/calebbuahin/Documents/Projects/cbuahin_github/openswmm.gui/include/ui/dialogs/sublayerselectiondialog.h:19:
/Users/calebbuahin/Documents/Projects/cbuahin_github/openswmm.gui/include/layers/gisvectorlayer.h:278:10: warning: 'setRenderer' overrides a member function but is not marked 'override' [-Winconsistent-missing-override]
  278 |     void setRenderer(std::unique_ptr<OpenSWMM::Render::IFeatureRenderer> r);
      |          ^
/Users/calebbuahin/Documents/Projects/cbuahin_github/openswmm.gui/include/layers/openswmmvislayer.h:440:18: note: overridden virtual function is here
  440 |     virtual void setRenderer(std::unique_ptr<OpenSWMM::Render::IFeatureRenderer>);
      |                  ^
In file included from /Users/calebbuahin/Documents/Projects/cbuahin_github/openswmm.gui/src/swmmvis.cpp:89:
/Users/calebbuahin/Documents/Projects/cbuahin_github/openswmm.gui/include/core/swmmdatetime.h:61:12: warning: 'QDateTime' is deprecated: Pass QTimeZone instead [-Wdeprecated-declarations]
   61 |     return QDateTime(date, QTime(h, mi, s), Qt::UTC);
      |            ^
/Users/calebbuahin/Qt/6.9.3/macos/lib/QtCore.framework/Headers/qdatetime.h:361:5: note: 'QDateTime' has been explicitly marked deprecated here
  361 |     QT_DEPRECATED_VERSION_X_6_9("Pass QTimeZone instead")
      |     ^
/Users/calebbuahin/Qt/6.9.3/macos/lib/QtCore.framework/Headers/qtdeprecationmarkers.h:213:44: note: expanded from macro 'QT_DEPRECATED_VERSION_X_6_9'
  213 | # define QT_DEPRECATED_VERSION_X_6_9(text) QT_DEPRECATED_X(text)
      |                                            ^
/Users/calebbuahin/Qt/6.9.3/macos/lib/QtCore.framework/Headers/qtdeprecationmarkers.h:29:33: note: expanded from macro 'QT_DEPRECATED_X'
   29 | #  define QT_DEPRECATED_X(text) Q_DECL_DEPRECATED_X(text)
      |                                 ^
/Users/calebbuahin/Qt/6.9.3/macos/lib/QtCore.framework/Headers/qcompilerdetection.h:1011:36: note: expanded from macro 'Q_DECL_DEPRECATED_X'
 1011 | #  define Q_DECL_DEPRECATED_X(x) [[deprecated(x)]]
      |                                    ^
In file included from /Users/calebbuahin/Documents/Projects/cbuahin_github/openswmm.gui/src/swmmvis.cpp:89:
/Users/calebbuahin/Documents/Projects/cbuahin_github/openswmm.gui/include/core/swmmdatetime.h:61:12: warning: 'QDateTime' is deprecated: Pass QTimeZone instead [-Wdeprecated-declarations]
   61 |     return QDateTime(date, QTime(h, mi, s), Qt::UTC);
      |            ^
/Users/calebbuahin/Qt/6.9.3/macos/lib/QtCore.framework/Headers/qdatetime.h:361:5: note: 'QDateTime' has been explicitly marked deprecated here
  361 |     QT_DEPRECATED_VERSION_X_6_9("Pass QTimeZone instead")
      |     ^
/Users/calebbuahin/Qt/6.9.3/macos/lib/QtCore.framework/Headers/qtdeprecationmarkers.h:213:44: note: expanded from macro 'QT_DEPRECATED_VERSION_X_6_9'
  213 | # define QT_DEPRECATED_VERSION_X_6_9(text) QT_DEPRECATED_X(text)
      |                                            ^
/Users/calebbuahin/Qt/6.9.3/macos/lib/QtCore.framework/Headers/qtdeprecationmarkers.h:29:33: note: expanded from macro 'QT_DEPRECATED_X'
   29 | #  define QT_DEPRECATED_X(text) Q_DECL_DEPRECATED_X(text)
      |                                 ^
/Users/calebbuahin/Qt/6.9.3/macos/lib/QtCore.framework/Headers/qcompilerdetection.h:1011:36: note: expanded from macro 'Q_DECL_DEPRECATED_X'
 1011 | #  define Q_DECL_DEPRECATED_X(x) [[deprecated(x)]]
      |                                    ^
In file included from /Users/calebbuahin/Documents/Projects/cbuahin_github/openswmm.gui/src/swmmvis.cpp:136:
/Users/calebbuahin/Documents/Projects/cbuahin_github/openswmm.gui/include/layers/swmmresultslayer.h:408:55: warning: 'renderer' overrides a member function but is not marked 'override' [-Winconsistent-missing-override]
  408 |     [[nodiscard]] OpenSWMM::Render::IFeatureRenderer *renderer() const;
      |                                                       ^
/Users/calebbuahin/Documents/Projects/cbuahin_github/openswmm.gui/include/layers/openswmmvislayer.h:434:63: note: overridden virtual function is here
  434 |     [[nodiscard]] virtual OpenSWMM::Render::IFeatureRenderer *renderer() const { return nullptr; }
      |                                                               ^
In file included from /Users/calebbuahin/Documents/Projects/cbuahin_github/openswmm.gui/src/swmmvis.cpp:136:
/Users/calebbuahin/Documents/Projects/cbuahin_github/openswmm.gui/include/layers/swmmresultslayer.h:417:10: warning: 'setRenderer' overrides a member function but is not marked 'override' [-Winconsistent-missing-override]
  417 |     void setRenderer(std::unique_ptr<OpenSWMM::Render::IFeatureRenderer> r);
      |          ^
/Users/calebbuahin/Documents/Projects/cbuahin_github/openswmm.gui/include/layers/openswmmvislayer.h:440:18: note: overridden virtual function is here
  440 |     virtual void setRenderer(std::unique_ptr<OpenSWMM::Render::IFeatureRenderer>);
      |                  ^
In file included from /Users/calebbuahin/Documents/Projects/cbuahin_github/openswmm.gui/src/swmmvis.cpp:194:
/Users/calebbuahin/Documents/Projects/cbuahin_github/openswmm.gui/include/layers/swmm2dresultslayer.h:544:55: warning: 'renderer' overrides a member function but is not marked 'override' [-Winconsistent-missing-override]
  544 |     [[nodiscard]] OpenSWMM::Render::IFeatureRenderer *renderer() const;
      |                                                       ^
/Users/calebbuahin/Documents/Projects/cbuahin_github/openswmm.gui/include/layers/openswmmvislayer.h:434:63: note: overridden virtual function is here
  434 |     [[nodiscard]] virtual OpenSWMM::Render::IFeatureRenderer *renderer() const { return nullptr; }
      |                                                               ^
In file included from /Users/calebbuahin/Documents/Projects/cbuahin_github/openswmm.gui/src/swmmvis.cpp:194:
/Users/calebbuahin/Documents/Projects/cbuahin_github/openswmm.gui/include/layers/swmm2dresultslayer.h:552:10: warning: 'setRenderer' overrides a member function but is not marked 'override' [-Winconsistent-missing-override]
  552 |     void setRenderer(std::unique_ptr<OpenSWMM::Render::IFeatureRenderer> r);
      |          ^
/Users/calebbuahin/Documents/Projects/cbuahin_github/openswmm.gui/include/layers/openswmmvislayer.h:440:18: note: overridden virtual function is here
  440 |     virtual void setRenderer(std::unique_ptr<OpenSWMM::Render::IFeatureRenderer>);
      |                  ^
8 warnings generated.
[109/375] Building CXX object tests/gui/CMakeFiles/test_2dresults_vizfixes.dir/__/__/src/connections/basemapconnectionstore.cpp.o
[110/375] Building CXX object tests/gui/CMakeFiles/test_2dresults_vizfixes.dir/__/__/src/layers/xyztilelayer.cpp.o
[111/375] Building CXX object tests/gui/CMakeFiles/test_2dresults_vizfixes.dir/__/__/src/map/mapcanvas.cpp.o
In file included from /Users/calebbuahin/Documents/Projects/cbuahin_github/openswmm.gui/src/map/mapcanvas.cpp:20:
/Users/calebbuahin/Documents/Projects/cbuahin_github/openswmm.gui/include/layers/gisvectorlayer.h:270:55: warning: 'renderer' overrides a member function but is not marked 'override' [-Winconsistent-missing-override]
  270 |     [[nodiscard]] OpenSWMM::Render::IFeatureRenderer *renderer() const;
      |                                                       ^
/Users/calebbuahin/Documents/Projects/cbuahin_github/openswmm.gui/include/layers/openswmmvislayer.h:434:63: note: overridden virtual function is here
  434 |     [[nodiscard]] virtual OpenSWMM::Render::IFeatureRenderer *renderer() const { return nullptr; }
      |                                                               ^
In file included from /Users/calebbuahin/Documents/Projects/cbuahin_github/openswmm.gui/src/map/mapcanvas.cpp:20:
/Users/calebbuahin/Documents/Projects/cbuahin_github/openswmm.gui/include/layers/gisvectorlayer.h:278:10: warning: 'setRenderer' overrides a member function but is not marked 'override' [-Winconsistent-missing-override]
  278 |     void setRenderer(std::unique_ptr<OpenSWMM::Render::IFeatureRenderer> r);
      |          ^
/Users/calebbuahin/Documents/Projects/cbuahin_github/openswmm.gui/include/layers/openswmmvislayer.h:440:18: note: overridden virtual function is here
  440 |     virtual void setRenderer(std::unique_ptr<OpenSWMM::Render::IFeatureRenderer>);
      |                  ^
In file included from /Users/calebbuahin/Documents/Projects/cbuahin_github/openswmm.gui/src/map/mapcanvas.cpp:31:
/Users/calebbuahin/Documents/Projects/cbuahin_github/openswmm.gui/include/layers/swmm2dresultslayer.h:544:55: warning: 'renderer' overrides a member function but is not marked 'override' [-Winconsistent-missing-override]
  544 |     [[nodiscard]] OpenSWMM::Render::IFeatureRenderer *renderer() const;
      |                                                       ^
/Users/calebbuahin/Documents/Projects/cbuahin_github/openswmm.gui/include/layers/openswmmvislayer.h:434:63: note: overridden virtual function is here
  434 |     [[nodiscard]] virtual OpenSWMM::Render::IFeatureRenderer *renderer() const { return nullptr; }
      |                                                               ^
In file included from /Users/calebbuahin/Documents/Projects/cbuahin_github/openswmm.gui/src/map/mapcanvas.cpp:31:
/Users/calebbuahin/Documents/Projects/cbuahin_github/openswmm.gui/include/layers/swmm2dresultslayer.h:552:10: warning: 'setRenderer' overrides a member function but is not marked 'override' [-Winconsistent-missing-override]
  552 |     void setRenderer(std::unique_ptr<OpenSWMM::Render::IFeatureRenderer> r);
      |          ^
/Users/calebbuahin/Documents/Projects/cbuahin_github/openswmm.gui/include/layers/openswmmvislayer.h:440:18: note: overridden virtual function is here
  440 |     virtual void setRenderer(std::unique_ptr<OpenSWMM::Render::IFeatureRenderer>);
      |                  ^
4 warnings generated.
[112/375] Building CXX object tests/gui/CMakeFiles/test_registry_rename.dir/test_registry_rename_autogen/mocs_compilation.cpp.o
In file included from /Users/calebbuahin/Documents/Projects/cbuahin_github/openswmm.gui/build/tests/gui/test_registry_rename_autogen/mocs_compilation.cpp:2:
In file included from /Users/calebbuahin/Documents/Projects/cbuahin_github/openswmm.gui/build/tests/gui/test_registry_rename_autogen/MAYCBHTXLP/moc_animationcontroller.cpp:9:
In file included from /Users/calebbuahin/Documents/Projects/cbuahin_github/openswmm.gui/build/tests/gui/test_registry_rename_autogen/MAYCBHTXLP/../../../../../include/animation/animationcontroller.h:33:
/Users/calebbuahin/Documents/Projects/cbuahin_github/openswmm.gui/include/layers/swmm2dresultslayer.h:544:55: warning: 'renderer' overrides a member function but is not marked 'override' [-Winconsistent-missing-override]
  544 |     [[nodiscard]] OpenSWMM::Render::IFeatureRenderer *renderer() const;
      |                                                       ^
/Users/calebbuahin/Documents/Projects/cbuahin_github/openswmm.gui/include/layers/openswmmvislayer.h:434:63: note: overridden virtual function is here
  434 |     [[nodiscard]] virtual OpenSWMM::Render::IFeatureRenderer *renderer() const { return nullptr; }
      |                                                               ^
In file included from /Users/calebbuahin/Documents/Projects/cbuahin_github/openswmm.gui/build/tests/gui/test_registry_rename_autogen/mocs_compilation.cpp:2:
In file included from /Users/calebbuahin/Documents/Projects/cbuahin_github/openswmm.gui/build/tests/gui/test_registry_rename_autogen/MAYCBHTXLP/moc_animationcontroller.cpp:9:
In file included from /Users/calebbuahin/Documents/Projects/cbuahin_github/openswmm.gui/build/tests/gui/test_registry_rename_autogen/MAYCBHTXLP/../../../../../include/animation/animationcontroller.h:33:
/Users/calebbuahin/Documents/Projects/cbuahin_github/openswmm.gui/include/layers/swmm2dresultslayer.h:552:10: warning: 'setRenderer' overrides a member function but is not marked 'override' [-Winconsistent-missing-override]
  552 |     void setRenderer(std::unique_ptr<OpenSWMM::Render::IFeatureRenderer> r);
      |          ^
/Users/calebbuahin/Documents/Projects/cbuahin_github/openswmm.gui/include/layers/openswmmvislayer.h:440:18: note: overridden virtual function is here
  440 |     virtual void setRenderer(std::unique_ptr<OpenSWMM::Render::IFeatureRenderer>);
      |                  ^
In file included from /Users/calebbuahin/Documents/Projects/cbuahin_github/openswmm.gui/build/tests/gui/test_registry_rename_autogen/mocs_compilation.cpp:28:
In file included from /Users/calebbuahin/Documents/Projects/cbuahin_github/openswmm.gui/build/tests/gui/test_registry_rename_autogen/COIIM6MLNP/moc_gisvectorlayer.cpp:9:
/Users/calebbuahin/Documents/Projects/cbuahin_github/openswmm.gui/build/tests/gui/test_registry_rename_autogen/COIIM6MLNP/../../../../../include/layers/gisvectorlayer.h:270:55: warning: 'renderer' overrides a member function but is not marked 'override' [-Winconsistent-missing-override]
  270 |     [[nodiscard]] OpenSWMM::Render::IFeatureRenderer *renderer() const;
      |                                                       ^
/Users/calebbuahin/Documents/Projects/cbuahin_github/openswmm.gui/include/layers/openswmmvislayer.h:434:63: note: overridden virtual function is here
  434 |     [[nodiscard]] virtual OpenSWMM::Render::IFeatureRenderer *renderer() const { return nullptr; }
      |                                                               ^
In file included from /Users/calebbuahin/Documents/Projects/cbuahin_github/openswmm.gui/build/tests/gui/test_registry_rename_autogen/mocs_compilation.cpp:28:
In file included from /Users/calebbuahin/Documents/Projects/cbuahin_github/openswmm.gui/build/tests/gui/test_registry_rename_autogen/COIIM6MLNP/moc_gisvectorlayer.cpp:9:
/Users/calebbuahin/Documents/Projects/cbuahin_github/openswmm.gui/build/tests/gui/test_registry_rename_autogen/COIIM6MLNP/../../../../../include/layers/gisvectorlayer.h:278:10: warning: 'setRenderer' overrides a member function but is not marked 'override' [-Winconsistent-missing-override]
  278 |     void setRenderer(std::unique_ptr<OpenSWMM::Render::IFeatureRenderer> r);
      |          ^
/Users/calebbuahin/Documents/Projects/cbuahin_github/openswmm.gui/include/layers/openswmmvislayer.h:440:18: note: overridden virtual function is here
  440 |     virtual void setRenderer(std::unique_ptr<OpenSWMM::Render::IFeatureRenderer>);
      |                  ^
In file included from /Users/calebbuahin/Documents/Projects/cbuahin_github/openswmm.gui/build/tests/gui/test_registry_rename_autogen/mocs_compilation.cpp:36:
In file included from /Users/calebbuahin/Documents/Projects/cbuahin_github/openswmm.gui/build/tests/gui/test_registry_rename_autogen/COIIM6MLNP/moc_swmmresultslayer.cpp:9:
/Users/calebbuahin/Documents/Projects/cbuahin_github/openswmm.gui/build/tests/gui/test_registry_rename_autogen/COIIM6MLNP/../../../../../include/layers/swmmresultslayer.h:408:55: warning: 'renderer' overrides a member function but is not marked 'override' [-Winconsistent-missing-override]
  408 |     [[nodiscard]] OpenSWMM::Render::IFeatureRenderer *renderer() const;
      |                                                       ^
/Users/calebbuahin/Documents/Projects/cbuahin_github/openswmm.gui/include/layers/openswmmvislayer.h:434:63: note: overridden virtual function is here
  434 |     [[nodiscard]] virtual OpenSWMM::Render::IFeatureRenderer *renderer() const { return nullptr; }
      |                                                               ^
In file included from /Users/calebbuahin/Documents/Projects/cbuahin_github/openswmm.gui/build/tests/gui/test_registry_rename_autogen/mocs_compilation.cpp:36:
In file included from /Users/calebbuahin/Documents/Projects/cbuahin_github/openswmm.gui/build/tests/gui/test_registry_rename_autogen/COIIM6MLNP/moc_swmmresultslayer.cpp:9:
/Users/calebbuahin/Documents/Projects/cbuahin_github/openswmm.gui/build/tests/gui/test_registry_rename_autogen/COIIM6MLNP/../../../../../include/layers/swmmresultslayer.h:417:10: warning: 'setRenderer' overrides a member function but is not marked 'override' [-Winconsistent-missing-override]
  417 |     void setRenderer(std::unique_ptr<OpenSWMM::Render::IFeatureRenderer> r);
      |          ^
/Users/calebbuahin/Documents/Projects/cbuahin_github/openswmm.gui/include/layers/openswmmvislayer.h:440:18: note: overridden virtual function is here
  440 |     virtual void setRenderer(std::unique_ptr<OpenSWMM::Render::IFeatureRenderer>);
      |                  ^
6 warnings generated.
[113/375] Building CXX object tests/gui/CMakeFiles/test_2dresults_vizfixes.dir/__/__/src/project/projectserializer.cpp.o
In file included from /Users/calebbuahin/Documents/Projects/cbuahin_github/openswmm.gui/src/project/projectserializer.cpp:12:
/Users/calebbuahin/Documents/Projects/cbuahin_github/openswmm.gui/include/layers/gisvectorlayer.h:270:55: warning: 'renderer' overrides a member function but is not marked 'override' [-Winconsistent-missing-override]
  270 |     [[nodiscard]] OpenSWMM::Render::IFeatureRenderer *renderer() const;
      |                                                       ^
/Users/calebbuahin/Documents/Projects/cbuahin_github/openswmm.gui/include/layers/openswmmvislayer.h:434:63: note: overridden virtual function is here
  434 |     [[nodiscard]] virtual OpenSWMM::Render::IFeatureRenderer *renderer() const { return nullptr; }
      |                                                               ^
In file included from /Users/calebbuahin/Documents/Projects/cbuahin_github/openswmm.gui/src/project/projectserializer.cpp:12:
/Users/calebbuahin/Documents/Projects/cbuahin_github/openswmm.gui/include/layers/gisvectorlayer.h:278:10: warning: 'setRenderer' overrides a member function but is not marked 'override' [-Winconsistent-missing-override]
  278 |     void setRenderer(std::unique_ptr<OpenSWMM::Render::IFeatureRenderer> r);
      |          ^
/Users/calebbuahin/Documents/Projects/cbuahin_github/openswmm.gui/include/layers/openswmmvislayer.h:440:18: note: overridden virtual function is here
  440 |     virtual void setRenderer(std::unique_ptr<OpenSWMM::Render::IFeatureRenderer>);
      |                  ^
In file included from /Users/calebbuahin/Documents/Projects/cbuahin_github/openswmm.gui/src/project/projectserializer.cpp:15:
/Users/calebbuahin/Documents/Projects/cbuahin_github/openswmm.gui/include/layers/swmm2dresultslayer.h:544:55: warning: 'renderer' overrides a member function but is not marked 'override' [-Winconsistent-missing-override]
  544 |     [[nodiscard]] OpenSWMM::Render::IFeatureRenderer *renderer() const;
      |                                                       ^
/Users/calebbuahin/Documents/Projects/cbuahin_github/openswmm.gui/include/layers/openswmmvislayer.h:434:63: note: overridden virtual function is here
  434 |     [[nodiscard]] virtual OpenSWMM::Render::IFeatureRenderer *renderer() const { return nullptr; }
      |                                                               ^
In file included from /Users/calebbuahin/Documents/Projects/cbuahin_github/openswmm.gui/src/project/projectserializer.cpp:15:
/Users/calebbuahin/Documents/Projects/cbuahin_github/openswmm.gui/include/layers/swmm2dresultslayer.h:552:10: warning: 'setRenderer' overrides a member function but is not marked 'override' [-Winconsistent-missing-override]
  552 |     void setRenderer(std::unique_ptr<OpenSWMM::Render::IFeatureRenderer> r);
      |          ^
/Users/calebbuahin/Documents/Projects/cbuahin_github/openswmm.gui/include/layers/openswmmvislayer.h:440:18: note: overridden virtual function is here
  440 |     virtual void setRenderer(std::unique_ptr<OpenSWMM::Render::IFeatureRenderer>);
      |                  ^
In file included from /Users/calebbuahin/Documents/Projects/cbuahin_github/openswmm.gui/src/project/projectserializer.cpp:17:
/Users/calebbuahin/Documents/Projects/cbuahin_github/openswmm.gui/include/layers/swmmresultslayer.h:408:55: warning: 'renderer' overrides a member function but is not marked 'override' [-Winconsistent-missing-override]
  408 |     [[nodiscard]] OpenSWMM::Render::IFeatureRenderer *renderer() const;
      |                                                       ^
/Users/calebbuahin/Documents/Projects/cbuahin_github/openswmm.gui/include/layers/openswmmvislayer.h:434:63: note: overridden virtual function is here
  434 |     [[nodiscard]] virtual OpenSWMM::Render::IFeatureRenderer *renderer() const { return nullptr; }
      |                                                               ^
In file included from /Users/calebbuahin/Documents/Projects/cbuahin_github/openswmm.gui/src/project/projectserializer.cpp:17:
/Users/calebbuahin/Documents/Projects/cbuahin_github/openswmm.gui/include/layers/swmmresultslayer.h:417:10: warning: 'setRenderer' overrides a member function but is not marked 'override' [-Winconsistent-missing-override]
  417 |     void setRenderer(std::unique_ptr<OpenSWMM::Render::IFeatureRenderer> r);
      |          ^
/Users/calebbuahin/Documents/Projects/cbuahin_github/openswmm.gui/include/layers/openswmmvislayer.h:440:18: note: overridden virtual function is here
  440 |     virtual void setRenderer(std::unique_ptr<OpenSWMM::Render::IFeatureRenderer>);
      |                  ^
6 warnings generated.
[114/375] Building CXX object tests/gui/CMakeFiles/test_2dresults_vizfixes.dir/__/__/src/ui/dialogs/layerstyledialog.cpp.o
In file included from /Users/calebbuahin/Documents/Projects/cbuahin_github/openswmm.gui/src/ui/dialogs/layerstyledialog.cpp:24:
/Users/calebbuahin/Documents/Projects/cbuahin_github/openswmm.gui/include/layers/gisvectorlayer.h:270:55: warning: 'renderer' overrides a member function but is not marked 'override' [-Winconsistent-missing-override]
  270 |     [[nodiscard]] OpenSWMM::Render::IFeatureRenderer *renderer() const;
      |                                                       ^
/Users/calebbuahin/Documents/Projects/cbuahin_github/openswmm.gui/include/layers/openswmmvislayer.h:434:63: note: overridden virtual function is here
  434 |     [[nodiscard]] virtual OpenSWMM::Render::IFeatureRenderer *renderer() const { return nullptr; }
      |                                                               ^
In file included from /Users/calebbuahin/Documents/Projects/cbuahin_github/openswmm.gui/src/ui/dialogs/layerstyledialog.cpp:24:
/Users/calebbuahin/Documents/Projects/cbuahin_github/openswmm.gui/include/layers/gisvectorlayer.h:278:10: warning: 'setRenderer' overrides a member function but is not marked 'override' [-Winconsistent-missing-override]
  278 |     void setRenderer(std::unique_ptr<OpenSWMM::Render::IFeatureRenderer> r);
      |          ^
/Users/calebbuahin/Documents/Projects/cbuahin_github/openswmm.gui/include/layers/openswmmvislayer.h:440:18: note: overridden virtual function is here
  440 |     virtual void setRenderer(std::unique_ptr<OpenSWMM::Render::IFeatureRenderer>);
      |                  ^
In file included from /Users/calebbuahin/Documents/Projects/cbuahin_github/openswmm.gui/src/ui/dialogs/layerstyledialog.cpp:27:
/Users/calebbuahin/Documents/Projects/cbuahin_github/openswmm.gui/include/layers/swmmresultslayer.h:408:55: warning: 'renderer' overrides a member function but is not marked 'override' [-Winconsistent-missing-override]
  408 |     [[nodiscard]] OpenSWMM::Render::IFeatureRenderer *renderer() const;
      |                                                       ^
/Users/calebbuahin/Documents/Projects/cbuahin_github/openswmm.gui/include/layers/openswmmvislayer.h:434:63: note: overridden virtual function is here
  434 |     [[nodiscard]] virtual OpenSWMM::Render::IFeatureRenderer *renderer() const { return nullptr; }
      |                                                               ^
In file included from /Users/calebbuahin/Documents/Projects/cbuahin_github/openswmm.gui/src/ui/dialogs/layerstyledialog.cpp:27:
/Users/calebbuahin/Documents/Projects/cbuahin_github/openswmm.gui/include/layers/swmmresultslayer.h:417:10: warning: 'setRenderer' overrides a member function but is not marked 'override' [-Winconsistent-missing-override]
  417 |     void setRenderer(std::unique_ptr<OpenSWMM::Render::IFeatureRenderer> r);
      |          ^
/Users/calebbuahin/Documents/Projects/cbuahin_github/openswmm.gui/include/layers/openswmmvislayer.h:440:18: note: overridden virtual function is here
  440 |     virtual void setRenderer(std::unique_ptr<OpenSWMM::Render::IFeatureRenderer>);
      |                  ^
In file included from /Users/calebbuahin/Documents/Projects/cbuahin_github/openswmm.gui/src/ui/dialogs/layerstyledialog.cpp:28:
/Users/calebbuahin/Documents/Projects/cbuahin_github/openswmm.gui/include/layers/swmm2dresultslayer.h:544:55: warning: 'renderer' overrides a member function but is not marked 'override' [-Winconsistent-missing-override]
  544 |     [[nodiscard]] OpenSWMM::Render::IFeatureRenderer *renderer() const;
      |                                                       ^
/Users/calebbuahin/Documents/Projects/cbuahin_github/openswmm.gui/include/layers/openswmmvislayer.h:434:63: note: overridden virtual function is here
  434 |     [[nodiscard]] virtual OpenSWMM::Render::IFeatureRenderer *renderer() const { return nullptr; }
      |                                                               ^
In file included from /Users/calebbuahin/Documents/Projects/cbuahin_github/openswmm.gui/src/ui/dialogs/layerstyledialog.cpp:28:
/Users/calebbuahin/Documents/Projects/cbuahin_github/openswmm.gui/include/layers/swmm2dresultslayer.h:552:10: warning: 'setRenderer' overrides a member function but is not marked 'override' [-Winconsistent-missing-override]
  552 |     void setRenderer(std::unique_ptr<OpenSWMM::Render::IFeatureRenderer> r);
      |          ^
/Users/calebbuahin/Documents/Projects/cbuahin_github/openswmm.gui/include/layers/openswmmvislayer.h:440:18: note: overridden virtual function is here
  440 |     virtual void setRenderer(std::unique_ptr<OpenSWMM::Render::IFeatureRenderer>);
      |                  ^
6 warnings generated.
[115/375] Building CXX object tests/gui/CMakeFiles/test_2dresults_vizfixes.dir/__/__/src/ui/dialogs/addbasemapdialog.cpp.o
In file included from /Users/calebbuahin/Documents/Projects/cbuahin_github/openswmm.gui/src/ui/dialogs/addbasemapdialog.cpp:26:
In file included from /Users/calebbuahin/Documents/Projects/cbuahin_github/openswmm.gui/include/layers/wfslayer.h:27:
/Users/calebbuahin/Documents/Projects/cbuahin_github/openswmm.gui/include/layers/gisvectorlayer.h:270:55: warning: 'renderer' overrides a member function but is not marked 'override' [-Winconsistent-missing-override]
  270 |     [[nodiscard]] OpenSWMM::Render::IFeatureRenderer *renderer() const;
      |                                                       ^
/Users/calebbuahin/Documents/Projects/cbuahin_github/openswmm.gui/include/layers/openswmmvislayer.h:434:63: note: overridden virtual function is here
  434 |     [[nodiscard]] virtual OpenSWMM::Render::IFeatureRenderer *renderer() const { return nullptr; }
      |                                                               ^
In file included from /Users/calebbuahin/Documents/Projects/cbuahin_github/openswmm.gui/src/ui/dialogs/addbasemapdialog.cpp:26:
In file included from /Users/calebbuahin/Documents/Projects/cbuahin_github/openswmm.gui/include/layers/wfslayer.h:27:
/Users/calebbuahin/Documents/Projects/cbuahin_github/openswmm.gui/include/layers/gisvectorlayer.h:278:10: warning: 'setRenderer' overrides a member function but is not marked 'override' [-Winconsistent-missing-override]
  278 |     void setRenderer(std::unique_ptr<OpenSWMM::Render::IFeatureRenderer> r);
      |          ^
/Users/calebbuahin/Documents/Projects/cbuahin_github/openswmm.gui/include/layers/openswmmvislayer.h:440:18: note: overridden virtual function is here
  440 |     virtual void setRenderer(std::unique_ptr<OpenSWMM::Render::IFeatureRenderer>);
      |                  ^
2 warnings generated.
[116/375] Building CXX object tests/gui/CMakeFiles/test_2dresults_vizfixes.dir/__/__/src/ui/widgets/basemaphttpheaderswidget.cpp.o
[117/375] Building CXX object tests/gui/CMakeFiles/test_dirtytracking_run.dir/test_dirtytracking_run_autogen/mocs_compilation.cpp.o
In file included from /Users/calebbuahin/Documents/Projects/cbuahin_github/openswmm.gui/build/tests/gui/test_dirtytracking_run_autogen/mocs_compilation.cpp:2:
In file included from /Users/calebbuahin/Documents/Projects/cbuahin_github/openswmm.gui/build/tests/gui/test_dirtytracking_run_autogen/MAYCBHTXLP/moc_animationcontroller.cpp:9:
In file included from /Users/calebbuahin/Documents/Projects/cbuahin_github/openswmm.gui/build/tests/gui/test_dirtytracking_run_autogen/MAYCBHTXLP/../../../../../include/animation/animationcontroller.h:33:
/Users/calebbuahin/Documents/Projects/cbuahin_github/openswmm.gui/include/layers/swmm2dresultslayer.h:544:55: warning: 'renderer' overrides a member function but is not marked 'override' [-Winconsistent-missing-override]
  544 |     [[nodiscard]] OpenSWMM::Render::IFeatureRenderer *renderer() const;
      |                                                       ^
/Users/calebbuahin/Documents/Projects/cbuahin_github/openswmm.gui/include/layers/openswmmvislayer.h:434:63: note: overridden virtual function is here
  434 |     [[nodiscard]] virtual OpenSWMM::Render::IFeatureRenderer *renderer() const { return nullptr; }
      |                                                               ^
In file included from /Users/calebbuahin/Documents/Projects/cbuahin_github/openswmm.gui/build/tests/gui/test_dirtytracking_run_autogen/mocs_compilation.cpp:2:
In file included from /Users/calebbuahin/Documents/Projects/cbuahin_github/openswmm.gui/build/tests/gui/test_dirtytracking_run_autogen/MAYCBHTXLP/moc_animationcontroller.cpp:9:
In file included from /Users/calebbuahin/Documents/Projects/cbuahin_github/openswmm.gui/build/tests/gui/test_dirtytracking_run_autogen/MAYCBHTXLP/../../../../../include/animation/animationcontroller.h:33:
/Users/calebbuahin/Documents/Projects/cbuahin_github/openswmm.gui/include/layers/swmm2dresultslayer.h:552:10: warning: 'setRenderer' overrides a member function but is not marked 'override' [-Winconsistent-missing-override]
  552 |     void setRenderer(std::unique_ptr<OpenSWMM::Render::IFeatureRenderer> r);
      |          ^
/Users/calebbuahin/Documents/Projects/cbuahin_github/openswmm.gui/include/layers/openswmmvislayer.h:440:18: note: overridden virtual function is here
  440 |     virtual void setRenderer(std::unique_ptr<OpenSWMM::Render::IFeatureRenderer>);
      |                  ^
In file included from /Users/calebbuahin/Documents/Projects/cbuahin_github/openswmm.gui/build/tests/gui/test_dirtytracking_run_autogen/mocs_compilation.cpp:28:
In file included from /Users/calebbuahin/Documents/Projects/cbuahin_github/openswmm.gui/build/tests/gui/test_dirtytracking_run_autogen/COIIM6MLNP/moc_gisvectorlayer.cpp:9:
/Users/calebbuahin/Documents/Projects/cbuahin_github/openswmm.gui/build/tests/gui/test_dirtytracking_run_autogen/COIIM6MLNP/../../../../../include/layers/gisvectorlayer.h:270:55: warning: 'renderer' overrides a member function but is not marked 'override' [-Winconsistent-missing-override]
  270 |     [[nodiscard]] OpenSWMM::Render::IFeatureRenderer *renderer() const;
      |                                                       ^
/Users/calebbuahin/Documents/Projects/cbuahin_github/openswmm.gui/include/layers/openswmmvislayer.h:434:63: note: overridden virtual function is here
  434 |     [[nodiscard]] virtual OpenSWMM::Render::IFeatureRenderer *renderer() const { return nullptr; }
      |                                                               ^
In file included from /Users/calebbuahin/Documents/Projects/cbuahin_github/openswmm.gui/build/tests/gui/test_dirtytracking_run_autogen/mocs_compilation.cpp:28:
In file included from /Users/calebbuahin/Documents/Projects/cbuahin_github/openswmm.gui/build/tests/gui/test_dirtytracking_run_autogen/COIIM6MLNP/moc_gisvectorlayer.cpp:9:
/Users/calebbuahin/Documents/Projects/cbuahin_github/openswmm.gui/build/tests/gui/test_dirtytracking_run_autogen/COIIM6MLNP/../../../../../include/layers/gisvectorlayer.h:278:10: warning: 'setRenderer' overrides a member function but is not marked 'override' [-Winconsistent-missing-override]
  278 |     void setRenderer(std::unique_ptr<OpenSWMM::Render::IFeatureRenderer> r);
      |          ^
/Users/calebbuahin/Documents/Projects/cbuahin_github/openswmm.gui/include/layers/openswmmvislayer.h:440:18: note: overridden virtual function is here
  440 |     virtual void setRenderer(std::unique_ptr<OpenSWMM::Render::IFeatureRenderer>);
      |                  ^
In file included from /Users/calebbuahin/Documents/Projects/cbuahin_github/openswmm.gui/build/tests/gui/test_dirtytracking_run_autogen/mocs_compilation.cpp:36:
In file included from /Users/calebbuahin/Documents/Projects/cbuahin_github/openswmm.gui/build/tests/gui/test_dirtytracking_run_autogen/COIIM6MLNP/moc_swmmresultslayer.cpp:9:
/Users/calebbuahin/Documents/Projects/cbuahin_github/openswmm.gui/build/tests/gui/test_dirtytracking_run_autogen/COIIM6MLNP/../../../../../include/layers/swmmresultslayer.h:408:55: warning: 'renderer' overrides a member function but is not marked 'override' [-Winconsistent-missing-override]
  408 |     [[nodiscard]] OpenSWMM::Render::IFeatureRenderer *renderer() const;
      |                                                       ^
/Users/calebbuahin/Documents/Projects/cbuahin_github/openswmm.gui/include/layers/openswmmvislayer.h:434:63: note: overridden virtual function is here
  434 |     [[nodiscard]] virtual OpenSWMM::Render::IFeatureRenderer *renderer() const { return nullptr; }
      |                                                               ^
In file included from /Users/calebbuahin/Documents/Projects/cbuahin_github/openswmm.gui/build/tests/gui/test_dirtytracking_run_autogen/mocs_compilation.cpp:36:
In file included from /Users/calebbuahin/Documents/Projects/cbuahin_github/openswmm.gui/build/tests/gui/test_dirtytracking_run_autogen/COIIM6MLNP/moc_swmmresultslayer.cpp:9:
/Users/calebbuahin/Documents/Projects/cbuahin_github/openswmm.gui/build/tests/gui/test_dirtytracking_run_autogen/COIIM6MLNP/../../../../../include/layers/swmmresultslayer.h:417:10: warning: 'setRenderer' overrides a member function but is not marked 'override' [-Winconsistent-missing-override]
  417 |     void setRenderer(std::unique_ptr<OpenSWMM::Render::IFeatureRenderer> r);
      |          ^
/Users/calebbuahin/Documents/Projects/cbuahin_github/openswmm.gui/include/layers/openswmmvislayer.h:440:18: note: overridden virtual function is here
  440 |     virtual void setRenderer(std::unique_ptr<OpenSWMM::Render::IFeatureRenderer>);
      |                  ^
6 warnings generated.
[118/375] Building CXX object tests/gui/CMakeFiles/test_meshmincelldialog.dir/__/__/src/connections/basemapconnectionstore.cpp.o
[119/375] Building CXX object tests/gui/CMakeFiles/test_meshmincelldialog.dir/__/__/src/layers/xyztilelayer.cpp.o
[120/375] Building CXX object tests/gui/CMakeFiles/test_meshmincelldialog.dir/__/__/src/map/mapcanvas.cpp.o
In file included from /Users/calebbuahin/Documents/Projects/cbuahin_github/openswmm.gui/src/map/mapcanvas.cpp:20:
/Users/calebbuahin/Documents/Projects/cbuahin_github/openswmm.gui/include/layers/gisvectorlayer.h:270:55: warning: 'renderer' overrides a member function but is not marked 'override' [-Winconsistent-missing-override]
  270 |     [[nodiscard]] OpenSWMM::Render::IFeatureRenderer *renderer() const;
      |                                                       ^
/Users/calebbuahin/Documents/Projects/cbuahin_github/openswmm.gui/include/layers/openswmmvislayer.h:434:63: note: overridden virtual function is here
  434 |     [[nodiscard]] virtual OpenSWMM::Render::IFeatureRenderer *renderer() const { return nullptr; }
      |                                                               ^
In file included from /Users/calebbuahin/Documents/Projects/cbuahin_github/openswmm.gui/src/map/mapcanvas.cpp:20:
/Users/calebbuahin/Documents/Projects/cbuahin_github/openswmm.gui/include/layers/gisvectorlayer.h:278:10: warning: 'setRenderer' overrides a member function but is not marked 'override' [-Winconsistent-missing-override]
  278 |     void setRenderer(std::unique_ptr<OpenSWMM::Render::IFeatureRenderer> r);
      |          ^
/Users/calebbuahin/Documents/Projects/cbuahin_github/openswmm.gui/include/layers/openswmmvislayer.h:440:18: note: overridden virtual function is here
  440 |     virtual void setRenderer(std::unique_ptr<OpenSWMM::Render::IFeatureRenderer>);
      |                  ^
In file included from /Users/calebbuahin/Documents/Projects/cbuahin_github/openswmm.gui/src/map/mapcanvas.cpp:31:
/Users/calebbuahin/Documents/Projects/cbuahin_github/openswmm.gui/include/layers/swmm2dresultslayer.h:544:55: warning: 'renderer' overrides a member function but is not marked 'override' [-Winconsistent-missing-override]
  544 |     [[nodiscard]] OpenSWMM::Render::IFeatureRenderer *renderer() const;
      |                                                       ^
/Users/calebbuahin/Documents/Projects/cbuahin_github/openswmm.gui/include/layers/openswmmvislayer.h:434:63: note: overridden virtual function is here
  434 |     [[nodiscard]] virtual OpenSWMM::Render::IFeatureRenderer *renderer() const { return nullptr; }
      |                                                               ^
In file included from /Users/calebbuahin/Documents/Projects/cbuahin_github/openswmm.gui/src/map/mapcanvas.cpp:31:
/Users/calebbuahin/Documents/Projects/cbuahin_github/openswmm.gui/include/layers/swmm2dresultslayer.h:552:10: warning: 'setRenderer' overrides a member function but is not marked 'override' [-Winconsistent-missing-override]
  552 |     void setRenderer(std::unique_ptr<OpenSWMM::Render::IFeatureRenderer> r);
      |          ^
/Users/calebbuahin/Documents/Projects/cbuahin_github/openswmm.gui/include/layers/openswmmvislayer.h:440:18: note: overridden virtual function is here
  440 |     virtual void setRenderer(std::unique_ptr<OpenSWMM::Render::IFeatureRenderer>);
      |                  ^
4 warnings generated.
[121/375] Building CXX object tests/gui/CMakeFiles/test_meshmincelldialog.dir/__/__/src/project/projectserializer.cpp.o
In file included from /Users/calebbuahin/Documents/Projects/cbuahin_github/openswmm.gui/src/project/projectserializer.cpp:12:
/Users/calebbuahin/Documents/Projects/cbuahin_github/openswmm.gui/include/layers/gisvectorlayer.h:270:55: warning: 'renderer' overrides a member function but is not marked 'override' [-Winconsistent-missing-override]
  270 |     [[nodiscard]] OpenSWMM::Render::IFeatureRenderer *renderer() const;
      |                                                       ^
/Users/calebbuahin/Documents/Projects/cbuahin_github/openswmm.gui/include/layers/openswmmvislayer.h:434:63: note: overridden virtual function is here
  434 |     [[nodiscard]] virtual OpenSWMM::Render::IFeatureRenderer *renderer() const { return nullptr; }
      |                                                               ^
In file included from /Users/calebbuahin/Documents/Projects/cbuahin_github/openswmm.gui/src/project/projectserializer.cpp:12:
/Users/calebbuahin/Documents/Projects/cbuahin_github/openswmm.gui/include/layers/gisvectorlayer.h:278:10: warning: 'setRenderer' overrides a member function but is not marked 'override' [-Winconsistent-missing-override]
  278 |     void setRenderer(std::unique_ptr<OpenSWMM::Render::IFeatureRenderer> r);
      |          ^
/Users/calebbuahin/Documents/Projects/cbuahin_github/openswmm.gui/include/layers/openswmmvislayer.h:440:18: note: overridden virtual function is here
  440 |     virtual void setRenderer(std::unique_ptr<OpenSWMM::Render::IFeatureRenderer>);
      |                  ^
In file included from /Users/calebbuahin/Documents/Projects/cbuahin_github/openswmm.gui/src/project/projectserializer.cpp:15:
/Users/calebbuahin/Documents/Projects/cbuahin_github/openswmm.gui/include/layers/swmm2dresultslayer.h:544:55: warning: 'renderer' overrides a member function but is not marked 'override' [-Winconsistent-missing-override]
  544 |     [[nodiscard]] OpenSWMM::Render::IFeatureRenderer *renderer() const;
      |                                                       ^
/Users/calebbuahin/Documents/Projects/cbuahin_github/openswmm.gui/include/layers/openswmmvislayer.h:434:63: note: overridden virtual function is here
  434 |     [[nodiscard]] virtual OpenSWMM::Render::IFeatureRenderer *renderer() const { return nullptr; }
      |                                                               ^
In file included from /Users/calebbuahin/Documents/Projects/cbuahin_github/openswmm.gui/src/project/projectserializer.cpp:15:
/Users/calebbuahin/Documents/Projects/cbuahin_github/openswmm.gui/include/layers/swmm2dresultslayer.h:552:10: warning: 'setRenderer' overrides a member function but is not marked 'override' [-Winconsistent-missing-override]
  552 |     void setRenderer(std::unique_ptr<OpenSWMM::Render::IFeatureRenderer> r);
      |          ^
/Users/calebbuahin/Documents/Projects/cbuahin_github/openswmm.gui/include/layers/openswmmvislayer.h:440:18: note: overridden virtual function is here
  440 |     virtual void setRenderer(std::unique_ptr<OpenSWMM::Render::IFeatureRenderer>);
      |                  ^
In file included from /Users/calebbuahin/Documents/Projects/cbuahin_github/openswmm.gui/src/project/projectserializer.cpp:17:
/Users/calebbuahin/Documents/Projects/cbuahin_github/openswmm.gui/include/layers/swmmresultslayer.h:408:55: warning: 'renderer' overrides a member function but is not marked 'override' [-Winconsistent-missing-override]
  408 |     [[nodiscard]] OpenSWMM::Render::IFeatureRenderer *renderer() const;
      |                                                       ^
/Users/calebbuahin/Documents/Projects/cbuahin_github/openswmm.gui/include/layers/openswmmvislayer.h:434:63: note: overridden virtual function is here
  434 |     [[nodiscard]] virtual OpenSWMM::Render::IFeatureRenderer *renderer() const { return nullptr; }
      |                                                               ^
In file included from /Users/calebbuahin/Documents/Projects/cbuahin_github/openswmm.gui/src/project/projectserializer.cpp:17:
/Users/calebbuahin/Documents/Projects/cbuahin_github/openswmm.gui/include/layers/swmmresultslayer.h:417:10: warning: 'setRenderer' overrides a member function but is not marked 'override' [-Winconsistent-missing-override]
  417 |     void setRenderer(std::unique_ptr<OpenSWMM::Render::IFeatureRenderer> r);
      |          ^
/Users/calebbuahin/Documents/Projects/cbuahin_github/openswmm.gui/include/layers/openswmmvislayer.h:440:18: note: overridden virtual function is here
  440 |     virtual void setRenderer(std::unique_ptr<OpenSWMM::Render::IFeatureRenderer>);
      |                  ^
6 warnings generated.
[122/375] Building CXX object tests/gui/CMakeFiles/test_meshimport.dir/__/__/src/swmmvis.cpp.o
In file included from /Users/calebbuahin/Documents/Projects/cbuahin_github/openswmm.gui/src/swmmvis.cpp:76:
In file included from /Users/calebbuahin/Documents/Projects/cbuahin_github/openswmm.gui/include/ui/dialogs/sublayerselectiondialog.h:19:
/Users/calebbuahin/Documents/Projects/cbuahin_github/openswmm.gui/include/layers/gisvectorlayer.h:270:55: warning: 'renderer' overrides a member function but is not marked 'override' [-Winconsistent-missing-override]
  270 |     [[nodiscard]] OpenSWMM::Render::IFeatureRenderer *renderer() const;
      |                                                       ^
/Users/calebbuahin/Documents/Projects/cbuahin_github/openswmm.gui/include/layers/openswmmvislayer.h:434:63: note: overridden virtual function is here
  434 |     [[nodiscard]] virtual OpenSWMM::Render::IFeatureRenderer *renderer() const { return nullptr; }
      |                                                               ^
In file included from /Users/calebbuahin/Documents/Projects/cbuahin_github/openswmm.gui/src/swmmvis.cpp:76:
In file included from /Users/calebbuahin/Documents/Projects/cbuahin_github/openswmm.gui/include/ui/dialogs/sublayerselectiondialog.h:19:
/Users/calebbuahin/Documents/Projects/cbuahin_github/openswmm.gui/include/layers/gisvectorlayer.h:278:10: warning: 'setRenderer' overrides a member function but is not marked 'override' [-Winconsistent-missing-override]
  278 |     void setRenderer(std::unique_ptr<OpenSWMM::Render::IFeatureRenderer> r);
      |          ^
/Users/calebbuahin/Documents/Projects/cbuahin_github/openswmm.gui/include/layers/openswmmvislayer.h:440:18: note: overridden virtual function is here
  440 |     virtual void setRenderer(std::unique_ptr<OpenSWMM::Render::IFeatureRenderer>);
      |                  ^
In file included from /Users/calebbuahin/Documents/Projects/cbuahin_github/openswmm.gui/src/swmmvis.cpp:89:
/Users/calebbuahin/Documents/Projects/cbuahin_github/openswmm.gui/include/core/swmmdatetime.h:61:12: warning: 'QDateTime' is deprecated: Pass QTimeZone instead [-Wdeprecated-declarations]
   61 |     return QDateTime(date, QTime(h, mi, s), Qt::UTC);
      |            ^
/Users/calebbuahin/Qt/6.9.3/macos/lib/QtCore.framework/Headers/qdatetime.h:361:5: note: 'QDateTime' has been explicitly marked deprecated here
  361 |     QT_DEPRECATED_VERSION_X_6_9("Pass QTimeZone instead")
      |     ^
/Users/calebbuahin/Qt/6.9.3/macos/lib/QtCore.framework/Headers/qtdeprecationmarkers.h:213:44: note: expanded from macro 'QT_DEPRECATED_VERSION_X_6_9'
  213 | # define QT_DEPRECATED_VERSION_X_6_9(text) QT_DEPRECATED_X(text)
      |                                            ^
/Users/calebbuahin/Qt/6.9.3/macos/lib/QtCore.framework/Headers/qtdeprecationmarkers.h:29:33: note: expanded from macro 'QT_DEPRECATED_X'
   29 | #  define QT_DEPRECATED_X(text) Q_DECL_DEPRECATED_X(text)
      |                                 ^
/Users/calebbuahin/Qt/6.9.3/macos/lib/QtCore.framework/Headers/qcompilerdetection.h:1011:36: note: expanded from macro 'Q_DECL_DEPRECATED_X'
 1011 | #  define Q_DECL_DEPRECATED_X(x) [[deprecated(x)]]
      |                                    ^
In file included from /Users/calebbuahin/Documents/Projects/cbuahin_github/openswmm.gui/src/swmmvis.cpp:89:
/Users/calebbuahin/Documents/Projects/cbuahin_github/openswmm.gui/include/core/swmmdatetime.h:61:12: warning: 'QDateTime' is deprecated: Pass QTimeZone instead [-Wdeprecated-declarations]
   61 |     return QDateTime(date, QTime(h, mi, s), Qt::UTC);
      |            ^
/Users/calebbuahin/Qt/6.9.3/macos/lib/QtCore.framework/Headers/qdatetime.h:361:5: note: 'QDateTime' has been explicitly marked deprecated here
  361 |     QT_DEPRECATED_VERSION_X_6_9("Pass QTimeZone instead")
      |     ^
/Users/calebbuahin/Qt/6.9.3/macos/lib/QtCore.framework/Headers/qtdeprecationmarkers.h:213:44: note: expanded from macro 'QT_DEPRECATED_VERSION_X_6_9'
  213 | # define QT_DEPRECATED_VERSION_X_6_9(text) QT_DEPRECATED_X(text)
      |                                            ^
/Users/calebbuahin/Qt/6.9.3/macos/lib/QtCore.framework/Headers/qtdeprecationmarkers.h:29:33: note: expanded from macro 'QT_DEPRECATED_X'
   29 | #  define QT_DEPRECATED_X(text) Q_DECL_DEPRECATED_X(text)
      |                                 ^
/Users/calebbuahin/Qt/6.9.3/macos/lib/QtCore.framework/Headers/qcompilerdetection.h:1011:36: note: expanded from macro 'Q_DECL_DEPRECATED_X'
 1011 | #  define Q_DECL_DEPRECATED_X(x) [[deprecated(x)]]
      |                                    ^
In file included from /Users/calebbuahin/Documents/Projects/cbuahin_github/openswmm.gui/src/swmmvis.cpp:136:
/Users/calebbuahin/Documents/Projects/cbuahin_github/openswmm.gui/include/layers/swmmresultslayer.h:408:55: warning: 'renderer' overrides a member function but is not marked 'override' [-Winconsistent-missing-override]
  408 |     [[nodiscard]] OpenSWMM::Render::IFeatureRenderer *renderer() const;
      |                                                       ^
/Users/calebbuahin/Documents/Projects/cbuahin_github/openswmm.gui/include/layers/openswmmvislayer.h:434:63: note: overridden virtual function is here
  434 |     [[nodiscard]] virtual OpenSWMM::Render::IFeatureRenderer *renderer() const { return nullptr; }
      |                                                               ^
In file included from /Users/calebbuahin/Documents/Projects/cbuahin_github/openswmm.gui/src/swmmvis.cpp:136:
/Users/calebbuahin/Documents/Projects/cbuahin_github/openswmm.gui/include/layers/swmmresultslayer.h:417:10: warning: 'setRenderer' overrides a member function but is not marked 'override' [-Winconsistent-missing-override]
  417 |     void setRenderer(std::unique_ptr<OpenSWMM::Render::IFeatureRenderer> r);
      |          ^
/Users/calebbuahin/Documents/Projects/cbuahin_github/openswmm.gui/include/layers/openswmmvislayer.h:440:18: note: overridden virtual function is here
  440 |     virtual void setRenderer(std::unique_ptr<OpenSWMM::Render::IFeatureRenderer>);
      |                  ^
In file included from /Users/calebbuahin/Documents/Projects/cbuahin_github/openswmm.gui/src/swmmvis.cpp:194:
/Users/calebbuahin/Documents/Projects/cbuahin_github/openswmm.gui/include/layers/swmm2dresultslayer.h:544:55: warning: 'renderer' overrides a member function but is not marked 'override' [-Winconsistent-missing-override]
  544 |     [[nodiscard]] OpenSWMM::Render::IFeatureRenderer *renderer() const;
      |                                                       ^
/Users/calebbuahin/Documents/Projects/cbuahin_github/openswmm.gui/include/layers/openswmmvislayer.h:434:63: note: overridden virtual function is here
  434 |     [[nodiscard]] virtual OpenSWMM::Render::IFeatureRenderer *renderer() const { return nullptr; }
      |                                                               ^
In file included from /Users/calebbuahin/Documents/Projects/cbuahin_github/openswmm.gui/src/swmmvis.cpp:194:
/Users/calebbuahin/Documents/Projects/cbuahin_github/openswmm.gui/include/layers/swmm2dresultslayer.h:552:10: warning: 'setRenderer' overrides a member function but is not marked 'override' [-Winconsistent-missing-override]
  552 |     void setRenderer(std::unique_ptr<OpenSWMM::Render::IFeatureRenderer> r);
      |          ^
/Users/calebbuahin/Documents/Projects/cbuahin_github/openswmm.gui/include/layers/openswmmvislayer.h:440:18: note: overridden virtual function is here
  440 |     virtual void setRenderer(std::unique_ptr<OpenSWMM::Render::IFeatureRenderer>);
      |                  ^
8 warnings generated.
[123/375] Building CXX object tests/gui/CMakeFiles/test_meshmincelldialog.dir/__/__/src/ui/dialogs/layerstyledialog.cpp.o
In file included from /Users/calebbuahin/Documents/Projects/cbuahin_github/openswmm.gui/src/ui/dialogs/layerstyledialog.cpp:24:
/Users/calebbuahin/Documents/Projects/cbuahin_github/openswmm.gui/include/layers/gisvectorlayer.h:270:55: warning: 'renderer' overrides a member function but is not marked 'override' [-Winconsistent-missing-override]
  270 |     [[nodiscard]] OpenSWMM::Render::IFeatureRenderer *renderer() const;
      |                                                       ^
/Users/calebbuahin/Documents/Projects/cbuahin_github/openswmm.gui/include/layers/openswmmvislayer.h:434:63: note: overridden virtual function is here
  434 |     [[nodiscard]] virtual OpenSWMM::Render::IFeatureRenderer *renderer() const { return nullptr; }
      |                                                               ^
In file included from /Users/calebbuahin/Documents/Projects/cbuahin_github/openswmm.gui/src/ui/dialogs/layerstyledialog.cpp:24:
/Users/calebbuahin/Documents/Projects/cbuahin_github/openswmm.gui/include/layers/gisvectorlayer.h:278:10: warning: 'setRenderer' overrides a member function but is not marked 'override' [-Winconsistent-missing-override]
  278 |     void setRenderer(std::unique_ptr<OpenSWMM::Render::IFeatureRenderer> r);
      |          ^
/Users/calebbuahin/Documents/Projects/cbuahin_github/openswmm.gui/include/layers/openswmmvislayer.h:440:18: note: overridden virtual function is here
  440 |     virtual void setRenderer(std::unique_ptr<OpenSWMM::Render::IFeatureRenderer>);
      |                  ^
In file included from /Users/calebbuahin/Documents/Projects/cbuahin_github/openswmm.gui/src/ui/dialogs/layerstyledialog.cpp:27:
/Users/calebbuahin/Documents/Projects/cbuahin_github/openswmm.gui/include/layers/swmmresultslayer.h:408:55: warning: 'renderer' overrides a member function but is not marked 'override' [-Winconsistent-missing-override]
  408 |     [[nodiscard]] OpenSWMM::Render::IFeatureRenderer *renderer() const;
      |                                                       ^
/Users/calebbuahin/Documents/Projects/cbuahin_github/openswmm.gui/include/layers/openswmmvislayer.h:434:63: note: overridden virtual function is here
  434 |     [[nodiscard]] virtual OpenSWMM::Render::IFeatureRenderer *renderer() const { return nullptr; }
      |                                                               ^
In file included from /Users/calebbuahin/Documents/Projects/cbuahin_github/openswmm.gui/src/ui/dialogs/layerstyledialog.cpp:27:
/Users/calebbuahin/Documents/Projects/cbuahin_github/openswmm.gui/include/layers/swmmresultslayer.h:417:10: warning: 'setRenderer' overrides a member function but is not marked 'override' [-Winconsistent-missing-override]
  417 |     void setRenderer(std::unique_ptr<OpenSWMM::Render::IFeatureRenderer> r);
      |          ^
/Users/calebbuahin/Documents/Projects/cbuahin_github/openswmm.gui/include/layers/openswmmvislayer.h:440:18: note: overridden virtual function is here
  440 |     virtual void setRenderer(std::unique_ptr<OpenSWMM::Render::IFeatureRenderer>);
      |                  ^
In file included from /Users/calebbuahin/Documents/Projects/cbuahin_github/openswmm.gui/src/ui/dialogs/layerstyledialog.cpp:28:
/Users/calebbuahin/Documents/Projects/cbuahin_github/openswmm.gui/include/layers/swmm2dresultslayer.h:544:55: warning: 'renderer' overrides a member function but is not marked 'override' [-Winconsistent-missing-override]
  544 |     [[nodiscard]] OpenSWMM::Render::IFeatureRenderer *renderer() const;
      |                                                       ^
/Users/calebbuahin/Documents/Projects/cbuahin_github/openswmm.gui/include/layers/openswmmvislayer.h:434:63: note: overridden virtual function is here
  434 |     [[nodiscard]] virtual OpenSWMM::Render::IFeatureRenderer *renderer() const { return nullptr; }
      |                                                               ^
In file included from /Users/calebbuahin/Documents/Projects/cbuahin_github/openswmm.gui/src/ui/dialogs/layerstyledialog.cpp:28:
/Users/calebbuahin/Documents/Projects/cbuahin_github/openswmm.gui/include/layers/swmm2dresultslayer.h:552:10: warning: 'setRenderer' overrides a member function but is not marked 'override' [-Winconsistent-missing-override]
  552 |     void setRenderer(std::unique_ptr<OpenSWMM::Render::IFeatureRenderer> r);
      |          ^
/Users/calebbuahin/Documents/Projects/cbuahin_github/openswmm.gui/include/layers/openswmmvislayer.h:440:18: note: overridden virtual function is here
  440 |     virtual void setRenderer(std::unique_ptr<OpenSWMM::Render::IFeatureRenderer>);
      |                  ^
6 warnings generated.
[124/375] Building CXX object tests/gui/CMakeFiles/test_meshmincelldialog.dir/__/__/src/ui/dialogs/addbasemapdialog.cpp.o
In file included from /Users/calebbuahin/Documents/Projects/cbuahin_github/openswmm.gui/src/ui/dialogs/addbasemapdialog.cpp:26:
In file included from /Users/calebbuahin/Documents/Projects/cbuahin_github/openswmm.gui/include/layers/wfslayer.h:27:
/Users/calebbuahin/Documents/Projects/cbuahin_github/openswmm.gui/include/layers/gisvectorlayer.h:270:55: warning: 'renderer' overrides a member function but is not marked 'override' [-Winconsistent-missing-override]
  270 |     [[nodiscard]] OpenSWMM::Render::IFeatureRenderer *renderer() const;
      |                                                       ^
/Users/calebbuahin/Documents/Projects/cbuahin_github/openswmm.gui/include/layers/openswmmvislayer.h:434:63: note: overridden virtual function is here
  434 |     [[nodiscard]] virtual OpenSWMM::Render::IFeatureRenderer *renderer() const { return nullptr; }
      |                                                               ^
In file included from /Users/calebbuahin/Documents/Projects/cbuahin_github/openswmm.gui/src/ui/dialogs/addbasemapdialog.cpp:26:
In file included from /Users/calebbuahin/Documents/Projects/cbuahin_github/openswmm.gui/include/layers/wfslayer.h:27:
/Users/calebbuahin/Documents/Projects/cbuahin_github/openswmm.gui/include/layers/gisvectorlayer.h:278:10: warning: 'setRenderer' overrides a member function but is not marked 'override' [-Winconsistent-missing-override]
  278 |     void setRenderer(std::unique_ptr<OpenSWMM::Render::IFeatureRenderer> r);
      |          ^
/Users/calebbuahin/Documents/Projects/cbuahin_github/openswmm.gui/include/layers/openswmmvislayer.h:440:18: note: overridden virtual function is here
  440 |     virtual void setRenderer(std::unique_ptr<OpenSWMM::Render::IFeatureRenderer>);
      |                  ^
2 warnings generated.
[125/375] Building CXX object tests/gui/CMakeFiles/test_meshmincelldialog.dir/__/__/src/ui/widgets/basemaphttpheaderswidget.cpp.o
[126/375] Building CXX object tests/gui/CMakeFiles/test_meshsavedirty.dir/test_meshsavedirty_autogen/mocs_compilation.cpp.o
In file included from /Users/calebbuahin/Documents/Projects/cbuahin_github/openswmm.gui/build/tests/gui/test_meshsavedirty_autogen/mocs_compilation.cpp:2:
In file included from /Users/calebbuahin/Documents/Projects/cbuahin_github/openswmm.gui/build/tests/gui/test_meshsavedirty_autogen/MAYCBHTXLP/moc_animationcontroller.cpp:9:
In file included from /Users/calebbuahin/Documents/Projects/cbuahin_github/openswmm.gui/build/tests/gui/test_meshsavedirty_autogen/MAYCBHTXLP/../../../../../include/animation/animationcontroller.h:33:
/Users/calebbuahin/Documents/Projects/cbuahin_github/openswmm.gui/include/layers/swmm2dresultslayer.h:544:55: warning: 'renderer' overrides a member function but is not marked 'override' [-Winconsistent-missing-override]
  544 |     [[nodiscard]] OpenSWMM::Render::IFeatureRenderer *renderer() const;
      |                                                       ^
/Users/calebbuahin/Documents/Projects/cbuahin_github/openswmm.gui/include/layers/openswmmvislayer.h:434:63: note: overridden virtual function is here
  434 |     [[nodiscard]] virtual OpenSWMM::Render::IFeatureRenderer *renderer() const { return nullptr; }
      |                                                               ^
In file included from /Users/calebbuahin/Documents/Projects/cbuahin_github/openswmm.gui/build/tests/gui/test_meshsavedirty_autogen/mocs_compilation.cpp:2:
In file included from /Users/calebbuahin/Documents/Projects/cbuahin_github/openswmm.gui/build/tests/gui/test_meshsavedirty_autogen/MAYCBHTXLP/moc_animationcontroller.cpp:9:
In file included from /Users/calebbuahin/Documents/Projects/cbuahin_github/openswmm.gui/build/tests/gui/test_meshsavedirty_autogen/MAYCBHTXLP/../../../../../include/animation/animationcontroller.h:33:
/Users/calebbuahin/Documents/Projects/cbuahin_github/openswmm.gui/include/layers/swmm2dresultslayer.h:552:10: warning: 'setRenderer' overrides a member function but is not marked 'override' [-Winconsistent-missing-override]
  552 |     void setRenderer(std::unique_ptr<OpenSWMM::Render::IFeatureRenderer> r);
      |          ^
/Users/calebbuahin/Documents/Projects/cbuahin_github/openswmm.gui/include/layers/openswmmvislayer.h:440:18: note: overridden virtual function is here
  440 |     virtual void setRenderer(std::unique_ptr<OpenSWMM::Render::IFeatureRenderer>);
      |                  ^
In file included from /Users/calebbuahin/Documents/Projects/cbuahin_github/openswmm.gui/build/tests/gui/test_meshsavedirty_autogen/mocs_compilation.cpp:28:
In file included from /Users/calebbuahin/Documents/Projects/cbuahin_github/openswmm.gui/build/tests/gui/test_meshsavedirty_autogen/COIIM6MLNP/moc_gisvectorlayer.cpp:9:
/Users/calebbuahin/Documents/Projects/cbuahin_github/openswmm.gui/build/tests/gui/test_meshsavedirty_autogen/COIIM6MLNP/../../../../../include/layers/gisvectorlayer.h:270:55: warning: 'renderer' overrides a member function but is not marked 'override' [-Winconsistent-missing-override]
  270 |     [[nodiscard]] OpenSWMM::Render::IFeatureRenderer *renderer() const;
      |                                                       ^
/Users/calebbuahin/Documents/Projects/cbuahin_github/openswmm.gui/include/layers/openswmmvislayer.h:434:63: note: overridden virtual function is here
  434 |     [[nodiscard]] virtual OpenSWMM::Render::IFeatureRenderer *renderer() const { return nullptr; }
      |                                                               ^
In file included from /Users/calebbuahin/Documents/Projects/cbuahin_github/openswmm.gui/build/tests/gui/test_meshsavedirty_autogen/mocs_compilation.cpp:28:
In file included from /Users/calebbuahin/Documents/Projects/cbuahin_github/openswmm.gui/build/tests/gui/test_meshsavedirty_autogen/COIIM6MLNP/moc_gisvectorlayer.cpp:9:
/Users/calebbuahin/Documents/Projects/cbuahin_github/openswmm.gui/build/tests/gui/test_meshsavedirty_autogen/COIIM6MLNP/../../../../../include/layers/gisvectorlayer.h:278:10: warning: 'setRenderer' overrides a member function but is not marked 'override' [-Winconsistent-missing-override]
  278 |     void setRenderer(std::unique_ptr<OpenSWMM::Render::IFeatureRenderer> r);
      |          ^
/Users/calebbuahin/Documents/Projects/cbuahin_github/openswmm.gui/include/layers/openswmmvislayer.h:440:18: note: overridden virtual function is here
  440 |     virtual void setRenderer(std::unique_ptr<OpenSWMM::Render::IFeatureRenderer>);
      |                  ^
In file included from /Users/calebbuahin/Documents/Projects/cbuahin_github/openswmm.gui/build/tests/gui/test_meshsavedirty_autogen/mocs_compilation.cpp:36:
In file included from /Users/calebbuahin/Documents/Projects/cbuahin_github/openswmm.gui/build/tests/gui/test_meshsavedirty_autogen/COIIM6MLNP/moc_swmmresultslayer.cpp:9:
/Users/calebbuahin/Documents/Projects/cbuahin_github/openswmm.gui/build/tests/gui/test_meshsavedirty_autogen/COIIM6MLNP/../../../../../include/layers/swmmresultslayer.h:408:55: warning: 'renderer' overrides a member function but is not marked 'override' [-Winconsistent-missing-override]
  408 |     [[nodiscard]] OpenSWMM::Render::IFeatureRenderer *renderer() const;
      |                                                       ^
/Users/calebbuahin/Documents/Projects/cbuahin_github/openswmm.gui/include/layers/openswmmvislayer.h:434:63: note: overridden virtual function is here
  434 |     [[nodiscard]] virtual OpenSWMM::Render::IFeatureRenderer *renderer() const { return nullptr; }
      |                                                               ^
In file included from /Users/calebbuahin/Documents/Projects/cbuahin_github/openswmm.gui/build/tests/gui/test_meshsavedirty_autogen/mocs_compilation.cpp:36:
In file included from /Users/calebbuahin/Documents/Projects/cbuahin_github/openswmm.gui/build/tests/gui/test_meshsavedirty_autogen/COIIM6MLNP/moc_swmmresultslayer.cpp:9:
/Users/calebbuahin/Documents/Projects/cbuahin_github/openswmm.gui/build/tests/gui/test_meshsavedirty_autogen/COIIM6MLNP/../../../../../include/layers/swmmresultslayer.h:417:10: warning: 'setRenderer' overrides a member function but is not marked 'override' [-Winconsistent-missing-override]
  417 |     void setRenderer(std::unique_ptr<OpenSWMM::Render::IFeatureRenderer> r);
      |          ^
/Users/calebbuahin/Documents/Projects/cbuahin_github/openswmm.gui/include/layers/openswmmvislayer.h:440:18: note: overridden virtual function is here
  440 |     virtual void setRenderer(std::unique_ptr<OpenSWMM::Render::IFeatureRenderer>);
      |                  ^
6 warnings generated.
[127/375] Building CXX object tests/gui/CMakeFiles/test_gageassignintegration.dir/__/__/src/connections/basemapconnectionstore.cpp.o
[128/375] Building CXX object tests/gui/CMakeFiles/test_gageassignintegration.dir/__/__/src/layers/xyztilelayer.cpp.o
[129/375] Building CXX object tests/gui/CMakeFiles/test_gageassignintegration.dir/__/__/src/map/mapcanvas.cpp.o
In file included from /Users/calebbuahin/Documents/Projects/cbuahin_github/openswmm.gui/src/map/mapcanvas.cpp:20:
/Users/calebbuahin/Documents/Projects/cbuahin_github/openswmm.gui/include/layers/gisvectorlayer.h:270:55: warning: 'renderer' overrides a member function but is not marked 'override' [-Winconsistent-missing-override]
  270 |     [[nodiscard]] OpenSWMM::Render::IFeatureRenderer *renderer() const;
      |                                                       ^
/Users/calebbuahin/Documents/Projects/cbuahin_github/openswmm.gui/include/layers/openswmmvislayer.h:434:63: note: overridden virtual function is here
  434 |     [[nodiscard]] virtual OpenSWMM::Render::IFeatureRenderer *renderer() const { return nullptr; }
      |                                                               ^
In file included from /Users/calebbuahin/Documents/Projects/cbuahin_github/openswmm.gui/src/map/mapcanvas.cpp:20:
/Users/calebbuahin/Documents/Projects/cbuahin_github/openswmm.gui/include/layers/gisvectorlayer.h:278:10: warning: 'setRenderer' overrides a member function but is not marked 'override' [-Winconsistent-missing-override]
  278 |     void setRenderer(std::unique_ptr<OpenSWMM::Render::IFeatureRenderer> r);
      |          ^
/Users/calebbuahin/Documents/Projects/cbuahin_github/openswmm.gui/include/layers/openswmmvislayer.h:440:18: note: overridden virtual function is here
  440 |     virtual void setRenderer(std::unique_ptr<OpenSWMM::Render::IFeatureRenderer>);
      |                  ^
In file included from /Users/calebbuahin/Documents/Projects/cbuahin_github/openswmm.gui/src/map/mapcanvas.cpp:31:
/Users/calebbuahin/Documents/Projects/cbuahin_github/openswmm.gui/include/layers/swmm2dresultslayer.h:544:55: warning: 'renderer' overrides a member function but is not marked 'override' [-Winconsistent-missing-override]
  544 |     [[nodiscard]] OpenSWMM::Render::IFeatureRenderer *renderer() const;
      |                                                       ^
/Users/calebbuahin/Documents/Projects/cbuahin_github/openswmm.gui/include/layers/openswmmvislayer.h:434:63: note: overridden virtual function is here
  434 |     [[nodiscard]] virtual OpenSWMM::Render::IFeatureRenderer *renderer() const { return nullptr; }
      |                                                               ^
In file included from /Users/calebbuahin/Documents/Projects/cbuahin_github/openswmm.gui/src/map/mapcanvas.cpp:31:
/Users/calebbuahin/Documents/Projects/cbuahin_github/openswmm.gui/include/layers/swmm2dresultslayer.h:552:10: warning: 'setRenderer' overrides a member function but is not marked 'override' [-Winconsistent-missing-override]
  552 |     void setRenderer(std::unique_ptr<OpenSWMM::Render::IFeatureRenderer> r);
      |          ^
/Users/calebbuahin/Documents/Projects/cbuahin_github/openswmm.gui/include/layers/openswmmvislayer.h:440:18: note: overridden virtual function is here
  440 |     virtual void setRenderer(std::unique_ptr<OpenSWMM::Render::IFeatureRenderer>);
      |                  ^
4 warnings generated.
[130/375] Building CXX object tests/gui/CMakeFiles/test_2dresults_vizfixes.dir/__/__/src/swmmvis.cpp.o
In file included from /Users/calebbuahin/Documents/Projects/cbuahin_github/openswmm.gui/src/swmmvis.cpp:76:
In file included from /Users/calebbuahin/Documents/Projects/cbuahin_github/openswmm.gui/include/ui/dialogs/sublayerselectiondialog.h:19:
/Users/calebbuahin/Documents/Projects/cbuahin_github/openswmm.gui/include/layers/gisvectorlayer.h:270:55: warning: 'renderer' overrides a member function but is not marked 'override' [-Winconsistent-missing-override]
  270 |     [[nodiscard]] OpenSWMM::Render::IFeatureRenderer *renderer() const;
      |                                                       ^
/Users/calebbuahin/Documents/Projects/cbuahin_github/openswmm.gui/include/layers/openswmmvislayer.h:434:63: note: overridden virtual function is here
  434 |     [[nodiscard]] virtual OpenSWMM::Render::IFeatureRenderer *renderer() const { return nullptr; }
      |                                                               ^
In file included from /Users/calebbuahin/Documents/Projects/cbuahin_github/openswmm.gui/src/swmmvis.cpp:76:
In file included from /Users/calebbuahin/Documents/Projects/cbuahin_github/openswmm.gui/include/ui/dialogs/sublayerselectiondialog.h:19:
/Users/calebbuahin/Documents/Projects/cbuahin_github/openswmm.gui/include/layers/gisvectorlayer.h:278:10: warning: 'setRenderer' overrides a member function but is not marked 'override' [-Winconsistent-missing-override]
  278 |     void setRenderer(std::unique_ptr<OpenSWMM::Render::IFeatureRenderer> r);
      |          ^
/Users/calebbuahin/Documents/Projects/cbuahin_github/openswmm.gui/include/layers/openswmmvislayer.h:440:18: note: overridden virtual function is here
  440 |     virtual void setRenderer(std::unique_ptr<OpenSWMM::Render::IFeatureRenderer>);
      |                  ^
In file included from /Users/calebbuahin/Documents/Projects/cbuahin_github/openswmm.gui/src/swmmvis.cpp:89:
/Users/calebbuahin/Documents/Projects/cbuahin_github/openswmm.gui/include/core/swmmdatetime.h:61:12: warning: 'QDateTime' is deprecated: Pass QTimeZone instead [-Wdeprecated-declarations]
   61 |     return QDateTime(date, QTime(h, mi, s), Qt::UTC);
      |            ^
/Users/calebbuahin/Qt/6.9.3/macos/lib/QtCore.framework/Headers/qdatetime.h:361:5: note: 'QDateTime' has been explicitly marked deprecated here
  361 |     QT_DEPRECATED_VERSION_X_6_9("Pass QTimeZone instead")
      |     ^
/Users/calebbuahin/Qt/6.9.3/macos/lib/QtCore.framework/Headers/qtdeprecationmarkers.h:213:44: note: expanded from macro 'QT_DEPRECATED_VERSION_X_6_9'
  213 | # define QT_DEPRECATED_VERSION_X_6_9(text) QT_DEPRECATED_X(text)
      |                                            ^
/Users/calebbuahin/Qt/6.9.3/macos/lib/QtCore.framework/Headers/qtdeprecationmarkers.h:29:33: note: expanded from macro 'QT_DEPRECATED_X'
   29 | #  define QT_DEPRECATED_X(text) Q_DECL_DEPRECATED_X(text)
      |                                 ^
/Users/calebbuahin/Qt/6.9.3/macos/lib/QtCore.framework/Headers/qcompilerdetection.h:1011:36: note: expanded from macro 'Q_DECL_DEPRECATED_X'
 1011 | #  define Q_DECL_DEPRECATED_X(x) [[deprecated(x)]]
      |                                    ^
In file included from /Users/calebbuahin/Documents/Projects/cbuahin_github/openswmm.gui/src/swmmvis.cpp:89:
/Users/calebbuahin/Documents/Projects/cbuahin_github/openswmm.gui/include/core/swmmdatetime.h:61:12: warning: 'QDateTime' is deprecated: Pass QTimeZone instead [-Wdeprecated-declarations]
   61 |     return QDateTime(date, QTime(h, mi, s), Qt::UTC);
      |            ^
/Users/calebbuahin/Qt/6.9.3/macos/lib/QtCore.framework/Headers/qdatetime.h:361:5: note: 'QDateTime' has been explicitly marked deprecated here
  361 |     QT_DEPRECATED_VERSION_X_6_9("Pass QTimeZone instead")
      |     ^
/Users/calebbuahin/Qt/6.9.3/macos/lib/QtCore.framework/Headers/qtdeprecationmarkers.h:213:44: note: expanded from macro 'QT_DEPRECATED_VERSION_X_6_9'
  213 | # define QT_DEPRECATED_VERSION_X_6_9(text) QT_DEPRECATED_X(text)
      |                                            ^
/Users/calebbuahin/Qt/6.9.3/macos/lib/QtCore.framework/Headers/qtdeprecationmarkers.h:29:33: note: expanded from macro 'QT_DEPRECATED_X'
   29 | #  define QT_DEPRECATED_X(text) Q_DECL_DEPRECATED_X(text)
      |                                 ^
/Users/calebbuahin/Qt/6.9.3/macos/lib/QtCore.framework/Headers/qcompilerdetection.h:1011:36: note: expanded from macro 'Q_DECL_DEPRECATED_X'
 1011 | #  define Q_DECL_DEPRECATED_X(x) [[deprecated(x)]]
      |                                    ^
In file included from /Users/calebbuahin/Documents/Projects/cbuahin_github/openswmm.gui/src/swmmvis.cpp:136:
/Users/calebbuahin/Documents/Projects/cbuahin_github/openswmm.gui/include/layers/swmmresultslayer.h:408:55: warning: 'renderer' overrides a member function but is not marked 'override' [-Winconsistent-missing-override]
  408 |     [[nodiscard]] OpenSWMM::Render::IFeatureRenderer *renderer() const;
      |                                                       ^
/Users/calebbuahin/Documents/Projects/cbuahin_github/openswmm.gui/include/layers/openswmmvislayer.h:434:63: note: overridden virtual function is here
  434 |     [[nodiscard]] virtual OpenSWMM::Render::IFeatureRenderer *renderer() const { return nullptr; }
      |                                                               ^
In file included from /Users/calebbuahin/Documents/Projects/cbuahin_github/openswmm.gui/src/swmmvis.cpp:136:
/Users/calebbuahin/Documents/Projects/cbuahin_github/openswmm.gui/include/layers/swmmresultslayer.h:417:10: warning: 'setRenderer' overrides a member function but is not marked 'override' [-Winconsistent-missing-override]
  417 |     void setRenderer(std::unique_ptr<OpenSWMM::Render::IFeatureRenderer> r);
      |          ^
/Users/calebbuahin/Documents/Projects/cbuahin_github/openswmm.gui/include/layers/openswmmvislayer.h:440:18: note: overridden virtual function is here
  440 |     virtual void setRenderer(std::unique_ptr<OpenSWMM::Render::IFeatureRenderer>);
      |                  ^
In file included from /Users/calebbuahin/Documents/Projects/cbuahin_github/openswmm.gui/src/swmmvis.cpp:194:
/Users/calebbuahin/Documents/Projects/cbuahin_github/openswmm.gui/include/layers/swmm2dresultslayer.h:544:55: warning: 'renderer' overrides a member function but is not marked 'override' [-Winconsistent-missing-override]
  544 |     [[nodiscard]] OpenSWMM::Render::IFeatureRenderer *renderer() const;
      |                                                       ^
/Users/calebbuahin/Documents/Projects/cbuahin_github/openswmm.gui/include/layers/openswmmvislayer.h:434:63: note: overridden virtual function is here
  434 |     [[nodiscard]] virtual OpenSWMM::Render::IFeatureRenderer *renderer() const { return nullptr; }
      |                                                               ^
In file included from /Users/calebbuahin/Documents/Projects/cbuahin_github/openswmm.gui/src/swmmvis.cpp:194:
/Users/calebbuahin/Documents/Projects/cbuahin_github/openswmm.gui/include/layers/swmm2dresultslayer.h:552:10: warning: 'setRenderer' overrides a member function but is not marked 'override' [-Winconsistent-missing-override]
  552 |     void setRenderer(std::unique_ptr<OpenSWMM::Render::IFeatureRenderer> r);
      |          ^
/Users/calebbuahin/Documents/Projects/cbuahin_github/openswmm.gui/include/layers/openswmmvislayer.h:440:18: note: overridden virtual function is here
  440 |     virtual void setRenderer(std::unique_ptr<OpenSWMM::Render::IFeatureRenderer>);
      |                  ^
8 warnings generated.
[131/375] Building CXX object tests/gui/CMakeFiles/test_gageassignintegration.dir/__/__/src/project/projectserializer.cpp.o
In file included from /Users/calebbuahin/Documents/Projects/cbuahin_github/openswmm.gui/src/project/projectserializer.cpp:12:
/Users/calebbuahin/Documents/Projects/cbuahin_github/openswmm.gui/include/layers/gisvectorlayer.h:270:55: warning: 'renderer' overrides a member function but is not marked 'override' [-Winconsistent-missing-override]
  270 |     [[nodiscard]] OpenSWMM::Render::IFeatureRenderer *renderer() const;
      |                                                       ^
/Users/calebbuahin/Documents/Projects/cbuahin_github/openswmm.gui/include/layers/openswmmvislayer.h:434:63: note: overridden virtual function is here
  434 |     [[nodiscard]] virtual OpenSWMM::Render::IFeatureRenderer *renderer() const { return nullptr; }
      |                                                               ^
In file included from /Users/calebbuahin/Documents/Projects/cbuahin_github/openswmm.gui/src/project/projectserializer.cpp:12:
/Users/calebbuahin/Documents/Projects/cbuahin_github/openswmm.gui/include/layers/gisvectorlayer.h:278:10: warning: 'setRenderer' overrides a member function but is not marked 'override' [-Winconsistent-missing-override]
  278 |     void setRenderer(std::unique_ptr<OpenSWMM::Render::IFeatureRenderer> r);
      |          ^
/Users/calebbuahin/Documents/Projects/cbuahin_github/openswmm.gui/include/layers/openswmmvislayer.h:440:18: note: overridden virtual function is here
  440 |     virtual void setRenderer(std::unique_ptr<OpenSWMM::Render::IFeatureRenderer>);
      |                  ^
In file included from /Users/calebbuahin/Documents/Projects/cbuahin_github/openswmm.gui/src/project/projectserializer.cpp:15:
/Users/calebbuahin/Documents/Projects/cbuahin_github/openswmm.gui/include/layers/swmm2dresultslayer.h:544:55: warning: 'renderer' overrides a member function but is not marked 'override' [-Winconsistent-missing-override]
  544 |     [[nodiscard]] OpenSWMM::Render::IFeatureRenderer *renderer() const;
      |                                                       ^
/Users/calebbuahin/Documents/Projects/cbuahin_github/openswmm.gui/include/layers/openswmmvislayer.h:434:63: note: overridden virtual function is here
  434 |     [[nodiscard]] virtual OpenSWMM::Render::IFeatureRenderer *renderer() const { return nullptr; }
      |                                                               ^
In file included from /Users/calebbuahin/Documents/Projects/cbuahin_github/openswmm.gui/src/project/projectserializer.cpp:15:
/Users/calebbuahin/Documents/Projects/cbuahin_github/openswmm.gui/include/layers/swmm2dresultslayer.h:552:10: warning: 'setRenderer' overrides a member function but is not marked 'override' [-Winconsistent-missing-override]
  552 |     void setRenderer(std::unique_ptr<OpenSWMM::Render::IFeatureRenderer> r);
      |          ^
/Users/calebbuahin/Documents/Projects/cbuahin_github/openswmm.gui/include/layers/openswmmvislayer.h:440:18: note: overridden virtual function is here
  440 |     virtual void setRenderer(std::unique_ptr<OpenSWMM::Render::IFeatureRenderer>);
      |                  ^
In file included from /Users/calebbuahin/Documents/Projects/cbuahin_github/openswmm.gui/src/project/projectserializer.cpp:17:
/Users/calebbuahin/Documents/Projects/cbuahin_github/openswmm.gui/include/layers/swmmresultslayer.h:408:55: warning: 'renderer' overrides a member function but is not marked 'override' [-Winconsistent-missing-override]
  408 |     [[nodiscard]] OpenSWMM::Render::IFeatureRenderer *renderer() const;
      |                                                       ^
/Users/calebbuahin/Documents/Projects/cbuahin_github/openswmm.gui/include/layers/openswmmvislayer.h:434:63: note: overridden virtual function is here
  434 |     [[nodiscard]] virtual OpenSWMM::Render::IFeatureRenderer *renderer() const { return nullptr; }
      |                                                               ^
In file included from /Users/calebbuahin/Documents/Projects/cbuahin_github/openswmm.gui/src/project/projectserializer.cpp:17:
/Users/calebbuahin/Documents/Projects/cbuahin_github/openswmm.gui/include/layers/swmmresultslayer.h:417:10: warning: 'setRenderer' overrides a member function but is not marked 'override' [-Winconsistent-missing-override]
  417 |     void setRenderer(std::unique_ptr<OpenSWMM::Render::IFeatureRenderer> r);
      |          ^
/Users/calebbuahin/Documents/Projects/cbuahin_github/openswmm.gui/include/layers/openswmmvislayer.h:440:18: note: overridden virtual function is here
  440 |     virtual void setRenderer(std::unique_ptr<OpenSWMM::Render::IFeatureRenderer>);
      |                  ^
6 warnings generated.
[132/375] Building CXX object tests/gui/CMakeFiles/test_gageassignintegration.dir/__/__/src/ui/dialogs/addbasemapdialog.cpp.o
In file included from /Users/calebbuahin/Documents/Projects/cbuahin_github/openswmm.gui/src/ui/dialogs/addbasemapdialog.cpp:26:
In file included from /Users/calebbuahin/Documents/Projects/cbuahin_github/openswmm.gui/include/layers/wfslayer.h:27:
/Users/calebbuahin/Documents/Projects/cbuahin_github/openswmm.gui/include/layers/gisvectorlayer.h:270:55: warning: 'renderer' overrides a member function but is not marked 'override' [-Winconsistent-missing-override]
  270 |     [[nodiscard]] OpenSWMM::Render::IFeatureRenderer *renderer() const;
      |                                                       ^
/Users/calebbuahin/Documents/Projects/cbuahin_github/openswmm.gui/include/layers/openswmmvislayer.h:434:63: note: overridden virtual function is here
  434 |     [[nodiscard]] virtual OpenSWMM::Render::IFeatureRenderer *renderer() const { return nullptr; }
      |                                                               ^
In file included from /Users/calebbuahin/Documents/Projects/cbuahin_github/openswmm.gui/src/ui/dialogs/addbasemapdialog.cpp:26:
In file included from /Users/calebbuahin/Documents/Projects/cbuahin_github/openswmm.gui/include/layers/wfslayer.h:27:
/Users/calebbuahin/Documents/Projects/cbuahin_github/openswmm.gui/include/layers/gisvectorlayer.h:278:10: warning: 'setRenderer' overrides a member function but is not marked 'override' [-Winconsistent-missing-override]
  278 |     void setRenderer(std::unique_ptr<OpenSWMM::Render::IFeatureRenderer> r);
      |          ^
/Users/calebbuahin/Documents/Projects/cbuahin_github/openswmm.gui/include/layers/openswmmvislayer.h:440:18: note: overridden virtual function is here
  440 |     virtual void setRenderer(std::unique_ptr<OpenSWMM::Render::IFeatureRenderer>);
      |                  ^
2 warnings generated.
[133/375] Building CXX object tests/gui/CMakeFiles/test_gageassignintegration.dir/__/__/src/ui/dialogs/layerstyledialog.cpp.o
In file included from /Users/calebbuahin/Documents/Projects/cbuahin_github/openswmm.gui/src/ui/dialogs/layerstyledialog.cpp:24:
/Users/calebbuahin/Documents/Projects/cbuahin_github/openswmm.gui/include/layers/gisvectorlayer.h:270:55: warning: 'renderer' overrides a member function but is not marked 'override' [-Winconsistent-missing-override]
  270 |     [[nodiscard]] OpenSWMM::Render::IFeatureRenderer *renderer() const;
      |                                                       ^
/Users/calebbuahin/Documents/Projects/cbuahin_github/openswmm.gui/include/layers/openswmmvislayer.h:434:63: note: overridden virtual function is here
  434 |     [[nodiscard]] virtual OpenSWMM::Render::IFeatureRenderer *renderer() const { return nullptr; }
      |                                                               ^
In file included from /Users/calebbuahin/Documents/Projects/cbuahin_github/openswmm.gui/src/ui/dialogs/layerstyledialog.cpp:24:
/Users/calebbuahin/Documents/Projects/cbuahin_github/openswmm.gui/include/layers/gisvectorlayer.h:278:10: warning: 'setRenderer' overrides a member function but is not marked 'override' [-Winconsistent-missing-override]
  278 |     void setRenderer(std::unique_ptr<OpenSWMM::Render::IFeatureRenderer> r);
      |          ^
/Users/calebbuahin/Documents/Projects/cbuahin_github/openswmm.gui/include/layers/openswmmvislayer.h:440:18: note: overridden virtual function is here
  440 |     virtual void setRenderer(std::unique_ptr<OpenSWMM::Render::IFeatureRenderer>);
      |                  ^
In file included from /Users/calebbuahin/Documents/Projects/cbuahin_github/openswmm.gui/src/ui/dialogs/layerstyledialog.cpp:27:
/Users/calebbuahin/Documents/Projects/cbuahin_github/openswmm.gui/include/layers/swmmresultslayer.h:408:55: warning: 'renderer' overrides a member function but is not marked 'override' [-Winconsistent-missing-override]
  408 |     [[nodiscard]] OpenSWMM::Render::IFeatureRenderer *renderer() const;
      |                                                       ^
/Users/calebbuahin/Documents/Projects/cbuahin_github/openswmm.gui/include/layers/openswmmvislayer.h:434:63: note: overridden virtual function is here
  434 |     [[nodiscard]] virtual OpenSWMM::Render::IFeatureRenderer *renderer() const { return nullptr; }
      |                                                               ^
In file included from /Users/calebbuahin/Documents/Projects/cbuahin_github/openswmm.gui/src/ui/dialogs/layerstyledialog.cpp:27:
/Users/calebbuahin/Documents/Projects/cbuahin_github/openswmm.gui/include/layers/swmmresultslayer.h:417:10: warning: 'setRenderer' overrides a member function but is not marked 'override' [-Winconsistent-missing-override]
  417 |     void setRenderer(std::unique_ptr<OpenSWMM::Render::IFeatureRenderer> r);
      |          ^
/Users/calebbuahin/Documents/Projects/cbuahin_github/openswmm.gui/include/layers/openswmmvislayer.h:440:18: note: overridden virtual function is here
  440 |     virtual void setRenderer(std::unique_ptr<OpenSWMM::Render::IFeatureRenderer>);
      |                  ^
In file included from /Users/calebbuahin/Documents/Projects/cbuahin_github/openswmm.gui/src/ui/dialogs/layerstyledialog.cpp:28:
/Users/calebbuahin/Documents/Projects/cbuahin_github/openswmm.gui/include/layers/swmm2dresultslayer.h:544:55: warning: 'renderer' overrides a member function but is not marked 'override' [-Winconsistent-missing-override]
  544 |     [[nodiscard]] OpenSWMM::Render::IFeatureRenderer *renderer() const;
      |                                                       ^
/Users/calebbuahin/Documents/Projects/cbuahin_github/openswmm.gui/include/layers/openswmmvislayer.h:434:63: note: overridden virtual function is here
  434 |     [[nodiscard]] virtual OpenSWMM::Render::IFeatureRenderer *renderer() const { return nullptr; }
      |                                                               ^
In file included from /Users/calebbuahin/Documents/Projects/cbuahin_github/openswmm.gui/src/ui/dialogs/layerstyledialog.cpp:28:
/Users/calebbuahin/Documents/Projects/cbuahin_github/openswmm.gui/include/layers/swmm2dresultslayer.h:552:10: warning: 'setRenderer' overrides a member function but is not marked 'override' [-Winconsistent-missing-override]
  552 |     void setRenderer(std::unique_ptr<OpenSWMM::Render::IFeatureRenderer> r);
      |          ^
/Users/calebbuahin/Documents/Projects/cbuahin_github/openswmm.gui/include/layers/openswmmvislayer.h:440:18: note: overridden virtual function is here
  440 |     virtual void setRenderer(std::unique_ptr<OpenSWMM::Render::IFeatureRenderer>);
      |                  ^
6 warnings generated.
[134/375] Building CXX object tests/gui/CMakeFiles/test_gageassignintegration.dir/__/__/src/ui/widgets/basemaphttpheaderswidget.cpp.o
[135/375] Building CXX object tests/gui/CMakeFiles/test_meshimport.dir/test_meshimport_autogen/mocs_compilation.cpp.o
In file included from /Users/calebbuahin/Documents/Projects/cbuahin_github/openswmm.gui/build/tests/gui/test_meshimport_autogen/mocs_compilation.cpp:2:
In file included from /Users/calebbuahin/Documents/Projects/cbuahin_github/openswmm.gui/build/tests/gui/test_meshimport_autogen/MAYCBHTXLP/moc_animationcontroller.cpp:9:
In file included from /Users/calebbuahin/Documents/Projects/cbuahin_github/openswmm.gui/build/tests/gui/test_meshimport_autogen/MAYCBHTXLP/../../../../../include/animation/animationcontroller.h:33:
/Users/calebbuahin/Documents/Projects/cbuahin_github/openswmm.gui/include/layers/swmm2dresultslayer.h:544:55: warning: 'renderer' overrides a member function but is not marked 'override' [-Winconsistent-missing-override]
  544 |     [[nodiscard]] OpenSWMM::Render::IFeatureRenderer *renderer() const;
      |                                                       ^
/Users/calebbuahin/Documents/Projects/cbuahin_github/openswmm.gui/include/layers/openswmmvislayer.h:434:63: note: overridden virtual function is here
  434 |     [[nodiscard]] virtual OpenSWMM::Render::IFeatureRenderer *renderer() const { return nullptr; }
      |                                                               ^
In file included from /Users/calebbuahin/Documents/Projects/cbuahin_github/openswmm.gui/build/tests/gui/test_meshimport_autogen/mocs_compilation.cpp:2:
In file included from /Users/calebbuahin/Documents/Projects/cbuahin_github/openswmm.gui/build/tests/gui/test_meshimport_autogen/MAYCBHTXLP/moc_animationcontroller.cpp:9:
In file included from /Users/calebbuahin/Documents/Projects/cbuahin_github/openswmm.gui/build/tests/gui/test_meshimport_autogen/MAYCBHTXLP/../../../../../include/animation/animationcontroller.h:33:
/Users/calebbuahin/Documents/Projects/cbuahin_github/openswmm.gui/include/layers/swmm2dresultslayer.h:552:10: warning: 'setRenderer' overrides a member function but is not marked 'override' [-Winconsistent-missing-override]
  552 |     void setRenderer(std::unique_ptr<OpenSWMM::Render::IFeatureRenderer> r);
      |          ^
/Users/calebbuahin/Documents/Projects/cbuahin_github/openswmm.gui/include/layers/openswmmvislayer.h:440:18: note: overridden virtual function is here
  440 |     virtual void setRenderer(std::unique_ptr<OpenSWMM::Render::IFeatureRenderer>);
      |                  ^
In file included from /Users/calebbuahin/Documents/Projects/cbuahin_github/openswmm.gui/build/tests/gui/test_meshimport_autogen/mocs_compilation.cpp:28:
In file included from /Users/calebbuahin/Documents/Projects/cbuahin_github/openswmm.gui/build/tests/gui/test_meshimport_autogen/COIIM6MLNP/moc_gisvectorlayer.cpp:9:
/Users/calebbuahin/Documents/Projects/cbuahin_github/openswmm.gui/build/tests/gui/test_meshimport_autogen/COIIM6MLNP/../../../../../include/layers/gisvectorlayer.h:270:55: warning: 'renderer' overrides a member function but is not marked 'override' [-Winconsistent-missing-override]
  270 |     [[nodiscard]] OpenSWMM::Render::IFeatureRenderer *renderer() const;
      |                                                       ^
/Users/calebbuahin/Documents/Projects/cbuahin_github/openswmm.gui/include/layers/openswmmvislayer.h:434:63: note: overridden virtual function is here
  434 |     [[nodiscard]] virtual OpenSWMM::Render::IFeatureRenderer *renderer() const { return nullptr; }
      |                                                               ^
In file included from /Users/calebbuahin/Documents/Projects/cbuahin_github/openswmm.gui/build/tests/gui/test_meshimport_autogen/mocs_compilation.cpp:28:
In file included from /Users/calebbuahin/Documents/Projects/cbuahin_github/openswmm.gui/build/tests/gui/test_meshimport_autogen/COIIM6MLNP/moc_gisvectorlayer.cpp:9:
/Users/calebbuahin/Documents/Projects/cbuahin_github/openswmm.gui/build/tests/gui/test_meshimport_autogen/COIIM6MLNP/../../../../../include/layers/gisvectorlayer.h:278:10: warning: 'setRenderer' overrides a member function but is not marked 'override' [-Winconsistent-missing-override]
  278 |     void setRenderer(std::unique_ptr<OpenSWMM::Render::IFeatureRenderer> r);
      |          ^
/Users/calebbuahin/Documents/Projects/cbuahin_github/openswmm.gui/include/layers/openswmmvislayer.h:440:18: note: overridden virtual function is here
  440 |     virtual void setRenderer(std::unique_ptr<OpenSWMM::Render::IFeatureRenderer>);
      |                  ^
In file included from /Users/calebbuahin/Documents/Projects/cbuahin_github/openswmm.gui/build/tests/gui/test_meshimport_autogen/mocs_compilation.cpp:36:
In file included from /Users/calebbuahin/Documents/Projects/cbuahin_github/openswmm.gui/build/tests/gui/test_meshimport_autogen/COIIM6MLNP/moc_swmmresultslayer.cpp:9:
/Users/calebbuahin/Documents/Projects/cbuahin_github/openswmm.gui/build/tests/gui/test_meshimport_autogen/COIIM6MLNP/../../../../../include/layers/swmmresultslayer.h:408:55: warning: 'renderer' overrides a member function but is not marked 'override' [-Winconsistent-missing-override]
  408 |     [[nodiscard]] OpenSWMM::Render::IFeatureRenderer *renderer() const;
      |                                                       ^
/Users/calebbuahin/Documents/Projects/cbuahin_github/openswmm.gui/include/layers/openswmmvislayer.h:434:63: note: overridden virtual function is here
  434 |     [[nodiscard]] virtual OpenSWMM::Render::IFeatureRenderer *renderer() const { return nullptr; }
      |                                                               ^
In file included from /Users/calebbuahin/Documents/Projects/cbuahin_github/openswmm.gui/build/tests/gui/test_meshimport_autogen/mocs_compilation.cpp:36:
In file included from /Users/calebbuahin/Documents/Projects/cbuahin_github/openswmm.gui/build/tests/gui/test_meshimport_autogen/COIIM6MLNP/moc_swmmresultslayer.cpp:9:
/Users/calebbuahin/Documents/Projects/cbuahin_github/openswmm.gui/build/tests/gui/test_meshimport_autogen/COIIM6MLNP/../../../../../include/layers/swmmresultslayer.h:417:10: warning: 'setRenderer' overrides a member function but is not marked 'override' [-Winconsistent-missing-override]
  417 |     void setRenderer(std::unique_ptr<OpenSWMM::Render::IFeatureRenderer> r);
      |          ^
/Users/calebbuahin/Documents/Projects/cbuahin_github/openswmm.gui/include/layers/openswmmvislayer.h:440:18: note: overridden virtual function is here
  440 |     virtual void setRenderer(std::unique_ptr<OpenSWMM::Render::IFeatureRenderer>);
      |                  ^
6 warnings generated.
[136/375] Building CXX object tests/gui/CMakeFiles/test_namelookup_precedence.dir/__/__/src/connections/basemapconnectionstore.cpp.o
[137/375] Building CXX object tests/gui/CMakeFiles/test_namelookup_precedence.dir/__/__/src/layers/xyztilelayer.cpp.o
[138/375] Building CXX object tests/gui/CMakeFiles/test_meshmincelldialog.dir/__/__/src/swmmvis.cpp.o
In file included from /Users/calebbuahin/Documents/Projects/cbuahin_github/openswmm.gui/src/swmmvis.cpp:76:
In file included from /Users/calebbuahin/Documents/Projects/cbuahin_github/openswmm.gui/include/ui/dialogs/sublayerselectiondialog.h:19:
/Users/calebbuahin/Documents/Projects/cbuahin_github/openswmm.gui/include/layers/gisvectorlayer.h:270:55: warning: 'renderer' overrides a member function but is not marked 'override' [-Winconsistent-missing-override]
  270 |     [[nodiscard]] OpenSWMM::Render::IFeatureRenderer *renderer() const;
      |                                                       ^
/Users/calebbuahin/Documents/Projects/cbuahin_github/openswmm.gui/include/layers/openswmmvislayer.h:434:63: note: overridden virtual function is here
  434 |     [[nodiscard]] virtual OpenSWMM::Render::IFeatureRenderer *renderer() const { return nullptr; }
      |                                                               ^
In file included from /Users/calebbuahin/Documents/Projects/cbuahin_github/openswmm.gui/src/swmmvis.cpp:76:
In file included from /Users/calebbuahin/Documents/Projects/cbuahin_github/openswmm.gui/include/ui/dialogs/sublayerselectiondialog.h:19:
/Users/calebbuahin/Documents/Projects/cbuahin_github/openswmm.gui/include/layers/gisvectorlayer.h:278:10: warning: 'setRenderer' overrides a member function but is not marked 'override' [-Winconsistent-missing-override]
  278 |     void setRenderer(std::unique_ptr<OpenSWMM::Render::IFeatureRenderer> r);
      |          ^
/Users/calebbuahin/Documents/Projects/cbuahin_github/openswmm.gui/include/layers/openswmmvislayer.h:440:18: note: overridden virtual function is here
  440 |     virtual void setRenderer(std::unique_ptr<OpenSWMM::Render::IFeatureRenderer>);
      |                  ^
In file included from /Users/calebbuahin/Documents/Projects/cbuahin_github/openswmm.gui/src/swmmvis.cpp:89:
/Users/calebbuahin/Documents/Projects/cbuahin_github/openswmm.gui/include/core/swmmdatetime.h:61:12: warning: 'QDateTime' is deprecated: Pass QTimeZone instead [-Wdeprecated-declarations]
   61 |     return QDateTime(date, QTime(h, mi, s), Qt::UTC);
      |            ^
/Users/calebbuahin/Qt/6.9.3/macos/lib/QtCore.framework/Headers/qdatetime.h:361:5: note: 'QDateTime' has been explicitly marked deprecated here
  361 |     QT_DEPRECATED_VERSION_X_6_9("Pass QTimeZone instead")
      |     ^
/Users/calebbuahin/Qt/6.9.3/macos/lib/QtCore.framework/Headers/qtdeprecationmarkers.h:213:44: note: expanded from macro 'QT_DEPRECATED_VERSION_X_6_9'
  213 | # define QT_DEPRECATED_VERSION_X_6_9(text) QT_DEPRECATED_X(text)
      |                                            ^
/Users/calebbuahin/Qt/6.9.3/macos/lib/QtCore.framework/Headers/qtdeprecationmarkers.h:29:33: note: expanded from macro 'QT_DEPRECATED_X'
   29 | #  define QT_DEPRECATED_X(text) Q_DECL_DEPRECATED_X(text)
      |                                 ^
/Users/calebbuahin/Qt/6.9.3/macos/lib/QtCore.framework/Headers/qcompilerdetection.h:1011:36: note: expanded from macro 'Q_DECL_DEPRECATED_X'
 1011 | #  define Q_DECL_DEPRECATED_X(x) [[deprecated(x)]]
      |                                    ^
In file included from /Users/calebbuahin/Documents/Projects/cbuahin_github/openswmm.gui/src/swmmvis.cpp:89:
/Users/calebbuahin/Documents/Projects/cbuahin_github/openswmm.gui/include/core/swmmdatetime.h:61:12: warning: 'QDateTime' is deprecated: Pass QTimeZone instead [-Wdeprecated-declarations]
   61 |     return QDateTime(date, QTime(h, mi, s), Qt::UTC);
      |            ^
/Users/calebbuahin/Qt/6.9.3/macos/lib/QtCore.framework/Headers/qdatetime.h:361:5: note: 'QDateTime' has been explicitly marked deprecated here
  361 |     QT_DEPRECATED_VERSION_X_6_9("Pass QTimeZone instead")
      |     ^
/Users/calebbuahin/Qt/6.9.3/macos/lib/QtCore.framework/Headers/qtdeprecationmarkers.h:213:44: note: expanded from macro 'QT_DEPRECATED_VERSION_X_6_9'
  213 | # define QT_DEPRECATED_VERSION_X_6_9(text) QT_DEPRECATED_X(text)
      |                                            ^
/Users/calebbuahin/Qt/6.9.3/macos/lib/QtCore.framework/Headers/qtdeprecationmarkers.h:29:33: note: expanded from macro 'QT_DEPRECATED_X'
   29 | #  define QT_DEPRECATED_X(text) Q_DECL_DEPRECATED_X(text)
      |                                 ^
/Users/calebbuahin/Qt/6.9.3/macos/lib/QtCore.framework/Headers/qcompilerdetection.h:1011:36: note: expanded from macro 'Q_DECL_DEPRECATED_X'
 1011 | #  define Q_DECL_DEPRECATED_X(x) [[deprecated(x)]]
      |                                    ^
In file included from /Users/calebbuahin/Documents/Projects/cbuahin_github/openswmm.gui/src/swmmvis.cpp:136:
/Users/calebbuahin/Documents/Projects/cbuahin_github/openswmm.gui/include/layers/swmmresultslayer.h:408:55: warning: 'renderer' overrides a member function but is not marked 'override' [-Winconsistent-missing-override]
  408 |     [[nodiscard]] OpenSWMM::Render::IFeatureRenderer *renderer() const;
      |                                                       ^
/Users/calebbuahin/Documents/Projects/cbuahin_github/openswmm.gui/include/layers/openswmmvislayer.h:434:63: note: overridden virtual function is here
  434 |     [[nodiscard]] virtual OpenSWMM::Render::IFeatureRenderer *renderer() const { return nullptr; }
      |                                                               ^
In file included from /Users/calebbuahin/Documents/Projects/cbuahin_github/openswmm.gui/src/swmmvis.cpp:136:
/Users/calebbuahin/Documents/Projects/cbuahin_github/openswmm.gui/include/layers/swmmresultslayer.h:417:10: warning: 'setRenderer' overrides a member function but is not marked 'override' [-Winconsistent-missing-override]
  417 |     void setRenderer(std::unique_ptr<OpenSWMM::Render::IFeatureRenderer> r);
      |          ^
/Users/calebbuahin/Documents/Projects/cbuahin_github/openswmm.gui/include/layers/openswmmvislayer.h:440:18: note: overridden virtual function is here
  440 |     virtual void setRenderer(std::unique_ptr<OpenSWMM::Render::IFeatureRenderer>);
      |                  ^
In file included from /Users/calebbuahin/Documents/Projects/cbuahin_github/openswmm.gui/src/swmmvis.cpp:194:
/Users/calebbuahin/Documents/Projects/cbuahin_github/openswmm.gui/include/layers/swmm2dresultslayer.h:544:55: warning: 'renderer' overrides a member function but is not marked 'override' [-Winconsistent-missing-override]
  544 |     [[nodiscard]] OpenSWMM::Render::IFeatureRenderer *renderer() const;
      |                                                       ^
/Users/calebbuahin/Documents/Projects/cbuahin_github/openswmm.gui/include/layers/openswmmvislayer.h:434:63: note: overridden virtual function is here
  434 |     [[nodiscard]] virtual OpenSWMM::Render::IFeatureRenderer *renderer() const { return nullptr; }
      |                                                               ^
In file included from /Users/calebbuahin/Documents/Projects/cbuahin_github/openswmm.gui/src/swmmvis.cpp:194:
/Users/calebbuahin/Documents/Projects/cbuahin_github/openswmm.gui/include/layers/swmm2dresultslayer.h:552:10: warning: 'setRenderer' overrides a member function but is not marked 'override' [-Winconsistent-missing-override]
  552 |     void setRenderer(std::unique_ptr<OpenSWMM::Render::IFeatureRenderer> r);
      |          ^
/Users/calebbuahin/Documents/Projects/cbuahin_github/openswmm.gui/include/layers/openswmmvislayer.h:440:18: note: overridden virtual function is here
  440 |     virtual void setRenderer(std::unique_ptr<OpenSWMM::Render::IFeatureRenderer>);
      |                  ^
8 warnings generated.
[139/375] Building CXX object tests/gui/CMakeFiles/test_namelookup_precedence.dir/__/__/src/map/mapcanvas.cpp.o
In file included from /Users/calebbuahin/Documents/Projects/cbuahin_github/openswmm.gui/src/map/mapcanvas.cpp:20:
/Users/calebbuahin/Documents/Projects/cbuahin_github/openswmm.gui/include/layers/gisvectorlayer.h:270:55: warning: 'renderer' overrides a member function but is not marked 'override' [-Winconsistent-missing-override]
  270 |     [[nodiscard]] OpenSWMM::Render::IFeatureRenderer *renderer() const;
      |                                                       ^
/Users/calebbuahin/Documents/Projects/cbuahin_github/openswmm.gui/include/layers/openswmmvislayer.h:434:63: note: overridden virtual function is here
  434 |     [[nodiscard]] virtual OpenSWMM::Render::IFeatureRenderer *renderer() const { return nullptr; }
      |                                                               ^
In file included from /Users/calebbuahin/Documents/Projects/cbuahin_github/openswmm.gui/src/map/mapcanvas.cpp:20:
/Users/calebbuahin/Documents/Projects/cbuahin_github/openswmm.gui/include/layers/gisvectorlayer.h:278:10: warning: 'setRenderer' overrides a member function but is not marked 'override' [-Winconsistent-missing-override]
  278 |     void setRenderer(std::unique_ptr<OpenSWMM::Render::IFeatureRenderer> r);
      |          ^
/Users/calebbuahin/Documents/Projects/cbuahin_github/openswmm.gui/include/layers/openswmmvislayer.h:440:18: note: overridden virtual function is here
  440 |     virtual void setRenderer(std::unique_ptr<OpenSWMM::Render::IFeatureRenderer>);
      |                  ^
In file included from /Users/calebbuahin/Documents/Projects/cbuahin_github/openswmm.gui/src/map/mapcanvas.cpp:31:
/Users/calebbuahin/Documents/Projects/cbuahin_github/openswmm.gui/include/layers/swmm2dresultslayer.h:544:55: warning: 'renderer' overrides a member function but is not marked 'override' [-Winconsistent-missing-override]
  544 |     [[nodiscard]] OpenSWMM::Render::IFeatureRenderer *renderer() const;
      |                                                       ^
/Users/calebbuahin/Documents/Projects/cbuahin_github/openswmm.gui/include/layers/openswmmvislayer.h:434:63: note: overridden virtual function is here
  434 |     [[nodiscard]] virtual OpenSWMM::Render::IFeatureRenderer *renderer() const { return nullptr; }
      |                                                               ^
In file included from /Users/calebbuahin/Documents/Projects/cbuahin_github/openswmm.gui/src/map/mapcanvas.cpp:31:
/Users/calebbuahin/Documents/Projects/cbuahin_github/openswmm.gui/include/layers/swmm2dresultslayer.h:552:10: warning: 'setRenderer' overrides a member function but is not marked 'override' [-Winconsistent-missing-override]
  552 |     void setRenderer(std::unique_ptr<OpenSWMM::Render::IFeatureRenderer> r);
      |          ^
/Users/calebbuahin/Documents/Projects/cbuahin_github/openswmm.gui/include/layers/openswmmvislayer.h:440:18: note: overridden virtual function is here
  440 |     virtual void setRenderer(std::unique_ptr<OpenSWMM::Render::IFeatureRenderer>);
      |                  ^
4 warnings generated.
[140/375] Building CXX object tests/gui/CMakeFiles/test_namelookup_precedence.dir/__/__/src/project/projectserializer.cpp.o
In file included from /Users/calebbuahin/Documents/Projects/cbuahin_github/openswmm.gui/src/project/projectserializer.cpp:12:
/Users/calebbuahin/Documents/Projects/cbuahin_github/openswmm.gui/include/layers/gisvectorlayer.h:270:55: warning: 'renderer' overrides a member function but is not marked 'override' [-Winconsistent-missing-override]
  270 |     [[nodiscard]] OpenSWMM::Render::IFeatureRenderer *renderer() const;
      |                                                       ^
/Users/calebbuahin/Documents/Projects/cbuahin_github/openswmm.gui/include/layers/openswmmvislayer.h:434:63: note: overridden virtual function is here
  434 |     [[nodiscard]] virtual OpenSWMM::Render::IFeatureRenderer *renderer() const { return nullptr; }
      |                                                               ^
In file included from /Users/calebbuahin/Documents/Projects/cbuahin_github/openswmm.gui/src/project/projectserializer.cpp:12:
/Users/calebbuahin/Documents/Projects/cbuahin_github/openswmm.gui/include/layers/gisvectorlayer.h:278:10: warning: 'setRenderer' overrides a member function but is not marked 'override' [-Winconsistent-missing-override]
  278 |     void setRenderer(std::unique_ptr<OpenSWMM::Render::IFeatureRenderer> r);
      |          ^
/Users/calebbuahin/Documents/Projects/cbuahin_github/openswmm.gui/include/layers/openswmmvislayer.h:440:18: note: overridden virtual function is here
  440 |     virtual void setRenderer(std::unique_ptr<OpenSWMM::Render::IFeatureRenderer>);
      |                  ^
In file included from /Users/calebbuahin/Documents/Projects/cbuahin_github/openswmm.gui/src/project/projectserializer.cpp:15:
/Users/calebbuahin/Documents/Projects/cbuahin_github/openswmm.gui/include/layers/swmm2dresultslayer.h:544:55: warning: 'renderer' overrides a member function but is not marked 'override' [-Winconsistent-missing-override]
  544 |     [[nodiscard]] OpenSWMM::Render::IFeatureRenderer *renderer() const;
      |                                                       ^
/Users/calebbuahin/Documents/Projects/cbuahin_github/openswmm.gui/include/layers/openswmmvislayer.h:434:63: note: overridden virtual function is here
  434 |     [[nodiscard]] virtual OpenSWMM::Render::IFeatureRenderer *renderer() const { return nullptr; }
      |                                                               ^
In file included from /Users/calebbuahin/Documents/Projects/cbuahin_github/openswmm.gui/src/project/projectserializer.cpp:15:
/Users/calebbuahin/Documents/Projects/cbuahin_github/openswmm.gui/include/layers/swmm2dresultslayer.h:552:10: warning: 'setRenderer' overrides a member function but is not marked 'override' [-Winconsistent-missing-override]
  552 |     void setRenderer(std::unique_ptr<OpenSWMM::Render::IFeatureRenderer> r);
      |          ^
/Users/calebbuahin/Documents/Projects/cbuahin_github/openswmm.gui/include/layers/openswmmvislayer.h:440:18: note: overridden virtual function is here
  440 |     virtual void setRenderer(std::unique_ptr<OpenSWMM::Render::IFeatureRenderer>);
      |                  ^
In file included from /Users/calebbuahin/Documents/Projects/cbuahin_github/openswmm.gui/src/project/projectserializer.cpp:17:
/Users/calebbuahin/Documents/Projects/cbuahin_github/openswmm.gui/include/layers/swmmresultslayer.h:408:55: warning: 'renderer' overrides a member function but is not marked 'override' [-Winconsistent-missing-override]
  408 |     [[nodiscard]] OpenSWMM::Render::IFeatureRenderer *renderer() const;
      |                                                       ^
/Users/calebbuahin/Documents/Projects/cbuahin_github/openswmm.gui/include/layers/openswmmvislayer.h:434:63: note: overridden virtual function is here
  434 |     [[nodiscard]] virtual OpenSWMM::Render::IFeatureRenderer *renderer() const { return nullptr; }
      |                                                               ^
In file included from /Users/calebbuahin/Documents/Projects/cbuahin_github/openswmm.gui/src/project/projectserializer.cpp:17:
/Users/calebbuahin/Documents/Projects/cbuahin_github/openswmm.gui/include/layers/swmmresultslayer.h:417:10: warning: 'setRenderer' overrides a member function but is not marked 'override' [-Winconsistent-missing-override]
  417 |     void setRenderer(std::unique_ptr<OpenSWMM::Render::IFeatureRenderer> r);
      |          ^
/Users/calebbuahin/Documents/Projects/cbuahin_github/openswmm.gui/include/layers/openswmmvislayer.h:440:18: note: overridden virtual function is here
  440 |     virtual void setRenderer(std::unique_ptr<OpenSWMM::Render::IFeatureRenderer>);
      |                  ^
6 warnings generated.
[141/375] Building CXX object tests/gui/CMakeFiles/test_namelookup_precedence.dir/__/__/src/ui/dialogs/layerstyledialog.cpp.o
In file included from /Users/calebbuahin/Documents/Projects/cbuahin_github/openswmm.gui/src/ui/dialogs/layerstyledialog.cpp:24:
/Users/calebbuahin/Documents/Projects/cbuahin_github/openswmm.gui/include/layers/gisvectorlayer.h:270:55: warning: 'renderer' overrides a member function but is not marked 'override' [-Winconsistent-missing-override]
  270 |     [[nodiscard]] OpenSWMM::Render::IFeatureRenderer *renderer() const;
      |                                                       ^
/Users/calebbuahin/Documents/Projects/cbuahin_github/openswmm.gui/include/layers/openswmmvislayer.h:434:63: note: overridden virtual function is here
  434 |     [[nodiscard]] virtual OpenSWMM::Render::IFeatureRenderer *renderer() const { return nullptr; }
      |                                                               ^
In file included from /Users/calebbuahin/Documents/Projects/cbuahin_github/openswmm.gui/src/ui/dialogs/layerstyledialog.cpp:24:
/Users/calebbuahin/Documents/Projects/cbuahin_github/openswmm.gui/include/layers/gisvectorlayer.h:278:10: warning: 'setRenderer' overrides a member function but is not marked 'override' [-Winconsistent-missing-override]
  278 |     void setRenderer(std::unique_ptr<OpenSWMM::Render::IFeatureRenderer> r);
      |          ^
/Users/calebbuahin/Documents/Projects/cbuahin_github/openswmm.gui/include/layers/openswmmvislayer.h:440:18: note: overridden virtual function is here
  440 |     virtual void setRenderer(std::unique_ptr<OpenSWMM::Render::IFeatureRenderer>);
      |                  ^
In file included from /Users/calebbuahin/Documents/Projects/cbuahin_github/openswmm.gui/src/ui/dialogs/layerstyledialog.cpp:27:
/Users/calebbuahin/Documents/Projects/cbuahin_github/openswmm.gui/include/layers/swmmresultslayer.h:408:55: warning: 'renderer' overrides a member function but is not marked 'override' [-Winconsistent-missing-override]
  408 |     [[nodiscard]] OpenSWMM::Render::IFeatureRenderer *renderer() const;
      |                                                       ^
/Users/calebbuahin/Documents/Projects/cbuahin_github/openswmm.gui/include/layers/openswmmvislayer.h:434:63: note: overridden virtual function is here
  434 |     [[nodiscard]] virtual OpenSWMM::Render::IFeatureRenderer *renderer() const { return nullptr; }
      |                                                               ^
In file included from /Users/calebbuahin/Documents/Projects/cbuahin_github/openswmm.gui/src/ui/dialogs/layerstyledialog.cpp:27:
/Users/calebbuahin/Documents/Projects/cbuahin_github/openswmm.gui/include/layers/swmmresultslayer.h:417:10: warning: 'setRenderer' overrides a member function but is not marked 'override' [-Winconsistent-missing-override]
  417 |     void setRenderer(std::unique_ptr<OpenSWMM::Render::IFeatureRenderer> r);
      |          ^
/Users/calebbuahin/Documents/Projects/cbuahin_github/openswmm.gui/include/layers/openswmmvislayer.h:440:18: note: overridden virtual function is here
  440 |     virtual void setRenderer(std::unique_ptr<OpenSWMM::Render::IFeatureRenderer>);
      |                  ^
In file included from /Users/calebbuahin/Documents/Projects/cbuahin_github/openswmm.gui/src/ui/dialogs/layerstyledialog.cpp:28:
/Users/calebbuahin/Documents/Projects/cbuahin_github/openswmm.gui/include/layers/swmm2dresultslayer.h:544:55: warning: 'renderer' overrides a member function but is not marked 'override' [-Winconsistent-missing-override]
  544 |     [[nodiscard]] OpenSWMM::Render::IFeatureRenderer *renderer() const;
      |                                                       ^
/Users/calebbuahin/Documents/Projects/cbuahin_github/openswmm.gui/include/layers/openswmmvislayer.h:434:63: note: overridden virtual function is here
  434 |     [[nodiscard]] virtual OpenSWMM::Render::IFeatureRenderer *renderer() const { return nullptr; }
      |                                                               ^
In file included from /Users/calebbuahin/Documents/Projects/cbuahin_github/openswmm.gui/src/ui/dialogs/layerstyledialog.cpp:28:
/Users/calebbuahin/Documents/Projects/cbuahin_github/openswmm.gui/include/layers/swmm2dresultslayer.h:552:10: warning: 'setRenderer' overrides a member function but is not marked 'override' [-Winconsistent-missing-override]
  552 |     void setRenderer(std::unique_ptr<OpenSWMM::Render::IFeatureRenderer> r);
      |          ^
/Users/calebbuahin/Documents/Projects/cbuahin_github/openswmm.gui/include/layers/openswmmvislayer.h:440:18: note: overridden virtual function is here
  440 |     virtual void setRenderer(std::unique_ptr<OpenSWMM::Render::IFeatureRenderer>);
      |                  ^
6 warnings generated.
[142/375] Building CXX object tests/gui/CMakeFiles/test_namelookup_precedence.dir/__/__/src/ui/dialogs/addbasemapdialog.cpp.o
In file included from /Users/calebbuahin/Documents/Projects/cbuahin_github/openswmm.gui/src/ui/dialogs/addbasemapdialog.cpp:26:
In file included from /Users/calebbuahin/Documents/Projects/cbuahin_github/openswmm.gui/include/layers/wfslayer.h:27:
/Users/calebbuahin/Documents/Projects/cbuahin_github/openswmm.gui/include/layers/gisvectorlayer.h:270:55: warning: 'renderer' overrides a member function but is not marked 'override' [-Winconsistent-missing-override]
  270 |     [[nodiscard]] OpenSWMM::Render::IFeatureRenderer *renderer() const;
      |                                                       ^
/Users/calebbuahin/Documents/Projects/cbuahin_github/openswmm.gui/include/layers/openswmmvislayer.h:434:63: note: overridden virtual function is here
  434 |     [[nodiscard]] virtual OpenSWMM::Render::IFeatureRenderer *renderer() const { return nullptr; }
      |                                                               ^
In file included from /Users/calebbuahin/Documents/Projects/cbuahin_github/openswmm.gui/src/ui/dialogs/addbasemapdialog.cpp:26:
In file included from /Users/calebbuahin/Documents/Projects/cbuahin_github/openswmm.gui/include/layers/wfslayer.h:27:
/Users/calebbuahin/Documents/Projects/cbuahin_github/openswmm.gui/include/layers/gisvectorlayer.h:278:10: warning: 'setRenderer' overrides a member function but is not marked 'override' [-Winconsistent-missing-override]
  278 |     void setRenderer(std::unique_ptr<OpenSWMM::Render::IFeatureRenderer> r);
      |          ^
/Users/calebbuahin/Documents/Projects/cbuahin_github/openswmm.gui/include/layers/openswmmvislayer.h:440:18: note: overridden virtual function is here
  440 |     virtual void setRenderer(std::unique_ptr<OpenSWMM::Render::IFeatureRenderer>);
      |                  ^
2 warnings generated.
[143/375] Building CXX object tests/gui/CMakeFiles/test_namelookup_precedence.dir/__/__/src/ui/widgets/basemaphttpheaderswidget.cpp.o
[144/375] Building CXX object tests/gui/CMakeFiles/test_2dresults_vizfixes.dir/test_2dresults_vizfixes_autogen/mocs_compilation.cpp.o
In file included from /Users/calebbuahin/Documents/Projects/cbuahin_github/openswmm.gui/build/tests/gui/test_2dresults_vizfixes_autogen/mocs_compilation.cpp:2:
In file included from /Users/calebbuahin/Documents/Projects/cbuahin_github/openswmm.gui/build/tests/gui/test_2dresults_vizfixes_autogen/MAYCBHTXLP/moc_animationcontroller.cpp:9:
In file included from /Users/calebbuahin/Documents/Projects/cbuahin_github/openswmm.gui/build/tests/gui/test_2dresults_vizfixes_autogen/MAYCBHTXLP/../../../../../include/animation/animationcontroller.h:33:
/Users/calebbuahin/Documents/Projects/cbuahin_github/openswmm.gui/include/layers/swmm2dresultslayer.h:544:55: warning: 'renderer' overrides a member function but is not marked 'override' [-Winconsistent-missing-override]
  544 |     [[nodiscard]] OpenSWMM::Render::IFeatureRenderer *renderer() const;
      |                                                       ^
/Users/calebbuahin/Documents/Projects/cbuahin_github/openswmm.gui/include/layers/openswmmvislayer.h:434:63: note: overridden virtual function is here
  434 |     [[nodiscard]] virtual OpenSWMM::Render::IFeatureRenderer *renderer() const { return nullptr; }
      |                                                               ^
In file included from /Users/calebbuahin/Documents/Projects/cbuahin_github/openswmm.gui/build/tests/gui/test_2dresults_vizfixes_autogen/mocs_compilation.cpp:2:
In file included from /Users/calebbuahin/Documents/Projects/cbuahin_github/openswmm.gui/build/tests/gui/test_2dresults_vizfixes_autogen/MAYCBHTXLP/moc_animationcontroller.cpp:9:
In file included from /Users/calebbuahin/Documents/Projects/cbuahin_github/openswmm.gui/build/tests/gui/test_2dresults_vizfixes_autogen/MAYCBHTXLP/../../../../../include/animation/animationcontroller.h:33:
/Users/calebbuahin/Documents/Projects/cbuahin_github/openswmm.gui/include/layers/swmm2dresultslayer.h:552:10: warning: 'setRenderer' overrides a member function but is not marked 'override' [-Winconsistent-missing-override]
  552 |     void setRenderer(std::unique_ptr<OpenSWMM::Render::IFeatureRenderer> r);
      |          ^
/Users/calebbuahin/Documents/Projects/cbuahin_github/openswmm.gui/include/layers/openswmmvislayer.h:440:18: note: overridden virtual function is here
  440 |     virtual void setRenderer(std::unique_ptr<OpenSWMM::Render::IFeatureRenderer>);
      |                  ^
In file included from /Users/calebbuahin/Documents/Projects/cbuahin_github/openswmm.gui/build/tests/gui/test_2dresults_vizfixes_autogen/mocs_compilation.cpp:28:
In file included from /Users/calebbuahin/Documents/Projects/cbuahin_github/openswmm.gui/build/tests/gui/test_2dresults_vizfixes_autogen/COIIM6MLNP/moc_gisvectorlayer.cpp:9:
/Users/calebbuahin/Documents/Projects/cbuahin_github/openswmm.gui/build/tests/gui/test_2dresults_vizfixes_autogen/COIIM6MLNP/../../../../../include/layers/gisvectorlayer.h:270:55: warning: 'renderer' overrides a member function but is not marked 'override' [-Winconsistent-missing-override]
  270 |     [[nodiscard]] OpenSWMM::Render::IFeatureRenderer *renderer() const;
      |                                                       ^
/Users/calebbuahin/Documents/Projects/cbuahin_github/openswmm.gui/include/layers/openswmmvislayer.h:434:63: note: overridden virtual function is here
  434 |     [[nodiscard]] virtual OpenSWMM::Render::IFeatureRenderer *renderer() const { return nullptr; }
      |                                                               ^
In file included from /Users/calebbuahin/Documents/Projects/cbuahin_github/openswmm.gui/build/tests/gui/test_2dresults_vizfixes_autogen/mocs_compilation.cpp:28:
In file included from /Users/calebbuahin/Documents/Projects/cbuahin_github/openswmm.gui/build/tests/gui/test_2dresults_vizfixes_autogen/COIIM6MLNP/moc_gisvectorlayer.cpp:9:
/Users/calebbuahin/Documents/Projects/cbuahin_github/openswmm.gui/build/tests/gui/test_2dresults_vizfixes_autogen/COIIM6MLNP/../../../../../include/layers/gisvectorlayer.h:278:10: warning: 'setRenderer' overrides a member function but is not marked 'override' [-Winconsistent-missing-override]
  278 |     void setRenderer(std::unique_ptr<OpenSWMM::Render::IFeatureRenderer> r);
      |          ^
/Users/calebbuahin/Documents/Projects/cbuahin_github/openswmm.gui/include/layers/openswmmvislayer.h:440:18: note: overridden virtual function is here
  440 |     virtual void setRenderer(std::unique_ptr<OpenSWMM::Render::IFeatureRenderer>);
      |                  ^
In file included from /Users/calebbuahin/Documents/Projects/cbuahin_github/openswmm.gui/build/tests/gui/test_2dresults_vizfixes_autogen/mocs_compilation.cpp:36:
In file included from /Users/calebbuahin/Documents/Projects/cbuahin_github/openswmm.gui/build/tests/gui/test_2dresults_vizfixes_autogen/COIIM6MLNP/moc_swmmresultslayer.cpp:9:
/Users/calebbuahin/Documents/Projects/cbuahin_github/openswmm.gui/build/tests/gui/test_2dresults_vizfixes_autogen/COIIM6MLNP/../../../../../include/layers/swmmresultslayer.h:408:55: warning: 'renderer' overrides a member function but is not marked 'override' [-Winconsistent-missing-override]
  408 |     [[nodiscard]] OpenSWMM::Render::IFeatureRenderer *renderer() const;
      |                                                       ^
/Users/calebbuahin/Documents/Projects/cbuahin_github/openswmm.gui/include/layers/openswmmvislayer.h:434:63: note: overridden virtual function is here
  434 |     [[nodiscard]] virtual OpenSWMM::Render::IFeatureRenderer *renderer() const { return nullptr; }
      |                                                               ^
In file included from /Users/calebbuahin/Documents/Projects/cbuahin_github/openswmm.gui/build/tests/gui/test_2dresults_vizfixes_autogen/mocs_compilation.cpp:36:
In file included from /Users/calebbuahin/Documents/Projects/cbuahin_github/openswmm.gui/build/tests/gui/test_2dresults_vizfixes_autogen/COIIM6MLNP/moc_swmmresultslayer.cpp:9:
/Users/calebbuahin/Documents/Projects/cbuahin_github/openswmm.gui/build/tests/gui/test_2dresults_vizfixes_autogen/COIIM6MLNP/../../../../../include/layers/swmmresultslayer.h:417:10: warning: 'setRenderer' overrides a member function but is not marked 'override' [-Winconsistent-missing-override]
  417 |     void setRenderer(std::unique_ptr<OpenSWMM::Render::IFeatureRenderer> r);
      |          ^
/Users/calebbuahin/Documents/Projects/cbuahin_github/openswmm.gui/include/layers/openswmmvislayer.h:440:18: note: overridden virtual function is here
  440 |     virtual void setRenderer(std::unique_ptr<OpenSWMM::Render::IFeatureRenderer>);
      |                  ^
6 warnings generated.
[145/375] Building CXX object tests/gui/CMakeFiles/test_a11y_scene_exposure.dir/__/__/src/connections/basemapconnectionstore.cpp.o
[146/375] Building CXX object tests/gui/CMakeFiles/test_a11y_scene_exposure.dir/__/__/src/layers/xyztilelayer.cpp.o
[147/375] Building CXX object tests/gui/CMakeFiles/test_a11y_scene_exposure.dir/__/__/src/map/mapcanvas.cpp.o
In file included from /Users/calebbuahin/Documents/Projects/cbuahin_github/openswmm.gui/src/map/mapcanvas.cpp:20:
/Users/calebbuahin/Documents/Projects/cbuahin_github/openswmm.gui/include/layers/gisvectorlayer.h:270:55: warning: 'renderer' overrides a member function but is not marked 'override' [-Winconsistent-missing-override]
  270 |     [[nodiscard]] OpenSWMM::Render::IFeatureRenderer *renderer() const;
      |                                                       ^
/Users/calebbuahin/Documents/Projects/cbuahin_github/openswmm.gui/include/layers/openswmmvislayer.h:434:63: note: overridden virtual function is here
  434 |     [[nodiscard]] virtual OpenSWMM::Render::IFeatureRenderer *renderer() const { return nullptr; }
      |                                                               ^
In file included from /Users/calebbuahin/Documents/Projects/cbuahin_github/openswmm.gui/src/map/mapcanvas.cpp:20:
/Users/calebbuahin/Documents/Projects/cbuahin_github/openswmm.gui/include/layers/gisvectorlayer.h:278:10: warning: 'setRenderer' overrides a member function but is not marked 'override' [-Winconsistent-missing-override]
  278 |     void setRenderer(std::unique_ptr<OpenSWMM::Render::IFeatureRenderer> r);
      |          ^
/Users/calebbuahin/Documents/Projects/cbuahin_github/openswmm.gui/include/layers/openswmmvislayer.h:440:18: note: overridden virtual function is here
  440 |     virtual void setRenderer(std::unique_ptr<OpenSWMM::Render::IFeatureRenderer>);
      |                  ^
In file included from /Users/calebbuahin/Documents/Projects/cbuahin_github/openswmm.gui/src/map/mapcanvas.cpp:31:
/Users/calebbuahin/Documents/Projects/cbuahin_github/openswmm.gui/include/layers/swmm2dresultslayer.h:544:55: warning: 'renderer' overrides a member function but is not marked 'override' [-Winconsistent-missing-override]
  544 |     [[nodiscard]] OpenSWMM::Render::IFeatureRenderer *renderer() const;
      |                                                       ^
/Users/calebbuahin/Documents/Projects/cbuahin_github/openswmm.gui/include/layers/openswmmvislayer.h:434:63: note: overridden virtual function is here
  434 |     [[nodiscard]] virtual OpenSWMM::Render::IFeatureRenderer *renderer() const { return nullptr; }
      |                                                               ^
In file included from /Users/calebbuahin/Documents/Projects/cbuahin_github/openswmm.gui/src/map/mapcanvas.cpp:31:
/Users/calebbuahin/Documents/Projects/cbuahin_github/openswmm.gui/include/layers/swmm2dresultslayer.h:552:10: warning: 'setRenderer' overrides a member function but is not marked 'override' [-Winconsistent-missing-override]
  552 |     void setRenderer(std::unique_ptr<OpenSWMM::Render::IFeatureRenderer> r);
      |          ^
/Users/calebbuahin/Documents/Projects/cbuahin_github/openswmm.gui/include/layers/openswmmvislayer.h:440:18: note: overridden virtual function is here
  440 |     virtual void setRenderer(std::unique_ptr<OpenSWMM::Render::IFeatureRenderer>);
      |                  ^
4 warnings generated.
[148/375] Building CXX object tests/gui/CMakeFiles/test_a11y_scene_exposure.dir/__/__/src/project/projectserializer.cpp.o
In file included from /Users/calebbuahin/Documents/Projects/cbuahin_github/openswmm.gui/src/project/projectserializer.cpp:12:
/Users/calebbuahin/Documents/Projects/cbuahin_github/openswmm.gui/include/layers/gisvectorlayer.h:270:55: warning: 'renderer' overrides a member function but is not marked 'override' [-Winconsistent-missing-override]
  270 |     [[nodiscard]] OpenSWMM::Render::IFeatureRenderer *renderer() const;
      |                                                       ^
/Users/calebbuahin/Documents/Projects/cbuahin_github/openswmm.gui/include/layers/openswmmvislayer.h:434:63: note: overridden virtual function is here
  434 |     [[nodiscard]] virtual OpenSWMM::Render::IFeatureRenderer *renderer() const { return nullptr; }
      |                                                               ^
In file included from /Users/calebbuahin/Documents/Projects/cbuahin_github/openswmm.gui/src/project/projectserializer.cpp:12:
/Users/calebbuahin/Documents/Projects/cbuahin_github/openswmm.gui/include/layers/gisvectorlayer.h:278:10: warning: 'setRenderer' overrides a member function but is not marked 'override' [-Winconsistent-missing-override]
  278 |     void setRenderer(std::unique_ptr<OpenSWMM::Render::IFeatureRenderer> r);
      |          ^
/Users/calebbuahin/Documents/Projects/cbuahin_github/openswmm.gui/include/layers/openswmmvislayer.h:440:18: note: overridden virtual function is here
  440 |     virtual void setRenderer(std::unique_ptr<OpenSWMM::Render::IFeatureRenderer>);
      |                  ^
In file included from /Users/calebbuahin/Documents/Projects/cbuahin_github/openswmm.gui/src/project/projectserializer.cpp:15:
/Users/calebbuahin/Documents/Projects/cbuahin_github/openswmm.gui/include/layers/swmm2dresultslayer.h:544:55: warning: 'renderer' overrides a member function but is not marked 'override' [-Winconsistent-missing-override]
  544 |     [[nodiscard]] OpenSWMM::Render::IFeatureRenderer *renderer() const;
      |                                                       ^
/Users/calebbuahin/Documents/Projects/cbuahin_github/openswmm.gui/include/layers/openswmmvislayer.h:434:63: note: overridden virtual function is here
  434 |     [[nodiscard]] virtual OpenSWMM::Render::IFeatureRenderer *renderer() const { return nullptr; }
      |                                                               ^
In file included from /Users/calebbuahin/Documents/Projects/cbuahin_github/openswmm.gui/src/project/projectserializer.cpp:15:
/Users/calebbuahin/Documents/Projects/cbuahin_github/openswmm.gui/include/layers/swmm2dresultslayer.h:552:10: warning: 'setRenderer' overrides a member function but is not marked 'override' [-Winconsistent-missing-override]
  552 |     void setRenderer(std::unique_ptr<OpenSWMM::Render::IFeatureRenderer> r);
      |          ^
/Users/calebbuahin/Documents/Projects/cbuahin_github/openswmm.gui/include/layers/openswmmvislayer.h:440:18: note: overridden virtual function is here
  440 |     virtual void setRenderer(std::unique_ptr<OpenSWMM::Render::IFeatureRenderer>);
      |                  ^
In file included from /Users/calebbuahin/Documents/Projects/cbuahin_github/openswmm.gui/src/project/projectserializer.cpp:17:
/Users/calebbuahin/Documents/Projects/cbuahin_github/openswmm.gui/include/layers/swmmresultslayer.h:408:55: warning: 'renderer' overrides a member function but is not marked 'override' [-Winconsistent-missing-override]
  408 |     [[nodiscard]] OpenSWMM::Render::IFeatureRenderer *renderer() const;
      |                                                       ^
/Users/calebbuahin/Documents/Projects/cbuahin_github/openswmm.gui/include/layers/openswmmvislayer.h:434:63: note: overridden virtual function is here
  434 |     [[nodiscard]] virtual OpenSWMM::Render::IFeatureRenderer *renderer() const { return nullptr; }
      |                                                               ^
In file included from /Users/calebbuahin/Documents/Projects/cbuahin_github/openswmm.gui/src/project/projectserializer.cpp:17:
/Users/calebbuahin/Documents/Projects/cbuahin_github/openswmm.gui/include/layers/swmmresultslayer.h:417:10: warning: 'setRenderer' overrides a member function but is not marked 'override' [-Winconsistent-missing-override]
  417 |     void setRenderer(std::unique_ptr<OpenSWMM::Render::IFeatureRenderer> r);
      |          ^
/Users/calebbuahin/Documents/Projects/cbuahin_github/openswmm.gui/include/layers/openswmmvislayer.h:440:18: note: overridden virtual function is here
  440 |     virtual void setRenderer(std::unique_ptr<OpenSWMM::Render::IFeatureRenderer>);
      |                  ^
6 warnings generated.
[149/375] Building CXX object tests/gui/CMakeFiles/test_a11y_scene_exposure.dir/__/__/src/ui/dialogs/layerstyledialog.cpp.o
In file included from /Users/calebbuahin/Documents/Projects/cbuahin_github/openswmm.gui/src/ui/dialogs/layerstyledialog.cpp:24:
/Users/calebbuahin/Documents/Projects/cbuahin_github/openswmm.gui/include/layers/gisvectorlayer.h:270:55: warning: 'renderer' overrides a member function but is not marked 'override' [-Winconsistent-missing-override]
  270 |     [[nodiscard]] OpenSWMM::Render::IFeatureRenderer *renderer() const;
      |                                                       ^
/Users/calebbuahin/Documents/Projects/cbuahin_github/openswmm.gui/include/layers/openswmmvislayer.h:434:63: note: overridden virtual function is here
  434 |     [[nodiscard]] virtual OpenSWMM::Render::IFeatureRenderer *renderer() const { return nullptr; }
      |                                                               ^
In file included from /Users/calebbuahin/Documents/Projects/cbuahin_github/openswmm.gui/src/ui/dialogs/layerstyledialog.cpp:24:
/Users/calebbuahin/Documents/Projects/cbuahin_github/openswmm.gui/include/layers/gisvectorlayer.h:278:10: warning: 'setRenderer' overrides a member function but is not marked 'override' [-Winconsistent-missing-override]
  278 |     void setRenderer(std::unique_ptr<OpenSWMM::Render::IFeatureRenderer> r);
      |          ^
/Users/calebbuahin/Documents/Projects/cbuahin_github/openswmm.gui/include/layers/openswmmvislayer.h:440:18: note: overridden virtual function is here
  440 |     virtual void setRenderer(std::unique_ptr<OpenSWMM::Render::IFeatureRenderer>);
      |                  ^
In file included from /Users/calebbuahin/Documents/Projects/cbuahin_github/openswmm.gui/src/ui/dialogs/layerstyledialog.cpp:27:
/Users/calebbuahin/Documents/Projects/cbuahin_github/openswmm.gui/include/layers/swmmresultslayer.h:408:55: warning: 'renderer' overrides a member function but is not marked 'override' [-Winconsistent-missing-override]
  408 |     [[nodiscard]] OpenSWMM::Render::IFeatureRenderer *renderer() const;
      |                                                       ^
/Users/calebbuahin/Documents/Projects/cbuahin_github/openswmm.gui/include/layers/openswmmvislayer.h:434:63: note: overridden virtual function is here
  434 |     [[nodiscard]] virtual OpenSWMM::Render::IFeatureRenderer *renderer() const { return nullptr; }
      |                                                               ^
In file included from /Users/calebbuahin/Documents/Projects/cbuahin_github/openswmm.gui/src/ui/dialogs/layerstyledialog.cpp:27:
/Users/calebbuahin/Documents/Projects/cbuahin_github/openswmm.gui/include/layers/swmmresultslayer.h:417:10: warning: 'setRenderer' overrides a member function but is not marked 'override' [-Winconsistent-missing-override]
  417 |     void setRenderer(std::unique_ptr<OpenSWMM::Render::IFeatureRenderer> r);
      |          ^
/Users/calebbuahin/Documents/Projects/cbuahin_github/openswmm.gui/include/layers/openswmmvislayer.h:440:18: note: overridden virtual function is here
  440 |     virtual void setRenderer(std::unique_ptr<OpenSWMM::Render::IFeatureRenderer>);
      |                  ^
In file included from /Users/calebbuahin/Documents/Projects/cbuahin_github/openswmm.gui/src/ui/dialogs/layerstyledialog.cpp:28:
/Users/calebbuahin/Documents/Projects/cbuahin_github/openswmm.gui/include/layers/swmm2dresultslayer.h:544:55: warning: 'renderer' overrides a member function but is not marked 'override' [-Winconsistent-missing-override]
  544 |     [[nodiscard]] OpenSWMM::Render::IFeatureRenderer *renderer() const;
      |                                                       ^
/Users/calebbuahin/Documents/Projects/cbuahin_github/openswmm.gui/include/layers/openswmmvislayer.h:434:63: note: overridden virtual function is here
  434 |     [[nodiscard]] virtual OpenSWMM::Render::IFeatureRenderer *renderer() const { return nullptr; }
      |                                                               ^
In file included from /Users/calebbuahin/Documents/Projects/cbuahin_github/openswmm.gui/src/ui/dialogs/layerstyledialog.cpp:28:
/Users/calebbuahin/Documents/Projects/cbuahin_github/openswmm.gui/include/layers/swmm2dresultslayer.h:552:10: warning: 'setRenderer' overrides a member function but is not marked 'override' [-Winconsistent-missing-override]
  552 |     void setRenderer(std::unique_ptr<OpenSWMM::Render::IFeatureRenderer> r);
      |          ^
/Users/calebbuahin/Documents/Projects/cbuahin_github/openswmm.gui/include/layers/openswmmvislayer.h:440:18: note: overridden virtual function is here
  440 |     virtual void setRenderer(std::unique_ptr<OpenSWMM::Render::IFeatureRenderer>);
      |                  ^
6 warnings generated.
[150/375] Building CXX object tests/gui/CMakeFiles/test_a11y_scene_exposure.dir/__/__/src/ui/dialogs/addbasemapdialog.cpp.o
In file included from /Users/calebbuahin/Documents/Projects/cbuahin_github/openswmm.gui/src/ui/dialogs/addbasemapdialog.cpp:26:
In file included from /Users/calebbuahin/Documents/Projects/cbuahin_github/openswmm.gui/include/layers/wfslayer.h:27:
/Users/calebbuahin/Documents/Projects/cbuahin_github/openswmm.gui/include/layers/gisvectorlayer.h:270:55: warning: 'renderer' overrides a member function but is not marked 'override' [-Winconsistent-missing-override]
  270 |     [[nodiscard]] OpenSWMM::Render::IFeatureRenderer *renderer() const;
      |                                                       ^
/Users/calebbuahin/Documents/Projects/cbuahin_github/openswmm.gui/include/layers/openswmmvislayer.h:434:63: note: overridden virtual function is here
  434 |     [[nodiscard]] virtual OpenSWMM::Render::IFeatureRenderer *renderer() const { return nullptr; }
      |                                                               ^
In file included from /Users/calebbuahin/Documents/Projects/cbuahin_github/openswmm.gui/src/ui/dialogs/addbasemapdialog.cpp:26:
In file included from /Users/calebbuahin/Documents/Projects/cbuahin_github/openswmm.gui/include/layers/wfslayer.h:27:
/Users/calebbuahin/Documents/Projects/cbuahin_github/openswmm.gui/include/layers/gisvectorlayer.h:278:10: warning: 'setRenderer' overrides a member function but is not marked 'override' [-Winconsistent-missing-override]
  278 |     void setRenderer(std::unique_ptr<OpenSWMM::Render::IFeatureRenderer> r);
      |          ^
/Users/calebbuahin/Documents/Projects/cbuahin_github/openswmm.gui/include/layers/openswmmvislayer.h:440:18: note: overridden virtual function is here
  440 |     virtual void setRenderer(std::unique_ptr<OpenSWMM::Render::IFeatureRenderer>);
      |                  ^
2 warnings generated.
[151/375] Building CXX object tests/gui/CMakeFiles/test_a11y_scene_exposure.dir/__/__/src/ui/widgets/basemaphttpheaderswidget.cpp.o
[152/375] Building CXX object tests/gui/CMakeFiles/test_gageassignintegration.dir/__/__/src/swmmvis.cpp.o
In file included from /Users/calebbuahin/Documents/Projects/cbuahin_github/openswmm.gui/src/swmmvis.cpp:76:
In file included from /Users/calebbuahin/Documents/Projects/cbuahin_github/openswmm.gui/include/ui/dialogs/sublayerselectiondialog.h:19:
/Users/calebbuahin/Documents/Projects/cbuahin_github/openswmm.gui/include/layers/gisvectorlayer.h:270:55: warning: 'renderer' overrides a member function but is not marked 'override' [-Winconsistent-missing-override]
  270 |     [[nodiscard]] OpenSWMM::Render::IFeatureRenderer *renderer() const;
      |                                                       ^
/Users/calebbuahin/Documents/Projects/cbuahin_github/openswmm.gui/include/layers/openswmmvislayer.h:434:63: note: overridden virtual function is here
  434 |     [[nodiscard]] virtual OpenSWMM::Render::IFeatureRenderer *renderer() const { return nullptr; }
      |                                                               ^
In file included from /Users/calebbuahin/Documents/Projects/cbuahin_github/openswmm.gui/src/swmmvis.cpp:76:
In file included from /Users/calebbuahin/Documents/Projects/cbuahin_github/openswmm.gui/include/ui/dialogs/sublayerselectiondialog.h:19:
/Users/calebbuahin/Documents/Projects/cbuahin_github/openswmm.gui/include/layers/gisvectorlayer.h:278:10: warning: 'setRenderer' overrides a member function but is not marked 'override' [-Winconsistent-missing-override]
  278 |     void setRenderer(std::unique_ptr<OpenSWMM::Render::IFeatureRenderer> r);
      |          ^
/Users/calebbuahin/Documents/Projects/cbuahin_github/openswmm.gui/include/layers/openswmmvislayer.h:440:18: note: overridden virtual function is here
  440 |     virtual void setRenderer(std::unique_ptr<OpenSWMM::Render::IFeatureRenderer>);
      |                  ^
In file included from /Users/calebbuahin/Documents/Projects/cbuahin_github/openswmm.gui/src/swmmvis.cpp:89:
/Users/calebbuahin/Documents/Projects/cbuahin_github/openswmm.gui/include/core/swmmdatetime.h:61:12: warning: 'QDateTime' is deprecated: Pass QTimeZone instead [-Wdeprecated-declarations]
   61 |     return QDateTime(date, QTime(h, mi, s), Qt::UTC);
      |            ^
/Users/calebbuahin/Qt/6.9.3/macos/lib/QtCore.framework/Headers/qdatetime.h:361:5: note: 'QDateTime' has been explicitly marked deprecated here
  361 |     QT_DEPRECATED_VERSION_X_6_9("Pass QTimeZone instead")
      |     ^
/Users/calebbuahin/Qt/6.9.3/macos/lib/QtCore.framework/Headers/qtdeprecationmarkers.h:213:44: note: expanded from macro 'QT_DEPRECATED_VERSION_X_6_9'
  213 | # define QT_DEPRECATED_VERSION_X_6_9(text) QT_DEPRECATED_X(text)
      |                                            ^
/Users/calebbuahin/Qt/6.9.3/macos/lib/QtCore.framework/Headers/qtdeprecationmarkers.h:29:33: note: expanded from macro 'QT_DEPRECATED_X'
   29 | #  define QT_DEPRECATED_X(text) Q_DECL_DEPRECATED_X(text)
      |                                 ^
/Users/calebbuahin/Qt/6.9.3/macos/lib/QtCore.framework/Headers/qcompilerdetection.h:1011:36: note: expanded from macro 'Q_DECL_DEPRECATED_X'
 1011 | #  define Q_DECL_DEPRECATED_X(x) [[deprecated(x)]]
      |                                    ^
In file included from /Users/calebbuahin/Documents/Projects/cbuahin_github/openswmm.gui/src/swmmvis.cpp:89:
/Users/calebbuahin/Documents/Projects/cbuahin_github/openswmm.gui/include/core/swmmdatetime.h:61:12: warning: 'QDateTime' is deprecated: Pass QTimeZone instead [-Wdeprecated-declarations]
   61 |     return QDateTime(date, QTime(h, mi, s), Qt::UTC);
      |            ^
/Users/calebbuahin/Qt/6.9.3/macos/lib/QtCore.framework/Headers/qdatetime.h:361:5: note: 'QDateTime' has been explicitly marked deprecated here
  361 |     QT_DEPRECATED_VERSION_X_6_9("Pass QTimeZone instead")
      |     ^
/Users/calebbuahin/Qt/6.9.3/macos/lib/QtCore.framework/Headers/qtdeprecationmarkers.h:213:44: note: expanded from macro 'QT_DEPRECATED_VERSION_X_6_9'
  213 | # define QT_DEPRECATED_VERSION_X_6_9(text) QT_DEPRECATED_X(text)
      |                                            ^
/Users/calebbuahin/Qt/6.9.3/macos/lib/QtCore.framework/Headers/qtdeprecationmarkers.h:29:33: note: expanded from macro 'QT_DEPRECATED_X'
   29 | #  define QT_DEPRECATED_X(text) Q_DECL_DEPRECATED_X(text)
      |                                 ^
/Users/calebbuahin/Qt/6.9.3/macos/lib/QtCore.framework/Headers/qcompilerdetection.h:1011:36: note: expanded from macro 'Q_DECL_DEPRECATED_X'
 1011 | #  define Q_DECL_DEPRECATED_X(x) [[deprecated(x)]]
      |                                    ^
In file included from /Users/calebbuahin/Documents/Projects/cbuahin_github/openswmm.gui/src/swmmvis.cpp:136:
/Users/calebbuahin/Documents/Projects/cbuahin_github/openswmm.gui/include/layers/swmmresultslayer.h:408:55: warning: 'renderer' overrides a member function but is not marked 'override' [-Winconsistent-missing-override]
  408 |     [[nodiscard]] OpenSWMM::Render::IFeatureRenderer *renderer() const;
      |                                                       ^
/Users/calebbuahin/Documents/Projects/cbuahin_github/openswmm.gui/include/layers/openswmmvislayer.h:434:63: note: overridden virtual function is here
  434 |     [[nodiscard]] virtual OpenSWMM::Render::IFeatureRenderer *renderer() const { return nullptr; }
      |                                                               ^
In file included from /Users/calebbuahin/Documents/Projects/cbuahin_github/openswmm.gui/src/swmmvis.cpp:136:
/Users/calebbuahin/Documents/Projects/cbuahin_github/openswmm.gui/include/layers/swmmresultslayer.h:417:10: warning: 'setRenderer' overrides a member function but is not marked 'override' [-Winconsistent-missing-override]
  417 |     void setRenderer(std::unique_ptr<OpenSWMM::Render::IFeatureRenderer> r);
      |          ^
/Users/calebbuahin/Documents/Projects/cbuahin_github/openswmm.gui/include/layers/openswmmvislayer.h:440:18: note: overridden virtual function is here
  440 |     virtual void setRenderer(std::unique_ptr<OpenSWMM::Render::IFeatureRenderer>);
      |                  ^
In file included from /Users/calebbuahin/Documents/Projects/cbuahin_github/openswmm.gui/src/swmmvis.cpp:194:
/Users/calebbuahin/Documents/Projects/cbuahin_github/openswmm.gui/include/layers/swmm2dresultslayer.h:544:55: warning: 'renderer' overrides a member function but is not marked 'override' [-Winconsistent-missing-override]
  544 |     [[nodiscard]] OpenSWMM::Render::IFeatureRenderer *renderer() const;
      |                                                       ^
/Users/calebbuahin/Documents/Projects/cbuahin_github/openswmm.gui/include/layers/openswmmvislayer.h:434:63: note: overridden virtual function is here
  434 |     [[nodiscard]] virtual OpenSWMM::Render::IFeatureRenderer *renderer() const { return nullptr; }
      |                                                               ^
In file included from /Users/calebbuahin/Documents/Projects/cbuahin_github/openswmm.gui/src/swmmvis.cpp:194:
/Users/calebbuahin/Documents/Projects/cbuahin_github/openswmm.gui/include/layers/swmm2dresultslayer.h:552:10: warning: 'setRenderer' overrides a member function but is not marked 'override' [-Winconsistent-missing-override]
  552 |     void setRenderer(std::unique_ptr<OpenSWMM::Render::IFeatureRenderer> r);
      |          ^
/Users/calebbuahin/Documents/Projects/cbuahin_github/openswmm.gui/include/layers/openswmmvislayer.h:440:18: note: overridden virtual function is here
  440 |     virtual void setRenderer(std::unique_ptr<OpenSWMM::Render::IFeatureRenderer>);
      |                  ^
8 warnings generated.
[153/375] Building CXX object tests/gui/CMakeFiles/test_meshmincelldialog.dir/test_meshmincelldialog_autogen/mocs_compilation.cpp.o
In file included from /Users/calebbuahin/Documents/Projects/cbuahin_github/openswmm.gui/build/tests/gui/test_meshmincelldialog_autogen/mocs_compilation.cpp:2:
In file included from /Users/calebbuahin/Documents/Projects/cbuahin_github/openswmm.gui/build/tests/gui/test_meshmincelldialog_autogen/MAYCBHTXLP/moc_animationcontroller.cpp:9:
In file included from /Users/calebbuahin/Documents/Projects/cbuahin_github/openswmm.gui/build/tests/gui/test_meshmincelldialog_autogen/MAYCBHTXLP/../../../../../include/animation/animationcontroller.h:33:
/Users/calebbuahin/Documents/Projects/cbuahin_github/openswmm.gui/include/layers/swmm2dresultslayer.h:544:55: warning: 'renderer' overrides a member function but is not marked 'override' [-Winconsistent-missing-override]
  544 |     [[nodiscard]] OpenSWMM::Render::IFeatureRenderer *renderer() const;
      |                                                       ^
/Users/calebbuahin/Documents/Projects/cbuahin_github/openswmm.gui/include/layers/openswmmvislayer.h:434:63: note: overridden virtual function is here
  434 |     [[nodiscard]] virtual OpenSWMM::Render::IFeatureRenderer *renderer() const { return nullptr; }
      |                                                               ^
In file included from /Users/calebbuahin/Documents/Projects/cbuahin_github/openswmm.gui/build/tests/gui/test_meshmincelldialog_autogen/mocs_compilation.cpp:2:
In file included from /Users/calebbuahin/Documents/Projects/cbuahin_github/openswmm.gui/build/tests/gui/test_meshmincelldialog_autogen/MAYCBHTXLP/moc_animationcontroller.cpp:9:
In file included from /Users/calebbuahin/Documents/Projects/cbuahin_github/openswmm.gui/build/tests/gui/test_meshmincelldialog_autogen/MAYCBHTXLP/../../../../../include/animation/animationcontroller.h:33:
/Users/calebbuahin/Documents/Projects/cbuahin_github/openswmm.gui/include/layers/swmm2dresultslayer.h:552:10: warning: 'setRenderer' overrides a member function but is not marked 'override' [-Winconsistent-missing-override]
  552 |     void setRenderer(std::unique_ptr<OpenSWMM::Render::IFeatureRenderer> r);
      |          ^
/Users/calebbuahin/Documents/Projects/cbuahin_github/openswmm.gui/include/layers/openswmmvislayer.h:440:18: note: overridden virtual function is here
  440 |     virtual void setRenderer(std::unique_ptr<OpenSWMM::Render::IFeatureRenderer>);
      |                  ^
In file included from /Users/calebbuahin/Documents/Projects/cbuahin_github/openswmm.gui/build/tests/gui/test_meshmincelldialog_autogen/mocs_compilation.cpp:28:
In file included from /Users/calebbuahin/Documents/Projects/cbuahin_github/openswmm.gui/build/tests/gui/test_meshmincelldialog_autogen/COIIM6MLNP/moc_gisvectorlayer.cpp:9:
/Users/calebbuahin/Documents/Projects/cbuahin_github/openswmm.gui/build/tests/gui/test_meshmincelldialog_autogen/COIIM6MLNP/../../../../../include/layers/gisvectorlayer.h:270:55: warning: 'renderer' overrides a member function but is not marked 'override' [-Winconsistent-missing-override]
  270 |     [[nodiscard]] OpenSWMM::Render::IFeatureRenderer *renderer() const;
      |                                                       ^
/Users/calebbuahin/Documents/Projects/cbuahin_github/openswmm.gui/include/layers/openswmmvislayer.h:434:63: note: overridden virtual function is here
  434 |     [[nodiscard]] virtual OpenSWMM::Render::IFeatureRenderer *renderer() const { return nullptr; }
      |                                                               ^
In file included from /Users/calebbuahin/Documents/Projects/cbuahin_github/openswmm.gui/build/tests/gui/test_meshmincelldialog_autogen/mocs_compilation.cpp:28:
In file included from /Users/calebbuahin/Documents/Projects/cbuahin_github/openswmm.gui/build/tests/gui/test_meshmincelldialog_autogen/COIIM6MLNP/moc_gisvectorlayer.cpp:9:
/Users/calebbuahin/Documents/Projects/cbuahin_github/openswmm.gui/build/tests/gui/test_meshmincelldialog_autogen/COIIM6MLNP/../../../../../include/layers/gisvectorlayer.h:278:10: warning: 'setRenderer' overrides a member function but is not marked 'override' [-Winconsistent-missing-override]
  278 |     void setRenderer(std::unique_ptr<OpenSWMM::Render::IFeatureRenderer> r);
      |          ^
/Users/calebbuahin/Documents/Projects/cbuahin_github/openswmm.gui/include/layers/openswmmvislayer.h:440:18: note: overridden virtual function is here
  440 |     virtual void setRenderer(std::unique_ptr<OpenSWMM::Render::IFeatureRenderer>);
      |                  ^
In file included from /Users/calebbuahin/Documents/Projects/cbuahin_github/openswmm.gui/build/tests/gui/test_meshmincelldialog_autogen/mocs_compilation.cpp:36:
In file included from /Users/calebbuahin/Documents/Projects/cbuahin_github/openswmm.gui/build/tests/gui/test_meshmincelldialog_autogen/COIIM6MLNP/moc_swmmresultslayer.cpp:9:
/Users/calebbuahin/Documents/Projects/cbuahin_github/openswmm.gui/build/tests/gui/test_meshmincelldialog_autogen/COIIM6MLNP/../../../../../include/layers/swmmresultslayer.h:408:55: warning: 'renderer' overrides a member function but is not marked 'override' [-Winconsistent-missing-override]
  408 |     [[nodiscard]] OpenSWMM::Render::IFeatureRenderer *renderer() const;
      |                                                       ^
/Users/calebbuahin/Documents/Projects/cbuahin_github/openswmm.gui/include/layers/openswmmvislayer.h:434:63: note: overridden virtual function is here
  434 |     [[nodiscard]] virtual OpenSWMM::Render::IFeatureRenderer *renderer() const { return nullptr; }
      |                                                               ^
In file included from /Users/calebbuahin/Documents/Projects/cbuahin_github/openswmm.gui/build/tests/gui/test_meshmincelldialog_autogen/mocs_compilation.cpp:36:
In file included from /Users/calebbuahin/Documents/Projects/cbuahin_github/openswmm.gui/build/tests/gui/test_meshmincelldialog_autogen/COIIM6MLNP/moc_swmmresultslayer.cpp:9:
/Users/calebbuahin/Documents/Projects/cbuahin_github/openswmm.gui/build/tests/gui/test_meshmincelldialog_autogen/COIIM6MLNP/../../../../../include/layers/swmmresultslayer.h:417:10: warning: 'setRenderer' overrides a member function but is not marked 'override' [-Winconsistent-missing-override]
  417 |     void setRenderer(std::unique_ptr<OpenSWMM::Render::IFeatureRenderer> r);
      |          ^
/Users/calebbuahin/Documents/Projects/cbuahin_github/openswmm.gui/include/layers/openswmmvislayer.h:440:18: note: overridden virtual function is here
  440 |     virtual void setRenderer(std::unique_ptr<OpenSWMM::Render::IFeatureRenderer>);
      |                  ^
6 warnings generated.
[154/375] Building CXX object tests/gui/CMakeFiles/test_namelookup_precedence.dir/__/__/src/swmmvis.cpp.o
In file included from /Users/calebbuahin/Documents/Projects/cbuahin_github/openswmm.gui/src/swmmvis.cpp:76:
In file included from /Users/calebbuahin/Documents/Projects/cbuahin_github/openswmm.gui/include/ui/dialogs/sublayerselectiondialog.h:19:
/Users/calebbuahin/Documents/Projects/cbuahin_github/openswmm.gui/include/layers/gisvectorlayer.h:270:55: warning: 'renderer' overrides a member function but is not marked 'override' [-Winconsistent-missing-override]
  270 |     [[nodiscard]] OpenSWMM::Render::IFeatureRenderer *renderer() const;
      |                                                       ^
/Users/calebbuahin/Documents/Projects/cbuahin_github/openswmm.gui/include/layers/openswmmvislayer.h:434:63: note: overridden virtual function is here
  434 |     [[nodiscard]] virtual OpenSWMM::Render::IFeatureRenderer *renderer() const { return nullptr; }
      |                                                               ^
In file included from /Users/calebbuahin/Documents/Projects/cbuahin_github/openswmm.gui/src/swmmvis.cpp:76:
In file included from /Users/calebbuahin/Documents/Projects/cbuahin_github/openswmm.gui/include/ui/dialogs/sublayerselectiondialog.h:19:
/Users/calebbuahin/Documents/Projects/cbuahin_github/openswmm.gui/include/layers/gisvectorlayer.h:278:10: warning: 'setRenderer' overrides a member function but is not marked 'override' [-Winconsistent-missing-override]
  278 |     void setRenderer(std::unique_ptr<OpenSWMM::Render::IFeatureRenderer> r);
      |          ^
/Users/calebbuahin/Documents/Projects/cbuahin_github/openswmm.gui/include/layers/openswmmvislayer.h:440:18: note: overridden virtual function is here
  440 |     virtual void setRenderer(std::unique_ptr<OpenSWMM::Render::IFeatureRenderer>);
      |                  ^
In file included from /Users/calebbuahin/Documents/Projects/cbuahin_github/openswmm.gui/src/swmmvis.cpp:89:
/Users/calebbuahin/Documents/Projects/cbuahin_github/openswmm.gui/include/core/swmmdatetime.h:61:12: warning: 'QDateTime' is deprecated: Pass QTimeZone instead [-Wdeprecated-declarations]
   61 |     return QDateTime(date, QTime(h, mi, s), Qt::UTC);
      |            ^
/Users/calebbuahin/Qt/6.9.3/macos/lib/QtCore.framework/Headers/qdatetime.h:361:5: note: 'QDateTime' has been explicitly marked deprecated here
  361 |     QT_DEPRECATED_VERSION_X_6_9("Pass QTimeZone instead")
      |     ^
/Users/calebbuahin/Qt/6.9.3/macos/lib/QtCore.framework/Headers/qtdeprecationmarkers.h:213:44: note: expanded from macro 'QT_DEPRECATED_VERSION_X_6_9'
  213 | # define QT_DEPRECATED_VERSION_X_6_9(text) QT_DEPRECATED_X(text)
      |                                            ^
/Users/calebbuahin/Qt/6.9.3/macos/lib/QtCore.framework/Headers/qtdeprecationmarkers.h:29:33: note: expanded from macro 'QT_DEPRECATED_X'
   29 | #  define QT_DEPRECATED_X(text) Q_DECL_DEPRECATED_X(text)
      |                                 ^
/Users/calebbuahin/Qt/6.9.3/macos/lib/QtCore.framework/Headers/qcompilerdetection.h:1011:36: note: expanded from macro 'Q_DECL_DEPRECATED_X'
 1011 | #  define Q_DECL_DEPRECATED_X(x) [[deprecated(x)]]
      |                                    ^
In file included from /Users/calebbuahin/Documents/Projects/cbuahin_github/openswmm.gui/src/swmmvis.cpp:89:
/Users/calebbuahin/Documents/Projects/cbuahin_github/openswmm.gui/include/core/swmmdatetime.h:61:12: warning: 'QDateTime' is deprecated: Pass QTimeZone instead [-Wdeprecated-declarations]
   61 |     return QDateTime(date, QTime(h, mi, s), Qt::UTC);
      |            ^
/Users/calebbuahin/Qt/6.9.3/macos/lib/QtCore.framework/Headers/qdatetime.h:361:5: note: 'QDateTime' has been explicitly marked deprecated here
  361 |     QT_DEPRECATED_VERSION_X_6_9("Pass QTimeZone instead")
      |     ^
/Users/calebbuahin/Qt/6.9.3/macos/lib/QtCore.framework/Headers/qtdeprecationmarkers.h:213:44: note: expanded from macro 'QT_DEPRECATED_VERSION_X_6_9'
  213 | # define QT_DEPRECATED_VERSION_X_6_9(text) QT_DEPRECATED_X(text)
      |                                            ^
/Users/calebbuahin/Qt/6.9.3/macos/lib/QtCore.framework/Headers/qtdeprecationmarkers.h:29:33: note: expanded from macro 'QT_DEPRECATED_X'
   29 | #  define QT_DEPRECATED_X(text) Q_DECL_DEPRECATED_X(text)
      |                                 ^
/Users/calebbuahin/Qt/6.9.3/macos/lib/QtCore.framework/Headers/qcompilerdetection.h:1011:36: note: expanded from macro 'Q_DECL_DEPRECATED_X'
 1011 | #  define Q_DECL_DEPRECATED_X(x) [[deprecated(x)]]
      |                                    ^
In file included from /Users/calebbuahin/Documents/Projects/cbuahin_github/openswmm.gui/src/swmmvis.cpp:136:
/Users/calebbuahin/Documents/Projects/cbuahin_github/openswmm.gui/include/layers/swmmresultslayer.h:408:55: warning: 'renderer' overrides a member function but is not marked 'override' [-Winconsistent-missing-override]
  408 |     [[nodiscard]] OpenSWMM::Render::IFeatureRenderer *renderer() const;
      |                                                       ^
/Users/calebbuahin/Documents/Projects/cbuahin_github/openswmm.gui/include/layers/openswmmvislayer.h:434:63: note: overridden virtual function is here
  434 |     [[nodiscard]] virtual OpenSWMM::Render::IFeatureRenderer *renderer() const { return nullptr; }
      |                                                               ^
In file included from /Users/calebbuahin/Documents/Projects/cbuahin_github/openswmm.gui/src/swmmvis.cpp:136:
/Users/calebbuahin/Documents/Projects/cbuahin_github/openswmm.gui/include/layers/swmmresultslayer.h:417:10: warning: 'setRenderer' overrides a member function but is not marked 'override' [-Winconsistent-missing-override]
  417 |     void setRenderer(std::unique_ptr<OpenSWMM::Render::IFeatureRenderer> r);
      |          ^
/Users/calebbuahin/Documents/Projects/cbuahin_github/openswmm.gui/include/layers/openswmmvislayer.h:440:18: note: overridden virtual function is here
  440 |     virtual void setRenderer(std::unique_ptr<OpenSWMM::Render::IFeatureRenderer>);
      |                  ^
In file included from /Users/calebbuahin/Documents/Projects/cbuahin_github/openswmm.gui/src/swmmvis.cpp:194:
/Users/calebbuahin/Documents/Projects/cbuahin_github/openswmm.gui/include/layers/swmm2dresultslayer.h:544:55: warning: 'renderer' overrides a member function but is not marked 'override' [-Winconsistent-missing-override]
  544 |     [[nodiscard]] OpenSWMM::Render::IFeatureRenderer *renderer() const;
      |                                                       ^
/Users/calebbuahin/Documents/Projects/cbuahin_github/openswmm.gui/include/layers/openswmmvislayer.h:434:63: note: overridden virtual function is here
  434 |     [[nodiscard]] virtual OpenSWMM::Render::IFeatureRenderer *renderer() const { return nullptr; }
      |                                                               ^
In file included from /Users/calebbuahin/Documents/Projects/cbuahin_github/openswmm.gui/src/swmmvis.cpp:194:
/Users/calebbuahin/Documents/Projects/cbuahin_github/openswmm.gui/include/layers/swmm2dresultslayer.h:552:10: warning: 'setRenderer' overrides a member function but is not marked 'override' [-Winconsistent-missing-override]
  552 |     void setRenderer(std::unique_ptr<OpenSWMM::Render::IFeatureRenderer> r);
      |          ^
/Users/calebbuahin/Documents/Projects/cbuahin_github/openswmm.gui/include/layers/openswmmvislayer.h:440:18: note: overridden virtual function is here
  440 |     virtual void setRenderer(std::unique_ptr<OpenSWMM::Render::IFeatureRenderer>);
      |                  ^
8 warnings generated.
[155/375] Building CXX object tests/gui/CMakeFiles/test_linkgrid_outliers.dir/__/__/src/connections/basemapconnectionstore.cpp.o
[156/375] Building CXX object tests/gui/CMakeFiles/test_linkgrid_outliers.dir/__/__/src/layers/xyztilelayer.cpp.o
[157/375] Building CXX object tests/gui/CMakeFiles/test_linkgrid_outliers.dir/__/__/src/project/projectserializer.cpp.o
In file included from /Users/calebbuahin/Documents/Projects/cbuahin_github/openswmm.gui/src/project/projectserializer.cpp:12:
/Users/calebbuahin/Documents/Projects/cbuahin_github/openswmm.gui/include/layers/gisvectorlayer.h:270:55: warning: 'renderer' overrides a member function but is not marked 'override' [-Winconsistent-missing-override]
  270 |     [[nodiscard]] OpenSWMM::Render::IFeatureRenderer *renderer() const;
      |                                                       ^
/Users/calebbuahin/Documents/Projects/cbuahin_github/openswmm.gui/include/layers/openswmmvislayer.h:434:63: note: overridden virtual function is here
  434 |     [[nodiscard]] virtual OpenSWMM::Render::IFeatureRenderer *renderer() const { return nullptr; }
      |                                                               ^
In file included from /Users/calebbuahin/Documents/Projects/cbuahin_github/openswmm.gui/src/project/projectserializer.cpp:12:
/Users/calebbuahin/Documents/Projects/cbuahin_github/openswmm.gui/include/layers/gisvectorlayer.h:278:10: warning: 'setRenderer' overrides a member function but is not marked 'override' [-Winconsistent-missing-override]
  278 |     void setRenderer(std::unique_ptr<OpenSWMM::Render::IFeatureRenderer> r);
      |          ^
/Users/calebbuahin/Documents/Projects/cbuahin_github/openswmm.gui/include/layers/openswmmvislayer.h:440:18: note: overridden virtual function is here
  440 |     virtual void setRenderer(std::unique_ptr<OpenSWMM::Render::IFeatureRenderer>);
      |                  ^
In file included from /Users/calebbuahin/Documents/Projects/cbuahin_github/openswmm.gui/src/project/projectserializer.cpp:15:
/Users/calebbuahin/Documents/Projects/cbuahin_github/openswmm.gui/include/layers/swmm2dresultslayer.h:544:55: warning: 'renderer' overrides a member function but is not marked 'override' [-Winconsistent-missing-override]
  544 |     [[nodiscard]] OpenSWMM::Render::IFeatureRenderer *renderer() const;
      |                                                       ^
/Users/calebbuahin/Documents/Projects/cbuahin_github/openswmm.gui/include/layers/openswmmvislayer.h:434:63: note: overridden virtual function is here
  434 |     [[nodiscard]] virtual OpenSWMM::Render::IFeatureRenderer *renderer() const { return nullptr; }
      |                                                               ^
In file included from /Users/calebbuahin/Documents/Projects/cbuahin_github/openswmm.gui/src/project/projectserializer.cpp:15:
/Users/calebbuahin/Documents/Projects/cbuahin_github/openswmm.gui/include/layers/swmm2dresultslayer.h:552:10: warning: 'setRenderer' overrides a member function but is not marked 'override' [-Winconsistent-missing-override]
  552 |     void setRenderer(std::unique_ptr<OpenSWMM::Render::IFeatureRenderer> r);
      |          ^
/Users/calebbuahin/Documents/Projects/cbuahin_github/openswmm.gui/include/layers/openswmmvislayer.h:440:18: note: overridden virtual function is here
  440 |     virtual void setRenderer(std::unique_ptr<OpenSWMM::Render::IFeatureRenderer>);
      |                  ^
In file included from /Users/calebbuahin/Documents/Projects/cbuahin_github/openswmm.gui/src/project/projectserializer.cpp:17:
/Users/calebbuahin/Documents/Projects/cbuahin_github/openswmm.gui/include/layers/swmmresultslayer.h:408:55: warning: 'renderer' overrides a member function but is not marked 'override' [-Winconsistent-missing-override]
  408 |     [[nodiscard]] OpenSWMM::Render::IFeatureRenderer *renderer() const;
      |                                                       ^
/Users/calebbuahin/Documents/Projects/cbuahin_github/openswmm.gui/include/layers/openswmmvislayer.h:434:63: note: overridden virtual function is here
  434 |     [[nodiscard]] virtual OpenSWMM::Render::IFeatureRenderer *renderer() const { return nullptr; }
      |                                                               ^
In file included from /Users/calebbuahin/Documents/Projects/cbuahin_github/openswmm.gui/src/project/projectserializer.cpp:17:
/Users/calebbuahin/Documents/Projects/cbuahin_github/openswmm.gui/include/layers/swmmresultslayer.h:417:10: warning: 'setRenderer' overrides a member function but is not marked 'override' [-Winconsistent-missing-override]
  417 |     void setRenderer(std::unique_ptr<OpenSWMM::Render::IFeatureRenderer> r);
      |          ^
/Users/calebbuahin/Documents/Projects/cbuahin_github/openswmm.gui/include/layers/openswmmvislayer.h:440:18: note: overridden virtual function is here
  440 |     virtual void setRenderer(std::unique_ptr<OpenSWMM::Render::IFeatureRenderer>);
      |                  ^
6 warnings generated.
[158/375] Building CXX object tests/gui/CMakeFiles/test_linkgrid_outliers.dir/__/__/src/map/mapcanvas.cpp.o
In file included from /Users/calebbuahin/Documents/Projects/cbuahin_github/openswmm.gui/src/map/mapcanvas.cpp:20:
/Users/calebbuahin/Documents/Projects/cbuahin_github/openswmm.gui/include/layers/gisvectorlayer.h:270:55: warning: 'renderer' overrides a member function but is not marked 'override' [-Winconsistent-missing-override]
  270 |     [[nodiscard]] OpenSWMM::Render::IFeatureRenderer *renderer() const;
      |                                                       ^
/Users/calebbuahin/Documents/Projects/cbuahin_github/openswmm.gui/include/layers/openswmmvislayer.h:434:63: note: overridden virtual function is here
  434 |     [[nodiscard]] virtual OpenSWMM::Render::IFeatureRenderer *renderer() const { return nullptr; }
      |                                                               ^
In file included from /Users/calebbuahin/Documents/Projects/cbuahin_github/openswmm.gui/src/map/mapcanvas.cpp:20:
/Users/calebbuahin/Documents/Projects/cbuahin_github/openswmm.gui/include/layers/gisvectorlayer.h:278:10: warning: 'setRenderer' overrides a member function but is not marked 'override' [-Winconsistent-missing-override]
  278 |     void setRenderer(std::unique_ptr<OpenSWMM::Render::IFeatureRenderer> r);
      |          ^
/Users/calebbuahin/Documents/Projects/cbuahin_github/openswmm.gui/include/layers/openswmmvislayer.h:440:18: note: overridden virtual function is here
  440 |     virtual void setRenderer(std::unique_ptr<OpenSWMM::Render::IFeatureRenderer>);
      |                  ^
In file included from /Users/calebbuahin/Documents/Projects/cbuahin_github/openswmm.gui/src/map/mapcanvas.cpp:31:
/Users/calebbuahin/Documents/Projects/cbuahin_github/openswmm.gui/include/layers/swmm2dresultslayer.h:544:55: warning: 'renderer' overrides a member function but is not marked 'override' [-Winconsistent-missing-override]
  544 |     [[nodiscard]] OpenSWMM::Render::IFeatureRenderer *renderer() const;
      |                                                       ^
/Users/calebbuahin/Documents/Projects/cbuahin_github/openswmm.gui/include/layers/openswmmvislayer.h:434:63: note: overridden virtual function is here
  434 |     [[nodiscard]] virtual OpenSWMM::Render::IFeatureRenderer *renderer() const { return nullptr; }
      |                                                               ^
In file included from /Users/calebbuahin/Documents/Projects/cbuahin_github/openswmm.gui/src/map/mapcanvas.cpp:31:
/Users/calebbuahin/Documents/Projects/cbuahin_github/openswmm.gui/include/layers/swmm2dresultslayer.h:552:10: warning: 'setRenderer' overrides a member function but is not marked 'override' [-Winconsistent-missing-override]
  552 |     void setRenderer(std::unique_ptr<OpenSWMM::Render::IFeatureRenderer> r);
      |          ^
/Users/calebbuahin/Documents/Projects/cbuahin_github/openswmm.gui/include/layers/openswmmvislayer.h:440:18: note: overridden virtual function is here
  440 |     virtual void setRenderer(std::unique_ptr<OpenSWMM::Render::IFeatureRenderer>);
      |                  ^
4 warnings generated.
[159/375] Building CXX object tests/gui/CMakeFiles/test_linkgrid_outliers.dir/__/__/src/ui/dialogs/layerstyledialog.cpp.o
In file included from /Users/calebbuahin/Documents/Projects/cbuahin_github/openswmm.gui/src/ui/dialogs/layerstyledialog.cpp:24:
/Users/calebbuahin/Documents/Projects/cbuahin_github/openswmm.gui/include/layers/gisvectorlayer.h:270:55: warning: 'renderer' overrides a member function but is not marked 'override' [-Winconsistent-missing-override]
  270 |     [[nodiscard]] OpenSWMM::Render::IFeatureRenderer *renderer() const;
      |                                                       ^
/Users/calebbuahin/Documents/Projects/cbuahin_github/openswmm.gui/include/layers/openswmmvislayer.h:434:63: note: overridden virtual function is here
  434 |     [[nodiscard]] virtual OpenSWMM::Render::IFeatureRenderer *renderer() const { return nullptr; }
      |                                                               ^
In file included from /Users/calebbuahin/Documents/Projects/cbuahin_github/openswmm.gui/src/ui/dialogs/layerstyledialog.cpp:24:
/Users/calebbuahin/Documents/Projects/cbuahin_github/openswmm.gui/include/layers/gisvectorlayer.h:278:10: warning: 'setRenderer' overrides a member function but is not marked 'override' [-Winconsistent-missing-override]
  278 |     void setRenderer(std::unique_ptr<OpenSWMM::Render::IFeatureRenderer> r);
      |          ^
/Users/calebbuahin/Documents/Projects/cbuahin_github/openswmm.gui/include/layers/openswmmvislayer.h:440:18: note: overridden virtual function is here
  440 |     virtual void setRenderer(std::unique_ptr<OpenSWMM::Render::IFeatureRenderer>);
      |                  ^
In file included from /Users/calebbuahin/Documents/Projects/cbuahin_github/openswmm.gui/src/ui/dialogs/layerstyledialog.cpp:27:
/Users/calebbuahin/Documents/Projects/cbuahin_github/openswmm.gui/include/layers/swmmresultslayer.h:408:55: warning: 'renderer' overrides a member function but is not marked 'override' [-Winconsistent-missing-override]
  408 |     [[nodiscard]] OpenSWMM::Render::IFeatureRenderer *renderer() const;
      |                                                       ^
/Users/calebbuahin/Documents/Projects/cbuahin_github/openswmm.gui/include/layers/openswmmvislayer.h:434:63: note: overridden virtual function is here
  434 |     [[nodiscard]] virtual OpenSWMM::Render::IFeatureRenderer *renderer() const { return nullptr; }
      |                                                               ^
In file included from /Users/calebbuahin/Documents/Projects/cbuahin_github/openswmm.gui/src/ui/dialogs/layerstyledialog.cpp:27:
/Users/calebbuahin/Documents/Projects/cbuahin_github/openswmm.gui/include/layers/swmmresultslayer.h:417:10: warning: 'setRenderer' overrides a member function but is not marked 'override' [-Winconsistent-missing-override]
  417 |     void setRenderer(std::unique_ptr<OpenSWMM::Render::IFeatureRenderer> r);
      |          ^
/Users/calebbuahin/Documents/Projects/cbuahin_github/openswmm.gui/include/layers/openswmmvislayer.h:440:18: note: overridden virtual function is here
  440 |     virtual void setRenderer(std::unique_ptr<OpenSWMM::Render::IFeatureRenderer>);
      |                  ^
In file included from /Users/calebbuahin/Documents/Projects/cbuahin_github/openswmm.gui/src/ui/dialogs/layerstyledialog.cpp:28:
/Users/calebbuahin/Documents/Projects/cbuahin_github/openswmm.gui/include/layers/swmm2dresultslayer.h:544:55: warning: 'renderer' overrides a member function but is not marked 'override' [-Winconsistent-missing-override]
  544 |     [[nodiscard]] OpenSWMM::Render::IFeatureRenderer *renderer() const;
      |                                                       ^
/Users/calebbuahin/Documents/Projects/cbuahin_github/openswmm.gui/include/layers/openswmmvislayer.h:434:63: note: overridden virtual function is here
  434 |     [[nodiscard]] virtual OpenSWMM::Render::IFeatureRenderer *renderer() const { return nullptr; }
      |                                                               ^
In file included from /Users/calebbuahin/Documents/Projects/cbuahin_github/openswmm.gui/src/ui/dialogs/layerstyledialog.cpp:28:
/Users/calebbuahin/Documents/Projects/cbuahin_github/openswmm.gui/include/layers/swmm2dresultslayer.h:552:10: warning: 'setRenderer' overrides a member function but is not marked 'override' [-Winconsistent-missing-override]
  552 |     void setRenderer(std::unique_ptr<OpenSWMM::Render::IFeatureRenderer> r);
      |          ^
/Users/calebbuahin/Documents/Projects/cbuahin_github/openswmm.gui/include/layers/openswmmvislayer.h:440:18: note: overridden virtual function is here
  440 |     virtual void setRenderer(std::unique_ptr<OpenSWMM::Render::IFeatureRenderer>);
      |                  ^
6 warnings generated.
[160/375] Building CXX object tests/gui/CMakeFiles/test_linkgrid_outliers.dir/__/__/src/ui/dialogs/addbasemapdialog.cpp.o
In file included from /Users/calebbuahin/Documents/Projects/cbuahin_github/openswmm.gui/src/ui/dialogs/addbasemapdialog.cpp:26:
In file included from /Users/calebbuahin/Documents/Projects/cbuahin_github/openswmm.gui/include/layers/wfslayer.h:27:
/Users/calebbuahin/Documents/Projects/cbuahin_github/openswmm.gui/include/layers/gisvectorlayer.h:270:55: warning: 'renderer' overrides a member function but is not marked 'override' [-Winconsistent-missing-override]
  270 |     [[nodiscard]] OpenSWMM::Render::IFeatureRenderer *renderer() const;
      |                                                       ^
/Users/calebbuahin/Documents/Projects/cbuahin_github/openswmm.gui/include/layers/openswmmvislayer.h:434:63: note: overridden virtual function is here
  434 |     [[nodiscard]] virtual OpenSWMM::Render::IFeatureRenderer *renderer() const { return nullptr; }
      |                                                               ^
In file included from /Users/calebbuahin/Documents/Projects/cbuahin_github/openswmm.gui/src/ui/dialogs/addbasemapdialog.cpp:26:
In file included from /Users/calebbuahin/Documents/Projects/cbuahin_github/openswmm.gui/include/layers/wfslayer.h:27:
/Users/calebbuahin/Documents/Projects/cbuahin_github/openswmm.gui/include/layers/gisvectorlayer.h:278:10: warning: 'setRenderer' overrides a member function but is not marked 'override' [-Winconsistent-missing-override]
  278 |     void setRenderer(std::unique_ptr<OpenSWMM::Render::IFeatureRenderer> r);
      |          ^
/Users/calebbuahin/Documents/Projects/cbuahin_github/openswmm.gui/include/layers/openswmmvislayer.h:440:18: note: overridden virtual function is here
  440 |     virtual void setRenderer(std::unique_ptr<OpenSWMM::Render::IFeatureRenderer>);
      |                  ^
2 warnings generated.
[161/375] Building CXX object tests/gui/CMakeFiles/test_linkgrid_outliers.dir/__/__/src/ui/widgets/basemaphttpheaderswidget.cpp.o
[162/375] Building CXX object tests/gui/CMakeFiles/test_gageassignintegration.dir/test_gageassignintegration_autogen/mocs_compilation.cpp.o
In file included from /Users/calebbuahin/Documents/Projects/cbuahin_github/openswmm.gui/build/tests/gui/test_gageassignintegration_autogen/mocs_compilation.cpp:2:
In file included from /Users/calebbuahin/Documents/Projects/cbuahin_github/openswmm.gui/build/tests/gui/test_gageassignintegration_autogen/MAYCBHTXLP/moc_animationcontroller.cpp:9:
In file included from /Users/calebbuahin/Documents/Projects/cbuahin_github/openswmm.gui/build/tests/gui/test_gageassignintegration_autogen/MAYCBHTXLP/../../../../../include/animation/animationcontroller.h:33:
/Users/calebbuahin/Documents/Projects/cbuahin_github/openswmm.gui/include/layers/swmm2dresultslayer.h:544:55: warning: 'renderer' overrides a member function but is not marked 'override' [-Winconsistent-missing-override]
  544 |     [[nodiscard]] OpenSWMM::Render::IFeatureRenderer *renderer() const;
      |                                                       ^
/Users/calebbuahin/Documents/Projects/cbuahin_github/openswmm.gui/include/layers/openswmmvislayer.h:434:63: note: overridden virtual function is here
  434 |     [[nodiscard]] virtual OpenSWMM::Render::IFeatureRenderer *renderer() const { return nullptr; }
      |                                                               ^
In file included from /Users/calebbuahin/Documents/Projects/cbuahin_github/openswmm.gui/build/tests/gui/test_gageassignintegration_autogen/mocs_compilation.cpp:2:
In file included from /Users/calebbuahin/Documents/Projects/cbuahin_github/openswmm.gui/build/tests/gui/test_gageassignintegration_autogen/MAYCBHTXLP/moc_animationcontroller.cpp:9:
In file included from /Users/calebbuahin/Documents/Projects/cbuahin_github/openswmm.gui/build/tests/gui/test_gageassignintegration_autogen/MAYCBHTXLP/../../../../../include/animation/animationcontroller.h:33:
/Users/calebbuahin/Documents/Projects/cbuahin_github/openswmm.gui/include/layers/swmm2dresultslayer.h:552:10: warning: 'setRenderer' overrides a member function but is not marked 'override' [-Winconsistent-missing-override]
  552 |     void setRenderer(std::unique_ptr<OpenSWMM::Render::IFeatureRenderer> r);
      |          ^
/Users/calebbuahin/Documents/Projects/cbuahin_github/openswmm.gui/include/layers/openswmmvislayer.h:440:18: note: overridden virtual function is here
  440 |     virtual void setRenderer(std::unique_ptr<OpenSWMM::Render::IFeatureRenderer>);
      |                  ^
In file included from /Users/calebbuahin/Documents/Projects/cbuahin_github/openswmm.gui/build/tests/gui/test_gageassignintegration_autogen/mocs_compilation.cpp:28:
In file included from /Users/calebbuahin/Documents/Projects/cbuahin_github/openswmm.gui/build/tests/gui/test_gageassignintegration_autogen/COIIM6MLNP/moc_gisvectorlayer.cpp:9:
/Users/calebbuahin/Documents/Projects/cbuahin_github/openswmm.gui/build/tests/gui/test_gageassignintegration_autogen/COIIM6MLNP/../../../../../include/layers/gisvectorlayer.h:270:55: warning: 'renderer' overrides a member function but is not marked 'override' [-Winconsistent-missing-override]
  270 |     [[nodiscard]] OpenSWMM::Render::IFeatureRenderer *renderer() const;
      |                                                       ^
/Users/calebbuahin/Documents/Projects/cbuahin_github/openswmm.gui/include/layers/openswmmvislayer.h:434:63: note: overridden virtual function is here
  434 |     [[nodiscard]] virtual OpenSWMM::Render::IFeatureRenderer *renderer() const { return nullptr; }
      |                                                               ^
In file included from /Users/calebbuahin/Documents/Projects/cbuahin_github/openswmm.gui/build/tests/gui/test_gageassignintegration_autogen/mocs_compilation.cpp:28:
In file included from /Users/calebbuahin/Documents/Projects/cbuahin_github/openswmm.gui/build/tests/gui/test_gageassignintegration_autogen/COIIM6MLNP/moc_gisvectorlayer.cpp:9:
/Users/calebbuahin/Documents/Projects/cbuahin_github/openswmm.gui/build/tests/gui/test_gageassignintegration_autogen/COIIM6MLNP/../../../../../include/layers/gisvectorlayer.h:278:10: warning: 'setRenderer' overrides a member function but is not marked 'override' [-Winconsistent-missing-override]
  278 |     void setRenderer(std::unique_ptr<OpenSWMM::Render::IFeatureRenderer> r);
      |          ^
/Users/calebbuahin/Documents/Projects/cbuahin_github/openswmm.gui/include/layers/openswmmvislayer.h:440:18: note: overridden virtual function is here
  440 |     virtual void setRenderer(std::unique_ptr<OpenSWMM::Render::IFeatureRenderer>);
      |                  ^
In file included from /Users/calebbuahin/Documents/Projects/cbuahin_github/openswmm.gui/build/tests/gui/test_gageassignintegration_autogen/mocs_compilation.cpp:36:
In file included from /Users/calebbuahin/Documents/Projects/cbuahin_github/openswmm.gui/build/tests/gui/test_gageassignintegration_autogen/COIIM6MLNP/moc_swmmresultslayer.cpp:9:
/Users/calebbuahin/Documents/Projects/cbuahin_github/openswmm.gui/build/tests/gui/test_gageassignintegration_autogen/COIIM6MLNP/../../../../../include/layers/swmmresultslayer.h:408:55: warning: 'renderer' overrides a member function but is not marked 'override' [-Winconsistent-missing-override]
  408 |     [[nodiscard]] OpenSWMM::Render::IFeatureRenderer *renderer() const;
      |                                                       ^
/Users/calebbuahin/Documents/Projects/cbuahin_github/openswmm.gui/include/layers/openswmmvislayer.h:434:63: note: overridden virtual function is here
  434 |     [[nodiscard]] virtual OpenSWMM::Render::IFeatureRenderer *renderer() const { return nullptr; }
      |                                                               ^
In file included from /Users/calebbuahin/Documents/Projects/cbuahin_github/openswmm.gui/build/tests/gui/test_gageassignintegration_autogen/mocs_compilation.cpp:36:
In file included from /Users/calebbuahin/Documents/Projects/cbuahin_github/openswmm.gui/build/tests/gui/test_gageassignintegration_autogen/COIIM6MLNP/moc_swmmresultslayer.cpp:9:
/Users/calebbuahin/Documents/Projects/cbuahin_github/openswmm.gui/build/tests/gui/test_gageassignintegration_autogen/COIIM6MLNP/../../../../../include/layers/swmmresultslayer.h:417:10: warning: 'setRenderer' overrides a member function but is not marked 'override' [-Winconsistent-missing-override]
  417 |     void setRenderer(std::unique_ptr<OpenSWMM::Render::IFeatureRenderer> r);
      |          ^
/Users/calebbuahin/Documents/Projects/cbuahin_github/openswmm.gui/include/layers/openswmmvislayer.h:440:18: note: overridden virtual function is here
  440 |     virtual void setRenderer(std::unique_ptr<OpenSWMM::Render::IFeatureRenderer>);
      |                  ^
6 warnings generated.
[163/375] Building CXX object tests/gui/CMakeFiles/test_meshperf_baseline.dir/__/__/src/connections/basemapconnectionstore.cpp.o
[164/375] Building CXX object tests/gui/CMakeFiles/test_meshperf_baseline.dir/__/__/src/layers/xyztilelayer.cpp.o
[165/375] Building CXX object tests/gui/CMakeFiles/test_meshperf_baseline.dir/__/__/src/map/mapcanvas.cpp.o
In file included from /Users/calebbuahin/Documents/Projects/cbuahin_github/openswmm.gui/src/map/mapcanvas.cpp:20:
/Users/calebbuahin/Documents/Projects/cbuahin_github/openswmm.gui/include/layers/gisvectorlayer.h:270:55: warning: 'renderer' overrides a member function but is not marked 'override' [-Winconsistent-missing-override]
  270 |     [[nodiscard]] OpenSWMM::Render::IFeatureRenderer *renderer() const;
      |                                                       ^
/Users/calebbuahin/Documents/Projects/cbuahin_github/openswmm.gui/include/layers/openswmmvislayer.h:434:63: note: overridden virtual function is here
  434 |     [[nodiscard]] virtual OpenSWMM::Render::IFeatureRenderer *renderer() const { return nullptr; }
      |                                                               ^
In file included from /Users/calebbuahin/Documents/Projects/cbuahin_github/openswmm.gui/src/map/mapcanvas.cpp:20:
/Users/calebbuahin/Documents/Projects/cbuahin_github/openswmm.gui/include/layers/gisvectorlayer.h:278:10: warning: 'setRenderer' overrides a member function but is not marked 'override' [-Winconsistent-missing-override]
  278 |     void setRenderer(std::unique_ptr<OpenSWMM::Render::IFeatureRenderer> r);
      |          ^
/Users/calebbuahin/Documents/Projects/cbuahin_github/openswmm.gui/include/layers/openswmmvislayer.h:440:18: note: overridden virtual function is here
  440 |     virtual void setRenderer(std::unique_ptr<OpenSWMM::Render::IFeatureRenderer>);
      |                  ^
In file included from /Users/calebbuahin/Documents/Projects/cbuahin_github/openswmm.gui/src/map/mapcanvas.cpp:31:
/Users/calebbuahin/Documents/Projects/cbuahin_github/openswmm.gui/include/layers/swmm2dresultslayer.h:544:55: warning: 'renderer' overrides a member function but is not marked 'override' [-Winconsistent-missing-override]
  544 |     [[nodiscard]] OpenSWMM::Render::IFeatureRenderer *renderer() const;
      |                                                       ^
/Users/calebbuahin/Documents/Projects/cbuahin_github/openswmm.gui/include/layers/openswmmvislayer.h:434:63: note: overridden virtual function is here
  434 |     [[nodiscard]] virtual OpenSWMM::Render::IFeatureRenderer *renderer() const { return nullptr; }
      |                                                               ^
In file included from /Users/calebbuahin/Documents/Projects/cbuahin_github/openswmm.gui/src/map/mapcanvas.cpp:31:
/Users/calebbuahin/Documents/Projects/cbuahin_github/openswmm.gui/include/layers/swmm2dresultslayer.h:552:10: warning: 'setRenderer' overrides a member function but is not marked 'override' [-Winconsistent-missing-override]
  552 |     void setRenderer(std::unique_ptr<OpenSWMM::Render::IFeatureRenderer> r);
      |          ^
/Users/calebbuahin/Documents/Projects/cbuahin_github/openswmm.gui/include/layers/openswmmvislayer.h:440:18: note: overridden virtual function is here
  440 |     virtual void setRenderer(std::unique_ptr<OpenSWMM::Render::IFeatureRenderer>);
      |                  ^
4 warnings generated.
[166/375] Building CXX object tests/gui/CMakeFiles/test_meshperf_baseline.dir/__/__/src/project/projectserializer.cpp.o
In file included from /Users/calebbuahin/Documents/Projects/cbuahin_github/openswmm.gui/src/project/projectserializer.cpp:12:
/Users/calebbuahin/Documents/Projects/cbuahin_github/openswmm.gui/include/layers/gisvectorlayer.h:270:55: warning: 'renderer' overrides a member function but is not marked 'override' [-Winconsistent-missing-override]
  270 |     [[nodiscard]] OpenSWMM::Render::IFeatureRenderer *renderer() const;
      |                                                       ^
/Users/calebbuahin/Documents/Projects/cbuahin_github/openswmm.gui/include/layers/openswmmvislayer.h:434:63: note: overridden virtual function is here
  434 |     [[nodiscard]] virtual OpenSWMM::Render::IFeatureRenderer *renderer() const { return nullptr; }
      |                                                               ^
In file included from /Users/calebbuahin/Documents/Projects/cbuahin_github/openswmm.gui/src/project/projectserializer.cpp:12:
/Users/calebbuahin/Documents/Projects/cbuahin_github/openswmm.gui/include/layers/gisvectorlayer.h:278:10: warning: 'setRenderer' overrides a member function but is not marked 'override' [-Winconsistent-missing-override]
  278 |     void setRenderer(std::unique_ptr<OpenSWMM::Render::IFeatureRenderer> r);
      |          ^
/Users/calebbuahin/Documents/Projects/cbuahin_github/openswmm.gui/include/layers/openswmmvislayer.h:440:18: note: overridden virtual function is here
  440 |     virtual void setRenderer(std::unique_ptr<OpenSWMM::Render::IFeatureRenderer>);
      |                  ^
In file included from /Users/calebbuahin/Documents/Projects/cbuahin_github/openswmm.gui/src/project/projectserializer.cpp:15:
/Users/calebbuahin/Documents/Projects/cbuahin_github/openswmm.gui/include/layers/swmm2dresultslayer.h:544:55: warning: 'renderer' overrides a member function but is not marked 'override' [-Winconsistent-missing-override]
  544 |     [[nodiscard]] OpenSWMM::Render::IFeatureRenderer *renderer() const;
      |                                                       ^
/Users/calebbuahin/Documents/Projects/cbuahin_github/openswmm.gui/include/layers/openswmmvislayer.h:434:63: note: overridden virtual function is here
  434 |     [[nodiscard]] virtual OpenSWMM::Render::IFeatureRenderer *renderer() const { return nullptr; }
      |                                                               ^
In file included from /Users/calebbuahin/Documents/Projects/cbuahin_github/openswmm.gui/src/project/projectserializer.cpp:15:
/Users/calebbuahin/Documents/Projects/cbuahin_github/openswmm.gui/include/layers/swmm2dresultslayer.h:552:10: warning: 'setRenderer' overrides a member function but is not marked 'override' [-Winconsistent-missing-override]
  552 |     void setRenderer(std::unique_ptr<OpenSWMM::Render::IFeatureRenderer> r);
      |          ^
/Users/calebbuahin/Documents/Projects/cbuahin_github/openswmm.gui/include/layers/openswmmvislayer.h:440:18: note: overridden virtual function is here
  440 |     virtual void setRenderer(std::unique_ptr<OpenSWMM::Render::IFeatureRenderer>);
      |                  ^
In file included from /Users/calebbuahin/Documents/Projects/cbuahin_github/openswmm.gui/src/project/projectserializer.cpp:17:
/Users/calebbuahin/Documents/Projects/cbuahin_github/openswmm.gui/include/layers/swmmresultslayer.h:408:55: warning: 'renderer' overrides a member function but is not marked 'override' [-Winconsistent-missing-override]
  408 |     [[nodiscard]] OpenSWMM::Render::IFeatureRenderer *renderer() const;
      |                                                       ^
/Users/calebbuahin/Documents/Projects/cbuahin_github/openswmm.gui/include/layers/openswmmvislayer.h:434:63: note: overridden virtual function is here
  434 |     [[nodiscard]] virtual OpenSWMM::Render::IFeatureRenderer *renderer() const { return nullptr; }
      |                                                               ^
In file included from /Users/calebbuahin/Documents/Projects/cbuahin_github/openswmm.gui/src/project/projectserializer.cpp:17:
/Users/calebbuahin/Documents/Projects/cbuahin_github/openswmm.gui/include/layers/swmmresultslayer.h:417:10: warning: 'setRenderer' overrides a member function but is not marked 'override' [-Winconsistent-missing-override]
  417 |     void setRenderer(std::unique_ptr<OpenSWMM::Render::IFeatureRenderer> r);
      |          ^
/Users/calebbuahin/Documents/Projects/cbuahin_github/openswmm.gui/include/layers/openswmmvislayer.h:440:18: note: overridden virtual function is here
  440 |     virtual void setRenderer(std::unique_ptr<OpenSWMM::Render::IFeatureRenderer>);
      |                  ^
6 warnings generated.
[167/375] Building CXX object tests/gui/CMakeFiles/test_a11y_scene_exposure.dir/__/__/src/swmmvis.cpp.o
In file included from /Users/calebbuahin/Documents/Projects/cbuahin_github/openswmm.gui/src/swmmvis.cpp:76:
In file included from /Users/calebbuahin/Documents/Projects/cbuahin_github/openswmm.gui/include/ui/dialogs/sublayerselectiondialog.h:19:
/Users/calebbuahin/Documents/Projects/cbuahin_github/openswmm.gui/include/layers/gisvectorlayer.h:270:55: warning: 'renderer' overrides a member function but is not marked 'override' [-Winconsistent-missing-override]
  270 |     [[nodiscard]] OpenSWMM::Render::IFeatureRenderer *renderer() const;
      |                                                       ^
/Users/calebbuahin/Documents/Projects/cbuahin_github/openswmm.gui/include/layers/openswmmvislayer.h:434:63: note: overridden virtual function is here
  434 |     [[nodiscard]] virtual OpenSWMM::Render::IFeatureRenderer *renderer() const { return nullptr; }
      |                                                               ^
In file included from /Users/calebbuahin/Documents/Projects/cbuahin_github/openswmm.gui/src/swmmvis.cpp:76:
In file included from /Users/calebbuahin/Documents/Projects/cbuahin_github/openswmm.gui/include/ui/dialogs/sublayerselectiondialog.h:19:
/Users/calebbuahin/Documents/Projects/cbuahin_github/openswmm.gui/include/layers/gisvectorlayer.h:278:10: warning: 'setRenderer' overrides a member function but is not marked 'override' [-Winconsistent-missing-override]
  278 |     void setRenderer(std::unique_ptr<OpenSWMM::Render::IFeatureRenderer> r);
      |          ^
/Users/calebbuahin/Documents/Projects/cbuahin_github/openswmm.gui/include/layers/openswmmvislayer.h:440:18: note: overridden virtual function is here
  440 |     virtual void setRenderer(std::unique_ptr<OpenSWMM::Render::IFeatureRenderer>);
      |                  ^
In file included from /Users/calebbuahin/Documents/Projects/cbuahin_github/openswmm.gui/src/swmmvis.cpp:89:
/Users/calebbuahin/Documents/Projects/cbuahin_github/openswmm.gui/include/core/swmmdatetime.h:61:12: warning: 'QDateTime' is deprecated: Pass QTimeZone instead [-Wdeprecated-declarations]
   61 |     return QDateTime(date, QTime(h, mi, s), Qt::UTC);
      |            ^
/Users/calebbuahin/Qt/6.9.3/macos/lib/QtCore.framework/Headers/qdatetime.h:361:5: note: 'QDateTime' has been explicitly marked deprecated here
  361 |     QT_DEPRECATED_VERSION_X_6_9("Pass QTimeZone instead")
      |     ^
/Users/calebbuahin/Qt/6.9.3/macos/lib/QtCore.framework/Headers/qtdeprecationmarkers.h:213:44: note: expanded from macro 'QT_DEPRECATED_VERSION_X_6_9'
  213 | # define QT_DEPRECATED_VERSION_X_6_9(text) QT_DEPRECATED_X(text)
      |                                            ^
/Users/calebbuahin/Qt/6.9.3/macos/lib/QtCore.framework/Headers/qtdeprecationmarkers.h:29:33: note: expanded from macro 'QT_DEPRECATED_X'
   29 | #  define QT_DEPRECATED_X(text) Q_DECL_DEPRECATED_X(text)
      |                                 ^
/Users/calebbuahin/Qt/6.9.3/macos/lib/QtCore.framework/Headers/qcompilerdetection.h:1011:36: note: expanded from macro 'Q_DECL_DEPRECATED_X'
 1011 | #  define Q_DECL_DEPRECATED_X(x) [[deprecated(x)]]
      |                                    ^
In file included from /Users/calebbuahin/Documents/Projects/cbuahin_github/openswmm.gui/src/swmmvis.cpp:89:
/Users/calebbuahin/Documents/Projects/cbuahin_github/openswmm.gui/include/core/swmmdatetime.h:61:12: warning: 'QDateTime' is deprecated: Pass QTimeZone instead [-Wdeprecated-declarations]
   61 |     return QDateTime(date, QTime(h, mi, s), Qt::UTC);
      |            ^
/Users/calebbuahin/Qt/6.9.3/macos/lib/QtCore.framework/Headers/qdatetime.h:361:5: note: 'QDateTime' has been explicitly marked deprecated here
  361 |     QT_DEPRECATED_VERSION_X_6_9("Pass QTimeZone instead")
      |     ^
/Users/calebbuahin/Qt/6.9.3/macos/lib/QtCore.framework/Headers/qtdeprecationmarkers.h:213:44: note: expanded from macro 'QT_DEPRECATED_VERSION_X_6_9'
  213 | # define QT_DEPRECATED_VERSION_X_6_9(text) QT_DEPRECATED_X(text)
      |                                            ^
/Users/calebbuahin/Qt/6.9.3/macos/lib/QtCore.framework/Headers/qtdeprecationmarkers.h:29:33: note: expanded from macro 'QT_DEPRECATED_X'
   29 | #  define QT_DEPRECATED_X(text) Q_DECL_DEPRECATED_X(text)
      |                                 ^
/Users/calebbuahin/Qt/6.9.3/macos/lib/QtCore.framework/Headers/qcompilerdetection.h:1011:36: note: expanded from macro 'Q_DECL_DEPRECATED_X'
 1011 | #  define Q_DECL_DEPRECATED_X(x) [[deprecated(x)]]
      |                                    ^
In file included from /Users/calebbuahin/Documents/Projects/cbuahin_github/openswmm.gui/src/swmmvis.cpp:136:
/Users/calebbuahin/Documents/Projects/cbuahin_github/openswmm.gui/include/layers/swmmresultslayer.h:408:55: warning: 'renderer' overrides a member function but is not marked 'override' [-Winconsistent-missing-override]
  408 |     [[nodiscard]] OpenSWMM::Render::IFeatureRenderer *renderer() const;
      |                                                       ^
/Users/calebbuahin/Documents/Projects/cbuahin_github/openswmm.gui/include/layers/openswmmvislayer.h:434:63: note: overridden virtual function is here
  434 |     [[nodiscard]] virtual OpenSWMM::Render::IFeatureRenderer *renderer() const { return nullptr; }
      |                                                               ^
In file included from /Users/calebbuahin/Documents/Projects/cbuahin_github/openswmm.gui/src/swmmvis.cpp:136:
/Users/calebbuahin/Documents/Projects/cbuahin_github/openswmm.gui/include/layers/swmmresultslayer.h:417:10: warning: 'setRenderer' overrides a member function but is not marked 'override' [-Winconsistent-missing-override]
  417 |     void setRenderer(std::unique_ptr<OpenSWMM::Render::IFeatureRenderer> r);
      |          ^
/Users/calebbuahin/Documents/Projects/cbuahin_github/openswmm.gui/include/layers/openswmmvislayer.h:440:18: note: overridden virtual function is here
  440 |     virtual void setRenderer(std::unique_ptr<OpenSWMM::Render::IFeatureRenderer>);
      |                  ^
In file included from /Users/calebbuahin/Documents/Projects/cbuahin_github/openswmm.gui/src/swmmvis.cpp:194:
/Users/calebbuahin/Documents/Projects/cbuahin_github/openswmm.gui/include/layers/swmm2dresultslayer.h:544:55: warning: 'renderer' overrides a member function but is not marked 'override' [-Winconsistent-missing-override]
  544 |     [[nodiscard]] OpenSWMM::Render::IFeatureRenderer *renderer() const;
      |                                                       ^
/Users/calebbuahin/Documents/Projects/cbuahin_github/openswmm.gui/include/layers/openswmmvislayer.h:434:63: note: overridden virtual function is here
  434 |     [[nodiscard]] virtual OpenSWMM::Render::IFeatureRenderer *renderer() const { return nullptr; }
      |                                                               ^
In file included from /Users/calebbuahin/Documents/Projects/cbuahin_github/openswmm.gui/src/swmmvis.cpp:194:
/Users/calebbuahin/Documents/Projects/cbuahin_github/openswmm.gui/include/layers/swmm2dresultslayer.h:552:10: warning: 'setRenderer' overrides a member function but is not marked 'override' [-Winconsistent-missing-override]
  552 |     void setRenderer(std::unique_ptr<OpenSWMM::Render::IFeatureRenderer> r);
      |          ^
/Users/calebbuahin/Documents/Projects/cbuahin_github/openswmm.gui/include/layers/openswmmvislayer.h:440:18: note: overridden virtual function is here
  440 |     virtual void setRenderer(std::unique_ptr<OpenSWMM::Render::IFeatureRenderer>);
      |                  ^
8 warnings generated.
[168/375] Building CXX object tests/gui/CMakeFiles/test_meshperf_baseline.dir/__/__/src/ui/dialogs/layerstyledialog.cpp.o
In file included from /Users/calebbuahin/Documents/Projects/cbuahin_github/openswmm.gui/src/ui/dialogs/layerstyledialog.cpp:24:
/Users/calebbuahin/Documents/Projects/cbuahin_github/openswmm.gui/include/layers/gisvectorlayer.h:270:55: warning: 'renderer' overrides a member function but is not marked 'override' [-Winconsistent-missing-override]
  270 |     [[nodiscard]] OpenSWMM::Render::IFeatureRenderer *renderer() const;
      |                                                       ^
/Users/calebbuahin/Documents/Projects/cbuahin_github/openswmm.gui/include/layers/openswmmvislayer.h:434:63: note: overridden virtual function is here
  434 |     [[nodiscard]] virtual OpenSWMM::Render::IFeatureRenderer *renderer() const { return nullptr; }
      |                                                               ^
In file included from /Users/calebbuahin/Documents/Projects/cbuahin_github/openswmm.gui/src/ui/dialogs/layerstyledialog.cpp:24:
/Users/calebbuahin/Documents/Projects/cbuahin_github/openswmm.gui/include/layers/gisvectorlayer.h:278:10: warning: 'setRenderer' overrides a member function but is not marked 'override' [-Winconsistent-missing-override]
  278 |     void setRenderer(std::unique_ptr<OpenSWMM::Render::IFeatureRenderer> r);
      |          ^
/Users/calebbuahin/Documents/Projects/cbuahin_github/openswmm.gui/include/layers/openswmmvislayer.h:440:18: note: overridden virtual function is here
  440 |     virtual void setRenderer(std::unique_ptr<OpenSWMM::Render::IFeatureRenderer>);
      |                  ^
In file included from /Users/calebbuahin/Documents/Projects/cbuahin_github/openswmm.gui/src/ui/dialogs/layerstyledialog.cpp:27:
/Users/calebbuahin/Documents/Projects/cbuahin_github/openswmm.gui/include/layers/swmmresultslayer.h:408:55: warning: 'renderer' overrides a member function but is not marked 'override' [-Winconsistent-missing-override]
  408 |     [[nodiscard]] OpenSWMM::Render::IFeatureRenderer *renderer() const;
      |                                                       ^
/Users/calebbuahin/Documents/Projects/cbuahin_github/openswmm.gui/include/layers/openswmmvislayer.h:434:63: note: overridden virtual function is here
  434 |     [[nodiscard]] virtual OpenSWMM::Render::IFeatureRenderer *renderer() const { return nullptr; }
      |                                                               ^
In file included from /Users/calebbuahin/Documents/Projects/cbuahin_github/openswmm.gui/src/ui/dialogs/layerstyledialog.cpp:27:
/Users/calebbuahin/Documents/Projects/cbuahin_github/openswmm.gui/include/layers/swmmresultslayer.h:417:10: warning: 'setRenderer' overrides a member function but is not marked 'override' [-Winconsistent-missing-override]
  417 |     void setRenderer(std::unique_ptr<OpenSWMM::Render::IFeatureRenderer> r);
      |          ^
/Users/calebbuahin/Documents/Projects/cbuahin_github/openswmm.gui/include/layers/openswmmvislayer.h:440:18: note: overridden virtual function is here
  440 |     virtual void setRenderer(std::unique_ptr<OpenSWMM::Render::IFeatureRenderer>);
      |                  ^
In file included from /Users/calebbuahin/Documents/Projects/cbuahin_github/openswmm.gui/src/ui/dialogs/layerstyledialog.cpp:28:
/Users/calebbuahin/Documents/Projects/cbuahin_github/openswmm.gui/include/layers/swmm2dresultslayer.h:544:55: warning: 'renderer' overrides a member function but is not marked 'override' [-Winconsistent-missing-override]
  544 |     [[nodiscard]] OpenSWMM::Render::IFeatureRenderer *renderer() const;
      |                                                       ^
/Users/calebbuahin/Documents/Projects/cbuahin_github/openswmm.gui/include/layers/openswmmvislayer.h:434:63: note: overridden virtual function is here
  434 |     [[nodiscard]] virtual OpenSWMM::Render::IFeatureRenderer *renderer() const { return nullptr; }
      |                                                               ^
In file included from /Users/calebbuahin/Documents/Projects/cbuahin_github/openswmm.gui/src/ui/dialogs/layerstyledialog.cpp:28:
/Users/calebbuahin/Documents/Projects/cbuahin_github/openswmm.gui/include/layers/swmm2dresultslayer.h:552:10: warning: 'setRenderer' overrides a member function but is not marked 'override' [-Winconsistent-missing-override]
  552 |     void setRenderer(std::unique_ptr<OpenSWMM::Render::IFeatureRenderer> r);
      |          ^
/Users/calebbuahin/Documents/Projects/cbuahin_github/openswmm.gui/include/layers/openswmmvislayer.h:440:18: note: overridden virtual function is here
  440 |     virtual void setRenderer(std::unique_ptr<OpenSWMM::Render::IFeatureRenderer>);
      |                  ^
6 warnings generated.
[169/375] Building CXX object tests/gui/CMakeFiles/test_meshperf_baseline.dir/__/__/src/ui/dialogs/addbasemapdialog.cpp.o
In file included from /Users/calebbuahin/Documents/Projects/cbuahin_github/openswmm.gui/src/ui/dialogs/addbasemapdialog.cpp:26:
In file included from /Users/calebbuahin/Documents/Projects/cbuahin_github/openswmm.gui/include/layers/wfslayer.h:27:
/Users/calebbuahin/Documents/Projects/cbuahin_github/openswmm.gui/include/layers/gisvectorlayer.h:270:55: warning: 'renderer' overrides a member function but is not marked 'override' [-Winconsistent-missing-override]
  270 |     [[nodiscard]] OpenSWMM::Render::IFeatureRenderer *renderer() const;
      |                                                       ^
/Users/calebbuahin/Documents/Projects/cbuahin_github/openswmm.gui/include/layers/openswmmvislayer.h:434:63: note: overridden virtual function is here
  434 |     [[nodiscard]] virtual OpenSWMM::Render::IFeatureRenderer *renderer() const { return nullptr; }
      |                                                               ^
In file included from /Users/calebbuahin/Documents/Projects/cbuahin_github/openswmm.gui/src/ui/dialogs/addbasemapdialog.cpp:26:
In file included from /Users/calebbuahin/Documents/Projects/cbuahin_github/openswmm.gui/include/layers/wfslayer.h:27:
/Users/calebbuahin/Documents/Projects/cbuahin_github/openswmm.gui/include/layers/gisvectorlayer.h:278:10: warning: 'setRenderer' overrides a member function but is not marked 'override' [-Winconsistent-missing-override]
  278 |     void setRenderer(std::unique_ptr<OpenSWMM::Render::IFeatureRenderer> r);
      |          ^
/Users/calebbuahin/Documents/Projects/cbuahin_github/openswmm.gui/include/layers/openswmmvislayer.h:440:18: note: overridden virtual function is here
  440 |     virtual void setRenderer(std::unique_ptr<OpenSWMM::Render::IFeatureRenderer>);
      |                  ^
2 warnings generated.
[170/375] Building CXX object tests/gui/CMakeFiles/test_meshperf_baseline.dir/__/__/src/ui/widgets/basemaphttpheaderswidget.cpp.o
[171/375] Building CXX object tests/gui/CMakeFiles/test_namelookup_precedence.dir/test_namelookup_precedence_autogen/mocs_compilation.cpp.o
In file included from /Users/calebbuahin/Documents/Projects/cbuahin_github/openswmm.gui/build/tests/gui/test_namelookup_precedence_autogen/mocs_compilation.cpp:2:
In file included from /Users/calebbuahin/Documents/Projects/cbuahin_github/openswmm.gui/build/tests/gui/test_namelookup_precedence_autogen/MAYCBHTXLP/moc_animationcontroller.cpp:9:
In file included from /Users/calebbuahin/Documents/Projects/cbuahin_github/openswmm.gui/build/tests/gui/test_namelookup_precedence_autogen/MAYCBHTXLP/../../../../../include/animation/animationcontroller.h:33:
/Users/calebbuahin/Documents/Projects/cbuahin_github/openswmm.gui/include/layers/swmm2dresultslayer.h:544:55: warning: 'renderer' overrides a member function but is not marked 'override' [-Winconsistent-missing-override]
  544 |     [[nodiscard]] OpenSWMM::Render::IFeatureRenderer *renderer() const;
      |                                                       ^
/Users/calebbuahin/Documents/Projects/cbuahin_github/openswmm.gui/include/layers/openswmmvislayer.h:434:63: note: overridden virtual function is here
  434 |     [[nodiscard]] virtual OpenSWMM::Render::IFeatureRenderer *renderer() const { return nullptr; }
      |                                                               ^
In file included from /Users/calebbuahin/Documents/Projects/cbuahin_github/openswmm.gui/build/tests/gui/test_namelookup_precedence_autogen/mocs_compilation.cpp:2:
In file included from /Users/calebbuahin/Documents/Projects/cbuahin_github/openswmm.gui/build/tests/gui/test_namelookup_precedence_autogen/MAYCBHTXLP/moc_animationcontroller.cpp:9:
In file included from /Users/calebbuahin/Documents/Projects/cbuahin_github/openswmm.gui/build/tests/gui/test_namelookup_precedence_autogen/MAYCBHTXLP/../../../../../include/animation/animationcontroller.h:33:
/Users/calebbuahin/Documents/Projects/cbuahin_github/openswmm.gui/include/layers/swmm2dresultslayer.h:552:10: warning: 'setRenderer' overrides a member function but is not marked 'override' [-Winconsistent-missing-override]
  552 |     void setRenderer(std::unique_ptr<OpenSWMM::Render::IFeatureRenderer> r);
      |          ^
/Users/calebbuahin/Documents/Projects/cbuahin_github/openswmm.gui/include/layers/openswmmvislayer.h:440:18: note: overridden virtual function is here
  440 |     virtual void setRenderer(std::unique_ptr<OpenSWMM::Render::IFeatureRenderer>);
      |                  ^
In file included from /Users/calebbuahin/Documents/Projects/cbuahin_github/openswmm.gui/build/tests/gui/test_namelookup_precedence_autogen/mocs_compilation.cpp:28:
In file included from /Users/calebbuahin/Documents/Projects/cbuahin_github/openswmm.gui/build/tests/gui/test_namelookup_precedence_autogen/COIIM6MLNP/moc_gisvectorlayer.cpp:9:
/Users/calebbuahin/Documents/Projects/cbuahin_github/openswmm.gui/build/tests/gui/test_namelookup_precedence_autogen/COIIM6MLNP/../../../../../include/layers/gisvectorlayer.h:270:55: warning: 'renderer' overrides a member function but is not marked 'override' [-Winconsistent-missing-override]
  270 |     [[nodiscard]] OpenSWMM::Render::IFeatureRenderer *renderer() const;
      |                                                       ^
/Users/calebbuahin/Documents/Projects/cbuahin_github/openswmm.gui/include/layers/openswmmvislayer.h:434:63: note: overridden virtual function is here
  434 |     [[nodiscard]] virtual OpenSWMM::Render::IFeatureRenderer *renderer() const { return nullptr; }
      |                                                               ^
In file included from /Users/calebbuahin/Documents/Projects/cbuahin_github/openswmm.gui/build/tests/gui/test_namelookup_precedence_autogen/mocs_compilation.cpp:28:
In file included from /Users/calebbuahin/Documents/Projects/cbuahin_github/openswmm.gui/build/tests/gui/test_namelookup_precedence_autogen/COIIM6MLNP/moc_gisvectorlayer.cpp:9:
/Users/calebbuahin/Documents/Projects/cbuahin_github/openswmm.gui/build/tests/gui/test_namelookup_precedence_autogen/COIIM6MLNP/../../../../../include/layers/gisvectorlayer.h:278:10: warning: 'setRenderer' overrides a member function but is not marked 'override' [-Winconsistent-missing-override]
  278 |     void setRenderer(std::unique_ptr<OpenSWMM::Render::IFeatureRenderer> r);
      |          ^
/Users/calebbuahin/Documents/Projects/cbuahin_github/openswmm.gui/include/layers/openswmmvislayer.h:440:18: note: overridden virtual function is here
  440 |     virtual void setRenderer(std::unique_ptr<OpenSWMM::Render::IFeatureRenderer>);
      |                  ^
In file included from /Users/calebbuahin/Documents/Projects/cbuahin_github/openswmm.gui/build/tests/gui/test_namelookup_precedence_autogen/mocs_compilation.cpp:36:
In file included from /Users/calebbuahin/Documents/Projects/cbuahin_github/openswmm.gui/build/tests/gui/test_namelookup_precedence_autogen/COIIM6MLNP/moc_swmmresultslayer.cpp:9:
/Users/calebbuahin/Documents/Projects/cbuahin_github/openswmm.gui/build/tests/gui/test_namelookup_precedence_autogen/COIIM6MLNP/../../../../../include/layers/swmmresultslayer.h:408:55: warning: 'renderer' overrides a member function but is not marked 'override' [-Winconsistent-missing-override]
  408 |     [[nodiscard]] OpenSWMM::Render::IFeatureRenderer *renderer() const;
      |                                                       ^
/Users/calebbuahin/Documents/Projects/cbuahin_github/openswmm.gui/include/layers/openswmmvislayer.h:434:63: note: overridden virtual function is here
  434 |     [[nodiscard]] virtual OpenSWMM::Render::IFeatureRenderer *renderer() const { return nullptr; }
      |                                                               ^
In file included from /Users/calebbuahin/Documents/Projects/cbuahin_github/openswmm.gui/build/tests/gui/test_namelookup_precedence_autogen/mocs_compilation.cpp:36:
In file included from /Users/calebbuahin/Documents/Projects/cbuahin_github/openswmm.gui/build/tests/gui/test_namelookup_precedence_autogen/COIIM6MLNP/moc_swmmresultslayer.cpp:9:
/Users/calebbuahin/Documents/Projects/cbuahin_github/openswmm.gui/build/tests/gui/test_namelookup_precedence_autogen/COIIM6MLNP/../../../../../include/layers/swmmresultslayer.h:417:10: warning: 'setRenderer' overrides a member function but is not marked 'override' [-Winconsistent-missing-override]
  417 |     void setRenderer(std::unique_ptr<OpenSWMM::Render::IFeatureRenderer> r);
      |          ^
/Users/calebbuahin/Documents/Projects/cbuahin_github/openswmm.gui/include/layers/openswmmvislayer.h:440:18: note: overridden virtual function is here
  440 |     virtual void setRenderer(std::unique_ptr<OpenSWMM::Render::IFeatureRenderer>);
      |                  ^
6 warnings generated.
[172/375] Building CXX object tests/gui/CMakeFiles/test_attrtableperf_baseline.dir/__/__/src/connections/basemapconnectionstore.cpp.o
[173/375] Building CXX object tests/gui/CMakeFiles/test_attrtableperf_baseline.dir/__/__/src/layers/xyztilelayer.cpp.o
[174/375] Building CXX object tests/gui/CMakeFiles/test_linkgrid_outliers.dir/__/__/src/swmmvis.cpp.o
In file included from /Users/calebbuahin/Documents/Projects/cbuahin_github/openswmm.gui/src/swmmvis.cpp:76:
In file included from /Users/calebbuahin/Documents/Projects/cbuahin_github/openswmm.gui/include/ui/dialogs/sublayerselectiondialog.h:19:
/Users/calebbuahin/Documents/Projects/cbuahin_github/openswmm.gui/include/layers/gisvectorlayer.h:270:55: warning: 'renderer' overrides a member function but is not marked 'override' [-Winconsistent-missing-override]
  270 |     [[nodiscard]] OpenSWMM::Render::IFeatureRenderer *renderer() const;
      |                                                       ^
/Users/calebbuahin/Documents/Projects/cbuahin_github/openswmm.gui/include/layers/openswmmvislayer.h:434:63: note: overridden virtual function is here
  434 |     [[nodiscard]] virtual OpenSWMM::Render::IFeatureRenderer *renderer() const { return nullptr; }
      |                                                               ^
In file included from /Users/calebbuahin/Documents/Projects/cbuahin_github/openswmm.gui/src/swmmvis.cpp:76:
In file included from /Users/calebbuahin/Documents/Projects/cbuahin_github/openswmm.gui/include/ui/dialogs/sublayerselectiondialog.h:19:
/Users/calebbuahin/Documents/Projects/cbuahin_github/openswmm.gui/include/layers/gisvectorlayer.h:278:10: warning: 'setRenderer' overrides a member function but is not marked 'override' [-Winconsistent-missing-override]
  278 |     void setRenderer(std::unique_ptr<OpenSWMM::Render::IFeatureRenderer> r);
      |          ^
/Users/calebbuahin/Documents/Projects/cbuahin_github/openswmm.gui/include/layers/openswmmvislayer.h:440:18: note: overridden virtual function is here
  440 |     virtual void setRenderer(std::unique_ptr<OpenSWMM::Render::IFeatureRenderer>);
      |                  ^
In file included from /Users/calebbuahin/Documents/Projects/cbuahin_github/openswmm.gui/src/swmmvis.cpp:89:
/Users/calebbuahin/Documents/Projects/cbuahin_github/openswmm.gui/include/core/swmmdatetime.h:61:12: warning: 'QDateTime' is deprecated: Pass QTimeZone instead [-Wdeprecated-declarations]
   61 |     return QDateTime(date, QTime(h, mi, s), Qt::UTC);
      |            ^
/Users/calebbuahin/Qt/6.9.3/macos/lib/QtCore.framework/Headers/qdatetime.h:361:5: note: 'QDateTime' has been explicitly marked deprecated here
  361 |     QT_DEPRECATED_VERSION_X_6_9("Pass QTimeZone instead")
      |     ^
/Users/calebbuahin/Qt/6.9.3/macos/lib/QtCore.framework/Headers/qtdeprecationmarkers.h:213:44: note: expanded from macro 'QT_DEPRECATED_VERSION_X_6_9'
  213 | # define QT_DEPRECATED_VERSION_X_6_9(text) QT_DEPRECATED_X(text)
      |                                            ^
/Users/calebbuahin/Qt/6.9.3/macos/lib/QtCore.framework/Headers/qtdeprecationmarkers.h:29:33: note: expanded from macro 'QT_DEPRECATED_X'
   29 | #  define QT_DEPRECATED_X(text) Q_DECL_DEPRECATED_X(text)
      |                                 ^
/Users/calebbuahin/Qt/6.9.3/macos/lib/QtCore.framework/Headers/qcompilerdetection.h:1011:36: note: expanded from macro 'Q_DECL_DEPRECATED_X'
 1011 | #  define Q_DECL_DEPRECATED_X(x) [[deprecated(x)]]
      |                                    ^
In file included from /Users/calebbuahin/Documents/Projects/cbuahin_github/openswmm.gui/src/swmmvis.cpp:89:
/Users/calebbuahin/Documents/Projects/cbuahin_github/openswmm.gui/include/core/swmmdatetime.h:61:12: warning: 'QDateTime' is deprecated: Pass QTimeZone instead [-Wdeprecated-declarations]
   61 |     return QDateTime(date, QTime(h, mi, s), Qt::UTC);
      |            ^
/Users/calebbuahin/Qt/6.9.3/macos/lib/QtCore.framework/Headers/qdatetime.h:361:5: note: 'QDateTime' has been explicitly marked deprecated here
  361 |     QT_DEPRECATED_VERSION_X_6_9("Pass QTimeZone instead")
      |     ^
/Users/calebbuahin/Qt/6.9.3/macos/lib/QtCore.framework/Headers/qtdeprecationmarkers.h:213:44: note: expanded from macro 'QT_DEPRECATED_VERSION_X_6_9'
  213 | # define QT_DEPRECATED_VERSION_X_6_9(text) QT_DEPRECATED_X(text)
      |                                            ^
/Users/calebbuahin/Qt/6.9.3/macos/lib/QtCore.framework/Headers/qtdeprecationmarkers.h:29:33: note: expanded from macro 'QT_DEPRECATED_X'
   29 | #  define QT_DEPRECATED_X(text) Q_DECL_DEPRECATED_X(text)
      |                                 ^
/Users/calebbuahin/Qt/6.9.3/macos/lib/QtCore.framework/Headers/qcompilerdetection.h:1011:36: note: expanded from macro 'Q_DECL_DEPRECATED_X'
 1011 | #  define Q_DECL_DEPRECATED_X(x) [[deprecated(x)]]
      |                                    ^
In file included from /Users/calebbuahin/Documents/Projects/cbuahin_github/openswmm.gui/src/swmmvis.cpp:136:
/Users/calebbuahin/Documents/Projects/cbuahin_github/openswmm.gui/include/layers/swmmresultslayer.h:408:55: warning: 'renderer' overrides a member function but is not marked 'override' [-Winconsistent-missing-override]
  408 |     [[nodiscard]] OpenSWMM::Render::IFeatureRenderer *renderer() const;
      |                                                       ^
/Users/calebbuahin/Documents/Projects/cbuahin_github/openswmm.gui/include/layers/openswmmvislayer.h:434:63: note: overridden virtual function is here
  434 |     [[nodiscard]] virtual OpenSWMM::Render::IFeatureRenderer *renderer() const { return nullptr; }
      |                                                               ^
In file included from /Users/calebbuahin/Documents/Projects/cbuahin_github/openswmm.gui/src/swmmvis.cpp:136:
/Users/calebbuahin/Documents/Projects/cbuahin_github/openswmm.gui/include/layers/swmmresultslayer.h:417:10: warning: 'setRenderer' overrides a member function but is not marked 'override' [-Winconsistent-missing-override]
  417 |     void setRenderer(std::unique_ptr<OpenSWMM::Render::IFeatureRenderer> r);
      |          ^
/Users/calebbuahin/Documents/Projects/cbuahin_github/openswmm.gui/include/layers/openswmmvislayer.h:440:18: note: overridden virtual function is here
  440 |     virtual void setRenderer(std::unique_ptr<OpenSWMM::Render::IFeatureRenderer>);
      |                  ^
In file included from /Users/calebbuahin/Documents/Projects/cbuahin_github/openswmm.gui/src/swmmvis.cpp:194:
/Users/calebbuahin/Documents/Projects/cbuahin_github/openswmm.gui/include/layers/swmm2dresultslayer.h:544:55: warning: 'renderer' overrides a member function but is not marked 'override' [-Winconsistent-missing-override]
  544 |     [[nodiscard]] OpenSWMM::Render::IFeatureRenderer *renderer() const;
      |                                                       ^
/Users/calebbuahin/Documents/Projects/cbuahin_github/openswmm.gui/include/layers/openswmmvislayer.h:434:63: note: overridden virtual function is here
  434 |     [[nodiscard]] virtual OpenSWMM::Render::IFeatureRenderer *renderer() const { return nullptr; }
      |                                                               ^
In file included from /Users/calebbuahin/Documents/Projects/cbuahin_github/openswmm.gui/src/swmmvis.cpp:194:
/Users/calebbuahin/Documents/Projects/cbuahin_github/openswmm.gui/include/layers/swmm2dresultslayer.h:552:10: warning: 'setRenderer' overrides a member function but is not marked 'override' [-Winconsistent-missing-override]
  552 |     void setRenderer(std::unique_ptr<OpenSWMM::Render::IFeatureRenderer> r);
      |          ^
/Users/calebbuahin/Documents/Projects/cbuahin_github/openswmm.gui/include/layers/openswmmvislayer.h:440:18: note: overridden virtual function is here
  440 |     virtual void setRenderer(std::unique_ptr<OpenSWMM::Render::IFeatureRenderer>);
      |                  ^
8 warnings generated.
[175/375] Building CXX object tests/gui/CMakeFiles/test_attrtableperf_baseline.dir/__/__/src/map/mapcanvas.cpp.o
In file included from /Users/calebbuahin/Documents/Projects/cbuahin_github/openswmm.gui/src/map/mapcanvas.cpp:20:
/Users/calebbuahin/Documents/Projects/cbuahin_github/openswmm.gui/include/layers/gisvectorlayer.h:270:55: warning: 'renderer' overrides a member function but is not marked 'override' [-Winconsistent-missing-override]
  270 |     [[nodiscard]] OpenSWMM::Render::IFeatureRenderer *renderer() const;
      |                                                       ^
/Users/calebbuahin/Documents/Projects/cbuahin_github/openswmm.gui/include/layers/openswmmvislayer.h:434:63: note: overridden virtual function is here
  434 |     [[nodiscard]] virtual OpenSWMM::Render::IFeatureRenderer *renderer() const { return nullptr; }
      |                                                               ^
In file included from /Users/calebbuahin/Documents/Projects/cbuahin_github/openswmm.gui/src/map/mapcanvas.cpp:20:
/Users/calebbuahin/Documents/Projects/cbuahin_github/openswmm.gui/include/layers/gisvectorlayer.h:278:10: warning: 'setRenderer' overrides a member function but is not marked 'override' [-Winconsistent-missing-override]
  278 |     void setRenderer(std::unique_ptr<OpenSWMM::Render::IFeatureRenderer> r);
      |          ^
/Users/calebbuahin/Documents/Projects/cbuahin_github/openswmm.gui/include/layers/openswmmvislayer.h:440:18: note: overridden virtual function is here
  440 |     virtual void setRenderer(std::unique_ptr<OpenSWMM::Render::IFeatureRenderer>);
      |                  ^
In file included from /Users/calebbuahin/Documents/Projects/cbuahin_github/openswmm.gui/src/map/mapcanvas.cpp:31:
/Users/calebbuahin/Documents/Projects/cbuahin_github/openswmm.gui/include/layers/swmm2dresultslayer.h:544:55: warning: 'renderer' overrides a member function but is not marked 'override' [-Winconsistent-missing-override]
  544 |     [[nodiscard]] OpenSWMM::Render::IFeatureRenderer *renderer() const;
      |                                                       ^
/Users/calebbuahin/Documents/Projects/cbuahin_github/openswmm.gui/include/layers/openswmmvislayer.h:434:63: note: overridden virtual function is here
  434 |     [[nodiscard]] virtual OpenSWMM::Render::IFeatureRenderer *renderer() const { return nullptr; }
      |                                                               ^
In file included from /Users/calebbuahin/Documents/Projects/cbuahin_github/openswmm.gui/src/map/mapcanvas.cpp:31:
/Users/calebbuahin/Documents/Projects/cbuahin_github/openswmm.gui/include/layers/swmm2dresultslayer.h:552:10: warning: 'setRenderer' overrides a member function but is not marked 'override' [-Winconsistent-missing-override]
  552 |     void setRenderer(std::unique_ptr<OpenSWMM::Render::IFeatureRenderer> r);
      |          ^
/Users/calebbuahin/Documents/Projects/cbuahin_github/openswmm.gui/include/layers/openswmmvislayer.h:440:18: note: overridden virtual function is here
  440 |     virtual void setRenderer(std::unique_ptr<OpenSWMM::Render::IFeatureRenderer>);
      |                  ^
4 warnings generated.
[176/375] Building CXX object tests/gui/CMakeFiles/test_attrtableperf_baseline.dir/__/__/src/project/projectserializer.cpp.o
In file included from /Users/calebbuahin/Documents/Projects/cbuahin_github/openswmm.gui/src/project/projectserializer.cpp:12:
/Users/calebbuahin/Documents/Projects/cbuahin_github/openswmm.gui/include/layers/gisvectorlayer.h:270:55: warning: 'renderer' overrides a member function but is not marked 'override' [-Winconsistent-missing-override]
  270 |     [[nodiscard]] OpenSWMM::Render::IFeatureRenderer *renderer() const;
      |                                                       ^
/Users/calebbuahin/Documents/Projects/cbuahin_github/openswmm.gui/include/layers/openswmmvislayer.h:434:63: note: overridden virtual function is here
  434 |     [[nodiscard]] virtual OpenSWMM::Render::IFeatureRenderer *renderer() const { return nullptr; }
      |                                                               ^
In file included from /Users/calebbuahin/Documents/Projects/cbuahin_github/openswmm.gui/src/project/projectserializer.cpp:12:
/Users/calebbuahin/Documents/Projects/cbuahin_github/openswmm.gui/include/layers/gisvectorlayer.h:278:10: warning: 'setRenderer' overrides a member function but is not marked 'override' [-Winconsistent-missing-override]
  278 |     void setRenderer(std::unique_ptr<OpenSWMM::Render::IFeatureRenderer> r);
      |          ^
/Users/calebbuahin/Documents/Projects/cbuahin_github/openswmm.gui/include/layers/openswmmvislayer.h:440:18: note: overridden virtual function is here
  440 |     virtual void setRenderer(std::unique_ptr<OpenSWMM::Render::IFeatureRenderer>);
      |                  ^
In file included from /Users/calebbuahin/Documents/Projects/cbuahin_github/openswmm.gui/src/project/projectserializer.cpp:15:
/Users/calebbuahin/Documents/Projects/cbuahin_github/openswmm.gui/include/layers/swmm2dresultslayer.h:544:55: warning: 'renderer' overrides a member function but is not marked 'override' [-Winconsistent-missing-override]
  544 |     [[nodiscard]] OpenSWMM::Render::IFeatureRenderer *renderer() const;
      |                                                       ^
/Users/calebbuahin/Documents/Projects/cbuahin_github/openswmm.gui/include/layers/openswmmvislayer.h:434:63: note: overridden virtual function is here
  434 |     [[nodiscard]] virtual OpenSWMM::Render::IFeatureRenderer *renderer() const { return nullptr; }
      |                                                               ^
In file included from /Users/calebbuahin/Documents/Projects/cbuahin_github/openswmm.gui/src/project/projectserializer.cpp:15:
/Users/calebbuahin/Documents/Projects/cbuahin_github/openswmm.gui/include/layers/swmm2dresultslayer.h:552:10: warning: 'setRenderer' overrides a member function but is not marked 'override' [-Winconsistent-missing-override]
  552 |     void setRenderer(std::unique_ptr<OpenSWMM::Render::IFeatureRenderer> r);
      |          ^
/Users/calebbuahin/Documents/Projects/cbuahin_github/openswmm.gui/include/layers/openswmmvislayer.h:440:18: note: overridden virtual function is here
  440 |     virtual void setRenderer(std::unique_ptr<OpenSWMM::Render::IFeatureRenderer>);
      |                  ^
In file included from /Users/calebbuahin/Documents/Projects/cbuahin_github/openswmm.gui/src/project/projectserializer.cpp:17:
/Users/calebbuahin/Documents/Projects/cbuahin_github/openswmm.gui/include/layers/swmmresultslayer.h:408:55: warning: 'renderer' overrides a member function but is not marked 'override' [-Winconsistent-missing-override]
  408 |     [[nodiscard]] OpenSWMM::Render::IFeatureRenderer *renderer() const;
      |                                                       ^
/Users/calebbuahin/Documents/Projects/cbuahin_github/openswmm.gui/include/layers/openswmmvislayer.h:434:63: note: overridden virtual function is here
  434 |     [[nodiscard]] virtual OpenSWMM::Render::IFeatureRenderer *renderer() const { return nullptr; }
      |                                                               ^
In file included from /Users/calebbuahin/Documents/Projects/cbuahin_github/openswmm.gui/src/project/projectserializer.cpp:17:
/Users/calebbuahin/Documents/Projects/cbuahin_github/openswmm.gui/include/layers/swmmresultslayer.h:417:10: warning: 'setRenderer' overrides a member function but is not marked 'override' [-Winconsistent-missing-override]
  417 |     void setRenderer(std::unique_ptr<OpenSWMM::Render::IFeatureRenderer> r);
      |          ^
/Users/calebbuahin/Documents/Projects/cbuahin_github/openswmm.gui/include/layers/openswmmvislayer.h:440:18: note: overridden virtual function is here
  440 |     virtual void setRenderer(std::unique_ptr<OpenSWMM::Render::IFeatureRenderer>);
      |                  ^
6 warnings generated.
[177/375] Building CXX object tests/gui/CMakeFiles/test_attrtableperf_baseline.dir/__/__/src/ui/dialogs/layerstyledialog.cpp.o
In file included from /Users/calebbuahin/Documents/Projects/cbuahin_github/openswmm.gui/src/ui/dialogs/layerstyledialog.cpp:24:
/Users/calebbuahin/Documents/Projects/cbuahin_github/openswmm.gui/include/layers/gisvectorlayer.h:270:55: warning: 'renderer' overrides a member function but is not marked 'override' [-Winconsistent-missing-override]
  270 |     [[nodiscard]] OpenSWMM::Render::IFeatureRenderer *renderer() const;
      |                                                       ^
/Users/calebbuahin/Documents/Projects/cbuahin_github/openswmm.gui/include/layers/openswmmvislayer.h:434:63: note: overridden virtual function is here
  434 |     [[nodiscard]] virtual OpenSWMM::Render::IFeatureRenderer *renderer() const { return nullptr; }
      |                                                               ^
In file included from /Users/calebbuahin/Documents/Projects/cbuahin_github/openswmm.gui/src/ui/dialogs/layerstyledialog.cpp:24:
/Users/calebbuahin/Documents/Projects/cbuahin_github/openswmm.gui/include/layers/gisvectorlayer.h:278:10: warning: 'setRenderer' overrides a member function but is not marked 'override' [-Winconsistent-missing-override]
  278 |     void setRenderer(std::unique_ptr<OpenSWMM::Render::IFeatureRenderer> r);
      |          ^
/Users/calebbuahin/Documents/Projects/cbuahin_github/openswmm.gui/include/layers/openswmmvislayer.h:440:18: note: overridden virtual function is here
  440 |     virtual void setRenderer(std::unique_ptr<OpenSWMM::Render::IFeatureRenderer>);
      |                  ^
In file included from /Users/calebbuahin/Documents/Projects/cbuahin_github/openswmm.gui/src/ui/dialogs/layerstyledialog.cpp:27:
/Users/calebbuahin/Documents/Projects/cbuahin_github/openswmm.gui/include/layers/swmmresultslayer.h:408:55: warning: 'renderer' overrides a member function but is not marked 'override' [-Winconsistent-missing-override]
  408 |     [[nodiscard]] OpenSWMM::Render::IFeatureRenderer *renderer() const;
      |                                                       ^
/Users/calebbuahin/Documents/Projects/cbuahin_github/openswmm.gui/include/layers/openswmmvislayer.h:434:63: note: overridden virtual function is here
  434 |     [[nodiscard]] virtual OpenSWMM::Render::IFeatureRenderer *renderer() const { return nullptr; }
      |                                                               ^
In file included from /Users/calebbuahin/Documents/Projects/cbuahin_github/openswmm.gui/src/ui/dialogs/layerstyledialog.cpp:27:
/Users/calebbuahin/Documents/Projects/cbuahin_github/openswmm.gui/include/layers/swmmresultslayer.h:417:10: warning: 'setRenderer' overrides a member function but is not marked 'override' [-Winconsistent-missing-override]
  417 |     void setRenderer(std::unique_ptr<OpenSWMM::Render::IFeatureRenderer> r);
      |          ^
/Users/calebbuahin/Documents/Projects/cbuahin_github/openswmm.gui/include/layers/openswmmvislayer.h:440:18: note: overridden virtual function is here
  440 |     virtual void setRenderer(std::unique_ptr<OpenSWMM::Render::IFeatureRenderer>);
      |                  ^
In file included from /Users/calebbuahin/Documents/Projects/cbuahin_github/openswmm.gui/src/ui/dialogs/layerstyledialog.cpp:28:
/Users/calebbuahin/Documents/Projects/cbuahin_github/openswmm.gui/include/layers/swmm2dresultslayer.h:544:55: warning: 'renderer' overrides a member function but is not marked 'override' [-Winconsistent-missing-override]
  544 |     [[nodiscard]] OpenSWMM::Render::IFeatureRenderer *renderer() const;
      |                                                       ^
/Users/calebbuahin/Documents/Projects/cbuahin_github/openswmm.gui/include/layers/openswmmvislayer.h:434:63: note: overridden virtual function is here
  434 |     [[nodiscard]] virtual OpenSWMM::Render::IFeatureRenderer *renderer() const { return nullptr; }
      |                                                               ^
In file included from /Users/calebbuahin/Documents/Projects/cbuahin_github/openswmm.gui/src/ui/dialogs/layerstyledialog.cpp:28:
/Users/calebbuahin/Documents/Projects/cbuahin_github/openswmm.gui/include/layers/swmm2dresultslayer.h:552:10: warning: 'setRenderer' overrides a member function but is not marked 'override' [-Winconsistent-missing-override]
  552 |     void setRenderer(std::unique_ptr<OpenSWMM::Render::IFeatureRenderer> r);
      |          ^
/Users/calebbuahin/Documents/Projects/cbuahin_github/openswmm.gui/include/layers/openswmmvislayer.h:440:18: note: overridden virtual function is here
  440 |     virtual void setRenderer(std::unique_ptr<OpenSWMM::Render::IFeatureRenderer>);
      |                  ^
6 warnings generated.
[178/375] Building CXX object tests/gui/CMakeFiles/test_attrtableperf_baseline.dir/__/__/src/ui/dialogs/addbasemapdialog.cpp.o
In file included from /Users/calebbuahin/Documents/Projects/cbuahin_github/openswmm.gui/src/ui/dialogs/addbasemapdialog.cpp:26:
In file included from /Users/calebbuahin/Documents/Projects/cbuahin_github/openswmm.gui/include/layers/wfslayer.h:27:
/Users/calebbuahin/Documents/Projects/cbuahin_github/openswmm.gui/include/layers/gisvectorlayer.h:270:55: warning: 'renderer' overrides a member function but is not marked 'override' [-Winconsistent-missing-override]
  270 |     [[nodiscard]] OpenSWMM::Render::IFeatureRenderer *renderer() const;
      |                                                       ^
/Users/calebbuahin/Documents/Projects/cbuahin_github/openswmm.gui/include/layers/openswmmvislayer.h:434:63: note: overridden virtual function is here
  434 |     [[nodiscard]] virtual OpenSWMM::Render::IFeatureRenderer *renderer() const { return nullptr; }
      |                                                               ^
In file included from /Users/calebbuahin/Documents/Projects/cbuahin_github/openswmm.gui/src/ui/dialogs/addbasemapdialog.cpp:26:
In file included from /Users/calebbuahin/Documents/Projects/cbuahin_github/openswmm.gui/include/layers/wfslayer.h:27:
/Users/calebbuahin/Documents/Projects/cbuahin_github/openswmm.gui/include/layers/gisvectorlayer.h:278:10: warning: 'setRenderer' overrides a member function but is not marked 'override' [-Winconsistent-missing-override]
  278 |     void setRenderer(std::unique_ptr<OpenSWMM::Render::IFeatureRenderer> r);
      |          ^
/Users/calebbuahin/Documents/Projects/cbuahin_github/openswmm.gui/include/layers/openswmmvislayer.h:440:18: note: overridden virtual function is here
  440 |     virtual void setRenderer(std::unique_ptr<OpenSWMM::Render::IFeatureRenderer>);
      |                  ^
2 warnings generated.
[179/375] Building CXX object tests/gui/CMakeFiles/test_attrtableperf_baseline.dir/__/__/src/ui/widgets/basemaphttpheaderswidget.cpp.o
[180/375] Building CXX object tests/gui/CMakeFiles/test_meshperf_baseline.dir/__/__/src/swmmvis.cpp.o
In file included from /Users/calebbuahin/Documents/Projects/cbuahin_github/openswmm.gui/src/swmmvis.cpp:76:
In file included from /Users/calebbuahin/Documents/Projects/cbuahin_github/openswmm.gui/include/ui/dialogs/sublayerselectiondialog.h:19:
/Users/calebbuahin/Documents/Projects/cbuahin_github/openswmm.gui/include/layers/gisvectorlayer.h:270:55: warning: 'renderer' overrides a member function but is not marked 'override' [-Winconsistent-missing-override]
  270 |     [[nodiscard]] OpenSWMM::Render::IFeatureRenderer *renderer() const;
      |                                                       ^
/Users/calebbuahin/Documents/Projects/cbuahin_github/openswmm.gui/include/layers/openswmmvislayer.h:434:63: note: overridden virtual function is here
  434 |     [[nodiscard]] virtual OpenSWMM::Render::IFeatureRenderer *renderer() const { return nullptr; }
      |                                                               ^
In file included from /Users/calebbuahin/Documents/Projects/cbuahin_github/openswmm.gui/src/swmmvis.cpp:76:
In file included from /Users/calebbuahin/Documents/Projects/cbuahin_github/openswmm.gui/include/ui/dialogs/sublayerselectiondialog.h:19:
/Users/calebbuahin/Documents/Projects/cbuahin_github/openswmm.gui/include/layers/gisvectorlayer.h:278:10: warning: 'setRenderer' overrides a member function but is not marked 'override' [-Winconsistent-missing-override]
  278 |     void setRenderer(std::unique_ptr<OpenSWMM::Render::IFeatureRenderer> r);
      |          ^
/Users/calebbuahin/Documents/Projects/cbuahin_github/openswmm.gui/include/layers/openswmmvislayer.h:440:18: note: overridden virtual function is here
  440 |     virtual void setRenderer(std::unique_ptr<OpenSWMM::Render::IFeatureRenderer>);
      |                  ^
In file included from /Users/calebbuahin/Documents/Projects/cbuahin_github/openswmm.gui/src/swmmvis.cpp:89:
/Users/calebbuahin/Documents/Projects/cbuahin_github/openswmm.gui/include/core/swmmdatetime.h:61:12: warning: 'QDateTime' is deprecated: Pass QTimeZone instead [-Wdeprecated-declarations]
   61 |     return QDateTime(date, QTime(h, mi, s), Qt::UTC);
      |            ^
/Users/calebbuahin/Qt/6.9.3/macos/lib/QtCore.framework/Headers/qdatetime.h:361:5: note: 'QDateTime' has been explicitly marked deprecated here
  361 |     QT_DEPRECATED_VERSION_X_6_9("Pass QTimeZone instead")
      |     ^
/Users/calebbuahin/Qt/6.9.3/macos/lib/QtCore.framework/Headers/qtdeprecationmarkers.h:213:44: note: expanded from macro 'QT_DEPRECATED_VERSION_X_6_9'
  213 | # define QT_DEPRECATED_VERSION_X_6_9(text) QT_DEPRECATED_X(text)
      |                                            ^
/Users/calebbuahin/Qt/6.9.3/macos/lib/QtCore.framework/Headers/qtdeprecationmarkers.h:29:33: note: expanded from macro 'QT_DEPRECATED_X'
   29 | #  define QT_DEPRECATED_X(text) Q_DECL_DEPRECATED_X(text)
      |                                 ^
/Users/calebbuahin/Qt/6.9.3/macos/lib/QtCore.framework/Headers/qcompilerdetection.h:1011:36: note: expanded from macro 'Q_DECL_DEPRECATED_X'
 1011 | #  define Q_DECL_DEPRECATED_X(x) [[deprecated(x)]]
      |                                    ^
In file included from /Users/calebbuahin/Documents/Projects/cbuahin_github/openswmm.gui/src/swmmvis.cpp:89:
/Users/calebbuahin/Documents/Projects/cbuahin_github/openswmm.gui/include/core/swmmdatetime.h:61:12: warning: 'QDateTime' is deprecated: Pass QTimeZone instead [-Wdeprecated-declarations]
   61 |     return QDateTime(date, QTime(h, mi, s), Qt::UTC);
      |            ^
/Users/calebbuahin/Qt/6.9.3/macos/lib/QtCore.framework/Headers/qdatetime.h:361:5: note: 'QDateTime' has been explicitly marked deprecated here
  361 |     QT_DEPRECATED_VERSION_X_6_9("Pass QTimeZone instead")
      |     ^
/Users/calebbuahin/Qt/6.9.3/macos/lib/QtCore.framework/Headers/qtdeprecationmarkers.h:213:44: note: expanded from macro 'QT_DEPRECATED_VERSION_X_6_9'
  213 | # define QT_DEPRECATED_VERSION_X_6_9(text) QT_DEPRECATED_X(text)
      |                                            ^
/Users/calebbuahin/Qt/6.9.3/macos/lib/QtCore.framework/Headers/qtdeprecationmarkers.h:29:33: note: expanded from macro 'QT_DEPRECATED_X'
   29 | #  define QT_DEPRECATED_X(text) Q_DECL_DEPRECATED_X(text)
      |                                 ^
/Users/calebbuahin/Qt/6.9.3/macos/lib/QtCore.framework/Headers/qcompilerdetection.h:1011:36: note: expanded from macro 'Q_DECL_DEPRECATED_X'
 1011 | #  define Q_DECL_DEPRECATED_X(x) [[deprecated(x)]]
      |                                    ^
In file included from /Users/calebbuahin/Documents/Projects/cbuahin_github/openswmm.gui/src/swmmvis.cpp:136:
/Users/calebbuahin/Documents/Projects/cbuahin_github/openswmm.gui/include/layers/swmmresultslayer.h:408:55: warning: 'renderer' overrides a member function but is not marked 'override' [-Winconsistent-missing-override]
  408 |     [[nodiscard]] OpenSWMM::Render::IFeatureRenderer *renderer() const;
      |                                                       ^
/Users/calebbuahin/Documents/Projects/cbuahin_github/openswmm.gui/include/layers/openswmmvislayer.h:434:63: note: overridden virtual function is here
  434 |     [[nodiscard]] virtual OpenSWMM::Render::IFeatureRenderer *renderer() const { return nullptr; }
      |                                                               ^
In file included from /Users/calebbuahin/Documents/Projects/cbuahin_github/openswmm.gui/src/swmmvis.cpp:136:
/Users/calebbuahin/Documents/Projects/cbuahin_github/openswmm.gui/include/layers/swmmresultslayer.h:417:10: warning: 'setRenderer' overrides a member function but is not marked 'override' [-Winconsistent-missing-override]
  417 |     void setRenderer(std::unique_ptr<OpenSWMM::Render::IFeatureRenderer> r);
      |          ^
/Users/calebbuahin/Documents/Projects/cbuahin_github/openswmm.gui/include/layers/openswmmvislayer.h:440:18: note: overridden virtual function is here
  440 |     virtual void setRenderer(std::unique_ptr<OpenSWMM::Render::IFeatureRenderer>);
      |                  ^
In file included from /Users/calebbuahin/Documents/Projects/cbuahin_github/openswmm.gui/src/swmmvis.cpp:194:
/Users/calebbuahin/Documents/Projects/cbuahin_github/openswmm.gui/include/layers/swmm2dresultslayer.h:544:55: warning: 'renderer' overrides a member function but is not marked 'override' [-Winconsistent-missing-override]
  544 |     [[nodiscard]] OpenSWMM::Render::IFeatureRenderer *renderer() const;
      |                                                       ^
/Users/calebbuahin/Documents/Projects/cbuahin_github/openswmm.gui/include/layers/openswmmvislayer.h:434:63: note: overridden virtual function is here
  434 |     [[nodiscard]] virtual OpenSWMM::Render::IFeatureRenderer *renderer() const { return nullptr; }
      |                                                               ^
In file included from /Users/calebbuahin/Documents/Projects/cbuahin_github/openswmm.gui/src/swmmvis.cpp:194:
/Users/calebbuahin/Documents/Projects/cbuahin_github/openswmm.gui/include/layers/swmm2dresultslayer.h:552:10: warning: 'setRenderer' overrides a member function but is not marked 'override' [-Winconsistent-missing-override]
  552 |     void setRenderer(std::unique_ptr<OpenSWMM::Render::IFeatureRenderer> r);
      |          ^
/Users/calebbuahin/Documents/Projects/cbuahin_github/openswmm.gui/include/layers/openswmmvislayer.h:440:18: note: overridden virtual function is here
  440 |     virtual void setRenderer(std::unique_ptr<OpenSWMM::Render::IFeatureRenderer>);
      |                  ^
8 warnings generated.
[181/375] Building CXX object tests/gui/CMakeFiles/test_a11y_scene_exposure.dir/test_a11y_scene_exposure_autogen/mocs_compilation.cpp.o
In file included from /Users/calebbuahin/Documents/Projects/cbuahin_github/openswmm.gui/build/tests/gui/test_a11y_scene_exposure_autogen/mocs_compilation.cpp:2:
In file included from /Users/calebbuahin/Documents/Projects/cbuahin_github/openswmm.gui/build/tests/gui/test_a11y_scene_exposure_autogen/MAYCBHTXLP/moc_animationcontroller.cpp:9:
In file included from /Users/calebbuahin/Documents/Projects/cbuahin_github/openswmm.gui/build/tests/gui/test_a11y_scene_exposure_autogen/MAYCBHTXLP/../../../../../include/animation/animationcontroller.h:33:
/Users/calebbuahin/Documents/Projects/cbuahin_github/openswmm.gui/include/layers/swmm2dresultslayer.h:544:55: warning: 'renderer' overrides a member function but is not marked 'override' [-Winconsistent-missing-override]
  544 |     [[nodiscard]] OpenSWMM::Render::IFeatureRenderer *renderer() const;
      |                                                       ^
/Users/calebbuahin/Documents/Projects/cbuahin_github/openswmm.gui/include/layers/openswmmvislayer.h:434:63: note: overridden virtual function is here
  434 |     [[nodiscard]] virtual OpenSWMM::Render::IFeatureRenderer *renderer() const { return nullptr; }
      |                                                               ^
In file included from /Users/calebbuahin/Documents/Projects/cbuahin_github/openswmm.gui/build/tests/gui/test_a11y_scene_exposure_autogen/mocs_compilation.cpp:2:
In file included from /Users/calebbuahin/Documents/Projects/cbuahin_github/openswmm.gui/build/tests/gui/test_a11y_scene_exposure_autogen/MAYCBHTXLP/moc_animationcontroller.cpp:9:
In file included from /Users/calebbuahin/Documents/Projects/cbuahin_github/openswmm.gui/build/tests/gui/test_a11y_scene_exposure_autogen/MAYCBHTXLP/../../../../../include/animation/animationcontroller.h:33:
/Users/calebbuahin/Documents/Projects/cbuahin_github/openswmm.gui/include/layers/swmm2dresultslayer.h:552:10: warning: 'setRenderer' overrides a member function but is not marked 'override' [-Winconsistent-missing-override]
  552 |     void setRenderer(std::unique_ptr<OpenSWMM::Render::IFeatureRenderer> r);
      |          ^
/Users/calebbuahin/Documents/Projects/cbuahin_github/openswmm.gui/include/layers/openswmmvislayer.h:440:18: note: overridden virtual function is here
  440 |     virtual void setRenderer(std::unique_ptr<OpenSWMM::Render::IFeatureRenderer>);
      |                  ^
In file included from /Users/calebbuahin/Documents/Projects/cbuahin_github/openswmm.gui/build/tests/gui/test_a11y_scene_exposure_autogen/mocs_compilation.cpp:28:
In file included from /Users/calebbuahin/Documents/Projects/cbuahin_github/openswmm.gui/build/tests/gui/test_a11y_scene_exposure_autogen/COIIM6MLNP/moc_gisvectorlayer.cpp:9:
/Users/calebbuahin/Documents/Projects/cbuahin_github/openswmm.gui/build/tests/gui/test_a11y_scene_exposure_autogen/COIIM6MLNP/../../../../../include/layers/gisvectorlayer.h:270:55: warning: 'renderer' overrides a member function but is not marked 'override' [-Winconsistent-missing-override]
  270 |     [[nodiscard]] OpenSWMM::Render::IFeatureRenderer *renderer() const;
      |                                                       ^
/Users/calebbuahin/Documents/Projects/cbuahin_github/openswmm.gui/include/layers/openswmmvislayer.h:434:63: note: overridden virtual function is here
  434 |     [[nodiscard]] virtual OpenSWMM::Render::IFeatureRenderer *renderer() const { return nullptr; }
      |                                                               ^
In file included from /Users/calebbuahin/Documents/Projects/cbuahin_github/openswmm.gui/build/tests/gui/test_a11y_scene_exposure_autogen/mocs_compilation.cpp:28:
In file included from /Users/calebbuahin/Documents/Projects/cbuahin_github/openswmm.gui/build/tests/gui/test_a11y_scene_exposure_autogen/COIIM6MLNP/moc_gisvectorlayer.cpp:9:
/Users/calebbuahin/Documents/Projects/cbuahin_github/openswmm.gui/build/tests/gui/test_a11y_scene_exposure_autogen/COIIM6MLNP/../../../../../include/layers/gisvectorlayer.h:278:10: warning: 'setRenderer' overrides a member function but is not marked 'override' [-Winconsistent-missing-override]
  278 |     void setRenderer(std::unique_ptr<OpenSWMM::Render::IFeatureRenderer> r);
      |          ^
/Users/calebbuahin/Documents/Projects/cbuahin_github/openswmm.gui/include/layers/openswmmvislayer.h:440:18: note: overridden virtual function is here
  440 |     virtual void setRenderer(std::unique_ptr<OpenSWMM::Render::IFeatureRenderer>);
      |                  ^
In file included from /Users/calebbuahin/Documents/Projects/cbuahin_github/openswmm.gui/build/tests/gui/test_a11y_scene_exposure_autogen/mocs_compilation.cpp:36:
In file included from /Users/calebbuahin/Documents/Projects/cbuahin_github/openswmm.gui/build/tests/gui/test_a11y_scene_exposure_autogen/COIIM6MLNP/moc_swmmresultslayer.cpp:9:
/Users/calebbuahin/Documents/Projects/cbuahin_github/openswmm.gui/build/tests/gui/test_a11y_scene_exposure_autogen/COIIM6MLNP/../../../../../include/layers/swmmresultslayer.h:408:55: warning: 'renderer' overrides a member function but is not marked 'override' [-Winconsistent-missing-override]
  408 |     [[nodiscard]] OpenSWMM::Render::IFeatureRenderer *renderer() const;
      |                                                       ^
/Users/calebbuahin/Documents/Projects/cbuahin_github/openswmm.gui/include/layers/openswmmvislayer.h:434:63: note: overridden virtual function is here
  434 |     [[nodiscard]] virtual OpenSWMM::Render::IFeatureRenderer *renderer() const { return nullptr; }
      |                                                               ^
In file included from /Users/calebbuahin/Documents/Projects/cbuahin_github/openswmm.gui/build/tests/gui/test_a11y_scene_exposure_autogen/mocs_compilation.cpp:36:
In file included from /Users/calebbuahin/Documents/Projects/cbuahin_github/openswmm.gui/build/tests/gui/test_a11y_scene_exposure_autogen/COIIM6MLNP/moc_swmmresultslayer.cpp:9:
/Users/calebbuahin/Documents/Projects/cbuahin_github/openswmm.gui/build/tests/gui/test_a11y_scene_exposure_autogen/COIIM6MLNP/../../../../../include/layers/swmmresultslayer.h:417:10: warning: 'setRenderer' overrides a member function but is not marked 'override' [-Winconsistent-missing-override]
  417 |     void setRenderer(std::unique_ptr<OpenSWMM::Render::IFeatureRenderer> r);
      |          ^
/Users/calebbuahin/Documents/Projects/cbuahin_github/openswmm.gui/include/layers/openswmmvislayer.h:440:18: note: overridden virtual function is here
  440 |     virtual void setRenderer(std::unique_ptr<OpenSWMM::Render::IFeatureRenderer>);
      |                  ^
6 warnings generated.
[182/375] Building CXX object tests/gui/CMakeFiles/test_meshasyncload.dir/__/__/src/connections/basemapconnectionstore.cpp.o
[183/375] Building CXX object tests/gui/CMakeFiles/test_meshasyncload.dir/__/__/src/layers/xyztilelayer.cpp.o
[184/375] Building CXX object tests/gui/CMakeFiles/test_meshasyncload.dir/__/__/src/map/mapcanvas.cpp.o
In file included from /Users/calebbuahin/Documents/Projects/cbuahin_github/openswmm.gui/src/map/mapcanvas.cpp:20:
/Users/calebbuahin/Documents/Projects/cbuahin_github/openswmm.gui/include/layers/gisvectorlayer.h:270:55: warning: 'renderer' overrides a member function but is not marked 'override' [-Winconsistent-missing-override]
  270 |     [[nodiscard]] OpenSWMM::Render::IFeatureRenderer *renderer() const;
      |                                                       ^
/Users/calebbuahin/Documents/Projects/cbuahin_github/openswmm.gui/include/layers/openswmmvislayer.h:434:63: note: overridden virtual function is here
  434 |     [[nodiscard]] virtual OpenSWMM::Render::IFeatureRenderer *renderer() const { return nullptr; }
      |                                                               ^
In file included from /Users/calebbuahin/Documents/Projects/cbuahin_github/openswmm.gui/src/map/mapcanvas.cpp:20:
/Users/calebbuahin/Documents/Projects/cbuahin_github/openswmm.gui/include/layers/gisvectorlayer.h:278:10: warning: 'setRenderer' overrides a member function but is not marked 'override' [-Winconsistent-missing-override]
  278 |     void setRenderer(std::unique_ptr<OpenSWMM::Render::IFeatureRenderer> r);
      |          ^
/Users/calebbuahin/Documents/Projects/cbuahin_github/openswmm.gui/include/layers/openswmmvislayer.h:440:18: note: overridden virtual function is here
  440 |     virtual void setRenderer(std::unique_ptr<OpenSWMM::Render::IFeatureRenderer>);
      |                  ^
In file included from /Users/calebbuahin/Documents/Projects/cbuahin_github/openswmm.gui/src/map/mapcanvas.cpp:31:
/Users/calebbuahin/Documents/Projects/cbuahin_github/openswmm.gui/include/layers/swmm2dresultslayer.h:544:55: warning: 'renderer' overrides a member function but is not marked 'override' [-Winconsistent-missing-override]
  544 |     [[nodiscard]] OpenSWMM::Render::IFeatureRenderer *renderer() const;
      |                                                       ^
/Users/calebbuahin/Documents/Projects/cbuahin_github/openswmm.gui/include/layers/openswmmvislayer.h:434:63: note: overridden virtual function is here
  434 |     [[nodiscard]] virtual OpenSWMM::Render::IFeatureRenderer *renderer() const { return nullptr; }
      |                                                               ^
In file included from /Users/calebbuahin/Documents/Projects/cbuahin_github/openswmm.gui/src/map/mapcanvas.cpp:31:
/Users/calebbuahin/Documents/Projects/cbuahin_github/openswmm.gui/include/layers/swmm2dresultslayer.h:552:10: warning: 'setRenderer' overrides a member function but is not marked 'override' [-Winconsistent-missing-override]
  552 |     void setRenderer(std::unique_ptr<OpenSWMM::Render::IFeatureRenderer> r);
      |          ^
/Users/calebbuahin/Documents/Projects/cbuahin_github/openswmm.gui/include/layers/openswmmvislayer.h:440:18: note: overridden virtual function is here
  440 |     virtual void setRenderer(std::unique_ptr<OpenSWMM::Render::IFeatureRenderer>);
      |                  ^
4 warnings generated.
[185/375] Building CXX object tests/gui/CMakeFiles/test_meshasyncload.dir/__/__/src/project/projectserializer.cpp.o
In file included from /Users/calebbuahin/Documents/Projects/cbuahin_github/openswmm.gui/src/project/projectserializer.cpp:12:
/Users/calebbuahin/Documents/Projects/cbuahin_github/openswmm.gui/include/layers/gisvectorlayer.h:270:55: warning: 'renderer' overrides a member function but is not marked 'override' [-Winconsistent-missing-override]
  270 |     [[nodiscard]] OpenSWMM::Render::IFeatureRenderer *renderer() const;
      |                                                       ^
/Users/calebbuahin/Documents/Projects/cbuahin_github/openswmm.gui/include/layers/openswmmvislayer.h:434:63: note: overridden virtual function is here
  434 |     [[nodiscard]] virtual OpenSWMM::Render::IFeatureRenderer *renderer() const { return nullptr; }
      |                                                               ^
In file included from /Users/calebbuahin/Documents/Projects/cbuahin_github/openswmm.gui/src/project/projectserializer.cpp:12:
/Users/calebbuahin/Documents/Projects/cbuahin_github/openswmm.gui/include/layers/gisvectorlayer.h:278:10: warning: 'setRenderer' overrides a member function but is not marked 'override' [-Winconsistent-missing-override]
  278 |     void setRenderer(std::unique_ptr<OpenSWMM::Render::IFeatureRenderer> r);
      |          ^
/Users/calebbuahin/Documents/Projects/cbuahin_github/openswmm.gui/include/layers/openswmmvislayer.h:440:18: note: overridden virtual function is here
  440 |     virtual void setRenderer(std::unique_ptr<OpenSWMM::Render::IFeatureRenderer>);
      |                  ^
In file included from /Users/calebbuahin/Documents/Projects/cbuahin_github/openswmm.gui/src/project/projectserializer.cpp:15:
/Users/calebbuahin/Documents/Projects/cbuahin_github/openswmm.gui/include/layers/swmm2dresultslayer.h:544:55: warning: 'renderer' overrides a member function but is not marked 'override' [-Winconsistent-missing-override]
  544 |     [[nodiscard]] OpenSWMM::Render::IFeatureRenderer *renderer() const;
      |                                                       ^
/Users/calebbuahin/Documents/Projects/cbuahin_github/openswmm.gui/include/layers/openswmmvislayer.h:434:63: note: overridden virtual function is here
  434 |     [[nodiscard]] virtual OpenSWMM::Render::IFeatureRenderer *renderer() const { return nullptr; }
      |                                                               ^
In file included from /Users/calebbuahin/Documents/Projects/cbuahin_github/openswmm.gui/src/project/projectserializer.cpp:15:
/Users/calebbuahin/Documents/Projects/cbuahin_github/openswmm.gui/include/layers/swmm2dresultslayer.h:552:10: warning: 'setRenderer' overrides a member function but is not marked 'override' [-Winconsistent-missing-override]
  552 |     void setRenderer(std::unique_ptr<OpenSWMM::Render::IFeatureRenderer> r);
      |          ^
/Users/calebbuahin/Documents/Projects/cbuahin_github/openswmm.gui/include/layers/openswmmvislayer.h:440:18: note: overridden virtual function is here
  440 |     virtual void setRenderer(std::unique_ptr<OpenSWMM::Render::IFeatureRenderer>);
      |                  ^
In file included from /Users/calebbuahin/Documents/Projects/cbuahin_github/openswmm.gui/src/project/projectserializer.cpp:17:
/Users/calebbuahin/Documents/Projects/cbuahin_github/openswmm.gui/include/layers/swmmresultslayer.h:408:55: warning: 'renderer' overrides a member function but is not marked 'override' [-Winconsistent-missing-override]
  408 |     [[nodiscard]] OpenSWMM::Render::IFeatureRenderer *renderer() const;
      |                                                       ^
/Users/calebbuahin/Documents/Projects/cbuahin_github/openswmm.gui/include/layers/openswmmvislayer.h:434:63: note: overridden virtual function is here
  434 |     [[nodiscard]] virtual OpenSWMM::Render::IFeatureRenderer *renderer() const { return nullptr; }
      |                                                               ^
In file included from /Users/calebbuahin/Documents/Projects/cbuahin_github/openswmm.gui/src/project/projectserializer.cpp:17:
/Users/calebbuahin/Documents/Projects/cbuahin_github/openswmm.gui/include/layers/swmmresultslayer.h:417:10: warning: 'setRenderer' overrides a member function but is not marked 'override' [-Winconsistent-missing-override]
  417 |     void setRenderer(std::unique_ptr<OpenSWMM::Render::IFeatureRenderer> r);
      |          ^
/Users/calebbuahin/Documents/Projects/cbuahin_github/openswmm.gui/include/layers/openswmmvislayer.h:440:18: note: overridden virtual function is here
  440 |     virtual void setRenderer(std::unique_ptr<OpenSWMM::Render::IFeatureRenderer>);
      |                  ^
6 warnings generated.
[186/375] Building CXX object tests/gui/CMakeFiles/test_meshasyncload.dir/__/__/src/ui/dialogs/layerstyledialog.cpp.o
In file included from /Users/calebbuahin/Documents/Projects/cbuahin_github/openswmm.gui/src/ui/dialogs/layerstyledialog.cpp:24:
/Users/calebbuahin/Documents/Projects/cbuahin_github/openswmm.gui/include/layers/gisvectorlayer.h:270:55: warning: 'renderer' overrides a member function but is not marked 'override' [-Winconsistent-missing-override]
  270 |     [[nodiscard]] OpenSWMM::Render::IFeatureRenderer *renderer() const;
      |                                                       ^
/Users/calebbuahin/Documents/Projects/cbuahin_github/openswmm.gui/include/layers/openswmmvislayer.h:434:63: note: overridden virtual function is here
  434 |     [[nodiscard]] virtual OpenSWMM::Render::IFeatureRenderer *renderer() const { return nullptr; }
      |                                                               ^
In file included from /Users/calebbuahin/Documents/Projects/cbuahin_github/openswmm.gui/src/ui/dialogs/layerstyledialog.cpp:24:
/Users/calebbuahin/Documents/Projects/cbuahin_github/openswmm.gui/include/layers/gisvectorlayer.h:278:10: warning: 'setRenderer' overrides a member function but is not marked 'override' [-Winconsistent-missing-override]
  278 |     void setRenderer(std::unique_ptr<OpenSWMM::Render::IFeatureRenderer> r);
      |          ^
/Users/calebbuahin/Documents/Projects/cbuahin_github/openswmm.gui/include/layers/openswmmvislayer.h:440:18: note: overridden virtual function is here
  440 |     virtual void setRenderer(std::unique_ptr<OpenSWMM::Render::IFeatureRenderer>);
      |                  ^
In file included from /Users/calebbuahin/Documents/Projects/cbuahin_github/openswmm.gui/src/ui/dialogs/layerstyledialog.cpp:27:
/Users/calebbuahin/Documents/Projects/cbuahin_github/openswmm.gui/include/layers/swmmresultslayer.h:408:55: warning: 'renderer' overrides a member function but is not marked 'override' [-Winconsistent-missing-override]
  408 |     [[nodiscard]] OpenSWMM::Render::IFeatureRenderer *renderer() const;
      |                                                       ^
/Users/calebbuahin/Documents/Projects/cbuahin_github/openswmm.gui/include/layers/openswmmvislayer.h:434:63: note: overridden virtual function is here
  434 |     [[nodiscard]] virtual OpenSWMM::Render::IFeatureRenderer *renderer() const { return nullptr; }
      |                                                               ^
In file included from /Users/calebbuahin/Documents/Projects/cbuahin_github/openswmm.gui/src/ui/dialogs/layerstyledialog.cpp:27:
/Users/calebbuahin/Documents/Projects/cbuahin_github/openswmm.gui/include/layers/swmmresultslayer.h:417:10: warning: 'setRenderer' overrides a member function but is not marked 'override' [-Winconsistent-missing-override]
  417 |     void setRenderer(std::unique_ptr<OpenSWMM::Render::IFeatureRenderer> r);
      |          ^
/Users/calebbuahin/Documents/Projects/cbuahin_github/openswmm.gui/include/layers/openswmmvislayer.h:440:18: note: overridden virtual function is here
  440 |     virtual void setRenderer(std::unique_ptr<OpenSWMM::Render::IFeatureRenderer>);
      |                  ^
In file included from /Users/calebbuahin/Documents/Projects/cbuahin_github/openswmm.gui/src/ui/dialogs/layerstyledialog.cpp:28:
/Users/calebbuahin/Documents/Projects/cbuahin_github/openswmm.gui/include/layers/swmm2dresultslayer.h:544:55: warning: 'renderer' overrides a member function but is not marked 'override' [-Winconsistent-missing-override]
  544 |     [[nodiscard]] OpenSWMM::Render::IFeatureRenderer *renderer() const;
      |                                                       ^
/Users/calebbuahin/Documents/Projects/cbuahin_github/openswmm.gui/include/layers/openswmmvislayer.h:434:63: note: overridden virtual function is here
  434 |     [[nodiscard]] virtual OpenSWMM::Render::IFeatureRenderer *renderer() const { return nullptr; }
      |                                                               ^
In file included from /Users/calebbuahin/Documents/Projects/cbuahin_github/openswmm.gui/src/ui/dialogs/layerstyledialog.cpp:28:
/Users/calebbuahin/Documents/Projects/cbuahin_github/openswmm.gui/include/layers/swmm2dresultslayer.h:552:10: warning: 'setRenderer' overrides a member function but is not marked 'override' [-Winconsistent-missing-override]
  552 |     void setRenderer(std::unique_ptr<OpenSWMM::Render::IFeatureRenderer> r);
      |          ^
/Users/calebbuahin/Documents/Projects/cbuahin_github/openswmm.gui/include/layers/openswmmvislayer.h:440:18: note: overridden virtual function is here
  440 |     virtual void setRenderer(std::unique_ptr<OpenSWMM::Render::IFeatureRenderer>);
      |                  ^
6 warnings generated.
[187/375] Building CXX object tests/gui/CMakeFiles/test_meshasyncload.dir/__/__/src/ui/dialogs/addbasemapdialog.cpp.o
In file included from /Users/calebbuahin/Documents/Projects/cbuahin_github/openswmm.gui/src/ui/dialogs/addbasemapdialog.cpp:26:
In file included from /Users/calebbuahin/Documents/Projects/cbuahin_github/openswmm.gui/include/layers/wfslayer.h:27:
/Users/calebbuahin/Documents/Projects/cbuahin_github/openswmm.gui/include/layers/gisvectorlayer.h:270:55: warning: 'renderer' overrides a member function but is not marked 'override' [-Winconsistent-missing-override]
  270 |     [[nodiscard]] OpenSWMM::Render::IFeatureRenderer *renderer() const;
      |                                                       ^
/Users/calebbuahin/Documents/Projects/cbuahin_github/openswmm.gui/include/layers/openswmmvislayer.h:434:63: note: overridden virtual function is here
  434 |     [[nodiscard]] virtual OpenSWMM::Render::IFeatureRenderer *renderer() const { return nullptr; }
      |                                                               ^
In file included from /Users/calebbuahin/Documents/Projects/cbuahin_github/openswmm.gui/src/ui/dialogs/addbasemapdialog.cpp:26:
In file included from /Users/calebbuahin/Documents/Projects/cbuahin_github/openswmm.gui/include/layers/wfslayer.h:27:
/Users/calebbuahin/Documents/Projects/cbuahin_github/openswmm.gui/include/layers/gisvectorlayer.h:278:10: warning: 'setRenderer' overrides a member function but is not marked 'override' [-Winconsistent-missing-override]
  278 |     void setRenderer(std::unique_ptr<OpenSWMM::Render::IFeatureRenderer> r);
      |          ^
/Users/calebbuahin/Documents/Projects/cbuahin_github/openswmm.gui/include/layers/openswmmvislayer.h:440:18: note: overridden virtual function is here
  440 |     virtual void setRenderer(std::unique_ptr<OpenSWMM::Render::IFeatureRenderer>);
      |                  ^
2 warnings generated.
[188/375] Building CXX object tests/gui/CMakeFiles/test_meshasyncload.dir/__/__/src/ui/widgets/basemaphttpheaderswidget.cpp.o
[189/375] Building CXX object tests/gui/CMakeFiles/test_linkgrid_outliers.dir/test_linkgrid_outliers_autogen/mocs_compilation.cpp.o
In file included from /Users/calebbuahin/Documents/Projects/cbuahin_github/openswmm.gui/build/tests/gui/test_linkgrid_outliers_autogen/mocs_compilation.cpp:2:
In file included from /Users/calebbuahin/Documents/Projects/cbuahin_github/openswmm.gui/build/tests/gui/test_linkgrid_outliers_autogen/MAYCBHTXLP/moc_animationcontroller.cpp:9:
In file included from /Users/calebbuahin/Documents/Projects/cbuahin_github/openswmm.gui/build/tests/gui/test_linkgrid_outliers_autogen/MAYCBHTXLP/../../../../../include/animation/animationcontroller.h:33:
/Users/calebbuahin/Documents/Projects/cbuahin_github/openswmm.gui/include/layers/swmm2dresultslayer.h:544:55: warning: 'renderer' overrides a member function but is not marked 'override' [-Winconsistent-missing-override]
  544 |     [[nodiscard]] OpenSWMM::Render::IFeatureRenderer *renderer() const;
      |                                                       ^
/Users/calebbuahin/Documents/Projects/cbuahin_github/openswmm.gui/include/layers/openswmmvislayer.h:434:63: note: overridden virtual function is here
  434 |     [[nodiscard]] virtual OpenSWMM::Render::IFeatureRenderer *renderer() const { return nullptr; }
      |                                                               ^
In file included from /Users/calebbuahin/Documents/Projects/cbuahin_github/openswmm.gui/build/tests/gui/test_linkgrid_outliers_autogen/mocs_compilation.cpp:2:
In file included from /Users/calebbuahin/Documents/Projects/cbuahin_github/openswmm.gui/build/tests/gui/test_linkgrid_outliers_autogen/MAYCBHTXLP/moc_animationcontroller.cpp:9:
In file included from /Users/calebbuahin/Documents/Projects/cbuahin_github/openswmm.gui/build/tests/gui/test_linkgrid_outliers_autogen/MAYCBHTXLP/../../../../../include/animation/animationcontroller.h:33:
/Users/calebbuahin/Documents/Projects/cbuahin_github/openswmm.gui/include/layers/swmm2dresultslayer.h:552:10: warning: 'setRenderer' overrides a member function but is not marked 'override' [-Winconsistent-missing-override]
  552 |     void setRenderer(std::unique_ptr<OpenSWMM::Render::IFeatureRenderer> r);
      |          ^
/Users/calebbuahin/Documents/Projects/cbuahin_github/openswmm.gui/include/layers/openswmmvislayer.h:440:18: note: overridden virtual function is here
  440 |     virtual void setRenderer(std::unique_ptr<OpenSWMM::Render::IFeatureRenderer>);
      |                  ^
In file included from /Users/calebbuahin/Documents/Projects/cbuahin_github/openswmm.gui/build/tests/gui/test_linkgrid_outliers_autogen/mocs_compilation.cpp:28:
In file included from /Users/calebbuahin/Documents/Projects/cbuahin_github/openswmm.gui/build/tests/gui/test_linkgrid_outliers_autogen/COIIM6MLNP/moc_gisvectorlayer.cpp:9:
/Users/calebbuahin/Documents/Projects/cbuahin_github/openswmm.gui/build/tests/gui/test_linkgrid_outliers_autogen/COIIM6MLNP/../../../../../include/layers/gisvectorlayer.h:270:55: warning: 'renderer' overrides a member function but is not marked 'override' [-Winconsistent-missing-override]
  270 |     [[nodiscard]] OpenSWMM::Render::IFeatureRenderer *renderer() const;
      |                                                       ^
/Users/calebbuahin/Documents/Projects/cbuahin_github/openswmm.gui/include/layers/openswmmvislayer.h:434:63: note: overridden virtual function is here
  434 |     [[nodiscard]] virtual OpenSWMM::Render::IFeatureRenderer *renderer() const { return nullptr; }
      |                                                               ^
In file included from /Users/calebbuahin/Documents/Projects/cbuahin_github/openswmm.gui/build/tests/gui/test_linkgrid_outliers_autogen/mocs_compilation.cpp:28:
In file included from /Users/calebbuahin/Documents/Projects/cbuahin_github/openswmm.gui/build/tests/gui/test_linkgrid_outliers_autogen/COIIM6MLNP/moc_gisvectorlayer.cpp:9:
/Users/calebbuahin/Documents/Projects/cbuahin_github/openswmm.gui/build/tests/gui/test_linkgrid_outliers_autogen/COIIM6MLNP/../../../../../include/layers/gisvectorlayer.h:278:10: warning: 'setRenderer' overrides a member function but is not marked 'override' [-Winconsistent-missing-override]
  278 |     void setRenderer(std::unique_ptr<OpenSWMM::Render::IFeatureRenderer> r);
      |          ^
/Users/calebbuahin/Documents/Projects/cbuahin_github/openswmm.gui/include/layers/openswmmvislayer.h:440:18: note: overridden virtual function is here
  440 |     virtual void setRenderer(std::unique_ptr<OpenSWMM::Render::IFeatureRenderer>);
      |                  ^
In file included from /Users/calebbuahin/Documents/Projects/cbuahin_github/openswmm.gui/build/tests/gui/test_linkgrid_outliers_autogen/mocs_compilation.cpp:36:
In file included from /Users/calebbuahin/Documents/Projects/cbuahin_github/openswmm.gui/build/tests/gui/test_linkgrid_outliers_autogen/COIIM6MLNP/moc_swmmresultslayer.cpp:9:
/Users/calebbuahin/Documents/Projects/cbuahin_github/openswmm.gui/build/tests/gui/test_linkgrid_outliers_autogen/COIIM6MLNP/../../../../../include/layers/swmmresultslayer.h:408:55: warning: 'renderer' overrides a member function but is not marked 'override' [-Winconsistent-missing-override]
  408 |     [[nodiscard]] OpenSWMM::Render::IFeatureRenderer *renderer() const;
      |                                                       ^
/Users/calebbuahin/Documents/Projects/cbuahin_github/openswmm.gui/include/layers/openswmmvislayer.h:434:63: note: overridden virtual function is here
  434 |     [[nodiscard]] virtual OpenSWMM::Render::IFeatureRenderer *renderer() const { return nullptr; }
      |                                                               ^
In file included from /Users/calebbuahin/Documents/Projects/cbuahin_github/openswmm.gui/build/tests/gui/test_linkgrid_outliers_autogen/mocs_compilation.cpp:36:
In file included from /Users/calebbuahin/Documents/Projects/cbuahin_github/openswmm.gui/build/tests/gui/test_linkgrid_outliers_autogen/COIIM6MLNP/moc_swmmresultslayer.cpp:9:
/Users/calebbuahin/Documents/Projects/cbuahin_github/openswmm.gui/build/tests/gui/test_linkgrid_outliers_autogen/COIIM6MLNP/../../../../../include/layers/swmmresultslayer.h:417:10: warning: 'setRenderer' overrides a member function but is not marked 'override' [-Winconsistent-missing-override]
  417 |     void setRenderer(std::unique_ptr<OpenSWMM::Render::IFeatureRenderer> r);
      |          ^
/Users/calebbuahin/Documents/Projects/cbuahin_github/openswmm.gui/include/layers/openswmmvislayer.h:440:18: note: overridden virtual function is here
  440 |     virtual void setRenderer(std::unique_ptr<OpenSWMM::Render::IFeatureRenderer>);
      |                  ^
6 warnings generated.
[190/375] Building CXX object tests/gui/CMakeFiles/test_meshboundarypath.dir/__/__/src/connections/basemapconnectionstore.cpp.o
[191/375] Building CXX object tests/gui/CMakeFiles/test_meshboundarypath.dir/__/__/src/layers/xyztilelayer.cpp.o
[192/375] Building CXX object tests/gui/CMakeFiles/test_meshboundarypath.dir/__/__/src/map/mapcanvas.cpp.o
In file included from /Users/calebbuahin/Documents/Projects/cbuahin_github/openswmm.gui/src/map/mapcanvas.cpp:20:
/Users/calebbuahin/Documents/Projects/cbuahin_github/openswmm.gui/include/layers/gisvectorlayer.h:270:55: warning: 'renderer' overrides a member function but is not marked 'override' [-Winconsistent-missing-override]
  270 |     [[nodiscard]] OpenSWMM::Render::IFeatureRenderer *renderer() const;
      |                                                       ^
/Users/calebbuahin/Documents/Projects/cbuahin_github/openswmm.gui/include/layers/openswmmvislayer.h:434:63: note: overridden virtual function is here
  434 |     [[nodiscard]] virtual OpenSWMM::Render::IFeatureRenderer *renderer() const { return nullptr; }
      |                                                               ^
In file included from /Users/calebbuahin/Documents/Projects/cbuahin_github/openswmm.gui/src/map/mapcanvas.cpp:20:
/Users/calebbuahin/Documents/Projects/cbuahin_github/openswmm.gui/include/layers/gisvectorlayer.h:278:10: warning: 'setRenderer' overrides a member function but is not marked 'override' [-Winconsistent-missing-override]
  278 |     void setRenderer(std::unique_ptr<OpenSWMM::Render::IFeatureRenderer> r);
      |          ^
/Users/calebbuahin/Documents/Projects/cbuahin_github/openswmm.gui/include/layers/openswmmvislayer.h:440:18: note: overridden virtual function is here
  440 |     virtual void setRenderer(std::unique_ptr<OpenSWMM::Render::IFeatureRenderer>);
      |                  ^
In file included from /Users/calebbuahin/Documents/Projects/cbuahin_github/openswmm.gui/src/map/mapcanvas.cpp:31:
/Users/calebbuahin/Documents/Projects/cbuahin_github/openswmm.gui/include/layers/swmm2dresultslayer.h:544:55: warning: 'renderer' overrides a member function but is not marked 'override' [-Winconsistent-missing-override]
  544 |     [[nodiscard]] OpenSWMM::Render::IFeatureRenderer *renderer() const;
      |                                                       ^
/Users/calebbuahin/Documents/Projects/cbuahin_github/openswmm.gui/include/layers/openswmmvislayer.h:434:63: note: overridden virtual function is here
  434 |     [[nodiscard]] virtual OpenSWMM::Render::IFeatureRenderer *renderer() const { return nullptr; }
      |                                                               ^
In file included from /Users/calebbuahin/Documents/Projects/cbuahin_github/openswmm.gui/src/map/mapcanvas.cpp:31:
/Users/calebbuahin/Documents/Projects/cbuahin_github/openswmm.gui/include/layers/swmm2dresultslayer.h:552:10: warning: 'setRenderer' overrides a member function but is not marked 'override' [-Winconsistent-missing-override]
  552 |     void setRenderer(std::unique_ptr<OpenSWMM::Render::IFeatureRenderer> r);
      |          ^
/Users/calebbuahin/Documents/Projects/cbuahin_github/openswmm.gui/include/layers/openswmmvislayer.h:440:18: note: overridden virtual function is here
  440 |     virtual void setRenderer(std::unique_ptr<OpenSWMM::Render::IFeatureRenderer>);
      |                  ^
4 warnings generated.
[193/375] Building CXX object tests/gui/CMakeFiles/test_meshboundarypath.dir/__/__/src/project/projectserializer.cpp.o
In file included from /Users/calebbuahin/Documents/Projects/cbuahin_github/openswmm.gui/src/project/projectserializer.cpp:12:
/Users/calebbuahin/Documents/Projects/cbuahin_github/openswmm.gui/include/layers/gisvectorlayer.h:270:55: warning: 'renderer' overrides a member function but is not marked 'override' [-Winconsistent-missing-override]
  270 |     [[nodiscard]] OpenSWMM::Render::IFeatureRenderer *renderer() const;
      |                                                       ^
/Users/calebbuahin/Documents/Projects/cbuahin_github/openswmm.gui/include/layers/openswmmvislayer.h:434:63: note: overridden virtual function is here
  434 |     [[nodiscard]] virtual OpenSWMM::Render::IFeatureRenderer *renderer() const { return nullptr; }
      |                                                               ^
In file included from /Users/calebbuahin/Documents/Projects/cbuahin_github/openswmm.gui/src/project/projectserializer.cpp:12:
/Users/calebbuahin/Documents/Projects/cbuahin_github/openswmm.gui/include/layers/gisvectorlayer.h:278:10: warning: 'setRenderer' overrides a member function but is not marked 'override' [-Winconsistent-missing-override]
  278 |     void setRenderer(std::unique_ptr<OpenSWMM::Render::IFeatureRenderer> r);
      |          ^
/Users/calebbuahin/Documents/Projects/cbuahin_github/openswmm.gui/include/layers/openswmmvislayer.h:440:18: note: overridden virtual function is here
  440 |     virtual void setRenderer(std::unique_ptr<OpenSWMM::Render::IFeatureRenderer>);
      |                  ^
In file included from /Users/calebbuahin/Documents/Projects/cbuahin_github/openswmm.gui/src/project/projectserializer.cpp:15:
/Users/calebbuahin/Documents/Projects/cbuahin_github/openswmm.gui/include/layers/swmm2dresultslayer.h:544:55: warning: 'renderer' overrides a member function but is not marked 'override' [-Winconsistent-missing-override]
  544 |     [[nodiscard]] OpenSWMM::Render::IFeatureRenderer *renderer() const;
      |                                                       ^
/Users/calebbuahin/Documents/Projects/cbuahin_github/openswmm.gui/include/layers/openswmmvislayer.h:434:63: note: overridden virtual function is here
  434 |     [[nodiscard]] virtual OpenSWMM::Render::IFeatureRenderer *renderer() const { return nullptr; }
      |                                                               ^
In file included from /Users/calebbuahin/Documents/Projects/cbuahin_github/openswmm.gui/src/project/projectserializer.cpp:15:
/Users/calebbuahin/Documents/Projects/cbuahin_github/openswmm.gui/include/layers/swmm2dresultslayer.h:552:10: warning: 'setRenderer' overrides a member function but is not marked 'override' [-Winconsistent-missing-override]
  552 |     void setRenderer(std::unique_ptr<OpenSWMM::Render::IFeatureRenderer> r);
      |          ^
/Users/calebbuahin/Documents/Projects/cbuahin_github/openswmm.gui/include/layers/openswmmvislayer.h:440:18: note: overridden virtual function is here
  440 |     virtual void setRenderer(std::unique_ptr<OpenSWMM::Render::IFeatureRenderer>);
      |                  ^
In file included from /Users/calebbuahin/Documents/Projects/cbuahin_github/openswmm.gui/src/project/projectserializer.cpp:17:
/Users/calebbuahin/Documents/Projects/cbuahin_github/openswmm.gui/include/layers/swmmresultslayer.h:408:55: warning: 'renderer' overrides a member function but is not marked 'override' [-Winconsistent-missing-override]
  408 |     [[nodiscard]] OpenSWMM::Render::IFeatureRenderer *renderer() const;
      |                                                       ^
/Users/calebbuahin/Documents/Projects/cbuahin_github/openswmm.gui/include/layers/openswmmvislayer.h:434:63: note: overridden virtual function is here
  434 |     [[nodiscard]] virtual OpenSWMM::Render::IFeatureRenderer *renderer() const { return nullptr; }
      |                                                               ^
In file included from /Users/calebbuahin/Documents/Projects/cbuahin_github/openswmm.gui/src/project/projectserializer.cpp:17:
/Users/calebbuahin/Documents/Projects/cbuahin_github/openswmm.gui/include/layers/swmmresultslayer.h:417:10: warning: 'setRenderer' overrides a member function but is not marked 'override' [-Winconsistent-missing-override]
  417 |     void setRenderer(std::unique_ptr<OpenSWMM::Render::IFeatureRenderer> r);
      |          ^
/Users/calebbuahin/Documents/Projects/cbuahin_github/openswmm.gui/include/layers/openswmmvislayer.h:440:18: note: overridden virtual function is here
  440 |     virtual void setRenderer(std::unique_ptr<OpenSWMM::Render::IFeatureRenderer>);
      |                  ^
6 warnings generated.
[194/375] Building CXX object tests/gui/CMakeFiles/test_meshboundarypath.dir/__/__/src/ui/dialogs/layerstyledialog.cpp.o
In file included from /Users/calebbuahin/Documents/Projects/cbuahin_github/openswmm.gui/src/ui/dialogs/layerstyledialog.cpp:24:
/Users/calebbuahin/Documents/Projects/cbuahin_github/openswmm.gui/include/layers/gisvectorlayer.h:270:55: warning: 'renderer' overrides a member function but is not marked 'override' [-Winconsistent-missing-override]
  270 |     [[nodiscard]] OpenSWMM::Render::IFeatureRenderer *renderer() const;
      |                                                       ^
/Users/calebbuahin/Documents/Projects/cbuahin_github/openswmm.gui/include/layers/openswmmvislayer.h:434:63: note: overridden virtual function is here
  434 |     [[nodiscard]] virtual OpenSWMM::Render::IFeatureRenderer *renderer() const { return nullptr; }
      |                                                               ^
In file included from /Users/calebbuahin/Documents/Projects/cbuahin_github/openswmm.gui/src/ui/dialogs/layerstyledialog.cpp:24:
/Users/calebbuahin/Documents/Projects/cbuahin_github/openswmm.gui/include/layers/gisvectorlayer.h:278:10: warning: 'setRenderer' overrides a member function but is not marked 'override' [-Winconsistent-missing-override]
  278 |     void setRenderer(std::unique_ptr<OpenSWMM::Render::IFeatureRenderer> r);
      |          ^
/Users/calebbuahin/Documents/Projects/cbuahin_github/openswmm.gui/include/layers/openswmmvislayer.h:440:18: note: overridden virtual function is here
  440 |     virtual void setRenderer(std::unique_ptr<OpenSWMM::Render::IFeatureRenderer>);
      |                  ^
In file included from /Users/calebbuahin/Documents/Projects/cbuahin_github/openswmm.gui/src/ui/dialogs/layerstyledialog.cpp:27:
/Users/calebbuahin/Documents/Projects/cbuahin_github/openswmm.gui/include/layers/swmmresultslayer.h:408:55: warning: 'renderer' overrides a member function but is not marked 'override' [-Winconsistent-missing-override]
  408 |     [[nodiscard]] OpenSWMM::Render::IFeatureRenderer *renderer() const;
      |                                                       ^
/Users/calebbuahin/Documents/Projects/cbuahin_github/openswmm.gui/include/layers/openswmmvislayer.h:434:63: note: overridden virtual function is here
  434 |     [[nodiscard]] virtual OpenSWMM::Render::IFeatureRenderer *renderer() const { return nullptr; }
      |                                                               ^
In file included from /Users/calebbuahin/Documents/Projects/cbuahin_github/openswmm.gui/src/ui/dialogs/layerstyledialog.cpp:27:
/Users/calebbuahin/Documents/Projects/cbuahin_github/openswmm.gui/include/layers/swmmresultslayer.h:417:10: warning: 'setRenderer' overrides a member function but is not marked 'override' [-Winconsistent-missing-override]
  417 |     void setRenderer(std::unique_ptr<OpenSWMM::Render::IFeatureRenderer> r);
      |          ^
/Users/calebbuahin/Documents/Projects/cbuahin_github/openswmm.gui/include/layers/openswmmvislayer.h:440:18: note: overridden virtual function is here
  440 |     virtual void setRenderer(std::unique_ptr<OpenSWMM::Render::IFeatureRenderer>);
      |                  ^
In file included from /Users/calebbuahin/Documents/Projects/cbuahin_github/openswmm.gui/src/ui/dialogs/layerstyledialog.cpp:28:
/Users/calebbuahin/Documents/Projects/cbuahin_github/openswmm.gui/include/layers/swmm2dresultslayer.h:544:55: warning: 'renderer' overrides a member function but is not marked 'override' [-Winconsistent-missing-override]
  544 |     [[nodiscard]] OpenSWMM::Render::IFeatureRenderer *renderer() const;
      |                                                       ^
/Users/calebbuahin/Documents/Projects/cbuahin_github/openswmm.gui/include/layers/openswmmvislayer.h:434:63: note: overridden virtual function is here
  434 |     [[nodiscard]] virtual OpenSWMM::Render::IFeatureRenderer *renderer() const { return nullptr; }
      |                                                               ^
In file included from /Users/calebbuahin/Documents/Projects/cbuahin_github/openswmm.gui/src/ui/dialogs/layerstyledialog.cpp:28:
/Users/calebbuahin/Documents/Projects/cbuahin_github/openswmm.gui/include/layers/swmm2dresultslayer.h:552:10: warning: 'setRenderer' overrides a member function but is not marked 'override' [-Winconsistent-missing-override]
  552 |     void setRenderer(std::unique_ptr<OpenSWMM::Render::IFeatureRenderer> r);
      |          ^
/Users/calebbuahin/Documents/Projects/cbuahin_github/openswmm.gui/include/layers/openswmmvislayer.h:440:18: note: overridden virtual function is here
  440 |     virtual void setRenderer(std::unique_ptr<OpenSWMM::Render::IFeatureRenderer>);
      |                  ^
6 warnings generated.
[195/375] Building CXX object tests/gui/CMakeFiles/test_meshboundarypath.dir/__/__/src/ui/dialogs/addbasemapdialog.cpp.o
In file included from /Users/calebbuahin/Documents/Projects/cbuahin_github/openswmm.gui/src/ui/dialogs/addbasemapdialog.cpp:26:
In file included from /Users/calebbuahin/Documents/Projects/cbuahin_github/openswmm.gui/include/layers/wfslayer.h:27:
/Users/calebbuahin/Documents/Projects/cbuahin_github/openswmm.gui/include/layers/gisvectorlayer.h:270:55: warning: 'renderer' overrides a member function but is not marked 'override' [-Winconsistent-missing-override]
  270 |     [[nodiscard]] OpenSWMM::Render::IFeatureRenderer *renderer() const;
      |                                                       ^
/Users/calebbuahin/Documents/Projects/cbuahin_github/openswmm.gui/include/layers/openswmmvislayer.h:434:63: note: overridden virtual function is here
  434 |     [[nodiscard]] virtual OpenSWMM::Render::IFeatureRenderer *renderer() const { return nullptr; }
      |                                                               ^
In file included from /Users/calebbuahin/Documents/Projects/cbuahin_github/openswmm.gui/src/ui/dialogs/addbasemapdialog.cpp:26:
In file included from /Users/calebbuahin/Documents/Projects/cbuahin_github/openswmm.gui/include/layers/wfslayer.h:27:
/Users/calebbuahin/Documents/Projects/cbuahin_github/openswmm.gui/include/layers/gisvectorlayer.h:278:10: warning: 'setRenderer' overrides a member function but is not marked 'override' [-Winconsistent-missing-override]
  278 |     void setRenderer(std::unique_ptr<OpenSWMM::Render::IFeatureRenderer> r);
      |          ^
/Users/calebbuahin/Documents/Projects/cbuahin_github/openswmm.gui/include/layers/openswmmvislayer.h:440:18: note: overridden virtual function is here
  440 |     virtual void setRenderer(std::unique_ptr<OpenSWMM::Render::IFeatureRenderer>);
      |                  ^
2 warnings generated.
[196/375] Building CXX object tests/gui/CMakeFiles/test_meshboundarypath.dir/__/__/src/ui/widgets/basemaphttpheaderswidget.cpp.o
[197/375] Building CXX object tests/gui/CMakeFiles/test_attrtableperf_baseline.dir/__/__/src/swmmvis.cpp.o
In file included from /Users/calebbuahin/Documents/Projects/cbuahin_github/openswmm.gui/src/swmmvis.cpp:76:
In file included from /Users/calebbuahin/Documents/Projects/cbuahin_github/openswmm.gui/include/ui/dialogs/sublayerselectiondialog.h:19:
/Users/calebbuahin/Documents/Projects/cbuahin_github/openswmm.gui/include/layers/gisvectorlayer.h:270:55: warning: 'renderer' overrides a member function but is not marked 'override' [-Winconsistent-missing-override]
  270 |     [[nodiscard]] OpenSWMM::Render::IFeatureRenderer *renderer() const;
      |                                                       ^
/Users/calebbuahin/Documents/Projects/cbuahin_github/openswmm.gui/include/layers/openswmmvislayer.h:434:63: note: overridden virtual function is here
  434 |     [[nodiscard]] virtual OpenSWMM::Render::IFeatureRenderer *renderer() const { return nullptr; }
      |                                                               ^
In file included from /Users/calebbuahin/Documents/Projects/cbuahin_github/openswmm.gui/src/swmmvis.cpp:76:
In file included from /Users/calebbuahin/Documents/Projects/cbuahin_github/openswmm.gui/include/ui/dialogs/sublayerselectiondialog.h:19:
/Users/calebbuahin/Documents/Projects/cbuahin_github/openswmm.gui/include/layers/gisvectorlayer.h:278:10: warning: 'setRenderer' overrides a member function but is not marked 'override' [-Winconsistent-missing-override]
  278 |     void setRenderer(std::unique_ptr<OpenSWMM::Render::IFeatureRenderer> r);
      |          ^
/Users/calebbuahin/Documents/Projects/cbuahin_github/openswmm.gui/include/layers/openswmmvislayer.h:440:18: note: overridden virtual function is here
  440 |     virtual void setRenderer(std::unique_ptr<OpenSWMM::Render::IFeatureRenderer>);
      |                  ^
In file included from /Users/calebbuahin/Documents/Projects/cbuahin_github/openswmm.gui/src/swmmvis.cpp:89:
/Users/calebbuahin/Documents/Projects/cbuahin_github/openswmm.gui/include/core/swmmdatetime.h:61:12: warning: 'QDateTime' is deprecated: Pass QTimeZone instead [-Wdeprecated-declarations]
   61 |     return QDateTime(date, QTime(h, mi, s), Qt::UTC);
      |            ^
/Users/calebbuahin/Qt/6.9.3/macos/lib/QtCore.framework/Headers/qdatetime.h:361:5: note: 'QDateTime' has been explicitly marked deprecated here
  361 |     QT_DEPRECATED_VERSION_X_6_9("Pass QTimeZone instead")
      |     ^
/Users/calebbuahin/Qt/6.9.3/macos/lib/QtCore.framework/Headers/qtdeprecationmarkers.h:213:44: note: expanded from macro 'QT_DEPRECATED_VERSION_X_6_9'
  213 | # define QT_DEPRECATED_VERSION_X_6_9(text) QT_DEPRECATED_X(text)
      |                                            ^
/Users/calebbuahin/Qt/6.9.3/macos/lib/QtCore.framework/Headers/qtdeprecationmarkers.h:29:33: note: expanded from macro 'QT_DEPRECATED_X'
   29 | #  define QT_DEPRECATED_X(text) Q_DECL_DEPRECATED_X(text)
      |                                 ^
/Users/calebbuahin/Qt/6.9.3/macos/lib/QtCore.framework/Headers/qcompilerdetection.h:1011:36: note: expanded from macro 'Q_DECL_DEPRECATED_X'
 1011 | #  define Q_DECL_DEPRECATED_X(x) [[deprecated(x)]]
      |                                    ^
In file included from /Users/calebbuahin/Documents/Projects/cbuahin_github/openswmm.gui/src/swmmvis.cpp:89:
/Users/calebbuahin/Documents/Projects/cbuahin_github/openswmm.gui/include/core/swmmdatetime.h:61:12: warning: 'QDateTime' is deprecated: Pass QTimeZone instead [-Wdeprecated-declarations]
   61 |     return QDateTime(date, QTime(h, mi, s), Qt::UTC);
      |            ^
/Users/calebbuahin/Qt/6.9.3/macos/lib/QtCore.framework/Headers/qdatetime.h:361:5: note: 'QDateTime' has been explicitly marked deprecated here
  361 |     QT_DEPRECATED_VERSION_X_6_9("Pass QTimeZone instead")
      |     ^
/Users/calebbuahin/Qt/6.9.3/macos/lib/QtCore.framework/Headers/qtdeprecationmarkers.h:213:44: note: expanded from macro 'QT_DEPRECATED_VERSION_X_6_9'
  213 | # define QT_DEPRECATED_VERSION_X_6_9(text) QT_DEPRECATED_X(text)
      |                                            ^
/Users/calebbuahin/Qt/6.9.3/macos/lib/QtCore.framework/Headers/qtdeprecationmarkers.h:29:33: note: expanded from macro 'QT_DEPRECATED_X'
   29 | #  define QT_DEPRECATED_X(text) Q_DECL_DEPRECATED_X(text)
      |                                 ^
/Users/calebbuahin/Qt/6.9.3/macos/lib/QtCore.framework/Headers/qcompilerdetection.h:1011:36: note: expanded from macro 'Q_DECL_DEPRECATED_X'
 1011 | #  define Q_DECL_DEPRECATED_X(x) [[deprecated(x)]]
      |                                    ^
In file included from /Users/calebbuahin/Documents/Projects/cbuahin_github/openswmm.gui/src/swmmvis.cpp:136:
/Users/calebbuahin/Documents/Projects/cbuahin_github/openswmm.gui/include/layers/swmmresultslayer.h:408:55: warning: 'renderer' overrides a member function but is not marked 'override' [-Winconsistent-missing-override]
  408 |     [[nodiscard]] OpenSWMM::Render::IFeatureRenderer *renderer() const;
      |                                                       ^
/Users/calebbuahin/Documents/Projects/cbuahin_github/openswmm.gui/include/layers/openswmmvislayer.h:434:63: note: overridden virtual function is here
  434 |     [[nodiscard]] virtual OpenSWMM::Render::IFeatureRenderer *renderer() const { return nullptr; }
      |                                                               ^
In file included from /Users/calebbuahin/Documents/Projects/cbuahin_github/openswmm.gui/src/swmmvis.cpp:136:
/Users/calebbuahin/Documents/Projects/cbuahin_github/openswmm.gui/include/layers/swmmresultslayer.h:417:10: warning: 'setRenderer' overrides a member function but is not marked 'override' [-Winconsistent-missing-override]
  417 |     void setRenderer(std::unique_ptr<OpenSWMM::Render::IFeatureRenderer> r);
      |          ^
/Users/calebbuahin/Documents/Projects/cbuahin_github/openswmm.gui/include/layers/openswmmvislayer.h:440:18: note: overridden virtual function is here
  440 |     virtual void setRenderer(std::unique_ptr<OpenSWMM::Render::IFeatureRenderer>);
      |                  ^
In file included from /Users/calebbuahin/Documents/Projects/cbuahin_github/openswmm.gui/src/swmmvis.cpp:194:
/Users/calebbuahin/Documents/Projects/cbuahin_github/openswmm.gui/include/layers/swmm2dresultslayer.h:544:55: warning: 'renderer' overrides a member function but is not marked 'override' [-Winconsistent-missing-override]
  544 |     [[nodiscard]] OpenSWMM::Render::IFeatureRenderer *renderer() const;
      |                                                       ^
/Users/calebbuahin/Documents/Projects/cbuahin_github/openswmm.gui/include/layers/openswmmvislayer.h:434:63: note: overridden virtual function is here
  434 |     [[nodiscard]] virtual OpenSWMM::Render::IFeatureRenderer *renderer() const { return nullptr; }
      |                                                               ^
In file included from /Users/calebbuahin/Documents/Projects/cbuahin_github/openswmm.gui/src/swmmvis.cpp:194:
/Users/calebbuahin/Documents/Projects/cbuahin_github/openswmm.gui/include/layers/swmm2dresultslayer.h:552:10: warning: 'setRenderer' overrides a member function but is not marked 'override' [-Winconsistent-missing-override]
  552 |     void setRenderer(std::unique_ptr<OpenSWMM::Render::IFeatureRenderer> r);
      |          ^
/Users/calebbuahin/Documents/Projects/cbuahin_github/openswmm.gui/include/layers/openswmmvislayer.h:440:18: note: overridden virtual function is here
  440 |     virtual void setRenderer(std::unique_ptr<OpenSWMM::Render::IFeatureRenderer>);
      |                  ^
8 warnings generated.
[198/375] Building CXX object tests/gui/CMakeFiles/test_meshperf_baseline.dir/test_meshperf_baseline_autogen/mocs_compilation.cpp.o
In file included from /Users/calebbuahin/Documents/Projects/cbuahin_github/openswmm.gui/build/tests/gui/test_meshperf_baseline_autogen/mocs_compilation.cpp:2:
In file included from /Users/calebbuahin/Documents/Projects/cbuahin_github/openswmm.gui/build/tests/gui/test_meshperf_baseline_autogen/MAYCBHTXLP/moc_animationcontroller.cpp:9:
In file included from /Users/calebbuahin/Documents/Projects/cbuahin_github/openswmm.gui/build/tests/gui/test_meshperf_baseline_autogen/MAYCBHTXLP/../../../../../include/animation/animationcontroller.h:33:
/Users/calebbuahin/Documents/Projects/cbuahin_github/openswmm.gui/include/layers/swmm2dresultslayer.h:544:55: warning: 'renderer' overrides a member function but is not marked 'override' [-Winconsistent-missing-override]
  544 |     [[nodiscard]] OpenSWMM::Render::IFeatureRenderer *renderer() const;
      |                                                       ^
/Users/calebbuahin/Documents/Projects/cbuahin_github/openswmm.gui/include/layers/openswmmvislayer.h:434:63: note: overridden virtual function is here
  434 |     [[nodiscard]] virtual OpenSWMM::Render::IFeatureRenderer *renderer() const { return nullptr; }
      |                                                               ^
In file included from /Users/calebbuahin/Documents/Projects/cbuahin_github/openswmm.gui/build/tests/gui/test_meshperf_baseline_autogen/mocs_compilation.cpp:2:
In file included from /Users/calebbuahin/Documents/Projects/cbuahin_github/openswmm.gui/build/tests/gui/test_meshperf_baseline_autogen/MAYCBHTXLP/moc_animationcontroller.cpp:9:
In file included from /Users/calebbuahin/Documents/Projects/cbuahin_github/openswmm.gui/build/tests/gui/test_meshperf_baseline_autogen/MAYCBHTXLP/../../../../../include/animation/animationcontroller.h:33:
/Users/calebbuahin/Documents/Projects/cbuahin_github/openswmm.gui/include/layers/swmm2dresultslayer.h:552:10: warning: 'setRenderer' overrides a member function but is not marked 'override' [-Winconsistent-missing-override]
  552 |     void setRenderer(std::unique_ptr<OpenSWMM::Render::IFeatureRenderer> r);
      |          ^
/Users/calebbuahin/Documents/Projects/cbuahin_github/openswmm.gui/include/layers/openswmmvislayer.h:440:18: note: overridden virtual function is here
  440 |     virtual void setRenderer(std::unique_ptr<OpenSWMM::Render::IFeatureRenderer>);
      |                  ^
In file included from /Users/calebbuahin/Documents/Projects/cbuahin_github/openswmm.gui/build/tests/gui/test_meshperf_baseline_autogen/mocs_compilation.cpp:28:
In file included from /Users/calebbuahin/Documents/Projects/cbuahin_github/openswmm.gui/build/tests/gui/test_meshperf_baseline_autogen/COIIM6MLNP/moc_gisvectorlayer.cpp:9:
/Users/calebbuahin/Documents/Projects/cbuahin_github/openswmm.gui/build/tests/gui/test_meshperf_baseline_autogen/COIIM6MLNP/../../../../../include/layers/gisvectorlayer.h:270:55: warning: 'renderer' overrides a member function but is not marked 'override' [-Winconsistent-missing-override]
  270 |     [[nodiscard]] OpenSWMM::Render::IFeatureRenderer *renderer() const;
      |                                                       ^
/Users/calebbuahin/Documents/Projects/cbuahin_github/openswmm.gui/include/layers/openswmmvislayer.h:434:63: note: overridden virtual function is here
  434 |     [[nodiscard]] virtual OpenSWMM::Render::IFeatureRenderer *renderer() const { return nullptr; }
      |                                                               ^
In file included from /Users/calebbuahin/Documents/Projects/cbuahin_github/openswmm.gui/build/tests/gui/test_meshperf_baseline_autogen/mocs_compilation.cpp:28:
In file included from /Users/calebbuahin/Documents/Projects/cbuahin_github/openswmm.gui/build/tests/gui/test_meshperf_baseline_autogen/COIIM6MLNP/moc_gisvectorlayer.cpp:9:
/Users/calebbuahin/Documents/Projects/cbuahin_github/openswmm.gui/build/tests/gui/test_meshperf_baseline_autogen/COIIM6MLNP/../../../../../include/layers/gisvectorlayer.h:278:10: warning: 'setRenderer' overrides a member function but is not marked 'override' [-Winconsistent-missing-override]
  278 |     void setRenderer(std::unique_ptr<OpenSWMM::Render::IFeatureRenderer> r);
      |          ^
/Users/calebbuahin/Documents/Projects/cbuahin_github/openswmm.gui/include/layers/openswmmvislayer.h:440:18: note: overridden virtual function is here
  440 |     virtual void setRenderer(std::unique_ptr<OpenSWMM::Render::IFeatureRenderer>);
      |                  ^
In file included from /Users/calebbuahin/Documents/Projects/cbuahin_github/openswmm.gui/build/tests/gui/test_meshperf_baseline_autogen/mocs_compilation.cpp:36:
In file included from /Users/calebbuahin/Documents/Projects/cbuahin_github/openswmm.gui/build/tests/gui/test_meshperf_baseline_autogen/COIIM6MLNP/moc_swmmresultslayer.cpp:9:
/Users/calebbuahin/Documents/Projects/cbuahin_github/openswmm.gui/build/tests/gui/test_meshperf_baseline_autogen/COIIM6MLNP/../../../../../include/layers/swmmresultslayer.h:408:55: warning: 'renderer' overrides a member function but is not marked 'override' [-Winconsistent-missing-override]
  408 |     [[nodiscard]] OpenSWMM::Render::IFeatureRenderer *renderer() const;
      |                                                       ^
/Users/calebbuahin/Documents/Projects/cbuahin_github/openswmm.gui/include/layers/openswmmvislayer.h:434:63: note: overridden virtual function is here
  434 |     [[nodiscard]] virtual OpenSWMM::Render::IFeatureRenderer *renderer() const { return nullptr; }
      |                                                               ^
In file included from /Users/calebbuahin/Documents/Projects/cbuahin_github/openswmm.gui/build/tests/gui/test_meshperf_baseline_autogen/mocs_compilation.cpp:36:
In file included from /Users/calebbuahin/Documents/Projects/cbuahin_github/openswmm.gui/build/tests/gui/test_meshperf_baseline_autogen/COIIM6MLNP/moc_swmmresultslayer.cpp:9:
/Users/calebbuahin/Documents/Projects/cbuahin_github/openswmm.gui/build/tests/gui/test_meshperf_baseline_autogen/COIIM6MLNP/../../../../../include/layers/swmmresultslayer.h:417:10: warning: 'setRenderer' overrides a member function but is not marked 'override' [-Winconsistent-missing-override]
  417 |     void setRenderer(std::unique_ptr<OpenSWMM::Render::IFeatureRenderer> r);
      |          ^
/Users/calebbuahin/Documents/Projects/cbuahin_github/openswmm.gui/include/layers/openswmmvislayer.h:440:18: note: overridden virtual function is here
  440 |     virtual void setRenderer(std::unique_ptr<OpenSWMM::Render::IFeatureRenderer>);
      |                  ^
6 warnings generated.
[199/375] Building CXX object tests/gui/CMakeFiles/test_meshcommands_vertex_edge.dir/__/__/src/connections/basemapconnectionstore.cpp.o
[200/375] Building CXX object tests/gui/CMakeFiles/test_meshcommands_vertex_edge.dir/__/__/src/layers/xyztilelayer.cpp.o
[201/375] Building CXX object tests/gui/CMakeFiles/test_meshcommands_vertex_edge.dir/__/__/src/map/mapcanvas.cpp.o
In file included from /Users/calebbuahin/Documents/Projects/cbuahin_github/openswmm.gui/src/map/mapcanvas.cpp:20:
/Users/calebbuahin/Documents/Projects/cbuahin_github/openswmm.gui/include/layers/gisvectorlayer.h:270:55: warning: 'renderer' overrides a member function but is not marked 'override' [-Winconsistent-missing-override]
  270 |     [[nodiscard]] OpenSWMM::Render::IFeatureRenderer *renderer() const;
      |                                                       ^
/Users/calebbuahin/Documents/Projects/cbuahin_github/openswmm.gui/include/layers/openswmmvislayer.h:434:63: note: overridden virtual function is here
  434 |     [[nodiscard]] virtual OpenSWMM::Render::IFeatureRenderer *renderer() const { return nullptr; }
      |                                                               ^
In file included from /Users/calebbuahin/Documents/Projects/cbuahin_github/openswmm.gui/src/map/mapcanvas.cpp:20:
/Users/calebbuahin/Documents/Projects/cbuahin_github/openswmm.gui/include/layers/gisvectorlayer.h:278:10: warning: 'setRenderer' overrides a member function but is not marked 'override' [-Winconsistent-missing-override]
  278 |     void setRenderer(std::unique_ptr<OpenSWMM::Render::IFeatureRenderer> r);
      |          ^
/Users/calebbuahin/Documents/Projects/cbuahin_github/openswmm.gui/include/layers/openswmmvislayer.h:440:18: note: overridden virtual function is here
  440 |     virtual void setRenderer(std::unique_ptr<OpenSWMM::Render::IFeatureRenderer>);
      |                  ^
In file included from /Users/calebbuahin/Documents/Projects/cbuahin_github/openswmm.gui/src/map/mapcanvas.cpp:31:
/Users/calebbuahin/Documents/Projects/cbuahin_github/openswmm.gui/include/layers/swmm2dresultslayer.h:544:55: warning: 'renderer' overrides a member function but is not marked 'override' [-Winconsistent-missing-override]
  544 |     [[nodiscard]] OpenSWMM::Render::IFeatureRenderer *renderer() const;
      |                                                       ^
/Users/calebbuahin/Documents/Projects/cbuahin_github/openswmm.gui/include/layers/openswmmvislayer.h:434:63: note: overridden virtual function is here
  434 |     [[nodiscard]] virtual OpenSWMM::Render::IFeatureRenderer *renderer() const { return nullptr; }
      |                                                               ^
In file included from /Users/calebbuahin/Documents/Projects/cbuahin_github/openswmm.gui/src/map/mapcanvas.cpp:31:
/Users/calebbuahin/Documents/Projects/cbuahin_github/openswmm.gui/include/layers/swmm2dresultslayer.h:552:10: warning: 'setRenderer' overrides a member function but is not marked 'override' [-Winconsistent-missing-override]
  552 |     void setRenderer(std::unique_ptr<OpenSWMM::Render::IFeatureRenderer> r);
      |          ^
/Users/calebbuahin/Documents/Projects/cbuahin_github/openswmm.gui/include/layers/openswmmvislayer.h:440:18: note: overridden virtual function is here
  440 |     virtual void setRenderer(std::unique_ptr<OpenSWMM::Render::IFeatureRenderer>);
      |                  ^
4 warnings generated.
[202/375] Building CXX object tests/gui/CMakeFiles/test_meshcommands_vertex_edge.dir/__/__/src/project/projectserializer.cpp.o
In file included from /Users/calebbuahin/Documents/Projects/cbuahin_github/openswmm.gui/src/project/projectserializer.cpp:12:
/Users/calebbuahin/Documents/Projects/cbuahin_github/openswmm.gui/include/layers/gisvectorlayer.h:270:55: warning: 'renderer' overrides a member function but is not marked 'override' [-Winconsistent-missing-override]
  270 |     [[nodiscard]] OpenSWMM::Render::IFeatureRenderer *renderer() const;
      |                                                       ^
/Users/calebbuahin/Documents/Projects/cbuahin_github/openswmm.gui/include/layers/openswmmvislayer.h:434:63: note: overridden virtual function is here
  434 |     [[nodiscard]] virtual OpenSWMM::Render::IFeatureRenderer *renderer() const { return nullptr; }
      |                                                               ^
In file included from /Users/calebbuahin/Documents/Projects/cbuahin_github/openswmm.gui/src/project/projectserializer.cpp:12:
/Users/calebbuahin/Documents/Projects/cbuahin_github/openswmm.gui/include/layers/gisvectorlayer.h:278:10: warning: 'setRenderer' overrides a member function but is not marked 'override' [-Winconsistent-missing-override]
  278 |     void setRenderer(std::unique_ptr<OpenSWMM::Render::IFeatureRenderer> r);
      |          ^
/Users/calebbuahin/Documents/Projects/cbuahin_github/openswmm.gui/include/layers/openswmmvislayer.h:440:18: note: overridden virtual function is here
  440 |     virtual void setRenderer(std::unique_ptr<OpenSWMM::Render::IFeatureRenderer>);
      |                  ^
In file included from /Users/calebbuahin/Documents/Projects/cbuahin_github/openswmm.gui/src/project/projectserializer.cpp:15:
/Users/calebbuahin/Documents/Projects/cbuahin_github/openswmm.gui/include/layers/swmm2dresultslayer.h:544:55: warning: 'renderer' overrides a member function but is not marked 'override' [-Winconsistent-missing-override]
  544 |     [[nodiscard]] OpenSWMM::Render::IFeatureRenderer *renderer() const;
      |                                                       ^
/Users/calebbuahin/Documents/Projects/cbuahin_github/openswmm.gui/include/layers/openswmmvislayer.h:434:63: note: overridden virtual function is here
  434 |     [[nodiscard]] virtual OpenSWMM::Render::IFeatureRenderer *renderer() const { return nullptr; }
      |                                                               ^
In file included from /Users/calebbuahin/Documents/Projects/cbuahin_github/openswmm.gui/src/project/projectserializer.cpp:15:
/Users/calebbuahin/Documents/Projects/cbuahin_github/openswmm.gui/include/layers/swmm2dresultslayer.h:552:10: warning: 'setRenderer' overrides a member function but is not marked 'override' [-Winconsistent-missing-override]
  552 |     void setRenderer(std::unique_ptr<OpenSWMM::Render::IFeatureRenderer> r);
      |          ^
/Users/calebbuahin/Documents/Projects/cbuahin_github/openswmm.gui/include/layers/openswmmvislayer.h:440:18: note: overridden virtual function is here
  440 |     virtual void setRenderer(std::unique_ptr<OpenSWMM::Render::IFeatureRenderer>);
      |                  ^
In file included from /Users/calebbuahin/Documents/Projects/cbuahin_github/openswmm.gui/src/project/projectserializer.cpp:17:
/Users/calebbuahin/Documents/Projects/cbuahin_github/openswmm.gui/include/layers/swmmresultslayer.h:408:55: warning: 'renderer' overrides a member function but is not marked 'override' [-Winconsistent-missing-override]
  408 |     [[nodiscard]] OpenSWMM::Render::IFeatureRenderer *renderer() const;
      |                                                       ^
/Users/calebbuahin/Documents/Projects/cbuahin_github/openswmm.gui/include/layers/openswmmvislayer.h:434:63: note: overridden virtual function is here
  434 |     [[nodiscard]] virtual OpenSWMM::Render::IFeatureRenderer *renderer() const { return nullptr; }
      |                                                               ^
In file included from /Users/calebbuahin/Documents/Projects/cbuahin_github/openswmm.gui/src/project/projectserializer.cpp:17:
/Users/calebbuahin/Documents/Projects/cbuahin_github/openswmm.gui/include/layers/swmmresultslayer.h:417:10: warning: 'setRenderer' overrides a member function but is not marked 'override' [-Winconsistent-missing-override]
  417 |     void setRenderer(std::unique_ptr<OpenSWMM::Render::IFeatureRenderer> r);
      |          ^
/Users/calebbuahin/Documents/Projects/cbuahin_github/openswmm.gui/include/layers/openswmmvislayer.h:440:18: note: overridden virtual function is here
  440 |     virtual void setRenderer(std::unique_ptr<OpenSWMM::Render::IFeatureRenderer>);
      |                  ^
6 warnings generated.
[203/375] Building CXX object tests/gui/CMakeFiles/test_meshcommands_vertex_edge.dir/__/__/src/ui/dialogs/layerstyledialog.cpp.o
In file included from /Users/calebbuahin/Documents/Projects/cbuahin_github/openswmm.gui/src/ui/dialogs/layerstyledialog.cpp:24:
/Users/calebbuahin/Documents/Projects/cbuahin_github/openswmm.gui/include/layers/gisvectorlayer.h:270:55: warning: 'renderer' overrides a member function but is not marked 'override' [-Winconsistent-missing-override]
  270 |     [[nodiscard]] OpenSWMM::Render::IFeatureRenderer *renderer() const;
      |                                                       ^
/Users/calebbuahin/Documents/Projects/cbuahin_github/openswmm.gui/include/layers/openswmmvislayer.h:434:63: note: overridden virtual function is here
  434 |     [[nodiscard]] virtual OpenSWMM::Render::IFeatureRenderer *renderer() const { return nullptr; }
      |                                                               ^
In file included from /Users/calebbuahin/Documents/Projects/cbuahin_github/openswmm.gui/src/ui/dialogs/layerstyledialog.cpp:24:
/Users/calebbuahin/Documents/Projects/cbuahin_github/openswmm.gui/include/layers/gisvectorlayer.h:278:10: warning: 'setRenderer' overrides a member function but is not marked 'override' [-Winconsistent-missing-override]
  278 |     void setRenderer(std::unique_ptr<OpenSWMM::Render::IFeatureRenderer> r);
      |          ^
/Users/calebbuahin/Documents/Projects/cbuahin_github/openswmm.gui/include/layers/openswmmvislayer.h:440:18: note: overridden virtual function is here
  440 |     virtual void setRenderer(std::unique_ptr<OpenSWMM::Render::IFeatureRenderer>);
      |                  ^
In file included from /Users/calebbuahin/Documents/Projects/cbuahin_github/openswmm.gui/src/ui/dialogs/layerstyledialog.cpp:27:
/Users/calebbuahin/Documents/Projects/cbuahin_github/openswmm.gui/include/layers/swmmresultslayer.h:408:55: warning: 'renderer' overrides a member function but is not marked 'override' [-Winconsistent-missing-override]
  408 |     [[nodiscard]] OpenSWMM::Render::IFeatureRenderer *renderer() const;
      |                                                       ^
/Users/calebbuahin/Documents/Projects/cbuahin_github/openswmm.gui/include/layers/openswmmvislayer.h:434:63: note: overridden virtual function is here
  434 |     [[nodiscard]] virtual OpenSWMM::Render::IFeatureRenderer *renderer() const { return nullptr; }
      |                                                               ^
In file included from /Users/calebbuahin/Documents/Projects/cbuahin_github/openswmm.gui/src/ui/dialogs/layerstyledialog.cpp:27:
/Users/calebbuahin/Documents/Projects/cbuahin_github/openswmm.gui/include/layers/swmmresultslayer.h:417:10: warning: 'setRenderer' overrides a member function but is not marked 'override' [-Winconsistent-missing-override]
  417 |     void setRenderer(std::unique_ptr<OpenSWMM::Render::IFeatureRenderer> r);
      |          ^
/Users/calebbuahin/Documents/Projects/cbuahin_github/openswmm.gui/include/layers/openswmmvislayer.h:440:18: note: overridden virtual function is here
  440 |     virtual void setRenderer(std::unique_ptr<OpenSWMM::Render::IFeatureRenderer>);
      |                  ^
In file included from /Users/calebbuahin/Documents/Projects/cbuahin_github/openswmm.gui/src/ui/dialogs/layerstyledialog.cpp:28:
/Users/calebbuahin/Documents/Projects/cbuahin_github/openswmm.gui/include/layers/swmm2dresultslayer.h:544:55: warning: 'renderer' overrides a member function but is not marked 'override' [-Winconsistent-missing-override]
  544 |     [[nodiscard]] OpenSWMM::Render::IFeatureRenderer *renderer() const;
      |                                                       ^
/Users/calebbuahin/Documents/Projects/cbuahin_github/openswmm.gui/include/layers/openswmmvislayer.h:434:63: note: overridden virtual function is here
  434 |     [[nodiscard]] virtual OpenSWMM::Render::IFeatureRenderer *renderer() const { return nullptr; }
      |                                                               ^
In file included from /Users/calebbuahin/Documents/Projects/cbuahin_github/openswmm.gui/src/ui/dialogs/layerstyledialog.cpp:28:
/Users/calebbuahin/Documents/Projects/cbuahin_github/openswmm.gui/include/layers/swmm2dresultslayer.h:552:10: warning: 'setRenderer' overrides a member function but is not marked 'override' [-Winconsistent-missing-override]
  552 |     void setRenderer(std::unique_ptr<OpenSWMM::Render::IFeatureRenderer> r);
      |          ^
/Users/calebbuahin/Documents/Projects/cbuahin_github/openswmm.gui/include/layers/openswmmvislayer.h:440:18: note: overridden virtual function is here
  440 |     virtual void setRenderer(std::unique_ptr<OpenSWMM::Render::IFeatureRenderer>);
      |                  ^
6 warnings generated.
[204/375] Building CXX object tests/gui/CMakeFiles/test_meshasyncload.dir/__/__/src/swmmvis.cpp.o
In file included from /Users/calebbuahin/Documents/Projects/cbuahin_github/openswmm.gui/src/swmmvis.cpp:76:
In file included from /Users/calebbuahin/Documents/Projects/cbuahin_github/openswmm.gui/include/ui/dialogs/sublayerselectiondialog.h:19:
/Users/calebbuahin/Documents/Projects/cbuahin_github/openswmm.gui/include/layers/gisvectorlayer.h:270:55: warning: 'renderer' overrides a member function but is not marked 'override' [-Winconsistent-missing-override]
  270 |     [[nodiscard]] OpenSWMM::Render::IFeatureRenderer *renderer() const;
      |                                                       ^
/Users/calebbuahin/Documents/Projects/cbuahin_github/openswmm.gui/include/layers/openswmmvislayer.h:434:63: note: overridden virtual function is here
  434 |     [[nodiscard]] virtual OpenSWMM::Render::IFeatureRenderer *renderer() const { return nullptr; }
      |                                                               ^
In file included from /Users/calebbuahin/Documents/Projects/cbuahin_github/openswmm.gui/src/swmmvis.cpp:76:
In file included from /Users/calebbuahin/Documents/Projects/cbuahin_github/openswmm.gui/include/ui/dialogs/sublayerselectiondialog.h:19:
/Users/calebbuahin/Documents/Projects/cbuahin_github/openswmm.gui/include/layers/gisvectorlayer.h:278:10: warning: 'setRenderer' overrides a member function but is not marked 'override' [-Winconsistent-missing-override]
  278 |     void setRenderer(std::unique_ptr<OpenSWMM::Render::IFeatureRenderer> r);
      |          ^
/Users/calebbuahin/Documents/Projects/cbuahin_github/openswmm.gui/include/layers/openswmmvislayer.h:440:18: note: overridden virtual function is here
  440 |     virtual void setRenderer(std::unique_ptr<OpenSWMM::Render::IFeatureRenderer>);
      |                  ^
In file included from /Users/calebbuahin/Documents/Projects/cbuahin_github/openswmm.gui/src/swmmvis.cpp:89:
/Users/calebbuahin/Documents/Projects/cbuahin_github/openswmm.gui/include/core/swmmdatetime.h:61:12: warning: 'QDateTime' is deprecated: Pass QTimeZone instead [-Wdeprecated-declarations]
   61 |     return QDateTime(date, QTime(h, mi, s), Qt::UTC);
      |            ^
/Users/calebbuahin/Qt/6.9.3/macos/lib/QtCore.framework/Headers/qdatetime.h:361:5: note: 'QDateTime' has been explicitly marked deprecated here
  361 |     QT_DEPRECATED_VERSION_X_6_9("Pass QTimeZone instead")
      |     ^
/Users/calebbuahin/Qt/6.9.3/macos/lib/QtCore.framework/Headers/qtdeprecationmarkers.h:213:44: note: expanded from macro 'QT_DEPRECATED_VERSION_X_6_9'
  213 | # define QT_DEPRECATED_VERSION_X_6_9(text) QT_DEPRECATED_X(text)
      |                                            ^
/Users/calebbuahin/Qt/6.9.3/macos/lib/QtCore.framework/Headers/qtdeprecationmarkers.h:29:33: note: expanded from macro 'QT_DEPRECATED_X'
   29 | #  define QT_DEPRECATED_X(text) Q_DECL_DEPRECATED_X(text)
      |                                 ^
/Users/calebbuahin/Qt/6.9.3/macos/lib/QtCore.framework/Headers/qcompilerdetection.h:1011:36: note: expanded from macro 'Q_DECL_DEPRECATED_X'
 1011 | #  define Q_DECL_DEPRECATED_X(x) [[deprecated(x)]]
      |                                    ^
In file included from /Users/calebbuahin/Documents/Projects/cbuahin_github/openswmm.gui/src/swmmvis.cpp:89:
/Users/calebbuahin/Documents/Projects/cbuahin_github/openswmm.gui/include/core/swmmdatetime.h:61:12: warning: 'QDateTime' is deprecated: Pass QTimeZone instead [-Wdeprecated-declarations]
   61 |     return QDateTime(date, QTime(h, mi, s), Qt::UTC);
      |            ^
/Users/calebbuahin/Qt/6.9.3/macos/lib/QtCore.framework/Headers/qdatetime.h:361:5: note: 'QDateTime' has been explicitly marked deprecated here
  361 |     QT_DEPRECATED_VERSION_X_6_9("Pass QTimeZone instead")
      |     ^
/Users/calebbuahin/Qt/6.9.3/macos/lib/QtCore.framework/Headers/qtdeprecationmarkers.h:213:44: note: expanded from macro 'QT_DEPRECATED_VERSION_X_6_9'
  213 | # define QT_DEPRECATED_VERSION_X_6_9(text) QT_DEPRECATED_X(text)
      |                                            ^
/Users/calebbuahin/Qt/6.9.3/macos/lib/QtCore.framework/Headers/qtdeprecationmarkers.h:29:33: note: expanded from macro 'QT_DEPRECATED_X'
   29 | #  define QT_DEPRECATED_X(text) Q_DECL_DEPRECATED_X(text)
      |                                 ^
/Users/calebbuahin/Qt/6.9.3/macos/lib/QtCore.framework/Headers/qcompilerdetection.h:1011:36: note: expanded from macro 'Q_DECL_DEPRECATED_X'
 1011 | #  define Q_DECL_DEPRECATED_X(x) [[deprecated(x)]]
      |                                    ^
In file included from /Users/calebbuahin/Documents/Projects/cbuahin_github/openswmm.gui/src/swmmvis.cpp:136:
/Users/calebbuahin/Documents/Projects/cbuahin_github/openswmm.gui/include/layers/swmmresultslayer.h:408:55: warning: 'renderer' overrides a member function but is not marked 'override' [-Winconsistent-missing-override]
  408 |     [[nodiscard]] OpenSWMM::Render::IFeatureRenderer *renderer() const;
      |                                                       ^
/Users/calebbuahin/Documents/Projects/cbuahin_github/openswmm.gui/include/layers/openswmmvislayer.h:434:63: note: overridden virtual function is here
  434 |     [[nodiscard]] virtual OpenSWMM::Render::IFeatureRenderer *renderer() const { return nullptr; }
      |                                                               ^
In file included from /Users/calebbuahin/Documents/Projects/cbuahin_github/openswmm.gui/src/swmmvis.cpp:136:
/Users/calebbuahin/Documents/Projects/cbuahin_github/openswmm.gui/include/layers/swmmresultslayer.h:417:10: warning: 'setRenderer' overrides a member function but is not marked 'override' [-Winconsistent-missing-override]
  417 |     void setRenderer(std::unique_ptr<OpenSWMM::Render::IFeatureRenderer> r);
      |          ^
/Users/calebbuahin/Documents/Projects/cbuahin_github/openswmm.gui/include/layers/openswmmvislayer.h:440:18: note: overridden virtual function is here
  440 |     virtual void setRenderer(std::unique_ptr<OpenSWMM::Render::IFeatureRenderer>);
      |                  ^
In file included from /Users/calebbuahin/Documents/Projects/cbuahin_github/openswmm.gui/src/swmmvis.cpp:194:
/Users/calebbuahin/Documents/Projects/cbuahin_github/openswmm.gui/include/layers/swmm2dresultslayer.h:544:55: warning: 'renderer' overrides a member function but is not marked 'override' [-Winconsistent-missing-override]
  544 |     [[nodiscard]] OpenSWMM::Render::IFeatureRenderer *renderer() const;
      |                                                       ^
/Users/calebbuahin/Documents/Projects/cbuahin_github/openswmm.gui/include/layers/openswmmvislayer.h:434:63: note: overridden virtual function is here
  434 |     [[nodiscard]] virtual OpenSWMM::Render::IFeatureRenderer *renderer() const { return nullptr; }
      |                                                               ^
In file included from /Users/calebbuahin/Documents/Projects/cbuahin_github/openswmm.gui/src/swmmvis.cpp:194:
/Users/calebbuahin/Documents/Projects/cbuahin_github/openswmm.gui/include/layers/swmm2dresultslayer.h:552:10: warning: 'setRenderer' overrides a member function but is not marked 'override' [-Winconsistent-missing-override]
  552 |     void setRenderer(std::unique_ptr<OpenSWMM::Render::IFeatureRenderer> r);
      |          ^
/Users/calebbuahin/Documents/Projects/cbuahin_github/openswmm.gui/include/layers/openswmmvislayer.h:440:18: note: overridden virtual function is here
  440 |     virtual void setRenderer(std::unique_ptr<OpenSWMM::Render::IFeatureRenderer>);
      |                  ^
8 warnings generated.
[205/375] Building CXX object tests/gui/CMakeFiles/test_meshcommands_vertex_edge.dir/__/__/src/ui/dialogs/addbasemapdialog.cpp.o
In file included from /Users/calebbuahin/Documents/Projects/cbuahin_github/openswmm.gui/src/ui/dialogs/addbasemapdialog.cpp:26:
In file included from /Users/calebbuahin/Documents/Projects/cbuahin_github/openswmm.gui/include/layers/wfslayer.h:27:
/Users/calebbuahin/Documents/Projects/cbuahin_github/openswmm.gui/include/layers/gisvectorlayer.h:270:55: warning: 'renderer' overrides a member function but is not marked 'override' [-Winconsistent-missing-override]
  270 |     [[nodiscard]] OpenSWMM::Render::IFeatureRenderer *renderer() const;
      |                                                       ^
/Users/calebbuahin/Documents/Projects/cbuahin_github/openswmm.gui/include/layers/openswmmvislayer.h:434:63: note: overridden virtual function is here
  434 |     [[nodiscard]] virtual OpenSWMM::Render::IFeatureRenderer *renderer() const { return nullptr; }
      |                                                               ^
In file included from /Users/calebbuahin/Documents/Projects/cbuahin_github/openswmm.gui/src/ui/dialogs/addbasemapdialog.cpp:26:
In file included from /Users/calebbuahin/Documents/Projects/cbuahin_github/openswmm.gui/include/layers/wfslayer.h:27:
/Users/calebbuahin/Documents/Projects/cbuahin_github/openswmm.gui/include/layers/gisvectorlayer.h:278:10: warning: 'setRenderer' overrides a member function but is not marked 'override' [-Winconsistent-missing-override]
  278 |     void setRenderer(std::unique_ptr<OpenSWMM::Render::IFeatureRenderer> r);
      |          ^
/Users/calebbuahin/Documents/Projects/cbuahin_github/openswmm.gui/include/layers/openswmmvislayer.h:440:18: note: overridden virtual function is here
  440 |     virtual void setRenderer(std::unique_ptr<OpenSWMM::Render::IFeatureRenderer>);
      |                  ^
2 warnings generated.
[206/375] Building CXX object tests/gui/CMakeFiles/test_meshcommands_vertex_edge.dir/__/__/src/ui/widgets/basemaphttpheaderswidget.cpp.o
[207/375] Building CXX object tests/gui/CMakeFiles/test_attrtableperf_baseline.dir/test_attrtableperf_baseline_autogen/mocs_compilation.cpp.o
In file included from /Users/calebbuahin/Documents/Projects/cbuahin_github/openswmm.gui/build/tests/gui/test_attrtableperf_baseline_autogen/mocs_compilation.cpp:2:
In file included from /Users/calebbuahin/Documents/Projects/cbuahin_github/openswmm.gui/build/tests/gui/test_attrtableperf_baseline_autogen/MAYCBHTXLP/moc_animationcontroller.cpp:9:
In file included from /Users/calebbuahin/Documents/Projects/cbuahin_github/openswmm.gui/build/tests/gui/test_attrtableperf_baseline_autogen/MAYCBHTXLP/../../../../../include/animation/animationcontroller.h:33:
/Users/calebbuahin/Documents/Projects/cbuahin_github/openswmm.gui/include/layers/swmm2dresultslayer.h:544:55: warning: 'renderer' overrides a member function but is not marked 'override' [-Winconsistent-missing-override]
  544 |     [[nodiscard]] OpenSWMM::Render::IFeatureRenderer *renderer() const;
      |                                                       ^
/Users/calebbuahin/Documents/Projects/cbuahin_github/openswmm.gui/include/layers/openswmmvislayer.h:434:63: note: overridden virtual function is here
  434 |     [[nodiscard]] virtual OpenSWMM::Render::IFeatureRenderer *renderer() const { return nullptr; }
      |                                                               ^
In file included from /Users/calebbuahin/Documents/Projects/cbuahin_github/openswmm.gui/build/tests/gui/test_attrtableperf_baseline_autogen/mocs_compilation.cpp:2:
In file included from /Users/calebbuahin/Documents/Projects/cbuahin_github/openswmm.gui/build/tests/gui/test_attrtableperf_baseline_autogen/MAYCBHTXLP/moc_animationcontroller.cpp:9:
In file included from /Users/calebbuahin/Documents/Projects/cbuahin_github/openswmm.gui/build/tests/gui/test_attrtableperf_baseline_autogen/MAYCBHTXLP/../../../../../include/animation/animationcontroller.h:33:
/Users/calebbuahin/Documents/Projects/cbuahin_github/openswmm.gui/include/layers/swmm2dresultslayer.h:552:10: warning: 'setRenderer' overrides a member function but is not marked 'override' [-Winconsistent-missing-override]
  552 |     void setRenderer(std::unique_ptr<OpenSWMM::Render::IFeatureRenderer> r);
      |          ^
/Users/calebbuahin/Documents/Projects/cbuahin_github/openswmm.gui/include/layers/openswmmvislayer.h:440:18: note: overridden virtual function is here
  440 |     virtual void setRenderer(std::unique_ptr<OpenSWMM::Render::IFeatureRenderer>);
      |                  ^
In file included from /Users/calebbuahin/Documents/Projects/cbuahin_github/openswmm.gui/build/tests/gui/test_attrtableperf_baseline_autogen/mocs_compilation.cpp:28:
In file included from /Users/calebbuahin/Documents/Projects/cbuahin_github/openswmm.gui/build/tests/gui/test_attrtableperf_baseline_autogen/COIIM6MLNP/moc_gisvectorlayer.cpp:9:
/Users/calebbuahin/Documents/Projects/cbuahin_github/openswmm.gui/build/tests/gui/test_attrtableperf_baseline_autogen/COIIM6MLNP/../../../../../include/layers/gisvectorlayer.h:270:55: warning: 'renderer' overrides a member function but is not marked 'override' [-Winconsistent-missing-override]
  270 |     [[nodiscard]] OpenSWMM::Render::IFeatureRenderer *renderer() const;
      |                                                       ^
/Users/calebbuahin/Documents/Projects/cbuahin_github/openswmm.gui/include/layers/openswmmvislayer.h:434:63: note: overridden virtual function is here
  434 |     [[nodiscard]] virtual OpenSWMM::Render::IFeatureRenderer *renderer() const { return nullptr; }
      |                                                               ^
In file included from /Users/calebbuahin/Documents/Projects/cbuahin_github/openswmm.gui/build/tests/gui/test_attrtableperf_baseline_autogen/mocs_compilation.cpp:28:
In file included from /Users/calebbuahin/Documents/Projects/cbuahin_github/openswmm.gui/build/tests/gui/test_attrtableperf_baseline_autogen/COIIM6MLNP/moc_gisvectorlayer.cpp:9:
/Users/calebbuahin/Documents/Projects/cbuahin_github/openswmm.gui/build/tests/gui/test_attrtableperf_baseline_autogen/COIIM6MLNP/../../../../../include/layers/gisvectorlayer.h:278:10: warning: 'setRenderer' overrides a member function but is not marked 'override' [-Winconsistent-missing-override]
  278 |     void setRenderer(std::unique_ptr<OpenSWMM::Render::IFeatureRenderer> r);
      |          ^
/Users/calebbuahin/Documents/Projects/cbuahin_github/openswmm.gui/include/layers/openswmmvislayer.h:440:18: note: overridden virtual function is here
  440 |     virtual void setRenderer(std::unique_ptr<OpenSWMM::Render::IFeatureRenderer>);
      |                  ^
In file included from /Users/calebbuahin/Documents/Projects/cbuahin_github/openswmm.gui/build/tests/gui/test_attrtableperf_baseline_autogen/mocs_compilation.cpp:36:
In file included from /Users/calebbuahin/Documents/Projects/cbuahin_github/openswmm.gui/build/tests/gui/test_attrtableperf_baseline_autogen/COIIM6MLNP/moc_swmmresultslayer.cpp:9:
/Users/calebbuahin/Documents/Projects/cbuahin_github/openswmm.gui/build/tests/gui/test_attrtableperf_baseline_autogen/COIIM6MLNP/../../../../../include/layers/swmmresultslayer.h:408:55: warning: 'renderer' overrides a member function but is not marked 'override' [-Winconsistent-missing-override]
  408 |     [[nodiscard]] OpenSWMM::Render::IFeatureRenderer *renderer() const;
      |                                                       ^
/Users/calebbuahin/Documents/Projects/cbuahin_github/openswmm.gui/include/layers/openswmmvislayer.h:434:63: note: overridden virtual function is here
  434 |     [[nodiscard]] virtual OpenSWMM::Render::IFeatureRenderer *renderer() const { return nullptr; }
      |                                                               ^
In file included from /Users/calebbuahin/Documents/Projects/cbuahin_github/openswmm.gui/build/tests/gui/test_attrtableperf_baseline_autogen/mocs_compilation.cpp:36:
In file included from /Users/calebbuahin/Documents/Projects/cbuahin_github/openswmm.gui/build/tests/gui/test_attrtableperf_baseline_autogen/COIIM6MLNP/moc_swmmresultslayer.cpp:9:
/Users/calebbuahin/Documents/Projects/cbuahin_github/openswmm.gui/build/tests/gui/test_attrtableperf_baseline_autogen/COIIM6MLNP/../../../../../include/layers/swmmresultslayer.h:417:10: warning: 'setRenderer' overrides a member function but is not marked 'override' [-Winconsistent-missing-override]
  417 |     void setRenderer(std::unique_ptr<OpenSWMM::Render::IFeatureRenderer> r);
      |          ^
/Users/calebbuahin/Documents/Projects/cbuahin_github/openswmm.gui/include/layers/openswmmvislayer.h:440:18: note: overridden virtual function is here
  440 |     virtual void setRenderer(std::unique_ptr<OpenSWMM::Render::IFeatureRenderer>);
      |                  ^
6 warnings generated.
[208/375] Building CXX object tests/gui/CMakeFiles/test_mesheditingtoolbar_bc.dir/__/__/src/connections/basemapconnectionstore.cpp.o
[209/375] Building CXX object tests/gui/CMakeFiles/test_mesheditingtoolbar_bc.dir/__/__/src/layers/xyztilelayer.cpp.o
[210/375] Building CXX object tests/gui/CMakeFiles/test_mesheditingtoolbar_bc.dir/__/__/src/map/mapcanvas.cpp.o
In file included from /Users/calebbuahin/Documents/Projects/cbuahin_github/openswmm.gui/src/map/mapcanvas.cpp:20:
/Users/calebbuahin/Documents/Projects/cbuahin_github/openswmm.gui/include/layers/gisvectorlayer.h:270:55: warning: 'renderer' overrides a member function but is not marked 'override' [-Winconsistent-missing-override]
  270 |     [[nodiscard]] OpenSWMM::Render::IFeatureRenderer *renderer() const;
      |                                                       ^
/Users/calebbuahin/Documents/Projects/cbuahin_github/openswmm.gui/include/layers/openswmmvislayer.h:434:63: note: overridden virtual function is here
  434 |     [[nodiscard]] virtual OpenSWMM::Render::IFeatureRenderer *renderer() const { return nullptr; }
      |                                                               ^
In file included from /Users/calebbuahin/Documents/Projects/cbuahin_github/openswmm.gui/src/map/mapcanvas.cpp:20:
/Users/calebbuahin/Documents/Projects/cbuahin_github/openswmm.gui/include/layers/gisvectorlayer.h:278:10: warning: 'setRenderer' overrides a member function but is not marked 'override' [-Winconsistent-missing-override]
  278 |     void setRenderer(std::unique_ptr<OpenSWMM::Render::IFeatureRenderer> r);
      |          ^
/Users/calebbuahin/Documents/Projects/cbuahin_github/openswmm.gui/include/layers/openswmmvislayer.h:440:18: note: overridden virtual function is here
  440 |     virtual void setRenderer(std::unique_ptr<OpenSWMM::Render::IFeatureRenderer>);
      |                  ^
In file included from /Users/calebbuahin/Documents/Projects/cbuahin_github/openswmm.gui/src/map/mapcanvas.cpp:31:
/Users/calebbuahin/Documents/Projects/cbuahin_github/openswmm.gui/include/layers/swmm2dresultslayer.h:544:55: warning: 'renderer' overrides a member function but is not marked 'override' [-Winconsistent-missing-override]
  544 |     [[nodiscard]] OpenSWMM::Render::IFeatureRenderer *renderer() const;
      |                                                       ^
/Users/calebbuahin/Documents/Projects/cbuahin_github/openswmm.gui/include/layers/openswmmvislayer.h:434:63: note: overridden virtual function is here
  434 |     [[nodiscard]] virtual OpenSWMM::Render::IFeatureRenderer *renderer() const { return nullptr; }
      |                                                               ^
In file included from /Users/calebbuahin/Documents/Projects/cbuahin_github/openswmm.gui/src/map/mapcanvas.cpp:31:
/Users/calebbuahin/Documents/Projects/cbuahin_github/openswmm.gui/include/layers/swmm2dresultslayer.h:552:10: warning: 'setRenderer' overrides a member function but is not marked 'override' [-Winconsistent-missing-override]
  552 |     void setRenderer(std::unique_ptr<OpenSWMM::Render::IFeatureRenderer> r);
      |          ^
/Users/calebbuahin/Documents/Projects/cbuahin_github/openswmm.gui/include/layers/openswmmvislayer.h:440:18: note: overridden virtual function is here
  440 |     virtual void setRenderer(std::unique_ptr<OpenSWMM::Render::IFeatureRenderer>);
      |                  ^
4 warnings generated.
[211/375] Building CXX object tests/gui/CMakeFiles/test_mesheditingtoolbar_bc.dir/__/__/src/project/projectserializer.cpp.o
In file included from /Users/calebbuahin/Documents/Projects/cbuahin_github/openswmm.gui/src/project/projectserializer.cpp:12:
/Users/calebbuahin/Documents/Projects/cbuahin_github/openswmm.gui/include/layers/gisvectorlayer.h:270:55: warning: 'renderer' overrides a member function but is not marked 'override' [-Winconsistent-missing-override]
  270 |     [[nodiscard]] OpenSWMM::Render::IFeatureRenderer *renderer() const;
      |                                                       ^
/Users/calebbuahin/Documents/Projects/cbuahin_github/openswmm.gui/include/layers/openswmmvislayer.h:434:63: note: overridden virtual function is here
  434 |     [[nodiscard]] virtual OpenSWMM::Render::IFeatureRenderer *renderer() const { return nullptr; }
      |                                                               ^
In file included from /Users/calebbuahin/Documents/Projects/cbuahin_github/openswmm.gui/src/project/projectserializer.cpp:12:
/Users/calebbuahin/Documents/Projects/cbuahin_github/openswmm.gui/include/layers/gisvectorlayer.h:278:10: warning: 'setRenderer' overrides a member function but is not marked 'override' [-Winconsistent-missing-override]
  278 |     void setRenderer(std::unique_ptr<OpenSWMM::Render::IFeatureRenderer> r);
      |          ^
/Users/calebbuahin/Documents/Projects/cbuahin_github/openswmm.gui/include/layers/openswmmvislayer.h:440:18: note: overridden virtual function is here
  440 |     virtual void setRenderer(std::unique_ptr<OpenSWMM::Render::IFeatureRenderer>);
      |                  ^
In file included from /Users/calebbuahin/Documents/Projects/cbuahin_github/openswmm.gui/src/project/projectserializer.cpp:15:
/Users/calebbuahin/Documents/Projects/cbuahin_github/openswmm.gui/include/layers/swmm2dresultslayer.h:544:55: warning: 'renderer' overrides a member function but is not marked 'override' [-Winconsistent-missing-override]
  544 |     [[nodiscard]] OpenSWMM::Render::IFeatureRenderer *renderer() const;
      |                                                       ^
/Users/calebbuahin/Documents/Projects/cbuahin_github/openswmm.gui/include/layers/openswmmvislayer.h:434:63: note: overridden virtual function is here
  434 |     [[nodiscard]] virtual OpenSWMM::Render::IFeatureRenderer *renderer() const { return nullptr; }
      |                                                               ^
In file included from /Users/calebbuahin/Documents/Projects/cbuahin_github/openswmm.gui/src/project/projectserializer.cpp:15:
/Users/calebbuahin/Documents/Projects/cbuahin_github/openswmm.gui/include/layers/swmm2dresultslayer.h:552:10: warning: 'setRenderer' overrides a member function but is not marked 'override' [-Winconsistent-missing-override]
  552 |     void setRenderer(std::unique_ptr<OpenSWMM::Render::IFeatureRenderer> r);
      |          ^
/Users/calebbuahin/Documents/Projects/cbuahin_github/openswmm.gui/include/layers/openswmmvislayer.h:440:18: note: overridden virtual function is here
  440 |     virtual void setRenderer(std::unique_ptr<OpenSWMM::Render::IFeatureRenderer>);
      |                  ^
In file included from /Users/calebbuahin/Documents/Projects/cbuahin_github/openswmm.gui/src/project/projectserializer.cpp:17:
/Users/calebbuahin/Documents/Projects/cbuahin_github/openswmm.gui/include/layers/swmmresultslayer.h:408:55: warning: 'renderer' overrides a member function but is not marked 'override' [-Winconsistent-missing-override]
  408 |     [[nodiscard]] OpenSWMM::Render::IFeatureRenderer *renderer() const;
      |                                                       ^
/Users/calebbuahin/Documents/Projects/cbuahin_github/openswmm.gui/include/layers/openswmmvislayer.h:434:63: note: overridden virtual function is here
  434 |     [[nodiscard]] virtual OpenSWMM::Render::IFeatureRenderer *renderer() const { return nullptr; }
      |                                                               ^
In file included from /Users/calebbuahin/Documents/Projects/cbuahin_github/openswmm.gui/src/project/projectserializer.cpp:17:
/Users/calebbuahin/Documents/Projects/cbuahin_github/openswmm.gui/include/layers/swmmresultslayer.h:417:10: warning: 'setRenderer' overrides a member function but is not marked 'override' [-Winconsistent-missing-override]
  417 |     void setRenderer(std::unique_ptr<OpenSWMM::Render::IFeatureRenderer> r);
      |          ^
/Users/calebbuahin/Documents/Projects/cbuahin_github/openswmm.gui/include/layers/openswmmvislayer.h:440:18: note: overridden virtual function is here
  440 |     virtual void setRenderer(std::unique_ptr<OpenSWMM::Render::IFeatureRenderer>);
      |                  ^
6 warnings generated.
[212/375] Building CXX object tests/gui/CMakeFiles/test_meshboundarypath.dir/__/__/src/swmmvis.cpp.o
In file included from /Users/calebbuahin/Documents/Projects/cbuahin_github/openswmm.gui/src/swmmvis.cpp:76:
In file included from /Users/calebbuahin/Documents/Projects/cbuahin_github/openswmm.gui/include/ui/dialogs/sublayerselectiondialog.h:19:
/Users/calebbuahin/Documents/Projects/cbuahin_github/openswmm.gui/include/layers/gisvectorlayer.h:270:55: warning: 'renderer' overrides a member function but is not marked 'override' [-Winconsistent-missing-override]
  270 |     [[nodiscard]] OpenSWMM::Render::IFeatureRenderer *renderer() const;
      |                                                       ^
/Users/calebbuahin/Documents/Projects/cbuahin_github/openswmm.gui/include/layers/openswmmvislayer.h:434:63: note: overridden virtual function is here
  434 |     [[nodiscard]] virtual OpenSWMM::Render::IFeatureRenderer *renderer() const { return nullptr; }
      |                                                               ^
In file included from /Users/calebbuahin/Documents/Projects/cbuahin_github/openswmm.gui/src/swmmvis.cpp:76:
In file included from /Users/calebbuahin/Documents/Projects/cbuahin_github/openswmm.gui/include/ui/dialogs/sublayerselectiondialog.h:19:
/Users/calebbuahin/Documents/Projects/cbuahin_github/openswmm.gui/include/layers/gisvectorlayer.h:278:10: warning: 'setRenderer' overrides a member function but is not marked 'override' [-Winconsistent-missing-override]
  278 |     void setRenderer(std::unique_ptr<OpenSWMM::Render::IFeatureRenderer> r);
      |          ^
/Users/calebbuahin/Documents/Projects/cbuahin_github/openswmm.gui/include/layers/openswmmvislayer.h:440:18: note: overridden virtual function is here
  440 |     virtual void setRenderer(std::unique_ptr<OpenSWMM::Render::IFeatureRenderer>);
      |                  ^
In file included from /Users/calebbuahin/Documents/Projects/cbuahin_github/openswmm.gui/src/swmmvis.cpp:89:
/Users/calebbuahin/Documents/Projects/cbuahin_github/openswmm.gui/include/core/swmmdatetime.h:61:12: warning: 'QDateTime' is deprecated: Pass QTimeZone instead [-Wdeprecated-declarations]
   61 |     return QDateTime(date, QTime(h, mi, s), Qt::UTC);
      |            ^
/Users/calebbuahin/Qt/6.9.3/macos/lib/QtCore.framework/Headers/qdatetime.h:361:5: note: 'QDateTime' has been explicitly marked deprecated here
  361 |     QT_DEPRECATED_VERSION_X_6_9("Pass QTimeZone instead")
      |     ^
/Users/calebbuahin/Qt/6.9.3/macos/lib/QtCore.framework/Headers/qtdeprecationmarkers.h:213:44: note: expanded from macro 'QT_DEPRECATED_VERSION_X_6_9'
  213 | # define QT_DEPRECATED_VERSION_X_6_9(text) QT_DEPRECATED_X(text)
      |                                            ^
/Users/calebbuahin/Qt/6.9.3/macos/lib/QtCore.framework/Headers/qtdeprecationmarkers.h:29:33: note: expanded from macro 'QT_DEPRECATED_X'
   29 | #  define QT_DEPRECATED_X(text) Q_DECL_DEPRECATED_X(text)
      |                                 ^
/Users/calebbuahin/Qt/6.9.3/macos/lib/QtCore.framework/Headers/qcompilerdetection.h:1011:36: note: expanded from macro 'Q_DECL_DEPRECATED_X'
 1011 | #  define Q_DECL_DEPRECATED_X(x) [[deprecated(x)]]
      |                                    ^
In file included from /Users/calebbuahin/Documents/Projects/cbuahin_github/openswmm.gui/src/swmmvis.cpp:89:
/Users/calebbuahin/Documents/Projects/cbuahin_github/openswmm.gui/include/core/swmmdatetime.h:61:12: warning: 'QDateTime' is deprecated: Pass QTimeZone instead [-Wdeprecated-declarations]
   61 |     return QDateTime(date, QTime(h, mi, s), Qt::UTC);
      |            ^
/Users/calebbuahin/Qt/6.9.3/macos/lib/QtCore.framework/Headers/qdatetime.h:361:5: note: 'QDateTime' has been explicitly marked deprecated here
  361 |     QT_DEPRECATED_VERSION_X_6_9("Pass QTimeZone instead")
      |     ^
/Users/calebbuahin/Qt/6.9.3/macos/lib/QtCore.framework/Headers/qtdeprecationmarkers.h:213:44: note: expanded from macro 'QT_DEPRECATED_VERSION_X_6_9'
  213 | # define QT_DEPRECATED_VERSION_X_6_9(text) QT_DEPRECATED_X(text)
      |                                            ^
/Users/calebbuahin/Qt/6.9.3/macos/lib/QtCore.framework/Headers/qtdeprecationmarkers.h:29:33: note: expanded from macro 'QT_DEPRECATED_X'
   29 | #  define QT_DEPRECATED_X(text) Q_DECL_DEPRECATED_X(text)
      |                                 ^
/Users/calebbuahin/Qt/6.9.3/macos/lib/QtCore.framework/Headers/qcompilerdetection.h:1011:36: note: expanded from macro 'Q_DECL_DEPRECATED_X'
 1011 | #  define Q_DECL_DEPRECATED_X(x) [[deprecated(x)]]
      |                                    ^
In file included from /Users/calebbuahin/Documents/Projects/cbuahin_github/openswmm.gui/src/swmmvis.cpp:136:
/Users/calebbuahin/Documents/Projects/cbuahin_github/openswmm.gui/include/layers/swmmresultslayer.h:408:55: warning: 'renderer' overrides a member function but is not marked 'override' [-Winconsistent-missing-override]
  408 |     [[nodiscard]] OpenSWMM::Render::IFeatureRenderer *renderer() const;
      |                                                       ^
/Users/calebbuahin/Documents/Projects/cbuahin_github/openswmm.gui/include/layers/openswmmvislayer.h:434:63: note: overridden virtual function is here
  434 |     [[nodiscard]] virtual OpenSWMM::Render::IFeatureRenderer *renderer() const { return nullptr; }
      |                                                               ^
In file included from /Users/calebbuahin/Documents/Projects/cbuahin_github/openswmm.gui/src/swmmvis.cpp:136:
/Users/calebbuahin/Documents/Projects/cbuahin_github/openswmm.gui/include/layers/swmmresultslayer.h:417:10: warning: 'setRenderer' overrides a member function but is not marked 'override' [-Winconsistent-missing-override]
  417 |     void setRenderer(std::unique_ptr<OpenSWMM::Render::IFeatureRenderer> r);
      |          ^
/Users/calebbuahin/Documents/Projects/cbuahin_github/openswmm.gui/include/layers/openswmmvislayer.h:440:18: note: overridden virtual function is here
  440 |     virtual void setRenderer(std::unique_ptr<OpenSWMM::Render::IFeatureRenderer>);
      |                  ^
In file included from /Users/calebbuahin/Documents/Projects/cbuahin_github/openswmm.gui/src/swmmvis.cpp:194:
/Users/calebbuahin/Documents/Projects/cbuahin_github/openswmm.gui/include/layers/swmm2dresultslayer.h:544:55: warning: 'renderer' overrides a member function but is not marked 'override' [-Winconsistent-missing-override]
  544 |     [[nodiscard]] OpenSWMM::Render::IFeatureRenderer *renderer() const;
      |                                                       ^
/Users/calebbuahin/Documents/Projects/cbuahin_github/openswmm.gui/include/layers/openswmmvislayer.h:434:63: note: overridden virtual function is here
  434 |     [[nodiscard]] virtual OpenSWMM::Render::IFeatureRenderer *renderer() const { return nullptr; }
      |                                                               ^
In file included from /Users/calebbuahin/Documents/Projects/cbuahin_github/openswmm.gui/src/swmmvis.cpp:194:
/Users/calebbuahin/Documents/Projects/cbuahin_github/openswmm.gui/include/layers/swmm2dresultslayer.h:552:10: warning: 'setRenderer' overrides a member function but is not marked 'override' [-Winconsistent-missing-override]
  552 |     void setRenderer(std::unique_ptr<OpenSWMM::Render::IFeatureRenderer> r);
      |          ^
/Users/calebbuahin/Documents/Projects/cbuahin_github/openswmm.gui/include/layers/openswmmvislayer.h:440:18: note: overridden virtual function is here
  440 |     virtual void setRenderer(std::unique_ptr<OpenSWMM::Render::IFeatureRenderer>);
      |                  ^
8 warnings generated.
[213/375] Building CXX object tests/gui/CMakeFiles/test_mesheditingtoolbar_bc.dir/__/__/src/ui/dialogs/layerstyledialog.cpp.o
In file included from /Users/calebbuahin/Documents/Projects/cbuahin_github/openswmm.gui/src/ui/dialogs/layerstyledialog.cpp:24:
/Users/calebbuahin/Documents/Projects/cbuahin_github/openswmm.gui/include/layers/gisvectorlayer.h:270:55: warning: 'renderer' overrides a member function but is not marked 'override' [-Winconsistent-missing-override]
  270 |     [[nodiscard]] OpenSWMM::Render::IFeatureRenderer *renderer() const;
      |                                                       ^
/Users/calebbuahin/Documents/Projects/cbuahin_github/openswmm.gui/include/layers/openswmmvislayer.h:434:63: note: overridden virtual function is here
  434 |     [[nodiscard]] virtual OpenSWMM::Render::IFeatureRenderer *renderer() const { return nullptr; }
      |                                                               ^
In file included from /Users/calebbuahin/Documents/Projects/cbuahin_github/openswmm.gui/src/ui/dialogs/layerstyledialog.cpp:24:
/Users/calebbuahin/Documents/Projects/cbuahin_github/openswmm.gui/include/layers/gisvectorlayer.h:278:10: warning: 'setRenderer' overrides a member function but is not marked 'override' [-Winconsistent-missing-override]
  278 |     void setRenderer(std::unique_ptr<OpenSWMM::Render::IFeatureRenderer> r);
      |          ^
/Users/calebbuahin/Documents/Projects/cbuahin_github/openswmm.gui/include/layers/openswmmvislayer.h:440:18: note: overridden virtual function is here
  440 |     virtual void setRenderer(std::unique_ptr<OpenSWMM::Render::IFeatureRenderer>);
      |                  ^
In file included from /Users/calebbuahin/Documents/Projects/cbuahin_github/openswmm.gui/src/ui/dialogs/layerstyledialog.cpp:27:
/Users/calebbuahin/Documents/Projects/cbuahin_github/openswmm.gui/include/layers/swmmresultslayer.h:408:55: warning: 'renderer' overrides a member function but is not marked 'override' [-Winconsistent-missing-override]
  408 |     [[nodiscard]] OpenSWMM::Render::IFeatureRenderer *renderer() const;
      |                                                       ^
/Users/calebbuahin/Documents/Projects/cbuahin_github/openswmm.gui/include/layers/openswmmvislayer.h:434:63: note: overridden virtual function is here
  434 |     [[nodiscard]] virtual OpenSWMM::Render::IFeatureRenderer *renderer() const { return nullptr; }
      |                                                               ^
In file included from /Users/calebbuahin/Documents/Projects/cbuahin_github/openswmm.gui/src/ui/dialogs/layerstyledialog.cpp:27:
/Users/calebbuahin/Documents/Projects/cbuahin_github/openswmm.gui/include/layers/swmmresultslayer.h:417:10: warning: 'setRenderer' overrides a member function but is not marked 'override' [-Winconsistent-missing-override]
  417 |     void setRenderer(std::unique_ptr<OpenSWMM::Render::IFeatureRenderer> r);
      |          ^
/Users/calebbuahin/Documents/Projects/cbuahin_github/openswmm.gui/include/layers/openswmmvislayer.h:440:18: note: overridden virtual function is here
  440 |     virtual void setRenderer(std::unique_ptr<OpenSWMM::Render::IFeatureRenderer>);
      |                  ^
In file included from /Users/calebbuahin/Documents/Projects/cbuahin_github/openswmm.gui/src/ui/dialogs/layerstyledialog.cpp:28:
/Users/calebbuahin/Documents/Projects/cbuahin_github/openswmm.gui/include/layers/swmm2dresultslayer.h:544:55: warning: 'renderer' overrides a member function but is not marked 'override' [-Winconsistent-missing-override]
  544 |     [[nodiscard]] OpenSWMM::Render::IFeatureRenderer *renderer() const;
      |                                                       ^
/Users/calebbuahin/Documents/Projects/cbuahin_github/openswmm.gui/include/layers/openswmmvislayer.h:434:63: note: overridden virtual function is here
  434 |     [[nodiscard]] virtual OpenSWMM::Render::IFeatureRenderer *renderer() const { return nullptr; }
      |                                                               ^
In file included from /Users/calebbuahin/Documents/Projects/cbuahin_github/openswmm.gui/src/ui/dialogs/layerstyledialog.cpp:28:
/Users/calebbuahin/Documents/Projects/cbuahin_github/openswmm.gui/include/layers/swmm2dresultslayer.h:552:10: warning: 'setRenderer' overrides a member function but is not marked 'override' [-Winconsistent-missing-override]
  552 |     void setRenderer(std::unique_ptr<OpenSWMM::Render::IFeatureRenderer> r);
      |          ^
/Users/calebbuahin/Documents/Projects/cbuahin_github/openswmm.gui/include/layers/openswmmvislayer.h:440:18: note: overridden virtual function is here
  440 |     virtual void setRenderer(std::unique_ptr<OpenSWMM::Render::IFeatureRenderer>);
      |                  ^
6 warnings generated.
[214/375] Building CXX object tests/gui/CMakeFiles/test_mesheditingtoolbar_bc.dir/__/__/src/ui/widgets/basemaphttpheaderswidget.cpp.o
[215/375] Building CXX object tests/gui/CMakeFiles/test_mesheditingtoolbar_bc.dir/__/__/src/ui/dialogs/addbasemapdialog.cpp.o
In file included from /Users/calebbuahin/Documents/Projects/cbuahin_github/openswmm.gui/src/ui/dialogs/addbasemapdialog.cpp:26:
In file included from /Users/calebbuahin/Documents/Projects/cbuahin_github/openswmm.gui/include/layers/wfslayer.h:27:
/Users/calebbuahin/Documents/Projects/cbuahin_github/openswmm.gui/include/layers/gisvectorlayer.h:270:55: warning: 'renderer' overrides a member function but is not marked 'override' [-Winconsistent-missing-override]
  270 |     [[nodiscard]] OpenSWMM::Render::IFeatureRenderer *renderer() const;
      |                                                       ^
/Users/calebbuahin/Documents/Projects/cbuahin_github/openswmm.gui/include/layers/openswmmvislayer.h:434:63: note: overridden virtual function is here
  434 |     [[nodiscard]] virtual OpenSWMM::Render::IFeatureRenderer *renderer() const { return nullptr; }
      |                                                               ^
In file included from /Users/calebbuahin/Documents/Projects/cbuahin_github/openswmm.gui/src/ui/dialogs/addbasemapdialog.cpp:26:
In file included from /Users/calebbuahin/Documents/Projects/cbuahin_github/openswmm.gui/include/layers/wfslayer.h:27:
/Users/calebbuahin/Documents/Projects/cbuahin_github/openswmm.gui/include/layers/gisvectorlayer.h:278:10: warning: 'setRenderer' overrides a member function but is not marked 'override' [-Winconsistent-missing-override]
  278 |     void setRenderer(std::unique_ptr<OpenSWMM::Render::IFeatureRenderer> r);
      |          ^
/Users/calebbuahin/Documents/Projects/cbuahin_github/openswmm.gui/include/layers/openswmmvislayer.h:440:18: note: overridden virtual function is here
  440 |     virtual void setRenderer(std::unique_ptr<OpenSWMM::Render::IFeatureRenderer>);
      |                  ^
2 warnings generated.
[216/375] Building CXX object tests/gui/CMakeFiles/test_meshasyncload.dir/test_meshasyncload_autogen/mocs_compilation.cpp.o
In file included from /Users/calebbuahin/Documents/Projects/cbuahin_github/openswmm.gui/build/tests/gui/test_meshasyncload_autogen/mocs_compilation.cpp:2:
In file included from /Users/calebbuahin/Documents/Projects/cbuahin_github/openswmm.gui/build/tests/gui/test_meshasyncload_autogen/MAYCBHTXLP/moc_animationcontroller.cpp:9:
In file included from /Users/calebbuahin/Documents/Projects/cbuahin_github/openswmm.gui/build/tests/gui/test_meshasyncload_autogen/MAYCBHTXLP/../../../../../include/animation/animationcontroller.h:33:
/Users/calebbuahin/Documents/Projects/cbuahin_github/openswmm.gui/include/layers/swmm2dresultslayer.h:544:55: warning: 'renderer' overrides a member function but is not marked 'override' [-Winconsistent-missing-override]
  544 |     [[nodiscard]] OpenSWMM::Render::IFeatureRenderer *renderer() const;
      |                                                       ^
/Users/calebbuahin/Documents/Projects/cbuahin_github/openswmm.gui/include/layers/openswmmvislayer.h:434:63: note: overridden virtual function is here
  434 |     [[nodiscard]] virtual OpenSWMM::Render::IFeatureRenderer *renderer() const { return nullptr; }
      |                                                               ^
In file included from /Users/calebbuahin/Documents/Projects/cbuahin_github/openswmm.gui/build/tests/gui/test_meshasyncload_autogen/mocs_compilation.cpp:2:
In file included from /Users/calebbuahin/Documents/Projects/cbuahin_github/openswmm.gui/build/tests/gui/test_meshasyncload_autogen/MAYCBHTXLP/moc_animationcontroller.cpp:9:
In file included from /Users/calebbuahin/Documents/Projects/cbuahin_github/openswmm.gui/build/tests/gui/test_meshasyncload_autogen/MAYCBHTXLP/../../../../../include/animation/animationcontroller.h:33:
/Users/calebbuahin/Documents/Projects/cbuahin_github/openswmm.gui/include/layers/swmm2dresultslayer.h:552:10: warning: 'setRenderer' overrides a member function but is not marked 'override' [-Winconsistent-missing-override]
  552 |     void setRenderer(std::unique_ptr<OpenSWMM::Render::IFeatureRenderer> r);
      |          ^
/Users/calebbuahin/Documents/Projects/cbuahin_github/openswmm.gui/include/layers/openswmmvislayer.h:440:18: note: overridden virtual function is here
  440 |     virtual void setRenderer(std::unique_ptr<OpenSWMM::Render::IFeatureRenderer>);
      |                  ^
In file included from /Users/calebbuahin/Documents/Projects/cbuahin_github/openswmm.gui/build/tests/gui/test_meshasyncload_autogen/mocs_compilation.cpp:28:
In file included from /Users/calebbuahin/Documents/Projects/cbuahin_github/openswmm.gui/build/tests/gui/test_meshasyncload_autogen/COIIM6MLNP/moc_gisvectorlayer.cpp:9:
/Users/calebbuahin/Documents/Projects/cbuahin_github/openswmm.gui/build/tests/gui/test_meshasyncload_autogen/COIIM6MLNP/../../../../../include/layers/gisvectorlayer.h:270:55: warning: 'renderer' overrides a member function but is not marked 'override' [-Winconsistent-missing-override]
  270 |     [[nodiscard]] OpenSWMM::Render::IFeatureRenderer *renderer() const;
      |                                                       ^
/Users/calebbuahin/Documents/Projects/cbuahin_github/openswmm.gui/include/layers/openswmmvislayer.h:434:63: note: overridden virtual function is here
  434 |     [[nodiscard]] virtual OpenSWMM::Render::IFeatureRenderer *renderer() const { return nullptr; }
      |                                                               ^
In file included from /Users/calebbuahin/Documents/Projects/cbuahin_github/openswmm.gui/build/tests/gui/test_meshasyncload_autogen/mocs_compilation.cpp:28:
In file included from /Users/calebbuahin/Documents/Projects/cbuahin_github/openswmm.gui/build/tests/gui/test_meshasyncload_autogen/COIIM6MLNP/moc_gisvectorlayer.cpp:9:
/Users/calebbuahin/Documents/Projects/cbuahin_github/openswmm.gui/build/tests/gui/test_meshasyncload_autogen/COIIM6MLNP/../../../../../include/layers/gisvectorlayer.h:278:10: warning: 'setRenderer' overrides a member function but is not marked 'override' [-Winconsistent-missing-override]
  278 |     void setRenderer(std::unique_ptr<OpenSWMM::Render::IFeatureRenderer> r);
      |          ^
/Users/calebbuahin/Documents/Projects/cbuahin_github/openswmm.gui/include/layers/openswmmvislayer.h:440:18: note: overridden virtual function is here
  440 |     virtual void setRenderer(std::unique_ptr<OpenSWMM::Render::IFeatureRenderer>);
      |                  ^
In file included from /Users/calebbuahin/Documents/Projects/cbuahin_github/openswmm.gui/build/tests/gui/test_meshasyncload_autogen/mocs_compilation.cpp:36:
In file included from /Users/calebbuahin/Documents/Projects/cbuahin_github/openswmm.gui/build/tests/gui/test_meshasyncload_autogen/COIIM6MLNP/moc_swmmresultslayer.cpp:9:
/Users/calebbuahin/Documents/Projects/cbuahin_github/openswmm.gui/build/tests/gui/test_meshasyncload_autogen/COIIM6MLNP/../../../../../include/layers/swmmresultslayer.h:408:55: warning: 'renderer' overrides a member function but is not marked 'override' [-Winconsistent-missing-override]
  408 |     [[nodiscard]] OpenSWMM::Render::IFeatureRenderer *renderer() const;
      |                                                       ^
/Users/calebbuahin/Documents/Projects/cbuahin_github/openswmm.gui/include/layers/openswmmvislayer.h:434:63: note: overridden virtual function is here
  434 |     [[nodiscard]] virtual OpenSWMM::Render::IFeatureRenderer *renderer() const { return nullptr; }
      |                                                               ^
In file included from /Users/calebbuahin/Documents/Projects/cbuahin_github/openswmm.gui/build/tests/gui/test_meshasyncload_autogen/mocs_compilation.cpp:36:
In file included from /Users/calebbuahin/Documents/Projects/cbuahin_github/openswmm.gui/build/tests/gui/test_meshasyncload_autogen/COIIM6MLNP/moc_swmmresultslayer.cpp:9:
/Users/calebbuahin/Documents/Projects/cbuahin_github/openswmm.gui/build/tests/gui/test_meshasyncload_autogen/COIIM6MLNP/../../../../../include/layers/swmmresultslayer.h:417:10: warning: 'setRenderer' overrides a member function but is not marked 'override' [-Winconsistent-missing-override]
  417 |     void setRenderer(std::unique_ptr<OpenSWMM::Render::IFeatureRenderer> r);
      |          ^
/Users/calebbuahin/Documents/Projects/cbuahin_github/openswmm.gui/include/layers/openswmmvislayer.h:440:18: note: overridden virtual function is here
  440 |     virtual void setRenderer(std::unique_ptr<OpenSWMM::Render::IFeatureRenderer>);
      |                  ^
6 warnings generated.
[217/375] Building CXX object tests/gui/CMakeFiles/test_gisvectorpopulate.dir/__/__/src/connections/basemapconnectionstore.cpp.o
[218/375] Building CXX object tests/gui/CMakeFiles/test_gisvectorpopulate.dir/__/__/src/layers/xyztilelayer.cpp.o
[219/375] Building CXX object tests/gui/CMakeFiles/test_gisvectorpopulate.dir/__/__/src/map/mapcanvas.cpp.o
In file included from /Users/calebbuahin/Documents/Projects/cbuahin_github/openswmm.gui/src/map/mapcanvas.cpp:20:
/Users/calebbuahin/Documents/Projects/cbuahin_github/openswmm.gui/include/layers/gisvectorlayer.h:270:55: warning: 'renderer' overrides a member function but is not marked 'override' [-Winconsistent-missing-override]
  270 |     [[nodiscard]] OpenSWMM::Render::IFeatureRenderer *renderer() const;
      |                                                       ^
/Users/calebbuahin/Documents/Projects/cbuahin_github/openswmm.gui/include/layers/openswmmvislayer.h:434:63: note: overridden virtual function is here
  434 |     [[nodiscard]] virtual OpenSWMM::Render::IFeatureRenderer *renderer() const { return nullptr; }
      |                                                               ^
In file included from /Users/calebbuahin/Documents/Projects/cbuahin_github/openswmm.gui/src/map/mapcanvas.cpp:20:
/Users/calebbuahin/Documents/Projects/cbuahin_github/openswmm.gui/include/layers/gisvectorlayer.h:278:10: warning: 'setRenderer' overrides a member function but is not marked 'override' [-Winconsistent-missing-override]
  278 |     void setRenderer(std::unique_ptr<OpenSWMM::Render::IFeatureRenderer> r);
      |          ^
/Users/calebbuahin/Documents/Projects/cbuahin_github/openswmm.gui/include/layers/openswmmvislayer.h:440:18: note: overridden virtual function is here
  440 |     virtual void setRenderer(std::unique_ptr<OpenSWMM::Render::IFeatureRenderer>);
      |                  ^
In file included from /Users/calebbuahin/Documents/Projects/cbuahin_github/openswmm.gui/src/map/mapcanvas.cpp:31:
/Users/calebbuahin/Documents/Projects/cbuahin_github/openswmm.gui/include/layers/swmm2dresultslayer.h:544:55: warning: 'renderer' overrides a member function but is not marked 'override' [-Winconsistent-missing-override]
  544 |     [[nodiscard]] OpenSWMM::Render::IFeatureRenderer *renderer() const;
      |                                                       ^
/Users/calebbuahin/Documents/Projects/cbuahin_github/openswmm.gui/include/layers/openswmmvislayer.h:434:63: note: overridden virtual function is here
  434 |     [[nodiscard]] virtual OpenSWMM::Render::IFeatureRenderer *renderer() const { return nullptr; }
      |                                                               ^
In file included from /Users/calebbuahin/Documents/Projects/cbuahin_github/openswmm.gui/src/map/mapcanvas.cpp:31:
/Users/calebbuahin/Documents/Projects/cbuahin_github/openswmm.gui/include/layers/swmm2dresultslayer.h:552:10: warning: 'setRenderer' overrides a member function but is not marked 'override' [-Winconsistent-missing-override]
  552 |     void setRenderer(std::unique_ptr<OpenSWMM::Render::IFeatureRenderer> r);
      |          ^
/Users/calebbuahin/Documents/Projects/cbuahin_github/openswmm.gui/include/layers/openswmmvislayer.h:440:18: note: overridden virtual function is here
  440 |     virtual void setRenderer(std::unique_ptr<OpenSWMM::Render::IFeatureRenderer>);
      |                  ^
4 warnings generated.
[220/375] Building CXX object tests/gui/CMakeFiles/test_gisvectorpopulate.dir/__/__/src/project/projectserializer.cpp.o
In file included from /Users/calebbuahin/Documents/Projects/cbuahin_github/openswmm.gui/src/project/projectserializer.cpp:12:
/Users/calebbuahin/Documents/Projects/cbuahin_github/openswmm.gui/include/layers/gisvectorlayer.h:270:55: warning: 'renderer' overrides a member function but is not marked 'override' [-Winconsistent-missing-override]
  270 |     [[nodiscard]] OpenSWMM::Render::IFeatureRenderer *renderer() const;
      |                                                       ^
/Users/calebbuahin/Documents/Projects/cbuahin_github/openswmm.gui/include/layers/openswmmvislayer.h:434:63: note: overridden virtual function is here
  434 |     [[nodiscard]] virtual OpenSWMM::Render::IFeatureRenderer *renderer() const { return nullptr; }
      |                                                               ^
In file included from /Users/calebbuahin/Documents/Projects/cbuahin_github/openswmm.gui/src/project/projectserializer.cpp:12:
/Users/calebbuahin/Documents/Projects/cbuahin_github/openswmm.gui/include/layers/gisvectorlayer.h:278:10: warning: 'setRenderer' overrides a member function but is not marked 'override' [-Winconsistent-missing-override]
  278 |     void setRenderer(std::unique_ptr<OpenSWMM::Render::IFeatureRenderer> r);
      |          ^
/Users/calebbuahin/Documents/Projects/cbuahin_github/openswmm.gui/include/layers/openswmmvislayer.h:440:18: note: overridden virtual function is here
  440 |     virtual void setRenderer(std::unique_ptr<OpenSWMM::Render::IFeatureRenderer>);
      |                  ^
In file included from /Users/calebbuahin/Documents/Projects/cbuahin_github/openswmm.gui/src/project/projectserializer.cpp:15:
/Users/calebbuahin/Documents/Projects/cbuahin_github/openswmm.gui/include/layers/swmm2dresultslayer.h:544:55: warning: 'renderer' overrides a member function but is not marked 'override' [-Winconsistent-missing-override]
  544 |     [[nodiscard]] OpenSWMM::Render::IFeatureRenderer *renderer() const;
      |                                                       ^
/Users/calebbuahin/Documents/Projects/cbuahin_github/openswmm.gui/include/layers/openswmmvislayer.h:434:63: note: overridden virtual function is here
  434 |     [[nodiscard]] virtual OpenSWMM::Render::IFeatureRenderer *renderer() const { return nullptr; }
      |                                                               ^
In file included from /Users/calebbuahin/Documents/Projects/cbuahin_github/openswmm.gui/src/project/projectserializer.cpp:15:
/Users/calebbuahin/Documents/Projects/cbuahin_github/openswmm.gui/include/layers/swmm2dresultslayer.h:552:10: warning: 'setRenderer' overrides a member function but is not marked 'override' [-Winconsistent-missing-override]
  552 |     void setRenderer(std::unique_ptr<OpenSWMM::Render::IFeatureRenderer> r);
      |          ^
/Users/calebbuahin/Documents/Projects/cbuahin_github/openswmm.gui/include/layers/openswmmvislayer.h:440:18: note: overridden virtual function is here
  440 |     virtual void setRenderer(std::unique_ptr<OpenSWMM::Render::IFeatureRenderer>);
      |                  ^
In file included from /Users/calebbuahin/Documents/Projects/cbuahin_github/openswmm.gui/src/project/projectserializer.cpp:17:
/Users/calebbuahin/Documents/Projects/cbuahin_github/openswmm.gui/include/layers/swmmresultslayer.h:408:55: warning: 'renderer' overrides a member function but is not marked 'override' [-Winconsistent-missing-override]
  408 |     [[nodiscard]] OpenSWMM::Render::IFeatureRenderer *renderer() const;
      |                                                       ^
/Users/calebbuahin/Documents/Projects/cbuahin_github/openswmm.gui/include/layers/openswmmvislayer.h:434:63: note: overridden virtual function is here
  434 |     [[nodiscard]] virtual OpenSWMM::Render::IFeatureRenderer *renderer() const { return nullptr; }
      |                                                               ^
In file included from /Users/calebbuahin/Documents/Projects/cbuahin_github/openswmm.gui/src/project/projectserializer.cpp:17:
/Users/calebbuahin/Documents/Projects/cbuahin_github/openswmm.gui/include/layers/swmmresultslayer.h:417:10: warning: 'setRenderer' overrides a member function but is not marked 'override' [-Winconsistent-missing-override]
  417 |     void setRenderer(std::unique_ptr<OpenSWMM::Render::IFeatureRenderer> r);
      |          ^
/Users/calebbuahin/Documents/Projects/cbuahin_github/openswmm.gui/include/layers/openswmmvislayer.h:440:18: note: overridden virtual function is here
  440 |     virtual void setRenderer(std::unique_ptr<OpenSWMM::Render::IFeatureRenderer>);
      |                  ^
6 warnings generated.
[221/375] Building CXX object tests/gui/CMakeFiles/test_meshcommands_vertex_edge.dir/__/__/src/swmmvis.cpp.o
In file included from /Users/calebbuahin/Documents/Projects/cbuahin_github/openswmm.gui/src/swmmvis.cpp:76:
In file included from /Users/calebbuahin/Documents/Projects/cbuahin_github/openswmm.gui/include/ui/dialogs/sublayerselectiondialog.h:19:
/Users/calebbuahin/Documents/Projects/cbuahin_github/openswmm.gui/include/layers/gisvectorlayer.h:270:55: warning: 'renderer' overrides a member function but is not marked 'override' [-Winconsistent-missing-override]
  270 |     [[nodiscard]] OpenSWMM::Render::IFeatureRenderer *renderer() const;
      |                                                       ^
/Users/calebbuahin/Documents/Projects/cbuahin_github/openswmm.gui/include/layers/openswmmvislayer.h:434:63: note: overridden virtual function is here
  434 |     [[nodiscard]] virtual OpenSWMM::Render::IFeatureRenderer *renderer() const { return nullptr; }
      |                                                               ^
In file included from /Users/calebbuahin/Documents/Projects/cbuahin_github/openswmm.gui/src/swmmvis.cpp:76:
In file included from /Users/calebbuahin/Documents/Projects/cbuahin_github/openswmm.gui/include/ui/dialogs/sublayerselectiondialog.h:19:
/Users/calebbuahin/Documents/Projects/cbuahin_github/openswmm.gui/include/layers/gisvectorlayer.h:278:10: warning: 'setRenderer' overrides a member function but is not marked 'override' [-Winconsistent-missing-override]
  278 |     void setRenderer(std::unique_ptr<OpenSWMM::Render::IFeatureRenderer> r);
      |          ^
/Users/calebbuahin/Documents/Projects/cbuahin_github/openswmm.gui/include/layers/openswmmvislayer.h:440:18: note: overridden virtual function is here
  440 |     virtual void setRenderer(std::unique_ptr<OpenSWMM::Render::IFeatureRenderer>);
      |                  ^
In file included from /Users/calebbuahin/Documents/Projects/cbuahin_github/openswmm.gui/src/swmmvis.cpp:89:
/Users/calebbuahin/Documents/Projects/cbuahin_github/openswmm.gui/include/core/swmmdatetime.h:61:12: warning: 'QDateTime' is deprecated: Pass QTimeZone instead [-Wdeprecated-declarations]
   61 |     return QDateTime(date, QTime(h, mi, s), Qt::UTC);
      |            ^
/Users/calebbuahin/Qt/6.9.3/macos/lib/QtCore.framework/Headers/qdatetime.h:361:5: note: 'QDateTime' has been explicitly marked deprecated here
  361 |     QT_DEPRECATED_VERSION_X_6_9("Pass QTimeZone instead")
      |     ^
/Users/calebbuahin/Qt/6.9.3/macos/lib/QtCore.framework/Headers/qtdeprecationmarkers.h:213:44: note: expanded from macro 'QT_DEPRECATED_VERSION_X_6_9'
  213 | # define QT_DEPRECATED_VERSION_X_6_9(text) QT_DEPRECATED_X(text)
      |                                            ^
/Users/calebbuahin/Qt/6.9.3/macos/lib/QtCore.framework/Headers/qtdeprecationmarkers.h:29:33: note: expanded from macro 'QT_DEPRECATED_X'
   29 | #  define QT_DEPRECATED_X(text) Q_DECL_DEPRECATED_X(text)
      |                                 ^
/Users/calebbuahin/Qt/6.9.3/macos/lib/QtCore.framework/Headers/qcompilerdetection.h:1011:36: note: expanded from macro 'Q_DECL_DEPRECATED_X'
 1011 | #  define Q_DECL_DEPRECATED_X(x) [[deprecated(x)]]
      |                                    ^
In file included from /Users/calebbuahin/Documents/Projects/cbuahin_github/openswmm.gui/src/swmmvis.cpp:89:
/Users/calebbuahin/Documents/Projects/cbuahin_github/openswmm.gui/include/core/swmmdatetime.h:61:12: warning: 'QDateTime' is deprecated: Pass QTimeZone instead [-Wdeprecated-declarations]
   61 |     return QDateTime(date, QTime(h, mi, s), Qt::UTC);
      |            ^
/Users/calebbuahin/Qt/6.9.3/macos/lib/QtCore.framework/Headers/qdatetime.h:361:5: note: 'QDateTime' has been explicitly marked deprecated here
  361 |     QT_DEPRECATED_VERSION_X_6_9("Pass QTimeZone instead")
      |     ^
/Users/calebbuahin/Qt/6.9.3/macos/lib/QtCore.framework/Headers/qtdeprecationmarkers.h:213:44: note: expanded from macro 'QT_DEPRECATED_VERSION_X_6_9'
  213 | # define QT_DEPRECATED_VERSION_X_6_9(text) QT_DEPRECATED_X(text)
      |                                            ^
/Users/calebbuahin/Qt/6.9.3/macos/lib/QtCore.framework/Headers/qtdeprecationmarkers.h:29:33: note: expanded from macro 'QT_DEPRECATED_X'
   29 | #  define QT_DEPRECATED_X(text) Q_DECL_DEPRECATED_X(text)
      |                                 ^
/Users/calebbuahin/Qt/6.9.3/macos/lib/QtCore.framework/Headers/qcompilerdetection.h:1011:36: note: expanded from macro 'Q_DECL_DEPRECATED_X'
 1011 | #  define Q_DECL_DEPRECATED_X(x) [[deprecated(x)]]
      |                                    ^
In file included from /Users/calebbuahin/Documents/Projects/cbuahin_github/openswmm.gui/src/swmmvis.cpp:136:
/Users/calebbuahin/Documents/Projects/cbuahin_github/openswmm.gui/include/layers/swmmresultslayer.h:408:55: warning: 'renderer' overrides a member function but is not marked 'override' [-Winconsistent-missing-override]
  408 |     [[nodiscard]] OpenSWMM::Render::IFeatureRenderer *renderer() const;
      |                                                       ^
/Users/calebbuahin/Documents/Projects/cbuahin_github/openswmm.gui/include/layers/openswmmvislayer.h:434:63: note: overridden virtual function is here
  434 |     [[nodiscard]] virtual OpenSWMM::Render::IFeatureRenderer *renderer() const { return nullptr; }
      |                                                               ^
In file included from /Users/calebbuahin/Documents/Projects/cbuahin_github/openswmm.gui/src/swmmvis.cpp:136:
/Users/calebbuahin/Documents/Projects/cbuahin_github/openswmm.gui/include/layers/swmmresultslayer.h:417:10: warning: 'setRenderer' overrides a member function but is not marked 'override' [-Winconsistent-missing-override]
  417 |     void setRenderer(std::unique_ptr<OpenSWMM::Render::IFeatureRenderer> r);
      |          ^
/Users/calebbuahin/Documents/Projects/cbuahin_github/openswmm.gui/include/layers/openswmmvislayer.h:440:18: note: overridden virtual function is here
  440 |     virtual void setRenderer(std::unique_ptr<OpenSWMM::Render::IFeatureRenderer>);
      |                  ^
In file included from /Users/calebbuahin/Documents/Projects/cbuahin_github/openswmm.gui/src/swmmvis.cpp:194:
/Users/calebbuahin/Documents/Projects/cbuahin_github/openswmm.gui/include/layers/swmm2dresultslayer.h:544:55: warning: 'renderer' overrides a member function but is not marked 'override' [-Winconsistent-missing-override]
  544 |     [[nodiscard]] OpenSWMM::Render::IFeatureRenderer *renderer() const;
      |                                                       ^
/Users/calebbuahin/Documents/Projects/cbuahin_github/openswmm.gui/include/layers/openswmmvislayer.h:434:63: note: overridden virtual function is here
  434 |     [[nodiscard]] virtual OpenSWMM::Render::IFeatureRenderer *renderer() const { return nullptr; }
      |                                                               ^
In file included from /Users/calebbuahin/Documents/Projects/cbuahin_github/openswmm.gui/src/swmmvis.cpp:194:
/Users/calebbuahin/Documents/Projects/cbuahin_github/openswmm.gui/include/layers/swmm2dresultslayer.h:552:10: warning: 'setRenderer' overrides a member function but is not marked 'override' [-Winconsistent-missing-override]
  552 |     void setRenderer(std::unique_ptr<OpenSWMM::Render::IFeatureRenderer> r);
      |          ^
/Users/calebbuahin/Documents/Projects/cbuahin_github/openswmm.gui/include/layers/openswmmvislayer.h:440:18: note: overridden virtual function is here
  440 |     virtual void setRenderer(std::unique_ptr<OpenSWMM::Render::IFeatureRenderer>);
      |                  ^
8 warnings generated.
[222/375] Building CXX object tests/gui/CMakeFiles/test_gisvectorpopulate.dir/__/__/src/ui/dialogs/layerstyledialog.cpp.o
In file included from /Users/calebbuahin/Documents/Projects/cbuahin_github/openswmm.gui/src/ui/dialogs/layerstyledialog.cpp:24:
/Users/calebbuahin/Documents/Projects/cbuahin_github/openswmm.gui/include/layers/gisvectorlayer.h:270:55: warning: 'renderer' overrides a member function but is not marked 'override' [-Winconsistent-missing-override]
  270 |     [[nodiscard]] OpenSWMM::Render::IFeatureRenderer *renderer() const;
      |                                                       ^
/Users/calebbuahin/Documents/Projects/cbuahin_github/openswmm.gui/include/layers/openswmmvislayer.h:434:63: note: overridden virtual function is here
  434 |     [[nodiscard]] virtual OpenSWMM::Render::IFeatureRenderer *renderer() const { return nullptr; }
      |                                                               ^
In file included from /Users/calebbuahin/Documents/Projects/cbuahin_github/openswmm.gui/src/ui/dialogs/layerstyledialog.cpp:24:
/Users/calebbuahin/Documents/Projects/cbuahin_github/openswmm.gui/include/layers/gisvectorlayer.h:278:10: warning: 'setRenderer' overrides a member function but is not marked 'override' [-Winconsistent-missing-override]
  278 |     void setRenderer(std::unique_ptr<OpenSWMM::Render::IFeatureRenderer> r);
      |          ^
/Users/calebbuahin/Documents/Projects/cbuahin_github/openswmm.gui/include/layers/openswmmvislayer.h:440:18: note: overridden virtual function is here
  440 |     virtual void setRenderer(std::unique_ptr<OpenSWMM::Render::IFeatureRenderer>);
      |                  ^
In file included from /Users/calebbuahin/Documents/Projects/cbuahin_github/openswmm.gui/src/ui/dialogs/layerstyledialog.cpp:27:
/Users/calebbuahin/Documents/Projects/cbuahin_github/openswmm.gui/include/layers/swmmresultslayer.h:408:55: warning: 'renderer' overrides a member function but is not marked 'override' [-Winconsistent-missing-override]
  408 |     [[nodiscard]] OpenSWMM::Render::IFeatureRenderer *renderer() const;
      |                                                       ^
/Users/calebbuahin/Documents/Projects/cbuahin_github/openswmm.gui/include/layers/openswmmvislayer.h:434:63: note: overridden virtual function is here
  434 |     [[nodiscard]] virtual OpenSWMM::Render::IFeatureRenderer *renderer() const { return nullptr; }
      |                                                               ^
In file included from /Users/calebbuahin/Documents/Projects/cbuahin_github/openswmm.gui/src/ui/dialogs/layerstyledialog.cpp:27:
/Users/calebbuahin/Documents/Projects/cbuahin_github/openswmm.gui/include/layers/swmmresultslayer.h:417:10: warning: 'setRenderer' overrides a member function but is not marked 'override' [-Winconsistent-missing-override]
  417 |     void setRenderer(std::unique_ptr<OpenSWMM::Render::IFeatureRenderer> r);
      |          ^
/Users/calebbuahin/Documents/Projects/cbuahin_github/openswmm.gui/include/layers/openswmmvislayer.h:440:18: note: overridden virtual function is here
  440 |     virtual void setRenderer(std::unique_ptr<OpenSWMM::Render::IFeatureRenderer>);
      |                  ^
In file included from /Users/calebbuahin/Documents/Projects/cbuahin_github/openswmm.gui/src/ui/dialogs/layerstyledialog.cpp:28:
/Users/calebbuahin/Documents/Projects/cbuahin_github/openswmm.gui/include/layers/swmm2dresultslayer.h:544:55: warning: 'renderer' overrides a member function but is not marked 'override' [-Winconsistent-missing-override]
  544 |     [[nodiscard]] OpenSWMM::Render::IFeatureRenderer *renderer() const;
      |                                                       ^
/Users/calebbuahin/Documents/Projects/cbuahin_github/openswmm.gui/include/layers/openswmmvislayer.h:434:63: note: overridden virtual function is here
  434 |     [[nodiscard]] virtual OpenSWMM::Render::IFeatureRenderer *renderer() const { return nullptr; }
      |                                                               ^
In file included from /Users/calebbuahin/Documents/Projects/cbuahin_github/openswmm.gui/src/ui/dialogs/layerstyledialog.cpp:28:
/Users/calebbuahin/Documents/Projects/cbuahin_github/openswmm.gui/include/layers/swmm2dresultslayer.h:552:10: warning: 'setRenderer' overrides a member function but is not marked 'override' [-Winconsistent-missing-override]
  552 |     void setRenderer(std::unique_ptr<OpenSWMM::Render::IFeatureRenderer> r);
      |          ^
/Users/calebbuahin/Documents/Projects/cbuahin_github/openswmm.gui/include/layers/openswmmvislayer.h:440:18: note: overridden virtual function is here
  440 |     virtual void setRenderer(std::unique_ptr<OpenSWMM::Render::IFeatureRenderer>);
      |                  ^
6 warnings generated.
[223/375] Building CXX object tests/gui/CMakeFiles/test_gisvectorpopulate.dir/__/__/src/ui/widgets/basemaphttpheaderswidget.cpp.o
[224/375] Building CXX object tests/gui/CMakeFiles/test_gisvectorpopulate.dir/__/__/src/ui/dialogs/addbasemapdialog.cpp.o
In file included from /Users/calebbuahin/Documents/Projects/cbuahin_github/openswmm.gui/src/ui/dialogs/addbasemapdialog.cpp:26:
In file included from /Users/calebbuahin/Documents/Projects/cbuahin_github/openswmm.gui/include/layers/wfslayer.h:27:
/Users/calebbuahin/Documents/Projects/cbuahin_github/openswmm.gui/include/layers/gisvectorlayer.h:270:55: warning: 'renderer' overrides a member function but is not marked 'override' [-Winconsistent-missing-override]
  270 |     [[nodiscard]] OpenSWMM::Render::IFeatureRenderer *renderer() const;
      |                                                       ^
/Users/calebbuahin/Documents/Projects/cbuahin_github/openswmm.gui/include/layers/openswmmvislayer.h:434:63: note: overridden virtual function is here
  434 |     [[nodiscard]] virtual OpenSWMM::Render::IFeatureRenderer *renderer() const { return nullptr; }
      |                                                               ^
In file included from /Users/calebbuahin/Documents/Projects/cbuahin_github/openswmm.gui/src/ui/dialogs/addbasemapdialog.cpp:26:
In file included from /Users/calebbuahin/Documents/Projects/cbuahin_github/openswmm.gui/include/layers/wfslayer.h:27:
/Users/calebbuahin/Documents/Projects/cbuahin_github/openswmm.gui/include/layers/gisvectorlayer.h:278:10: warning: 'setRenderer' overrides a member function but is not marked 'override' [-Winconsistent-missing-override]
  278 |     void setRenderer(std::unique_ptr<OpenSWMM::Render::IFeatureRenderer> r);
      |          ^
/Users/calebbuahin/Documents/Projects/cbuahin_github/openswmm.gui/include/layers/openswmmvislayer.h:440:18: note: overridden virtual function is here
  440 |     virtual void setRenderer(std::unique_ptr<OpenSWMM::Render::IFeatureRenderer>);
      |                  ^
2 warnings generated.
[225/375] Building CXX object tests/gui/CMakeFiles/test_meshboundarypath.dir/test_meshboundarypath_autogen/mocs_compilation.cpp.o
In file included from /Users/calebbuahin/Documents/Projects/cbuahin_github/openswmm.gui/build/tests/gui/test_meshboundarypath_autogen/mocs_compilation.cpp:2:
In file included from /Users/calebbuahin/Documents/Projects/cbuahin_github/openswmm.gui/build/tests/gui/test_meshboundarypath_autogen/MAYCBHTXLP/moc_animationcontroller.cpp:9:
In file included from /Users/calebbuahin/Documents/Projects/cbuahin_github/openswmm.gui/build/tests/gui/test_meshboundarypath_autogen/MAYCBHTXLP/../../../../../include/animation/animationcontroller.h:33:
/Users/calebbuahin/Documents/Projects/cbuahin_github/openswmm.gui/include/layers/swmm2dresultslayer.h:544:55: warning: 'renderer' overrides a member function but is not marked 'override' [-Winconsistent-missing-override]
  544 |     [[nodiscard]] OpenSWMM::Render::IFeatureRenderer *renderer() const;
      |                                                       ^
/Users/calebbuahin/Documents/Projects/cbuahin_github/openswmm.gui/include/layers/openswmmvislayer.h:434:63: note: overridden virtual function is here
  434 |     [[nodiscard]] virtual OpenSWMM::Render::IFeatureRenderer *renderer() const { return nullptr; }
      |                                                               ^
In file included from /Users/calebbuahin/Documents/Projects/cbuahin_github/openswmm.gui/build/tests/gui/test_meshboundarypath_autogen/mocs_compilation.cpp:2:
In file included from /Users/calebbuahin/Documents/Projects/cbuahin_github/openswmm.gui/build/tests/gui/test_meshboundarypath_autogen/MAYCBHTXLP/moc_animationcontroller.cpp:9:
In file included from /Users/calebbuahin/Documents/Projects/cbuahin_github/openswmm.gui/build/tests/gui/test_meshboundarypath_autogen/MAYCBHTXLP/../../../../../include/animation/animationcontroller.h:33:
/Users/calebbuahin/Documents/Projects/cbuahin_github/openswmm.gui/include/layers/swmm2dresultslayer.h:552:10: warning: 'setRenderer' overrides a member function but is not marked 'override' [-Winconsistent-missing-override]
  552 |     void setRenderer(std::unique_ptr<OpenSWMM::Render::IFeatureRenderer> r);
      |          ^
/Users/calebbuahin/Documents/Projects/cbuahin_github/openswmm.gui/include/layers/openswmmvislayer.h:440:18: note: overridden virtual function is here
  440 |     virtual void setRenderer(std::unique_ptr<OpenSWMM::Render::IFeatureRenderer>);
      |                  ^
In file included from /Users/calebbuahin/Documents/Projects/cbuahin_github/openswmm.gui/build/tests/gui/test_meshboundarypath_autogen/mocs_compilation.cpp:28:
In file included from /Users/calebbuahin/Documents/Projects/cbuahin_github/openswmm.gui/build/tests/gui/test_meshboundarypath_autogen/COIIM6MLNP/moc_gisvectorlayer.cpp:9:
/Users/calebbuahin/Documents/Projects/cbuahin_github/openswmm.gui/build/tests/gui/test_meshboundarypath_autogen/COIIM6MLNP/../../../../../include/layers/gisvectorlayer.h:270:55: warning: 'renderer' overrides a member function but is not marked 'override' [-Winconsistent-missing-override]
  270 |     [[nodiscard]] OpenSWMM::Render::IFeatureRenderer *renderer() const;
      |                                                       ^
/Users/calebbuahin/Documents/Projects/cbuahin_github/openswmm.gui/include/layers/openswmmvislayer.h:434:63: note: overridden virtual function is here
  434 |     [[nodiscard]] virtual OpenSWMM::Render::IFeatureRenderer *renderer() const { return nullptr; }
      |                                                               ^
In file included from /Users/calebbuahin/Documents/Projects/cbuahin_github/openswmm.gui/build/tests/gui/test_meshboundarypath_autogen/mocs_compilation.cpp:28:
In file included from /Users/calebbuahin/Documents/Projects/cbuahin_github/openswmm.gui/build/tests/gui/test_meshboundarypath_autogen/COIIM6MLNP/moc_gisvectorlayer.cpp:9:
/Users/calebbuahin/Documents/Projects/cbuahin_github/openswmm.gui/build/tests/gui/test_meshboundarypath_autogen/COIIM6MLNP/../../../../../include/layers/gisvectorlayer.h:278:10: warning: 'setRenderer' overrides a member function but is not marked 'override' [-Winconsistent-missing-override]
  278 |     void setRenderer(std::unique_ptr<OpenSWMM::Render::IFeatureRenderer> r);
      |          ^
/Users/calebbuahin/Documents/Projects/cbuahin_github/openswmm.gui/include/layers/openswmmvislayer.h:440:18: note: overridden virtual function is here
  440 |     virtual void setRenderer(std::unique_ptr<OpenSWMM::Render::IFeatureRenderer>);
      |                  ^
In file included from /Users/calebbuahin/Documents/Projects/cbuahin_github/openswmm.gui/build/tests/gui/test_meshboundarypath_autogen/mocs_compilation.cpp:36:
In file included from /Users/calebbuahin/Documents/Projects/cbuahin_github/openswmm.gui/build/tests/gui/test_meshboundarypath_autogen/COIIM6MLNP/moc_swmmresultslayer.cpp:9:
/Users/calebbuahin/Documents/Projects/cbuahin_github/openswmm.gui/build/tests/gui/test_meshboundarypath_autogen/COIIM6MLNP/../../../../../include/layers/swmmresultslayer.h:408:55: warning: 'renderer' overrides a member function but is not marked 'override' [-Winconsistent-missing-override]
  408 |     [[nodiscard]] OpenSWMM::Render::IFeatureRenderer *renderer() const;
      |                                                       ^
/Users/calebbuahin/Documents/Projects/cbuahin_github/openswmm.gui/include/layers/openswmmvislayer.h:434:63: note: overridden virtual function is here
  434 |     [[nodiscard]] virtual OpenSWMM::Render::IFeatureRenderer *renderer() const { return nullptr; }
      |                                                               ^
In file included from /Users/calebbuahin/Documents/Projects/cbuahin_github/openswmm.gui/build/tests/gui/test_meshboundarypath_autogen/mocs_compilation.cpp:36:
In file included from /Users/calebbuahin/Documents/Projects/cbuahin_github/openswmm.gui/build/tests/gui/test_meshboundarypath_autogen/COIIM6MLNP/moc_swmmresultslayer.cpp:9:
/Users/calebbuahin/Documents/Projects/cbuahin_github/openswmm.gui/build/tests/gui/test_meshboundarypath_autogen/COIIM6MLNP/../../../../../include/layers/swmmresultslayer.h:417:10: warning: 'setRenderer' overrides a member function but is not marked 'override' [-Winconsistent-missing-override]
  417 |     void setRenderer(std::unique_ptr<OpenSWMM::Render::IFeatureRenderer> r);
      |          ^
/Users/calebbuahin/Documents/Projects/cbuahin_github/openswmm.gui/include/layers/openswmmvislayer.h:440:18: note: overridden virtual function is here
  440 |     virtual void setRenderer(std::unique_ptr<OpenSWMM::Render::IFeatureRenderer>);
      |                  ^
6 warnings generated.
[226/375] Building CXX object tests/gui/CMakeFiles/test_gisrastercrs.dir/__/__/src/connections/basemapconnectionstore.cpp.o
[227/375] Building CXX object tests/gui/CMakeFiles/test_mesheditingtoolbar_bc.dir/__/__/src/swmmvis.cpp.o
In file included from /Users/calebbuahin/Documents/Projects/cbuahin_github/openswmm.gui/src/swmmvis.cpp:76:
In file included from /Users/calebbuahin/Documents/Projects/cbuahin_github/openswmm.gui/include/ui/dialogs/sublayerselectiondialog.h:19:
/Users/calebbuahin/Documents/Projects/cbuahin_github/openswmm.gui/include/layers/gisvectorlayer.h:270:55: warning: 'renderer' overrides a member function but is not marked 'override' [-Winconsistent-missing-override]
  270 |     [[nodiscard]] OpenSWMM::Render::IFeatureRenderer *renderer() const;
      |                                                       ^
/Users/calebbuahin/Documents/Projects/cbuahin_github/openswmm.gui/include/layers/openswmmvislayer.h:434:63: note: overridden virtual function is here
  434 |     [[nodiscard]] virtual OpenSWMM::Render::IFeatureRenderer *renderer() const { return nullptr; }
      |                                                               ^
In file included from /Users/calebbuahin/Documents/Projects/cbuahin_github/openswmm.gui/src/swmmvis.cpp:76:
In file included from /Users/calebbuahin/Documents/Projects/cbuahin_github/openswmm.gui/include/ui/dialogs/sublayerselectiondialog.h:19:
/Users/calebbuahin/Documents/Projects/cbuahin_github/openswmm.gui/include/layers/gisvectorlayer.h:278:10: warning: 'setRenderer' overrides a member function but is not marked 'override' [-Winconsistent-missing-override]
  278 |     void setRenderer(std::unique_ptr<OpenSWMM::Render::IFeatureRenderer> r);
      |          ^
/Users/calebbuahin/Documents/Projects/cbuahin_github/openswmm.gui/include/layers/openswmmvislayer.h:440:18: note: overridden virtual function is here
  440 |     virtual void setRenderer(std::unique_ptr<OpenSWMM::Render::IFeatureRenderer>);
      |                  ^
In file included from /Users/calebbuahin/Documents/Projects/cbuahin_github/openswmm.gui/src/swmmvis.cpp:89:
/Users/calebbuahin/Documents/Projects/cbuahin_github/openswmm.gui/include/core/swmmdatetime.h:61:12: warning: 'QDateTime' is deprecated: Pass QTimeZone instead [-Wdeprecated-declarations]
   61 |     return QDateTime(date, QTime(h, mi, s), Qt::UTC);
      |            ^
/Users/calebbuahin/Qt/6.9.3/macos/lib/QtCore.framework/Headers/qdatetime.h:361:5: note: 'QDateTime' has been explicitly marked deprecated here
  361 |     QT_DEPRECATED_VERSION_X_6_9("Pass QTimeZone instead")
      |     ^
/Users/calebbuahin/Qt/6.9.3/macos/lib/QtCore.framework/Headers/qtdeprecationmarkers.h:213:44: note: expanded from macro 'QT_DEPRECATED_VERSION_X_6_9'
  213 | # define QT_DEPRECATED_VERSION_X_6_9(text) QT_DEPRECATED_X(text)
      |                                            ^
/Users/calebbuahin/Qt/6.9.3/macos/lib/QtCore.framework/Headers/qtdeprecationmarkers.h:29:33: note: expanded from macro 'QT_DEPRECATED_X'
   29 | #  define QT_DEPRECATED_X(text) Q_DECL_DEPRECATED_X(text)
      |                                 ^
/Users/calebbuahin/Qt/6.9.3/macos/lib/QtCore.framework/Headers/qcompilerdetection.h:1011:36: note: expanded from macro 'Q_DECL_DEPRECATED_X'
 1011 | #  define Q_DECL_DEPRECATED_X(x) [[deprecated(x)]]
      |                                    ^
In file included from /Users/calebbuahin/Documents/Projects/cbuahin_github/openswmm.gui/src/swmmvis.cpp:89:
/Users/calebbuahin/Documents/Projects/cbuahin_github/openswmm.gui/include/core/swmmdatetime.h:61:12: warning: 'QDateTime' is deprecated: Pass QTimeZone instead [-Wdeprecated-declarations]
   61 |     return QDateTime(date, QTime(h, mi, s), Qt::UTC);
      |            ^
/Users/calebbuahin/Qt/6.9.3/macos/lib/QtCore.framework/Headers/qdatetime.h:361:5: note: 'QDateTime' has been explicitly marked deprecated here
  361 |     QT_DEPRECATED_VERSION_X_6_9("Pass QTimeZone instead")
      |     ^
/Users/calebbuahin/Qt/6.9.3/macos/lib/QtCore.framework/Headers/qtdeprecationmarkers.h:213:44: note: expanded from macro 'QT_DEPRECATED_VERSION_X_6_9'
  213 | # define QT_DEPRECATED_VERSION_X_6_9(text) QT_DEPRECATED_X(text)
      |                                            ^
/Users/calebbuahin/Qt/6.9.3/macos/lib/QtCore.framework/Headers/qtdeprecationmarkers.h:29:33: note: expanded from macro 'QT_DEPRECATED_X'
   29 | #  define QT_DEPRECATED_X(text) Q_DECL_DEPRECATED_X(text)
      |                                 ^
/Users/calebbuahin/Qt/6.9.3/macos/lib/QtCore.framework/Headers/qcompilerdetection.h:1011:36: note: expanded from macro 'Q_DECL_DEPRECATED_X'
 1011 | #  define Q_DECL_DEPRECATED_X(x) [[deprecated(x)]]
      |                                    ^
In file included from /Users/calebbuahin/Documents/Projects/cbuahin_github/openswmm.gui/src/swmmvis.cpp:136:
/Users/calebbuahin/Documents/Projects/cbuahin_github/openswmm.gui/include/layers/swmmresultslayer.h:408:55: warning: 'renderer' overrides a member function but is not marked 'override' [-Winconsistent-missing-override]
  408 |     [[nodiscard]] OpenSWMM::Render::IFeatureRenderer *renderer() const;
      |                                                       ^
/Users/calebbuahin/Documents/Projects/cbuahin_github/openswmm.gui/include/layers/openswmmvislayer.h:434:63: note: overridden virtual function is here
  434 |     [[nodiscard]] virtual OpenSWMM::Render::IFeatureRenderer *renderer() const { return nullptr; }
      |                                                               ^
In file included from /Users/calebbuahin/Documents/Projects/cbuahin_github/openswmm.gui/src/swmmvis.cpp:136:
/Users/calebbuahin/Documents/Projects/cbuahin_github/openswmm.gui/include/layers/swmmresultslayer.h:417:10: warning: 'setRenderer' overrides a member function but is not marked 'override' [-Winconsistent-missing-override]
  417 |     void setRenderer(std::unique_ptr<OpenSWMM::Render::IFeatureRenderer> r);
      |          ^
/Users/calebbuahin/Documents/Projects/cbuahin_github/openswmm.gui/include/layers/openswmmvislayer.h:440:18: note: overridden virtual function is here
  440 |     virtual void setRenderer(std::unique_ptr<OpenSWMM::Render::IFeatureRenderer>);
      |                  ^
In file included from /Users/calebbuahin/Documents/Projects/cbuahin_github/openswmm.gui/src/swmmvis.cpp:194:
/Users/calebbuahin/Documents/Projects/cbuahin_github/openswmm.gui/include/layers/swmm2dresultslayer.h:544:55: warning: 'renderer' overrides a member function but is not marked 'override' [-Winconsistent-missing-override]
  544 |     [[nodiscard]] OpenSWMM::Render::IFeatureRenderer *renderer() const;
      |                                                       ^
/Users/calebbuahin/Documents/Projects/cbuahin_github/openswmm.gui/include/layers/openswmmvislayer.h:434:63: note: overridden virtual function is here
  434 |     [[nodiscard]] virtual OpenSWMM::Render::IFeatureRenderer *renderer() const { return nullptr; }
      |                                                               ^
In file included from /Users/calebbuahin/Documents/Projects/cbuahin_github/openswmm.gui/src/swmmvis.cpp:194:
/Users/calebbuahin/Documents/Projects/cbuahin_github/openswmm.gui/include/layers/swmm2dresultslayer.h:552:10: warning: 'setRenderer' overrides a member function but is not marked 'override' [-Winconsistent-missing-override]
  552 |     void setRenderer(std::unique_ptr<OpenSWMM::Render::IFeatureRenderer> r);
      |          ^
/Users/calebbuahin/Documents/Projects/cbuahin_github/openswmm.gui/include/layers/openswmmvislayer.h:440:18: note: overridden virtual function is here
  440 |     virtual void setRenderer(std::unique_ptr<OpenSWMM::Render::IFeatureRenderer>);
      |                  ^
8 warnings generated.
[228/375] Building CXX object tests/gui/CMakeFiles/test_gisrastercrs.dir/__/__/src/layers/xyztilelayer.cpp.o
[229/375] Building CXX object tests/gui/CMakeFiles/test_gisrastercrs.dir/__/__/src/map/mapcanvas.cpp.o
In file included from /Users/calebbuahin/Documents/Projects/cbuahin_github/openswmm.gui/src/map/mapcanvas.cpp:20:
/Users/calebbuahin/Documents/Projects/cbuahin_github/openswmm.gui/include/layers/gisvectorlayer.h:270:55: warning: 'renderer' overrides a member function but is not marked 'override' [-Winconsistent-missing-override]
  270 |     [[nodiscard]] OpenSWMM::Render::IFeatureRenderer *renderer() const;
      |                                                       ^
/Users/calebbuahin/Documents/Projects/cbuahin_github/openswmm.gui/include/layers/openswmmvislayer.h:434:63: note: overridden virtual function is here
  434 |     [[nodiscard]] virtual OpenSWMM::Render::IFeatureRenderer *renderer() const { return nullptr; }
      |                                                               ^
In file included from /Users/calebbuahin/Documents/Projects/cbuahin_github/openswmm.gui/src/map/mapcanvas.cpp:20:
/Users/calebbuahin/Documents/Projects/cbuahin_github/openswmm.gui/include/layers/gisvectorlayer.h:278:10: warning: 'setRenderer' overrides a member function but is not marked 'override' [-Winconsistent-missing-override]
  278 |     void setRenderer(std::unique_ptr<OpenSWMM::Render::IFeatureRenderer> r);
      |          ^
/Users/calebbuahin/Documents/Projects/cbuahin_github/openswmm.gui/include/layers/openswmmvislayer.h:440:18: note: overridden virtual function is here
  440 |     virtual void setRenderer(std::unique_ptr<OpenSWMM::Render::IFeatureRenderer>);
      |                  ^
In file included from /Users/calebbuahin/Documents/Projects/cbuahin_github/openswmm.gui/src/map/mapcanvas.cpp:31:
/Users/calebbuahin/Documents/Projects/cbuahin_github/openswmm.gui/include/layers/swmm2dresultslayer.h:544:55: warning: 'renderer' overrides a member function but is not marked 'override' [-Winconsistent-missing-override]
  544 |     [[nodiscard]] OpenSWMM::Render::IFeatureRenderer *renderer() const;
      |                                                       ^
/Users/calebbuahin/Documents/Projects/cbuahin_github/openswmm.gui/include/layers/openswmmvislayer.h:434:63: note: overridden virtual function is here
  434 |     [[nodiscard]] virtual OpenSWMM::Render::IFeatureRenderer *renderer() const { return nullptr; }
      |                                                               ^
In file included from /Users/calebbuahin/Documents/Projects/cbuahin_github/openswmm.gui/src/map/mapcanvas.cpp:31:
/Users/calebbuahin/Documents/Projects/cbuahin_github/openswmm.gui/include/layers/swmm2dresultslayer.h:552:10: warning: 'setRenderer' overrides a member function but is not marked 'override' [-Winconsistent-missing-override]
  552 |     void setRenderer(std::unique_ptr<OpenSWMM::Render::IFeatureRenderer> r);
      |          ^
/Users/calebbuahin/Documents/Projects/cbuahin_github/openswmm.gui/include/layers/openswmmvislayer.h:440:18: note: overridden virtual function is here
  440 |     virtual void setRenderer(std::unique_ptr<OpenSWMM::Render::IFeatureRenderer>);
      |                  ^
4 warnings generated.
[230/375] Building CXX object tests/gui/CMakeFiles/test_gisrastercrs.dir/__/__/src/project/projectserializer.cpp.o
In file included from /Users/calebbuahin/Documents/Projects/cbuahin_github/openswmm.gui/src/project/projectserializer.cpp:12:
/Users/calebbuahin/Documents/Projects/cbuahin_github/openswmm.gui/include/layers/gisvectorlayer.h:270:55: warning: 'renderer' overrides a member function but is not marked 'override' [-Winconsistent-missing-override]
  270 |     [[nodiscard]] OpenSWMM::Render::IFeatureRenderer *renderer() const;
      |                                                       ^
/Users/calebbuahin/Documents/Projects/cbuahin_github/openswmm.gui/include/layers/openswmmvislayer.h:434:63: note: overridden virtual function is here
  434 |     [[nodiscard]] virtual OpenSWMM::Render::IFeatureRenderer *renderer() const { return nullptr; }
      |                                                               ^
In file included from /Users/calebbuahin/Documents/Projects/cbuahin_github/openswmm.gui/src/project/projectserializer.cpp:12:
/Users/calebbuahin/Documents/Projects/cbuahin_github/openswmm.gui/include/layers/gisvectorlayer.h:278:10: warning: 'setRenderer' overrides a member function but is not marked 'override' [-Winconsistent-missing-override]
  278 |     void setRenderer(std::unique_ptr<OpenSWMM::Render::IFeatureRenderer> r);
      |          ^
/Users/calebbuahin/Documents/Projects/cbuahin_github/openswmm.gui/include/layers/openswmmvislayer.h:440:18: note: overridden virtual function is here
  440 |     virtual void setRenderer(std::unique_ptr<OpenSWMM::Render::IFeatureRenderer>);
      |                  ^
In file included from /Users/calebbuahin/Documents/Projects/cbuahin_github/openswmm.gui/src/project/projectserializer.cpp:15:
/Users/calebbuahin/Documents/Projects/cbuahin_github/openswmm.gui/include/layers/swmm2dresultslayer.h:544:55: warning: 'renderer' overrides a member function but is not marked 'override' [-Winconsistent-missing-override]
  544 |     [[nodiscard]] OpenSWMM::Render::IFeatureRenderer *renderer() const;
      |                                                       ^
/Users/calebbuahin/Documents/Projects/cbuahin_github/openswmm.gui/include/layers/openswmmvislayer.h:434:63: note: overridden virtual function is here
  434 |     [[nodiscard]] virtual OpenSWMM::Render::IFeatureRenderer *renderer() const { return nullptr; }
      |                                                               ^
In file included from /Users/calebbuahin/Documents/Projects/cbuahin_github/openswmm.gui/src/project/projectserializer.cpp:15:
/Users/calebbuahin/Documents/Projects/cbuahin_github/openswmm.gui/include/layers/swmm2dresultslayer.h:552:10: warning: 'setRenderer' overrides a member function but is not marked 'override' [-Winconsistent-missing-override]
  552 |     void setRenderer(std::unique_ptr<OpenSWMM::Render::IFeatureRenderer> r);
      |          ^
/Users/calebbuahin/Documents/Projects/cbuahin_github/openswmm.gui/include/layers/openswmmvislayer.h:440:18: note: overridden virtual function is here
  440 |     virtual void setRenderer(std::unique_ptr<OpenSWMM::Render::IFeatureRenderer>);
      |                  ^
In file included from /Users/calebbuahin/Documents/Projects/cbuahin_github/openswmm.gui/src/project/projectserializer.cpp:17:
/Users/calebbuahin/Documents/Projects/cbuahin_github/openswmm.gui/include/layers/swmmresultslayer.h:408:55: warning: 'renderer' overrides a member function but is not marked 'override' [-Winconsistent-missing-override]
  408 |     [[nodiscard]] OpenSWMM::Render::IFeatureRenderer *renderer() const;
      |                                                       ^
/Users/calebbuahin/Documents/Projects/cbuahin_github/openswmm.gui/include/layers/openswmmvislayer.h:434:63: note: overridden virtual function is here
  434 |     [[nodiscard]] virtual OpenSWMM::Render::IFeatureRenderer *renderer() const { return nullptr; }
      |                                                               ^
In file included from /Users/calebbuahin/Documents/Projects/cbuahin_github/openswmm.gui/src/project/projectserializer.cpp:17:
/Users/calebbuahin/Documents/Projects/cbuahin_github/openswmm.gui/include/layers/swmmresultslayer.h:417:10: warning: 'setRenderer' overrides a member function but is not marked 'override' [-Winconsistent-missing-override]
  417 |     void setRenderer(std::unique_ptr<OpenSWMM::Render::IFeatureRenderer> r);
      |          ^
/Users/calebbuahin/Documents/Projects/cbuahin_github/openswmm.gui/include/layers/openswmmvislayer.h:440:18: note: overridden virtual function is here
  440 |     virtual void setRenderer(std::unique_ptr<OpenSWMM::Render::IFeatureRenderer>);
      |                  ^
6 warnings generated.
[231/375] Building CXX object tests/gui/CMakeFiles/test_gisrastercrs.dir/__/__/src/ui/dialogs/layerstyledialog.cpp.o
In file included from /Users/calebbuahin/Documents/Projects/cbuahin_github/openswmm.gui/src/ui/dialogs/layerstyledialog.cpp:24:
/Users/calebbuahin/Documents/Projects/cbuahin_github/openswmm.gui/include/layers/gisvectorlayer.h:270:55: warning: 'renderer' overrides a member function but is not marked 'override' [-Winconsistent-missing-override]
  270 |     [[nodiscard]] OpenSWMM::Render::IFeatureRenderer *renderer() const;
      |                                                       ^
/Users/calebbuahin/Documents/Projects/cbuahin_github/openswmm.gui/include/layers/openswmmvislayer.h:434:63: note: overridden virtual function is here
  434 |     [[nodiscard]] virtual OpenSWMM::Render::IFeatureRenderer *renderer() const { return nullptr; }
      |                                                               ^
In file included from /Users/calebbuahin/Documents/Projects/cbuahin_github/openswmm.gui/src/ui/dialogs/layerstyledialog.cpp:24:
/Users/calebbuahin/Documents/Projects/cbuahin_github/openswmm.gui/include/layers/gisvectorlayer.h:278:10: warning: 'setRenderer' overrides a member function but is not marked 'override' [-Winconsistent-missing-override]
  278 |     void setRenderer(std::unique_ptr<OpenSWMM::Render::IFeatureRenderer> r);
      |          ^
/Users/calebbuahin/Documents/Projects/cbuahin_github/openswmm.gui/include/layers/openswmmvislayer.h:440:18: note: overridden virtual function is here
  440 |     virtual void setRenderer(std::unique_ptr<OpenSWMM::Render::IFeatureRenderer>);
      |                  ^
In file included from /Users/calebbuahin/Documents/Projects/cbuahin_github/openswmm.gui/src/ui/dialogs/layerstyledialog.cpp:27:
/Users/calebbuahin/Documents/Projects/cbuahin_github/openswmm.gui/include/layers/swmmresultslayer.h:408:55: warning: 'renderer' overrides a member function but is not marked 'override' [-Winconsistent-missing-override]
  408 |     [[nodiscard]] OpenSWMM::Render::IFeatureRenderer *renderer() const;
      |                                                       ^
/Users/calebbuahin/Documents/Projects/cbuahin_github/openswmm.gui/include/layers/openswmmvislayer.h:434:63: note: overridden virtual function is here
  434 |     [[nodiscard]] virtual OpenSWMM::Render::IFeatureRenderer *renderer() const { return nullptr; }
      |                                                               ^
In file included from /Users/calebbuahin/Documents/Projects/cbuahin_github/openswmm.gui/src/ui/dialogs/layerstyledialog.cpp:27:
/Users/calebbuahin/Documents/Projects/cbuahin_github/openswmm.gui/include/layers/swmmresultslayer.h:417:10: warning: 'setRenderer' overrides a member function but is not marked 'override' [-Winconsistent-missing-override]
  417 |     void setRenderer(std::unique_ptr<OpenSWMM::Render::IFeatureRenderer> r);
      |          ^
/Users/calebbuahin/Documents/Projects/cbuahin_github/openswmm.gui/include/layers/openswmmvislayer.h:440:18: note: overridden virtual function is here
  440 |     virtual void setRenderer(std::unique_ptr<OpenSWMM::Render::IFeatureRenderer>);
      |                  ^
In file included from /Users/calebbuahin/Documents/Projects/cbuahin_github/openswmm.gui/src/ui/dialogs/layerstyledialog.cpp:28:
/Users/calebbuahin/Documents/Projects/cbuahin_github/openswmm.gui/include/layers/swmm2dresultslayer.h:544:55: warning: 'renderer' overrides a member function but is not marked 'override' [-Winconsistent-missing-override]
  544 |     [[nodiscard]] OpenSWMM::Render::IFeatureRenderer *renderer() const;
      |                                                       ^
/Users/calebbuahin/Documents/Projects/cbuahin_github/openswmm.gui/include/layers/openswmmvislayer.h:434:63: note: overridden virtual function is here
  434 |     [[nodiscard]] virtual OpenSWMM::Render::IFeatureRenderer *renderer() const { return nullptr; }
      |                                                               ^
In file included from /Users/calebbuahin/Documents/Projects/cbuahin_github/openswmm.gui/src/ui/dialogs/layerstyledialog.cpp:28:
/Users/calebbuahin/Documents/Projects/cbuahin_github/openswmm.gui/include/layers/swmm2dresultslayer.h:552:10: warning: 'setRenderer' overrides a member function but is not marked 'override' [-Winconsistent-missing-override]
  552 |     void setRenderer(std::unique_ptr<OpenSWMM::Render::IFeatureRenderer> r);
      |          ^
/Users/calebbuahin/Documents/Projects/cbuahin_github/openswmm.gui/include/layers/openswmmvislayer.h:440:18: note: overridden virtual function is here
  440 |     virtual void setRenderer(std::unique_ptr<OpenSWMM::Render::IFeatureRenderer>);
      |                  ^
6 warnings generated.
[232/375] Building CXX object tests/gui/CMakeFiles/test_gisrastercrs.dir/__/__/src/ui/dialogs/addbasemapdialog.cpp.o
In file included from /Users/calebbuahin/Documents/Projects/cbuahin_github/openswmm.gui/src/ui/dialogs/addbasemapdialog.cpp:26:
In file included from /Users/calebbuahin/Documents/Projects/cbuahin_github/openswmm.gui/include/layers/wfslayer.h:27:
/Users/calebbuahin/Documents/Projects/cbuahin_github/openswmm.gui/include/layers/gisvectorlayer.h:270:55: warning: 'renderer' overrides a member function but is not marked 'override' [-Winconsistent-missing-override]
  270 |     [[nodiscard]] OpenSWMM::Render::IFeatureRenderer *renderer() const;
      |                                                       ^
/Users/calebbuahin/Documents/Projects/cbuahin_github/openswmm.gui/include/layers/openswmmvislayer.h:434:63: note: overridden virtual function is here
  434 |     [[nodiscard]] virtual OpenSWMM::Render::IFeatureRenderer *renderer() const { return nullptr; }
      |                                                               ^
In file included from /Users/calebbuahin/Documents/Projects/cbuahin_github/openswmm.gui/src/ui/dialogs/addbasemapdialog.cpp:26:
In file included from /Users/calebbuahin/Documents/Projects/cbuahin_github/openswmm.gui/include/layers/wfslayer.h:27:
/Users/calebbuahin/Documents/Projects/cbuahin_github/openswmm.gui/include/layers/gisvectorlayer.h:278:10: warning: 'setRenderer' overrides a member function but is not marked 'override' [-Winconsistent-missing-override]
  278 |     void setRenderer(std::unique_ptr<OpenSWMM::Render::IFeatureRenderer> r);
      |          ^
/Users/calebbuahin/Documents/Projects/cbuahin_github/openswmm.gui/include/layers/openswmmvislayer.h:440:18: note: overridden virtual function is here
  440 |     virtual void setRenderer(std::unique_ptr<OpenSWMM::Render::IFeatureRenderer>);
      |                  ^
2 warnings generated.
[233/375] Building CXX object tests/gui/CMakeFiles/test_gisrastercrs.dir/__/__/src/ui/widgets/basemaphttpheaderswidget.cpp.o
[234/375] Building CXX object tests/gui/CMakeFiles/test_gisselectionsync.dir/__/__/src/swmmvis.cpp.o
In file included from /Users/calebbuahin/Documents/Projects/cbuahin_github/openswmm.gui/src/swmmvis.cpp:76:
In file included from /Users/calebbuahin/Documents/Projects/cbuahin_github/openswmm.gui/include/ui/dialogs/sublayerselectiondialog.h:19:
/Users/calebbuahin/Documents/Projects/cbuahin_github/openswmm.gui/include/layers/gisvectorlayer.h:270:55: warning: 'renderer' overrides a member function but is not marked 'override' [-Winconsistent-missing-override]
  270 |     [[nodiscard]] OpenSWMM::Render::IFeatureRenderer *renderer() const;
      |                                                       ^
/Users/calebbuahin/Documents/Projects/cbuahin_github/openswmm.gui/include/layers/openswmmvislayer.h:434:63: note: overridden virtual function is here
  434 |     [[nodiscard]] virtual OpenSWMM::Render::IFeatureRenderer *renderer() const { return nullptr; }
      |                                                               ^
In file included from /Users/calebbuahin/Documents/Projects/cbuahin_github/openswmm.gui/src/swmmvis.cpp:76:
In file included from /Users/calebbuahin/Documents/Projects/cbuahin_github/openswmm.gui/include/ui/dialogs/sublayerselectiondialog.h:19:
/Users/calebbuahin/Documents/Projects/cbuahin_github/openswmm.gui/include/layers/gisvectorlayer.h:278:10: warning: 'setRenderer' overrides a member function but is not marked 'override' [-Winconsistent-missing-override]
  278 |     void setRenderer(std::unique_ptr<OpenSWMM::Render::IFeatureRenderer> r);
      |          ^
/Users/calebbuahin/Documents/Projects/cbuahin_github/openswmm.gui/include/layers/openswmmvislayer.h:440:18: note: overridden virtual function is here
  440 |     virtual void setRenderer(std::unique_ptr<OpenSWMM::Render::IFeatureRenderer>);
      |                  ^
In file included from /Users/calebbuahin/Documents/Projects/cbuahin_github/openswmm.gui/src/swmmvis.cpp:89:
/Users/calebbuahin/Documents/Projects/cbuahin_github/openswmm.gui/include/core/swmmdatetime.h:61:12: warning: 'QDateTime' is deprecated: Pass QTimeZone instead [-Wdeprecated-declarations]
   61 |     return QDateTime(date, QTime(h, mi, s), Qt::UTC);
      |            ^
/Users/calebbuahin/Qt/6.9.3/macos/lib/QtCore.framework/Headers/qdatetime.h:361:5: note: 'QDateTime' has been explicitly marked deprecated here
  361 |     QT_DEPRECATED_VERSION_X_6_9("Pass QTimeZone instead")
      |     ^
/Users/calebbuahin/Qt/6.9.3/macos/lib/QtCore.framework/Headers/qtdeprecationmarkers.h:213:44: note: expanded from macro 'QT_DEPRECATED_VERSION_X_6_9'
  213 | # define QT_DEPRECATED_VERSION_X_6_9(text) QT_DEPRECATED_X(text)
      |                                            ^
/Users/calebbuahin/Qt/6.9.3/macos/lib/QtCore.framework/Headers/qtdeprecationmarkers.h:29:33: note: expanded from macro 'QT_DEPRECATED_X'
   29 | #  define QT_DEPRECATED_X(text) Q_DECL_DEPRECATED_X(text)
      |                                 ^
/Users/calebbuahin/Qt/6.9.3/macos/lib/QtCore.framework/Headers/qcompilerdetection.h:1011:36: note: expanded from macro 'Q_DECL_DEPRECATED_X'
 1011 | #  define Q_DECL_DEPRECATED_X(x) [[deprecated(x)]]
      |                                    ^
In file included from /Users/calebbuahin/Documents/Projects/cbuahin_github/openswmm.gui/src/swmmvis.cpp:89:
/Users/calebbuahin/Documents/Projects/cbuahin_github/openswmm.gui/include/core/swmmdatetime.h:61:12: warning: 'QDateTime' is deprecated: Pass QTimeZone instead [-Wdeprecated-declarations]
   61 |     return QDateTime(date, QTime(h, mi, s), Qt::UTC);
      |            ^
/Users/calebbuahin/Qt/6.9.3/macos/lib/QtCore.framework/Headers/qdatetime.h:361:5: note: 'QDateTime' has been explicitly marked deprecated here
  361 |     QT_DEPRECATED_VERSION_X_6_9("Pass QTimeZone instead")
      |     ^
/Users/calebbuahin/Qt/6.9.3/macos/lib/QtCore.framework/Headers/qtdeprecationmarkers.h:213:44: note: expanded from macro 'QT_DEPRECATED_VERSION_X_6_9'
  213 | # define QT_DEPRECATED_VERSION_X_6_9(text) QT_DEPRECATED_X(text)
      |                                            ^
/Users/calebbuahin/Qt/6.9.3/macos/lib/QtCore.framework/Headers/qtdeprecationmarkers.h:29:33: note: expanded from macro 'QT_DEPRECATED_X'
   29 | #  define QT_DEPRECATED_X(text) Q_DECL_DEPRECATED_X(text)
      |                                 ^
/Users/calebbuahin/Qt/6.9.3/macos/lib/QtCore.framework/Headers/qcompilerdetection.h:1011:36: note: expanded from macro 'Q_DECL_DEPRECATED_X'
 1011 | #  define Q_DECL_DEPRECATED_X(x) [[deprecated(x)]]
      |                                    ^
In file included from /Users/calebbuahin/Documents/Projects/cbuahin_github/openswmm.gui/src/swmmvis.cpp:136:
/Users/calebbuahin/Documents/Projects/cbuahin_github/openswmm.gui/include/layers/swmmresultslayer.h:408:55: warning: 'renderer' overrides a member function but is not marked 'override' [-Winconsistent-missing-override]
  408 |     [[nodiscard]] OpenSWMM::Render::IFeatureRenderer *renderer() const;
      |                                                       ^
/Users/calebbuahin/Documents/Projects/cbuahin_github/openswmm.gui/include/layers/openswmmvislayer.h:434:63: note: overridden virtual function is here
  434 |     [[nodiscard]] virtual OpenSWMM::Render::IFeatureRenderer *renderer() const { return nullptr; }
      |                                                               ^
In file included from /Users/calebbuahin/Documents/Projects/cbuahin_github/openswmm.gui/src/swmmvis.cpp:136:
/Users/calebbuahin/Documents/Projects/cbuahin_github/openswmm.gui/include/layers/swmmresultslayer.h:417:10: warning: 'setRenderer' overrides a member function but is not marked 'override' [-Winconsistent-missing-override]
  417 |     void setRenderer(std::unique_ptr<OpenSWMM::Render::IFeatureRenderer> r);
      |          ^
/Users/calebbuahin/Documents/Projects/cbuahin_github/openswmm.gui/include/layers/openswmmvislayer.h:440:18: note: overridden virtual function is here
  440 |     virtual void setRenderer(std::unique_ptr<OpenSWMM::Render::IFeatureRenderer>);
      |                  ^
In file included from /Users/calebbuahin/Documents/Projects/cbuahin_github/openswmm.gui/src/swmmvis.cpp:194:
/Users/calebbuahin/Documents/Projects/cbuahin_github/openswmm.gui/include/layers/swmm2dresultslayer.h:544:55: warning: 'renderer' overrides a member function but is not marked 'override' [-Winconsistent-missing-override]
  544 |     [[nodiscard]] OpenSWMM::Render::IFeatureRenderer *renderer() const;
      |                                                       ^
/Users/calebbuahin/Documents/Projects/cbuahin_github/openswmm.gui/include/layers/openswmmvislayer.h:434:63: note: overridden virtual function is here
  434 |     [[nodiscard]] virtual OpenSWMM::Render::IFeatureRenderer *renderer() const { return nullptr; }
      |                                                               ^
In file included from /Users/calebbuahin/Documents/Projects/cbuahin_github/openswmm.gui/src/swmmvis.cpp:194:
/Users/calebbuahin/Documents/Projects/cbuahin_github/openswmm.gui/include/layers/swmm2dresultslayer.h:552:10: warning: 'setRenderer' overrides a member function but is not marked 'override' [-Winconsistent-missing-override]
  552 |     void setRenderer(std::unique_ptr<OpenSWMM::Render::IFeatureRenderer> r);
      |          ^
/Users/calebbuahin/Documents/Projects/cbuahin_github/openswmm.gui/include/layers/openswmmvislayer.h:440:18: note: overridden virtual function is here
  440 |     virtual void setRenderer(std::unique_ptr<OpenSWMM::Render::IFeatureRenderer>);
      |                  ^
8 warnings generated.
[235/375] Building CXX object tests/gui/CMakeFiles/test_gisselectionsync.dir/__/__/src/connections/basemapconnectionstore.cpp.o
[236/375] Building CXX object tests/gui/CMakeFiles/test_gisselectionsync.dir/__/__/src/layers/xyztilelayer.cpp.o
[237/375] Building CXX object tests/gui/CMakeFiles/test_gisselectionsync.dir/__/__/src/map/mapcanvas.cpp.o
In file included from /Users/calebbuahin/Documents/Projects/cbuahin_github/openswmm.gui/src/map/mapcanvas.cpp:20:
/Users/calebbuahin/Documents/Projects/cbuahin_github/openswmm.gui/include/layers/gisvectorlayer.h:270:55: warning: 'renderer' overrides a member function but is not marked 'override' [-Winconsistent-missing-override]
  270 |     [[nodiscard]] OpenSWMM::Render::IFeatureRenderer *renderer() const;
      |                                                       ^
/Users/calebbuahin/Documents/Projects/cbuahin_github/openswmm.gui/include/layers/openswmmvislayer.h:434:63: note: overridden virtual function is here
  434 |     [[nodiscard]] virtual OpenSWMM::Render::IFeatureRenderer *renderer() const { return nullptr; }
      |                                                               ^
In file included from /Users/calebbuahin/Documents/Projects/cbuahin_github/openswmm.gui/src/map/mapcanvas.cpp:20:
/Users/calebbuahin/Documents/Projects/cbuahin_github/openswmm.gui/include/layers/gisvectorlayer.h:278:10: warning: 'setRenderer' overrides a member function but is not marked 'override' [-Winconsistent-missing-override]
  278 |     void setRenderer(std::unique_ptr<OpenSWMM::Render::IFeatureRenderer> r);
      |          ^
/Users/calebbuahin/Documents/Projects/cbuahin_github/openswmm.gui/include/layers/openswmmvislayer.h:440:18: note: overridden virtual function is here
  440 |     virtual void setRenderer(std::unique_ptr<OpenSWMM::Render::IFeatureRenderer>);
      |                  ^
In file included from /Users/calebbuahin/Documents/Projects/cbuahin_github/openswmm.gui/src/map/mapcanvas.cpp:31:
/Users/calebbuahin/Documents/Projects/cbuahin_github/openswmm.gui/include/layers/swmm2dresultslayer.h:544:55: warning: 'renderer' overrides a member function but is not marked 'override' [-Winconsistent-missing-override]
  544 |     [[nodiscard]] OpenSWMM::Render::IFeatureRenderer *renderer() const;
      |                                                       ^
/Users/calebbuahin/Documents/Projects/cbuahin_github/openswmm.gui/include/layers/openswmmvislayer.h:434:63: note: overridden virtual function is here
  434 |     [[nodiscard]] virtual OpenSWMM::Render::IFeatureRenderer *renderer() const { return nullptr; }
      |                                                               ^
In file included from /Users/calebbuahin/Documents/Projects/cbuahin_github/openswmm.gui/src/map/mapcanvas.cpp:31:
/Users/calebbuahin/Documents/Projects/cbuahin_github/openswmm.gui/include/layers/swmm2dresultslayer.h:552:10: warning: 'setRenderer' overrides a member function but is not marked 'override' [-Winconsistent-missing-override]
  552 |     void setRenderer(std::unique_ptr<OpenSWMM::Render::IFeatureRenderer> r);
      |          ^
/Users/calebbuahin/Documents/Projects/cbuahin_github/openswmm.gui/include/layers/openswmmvislayer.h:440:18: note: overridden virtual function is here
  440 |     virtual void setRenderer(std::unique_ptr<OpenSWMM::Render::IFeatureRenderer>);
      |                  ^
4 warnings generated.
[238/375] Building CXX object tests/gui/CMakeFiles/test_gisselectionsync.dir/__/__/src/project/projectserializer.cpp.o
In file included from /Users/calebbuahin/Documents/Projects/cbuahin_github/openswmm.gui/src/project/projectserializer.cpp:12:
/Users/calebbuahin/Documents/Projects/cbuahin_github/openswmm.gui/include/layers/gisvectorlayer.h:270:55: warning: 'renderer' overrides a member function but is not marked 'override' [-Winconsistent-missing-override]
  270 |     [[nodiscard]] OpenSWMM::Render::IFeatureRenderer *renderer() const;
      |                                                       ^
/Users/calebbuahin/Documents/Projects/cbuahin_github/openswmm.gui/include/layers/openswmmvislayer.h:434:63: note: overridden virtual function is here
  434 |     [[nodiscard]] virtual OpenSWMM::Render::IFeatureRenderer *renderer() const { return nullptr; }
      |                                                               ^
In file included from /Users/calebbuahin/Documents/Projects/cbuahin_github/openswmm.gui/src/project/projectserializer.cpp:12:
/Users/calebbuahin/Documents/Projects/cbuahin_github/openswmm.gui/include/layers/gisvectorlayer.h:278:10: warning: 'setRenderer' overrides a member function but is not marked 'override' [-Winconsistent-missing-override]
  278 |     void setRenderer(std::unique_ptr<OpenSWMM::Render::IFeatureRenderer> r);
      |          ^
/Users/calebbuahin/Documents/Projects/cbuahin_github/openswmm.gui/include/layers/openswmmvislayer.h:440:18: note: overridden virtual function is here
  440 |     virtual void setRenderer(std::unique_ptr<OpenSWMM::Render::IFeatureRenderer>);
      |                  ^
In file included from /Users/calebbuahin/Documents/Projects/cbuahin_github/openswmm.gui/src/project/projectserializer.cpp:15:
/Users/calebbuahin/Documents/Projects/cbuahin_github/openswmm.gui/include/layers/swmm2dresultslayer.h:544:55: warning: 'renderer' overrides a member function but is not marked 'override' [-Winconsistent-missing-override]
  544 |     [[nodiscard]] OpenSWMM::Render::IFeatureRenderer *renderer() const;
      |                                                       ^
/Users/calebbuahin/Documents/Projects/cbuahin_github/openswmm.gui/include/layers/openswmmvislayer.h:434:63: note: overridden virtual function is here
  434 |     [[nodiscard]] virtual OpenSWMM::Render::IFeatureRenderer *renderer() const { return nullptr; }
      |                                                               ^
In file included from /Users/calebbuahin/Documents/Projects/cbuahin_github/openswmm.gui/src/project/projectserializer.cpp:15:
/Users/calebbuahin/Documents/Projects/cbuahin_github/openswmm.gui/include/layers/swmm2dresultslayer.h:552:10: warning: 'setRenderer' overrides a member function but is not marked 'override' [-Winconsistent-missing-override]
  552 |     void setRenderer(std::unique_ptr<OpenSWMM::Render::IFeatureRenderer> r);
      |          ^
/Users/calebbuahin/Documents/Projects/cbuahin_github/openswmm.gui/include/layers/openswmmvislayer.h:440:18: note: overridden virtual function is here
  440 |     virtual void setRenderer(std::unique_ptr<OpenSWMM::Render::IFeatureRenderer>);
      |                  ^
In file included from /Users/calebbuahin/Documents/Projects/cbuahin_github/openswmm.gui/src/project/projectserializer.cpp:17:
/Users/calebbuahin/Documents/Projects/cbuahin_github/openswmm.gui/include/layers/swmmresultslayer.h:408:55: warning: 'renderer' overrides a member function but is not marked 'override' [-Winconsistent-missing-override]
  408 |     [[nodiscard]] OpenSWMM::Render::IFeatureRenderer *renderer() const;
      |                                                       ^
/Users/calebbuahin/Documents/Projects/cbuahin_github/openswmm.gui/include/layers/openswmmvislayer.h:434:63: note: overridden virtual function is here
  434 |     [[nodiscard]] virtual OpenSWMM::Render::IFeatureRenderer *renderer() const { return nullptr; }
      |                                                               ^
In file included from /Users/calebbuahin/Documents/Projects/cbuahin_github/openswmm.gui/src/project/projectserializer.cpp:17:
/Users/calebbuahin/Documents/Projects/cbuahin_github/openswmm.gui/include/layers/swmmresultslayer.h:417:10: warning: 'setRenderer' overrides a member function but is not marked 'override' [-Winconsistent-missing-override]
  417 |     void setRenderer(std::unique_ptr<OpenSWMM::Render::IFeatureRenderer> r);
      |          ^
/Users/calebbuahin/Documents/Projects/cbuahin_github/openswmm.gui/include/layers/openswmmvislayer.h:440:18: note: overridden virtual function is here
  440 |     virtual void setRenderer(std::unique_ptr<OpenSWMM::Render::IFeatureRenderer>);
      |                  ^
6 warnings generated.
[239/375] Building CXX object tests/gui/CMakeFiles/test_gisselectionsync.dir/__/__/src/ui/dialogs/layerstyledialog.cpp.o
In file included from /Users/calebbuahin/Documents/Projects/cbuahin_github/openswmm.gui/src/ui/dialogs/layerstyledialog.cpp:24:
/Users/calebbuahin/Documents/Projects/cbuahin_github/openswmm.gui/include/layers/gisvectorlayer.h:270:55: warning: 'renderer' overrides a member function but is not marked 'override' [-Winconsistent-missing-override]
  270 |     [[nodiscard]] OpenSWMM::Render::IFeatureRenderer *renderer() const;
      |                                                       ^
/Users/calebbuahin/Documents/Projects/cbuahin_github/openswmm.gui/include/layers/openswmmvislayer.h:434:63: note: overridden virtual function is here
  434 |     [[nodiscard]] virtual OpenSWMM::Render::IFeatureRenderer *renderer() const { return nullptr; }
      |                                                               ^
In file included from /Users/calebbuahin/Documents/Projects/cbuahin_github/openswmm.gui/src/ui/dialogs/layerstyledialog.cpp:24:
/Users/calebbuahin/Documents/Projects/cbuahin_github/openswmm.gui/include/layers/gisvectorlayer.h:278:10: warning: 'setRenderer' overrides a member function but is not marked 'override' [-Winconsistent-missing-override]
  278 |     void setRenderer(std::unique_ptr<OpenSWMM::Render::IFeatureRenderer> r);
      |          ^
/Users/calebbuahin/Documents/Projects/cbuahin_github/openswmm.gui/include/layers/openswmmvislayer.h:440:18: note: overridden virtual function is here
  440 |     virtual void setRenderer(std::unique_ptr<OpenSWMM::Render::IFeatureRenderer>);
      |                  ^
In file included from /Users/calebbuahin/Documents/Projects/cbuahin_github/openswmm.gui/src/ui/dialogs/layerstyledialog.cpp:27:
/Users/calebbuahin/Documents/Projects/cbuahin_github/openswmm.gui/include/layers/swmmresultslayer.h:408:55: warning: 'renderer' overrides a member function but is not marked 'override' [-Winconsistent-missing-override]
  408 |     [[nodiscard]] OpenSWMM::Render::IFeatureRenderer *renderer() const;
      |                                                       ^
/Users/calebbuahin/Documents/Projects/cbuahin_github/openswmm.gui/include/layers/openswmmvislayer.h:434:63: note: overridden virtual function is here
  434 |     [[nodiscard]] virtual OpenSWMM::Render::IFeatureRenderer *renderer() const { return nullptr; }
      |                                                               ^
In file included from /Users/calebbuahin/Documents/Projects/cbuahin_github/openswmm.gui/src/ui/dialogs/layerstyledialog.cpp:27:
/Users/calebbuahin/Documents/Projects/cbuahin_github/openswmm.gui/include/layers/swmmresultslayer.h:417:10: warning: 'setRenderer' overrides a member function but is not marked 'override' [-Winconsistent-missing-override]
  417 |     void setRenderer(std::unique_ptr<OpenSWMM::Render::IFeatureRenderer> r);
      |          ^
/Users/calebbuahin/Documents/Projects/cbuahin_github/openswmm.gui/include/layers/openswmmvislayer.h:440:18: note: overridden virtual function is here
  440 |     virtual void setRenderer(std::unique_ptr<OpenSWMM::Render::IFeatureRenderer>);
      |                  ^
In file included from /Users/calebbuahin/Documents/Projects/cbuahin_github/openswmm.gui/src/ui/dialogs/layerstyledialog.cpp:28:
/Users/calebbuahin/Documents/Projects/cbuahin_github/openswmm.gui/include/layers/swmm2dresultslayer.h:544:55: warning: 'renderer' overrides a member function but is not marked 'override' [-Winconsistent-missing-override]
  544 |     [[nodiscard]] OpenSWMM::Render::IFeatureRenderer *renderer() const;
      |                                                       ^
/Users/calebbuahin/Documents/Projects/cbuahin_github/openswmm.gui/include/layers/openswmmvislayer.h:434:63: note: overridden virtual function is here
  434 |     [[nodiscard]] virtual OpenSWMM::Render::IFeatureRenderer *renderer() const { return nullptr; }
      |                                                               ^
In file included from /Users/calebbuahin/Documents/Projects/cbuahin_github/openswmm.gui/src/ui/dialogs/layerstyledialog.cpp:28:
/Users/calebbuahin/Documents/Projects/cbuahin_github/openswmm.gui/include/layers/swmm2dresultslayer.h:552:10: warning: 'setRenderer' overrides a member function but is not marked 'override' [-Winconsistent-missing-override]
  552 |     void setRenderer(std::unique_ptr<OpenSWMM::Render::IFeatureRenderer> r);
      |          ^
/Users/calebbuahin/Documents/Projects/cbuahin_github/openswmm.gui/include/layers/openswmmvislayer.h:440:18: note: overridden virtual function is here
  440 |     virtual void setRenderer(std::unique_ptr<OpenSWMM::Render::IFeatureRenderer>);
      |                  ^
6 warnings generated.
[240/375] Building CXX object tests/gui/CMakeFiles/test_gisselectionsync.dir/__/__/src/ui/dialogs/addbasemapdialog.cpp.o
In file included from /Users/calebbuahin/Documents/Projects/cbuahin_github/openswmm.gui/src/ui/dialogs/addbasemapdialog.cpp:26:
In file included from /Users/calebbuahin/Documents/Projects/cbuahin_github/openswmm.gui/include/layers/wfslayer.h:27:
/Users/calebbuahin/Documents/Projects/cbuahin_github/openswmm.gui/include/layers/gisvectorlayer.h:270:55: warning: 'renderer' overrides a member function but is not marked 'override' [-Winconsistent-missing-override]
  270 |     [[nodiscard]] OpenSWMM::Render::IFeatureRenderer *renderer() const;
      |                                                       ^
/Users/calebbuahin/Documents/Projects/cbuahin_github/openswmm.gui/include/layers/openswmmvislayer.h:434:63: note: overridden virtual function is here
  434 |     [[nodiscard]] virtual OpenSWMM::Render::IFeatureRenderer *renderer() const { return nullptr; }
      |                                                               ^
In file included from /Users/calebbuahin/Documents/Projects/cbuahin_github/openswmm.gui/src/ui/dialogs/addbasemapdialog.cpp:26:
In file included from /Users/calebbuahin/Documents/Projects/cbuahin_github/openswmm.gui/include/layers/wfslayer.h:27:
/Users/calebbuahin/Documents/Projects/cbuahin_github/openswmm.gui/include/layers/gisvectorlayer.h:278:10: warning: 'setRenderer' overrides a member function but is not marked 'override' [-Winconsistent-missing-override]
  278 |     void setRenderer(std::unique_ptr<OpenSWMM::Render::IFeatureRenderer> r);
      |          ^
/Users/calebbuahin/Documents/Projects/cbuahin_github/openswmm.gui/include/layers/openswmmvislayer.h:440:18: note: overridden virtual function is here
  440 |     virtual void setRenderer(std::unique_ptr<OpenSWMM::Render::IFeatureRenderer>);
      |                  ^
2 warnings generated.
[241/375] Building CXX object tests/gui/CMakeFiles/test_gisselectionsync.dir/__/__/src/ui/widgets/basemaphttpheaderswidget.cpp.o
[242/375] Building CXX object tests/gui/CMakeFiles/test_gisvectorpopulate.dir/__/__/src/swmmvis.cpp.o
In file included from /Users/calebbuahin/Documents/Projects/cbuahin_github/openswmm.gui/src/swmmvis.cpp:76:
In file included from /Users/calebbuahin/Documents/Projects/cbuahin_github/openswmm.gui/include/ui/dialogs/sublayerselectiondialog.h:19:
/Users/calebbuahin/Documents/Projects/cbuahin_github/openswmm.gui/include/layers/gisvectorlayer.h:270:55: warning: 'renderer' overrides a member function but is not marked 'override' [-Winconsistent-missing-override]
  270 |     [[nodiscard]] OpenSWMM::Render::IFeatureRenderer *renderer() const;
      |                                                       ^
/Users/calebbuahin/Documents/Projects/cbuahin_github/openswmm.gui/include/layers/openswmmvislayer.h:434:63: note: overridden virtual function is here
  434 |     [[nodiscard]] virtual OpenSWMM::Render::IFeatureRenderer *renderer() const { return nullptr; }
      |                                                               ^
In file included from /Users/calebbuahin/Documents/Projects/cbuahin_github/openswmm.gui/src/swmmvis.cpp:76:
In file included from /Users/calebbuahin/Documents/Projects/cbuahin_github/openswmm.gui/include/ui/dialogs/sublayerselectiondialog.h:19:
/Users/calebbuahin/Documents/Projects/cbuahin_github/openswmm.gui/include/layers/gisvectorlayer.h:278:10: warning: 'setRenderer' overrides a member function but is not marked 'override' [-Winconsistent-missing-override]
  278 |     void setRenderer(std::unique_ptr<OpenSWMM::Render::IFeatureRenderer> r);
      |          ^
/Users/calebbuahin/Documents/Projects/cbuahin_github/openswmm.gui/include/layers/openswmmvislayer.h:440:18: note: overridden virtual function is here
  440 |     virtual void setRenderer(std::unique_ptr<OpenSWMM::Render::IFeatureRenderer>);
      |                  ^
In file included from /Users/calebbuahin/Documents/Projects/cbuahin_github/openswmm.gui/src/swmmvis.cpp:89:
/Users/calebbuahin/Documents/Projects/cbuahin_github/openswmm.gui/include/core/swmmdatetime.h:61:12: warning: 'QDateTime' is deprecated: Pass QTimeZone instead [-Wdeprecated-declarations]
   61 |     return QDateTime(date, QTime(h, mi, s), Qt::UTC);
      |            ^
/Users/calebbuahin/Qt/6.9.3/macos/lib/QtCore.framework/Headers/qdatetime.h:361:5: note: 'QDateTime' has been explicitly marked deprecated here
  361 |     QT_DEPRECATED_VERSION_X_6_9("Pass QTimeZone instead")
      |     ^
/Users/calebbuahin/Qt/6.9.3/macos/lib/QtCore.framework/Headers/qtdeprecationmarkers.h:213:44: note: expanded from macro 'QT_DEPRECATED_VERSION_X_6_9'
  213 | # define QT_DEPRECATED_VERSION_X_6_9(text) QT_DEPRECATED_X(text)
      |                                            ^
/Users/calebbuahin/Qt/6.9.3/macos/lib/QtCore.framework/Headers/qtdeprecationmarkers.h:29:33: note: expanded from macro 'QT_DEPRECATED_X'
   29 | #  define QT_DEPRECATED_X(text) Q_DECL_DEPRECATED_X(text)
      |                                 ^
/Users/calebbuahin/Qt/6.9.3/macos/lib/QtCore.framework/Headers/qcompilerdetection.h:1011:36: note: expanded from macro 'Q_DECL_DEPRECATED_X'
 1011 | #  define Q_DECL_DEPRECATED_X(x) [[deprecated(x)]]
      |                                    ^
In file included from /Users/calebbuahin/Documents/Projects/cbuahin_github/openswmm.gui/src/swmmvis.cpp:89:
/Users/calebbuahin/Documents/Projects/cbuahin_github/openswmm.gui/include/core/swmmdatetime.h:61:12: warning: 'QDateTime' is deprecated: Pass QTimeZone instead [-Wdeprecated-declarations]
   61 |     return QDateTime(date, QTime(h, mi, s), Qt::UTC);
      |            ^
/Users/calebbuahin/Qt/6.9.3/macos/lib/QtCore.framework/Headers/qdatetime.h:361:5: note: 'QDateTime' has been explicitly marked deprecated here
  361 |     QT_DEPRECATED_VERSION_X_6_9("Pass QTimeZone instead")
      |     ^
/Users/calebbuahin/Qt/6.9.3/macos/lib/QtCore.framework/Headers/qtdeprecationmarkers.h:213:44: note: expanded from macro 'QT_DEPRECATED_VERSION_X_6_9'
  213 | # define QT_DEPRECATED_VERSION_X_6_9(text) QT_DEPRECATED_X(text)
      |                                            ^
/Users/calebbuahin/Qt/6.9.3/macos/lib/QtCore.framework/Headers/qtdeprecationmarkers.h:29:33: note: expanded from macro 'QT_DEPRECATED_X'
   29 | #  define QT_DEPRECATED_X(text) Q_DECL_DEPRECATED_X(text)
      |                                 ^
/Users/calebbuahin/Qt/6.9.3/macos/lib/QtCore.framework/Headers/qcompilerdetection.h:1011:36: note: expanded from macro 'Q_DECL_DEPRECATED_X'
 1011 | #  define Q_DECL_DEPRECATED_X(x) [[deprecated(x)]]
      |                                    ^
In file included from /Users/calebbuahin/Documents/Projects/cbuahin_github/openswmm.gui/src/swmmvis.cpp:136:
/Users/calebbuahin/Documents/Projects/cbuahin_github/openswmm.gui/include/layers/swmmresultslayer.h:408:55: warning: 'renderer' overrides a member function but is not marked 'override' [-Winconsistent-missing-override]
  408 |     [[nodiscard]] OpenSWMM::Render::IFeatureRenderer *renderer() const;
      |                                                       ^
/Users/calebbuahin/Documents/Projects/cbuahin_github/openswmm.gui/include/layers/openswmmvislayer.h:434:63: note: overridden virtual function is here
  434 |     [[nodiscard]] virtual OpenSWMM::Render::IFeatureRenderer *renderer() const { return nullptr; }
      |                                                               ^
In file included from /Users/calebbuahin/Documents/Projects/cbuahin_github/openswmm.gui/src/swmmvis.cpp:136:
/Users/calebbuahin/Documents/Projects/cbuahin_github/openswmm.gui/include/layers/swmmresultslayer.h:417:10: warning: 'setRenderer' overrides a member function but is not marked 'override' [-Winconsistent-missing-override]
  417 |     void setRenderer(std::unique_ptr<OpenSWMM::Render::IFeatureRenderer> r);
      |          ^
/Users/calebbuahin/Documents/Projects/cbuahin_github/openswmm.gui/include/layers/openswmmvislayer.h:440:18: note: overridden virtual function is here
  440 |     virtual void setRenderer(std::unique_ptr<OpenSWMM::Render::IFeatureRenderer>);
      |                  ^
In file included from /Users/calebbuahin/Documents/Projects/cbuahin_github/openswmm.gui/src/swmmvis.cpp:194:
/Users/calebbuahin/Documents/Projects/cbuahin_github/openswmm.gui/include/layers/swmm2dresultslayer.h:544:55: warning: 'renderer' overrides a member function but is not marked 'override' [-Winconsistent-missing-override]
  544 |     [[nodiscard]] OpenSWMM::Render::IFeatureRenderer *renderer() const;
      |                                                       ^
/Users/calebbuahin/Documents/Projects/cbuahin_github/openswmm.gui/include/layers/openswmmvislayer.h:434:63: note: overridden virtual function is here
  434 |     [[nodiscard]] virtual OpenSWMM::Render::IFeatureRenderer *renderer() const { return nullptr; }
      |                                                               ^
In file included from /Users/calebbuahin/Documents/Projects/cbuahin_github/openswmm.gui/src/swmmvis.cpp:194:
/Users/calebbuahin/Documents/Projects/cbuahin_github/openswmm.gui/include/layers/swmm2dresultslayer.h:552:10: warning: 'setRenderer' overrides a member function but is not marked 'override' [-Winconsistent-missing-override]
  552 |     void setRenderer(std::unique_ptr<OpenSWMM::Render::IFeatureRenderer> r);
      |          ^
/Users/calebbuahin/Documents/Projects/cbuahin_github/openswmm.gui/include/layers/openswmmvislayer.h:440:18: note: overridden virtual function is here
  440 |     virtual void setRenderer(std::unique_ptr<OpenSWMM::Render::IFeatureRenderer>);
      |                  ^
8 warnings generated.
[243/375] Building CXX object tests/gui/CMakeFiles/test_gisselectionsync.dir/test_gisselectionsync_autogen/mocs_compilation.cpp.o
In file included from /Users/calebbuahin/Documents/Projects/cbuahin_github/openswmm.gui/build/tests/gui/test_gisselectionsync_autogen/mocs_compilation.cpp:2:
In file included from /Users/calebbuahin/Documents/Projects/cbuahin_github/openswmm.gui/build/tests/gui/test_gisselectionsync_autogen/MAYCBHTXLP/moc_animationcontroller.cpp:9:
In file included from /Users/calebbuahin/Documents/Projects/cbuahin_github/openswmm.gui/build/tests/gui/test_gisselectionsync_autogen/MAYCBHTXLP/../../../../../include/animation/animationcontroller.h:33:
/Users/calebbuahin/Documents/Projects/cbuahin_github/openswmm.gui/include/layers/swmm2dresultslayer.h:544:55: warning: 'renderer' overrides a member function but is not marked 'override' [-Winconsistent-missing-override]
  544 |     [[nodiscard]] OpenSWMM::Render::IFeatureRenderer *renderer() const;
      |                                                       ^
/Users/calebbuahin/Documents/Projects/cbuahin_github/openswmm.gui/include/layers/openswmmvislayer.h:434:63: note: overridden virtual function is here
  434 |     [[nodiscard]] virtual OpenSWMM::Render::IFeatureRenderer *renderer() const { return nullptr; }
      |                                                               ^
In file included from /Users/calebbuahin/Documents/Projects/cbuahin_github/openswmm.gui/build/tests/gui/test_gisselectionsync_autogen/mocs_compilation.cpp:2:
In file included from /Users/calebbuahin/Documents/Projects/cbuahin_github/openswmm.gui/build/tests/gui/test_gisselectionsync_autogen/MAYCBHTXLP/moc_animationcontroller.cpp:9:
In file included from /Users/calebbuahin/Documents/Projects/cbuahin_github/openswmm.gui/build/tests/gui/test_gisselectionsync_autogen/MAYCBHTXLP/../../../../../include/animation/animationcontroller.h:33:
/Users/calebbuahin/Documents/Projects/cbuahin_github/openswmm.gui/include/layers/swmm2dresultslayer.h:552:10: warning: 'setRenderer' overrides a member function but is not marked 'override' [-Winconsistent-missing-override]
  552 |     void setRenderer(std::unique_ptr<OpenSWMM::Render::IFeatureRenderer> r);
      |          ^
/Users/calebbuahin/Documents/Projects/cbuahin_github/openswmm.gui/include/layers/openswmmvislayer.h:440:18: note: overridden virtual function is here
  440 |     virtual void setRenderer(std::unique_ptr<OpenSWMM::Render::IFeatureRenderer>);
      |                  ^
In file included from /Users/calebbuahin/Documents/Projects/cbuahin_github/openswmm.gui/build/tests/gui/test_gisselectionsync_autogen/mocs_compilation.cpp:28:
In file included from /Users/calebbuahin/Documents/Projects/cbuahin_github/openswmm.gui/build/tests/gui/test_gisselectionsync_autogen/COIIM6MLNP/moc_gisvectorlayer.cpp:9:
/Users/calebbuahin/Documents/Projects/cbuahin_github/openswmm.gui/build/tests/gui/test_gisselectionsync_autogen/COIIM6MLNP/../../../../../include/layers/gisvectorlayer.h:270:55: warning: 'renderer' overrides a member function but is not marked 'override' [-Winconsistent-missing-override]
  270 |     [[nodiscard]] OpenSWMM::Render::IFeatureRenderer *renderer() const;
      |                                                       ^
/Users/calebbuahin/Documents/Projects/cbuahin_github/openswmm.gui/include/layers/openswmmvislayer.h:434:63: note: overridden virtual function is here
  434 |     [[nodiscard]] virtual OpenSWMM::Render::IFeatureRenderer *renderer() const { return nullptr; }
      |                                                               ^
In file included from /Users/calebbuahin/Documents/Projects/cbuahin_github/openswmm.gui/build/tests/gui/test_gisselectionsync_autogen/mocs_compilation.cpp:28:
In file included from /Users/calebbuahin/Documents/Projects/cbuahin_github/openswmm.gui/build/tests/gui/test_gisselectionsync_autogen/COIIM6MLNP/moc_gisvectorlayer.cpp:9:
/Users/calebbuahin/Documents/Projects/cbuahin_github/openswmm.gui/build/tests/gui/test_gisselectionsync_autogen/COIIM6MLNP/../../../../../include/layers/gisvectorlayer.h:278:10: warning: 'setRenderer' overrides a member function but is not marked 'override' [-Winconsistent-missing-override]
  278 |     void setRenderer(std::unique_ptr<OpenSWMM::Render::IFeatureRenderer> r);
      |          ^
/Users/calebbuahin/Documents/Projects/cbuahin_github/openswmm.gui/include/layers/openswmmvislayer.h:440:18: note: overridden virtual function is here
  440 |     virtual void setRenderer(std::unique_ptr<OpenSWMM::Render::IFeatureRenderer>);
      |                  ^
In file included from /Users/calebbuahin/Documents/Projects/cbuahin_github/openswmm.gui/build/tests/gui/test_gisselectionsync_autogen/mocs_compilation.cpp:36:
In file included from /Users/calebbuahin/Documents/Projects/cbuahin_github/openswmm.gui/build/tests/gui/test_gisselectionsync_autogen/COIIM6MLNP/moc_swmmresultslayer.cpp:9:
/Users/calebbuahin/Documents/Projects/cbuahin_github/openswmm.gui/build/tests/gui/test_gisselectionsync_autogen/COIIM6MLNP/../../../../../include/layers/swmmresultslayer.h:408:55: warning: 'renderer' overrides a member function but is not marked 'override' [-Winconsistent-missing-override]
  408 |     [[nodiscard]] OpenSWMM::Render::IFeatureRenderer *renderer() const;
      |                                                       ^
/Users/calebbuahin/Documents/Projects/cbuahin_github/openswmm.gui/include/layers/openswmmvislayer.h:434:63: note: overridden virtual function is here
  434 |     [[nodiscard]] virtual OpenSWMM::Render::IFeatureRenderer *renderer() const { return nullptr; }
      |                                                               ^
In file included from /Users/calebbuahin/Documents/Projects/cbuahin_github/openswmm.gui/build/tests/gui/test_gisselectionsync_autogen/mocs_compilation.cpp:36:
In file included from /Users/calebbuahin/Documents/Projects/cbuahin_github/openswmm.gui/build/tests/gui/test_gisselectionsync_autogen/COIIM6MLNP/moc_swmmresultslayer.cpp:9:
/Users/calebbuahin/Documents/Projects/cbuahin_github/openswmm.gui/build/tests/gui/test_gisselectionsync_autogen/COIIM6MLNP/../../../../../include/layers/swmmresultslayer.h:417:10: warning: 'setRenderer' overrides a member function but is not marked 'override' [-Winconsistent-missing-override]
  417 |     void setRenderer(std::unique_ptr<OpenSWMM::Render::IFeatureRenderer> r);
      |          ^
/Users/calebbuahin/Documents/Projects/cbuahin_github/openswmm.gui/include/layers/openswmmvislayer.h:440:18: note: overridden virtual function is here
  440 |     virtual void setRenderer(std::unique_ptr<OpenSWMM::Render::IFeatureRenderer>);
      |                  ^
6 warnings generated.
[244/375] Building CXX object tests/gui/CMakeFiles/test_savewarnings.dir/__/__/src/connections/basemapconnectionstore.cpp.o
[245/375] Building CXX object tests/gui/CMakeFiles/test_savewarnings.dir/__/__/src/layers/xyztilelayer.cpp.o
[246/375] Building CXX object tests/gui/CMakeFiles/test_gisrastercrs.dir/__/__/src/swmmvis.cpp.o
In file included from /Users/calebbuahin/Documents/Projects/cbuahin_github/openswmm.gui/src/swmmvis.cpp:76:
In file included from /Users/calebbuahin/Documents/Projects/cbuahin_github/openswmm.gui/include/ui/dialogs/sublayerselectiondialog.h:19:
/Users/calebbuahin/Documents/Projects/cbuahin_github/openswmm.gui/include/layers/gisvectorlayer.h:270:55: warning: 'renderer' overrides a member function but is not marked 'override' [-Winconsistent-missing-override]
  270 |     [[nodiscard]] OpenSWMM::Render::IFeatureRenderer *renderer() const;
      |                                                       ^
/Users/calebbuahin/Documents/Projects/cbuahin_github/openswmm.gui/include/layers/openswmmvislayer.h:434:63: note: overridden virtual function is here
  434 |     [[nodiscard]] virtual OpenSWMM::Render::IFeatureRenderer *renderer() const { return nullptr; }
      |                                                               ^
In file included from /Users/calebbuahin/Documents/Projects/cbuahin_github/openswmm.gui/src/swmmvis.cpp:76:
In file included from /Users/calebbuahin/Documents/Projects/cbuahin_github/openswmm.gui/include/ui/dialogs/sublayerselectiondialog.h:19:
/Users/calebbuahin/Documents/Projects/cbuahin_github/openswmm.gui/include/layers/gisvectorlayer.h:278:10: warning: 'setRenderer' overrides a member function but is not marked 'override' [-Winconsistent-missing-override]
  278 |     void setRenderer(std::unique_ptr<OpenSWMM::Render::IFeatureRenderer> r);
      |          ^
/Users/calebbuahin/Documents/Projects/cbuahin_github/openswmm.gui/include/layers/openswmmvislayer.h:440:18: note: overridden virtual function is here
  440 |     virtual void setRenderer(std::unique_ptr<OpenSWMM::Render::IFeatureRenderer>);
      |                  ^
In file included from /Users/calebbuahin/Documents/Projects/cbuahin_github/openswmm.gui/src/swmmvis.cpp:89:
/Users/calebbuahin/Documents/Projects/cbuahin_github/openswmm.gui/include/core/swmmdatetime.h:61:12: warning: 'QDateTime' is deprecated: Pass QTimeZone instead [-Wdeprecated-declarations]
   61 |     return QDateTime(date, QTime(h, mi, s), Qt::UTC);
      |            ^
/Users/calebbuahin/Qt/6.9.3/macos/lib/QtCore.framework/Headers/qdatetime.h:361:5: note: 'QDateTime' has been explicitly marked deprecated here
  361 |     QT_DEPRECATED_VERSION_X_6_9("Pass QTimeZone instead")
      |     ^
/Users/calebbuahin/Qt/6.9.3/macos/lib/QtCore.framework/Headers/qtdeprecationmarkers.h:213:44: note: expanded from macro 'QT_DEPRECATED_VERSION_X_6_9'
  213 | # define QT_DEPRECATED_VERSION_X_6_9(text) QT_DEPRECATED_X(text)
      |                                            ^
/Users/calebbuahin/Qt/6.9.3/macos/lib/QtCore.framework/Headers/qtdeprecationmarkers.h:29:33: note: expanded from macro 'QT_DEPRECATED_X'
   29 | #  define QT_DEPRECATED_X(text) Q_DECL_DEPRECATED_X(text)
      |                                 ^
/Users/calebbuahin/Qt/6.9.3/macos/lib/QtCore.framework/Headers/qcompilerdetection.h:1011:36: note: expanded from macro 'Q_DECL_DEPRECATED_X'
 1011 | #  define Q_DECL_DEPRECATED_X(x) [[deprecated(x)]]
      |                                    ^
In file included from /Users/calebbuahin/Documents/Projects/cbuahin_github/openswmm.gui/src/swmmvis.cpp:89:
/Users/calebbuahin/Documents/Projects/cbuahin_github/openswmm.gui/include/core/swmmdatetime.h:61:12: warning: 'QDateTime' is deprecated: Pass QTimeZone instead [-Wdeprecated-declarations]
   61 |     return QDateTime(date, QTime(h, mi, s), Qt::UTC);
      |            ^
/Users/calebbuahin/Qt/6.9.3/macos/lib/QtCore.framework/Headers/qdatetime.h:361:5: note: 'QDateTime' has been explicitly marked deprecated here
  361 |     QT_DEPRECATED_VERSION_X_6_9("Pass QTimeZone instead")
      |     ^
/Users/calebbuahin/Qt/6.9.3/macos/lib/QtCore.framework/Headers/qtdeprecationmarkers.h:213:44: note: expanded from macro 'QT_DEPRECATED_VERSION_X_6_9'
  213 | # define QT_DEPRECATED_VERSION_X_6_9(text) QT_DEPRECATED_X(text)
      |                                            ^
/Users/calebbuahin/Qt/6.9.3/macos/lib/QtCore.framework/Headers/qtdeprecationmarkers.h:29:33: note: expanded from macro 'QT_DEPRECATED_X'
   29 | #  define QT_DEPRECATED_X(text) Q_DECL_DEPRECATED_X(text)
      |                                 ^
/Users/calebbuahin/Qt/6.9.3/macos/lib/QtCore.framework/Headers/qcompilerdetection.h:1011:36: note: expanded from macro 'Q_DECL_DEPRECATED_X'
 1011 | #  define Q_DECL_DEPRECATED_X(x) [[deprecated(x)]]
      |                                    ^
In file included from /Users/calebbuahin/Documents/Projects/cbuahin_github/openswmm.gui/src/swmmvis.cpp:136:
/Users/calebbuahin/Documents/Projects/cbuahin_github/openswmm.gui/include/layers/swmmresultslayer.h:408:55: warning: 'renderer' overrides a member function but is not marked 'override' [-Winconsistent-missing-override]
  408 |     [[nodiscard]] OpenSWMM::Render::IFeatureRenderer *renderer() const;
      |                                                       ^
/Users/calebbuahin/Documents/Projects/cbuahin_github/openswmm.gui/include/layers/openswmmvislayer.h:434:63: note: overridden virtual function is here
  434 |     [[nodiscard]] virtual OpenSWMM::Render::IFeatureRenderer *renderer() const { return nullptr; }
      |                                                               ^
In file included from /Users/calebbuahin/Documents/Projects/cbuahin_github/openswmm.gui/src/swmmvis.cpp:136:
/Users/calebbuahin/Documents/Projects/cbuahin_github/openswmm.gui/include/layers/swmmresultslayer.h:417:10: warning: 'setRenderer' overrides a member function but is not marked 'override' [-Winconsistent-missing-override]
  417 |     void setRenderer(std::unique_ptr<OpenSWMM::Render::IFeatureRenderer> r);
      |          ^
/Users/calebbuahin/Documents/Projects/cbuahin_github/openswmm.gui/include/layers/openswmmvislayer.h:440:18: note: overridden virtual function is here
  440 |     virtual void setRenderer(std::unique_ptr<OpenSWMM::Render::IFeatureRenderer>);
      |                  ^
In file included from /Users/calebbuahin/Documents/Projects/cbuahin_github/openswmm.gui/src/swmmvis.cpp:194:
/Users/calebbuahin/Documents/Projects/cbuahin_github/openswmm.gui/include/layers/swmm2dresultslayer.h:544:55: warning: 'renderer' overrides a member function but is not marked 'override' [-Winconsistent-missing-override]
  544 |     [[nodiscard]] OpenSWMM::Render::IFeatureRenderer *renderer() const;
      |                                                       ^
/Users/calebbuahin/Documents/Projects/cbuahin_github/openswmm.gui/include/layers/openswmmvislayer.h:434:63: note: overridden virtual function is here
  434 |     [[nodiscard]] virtual OpenSWMM::Render::IFeatureRenderer *renderer() const { return nullptr; }
      |                                                               ^
In file included from /Users/calebbuahin/Documents/Projects/cbuahin_github/openswmm.gui/src/swmmvis.cpp:194:
/Users/calebbuahin/Documents/Projects/cbuahin_github/openswmm.gui/include/layers/swmm2dresultslayer.h:552:10: warning: 'setRenderer' overrides a member function but is not marked 'override' [-Winconsistent-missing-override]
  552 |     void setRenderer(std::unique_ptr<OpenSWMM::Render::IFeatureRenderer> r);
      |          ^
/Users/calebbuahin/Documents/Projects/cbuahin_github/openswmm.gui/include/layers/openswmmvislayer.h:440:18: note: overridden virtual function is here
  440 |     virtual void setRenderer(std::unique_ptr<OpenSWMM::Render::IFeatureRenderer>);
      |                  ^
8 warnings generated.
[247/375] Building CXX object tests/gui/CMakeFiles/test_savewarnings.dir/__/__/src/map/mapcanvas.cpp.o
In file included from /Users/calebbuahin/Documents/Projects/cbuahin_github/openswmm.gui/src/map/mapcanvas.cpp:20:
/Users/calebbuahin/Documents/Projects/cbuahin_github/openswmm.gui/include/layers/gisvectorlayer.h:270:55: warning: 'renderer' overrides a member function but is not marked 'override' [-Winconsistent-missing-override]
  270 |     [[nodiscard]] OpenSWMM::Render::IFeatureRenderer *renderer() const;
      |                                                       ^
/Users/calebbuahin/Documents/Projects/cbuahin_github/openswmm.gui/include/layers/openswmmvislayer.h:434:63: note: overridden virtual function is here
  434 |     [[nodiscard]] virtual OpenSWMM::Render::IFeatureRenderer *renderer() const { return nullptr; }
      |                                                               ^
In file included from /Users/calebbuahin/Documents/Projects/cbuahin_github/openswmm.gui/src/map/mapcanvas.cpp:20:
/Users/calebbuahin/Documents/Projects/cbuahin_github/openswmm.gui/include/layers/gisvectorlayer.h:278:10: warning: 'setRenderer' overrides a member function but is not marked 'override' [-Winconsistent-missing-override]
  278 |     void setRenderer(std::unique_ptr<OpenSWMM::Render::IFeatureRenderer> r);
      |          ^
/Users/calebbuahin/Documents/Projects/cbuahin_github/openswmm.gui/include/layers/openswmmvislayer.h:440:18: note: overridden virtual function is here
  440 |     virtual void setRenderer(std::unique_ptr<OpenSWMM::Render::IFeatureRenderer>);
      |                  ^
In file included from /Users/calebbuahin/Documents/Projects/cbuahin_github/openswmm.gui/src/map/mapcanvas.cpp:31:
/Users/calebbuahin/Documents/Projects/cbuahin_github/openswmm.gui/include/layers/swmm2dresultslayer.h:544:55: warning: 'renderer' overrides a member function but is not marked 'override' [-Winconsistent-missing-override]
  544 |     [[nodiscard]] OpenSWMM::Render::IFeatureRenderer *renderer() const;
      |                                                       ^
/Users/calebbuahin/Documents/Projects/cbuahin_github/openswmm.gui/include/layers/openswmmvislayer.h:434:63: note: overridden virtual function is here
  434 |     [[nodiscard]] virtual OpenSWMM::Render::IFeatureRenderer *renderer() const { return nullptr; }
      |                                                               ^
In file included from /Users/calebbuahin/Documents/Projects/cbuahin_github/openswmm.gui/src/map/mapcanvas.cpp:31:
/Users/calebbuahin/Documents/Projects/cbuahin_github/openswmm.gui/include/layers/swmm2dresultslayer.h:552:10: warning: 'setRenderer' overrides a member function but is not marked 'override' [-Winconsistent-missing-override]
  552 |     void setRenderer(std::unique_ptr<OpenSWMM::Render::IFeatureRenderer> r);
      |          ^
/Users/calebbuahin/Documents/Projects/cbuahin_github/openswmm.gui/include/layers/openswmmvislayer.h:440:18: note: overridden virtual function is here
  440 |     virtual void setRenderer(std::unique_ptr<OpenSWMM::Render::IFeatureRenderer>);
      |                  ^
4 warnings generated.
[248/375] Building CXX object tests/gui/CMakeFiles/test_savewarnings.dir/__/__/src/project/projectserializer.cpp.o
In file included from /Users/calebbuahin/Documents/Projects/cbuahin_github/openswmm.gui/src/project/projectserializer.cpp:12:
/Users/calebbuahin/Documents/Projects/cbuahin_github/openswmm.gui/include/layers/gisvectorlayer.h:270:55: warning: 'renderer' overrides a member function but is not marked 'override' [-Winconsistent-missing-override]
  270 |     [[nodiscard]] OpenSWMM::Render::IFeatureRenderer *renderer() const;
      |                                                       ^
/Users/calebbuahin/Documents/Projects/cbuahin_github/openswmm.gui/include/layers/openswmmvislayer.h:434:63: note: overridden virtual function is here
  434 |     [[nodiscard]] virtual OpenSWMM::Render::IFeatureRenderer *renderer() const { return nullptr; }
      |                                                               ^
In file included from /Users/calebbuahin/Documents/Projects/cbuahin_github/openswmm.gui/src/project/projectserializer.cpp:12:
/Users/calebbuahin/Documents/Projects/cbuahin_github/openswmm.gui/include/layers/gisvectorlayer.h:278:10: warning: 'setRenderer' overrides a member function but is not marked 'override' [-Winconsistent-missing-override]
  278 |     void setRenderer(std::unique_ptr<OpenSWMM::Render::IFeatureRenderer> r);
      |          ^
/Users/calebbuahin/Documents/Projects/cbuahin_github/openswmm.gui/include/layers/openswmmvislayer.h:440:18: note: overridden virtual function is here
  440 |     virtual void setRenderer(std::unique_ptr<OpenSWMM::Render::IFeatureRenderer>);
      |                  ^
In file included from /Users/calebbuahin/Documents/Projects/cbuahin_github/openswmm.gui/src/project/projectserializer.cpp:15:
/Users/calebbuahin/Documents/Projects/cbuahin_github/openswmm.gui/include/layers/swmm2dresultslayer.h:544:55: warning: 'renderer' overrides a member function but is not marked 'override' [-Winconsistent-missing-override]
  544 |     [[nodiscard]] OpenSWMM::Render::IFeatureRenderer *renderer() const;
      |                                                       ^
/Users/calebbuahin/Documents/Projects/cbuahin_github/openswmm.gui/include/layers/openswmmvislayer.h:434:63: note: overridden virtual function is here
  434 |     [[nodiscard]] virtual OpenSWMM::Render::IFeatureRenderer *renderer() const { return nullptr; }
      |                                                               ^
In file included from /Users/calebbuahin/Documents/Projects/cbuahin_github/openswmm.gui/src/project/projectserializer.cpp:15:
/Users/calebbuahin/Documents/Projects/cbuahin_github/openswmm.gui/include/layers/swmm2dresultslayer.h:552:10: warning: 'setRenderer' overrides a member function but is not marked 'override' [-Winconsistent-missing-override]
  552 |     void setRenderer(std::unique_ptr<OpenSWMM::Render::IFeatureRenderer> r);
      |          ^
/Users/calebbuahin/Documents/Projects/cbuahin_github/openswmm.gui/include/layers/openswmmvislayer.h:440:18: note: overridden virtual function is here
  440 |     virtual void setRenderer(std::unique_ptr<OpenSWMM::Render::IFeatureRenderer>);
      |                  ^
In file included from /Users/calebbuahin/Documents/Projects/cbuahin_github/openswmm.gui/src/project/projectserializer.cpp:17:
/Users/calebbuahin/Documents/Projects/cbuahin_github/openswmm.gui/include/layers/swmmresultslayer.h:408:55: warning: 'renderer' overrides a member function but is not marked 'override' [-Winconsistent-missing-override]
  408 |     [[nodiscard]] OpenSWMM::Render::IFeatureRenderer *renderer() const;
      |                                                       ^
/Users/calebbuahin/Documents/Projects/cbuahin_github/openswmm.gui/include/layers/openswmmvislayer.h:434:63: note: overridden virtual function is here
  434 |     [[nodiscard]] virtual OpenSWMM::Render::IFeatureRenderer *renderer() const { return nullptr; }
      |                                                               ^
In file included from /Users/calebbuahin/Documents/Projects/cbuahin_github/openswmm.gui/src/project/projectserializer.cpp:17:
/Users/calebbuahin/Documents/Projects/cbuahin_github/openswmm.gui/include/layers/swmmresultslayer.h:417:10: warning: 'setRenderer' overrides a member function but is not marked 'override' [-Winconsistent-missing-override]
  417 |     void setRenderer(std::unique_ptr<OpenSWMM::Render::IFeatureRenderer> r);
      |          ^
/Users/calebbuahin/Documents/Projects/cbuahin_github/openswmm.gui/include/layers/openswmmvislayer.h:440:18: note: overridden virtual function is here
  440 |     virtual void setRenderer(std::unique_ptr<OpenSWMM::Render::IFeatureRenderer>);
      |                  ^
6 warnings generated.
[249/375] Building CXX object tests/gui/CMakeFiles/test_savewarnings.dir/__/__/src/ui/dialogs/addbasemapdialog.cpp.o
In file included from /Users/calebbuahin/Documents/Projects/cbuahin_github/openswmm.gui/src/ui/dialogs/addbasemapdialog.cpp:26:
In file included from /Users/calebbuahin/Documents/Projects/cbuahin_github/openswmm.gui/include/layers/wfslayer.h:27:
/Users/calebbuahin/Documents/Projects/cbuahin_github/openswmm.gui/include/layers/gisvectorlayer.h:270:55: warning: 'renderer' overrides a member function but is not marked 'override' [-Winconsistent-missing-override]
  270 |     [[nodiscard]] OpenSWMM::Render::IFeatureRenderer *renderer() const;
      |                                                       ^
/Users/calebbuahin/Documents/Projects/cbuahin_github/openswmm.gui/include/layers/openswmmvislayer.h:434:63: note: overridden virtual function is here
  434 |     [[nodiscard]] virtual OpenSWMM::Render::IFeatureRenderer *renderer() const { return nullptr; }
      |                                                               ^
In file included from /Users/calebbuahin/Documents/Projects/cbuahin_github/openswmm.gui/src/ui/dialogs/addbasemapdialog.cpp:26:
In file included from /Users/calebbuahin/Documents/Projects/cbuahin_github/openswmm.gui/include/layers/wfslayer.h:27:
/Users/calebbuahin/Documents/Projects/cbuahin_github/openswmm.gui/include/layers/gisvectorlayer.h:278:10: warning: 'setRenderer' overrides a member function but is not marked 'override' [-Winconsistent-missing-override]
  278 |     void setRenderer(std::unique_ptr<OpenSWMM::Render::IFeatureRenderer> r);
      |          ^
/Users/calebbuahin/Documents/Projects/cbuahin_github/openswmm.gui/include/layers/openswmmvislayer.h:440:18: note: overridden virtual function is here
  440 |     virtual void setRenderer(std::unique_ptr<OpenSWMM::Render::IFeatureRenderer>);
      |                  ^
2 warnings generated.
[250/375] Building CXX object tests/gui/CMakeFiles/test_savewarnings.dir/__/__/src/ui/dialogs/layerstyledialog.cpp.o
In file included from /Users/calebbuahin/Documents/Projects/cbuahin_github/openswmm.gui/src/ui/dialogs/layerstyledialog.cpp:24:
/Users/calebbuahin/Documents/Projects/cbuahin_github/openswmm.gui/include/layers/gisvectorlayer.h:270:55: warning: 'renderer' overrides a member function but is not marked 'override' [-Winconsistent-missing-override]
  270 |     [[nodiscard]] OpenSWMM::Render::IFeatureRenderer *renderer() const;
      |                                                       ^
/Users/calebbuahin/Documents/Projects/cbuahin_github/openswmm.gui/include/layers/openswmmvislayer.h:434:63: note: overridden virtual function is here
  434 |     [[nodiscard]] virtual OpenSWMM::Render::IFeatureRenderer *renderer() const { return nullptr; }
      |                                                               ^
In file included from /Users/calebbuahin/Documents/Projects/cbuahin_github/openswmm.gui/src/ui/dialogs/layerstyledialog.cpp:24:
/Users/calebbuahin/Documents/Projects/cbuahin_github/openswmm.gui/include/layers/gisvectorlayer.h:278:10: warning: 'setRenderer' overrides a member function but is not marked 'override' [-Winconsistent-missing-override]
  278 |     void setRenderer(std::unique_ptr<OpenSWMM::Render::IFeatureRenderer> r);
      |          ^
/Users/calebbuahin/Documents/Projects/cbuahin_github/openswmm.gui/include/layers/openswmmvislayer.h:440:18: note: overridden virtual function is here
  440 |     virtual void setRenderer(std::unique_ptr<OpenSWMM::Render::IFeatureRenderer>);
      |                  ^
In file included from /Users/calebbuahin/Documents/Projects/cbuahin_github/openswmm.gui/src/ui/dialogs/layerstyledialog.cpp:27:
/Users/calebbuahin/Documents/Projects/cbuahin_github/openswmm.gui/include/layers/swmmresultslayer.h:408:55: warning: 'renderer' overrides a member function but is not marked 'override' [-Winconsistent-missing-override]
  408 |     [[nodiscard]] OpenSWMM::Render::IFeatureRenderer *renderer() const;
      |                                                       ^
/Users/calebbuahin/Documents/Projects/cbuahin_github/openswmm.gui/include/layers/openswmmvislayer.h:434:63: note: overridden virtual function is here
  434 |     [[nodiscard]] virtual OpenSWMM::Render::IFeatureRenderer *renderer() const { return nullptr; }
      |                                                               ^
In file included from /Users/calebbuahin/Documents/Projects/cbuahin_github/openswmm.gui/src/ui/dialogs/layerstyledialog.cpp:27:
/Users/calebbuahin/Documents/Projects/cbuahin_github/openswmm.gui/include/layers/swmmresultslayer.h:417:10: warning: 'setRenderer' overrides a member function but is not marked 'override' [-Winconsistent-missing-override]
  417 |     void setRenderer(std::unique_ptr<OpenSWMM::Render::IFeatureRenderer> r);
      |          ^
/Users/calebbuahin/Documents/Projects/cbuahin_github/openswmm.gui/include/layers/openswmmvislayer.h:440:18: note: overridden virtual function is here
  440 |     virtual void setRenderer(std::unique_ptr<OpenSWMM::Render::IFeatureRenderer>);
      |                  ^
In file included from /Users/calebbuahin/Documents/Projects/cbuahin_github/openswmm.gui/src/ui/dialogs/layerstyledialog.cpp:28:
/Users/calebbuahin/Documents/Projects/cbuahin_github/openswmm.gui/include/layers/swmm2dresultslayer.h:544:55: warning: 'renderer' overrides a member function but is not marked 'override' [-Winconsistent-missing-override]
  544 |     [[nodiscard]] OpenSWMM::Render::IFeatureRenderer *renderer() const;
      |                                                       ^
/Users/calebbuahin/Documents/Projects/cbuahin_github/openswmm.gui/include/layers/openswmmvislayer.h:434:63: note: overridden virtual function is here
  434 |     [[nodiscard]] virtual OpenSWMM::Render::IFeatureRenderer *renderer() const { return nullptr; }
      |                                                               ^
In file included from /Users/calebbuahin/Documents/Projects/cbuahin_github/openswmm.gui/src/ui/dialogs/layerstyledialog.cpp:28:
/Users/calebbuahin/Documents/Projects/cbuahin_github/openswmm.gui/include/layers/swmm2dresultslayer.h:552:10: warning: 'setRenderer' overrides a member function but is not marked 'override' [-Winconsistent-missing-override]
  552 |     void setRenderer(std::unique_ptr<OpenSWMM::Render::IFeatureRenderer> r);
      |          ^
/Users/calebbuahin/Documents/Projects/cbuahin_github/openswmm.gui/include/layers/openswmmvislayer.h:440:18: note: overridden virtual function is here
  440 |     virtual void setRenderer(std::unique_ptr<OpenSWMM::Render::IFeatureRenderer>);
      |                  ^
6 warnings generated.
[251/375] Building CXX object tests/gui/CMakeFiles/test_savewarnings.dir/__/__/src/ui/widgets/basemaphttpheaderswidget.cpp.o
[252/375] Building CXX object tests/gui/CMakeFiles/test_meshcommands_vertex_edge.dir/test_meshcommands_vertex_edge_autogen/mocs_compilation.cpp.o
In file included from /Users/calebbuahin/Documents/Projects/cbuahin_github/openswmm.gui/build/tests/gui/test_meshcommands_vertex_edge_autogen/mocs_compilation.cpp:2:
In file included from /Users/calebbuahin/Documents/Projects/cbuahin_github/openswmm.gui/build/tests/gui/test_meshcommands_vertex_edge_autogen/MAYCBHTXLP/moc_animationcontroller.cpp:9:
In file included from /Users/calebbuahin/Documents/Projects/cbuahin_github/openswmm.gui/build/tests/gui/test_meshcommands_vertex_edge_autogen/MAYCBHTXLP/../../../../../include/animation/animationcontroller.h:33:
/Users/calebbuahin/Documents/Projects/cbuahin_github/openswmm.gui/include/layers/swmm2dresultslayer.h:544:55: warning: 'renderer' overrides a member function but is not marked 'override' [-Winconsistent-missing-override]
  544 |     [[nodiscard]] OpenSWMM::Render::IFeatureRenderer *renderer() const;
      |                                                       ^
/Users/calebbuahin/Documents/Projects/cbuahin_github/openswmm.gui/include/layers/openswmmvislayer.h:434:63: note: overridden virtual function is here
  434 |     [[nodiscard]] virtual OpenSWMM::Render::IFeatureRenderer *renderer() const { return nullptr; }
      |                                                               ^
In file included from /Users/calebbuahin/Documents/Projects/cbuahin_github/openswmm.gui/build/tests/gui/test_meshcommands_vertex_edge_autogen/mocs_compilation.cpp:2:
In file included from /Users/calebbuahin/Documents/Projects/cbuahin_github/openswmm.gui/build/tests/gui/test_meshcommands_vertex_edge_autogen/MAYCBHTXLP/moc_animationcontroller.cpp:9:
In file included from /Users/calebbuahin/Documents/Projects/cbuahin_github/openswmm.gui/build/tests/gui/test_meshcommands_vertex_edge_autogen/MAYCBHTXLP/../../../../../include/animation/animationcontroller.h:33:
/Users/calebbuahin/Documents/Projects/cbuahin_github/openswmm.gui/include/layers/swmm2dresultslayer.h:552:10: warning: 'setRenderer' overrides a member function but is not marked 'override' [-Winconsistent-missing-override]
  552 |     void setRenderer(std::unique_ptr<OpenSWMM::Render::IFeatureRenderer> r);
      |          ^
/Users/calebbuahin/Documents/Projects/cbuahin_github/openswmm.gui/include/layers/openswmmvislayer.h:440:18: note: overridden virtual function is here
  440 |     virtual void setRenderer(std::unique_ptr<OpenSWMM::Render::IFeatureRenderer>);
      |                  ^
In file included from /Users/calebbuahin/Documents/Projects/cbuahin_github/openswmm.gui/build/tests/gui/test_meshcommands_vertex_edge_autogen/mocs_compilation.cpp:28:
In file included from /Users/calebbuahin/Documents/Projects/cbuahin_github/openswmm.gui/build/tests/gui/test_meshcommands_vertex_edge_autogen/COIIM6MLNP/moc_gisvectorlayer.cpp:9:
/Users/calebbuahin/Documents/Projects/cbuahin_github/openswmm.gui/build/tests/gui/test_meshcommands_vertex_edge_autogen/COIIM6MLNP/../../../../../include/layers/gisvectorlayer.h:270:55: warning: 'renderer' overrides a member function but is not marked 'override' [-Winconsistent-missing-override]
  270 |     [[nodiscard]] OpenSWMM::Render::IFeatureRenderer *renderer() const;
      |                                                       ^
/Users/calebbuahin/Documents/Projects/cbuahin_github/openswmm.gui/include/layers/openswmmvislayer.h:434:63: note: overridden virtual function is here
  434 |     [[nodiscard]] virtual OpenSWMM::Render::IFeatureRenderer *renderer() const { return nullptr; }
      |                                                               ^
In file included from /Users/calebbuahin/Documents/Projects/cbuahin_github/openswmm.gui/build/tests/gui/test_meshcommands_vertex_edge_autogen/mocs_compilation.cpp:28:
In file included from /Users/calebbuahin/Documents/Projects/cbuahin_github/openswmm.gui/build/tests/gui/test_meshcommands_vertex_edge_autogen/COIIM6MLNP/moc_gisvectorlayer.cpp:9:
/Users/calebbuahin/Documents/Projects/cbuahin_github/openswmm.gui/build/tests/gui/test_meshcommands_vertex_edge_autogen/COIIM6MLNP/../../../../../include/layers/gisvectorlayer.h:278:10: warning: 'setRenderer' overrides a member function but is not marked 'override' [-Winconsistent-missing-override]
  278 |     void setRenderer(std::unique_ptr<OpenSWMM::Render::IFeatureRenderer> r);
      |          ^
/Users/calebbuahin/Documents/Projects/cbuahin_github/openswmm.gui/include/layers/openswmmvislayer.h:440:18: note: overridden virtual function is here
  440 |     virtual void setRenderer(std::unique_ptr<OpenSWMM::Render::IFeatureRenderer>);
      |                  ^
In file included from /Users/calebbuahin/Documents/Projects/cbuahin_github/openswmm.gui/build/tests/gui/test_meshcommands_vertex_edge_autogen/mocs_compilation.cpp:36:
In file included from /Users/calebbuahin/Documents/Projects/cbuahin_github/openswmm.gui/build/tests/gui/test_meshcommands_vertex_edge_autogen/COIIM6MLNP/moc_swmmresultslayer.cpp:9:
/Users/calebbuahin/Documents/Projects/cbuahin_github/openswmm.gui/build/tests/gui/test_meshcommands_vertex_edge_autogen/COIIM6MLNP/../../../../../include/layers/swmmresultslayer.h:408:55: warning: 'renderer' overrides a member function but is not marked 'override' [-Winconsistent-missing-override]
  408 |     [[nodiscard]] OpenSWMM::Render::IFeatureRenderer *renderer() const;
      |                                                       ^
/Users/calebbuahin/Documents/Projects/cbuahin_github/openswmm.gui/include/layers/openswmmvislayer.h:434:63: note: overridden virtual function is here
  434 |     [[nodiscard]] virtual OpenSWMM::Render::IFeatureRenderer *renderer() const { return nullptr; }
      |                                                               ^
In file included from /Users/calebbuahin/Documents/Projects/cbuahin_github/openswmm.gui/build/tests/gui/test_meshcommands_vertex_edge_autogen/mocs_compilation.cpp:36:
In file included from /Users/calebbuahin/Documents/Projects/cbuahin_github/openswmm.gui/build/tests/gui/test_meshcommands_vertex_edge_autogen/COIIM6MLNP/moc_swmmresultslayer.cpp:9:
/Users/calebbuahin/Documents/Projects/cbuahin_github/openswmm.gui/build/tests/gui/test_meshcommands_vertex_edge_autogen/COIIM6MLNP/../../../../../include/layers/swmmresultslayer.h:417:10: warning: 'setRenderer' overrides a member function but is not marked 'override' [-Winconsistent-missing-override]
  417 |     void setRenderer(std::unique_ptr<OpenSWMM::Render::IFeatureRenderer> r);
      |          ^
/Users/calebbuahin/Documents/Projects/cbuahin_github/openswmm.gui/include/layers/openswmmvislayer.h:440:18: note: overridden virtual function is here
  440 |     virtual void setRenderer(std::unique_ptr<OpenSWMM::Render::IFeatureRenderer>);
      |                  ^
6 warnings generated.
[253/375] Building CXX object tests/gui/CMakeFiles/test_meshinfil.dir/__/__/src/connections/basemapconnectionstore.cpp.o
[254/375] Building CXX object tests/gui/CMakeFiles/test_meshinfil.dir/__/__/src/layers/xyztilelayer.cpp.o
[255/375] Building CXX object tests/gui/CMakeFiles/test_meshinfil.dir/__/__/src/map/mapcanvas.cpp.o
In file included from /Users/calebbuahin/Documents/Projects/cbuahin_github/openswmm.gui/src/map/mapcanvas.cpp:20:
/Users/calebbuahin/Documents/Projects/cbuahin_github/openswmm.gui/include/layers/gisvectorlayer.h:270:55: warning: 'renderer' overrides a member function but is not marked 'override' [-Winconsistent-missing-override]
  270 |     [[nodiscard]] OpenSWMM::Render::IFeatureRenderer *renderer() const;
      |                                                       ^
/Users/calebbuahin/Documents/Projects/cbuahin_github/openswmm.gui/include/layers/openswmmvislayer.h:434:63: note: overridden virtual function is here
  434 |     [[nodiscard]] virtual OpenSWMM::Render::IFeatureRenderer *renderer() const { return nullptr; }
      |                                                               ^
In file included from /Users/calebbuahin/Documents/Projects/cbuahin_github/openswmm.gui/src/map/mapcanvas.cpp:20:
/Users/calebbuahin/Documents/Projects/cbuahin_github/openswmm.gui/include/layers/gisvectorlayer.h:278:10: warning: 'setRenderer' overrides a member function but is not marked 'override' [-Winconsistent-missing-override]
  278 |     void setRenderer(std::unique_ptr<OpenSWMM::Render::IFeatureRenderer> r);
      |          ^
/Users/calebbuahin/Documents/Projects/cbuahin_github/openswmm.gui/include/layers/openswmmvislayer.h:440:18: note: overridden virtual function is here
  440 |     virtual void setRenderer(std::unique_ptr<OpenSWMM::Render::IFeatureRenderer>);
      |                  ^
In file included from /Users/calebbuahin/Documents/Projects/cbuahin_github/openswmm.gui/src/map/mapcanvas.cpp:31:
/Users/calebbuahin/Documents/Projects/cbuahin_github/openswmm.gui/include/layers/swmm2dresultslayer.h:544:55: warning: 'renderer' overrides a member function but is not marked 'override' [-Winconsistent-missing-override]
  544 |     [[nodiscard]] OpenSWMM::Render::IFeatureRenderer *renderer() const;
      |                                                       ^
/Users/calebbuahin/Documents/Projects/cbuahin_github/openswmm.gui/include/layers/openswmmvislayer.h:434:63: note: overridden virtual function is here
  434 |     [[nodiscard]] virtual OpenSWMM::Render::IFeatureRenderer *renderer() const { return nullptr; }
      |                                                               ^
In file included from /Users/calebbuahin/Documents/Projects/cbuahin_github/openswmm.gui/src/map/mapcanvas.cpp:31:
/Users/calebbuahin/Documents/Projects/cbuahin_github/openswmm.gui/include/layers/swmm2dresultslayer.h:552:10: warning: 'setRenderer' overrides a member function but is not marked 'override' [-Winconsistent-missing-override]
  552 |     void setRenderer(std::unique_ptr<OpenSWMM::Render::IFeatureRenderer> r);
      |          ^
/Users/calebbuahin/Documents/Projects/cbuahin_github/openswmm.gui/include/layers/openswmmvislayer.h:440:18: note: overridden virtual function is here
  440 |     virtual void setRenderer(std::unique_ptr<OpenSWMM::Render::IFeatureRenderer>);
      |                  ^
4 warnings generated.
[256/375] Building CXX object tests/gui/CMakeFiles/test_meshinfil.dir/__/__/src/project/projectserializer.cpp.o
In file included from /Users/calebbuahin/Documents/Projects/cbuahin_github/openswmm.gui/src/project/projectserializer.cpp:12:
/Users/calebbuahin/Documents/Projects/cbuahin_github/openswmm.gui/include/layers/gisvectorlayer.h:270:55: warning: 'renderer' overrides a member function but is not marked 'override' [-Winconsistent-missing-override]
  270 |     [[nodiscard]] OpenSWMM::Render::IFeatureRenderer *renderer() const;
      |                                                       ^
/Users/calebbuahin/Documents/Projects/cbuahin_github/openswmm.gui/include/layers/openswmmvislayer.h:434:63: note: overridden virtual function is here
  434 |     [[nodiscard]] virtual OpenSWMM::Render::IFeatureRenderer *renderer() const { return nullptr; }
      |                                                               ^
In file included from /Users/calebbuahin/Documents/Projects/cbuahin_github/openswmm.gui/src/project/projectserializer.cpp:12:
/Users/calebbuahin/Documents/Projects/cbuahin_github/openswmm.gui/include/layers/gisvectorlayer.h:278:10: warning: 'setRenderer' overrides a member function but is not marked 'override' [-Winconsistent-missing-override]
  278 |     void setRenderer(std::unique_ptr<OpenSWMM::Render::IFeatureRenderer> r);
      |          ^
/Users/calebbuahin/Documents/Projects/cbuahin_github/openswmm.gui/include/layers/openswmmvislayer.h:440:18: note: overridden virtual function is here
  440 |     virtual void setRenderer(std::unique_ptr<OpenSWMM::Render::IFeatureRenderer>);
      |                  ^
In file included from /Users/calebbuahin/Documents/Projects/cbuahin_github/openswmm.gui/src/project/projectserializer.cpp:15:
/Users/calebbuahin/Documents/Projects/cbuahin_github/openswmm.gui/include/layers/swmm2dresultslayer.h:544:55: warning: 'renderer' overrides a member function but is not marked 'override' [-Winconsistent-missing-override]
  544 |     [[nodiscard]] OpenSWMM::Render::IFeatureRenderer *renderer() const;
      |                                                       ^
/Users/calebbuahin/Documents/Projects/cbuahin_github/openswmm.gui/include/layers/openswmmvislayer.h:434:63: note: overridden virtual function is here
  434 |     [[nodiscard]] virtual OpenSWMM::Render::IFeatureRenderer *renderer() const { return nullptr; }
      |                                                               ^
In file included from /Users/calebbuahin/Documents/Projects/cbuahin_github/openswmm.gui/src/project/projectserializer.cpp:15:
/Users/calebbuahin/Documents/Projects/cbuahin_github/openswmm.gui/include/layers/swmm2dresultslayer.h:552:10: warning: 'setRenderer' overrides a member function but is not marked 'override' [-Winconsistent-missing-override]
  552 |     void setRenderer(std::unique_ptr<OpenSWMM::Render::IFeatureRenderer> r);
      |          ^
/Users/calebbuahin/Documents/Projects/cbuahin_github/openswmm.gui/include/layers/openswmmvislayer.h:440:18: note: overridden virtual function is here
  440 |     virtual void setRenderer(std::unique_ptr<OpenSWMM::Render::IFeatureRenderer>);
      |                  ^
In file included from /Users/calebbuahin/Documents/Projects/cbuahin_github/openswmm.gui/src/project/projectserializer.cpp:17:
/Users/calebbuahin/Documents/Projects/cbuahin_github/openswmm.gui/include/layers/swmmresultslayer.h:408:55: warning: 'renderer' overrides a member function but is not marked 'override' [-Winconsistent-missing-override]
  408 |     [[nodiscard]] OpenSWMM::Render::IFeatureRenderer *renderer() const;
      |                                                       ^
/Users/calebbuahin/Documents/Projects/cbuahin_github/openswmm.gui/include/layers/openswmmvislayer.h:434:63: note: overridden virtual function is here
  434 |     [[nodiscard]] virtual OpenSWMM::Render::IFeatureRenderer *renderer() const { return nullptr; }
      |                                                               ^
In file included from /Users/calebbuahin/Documents/Projects/cbuahin_github/openswmm.gui/src/project/projectserializer.cpp:17:
/Users/calebbuahin/Documents/Projects/cbuahin_github/openswmm.gui/include/layers/swmmresultslayer.h:417:10: warning: 'setRenderer' overrides a member function but is not marked 'override' [-Winconsistent-missing-override]
  417 |     void setRenderer(std::unique_ptr<OpenSWMM::Render::IFeatureRenderer> r);
      |          ^
/Users/calebbuahin/Documents/Projects/cbuahin_github/openswmm.gui/include/layers/openswmmvislayer.h:440:18: note: overridden virtual function is here
  440 |     virtual void setRenderer(std::unique_ptr<OpenSWMM::Render::IFeatureRenderer>);
      |                  ^
6 warnings generated.
[257/375] Building CXX object tests/gui/CMakeFiles/test_meshinfil.dir/__/__/src/ui/dialogs/layerstyledialog.cpp.o
In file included from /Users/calebbuahin/Documents/Projects/cbuahin_github/openswmm.gui/src/ui/dialogs/layerstyledialog.cpp:24:
/Users/calebbuahin/Documents/Projects/cbuahin_github/openswmm.gui/include/layers/gisvectorlayer.h:270:55: warning: 'renderer' overrides a member function but is not marked 'override' [-Winconsistent-missing-override]
  270 |     [[nodiscard]] OpenSWMM::Render::IFeatureRenderer *renderer() const;
      |                                                       ^
/Users/calebbuahin/Documents/Projects/cbuahin_github/openswmm.gui/include/layers/openswmmvislayer.h:434:63: note: overridden virtual function is here
  434 |     [[nodiscard]] virtual OpenSWMM::Render::IFeatureRenderer *renderer() const { return nullptr; }
      |                                                               ^
In file included from /Users/calebbuahin/Documents/Projects/cbuahin_github/openswmm.gui/src/ui/dialogs/layerstyledialog.cpp:24:
/Users/calebbuahin/Documents/Projects/cbuahin_github/openswmm.gui/include/layers/gisvectorlayer.h:278:10: warning: 'setRenderer' overrides a member function but is not marked 'override' [-Winconsistent-missing-override]
  278 |     void setRenderer(std::unique_ptr<OpenSWMM::Render::IFeatureRenderer> r);
      |          ^
/Users/calebbuahin/Documents/Projects/cbuahin_github/openswmm.gui/include/layers/openswmmvislayer.h:440:18: note: overridden virtual function is here
  440 |     virtual void setRenderer(std::unique_ptr<OpenSWMM::Render::IFeatureRenderer>);
      |                  ^
In file included from /Users/calebbuahin/Documents/Projects/cbuahin_github/openswmm.gui/src/ui/dialogs/layerstyledialog.cpp:27:
/Users/calebbuahin/Documents/Projects/cbuahin_github/openswmm.gui/include/layers/swmmresultslayer.h:408:55: warning: 'renderer' overrides a member function but is not marked 'override' [-Winconsistent-missing-override]
  408 |     [[nodiscard]] OpenSWMM::Render::IFeatureRenderer *renderer() const;
      |                                                       ^
/Users/calebbuahin/Documents/Projects/cbuahin_github/openswmm.gui/include/layers/openswmmvislayer.h:434:63: note: overridden virtual function is here
  434 |     [[nodiscard]] virtual OpenSWMM::Render::IFeatureRenderer *renderer() const { return nullptr; }
      |                                                               ^
In file included from /Users/calebbuahin/Documents/Projects/cbuahin_github/openswmm.gui/src/ui/dialogs/layerstyledialog.cpp:27:
/Users/calebbuahin/Documents/Projects/cbuahin_github/openswmm.gui/include/layers/swmmresultslayer.h:417:10: warning: 'setRenderer' overrides a member function but is not marked 'override' [-Winconsistent-missing-override]
  417 |     void setRenderer(std::unique_ptr<OpenSWMM::Render::IFeatureRenderer> r);
      |          ^
/Users/calebbuahin/Documents/Projects/cbuahin_github/openswmm.gui/include/layers/openswmmvislayer.h:440:18: note: overridden virtual function is here
  440 |     virtual void setRenderer(std::unique_ptr<OpenSWMM::Render::IFeatureRenderer>);
      |                  ^
In file included from /Users/calebbuahin/Documents/Projects/cbuahin_github/openswmm.gui/src/ui/dialogs/layerstyledialog.cpp:28:
/Users/calebbuahin/Documents/Projects/cbuahin_github/openswmm.gui/include/layers/swmm2dresultslayer.h:544:55: warning: 'renderer' overrides a member function but is not marked 'override' [-Winconsistent-missing-override]
  544 |     [[nodiscard]] OpenSWMM::Render::IFeatureRenderer *renderer() const;
      |                                                       ^
/Users/calebbuahin/Documents/Projects/cbuahin_github/openswmm.gui/include/layers/openswmmvislayer.h:434:63: note: overridden virtual function is here
  434 |     [[nodiscard]] virtual OpenSWMM::Render::IFeatureRenderer *renderer() const { return nullptr; }
      |                                                               ^
In file included from /Users/calebbuahin/Documents/Projects/cbuahin_github/openswmm.gui/src/ui/dialogs/layerstyledialog.cpp:28:
/Users/calebbuahin/Documents/Projects/cbuahin_github/openswmm.gui/include/layers/swmm2dresultslayer.h:552:10: warning: 'setRenderer' overrides a member function but is not marked 'override' [-Winconsistent-missing-override]
  552 |     void setRenderer(std::unique_ptr<OpenSWMM::Render::IFeatureRenderer> r);
      |          ^
/Users/calebbuahin/Documents/Projects/cbuahin_github/openswmm.gui/include/layers/openswmmvislayer.h:440:18: note: overridden virtual function is here
  440 |     virtual void setRenderer(std::unique_ptr<OpenSWMM::Render::IFeatureRenderer>);
      |                  ^
6 warnings generated.
[258/375] Building CXX object tests/gui/CMakeFiles/test_meshinfil.dir/__/__/src/ui/dialogs/addbasemapdialog.cpp.o
In file included from /Users/calebbuahin/Documents/Projects/cbuahin_github/openswmm.gui/src/ui/dialogs/addbasemapdialog.cpp:26:
In file included from /Users/calebbuahin/Documents/Projects/cbuahin_github/openswmm.gui/include/layers/wfslayer.h:27:
/Users/calebbuahin/Documents/Projects/cbuahin_github/openswmm.gui/include/layers/gisvectorlayer.h:270:55: warning: 'renderer' overrides a member function but is not marked 'override' [-Winconsistent-missing-override]
  270 |     [[nodiscard]] OpenSWMM::Render::IFeatureRenderer *renderer() const;
      |                                                       ^
/Users/calebbuahin/Documents/Projects/cbuahin_github/openswmm.gui/include/layers/openswmmvislayer.h:434:63: note: overridden virtual function is here
  434 |     [[nodiscard]] virtual OpenSWMM::Render::IFeatureRenderer *renderer() const { return nullptr; }
      |                                                               ^
In file included from /Users/calebbuahin/Documents/Projects/cbuahin_github/openswmm.gui/src/ui/dialogs/addbasemapdialog.cpp:26:
In file included from /Users/calebbuahin/Documents/Projects/cbuahin_github/openswmm.gui/include/layers/wfslayer.h:27:
/Users/calebbuahin/Documents/Projects/cbuahin_github/openswmm.gui/include/layers/gisvectorlayer.h:278:10: warning: 'setRenderer' overrides a member function but is not marked 'override' [-Winconsistent-missing-override]
  278 |     void setRenderer(std::unique_ptr<OpenSWMM::Render::IFeatureRenderer> r);
      |          ^
/Users/calebbuahin/Documents/Projects/cbuahin_github/openswmm.gui/include/layers/openswmmvislayer.h:440:18: note: overridden virtual function is here
  440 |     virtual void setRenderer(std::unique_ptr<OpenSWMM::Render::IFeatureRenderer>);
      |                  ^
2 warnings generated.
[259/375] Building CXX object tests/gui/CMakeFiles/test_meshinfil.dir/__/__/src/ui/widgets/basemaphttpheaderswidget.cpp.o
[260/375] Building CXX object tests/gui/CMakeFiles/test_mesheditingtoolbar_bc.dir/test_mesheditingtoolbar_bc_autogen/mocs_compilation.cpp.o
In file included from /Users/calebbuahin/Documents/Projects/cbuahin_github/openswmm.gui/build/tests/gui/test_mesheditingtoolbar_bc_autogen/mocs_compilation.cpp:2:
In file included from /Users/calebbuahin/Documents/Projects/cbuahin_github/openswmm.gui/build/tests/gui/test_mesheditingtoolbar_bc_autogen/MAYCBHTXLP/moc_animationcontroller.cpp:9:
In file included from /Users/calebbuahin/Documents/Projects/cbuahin_github/openswmm.gui/build/tests/gui/test_mesheditingtoolbar_bc_autogen/MAYCBHTXLP/../../../../../include/animation/animationcontroller.h:33:
/Users/calebbuahin/Documents/Projects/cbuahin_github/openswmm.gui/include/layers/swmm2dresultslayer.h:544:55: warning: 'renderer' overrides a member function but is not marked 'override' [-Winconsistent-missing-override]
  544 |     [[nodiscard]] OpenSWMM::Render::IFeatureRenderer *renderer() const;
      |                                                       ^
/Users/calebbuahin/Documents/Projects/cbuahin_github/openswmm.gui/include/layers/openswmmvislayer.h:434:63: note: overridden virtual function is here
  434 |     [[nodiscard]] virtual OpenSWMM::Render::IFeatureRenderer *renderer() const { return nullptr; }
      |                                                               ^
In file included from /Users/calebbuahin/Documents/Projects/cbuahin_github/openswmm.gui/build/tests/gui/test_mesheditingtoolbar_bc_autogen/mocs_compilation.cpp:2:
In file included from /Users/calebbuahin/Documents/Projects/cbuahin_github/openswmm.gui/build/tests/gui/test_mesheditingtoolbar_bc_autogen/MAYCBHTXLP/moc_animationcontroller.cpp:9:
In file included from /Users/calebbuahin/Documents/Projects/cbuahin_github/openswmm.gui/build/tests/gui/test_mesheditingtoolbar_bc_autogen/MAYCBHTXLP/../../../../../include/animation/animationcontroller.h:33:
/Users/calebbuahin/Documents/Projects/cbuahin_github/openswmm.gui/include/layers/swmm2dresultslayer.h:552:10: warning: 'setRenderer' overrides a member function but is not marked 'override' [-Winconsistent-missing-override]
  552 |     void setRenderer(std::unique_ptr<OpenSWMM::Render::IFeatureRenderer> r);
      |          ^
/Users/calebbuahin/Documents/Projects/cbuahin_github/openswmm.gui/include/layers/openswmmvislayer.h:440:18: note: overridden virtual function is here
  440 |     virtual void setRenderer(std::unique_ptr<OpenSWMM::Render::IFeatureRenderer>);
      |                  ^
In file included from /Users/calebbuahin/Documents/Projects/cbuahin_github/openswmm.gui/build/tests/gui/test_mesheditingtoolbar_bc_autogen/mocs_compilation.cpp:28:
In file included from /Users/calebbuahin/Documents/Projects/cbuahin_github/openswmm.gui/build/tests/gui/test_mesheditingtoolbar_bc_autogen/COIIM6MLNP/moc_gisvectorlayer.cpp:9:
/Users/calebbuahin/Documents/Projects/cbuahin_github/openswmm.gui/build/tests/gui/test_mesheditingtoolbar_bc_autogen/COIIM6MLNP/../../../../../include/layers/gisvectorlayer.h:270:55: warning: 'renderer' overrides a member function but is not marked 'override' [-Winconsistent-missing-override]
  270 |     [[nodiscard]] OpenSWMM::Render::IFeatureRenderer *renderer() const;
      |                                                       ^
/Users/calebbuahin/Documents/Projects/cbuahin_github/openswmm.gui/include/layers/openswmmvislayer.h:434:63: note: overridden virtual function is here
  434 |     [[nodiscard]] virtual OpenSWMM::Render::IFeatureRenderer *renderer() const { return nullptr; }
      |                                                               ^
In file included from /Users/calebbuahin/Documents/Projects/cbuahin_github/openswmm.gui/build/tests/gui/test_mesheditingtoolbar_bc_autogen/mocs_compilation.cpp:28:
In file included from /Users/calebbuahin/Documents/Projects/cbuahin_github/openswmm.gui/build/tests/gui/test_mesheditingtoolbar_bc_autogen/COIIM6MLNP/moc_gisvectorlayer.cpp:9:
/Users/calebbuahin/Documents/Projects/cbuahin_github/openswmm.gui/build/tests/gui/test_mesheditingtoolbar_bc_autogen/COIIM6MLNP/../../../../../include/layers/gisvectorlayer.h:278:10: warning: 'setRenderer' overrides a member function but is not marked 'override' [-Winconsistent-missing-override]
  278 |     void setRenderer(std::unique_ptr<OpenSWMM::Render::IFeatureRenderer> r);
      |          ^
/Users/calebbuahin/Documents/Projects/cbuahin_github/openswmm.gui/include/layers/openswmmvislayer.h:440:18: note: overridden virtual function is here
  440 |     virtual void setRenderer(std::unique_ptr<OpenSWMM::Render::IFeatureRenderer>);
      |                  ^
In file included from /Users/calebbuahin/Documents/Projects/cbuahin_github/openswmm.gui/build/tests/gui/test_mesheditingtoolbar_bc_autogen/mocs_compilation.cpp:36:
In file included from /Users/calebbuahin/Documents/Projects/cbuahin_github/openswmm.gui/build/tests/gui/test_mesheditingtoolbar_bc_autogen/COIIM6MLNP/moc_swmmresultslayer.cpp:9:
/Users/calebbuahin/Documents/Projects/cbuahin_github/openswmm.gui/build/tests/gui/test_mesheditingtoolbar_bc_autogen/COIIM6MLNP/../../../../../include/layers/swmmresultslayer.h:408:55: warning: 'renderer' overrides a member function but is not marked 'override' [-Winconsistent-missing-override]
  408 |     [[nodiscard]] OpenSWMM::Render::IFeatureRenderer *renderer() const;
      |                                                       ^
/Users/calebbuahin/Documents/Projects/cbuahin_github/openswmm.gui/include/layers/openswmmvislayer.h:434:63: note: overridden virtual function is here
  434 |     [[nodiscard]] virtual OpenSWMM::Render::IFeatureRenderer *renderer() const { return nullptr; }
      |                                                               ^
In file included from /Users/calebbuahin/Documents/Projects/cbuahin_github/openswmm.gui/build/tests/gui/test_mesheditingtoolbar_bc_autogen/mocs_compilation.cpp:36:
In file included from /Users/calebbuahin/Documents/Projects/cbuahin_github/openswmm.gui/build/tests/gui/test_mesheditingtoolbar_bc_autogen/COIIM6MLNP/moc_swmmresultslayer.cpp:9:
/Users/calebbuahin/Documents/Projects/cbuahin_github/openswmm.gui/build/tests/gui/test_mesheditingtoolbar_bc_autogen/COIIM6MLNP/../../../../../include/layers/swmmresultslayer.h:417:10: warning: 'setRenderer' overrides a member function but is not marked 'override' [-Winconsistent-missing-override]
  417 |     void setRenderer(std::unique_ptr<OpenSWMM::Render::IFeatureRenderer> r);
      |          ^
/Users/calebbuahin/Documents/Projects/cbuahin_github/openswmm.gui/include/layers/openswmmvislayer.h:440:18: note: overridden virtual function is here
  440 |     virtual void setRenderer(std::unique_ptr<OpenSWMM::Render::IFeatureRenderer>);
      |                  ^
6 warnings generated.
[261/375] Building CXX object tests/gui/CMakeFiles/test_savewarnings.dir/__/__/src/swmmvis.cpp.o
In file included from /Users/calebbuahin/Documents/Projects/cbuahin_github/openswmm.gui/src/swmmvis.cpp:76:
In file included from /Users/calebbuahin/Documents/Projects/cbuahin_github/openswmm.gui/include/ui/dialogs/sublayerselectiondialog.h:19:
/Users/calebbuahin/Documents/Projects/cbuahin_github/openswmm.gui/include/layers/gisvectorlayer.h:270:55: warning: 'renderer' overrides a member function but is not marked 'override' [-Winconsistent-missing-override]
  270 |     [[nodiscard]] OpenSWMM::Render::IFeatureRenderer *renderer() const;
      |                                                       ^
/Users/calebbuahin/Documents/Projects/cbuahin_github/openswmm.gui/include/layers/openswmmvislayer.h:434:63: note: overridden virtual function is here
  434 |     [[nodiscard]] virtual OpenSWMM::Render::IFeatureRenderer *renderer() const { return nullptr; }
      |                                                               ^
In file included from /Users/calebbuahin/Documents/Projects/cbuahin_github/openswmm.gui/src/swmmvis.cpp:76:
In file included from /Users/calebbuahin/Documents/Projects/cbuahin_github/openswmm.gui/include/ui/dialogs/sublayerselectiondialog.h:19:
/Users/calebbuahin/Documents/Projects/cbuahin_github/openswmm.gui/include/layers/gisvectorlayer.h:278:10: warning: 'setRenderer' overrides a member function but is not marked 'override' [-Winconsistent-missing-override]
  278 |     void setRenderer(std::unique_ptr<OpenSWMM::Render::IFeatureRenderer> r);
      |          ^
/Users/calebbuahin/Documents/Projects/cbuahin_github/openswmm.gui/include/layers/openswmmvislayer.h:440:18: note: overridden virtual function is here
  440 |     virtual void setRenderer(std::unique_ptr<OpenSWMM::Render::IFeatureRenderer>);
      |                  ^
In file included from /Users/calebbuahin/Documents/Projects/cbuahin_github/openswmm.gui/src/swmmvis.cpp:89:
/Users/calebbuahin/Documents/Projects/cbuahin_github/openswmm.gui/include/core/swmmdatetime.h:61:12: warning: 'QDateTime' is deprecated: Pass QTimeZone instead [-Wdeprecated-declarations]
   61 |     return QDateTime(date, QTime(h, mi, s), Qt::UTC);
      |            ^
/Users/calebbuahin/Qt/6.9.3/macos/lib/QtCore.framework/Headers/qdatetime.h:361:5: note: 'QDateTime' has been explicitly marked deprecated here
  361 |     QT_DEPRECATED_VERSION_X_6_9("Pass QTimeZone instead")
      |     ^
/Users/calebbuahin/Qt/6.9.3/macos/lib/QtCore.framework/Headers/qtdeprecationmarkers.h:213:44: note: expanded from macro 'QT_DEPRECATED_VERSION_X_6_9'
  213 | # define QT_DEPRECATED_VERSION_X_6_9(text) QT_DEPRECATED_X(text)
      |                                            ^
/Users/calebbuahin/Qt/6.9.3/macos/lib/QtCore.framework/Headers/qtdeprecationmarkers.h:29:33: note: expanded from macro 'QT_DEPRECATED_X'
   29 | #  define QT_DEPRECATED_X(text) Q_DECL_DEPRECATED_X(text)
      |                                 ^
/Users/calebbuahin/Qt/6.9.3/macos/lib/QtCore.framework/Headers/qcompilerdetection.h:1011:36: note: expanded from macro 'Q_DECL_DEPRECATED_X'
 1011 | #  define Q_DECL_DEPRECATED_X(x) [[deprecated(x)]]
      |                                    ^
In file included from /Users/calebbuahin/Documents/Projects/cbuahin_github/openswmm.gui/src/swmmvis.cpp:89:
/Users/calebbuahin/Documents/Projects/cbuahin_github/openswmm.gui/include/core/swmmdatetime.h:61:12: warning: 'QDateTime' is deprecated: Pass QTimeZone instead [-Wdeprecated-declarations]
   61 |     return QDateTime(date, QTime(h, mi, s), Qt::UTC);
      |            ^
/Users/calebbuahin/Qt/6.9.3/macos/lib/QtCore.framework/Headers/qdatetime.h:361:5: note: 'QDateTime' has been explicitly marked deprecated here
  361 |     QT_DEPRECATED_VERSION_X_6_9("Pass QTimeZone instead")
      |     ^
/Users/calebbuahin/Qt/6.9.3/macos/lib/QtCore.framework/Headers/qtdeprecationmarkers.h:213:44: note: expanded from macro 'QT_DEPRECATED_VERSION_X_6_9'
  213 | # define QT_DEPRECATED_VERSION_X_6_9(text) QT_DEPRECATED_X(text)
      |                                            ^
/Users/calebbuahin/Qt/6.9.3/macos/lib/QtCore.framework/Headers/qtdeprecationmarkers.h:29:33: note: expanded from macro 'QT_DEPRECATED_X'
   29 | #  define QT_DEPRECATED_X(text) Q_DECL_DEPRECATED_X(text)
      |                                 ^
/Users/calebbuahin/Qt/6.9.3/macos/lib/QtCore.framework/Headers/qcompilerdetection.h:1011:36: note: expanded from macro 'Q_DECL_DEPRECATED_X'
 1011 | #  define Q_DECL_DEPRECATED_X(x) [[deprecated(x)]]
      |                                    ^
In file included from /Users/calebbuahin/Documents/Projects/cbuahin_github/openswmm.gui/src/swmmvis.cpp:136:
/Users/calebbuahin/Documents/Projects/cbuahin_github/openswmm.gui/include/layers/swmmresultslayer.h:408:55: warning: 'renderer' overrides a member function but is not marked 'override' [-Winconsistent-missing-override]
  408 |     [[nodiscard]] OpenSWMM::Render::IFeatureRenderer *renderer() const;
      |                                                       ^
/Users/calebbuahin/Documents/Projects/cbuahin_github/openswmm.gui/include/layers/openswmmvislayer.h:434:63: note: overridden virtual function is here
  434 |     [[nodiscard]] virtual OpenSWMM::Render::IFeatureRenderer *renderer() const { return nullptr; }
      |                                                               ^
In file included from /Users/calebbuahin/Documents/Projects/cbuahin_github/openswmm.gui/src/swmmvis.cpp:136:
/Users/calebbuahin/Documents/Projects/cbuahin_github/openswmm.gui/include/layers/swmmresultslayer.h:417:10: warning: 'setRenderer' overrides a member function but is not marked 'override' [-Winconsistent-missing-override]
  417 |     void setRenderer(std::unique_ptr<OpenSWMM::Render::IFeatureRenderer> r);
      |          ^
/Users/calebbuahin/Documents/Projects/cbuahin_github/openswmm.gui/include/layers/openswmmvislayer.h:440:18: note: overridden virtual function is here
  440 |     virtual void setRenderer(std::unique_ptr<OpenSWMM::Render::IFeatureRenderer>);
      |                  ^
In file included from /Users/calebbuahin/Documents/Projects/cbuahin_github/openswmm.gui/src/swmmvis.cpp:194:
/Users/calebbuahin/Documents/Projects/cbuahin_github/openswmm.gui/include/layers/swmm2dresultslayer.h:544:55: warning: 'renderer' overrides a member function but is not marked 'override' [-Winconsistent-missing-override]
  544 |     [[nodiscard]] OpenSWMM::Render::IFeatureRenderer *renderer() const;
      |                                                       ^
/Users/calebbuahin/Documents/Projects/cbuahin_github/openswmm.gui/include/layers/openswmmvislayer.h:434:63: note: overridden virtual function is here
  434 |     [[nodiscard]] virtual OpenSWMM::Render::IFeatureRenderer *renderer() const { return nullptr; }
      |                                                               ^
In file included from /Users/calebbuahin/Documents/Projects/cbuahin_github/openswmm.gui/src/swmmvis.cpp:194:
/Users/calebbuahin/Documents/Projects/cbuahin_github/openswmm.gui/include/layers/swmm2dresultslayer.h:552:10: warning: 'setRenderer' overrides a member function but is not marked 'override' [-Winconsistent-missing-override]
  552 |     void setRenderer(std::unique_ptr<OpenSWMM::Render::IFeatureRenderer> r);
      |          ^
/Users/calebbuahin/Documents/Projects/cbuahin_github/openswmm.gui/include/layers/openswmmvislayer.h:440:18: note: overridden virtual function is here
  440 |     virtual void setRenderer(std::unique_ptr<OpenSWMM::Render::IFeatureRenderer>);
      |                  ^
8 warnings generated.
[262/375] Building CXX object tests/gui/CMakeFiles/test_meshattributetable.dir/__/__/src/connections/basemapconnectionstore.cpp.o
[263/375] Building CXX object tests/gui/CMakeFiles/test_meshattributetable.dir/__/__/src/layers/xyztilelayer.cpp.o
[264/375] Building CXX object tests/gui/CMakeFiles/test_meshattributetable.dir/__/__/src/map/mapcanvas.cpp.o
In file included from /Users/calebbuahin/Documents/Projects/cbuahin_github/openswmm.gui/src/map/mapcanvas.cpp:20:
/Users/calebbuahin/Documents/Projects/cbuahin_github/openswmm.gui/include/layers/gisvectorlayer.h:270:55: warning: 'renderer' overrides a member function but is not marked 'override' [-Winconsistent-missing-override]
  270 |     [[nodiscard]] OpenSWMM::Render::IFeatureRenderer *renderer() const;
      |                                                       ^
/Users/calebbuahin/Documents/Projects/cbuahin_github/openswmm.gui/include/layers/openswmmvislayer.h:434:63: note: overridden virtual function is here
  434 |     [[nodiscard]] virtual OpenSWMM::Render::IFeatureRenderer *renderer() const { return nullptr; }
      |                                                               ^
In file included from /Users/calebbuahin/Documents/Projects/cbuahin_github/openswmm.gui/src/map/mapcanvas.cpp:20:
/Users/calebbuahin/Documents/Projects/cbuahin_github/openswmm.gui/include/layers/gisvectorlayer.h:278:10: warning: 'setRenderer' overrides a member function but is not marked 'override' [-Winconsistent-missing-override]
  278 |     void setRenderer(std::unique_ptr<OpenSWMM::Render::IFeatureRenderer> r);
      |          ^
/Users/calebbuahin/Documents/Projects/cbuahin_github/openswmm.gui/include/layers/openswmmvislayer.h:440:18: note: overridden virtual function is here
  440 |     virtual void setRenderer(std::unique_ptr<OpenSWMM::Render::IFeatureRenderer>);
      |                  ^
In file included from /Users/calebbuahin/Documents/Projects/cbuahin_github/openswmm.gui/src/map/mapcanvas.cpp:31:
/Users/calebbuahin/Documents/Projects/cbuahin_github/openswmm.gui/include/layers/swmm2dresultslayer.h:544:55: warning: 'renderer' overrides a member function but is not marked 'override' [-Winconsistent-missing-override]
  544 |     [[nodiscard]] OpenSWMM::Render::IFeatureRenderer *renderer() const;
      |                                                       ^
/Users/calebbuahin/Documents/Projects/cbuahin_github/openswmm.gui/include/layers/openswmmvislayer.h:434:63: note: overridden virtual function is here
  434 |     [[nodiscard]] virtual OpenSWMM::Render::IFeatureRenderer *renderer() const { return nullptr; }
      |                                                               ^
In file included from /Users/calebbuahin/Documents/Projects/cbuahin_github/openswmm.gui/src/map/mapcanvas.cpp:31:
/Users/calebbuahin/Documents/Projects/cbuahin_github/openswmm.gui/include/layers/swmm2dresultslayer.h:552:10: warning: 'setRenderer' overrides a member function but is not marked 'override' [-Winconsistent-missing-override]
  552 |     void setRenderer(std::unique_ptr<OpenSWMM::Render::IFeatureRenderer> r);
      |          ^
/Users/calebbuahin/Documents/Projects/cbuahin_github/openswmm.gui/include/layers/openswmmvislayer.h:440:18: note: overridden virtual function is here
  440 |     virtual void setRenderer(std::unique_ptr<OpenSWMM::Render::IFeatureRenderer>);
      |                  ^
4 warnings generated.
[265/375] Building CXX object tests/gui/CMakeFiles/test_meshattributetable.dir/__/__/src/project/projectserializer.cpp.o
In file included from /Users/calebbuahin/Documents/Projects/cbuahin_github/openswmm.gui/src/project/projectserializer.cpp:12:
/Users/calebbuahin/Documents/Projects/cbuahin_github/openswmm.gui/include/layers/gisvectorlayer.h:270:55: warning: 'renderer' overrides a member function but is not marked 'override' [-Winconsistent-missing-override]
  270 |     [[nodiscard]] OpenSWMM::Render::IFeatureRenderer *renderer() const;
      |                                                       ^
/Users/calebbuahin/Documents/Projects/cbuahin_github/openswmm.gui/include/layers/openswmmvislayer.h:434:63: note: overridden virtual function is here
  434 |     [[nodiscard]] virtual OpenSWMM::Render::IFeatureRenderer *renderer() const { return nullptr; }
      |                                                               ^
In file included from /Users/calebbuahin/Documents/Projects/cbuahin_github/openswmm.gui/src/project/projectserializer.cpp:12:
/Users/calebbuahin/Documents/Projects/cbuahin_github/openswmm.gui/include/layers/gisvectorlayer.h:278:10: warning: 'setRenderer' overrides a member function but is not marked 'override' [-Winconsistent-missing-override]
  278 |     void setRenderer(std::unique_ptr<OpenSWMM::Render::IFeatureRenderer> r);
      |          ^
/Users/calebbuahin/Documents/Projects/cbuahin_github/openswmm.gui/include/layers/openswmmvislayer.h:440:18: note: overridden virtual function is here
  440 |     virtual void setRenderer(std::unique_ptr<OpenSWMM::Render::IFeatureRenderer>);
      |                  ^
In file included from /Users/calebbuahin/Documents/Projects/cbuahin_github/openswmm.gui/src/project/projectserializer.cpp:15:
/Users/calebbuahin/Documents/Projects/cbuahin_github/openswmm.gui/include/layers/swmm2dresultslayer.h:544:55: warning: 'renderer' overrides a member function but is not marked 'override' [-Winconsistent-missing-override]
  544 |     [[nodiscard]] OpenSWMM::Render::IFeatureRenderer *renderer() const;
      |                                                       ^
/Users/calebbuahin/Documents/Projects/cbuahin_github/openswmm.gui/include/layers/openswmmvislayer.h:434:63: note: overridden virtual function is here
  434 |     [[nodiscard]] virtual OpenSWMM::Render::IFeatureRenderer *renderer() const { return nullptr; }
      |                                                               ^
In file included from /Users/calebbuahin/Documents/Projects/cbuahin_github/openswmm.gui/src/project/projectserializer.cpp:15:
/Users/calebbuahin/Documents/Projects/cbuahin_github/openswmm.gui/include/layers/swmm2dresultslayer.h:552:10: warning: 'setRenderer' overrides a member function but is not marked 'override' [-Winconsistent-missing-override]
  552 |     void setRenderer(std::unique_ptr<OpenSWMM::Render::IFeatureRenderer> r);
      |          ^
/Users/calebbuahin/Documents/Projects/cbuahin_github/openswmm.gui/include/layers/openswmmvislayer.h:440:18: note: overridden virtual function is here
  440 |     virtual void setRenderer(std::unique_ptr<OpenSWMM::Render::IFeatureRenderer>);
      |                  ^
In file included from /Users/calebbuahin/Documents/Projects/cbuahin_github/openswmm.gui/src/project/projectserializer.cpp:17:
/Users/calebbuahin/Documents/Projects/cbuahin_github/openswmm.gui/include/layers/swmmresultslayer.h:408:55: warning: 'renderer' overrides a member function but is not marked 'override' [-Winconsistent-missing-override]
  408 |     [[nodiscard]] OpenSWMM::Render::IFeatureRenderer *renderer() const;
      |                                                       ^
/Users/calebbuahin/Documents/Projects/cbuahin_github/openswmm.gui/include/layers/openswmmvislayer.h:434:63: note: overridden virtual function is here
  434 |     [[nodiscard]] virtual OpenSWMM::Render::IFeatureRenderer *renderer() const { return nullptr; }
      |                                                               ^
In file included from /Users/calebbuahin/Documents/Projects/cbuahin_github/openswmm.gui/src/project/projectserializer.cpp:17:
/Users/calebbuahin/Documents/Projects/cbuahin_github/openswmm.gui/include/layers/swmmresultslayer.h:417:10: warning: 'setRenderer' overrides a member function but is not marked 'override' [-Winconsistent-missing-override]
  417 |     void setRenderer(std::unique_ptr<OpenSWMM::Render::IFeatureRenderer> r);
      |          ^
/Users/calebbuahin/Documents/Projects/cbuahin_github/openswmm.gui/include/layers/openswmmvislayer.h:440:18: note: overridden virtual function is here
  440 |     virtual void setRenderer(std::unique_ptr<OpenSWMM::Render::IFeatureRenderer>);
      |                  ^
6 warnings generated.
[266/375] Building CXX object tests/gui/CMakeFiles/test_meshattributetable.dir/__/__/src/ui/dialogs/layerstyledialog.cpp.o
In file included from /Users/calebbuahin/Documents/Projects/cbuahin_github/openswmm.gui/src/ui/dialogs/layerstyledialog.cpp:24:
/Users/calebbuahin/Documents/Projects/cbuahin_github/openswmm.gui/include/layers/gisvectorlayer.h:270:55: warning: 'renderer' overrides a member function but is not marked 'override' [-Winconsistent-missing-override]
  270 |     [[nodiscard]] OpenSWMM::Render::IFeatureRenderer *renderer() const;
      |                                                       ^
/Users/calebbuahin/Documents/Projects/cbuahin_github/openswmm.gui/include/layers/openswmmvislayer.h:434:63: note: overridden virtual function is here
  434 |     [[nodiscard]] virtual OpenSWMM::Render::IFeatureRenderer *renderer() const { return nullptr; }
      |                                                               ^
In file included from /Users/calebbuahin/Documents/Projects/cbuahin_github/openswmm.gui/src/ui/dialogs/layerstyledialog.cpp:24:
/Users/calebbuahin/Documents/Projects/cbuahin_github/openswmm.gui/include/layers/gisvectorlayer.h:278:10: warning: 'setRenderer' overrides a member function but is not marked 'override' [-Winconsistent-missing-override]
  278 |     void setRenderer(std::unique_ptr<OpenSWMM::Render::IFeatureRenderer> r);
      |          ^
/Users/calebbuahin/Documents/Projects/cbuahin_github/openswmm.gui/include/layers/openswmmvislayer.h:440:18: note: overridden virtual function is here
  440 |     virtual void setRenderer(std::unique_ptr<OpenSWMM::Render::IFeatureRenderer>);
      |                  ^
In file included from /Users/calebbuahin/Documents/Projects/cbuahin_github/openswmm.gui/src/ui/dialogs/layerstyledialog.cpp:27:
/Users/calebbuahin/Documents/Projects/cbuahin_github/openswmm.gui/include/layers/swmmresultslayer.h:408:55: warning: 'renderer' overrides a member function but is not marked 'override' [-Winconsistent-missing-override]
  408 |     [[nodiscard]] OpenSWMM::Render::IFeatureRenderer *renderer() const;
      |                                                       ^
/Users/calebbuahin/Documents/Projects/cbuahin_github/openswmm.gui/include/layers/openswmmvislayer.h:434:63: note: overridden virtual function is here
  434 |     [[nodiscard]] virtual OpenSWMM::Render::IFeatureRenderer *renderer() const { return nullptr; }
      |                                                               ^
In file included from /Users/calebbuahin/Documents/Projects/cbuahin_github/openswmm.gui/src/ui/dialogs/layerstyledialog.cpp:27:
/Users/calebbuahin/Documents/Projects/cbuahin_github/openswmm.gui/include/layers/swmmresultslayer.h:417:10: warning: 'setRenderer' overrides a member function but is not marked 'override' [-Winconsistent-missing-override]
  417 |     void setRenderer(std::unique_ptr<OpenSWMM::Render::IFeatureRenderer> r);
      |          ^
/Users/calebbuahin/Documents/Projects/cbuahin_github/openswmm.gui/include/layers/openswmmvislayer.h:440:18: note: overridden virtual function is here
  440 |     virtual void setRenderer(std::unique_ptr<OpenSWMM::Render::IFeatureRenderer>);
      |                  ^
In file included from /Users/calebbuahin/Documents/Projects/cbuahin_github/openswmm.gui/src/ui/dialogs/layerstyledialog.cpp:28:
/Users/calebbuahin/Documents/Projects/cbuahin_github/openswmm.gui/include/layers/swmm2dresultslayer.h:544:55: warning: 'renderer' overrides a member function but is not marked 'override' [-Winconsistent-missing-override]
  544 |     [[nodiscard]] OpenSWMM::Render::IFeatureRenderer *renderer() const;
      |                                                       ^
/Users/calebbuahin/Documents/Projects/cbuahin_github/openswmm.gui/include/layers/openswmmvislayer.h:434:63: note: overridden virtual function is here
  434 |     [[nodiscard]] virtual OpenSWMM::Render::IFeatureRenderer *renderer() const { return nullptr; }
      |                                                               ^
In file included from /Users/calebbuahin/Documents/Projects/cbuahin_github/openswmm.gui/src/ui/dialogs/layerstyledialog.cpp:28:
/Users/calebbuahin/Documents/Projects/cbuahin_github/openswmm.gui/include/layers/swmm2dresultslayer.h:552:10: warning: 'setRenderer' overrides a member function but is not marked 'override' [-Winconsistent-missing-override]
  552 |     void setRenderer(std::unique_ptr<OpenSWMM::Render::IFeatureRenderer> r);
      |          ^
/Users/calebbuahin/Documents/Projects/cbuahin_github/openswmm.gui/include/layers/openswmmvislayer.h:440:18: note: overridden virtual function is here
  440 |     virtual void setRenderer(std::unique_ptr<OpenSWMM::Render::IFeatureRenderer>);
      |                  ^
6 warnings generated.
[267/375] Building CXX object tests/gui/CMakeFiles/test_meshattributetable.dir/__/__/src/ui/dialogs/addbasemapdialog.cpp.o
In file included from /Users/calebbuahin/Documents/Projects/cbuahin_github/openswmm.gui/src/ui/dialogs/addbasemapdialog.cpp:26:
In file included from /Users/calebbuahin/Documents/Projects/cbuahin_github/openswmm.gui/include/layers/wfslayer.h:27:
/Users/calebbuahin/Documents/Projects/cbuahin_github/openswmm.gui/include/layers/gisvectorlayer.h:270:55: warning: 'renderer' overrides a member function but is not marked 'override' [-Winconsistent-missing-override]
  270 |     [[nodiscard]] OpenSWMM::Render::IFeatureRenderer *renderer() const;
      |                                                       ^
/Users/calebbuahin/Documents/Projects/cbuahin_github/openswmm.gui/include/layers/openswmmvislayer.h:434:63: note: overridden virtual function is here
  434 |     [[nodiscard]] virtual OpenSWMM::Render::IFeatureRenderer *renderer() const { return nullptr; }
      |                                                               ^
In file included from /Users/calebbuahin/Documents/Projects/cbuahin_github/openswmm.gui/src/ui/dialogs/addbasemapdialog.cpp:26:
In file included from /Users/calebbuahin/Documents/Projects/cbuahin_github/openswmm.gui/include/layers/wfslayer.h:27:
/Users/calebbuahin/Documents/Projects/cbuahin_github/openswmm.gui/include/layers/gisvectorlayer.h:278:10: warning: 'setRenderer' overrides a member function but is not marked 'override' [-Winconsistent-missing-override]
  278 |     void setRenderer(std::unique_ptr<OpenSWMM::Render::IFeatureRenderer> r);
      |          ^
/Users/calebbuahin/Documents/Projects/cbuahin_github/openswmm.gui/include/layers/openswmmvislayer.h:440:18: note: overridden virtual function is here
  440 |     virtual void setRenderer(std::unique_ptr<OpenSWMM::Render::IFeatureRenderer>);
      |                  ^
2 warnings generated.
[268/375] Building CXX object tests/gui/CMakeFiles/test_meshattributetable.dir/__/__/src/ui/widgets/basemaphttpheaderswidget.cpp.o
[269/375] Building CXX object tests/gui/CMakeFiles/test_gisvectorpopulate.dir/test_gisvectorpopulate_autogen/mocs_compilation.cpp.o
In file included from /Users/calebbuahin/Documents/Projects/cbuahin_github/openswmm.gui/build/tests/gui/test_gisvectorpopulate_autogen/mocs_compilation.cpp:2:
In file included from /Users/calebbuahin/Documents/Projects/cbuahin_github/openswmm.gui/build/tests/gui/test_gisvectorpopulate_autogen/MAYCBHTXLP/moc_animationcontroller.cpp:9:
In file included from /Users/calebbuahin/Documents/Projects/cbuahin_github/openswmm.gui/build/tests/gui/test_gisvectorpopulate_autogen/MAYCBHTXLP/../../../../../include/animation/animationcontroller.h:33:
/Users/calebbuahin/Documents/Projects/cbuahin_github/openswmm.gui/include/layers/swmm2dresultslayer.h:544:55: warning: 'renderer' overrides a member function but is not marked 'override' [-Winconsistent-missing-override]
  544 |     [[nodiscard]] OpenSWMM::Render::IFeatureRenderer *renderer() const;
      |                                                       ^
/Users/calebbuahin/Documents/Projects/cbuahin_github/openswmm.gui/include/layers/openswmmvislayer.h:434:63: note: overridden virtual function is here
  434 |     [[nodiscard]] virtual OpenSWMM::Render::IFeatureRenderer *renderer() const { return nullptr; }
      |                                                               ^
In file included from /Users/calebbuahin/Documents/Projects/cbuahin_github/openswmm.gui/build/tests/gui/test_gisvectorpopulate_autogen/mocs_compilation.cpp:2:
In file included from /Users/calebbuahin/Documents/Projects/cbuahin_github/openswmm.gui/build/tests/gui/test_gisvectorpopulate_autogen/MAYCBHTXLP/moc_animationcontroller.cpp:9:
In file included from /Users/calebbuahin/Documents/Projects/cbuahin_github/openswmm.gui/build/tests/gui/test_gisvectorpopulate_autogen/MAYCBHTXLP/../../../../../include/animation/animationcontroller.h:33:
/Users/calebbuahin/Documents/Projects/cbuahin_github/openswmm.gui/include/layers/swmm2dresultslayer.h:552:10: warning: 'setRenderer' overrides a member function but is not marked 'override' [-Winconsistent-missing-override]
  552 |     void setRenderer(std::unique_ptr<OpenSWMM::Render::IFeatureRenderer> r);
      |          ^
/Users/calebbuahin/Documents/Projects/cbuahin_github/openswmm.gui/include/layers/openswmmvislayer.h:440:18: note: overridden virtual function is here
  440 |     virtual void setRenderer(std::unique_ptr<OpenSWMM::Render::IFeatureRenderer>);
      |                  ^
In file included from /Users/calebbuahin/Documents/Projects/cbuahin_github/openswmm.gui/build/tests/gui/test_gisvectorpopulate_autogen/mocs_compilation.cpp:28:
In file included from /Users/calebbuahin/Documents/Projects/cbuahin_github/openswmm.gui/build/tests/gui/test_gisvectorpopulate_autogen/COIIM6MLNP/moc_gisvectorlayer.cpp:9:
/Users/calebbuahin/Documents/Projects/cbuahin_github/openswmm.gui/build/tests/gui/test_gisvectorpopulate_autogen/COIIM6MLNP/../../../../../include/layers/gisvectorlayer.h:270:55: warning: 'renderer' overrides a member function but is not marked 'override' [-Winconsistent-missing-override]
  270 |     [[nodiscard]] OpenSWMM::Render::IFeatureRenderer *renderer() const;
      |                                                       ^
/Users/calebbuahin/Documents/Projects/cbuahin_github/openswmm.gui/include/layers/openswmmvislayer.h:434:63: note: overridden virtual function is here
  434 |     [[nodiscard]] virtual OpenSWMM::Render::IFeatureRenderer *renderer() const { return nullptr; }
      |                                                               ^
In file included from /Users/calebbuahin/Documents/Projects/cbuahin_github/openswmm.gui/build/tests/gui/test_gisvectorpopulate_autogen/mocs_compilation.cpp:28:
In file included from /Users/calebbuahin/Documents/Projects/cbuahin_github/openswmm.gui/build/tests/gui/test_gisvectorpopulate_autogen/COIIM6MLNP/moc_gisvectorlayer.cpp:9:
/Users/calebbuahin/Documents/Projects/cbuahin_github/openswmm.gui/build/tests/gui/test_gisvectorpopulate_autogen/COIIM6MLNP/../../../../../include/layers/gisvectorlayer.h:278:10: warning: 'setRenderer' overrides a member function but is not marked 'override' [-Winconsistent-missing-override]
  278 |     void setRenderer(std::unique_ptr<OpenSWMM::Render::IFeatureRenderer> r);
      |          ^
/Users/calebbuahin/Documents/Projects/cbuahin_github/openswmm.gui/include/layers/openswmmvislayer.h:440:18: note: overridden virtual function is here
  440 |     virtual void setRenderer(std::unique_ptr<OpenSWMM::Render::IFeatureRenderer>);
      |                  ^
In file included from /Users/calebbuahin/Documents/Projects/cbuahin_github/openswmm.gui/build/tests/gui/test_gisvectorpopulate_autogen/mocs_compilation.cpp:36:
In file included from /Users/calebbuahin/Documents/Projects/cbuahin_github/openswmm.gui/build/tests/gui/test_gisvectorpopulate_autogen/COIIM6MLNP/moc_swmmresultslayer.cpp:9:
/Users/calebbuahin/Documents/Projects/cbuahin_github/openswmm.gui/build/tests/gui/test_gisvectorpopulate_autogen/COIIM6MLNP/../../../../../include/layers/swmmresultslayer.h:408:55: warning: 'renderer' overrides a member function but is not marked 'override' [-Winconsistent-missing-override]
  408 |     [[nodiscard]] OpenSWMM::Render::IFeatureRenderer *renderer() const;
      |                                                       ^
/Users/calebbuahin/Documents/Projects/cbuahin_github/openswmm.gui/include/layers/openswmmvislayer.h:434:63: note: overridden virtual function is here
  434 |     [[nodiscard]] virtual OpenSWMM::Render::IFeatureRenderer *renderer() const { return nullptr; }
      |                                                               ^
In file included from /Users/calebbuahin/Documents/Projects/cbuahin_github/openswmm.gui/build/tests/gui/test_gisvectorpopulate_autogen/mocs_compilation.cpp:36:
In file included from /Users/calebbuahin/Documents/Projects/cbuahin_github/openswmm.gui/build/tests/gui/test_gisvectorpopulate_autogen/COIIM6MLNP/moc_swmmresultslayer.cpp:9:
/Users/calebbuahin/Documents/Projects/cbuahin_github/openswmm.gui/build/tests/gui/test_gisvectorpopulate_autogen/COIIM6MLNP/../../../../../include/layers/swmmresultslayer.h:417:10: warning: 'setRenderer' overrides a member function but is not marked 'override' [-Winconsistent-missing-override]
  417 |     void setRenderer(std::unique_ptr<OpenSWMM::Render::IFeatureRenderer> r);
      |          ^
/Users/calebbuahin/Documents/Projects/cbuahin_github/openswmm.gui/include/layers/openswmmvislayer.h:440:18: note: overridden virtual function is here
  440 |     virtual void setRenderer(std::unique_ptr<OpenSWMM::Render::IFeatureRenderer>);
      |                  ^
6 warnings generated.
[270/375] Building CXX object tests/gui/CMakeFiles/test_meshinfil.dir/__/__/src/swmmvis.cpp.o
In file included from /Users/calebbuahin/Documents/Projects/cbuahin_github/openswmm.gui/src/swmmvis.cpp:76:
In file included from /Users/calebbuahin/Documents/Projects/cbuahin_github/openswmm.gui/include/ui/dialogs/sublayerselectiondialog.h:19:
/Users/calebbuahin/Documents/Projects/cbuahin_github/openswmm.gui/include/layers/gisvectorlayer.h:270:55: warning: 'renderer' overrides a member function but is not marked 'override' [-Winconsistent-missing-override]
  270 |     [[nodiscard]] OpenSWMM::Render::IFeatureRenderer *renderer() const;
      |                                                       ^
/Users/calebbuahin/Documents/Projects/cbuahin_github/openswmm.gui/include/layers/openswmmvislayer.h:434:63: note: overridden virtual function is here
  434 |     [[nodiscard]] virtual OpenSWMM::Render::IFeatureRenderer *renderer() const { return nullptr; }
      |                                                               ^
In file included from /Users/calebbuahin/Documents/Projects/cbuahin_github/openswmm.gui/src/swmmvis.cpp:76:
In file included from /Users/calebbuahin/Documents/Projects/cbuahin_github/openswmm.gui/include/ui/dialogs/sublayerselectiondialog.h:19:
/Users/calebbuahin/Documents/Projects/cbuahin_github/openswmm.gui/include/layers/gisvectorlayer.h:278:10: warning: 'setRenderer' overrides a member function but is not marked 'override' [-Winconsistent-missing-override]
  278 |     void setRenderer(std::unique_ptr<OpenSWMM::Render::IFeatureRenderer> r);
      |          ^
/Users/calebbuahin/Documents/Projects/cbuahin_github/openswmm.gui/include/layers/openswmmvislayer.h:440:18: note: overridden virtual function is here
  440 |     virtual void setRenderer(std::unique_ptr<OpenSWMM::Render::IFeatureRenderer>);
      |                  ^
In file included from /Users/calebbuahin/Documents/Projects/cbuahin_github/openswmm.gui/src/swmmvis.cpp:89:
/Users/calebbuahin/Documents/Projects/cbuahin_github/openswmm.gui/include/core/swmmdatetime.h:61:12: warning: 'QDateTime' is deprecated: Pass QTimeZone instead [-Wdeprecated-declarations]
   61 |     return QDateTime(date, QTime(h, mi, s), Qt::UTC);
      |            ^
/Users/calebbuahin/Qt/6.9.3/macos/lib/QtCore.framework/Headers/qdatetime.h:361:5: note: 'QDateTime' has been explicitly marked deprecated here
  361 |     QT_DEPRECATED_VERSION_X_6_9("Pass QTimeZone instead")
      |     ^
/Users/calebbuahin/Qt/6.9.3/macos/lib/QtCore.framework/Headers/qtdeprecationmarkers.h:213:44: note: expanded from macro 'QT_DEPRECATED_VERSION_X_6_9'
  213 | # define QT_DEPRECATED_VERSION_X_6_9(text) QT_DEPRECATED_X(text)
      |                                            ^
/Users/calebbuahin/Qt/6.9.3/macos/lib/QtCore.framework/Headers/qtdeprecationmarkers.h:29:33: note: expanded from macro 'QT_DEPRECATED_X'
   29 | #  define QT_DEPRECATED_X(text) Q_DECL_DEPRECATED_X(text)
      |                                 ^
/Users/calebbuahin/Qt/6.9.3/macos/lib/QtCore.framework/Headers/qcompilerdetection.h:1011:36: note: expanded from macro 'Q_DECL_DEPRECATED_X'
 1011 | #  define Q_DECL_DEPRECATED_X(x) [[deprecated(x)]]
      |                                    ^
In file included from /Users/calebbuahin/Documents/Projects/cbuahin_github/openswmm.gui/src/swmmvis.cpp:89:
/Users/calebbuahin/Documents/Projects/cbuahin_github/openswmm.gui/include/core/swmmdatetime.h:61:12: warning: 'QDateTime' is deprecated: Pass QTimeZone instead [-Wdeprecated-declarations]
   61 |     return QDateTime(date, QTime(h, mi, s), Qt::UTC);
      |            ^
/Users/calebbuahin/Qt/6.9.3/macos/lib/QtCore.framework/Headers/qdatetime.h:361:5: note: 'QDateTime' has been explicitly marked deprecated here
  361 |     QT_DEPRECATED_VERSION_X_6_9("Pass QTimeZone instead")
      |     ^
/Users/calebbuahin/Qt/6.9.3/macos/lib/QtCore.framework/Headers/qtdeprecationmarkers.h:213:44: note: expanded from macro 'QT_DEPRECATED_VERSION_X_6_9'
  213 | # define QT_DEPRECATED_VERSION_X_6_9(text) QT_DEPRECATED_X(text)
      |                                            ^
/Users/calebbuahin/Qt/6.9.3/macos/lib/QtCore.framework/Headers/qtdeprecationmarkers.h:29:33: note: expanded from macro 'QT_DEPRECATED_X'
   29 | #  define QT_DEPRECATED_X(text) Q_DECL_DEPRECATED_X(text)
      |                                 ^
/Users/calebbuahin/Qt/6.9.3/macos/lib/QtCore.framework/Headers/qcompilerdetection.h:1011:36: note: expanded from macro 'Q_DECL_DEPRECATED_X'
 1011 | #  define Q_DECL_DEPRECATED_X(x) [[deprecated(x)]]
      |                                    ^
In file included from /Users/calebbuahin/Documents/Projects/cbuahin_github/openswmm.gui/src/swmmvis.cpp:136:
/Users/calebbuahin/Documents/Projects/cbuahin_github/openswmm.gui/include/layers/swmmresultslayer.h:408:55: warning: 'renderer' overrides a member function but is not marked 'override' [-Winconsistent-missing-override]
  408 |     [[nodiscard]] OpenSWMM::Render::IFeatureRenderer *renderer() const;
      |                                                       ^
/Users/calebbuahin/Documents/Projects/cbuahin_github/openswmm.gui/include/layers/openswmmvislayer.h:434:63: note: overridden virtual function is here
  434 |     [[nodiscard]] virtual OpenSWMM::Render::IFeatureRenderer *renderer() const { return nullptr; }
      |                                                               ^
In file included from /Users/calebbuahin/Documents/Projects/cbuahin_github/openswmm.gui/src/swmmvis.cpp:136:
/Users/calebbuahin/Documents/Projects/cbuahin_github/openswmm.gui/include/layers/swmmresultslayer.h:417:10: warning: 'setRenderer' overrides a member function but is not marked 'override' [-Winconsistent-missing-override]
  417 |     void setRenderer(std::unique_ptr<OpenSWMM::Render::IFeatureRenderer> r);
      |          ^
/Users/calebbuahin/Documents/Projects/cbuahin_github/openswmm.gui/include/layers/openswmmvislayer.h:440:18: note: overridden virtual function is here
  440 |     virtual void setRenderer(std::unique_ptr<OpenSWMM::Render::IFeatureRenderer>);
      |                  ^
In file included from /Users/calebbuahin/Documents/Projects/cbuahin_github/openswmm.gui/src/swmmvis.cpp:194:
/Users/calebbuahin/Documents/Projects/cbuahin_github/openswmm.gui/include/layers/swmm2dresultslayer.h:544:55: warning: 'renderer' overrides a member function but is not marked 'override' [-Winconsistent-missing-override]
  544 |     [[nodiscard]] OpenSWMM::Render::IFeatureRenderer *renderer() const;
      |                                                       ^
/Users/calebbuahin/Documents/Projects/cbuahin_github/openswmm.gui/include/layers/openswmmvislayer.h:434:63: note: overridden virtual function is here
  434 |     [[nodiscard]] virtual OpenSWMM::Render::IFeatureRenderer *renderer() const { return nullptr; }
      |                                                               ^
In file included from /Users/calebbuahin/Documents/Projects/cbuahin_github/openswmm.gui/src/swmmvis.cpp:194:
/Users/calebbuahin/Documents/Projects/cbuahin_github/openswmm.gui/include/layers/swmm2dresultslayer.h:552:10: warning: 'setRenderer' overrides a member function but is not marked 'override' [-Winconsistent-missing-override]
  552 |     void setRenderer(std::unique_ptr<OpenSWMM::Render::IFeatureRenderer> r);
      |          ^
/Users/calebbuahin/Documents/Projects/cbuahin_github/openswmm.gui/include/layers/openswmmvislayer.h:440:18: note: overridden virtual function is here
  440 |     virtual void setRenderer(std::unique_ptr<OpenSWMM::Render::IFeatureRenderer>);
      |                  ^
8 warnings generated.
[271/375] Building CXX object tests/gui/CMakeFiles/test_render_invalidation.dir/__/__/src/connections/basemapconnectionstore.cpp.o
[272/375] Building CXX object tests/gui/CMakeFiles/test_render_invalidation.dir/__/__/src/layers/xyztilelayer.cpp.o
[273/375] Building CXX object tests/gui/CMakeFiles/test_render_invalidation.dir/__/__/src/map/mapcanvas.cpp.o
In file included from /Users/calebbuahin/Documents/Projects/cbuahin_github/openswmm.gui/src/map/mapcanvas.cpp:20:
/Users/calebbuahin/Documents/Projects/cbuahin_github/openswmm.gui/include/layers/gisvectorlayer.h:270:55: warning: 'renderer' overrides a member function but is not marked 'override' [-Winconsistent-missing-override]
  270 |     [[nodiscard]] OpenSWMM::Render::IFeatureRenderer *renderer() const;
      |                                                       ^
/Users/calebbuahin/Documents/Projects/cbuahin_github/openswmm.gui/include/layers/openswmmvislayer.h:434:63: note: overridden virtual function is here
  434 |     [[nodiscard]] virtual OpenSWMM::Render::IFeatureRenderer *renderer() const { return nullptr; }
      |                                                               ^
In file included from /Users/calebbuahin/Documents/Projects/cbuahin_github/openswmm.gui/src/map/mapcanvas.cpp:20:
/Users/calebbuahin/Documents/Projects/cbuahin_github/openswmm.gui/include/layers/gisvectorlayer.h:278:10: warning: 'setRenderer' overrides a member function but is not marked 'override' [-Winconsistent-missing-override]
  278 |     void setRenderer(std::unique_ptr<OpenSWMM::Render::IFeatureRenderer> r);
      |          ^
/Users/calebbuahin/Documents/Projects/cbuahin_github/openswmm.gui/include/layers/openswmmvislayer.h:440:18: note: overridden virtual function is here
  440 |     virtual void setRenderer(std::unique_ptr<OpenSWMM::Render::IFeatureRenderer>);
      |                  ^
In file included from /Users/calebbuahin/Documents/Projects/cbuahin_github/openswmm.gui/src/map/mapcanvas.cpp:31:
/Users/calebbuahin/Documents/Projects/cbuahin_github/openswmm.gui/include/layers/swmm2dresultslayer.h:544:55: warning: 'renderer' overrides a member function but is not marked 'override' [-Winconsistent-missing-override]
  544 |     [[nodiscard]] OpenSWMM::Render::IFeatureRenderer *renderer() const;
      |                                                       ^
/Users/calebbuahin/Documents/Projects/cbuahin_github/openswmm.gui/include/layers/openswmmvislayer.h:434:63: note: overridden virtual function is here
  434 |     [[nodiscard]] virtual OpenSWMM::Render::IFeatureRenderer *renderer() const { return nullptr; }
      |                                                               ^
In file included from /Users/calebbuahin/Documents/Projects/cbuahin_github/openswmm.gui/src/map/mapcanvas.cpp:31:
/Users/calebbuahin/Documents/Projects/cbuahin_github/openswmm.gui/include/layers/swmm2dresultslayer.h:552:10: warning: 'setRenderer' overrides a member function but is not marked 'override' [-Winconsistent-missing-override]
  552 |     void setRenderer(std::unique_ptr<OpenSWMM::Render::IFeatureRenderer> r);
      |          ^
/Users/calebbuahin/Documents/Projects/cbuahin_github/openswmm.gui/include/layers/openswmmvislayer.h:440:18: note: overridden virtual function is here
  440 |     virtual void setRenderer(std::unique_ptr<OpenSWMM::Render::IFeatureRenderer>);
      |                  ^
4 warnings generated.
[274/375] Building CXX object tests/gui/CMakeFiles/test_render_invalidation.dir/__/__/src/project/projectserializer.cpp.o
In file included from /Users/calebbuahin/Documents/Projects/cbuahin_github/openswmm.gui/src/project/projectserializer.cpp:12:
/Users/calebbuahin/Documents/Projects/cbuahin_github/openswmm.gui/include/layers/gisvectorlayer.h:270:55: warning: 'renderer' overrides a member function but is not marked 'override' [-Winconsistent-missing-override]
  270 |     [[nodiscard]] OpenSWMM::Render::IFeatureRenderer *renderer() const;
      |                                                       ^
/Users/calebbuahin/Documents/Projects/cbuahin_github/openswmm.gui/include/layers/openswmmvislayer.h:434:63: note: overridden virtual function is here
  434 |     [[nodiscard]] virtual OpenSWMM::Render::IFeatureRenderer *renderer() const { return nullptr; }
      |                                                               ^
In file included from /Users/calebbuahin/Documents/Projects/cbuahin_github/openswmm.gui/src/project/projectserializer.cpp:12:
/Users/calebbuahin/Documents/Projects/cbuahin_github/openswmm.gui/include/layers/gisvectorlayer.h:278:10: warning: 'setRenderer' overrides a member function but is not marked 'override' [-Winconsistent-missing-override]
  278 |     void setRenderer(std::unique_ptr<OpenSWMM::Render::IFeatureRenderer> r);
      |          ^
/Users/calebbuahin/Documents/Projects/cbuahin_github/openswmm.gui/include/layers/openswmmvislayer.h:440:18: note: overridden virtual function is here
  440 |     virtual void setRenderer(std::unique_ptr<OpenSWMM::Render::IFeatureRenderer>);
      |                  ^
In file included from /Users/calebbuahin/Documents/Projects/cbuahin_github/openswmm.gui/src/project/projectserializer.cpp:15:
/Users/calebbuahin/Documents/Projects/cbuahin_github/openswmm.gui/include/layers/swmm2dresultslayer.h:544:55: warning: 'renderer' overrides a member function but is not marked 'override' [-Winconsistent-missing-override]
  544 |     [[nodiscard]] OpenSWMM::Render::IFeatureRenderer *renderer() const;
      |                                                       ^
/Users/calebbuahin/Documents/Projects/cbuahin_github/openswmm.gui/include/layers/openswmmvislayer.h:434:63: note: overridden virtual function is here
  434 |     [[nodiscard]] virtual OpenSWMM::Render::IFeatureRenderer *renderer() const { return nullptr; }
      |                                                               ^
In file included from /Users/calebbuahin/Documents/Projects/cbuahin_github/openswmm.gui/src/project/projectserializer.cpp:15:
/Users/calebbuahin/Documents/Projects/cbuahin_github/openswmm.gui/include/layers/swmm2dresultslayer.h:552:10: warning: 'setRenderer' overrides a member function but is not marked 'override' [-Winconsistent-missing-override]
  552 |     void setRenderer(std::unique_ptr<OpenSWMM::Render::IFeatureRenderer> r);
      |          ^
/Users/calebbuahin/Documents/Projects/cbuahin_github/openswmm.gui/include/layers/openswmmvislayer.h:440:18: note: overridden virtual function is here
  440 |     virtual void setRenderer(std::unique_ptr<OpenSWMM::Render::IFeatureRenderer>);
      |                  ^
In file included from /Users/calebbuahin/Documents/Projects/cbuahin_github/openswmm.gui/src/project/projectserializer.cpp:17:
/Users/calebbuahin/Documents/Projects/cbuahin_github/openswmm.gui/include/layers/swmmresultslayer.h:408:55: warning: 'renderer' overrides a member function but is not marked 'override' [-Winconsistent-missing-override]
  408 |     [[nodiscard]] OpenSWMM::Render::IFeatureRenderer *renderer() const;
      |                                                       ^
/Users/calebbuahin/Documents/Projects/cbuahin_github/openswmm.gui/include/layers/openswmmvislayer.h:434:63: note: overridden virtual function is here
  434 |     [[nodiscard]] virtual OpenSWMM::Render::IFeatureRenderer *renderer() const { return nullptr; }
      |                                                               ^
In file included from /Users/calebbuahin/Documents/Projects/cbuahin_github/openswmm.gui/src/project/projectserializer.cpp:17:
/Users/calebbuahin/Documents/Projects/cbuahin_github/openswmm.gui/include/layers/swmmresultslayer.h:417:10: warning: 'setRenderer' overrides a member function but is not marked 'override' [-Winconsistent-missing-override]
  417 |     void setRenderer(std::unique_ptr<OpenSWMM::Render::IFeatureRenderer> r);
      |          ^
/Users/calebbuahin/Documents/Projects/cbuahin_github/openswmm.gui/include/layers/openswmmvislayer.h:440:18: note: overridden virtual function is here
  440 |     virtual void setRenderer(std::unique_ptr<OpenSWMM::Render::IFeatureRenderer>);
      |                  ^
6 warnings generated.
[275/375] Building CXX object tests/gui/CMakeFiles/test_render_invalidation.dir/__/__/src/ui/dialogs/layerstyledialog.cpp.o
In file included from /Users/calebbuahin/Documents/Projects/cbuahin_github/openswmm.gui/src/ui/dialogs/layerstyledialog.cpp:24:
/Users/calebbuahin/Documents/Projects/cbuahin_github/openswmm.gui/include/layers/gisvectorlayer.h:270:55: warning: 'renderer' overrides a member function but is not marked 'override' [-Winconsistent-missing-override]
  270 |     [[nodiscard]] OpenSWMM::Render::IFeatureRenderer *renderer() const;
      |                                                       ^
/Users/calebbuahin/Documents/Projects/cbuahin_github/openswmm.gui/include/layers/openswmmvislayer.h:434:63: note: overridden virtual function is here
  434 |     [[nodiscard]] virtual OpenSWMM::Render::IFeatureRenderer *renderer() const { return nullptr; }
      |                                                               ^
In file included from /Users/calebbuahin/Documents/Projects/cbuahin_github/openswmm.gui/src/ui/dialogs/layerstyledialog.cpp:24:
/Users/calebbuahin/Documents/Projects/cbuahin_github/openswmm.gui/include/layers/gisvectorlayer.h:278:10: warning: 'setRenderer' overrides a member function but is not marked 'override' [-Winconsistent-missing-override]
  278 |     void setRenderer(std::unique_ptr<OpenSWMM::Render::IFeatureRenderer> r);
      |          ^
/Users/calebbuahin/Documents/Projects/cbuahin_github/openswmm.gui/include/layers/openswmmvislayer.h:440:18: note: overridden virtual function is here
  440 |     virtual void setRenderer(std::unique_ptr<OpenSWMM::Render::IFeatureRenderer>);
      |                  ^
In file included from /Users/calebbuahin/Documents/Projects/cbuahin_github/openswmm.gui/src/ui/dialogs/layerstyledialog.cpp:27:
/Users/calebbuahin/Documents/Projects/cbuahin_github/openswmm.gui/include/layers/swmmresultslayer.h:408:55: warning: 'renderer' overrides a member function but is not marked 'override' [-Winconsistent-missing-override]
  408 |     [[nodiscard]] OpenSWMM::Render::IFeatureRenderer *renderer() const;
      |                                                       ^
/Users/calebbuahin/Documents/Projects/cbuahin_github/openswmm.gui/include/layers/openswmmvislayer.h:434:63: note: overridden virtual function is here
  434 |     [[nodiscard]] virtual OpenSWMM::Render::IFeatureRenderer *renderer() const { return nullptr; }
      |                                                               ^
In file included from /Users/calebbuahin/Documents/Projects/cbuahin_github/openswmm.gui/src/ui/dialogs/layerstyledialog.cpp:27:
/Users/calebbuahin/Documents/Projects/cbuahin_github/openswmm.gui/include/layers/swmmresultslayer.h:417:10: warning: 'setRenderer' overrides a member function but is not marked 'override' [-Winconsistent-missing-override]
  417 |     void setRenderer(std::unique_ptr<OpenSWMM::Render::IFeatureRenderer> r);
      |          ^
/Users/calebbuahin/Documents/Projects/cbuahin_github/openswmm.gui/include/layers/openswmmvislayer.h:440:18: note: overridden virtual function is here
  440 |     virtual void setRenderer(std::unique_ptr<OpenSWMM::Render::IFeatureRenderer>);
      |                  ^
In file included from /Users/calebbuahin/Documents/Projects/cbuahin_github/openswmm.gui/src/ui/dialogs/layerstyledialog.cpp:28:
/Users/calebbuahin/Documents/Projects/cbuahin_github/openswmm.gui/include/layers/swmm2dresultslayer.h:544:55: warning: 'renderer' overrides a member function but is not marked 'override' [-Winconsistent-missing-override]
  544 |     [[nodiscard]] OpenSWMM::Render::IFeatureRenderer *renderer() const;
      |                                                       ^
/Users/calebbuahin/Documents/Projects/cbuahin_github/openswmm.gui/include/layers/openswmmvislayer.h:434:63: note: overridden virtual function is here
  434 |     [[nodiscard]] virtual OpenSWMM::Render::IFeatureRenderer *renderer() const { return nullptr; }
      |                                                               ^
In file included from /Users/calebbuahin/Documents/Projects/cbuahin_github/openswmm.gui/src/ui/dialogs/layerstyledialog.cpp:28:
/Users/calebbuahin/Documents/Projects/cbuahin_github/openswmm.gui/include/layers/swmm2dresultslayer.h:552:10: warning: 'setRenderer' overrides a member function but is not marked 'override' [-Winconsistent-missing-override]
  552 |     void setRenderer(std::unique_ptr<OpenSWMM::Render::IFeatureRenderer> r);
      |          ^
/Users/calebbuahin/Documents/Projects/cbuahin_github/openswmm.gui/include/layers/openswmmvislayer.h:440:18: note: overridden virtual function is here
  440 |     virtual void setRenderer(std::unique_ptr<OpenSWMM::Render::IFeatureRenderer>);
      |                  ^
6 warnings generated.
[276/375] Building CXX object tests/gui/CMakeFiles/test_savewarnings.dir/test_savewarnings_autogen/mocs_compilation.cpp.o
In file included from /Users/calebbuahin/Documents/Projects/cbuahin_github/openswmm.gui/build/tests/gui/test_savewarnings_autogen/mocs_compilation.cpp:2:
In file included from /Users/calebbuahin/Documents/Projects/cbuahin_github/openswmm.gui/build/tests/gui/test_savewarnings_autogen/MAYCBHTXLP/moc_animationcontroller.cpp:9:
In file included from /Users/calebbuahin/Documents/Projects/cbuahin_github/openswmm.gui/build/tests/gui/test_savewarnings_autogen/MAYCBHTXLP/../../../../../include/animation/animationcontroller.h:33:
/Users/calebbuahin/Documents/Projects/cbuahin_github/openswmm.gui/include/layers/swmm2dresultslayer.h:544:55: warning: 'renderer' overrides a member function but is not marked 'override' [-Winconsistent-missing-override]
  544 |     [[nodiscard]] OpenSWMM::Render::IFeatureRenderer *renderer() const;
      |                                                       ^
/Users/calebbuahin/Documents/Projects/cbuahin_github/openswmm.gui/include/layers/openswmmvislayer.h:434:63: note: overridden virtual function is here
  434 |     [[nodiscard]] virtual OpenSWMM::Render::IFeatureRenderer *renderer() const { return nullptr; }
      |                                                               ^
In file included from /Users/calebbuahin/Documents/Projects/cbuahin_github/openswmm.gui/build/tests/gui/test_savewarnings_autogen/mocs_compilation.cpp:2:
In file included from /Users/calebbuahin/Documents/Projects/cbuahin_github/openswmm.gui/build/tests/gui/test_savewarnings_autogen/MAYCBHTXLP/moc_animationcontroller.cpp:9:
In file included from /Users/calebbuahin/Documents/Projects/cbuahin_github/openswmm.gui/build/tests/gui/test_savewarnings_autogen/MAYCBHTXLP/../../../../../include/animation/animationcontroller.h:33:
/Users/calebbuahin/Documents/Projects/cbuahin_github/openswmm.gui/include/layers/swmm2dresultslayer.h:552:10: warning: 'setRenderer' overrides a member function but is not marked 'override' [-Winconsistent-missing-override]
  552 |     void setRenderer(std::unique_ptr<OpenSWMM::Render::IFeatureRenderer> r);
      |          ^
/Users/calebbuahin/Documents/Projects/cbuahin_github/openswmm.gui/include/layers/openswmmvislayer.h:440:18: note: overridden virtual function is here
  440 |     virtual void setRenderer(std::unique_ptr<OpenSWMM::Render::IFeatureRenderer>);
      |                  ^
In file included from /Users/calebbuahin/Documents/Projects/cbuahin_github/openswmm.gui/build/tests/gui/test_savewarnings_autogen/mocs_compilation.cpp:28:
In file included from /Users/calebbuahin/Documents/Projects/cbuahin_github/openswmm.gui/build/tests/gui/test_savewarnings_autogen/COIIM6MLNP/moc_gisvectorlayer.cpp:9:
/Users/calebbuahin/Documents/Projects/cbuahin_github/openswmm.gui/build/tests/gui/test_savewarnings_autogen/COIIM6MLNP/../../../../../include/layers/gisvectorlayer.h:270:55: warning: 'renderer' overrides a member function but is not marked 'override' [-Winconsistent-missing-override]
  270 |     [[nodiscard]] OpenSWMM::Render::IFeatureRenderer *renderer() const;
      |                                                       ^
/Users/calebbuahin/Documents/Projects/cbuahin_github/openswmm.gui/include/layers/openswmmvislayer.h:434:63: note: overridden virtual function is here
  434 |     [[nodiscard]] virtual OpenSWMM::Render::IFeatureRenderer *renderer() const { return nullptr; }
      |                                                               ^
In file included from /Users/calebbuahin/Documents/Projects/cbuahin_github/openswmm.gui/build/tests/gui/test_savewarnings_autogen/mocs_compilation.cpp:28:
In file included from /Users/calebbuahin/Documents/Projects/cbuahin_github/openswmm.gui/build/tests/gui/test_savewarnings_autogen/COIIM6MLNP/moc_gisvectorlayer.cpp:9:
/Users/calebbuahin/Documents/Projects/cbuahin_github/openswmm.gui/build/tests/gui/test_savewarnings_autogen/COIIM6MLNP/../../../../../include/layers/gisvectorlayer.h:278:10: warning: 'setRenderer' overrides a member function but is not marked 'override' [-Winconsistent-missing-override]
  278 |     void setRenderer(std::unique_ptr<OpenSWMM::Render::IFeatureRenderer> r);
      |          ^
/Users/calebbuahin/Documents/Projects/cbuahin_github/openswmm.gui/include/layers/openswmmvislayer.h:440:18: note: overridden virtual function is here
  440 |     virtual void setRenderer(std::unique_ptr<OpenSWMM::Render::IFeatureRenderer>);
      |                  ^
In file included from /Users/calebbuahin/Documents/Projects/cbuahin_github/openswmm.gui/build/tests/gui/test_savewarnings_autogen/mocs_compilation.cpp:36:
In file included from /Users/calebbuahin/Documents/Projects/cbuahin_github/openswmm.gui/build/tests/gui/test_savewarnings_autogen/COIIM6MLNP/moc_swmmresultslayer.cpp:9:
/Users/calebbuahin/Documents/Projects/cbuahin_github/openswmm.gui/build/tests/gui/test_savewarnings_autogen/COIIM6MLNP/../../../../../include/layers/swmmresultslayer.h:408:55: warning: 'renderer' overrides a member function but is not marked 'override' [-Winconsistent-missing-override]
  408 |     [[nodiscard]] OpenSWMM::Render::IFeatureRenderer *renderer() const;
      |                                                       ^
/Users/calebbuahin/Documents/Projects/cbuahin_github/openswmm.gui/include/layers/openswmmvislayer.h:434:63: note: overridden virtual function is here
  434 |     [[nodiscard]] virtual OpenSWMM::Render::IFeatureRenderer *renderer() const { return nullptr; }
      |                                                               ^
In file included from /Users/calebbuahin/Documents/Projects/cbuahin_github/openswmm.gui/build/tests/gui/test_savewarnings_autogen/mocs_compilation.cpp:36:
In file included from /Users/calebbuahin/Documents/Projects/cbuahin_github/openswmm.gui/build/tests/gui/test_savewarnings_autogen/COIIM6MLNP/moc_swmmresultslayer.cpp:9:
/Users/calebbuahin/Documents/Projects/cbuahin_github/openswmm.gui/build/tests/gui/test_savewarnings_autogen/COIIM6MLNP/../../../../../include/layers/swmmresultslayer.h:417:10: warning: 'setRenderer' overrides a member function but is not marked 'override' [-Winconsistent-missing-override]
  417 |     void setRenderer(std::unique_ptr<OpenSWMM::Render::IFeatureRenderer> r);
      |          ^
/Users/calebbuahin/Documents/Projects/cbuahin_github/openswmm.gui/include/layers/openswmmvislayer.h:440:18: note: overridden virtual function is here
  440 |     virtual void setRenderer(std::unique_ptr<OpenSWMM::Render::IFeatureRenderer>);
      |                  ^
6 warnings generated.
[277/375] Building CXX object tests/gui/CMakeFiles/test_gisrastercrs.dir/test_gisrastercrs_autogen/mocs_compilation.cpp.o
In file included from /Users/calebbuahin/Documents/Projects/cbuahin_github/openswmm.gui/build/tests/gui/test_gisrastercrs_autogen/mocs_compilation.cpp:2:
In file included from /Users/calebbuahin/Documents/Projects/cbuahin_github/openswmm.gui/build/tests/gui/test_gisrastercrs_autogen/MAYCBHTXLP/moc_animationcontroller.cpp:9:
In file included from /Users/calebbuahin/Documents/Projects/cbuahin_github/openswmm.gui/build/tests/gui/test_gisrastercrs_autogen/MAYCBHTXLP/../../../../../include/animation/animationcontroller.h:33:
/Users/calebbuahin/Documents/Projects/cbuahin_github/openswmm.gui/include/layers/swmm2dresultslayer.h:544:55: warning: 'renderer' overrides a member function but is not marked 'override' [-Winconsistent-missing-override]
  544 |     [[nodiscard]] OpenSWMM::Render::IFeatureRenderer *renderer() const;
      |                                                       ^
/Users/calebbuahin/Documents/Projects/cbuahin_github/openswmm.gui/include/layers/openswmmvislayer.h:434:63: note: overridden virtual function is here
  434 |     [[nodiscard]] virtual OpenSWMM::Render::IFeatureRenderer *renderer() const { return nullptr; }
      |                                                               ^
In file included from /Users/calebbuahin/Documents/Projects/cbuahin_github/openswmm.gui/build/tests/gui/test_gisrastercrs_autogen/mocs_compilation.cpp:2:
In file included from /Users/calebbuahin/Documents/Projects/cbuahin_github/openswmm.gui/build/tests/gui/test_gisrastercrs_autogen/MAYCBHTXLP/moc_animationcontroller.cpp:9:
In file included from /Users/calebbuahin/Documents/Projects/cbuahin_github/openswmm.gui/build/tests/gui/test_gisrastercrs_autogen/MAYCBHTXLP/../../../../../include/animation/animationcontroller.h:33:
/Users/calebbuahin/Documents/Projects/cbuahin_github/openswmm.gui/include/layers/swmm2dresultslayer.h:552:10: warning: 'setRenderer' overrides a member function but is not marked 'override' [-Winconsistent-missing-override]
  552 |     void setRenderer(std::unique_ptr<OpenSWMM::Render::IFeatureRenderer> r);
      |          ^
/Users/calebbuahin/Documents/Projects/cbuahin_github/openswmm.gui/include/layers/openswmmvislayer.h:440:18: note: overridden virtual function is here
  440 |     virtual void setRenderer(std::unique_ptr<OpenSWMM::Render::IFeatureRenderer>);
      |                  ^
In file included from /Users/calebbuahin/Documents/Projects/cbuahin_github/openswmm.gui/build/tests/gui/test_gisrastercrs_autogen/mocs_compilation.cpp:28:
In file included from /Users/calebbuahin/Documents/Projects/cbuahin_github/openswmm.gui/build/tests/gui/test_gisrastercrs_autogen/COIIM6MLNP/moc_gisvectorlayer.cpp:9:
/Users/calebbuahin/Documents/Projects/cbuahin_github/openswmm.gui/build/tests/gui/test_gisrastercrs_autogen/COIIM6MLNP/../../../../../include/layers/gisvectorlayer.h:270:55: warning: 'renderer' overrides a member function but is not marked 'override' [-Winconsistent-missing-override]
  270 |     [[nodiscard]] OpenSWMM::Render::IFeatureRenderer *renderer() const;
      |                                                       ^
/Users/calebbuahin/Documents/Projects/cbuahin_github/openswmm.gui/include/layers/openswmmvislayer.h:434:63: note: overridden virtual function is here
  434 |     [[nodiscard]] virtual OpenSWMM::Render::IFeatureRenderer *renderer() const { return nullptr; }
      |                                                               ^
In file included from /Users/calebbuahin/Documents/Projects/cbuahin_github/openswmm.gui/build/tests/gui/test_gisrastercrs_autogen/mocs_compilation.cpp:28:
In file included from /Users/calebbuahin/Documents/Projects/cbuahin_github/openswmm.gui/build/tests/gui/test_gisrastercrs_autogen/COIIM6MLNP/moc_gisvectorlayer.cpp:9:
/Users/calebbuahin/Documents/Projects/cbuahin_github/openswmm.gui/build/tests/gui/test_gisrastercrs_autogen/COIIM6MLNP/../../../../../include/layers/gisvectorlayer.h:278:10: warning: 'setRenderer' overrides a member function but is not marked 'override' [-Winconsistent-missing-override]
  278 |     void setRenderer(std::unique_ptr<OpenSWMM::Render::IFeatureRenderer> r);
      |          ^
/Users/calebbuahin/Documents/Projects/cbuahin_github/openswmm.gui/include/layers/openswmmvislayer.h:440:18: note: overridden virtual function is here
  440 |     virtual void setRenderer(std::unique_ptr<OpenSWMM::Render::IFeatureRenderer>);
      |                  ^
In file included from /Users/calebbuahin/Documents/Projects/cbuahin_github/openswmm.gui/build/tests/gui/test_gisrastercrs_autogen/mocs_compilation.cpp:36:
In file included from /Users/calebbuahin/Documents/Projects/cbuahin_github/openswmm.gui/build/tests/gui/test_gisrastercrs_autogen/COIIM6MLNP/moc_swmmresultslayer.cpp:9:
/Users/calebbuahin/Documents/Projects/cbuahin_github/openswmm.gui/build/tests/gui/test_gisrastercrs_autogen/COIIM6MLNP/../../../../../include/layers/swmmresultslayer.h:408:55: warning: 'renderer' overrides a member function but is not marked 'override' [-Winconsistent-missing-override]
  408 |     [[nodiscard]] OpenSWMM::Render::IFeatureRenderer *renderer() const;
      |                                                       ^
/Users/calebbuahin/Documents/Projects/cbuahin_github/openswmm.gui/include/layers/openswmmvislayer.h:434:63: note: overridden virtual function is here
  434 |     [[nodiscard]] virtual OpenSWMM::Render::IFeatureRenderer *renderer() const { return nullptr; }
      |                                                               ^
In file included from /Users/calebbuahin/Documents/Projects/cbuahin_github/openswmm.gui/build/tests/gui/test_gisrastercrs_autogen/mocs_compilation.cpp:36:
In file included from /Users/calebbuahin/Documents/Projects/cbuahin_github/openswmm.gui/build/tests/gui/test_gisrastercrs_autogen/COIIM6MLNP/moc_swmmresultslayer.cpp:9:
/Users/calebbuahin/Documents/Projects/cbuahin_github/openswmm.gui/build/tests/gui/test_gisrastercrs_autogen/COIIM6MLNP/../../../../../include/layers/swmmresultslayer.h:417:10: warning: 'setRenderer' overrides a member function but is not marked 'override' [-Winconsistent-missing-override]
  417 |     void setRenderer(std::unique_ptr<OpenSWMM::Render::IFeatureRenderer> r);
      |          ^
/Users/calebbuahin/Documents/Projects/cbuahin_github/openswmm.gui/include/layers/openswmmvislayer.h:440:18: note: overridden virtual function is here
  440 |     virtual void setRenderer(std::unique_ptr<OpenSWMM::Render::IFeatureRenderer>);
      |                  ^
6 warnings generated.
[278/375] Building CXX object tests/gui/CMakeFiles/test_render_invalidation.dir/__/__/src/ui/dialogs/addbasemapdialog.cpp.o
In file included from /Users/calebbuahin/Documents/Projects/cbuahin_github/openswmm.gui/src/ui/dialogs/addbasemapdialog.cpp:26:
In file included from /Users/calebbuahin/Documents/Projects/cbuahin_github/openswmm.gui/include/layers/wfslayer.h:27:
/Users/calebbuahin/Documents/Projects/cbuahin_github/openswmm.gui/include/layers/gisvectorlayer.h:270:55: warning: 'renderer' overrides a member function but is not marked 'override' [-Winconsistent-missing-override]
  270 |     [[nodiscard]] OpenSWMM::Render::IFeatureRenderer *renderer() const;
      |                                                       ^
/Users/calebbuahin/Documents/Projects/cbuahin_github/openswmm.gui/include/layers/openswmmvislayer.h:434:63: note: overridden virtual function is here
  434 |     [[nodiscard]] virtual OpenSWMM::Render::IFeatureRenderer *renderer() const { return nullptr; }
      |                                                               ^
In file included from /Users/calebbuahin/Documents/Projects/cbuahin_github/openswmm.gui/src/ui/dialogs/addbasemapdialog.cpp:26:
In file included from /Users/calebbuahin/Documents/Projects/cbuahin_github/openswmm.gui/include/layers/wfslayer.h:27:
/Users/calebbuahin/Documents/Projects/cbuahin_github/openswmm.gui/include/layers/gisvectorlayer.h:278:10: warning: 'setRenderer' overrides a member function but is not marked 'override' [-Winconsistent-missing-override]
  278 |     void setRenderer(std::unique_ptr<OpenSWMM::Render::IFeatureRenderer> r);
      |          ^
/Users/calebbuahin/Documents/Projects/cbuahin_github/openswmm.gui/include/layers/openswmmvislayer.h:440:18: note: overridden virtual function is here
  440 |     virtual void setRenderer(std::unique_ptr<OpenSWMM::Render::IFeatureRenderer>);
      |                  ^
2 warnings generated.
[279/375] Building CXX object tests/gui/CMakeFiles/test_render_invalidation.dir/__/__/src/ui/widgets/basemaphttpheaderswidget.cpp.o
[280/375] Building CXX object tests/gui/CMakeFiles/test_attributetableschema.dir/__/__/src/connections/basemapconnectionstore.cpp.o
[281/375] Building CXX object tests/gui/CMakeFiles/test_attributetableschema.dir/__/__/src/layers/xyztilelayer.cpp.o
[282/375] Building CXX object tests/gui/CMakeFiles/test_attributetableschema.dir/__/__/src/map/mapcanvas.cpp.o
In file included from /Users/calebbuahin/Documents/Projects/cbuahin_github/openswmm.gui/src/map/mapcanvas.cpp:20:
/Users/calebbuahin/Documents/Projects/cbuahin_github/openswmm.gui/include/layers/gisvectorlayer.h:270:55: warning: 'renderer' overrides a member function but is not marked 'override' [-Winconsistent-missing-override]
  270 |     [[nodiscard]] OpenSWMM::Render::IFeatureRenderer *renderer() const;
      |                                                       ^
/Users/calebbuahin/Documents/Projects/cbuahin_github/openswmm.gui/include/layers/openswmmvislayer.h:434:63: note: overridden virtual function is here
  434 |     [[nodiscard]] virtual OpenSWMM::Render::IFeatureRenderer *renderer() const { return nullptr; }
      |                                                               ^
In file included from /Users/calebbuahin/Documents/Projects/cbuahin_github/openswmm.gui/src/map/mapcanvas.cpp:20:
/Users/calebbuahin/Documents/Projects/cbuahin_github/openswmm.gui/include/layers/gisvectorlayer.h:278:10: warning: 'setRenderer' overrides a member function but is not marked 'override' [-Winconsistent-missing-override]
  278 |     void setRenderer(std::unique_ptr<OpenSWMM::Render::IFeatureRenderer> r);
      |          ^
/Users/calebbuahin/Documents/Projects/cbuahin_github/openswmm.gui/include/layers/openswmmvislayer.h:440:18: note: overridden virtual function is here
  440 |     virtual void setRenderer(std::unique_ptr<OpenSWMM::Render::IFeatureRenderer>);
      |                  ^
In file included from /Users/calebbuahin/Documents/Projects/cbuahin_github/openswmm.gui/src/map/mapcanvas.cpp:31:
/Users/calebbuahin/Documents/Projects/cbuahin_github/openswmm.gui/include/layers/swmm2dresultslayer.h:544:55: warning: 'renderer' overrides a member function but is not marked 'override' [-Winconsistent-missing-override]
  544 |     [[nodiscard]] OpenSWMM::Render::IFeatureRenderer *renderer() const;
      |                                                       ^
/Users/calebbuahin/Documents/Projects/cbuahin_github/openswmm.gui/include/layers/openswmmvislayer.h:434:63: note: overridden virtual function is here
  434 |     [[nodiscard]] virtual OpenSWMM::Render::IFeatureRenderer *renderer() const { return nullptr; }
      |                                                               ^
In file included from /Users/calebbuahin/Documents/Projects/cbuahin_github/openswmm.gui/src/map/mapcanvas.cpp:31:
/Users/calebbuahin/Documents/Projects/cbuahin_github/openswmm.gui/include/layers/swmm2dresultslayer.h:552:10: warning: 'setRenderer' overrides a member function but is not marked 'override' [-Winconsistent-missing-override]
  552 |     void setRenderer(std::unique_ptr<OpenSWMM::Render::IFeatureRenderer> r);
      |          ^
/Users/calebbuahin/Documents/Projects/cbuahin_github/openswmm.gui/include/layers/openswmmvislayer.h:440:18: note: overridden virtual function is here
  440 |     virtual void setRenderer(std::unique_ptr<OpenSWMM::Render::IFeatureRenderer>);
      |                  ^
4 warnings generated.
[283/375] Building CXX object tests/gui/CMakeFiles/test_attributetableschema.dir/__/__/src/project/projectserializer.cpp.o
In file included from /Users/calebbuahin/Documents/Projects/cbuahin_github/openswmm.gui/src/project/projectserializer.cpp:12:
/Users/calebbuahin/Documents/Projects/cbuahin_github/openswmm.gui/include/layers/gisvectorlayer.h:270:55: warning: 'renderer' overrides a member function but is not marked 'override' [-Winconsistent-missing-override]
  270 |     [[nodiscard]] OpenSWMM::Render::IFeatureRenderer *renderer() const;
      |                                                       ^
/Users/calebbuahin/Documents/Projects/cbuahin_github/openswmm.gui/include/layers/openswmmvislayer.h:434:63: note: overridden virtual function is here
  434 |     [[nodiscard]] virtual OpenSWMM::Render::IFeatureRenderer *renderer() const { return nullptr; }
      |                                                               ^
In file included from /Users/calebbuahin/Documents/Projects/cbuahin_github/openswmm.gui/src/project/projectserializer.cpp:12:
/Users/calebbuahin/Documents/Projects/cbuahin_github/openswmm.gui/include/layers/gisvectorlayer.h:278:10: warning: 'setRenderer' overrides a member function but is not marked 'override' [-Winconsistent-missing-override]
  278 |     void setRenderer(std::unique_ptr<OpenSWMM::Render::IFeatureRenderer> r);
      |          ^
/Users/calebbuahin/Documents/Projects/cbuahin_github/openswmm.gui/include/layers/openswmmvislayer.h:440:18: note: overridden virtual function is here
  440 |     virtual void setRenderer(std::unique_ptr<OpenSWMM::Render::IFeatureRenderer>);
      |                  ^
In file included from /Users/calebbuahin/Documents/Projects/cbuahin_github/openswmm.gui/src/project/projectserializer.cpp:15:
/Users/calebbuahin/Documents/Projects/cbuahin_github/openswmm.gui/include/layers/swmm2dresultslayer.h:544:55: warning: 'renderer' overrides a member function but is not marked 'override' [-Winconsistent-missing-override]
  544 |     [[nodiscard]] OpenSWMM::Render::IFeatureRenderer *renderer() const;
      |                                                       ^
/Users/calebbuahin/Documents/Projects/cbuahin_github/openswmm.gui/include/layers/openswmmvislayer.h:434:63: note: overridden virtual function is here
  434 |     [[nodiscard]] virtual OpenSWMM::Render::IFeatureRenderer *renderer() const { return nullptr; }
      |                                                               ^
In file included from /Users/calebbuahin/Documents/Projects/cbuahin_github/openswmm.gui/src/project/projectserializer.cpp:15:
/Users/calebbuahin/Documents/Projects/cbuahin_github/openswmm.gui/include/layers/swmm2dresultslayer.h:552:10: warning: 'setRenderer' overrides a member function but is not marked 'override' [-Winconsistent-missing-override]
  552 |     void setRenderer(std::unique_ptr<OpenSWMM::Render::IFeatureRenderer> r);
      |          ^
/Users/calebbuahin/Documents/Projects/cbuahin_github/openswmm.gui/include/layers/openswmmvislayer.h:440:18: note: overridden virtual function is here
  440 |     virtual void setRenderer(std::unique_ptr<OpenSWMM::Render::IFeatureRenderer>);
      |                  ^
In file included from /Users/calebbuahin/Documents/Projects/cbuahin_github/openswmm.gui/src/project/projectserializer.cpp:17:
/Users/calebbuahin/Documents/Projects/cbuahin_github/openswmm.gui/include/layers/swmmresultslayer.h:408:55: warning: 'renderer' overrides a member function but is not marked 'override' [-Winconsistent-missing-override]
  408 |     [[nodiscard]] OpenSWMM::Render::IFeatureRenderer *renderer() const;
      |                                                       ^
/Users/calebbuahin/Documents/Projects/cbuahin_github/openswmm.gui/include/layers/openswmmvislayer.h:434:63: note: overridden virtual function is here
  434 |     [[nodiscard]] virtual OpenSWMM::Render::IFeatureRenderer *renderer() const { return nullptr; }
      |                                                               ^
In file included from /Users/calebbuahin/Documents/Projects/cbuahin_github/openswmm.gui/src/project/projectserializer.cpp:17:
/Users/calebbuahin/Documents/Projects/cbuahin_github/openswmm.gui/include/layers/swmmresultslayer.h:417:10: warning: 'setRenderer' overrides a member function but is not marked 'override' [-Winconsistent-missing-override]
  417 |     void setRenderer(std::unique_ptr<OpenSWMM::Render::IFeatureRenderer> r);
      |          ^
/Users/calebbuahin/Documents/Projects/cbuahin_github/openswmm.gui/include/layers/openswmmvislayer.h:440:18: note: overridden virtual function is here
  440 |     virtual void setRenderer(std::unique_ptr<OpenSWMM::Render::IFeatureRenderer>);
      |                  ^
6 warnings generated.
[284/375] Building CXX object tests/gui/CMakeFiles/test_attributetableschema.dir/__/__/src/ui/dialogs/layerstyledialog.cpp.o
In file included from /Users/calebbuahin/Documents/Projects/cbuahin_github/openswmm.gui/src/ui/dialogs/layerstyledialog.cpp:24:
/Users/calebbuahin/Documents/Projects/cbuahin_github/openswmm.gui/include/layers/gisvectorlayer.h:270:55: warning: 'renderer' overrides a member function but is not marked 'override' [-Winconsistent-missing-override]
  270 |     [[nodiscard]] OpenSWMM::Render::IFeatureRenderer *renderer() const;
      |                                                       ^
/Users/calebbuahin/Documents/Projects/cbuahin_github/openswmm.gui/include/layers/openswmmvislayer.h:434:63: note: overridden virtual function is here
  434 |     [[nodiscard]] virtual OpenSWMM::Render::IFeatureRenderer *renderer() const { return nullptr; }
      |                                                               ^
In file included from /Users/calebbuahin/Documents/Projects/cbuahin_github/openswmm.gui/src/ui/dialogs/layerstyledialog.cpp:24:
/Users/calebbuahin/Documents/Projects/cbuahin_github/openswmm.gui/include/layers/gisvectorlayer.h:278:10: warning: 'setRenderer' overrides a member function but is not marked 'override' [-Winconsistent-missing-override]
  278 |     void setRenderer(std::unique_ptr<OpenSWMM::Render::IFeatureRenderer> r);
      |          ^
/Users/calebbuahin/Documents/Projects/cbuahin_github/openswmm.gui/include/layers/openswmmvislayer.h:440:18: note: overridden virtual function is here
  440 |     virtual void setRenderer(std::unique_ptr<OpenSWMM::Render::IFeatureRenderer>);
      |                  ^
In file included from /Users/calebbuahin/Documents/Projects/cbuahin_github/openswmm.gui/src/ui/dialogs/layerstyledialog.cpp:27:
/Users/calebbuahin/Documents/Projects/cbuahin_github/openswmm.gui/include/layers/swmmresultslayer.h:408:55: warning: 'renderer' overrides a member function but is not marked 'override' [-Winconsistent-missing-override]
  408 |     [[nodiscard]] OpenSWMM::Render::IFeatureRenderer *renderer() const;
      |                                                       ^
/Users/calebbuahin/Documents/Projects/cbuahin_github/openswmm.gui/include/layers/openswmmvislayer.h:434:63: note: overridden virtual function is here
  434 |     [[nodiscard]] virtual OpenSWMM::Render::IFeatureRenderer *renderer() const { return nullptr; }
      |                                                               ^
In file included from /Users/calebbuahin/Documents/Projects/cbuahin_github/openswmm.gui/src/ui/dialogs/layerstyledialog.cpp:27:
/Users/calebbuahin/Documents/Projects/cbuahin_github/openswmm.gui/include/layers/swmmresultslayer.h:417:10: warning: 'setRenderer' overrides a member function but is not marked 'override' [-Winconsistent-missing-override]
  417 |     void setRenderer(std::unique_ptr<OpenSWMM::Render::IFeatureRenderer> r);
      |          ^
/Users/calebbuahin/Documents/Projects/cbuahin_github/openswmm.gui/include/layers/openswmmvislayer.h:440:18: note: overridden virtual function is here
  440 |     virtual void setRenderer(std::unique_ptr<OpenSWMM::Render::IFeatureRenderer>);
      |                  ^
In file included from /Users/calebbuahin/Documents/Projects/cbuahin_github/openswmm.gui/src/ui/dialogs/layerstyledialog.cpp:28:
/Users/calebbuahin/Documents/Projects/cbuahin_github/openswmm.gui/include/layers/swmm2dresultslayer.h:544:55: warning: 'renderer' overrides a member function but is not marked 'override' [-Winconsistent-missing-override]
  544 |     [[nodiscard]] OpenSWMM::Render::IFeatureRenderer *renderer() const;
      |                                                       ^
/Users/calebbuahin/Documents/Projects/cbuahin_github/openswmm.gui/include/layers/openswmmvislayer.h:434:63: note: overridden virtual function is here
  434 |     [[nodiscard]] virtual OpenSWMM::Render::IFeatureRenderer *renderer() const { return nullptr; }
      |                                                               ^
In file included from /Users/calebbuahin/Documents/Projects/cbuahin_github/openswmm.gui/src/ui/dialogs/layerstyledialog.cpp:28:
/Users/calebbuahin/Documents/Projects/cbuahin_github/openswmm.gui/include/layers/swmm2dresultslayer.h:552:10: warning: 'setRenderer' overrides a member function but is not marked 'override' [-Winconsistent-missing-override]
  552 |     void setRenderer(std::unique_ptr<OpenSWMM::Render::IFeatureRenderer> r);
      |          ^
/Users/calebbuahin/Documents/Projects/cbuahin_github/openswmm.gui/include/layers/openswmmvislayer.h:440:18: note: overridden virtual function is here
  440 |     virtual void setRenderer(std::unique_ptr<OpenSWMM::Render::IFeatureRenderer>);
      |                  ^
6 warnings generated.
[285/375] Building CXX object tests/gui/CMakeFiles/test_attributetableschema.dir/__/__/src/ui/dialogs/addbasemapdialog.cpp.o
In file included from /Users/calebbuahin/Documents/Projects/cbuahin_github/openswmm.gui/src/ui/dialogs/addbasemapdialog.cpp:26:
In file included from /Users/calebbuahin/Documents/Projects/cbuahin_github/openswmm.gui/include/layers/wfslayer.h:27:
/Users/calebbuahin/Documents/Projects/cbuahin_github/openswmm.gui/include/layers/gisvectorlayer.h:270:55: warning: 'renderer' overrides a member function but is not marked 'override' [-Winconsistent-missing-override]
  270 |     [[nodiscard]] OpenSWMM::Render::IFeatureRenderer *renderer() const;
      |                                                       ^
/Users/calebbuahin/Documents/Projects/cbuahin_github/openswmm.gui/include/layers/openswmmvislayer.h:434:63: note: overridden virtual function is here
  434 |     [[nodiscard]] virtual OpenSWMM::Render::IFeatureRenderer *renderer() const { return nullptr; }
      |                                                               ^
In file included from /Users/calebbuahin/Documents/Projects/cbuahin_github/openswmm.gui/src/ui/dialogs/addbasemapdialog.cpp:26:
In file included from /Users/calebbuahin/Documents/Projects/cbuahin_github/openswmm.gui/include/layers/wfslayer.h:27:
/Users/calebbuahin/Documents/Projects/cbuahin_github/openswmm.gui/include/layers/gisvectorlayer.h:278:10: warning: 'setRenderer' overrides a member function but is not marked 'override' [-Winconsistent-missing-override]
  278 |     void setRenderer(std::unique_ptr<OpenSWMM::Render::IFeatureRenderer> r);
      |          ^
/Users/calebbuahin/Documents/Projects/cbuahin_github/openswmm.gui/include/layers/openswmmvislayer.h:440:18: note: overridden virtual function is here
  440 |     virtual void setRenderer(std::unique_ptr<OpenSWMM::Render::IFeatureRenderer>);
      |                  ^
2 warnings generated.
[286/375] Building CXX object tests/gui/CMakeFiles/test_attributetableschema.dir/__/__/src/ui/widgets/basemaphttpheaderswidget.cpp.o
[287/375] Building CXX object tests/gui/CMakeFiles/test_meshattributetable.dir/__/__/src/swmmvis.cpp.o
In file included from /Users/calebbuahin/Documents/Projects/cbuahin_github/openswmm.gui/src/swmmvis.cpp:76:
In file included from /Users/calebbuahin/Documents/Projects/cbuahin_github/openswmm.gui/include/ui/dialogs/sublayerselectiondialog.h:19:
/Users/calebbuahin/Documents/Projects/cbuahin_github/openswmm.gui/include/layers/gisvectorlayer.h:270:55: warning: 'renderer' overrides a member function but is not marked 'override' [-Winconsistent-missing-override]
  270 |     [[nodiscard]] OpenSWMM::Render::IFeatureRenderer *renderer() const;
      |                                                       ^
/Users/calebbuahin/Documents/Projects/cbuahin_github/openswmm.gui/include/layers/openswmmvislayer.h:434:63: note: overridden virtual function is here
  434 |     [[nodiscard]] virtual OpenSWMM::Render::IFeatureRenderer *renderer() const { return nullptr; }
      |                                                               ^
In file included from /Users/calebbuahin/Documents/Projects/cbuahin_github/openswmm.gui/src/swmmvis.cpp:76:
In file included from /Users/calebbuahin/Documents/Projects/cbuahin_github/openswmm.gui/include/ui/dialogs/sublayerselectiondialog.h:19:
/Users/calebbuahin/Documents/Projects/cbuahin_github/openswmm.gui/include/layers/gisvectorlayer.h:278:10: warning: 'setRenderer' overrides a member function but is not marked 'override' [-Winconsistent-missing-override]
  278 |     void setRenderer(std::unique_ptr<OpenSWMM::Render::IFeatureRenderer> r);
      |          ^
/Users/calebbuahin/Documents/Projects/cbuahin_github/openswmm.gui/include/layers/openswmmvislayer.h:440:18: note: overridden virtual function is here
  440 |     virtual void setRenderer(std::unique_ptr<OpenSWMM::Render::IFeatureRenderer>);
      |                  ^
In file included from /Users/calebbuahin/Documents/Projects/cbuahin_github/openswmm.gui/src/swmmvis.cpp:89:
/Users/calebbuahin/Documents/Projects/cbuahin_github/openswmm.gui/include/core/swmmdatetime.h:61:12: warning: 'QDateTime' is deprecated: Pass QTimeZone instead [-Wdeprecated-declarations]
   61 |     return QDateTime(date, QTime(h, mi, s), Qt::UTC);
      |            ^
/Users/calebbuahin/Qt/6.9.3/macos/lib/QtCore.framework/Headers/qdatetime.h:361:5: note: 'QDateTime' has been explicitly marked deprecated here
  361 |     QT_DEPRECATED_VERSION_X_6_9("Pass QTimeZone instead")
      |     ^
/Users/calebbuahin/Qt/6.9.3/macos/lib/QtCore.framework/Headers/qtdeprecationmarkers.h:213:44: note: expanded from macro 'QT_DEPRECATED_VERSION_X_6_9'
  213 | # define QT_DEPRECATED_VERSION_X_6_9(text) QT_DEPRECATED_X(text)
      |                                            ^
/Users/calebbuahin/Qt/6.9.3/macos/lib/QtCore.framework/Headers/qtdeprecationmarkers.h:29:33: note: expanded from macro 'QT_DEPRECATED_X'
   29 | #  define QT_DEPRECATED_X(text) Q_DECL_DEPRECATED_X(text)
      |                                 ^
/Users/calebbuahin/Qt/6.9.3/macos/lib/QtCore.framework/Headers/qcompilerdetection.h:1011:36: note: expanded from macro 'Q_DECL_DEPRECATED_X'
 1011 | #  define Q_DECL_DEPRECATED_X(x) [[deprecated(x)]]
      |                                    ^
In file included from /Users/calebbuahin/Documents/Projects/cbuahin_github/openswmm.gui/src/swmmvis.cpp:89:
/Users/calebbuahin/Documents/Projects/cbuahin_github/openswmm.gui/include/core/swmmdatetime.h:61:12: warning: 'QDateTime' is deprecated: Pass QTimeZone instead [-Wdeprecated-declarations]
   61 |     return QDateTime(date, QTime(h, mi, s), Qt::UTC);
      |            ^
/Users/calebbuahin/Qt/6.9.3/macos/lib/QtCore.framework/Headers/qdatetime.h:361:5: note: 'QDateTime' has been explicitly marked deprecated here
  361 |     QT_DEPRECATED_VERSION_X_6_9("Pass QTimeZone instead")
      |     ^
/Users/calebbuahin/Qt/6.9.3/macos/lib/QtCore.framework/Headers/qtdeprecationmarkers.h:213:44: note: expanded from macro 'QT_DEPRECATED_VERSION_X_6_9'
  213 | # define QT_DEPRECATED_VERSION_X_6_9(text) QT_DEPRECATED_X(text)
      |                                            ^
/Users/calebbuahin/Qt/6.9.3/macos/lib/QtCore.framework/Headers/qtdeprecationmarkers.h:29:33: note: expanded from macro 'QT_DEPRECATED_X'
   29 | #  define QT_DEPRECATED_X(text) Q_DECL_DEPRECATED_X(text)
      |                                 ^
/Users/calebbuahin/Qt/6.9.3/macos/lib/QtCore.framework/Headers/qcompilerdetection.h:1011:36: note: expanded from macro 'Q_DECL_DEPRECATED_X'
 1011 | #  define Q_DECL_DEPRECATED_X(x) [[deprecated(x)]]
      |                                    ^
In file included from /Users/calebbuahin/Documents/Projects/cbuahin_github/openswmm.gui/src/swmmvis.cpp:136:
/Users/calebbuahin/Documents/Projects/cbuahin_github/openswmm.gui/include/layers/swmmresultslayer.h:408:55: warning: 'renderer' overrides a member function but is not marked 'override' [-Winconsistent-missing-override]
  408 |     [[nodiscard]] OpenSWMM::Render::IFeatureRenderer *renderer() const;
      |                                                       ^
/Users/calebbuahin/Documents/Projects/cbuahin_github/openswmm.gui/include/layers/openswmmvislayer.h:434:63: note: overridden virtual function is here
  434 |     [[nodiscard]] virtual OpenSWMM::Render::IFeatureRenderer *renderer() const { return nullptr; }
      |                                                               ^
In file included from /Users/calebbuahin/Documents/Projects/cbuahin_github/openswmm.gui/src/swmmvis.cpp:136:
/Users/calebbuahin/Documents/Projects/cbuahin_github/openswmm.gui/include/layers/swmmresultslayer.h:417:10: warning: 'setRenderer' overrides a member function but is not marked 'override' [-Winconsistent-missing-override]
  417 |     void setRenderer(std::unique_ptr<OpenSWMM::Render::IFeatureRenderer> r);
      |          ^
/Users/calebbuahin/Documents/Projects/cbuahin_github/openswmm.gui/include/layers/openswmmvislayer.h:440:18: note: overridden virtual function is here
  440 |     virtual void setRenderer(std::unique_ptr<OpenSWMM::Render::IFeatureRenderer>);
      |                  ^
In file included from /Users/calebbuahin/Documents/Projects/cbuahin_github/openswmm.gui/src/swmmvis.cpp:194:
/Users/calebbuahin/Documents/Projects/cbuahin_github/openswmm.gui/include/layers/swmm2dresultslayer.h:544:55: warning: 'renderer' overrides a member function but is not marked 'override' [-Winconsistent-missing-override]
  544 |     [[nodiscard]] OpenSWMM::Render::IFeatureRenderer *renderer() const;
      |                                                       ^
/Users/calebbuahin/Documents/Projects/cbuahin_github/openswmm.gui/include/layers/openswmmvislayer.h:434:63: note: overridden virtual function is here
  434 |     [[nodiscard]] virtual OpenSWMM::Render::IFeatureRenderer *renderer() const { return nullptr; }
      |                                                               ^
In file included from /Users/calebbuahin/Documents/Projects/cbuahin_github/openswmm.gui/src/swmmvis.cpp:194:
/Users/calebbuahin/Documents/Projects/cbuahin_github/openswmm.gui/include/layers/swmm2dresultslayer.h:552:10: warning: 'setRenderer' overrides a member function but is not marked 'override' [-Winconsistent-missing-override]
  552 |     void setRenderer(std::unique_ptr<OpenSWMM::Render::IFeatureRenderer> r);
      |          ^
/Users/calebbuahin/Documents/Projects/cbuahin_github/openswmm.gui/include/layers/openswmmvislayer.h:440:18: note: overridden virtual function is here
  440 |     virtual void setRenderer(std::unique_ptr<OpenSWMM::Render::IFeatureRenderer>);
      |                  ^
8 warnings generated.
[288/375] Building CXX object tests/gui/CMakeFiles/test_meshinfil.dir/test_meshinfil_autogen/mocs_compilation.cpp.o
In file included from /Users/calebbuahin/Documents/Projects/cbuahin_github/openswmm.gui/build/tests/gui/test_meshinfil_autogen/mocs_compilation.cpp:2:
In file included from /Users/calebbuahin/Documents/Projects/cbuahin_github/openswmm.gui/build/tests/gui/test_meshinfil_autogen/MAYCBHTXLP/moc_animationcontroller.cpp:9:
In file included from /Users/calebbuahin/Documents/Projects/cbuahin_github/openswmm.gui/build/tests/gui/test_meshinfil_autogen/MAYCBHTXLP/../../../../../include/animation/animationcontroller.h:33:
/Users/calebbuahin/Documents/Projects/cbuahin_github/openswmm.gui/include/layers/swmm2dresultslayer.h:544:55: warning: 'renderer' overrides a member function but is not marked 'override' [-Winconsistent-missing-override]
  544 |     [[nodiscard]] OpenSWMM::Render::IFeatureRenderer *renderer() const;
      |                                                       ^
/Users/calebbuahin/Documents/Projects/cbuahin_github/openswmm.gui/include/layers/openswmmvislayer.h:434:63: note: overridden virtual function is here
  434 |     [[nodiscard]] virtual OpenSWMM::Render::IFeatureRenderer *renderer() const { return nullptr; }
      |                                                               ^
In file included from /Users/calebbuahin/Documents/Projects/cbuahin_github/openswmm.gui/build/tests/gui/test_meshinfil_autogen/mocs_compilation.cpp:2:
In file included from /Users/calebbuahin/Documents/Projects/cbuahin_github/openswmm.gui/build/tests/gui/test_meshinfil_autogen/MAYCBHTXLP/moc_animationcontroller.cpp:9:
In file included from /Users/calebbuahin/Documents/Projects/cbuahin_github/openswmm.gui/build/tests/gui/test_meshinfil_autogen/MAYCBHTXLP/../../../../../include/animation/animationcontroller.h:33:
/Users/calebbuahin/Documents/Projects/cbuahin_github/openswmm.gui/include/layers/swmm2dresultslayer.h:552:10: warning: 'setRenderer' overrides a member function but is not marked 'override' [-Winconsistent-missing-override]
  552 |     void setRenderer(std::unique_ptr<OpenSWMM::Render::IFeatureRenderer> r);
      |          ^
/Users/calebbuahin/Documents/Projects/cbuahin_github/openswmm.gui/include/layers/openswmmvislayer.h:440:18: note: overridden virtual function is here
  440 |     virtual void setRenderer(std::unique_ptr<OpenSWMM::Render::IFeatureRenderer>);
      |                  ^
In file included from /Users/calebbuahin/Documents/Projects/cbuahin_github/openswmm.gui/build/tests/gui/test_meshinfil_autogen/mocs_compilation.cpp:28:
In file included from /Users/calebbuahin/Documents/Projects/cbuahin_github/openswmm.gui/build/tests/gui/test_meshinfil_autogen/COIIM6MLNP/moc_gisvectorlayer.cpp:9:
/Users/calebbuahin/Documents/Projects/cbuahin_github/openswmm.gui/build/tests/gui/test_meshinfil_autogen/COIIM6MLNP/../../../../../include/layers/gisvectorlayer.h:270:55: warning: 'renderer' overrides a member function but is not marked 'override' [-Winconsistent-missing-override]
  270 |     [[nodiscard]] OpenSWMM::Render::IFeatureRenderer *renderer() const;
      |                                                       ^
/Users/calebbuahin/Documents/Projects/cbuahin_github/openswmm.gui/include/layers/openswmmvislayer.h:434:63: note: overridden virtual function is here
  434 |     [[nodiscard]] virtual OpenSWMM::Render::IFeatureRenderer *renderer() const { return nullptr; }
      |                                                               ^
In file included from /Users/calebbuahin/Documents/Projects/cbuahin_github/openswmm.gui/build/tests/gui/test_meshinfil_autogen/mocs_compilation.cpp:28:
In file included from /Users/calebbuahin/Documents/Projects/cbuahin_github/openswmm.gui/build/tests/gui/test_meshinfil_autogen/COIIM6MLNP/moc_gisvectorlayer.cpp:9:
/Users/calebbuahin/Documents/Projects/cbuahin_github/openswmm.gui/build/tests/gui/test_meshinfil_autogen/COIIM6MLNP/../../../../../include/layers/gisvectorlayer.h:278:10: warning: 'setRenderer' overrides a member function but is not marked 'override' [-Winconsistent-missing-override]
  278 |     void setRenderer(std::unique_ptr<OpenSWMM::Render::IFeatureRenderer> r);
      |          ^
/Users/calebbuahin/Documents/Projects/cbuahin_github/openswmm.gui/include/layers/openswmmvislayer.h:440:18: note: overridden virtual function is here
  440 |     virtual void setRenderer(std::unique_ptr<OpenSWMM::Render::IFeatureRenderer>);
      |                  ^
In file included from /Users/calebbuahin/Documents/Projects/cbuahin_github/openswmm.gui/build/tests/gui/test_meshinfil_autogen/mocs_compilation.cpp:36:
In file included from /Users/calebbuahin/Documents/Projects/cbuahin_github/openswmm.gui/build/tests/gui/test_meshinfil_autogen/COIIM6MLNP/moc_swmmresultslayer.cpp:9:
/Users/calebbuahin/Documents/Projects/cbuahin_github/openswmm.gui/build/tests/gui/test_meshinfil_autogen/COIIM6MLNP/../../../../../include/layers/swmmresultslayer.h:408:55: warning: 'renderer' overrides a member function but is not marked 'override' [-Winconsistent-missing-override]
  408 |     [[nodiscard]] OpenSWMM::Render::IFeatureRenderer *renderer() const;
      |                                                       ^
/Users/calebbuahin/Documents/Projects/cbuahin_github/openswmm.gui/include/layers/openswmmvislayer.h:434:63: note: overridden virtual function is here
  434 |     [[nodiscard]] virtual OpenSWMM::Render::IFeatureRenderer *renderer() const { return nullptr; }
      |                                                               ^
In file included from /Users/calebbuahin/Documents/Projects/cbuahin_github/openswmm.gui/build/tests/gui/test_meshinfil_autogen/mocs_compilation.cpp:36:
In file included from /Users/calebbuahin/Documents/Projects/cbuahin_github/openswmm.gui/build/tests/gui/test_meshinfil_autogen/COIIM6MLNP/moc_swmmresultslayer.cpp:9:
/Users/calebbuahin/Documents/Projects/cbuahin_github/openswmm.gui/build/tests/gui/test_meshinfil_autogen/COIIM6MLNP/../../../../../include/layers/swmmresultslayer.h:417:10: warning: 'setRenderer' overrides a member function but is not marked 'override' [-Winconsistent-missing-override]
  417 |     void setRenderer(std::unique_ptr<OpenSWMM::Render::IFeatureRenderer> r);
      |          ^
/Users/calebbuahin/Documents/Projects/cbuahin_github/openswmm.gui/include/layers/openswmmvislayer.h:440:18: note: overridden virtual function is here
  440 |     virtual void setRenderer(std::unique_ptr<OpenSWMM::Render::IFeatureRenderer>);
      |                  ^
6 warnings generated.
[289/375] Building CXX object tests/gui/CMakeFiles/test_raingagefilecolumn.dir/__/__/src/connections/basemapconnectionstore.cpp.o
[290/375] Building CXX object tests/gui/CMakeFiles/test_raingagefilecolumn.dir/__/__/src/layers/xyztilelayer.cpp.o
[291/375] Building CXX object tests/gui/CMakeFiles/test_raingagefilecolumn.dir/__/__/src/map/mapcanvas.cpp.o
In file included from /Users/calebbuahin/Documents/Projects/cbuahin_github/openswmm.gui/src/map/mapcanvas.cpp:20:
/Users/calebbuahin/Documents/Projects/cbuahin_github/openswmm.gui/include/layers/gisvectorlayer.h:270:55: warning: 'renderer' overrides a member function but is not marked 'override' [-Winconsistent-missing-override]
  270 |     [[nodiscard]] OpenSWMM::Render::IFeatureRenderer *renderer() const;
      |                                                       ^
/Users/calebbuahin/Documents/Projects/cbuahin_github/openswmm.gui/include/layers/openswmmvislayer.h:434:63: note: overridden virtual function is here
  434 |     [[nodiscard]] virtual OpenSWMM::Render::IFeatureRenderer *renderer() const { return nullptr; }
      |                                                               ^
In file included from /Users/calebbuahin/Documents/Projects/cbuahin_github/openswmm.gui/src/map/mapcanvas.cpp:20:
/Users/calebbuahin/Documents/Projects/cbuahin_github/openswmm.gui/include/layers/gisvectorlayer.h:278:10: warning: 'setRenderer' overrides a member function but is not marked 'override' [-Winconsistent-missing-override]
  278 |     void setRenderer(std::unique_ptr<OpenSWMM::Render::IFeatureRenderer> r);
      |          ^
/Users/calebbuahin/Documents/Projects/cbuahin_github/openswmm.gui/include/layers/openswmmvislayer.h:440:18: note: overridden virtual function is here
  440 |     virtual void setRenderer(std::unique_ptr<OpenSWMM::Render::IFeatureRenderer>);
      |                  ^
In file included from /Users/calebbuahin/Documents/Projects/cbuahin_github/openswmm.gui/src/map/mapcanvas.cpp:31:
/Users/calebbuahin/Documents/Projects/cbuahin_github/openswmm.gui/include/layers/swmm2dresultslayer.h:544:55: warning: 'renderer' overrides a member function but is not marked 'override' [-Winconsistent-missing-override]
  544 |     [[nodiscard]] OpenSWMM::Render::IFeatureRenderer *renderer() const;
      |                                                       ^
/Users/calebbuahin/Documents/Projects/cbuahin_github/openswmm.gui/include/layers/openswmmvislayer.h:434:63: note: overridden virtual function is here
  434 |     [[nodiscard]] virtual OpenSWMM::Render::IFeatureRenderer *renderer() const { return nullptr; }
      |                                                               ^
In file included from /Users/calebbuahin/Documents/Projects/cbuahin_github/openswmm.gui/src/map/mapcanvas.cpp:31:
/Users/calebbuahin/Documents/Projects/cbuahin_github/openswmm.gui/include/layers/swmm2dresultslayer.h:552:10: warning: 'setRenderer' overrides a member function but is not marked 'override' [-Winconsistent-missing-override]
  552 |     void setRenderer(std::unique_ptr<OpenSWMM::Render::IFeatureRenderer> r);
      |          ^
/Users/calebbuahin/Documents/Projects/cbuahin_github/openswmm.gui/include/layers/openswmmvislayer.h:440:18: note: overridden virtual function is here
  440 |     virtual void setRenderer(std::unique_ptr<OpenSWMM::Render::IFeatureRenderer>);
      |                  ^
4 warnings generated.
[292/375] Building CXX object tests/gui/CMakeFiles/test_raingagefilecolumn.dir/__/__/src/project/projectserializer.cpp.o
In file included from /Users/calebbuahin/Documents/Projects/cbuahin_github/openswmm.gui/src/project/projectserializer.cpp:12:
/Users/calebbuahin/Documents/Projects/cbuahin_github/openswmm.gui/include/layers/gisvectorlayer.h:270:55: warning: 'renderer' overrides a member function but is not marked 'override' [-Winconsistent-missing-override]
  270 |     [[nodiscard]] OpenSWMM::Render::IFeatureRenderer *renderer() const;
      |                                                       ^
/Users/calebbuahin/Documents/Projects/cbuahin_github/openswmm.gui/include/layers/openswmmvislayer.h:434:63: note: overridden virtual function is here
  434 |     [[nodiscard]] virtual OpenSWMM::Render::IFeatureRenderer *renderer() const { return nullptr; }
      |                                                               ^
In file included from /Users/calebbuahin/Documents/Projects/cbuahin_github/openswmm.gui/src/project/projectserializer.cpp:12:
/Users/calebbuahin/Documents/Projects/cbuahin_github/openswmm.gui/include/layers/gisvectorlayer.h:278:10: warning: 'setRenderer' overrides a member function but is not marked 'override' [-Winconsistent-missing-override]
  278 |     void setRenderer(std::unique_ptr<OpenSWMM::Render::IFeatureRenderer> r);
      |          ^
/Users/calebbuahin/Documents/Projects/cbuahin_github/openswmm.gui/include/layers/openswmmvislayer.h:440:18: note: overridden virtual function is here
  440 |     virtual void setRenderer(std::unique_ptr<OpenSWMM::Render::IFeatureRenderer>);
      |                  ^
In file included from /Users/calebbuahin/Documents/Projects/cbuahin_github/openswmm.gui/src/project/projectserializer.cpp:15:
/Users/calebbuahin/Documents/Projects/cbuahin_github/openswmm.gui/include/layers/swmm2dresultslayer.h:544:55: warning: 'renderer' overrides a member function but is not marked 'override' [-Winconsistent-missing-override]
  544 |     [[nodiscard]] OpenSWMM::Render::IFeatureRenderer *renderer() const;
      |                                                       ^
/Users/calebbuahin/Documents/Projects/cbuahin_github/openswmm.gui/include/layers/openswmmvislayer.h:434:63: note: overridden virtual function is here
  434 |     [[nodiscard]] virtual OpenSWMM::Render::IFeatureRenderer *renderer() const { return nullptr; }
      |                                                               ^
In file included from /Users/calebbuahin/Documents/Projects/cbuahin_github/openswmm.gui/src/project/projectserializer.cpp:15:
/Users/calebbuahin/Documents/Projects/cbuahin_github/openswmm.gui/include/layers/swmm2dresultslayer.h:552:10: warning: 'setRenderer' overrides a member function but is not marked 'override' [-Winconsistent-missing-override]
  552 |     void setRenderer(std::unique_ptr<OpenSWMM::Render::IFeatureRenderer> r);
      |          ^
/Users/calebbuahin/Documents/Projects/cbuahin_github/openswmm.gui/include/layers/openswmmvislayer.h:440:18: note: overridden virtual function is here
  440 |     virtual void setRenderer(std::unique_ptr<OpenSWMM::Render::IFeatureRenderer>);
      |                  ^
In file included from /Users/calebbuahin/Documents/Projects/cbuahin_github/openswmm.gui/src/project/projectserializer.cpp:17:
/Users/calebbuahin/Documents/Projects/cbuahin_github/openswmm.gui/include/layers/swmmresultslayer.h:408:55: warning: 'renderer' overrides a member function but is not marked 'override' [-Winconsistent-missing-override]
  408 |     [[nodiscard]] OpenSWMM::Render::IFeatureRenderer *renderer() const;
      |                                                       ^
/Users/calebbuahin/Documents/Projects/cbuahin_github/openswmm.gui/include/layers/openswmmvislayer.h:434:63: note: overridden virtual function is here
  434 |     [[nodiscard]] virtual OpenSWMM::Render::IFeatureRenderer *renderer() const { return nullptr; }
      |                                                               ^
In file included from /Users/calebbuahin/Documents/Projects/cbuahin_github/openswmm.gui/src/project/projectserializer.cpp:17:
/Users/calebbuahin/Documents/Projects/cbuahin_github/openswmm.gui/include/layers/swmmresultslayer.h:417:10: warning: 'setRenderer' overrides a member function but is not marked 'override' [-Winconsistent-missing-override]
  417 |     void setRenderer(std::unique_ptr<OpenSWMM::Render::IFeatureRenderer> r);
      |          ^
/Users/calebbuahin/Documents/Projects/cbuahin_github/openswmm.gui/include/layers/openswmmvislayer.h:440:18: note: overridden virtual function is here
  440 |     virtual void setRenderer(std::unique_ptr<OpenSWMM::Render::IFeatureRenderer>);
      |                  ^
6 warnings generated.
[293/375] Building CXX object tests/gui/CMakeFiles/test_raingagefilecolumn.dir/__/__/src/ui/dialogs/layerstyledialog.cpp.o
In file included from /Users/calebbuahin/Documents/Projects/cbuahin_github/openswmm.gui/src/ui/dialogs/layerstyledialog.cpp:24:
/Users/calebbuahin/Documents/Projects/cbuahin_github/openswmm.gui/include/layers/gisvectorlayer.h:270:55: warning: 'renderer' overrides a member function but is not marked 'override' [-Winconsistent-missing-override]
  270 |     [[nodiscard]] OpenSWMM::Render::IFeatureRenderer *renderer() const;
      |                                                       ^
/Users/calebbuahin/Documents/Projects/cbuahin_github/openswmm.gui/include/layers/openswmmvislayer.h:434:63: note: overridden virtual function is here
  434 |     [[nodiscard]] virtual OpenSWMM::Render::IFeatureRenderer *renderer() const { return nullptr; }
      |                                                               ^
In file included from /Users/calebbuahin/Documents/Projects/cbuahin_github/openswmm.gui/src/ui/dialogs/layerstyledialog.cpp:24:
/Users/calebbuahin/Documents/Projects/cbuahin_github/openswmm.gui/include/layers/gisvectorlayer.h:278:10: warning: 'setRenderer' overrides a member function but is not marked 'override' [-Winconsistent-missing-override]
  278 |     void setRenderer(std::unique_ptr<OpenSWMM::Render::IFeatureRenderer> r);
      |          ^
/Users/calebbuahin/Documents/Projects/cbuahin_github/openswmm.gui/include/layers/openswmmvislayer.h:440:18: note: overridden virtual function is here
  440 |     virtual void setRenderer(std::unique_ptr<OpenSWMM::Render::IFeatureRenderer>);
      |                  ^
In file included from /Users/calebbuahin/Documents/Projects/cbuahin_github/openswmm.gui/src/ui/dialogs/layerstyledialog.cpp:27:
/Users/calebbuahin/Documents/Projects/cbuahin_github/openswmm.gui/include/layers/swmmresultslayer.h:408:55: warning: 'renderer' overrides a member function but is not marked 'override' [-Winconsistent-missing-override]
  408 |     [[nodiscard]] OpenSWMM::Render::IFeatureRenderer *renderer() const;
      |                                                       ^
/Users/calebbuahin/Documents/Projects/cbuahin_github/openswmm.gui/include/layers/openswmmvislayer.h:434:63: note: overridden virtual function is here
  434 |     [[nodiscard]] virtual OpenSWMM::Render::IFeatureRenderer *renderer() const { return nullptr; }
      |                                                               ^
In file included from /Users/calebbuahin/Documents/Projects/cbuahin_github/openswmm.gui/src/ui/dialogs/layerstyledialog.cpp:27:
/Users/calebbuahin/Documents/Projects/cbuahin_github/openswmm.gui/include/layers/swmmresultslayer.h:417:10: warning: 'setRenderer' overrides a member function but is not marked 'override' [-Winconsistent-missing-override]
  417 |     void setRenderer(std::unique_ptr<OpenSWMM::Render::IFeatureRenderer> r);
      |          ^
/Users/calebbuahin/Documents/Projects/cbuahin_github/openswmm.gui/include/layers/openswmmvislayer.h:440:18: note: overridden virtual function is here
  440 |     virtual void setRenderer(std::unique_ptr<OpenSWMM::Render::IFeatureRenderer>);
      |                  ^
In file included from /Users/calebbuahin/Documents/Projects/cbuahin_github/openswmm.gui/src/ui/dialogs/layerstyledialog.cpp:28:
/Users/calebbuahin/Documents/Projects/cbuahin_github/openswmm.gui/include/layers/swmm2dresultslayer.h:544:55: warning: 'renderer' overrides a member function but is not marked 'override' [-Winconsistent-missing-override]
  544 |     [[nodiscard]] OpenSWMM::Render::IFeatureRenderer *renderer() const;
      |                                                       ^
/Users/calebbuahin/Documents/Projects/cbuahin_github/openswmm.gui/include/layers/openswmmvislayer.h:434:63: note: overridden virtual function is here
  434 |     [[nodiscard]] virtual OpenSWMM::Render::IFeatureRenderer *renderer() const { return nullptr; }
      |                                                               ^
In file included from /Users/calebbuahin/Documents/Projects/cbuahin_github/openswmm.gui/src/ui/dialogs/layerstyledialog.cpp:28:
/Users/calebbuahin/Documents/Projects/cbuahin_github/openswmm.gui/include/layers/swmm2dresultslayer.h:552:10: warning: 'setRenderer' overrides a member function but is not marked 'override' [-Winconsistent-missing-override]
  552 |     void setRenderer(std::unique_ptr<OpenSWMM::Render::IFeatureRenderer> r);
      |          ^
/Users/calebbuahin/Documents/Projects/cbuahin_github/openswmm.gui/include/layers/openswmmvislayer.h:440:18: note: overridden virtual function is here
  440 |     virtual void setRenderer(std::unique_ptr<OpenSWMM::Render::IFeatureRenderer>);
      |                  ^
6 warnings generated.
[294/375] Building CXX object tests/gui/CMakeFiles/test_render_invalidation.dir/__/__/src/swmmvis.cpp.o
In file included from /Users/calebbuahin/Documents/Projects/cbuahin_github/openswmm.gui/src/swmmvis.cpp:76:
In file included from /Users/calebbuahin/Documents/Projects/cbuahin_github/openswmm.gui/include/ui/dialogs/sublayerselectiondialog.h:19:
/Users/calebbuahin/Documents/Projects/cbuahin_github/openswmm.gui/include/layers/gisvectorlayer.h:270:55: warning: 'renderer' overrides a member function but is not marked 'override' [-Winconsistent-missing-override]
  270 |     [[nodiscard]] OpenSWMM::Render::IFeatureRenderer *renderer() const;
      |                                                       ^
/Users/calebbuahin/Documents/Projects/cbuahin_github/openswmm.gui/include/layers/openswmmvislayer.h:434:63: note: overridden virtual function is here
  434 |     [[nodiscard]] virtual OpenSWMM::Render::IFeatureRenderer *renderer() const { return nullptr; }
      |                                                               ^
In file included from /Users/calebbuahin/Documents/Projects/cbuahin_github/openswmm.gui/src/swmmvis.cpp:76:
In file included from /Users/calebbuahin/Documents/Projects/cbuahin_github/openswmm.gui/include/ui/dialogs/sublayerselectiondialog.h:19:
/Users/calebbuahin/Documents/Projects/cbuahin_github/openswmm.gui/include/layers/gisvectorlayer.h:278:10: warning: 'setRenderer' overrides a member function but is not marked 'override' [-Winconsistent-missing-override]
  278 |     void setRenderer(std::unique_ptr<OpenSWMM::Render::IFeatureRenderer> r);
      |          ^
/Users/calebbuahin/Documents/Projects/cbuahin_github/openswmm.gui/include/layers/openswmmvislayer.h:440:18: note: overridden virtual function is here
  440 |     virtual void setRenderer(std::unique_ptr<OpenSWMM::Render::IFeatureRenderer>);
      |                  ^
In file included from /Users/calebbuahin/Documents/Projects/cbuahin_github/openswmm.gui/src/swmmvis.cpp:89:
/Users/calebbuahin/Documents/Projects/cbuahin_github/openswmm.gui/include/core/swmmdatetime.h:61:12: warning: 'QDateTime' is deprecated: Pass QTimeZone instead [-Wdeprecated-declarations]
   61 |     return QDateTime(date, QTime(h, mi, s), Qt::UTC);
      |            ^
/Users/calebbuahin/Qt/6.9.3/macos/lib/QtCore.framework/Headers/qdatetime.h:361:5: note: 'QDateTime' has been explicitly marked deprecated here
  361 |     QT_DEPRECATED_VERSION_X_6_9("Pass QTimeZone instead")
      |     ^
/Users/calebbuahin/Qt/6.9.3/macos/lib/QtCore.framework/Headers/qtdeprecationmarkers.h:213:44: note: expanded from macro 'QT_DEPRECATED_VERSION_X_6_9'
  213 | # define QT_DEPRECATED_VERSION_X_6_9(text) QT_DEPRECATED_X(text)
      |                                            ^
/Users/calebbuahin/Qt/6.9.3/macos/lib/QtCore.framework/Headers/qtdeprecationmarkers.h:29:33: note: expanded from macro 'QT_DEPRECATED_X'
   29 | #  define QT_DEPRECATED_X(text) Q_DECL_DEPRECATED_X(text)
      |                                 ^
/Users/calebbuahin/Qt/6.9.3/macos/lib/QtCore.framework/Headers/qcompilerdetection.h:1011:36: note: expanded from macro 'Q_DECL_DEPRECATED_X'
 1011 | #  define Q_DECL_DEPRECATED_X(x) [[deprecated(x)]]
      |                                    ^
In file included from /Users/calebbuahin/Documents/Projects/cbuahin_github/openswmm.gui/src/swmmvis.cpp:89:
/Users/calebbuahin/Documents/Projects/cbuahin_github/openswmm.gui/include/core/swmmdatetime.h:61:12: warning: 'QDateTime' is deprecated: Pass QTimeZone instead [-Wdeprecated-declarations]
   61 |     return QDateTime(date, QTime(h, mi, s), Qt::UTC);
      |            ^
/Users/calebbuahin/Qt/6.9.3/macos/lib/QtCore.framework/Headers/qdatetime.h:361:5: note: 'QDateTime' has been explicitly marked deprecated here
  361 |     QT_DEPRECATED_VERSION_X_6_9("Pass QTimeZone instead")
      |     ^
/Users/calebbuahin/Qt/6.9.3/macos/lib/QtCore.framework/Headers/qtdeprecationmarkers.h:213:44: note: expanded from macro 'QT_DEPRECATED_VERSION_X_6_9'
  213 | # define QT_DEPRECATED_VERSION_X_6_9(text) QT_DEPRECATED_X(text)
      |                                            ^
/Users/calebbuahin/Qt/6.9.3/macos/lib/QtCore.framework/Headers/qtdeprecationmarkers.h:29:33: note: expanded from macro 'QT_DEPRECATED_X'
   29 | #  define QT_DEPRECATED_X(text) Q_DECL_DEPRECATED_X(text)
      |                                 ^
/Users/calebbuahin/Qt/6.9.3/macos/lib/QtCore.framework/Headers/qcompilerdetection.h:1011:36: note: expanded from macro 'Q_DECL_DEPRECATED_X'
 1011 | #  define Q_DECL_DEPRECATED_X(x) [[deprecated(x)]]
      |                                    ^
In file included from /Users/calebbuahin/Documents/Projects/cbuahin_github/openswmm.gui/src/swmmvis.cpp:136:
/Users/calebbuahin/Documents/Projects/cbuahin_github/openswmm.gui/include/layers/swmmresultslayer.h:408:55: warning: 'renderer' overrides a member function but is not marked 'override' [-Winconsistent-missing-override]
  408 |     [[nodiscard]] OpenSWMM::Render::IFeatureRenderer *renderer() const;
      |                                                       ^
/Users/calebbuahin/Documents/Projects/cbuahin_github/openswmm.gui/include/layers/openswmmvislayer.h:434:63: note: overridden virtual function is here
  434 |     [[nodiscard]] virtual OpenSWMM::Render::IFeatureRenderer *renderer() const { return nullptr; }
      |                                                               ^
In file included from /Users/calebbuahin/Documents/Projects/cbuahin_github/openswmm.gui/src/swmmvis.cpp:136:
/Users/calebbuahin/Documents/Projects/cbuahin_github/openswmm.gui/include/layers/swmmresultslayer.h:417:10: warning: 'setRenderer' overrides a member function but is not marked 'override' [-Winconsistent-missing-override]
  417 |     void setRenderer(std::unique_ptr<OpenSWMM::Render::IFeatureRenderer> r);
      |          ^
/Users/calebbuahin/Documents/Projects/cbuahin_github/openswmm.gui/include/layers/openswmmvislayer.h:440:18: note: overridden virtual function is here
  440 |     virtual void setRenderer(std::unique_ptr<OpenSWMM::Render::IFeatureRenderer>);
      |                  ^
In file included from /Users/calebbuahin/Documents/Projects/cbuahin_github/openswmm.gui/src/swmmvis.cpp:194:
/Users/calebbuahin/Documents/Projects/cbuahin_github/openswmm.gui/include/layers/swmm2dresultslayer.h:544:55: warning: 'renderer' overrides a member function but is not marked 'override' [-Winconsistent-missing-override]
  544 |     [[nodiscard]] OpenSWMM::Render::IFeatureRenderer *renderer() const;
      |                                                       ^
/Users/calebbuahin/Documents/Projects/cbuahin_github/openswmm.gui/include/layers/openswmmvislayer.h:434:63: note: overridden virtual function is here
  434 |     [[nodiscard]] virtual OpenSWMM::Render::IFeatureRenderer *renderer() const { return nullptr; }
      |                                                               ^
In file included from /Users/calebbuahin/Documents/Projects/cbuahin_github/openswmm.gui/src/swmmvis.cpp:194:
/Users/calebbuahin/Documents/Projects/cbuahin_github/openswmm.gui/include/layers/swmm2dresultslayer.h:552:10: warning: 'setRenderer' overrides a member function but is not marked 'override' [-Winconsistent-missing-override]
  552 |     void setRenderer(std::unique_ptr<OpenSWMM::Render::IFeatureRenderer> r);
      |          ^
/Users/calebbuahin/Documents/Projects/cbuahin_github/openswmm.gui/include/layers/openswmmvislayer.h:440:18: note: overridden virtual function is here
  440 |     virtual void setRenderer(std::unique_ptr<OpenSWMM::Render::IFeatureRenderer>);
      |                  ^
8 warnings generated.
[295/375] Building CXX object tests/gui/CMakeFiles/test_raingagefilecolumn.dir/__/__/src/ui/dialogs/addbasemapdialog.cpp.o
In file included from /Users/calebbuahin/Documents/Projects/cbuahin_github/openswmm.gui/src/ui/dialogs/addbasemapdialog.cpp:26:
In file included from /Users/calebbuahin/Documents/Projects/cbuahin_github/openswmm.gui/include/layers/wfslayer.h:27:
/Users/calebbuahin/Documents/Projects/cbuahin_github/openswmm.gui/include/layers/gisvectorlayer.h:270:55: warning: 'renderer' overrides a member function but is not marked 'override' [-Winconsistent-missing-override]
  270 |     [[nodiscard]] OpenSWMM::Render::IFeatureRenderer *renderer() const;
      |                                                       ^
/Users/calebbuahin/Documents/Projects/cbuahin_github/openswmm.gui/include/layers/openswmmvislayer.h:434:63: note: overridden virtual function is here
  434 |     [[nodiscard]] virtual OpenSWMM::Render::IFeatureRenderer *renderer() const { return nullptr; }
      |                                                               ^
In file included from /Users/calebbuahin/Documents/Projects/cbuahin_github/openswmm.gui/src/ui/dialogs/addbasemapdialog.cpp:26:
In file included from /Users/calebbuahin/Documents/Projects/cbuahin_github/openswmm.gui/include/layers/wfslayer.h:27:
/Users/calebbuahin/Documents/Projects/cbuahin_github/openswmm.gui/include/layers/gisvectorlayer.h:278:10: warning: 'setRenderer' overrides a member function but is not marked 'override' [-Winconsistent-missing-override]
  278 |     void setRenderer(std::unique_ptr<OpenSWMM::Render::IFeatureRenderer> r);
      |          ^
/Users/calebbuahin/Documents/Projects/cbuahin_github/openswmm.gui/include/layers/openswmmvislayer.h:440:18: note: overridden virtual function is here
  440 |     virtual void setRenderer(std::unique_ptr<OpenSWMM::Render::IFeatureRenderer>);
      |                  ^
2 warnings generated.
[296/375] Building CXX object tests/gui/CMakeFiles/test_raingagefilecolumn.dir/__/__/src/ui/widgets/basemaphttpheaderswidget.cpp.o
[297/375] Building CXX object tests/gui/CMakeFiles/test_meshattributetable.dir/test_meshattributetable_autogen/mocs_compilation.cpp.o
In file included from /Users/calebbuahin/Documents/Projects/cbuahin_github/openswmm.gui/build/tests/gui/test_meshattributetable_autogen/mocs_compilation.cpp:2:
In file included from /Users/calebbuahin/Documents/Projects/cbuahin_github/openswmm.gui/build/tests/gui/test_meshattributetable_autogen/MAYCBHTXLP/moc_animationcontroller.cpp:9:
In file included from /Users/calebbuahin/Documents/Projects/cbuahin_github/openswmm.gui/build/tests/gui/test_meshattributetable_autogen/MAYCBHTXLP/../../../../../include/animation/animationcontroller.h:33:
/Users/calebbuahin/Documents/Projects/cbuahin_github/openswmm.gui/include/layers/swmm2dresultslayer.h:544:55: warning: 'renderer' overrides a member function but is not marked 'override' [-Winconsistent-missing-override]
  544 |     [[nodiscard]] OpenSWMM::Render::IFeatureRenderer *renderer() const;
      |                                                       ^
/Users/calebbuahin/Documents/Projects/cbuahin_github/openswmm.gui/include/layers/openswmmvislayer.h:434:63: note: overridden virtual function is here
  434 |     [[nodiscard]] virtual OpenSWMM::Render::IFeatureRenderer *renderer() const { return nullptr; }
      |                                                               ^
In file included from /Users/calebbuahin/Documents/Projects/cbuahin_github/openswmm.gui/build/tests/gui/test_meshattributetable_autogen/mocs_compilation.cpp:2:
In file included from /Users/calebbuahin/Documents/Projects/cbuahin_github/openswmm.gui/build/tests/gui/test_meshattributetable_autogen/MAYCBHTXLP/moc_animationcontroller.cpp:9:
In file included from /Users/calebbuahin/Documents/Projects/cbuahin_github/openswmm.gui/build/tests/gui/test_meshattributetable_autogen/MAYCBHTXLP/../../../../../include/animation/animationcontroller.h:33:
/Users/calebbuahin/Documents/Projects/cbuahin_github/openswmm.gui/include/layers/swmm2dresultslayer.h:552:10: warning: 'setRenderer' overrides a member function but is not marked 'override' [-Winconsistent-missing-override]
  552 |     void setRenderer(std::unique_ptr<OpenSWMM::Render::IFeatureRenderer> r);
      |          ^
/Users/calebbuahin/Documents/Projects/cbuahin_github/openswmm.gui/include/layers/openswmmvislayer.h:440:18: note: overridden virtual function is here
  440 |     virtual void setRenderer(std::unique_ptr<OpenSWMM::Render::IFeatureRenderer>);
      |                  ^
In file included from /Users/calebbuahin/Documents/Projects/cbuahin_github/openswmm.gui/build/tests/gui/test_meshattributetable_autogen/mocs_compilation.cpp:28:
In file included from /Users/calebbuahin/Documents/Projects/cbuahin_github/openswmm.gui/build/tests/gui/test_meshattributetable_autogen/COIIM6MLNP/moc_gisvectorlayer.cpp:9:
/Users/calebbuahin/Documents/Projects/cbuahin_github/openswmm.gui/build/tests/gui/test_meshattributetable_autogen/COIIM6MLNP/../../../../../include/layers/gisvectorlayer.h:270:55: warning: 'renderer' overrides a member function but is not marked 'override' [-Winconsistent-missing-override]
  270 |     [[nodiscard]] OpenSWMM::Render::IFeatureRenderer *renderer() const;
      |                                                       ^
/Users/calebbuahin/Documents/Projects/cbuahin_github/openswmm.gui/include/layers/openswmmvislayer.h:434:63: note: overridden virtual function is here
  434 |     [[nodiscard]] virtual OpenSWMM::Render::IFeatureRenderer *renderer() const { return nullptr; }
      |                                                               ^
In file included from /Users/calebbuahin/Documents/Projects/cbuahin_github/openswmm.gui/build/tests/gui/test_meshattributetable_autogen/mocs_compilation.cpp:28:
In file included from /Users/calebbuahin/Documents/Projects/cbuahin_github/openswmm.gui/build/tests/gui/test_meshattributetable_autogen/COIIM6MLNP/moc_gisvectorlayer.cpp:9:
/Users/calebbuahin/Documents/Projects/cbuahin_github/openswmm.gui/build/tests/gui/test_meshattributetable_autogen/COIIM6MLNP/../../../../../include/layers/gisvectorlayer.h:278:10: warning: 'setRenderer' overrides a member function but is not marked 'override' [-Winconsistent-missing-override]
  278 |     void setRenderer(std::unique_ptr<OpenSWMM::Render::IFeatureRenderer> r);
      |          ^
/Users/calebbuahin/Documents/Projects/cbuahin_github/openswmm.gui/include/layers/openswmmvislayer.h:440:18: note: overridden virtual function is here
  440 |     virtual void setRenderer(std::unique_ptr<OpenSWMM::Render::IFeatureRenderer>);
      |                  ^
In file included from /Users/calebbuahin/Documents/Projects/cbuahin_github/openswmm.gui/build/tests/gui/test_meshattributetable_autogen/mocs_compilation.cpp:36:
In file included from /Users/calebbuahin/Documents/Projects/cbuahin_github/openswmm.gui/build/tests/gui/test_meshattributetable_autogen/COIIM6MLNP/moc_swmmresultslayer.cpp:9:
/Users/calebbuahin/Documents/Projects/cbuahin_github/openswmm.gui/build/tests/gui/test_meshattributetable_autogen/COIIM6MLNP/../../../../../include/layers/swmmresultslayer.h:408:55: warning: 'renderer' overrides a member function but is not marked 'override' [-Winconsistent-missing-override]
  408 |     [[nodiscard]] OpenSWMM::Render::IFeatureRenderer *renderer() const;
      |                                                       ^
/Users/calebbuahin/Documents/Projects/cbuahin_github/openswmm.gui/include/layers/openswmmvislayer.h:434:63: note: overridden virtual function is here
  434 |     [[nodiscard]] virtual OpenSWMM::Render::IFeatureRenderer *renderer() const { return nullptr; }
      |                                                               ^
In file included from /Users/calebbuahin/Documents/Projects/cbuahin_github/openswmm.gui/build/tests/gui/test_meshattributetable_autogen/mocs_compilation.cpp:36:
In file included from /Users/calebbuahin/Documents/Projects/cbuahin_github/openswmm.gui/build/tests/gui/test_meshattributetable_autogen/COIIM6MLNP/moc_swmmresultslayer.cpp:9:
/Users/calebbuahin/Documents/Projects/cbuahin_github/openswmm.gui/build/tests/gui/test_meshattributetable_autogen/COIIM6MLNP/../../../../../include/layers/swmmresultslayer.h:417:10: warning: 'setRenderer' overrides a member function but is not marked 'override' [-Winconsistent-missing-override]
  417 |     void setRenderer(std::unique_ptr<OpenSWMM::Render::IFeatureRenderer> r);
      |          ^
/Users/calebbuahin/Documents/Projects/cbuahin_github/openswmm.gui/include/layers/openswmmvislayer.h:440:18: note: overridden virtual function is here
  440 |     virtual void setRenderer(std::unique_ptr<OpenSWMM::Render::IFeatureRenderer>);
      |                  ^
6 warnings generated.
[298/375] Building CXX object tests/gui/CMakeFiles/test_selectionops.dir/__/__/src/connections/basemapconnectionstore.cpp.o
[299/375] Building CXX object tests/gui/CMakeFiles/test_selectionops.dir/__/__/src/layers/xyztilelayer.cpp.o
[300/375] Building CXX object tests/gui/CMakeFiles/test_selectionops.dir/__/__/src/map/mapcanvas.cpp.o
In file included from /Users/calebbuahin/Documents/Projects/cbuahin_github/openswmm.gui/src/map/mapcanvas.cpp:20:
/Users/calebbuahin/Documents/Projects/cbuahin_github/openswmm.gui/include/layers/gisvectorlayer.h:270:55: warning: 'renderer' overrides a member function but is not marked 'override' [-Winconsistent-missing-override]
  270 |     [[nodiscard]] OpenSWMM::Render::IFeatureRenderer *renderer() const;
      |                                                       ^
/Users/calebbuahin/Documents/Projects/cbuahin_github/openswmm.gui/include/layers/openswmmvislayer.h:434:63: note: overridden virtual function is here
  434 |     [[nodiscard]] virtual OpenSWMM::Render::IFeatureRenderer *renderer() const { return nullptr; }
      |                                                               ^
In file included from /Users/calebbuahin/Documents/Projects/cbuahin_github/openswmm.gui/src/map/mapcanvas.cpp:20:
/Users/calebbuahin/Documents/Projects/cbuahin_github/openswmm.gui/include/layers/gisvectorlayer.h:278:10: warning: 'setRenderer' overrides a member function but is not marked 'override' [-Winconsistent-missing-override]
  278 |     void setRenderer(std::unique_ptr<OpenSWMM::Render::IFeatureRenderer> r);
      |          ^
/Users/calebbuahin/Documents/Projects/cbuahin_github/openswmm.gui/include/layers/openswmmvislayer.h:440:18: note: overridden virtual function is here
  440 |     virtual void setRenderer(std::unique_ptr<OpenSWMM::Render::IFeatureRenderer>);
      |                  ^
In file included from /Users/calebbuahin/Documents/Projects/cbuahin_github/openswmm.gui/src/map/mapcanvas.cpp:31:
/Users/calebbuahin/Documents/Projects/cbuahin_github/openswmm.gui/include/layers/swmm2dresultslayer.h:544:55: warning: 'renderer' overrides a member function but is not marked 'override' [-Winconsistent-missing-override]
  544 |     [[nodiscard]] OpenSWMM::Render::IFeatureRenderer *renderer() const;
      |                                                       ^
/Users/calebbuahin/Documents/Projects/cbuahin_github/openswmm.gui/include/layers/openswmmvislayer.h:434:63: note: overridden virtual function is here
  434 |     [[nodiscard]] virtual OpenSWMM::Render::IFeatureRenderer *renderer() const { return nullptr; }
      |                                                               ^
In file included from /Users/calebbuahin/Documents/Projects/cbuahin_github/openswmm.gui/src/map/mapcanvas.cpp:31:
/Users/calebbuahin/Documents/Projects/cbuahin_github/openswmm.gui/include/layers/swmm2dresultslayer.h:552:10: warning: 'setRenderer' overrides a member function but is not marked 'override' [-Winconsistent-missing-override]
  552 |     void setRenderer(std::unique_ptr<OpenSWMM::Render::IFeatureRenderer> r);
      |          ^
/Users/calebbuahin/Documents/Projects/cbuahin_github/openswmm.gui/include/layers/openswmmvislayer.h:440:18: note: overridden virtual function is here
  440 |     virtual void setRenderer(std::unique_ptr<OpenSWMM::Render::IFeatureRenderer>);
      |                  ^
4 warnings generated.
[301/375] Building CXX object tests/gui/CMakeFiles/test_selectionops.dir/__/__/src/project/projectserializer.cpp.o
In file included from /Users/calebbuahin/Documents/Projects/cbuahin_github/openswmm.gui/src/project/projectserializer.cpp:12:
/Users/calebbuahin/Documents/Projects/cbuahin_github/openswmm.gui/include/layers/gisvectorlayer.h:270:55: warning: 'renderer' overrides a member function but is not marked 'override' [-Winconsistent-missing-override]
  270 |     [[nodiscard]] OpenSWMM::Render::IFeatureRenderer *renderer() const;
      |                                                       ^
/Users/calebbuahin/Documents/Projects/cbuahin_github/openswmm.gui/include/layers/openswmmvislayer.h:434:63: note: overridden virtual function is here
  434 |     [[nodiscard]] virtual OpenSWMM::Render::IFeatureRenderer *renderer() const { return nullptr; }
      |                                                               ^
In file included from /Users/calebbuahin/Documents/Projects/cbuahin_github/openswmm.gui/src/project/projectserializer.cpp:12:
/Users/calebbuahin/Documents/Projects/cbuahin_github/openswmm.gui/include/layers/gisvectorlayer.h:278:10: warning: 'setRenderer' overrides a member function but is not marked 'override' [-Winconsistent-missing-override]
  278 |     void setRenderer(std::unique_ptr<OpenSWMM::Render::IFeatureRenderer> r);
      |          ^
/Users/calebbuahin/Documents/Projects/cbuahin_github/openswmm.gui/include/layers/openswmmvislayer.h:440:18: note: overridden virtual function is here
  440 |     virtual void setRenderer(std::unique_ptr<OpenSWMM::Render::IFeatureRenderer>);
      |                  ^
In file included from /Users/calebbuahin/Documents/Projects/cbuahin_github/openswmm.gui/src/project/projectserializer.cpp:15:
/Users/calebbuahin/Documents/Projects/cbuahin_github/openswmm.gui/include/layers/swmm2dresultslayer.h:544:55: warning: 'renderer' overrides a member function but is not marked 'override' [-Winconsistent-missing-override]
  544 |     [[nodiscard]] OpenSWMM::Render::IFeatureRenderer *renderer() const;
      |                                                       ^
/Users/calebbuahin/Documents/Projects/cbuahin_github/openswmm.gui/include/layers/openswmmvislayer.h:434:63: note: overridden virtual function is here
  434 |     [[nodiscard]] virtual OpenSWMM::Render::IFeatureRenderer *renderer() const { return nullptr; }
      |                                                               ^
In file included from /Users/calebbuahin/Documents/Projects/cbuahin_github/openswmm.gui/src/project/projectserializer.cpp:15:
/Users/calebbuahin/Documents/Projects/cbuahin_github/openswmm.gui/include/layers/swmm2dresultslayer.h:552:10: warning: 'setRenderer' overrides a member function but is not marked 'override' [-Winconsistent-missing-override]
  552 |     void setRenderer(std::unique_ptr<OpenSWMM::Render::IFeatureRenderer> r);
      |          ^
/Users/calebbuahin/Documents/Projects/cbuahin_github/openswmm.gui/include/layers/openswmmvislayer.h:440:18: note: overridden virtual function is here
  440 |     virtual void setRenderer(std::unique_ptr<OpenSWMM::Render::IFeatureRenderer>);
      |                  ^
In file included from /Users/calebbuahin/Documents/Projects/cbuahin_github/openswmm.gui/src/project/projectserializer.cpp:17:
/Users/calebbuahin/Documents/Projects/cbuahin_github/openswmm.gui/include/layers/swmmresultslayer.h:408:55: warning: 'renderer' overrides a member function but is not marked 'override' [-Winconsistent-missing-override]
  408 |     [[nodiscard]] OpenSWMM::Render::IFeatureRenderer *renderer() const;
      |                                                       ^
/Users/calebbuahin/Documents/Projects/cbuahin_github/openswmm.gui/include/layers/openswmmvislayer.h:434:63: note: overridden virtual function is here
  434 |     [[nodiscard]] virtual OpenSWMM::Render::IFeatureRenderer *renderer() const { return nullptr; }
      |                                                               ^
In file included from /Users/calebbuahin/Documents/Projects/cbuahin_github/openswmm.gui/src/project/projectserializer.cpp:17:
/Users/calebbuahin/Documents/Projects/cbuahin_github/openswmm.gui/include/layers/swmmresultslayer.h:417:10: warning: 'setRenderer' overrides a member function but is not marked 'override' [-Winconsistent-missing-override]
  417 |     void setRenderer(std::unique_ptr<OpenSWMM::Render::IFeatureRenderer> r);
      |          ^
/Users/calebbuahin/Documents/Projects/cbuahin_github/openswmm.gui/include/layers/openswmmvislayer.h:440:18: note: overridden virtual function is here
  440 |     virtual void setRenderer(std::unique_ptr<OpenSWMM::Render::IFeatureRenderer>);
      |                  ^
6 warnings generated.
[302/375] Building CXX object tests/gui/CMakeFiles/test_selectionops.dir/__/__/src/ui/dialogs/layerstyledialog.cpp.o
In file included from /Users/calebbuahin/Documents/Projects/cbuahin_github/openswmm.gui/src/ui/dialogs/layerstyledialog.cpp:24:
/Users/calebbuahin/Documents/Projects/cbuahin_github/openswmm.gui/include/layers/gisvectorlayer.h:270:55: warning: 'renderer' overrides a member function but is not marked 'override' [-Winconsistent-missing-override]
  270 |     [[nodiscard]] OpenSWMM::Render::IFeatureRenderer *renderer() const;
      |                                                       ^
/Users/calebbuahin/Documents/Projects/cbuahin_github/openswmm.gui/include/layers/openswmmvislayer.h:434:63: note: overridden virtual function is here
  434 |     [[nodiscard]] virtual OpenSWMM::Render::IFeatureRenderer *renderer() const { return nullptr; }
      |                                                               ^
In file included from /Users/calebbuahin/Documents/Projects/cbuahin_github/openswmm.gui/src/ui/dialogs/layerstyledialog.cpp:24:
/Users/calebbuahin/Documents/Projects/cbuahin_github/openswmm.gui/include/layers/gisvectorlayer.h:278:10: warning: 'setRenderer' overrides a member function but is not marked 'override' [-Winconsistent-missing-override]
  278 |     void setRenderer(std::unique_ptr<OpenSWMM::Render::IFeatureRenderer> r);
      |          ^
/Users/calebbuahin/Documents/Projects/cbuahin_github/openswmm.gui/include/layers/openswmmvislayer.h:440:18: note: overridden virtual function is here
  440 |     virtual void setRenderer(std::unique_ptr<OpenSWMM::Render::IFeatureRenderer>);
      |                  ^
In file included from /Users/calebbuahin/Documents/Projects/cbuahin_github/openswmm.gui/src/ui/dialogs/layerstyledialog.cpp:27:
/Users/calebbuahin/Documents/Projects/cbuahin_github/openswmm.gui/include/layers/swmmresultslayer.h:408:55: warning: 'renderer' overrides a member function but is not marked 'override' [-Winconsistent-missing-override]
  408 |     [[nodiscard]] OpenSWMM::Render::IFeatureRenderer *renderer() const;
      |                                                       ^
/Users/calebbuahin/Documents/Projects/cbuahin_github/openswmm.gui/include/layers/openswmmvislayer.h:434:63: note: overridden virtual function is here
  434 |     [[nodiscard]] virtual OpenSWMM::Render::IFeatureRenderer *renderer() const { return nullptr; }
      |                                                               ^
In file included from /Users/calebbuahin/Documents/Projects/cbuahin_github/openswmm.gui/src/ui/dialogs/layerstyledialog.cpp:27:
/Users/calebbuahin/Documents/Projects/cbuahin_github/openswmm.gui/include/layers/swmmresultslayer.h:417:10: warning: 'setRenderer' overrides a member function but is not marked 'override' [-Winconsistent-missing-override]
  417 |     void setRenderer(std::unique_ptr<OpenSWMM::Render::IFeatureRenderer> r);
      |          ^
/Users/calebbuahin/Documents/Projects/cbuahin_github/openswmm.gui/include/layers/openswmmvislayer.h:440:18: note: overridden virtual function is here
  440 |     virtual void setRenderer(std::unique_ptr<OpenSWMM::Render::IFeatureRenderer>);
      |                  ^
In file included from /Users/calebbuahin/Documents/Projects/cbuahin_github/openswmm.gui/src/ui/dialogs/layerstyledialog.cpp:28:
/Users/calebbuahin/Documents/Projects/cbuahin_github/openswmm.gui/include/layers/swmm2dresultslayer.h:544:55: warning: 'renderer' overrides a member function but is not marked 'override' [-Winconsistent-missing-override]
  544 |     [[nodiscard]] OpenSWMM::Render::IFeatureRenderer *renderer() const;
      |                                                       ^
/Users/calebbuahin/Documents/Projects/cbuahin_github/openswmm.gui/include/layers/openswmmvislayer.h:434:63: note: overridden virtual function is here
  434 |     [[nodiscard]] virtual OpenSWMM::Render::IFeatureRenderer *renderer() const { return nullptr; }
      |                                                               ^
In file included from /Users/calebbuahin/Documents/Projects/cbuahin_github/openswmm.gui/src/ui/dialogs/layerstyledialog.cpp:28:
/Users/calebbuahin/Documents/Projects/cbuahin_github/openswmm.gui/include/layers/swmm2dresultslayer.h:552:10: warning: 'setRenderer' overrides a member function but is not marked 'override' [-Winconsistent-missing-override]
  552 |     void setRenderer(std::unique_ptr<OpenSWMM::Render::IFeatureRenderer> r);
      |          ^
/Users/calebbuahin/Documents/Projects/cbuahin_github/openswmm.gui/include/layers/openswmmvislayer.h:440:18: note: overridden virtual function is here
  440 |     virtual void setRenderer(std::unique_ptr<OpenSWMM::Render::IFeatureRenderer>);
      |                  ^
6 warnings generated.
[303/375] Building CXX object tests/gui/CMakeFiles/test_selectionops.dir/__/__/src/ui/dialogs/addbasemapdialog.cpp.o
In file included from /Users/calebbuahin/Documents/Projects/cbuahin_github/openswmm.gui/src/ui/dialogs/addbasemapdialog.cpp:26:
In file included from /Users/calebbuahin/Documents/Projects/cbuahin_github/openswmm.gui/include/layers/wfslayer.h:27:
/Users/calebbuahin/Documents/Projects/cbuahin_github/openswmm.gui/include/layers/gisvectorlayer.h:270:55: warning: 'renderer' overrides a member function but is not marked 'override' [-Winconsistent-missing-override]
  270 |     [[nodiscard]] OpenSWMM::Render::IFeatureRenderer *renderer() const;
      |                                                       ^
/Users/calebbuahin/Documents/Projects/cbuahin_github/openswmm.gui/include/layers/openswmmvislayer.h:434:63: note: overridden virtual function is here
  434 |     [[nodiscard]] virtual OpenSWMM::Render::IFeatureRenderer *renderer() const { return nullptr; }
      |                                                               ^
In file included from /Users/calebbuahin/Documents/Projects/cbuahin_github/openswmm.gui/src/ui/dialogs/addbasemapdialog.cpp:26:
In file included from /Users/calebbuahin/Documents/Projects/cbuahin_github/openswmm.gui/include/layers/wfslayer.h:27:
/Users/calebbuahin/Documents/Projects/cbuahin_github/openswmm.gui/include/layers/gisvectorlayer.h:278:10: warning: 'setRenderer' overrides a member function but is not marked 'override' [-Winconsistent-missing-override]
  278 |     void setRenderer(std::unique_ptr<OpenSWMM::Render::IFeatureRenderer> r);
      |          ^
/Users/calebbuahin/Documents/Projects/cbuahin_github/openswmm.gui/include/layers/openswmmvislayer.h:440:18: note: overridden virtual function is here
  440 |     virtual void setRenderer(std::unique_ptr<OpenSWMM::Render::IFeatureRenderer>);
      |                  ^
2 warnings generated.
[304/375] Building CXX object tests/gui/CMakeFiles/test_selectionops.dir/__/__/src/ui/widgets/basemaphttpheaderswidget.cpp.o
[305/375] Building CXX object tests/gui/CMakeFiles/test_attributetableschema.dir/__/__/src/swmmvis.cpp.o
In file included from /Users/calebbuahin/Documents/Projects/cbuahin_github/openswmm.gui/src/swmmvis.cpp:76:
In file included from /Users/calebbuahin/Documents/Projects/cbuahin_github/openswmm.gui/include/ui/dialogs/sublayerselectiondialog.h:19:
/Users/calebbuahin/Documents/Projects/cbuahin_github/openswmm.gui/include/layers/gisvectorlayer.h:270:55: warning: 'renderer' overrides a member function but is not marked 'override' [-Winconsistent-missing-override]
  270 |     [[nodiscard]] OpenSWMM::Render::IFeatureRenderer *renderer() const;
      |                                                       ^
/Users/calebbuahin/Documents/Projects/cbuahin_github/openswmm.gui/include/layers/openswmmvislayer.h:434:63: note: overridden virtual function is here
  434 |     [[nodiscard]] virtual OpenSWMM::Render::IFeatureRenderer *renderer() const { return nullptr; }
      |                                                               ^
In file included from /Users/calebbuahin/Documents/Projects/cbuahin_github/openswmm.gui/src/swmmvis.cpp:76:
In file included from /Users/calebbuahin/Documents/Projects/cbuahin_github/openswmm.gui/include/ui/dialogs/sublayerselectiondialog.h:19:
/Users/calebbuahin/Documents/Projects/cbuahin_github/openswmm.gui/include/layers/gisvectorlayer.h:278:10: warning: 'setRenderer' overrides a member function but is not marked 'override' [-Winconsistent-missing-override]
  278 |     void setRenderer(std::unique_ptr<OpenSWMM::Render::IFeatureRenderer> r);
      |          ^
/Users/calebbuahin/Documents/Projects/cbuahin_github/openswmm.gui/include/layers/openswmmvislayer.h:440:18: note: overridden virtual function is here
  440 |     virtual void setRenderer(std::unique_ptr<OpenSWMM::Render::IFeatureRenderer>);
      |                  ^
In file included from /Users/calebbuahin/Documents/Projects/cbuahin_github/openswmm.gui/src/swmmvis.cpp:89:
/Users/calebbuahin/Documents/Projects/cbuahin_github/openswmm.gui/include/core/swmmdatetime.h:61:12: warning: 'QDateTime' is deprecated: Pass QTimeZone instead [-Wdeprecated-declarations]
   61 |     return QDateTime(date, QTime(h, mi, s), Qt::UTC);
      |            ^
/Users/calebbuahin/Qt/6.9.3/macos/lib/QtCore.framework/Headers/qdatetime.h:361:5: note: 'QDateTime' has been explicitly marked deprecated here
  361 |     QT_DEPRECATED_VERSION_X_6_9("Pass QTimeZone instead")
      |     ^
/Users/calebbuahin/Qt/6.9.3/macos/lib/QtCore.framework/Headers/qtdeprecationmarkers.h:213:44: note: expanded from macro 'QT_DEPRECATED_VERSION_X_6_9'
  213 | # define QT_DEPRECATED_VERSION_X_6_9(text) QT_DEPRECATED_X(text)
      |                                            ^
/Users/calebbuahin/Qt/6.9.3/macos/lib/QtCore.framework/Headers/qtdeprecationmarkers.h:29:33: note: expanded from macro 'QT_DEPRECATED_X'
   29 | #  define QT_DEPRECATED_X(text) Q_DECL_DEPRECATED_X(text)
      |                                 ^
/Users/calebbuahin/Qt/6.9.3/macos/lib/QtCore.framework/Headers/qcompilerdetection.h:1011:36: note: expanded from macro 'Q_DECL_DEPRECATED_X'
 1011 | #  define Q_DECL_DEPRECATED_X(x) [[deprecated(x)]]
      |                                    ^
In file included from /Users/calebbuahin/Documents/Projects/cbuahin_github/openswmm.gui/src/swmmvis.cpp:89:
/Users/calebbuahin/Documents/Projects/cbuahin_github/openswmm.gui/include/core/swmmdatetime.h:61:12: warning: 'QDateTime' is deprecated: Pass QTimeZone instead [-Wdeprecated-declarations]
   61 |     return QDateTime(date, QTime(h, mi, s), Qt::UTC);
      |            ^
/Users/calebbuahin/Qt/6.9.3/macos/lib/QtCore.framework/Headers/qdatetime.h:361:5: note: 'QDateTime' has been explicitly marked deprecated here
  361 |     QT_DEPRECATED_VERSION_X_6_9("Pass QTimeZone instead")
      |     ^
/Users/calebbuahin/Qt/6.9.3/macos/lib/QtCore.framework/Headers/qtdeprecationmarkers.h:213:44: note: expanded from macro 'QT_DEPRECATED_VERSION_X_6_9'
  213 | # define QT_DEPRECATED_VERSION_X_6_9(text) QT_DEPRECATED_X(text)
      |                                            ^
/Users/calebbuahin/Qt/6.9.3/macos/lib/QtCore.framework/Headers/qtdeprecationmarkers.h:29:33: note: expanded from macro 'QT_DEPRECATED_X'
   29 | #  define QT_DEPRECATED_X(text) Q_DECL_DEPRECATED_X(text)
      |                                 ^
/Users/calebbuahin/Qt/6.9.3/macos/lib/QtCore.framework/Headers/qcompilerdetection.h:1011:36: note: expanded from macro 'Q_DECL_DEPRECATED_X'
 1011 | #  define Q_DECL_DEPRECATED_X(x) [[deprecated(x)]]
      |                                    ^
In file included from /Users/calebbuahin/Documents/Projects/cbuahin_github/openswmm.gui/src/swmmvis.cpp:136:
/Users/calebbuahin/Documents/Projects/cbuahin_github/openswmm.gui/include/layers/swmmresultslayer.h:408:55: warning: 'renderer' overrides a member function but is not marked 'override' [-Winconsistent-missing-override]
  408 |     [[nodiscard]] OpenSWMM::Render::IFeatureRenderer *renderer() const;
      |                                                       ^
/Users/calebbuahin/Documents/Projects/cbuahin_github/openswmm.gui/include/layers/openswmmvislayer.h:434:63: note: overridden virtual function is here
  434 |     [[nodiscard]] virtual OpenSWMM::Render::IFeatureRenderer *renderer() const { return nullptr; }
      |                                                               ^
In file included from /Users/calebbuahin/Documents/Projects/cbuahin_github/openswmm.gui/src/swmmvis.cpp:136:
/Users/calebbuahin/Documents/Projects/cbuahin_github/openswmm.gui/include/layers/swmmresultslayer.h:417:10: warning: 'setRenderer' overrides a member function but is not marked 'override' [-Winconsistent-missing-override]
  417 |     void setRenderer(std::unique_ptr<OpenSWMM::Render::IFeatureRenderer> r);
      |          ^
/Users/calebbuahin/Documents/Projects/cbuahin_github/openswmm.gui/include/layers/openswmmvislayer.h:440:18: note: overridden virtual function is here
  440 |     virtual void setRenderer(std::unique_ptr<OpenSWMM::Render::IFeatureRenderer>);
      |                  ^
In file included from /Users/calebbuahin/Documents/Projects/cbuahin_github/openswmm.gui/src/swmmvis.cpp:194:
/Users/calebbuahin/Documents/Projects/cbuahin_github/openswmm.gui/include/layers/swmm2dresultslayer.h:544:55: warning: 'renderer' overrides a member function but is not marked 'override' [-Winconsistent-missing-override]
  544 |     [[nodiscard]] OpenSWMM::Render::IFeatureRenderer *renderer() const;
      |                                                       ^
/Users/calebbuahin/Documents/Projects/cbuahin_github/openswmm.gui/include/layers/openswmmvislayer.h:434:63: note: overridden virtual function is here
  434 |     [[nodiscard]] virtual OpenSWMM::Render::IFeatureRenderer *renderer() const { return nullptr; }
      |                                                               ^
In file included from /Users/calebbuahin/Documents/Projects/cbuahin_github/openswmm.gui/src/swmmvis.cpp:194:
/Users/calebbuahin/Documents/Projects/cbuahin_github/openswmm.gui/include/layers/swmm2dresultslayer.h:552:10: warning: 'setRenderer' overrides a member function but is not marked 'override' [-Winconsistent-missing-override]
  552 |     void setRenderer(std::unique_ptr<OpenSWMM::Render::IFeatureRenderer> r);
      |          ^
/Users/calebbuahin/Documents/Projects/cbuahin_github/openswmm.gui/include/layers/openswmmvislayer.h:440:18: note: overridden virtual function is here
  440 |     virtual void setRenderer(std::unique_ptr<OpenSWMM::Render::IFeatureRenderer>);
      |                  ^
8 warnings generated.
[306/375] Building CXX object tests/gui/CMakeFiles/test_raingagefilecolumn.dir/__/__/src/swmmvis.cpp.o
In file included from /Users/calebbuahin/Documents/Projects/cbuahin_github/openswmm.gui/src/swmmvis.cpp:76:
In file included from /Users/calebbuahin/Documents/Projects/cbuahin_github/openswmm.gui/include/ui/dialogs/sublayerselectiondialog.h:19:
/Users/calebbuahin/Documents/Projects/cbuahin_github/openswmm.gui/include/layers/gisvectorlayer.h:270:55: warning: 'renderer' overrides a member function but is not marked 'override' [-Winconsistent-missing-override]
  270 |     [[nodiscard]] OpenSWMM::Render::IFeatureRenderer *renderer() const;
      |                                                       ^
/Users/calebbuahin/Documents/Projects/cbuahin_github/openswmm.gui/include/layers/openswmmvislayer.h:434:63: note: overridden virtual function is here
  434 |     [[nodiscard]] virtual OpenSWMM::Render::IFeatureRenderer *renderer() const { return nullptr; }
      |                                                               ^
In file included from /Users/calebbuahin/Documents/Projects/cbuahin_github/openswmm.gui/src/swmmvis.cpp:76:
In file included from /Users/calebbuahin/Documents/Projects/cbuahin_github/openswmm.gui/include/ui/dialogs/sublayerselectiondialog.h:19:
/Users/calebbuahin/Documents/Projects/cbuahin_github/openswmm.gui/include/layers/gisvectorlayer.h:278:10: warning: 'setRenderer' overrides a member function but is not marked 'override' [-Winconsistent-missing-override]
  278 |     void setRenderer(std::unique_ptr<OpenSWMM::Render::IFeatureRenderer> r);
      |          ^
/Users/calebbuahin/Documents/Projects/cbuahin_github/openswmm.gui/include/layers/openswmmvislayer.h:440:18: note: overridden virtual function is here
  440 |     virtual void setRenderer(std::unique_ptr<OpenSWMM::Render::IFeatureRenderer>);
      |                  ^
In file included from /Users/calebbuahin/Documents/Projects/cbuahin_github/openswmm.gui/src/swmmvis.cpp:89:
/Users/calebbuahin/Documents/Projects/cbuahin_github/openswmm.gui/include/core/swmmdatetime.h:61:12: warning: 'QDateTime' is deprecated: Pass QTimeZone instead [-Wdeprecated-declarations]
   61 |     return QDateTime(date, QTime(h, mi, s), Qt::UTC);
      |            ^
/Users/calebbuahin/Qt/6.9.3/macos/lib/QtCore.framework/Headers/qdatetime.h:361:5: note: 'QDateTime' has been explicitly marked deprecated here
  361 |     QT_DEPRECATED_VERSION_X_6_9("Pass QTimeZone instead")
      |     ^
/Users/calebbuahin/Qt/6.9.3/macos/lib/QtCore.framework/Headers/qtdeprecationmarkers.h:213:44: note: expanded from macro 'QT_DEPRECATED_VERSION_X_6_9'
  213 | # define QT_DEPRECATED_VERSION_X_6_9(text) QT_DEPRECATED_X(text)
      |                                            ^
/Users/calebbuahin/Qt/6.9.3/macos/lib/QtCore.framework/Headers/qtdeprecationmarkers.h:29:33: note: expanded from macro 'QT_DEPRECATED_X'
   29 | #  define QT_DEPRECATED_X(text) Q_DECL_DEPRECATED_X(text)
      |                                 ^
/Users/calebbuahin/Qt/6.9.3/macos/lib/QtCore.framework/Headers/qcompilerdetection.h:1011:36: note: expanded from macro 'Q_DECL_DEPRECATED_X'
 1011 | #  define Q_DECL_DEPRECATED_X(x) [[deprecated(x)]]
      |                                    ^
In file included from /Users/calebbuahin/Documents/Projects/cbuahin_github/openswmm.gui/src/swmmvis.cpp:89:
/Users/calebbuahin/Documents/Projects/cbuahin_github/openswmm.gui/include/core/swmmdatetime.h:61:12: warning: 'QDateTime' is deprecated: Pass QTimeZone instead [-Wdeprecated-declarations]
   61 |     return QDateTime(date, QTime(h, mi, s), Qt::UTC);
      |            ^
/Users/calebbuahin/Qt/6.9.3/macos/lib/QtCore.framework/Headers/qdatetime.h:361:5: note: 'QDateTime' has been explicitly marked deprecated here
  361 |     QT_DEPRECATED_VERSION_X_6_9("Pass QTimeZone instead")
      |     ^
/Users/calebbuahin/Qt/6.9.3/macos/lib/QtCore.framework/Headers/qtdeprecationmarkers.h:213:44: note: expanded from macro 'QT_DEPRECATED_VERSION_X_6_9'
  213 | # define QT_DEPRECATED_VERSION_X_6_9(text) QT_DEPRECATED_X(text)
      |                                            ^
/Users/calebbuahin/Qt/6.9.3/macos/lib/QtCore.framework/Headers/qtdeprecationmarkers.h:29:33: note: expanded from macro 'QT_DEPRECATED_X'
   29 | #  define QT_DEPRECATED_X(text) Q_DECL_DEPRECATED_X(text)
      |                                 ^
/Users/calebbuahin/Qt/6.9.3/macos/lib/QtCore.framework/Headers/qcompilerdetection.h:1011:36: note: expanded from macro 'Q_DECL_DEPRECATED_X'
 1011 | #  define Q_DECL_DEPRECATED_X(x) [[deprecated(x)]]
      |                                    ^
In file included from /Users/calebbuahin/Documents/Projects/cbuahin_github/openswmm.gui/src/swmmvis.cpp:136:
/Users/calebbuahin/Documents/Projects/cbuahin_github/openswmm.gui/include/layers/swmmresultslayer.h:408:55: warning: 'renderer' overrides a member function but is not marked 'override' [-Winconsistent-missing-override]
  408 |     [[nodiscard]] OpenSWMM::Render::IFeatureRenderer *renderer() const;
      |                                                       ^
/Users/calebbuahin/Documents/Projects/cbuahin_github/openswmm.gui/include/layers/openswmmvislayer.h:434:63: note: overridden virtual function is here
  434 |     [[nodiscard]] virtual OpenSWMM::Render::IFeatureRenderer *renderer() const { return nullptr; }
      |                                                               ^
In file included from /Users/calebbuahin/Documents/Projects/cbuahin_github/openswmm.gui/src/swmmvis.cpp:136:
/Users/calebbuahin/Documents/Projects/cbuahin_github/openswmm.gui/include/layers/swmmresultslayer.h:417:10: warning: 'setRenderer' overrides a member function but is not marked 'override' [-Winconsistent-missing-override]
  417 |     void setRenderer(std::unique_ptr<OpenSWMM::Render::IFeatureRenderer> r);
      |          ^
/Users/calebbuahin/Documents/Projects/cbuahin_github/openswmm.gui/include/layers/openswmmvislayer.h:440:18: note: overridden virtual function is here
  440 |     virtual void setRenderer(std::unique_ptr<OpenSWMM::Render::IFeatureRenderer>);
      |                  ^
In file included from /Users/calebbuahin/Documents/Projects/cbuahin_github/openswmm.gui/src/swmmvis.cpp:194:
/Users/calebbuahin/Documents/Projects/cbuahin_github/openswmm.gui/include/layers/swmm2dresultslayer.h:544:55: warning: 'renderer' overrides a member function but is not marked 'override' [-Winconsistent-missing-override]
  544 |     [[nodiscard]] OpenSWMM::Render::IFeatureRenderer *renderer() const;
      |                                                       ^
/Users/calebbuahin/Documents/Projects/cbuahin_github/openswmm.gui/include/layers/openswmmvislayer.h:434:63: note: overridden virtual function is here
  434 |     [[nodiscard]] virtual OpenSWMM::Render::IFeatureRenderer *renderer() const { return nullptr; }
      |                                                               ^
In file included from /Users/calebbuahin/Documents/Projects/cbuahin_github/openswmm.gui/src/swmmvis.cpp:194:
/Users/calebbuahin/Documents/Projects/cbuahin_github/openswmm.gui/include/layers/swmm2dresultslayer.h:552:10: warning: 'setRenderer' overrides a member function but is not marked 'override' [-Winconsistent-missing-override]
  552 |     void setRenderer(std::unique_ptr<OpenSWMM::Render::IFeatureRenderer> r);
      |          ^
/Users/calebbuahin/Documents/Projects/cbuahin_github/openswmm.gui/include/layers/openswmmvislayer.h:440:18: note: overridden virtual function is here
  440 |     virtual void setRenderer(std::unique_ptr<OpenSWMM::Render::IFeatureRenderer>);
      |                  ^
8 warnings generated.
[307/375] Building CXX object tests/gui/CMakeFiles/test_bulkdelete.dir/__/__/src/connections/basemapconnectionstore.cpp.o
[308/375] Building CXX object tests/gui/CMakeFiles/test_bulkdelete.dir/__/__/src/layers/xyztilelayer.cpp.o
[309/375] Building CXX object tests/gui/CMakeFiles/test_bulkdelete.dir/__/__/src/map/mapcanvas.cpp.o
In file included from /Users/calebbuahin/Documents/Projects/cbuahin_github/openswmm.gui/src/map/mapcanvas.cpp:20:
/Users/calebbuahin/Documents/Projects/cbuahin_github/openswmm.gui/include/layers/gisvectorlayer.h:270:55: warning: 'renderer' overrides a member function but is not marked 'override' [-Winconsistent-missing-override]
  270 |     [[nodiscard]] OpenSWMM::Render::IFeatureRenderer *renderer() const;
      |                                                       ^
/Users/calebbuahin/Documents/Projects/cbuahin_github/openswmm.gui/include/layers/openswmmvislayer.h:434:63: note: overridden virtual function is here
  434 |     [[nodiscard]] virtual OpenSWMM::Render::IFeatureRenderer *renderer() const { return nullptr; }
      |                                                               ^
In file included from /Users/calebbuahin/Documents/Projects/cbuahin_github/openswmm.gui/src/map/mapcanvas.cpp:20:
/Users/calebbuahin/Documents/Projects/cbuahin_github/openswmm.gui/include/layers/gisvectorlayer.h:278:10: warning: 'setRenderer' overrides a member function but is not marked 'override' [-Winconsistent-missing-override]
  278 |     void setRenderer(std::unique_ptr<OpenSWMM::Render::IFeatureRenderer> r);
      |          ^
/Users/calebbuahin/Documents/Projects/cbuahin_github/openswmm.gui/include/layers/openswmmvislayer.h:440:18: note: overridden virtual function is here
  440 |     virtual void setRenderer(std::unique_ptr<OpenSWMM::Render::IFeatureRenderer>);
      |                  ^
In file included from /Users/calebbuahin/Documents/Projects/cbuahin_github/openswmm.gui/src/map/mapcanvas.cpp:31:
/Users/calebbuahin/Documents/Projects/cbuahin_github/openswmm.gui/include/layers/swmm2dresultslayer.h:544:55: warning: 'renderer' overrides a member function but is not marked 'override' [-Winconsistent-missing-override]
  544 |     [[nodiscard]] OpenSWMM::Render::IFeatureRenderer *renderer() const;
      |                                                       ^
/Users/calebbuahin/Documents/Projects/cbuahin_github/openswmm.gui/include/layers/openswmmvislayer.h:434:63: note: overridden virtual function is here
  434 |     [[nodiscard]] virtual OpenSWMM::Render::IFeatureRenderer *renderer() const { return nullptr; }
      |                                                               ^
In file included from /Users/calebbuahin/Documents/Projects/cbuahin_github/openswmm.gui/src/map/mapcanvas.cpp:31:
/Users/calebbuahin/Documents/Projects/cbuahin_github/openswmm.gui/include/layers/swmm2dresultslayer.h:552:10: warning: 'setRenderer' overrides a member function but is not marked 'override' [-Winconsistent-missing-override]
  552 |     void setRenderer(std::unique_ptr<OpenSWMM::Render::IFeatureRenderer> r);
      |          ^
/Users/calebbuahin/Documents/Projects/cbuahin_github/openswmm.gui/include/layers/openswmmvislayer.h:440:18: note: overridden virtual function is here
  440 |     virtual void setRenderer(std::unique_ptr<OpenSWMM::Render::IFeatureRenderer>);
      |                  ^
4 warnings generated.
[310/375] Building CXX object tests/gui/CMakeFiles/test_render_invalidation.dir/test_render_invalidation_autogen/mocs_compilation.cpp.o
In file included from /Users/calebbuahin/Documents/Projects/cbuahin_github/openswmm.gui/build/tests/gui/test_render_invalidation_autogen/mocs_compilation.cpp:2:
In file included from /Users/calebbuahin/Documents/Projects/cbuahin_github/openswmm.gui/build/tests/gui/test_render_invalidation_autogen/MAYCBHTXLP/moc_animationcontroller.cpp:9:
In file included from /Users/calebbuahin/Documents/Projects/cbuahin_github/openswmm.gui/build/tests/gui/test_render_invalidation_autogen/MAYCBHTXLP/../../../../../include/animation/animationcontroller.h:33:
/Users/calebbuahin/Documents/Projects/cbuahin_github/openswmm.gui/include/layers/swmm2dresultslayer.h:544:55: warning: 'renderer' overrides a member function but is not marked 'override' [-Winconsistent-missing-override]
  544 |     [[nodiscard]] OpenSWMM::Render::IFeatureRenderer *renderer() const;
      |                                                       ^
/Users/calebbuahin/Documents/Projects/cbuahin_github/openswmm.gui/include/layers/openswmmvislayer.h:434:63: note: overridden virtual function is here
  434 |     [[nodiscard]] virtual OpenSWMM::Render::IFeatureRenderer *renderer() const { return nullptr; }
      |                                                               ^
In file included from /Users/calebbuahin/Documents/Projects/cbuahin_github/openswmm.gui/build/tests/gui/test_render_invalidation_autogen/mocs_compilation.cpp:2:
In file included from /Users/calebbuahin/Documents/Projects/cbuahin_github/openswmm.gui/build/tests/gui/test_render_invalidation_autogen/MAYCBHTXLP/moc_animationcontroller.cpp:9:
In file included from /Users/calebbuahin/Documents/Projects/cbuahin_github/openswmm.gui/build/tests/gui/test_render_invalidation_autogen/MAYCBHTXLP/../../../../../include/animation/animationcontroller.h:33:
/Users/calebbuahin/Documents/Projects/cbuahin_github/openswmm.gui/include/layers/swmm2dresultslayer.h:552:10: warning: 'setRenderer' overrides a member function but is not marked 'override' [-Winconsistent-missing-override]
  552 |     void setRenderer(std::unique_ptr<OpenSWMM::Render::IFeatureRenderer> r);
      |          ^
/Users/calebbuahin/Documents/Projects/cbuahin_github/openswmm.gui/include/layers/openswmmvislayer.h:440:18: note: overridden virtual function is here
  440 |     virtual void setRenderer(std::unique_ptr<OpenSWMM::Render::IFeatureRenderer>);
      |                  ^
In file included from /Users/calebbuahin/Documents/Projects/cbuahin_github/openswmm.gui/build/tests/gui/test_render_invalidation_autogen/mocs_compilation.cpp:28:
In file included from /Users/calebbuahin/Documents/Projects/cbuahin_github/openswmm.gui/build/tests/gui/test_render_invalidation_autogen/COIIM6MLNP/moc_gisvectorlayer.cpp:9:
/Users/calebbuahin/Documents/Projects/cbuahin_github/openswmm.gui/build/tests/gui/test_render_invalidation_autogen/COIIM6MLNP/../../../../../include/layers/gisvectorlayer.h:270:55: warning: 'renderer' overrides a member function but is not marked 'override' [-Winconsistent-missing-override]
  270 |     [[nodiscard]] OpenSWMM::Render::IFeatureRenderer *renderer() const;
      |                                                       ^
/Users/calebbuahin/Documents/Projects/cbuahin_github/openswmm.gui/include/layers/openswmmvislayer.h:434:63: note: overridden virtual function is here
  434 |     [[nodiscard]] virtual OpenSWMM::Render::IFeatureRenderer *renderer() const { return nullptr; }
      |                                                               ^
In file included from /Users/calebbuahin/Documents/Projects/cbuahin_github/openswmm.gui/build/tests/gui/test_render_invalidation_autogen/mocs_compilation.cpp:28:
In file included from /Users/calebbuahin/Documents/Projects/cbuahin_github/openswmm.gui/build/tests/gui/test_render_invalidation_autogen/COIIM6MLNP/moc_gisvectorlayer.cpp:9:
/Users/calebbuahin/Documents/Projects/cbuahin_github/openswmm.gui/build/tests/gui/test_render_invalidation_autogen/COIIM6MLNP/../../../../../include/layers/gisvectorlayer.h:278:10: warning: 'setRenderer' overrides a member function but is not marked 'override' [-Winconsistent-missing-override]
  278 |     void setRenderer(std::unique_ptr<OpenSWMM::Render::IFeatureRenderer> r);
      |          ^
/Users/calebbuahin/Documents/Projects/cbuahin_github/openswmm.gui/include/layers/openswmmvislayer.h:440:18: note: overridden virtual function is here
  440 |     virtual void setRenderer(std::unique_ptr<OpenSWMM::Render::IFeatureRenderer>);
      |                  ^
In file included from /Users/calebbuahin/Documents/Projects/cbuahin_github/openswmm.gui/build/tests/gui/test_render_invalidation_autogen/mocs_compilation.cpp:36:
In file included from /Users/calebbuahin/Documents/Projects/cbuahin_github/openswmm.gui/build/tests/gui/test_render_invalidation_autogen/COIIM6MLNP/moc_swmmresultslayer.cpp:9:
/Users/calebbuahin/Documents/Projects/cbuahin_github/openswmm.gui/build/tests/gui/test_render_invalidation_autogen/COIIM6MLNP/../../../../../include/layers/swmmresultslayer.h:408:55: warning: 'renderer' overrides a member function but is not marked 'override' [-Winconsistent-missing-override]
  408 |     [[nodiscard]] OpenSWMM::Render::IFeatureRenderer *renderer() const;
      |                                                       ^
/Users/calebbuahin/Documents/Projects/cbuahin_github/openswmm.gui/include/layers/openswmmvislayer.h:434:63: note: overridden virtual function is here
  434 |     [[nodiscard]] virtual OpenSWMM::Render::IFeatureRenderer *renderer() const { return nullptr; }
      |                                                               ^
In file included from /Users/calebbuahin/Documents/Projects/cbuahin_github/openswmm.gui/build/tests/gui/test_render_invalidation_autogen/mocs_compilation.cpp:36:
In file included from /Users/calebbuahin/Documents/Projects/cbuahin_github/openswmm.gui/build/tests/gui/test_render_invalidation_autogen/COIIM6MLNP/moc_swmmresultslayer.cpp:9:
/Users/calebbuahin/Documents/Projects/cbuahin_github/openswmm.gui/build/tests/gui/test_render_invalidation_autogen/COIIM6MLNP/../../../../../include/layers/swmmresultslayer.h:417:10: warning: 'setRenderer' overrides a member function but is not marked 'override' [-Winconsistent-missing-override]
  417 |     void setRenderer(std::unique_ptr<OpenSWMM::Render::IFeatureRenderer> r);
      |          ^
/Users/calebbuahin/Documents/Projects/cbuahin_github/openswmm.gui/include/layers/openswmmvislayer.h:440:18: note: overridden virtual function is here
  440 |     virtual void setRenderer(std::unique_ptr<OpenSWMM::Render::IFeatureRenderer>);
      |                  ^
6 warnings generated.
[311/375] Building CXX object tests/gui/CMakeFiles/test_bulkdelete.dir/__/__/src/project/projectserializer.cpp.o
In file included from /Users/calebbuahin/Documents/Projects/cbuahin_github/openswmm.gui/src/project/projectserializer.cpp:12:
/Users/calebbuahin/Documents/Projects/cbuahin_github/openswmm.gui/include/layers/gisvectorlayer.h:270:55: warning: 'renderer' overrides a member function but is not marked 'override' [-Winconsistent-missing-override]
  270 |     [[nodiscard]] OpenSWMM::Render::IFeatureRenderer *renderer() const;
      |                                                       ^
/Users/calebbuahin/Documents/Projects/cbuahin_github/openswmm.gui/include/layers/openswmmvislayer.h:434:63: note: overridden virtual function is here
  434 |     [[nodiscard]] virtual OpenSWMM::Render::IFeatureRenderer *renderer() const { return nullptr; }
      |                                                               ^
In file included from /Users/calebbuahin/Documents/Projects/cbuahin_github/openswmm.gui/src/project/projectserializer.cpp:12:
/Users/calebbuahin/Documents/Projects/cbuahin_github/openswmm.gui/include/layers/gisvectorlayer.h:278:10: warning: 'setRenderer' overrides a member function but is not marked 'override' [-Winconsistent-missing-override]
  278 |     void setRenderer(std::unique_ptr<OpenSWMM::Render::IFeatureRenderer> r);
      |          ^
/Users/calebbuahin/Documents/Projects/cbuahin_github/openswmm.gui/include/layers/openswmmvislayer.h:440:18: note: overridden virtual function is here
  440 |     virtual void setRenderer(std::unique_ptr<OpenSWMM::Render::IFeatureRenderer>);
      |                  ^
In file included from /Users/calebbuahin/Documents/Projects/cbuahin_github/openswmm.gui/src/project/projectserializer.cpp:15:
/Users/calebbuahin/Documents/Projects/cbuahin_github/openswmm.gui/include/layers/swmm2dresultslayer.h:544:55: warning: 'renderer' overrides a member function but is not marked 'override' [-Winconsistent-missing-override]
  544 |     [[nodiscard]] OpenSWMM::Render::IFeatureRenderer *renderer() const;
      |                                                       ^
/Users/calebbuahin/Documents/Projects/cbuahin_github/openswmm.gui/include/layers/openswmmvislayer.h:434:63: note: overridden virtual function is here
  434 |     [[nodiscard]] virtual OpenSWMM::Render::IFeatureRenderer *renderer() const { return nullptr; }
      |                                                               ^
In file included from /Users/calebbuahin/Documents/Projects/cbuahin_github/openswmm.gui/src/project/projectserializer.cpp:15:
/Users/calebbuahin/Documents/Projects/cbuahin_github/openswmm.gui/include/layers/swmm2dresultslayer.h:552:10: warning: 'setRenderer' overrides a member function but is not marked 'override' [-Winconsistent-missing-override]
  552 |     void setRenderer(std::unique_ptr<OpenSWMM::Render::IFeatureRenderer> r);
      |          ^
/Users/calebbuahin/Documents/Projects/cbuahin_github/openswmm.gui/include/layers/openswmmvislayer.h:440:18: note: overridden virtual function is here
  440 |     virtual void setRenderer(std::unique_ptr<OpenSWMM::Render::IFeatureRenderer>);
      |                  ^
In file included from /Users/calebbuahin/Documents/Projects/cbuahin_github/openswmm.gui/src/project/projectserializer.cpp:17:
/Users/calebbuahin/Documents/Projects/cbuahin_github/openswmm.gui/include/layers/swmmresultslayer.h:408:55: warning: 'renderer' overrides a member function but is not marked 'override' [-Winconsistent-missing-override]
  408 |     [[nodiscard]] OpenSWMM::Render::IFeatureRenderer *renderer() const;
      |                                                       ^
/Users/calebbuahin/Documents/Projects/cbuahin_github/openswmm.gui/include/layers/openswmmvislayer.h:434:63: note: overridden virtual function is here
  434 |     [[nodiscard]] virtual OpenSWMM::Render::IFeatureRenderer *renderer() const { return nullptr; }
      |                                                               ^
In file included from /Users/calebbuahin/Documents/Projects/cbuahin_github/openswmm.gui/src/project/projectserializer.cpp:17:
/Users/calebbuahin/Documents/Projects/cbuahin_github/openswmm.gui/include/layers/swmmresultslayer.h:417:10: warning: 'setRenderer' overrides a member function but is not marked 'override' [-Winconsistent-missing-override]
  417 |     void setRenderer(std::unique_ptr<OpenSWMM::Render::IFeatureRenderer> r);
      |          ^
/Users/calebbuahin/Documents/Projects/cbuahin_github/openswmm.gui/include/layers/openswmmvislayer.h:440:18: note: overridden virtual function is here
  440 |     virtual void setRenderer(std::unique_ptr<OpenSWMM::Render::IFeatureRenderer>);
      |                  ^
6 warnings generated.
[312/375] Building CXX object tests/gui/CMakeFiles/test_bulkdelete.dir/__/__/src/ui/dialogs/layerstyledialog.cpp.o
In file included from /Users/calebbuahin/Documents/Projects/cbuahin_github/openswmm.gui/src/ui/dialogs/layerstyledialog.cpp:24:
/Users/calebbuahin/Documents/Projects/cbuahin_github/openswmm.gui/include/layers/gisvectorlayer.h:270:55: warning: 'renderer' overrides a member function but is not marked 'override' [-Winconsistent-missing-override]
  270 |     [[nodiscard]] OpenSWMM::Render::IFeatureRenderer *renderer() const;
      |                                                       ^
/Users/calebbuahin/Documents/Projects/cbuahin_github/openswmm.gui/include/layers/openswmmvislayer.h:434:63: note: overridden virtual function is here
  434 |     [[nodiscard]] virtual OpenSWMM::Render::IFeatureRenderer *renderer() const { return nullptr; }
      |                                                               ^
In file included from /Users/calebbuahin/Documents/Projects/cbuahin_github/openswmm.gui/src/ui/dialogs/layerstyledialog.cpp:24:
/Users/calebbuahin/Documents/Projects/cbuahin_github/openswmm.gui/include/layers/gisvectorlayer.h:278:10: warning: 'setRenderer' overrides a member function but is not marked 'override' [-Winconsistent-missing-override]
  278 |     void setRenderer(std::unique_ptr<OpenSWMM::Render::IFeatureRenderer> r);
      |          ^
/Users/calebbuahin/Documents/Projects/cbuahin_github/openswmm.gui/include/layers/openswmmvislayer.h:440:18: note: overridden virtual function is here
  440 |     virtual void setRenderer(std::unique_ptr<OpenSWMM::Render::IFeatureRenderer>);
      |                  ^
In file included from /Users/calebbuahin/Documents/Projects/cbuahin_github/openswmm.gui/src/ui/dialogs/layerstyledialog.cpp:27:
/Users/calebbuahin/Documents/Projects/cbuahin_github/openswmm.gui/include/layers/swmmresultslayer.h:408:55: warning: 'renderer' overrides a member function but is not marked 'override' [-Winconsistent-missing-override]
  408 |     [[nodiscard]] OpenSWMM::Render::IFeatureRenderer *renderer() const;
      |                                                       ^
/Users/calebbuahin/Documents/Projects/cbuahin_github/openswmm.gui/include/layers/openswmmvislayer.h:434:63: note: overridden virtual function is here
  434 |     [[nodiscard]] virtual OpenSWMM::Render::IFeatureRenderer *renderer() const { return nullptr; }
      |                                                               ^
In file included from /Users/calebbuahin/Documents/Projects/cbuahin_github/openswmm.gui/src/ui/dialogs/layerstyledialog.cpp:27:
/Users/calebbuahin/Documents/Projects/cbuahin_github/openswmm.gui/include/layers/swmmresultslayer.h:417:10: warning: 'setRenderer' overrides a member function but is not marked 'override' [-Winconsistent-missing-override]
  417 |     void setRenderer(std::unique_ptr<OpenSWMM::Render::IFeatureRenderer> r);
      |          ^
/Users/calebbuahin/Documents/Projects/cbuahin_github/openswmm.gui/include/layers/openswmmvislayer.h:440:18: note: overridden virtual function is here
  440 |     virtual void setRenderer(std::unique_ptr<OpenSWMM::Render::IFeatureRenderer>);
      |                  ^
In file included from /Users/calebbuahin/Documents/Projects/cbuahin_github/openswmm.gui/src/ui/dialogs/layerstyledialog.cpp:28:
/Users/calebbuahin/Documents/Projects/cbuahin_github/openswmm.gui/include/layers/swmm2dresultslayer.h:544:55: warning: 'renderer' overrides a member function but is not marked 'override' [-Winconsistent-missing-override]
  544 |     [[nodiscard]] OpenSWMM::Render::IFeatureRenderer *renderer() const;
      |                                                       ^
/Users/calebbuahin/Documents/Projects/cbuahin_github/openswmm.gui/include/layers/openswmmvislayer.h:434:63: note: overridden virtual function is here
  434 |     [[nodiscard]] virtual OpenSWMM::Render::IFeatureRenderer *renderer() const { return nullptr; }
      |                                                               ^
In file included from /Users/calebbuahin/Documents/Projects/cbuahin_github/openswmm.gui/src/ui/dialogs/layerstyledialog.cpp:28:
/Users/calebbuahin/Documents/Projects/cbuahin_github/openswmm.gui/include/layers/swmm2dresultslayer.h:552:10: warning: 'setRenderer' overrides a member function but is not marked 'override' [-Winconsistent-missing-override]
  552 |     void setRenderer(std::unique_ptr<OpenSWMM::Render::IFeatureRenderer> r);
      |          ^
/Users/calebbuahin/Documents/Projects/cbuahin_github/openswmm.gui/include/layers/openswmmvislayer.h:440:18: note: overridden virtual function is here
  440 |     virtual void setRenderer(std::unique_ptr<OpenSWMM::Render::IFeatureRenderer>);
      |                  ^
6 warnings generated.
[313/375] Building CXX object tests/gui/CMakeFiles/test_bulkdelete.dir/__/__/src/ui/dialogs/addbasemapdialog.cpp.o
In file included from /Users/calebbuahin/Documents/Projects/cbuahin_github/openswmm.gui/src/ui/dialogs/addbasemapdialog.cpp:26:
In file included from /Users/calebbuahin/Documents/Projects/cbuahin_github/openswmm.gui/include/layers/wfslayer.h:27:
/Users/calebbuahin/Documents/Projects/cbuahin_github/openswmm.gui/include/layers/gisvectorlayer.h:270:55: warning: 'renderer' overrides a member function but is not marked 'override' [-Winconsistent-missing-override]
  270 |     [[nodiscard]] OpenSWMM::Render::IFeatureRenderer *renderer() const;
      |                                                       ^
/Users/calebbuahin/Documents/Projects/cbuahin_github/openswmm.gui/include/layers/openswmmvislayer.h:434:63: note: overridden virtual function is here
  434 |     [[nodiscard]] virtual OpenSWMM::Render::IFeatureRenderer *renderer() const { return nullptr; }
      |                                                               ^
In file included from /Users/calebbuahin/Documents/Projects/cbuahin_github/openswmm.gui/src/ui/dialogs/addbasemapdialog.cpp:26:
In file included from /Users/calebbuahin/Documents/Projects/cbuahin_github/openswmm.gui/include/layers/wfslayer.h:27:
/Users/calebbuahin/Documents/Projects/cbuahin_github/openswmm.gui/include/layers/gisvectorlayer.h:278:10: warning: 'setRenderer' overrides a member function but is not marked 'override' [-Winconsistent-missing-override]
  278 |     void setRenderer(std::unique_ptr<OpenSWMM::Render::IFeatureRenderer> r);
      |          ^
/Users/calebbuahin/Documents/Projects/cbuahin_github/openswmm.gui/include/layers/openswmmvislayer.h:440:18: note: overridden virtual function is here
  440 |     virtual void setRenderer(std::unique_ptr<OpenSWMM::Render::IFeatureRenderer>);
      |                  ^
2 warnings generated.
[314/375] Building CXX object tests/gui/CMakeFiles/test_bulkdelete.dir/__/__/src/ui/widgets/basemaphttpheaderswidget.cpp.o
[315/375] Building CXX object tests/gui/CMakeFiles/test_raingagefilecolumn.dir/test_raingagefilecolumn_autogen/mocs_compilation.cpp.o
In file included from /Users/calebbuahin/Documents/Projects/cbuahin_github/openswmm.gui/build/tests/gui/test_raingagefilecolumn_autogen/mocs_compilation.cpp:2:
In file included from /Users/calebbuahin/Documents/Projects/cbuahin_github/openswmm.gui/build/tests/gui/test_raingagefilecolumn_autogen/MAYCBHTXLP/moc_animationcontroller.cpp:9:
In file included from /Users/calebbuahin/Documents/Projects/cbuahin_github/openswmm.gui/build/tests/gui/test_raingagefilecolumn_autogen/MAYCBHTXLP/../../../../../include/animation/animationcontroller.h:33:
/Users/calebbuahin/Documents/Projects/cbuahin_github/openswmm.gui/include/layers/swmm2dresultslayer.h:544:55: warning: 'renderer' overrides a member function but is not marked 'override' [-Winconsistent-missing-override]
  544 |     [[nodiscard]] OpenSWMM::Render::IFeatureRenderer *renderer() const;
      |                                                       ^
/Users/calebbuahin/Documents/Projects/cbuahin_github/openswmm.gui/include/layers/openswmmvislayer.h:434:63: note: overridden virtual function is here
  434 |     [[nodiscard]] virtual OpenSWMM::Render::IFeatureRenderer *renderer() const { return nullptr; }
      |                                                               ^
In file included from /Users/calebbuahin/Documents/Projects/cbuahin_github/openswmm.gui/build/tests/gui/test_raingagefilecolumn_autogen/mocs_compilation.cpp:2:
In file included from /Users/calebbuahin/Documents/Projects/cbuahin_github/openswmm.gui/build/tests/gui/test_raingagefilecolumn_autogen/MAYCBHTXLP/moc_animationcontroller.cpp:9:
In file included from /Users/calebbuahin/Documents/Projects/cbuahin_github/openswmm.gui/build/tests/gui/test_raingagefilecolumn_autogen/MAYCBHTXLP/../../../../../include/animation/animationcontroller.h:33:
/Users/calebbuahin/Documents/Projects/cbuahin_github/openswmm.gui/include/layers/swmm2dresultslayer.h:552:10: warning: 'setRenderer' overrides a member function but is not marked 'override' [-Winconsistent-missing-override]
  552 |     void setRenderer(std::unique_ptr<OpenSWMM::Render::IFeatureRenderer> r);
      |          ^
/Users/calebbuahin/Documents/Projects/cbuahin_github/openswmm.gui/include/layers/openswmmvislayer.h:440:18: note: overridden virtual function is here
  440 |     virtual void setRenderer(std::unique_ptr<OpenSWMM::Render::IFeatureRenderer>);
      |                  ^
In file included from /Users/calebbuahin/Documents/Projects/cbuahin_github/openswmm.gui/build/tests/gui/test_raingagefilecolumn_autogen/mocs_compilation.cpp:28:
In file included from /Users/calebbuahin/Documents/Projects/cbuahin_github/openswmm.gui/build/tests/gui/test_raingagefilecolumn_autogen/COIIM6MLNP/moc_gisvectorlayer.cpp:9:
/Users/calebbuahin/Documents/Projects/cbuahin_github/openswmm.gui/build/tests/gui/test_raingagefilecolumn_autogen/COIIM6MLNP/../../../../../include/layers/gisvectorlayer.h:270:55: warning: 'renderer' overrides a member function but is not marked 'override' [-Winconsistent-missing-override]
  270 |     [[nodiscard]] OpenSWMM::Render::IFeatureRenderer *renderer() const;
      |                                                       ^
/Users/calebbuahin/Documents/Projects/cbuahin_github/openswmm.gui/include/layers/openswmmvislayer.h:434:63: note: overridden virtual function is here
  434 |     [[nodiscard]] virtual OpenSWMM::Render::IFeatureRenderer *renderer() const { return nullptr; }
      |                                                               ^
In file included from /Users/calebbuahin/Documents/Projects/cbuahin_github/openswmm.gui/build/tests/gui/test_raingagefilecolumn_autogen/mocs_compilation.cpp:28:
In file included from /Users/calebbuahin/Documents/Projects/cbuahin_github/openswmm.gui/build/tests/gui/test_raingagefilecolumn_autogen/COIIM6MLNP/moc_gisvectorlayer.cpp:9:
/Users/calebbuahin/Documents/Projects/cbuahin_github/openswmm.gui/build/tests/gui/test_raingagefilecolumn_autogen/COIIM6MLNP/../../../../../include/layers/gisvectorlayer.h:278:10: warning: 'setRenderer' overrides a member function but is not marked 'override' [-Winconsistent-missing-override]
  278 |     void setRenderer(std::unique_ptr<OpenSWMM::Render::IFeatureRenderer> r);
      |          ^
/Users/calebbuahin/Documents/Projects/cbuahin_github/openswmm.gui/include/layers/openswmmvislayer.h:440:18: note: overridden virtual function is here
  440 |     virtual void setRenderer(std::unique_ptr<OpenSWMM::Render::IFeatureRenderer>);
      |                  ^
In file included from /Users/calebbuahin/Documents/Projects/cbuahin_github/openswmm.gui/build/tests/gui/test_raingagefilecolumn_autogen/mocs_compilation.cpp:36:
In file included from /Users/calebbuahin/Documents/Projects/cbuahin_github/openswmm.gui/build/tests/gui/test_raingagefilecolumn_autogen/COIIM6MLNP/moc_swmmresultslayer.cpp:9:
/Users/calebbuahin/Documents/Projects/cbuahin_github/openswmm.gui/build/tests/gui/test_raingagefilecolumn_autogen/COIIM6MLNP/../../../../../include/layers/swmmresultslayer.h:408:55: warning: 'renderer' overrides a member function but is not marked 'override' [-Winconsistent-missing-override]
  408 |     [[nodiscard]] OpenSWMM::Render::IFeatureRenderer *renderer() const;
      |                                                       ^
/Users/calebbuahin/Documents/Projects/cbuahin_github/openswmm.gui/include/layers/openswmmvislayer.h:434:63: note: overridden virtual function is here
  434 |     [[nodiscard]] virtual OpenSWMM::Render::IFeatureRenderer *renderer() const { return nullptr; }
      |                                                               ^
In file included from /Users/calebbuahin/Documents/Projects/cbuahin_github/openswmm.gui/build/tests/gui/test_raingagefilecolumn_autogen/mocs_compilation.cpp:36:
In file included from /Users/calebbuahin/Documents/Projects/cbuahin_github/openswmm.gui/build/tests/gui/test_raingagefilecolumn_autogen/COIIM6MLNP/moc_swmmresultslayer.cpp:9:
/Users/calebbuahin/Documents/Projects/cbuahin_github/openswmm.gui/build/tests/gui/test_raingagefilecolumn_autogen/COIIM6MLNP/../../../../../include/layers/swmmresultslayer.h:417:10: warning: 'setRenderer' overrides a member function but is not marked 'override' [-Winconsistent-missing-override]
  417 |     void setRenderer(std::unique_ptr<OpenSWMM::Render::IFeatureRenderer> r);
      |          ^
/Users/calebbuahin/Documents/Projects/cbuahin_github/openswmm.gui/include/layers/openswmmvislayer.h:440:18: note: overridden virtual function is here
  440 |     virtual void setRenderer(std::unique_ptr<OpenSWMM::Render::IFeatureRenderer>);
      |                  ^
6 warnings generated.
[316/375] Building CXX object tests/gui/CMakeFiles/test_linkflip.dir/__/__/src/connections/basemapconnectionstore.cpp.o
[317/375] Building CXX object tests/gui/CMakeFiles/test_linkflip.dir/__/__/src/layers/xyztilelayer.cpp.o
[318/375] Building CXX object tests/gui/CMakeFiles/test_attributetableschema.dir/test_attributetableschema_autogen/mocs_compilation.cpp.o
In file included from /Users/calebbuahin/Documents/Projects/cbuahin_github/openswmm.gui/build/tests/gui/test_attributetableschema_autogen/mocs_compilation.cpp:2:
In file included from /Users/calebbuahin/Documents/Projects/cbuahin_github/openswmm.gui/build/tests/gui/test_attributetableschema_autogen/MAYCBHTXLP/moc_animationcontroller.cpp:9:
In file included from /Users/calebbuahin/Documents/Projects/cbuahin_github/openswmm.gui/build/tests/gui/test_attributetableschema_autogen/MAYCBHTXLP/../../../../../include/animation/animationcontroller.h:33:
/Users/calebbuahin/Documents/Projects/cbuahin_github/openswmm.gui/include/layers/swmm2dresultslayer.h:544:55: warning: 'renderer' overrides a member function but is not marked 'override' [-Winconsistent-missing-override]
  544 |     [[nodiscard]] OpenSWMM::Render::IFeatureRenderer *renderer() const;
      |                                                       ^
/Users/calebbuahin/Documents/Projects/cbuahin_github/openswmm.gui/include/layers/openswmmvislayer.h:434:63: note: overridden virtual function is here
  434 |     [[nodiscard]] virtual OpenSWMM::Render::IFeatureRenderer *renderer() const { return nullptr; }
      |                                                               ^
In file included from /Users/calebbuahin/Documents/Projects/cbuahin_github/openswmm.gui/build/tests/gui/test_attributetableschema_autogen/mocs_compilation.cpp:2:
In file included from /Users/calebbuahin/Documents/Projects/cbuahin_github/openswmm.gui/build/tests/gui/test_attributetableschema_autogen/MAYCBHTXLP/moc_animationcontroller.cpp:9:
In file included from /Users/calebbuahin/Documents/Projects/cbuahin_github/openswmm.gui/build/tests/gui/test_attributetableschema_autogen/MAYCBHTXLP/../../../../../include/animation/animationcontroller.h:33:
/Users/calebbuahin/Documents/Projects/cbuahin_github/openswmm.gui/include/layers/swmm2dresultslayer.h:552:10: warning: 'setRenderer' overrides a member function but is not marked 'override' [-Winconsistent-missing-override]
  552 |     void setRenderer(std::unique_ptr<OpenSWMM::Render::IFeatureRenderer> r);
      |          ^
/Users/calebbuahin/Documents/Projects/cbuahin_github/openswmm.gui/include/layers/openswmmvislayer.h:440:18: note: overridden virtual function is here
  440 |     virtual void setRenderer(std::unique_ptr<OpenSWMM::Render::IFeatureRenderer>);
      |                  ^
In file included from /Users/calebbuahin/Documents/Projects/cbuahin_github/openswmm.gui/build/tests/gui/test_attributetableschema_autogen/mocs_compilation.cpp:28:
In file included from /Users/calebbuahin/Documents/Projects/cbuahin_github/openswmm.gui/build/tests/gui/test_attributetableschema_autogen/COIIM6MLNP/moc_gisvectorlayer.cpp:9:
/Users/calebbuahin/Documents/Projects/cbuahin_github/openswmm.gui/build/tests/gui/test_attributetableschema_autogen/COIIM6MLNP/../../../../../include/layers/gisvectorlayer.h:270:55: warning: 'renderer' overrides a member function but is not marked 'override' [-Winconsistent-missing-override]
  270 |     [[nodiscard]] OpenSWMM::Render::IFeatureRenderer *renderer() const;
      |                                                       ^
/Users/calebbuahin/Documents/Projects/cbuahin_github/openswmm.gui/include/layers/openswmmvislayer.h:434:63: note: overridden virtual function is here
  434 |     [[nodiscard]] virtual OpenSWMM::Render::IFeatureRenderer *renderer() const { return nullptr; }
      |                                                               ^
In file included from /Users/calebbuahin/Documents/Projects/cbuahin_github/openswmm.gui/build/tests/gui/test_attributetableschema_autogen/mocs_compilation.cpp:28:
In file included from /Users/calebbuahin/Documents/Projects/cbuahin_github/openswmm.gui/build/tests/gui/test_attributetableschema_autogen/COIIM6MLNP/moc_gisvectorlayer.cpp:9:
/Users/calebbuahin/Documents/Projects/cbuahin_github/openswmm.gui/build/tests/gui/test_attributetableschema_autogen/COIIM6MLNP/../../../../../include/layers/gisvectorlayer.h:278:10: warning: 'setRenderer' overrides a member function but is not marked 'override' [-Winconsistent-missing-override]
  278 |     void setRenderer(std::unique_ptr<OpenSWMM::Render::IFeatureRenderer> r);
      |          ^
/Users/calebbuahin/Documents/Projects/cbuahin_github/openswmm.gui/include/layers/openswmmvislayer.h:440:18: note: overridden virtual function is here
  440 |     virtual void setRenderer(std::unique_ptr<OpenSWMM::Render::IFeatureRenderer>);
      |                  ^
In file included from /Users/calebbuahin/Documents/Projects/cbuahin_github/openswmm.gui/build/tests/gui/test_attributetableschema_autogen/mocs_compilation.cpp:36:
In file included from /Users/calebbuahin/Documents/Projects/cbuahin_github/openswmm.gui/build/tests/gui/test_attributetableschema_autogen/COIIM6MLNP/moc_swmmresultslayer.cpp:9:
/Users/calebbuahin/Documents/Projects/cbuahin_github/openswmm.gui/build/tests/gui/test_attributetableschema_autogen/COIIM6MLNP/../../../../../include/layers/swmmresultslayer.h:408:55: warning: 'renderer' overrides a member function but is not marked 'override' [-Winconsistent-missing-override]
  408 |     [[nodiscard]] OpenSWMM::Render::IFeatureRenderer *renderer() const;
      |                                                       ^
/Users/calebbuahin/Documents/Projects/cbuahin_github/openswmm.gui/include/layers/openswmmvislayer.h:434:63: note: overridden virtual function is here
  434 |     [[nodiscard]] virtual OpenSWMM::Render::IFeatureRenderer *renderer() const { return nullptr; }
      |                                                               ^
In file included from /Users/calebbuahin/Documents/Projects/cbuahin_github/openswmm.gui/build/tests/gui/test_attributetableschema_autogen/mocs_compilation.cpp:36:
In file included from /Users/calebbuahin/Documents/Projects/cbuahin_github/openswmm.gui/build/tests/gui/test_attributetableschema_autogen/COIIM6MLNP/moc_swmmresultslayer.cpp:9:
/Users/calebbuahin/Documents/Projects/cbuahin_github/openswmm.gui/build/tests/gui/test_attributetableschema_autogen/COIIM6MLNP/../../../../../include/layers/swmmresultslayer.h:417:10: warning: 'setRenderer' overrides a member function but is not marked 'override' [-Winconsistent-missing-override]
  417 |     void setRenderer(std::unique_ptr<OpenSWMM::Render::IFeatureRenderer> r);
      |          ^
/Users/calebbuahin/Documents/Projects/cbuahin_github/openswmm.gui/include/layers/openswmmvislayer.h:440:18: note: overridden virtual function is here
  440 |     virtual void setRenderer(std::unique_ptr<OpenSWMM::Render::IFeatureRenderer>);
      |                  ^
6 warnings generated.
[319/375] Building CXX object tests/gui/CMakeFiles/test_linkflip.dir/__/__/src/project/projectserializer.cpp.o
In file included from /Users/calebbuahin/Documents/Projects/cbuahin_github/openswmm.gui/src/project/projectserializer.cpp:12:
/Users/calebbuahin/Documents/Projects/cbuahin_github/openswmm.gui/include/layers/gisvectorlayer.h:270:55: warning: 'renderer' overrides a member function but is not marked 'override' [-Winconsistent-missing-override]
  270 |     [[nodiscard]] OpenSWMM::Render::IFeatureRenderer *renderer() const;
      |                                                       ^
/Users/calebbuahin/Documents/Projects/cbuahin_github/openswmm.gui/include/layers/openswmmvislayer.h:434:63: note: overridden virtual function is here
  434 |     [[nodiscard]] virtual OpenSWMM::Render::IFeatureRenderer *renderer() const { return nullptr; }
      |                                                               ^
In file included from /Users/calebbuahin/Documents/Projects/cbuahin_github/openswmm.gui/src/project/projectserializer.cpp:12:
/Users/calebbuahin/Documents/Projects/cbuahin_github/openswmm.gui/include/layers/gisvectorlayer.h:278:10: warning: 'setRenderer' overrides a member function but is not marked 'override' [-Winconsistent-missing-override]
  278 |     void setRenderer(std::unique_ptr<OpenSWMM::Render::IFeatureRenderer> r);
      |          ^
/Users/calebbuahin/Documents/Projects/cbuahin_github/openswmm.gui/include/layers/openswmmvislayer.h:440:18: note: overridden virtual function is here
  440 |     virtual void setRenderer(std::unique_ptr<OpenSWMM::Render::IFeatureRenderer>);
      |                  ^
In file included from /Users/calebbuahin/Documents/Projects/cbuahin_github/openswmm.gui/src/project/projectserializer.cpp:15:
/Users/calebbuahin/Documents/Projects/cbuahin_github/openswmm.gui/include/layers/swmm2dresultslayer.h:544:55: warning: 'renderer' overrides a member function but is not marked 'override' [-Winconsistent-missing-override]
  544 |     [[nodiscard]] OpenSWMM::Render::IFeatureRenderer *renderer() const;
      |                                                       ^
/Users/calebbuahin/Documents/Projects/cbuahin_github/openswmm.gui/include/layers/openswmmvislayer.h:434:63: note: overridden virtual function is here
  434 |     [[nodiscard]] virtual OpenSWMM::Render::IFeatureRenderer *renderer() const { return nullptr; }
      |                                                               ^
In file included from /Users/calebbuahin/Documents/Projects/cbuahin_github/openswmm.gui/src/project/projectserializer.cpp:15:
/Users/calebbuahin/Documents/Projects/cbuahin_github/openswmm.gui/include/layers/swmm2dresultslayer.h:552:10: warning: 'setRenderer' overrides a member function but is not marked 'override' [-Winconsistent-missing-override]
  552 |     void setRenderer(std::unique_ptr<OpenSWMM::Render::IFeatureRenderer> r);
      |          ^
/Users/calebbuahin/Documents/Projects/cbuahin_github/openswmm.gui/include/layers/openswmmvislayer.h:440:18: note: overridden virtual function is here
  440 |     virtual void setRenderer(std::unique_ptr<OpenSWMM::Render::IFeatureRenderer>);
      |                  ^
In file included from /Users/calebbuahin/Documents/Projects/cbuahin_github/openswmm.gui/src/project/projectserializer.cpp:17:
/Users/calebbuahin/Documents/Projects/cbuahin_github/openswmm.gui/include/layers/swmmresultslayer.h:408:55: warning: 'renderer' overrides a member function but is not marked 'override' [-Winconsistent-missing-override]
  408 |     [[nodiscard]] OpenSWMM::Render::IFeatureRenderer *renderer() const;
      |                                                       ^
/Users/calebbuahin/Documents/Projects/cbuahin_github/openswmm.gui/include/layers/openswmmvislayer.h:434:63: note: overridden virtual function is here
  434 |     [[nodiscard]] virtual OpenSWMM::Render::IFeatureRenderer *renderer() const { return nullptr; }
      |                                                               ^
In file included from /Users/calebbuahin/Documents/Projects/cbuahin_github/openswmm.gui/src/project/projectserializer.cpp:17:
/Users/calebbuahin/Documents/Projects/cbuahin_github/openswmm.gui/include/layers/swmmresultslayer.h:417:10: warning: 'setRenderer' overrides a member function but is not marked 'override' [-Winconsistent-missing-override]
  417 |     void setRenderer(std::unique_ptr<OpenSWMM::Render::IFeatureRenderer> r);
      |          ^
/Users/calebbuahin/Documents/Projects/cbuahin_github/openswmm.gui/include/layers/openswmmvislayer.h:440:18: note: overridden virtual function is here
  440 |     virtual void setRenderer(std::unique_ptr<OpenSWMM::Render::IFeatureRenderer>);
      |                  ^
6 warnings generated.
[320/375] Building CXX object tests/gui/CMakeFiles/test_selectionops.dir/__/__/src/swmmvis.cpp.o
In file included from /Users/calebbuahin/Documents/Projects/cbuahin_github/openswmm.gui/src/swmmvis.cpp:76:
In file included from /Users/calebbuahin/Documents/Projects/cbuahin_github/openswmm.gui/include/ui/dialogs/sublayerselectiondialog.h:19:
/Users/calebbuahin/Documents/Projects/cbuahin_github/openswmm.gui/include/layers/gisvectorlayer.h:270:55: warning: 'renderer' overrides a member function but is not marked 'override' [-Winconsistent-missing-override]
  270 |     [[nodiscard]] OpenSWMM::Render::IFeatureRenderer *renderer() const;
      |                                                       ^
/Users/calebbuahin/Documents/Projects/cbuahin_github/openswmm.gui/include/layers/openswmmvislayer.h:434:63: note: overridden virtual function is here
  434 |     [[nodiscard]] virtual OpenSWMM::Render::IFeatureRenderer *renderer() const { return nullptr; }
      |                                                               ^
In file included from /Users/calebbuahin/Documents/Projects/cbuahin_github/openswmm.gui/src/swmmvis.cpp:76:
In file included from /Users/calebbuahin/Documents/Projects/cbuahin_github/openswmm.gui/include/ui/dialogs/sublayerselectiondialog.h:19:
/Users/calebbuahin/Documents/Projects/cbuahin_github/openswmm.gui/include/layers/gisvectorlayer.h:278:10: warning: 'setRenderer' overrides a member function but is not marked 'override' [-Winconsistent-missing-override]
  278 |     void setRenderer(std::unique_ptr<OpenSWMM::Render::IFeatureRenderer> r);
      |          ^
/Users/calebbuahin/Documents/Projects/cbuahin_github/openswmm.gui/include/layers/openswmmvislayer.h:440:18: note: overridden virtual function is here
  440 |     virtual void setRenderer(std::unique_ptr<OpenSWMM::Render::IFeatureRenderer>);
      |                  ^
In file included from /Users/calebbuahin/Documents/Projects/cbuahin_github/openswmm.gui/src/swmmvis.cpp:89:
/Users/calebbuahin/Documents/Projects/cbuahin_github/openswmm.gui/include/core/swmmdatetime.h:61:12: warning: 'QDateTime' is deprecated: Pass QTimeZone instead [-Wdeprecated-declarations]
   61 |     return QDateTime(date, QTime(h, mi, s), Qt::UTC);
      |            ^
/Users/calebbuahin/Qt/6.9.3/macos/lib/QtCore.framework/Headers/qdatetime.h:361:5: note: 'QDateTime' has been explicitly marked deprecated here
  361 |     QT_DEPRECATED_VERSION_X_6_9("Pass QTimeZone instead")
      |     ^
/Users/calebbuahin/Qt/6.9.3/macos/lib/QtCore.framework/Headers/qtdeprecationmarkers.h:213:44: note: expanded from macro 'QT_DEPRECATED_VERSION_X_6_9'
  213 | # define QT_DEPRECATED_VERSION_X_6_9(text) QT_DEPRECATED_X(text)
      |                                            ^
/Users/calebbuahin/Qt/6.9.3/macos/lib/QtCore.framework/Headers/qtdeprecationmarkers.h:29:33: note: expanded from macro 'QT_DEPRECATED_X'
   29 | #  define QT_DEPRECATED_X(text) Q_DECL_DEPRECATED_X(text)
      |                                 ^
/Users/calebbuahin/Qt/6.9.3/macos/lib/QtCore.framework/Headers/qcompilerdetection.h:1011:36: note: expanded from macro 'Q_DECL_DEPRECATED_X'
 1011 | #  define Q_DECL_DEPRECATED_X(x) [[deprecated(x)]]
      |                                    ^
In file included from /Users/calebbuahin/Documents/Projects/cbuahin_github/openswmm.gui/src/swmmvis.cpp:89:
/Users/calebbuahin/Documents/Projects/cbuahin_github/openswmm.gui/include/core/swmmdatetime.h:61:12: warning: 'QDateTime' is deprecated: Pass QTimeZone instead [-Wdeprecated-declarations]
   61 |     return QDateTime(date, QTime(h, mi, s), Qt::UTC);
      |            ^
/Users/calebbuahin/Qt/6.9.3/macos/lib/QtCore.framework/Headers/qdatetime.h:361:5: note: 'QDateTime' has been explicitly marked deprecated here
  361 |     QT_DEPRECATED_VERSION_X_6_9("Pass QTimeZone instead")
      |     ^
/Users/calebbuahin/Qt/6.9.3/macos/lib/QtCore.framework/Headers/qtdeprecationmarkers.h:213:44: note: expanded from macro 'QT_DEPRECATED_VERSION_X_6_9'
  213 | # define QT_DEPRECATED_VERSION_X_6_9(text) QT_DEPRECATED_X(text)
      |                                            ^
/Users/calebbuahin/Qt/6.9.3/macos/lib/QtCore.framework/Headers/qtdeprecationmarkers.h:29:33: note: expanded from macro 'QT_DEPRECATED_X'
   29 | #  define QT_DEPRECATED_X(text) Q_DECL_DEPRECATED_X(text)
      |                                 ^
/Users/calebbuahin/Qt/6.9.3/macos/lib/QtCore.framework/Headers/qcompilerdetection.h:1011:36: note: expanded from macro 'Q_DECL_DEPRECATED_X'
 1011 | #  define Q_DECL_DEPRECATED_X(x) [[deprecated(x)]]
      |                                    ^
In file included from /Users/calebbuahin/Documents/Projects/cbuahin_github/openswmm.gui/src/swmmvis.cpp:136:
/Users/calebbuahin/Documents/Projects/cbuahin_github/openswmm.gui/include/layers/swmmresultslayer.h:408:55: warning: 'renderer' overrides a member function but is not marked 'override' [-Winconsistent-missing-override]
  408 |     [[nodiscard]] OpenSWMM::Render::IFeatureRenderer *renderer() const;
      |                                                       ^
/Users/calebbuahin/Documents/Projects/cbuahin_github/openswmm.gui/include/layers/openswmmvislayer.h:434:63: note: overridden virtual function is here
  434 |     [[nodiscard]] virtual OpenSWMM::Render::IFeatureRenderer *renderer() const { return nullptr; }
      |                                                               ^
In file included from /Users/calebbuahin/Documents/Projects/cbuahin_github/openswmm.gui/src/swmmvis.cpp:136:
/Users/calebbuahin/Documents/Projects/cbuahin_github/openswmm.gui/include/layers/swmmresultslayer.h:417:10: warning: 'setRenderer' overrides a member function but is not marked 'override' [-Winconsistent-missing-override]
  417 |     void setRenderer(std::unique_ptr<OpenSWMM::Render::IFeatureRenderer> r);
      |          ^
/Users/calebbuahin/Documents/Projects/cbuahin_github/openswmm.gui/include/layers/openswmmvislayer.h:440:18: note: overridden virtual function is here
  440 |     virtual void setRenderer(std::unique_ptr<OpenSWMM::Render::IFeatureRenderer>);
      |                  ^
In file included from /Users/calebbuahin/Documents/Projects/cbuahin_github/openswmm.gui/src/swmmvis.cpp:194:
/Users/calebbuahin/Documents/Projects/cbuahin_github/openswmm.gui/include/layers/swmm2dresultslayer.h:544:55: warning: 'renderer' overrides a member function but is not marked 'override' [-Winconsistent-missing-override]
  544 |     [[nodiscard]] OpenSWMM::Render::IFeatureRenderer *renderer() const;
      |                                                       ^
/Users/calebbuahin/Documents/Projects/cbuahin_github/openswmm.gui/include/layers/openswmmvislayer.h:434:63: note: overridden virtual function is here
  434 |     [[nodiscard]] virtual OpenSWMM::Render::IFeatureRenderer *renderer() const { return nullptr; }
      |                                                               ^
In file included from /Users/calebbuahin/Documents/Projects/cbuahin_github/openswmm.gui/src/swmmvis.cpp:194:
/Users/calebbuahin/Documents/Projects/cbuahin_github/openswmm.gui/include/layers/swmm2dresultslayer.h:552:10: warning: 'setRenderer' overrides a member function but is not marked 'override' [-Winconsistent-missing-override]
  552 |     void setRenderer(std::unique_ptr<OpenSWMM::Render::IFeatureRenderer> r);
      |          ^
/Users/calebbuahin/Documents/Projects/cbuahin_github/openswmm.gui/include/layers/openswmmvislayer.h:440:18: note: overridden virtual function is here
  440 |     virtual void setRenderer(std::unique_ptr<OpenSWMM::Render::IFeatureRenderer>);
      |                  ^
8 warnings generated.
[321/375] Building CXX object tests/gui/CMakeFiles/test_linkflip.dir/__/__/src/map/mapcanvas.cpp.o
In file included from /Users/calebbuahin/Documents/Projects/cbuahin_github/openswmm.gui/src/map/mapcanvas.cpp:20:
/Users/calebbuahin/Documents/Projects/cbuahin_github/openswmm.gui/include/layers/gisvectorlayer.h:270:55: warning: 'renderer' overrides a member function but is not marked 'override' [-Winconsistent-missing-override]
  270 |     [[nodiscard]] OpenSWMM::Render::IFeatureRenderer *renderer() const;
      |                                                       ^
/Users/calebbuahin/Documents/Projects/cbuahin_github/openswmm.gui/include/layers/openswmmvislayer.h:434:63: note: overridden virtual function is here
  434 |     [[nodiscard]] virtual OpenSWMM::Render::IFeatureRenderer *renderer() const { return nullptr; }
      |                                                               ^
In file included from /Users/calebbuahin/Documents/Projects/cbuahin_github/openswmm.gui/src/map/mapcanvas.cpp:20:
/Users/calebbuahin/Documents/Projects/cbuahin_github/openswmm.gui/include/layers/gisvectorlayer.h:278:10: warning: 'setRenderer' overrides a member function but is not marked 'override' [-Winconsistent-missing-override]
  278 |     void setRenderer(std::unique_ptr<OpenSWMM::Render::IFeatureRenderer> r);
      |          ^
/Users/calebbuahin/Documents/Projects/cbuahin_github/openswmm.gui/include/layers/openswmmvislayer.h:440:18: note: overridden virtual function is here
  440 |     virtual void setRenderer(std::unique_ptr<OpenSWMM::Render::IFeatureRenderer>);
      |                  ^
In file included from /Users/calebbuahin/Documents/Projects/cbuahin_github/openswmm.gui/src/map/mapcanvas.cpp:31:
/Users/calebbuahin/Documents/Projects/cbuahin_github/openswmm.gui/include/layers/swmm2dresultslayer.h:544:55: warning: 'renderer' overrides a member function but is not marked 'override' [-Winconsistent-missing-override]
  544 |     [[nodiscard]] OpenSWMM::Render::IFeatureRenderer *renderer() const;
      |                                                       ^
/Users/calebbuahin/Documents/Projects/cbuahin_github/openswmm.gui/include/layers/openswmmvislayer.h:434:63: note: overridden virtual function is here
  434 |     [[nodiscard]] virtual OpenSWMM::Render::IFeatureRenderer *renderer() const { return nullptr; }
      |                                                               ^
In file included from /Users/calebbuahin/Documents/Projects/cbuahin_github/openswmm.gui/src/map/mapcanvas.cpp:31:
/Users/calebbuahin/Documents/Projects/cbuahin_github/openswmm.gui/include/layers/swmm2dresultslayer.h:552:10: warning: 'setRenderer' overrides a member function but is not marked 'override' [-Winconsistent-missing-override]
  552 |     void setRenderer(std::unique_ptr<OpenSWMM::Render::IFeatureRenderer> r);
      |          ^
/Users/calebbuahin/Documents/Projects/cbuahin_github/openswmm.gui/include/layers/openswmmvislayer.h:440:18: note: overridden virtual function is here
  440 |     virtual void setRenderer(std::unique_ptr<OpenSWMM::Render::IFeatureRenderer>);
      |                  ^
4 warnings generated.
[322/375] Building CXX object tests/gui/CMakeFiles/test_linkflip.dir/__/__/src/ui/dialogs/layerstyledialog.cpp.o
In file included from /Users/calebbuahin/Documents/Projects/cbuahin_github/openswmm.gui/src/ui/dialogs/layerstyledialog.cpp:24:
/Users/calebbuahin/Documents/Projects/cbuahin_github/openswmm.gui/include/layers/gisvectorlayer.h:270:55: warning: 'renderer' overrides a member function but is not marked 'override' [-Winconsistent-missing-override]
  270 |     [[nodiscard]] OpenSWMM::Render::IFeatureRenderer *renderer() const;
      |                                                       ^
/Users/calebbuahin/Documents/Projects/cbuahin_github/openswmm.gui/include/layers/openswmmvislayer.h:434:63: note: overridden virtual function is here
  434 |     [[nodiscard]] virtual OpenSWMM::Render::IFeatureRenderer *renderer() const { return nullptr; }
      |                                                               ^
In file included from /Users/calebbuahin/Documents/Projects/cbuahin_github/openswmm.gui/src/ui/dialogs/layerstyledialog.cpp:24:
/Users/calebbuahin/Documents/Projects/cbuahin_github/openswmm.gui/include/layers/gisvectorlayer.h:278:10: warning: 'setRenderer' overrides a member function but is not marked 'override' [-Winconsistent-missing-override]
  278 |     void setRenderer(std::unique_ptr<OpenSWMM::Render::IFeatureRenderer> r);
      |          ^
/Users/calebbuahin/Documents/Projects/cbuahin_github/openswmm.gui/include/layers/openswmmvislayer.h:440:18: note: overridden virtual function is here
  440 |     virtual void setRenderer(std::unique_ptr<OpenSWMM::Render::IFeatureRenderer>);
      |                  ^
In file included from /Users/calebbuahin/Documents/Projects/cbuahin_github/openswmm.gui/src/ui/dialogs/layerstyledialog.cpp:27:
/Users/calebbuahin/Documents/Projects/cbuahin_github/openswmm.gui/include/layers/swmmresultslayer.h:408:55: warning: 'renderer' overrides a member function but is not marked 'override' [-Winconsistent-missing-override]
  408 |     [[nodiscard]] OpenSWMM::Render::IFeatureRenderer *renderer() const;
      |                                                       ^
/Users/calebbuahin/Documents/Projects/cbuahin_github/openswmm.gui/include/layers/openswmmvislayer.h:434:63: note: overridden virtual function is here
  434 |     [[nodiscard]] virtual OpenSWMM::Render::IFeatureRenderer *renderer() const { return nullptr; }
      |                                                               ^
In file included from /Users/calebbuahin/Documents/Projects/cbuahin_github/openswmm.gui/src/ui/dialogs/layerstyledialog.cpp:27:
/Users/calebbuahin/Documents/Projects/cbuahin_github/openswmm.gui/include/layers/swmmresultslayer.h:417:10: warning: 'setRenderer' overrides a member function but is not marked 'override' [-Winconsistent-missing-override]
  417 |     void setRenderer(std::unique_ptr<OpenSWMM::Render::IFeatureRenderer> r);
      |          ^
/Users/calebbuahin/Documents/Projects/cbuahin_github/openswmm.gui/include/layers/openswmmvislayer.h:440:18: note: overridden virtual function is here
  440 |     virtual void setRenderer(std::unique_ptr<OpenSWMM::Render::IFeatureRenderer>);
      |                  ^
In file included from /Users/calebbuahin/Documents/Projects/cbuahin_github/openswmm.gui/src/ui/dialogs/layerstyledialog.cpp:28:
/Users/calebbuahin/Documents/Projects/cbuahin_github/openswmm.gui/include/layers/swmm2dresultslayer.h:544:55: warning: 'renderer' overrides a member function but is not marked 'override' [-Winconsistent-missing-override]
  544 |     [[nodiscard]] OpenSWMM::Render::IFeatureRenderer *renderer() const;
      |                                                       ^
/Users/calebbuahin/Documents/Projects/cbuahin_github/openswmm.gui/include/layers/openswmmvislayer.h:434:63: note: overridden virtual function is here
  434 |     [[nodiscard]] virtual OpenSWMM::Render::IFeatureRenderer *renderer() const { return nullptr; }
      |                                                               ^
In file included from /Users/calebbuahin/Documents/Projects/cbuahin_github/openswmm.gui/src/ui/dialogs/layerstyledialog.cpp:28:
/Users/calebbuahin/Documents/Projects/cbuahin_github/openswmm.gui/include/layers/swmm2dresultslayer.h:552:10: warning: 'setRenderer' overrides a member function but is not marked 'override' [-Winconsistent-missing-override]
  552 |     void setRenderer(std::unique_ptr<OpenSWMM::Render::IFeatureRenderer> r);
      |          ^
/Users/calebbuahin/Documents/Projects/cbuahin_github/openswmm.gui/include/layers/openswmmvislayer.h:440:18: note: overridden virtual function is here
  440 |     virtual void setRenderer(std::unique_ptr<OpenSWMM::Render::IFeatureRenderer>);
      |                  ^
6 warnings generated.
[323/375] Building CXX object tests/gui/CMakeFiles/test_linkflip.dir/__/__/src/ui/dialogs/addbasemapdialog.cpp.o
In file included from /Users/calebbuahin/Documents/Projects/cbuahin_github/openswmm.gui/src/ui/dialogs/addbasemapdialog.cpp:26:
In file included from /Users/calebbuahin/Documents/Projects/cbuahin_github/openswmm.gui/include/layers/wfslayer.h:27:
/Users/calebbuahin/Documents/Projects/cbuahin_github/openswmm.gui/include/layers/gisvectorlayer.h:270:55: warning: 'renderer' overrides a member function but is not marked 'override' [-Winconsistent-missing-override]
  270 |     [[nodiscard]] OpenSWMM::Render::IFeatureRenderer *renderer() const;
      |                                                       ^
/Users/calebbuahin/Documents/Projects/cbuahin_github/openswmm.gui/include/layers/openswmmvislayer.h:434:63: note: overridden virtual function is here
  434 |     [[nodiscard]] virtual OpenSWMM::Render::IFeatureRenderer *renderer() const { return nullptr; }
      |                                                               ^
In file included from /Users/calebbuahin/Documents/Projects/cbuahin_github/openswmm.gui/src/ui/dialogs/addbasemapdialog.cpp:26:
In file included from /Users/calebbuahin/Documents/Projects/cbuahin_github/openswmm.gui/include/layers/wfslayer.h:27:
/Users/calebbuahin/Documents/Projects/cbuahin_github/openswmm.gui/include/layers/gisvectorlayer.h:278:10: warning: 'setRenderer' overrides a member function but is not marked 'override' [-Winconsistent-missing-override]
  278 |     void setRenderer(std::unique_ptr<OpenSWMM::Render::IFeatureRenderer> r);
      |          ^
/Users/calebbuahin/Documents/Projects/cbuahin_github/openswmm.gui/include/layers/openswmmvislayer.h:440:18: note: overridden virtual function is here
  440 |     virtual void setRenderer(std::unique_ptr<OpenSWMM::Render::IFeatureRenderer>);
      |                  ^
2 warnings generated.
[324/375] Building CXX object tests/gui/CMakeFiles/test_linkflip.dir/__/__/src/ui/widgets/basemaphttpheaderswidget.cpp.o
[325/375] Building CXX object tests/gui/CMakeFiles/test_object_creation_defaults.dir/__/__/src/connections/basemapconnectionstore.cpp.o
[326/375] Building CXX object tests/gui/CMakeFiles/test_object_creation_defaults.dir/__/__/src/layers/xyztilelayer.cpp.o
[327/375] Building CXX object tests/gui/CMakeFiles/test_object_creation_defaults.dir/__/__/src/map/mapcanvas.cpp.o
In file included from /Users/calebbuahin/Documents/Projects/cbuahin_github/openswmm.gui/src/map/mapcanvas.cpp:20:
/Users/calebbuahin/Documents/Projects/cbuahin_github/openswmm.gui/include/layers/gisvectorlayer.h:270:55: warning: 'renderer' overrides a member function but is not marked 'override' [-Winconsistent-missing-override]
  270 |     [[nodiscard]] OpenSWMM::Render::IFeatureRenderer *renderer() const;
      |                                                       ^
/Users/calebbuahin/Documents/Projects/cbuahin_github/openswmm.gui/include/layers/openswmmvislayer.h:434:63: note: overridden virtual function is here
  434 |     [[nodiscard]] virtual OpenSWMM::Render::IFeatureRenderer *renderer() const { return nullptr; }
      |                                                               ^
In file included from /Users/calebbuahin/Documents/Projects/cbuahin_github/openswmm.gui/src/map/mapcanvas.cpp:20:
/Users/calebbuahin/Documents/Projects/cbuahin_github/openswmm.gui/include/layers/gisvectorlayer.h:278:10: warning: 'setRenderer' overrides a member function but is not marked 'override' [-Winconsistent-missing-override]
  278 |     void setRenderer(std::unique_ptr<OpenSWMM::Render::IFeatureRenderer> r);
      |          ^
/Users/calebbuahin/Documents/Projects/cbuahin_github/openswmm.gui/include/layers/openswmmvislayer.h:440:18: note: overridden virtual function is here
  440 |     virtual void setRenderer(std::unique_ptr<OpenSWMM::Render::IFeatureRenderer>);
      |                  ^
In file included from /Users/calebbuahin/Documents/Projects/cbuahin_github/openswmm.gui/src/map/mapcanvas.cpp:31:
/Users/calebbuahin/Documents/Projects/cbuahin_github/openswmm.gui/include/layers/swmm2dresultslayer.h:544:55: warning: 'renderer' overrides a member function but is not marked 'override' [-Winconsistent-missing-override]
  544 |     [[nodiscard]] OpenSWMM::Render::IFeatureRenderer *renderer() const;
      |                                                       ^
/Users/calebbuahin/Documents/Projects/cbuahin_github/openswmm.gui/include/layers/openswmmvislayer.h:434:63: note: overridden virtual function is here
  434 |     [[nodiscard]] virtual OpenSWMM::Render::IFeatureRenderer *renderer() const { return nullptr; }
      |                                                               ^
In file included from /Users/calebbuahin/Documents/Projects/cbuahin_github/openswmm.gui/src/map/mapcanvas.cpp:31:
/Users/calebbuahin/Documents/Projects/cbuahin_github/openswmm.gui/include/layers/swmm2dresultslayer.h:552:10: warning: 'setRenderer' overrides a member function but is not marked 'override' [-Winconsistent-missing-override]
  552 |     void setRenderer(std::unique_ptr<OpenSWMM::Render::IFeatureRenderer> r);
      |          ^
/Users/calebbuahin/Documents/Projects/cbuahin_github/openswmm.gui/include/layers/openswmmvislayer.h:440:18: note: overridden virtual function is here
  440 |     virtual void setRenderer(std::unique_ptr<OpenSWMM::Render::IFeatureRenderer>);
      |                  ^
4 warnings generated.
[328/375] Building CXX object tests/gui/CMakeFiles/test_object_creation_defaults.dir/__/__/src/project/projectserializer.cpp.o
In file included from /Users/calebbuahin/Documents/Projects/cbuahin_github/openswmm.gui/src/project/projectserializer.cpp:12:
/Users/calebbuahin/Documents/Projects/cbuahin_github/openswmm.gui/include/layers/gisvectorlayer.h:270:55: warning: 'renderer' overrides a member function but is not marked 'override' [-Winconsistent-missing-override]
  270 |     [[nodiscard]] OpenSWMM::Render::IFeatureRenderer *renderer() const;
      |                                                       ^
/Users/calebbuahin/Documents/Projects/cbuahin_github/openswmm.gui/include/layers/openswmmvislayer.h:434:63: note: overridden virtual function is here
  434 |     [[nodiscard]] virtual OpenSWMM::Render::IFeatureRenderer *renderer() const { return nullptr; }
      |                                                               ^
In file included from /Users/calebbuahin/Documents/Projects/cbuahin_github/openswmm.gui/src/project/projectserializer.cpp:12:
/Users/calebbuahin/Documents/Projects/cbuahin_github/openswmm.gui/include/layers/gisvectorlayer.h:278:10: warning: 'setRenderer' overrides a member function but is not marked 'override' [-Winconsistent-missing-override]
  278 |     void setRenderer(std::unique_ptr<OpenSWMM::Render::IFeatureRenderer> r);
      |          ^
/Users/calebbuahin/Documents/Projects/cbuahin_github/openswmm.gui/include/layers/openswmmvislayer.h:440:18: note: overridden virtual function is here
  440 |     virtual void setRenderer(std::unique_ptr<OpenSWMM::Render::IFeatureRenderer>);
      |                  ^
In file included from /Users/calebbuahin/Documents/Projects/cbuahin_github/openswmm.gui/src/project/projectserializer.cpp:15:
/Users/calebbuahin/Documents/Projects/cbuahin_github/openswmm.gui/include/layers/swmm2dresultslayer.h:544:55: warning: 'renderer' overrides a member function but is not marked 'override' [-Winconsistent-missing-override]
  544 |     [[nodiscard]] OpenSWMM::Render::IFeatureRenderer *renderer() const;
      |                                                       ^
/Users/calebbuahin/Documents/Projects/cbuahin_github/openswmm.gui/include/layers/openswmmvislayer.h:434:63: note: overridden virtual function is here
  434 |     [[nodiscard]] virtual OpenSWMM::Render::IFeatureRenderer *renderer() const { return nullptr; }
      |                                                               ^
In file included from /Users/calebbuahin/Documents/Projects/cbuahin_github/openswmm.gui/src/project/projectserializer.cpp:15:
/Users/calebbuahin/Documents/Projects/cbuahin_github/openswmm.gui/include/layers/swmm2dresultslayer.h:552:10: warning: 'setRenderer' overrides a member function but is not marked 'override' [-Winconsistent-missing-override]
  552 |     void setRenderer(std::unique_ptr<OpenSWMM::Render::IFeatureRenderer> r);
      |          ^
/Users/calebbuahin/Documents/Projects/cbuahin_github/openswmm.gui/include/layers/openswmmvislayer.h:440:18: note: overridden virtual function is here
  440 |     virtual void setRenderer(std::unique_ptr<OpenSWMM::Render::IFeatureRenderer>);
      |                  ^
In file included from /Users/calebbuahin/Documents/Projects/cbuahin_github/openswmm.gui/src/project/projectserializer.cpp:17:
/Users/calebbuahin/Documents/Projects/cbuahin_github/openswmm.gui/include/layers/swmmresultslayer.h:408:55: warning: 'renderer' overrides a member function but is not marked 'override' [-Winconsistent-missing-override]
  408 |     [[nodiscard]] OpenSWMM::Render::IFeatureRenderer *renderer() const;
      |                                                       ^
/Users/calebbuahin/Documents/Projects/cbuahin_github/openswmm.gui/include/layers/openswmmvislayer.h:434:63: note: overridden virtual function is here
  434 |     [[nodiscard]] virtual OpenSWMM::Render::IFeatureRenderer *renderer() const { return nullptr; }
      |                                                               ^
In file included from /Users/calebbuahin/Documents/Projects/cbuahin_github/openswmm.gui/src/project/projectserializer.cpp:17:
/Users/calebbuahin/Documents/Projects/cbuahin_github/openswmm.gui/include/layers/swmmresultslayer.h:417:10: warning: 'setRenderer' overrides a member function but is not marked 'override' [-Winconsistent-missing-override]
  417 |     void setRenderer(std::unique_ptr<OpenSWMM::Render::IFeatureRenderer> r);
      |          ^
/Users/calebbuahin/Documents/Projects/cbuahin_github/openswmm.gui/include/layers/openswmmvislayer.h:440:18: note: overridden virtual function is here
  440 |     virtual void setRenderer(std::unique_ptr<OpenSWMM::Render::IFeatureRenderer>);
      |                  ^
6 warnings generated.
[329/375] Building CXX object tests/gui/CMakeFiles/test_object_creation_defaults.dir/__/__/src/ui/dialogs/layerstyledialog.cpp.o
In file included from /Users/calebbuahin/Documents/Projects/cbuahin_github/openswmm.gui/src/ui/dialogs/layerstyledialog.cpp:24:
/Users/calebbuahin/Documents/Projects/cbuahin_github/openswmm.gui/include/layers/gisvectorlayer.h:270:55: warning: 'renderer' overrides a member function but is not marked 'override' [-Winconsistent-missing-override]
  270 |     [[nodiscard]] OpenSWMM::Render::IFeatureRenderer *renderer() const;
      |                                                       ^
/Users/calebbuahin/Documents/Projects/cbuahin_github/openswmm.gui/include/layers/openswmmvislayer.h:434:63: note: overridden virtual function is here
  434 |     [[nodiscard]] virtual OpenSWMM::Render::IFeatureRenderer *renderer() const { return nullptr; }
      |                                                               ^
In file included from /Users/calebbuahin/Documents/Projects/cbuahin_github/openswmm.gui/src/ui/dialogs/layerstyledialog.cpp:24:
/Users/calebbuahin/Documents/Projects/cbuahin_github/openswmm.gui/include/layers/gisvectorlayer.h:278:10: warning: 'setRenderer' overrides a member function but is not marked 'override' [-Winconsistent-missing-override]
  278 |     void setRenderer(std::unique_ptr<OpenSWMM::Render::IFeatureRenderer> r);
      |          ^
/Users/calebbuahin/Documents/Projects/cbuahin_github/openswmm.gui/include/layers/openswmmvislayer.h:440:18: note: overridden virtual function is here
  440 |     virtual void setRenderer(std::unique_ptr<OpenSWMM::Render::IFeatureRenderer>);
      |                  ^
In file included from /Users/calebbuahin/Documents/Projects/cbuahin_github/openswmm.gui/src/ui/dialogs/layerstyledialog.cpp:27:
/Users/calebbuahin/Documents/Projects/cbuahin_github/openswmm.gui/include/layers/swmmresultslayer.h:408:55: warning: 'renderer' overrides a member function but is not marked 'override' [-Winconsistent-missing-override]
  408 |     [[nodiscard]] OpenSWMM::Render::IFeatureRenderer *renderer() const;
      |                                                       ^
/Users/calebbuahin/Documents/Projects/cbuahin_github/openswmm.gui/include/layers/openswmmvislayer.h:434:63: note: overridden virtual function is here
  434 |     [[nodiscard]] virtual OpenSWMM::Render::IFeatureRenderer *renderer() const { return nullptr; }
      |                                                               ^
In file included from /Users/calebbuahin/Documents/Projects/cbuahin_github/openswmm.gui/src/ui/dialogs/layerstyledialog.cpp:27:
/Users/calebbuahin/Documents/Projects/cbuahin_github/openswmm.gui/include/layers/swmmresultslayer.h:417:10: warning: 'setRenderer' overrides a member function but is not marked 'override' [-Winconsistent-missing-override]
  417 |     void setRenderer(std::unique_ptr<OpenSWMM::Render::IFeatureRenderer> r);
      |          ^
/Users/calebbuahin/Documents/Projects/cbuahin_github/openswmm.gui/include/layers/openswmmvislayer.h:440:18: note: overridden virtual function is here
  440 |     virtual void setRenderer(std::unique_ptr<OpenSWMM::Render::IFeatureRenderer>);
      |                  ^
In file included from /Users/calebbuahin/Documents/Projects/cbuahin_github/openswmm.gui/src/ui/dialogs/layerstyledialog.cpp:28:
/Users/calebbuahin/Documents/Projects/cbuahin_github/openswmm.gui/include/layers/swmm2dresultslayer.h:544:55: warning: 'renderer' overrides a member function but is not marked 'override' [-Winconsistent-missing-override]
  544 |     [[nodiscard]] OpenSWMM::Render::IFeatureRenderer *renderer() const;
      |                                                       ^
/Users/calebbuahin/Documents/Projects/cbuahin_github/openswmm.gui/include/layers/openswmmvislayer.h:434:63: note: overridden virtual function is here
  434 |     [[nodiscard]] virtual OpenSWMM::Render::IFeatureRenderer *renderer() const { return nullptr; }
      |                                                               ^
In file included from /Users/calebbuahin/Documents/Projects/cbuahin_github/openswmm.gui/src/ui/dialogs/layerstyledialog.cpp:28:
/Users/calebbuahin/Documents/Projects/cbuahin_github/openswmm.gui/include/layers/swmm2dresultslayer.h:552:10: warning: 'setRenderer' overrides a member function but is not marked 'override' [-Winconsistent-missing-override]
  552 |     void setRenderer(std::unique_ptr<OpenSWMM::Render::IFeatureRenderer> r);
      |          ^
/Users/calebbuahin/Documents/Projects/cbuahin_github/openswmm.gui/include/layers/openswmmvislayer.h:440:18: note: overridden virtual function is here
  440 |     virtual void setRenderer(std::unique_ptr<OpenSWMM::Render::IFeatureRenderer>);
      |                  ^
6 warnings generated.
[330/375] Building CXX object tests/gui/CMakeFiles/test_object_creation_defaults.dir/__/__/src/ui/dialogs/addbasemapdialog.cpp.o
In file included from /Users/calebbuahin/Documents/Projects/cbuahin_github/openswmm.gui/src/ui/dialogs/addbasemapdialog.cpp:26:
In file included from /Users/calebbuahin/Documents/Projects/cbuahin_github/openswmm.gui/include/layers/wfslayer.h:27:
/Users/calebbuahin/Documents/Projects/cbuahin_github/openswmm.gui/include/layers/gisvectorlayer.h:270:55: warning: 'renderer' overrides a member function but is not marked 'override' [-Winconsistent-missing-override]
  270 |     [[nodiscard]] OpenSWMM::Render::IFeatureRenderer *renderer() const;
      |                                                       ^
/Users/calebbuahin/Documents/Projects/cbuahin_github/openswmm.gui/include/layers/openswmmvislayer.h:434:63: note: overridden virtual function is here
  434 |     [[nodiscard]] virtual OpenSWMM::Render::IFeatureRenderer *renderer() const { return nullptr; }
      |                                                               ^
In file included from /Users/calebbuahin/Documents/Projects/cbuahin_github/openswmm.gui/src/ui/dialogs/addbasemapdialog.cpp:26:
In file included from /Users/calebbuahin/Documents/Projects/cbuahin_github/openswmm.gui/include/layers/wfslayer.h:27:
/Users/calebbuahin/Documents/Projects/cbuahin_github/openswmm.gui/include/layers/gisvectorlayer.h:278:10: warning: 'setRenderer' overrides a member function but is not marked 'override' [-Winconsistent-missing-override]
  278 |     void setRenderer(std::unique_ptr<OpenSWMM::Render::IFeatureRenderer> r);
      |          ^
/Users/calebbuahin/Documents/Projects/cbuahin_github/openswmm.gui/include/layers/openswmmvislayer.h:440:18: note: overridden virtual function is here
  440 |     virtual void setRenderer(std::unique_ptr<OpenSWMM::Render::IFeatureRenderer>);
      |                  ^
2 warnings generated.
[331/375] Building CXX object tests/gui/CMakeFiles/test_object_creation_defaults.dir/__/__/src/ui/widgets/basemaphttpheaderswidget.cpp.o
[332/375] Building CXX object tests/gui/CMakeFiles/test_bulkdelete.dir/__/__/src/swmmvis.cpp.o
In file included from /Users/calebbuahin/Documents/Projects/cbuahin_github/openswmm.gui/src/swmmvis.cpp:76:
In file included from /Users/calebbuahin/Documents/Projects/cbuahin_github/openswmm.gui/include/ui/dialogs/sublayerselectiondialog.h:19:
/Users/calebbuahin/Documents/Projects/cbuahin_github/openswmm.gui/include/layers/gisvectorlayer.h:270:55: warning: 'renderer' overrides a member function but is not marked 'override' [-Winconsistent-missing-override]
  270 |     [[nodiscard]] OpenSWMM::Render::IFeatureRenderer *renderer() const;
      |                                                       ^
/Users/calebbuahin/Documents/Projects/cbuahin_github/openswmm.gui/include/layers/openswmmvislayer.h:434:63: note: overridden virtual function is here
  434 |     [[nodiscard]] virtual OpenSWMM::Render::IFeatureRenderer *renderer() const { return nullptr; }
      |                                                               ^
In file included from /Users/calebbuahin/Documents/Projects/cbuahin_github/openswmm.gui/src/swmmvis.cpp:76:
In file included from /Users/calebbuahin/Documents/Projects/cbuahin_github/openswmm.gui/include/ui/dialogs/sublayerselectiondialog.h:19:
/Users/calebbuahin/Documents/Projects/cbuahin_github/openswmm.gui/include/layers/gisvectorlayer.h:278:10: warning: 'setRenderer' overrides a member function but is not marked 'override' [-Winconsistent-missing-override]
  278 |     void setRenderer(std::unique_ptr<OpenSWMM::Render::IFeatureRenderer> r);
      |          ^
/Users/calebbuahin/Documents/Projects/cbuahin_github/openswmm.gui/include/layers/openswmmvislayer.h:440:18: note: overridden virtual function is here
  440 |     virtual void setRenderer(std::unique_ptr<OpenSWMM::Render::IFeatureRenderer>);
      |                  ^
In file included from /Users/calebbuahin/Documents/Projects/cbuahin_github/openswmm.gui/src/swmmvis.cpp:89:
/Users/calebbuahin/Documents/Projects/cbuahin_github/openswmm.gui/include/core/swmmdatetime.h:61:12: warning: 'QDateTime' is deprecated: Pass QTimeZone instead [-Wdeprecated-declarations]
   61 |     return QDateTime(date, QTime(h, mi, s), Qt::UTC);
      |            ^
/Users/calebbuahin/Qt/6.9.3/macos/lib/QtCore.framework/Headers/qdatetime.h:361:5: note: 'QDateTime' has been explicitly marked deprecated here
  361 |     QT_DEPRECATED_VERSION_X_6_9("Pass QTimeZone instead")
      |     ^
/Users/calebbuahin/Qt/6.9.3/macos/lib/QtCore.framework/Headers/qtdeprecationmarkers.h:213:44: note: expanded from macro 'QT_DEPRECATED_VERSION_X_6_9'
  213 | # define QT_DEPRECATED_VERSION_X_6_9(text) QT_DEPRECATED_X(text)
      |                                            ^
/Users/calebbuahin/Qt/6.9.3/macos/lib/QtCore.framework/Headers/qtdeprecationmarkers.h:29:33: note: expanded from macro 'QT_DEPRECATED_X'
   29 | #  define QT_DEPRECATED_X(text) Q_DECL_DEPRECATED_X(text)
      |                                 ^
/Users/calebbuahin/Qt/6.9.3/macos/lib/QtCore.framework/Headers/qcompilerdetection.h:1011:36: note: expanded from macro 'Q_DECL_DEPRECATED_X'
 1011 | #  define Q_DECL_DEPRECATED_X(x) [[deprecated(x)]]
      |                                    ^
In file included from /Users/calebbuahin/Documents/Projects/cbuahin_github/openswmm.gui/src/swmmvis.cpp:89:
/Users/calebbuahin/Documents/Projects/cbuahin_github/openswmm.gui/include/core/swmmdatetime.h:61:12: warning: 'QDateTime' is deprecated: Pass QTimeZone instead [-Wdeprecated-declarations]
   61 |     return QDateTime(date, QTime(h, mi, s), Qt::UTC);
      |            ^
/Users/calebbuahin/Qt/6.9.3/macos/lib/QtCore.framework/Headers/qdatetime.h:361:5: note: 'QDateTime' has been explicitly marked deprecated here
  361 |     QT_DEPRECATED_VERSION_X_6_9("Pass QTimeZone instead")
      |     ^
/Users/calebbuahin/Qt/6.9.3/macos/lib/QtCore.framework/Headers/qtdeprecationmarkers.h:213:44: note: expanded from macro 'QT_DEPRECATED_VERSION_X_6_9'
  213 | # define QT_DEPRECATED_VERSION_X_6_9(text) QT_DEPRECATED_X(text)
      |                                            ^
/Users/calebbuahin/Qt/6.9.3/macos/lib/QtCore.framework/Headers/qtdeprecationmarkers.h:29:33: note: expanded from macro 'QT_DEPRECATED_X'
   29 | #  define QT_DEPRECATED_X(text) Q_DECL_DEPRECATED_X(text)
      |                                 ^
/Users/calebbuahin/Qt/6.9.3/macos/lib/QtCore.framework/Headers/qcompilerdetection.h:1011:36: note: expanded from macro 'Q_DECL_DEPRECATED_X'
 1011 | #  define Q_DECL_DEPRECATED_X(x) [[deprecated(x)]]
      |                                    ^
In file included from /Users/calebbuahin/Documents/Projects/cbuahin_github/openswmm.gui/src/swmmvis.cpp:136:
/Users/calebbuahin/Documents/Projects/cbuahin_github/openswmm.gui/include/layers/swmmresultslayer.h:408:55: warning: 'renderer' overrides a member function but is not marked 'override' [-Winconsistent-missing-override]
  408 |     [[nodiscard]] OpenSWMM::Render::IFeatureRenderer *renderer() const;
      |                                                       ^
/Users/calebbuahin/Documents/Projects/cbuahin_github/openswmm.gui/include/layers/openswmmvislayer.h:434:63: note: overridden virtual function is here
  434 |     [[nodiscard]] virtual OpenSWMM::Render::IFeatureRenderer *renderer() const { return nullptr; }
      |                                                               ^
In file included from /Users/calebbuahin/Documents/Projects/cbuahin_github/openswmm.gui/src/swmmvis.cpp:136:
/Users/calebbuahin/Documents/Projects/cbuahin_github/openswmm.gui/include/layers/swmmresultslayer.h:417:10: warning: 'setRenderer' overrides a member function but is not marked 'override' [-Winconsistent-missing-override]
  417 |     void setRenderer(std::unique_ptr<OpenSWMM::Render::IFeatureRenderer> r);
      |          ^
/Users/calebbuahin/Documents/Projects/cbuahin_github/openswmm.gui/include/layers/openswmmvislayer.h:440:18: note: overridden virtual function is here
  440 |     virtual void setRenderer(std::unique_ptr<OpenSWMM::Render::IFeatureRenderer>);
      |                  ^
In file included from /Users/calebbuahin/Documents/Projects/cbuahin_github/openswmm.gui/src/swmmvis.cpp:194:
/Users/calebbuahin/Documents/Projects/cbuahin_github/openswmm.gui/include/layers/swmm2dresultslayer.h:544:55: warning: 'renderer' overrides a member function but is not marked 'override' [-Winconsistent-missing-override]
  544 |     [[nodiscard]] OpenSWMM::Render::IFeatureRenderer *renderer() const;
      |                                                       ^
/Users/calebbuahin/Documents/Projects/cbuahin_github/openswmm.gui/include/layers/openswmmvislayer.h:434:63: note: overridden virtual function is here
  434 |     [[nodiscard]] virtual OpenSWMM::Render::IFeatureRenderer *renderer() const { return nullptr; }
      |                                                               ^
In file included from /Users/calebbuahin/Documents/Projects/cbuahin_github/openswmm.gui/src/swmmvis.cpp:194:
/Users/calebbuahin/Documents/Projects/cbuahin_github/openswmm.gui/include/layers/swmm2dresultslayer.h:552:10: warning: 'setRenderer' overrides a member function but is not marked 'override' [-Winconsistent-missing-override]
  552 |     void setRenderer(std::unique_ptr<OpenSWMM::Render::IFeatureRenderer> r);
      |          ^
/Users/calebbuahin/Documents/Projects/cbuahin_github/openswmm.gui/include/layers/openswmmvislayer.h:440:18: note: overridden virtual function is here
  440 |     virtual void setRenderer(std::unique_ptr<OpenSWMM::Render::IFeatureRenderer>);
      |                  ^
8 warnings generated.
[333/375] Linking CXX executable tests/unit/test_basemapconnectionstore
ld: warning: ignoring duplicate libraries: 'vcpkg_installed/arm64-osx/lib/libgtest.a'
[334/375] Linking CXX executable tests/gui/test_arcgisrestrendering
ld: warning: ignoring duplicate libraries: '-ldl', '-lm', 'vcpkg_installed/arm64-osx/lib/libz.a'
[335/375] Building CXX object tests/gui/CMakeFiles/test_selectionops.dir/test_selectionops_autogen/mocs_compilation.cpp.o
In file included from /Users/calebbuahin/Documents/Projects/cbuahin_github/openswmm.gui/build/tests/gui/test_selectionops_autogen/mocs_compilation.cpp:2:
In file included from /Users/calebbuahin/Documents/Projects/cbuahin_github/openswmm.gui/build/tests/gui/test_selectionops_autogen/MAYCBHTXLP/moc_animationcontroller.cpp:9:
In file included from /Users/calebbuahin/Documents/Projects/cbuahin_github/openswmm.gui/build/tests/gui/test_selectionops_autogen/MAYCBHTXLP/../../../../../include/animation/animationcontroller.h:33:
/Users/calebbuahin/Documents/Projects/cbuahin_github/openswmm.gui/include/layers/swmm2dresultslayer.h:544:55: warning: 'renderer' overrides a member function but is not marked 'override' [-Winconsistent-missing-override]
  544 |     [[nodiscard]] OpenSWMM::Render::IFeatureRenderer *renderer() const;
      |                                                       ^
/Users/calebbuahin/Documents/Projects/cbuahin_github/openswmm.gui/include/layers/openswmmvislayer.h:434:63: note: overridden virtual function is here
  434 |     [[nodiscard]] virtual OpenSWMM::Render::IFeatureRenderer *renderer() const { return nullptr; }
      |                                                               ^
In file included from /Users/calebbuahin/Documents/Projects/cbuahin_github/openswmm.gui/build/tests/gui/test_selectionops_autogen/mocs_compilation.cpp:2:
In file included from /Users/calebbuahin/Documents/Projects/cbuahin_github/openswmm.gui/build/tests/gui/test_selectionops_autogen/MAYCBHTXLP/moc_animationcontroller.cpp:9:
In file included from /Users/calebbuahin/Documents/Projects/cbuahin_github/openswmm.gui/build/tests/gui/test_selectionops_autogen/MAYCBHTXLP/../../../../../include/animation/animationcontroller.h:33:
/Users/calebbuahin/Documents/Projects/cbuahin_github/openswmm.gui/include/layers/swmm2dresultslayer.h:552:10: warning: 'setRenderer' overrides a member function but is not marked 'override' [-Winconsistent-missing-override]
  552 |     void setRenderer(std::unique_ptr<OpenSWMM::Render::IFeatureRenderer> r);
      |          ^
/Users/calebbuahin/Documents/Projects/cbuahin_github/openswmm.gui/include/layers/openswmmvislayer.h:440:18: note: overridden virtual function is here
  440 |     virtual void setRenderer(std::unique_ptr<OpenSWMM::Render::IFeatureRenderer>);
      |                  ^
In file included from /Users/calebbuahin/Documents/Projects/cbuahin_github/openswmm.gui/build/tests/gui/test_selectionops_autogen/mocs_compilation.cpp:28:
In file included from /Users/calebbuahin/Documents/Projects/cbuahin_github/openswmm.gui/build/tests/gui/test_selectionops_autogen/COIIM6MLNP/moc_gisvectorlayer.cpp:9:
/Users/calebbuahin/Documents/Projects/cbuahin_github/openswmm.gui/build/tests/gui/test_selectionops_autogen/COIIM6MLNP/../../../../../include/layers/gisvectorlayer.h:270:55: warning: 'renderer' overrides a member function but is not marked 'override' [-Winconsistent-missing-override]
  270 |     [[nodiscard]] OpenSWMM::Render::IFeatureRenderer *renderer() const;
      |                                                       ^
/Users/calebbuahin/Documents/Projects/cbuahin_github/openswmm.gui/include/layers/openswmmvislayer.h:434:63: note: overridden virtual function is here
  434 |     [[nodiscard]] virtual OpenSWMM::Render::IFeatureRenderer *renderer() const { return nullptr; }
      |                                                               ^
In file included from /Users/calebbuahin/Documents/Projects/cbuahin_github/openswmm.gui/build/tests/gui/test_selectionops_autogen/mocs_compilation.cpp:28:
In file included from /Users/calebbuahin/Documents/Projects/cbuahin_github/openswmm.gui/build/tests/gui/test_selectionops_autogen/COIIM6MLNP/moc_gisvectorlayer.cpp:9:
/Users/calebbuahin/Documents/Projects/cbuahin_github/openswmm.gui/build/tests/gui/test_selectionops_autogen/COIIM6MLNP/../../../../../include/layers/gisvectorlayer.h:278:10: warning: 'setRenderer' overrides a member function but is not marked 'override' [-Winconsistent-missing-override]
  278 |     void setRenderer(std::unique_ptr<OpenSWMM::Render::IFeatureRenderer> r);
      |          ^
/Users/calebbuahin/Documents/Projects/cbuahin_github/openswmm.gui/include/layers/openswmmvislayer.h:440:18: note: overridden virtual function is here
  440 |     virtual void setRenderer(std::unique_ptr<OpenSWMM::Render::IFeatureRenderer>);
      |                  ^
In file included from /Users/calebbuahin/Documents/Projects/cbuahin_github/openswmm.gui/build/tests/gui/test_selectionops_autogen/mocs_compilation.cpp:36:
In file included from /Users/calebbuahin/Documents/Projects/cbuahin_github/openswmm.gui/build/tests/gui/test_selectionops_autogen/COIIM6MLNP/moc_swmmresultslayer.cpp:9:
/Users/calebbuahin/Documents/Projects/cbuahin_github/openswmm.gui/build/tests/gui/test_selectionops_autogen/COIIM6MLNP/../../../../../include/layers/swmmresultslayer.h:408:55: warning: 'renderer' overrides a member function but is not marked 'override' [-Winconsistent-missing-override]
  408 |     [[nodiscard]] OpenSWMM::Render::IFeatureRenderer *renderer() const;
      |                                                       ^
/Users/calebbuahin/Documents/Projects/cbuahin_github/openswmm.gui/include/layers/openswmmvislayer.h:434:63: note: overridden virtual function is here
  434 |     [[nodiscard]] virtual OpenSWMM::Render::IFeatureRenderer *renderer() const { return nullptr; }
      |                                                               ^
In file included from /Users/calebbuahin/Documents/Projects/cbuahin_github/openswmm.gui/build/tests/gui/test_selectionops_autogen/mocs_compilation.cpp:36:
In file included from /Users/calebbuahin/Documents/Projects/cbuahin_github/openswmm.gui/build/tests/gui/test_selectionops_autogen/COIIM6MLNP/moc_swmmresultslayer.cpp:9:
/Users/calebbuahin/Documents/Projects/cbuahin_github/openswmm.gui/build/tests/gui/test_selectionops_autogen/COIIM6MLNP/../../../../../include/layers/swmmresultslayer.h:417:10: warning: 'setRenderer' overrides a member function but is not marked 'override' [-Winconsistent-missing-override]
  417 |     void setRenderer(std::unique_ptr<OpenSWMM::Render::IFeatureRenderer> r);
      |          ^
/Users/calebbuahin/Documents/Projects/cbuahin_github/openswmm.gui/include/layers/openswmmvislayer.h:440:18: note: overridden virtual function is here
  440 |     virtual void setRenderer(std::unique_ptr<OpenSWMM::Render::IFeatureRenderer>);
      |                  ^
6 warnings generated.
[336/375] Linking CXX executable tests/gui/test_typedselection
ld: warning: ignoring duplicate libraries: '-ldl', '-lm', 'vcpkg_installed/arm64-osx/debug/lib/libcrypto.a', 'vcpkg_installed/arm64-osx/debug/lib/libssl.a', 'vcpkg_installed/arm64-osx/lib/libz.a'
[337/375] Linking CXX executable tests/gui/test_objectbrowser_tree_refresh
ld: warning: ignoring duplicate libraries: '-ldl', '-lm', 'vcpkg_installed/arm64-osx/debug/lib/libcrypto.a', 'vcpkg_installed/arm64-osx/debug/lib/libssl.a', 'vcpkg_installed/arm64-osx/lib/libz.a'
[338/375] Linking CXX executable tests/gui/test_asyncload
ld: warning: ignoring duplicate libraries: '-ldl', '-lm', 'vcpkg_installed/arm64-osx/debug/lib/libcrypto.a', 'vcpkg_installed/arm64-osx/debug/lib/libssl.a', 'vcpkg_installed/arm64-osx/lib/libz.a'
[339/375] Linking CXX executable tests/gui/test_registry_rename
ld: warning: ignoring duplicate libraries: '-ldl', '-lm', 'vcpkg_installed/arm64-osx/debug/lib/libcrypto.a', 'vcpkg_installed/arm64-osx/debug/lib/libssl.a', 'vcpkg_installed/arm64-osx/lib/libz.a'
[340/375] Linking CXX executable tests/gui/test_dirtytracking_run
ld: warning: ignoring duplicate libraries: '-ldl', '-lm', 'vcpkg_installed/arm64-osx/debug/lib/libcrypto.a', 'vcpkg_installed/arm64-osx/debug/lib/libssl.a', 'vcpkg_installed/arm64-osx/lib/libz.a'
[341/375] Linking CXX executable tests/gui/test_meshsavedirty
ld: warning: ignoring duplicate libraries: '-ldl', '-lm', 'vcpkg_installed/arm64-osx/debug/lib/libcrypto.a', 'vcpkg_installed/arm64-osx/debug/lib/libssl.a', 'vcpkg_installed/arm64-osx/lib/libz.a'
[342/375] Linking CXX executable tests/gui/test_meshimport
ld: warning: ignoring duplicate libraries: '-ldl', '-lm', 'vcpkg_installed/arm64-osx/debug/lib/libcrypto.a', 'vcpkg_installed/arm64-osx/debug/lib/libssl.a', 'vcpkg_installed/arm64-osx/lib/libz.a'
[343/375] Linking CXX executable tests/gui/test_2dresults_vizfixes
ld: warning: ignoring duplicate libraries: '-ldl', '-lm', 'vcpkg_installed/arm64-osx/debug/lib/libcrypto.a', 'vcpkg_installed/arm64-osx/debug/lib/libssl.a', 'vcpkg_installed/arm64-osx/lib/libz.a'
[344/375] Linking CXX executable tests/gui/test_meshmincelldialog
ld: warning: ignoring duplicate libraries: '-ldl', '-lm', 'vcpkg_installed/arm64-osx/debug/lib/libcrypto.a', 'vcpkg_installed/arm64-osx/debug/lib/libssl.a', 'vcpkg_installed/arm64-osx/lib/libz.a'
[345/375] Linking CXX executable tests/gui/test_gageassignintegration
ld: warning: ignoring duplicate libraries: '-ldl', '-lm', 'vcpkg_installed/arm64-osx/debug/lib/libcrypto.a', 'vcpkg_installed/arm64-osx/debug/lib/libssl.a', 'vcpkg_installed/arm64-osx/lib/libz.a'
[346/375] Linking CXX executable tests/gui/test_namelookup_precedence
ld: warning: ignoring duplicate libraries: '-ldl', '-lm', 'vcpkg_installed/arm64-osx/debug/lib/libcrypto.a', 'vcpkg_installed/arm64-osx/debug/lib/libssl.a', 'vcpkg_installed/arm64-osx/lib/libz.a'
[347/375] Linking CXX executable tests/gui/test_a11y_scene_exposure
ld: warning: ignoring duplicate libraries: '-ldl', '-lm', 'vcpkg_installed/arm64-osx/debug/lib/libcrypto.a', 'vcpkg_installed/arm64-osx/debug/lib/libssl.a', 'vcpkg_installed/arm64-osx/lib/libz.a'
[348/375] Linking CXX executable tests/gui/test_linkgrid_outliers
ld: warning: ignoring duplicate libraries: '-ldl', '-lm', 'vcpkg_installed/arm64-osx/debug/lib/libcrypto.a', 'vcpkg_installed/arm64-osx/debug/lib/libssl.a', 'vcpkg_installed/arm64-osx/lib/libz.a'
[349/375] Linking CXX executable tests/gui/test_meshperf_baseline
ld: warning: ignoring duplicate libraries: '-ldl', '-lm', 'vcpkg_installed/arm64-osx/debug/lib/libcrypto.a', 'vcpkg_installed/arm64-osx/debug/lib/libssl.a', 'vcpkg_installed/arm64-osx/lib/libz.a'
[350/375] Linking CXX executable tests/gui/test_attrtableperf_baseline
ld: warning: ignoring duplicate libraries: '-ldl', '-lm', 'vcpkg_installed/arm64-osx/debug/lib/libcrypto.a', 'vcpkg_installed/arm64-osx/debug/lib/libssl.a', 'vcpkg_installed/arm64-osx/lib/libz.a'
[351/375] Linking CXX executable tests/gui/test_meshasyncload
ld: warning: ignoring duplicate libraries: '-ldl', '-lm', 'vcpkg_installed/arm64-osx/debug/lib/libcrypto.a', 'vcpkg_installed/arm64-osx/debug/lib/libssl.a', 'vcpkg_installed/arm64-osx/lib/libz.a'
[352/375] Building CXX object tests/gui/CMakeFiles/test_linkflip.dir/__/__/src/swmmvis.cpp.o
In file included from /Users/calebbuahin/Documents/Projects/cbuahin_github/openswmm.gui/src/swmmvis.cpp:76:
In file included from /Users/calebbuahin/Documents/Projects/cbuahin_github/openswmm.gui/include/ui/dialogs/sublayerselectiondialog.h:19:
/Users/calebbuahin/Documents/Projects/cbuahin_github/openswmm.gui/include/layers/gisvectorlayer.h:270:55: warning: 'renderer' overrides a member function but is not marked 'override' [-Winconsistent-missing-override]
  270 |     [[nodiscard]] OpenSWMM::Render::IFeatureRenderer *renderer() const;
      |                                                       ^
/Users/calebbuahin/Documents/Projects/cbuahin_github/openswmm.gui/include/layers/openswmmvislayer.h:434:63: note: overridden virtual function is here
  434 |     [[nodiscard]] virtual OpenSWMM::Render::IFeatureRenderer *renderer() const { return nullptr; }
      |                                                               ^
In file included from /Users/calebbuahin/Documents/Projects/cbuahin_github/openswmm.gui/src/swmmvis.cpp:76:
In file included from /Users/calebbuahin/Documents/Projects/cbuahin_github/openswmm.gui/include/ui/dialogs/sublayerselectiondialog.h:19:
/Users/calebbuahin/Documents/Projects/cbuahin_github/openswmm.gui/include/layers/gisvectorlayer.h:278:10: warning: 'setRenderer' overrides a member function but is not marked 'override' [-Winconsistent-missing-override]
  278 |     void setRenderer(std::unique_ptr<OpenSWMM::Render::IFeatureRenderer> r);
      |          ^
/Users/calebbuahin/Documents/Projects/cbuahin_github/openswmm.gui/include/layers/openswmmvislayer.h:440:18: note: overridden virtual function is here
  440 |     virtual void setRenderer(std::unique_ptr<OpenSWMM::Render::IFeatureRenderer>);
      |                  ^
In file included from /Users/calebbuahin/Documents/Projects/cbuahin_github/openswmm.gui/src/swmmvis.cpp:89:
/Users/calebbuahin/Documents/Projects/cbuahin_github/openswmm.gui/include/core/swmmdatetime.h:61:12: warning: 'QDateTime' is deprecated: Pass QTimeZone instead [-Wdeprecated-declarations]
   61 |     return QDateTime(date, QTime(h, mi, s), Qt::UTC);
      |            ^
/Users/calebbuahin/Qt/6.9.3/macos/lib/QtCore.framework/Headers/qdatetime.h:361:5: note: 'QDateTime' has been explicitly marked deprecated here
  361 |     QT_DEPRECATED_VERSION_X_6_9("Pass QTimeZone instead")
      |     ^
/Users/calebbuahin/Qt/6.9.3/macos/lib/QtCore.framework/Headers/qtdeprecationmarkers.h:213:44: note: expanded from macro 'QT_DEPRECATED_VERSION_X_6_9'
  213 | # define QT_DEPRECATED_VERSION_X_6_9(text) QT_DEPRECATED_X(text)
      |                                            ^
/Users/calebbuahin/Qt/6.9.3/macos/lib/QtCore.framework/Headers/qtdeprecationmarkers.h:29:33: note: expanded from macro 'QT_DEPRECATED_X'
   29 | #  define QT_DEPRECATED_X(text) Q_DECL_DEPRECATED_X(text)
      |                                 ^
/Users/calebbuahin/Qt/6.9.3/macos/lib/QtCore.framework/Headers/qcompilerdetection.h:1011:36: note: expanded from macro 'Q_DECL_DEPRECATED_X'
 1011 | #  define Q_DECL_DEPRECATED_X(x) [[deprecated(x)]]
      |                                    ^
In file included from /Users/calebbuahin/Documents/Projects/cbuahin_github/openswmm.gui/src/swmmvis.cpp:89:
/Users/calebbuahin/Documents/Projects/cbuahin_github/openswmm.gui/include/core/swmmdatetime.h:61:12: warning: 'QDateTime' is deprecated: Pass QTimeZone instead [-Wdeprecated-declarations]
   61 |     return QDateTime(date, QTime(h, mi, s), Qt::UTC);
      |            ^
/Users/calebbuahin/Qt/6.9.3/macos/lib/QtCore.framework/Headers/qdatetime.h:361:5: note: 'QDateTime' has been explicitly marked deprecated here
  361 |     QT_DEPRECATED_VERSION_X_6_9("Pass QTimeZone instead")
      |     ^
/Users/calebbuahin/Qt/6.9.3/macos/lib/QtCore.framework/Headers/qtdeprecationmarkers.h:213:44: note: expanded from macro 'QT_DEPRECATED_VERSION_X_6_9'
  213 | # define QT_DEPRECATED_VERSION_X_6_9(text) QT_DEPRECATED_X(text)
      |                                            ^
/Users/calebbuahin/Qt/6.9.3/macos/lib/QtCore.framework/Headers/qtdeprecationmarkers.h:29:33: note: expanded from macro 'QT_DEPRECATED_X'
   29 | #  define QT_DEPRECATED_X(text) Q_DECL_DEPRECATED_X(text)
      |                                 ^
/Users/calebbuahin/Qt/6.9.3/macos/lib/QtCore.framework/Headers/qcompilerdetection.h:1011:36: note: expanded from macro 'Q_DECL_DEPRECATED_X'
 1011 | #  define Q_DECL_DEPRECATED_X(x) [[deprecated(x)]]
      |                                    ^
In file included from /Users/calebbuahin/Documents/Projects/cbuahin_github/openswmm.gui/src/swmmvis.cpp:136:
/Users/calebbuahin/Documents/Projects/cbuahin_github/openswmm.gui/include/layers/swmmresultslayer.h:408:55: warning: 'renderer' overrides a member function but is not marked 'override' [-Winconsistent-missing-override]
  408 |     [[nodiscard]] OpenSWMM::Render::IFeatureRenderer *renderer() const;
      |                                                       ^
/Users/calebbuahin/Documents/Projects/cbuahin_github/openswmm.gui/include/layers/openswmmvislayer.h:434:63: note: overridden virtual function is here
  434 |     [[nodiscard]] virtual OpenSWMM::Render::IFeatureRenderer *renderer() const { return nullptr; }
      |                                                               ^
In file included from /Users/calebbuahin/Documents/Projects/cbuahin_github/openswmm.gui/src/swmmvis.cpp:136:
/Users/calebbuahin/Documents/Projects/cbuahin_github/openswmm.gui/include/layers/swmmresultslayer.h:417:10: warning: 'setRenderer' overrides a member function but is not marked 'override' [-Winconsistent-missing-override]
  417 |     void setRenderer(std::unique_ptr<OpenSWMM::Render::IFeatureRenderer> r);
      |          ^
/Users/calebbuahin/Documents/Projects/cbuahin_github/openswmm.gui/include/layers/openswmmvislayer.h:440:18: note: overridden virtual function is here
  440 |     virtual void setRenderer(std::unique_ptr<OpenSWMM::Render::IFeatureRenderer>);
      |                  ^
In file included from /Users/calebbuahin/Documents/Projects/cbuahin_github/openswmm.gui/src/swmmvis.cpp:194:
/Users/calebbuahin/Documents/Projects/cbuahin_github/openswmm.gui/include/layers/swmm2dresultslayer.h:544:55: warning: 'renderer' overrides a member function but is not marked 'override' [-Winconsistent-missing-override]
  544 |     [[nodiscard]] OpenSWMM::Render::IFeatureRenderer *renderer() const;
      |                                                       ^
/Users/calebbuahin/Documents/Projects/cbuahin_github/openswmm.gui/include/layers/openswmmvislayer.h:434:63: note: overridden virtual function is here
  434 |     [[nodiscard]] virtual OpenSWMM::Render::IFeatureRenderer *renderer() const { return nullptr; }
      |                                                               ^
In file included from /Users/calebbuahin/Documents/Projects/cbuahin_github/openswmm.gui/src/swmmvis.cpp:194:
/Users/calebbuahin/Documents/Projects/cbuahin_github/openswmm.gui/include/layers/swmm2dresultslayer.h:552:10: warning: 'setRenderer' overrides a member function but is not marked 'override' [-Winconsistent-missing-override]
  552 |     void setRenderer(std::unique_ptr<OpenSWMM::Render::IFeatureRenderer> r);
      |          ^
/Users/calebbuahin/Documents/Projects/cbuahin_github/openswmm.gui/include/layers/openswmmvislayer.h:440:18: note: overridden virtual function is here
  440 |     virtual void setRenderer(std::unique_ptr<OpenSWMM::Render::IFeatureRenderer>);
      |                  ^
8 warnings generated.
[353/375] Linking CXX executable tests/gui/test_meshcommands_vertex_edge
ld: warning: ignoring duplicate libraries: '-ldl', '-lm', 'vcpkg_installed/arm64-osx/debug/lib/libcrypto.a', 'vcpkg_installed/arm64-osx/debug/lib/libssl.a', 'vcpkg_installed/arm64-osx/lib/libz.a'
[354/375] Linking CXX executable tests/gui/test_mesheditingtoolbar_bc
ld: warning: ignoring duplicate libraries: '-ldl', '-lm', 'vcpkg_installed/arm64-osx/debug/lib/libcrypto.a', 'vcpkg_installed/arm64-osx/debug/lib/libssl.a', 'vcpkg_installed/arm64-osx/lib/libz.a'
[355/375] Linking CXX executable tests/gui/test_meshboundarypath
ld: warning: ignoring duplicate libraries: '-ldl', '-lm', 'vcpkg_installed/arm64-osx/debug/lib/libcrypto.a', 'vcpkg_installed/arm64-osx/debug/lib/libssl.a', 'vcpkg_installed/arm64-osx/lib/libz.a'
[356/375] Linking CXX executable tests/gui/test_gisselectionsync
ld: warning: ignoring duplicate libraries: '-ldl', '-lm', 'vcpkg_installed/arm64-osx/debug/lib/libcrypto.a', 'vcpkg_installed/arm64-osx/debug/lib/libssl.a', 'vcpkg_installed/arm64-osx/lib/libz.a'
[357/375] Linking CXX executable tests/gui/test_gisrastercrs
ld: warning: ignoring duplicate libraries: '-ldl', '-lm', 'vcpkg_installed/arm64-osx/debug/lib/libcrypto.a', 'vcpkg_installed/arm64-osx/debug/lib/libssl.a', 'vcpkg_installed/arm64-osx/lib/libz.a'
[358/375] Linking CXX executable tests/gui/test_gisvectorpopulate
ld: warning: ignoring duplicate libraries: '-ldl', '-lm', 'vcpkg_installed/arm64-osx/debug/lib/libcrypto.a', 'vcpkg_installed/arm64-osx/debug/lib/libssl.a', 'vcpkg_installed/arm64-osx/lib/libz.a'
[359/375] Building CXX object tests/gui/CMakeFiles/test_bulkdelete.dir/test_bulkdelete_autogen/mocs_compilation.cpp.o
In file included from /Users/calebbuahin/Documents/Projects/cbuahin_github/openswmm.gui/build/tests/gui/test_bulkdelete_autogen/mocs_compilation.cpp:2:
In file included from /Users/calebbuahin/Documents/Projects/cbuahin_github/openswmm.gui/build/tests/gui/test_bulkdelete_autogen/MAYCBHTXLP/moc_animationcontroller.cpp:9:
In file included from /Users/calebbuahin/Documents/Projects/cbuahin_github/openswmm.gui/build/tests/gui/test_bulkdelete_autogen/MAYCBHTXLP/../../../../../include/animation/animationcontroller.h:33:
/Users/calebbuahin/Documents/Projects/cbuahin_github/openswmm.gui/include/layers/swmm2dresultslayer.h:544:55: warning: 'renderer' overrides a member function but is not marked 'override' [-Winconsistent-missing-override]
  544 |     [[nodiscard]] OpenSWMM::Render::IFeatureRenderer *renderer() const;
      |                                                       ^
/Users/calebbuahin/Documents/Projects/cbuahin_github/openswmm.gui/include/layers/openswmmvislayer.h:434:63: note: overridden virtual function is here
  434 |     [[nodiscard]] virtual OpenSWMM::Render::IFeatureRenderer *renderer() const { return nullptr; }
      |                                                               ^
In file included from /Users/calebbuahin/Documents/Projects/cbuahin_github/openswmm.gui/build/tests/gui/test_bulkdelete_autogen/mocs_compilation.cpp:2:
In file included from /Users/calebbuahin/Documents/Projects/cbuahin_github/openswmm.gui/build/tests/gui/test_bulkdelete_autogen/MAYCBHTXLP/moc_animationcontroller.cpp:9:
In file included from /Users/calebbuahin/Documents/Projects/cbuahin_github/openswmm.gui/build/tests/gui/test_bulkdelete_autogen/MAYCBHTXLP/../../../../../include/animation/animationcontroller.h:33:
/Users/calebbuahin/Documents/Projects/cbuahin_github/openswmm.gui/include/layers/swmm2dresultslayer.h:552:10: warning: 'setRenderer' overrides a member function but is not marked 'override' [-Winconsistent-missing-override]
  552 |     void setRenderer(std::unique_ptr<OpenSWMM::Render::IFeatureRenderer> r);
      |          ^
/Users/calebbuahin/Documents/Projects/cbuahin_github/openswmm.gui/include/layers/openswmmvislayer.h:440:18: note: overridden virtual function is here
  440 |     virtual void setRenderer(std::unique_ptr<OpenSWMM::Render::IFeatureRenderer>);
      |                  ^
In file included from /Users/calebbuahin/Documents/Projects/cbuahin_github/openswmm.gui/build/tests/gui/test_bulkdelete_autogen/mocs_compilation.cpp:28:
In file included from /Users/calebbuahin/Documents/Projects/cbuahin_github/openswmm.gui/build/tests/gui/test_bulkdelete_autogen/COIIM6MLNP/moc_gisvectorlayer.cpp:9:
/Users/calebbuahin/Documents/Projects/cbuahin_github/openswmm.gui/build/tests/gui/test_bulkdelete_autogen/COIIM6MLNP/../../../../../include/layers/gisvectorlayer.h:270:55: warning: 'renderer' overrides a member function but is not marked 'override' [-Winconsistent-missing-override]
  270 |     [[nodiscard]] OpenSWMM::Render::IFeatureRenderer *renderer() const;
      |                                                       ^
/Users/calebbuahin/Documents/Projects/cbuahin_github/openswmm.gui/include/layers/openswmmvislayer.h:434:63: note: overridden virtual function is here
  434 |     [[nodiscard]] virtual OpenSWMM::Render::IFeatureRenderer *renderer() const { return nullptr; }
      |                                                               ^
In file included from /Users/calebbuahin/Documents/Projects/cbuahin_github/openswmm.gui/build/tests/gui/test_bulkdelete_autogen/mocs_compilation.cpp:28:
In file included from /Users/calebbuahin/Documents/Projects/cbuahin_github/openswmm.gui/build/tests/gui/test_bulkdelete_autogen/COIIM6MLNP/moc_gisvectorlayer.cpp:9:
/Users/calebbuahin/Documents/Projects/cbuahin_github/openswmm.gui/build/tests/gui/test_bulkdelete_autogen/COIIM6MLNP/../../../../../include/layers/gisvectorlayer.h:278:10: warning: 'setRenderer' overrides a member function but is not marked 'override' [-Winconsistent-missing-override]
  278 |     void setRenderer(std::unique_ptr<OpenSWMM::Render::IFeatureRenderer> r);
      |          ^
/Users/calebbuahin/Documents/Projects/cbuahin_github/openswmm.gui/include/layers/openswmmvislayer.h:440:18: note: overridden virtual function is here
  440 |     virtual void setRenderer(std::unique_ptr<OpenSWMM::Render::IFeatureRenderer>);
      |                  ^
In file included from /Users/calebbuahin/Documents/Projects/cbuahin_github/openswmm.gui/build/tests/gui/test_bulkdelete_autogen/mocs_compilation.cpp:36:
In file included from /Users/calebbuahin/Documents/Projects/cbuahin_github/openswmm.gui/build/tests/gui/test_bulkdelete_autogen/COIIM6MLNP/moc_swmmresultslayer.cpp:9:
/Users/calebbuahin/Documents/Projects/cbuahin_github/openswmm.gui/build/tests/gui/test_bulkdelete_autogen/COIIM6MLNP/../../../../../include/layers/swmmresultslayer.h:408:55: warning: 'renderer' overrides a member function but is not marked 'override' [-Winconsistent-missing-override]
  408 |     [[nodiscard]] OpenSWMM::Render::IFeatureRenderer *renderer() const;
      |                                                       ^
/Users/calebbuahin/Documents/Projects/cbuahin_github/openswmm.gui/include/layers/openswmmvislayer.h:434:63: note: overridden virtual function is here
  434 |     [[nodiscard]] virtual OpenSWMM::Render::IFeatureRenderer *renderer() const { return nullptr; }
      |                                                               ^
In file included from /Users/calebbuahin/Documents/Projects/cbuahin_github/openswmm.gui/build/tests/gui/test_bulkdelete_autogen/mocs_compilation.cpp:36:
In file included from /Users/calebbuahin/Documents/Projects/cbuahin_github/openswmm.gui/build/tests/gui/test_bulkdelete_autogen/COIIM6MLNP/moc_swmmresultslayer.cpp:9:
/Users/calebbuahin/Documents/Projects/cbuahin_github/openswmm.gui/build/tests/gui/test_bulkdelete_autogen/COIIM6MLNP/../../../../../include/layers/swmmresultslayer.h:417:10: warning: 'setRenderer' overrides a member function but is not marked 'override' [-Winconsistent-missing-override]
  417 |     void setRenderer(std::unique_ptr<OpenSWMM::Render::IFeatureRenderer> r);
      |          ^
/Users/calebbuahin/Documents/Projects/cbuahin_github/openswmm.gui/include/layers/openswmmvislayer.h:440:18: note: overridden virtual function is here
  440 |     virtual void setRenderer(std::unique_ptr<OpenSWMM::Render::IFeatureRenderer>);
      |                  ^
6 warnings generated.
[360/375] Linking CXX executable tests/gui/test_meshinfil
ld: warning: ignoring duplicate libraries: '-ldl', '-lm', 'vcpkg_installed/arm64-osx/debug/lib/libcrypto.a', 'vcpkg_installed/arm64-osx/debug/lib/libssl.a', 'vcpkg_installed/arm64-osx/lib/libz.a'
[361/375] Linking CXX executable tests/gui/test_meshattributetable
ld: warning: ignoring duplicate libraries: '-ldl', '-lm', 'vcpkg_installed/arm64-osx/debug/lib/libcrypto.a', 'vcpkg_installed/arm64-osx/debug/lib/libssl.a', 'vcpkg_installed/arm64-osx/lib/libz.a'
[362/375] Linking CXX executable tests/gui/test_render_invalidation
ld: warning: ignoring duplicate libraries: '-ldl', '-lm', 'vcpkg_installed/arm64-osx/debug/lib/libcrypto.a', 'vcpkg_installed/arm64-osx/debug/lib/libssl.a', 'vcpkg_installed/arm64-osx/lib/libz.a'
[363/375] Linking CXX executable tests/gui/test_savewarnings
ld: warning: ignoring duplicate libraries: '-ldl', '-lm', 'vcpkg_installed/arm64-osx/debug/lib/libcrypto.a', 'vcpkg_installed/arm64-osx/debug/lib/libssl.a', 'vcpkg_installed/arm64-osx/lib/libz.a'
[364/375] Linking CXX executable tests/gui/test_batchtransform
ld: warning: ignoring duplicate libraries: '-ldl', '-lm', 'vcpkg_installed/arm64-osx/debug/lib/libcrypto.a', 'vcpkg_installed/arm64-osx/debug/lib/libssl.a', 'vcpkg_installed/arm64-osx/lib/libz.a'
[365/375] Linking CXX executable tests/gui/test_selectionops
ld: warning: ignoring duplicate libraries: '-ldl', '-lm', 'vcpkg_installed/arm64-osx/debug/lib/libcrypto.a', 'vcpkg_installed/arm64-osx/debug/lib/libssl.a', 'vcpkg_installed/arm64-osx/lib/libz.a'
[366/375] Linking CXX executable tests/gui/test_raingagefilecolumn
ld: warning: ignoring duplicate libraries: '-ldl', '-lm', 'vcpkg_installed/arm64-osx/debug/lib/libcrypto.a', 'vcpkg_installed/arm64-osx/debug/lib/libssl.a', 'vcpkg_installed/arm64-osx/lib/libz.a'
[367/375] Linking CXX executable tests/gui/test_attributetableschema
ld: warning: ignoring duplicate libraries: '-ldl', '-lm', 'vcpkg_installed/arm64-osx/debug/lib/libcrypto.a', 'vcpkg_installed/arm64-osx/debug/lib/libssl.a', 'vcpkg_installed/arm64-osx/lib/libz.a'
[368/375] Linking CXX executable tests/gui/test_bulkdelete
ld: warning: ignoring duplicate libraries: '-ldl', '-lm', 'vcpkg_installed/arm64-osx/debug/lib/libcrypto.a', 'vcpkg_installed/arm64-osx/debug/lib/libssl.a', 'vcpkg_installed/arm64-osx/lib/libz.a'
[369/375] Building CXX object tests/gui/CMakeFiles/test_object_creation_defaults.dir/__/__/src/swmmvis.cpp.o
In file included from /Users/calebbuahin/Documents/Projects/cbuahin_github/openswmm.gui/src/swmmvis.cpp:76:
In file included from /Users/calebbuahin/Documents/Projects/cbuahin_github/openswmm.gui/include/ui/dialogs/sublayerselectiondialog.h:19:
/Users/calebbuahin/Documents/Projects/cbuahin_github/openswmm.gui/include/layers/gisvectorlayer.h:270:55: warning: 'renderer' overrides a member function but is not marked 'override' [-Winconsistent-missing-override]
  270 |     [[nodiscard]] OpenSWMM::Render::IFeatureRenderer *renderer() const;
      |                                                       ^
/Users/calebbuahin/Documents/Projects/cbuahin_github/openswmm.gui/include/layers/openswmmvislayer.h:434:63: note: overridden virtual function is here
  434 |     [[nodiscard]] virtual OpenSWMM::Render::IFeatureRenderer *renderer() const { return nullptr; }
      |                                                               ^
In file included from /Users/calebbuahin/Documents/Projects/cbuahin_github/openswmm.gui/src/swmmvis.cpp:76:
In file included from /Users/calebbuahin/Documents/Projects/cbuahin_github/openswmm.gui/include/ui/dialogs/sublayerselectiondialog.h:19:
/Users/calebbuahin/Documents/Projects/cbuahin_github/openswmm.gui/include/layers/gisvectorlayer.h:278:10: warning: 'setRenderer' overrides a member function but is not marked 'override' [-Winconsistent-missing-override]
  278 |     void setRenderer(std::unique_ptr<OpenSWMM::Render::IFeatureRenderer> r);
      |          ^
/Users/calebbuahin/Documents/Projects/cbuahin_github/openswmm.gui/include/layers/openswmmvislayer.h:440:18: note: overridden virtual function is here
  440 |     virtual void setRenderer(std::unique_ptr<OpenSWMM::Render::IFeatureRenderer>);
      |                  ^
In file included from /Users/calebbuahin/Documents/Projects/cbuahin_github/openswmm.gui/src/swmmvis.cpp:89:
/Users/calebbuahin/Documents/Projects/cbuahin_github/openswmm.gui/include/core/swmmdatetime.h:61:12: warning: 'QDateTime' is deprecated: Pass QTimeZone instead [-Wdeprecated-declarations]
   61 |     return QDateTime(date, QTime(h, mi, s), Qt::UTC);
      |            ^
/Users/calebbuahin/Qt/6.9.3/macos/lib/QtCore.framework/Headers/qdatetime.h:361:5: note: 'QDateTime' has been explicitly marked deprecated here
  361 |     QT_DEPRECATED_VERSION_X_6_9("Pass QTimeZone instead")
      |     ^
/Users/calebbuahin/Qt/6.9.3/macos/lib/QtCore.framework/Headers/qtdeprecationmarkers.h:213:44: note: expanded from macro 'QT_DEPRECATED_VERSION_X_6_9'
  213 | # define QT_DEPRECATED_VERSION_X_6_9(text) QT_DEPRECATED_X(text)
      |                                            ^
/Users/calebbuahin/Qt/6.9.3/macos/lib/QtCore.framework/Headers/qtdeprecationmarkers.h:29:33: note: expanded from macro 'QT_DEPRECATED_X'
   29 | #  define QT_DEPRECATED_X(text) Q_DECL_DEPRECATED_X(text)
      |                                 ^
/Users/calebbuahin/Qt/6.9.3/macos/lib/QtCore.framework/Headers/qcompilerdetection.h:1011:36: note: expanded from macro 'Q_DECL_DEPRECATED_X'
 1011 | #  define Q_DECL_DEPRECATED_X(x) [[deprecated(x)]]
      |                                    ^
In file included from /Users/calebbuahin/Documents/Projects/cbuahin_github/openswmm.gui/src/swmmvis.cpp:89:
/Users/calebbuahin/Documents/Projects/cbuahin_github/openswmm.gui/include/core/swmmdatetime.h:61:12: warning: 'QDateTime' is deprecated: Pass QTimeZone instead [-Wdeprecated-declarations]
   61 |     return QDateTime(date, QTime(h, mi, s), Qt::UTC);
      |            ^
/Users/calebbuahin/Qt/6.9.3/macos/lib/QtCore.framework/Headers/qdatetime.h:361:5: note: 'QDateTime' has been explicitly marked deprecated here
  361 |     QT_DEPRECATED_VERSION_X_6_9("Pass QTimeZone instead")
      |     ^
/Users/calebbuahin/Qt/6.9.3/macos/lib/QtCore.framework/Headers/qtdeprecationmarkers.h:213:44: note: expanded from macro 'QT_DEPRECATED_VERSION_X_6_9'
  213 | # define QT_DEPRECATED_VERSION_X_6_9(text) QT_DEPRECATED_X(text)
      |                                            ^
/Users/calebbuahin/Qt/6.9.3/macos/lib/QtCore.framework/Headers/qtdeprecationmarkers.h:29:33: note: expanded from macro 'QT_DEPRECATED_X'
   29 | #  define QT_DEPRECATED_X(text) Q_DECL_DEPRECATED_X(text)
      |                                 ^
/Users/calebbuahin/Qt/6.9.3/macos/lib/QtCore.framework/Headers/qcompilerdetection.h:1011:36: note: expanded from macro 'Q_DECL_DEPRECATED_X'
 1011 | #  define Q_DECL_DEPRECATED_X(x) [[deprecated(x)]]
      |                                    ^
In file included from /Users/calebbuahin/Documents/Projects/cbuahin_github/openswmm.gui/src/swmmvis.cpp:136:
/Users/calebbuahin/Documents/Projects/cbuahin_github/openswmm.gui/include/layers/swmmresultslayer.h:408:55: warning: 'renderer' overrides a member function but is not marked 'override' [-Winconsistent-missing-override]
  408 |     [[nodiscard]] OpenSWMM::Render::IFeatureRenderer *renderer() const;
      |                                                       ^
/Users/calebbuahin/Documents/Projects/cbuahin_github/openswmm.gui/include/layers/openswmmvislayer.h:434:63: note: overridden virtual function is here
  434 |     [[nodiscard]] virtual OpenSWMM::Render::IFeatureRenderer *renderer() const { return nullptr; }
      |                                                               ^
In file included from /Users/calebbuahin/Documents/Projects/cbuahin_github/openswmm.gui/src/swmmvis.cpp:136:
/Users/calebbuahin/Documents/Projects/cbuahin_github/openswmm.gui/include/layers/swmmresultslayer.h:417:10: warning: 'setRenderer' overrides a member function but is not marked 'override' [-Winconsistent-missing-override]
  417 |     void setRenderer(std::unique_ptr<OpenSWMM::Render::IFeatureRenderer> r);
      |          ^
/Users/calebbuahin/Documents/Projects/cbuahin_github/openswmm.gui/include/layers/openswmmvislayer.h:440:18: note: overridden virtual function is here
  440 |     virtual void setRenderer(std::unique_ptr<OpenSWMM::Render::IFeatureRenderer>);
      |                  ^
In file included from /Users/calebbuahin/Documents/Projects/cbuahin_github/openswmm.gui/src/swmmvis.cpp:194:
/Users/calebbuahin/Documents/Projects/cbuahin_github/openswmm.gui/include/layers/swmm2dresultslayer.h:544:55: warning: 'renderer' overrides a member function but is not marked 'override' [-Winconsistent-missing-override]
  544 |     [[nodiscard]] OpenSWMM::Render::IFeatureRenderer *renderer() const;
      |                                                       ^
/Users/calebbuahin/Documents/Projects/cbuahin_github/openswmm.gui/include/layers/openswmmvislayer.h:434:63: note: overridden virtual function is here
  434 |     [[nodiscard]] virtual OpenSWMM::Render::IFeatureRenderer *renderer() const { return nullptr; }
      |                                                               ^
In file included from /Users/calebbuahin/Documents/Projects/cbuahin_github/openswmm.gui/src/swmmvis.cpp:194:
/Users/calebbuahin/Documents/Projects/cbuahin_github/openswmm.gui/include/layers/swmm2dresultslayer.h:552:10: warning: 'setRenderer' overrides a member function but is not marked 'override' [-Winconsistent-missing-override]
  552 |     void setRenderer(std::unique_ptr<OpenSWMM::Render::IFeatureRenderer> r);
      |          ^
/Users/calebbuahin/Documents/Projects/cbuahin_github/openswmm.gui/include/layers/openswmmvislayer.h:440:18: note: overridden virtual function is here
  440 |     virtual void setRenderer(std::unique_ptr<OpenSWMM::Render::IFeatureRenderer>);
      |                  ^
8 warnings generated.
[370/375] Building CXX object tests/gui/CMakeFiles/test_linkflip.dir/test_linkflip_autogen/mocs_compilation.cpp.o
In file included from /Users/calebbuahin/Documents/Projects/cbuahin_github/openswmm.gui/build/tests/gui/test_linkflip_autogen/mocs_compilation.cpp:2:
In file included from /Users/calebbuahin/Documents/Projects/cbuahin_github/openswmm.gui/build/tests/gui/test_linkflip_autogen/MAYCBHTXLP/moc_animationcontroller.cpp:9:
In file included from /Users/calebbuahin/Documents/Projects/cbuahin_github/openswmm.gui/build/tests/gui/test_linkflip_autogen/MAYCBHTXLP/../../../../../include/animation/animationcontroller.h:33:
/Users/calebbuahin/Documents/Projects/cbuahin_github/openswmm.gui/include/layers/swmm2dresultslayer.h:544:55: warning: 'renderer' overrides a member function but is not marked 'override' [-Winconsistent-missing-override]
  544 |     [[nodiscard]] OpenSWMM::Render::IFeatureRenderer *renderer() const;
      |                                                       ^
/Users/calebbuahin/Documents/Projects/cbuahin_github/openswmm.gui/include/layers/openswmmvislayer.h:434:63: note: overridden virtual function is here
  434 |     [[nodiscard]] virtual OpenSWMM::Render::IFeatureRenderer *renderer() const { return nullptr; }
      |                                                               ^
In file included from /Users/calebbuahin/Documents/Projects/cbuahin_github/openswmm.gui/build/tests/gui/test_linkflip_autogen/mocs_compilation.cpp:2:
In file included from /Users/calebbuahin/Documents/Projects/cbuahin_github/openswmm.gui/build/tests/gui/test_linkflip_autogen/MAYCBHTXLP/moc_animationcontroller.cpp:9:
In file included from /Users/calebbuahin/Documents/Projects/cbuahin_github/openswmm.gui/build/tests/gui/test_linkflip_autogen/MAYCBHTXLP/../../../../../include/animation/animationcontroller.h:33:
/Users/calebbuahin/Documents/Projects/cbuahin_github/openswmm.gui/include/layers/swmm2dresultslayer.h:552:10: warning: 'setRenderer' overrides a member function but is not marked 'override' [-Winconsistent-missing-override]
  552 |     void setRenderer(std::unique_ptr<OpenSWMM::Render::IFeatureRenderer> r);
      |          ^
/Users/calebbuahin/Documents/Projects/cbuahin_github/openswmm.gui/include/layers/openswmmvislayer.h:440:18: note: overridden virtual function is here
  440 |     virtual void setRenderer(std::unique_ptr<OpenSWMM::Render::IFeatureRenderer>);
      |                  ^
In file included from /Users/calebbuahin/Documents/Projects/cbuahin_github/openswmm.gui/build/tests/gui/test_linkflip_autogen/mocs_compilation.cpp:28:
In file included from /Users/calebbuahin/Documents/Projects/cbuahin_github/openswmm.gui/build/tests/gui/test_linkflip_autogen/COIIM6MLNP/moc_gisvectorlayer.cpp:9:
/Users/calebbuahin/Documents/Projects/cbuahin_github/openswmm.gui/build/tests/gui/test_linkflip_autogen/COIIM6MLNP/../../../../../include/layers/gisvectorlayer.h:270:55: warning: 'renderer' overrides a member function but is not marked 'override' [-Winconsistent-missing-override]
  270 |     [[nodiscard]] OpenSWMM::Render::IFeatureRenderer *renderer() const;
      |                                                       ^
/Users/calebbuahin/Documents/Projects/cbuahin_github/openswmm.gui/include/layers/openswmmvislayer.h:434:63: note: overridden virtual function is here
  434 |     [[nodiscard]] virtual OpenSWMM::Render::IFeatureRenderer *renderer() const { return nullptr; }
      |                                                               ^
In file included from /Users/calebbuahin/Documents/Projects/cbuahin_github/openswmm.gui/build/tests/gui/test_linkflip_autogen/mocs_compilation.cpp:28:
In file included from /Users/calebbuahin/Documents/Projects/cbuahin_github/openswmm.gui/build/tests/gui/test_linkflip_autogen/COIIM6MLNP/moc_gisvectorlayer.cpp:9:
/Users/calebbuahin/Documents/Projects/cbuahin_github/openswmm.gui/build/tests/gui/test_linkflip_autogen/COIIM6MLNP/../../../../../include/layers/gisvectorlayer.h:278:10: warning: 'setRenderer' overrides a member function but is not marked 'override' [-Winconsistent-missing-override]
  278 |     void setRenderer(std::unique_ptr<OpenSWMM::Render::IFeatureRenderer> r);
      |          ^
/Users/calebbuahin/Documents/Projects/cbuahin_github/openswmm.gui/include/layers/openswmmvislayer.h:440:18: note: overridden virtual function is here
  440 |     virtual void setRenderer(std::unique_ptr<OpenSWMM::Render::IFeatureRenderer>);
      |                  ^
In file included from /Users/calebbuahin/Documents/Projects/cbuahin_github/openswmm.gui/build/tests/gui/test_linkflip_autogen/mocs_compilation.cpp:36:
In file included from /Users/calebbuahin/Documents/Projects/cbuahin_github/openswmm.gui/build/tests/gui/test_linkflip_autogen/COIIM6MLNP/moc_swmmresultslayer.cpp:9:
/Users/calebbuahin/Documents/Projects/cbuahin_github/openswmm.gui/build/tests/gui/test_linkflip_autogen/COIIM6MLNP/../../../../../include/layers/swmmresultslayer.h:408:55: warning: 'renderer' overrides a member function but is not marked 'override' [-Winconsistent-missing-override]
  408 |     [[nodiscard]] OpenSWMM::Render::IFeatureRenderer *renderer() const;
      |                                                       ^
/Users/calebbuahin/Documents/Projects/cbuahin_github/openswmm.gui/include/layers/openswmmvislayer.h:434:63: note: overridden virtual function is here
  434 |     [[nodiscard]] virtual OpenSWMM::Render::IFeatureRenderer *renderer() const { return nullptr; }
      |                                                               ^
In file included from /Users/calebbuahin/Documents/Projects/cbuahin_github/openswmm.gui/build/tests/gui/test_linkflip_autogen/mocs_compilation.cpp:36:
In file included from /Users/calebbuahin/Documents/Projects/cbuahin_github/openswmm.gui/build/tests/gui/test_linkflip_autogen/COIIM6MLNP/moc_swmmresultslayer.cpp:9:
/Users/calebbuahin/Documents/Projects/cbuahin_github/openswmm.gui/build/tests/gui/test_linkflip_autogen/COIIM6MLNP/../../../../../include/layers/swmmresultslayer.h:417:10: warning: 'setRenderer' overrides a member function but is not marked 'override' [-Winconsistent-missing-override]
  417 |     void setRenderer(std::unique_ptr<OpenSWMM::Render::IFeatureRenderer> r);
      |          ^
/Users/calebbuahin/Documents/Projects/cbuahin_github/openswmm.gui/include/layers/openswmmvislayer.h:440:18: note: overridden virtual function is here
  440 |     virtual void setRenderer(std::unique_ptr<OpenSWMM::Render::IFeatureRenderer>);
      |                  ^
6 warnings generated.
[371/375] Linking CXX executable tests/gui/test_linkflip
ld: warning: ignoring duplicate libraries: '-ldl', '-lm', 'vcpkg_installed/arm64-osx/debug/lib/libcrypto.a', 'vcpkg_installed/arm64-osx/debug/lib/libssl.a', 'vcpkg_installed/arm64-osx/lib/libz.a'
[372/375] Building CXX object tests/gui/CMakeFiles/test_object_creation_defaults.dir/test_object_creation_defaults_autogen/mocs_compilation.cpp.o
In file included from /Users/calebbuahin/Documents/Projects/cbuahin_github/openswmm.gui/build/tests/gui/test_object_creation_defaults_autogen/mocs_compilation.cpp:2:
In file included from /Users/calebbuahin/Documents/Projects/cbuahin_github/openswmm.gui/build/tests/gui/test_object_creation_defaults_autogen/MAYCBHTXLP/moc_animationcontroller.cpp:9:
In file included from /Users/calebbuahin/Documents/Projects/cbuahin_github/openswmm.gui/build/tests/gui/test_object_creation_defaults_autogen/MAYCBHTXLP/../../../../../include/animation/animationcontroller.h:33:
/Users/calebbuahin/Documents/Projects/cbuahin_github/openswmm.gui/include/layers/swmm2dresultslayer.h:544:55: warning: 'renderer' overrides a member function but is not marked 'override' [-Winconsistent-missing-override]
  544 |     [[nodiscard]] OpenSWMM::Render::IFeatureRenderer *renderer() const;
      |                                                       ^
/Users/calebbuahin/Documents/Projects/cbuahin_github/openswmm.gui/include/layers/openswmmvislayer.h:434:63: note: overridden virtual function is here
  434 |     [[nodiscard]] virtual OpenSWMM::Render::IFeatureRenderer *renderer() const { return nullptr; }
      |                                                               ^
In file included from /Users/calebbuahin/Documents/Projects/cbuahin_github/openswmm.gui/build/tests/gui/test_object_creation_defaults_autogen/mocs_compilation.cpp:2:
In file included from /Users/calebbuahin/Documents/Projects/cbuahin_github/openswmm.gui/build/tests/gui/test_object_creation_defaults_autogen/MAYCBHTXLP/moc_animationcontroller.cpp:9:
In file included from /Users/calebbuahin/Documents/Projects/cbuahin_github/openswmm.gui/build/tests/gui/test_object_creation_defaults_autogen/MAYCBHTXLP/../../../../../include/animation/animationcontroller.h:33:
/Users/calebbuahin/Documents/Projects/cbuahin_github/openswmm.gui/include/layers/swmm2dresultslayer.h:552:10: warning: 'setRenderer' overrides a member function but is not marked 'override' [-Winconsistent-missing-override]
  552 |     void setRenderer(std::unique_ptr<OpenSWMM::Render::IFeatureRenderer> r);
      |          ^
/Users/calebbuahin/Documents/Projects/cbuahin_github/openswmm.gui/include/layers/openswmmvislayer.h:440:18: note: overridden virtual function is here
  440 |     virtual void setRenderer(std::unique_ptr<OpenSWMM::Render::IFeatureRenderer>);
      |                  ^
In file included from /Users/calebbuahin/Documents/Projects/cbuahin_github/openswmm.gui/build/tests/gui/test_object_creation_defaults_autogen/mocs_compilation.cpp:28:
In file included from /Users/calebbuahin/Documents/Projects/cbuahin_github/openswmm.gui/build/tests/gui/test_object_creation_defaults_autogen/COIIM6MLNP/moc_gisvectorlayer.cpp:9:
/Users/calebbuahin/Documents/Projects/cbuahin_github/openswmm.gui/build/tests/gui/test_object_creation_defaults_autogen/COIIM6MLNP/../../../../../include/layers/gisvectorlayer.h:270:55: warning: 'renderer' overrides a member function but is not marked 'override' [-Winconsistent-missing-override]
  270 |     [[nodiscard]] OpenSWMM::Render::IFeatureRenderer *renderer() const;
      |                                                       ^
/Users/calebbuahin/Documents/Projects/cbuahin_github/openswmm.gui/include/layers/openswmmvislayer.h:434:63: note: overridden virtual function is here
  434 |     [[nodiscard]] virtual OpenSWMM::Render::IFeatureRenderer *renderer() const { return nullptr; }
      |                                                               ^
In file included from /Users/calebbuahin/Documents/Projects/cbuahin_github/openswmm.gui/build/tests/gui/test_object_creation_defaults_autogen/mocs_compilation.cpp:28:
In file included from /Users/calebbuahin/Documents/Projects/cbuahin_github/openswmm.gui/build/tests/gui/test_object_creation_defaults_autogen/COIIM6MLNP/moc_gisvectorlayer.cpp:9:
/Users/calebbuahin/Documents/Projects/cbuahin_github/openswmm.gui/build/tests/gui/test_object_creation_defaults_autogen/COIIM6MLNP/../../../../../include/layers/gisvectorlayer.h:278:10: warning: 'setRenderer' overrides a member function but is not marked 'override' [-Winconsistent-missing-override]
  278 |     void setRenderer(std::unique_ptr<OpenSWMM::Render::IFeatureRenderer> r);
      |          ^
/Users/calebbuahin/Documents/Projects/cbuahin_github/openswmm.gui/include/layers/openswmmvislayer.h:440:18: note: overridden virtual function is here
  440 |     virtual void setRenderer(std::unique_ptr<OpenSWMM::Render::IFeatureRenderer>);
      |                  ^
In file included from /Users/calebbuahin/Documents/Projects/cbuahin_github/openswmm.gui/build/tests/gui/test_object_creation_defaults_autogen/mocs_compilation.cpp:36:
In file included from /Users/calebbuahin/Documents/Projects/cbuahin_github/openswmm.gui/build/tests/gui/test_object_creation_defaults_autogen/COIIM6MLNP/moc_swmmresultslayer.cpp:9:
/Users/calebbuahin/Documents/Projects/cbuahin_github/openswmm.gui/build/tests/gui/test_object_creation_defaults_autogen/COIIM6MLNP/../../../../../include/layers/swmmresultslayer.h:408:55: warning: 'renderer' overrides a member function but is not marked 'override' [-Winconsistent-missing-override]
  408 |     [[nodiscard]] OpenSWMM::Render::IFeatureRenderer *renderer() const;
      |                                                       ^
/Users/calebbuahin/Documents/Projects/cbuahin_github/openswmm.gui/include/layers/openswmmvislayer.h:434:63: note: overridden virtual function is here
  434 |     [[nodiscard]] virtual OpenSWMM::Render::IFeatureRenderer *renderer() const { return nullptr; }
      |                                                               ^
In file included from /Users/calebbuahin/Documents/Projects/cbuahin_github/openswmm.gui/build/tests/gui/test_object_creation_defaults_autogen/mocs_compilation.cpp:36:
In file included from /Users/calebbuahin/Documents/Projects/cbuahin_github/openswmm.gui/build/tests/gui/test_object_creation_defaults_autogen/COIIM6MLNP/moc_swmmresultslayer.cpp:9:
/Users/calebbuahin/Documents/Projects/cbuahin_github/openswmm.gui/build/tests/gui/test_object_creation_defaults_autogen/COIIM6MLNP/../../../../../include/layers/swmmresultslayer.h:417:10: warning: 'setRenderer' overrides a member function but is not marked 'override' [-Winconsistent-missing-override]
  417 |     void setRenderer(std::unique_ptr<OpenSWMM::Render::IFeatureRenderer> r);
      |          ^
/Users/calebbuahin/Documents/Projects/cbuahin_github/openswmm.gui/include/layers/openswmmvislayer.h:440:18: note: overridden virtual function is here
  440 |     virtual void setRenderer(std::unique_ptr<OpenSWMM::Render::IFeatureRenderer>);
      |                  ^
6 warnings generated.
[373/375] Linking CXX executable tests/gui/test_object_creation_defaults
ld: warning: ignoring duplicate libraries: '-ldl', '-lm', 'vcpkg_installed/arm64-osx/debug/lib/libcrypto.a', 'vcpkg_installed/arm64-osx/debug/lib/libssl.a', 'vcpkg_installed/arm64-osx/lib/libz.a'
[374/375] Linking CXX executable SWMMVis.app/Contents/MacOS/SWMMVis; Copy GDAL/PROJ share data into .app bundle Resources (portable); Copy bundled examples into SWMMVis.app/Contents/Resources/examples; dsymutil: producing SWMMVis.app.dSYM for symbolicated backtraces; macdeployqt: bundling Qt frameworks, QML modules and linked dylibs (incl. GDAL); Bundle GPU plugin (openswmm_gpu_omp) + libomp into SWMMVis.app/Contents/Frameworks; Bundle legacy-engine worker + legacy dylib into SWMMVis.app; Bundle engine CLI (openswmm) into SWMMVis.app; codesign: re-signing bundle (identity=-)
ld: warning: ignoring duplicate libraries: '-ldl', '-lm', 'vcpkg_installed/arm64-osx/debug/lib/libcrypto.a', 'vcpkg_installed/arm64-osx/debug/lib/libssl.a', 'vcpkg_installed/arm64-osx/lib/libz.a'
ERROR: no file at "/usr/local/opt/libiodbc/lib/libiodbc.2.dylib"
ERROR: no file at "/Applications/Postgres.app/Contents/Versions/14/lib/libpq.5.dylib"
ERROR: no file at "/usr/local/lib/libmimerapi.dylib"
WARNING: Plugin "libqsqlodbc.dylib" uses private API and is not Mac App store compliant.
WARNING: Plugin "libqsqlpsql.dylib" uses private API and is not Mac App store compliant.
ERROR: no file at "/usr/local/lib/libmimerapi.dylib"
ERROR: no file at "/usr/local/lib/libmimerapi.dylib"
ERROR: no file at "/usr/local/opt/libiodbc/lib/libiodbc.2.dylib"
ERROR: no file at "/usr/local/opt/libiodbc/lib/libiodbc.2.dylib"
ERROR: no file at "/Applications/Postgres.app/Contents/Versions/14/lib/libpq.5.dylib"
ERROR: no file at "/Applications/Postgres.app/Contents/Versions/14/lib/libpq.5.dylib"
/Applications/Xcode.app/Contents/Developer/Toolchains/XcodeDefault.xctoolchain/usr/bin/install_name_tool: warning: changes being made to the file will invalidate the code signature in: /Users/calebbuahin/Documents/Projects/cbuahin_github/openswmm.gui/build/SWMMVis.app/Contents/Frameworks/libopenswmm_gpu_omp.dylib
/Users/calebbuahin/Documents/Projects/cbuahin_github/openswmm.gui/build/SWMMVis.app/Contents/MacOS/openswmm-legacy-worker: replacing existing signature
/Applications/Xcode.app/Contents/Developer/Toolchains/XcodeDefault.xctoolchain/usr/bin/install_name_tool: warning: changes being made to the file will invalidate the code signature in: /Users/calebbuahin/Documents/Projects/cbuahin_github/openswmm.gui/build/SWMMVis.app/Contents/MacOS/openswmm
/Users/calebbuahin/Documents/Projects/cbuahin_github/openswmm.gui/build/SWMMVis.app/Contents/MacOS/openswmm: replacing existing signature
/Users/calebbuahin/Documents/Projects/cbuahin_github/openswmm.gui/build/SWMMVis.app: replacing existing signature
BUILD_EXIT=0
