ninja: warning: premature end of file; recovering
[0/2] Re-checking globbed directories...
[1/214] Automatic MOC and UIC for target SWMMVis
[2/214] Building CXX object CMakeFiles/SWMMVis.dir/src/main.cpp.o
[3/214] Building CXX object CMakeFiles/SWMMVis.dir/src/swmmvisactions.cpp.o
In file included from /Users/calebbuahin/Documents/Projects/cbuahin_github/openswmm.gui/src/swmmvisactions.cpp:18:
/Users/calebbuahin/Documents/Projects/cbuahin_github/openswmm.gui/include/layers/swmm2dresultslayer.h:503:55: warning: 'renderer' overrides a member function but is not marked 'override' [-Winconsistent-missing-override]
  503 |     [[nodiscard]] OpenSWMM::Render::IFeatureRenderer *renderer() const;
      |                                                       ^
/Users/calebbuahin/Documents/Projects/cbuahin_github/openswmm.gui/include/layers/openswmmvislayer.h:434:63: note: overridden virtual function is here
  434 |     [[nodiscard]] virtual OpenSWMM::Render::IFeatureRenderer *renderer() const { return nullptr; }
      |                                                               ^
In file included from /Users/calebbuahin/Documents/Projects/cbuahin_github/openswmm.gui/src/swmmvisactions.cpp:18:
/Users/calebbuahin/Documents/Projects/cbuahin_github/openswmm.gui/include/layers/swmm2dresultslayer.h:511:10: warning: 'setRenderer' overrides a member function but is not marked 'override' [-Winconsistent-missing-override]
  511 |     void setRenderer(std::unique_ptr<OpenSWMM::Render::IFeatureRenderer> r);
      |          ^
/Users/calebbuahin/Documents/Projects/cbuahin_github/openswmm.gui/include/layers/openswmmvislayer.h:440:18: note: overridden virtual function is here
  440 |     virtual void setRenderer(std::unique_ptr<OpenSWMM::Render::IFeatureRenderer>);
      |                  ^
2 warnings generated.
[4/214] Building CXX object CMakeFiles/SWMMVis.dir/src/swmmvisapplication.cpp.o
[5/214] Building CXX object CMakeFiles/SWMMVis.dir/src/core/preferencesmanager.cpp.o
[6/214] Building CXX object CMakeFiles/SWMMVis.dir/src/swmmvisprojectwindow.cpp.o
In file included from /Users/calebbuahin/Documents/Projects/cbuahin_github/openswmm.gui/src/swmmvisprojectwindow.cpp:16:
/Users/calebbuahin/Documents/Projects/cbuahin_github/openswmm.gui/include/layers/swmmresultslayer.h:407:55: warning: 'renderer' overrides a member function but is not marked 'override' [-Winconsistent-missing-override]
  407 |     [[nodiscard]] OpenSWMM::Render::IFeatureRenderer *renderer() const;
      |                                                       ^
/Users/calebbuahin/Documents/Projects/cbuahin_github/openswmm.gui/include/layers/openswmmvislayer.h:434:63: note: overridden virtual function is here
  434 |     [[nodiscard]] virtual OpenSWMM::Render::IFeatureRenderer *renderer() const { return nullptr; }
      |                                                               ^
In file included from /Users/calebbuahin/Documents/Projects/cbuahin_github/openswmm.gui/src/swmmvisprojectwindow.cpp:16:
/Users/calebbuahin/Documents/Projects/cbuahin_github/openswmm.gui/include/layers/swmmresultslayer.h:416:10: warning: 'setRenderer' overrides a member function but is not marked 'override' [-Winconsistent-missing-override]
  416 |     void setRenderer(std::unique_ptr<OpenSWMM::Render::IFeatureRenderer> r);
      |          ^
/Users/calebbuahin/Documents/Projects/cbuahin_github/openswmm.gui/include/layers/openswmmvislayer.h:440:18: note: overridden virtual function is here
  440 |     virtual void setRenderer(std::unique_ptr<OpenSWMM::Render::IFeatureRenderer>);
      |                  ^
In file included from /Users/calebbuahin/Documents/Projects/cbuahin_github/openswmm.gui/src/swmmvisprojectwindow.cpp:17:
/Users/calebbuahin/Documents/Projects/cbuahin_github/openswmm.gui/include/layers/swmm2dresultslayer.h:503:55: warning: 'renderer' overrides a member function but is not marked 'override' [-Winconsistent-missing-override]
  503 |     [[nodiscard]] OpenSWMM::Render::IFeatureRenderer *renderer() const;
      |                                                       ^
/Users/calebbuahin/Documents/Projects/cbuahin_github/openswmm.gui/include/layers/openswmmvislayer.h:434:63: note: overridden virtual function is here
  434 |     [[nodiscard]] virtual OpenSWMM::Render::IFeatureRenderer *renderer() const { return nullptr; }
      |                                                               ^
In file included from /Users/calebbuahin/Documents/Projects/cbuahin_github/openswmm.gui/src/swmmvisprojectwindow.cpp:17:
/Users/calebbuahin/Documents/Projects/cbuahin_github/openswmm.gui/include/layers/swmm2dresultslayer.h:511:10: warning: 'setRenderer' overrides a member function but is not marked 'override' [-Winconsistent-missing-override]
  511 |     void setRenderer(std::unique_ptr<OpenSWMM::Render::IFeatureRenderer> r);
      |          ^
/Users/calebbuahin/Documents/Projects/cbuahin_github/openswmm.gui/include/layers/openswmmvislayer.h:440:18: note: overridden virtual function is here
  440 |     virtual void setRenderer(std::unique_ptr<OpenSWMM::Render::IFeatureRenderer>);
      |                  ^
4 warnings generated.
[7/214] Building CXX object CMakeFiles/SWMMVis.dir/src/core/linkrenderingprefs.cpp.o
[8/214] Building CXX object CMakeFiles/SWMMVis.dir/src/core/noderenderingprefs.cpp.o
[9/214] Building CXX object CMakeFiles/SWMMVis.dir/src/core/meshbcrenderingprefs.cpp.o
[10/214] Building CXX object CMakeFiles/SWMMVis.dir/src/core/selectionrenderingprefs.cpp.o
[11/214] Building CXX object CMakeFiles/SWMMVis.dir/src/swmmvis.cpp.o
In file included from /Users/calebbuahin/Documents/Projects/cbuahin_github/openswmm.gui/src/swmmvis.cpp:76:
In file included from /Users/calebbuahin/Documents/Projects/cbuahin_github/openswmm.gui/include/ui/dialogs/sublayerselectiondialog.h:19:
/Users/calebbuahin/Documents/Projects/cbuahin_github/openswmm.gui/include/layers/gisvectorlayer.h:270:55: warning: 'renderer' overrides a member function but is not marked 'override' [-Winconsistent-missing-override]
  270 |     [[nodiscard]] OpenSWMM::Render::IFeatureRenderer *renderer() const;
      |                                                       ^
/Users/calebbuahin/Documents/Projects/cbuahin_github/openswmm.gui/include/layers/openswmmvislayer.h:434:63: note: overridden virtual function is here
  434 |     [[nodiscard]] virtual OpenSWMM::Render::IFeatureRenderer *renderer() const { return nullptr; }
      |                                                               ^
In file included from /Users/calebbuahin/Documents/Projects/cbuahin_github/openswmm.gui/src/swmmvis.cpp:76:
In file included from /Users/calebbuahin/Documents/Projects/cbuahin_github/openswmm.gui/include/ui/dialogs/sublayerselectiondialog.h:19:
/Users/calebbuahin/Documents/Projects/cbuahin_github/openswmm.gui/include/layers/gisvectorlayer.h:278:10: warning: 'setRenderer' overrides a member function but is not marked 'override' [-Winconsistent-missing-override]
  278 |     void setRenderer(std::unique_ptr<OpenSWMM::Render::IFeatureRenderer> r);
      |          ^
/Users/calebbuahin/Documents/Projects/cbuahin_github/openswmm.gui/include/layers/openswmmvislayer.h:440:18: note: overridden virtual function is here
  440 |     virtual void setRenderer(std::unique_ptr<OpenSWMM::Render::IFeatureRenderer>);
      |                  ^
In file included from /Users/calebbuahin/Documents/Projects/cbuahin_github/openswmm.gui/src/swmmvis.cpp:88:
/Users/calebbuahin/Documents/Projects/cbuahin_github/openswmm.gui/include/core/swmmdatetime.h:61:12: warning: 'QDateTime' is deprecated: Pass QTimeZone instead [-Wdeprecated-declarations]
   61 |     return QDateTime(date, QTime(h, mi, s), Qt::UTC);
      |            ^
/Users/calebbuahin/Qt/6.9.3/macos/lib/QtCore.framework/Headers/qdatetime.h:361:5: note: 'QDateTime' has been explicitly marked deprecated here
  361 |     QT_DEPRECATED_VERSION_X_6_9("Pass QTimeZone instead")
      |     ^
/Users/calebbuahin/Qt/6.9.3/macos/lib/QtCore.framework/Headers/qtdeprecationmarkers.h:213:44: note: expanded from macro 'QT_DEPRECATED_VERSION_X_6_9'
  213 | # define QT_DEPRECATED_VERSION_X_6_9(text) QT_DEPRECATED_X(text)
      |                                            ^
/Users/calebbuahin/Qt/6.9.3/macos/lib/QtCore.framework/Headers/qtdeprecationmarkers.h:29:33: note: expanded from macro 'QT_DEPRECATED_X'
   29 | #  define QT_DEPRECATED_X(text) Q_DECL_DEPRECATED_X(text)
      |                                 ^
/Users/calebbuahin/Qt/6.9.3/macos/lib/QtCore.framework/Headers/qcompilerdetection.h:1011:36: note: expanded from macro 'Q_DECL_DEPRECATED_X'
 1011 | #  define Q_DECL_DEPRECATED_X(x) [[deprecated(x)]]
      |                                    ^
In file included from /Users/calebbuahin/Documents/Projects/cbuahin_github/openswmm.gui/src/swmmvis.cpp:88:
/Users/calebbuahin/Documents/Projects/cbuahin_github/openswmm.gui/include/core/swmmdatetime.h:61:12: warning: 'QDateTime' is deprecated: Pass QTimeZone instead [-Wdeprecated-declarations]
   61 |     return QDateTime(date, QTime(h, mi, s), Qt::UTC);
      |            ^
/Users/calebbuahin/Qt/6.9.3/macos/lib/QtCore.framework/Headers/qdatetime.h:361:5: note: 'QDateTime' has been explicitly marked deprecated here
  361 |     QT_DEPRECATED_VERSION_X_6_9("Pass QTimeZone instead")
      |     ^
/Users/calebbuahin/Qt/6.9.3/macos/lib/QtCore.framework/Headers/qtdeprecationmarkers.h:213:44: note: expanded from macro 'QT_DEPRECATED_VERSION_X_6_9'
  213 | # define QT_DEPRECATED_VERSION_X_6_9(text) QT_DEPRECATED_X(text)
      |                                            ^
/Users/calebbuahin/Qt/6.9.3/macos/lib/QtCore.framework/Headers/qtdeprecationmarkers.h:29:33: note: expanded from macro 'QT_DEPRECATED_X'
   29 | #  define QT_DEPRECATED_X(text) Q_DECL_DEPRECATED_X(text)
      |                                 ^
/Users/calebbuahin/Qt/6.9.3/macos/lib/QtCore.framework/Headers/qcompilerdetection.h:1011:36: note: expanded from macro 'Q_DECL_DEPRECATED_X'
 1011 | #  define Q_DECL_DEPRECATED_X(x) [[deprecated(x)]]
      |                                    ^
In file included from /Users/calebbuahin/Documents/Projects/cbuahin_github/openswmm.gui/src/swmmvis.cpp:132:
/Users/calebbuahin/Documents/Projects/cbuahin_github/openswmm.gui/include/layers/swmmresultslayer.h:407:55: warning: 'renderer' overrides a member function but is not marked 'override' [-Winconsistent-missing-override]
  407 |     [[nodiscard]] OpenSWMM::Render::IFeatureRenderer *renderer() const;
      |                                                       ^
/Users/calebbuahin/Documents/Projects/cbuahin_github/openswmm.gui/include/layers/openswmmvislayer.h:434:63: note: overridden virtual function is here
  434 |     [[nodiscard]] virtual OpenSWMM::Render::IFeatureRenderer *renderer() const { return nullptr; }
      |                                                               ^
In file included from /Users/calebbuahin/Documents/Projects/cbuahin_github/openswmm.gui/src/swmmvis.cpp:132:
/Users/calebbuahin/Documents/Projects/cbuahin_github/openswmm.gui/include/layers/swmmresultslayer.h:416:10: warning: 'setRenderer' overrides a member function but is not marked 'override' [-Winconsistent-missing-override]
  416 |     void setRenderer(std::unique_ptr<OpenSWMM::Render::IFeatureRenderer> r);
      |          ^
/Users/calebbuahin/Documents/Projects/cbuahin_github/openswmm.gui/include/layers/openswmmvislayer.h:440:18: note: overridden virtual function is here
  440 |     virtual void setRenderer(std::unique_ptr<OpenSWMM::Render::IFeatureRenderer>);
      |                  ^
In file included from /Users/calebbuahin/Documents/Projects/cbuahin_github/openswmm.gui/src/swmmvis.cpp:187:
/Users/calebbuahin/Documents/Projects/cbuahin_github/openswmm.gui/include/layers/swmm2dresultslayer.h:503:55: warning: 'renderer' overrides a member function but is not marked 'override' [-Winconsistent-missing-override]
  503 |     [[nodiscard]] OpenSWMM::Render::IFeatureRenderer *renderer() const;
      |                                                       ^
/Users/calebbuahin/Documents/Projects/cbuahin_github/openswmm.gui/include/layers/openswmmvislayer.h:434:63: note: overridden virtual function is here
  434 |     [[nodiscard]] virtual OpenSWMM::Render::IFeatureRenderer *renderer() const { return nullptr; }
      |                                                               ^
In file included from /Users/calebbuahin/Documents/Projects/cbuahin_github/openswmm.gui/src/swmmvis.cpp:187:
/Users/calebbuahin/Documents/Projects/cbuahin_github/openswmm.gui/include/layers/swmm2dresultslayer.h:511:10: warning: 'setRenderer' overrides a member function but is not marked 'override' [-Winconsistent-missing-override]
  511 |     void setRenderer(std::unique_ptr<OpenSWMM::Render::IFeatureRenderer> r);
      |          ^
/Users/calebbuahin/Documents/Projects/cbuahin_github/openswmm.gui/include/layers/openswmmvislayer.h:440:18: note: overridden virtual function is here
  440 |     virtual void setRenderer(std::unique_ptr<OpenSWMM::Render::IFeatureRenderer>);
      |                  ^
8 warnings generated.
[12/214] Building CXX object CMakeFiles/SWMMVis.dir/src/core/unitsystem.cpp.o
[13/214] Building CXX object CMakeFiles/SWMMVis.dir/src/core/queryparser.cpp.o
[14/214] Building CXX object CMakeFiles/SWMMVis.dir/src/core/crsreproject.cpp.o
[15/214] Building CXX object CMakeFiles/SWMMVis.dir/src/selection/selectionops.cpp.o
[16/214] Building CXX object CMakeFiles/SWMMVis.dir/src/animation/animationcontroller.cpp.o
In file included from /Users/calebbuahin/Documents/Projects/cbuahin_github/openswmm.gui/src/animation/animationcontroller.cpp:7:
In file included from /Users/calebbuahin/Documents/Projects/cbuahin_github/openswmm.gui/include/animation/animationcontroller.h:33:
/Users/calebbuahin/Documents/Projects/cbuahin_github/openswmm.gui/include/layers/swmm2dresultslayer.h:503:55: warning: 'renderer' overrides a member function but is not marked 'override' [-Winconsistent-missing-override]
  503 |     [[nodiscard]] OpenSWMM::Render::IFeatureRenderer *renderer() const;
      |                                                       ^
/Users/calebbuahin/Documents/Projects/cbuahin_github/openswmm.gui/include/layers/openswmmvislayer.h:434:63: note: overridden virtual function is here
  434 |     [[nodiscard]] virtual OpenSWMM::Render::IFeatureRenderer *renderer() const { return nullptr; }
      |                                                               ^
In file included from /Users/calebbuahin/Documents/Projects/cbuahin_github/openswmm.gui/src/animation/animationcontroller.cpp:7:
In file included from /Users/calebbuahin/Documents/Projects/cbuahin_github/openswmm.gui/include/animation/animationcontroller.h:33:
/Users/calebbuahin/Documents/Projects/cbuahin_github/openswmm.gui/include/layers/swmm2dresultslayer.h:511:10: warning: 'setRenderer' overrides a member function but is not marked 'override' [-Winconsistent-missing-override]
  511 |     void setRenderer(std::unique_ptr<OpenSWMM::Render::IFeatureRenderer> r);
      |          ^
/Users/calebbuahin/Documents/Projects/cbuahin_github/openswmm.gui/include/layers/openswmmvislayer.h:440:18: note: overridden virtual function is here
  440 |     virtual void setRenderer(std::unique_ptr<OpenSWMM::Render::IFeatureRenderer>);
      |                  ^
In file included from /Users/calebbuahin/Documents/Projects/cbuahin_github/openswmm.gui/src/animation/animationcontroller.cpp:8:
/Users/calebbuahin/Documents/Projects/cbuahin_github/openswmm.gui/include/layers/swmmresultslayer.h:407:55: warning: 'renderer' overrides a member function but is not marked 'override' [-Winconsistent-missing-override]
  407 |     [[nodiscard]] OpenSWMM::Render::IFeatureRenderer *renderer() const;
      |                                                       ^
/Users/calebbuahin/Documents/Projects/cbuahin_github/openswmm.gui/include/layers/openswmmvislayer.h:434:63: note: overridden virtual function is here
  434 |     [[nodiscard]] virtual OpenSWMM::Render::IFeatureRenderer *renderer() const { return nullptr; }
      |                                                               ^
In file included from /Users/calebbuahin/Documents/Projects/cbuahin_github/openswmm.gui/src/animation/animationcontroller.cpp:8:
/Users/calebbuahin/Documents/Projects/cbuahin_github/openswmm.gui/include/layers/swmmresultslayer.h:416:10: warning: 'setRenderer' overrides a member function but is not marked 'override' [-Winconsistent-missing-override]
  416 |     void setRenderer(std::unique_ptr<OpenSWMM::Render::IFeatureRenderer> r);
      |          ^
/Users/calebbuahin/Documents/Projects/cbuahin_github/openswmm.gui/include/layers/openswmmvislayer.h:440:18: note: overridden virtual function is here
  440 |     virtual void setRenderer(std::unique_ptr<OpenSWMM::Render::IFeatureRenderer>);
      |                  ^
4 warnings generated.
[17/214] Building CXX object CMakeFiles/SWMMVis.dir/src/render/stylefileio.cpp.o
In file included from /Users/calebbuahin/Documents/Projects/cbuahin_github/openswmm.gui/src/render/stylefileio.cpp:9:
/Users/calebbuahin/Documents/Projects/cbuahin_github/openswmm.gui/include/layers/gisvectorlayer.h:270:55: warning: 'renderer' overrides a member function but is not marked 'override' [-Winconsistent-missing-override]
  270 |     [[nodiscard]] OpenSWMM::Render::IFeatureRenderer *renderer() const;
      |                                                       ^
/Users/calebbuahin/Documents/Projects/cbuahin_github/openswmm.gui/include/layers/openswmmvislayer.h:434:63: note: overridden virtual function is here
  434 |     [[nodiscard]] virtual OpenSWMM::Render::IFeatureRenderer *renderer() const { return nullptr; }
      |                                                               ^
In file included from /Users/calebbuahin/Documents/Projects/cbuahin_github/openswmm.gui/src/render/stylefileio.cpp:9:
/Users/calebbuahin/Documents/Projects/cbuahin_github/openswmm.gui/include/layers/gisvectorlayer.h:278:10: warning: 'setRenderer' overrides a member function but is not marked 'override' [-Winconsistent-missing-override]
  278 |     void setRenderer(std::unique_ptr<OpenSWMM::Render::IFeatureRenderer> r);
      |          ^
/Users/calebbuahin/Documents/Projects/cbuahin_github/openswmm.gui/include/layers/openswmmvislayer.h:440:18: note: overridden virtual function is here
  440 |     virtual void setRenderer(std::unique_ptr<OpenSWMM::Render::IFeatureRenderer>);
      |                  ^
In file included from /Users/calebbuahin/Documents/Projects/cbuahin_github/openswmm.gui/src/render/stylefileio.cpp:12:
/Users/calebbuahin/Documents/Projects/cbuahin_github/openswmm.gui/include/layers/swmmresultslayer.h:407:55: warning: 'renderer' overrides a member function but is not marked 'override' [-Winconsistent-missing-override]
  407 |     [[nodiscard]] OpenSWMM::Render::IFeatureRenderer *renderer() const;
      |                                                       ^
/Users/calebbuahin/Documents/Projects/cbuahin_github/openswmm.gui/include/layers/openswmmvislayer.h:434:63: note: overridden virtual function is here
  434 |     [[nodiscard]] virtual OpenSWMM::Render::IFeatureRenderer *renderer() const { return nullptr; }
      |                                                               ^
In file included from /Users/calebbuahin/Documents/Projects/cbuahin_github/openswmm.gui/src/render/stylefileio.cpp:12:
/Users/calebbuahin/Documents/Projects/cbuahin_github/openswmm.gui/include/layers/swmmresultslayer.h:416:10: warning: 'setRenderer' overrides a member function but is not marked 'override' [-Winconsistent-missing-override]
  416 |     void setRenderer(std::unique_ptr<OpenSWMM::Render::IFeatureRenderer> r);
      |          ^
/Users/calebbuahin/Documents/Projects/cbuahin_github/openswmm.gui/include/layers/openswmmvislayer.h:440:18: note: overridden virtual function is here
  440 |     virtual void setRenderer(std::unique_ptr<OpenSWMM::Render::IFeatureRenderer>);
      |                  ^
4 warnings generated.
[18/214] Building CXX object CMakeFiles/SWMMVis.dir/src/render/attributecandidates.cpp.o
[19/214] Building CXX object CMakeFiles/SWMMVis.dir/src/render/sublayers/meshfillsublayer.cpp.o
[20/214] Building CXX object CMakeFiles/SWMMVis.dir/src/render/sublayers/meshedgesublayer.cpp.o
[21/214] Building CXX object CMakeFiles/SWMMVis.dir/SWMMVis_autogen/mocs_compilation.cpp.o
In file included from /Users/calebbuahin/Documents/Projects/cbuahin_github/openswmm.gui/build/SWMMVis_autogen/mocs_compilation.cpp:2:
In file included from /Users/calebbuahin/Documents/Projects/cbuahin_github/openswmm.gui/build/SWMMVis_autogen/OIPJVC6G2U/moc_animationcontroller.cpp:9:
In file included from /Users/calebbuahin/Documents/Projects/cbuahin_github/openswmm.gui/build/SWMMVis_autogen/OIPJVC6G2U/../../../include/animation/animationcontroller.h:33:
/Users/calebbuahin/Documents/Projects/cbuahin_github/openswmm.gui/include/layers/swmm2dresultslayer.h:503:55: warning: 'renderer' overrides a member function but is not marked 'override' [-Winconsistent-missing-override]
  503 |     [[nodiscard]] OpenSWMM::Render::IFeatureRenderer *renderer() const;
      |                                                       ^
/Users/calebbuahin/Documents/Projects/cbuahin_github/openswmm.gui/include/layers/openswmmvislayer.h:434:63: note: overridden virtual function is here
  434 |     [[nodiscard]] virtual OpenSWMM::Render::IFeatureRenderer *renderer() const { return nullptr; }
      |                                                               ^
In file included from /Users/calebbuahin/Documents/Projects/cbuahin_github/openswmm.gui/build/SWMMVis_autogen/mocs_compilation.cpp:2:
In file included from /Users/calebbuahin/Documents/Projects/cbuahin_github/openswmm.gui/build/SWMMVis_autogen/OIPJVC6G2U/moc_animationcontroller.cpp:9:
In file included from /Users/calebbuahin/Documents/Projects/cbuahin_github/openswmm.gui/build/SWMMVis_autogen/OIPJVC6G2U/../../../include/animation/animationcontroller.h:33:
/Users/calebbuahin/Documents/Projects/cbuahin_github/openswmm.gui/include/layers/swmm2dresultslayer.h:511:10: warning: 'setRenderer' overrides a member function but is not marked 'override' [-Winconsistent-missing-override]
  511 |     void setRenderer(std::unique_ptr<OpenSWMM::Render::IFeatureRenderer> r);
      |          ^
/Users/calebbuahin/Documents/Projects/cbuahin_github/openswmm.gui/include/layers/openswmmvislayer.h:440:18: note: overridden virtual function is here
  440 |     virtual void setRenderer(std::unique_ptr<OpenSWMM::Render::IFeatureRenderer>);
      |                  ^
In file included from /Users/calebbuahin/Documents/Projects/cbuahin_github/openswmm.gui/build/SWMMVis_autogen/mocs_compilation.cpp:27:
In file included from /Users/calebbuahin/Documents/Projects/cbuahin_github/openswmm.gui/build/SWMMVis_autogen/QBVQJYMK6I/moc_gisvectorlayer.cpp:9:
/Users/calebbuahin/Documents/Projects/cbuahin_github/openswmm.gui/build/SWMMVis_autogen/QBVQJYMK6I/../../../include/layers/gisvectorlayer.h:270:55: warning: 'renderer' overrides a member function but is not marked 'override' [-Winconsistent-missing-override]
  270 |     [[nodiscard]] OpenSWMM::Render::IFeatureRenderer *renderer() const;
      |                                                       ^
/Users/calebbuahin/Documents/Projects/cbuahin_github/openswmm.gui/include/layers/openswmmvislayer.h:434:63: note: overridden virtual function is here
  434 |     [[nodiscard]] virtual OpenSWMM::Render::IFeatureRenderer *renderer() const { return nullptr; }
      |                                                               ^
In file included from /Users/calebbuahin/Documents/Projects/cbuahin_github/openswmm.gui/build/SWMMVis_autogen/mocs_compilation.cpp:27:
In file included from /Users/calebbuahin/Documents/Projects/cbuahin_github/openswmm.gui/build/SWMMVis_autogen/QBVQJYMK6I/moc_gisvectorlayer.cpp:9:
/Users/calebbuahin/Documents/Projects/cbuahin_github/openswmm.gui/build/SWMMVis_autogen/QBVQJYMK6I/../../../include/layers/gisvectorlayer.h:278:10: warning: 'setRenderer' overrides a member function but is not marked 'override' [-Winconsistent-missing-override]
  278 |     void setRenderer(std::unique_ptr<OpenSWMM::Render::IFeatureRenderer> r);
      |          ^
/Users/calebbuahin/Documents/Projects/cbuahin_github/openswmm.gui/include/layers/openswmmvislayer.h:440:18: note: overridden virtual function is here
  440 |     virtual void setRenderer(std::unique_ptr<OpenSWMM::Render::IFeatureRenderer>);
      |                  ^
In file included from /Users/calebbuahin/Documents/Projects/cbuahin_github/openswmm.gui/build/SWMMVis_autogen/mocs_compilation.cpp:35:
In file included from /Users/calebbuahin/Documents/Projects/cbuahin_github/openswmm.gui/build/SWMMVis_autogen/QBVQJYMK6I/moc_swmmresultslayer.cpp:9:
/Users/calebbuahin/Documents/Projects/cbuahin_github/openswmm.gui/build/SWMMVis_autogen/QBVQJYMK6I/../../../include/layers/swmmresultslayer.h:407:55: warning: 'renderer' overrides a member function but is not marked 'override' [-Winconsistent-missing-override]
  407 |     [[nodiscard]] OpenSWMM::Render::IFeatureRenderer *renderer() const;
      |                                                       ^
/Users/calebbuahin/Documents/Projects/cbuahin_github/openswmm.gui/include/layers/openswmmvislayer.h:434:63: note: overridden virtual function is here
  434 |     [[nodiscard]] virtual OpenSWMM::Render::IFeatureRenderer *renderer() const { return nullptr; }
      |                                                               ^
In file included from /Users/calebbuahin/Documents/Projects/cbuahin_github/openswmm.gui/build/SWMMVis_autogen/mocs_compilation.cpp:35:
In file included from /Users/calebbuahin/Documents/Projects/cbuahin_github/openswmm.gui/build/SWMMVis_autogen/QBVQJYMK6I/moc_swmmresultslayer.cpp:9:
/Users/calebbuahin/Documents/Projects/cbuahin_github/openswmm.gui/build/SWMMVis_autogen/QBVQJYMK6I/../../../include/layers/swmmresultslayer.h:416:10: warning: 'setRenderer' overrides a member function but is not marked 'override' [-Winconsistent-missing-override]
  416 |     void setRenderer(std::unique_ptr<OpenSWMM::Render::IFeatureRenderer> r);
      |          ^
/Users/calebbuahin/Documents/Projects/cbuahin_github/openswmm.gui/include/layers/openswmmvislayer.h:440:18: note: overridden virtual function is here
  440 |     virtual void setRenderer(std::unique_ptr<OpenSWMM::Render::IFeatureRenderer>);
      |                  ^
6 warnings generated.
[22/214] Building CXX object CMakeFiles/SWMMVis.dir/src/plot/profilenetworkadapter_model.cpp.o
[23/214] Building CXX object CMakeFiles/SWMMVis.dir/src/plot/profileattributesampler.cpp.o
In file included from /Users/calebbuahin/Documents/Projects/cbuahin_github/openswmm.gui/src/plot/profileattributesampler.cpp:11:
/Users/calebbuahin/Documents/Projects/cbuahin_github/openswmm.gui/include/layers/swmmresultslayer.h:407:55: warning: 'renderer' overrides a member function but is not marked 'override' [-Winconsistent-missing-override]
  407 |     [[nodiscard]] OpenSWMM::Render::IFeatureRenderer *renderer() const;
      |                                                       ^
/Users/calebbuahin/Documents/Projects/cbuahin_github/openswmm.gui/include/layers/openswmmvislayer.h:434:63: note: overridden virtual function is here
  434 |     [[nodiscard]] virtual OpenSWMM::Render::IFeatureRenderer *renderer() const { return nullptr; }
      |                                                               ^
In file included from /Users/calebbuahin/Documents/Projects/cbuahin_github/openswmm.gui/src/plot/profileattributesampler.cpp:11:
/Users/calebbuahin/Documents/Projects/cbuahin_github/openswmm.gui/include/layers/swmmresultslayer.h:416:10: warning: 'setRenderer' overrides a member function but is not marked 'override' [-Winconsistent-missing-override]
  416 |     void setRenderer(std::unique_ptr<OpenSWMM::Render::IFeatureRenderer> r);
      |          ^
/Users/calebbuahin/Documents/Projects/cbuahin_github/openswmm.gui/include/layers/openswmmvislayer.h:440:18: note: overridden virtual function is here
  440 |     virtual void setRenderer(std::unique_ptr<OpenSWMM::Render::IFeatureRenderer>);
      |                  ^
2 warnings generated.
[24/214] Building CXX object CMakeFiles/SWMMVis.dir/src/plot/profileplotoptions.cpp.o
[25/214] Building CXX object CMakeFiles/SWMMVis.dir/src/plot/meshprofileplotoptions.cpp.o
[26/214] Building CXX object CMakeFiles/SWMMVis.dir/src/plot/meshprofilesampler.cpp.o
In file included from /Users/calebbuahin/Documents/Projects/cbuahin_github/openswmm.gui/src/plot/meshprofilesampler.cpp:10:
/Users/calebbuahin/Documents/Projects/cbuahin_github/openswmm.gui/include/layers/swmm2dresultslayer.h:503:55: warning: 'renderer' overrides a member function but is not marked 'override' [-Winconsistent-missing-override]
  503 |     [[nodiscard]] OpenSWMM::Render::IFeatureRenderer *renderer() const;
      |                                                       ^
/Users/calebbuahin/Documents/Projects/cbuahin_github/openswmm.gui/include/layers/openswmmvislayer.h:434:63: note: overridden virtual function is here
  434 |     [[nodiscard]] virtual OpenSWMM::Render::IFeatureRenderer *renderer() const { return nullptr; }
      |                                                               ^
In file included from /Users/calebbuahin/Documents/Projects/cbuahin_github/openswmm.gui/src/plot/meshprofilesampler.cpp:10:
/Users/calebbuahin/Documents/Projects/cbuahin_github/openswmm.gui/include/layers/swmm2dresultslayer.h:511:10: warning: 'setRenderer' overrides a member function but is not marked 'override' [-Winconsistent-missing-override]
  511 |     void setRenderer(std::unique_ptr<OpenSWMM::Render::IFeatureRenderer> r);
      |          ^
/Users/calebbuahin/Documents/Projects/cbuahin_github/openswmm.gui/include/layers/openswmmvislayer.h:440:18: note: overridden virtual function is here
  440 |     virtual void setRenderer(std::unique_ptr<OpenSWMM::Render::IFeatureRenderer>);
      |                  ^
2 warnings generated.
[27/214] Building CXX object CMakeFiles/SWMMVis.dir/src/plot/profilesourcefetcher.cpp.o
In file included from /Users/calebbuahin/Documents/Projects/cbuahin_github/openswmm.gui/src/plot/profilesourcefetcher.cpp:9:
/Users/calebbuahin/Documents/Projects/cbuahin_github/openswmm.gui/include/layers/swmmresultslayer.h:407:55: warning: 'renderer' overrides a member function but is not marked 'override' [-Winconsistent-missing-override]
  407 |     [[nodiscard]] OpenSWMM::Render::IFeatureRenderer *renderer() const;
      |                                                       ^
/Users/calebbuahin/Documents/Projects/cbuahin_github/openswmm.gui/include/layers/openswmmvislayer.h:434:63: note: overridden virtual function is here
  434 |     [[nodiscard]] virtual OpenSWMM::Render::IFeatureRenderer *renderer() const { return nullptr; }
      |                                                               ^
In file included from /Users/calebbuahin/Documents/Projects/cbuahin_github/openswmm.gui/src/plot/profilesourcefetcher.cpp:9:
/Users/calebbuahin/Documents/Projects/cbuahin_github/openswmm.gui/include/layers/swmmresultslayer.h:416:10: warning: 'setRenderer' overrides a member function but is not marked 'override' [-Winconsistent-missing-override]
  416 |     void setRenderer(std::unique_ptr<OpenSWMM::Render::IFeatureRenderer> r);
      |          ^
/Users/calebbuahin/Documents/Projects/cbuahin_github/openswmm.gui/include/layers/openswmmvislayer.h:440:18: note: overridden virtual function is here
  440 |     virtual void setRenderer(std::unique_ptr<OpenSWMM::Render::IFeatureRenderer>);
      |                  ^
2 warnings generated.
[28/214] Building CXX object CMakeFiles/SWMMVis.dir/src/plot/chartproperties.cpp.o
[29/214] Building CXX object CMakeFiles/SWMMVis.dir/src/plot/swmmoutrunlayer_codes.cpp.o
[30/214] Building CXX object CMakeFiles/SWMMVis.dir/src/plot/swmmoutrunlayer.cpp.o
In file included from /Users/calebbuahin/Documents/Projects/cbuahin_github/openswmm.gui/src/plot/swmmoutrunlayer.cpp:9:
/Users/calebbuahin/Documents/Projects/cbuahin_github/openswmm.gui/include/layers/swmmresultslayer.h:407:55: warning: 'renderer' overrides a member function but is not marked 'override' [-Winconsistent-missing-override]
  407 |     [[nodiscard]] OpenSWMM::Render::IFeatureRenderer *renderer() const;
      |                                                       ^
/Users/calebbuahin/Documents/Projects/cbuahin_github/openswmm.gui/include/layers/openswmmvislayer.h:434:63: note: overridden virtual function is here
  434 |     [[nodiscard]] virtual OpenSWMM::Render::IFeatureRenderer *renderer() const { return nullptr; }
      |                                                               ^
In file included from /Users/calebbuahin/Documents/Projects/cbuahin_github/openswmm.gui/src/plot/swmmoutrunlayer.cpp:9:
/Users/calebbuahin/Documents/Projects/cbuahin_github/openswmm.gui/include/layers/swmmresultslayer.h:416:10: warning: 'setRenderer' overrides a member function but is not marked 'override' [-Winconsistent-missing-override]
  416 |     void setRenderer(std::unique_ptr<OpenSWMM::Render::IFeatureRenderer> r);
      |          ^
/Users/calebbuahin/Documents/Projects/cbuahin_github/openswmm.gui/include/layers/openswmmvislayer.h:440:18: note: overridden virtual function is here
  440 |     virtual void setRenderer(std::unique_ptr<OpenSWMM::Render::IFeatureRenderer>);
      |                  ^
2 warnings generated.
[31/214] Building CXX object CMakeFiles/SWMMVis.dir/src/plot/mesh2drunlayer.cpp.o
In file included from /Users/calebbuahin/Documents/Projects/cbuahin_github/openswmm.gui/src/plot/mesh2drunlayer.cpp:9:
/Users/calebbuahin/Documents/Projects/cbuahin_github/openswmm.gui/include/core/swmmdatetime.h:61:12: warning: 'QDateTime' is deprecated: Pass QTimeZone instead [-Wdeprecated-declarations]
   61 |     return QDateTime(date, QTime(h, mi, s), Qt::UTC);
      |            ^
/Users/calebbuahin/Qt/6.9.3/macos/lib/QtCore.framework/Headers/qdatetime.h:361:5: note: 'QDateTime' has been explicitly marked deprecated here
  361 |     QT_DEPRECATED_VERSION_X_6_9("Pass QTimeZone instead")
      |     ^
/Users/calebbuahin/Qt/6.9.3/macos/lib/QtCore.framework/Headers/qtdeprecationmarkers.h:213:44: note: expanded from macro 'QT_DEPRECATED_VERSION_X_6_9'
  213 | # define QT_DEPRECATED_VERSION_X_6_9(text) QT_DEPRECATED_X(text)
      |                                            ^
/Users/calebbuahin/Qt/6.9.3/macos/lib/QtCore.framework/Headers/qtdeprecationmarkers.h:29:33: note: expanded from macro 'QT_DEPRECATED_X'
   29 | #  define QT_DEPRECATED_X(text) Q_DECL_DEPRECATED_X(text)
      |                                 ^
/Users/calebbuahin/Qt/6.9.3/macos/lib/QtCore.framework/Headers/qcompilerdetection.h:1011:36: note: expanded from macro 'Q_DECL_DEPRECATED_X'
 1011 | #  define Q_DECL_DEPRECATED_X(x) [[deprecated(x)]]
      |                                    ^
In file included from /Users/calebbuahin/Documents/Projects/cbuahin_github/openswmm.gui/src/plot/mesh2drunlayer.cpp:9:
/Users/calebbuahin/Documents/Projects/cbuahin_github/openswmm.gui/include/core/swmmdatetime.h:61:12: warning: 'QDateTime' is deprecated: Pass QTimeZone instead [-Wdeprecated-declarations]
   61 |     return QDateTime(date, QTime(h, mi, s), Qt::UTC);
      |            ^
/Users/calebbuahin/Qt/6.9.3/macos/lib/QtCore.framework/Headers/qdatetime.h:361:5: note: 'QDateTime' has been explicitly marked deprecated here
  361 |     QT_DEPRECATED_VERSION_X_6_9("Pass QTimeZone instead")
      |     ^
/Users/calebbuahin/Qt/6.9.3/macos/lib/QtCore.framework/Headers/qtdeprecationmarkers.h:213:44: note: expanded from macro 'QT_DEPRECATED_VERSION_X_6_9'
  213 | # define QT_DEPRECATED_VERSION_X_6_9(text) QT_DEPRECATED_X(text)
      |                                            ^
/Users/calebbuahin/Qt/6.9.3/macos/lib/QtCore.framework/Headers/qtdeprecationmarkers.h:29:33: note: expanded from macro 'QT_DEPRECATED_X'
   29 | #  define QT_DEPRECATED_X(text) Q_DECL_DEPRECATED_X(text)
      |                                 ^
/Users/calebbuahin/Qt/6.9.3/macos/lib/QtCore.framework/Headers/qcompilerdetection.h:1011:36: note: expanded from macro 'Q_DECL_DEPRECATED_X'
 1011 | #  define Q_DECL_DEPRECATED_X(x) [[deprecated(x)]]
      |                                    ^
In file included from /Users/calebbuahin/Documents/Projects/cbuahin_github/openswmm.gui/src/plot/mesh2drunlayer.cpp:10:
/Users/calebbuahin/Documents/Projects/cbuahin_github/openswmm.gui/include/layers/swmm2dresultslayer.h:503:55: warning: 'renderer' overrides a member function but is not marked 'override' [-Winconsistent-missing-override]
  503 |     [[nodiscard]] OpenSWMM::Render::IFeatureRenderer *renderer() const;
      |                                                       ^
/Users/calebbuahin/Documents/Projects/cbuahin_github/openswmm.gui/include/layers/openswmmvislayer.h:434:63: note: overridden virtual function is here
  434 |     [[nodiscard]] virtual OpenSWMM::Render::IFeatureRenderer *renderer() const { return nullptr; }
      |                                                               ^
In file included from /Users/calebbuahin/Documents/Projects/cbuahin_github/openswmm.gui/src/plot/mesh2drunlayer.cpp:10:
/Users/calebbuahin/Documents/Projects/cbuahin_github/openswmm.gui/include/layers/swmm2dresultslayer.h:511:10: warning: 'setRenderer' overrides a member function but is not marked 'override' [-Winconsistent-missing-override]
  511 |     void setRenderer(std::unique_ptr<OpenSWMM::Render::IFeatureRenderer> r);
      |          ^
/Users/calebbuahin/Documents/Projects/cbuahin_github/openswmm.gui/include/layers/openswmmvislayer.h:440:18: note: overridden virtual function is here
  440 |     virtual void setRenderer(std::unique_ptr<OpenSWMM::Render::IFeatureRenderer>);
      |                  ^
4 warnings generated.
[32/214] Building CXX object CMakeFiles/SWMMVis.dir/src/layers/hydrographmodels.cpp.o
[33/214] Building CXX object CMakeFiles/SWMMVis.dir/src/layers/gisrasterlayer.cpp.o
/Users/calebbuahin/Documents/Projects/cbuahin_github/openswmm.gui/src/layers/gisrasterlayer.cpp:1495:9: warning: ignoring return value of function declared with 'warn_unused_result' attribute [-Wunused-result]
 1495 |         dstDS->GetRasterBand(1)->RasterIO(GF_Read, 0, 0, pixelWidth, pixelHeight,
      |         ^~~~~~~~~~~~~~~~~~~~~~~~~~~~~~~~~
/Users/calebbuahin/Documents/Projects/cbuahin_github/openswmm.gui/src/layers/gisrasterlayer.cpp:1497:9: warning: ignoring return value of function declared with 'warn_unused_result' attribute [-Wunused-result]
 1497 |         dstDS->GetRasterBand(2)->RasterIO(GF_Read, 0, 0, pixelWidth, pixelHeight,
      |         ^~~~~~~~~~~~~~~~~~~~~~~~~~~~~~~~~
/Users/calebbuahin/Documents/Projects/cbuahin_github/openswmm.gui/src/layers/gisrasterlayer.cpp:1499:9: warning: ignoring return value of function declared with 'warn_unused_result' attribute [-Wunused-result]
 1499 |         dstDS->GetRasterBand(3)->RasterIO(GF_Read, 0, 0, pixelWidth, pixelHeight,
      |         ^~~~~~~~~~~~~~~~~~~~~~~~~~~~~~~~~
/Users/calebbuahin/Documents/Projects/cbuahin_github/openswmm.gui/src/layers/gisrasterlayer.cpp:1503:13: warning: ignoring return value of function declared with 'warn_unused_result' attribute [-Wunused-result]
 1503 |             dstDS->GetRasterBand(4)->RasterIO(GF_Read, 0, 0, pixelWidth, pixelHeight,
      |             ^~~~~~~~~~~~~~~~~~~~~~~~~~~~~~~~~
/Users/calebbuahin/Documents/Projects/cbuahin_github/openswmm.gui/src/layers/gisrasterlayer.cpp:1522:9: warning: ignoring return value of function declared with 'warn_unused_result' attribute [-Wunused-result]
 1522 |         dstDS->GetRasterBand(1)->RasterIO(
      |         ^~~~~~~~~~~~~~~~~~~~~~~~~~~~~~~~~
5 warnings generated.
[34/214] Building CXX object CMakeFiles/SWMMVis.dir/src/map/mapundostack.cpp.o
[35/214] Building CXX object CMakeFiles/SWMMVis.dir/src/map/mapcanvas.cpp.o
In file included from /Users/calebbuahin/Documents/Projects/cbuahin_github/openswmm.gui/src/map/mapcanvas.cpp:30:
/Users/calebbuahin/Documents/Projects/cbuahin_github/openswmm.gui/include/layers/swmm2dresultslayer.h:503:55: warning: 'renderer' overrides a member function but is not marked 'override' [-Winconsistent-missing-override]
  503 |     [[nodiscard]] OpenSWMM::Render::IFeatureRenderer *renderer() const;
      |                                                       ^
/Users/calebbuahin/Documents/Projects/cbuahin_github/openswmm.gui/include/layers/openswmmvislayer.h:434:63: note: overridden virtual function is here
  434 |     [[nodiscard]] virtual OpenSWMM::Render::IFeatureRenderer *renderer() const { return nullptr; }
      |                                                               ^
In file included from /Users/calebbuahin/Documents/Projects/cbuahin_github/openswmm.gui/src/map/mapcanvas.cpp:30:
/Users/calebbuahin/Documents/Projects/cbuahin_github/openswmm.gui/include/layers/swmm2dresultslayer.h:511:10: warning: 'setRenderer' overrides a member function but is not marked 'override' [-Winconsistent-missing-override]
  511 |     void setRenderer(std::unique_ptr<OpenSWMM::Render::IFeatureRenderer> r);
      |          ^
/Users/calebbuahin/Documents/Projects/cbuahin_github/openswmm.gui/include/layers/openswmmvislayer.h:440:18: note: overridden virtual function is here
  440 |     virtual void setRenderer(std::unique_ptr<OpenSWMM::Render::IFeatureRenderer>);
      |                  ^
2 warnings generated.
[36/214] Building CXX object CMakeFiles/SWMMVis.dir/src/layers/swmmresultslayer.cpp.o
In file included from /Users/calebbuahin/Documents/Projects/cbuahin_github/openswmm.gui/src/layers/swmmresultslayer.cpp:7:
/Users/calebbuahin/Documents/Projects/cbuahin_github/openswmm.gui/include/layers/swmmresultslayer.h:407:55: warning: 'renderer' overrides a member function but is not marked 'override' [-Winconsistent-missing-override]
  407 |     [[nodiscard]] OpenSWMM::Render::IFeatureRenderer *renderer() const;
      |                                                       ^
/Users/calebbuahin/Documents/Projects/cbuahin_github/openswmm.gui/include/layers/openswmmvislayer.h:434:63: note: overridden virtual function is here
  434 |     [[nodiscard]] virtual OpenSWMM::Render::IFeatureRenderer *renderer() const { return nullptr; }
      |                                                               ^
In file included from /Users/calebbuahin/Documents/Projects/cbuahin_github/openswmm.gui/src/layers/swmmresultslayer.cpp:7:
/Users/calebbuahin/Documents/Projects/cbuahin_github/openswmm.gui/include/layers/swmmresultslayer.h:416:10: warning: 'setRenderer' overrides a member function but is not marked 'override' [-Winconsistent-missing-override]
  416 |     void setRenderer(std::unique_ptr<OpenSWMM::Render::IFeatureRenderer> r);
      |          ^
/Users/calebbuahin/Documents/Projects/cbuahin_github/openswmm.gui/include/layers/openswmmvislayer.h:440:18: note: overridden virtual function is here
  440 |     virtual void setRenderer(std::unique_ptr<OpenSWMM::Render::IFeatureRenderer>);
      |                  ^
In file included from /Users/calebbuahin/Documents/Projects/cbuahin_github/openswmm.gui/src/layers/swmmresultslayer.cpp:8:
/Users/calebbuahin/Documents/Projects/cbuahin_github/openswmm.gui/include/core/swmmdatetime.h:61:12: warning: 'QDateTime' is deprecated: Pass QTimeZone instead [-Wdeprecated-declarations]
   61 |     return QDateTime(date, QTime(h, mi, s), Qt::UTC);
      |            ^
/Users/calebbuahin/Qt/6.9.3/macos/lib/QtCore.framework/Headers/qdatetime.h:361:5: note: 'QDateTime' has been explicitly marked deprecated here
  361 |     QT_DEPRECATED_VERSION_X_6_9("Pass QTimeZone instead")
      |     ^
/Users/calebbuahin/Qt/6.9.3/macos/lib/QtCore.framework/Headers/qtdeprecationmarkers.h:213:44: note: expanded from macro 'QT_DEPRECATED_VERSION_X_6_9'
  213 | # define QT_DEPRECATED_VERSION_X_6_9(text) QT_DEPRECATED_X(text)
      |                                            ^
/Users/calebbuahin/Qt/6.9.3/macos/lib/QtCore.framework/Headers/qtdeprecationmarkers.h:29:33: note: expanded from macro 'QT_DEPRECATED_X'
   29 | #  define QT_DEPRECATED_X(text) Q_DECL_DEPRECATED_X(text)
      |                                 ^
/Users/calebbuahin/Qt/6.9.3/macos/lib/QtCore.framework/Headers/qcompilerdetection.h:1011:36: note: expanded from macro 'Q_DECL_DEPRECATED_X'
 1011 | #  define Q_DECL_DEPRECATED_X(x) [[deprecated(x)]]
      |                                    ^
In file included from /Users/calebbuahin/Documents/Projects/cbuahin_github/openswmm.gui/src/layers/swmmresultslayer.cpp:8:
/Users/calebbuahin/Documents/Projects/cbuahin_github/openswmm.gui/include/core/swmmdatetime.h:61:12: warning: 'QDateTime' is deprecated: Pass QTimeZone instead [-Wdeprecated-declarations]
   61 |     return QDateTime(date, QTime(h, mi, s), Qt::UTC);
      |            ^
/Users/calebbuahin/Qt/6.9.3/macos/lib/QtCore.framework/Headers/qdatetime.h:361:5: note: 'QDateTime' has been explicitly marked deprecated here
  361 |     QT_DEPRECATED_VERSION_X_6_9("Pass QTimeZone instead")
      |     ^
/Users/calebbuahin/Qt/6.9.3/macos/lib/QtCore.framework/Headers/qtdeprecationmarkers.h:213:44: note: expanded from macro 'QT_DEPRECATED_VERSION_X_6_9'
  213 | # define QT_DEPRECATED_VERSION_X_6_9(text) QT_DEPRECATED_X(text)
      |                                            ^
/Users/calebbuahin/Qt/6.9.3/macos/lib/QtCore.framework/Headers/qtdeprecationmarkers.h:29:33: note: expanded from macro 'QT_DEPRECATED_X'
   29 | #  define QT_DEPRECATED_X(text) Q_DECL_DEPRECATED_X(text)
      |                                 ^
/Users/calebbuahin/Qt/6.9.3/macos/lib/QtCore.framework/Headers/qcompilerdetection.h:1011:36: note: expanded from macro 'Q_DECL_DEPRECATED_X'
 1011 | #  define Q_DECL_DEPRECATED_X(x) [[deprecated(x)]]
      |                                    ^
/Users/calebbuahin/Documents/Projects/cbuahin_github/openswmm.gui/src/layers/swmmresultslayer.cpp:1498:5: warning: ignoring return value of function declared with 'nodiscard' attribute: Use QThreadPool::start(Callable&&) if you don't need the returned QFuture [-Wunused-result]
 1498 |     QtConcurrent::run([self, path, totalSteps, outCode]() {
      |     ^~~~~~~~~~~~~~~~~ ~~~~~~~~~~~~~~~~~~~~~~~~~~~~~~~~~~~~~
 1499 |         const auto range = scanRangeBlocking(path, RangeKind::Node, outCode, totalSteps);
      |         ~~~~~~~~~~~~~~~~~~~~~~~~~~~~~~~~~~~~~~~~~~~~~~~~~~~~~~~~~~~~~~~~~~~~~~~~~~~~~~~~~
 1500 |         QMetaObject::invokeMethod(qApp, [self, outCode, range]() {
      |         ~~~~~~~~~~~~~~~~~~~~~~~~~~~~~~~~~~~~~~~~~~~~~~~~~~~~~~~~~~
 1501 |             if (!self) return;
      |             ~~~~~~~~~~~~~~~~~~
 1502 |             self->m_nodeAttributeRange.insert(outCode, range);
      |             ~~~~~~~~~~~~~~~~~~~~~~~~~~~~~~~~~~~~~~~~~~~~~~~~~~
 1503 |             self->m_nodeRangePending.remove(outCode);
      |             ~~~~~~~~~~~~~~~~~~~~~~~~~~~~~~~~~~~~~~~~~
 1504 |             // Gap A2.2 — FixedOverRun renderers classified against the
      |             ~~~~~~~~~~~~~~~~~~~~~~~~~~~~~~~~~~~~~~~~~~~~~~~~~~~~~~~~~~~
 1505 |             // frame showing at install time re-classify with run extremes.
      |             ~~~~~~~~~~~~~~~~~~~~~~~~~~~~~~~~~~~~~~~~~~~~~~~~~~~~~~~~~~~~~~~
 1506 |             self->reclassifyKindsForResolvedRange(0, outCode);
      |             ~~~~~~~~~~~~~~~~~~~~~~~~~~~~~~~~~~~~~~~~~~~~~~~~~~
 1507 |             emit self->repaintRequested();
      |             ~~~~~~~~~~~~~~~~~~~~~~~~~~~~~~
 1508 |         }, Qt::QueuedConnection);
      |         ~~~~~~~~~~~~~~~~~~~~~~~~~
 1509 |     });
      |     ~
/Users/calebbuahin/Documents/Projects/cbuahin_github/openswmm.gui/src/layers/swmmresultslayer.cpp:1527:5: warning: ignoring return value of function declared with 'nodiscard' attribute: Use QThreadPool::start(Callable&&) if you don't need the returned QFuture [-Wunused-result]
 1527 |     QtConcurrent::run([self, path, totalSteps, outCode]() {
      |     ^~~~~~~~~~~~~~~~~ ~~~~~~~~~~~~~~~~~~~~~~~~~~~~~~~~~~~~~
 1528 |         const auto range = scanRangeBlocking(path, RangeKind::Link, outCode, totalSteps);
      |         ~~~~~~~~~~~~~~~~~~~~~~~~~~~~~~~~~~~~~~~~~~~~~~~~~~~~~~~~~~~~~~~~~~~~~~~~~~~~~~~~~
 1529 |         QMetaObject::invokeMethod(qApp, [self, outCode, range]() {
      |         ~~~~~~~~~~~~~~~~~~~~~~~~~~~~~~~~~~~~~~~~~~~~~~~~~~~~~~~~~~
 1530 |             if (!self) return;
      |             ~~~~~~~~~~~~~~~~~~
 1531 |             self->m_linkAttributeRange.insert(outCode, range);
      |             ~~~~~~~~~~~~~~~~~~~~~~~~~~~~~~~~~~~~~~~~~~~~~~~~~~
 1532 |             self->m_linkRangePending.remove(outCode);
      |             ~~~~~~~~~~~~~~~~~~~~~~~~~~~~~~~~~~~~~~~~~
 1533 |             self->reclassifyKindsForResolvedRange(1, outCode);   // Gap A2.2
      |             ~~~~~~~~~~~~~~~~~~~~~~~~~~~~~~~~~~~~~~~~~~~~~~~~~~~~~~~~~~~~~~~~
 1534 |             emit self->repaintRequested();
      |             ~~~~~~~~~~~~~~~~~~~~~~~~~~~~~~
 1535 |         }, Qt::QueuedConnection);
      |         ~~~~~~~~~~~~~~~~~~~~~~~~~
 1536 |     });
      |     ~
/Users/calebbuahin/Documents/Projects/cbuahin_github/openswmm.gui/src/layers/swmmresultslayer.cpp:1554:5: warning: ignoring return value of function declared with 'nodiscard' attribute: Use QThreadPool::start(Callable&&) if you don't need the returned QFuture [-Wunused-result]
 1554 |     QtConcurrent::run([self, path, totalSteps, outCode]() {
      |     ^~~~~~~~~~~~~~~~~ ~~~~~~~~~~~~~~~~~~~~~~~~~~~~~~~~~~~~~
 1555 |         const auto range = scanRangeBlocking(path, RangeKind::Subcatch, outCode, totalSteps);
      |         ~~~~~~~~~~~~~~~~~~~~~~~~~~~~~~~~~~~~~~~~~~~~~~~~~~~~~~~~~~~~~~~~~~~~~~~~~~~~~~~~~~~~~
 1556 |         QMetaObject::invokeMethod(qApp, [self, outCode, range]() {
      |         ~~~~~~~~~~~~~~~~~~~~~~~~~~~~~~~~~~~~~~~~~~~~~~~~~~~~~~~~~~
 1557 |             if (!self) return;
      |             ~~~~~~~~~~~~~~~~~~
 1558 |             self->m_subcatchAttributeRange.insert(outCode, range);
      |             ~~~~~~~~~~~~~~~~~~~~~~~~~~~~~~~~~~~~~~~~~~~~~~~~~~~~~~
 1559 |             self->m_subcatchRangePending.remove(outCode);
      |             ~~~~~~~~~~~~~~~~~~~~~~~~~~~~~~~~~~~~~~~~~~~~~
 1560 |             self->reclassifyKindsForResolvedRange(2, outCode);   // Gap A2.2
      |             ~~~~~~~~~~~~~~~~~~~~~~~~~~~~~~~~~~~~~~~~~~~~~~~~~~~~~~~~~~~~~~~~
 1561 |             emit self->repaintRequested();
      |             ~~~~~~~~~~~~~~~~~~~~~~~~~~~~~~
 1562 |         }, Qt::QueuedConnection);
      |         ~~~~~~~~~~~~~~~~~~~~~~~~~
 1563 |     });
      |     ~
/Users/calebbuahin/Documents/Projects/cbuahin_github/openswmm.gui/src/layers/swmmresultslayer.cpp:2999:5: warning: ignoring return value of function declared with 'nodiscard' attribute: Use QThreadPool::start(Callable&&) if you don't need the returned QFuture [-Wunused-result]
 2999 |     QtConcurrent::run([self, path, kind, outCode, totalSteps]() {
      |     ^~~~~~~~~~~~~~~~~ ~~~~~~~~~~~~~~~~~~~~~~~~~~~~~~~~~~~~~~~~~~~
 3000 |         const auto range = scanRangeBlocking(path, kind, outCode, totalSteps);
      |         ~~~~~~~~~~~~~~~~~~~~~~~~~~~~~~~~~~~~~~~~~~~~~~~~~~~~~~~~~~~~~~~~~~~~~~
 3001 |         QMetaObject::invokeMethod(qApp, [self, range]() {
      |         ~~~~~~~~~~~~~~~~~~~~~~~~~~~~~~~~~~~~~~~~~~~~~~~~~
 3002 |             if (!self) return;
      |             ~~~~~~~~~~~~~~~~~~
 3003 |             self->m_colorRamp.minValue = range.first;
      |             ~~~~~~~~~~~~~~~~~~~~~~~~~~~~~~~~~~~~~~~~~
 3004 |             self->m_colorRamp.maxValue = range.second;
      |             ~~~~~~~~~~~~~~~~~~~~~~~~~~~~~~~~~~~~~~~~~~
 3005 |             emit self->repaintRequested();
      |             ~~~~~~~~~~~~~~~~~~~~~~~~~~~~~~
 3006 |         }, Qt::QueuedConnection);
      |         ~~~~~~~~~~~~~~~~~~~~~~~~~
 3007 |     });
      |     ~
8 warnings generated.
[37/214] Building CXX object CMakeFiles/SWMMVis.dir/src/map/objectdefaultsapplier.cpp.o
[38/214] Building CXX object CMakeFiles/SWMMVis.dir/src/layers/swmmmodellayer.cpp.o
[39/214] Building CXX object CMakeFiles/SWMMVis.dir/src/map/importcommands.cpp.o
[40/214] Building CXX object CMakeFiles/SWMMVis.dir/src/map/meshcommands.cpp.o
[41/214] Building CXX object CMakeFiles/SWMMVis.dir/src/map/legendclasseditcommands.cpp.o
In file included from /Users/calebbuahin/Documents/Projects/cbuahin_github/openswmm.gui/src/map/legendclasseditcommands.cpp:9:
/Users/calebbuahin/Documents/Projects/cbuahin_github/openswmm.gui/include/layers/gisvectorlayer.h:270:55: warning: 'renderer' overrides a member function but is not marked 'override' [-Winconsistent-missing-override]
  270 |     [[nodiscard]] OpenSWMM::Render::IFeatureRenderer *renderer() const;
      |                                                       ^
/Users/calebbuahin/Documents/Projects/cbuahin_github/openswmm.gui/include/layers/openswmmvislayer.h:434:63: note: overridden virtual function is here
  434 |     [[nodiscard]] virtual OpenSWMM::Render::IFeatureRenderer *renderer() const { return nullptr; }
      |                                                               ^
In file included from /Users/calebbuahin/Documents/Projects/cbuahin_github/openswmm.gui/src/map/legendclasseditcommands.cpp:9:
/Users/calebbuahin/Documents/Projects/cbuahin_github/openswmm.gui/include/layers/gisvectorlayer.h:278:10: warning: 'setRenderer' overrides a member function but is not marked 'override' [-Winconsistent-missing-override]
  278 |     void setRenderer(std::unique_ptr<OpenSWMM::Render::IFeatureRenderer> r);
      |          ^
/Users/calebbuahin/Documents/Projects/cbuahin_github/openswmm.gui/include/layers/openswmmvislayer.h:440:18: note: overridden virtual function is here
  440 |     virtual void setRenderer(std::unique_ptr<OpenSWMM::Render::IFeatureRenderer>);
      |                  ^
In file included from /Users/calebbuahin/Documents/Projects/cbuahin_github/openswmm.gui/src/map/legendclasseditcommands.cpp:12:
/Users/calebbuahin/Documents/Projects/cbuahin_github/openswmm.gui/include/layers/swmm2dresultslayer.h:503:55: warning: 'renderer' overrides a member function but is not marked 'override' [-Winconsistent-missing-override]
  503 |     [[nodiscard]] OpenSWMM::Render::IFeatureRenderer *renderer() const;
      |                                                       ^
/Users/calebbuahin/Documents/Projects/cbuahin_github/openswmm.gui/include/layers/openswmmvislayer.h:434:63: note: overridden virtual function is here
  434 |     [[nodiscard]] virtual OpenSWMM::Render::IFeatureRenderer *renderer() const { return nullptr; }
      |                                                               ^
In file included from /Users/calebbuahin/Documents/Projects/cbuahin_github/openswmm.gui/src/map/legendclasseditcommands.cpp:12:
/Users/calebbuahin/Documents/Projects/cbuahin_github/openswmm.gui/include/layers/swmm2dresultslayer.h:511:10: warning: 'setRenderer' overrides a member function but is not marked 'override' [-Winconsistent-missing-override]
  511 |     void setRenderer(std::unique_ptr<OpenSWMM::Render::IFeatureRenderer> r);
      |          ^
/Users/calebbuahin/Documents/Projects/cbuahin_github/openswmm.gui/include/layers/openswmmvislayer.h:440:18: note: overridden virtual function is here
  440 |     virtual void setRenderer(std::unique_ptr<OpenSWMM::Render::IFeatureRenderer>);
      |                  ^
In file included from /Users/calebbuahin/Documents/Projects/cbuahin_github/openswmm.gui/src/map/legendclasseditcommands.cpp:14:
/Users/calebbuahin/Documents/Projects/cbuahin_github/openswmm.gui/include/layers/swmmresultslayer.h:407:55: warning: 'renderer' overrides a member function but is not marked 'override' [-Winconsistent-missing-override]
  407 |     [[nodiscard]] OpenSWMM::Render::IFeatureRenderer *renderer() const;
      |                                                       ^
/Users/calebbuahin/Documents/Projects/cbuahin_github/openswmm.gui/include/layers/openswmmvislayer.h:434:63: note: overridden virtual function is here
  434 |     [[nodiscard]] virtual OpenSWMM::Render::IFeatureRenderer *renderer() const { return nullptr; }
      |                                                               ^
In file included from /Users/calebbuahin/Documents/Projects/cbuahin_github/openswmm.gui/src/map/legendclasseditcommands.cpp:14:
/Users/calebbuahin/Documents/Projects/cbuahin_github/openswmm.gui/include/layers/swmmresultslayer.h:416:10: warning: 'setRenderer' overrides a member function but is not marked 'override' [-Winconsistent-missing-override]
  416 |     void setRenderer(std::unique_ptr<OpenSWMM::Render::IFeatureRenderer> r);
      |          ^
/Users/calebbuahin/Documents/Projects/cbuahin_github/openswmm.gui/include/layers/openswmmvislayer.h:440:18: note: overridden virtual function is here
  440 |     virtual void setRenderer(std::unique_ptr<OpenSWMM::Render::IFeatureRenderer>);
      |                  ^
6 warnings generated.
[42/214] Building CXX object CMakeFiles/SWMMVis.dir/src/map/snapengine.cpp.o
[43/214] Building CXX object CMakeFiles/SWMMVis.dir/src/map/legendcontent.cpp.o
In file included from /Users/calebbuahin/Documents/Projects/cbuahin_github/openswmm.gui/src/map/legendcontent.cpp:10:
/Users/calebbuahin/Documents/Projects/cbuahin_github/openswmm.gui/include/layers/gisvectorlayer.h:270:55: warning: 'renderer' overrides a member function but is not marked 'override' [-Winconsistent-missing-override]
  270 |     [[nodiscard]] OpenSWMM::Render::IFeatureRenderer *renderer() const;
      |                                                       ^
/Users/calebbuahin/Documents/Projects/cbuahin_github/openswmm.gui/include/layers/openswmmvislayer.h:434:63: note: overridden virtual function is here
  434 |     [[nodiscard]] virtual OpenSWMM::Render::IFeatureRenderer *renderer() const { return nullptr; }
      |                                                               ^
In file included from /Users/calebbuahin/Documents/Projects/cbuahin_github/openswmm.gui/src/map/legendcontent.cpp:10:
/Users/calebbuahin/Documents/Projects/cbuahin_github/openswmm.gui/include/layers/gisvectorlayer.h:278:10: warning: 'setRenderer' overrides a member function but is not marked 'override' [-Winconsistent-missing-override]
  278 |     void setRenderer(std::unique_ptr<OpenSWMM::Render::IFeatureRenderer> r);
      |          ^
/Users/calebbuahin/Documents/Projects/cbuahin_github/openswmm.gui/include/layers/openswmmvislayer.h:440:18: note: overridden virtual function is here
  440 |     virtual void setRenderer(std::unique_ptr<OpenSWMM::Render::IFeatureRenderer>);
      |                  ^
In file included from /Users/calebbuahin/Documents/Projects/cbuahin_github/openswmm.gui/src/map/legendcontent.cpp:13:
/Users/calebbuahin/Documents/Projects/cbuahin_github/openswmm.gui/include/layers/swmm2dresultslayer.h:503:55: warning: 'renderer' overrides a member function but is not marked 'override' [-Winconsistent-missing-override]
  503 |     [[nodiscard]] OpenSWMM::Render::IFeatureRenderer *renderer() const;
      |                                                       ^
/Users/calebbuahin/Documents/Projects/cbuahin_github/openswmm.gui/include/layers/openswmmvislayer.h:434:63: note: overridden virtual function is here
  434 |     [[nodiscard]] virtual OpenSWMM::Render::IFeatureRenderer *renderer() const { return nullptr; }
      |                                                               ^
In file included from /Users/calebbuahin/Documents/Projects/cbuahin_github/openswmm.gui/src/map/legendcontent.cpp:13:
/Users/calebbuahin/Documents/Projects/cbuahin_github/openswmm.gui/include/layers/swmm2dresultslayer.h:511:10: warning: 'setRenderer' overrides a member function but is not marked 'override' [-Winconsistent-missing-override]
  511 |     void setRenderer(std::unique_ptr<OpenSWMM::Render::IFeatureRenderer> r);
      |          ^
/Users/calebbuahin/Documents/Projects/cbuahin_github/openswmm.gui/include/layers/openswmmvislayer.h:440:18: note: overridden virtual function is here
  440 |     virtual void setRenderer(std::unique_ptr<OpenSWMM::Render::IFeatureRenderer>);
      |                  ^
In file included from /Users/calebbuahin/Documents/Projects/cbuahin_github/openswmm.gui/src/map/legendcontent.cpp:15:
/Users/calebbuahin/Documents/Projects/cbuahin_github/openswmm.gui/include/layers/swmmresultslayer.h:407:55: warning: 'renderer' overrides a member function but is not marked 'override' [-Winconsistent-missing-override]
  407 |     [[nodiscard]] OpenSWMM::Render::IFeatureRenderer *renderer() const;
      |                                                       ^
/Users/calebbuahin/Documents/Projects/cbuahin_github/openswmm.gui/include/layers/openswmmvislayer.h:434:63: note: overridden virtual function is here
  434 |     [[nodiscard]] virtual OpenSWMM::Render::IFeatureRenderer *renderer() const { return nullptr; }
      |                                                               ^
In file included from /Users/calebbuahin/Documents/Projects/cbuahin_github/openswmm.gui/src/map/legendcontent.cpp:15:
/Users/calebbuahin/Documents/Projects/cbuahin_github/openswmm.gui/include/layers/swmmresultslayer.h:416:10: warning: 'setRenderer' overrides a member function but is not marked 'override' [-Winconsistent-missing-override]
  416 |     void setRenderer(std::unique_ptr<OpenSWMM::Render::IFeatureRenderer> r);
      |          ^
/Users/calebbuahin/Documents/Projects/cbuahin_github/openswmm.gui/include/layers/openswmmvislayer.h:440:18: note: overridden virtual function is here
  440 |     virtual void setRenderer(std::unique_ptr<OpenSWMM::Render::IFeatureRenderer>);
      |                  ^
6 warnings generated.
[44/214] Building CXX object CMakeFiles/SWMMVis.dir/src/map/swmmlayerqsgrenderer.cpp.o
/Users/calebbuahin/Documents/Projects/cbuahin_github/openswmm.gui/src/map/swmmlayerqsgrenderer.cpp:190:13: warning: 6 enumeration values not handled in switch: 'TriangleDown', 'Octagon', 'Hexagram'... [-Wswitch]
  190 |     switch (shape) {
      |             ^~~~~
/Users/calebbuahin/Documents/Projects/cbuahin_github/openswmm.gui/src/map/swmmlayerqsgrenderer.cpp:190:13: note: add missing switch cases
  190 |     switch (shape) {
      |             ^
/Users/calebbuahin/Documents/Projects/cbuahin_github/openswmm.gui/src/map/swmmlayerqsgrenderer.cpp:190:13: warning: 6 enumeration values not handled in switch: 'TriangleDown', 'Octagon', 'Hexagram'... [-Wswitch]
  190 |     switch (shape) {
      |             ^~~~~
/Users/calebbuahin/Documents/Projects/cbuahin_github/openswmm.gui/src/map/swmmlayerqsgrenderer.cpp:324:5: note: in instantiation of function template specialization '(anonymous namespace)::appendMarkerShapeImpl<QSGGeometry::Point2D, (lambda at /Users/calebbuahin/Documents/Projects/cbuahin_github/openswmm.gui/src/map/swmmlayerqsgrenderer.cpp:321:14) &>' requested here
  324 |     appendMarkerShapeImpl(out, sx, sy, r, shape, v);
      |     ^
/Users/calebbuahin/Documents/Projects/cbuahin_github/openswmm.gui/src/map/swmmlayerqsgrenderer.cpp:190:13: note: add missing switch cases
  190 |     switch (shape) {
      |             ^
/Users/calebbuahin/Documents/Projects/cbuahin_github/openswmm.gui/src/map/swmmlayerqsgrenderer.cpp:190:13: warning: 6 enumeration values not handled in switch: 'TriangleDown', 'Octagon', 'Hexagram'... [-Wswitch]
  190 |     switch (shape) {
      |             ^~~~~
/Users/calebbuahin/Documents/Projects/cbuahin_github/openswmm.gui/src/map/swmmlayerqsgrenderer.cpp:607:5: note: in instantiation of function template specialization '(anonymous namespace)::appendMarkerShapeImpl<QSGGeometry::ColoredPoint2D, (lambda at /Users/calebbuahin/Documents/Projects/cbuahin_github/openswmm.gui/src/map/swmmlayerqsgrenderer.cpp:601:14) &>' requested here
  607 |     appendMarkerShapeImpl(out, sx, sy, r, shape, v);
      |     ^
/Users/calebbuahin/Documents/Projects/cbuahin_github/openswmm.gui/src/map/swmmlayerqsgrenderer.cpp:190:13: note: add missing switch cases
  190 |     switch (shape) {
      |             ^
3 warnings generated.
[45/214] Building CXX object CMakeFiles/SWMMVis.dir/src/map/swmmlayeritem.cpp.o
[46/214] Building CXX object CMakeFiles/SWMMVis.dir/src/map/swmm2dmeshqsgrenderer.cpp.o
[47/214] Building CXX object CMakeFiles/SWMMVis.dir/src/map/profilepathoverlay.cpp.o
[48/214] Building CXX object CMakeFiles/SWMMVis.dir/src/map/tools/maptool.cpp.o
[49/214] Building CXX object CMakeFiles/SWMMVis.dir/src/map/swmm2dresultsqsgrenderer.cpp.o
In file included from /Users/calebbuahin/Documents/Projects/cbuahin_github/openswmm.gui/src/map/swmm2dresultsqsgrenderer.cpp:21:
/Users/calebbuahin/Documents/Projects/cbuahin_github/openswmm.gui/include/layers/swmm2dresultslayer.h:503:55: warning: 'renderer' overrides a member function but is not marked 'override' [-Winconsistent-missing-override]
  503 |     [[nodiscard]] OpenSWMM::Render::IFeatureRenderer *renderer() const;
      |                                                       ^
/Users/calebbuahin/Documents/Projects/cbuahin_github/openswmm.gui/include/layers/openswmmvislayer.h:434:63: note: overridden virtual function is here
  434 |     [[nodiscard]] virtual OpenSWMM::Render::IFeatureRenderer *renderer() const { return nullptr; }
      |                                                               ^
In file included from /Users/calebbuahin/Documents/Projects/cbuahin_github/openswmm.gui/src/map/swmm2dresultsqsgrenderer.cpp:21:
/Users/calebbuahin/Documents/Projects/cbuahin_github/openswmm.gui/include/layers/swmm2dresultslayer.h:511:10: warning: 'setRenderer' overrides a member function but is not marked 'override' [-Winconsistent-missing-override]
  511 |     void setRenderer(std::unique_ptr<OpenSWMM::Render::IFeatureRenderer> r);
      |          ^
/Users/calebbuahin/Documents/Projects/cbuahin_github/openswmm.gui/include/layers/openswmmvislayer.h:440:18: note: overridden virtual function is here
  440 |     virtual void setRenderer(std::unique_ptr<OpenSWMM::Render::IFeatureRenderer>);
      |                  ^
2 warnings generated.
[50/214] Building CXX object CMakeFiles/SWMMVis.dir/src/map/tools/maptoolprofilemarker.cpp.o
[51/214] Building CXX object CMakeFiles/SWMMVis.dir/src/map/tools/maptoolpan.cpp.o
[52/214] Building CXX object CMakeFiles/SWMMVis.dir/src/map/tools/maptoolzoom.cpp.o
[53/214] Building CXX object CMakeFiles/SWMMVis.dir/src/map/tools/maptoolmeasure.cpp.o
[54/214] Building CXX object CMakeFiles/SWMMVis.dir/src/map/tools/maptoolplotpick.cpp.o
[55/214] Building CXX object CMakeFiles/SWMMVis.dir/src/map/tools/maptoolselectpolygon.cpp.o
[56/214] Building CXX object CMakeFiles/SWMMVis.dir/src/map/tools/maptoolpick2dcells.cpp.o
In file included from /Users/calebbuahin/Documents/Projects/cbuahin_github/openswmm.gui/src/map/tools/maptoolpick2dcells.cpp:10:
/Users/calebbuahin/Documents/Projects/cbuahin_github/openswmm.gui/include/layers/swmm2dresultslayer.h:503:55: warning: 'renderer' overrides a member function but is not marked 'override' [-Winconsistent-missing-override]
  503 |     [[nodiscard]] OpenSWMM::Render::IFeatureRenderer *renderer() const;
      |                                                       ^
/Users/calebbuahin/Documents/Projects/cbuahin_github/openswmm.gui/include/layers/openswmmvislayer.h:434:63: note: overridden virtual function is here
  434 |     [[nodiscard]] virtual OpenSWMM::Render::IFeatureRenderer *renderer() const { return nullptr; }
      |                                                               ^
In file included from /Users/calebbuahin/Documents/Projects/cbuahin_github/openswmm.gui/src/map/tools/maptoolpick2dcells.cpp:10:
/Users/calebbuahin/Documents/Projects/cbuahin_github/openswmm.gui/include/layers/swmm2dresultslayer.h:511:10: warning: 'setRenderer' overrides a member function but is not marked 'override' [-Winconsistent-missing-override]
  511 |     void setRenderer(std::unique_ptr<OpenSWMM::Render::IFeatureRenderer> r);
      |          ^
/Users/calebbuahin/Documents/Projects/cbuahin_github/openswmm.gui/include/layers/openswmmvislayer.h:440:18: note: overridden virtual function is here
  440 |     virtual void setRenderer(std::unique_ptr<OpenSWMM::Render::IFeatureRenderer>);
      |                  ^
2 warnings generated.
[57/214] Building CXX object CMakeFiles/SWMMVis.dir/src/map/tools/maptoolselect.cpp.o
In file included from /Users/calebbuahin/Documents/Projects/cbuahin_github/openswmm.gui/src/map/tools/maptoolselect.cpp:13:
/Users/calebbuahin/Documents/Projects/cbuahin_github/openswmm.gui/include/layers/gisvectorlayer.h:270:55: warning: 'renderer' overrides a member function but is not marked 'override' [-Winconsistent-missing-override]
  270 |     [[nodiscard]] OpenSWMM::Render::IFeatureRenderer *renderer() const;
      |                                                       ^
/Users/calebbuahin/Documents/Projects/cbuahin_github/openswmm.gui/include/layers/openswmmvislayer.h:434:63: note: overridden virtual function is here
  434 |     [[nodiscard]] virtual OpenSWMM::Render::IFeatureRenderer *renderer() const { return nullptr; }
      |                                                               ^
In file included from /Users/calebbuahin/Documents/Projects/cbuahin_github/openswmm.gui/src/map/tools/maptoolselect.cpp:13:
/Users/calebbuahin/Documents/Projects/cbuahin_github/openswmm.gui/include/layers/gisvectorlayer.h:278:10: warning: 'setRenderer' overrides a member function but is not marked 'override' [-Winconsistent-missing-override]
  278 |     void setRenderer(std::unique_ptr<OpenSWMM::Render::IFeatureRenderer> r);
      |          ^
/Users/calebbuahin/Documents/Projects/cbuahin_github/openswmm.gui/include/layers/openswmmvislayer.h:440:18: note: overridden virtual function is here
  440 |     virtual void setRenderer(std::unique_ptr<OpenSWMM::Render::IFeatureRenderer>);
      |                  ^
In file included from /Users/calebbuahin/Documents/Projects/cbuahin_github/openswmm.gui/src/map/tools/maptoolselect.cpp:15:
/Users/calebbuahin/Documents/Projects/cbuahin_github/openswmm.gui/include/layers/swmmresultslayer.h:407:55: warning: 'renderer' overrides a member function but is not marked 'override' [-Winconsistent-missing-override]
  407 |     [[nodiscard]] OpenSWMM::Render::IFeatureRenderer *renderer() const;
      |                                                       ^
/Users/calebbuahin/Documents/Projects/cbuahin_github/openswmm.gui/include/layers/openswmmvislayer.h:434:63: note: overridden virtual function is here
  434 |     [[nodiscard]] virtual OpenSWMM::Render::IFeatureRenderer *renderer() const { return nullptr; }
      |                                                               ^
In file included from /Users/calebbuahin/Documents/Projects/cbuahin_github/openswmm.gui/src/map/tools/maptoolselect.cpp:15:
/Users/calebbuahin/Documents/Projects/cbuahin_github/openswmm.gui/include/layers/swmmresultslayer.h:416:10: warning: 'setRenderer' overrides a member function but is not marked 'override' [-Winconsistent-missing-override]
  416 |     void setRenderer(std::unique_ptr<OpenSWMM::Render::IFeatureRenderer> r);
      |          ^
/Users/calebbuahin/Documents/Projects/cbuahin_github/openswmm.gui/include/layers/openswmmvislayer.h:440:18: note: overridden virtual function is here
  440 |     virtual void setRenderer(std::unique_ptr<OpenSWMM::Render::IFeatureRenderer>);
      |                  ^
4 warnings generated.
[58/214] Building CXX object CMakeFiles/SWMMVis.dir/src/map/tools/maptoolmeshprofile.cpp.o
[59/214] Building CXX object CMakeFiles/SWMMVis.dir/src/map/tools/maptoolmeshselectvertex.cpp.o
[60/214] Building CXX object CMakeFiles/SWMMVis.dir/src/map/tools/maptoolidentify.cpp.o
In file included from /Users/calebbuahin/Documents/Projects/cbuahin_github/openswmm.gui/src/map/tools/maptoolidentify.cpp:11:
/Users/calebbuahin/Documents/Projects/cbuahin_github/openswmm.gui/include/layers/gisvectorlayer.h:270:55: warning: 'renderer' overrides a member function but is not marked 'override' [-Winconsistent-missing-override]
  270 |     [[nodiscard]] OpenSWMM::Render::IFeatureRenderer *renderer() const;
      |                                                       ^
/Users/calebbuahin/Documents/Projects/cbuahin_github/openswmm.gui/include/layers/openswmmvislayer.h:434:63: note: overridden virtual function is here
  434 |     [[nodiscard]] virtual OpenSWMM::Render::IFeatureRenderer *renderer() const { return nullptr; }
      |                                                               ^
In file included from /Users/calebbuahin/Documents/Projects/cbuahin_github/openswmm.gui/src/map/tools/maptoolidentify.cpp:11:
/Users/calebbuahin/Documents/Projects/cbuahin_github/openswmm.gui/include/layers/gisvectorlayer.h:278:10: warning: 'setRenderer' overrides a member function but is not marked 'override' [-Winconsistent-missing-override]
  278 |     void setRenderer(std::unique_ptr<OpenSWMM::Render::IFeatureRenderer> r);
      |          ^
/Users/calebbuahin/Documents/Projects/cbuahin_github/openswmm.gui/include/layers/openswmmvislayer.h:440:18: note: overridden virtual function is here
  440 |     virtual void setRenderer(std::unique_ptr<OpenSWMM::Render::IFeatureRenderer>);
      |                  ^
2 warnings generated.
[61/214] Building CXX object CMakeFiles/SWMMVis.dir/src/map/tools/maptoolmeshselectedge.cpp.o
[62/214] Building CXX object CMakeFiles/SWMMVis.dir/src/map/tools/maptooladdnode.cpp.o
[63/214] Building CXX object CMakeFiles/SWMMVis.dir/src/map/tools/maptooladdvirtualnode.cpp.o
/Users/calebbuahin/Documents/Projects/cbuahin_github/openswmm.gui/src/map/tools/maptooladdvirtualnode.cpp:80:9: warning: ignoring return value of function declared with 'nodiscard' attribute [-Wunused-result]
   80 |         EditGeometry::distanceToPolyline(poly, QPointF(px, py), &seg, &closest);
      |         ^~~~~~~~~~~~~~~~~~~~~~~~~~~~~~~~ ~~~~~~~~~~~~~~~~~~~~~~~~~~~~~~~~~~~~~
1 warning generated.
[64/214] Building CXX object CMakeFiles/SWMMVis.dir/src/map/tools/maptooladdgage.cpp.o
[65/214] Building CXX object CMakeFiles/SWMMVis.dir/src/map/tools/maptooladdlink.cpp.o
[66/214] Building CXX object CMakeFiles/SWMMVis.dir/src/map/tools/maptooladdsubcatchment.cpp.o
[67/214] Building CXX object CMakeFiles/SWMMVis.dir/src/map/tools/maptooladdtext.cpp.o
[68/214] Building CXX object CMakeFiles/SWMMVis.dir/src/project/openswmmvisworkspace.cpp.o
[69/214] Building CXX object CMakeFiles/SWMMVis.dir/src/project/swmmvisproject.cpp.o
[70/214] Building CXX object CMakeFiles/SWMMVis.dir/src/map/tools/maptoolselectprofile.cpp.o
[71/214] Building CXX object CMakeFiles/SWMMVis.dir/src/curve/curveregistry.cpp.o
[72/214] Building CXX object CMakeFiles/SWMMVis.dir/src/project/projectserializer.cpp.o
In file included from /Users/calebbuahin/Documents/Projects/cbuahin_github/openswmm.gui/src/project/projectserializer.cpp:12:
/Users/calebbuahin/Documents/Projects/cbuahin_github/openswmm.gui/include/layers/gisvectorlayer.h:270:55: warning: 'renderer' overrides a member function but is not marked 'override' [-Winconsistent-missing-override]
  270 |     [[nodiscard]] OpenSWMM::Render::IFeatureRenderer *renderer() const;
      |                                                       ^
/Users/calebbuahin/Documents/Projects/cbuahin_github/openswmm.gui/include/layers/openswmmvislayer.h:434:63: note: overridden virtual function is here
  434 |     [[nodiscard]] virtual OpenSWMM::Render::IFeatureRenderer *renderer() const { return nullptr; }
      |                                                               ^
In file included from /Users/calebbuahin/Documents/Projects/cbuahin_github/openswmm.gui/src/project/projectserializer.cpp:12:
/Users/calebbuahin/Documents/Projects/cbuahin_github/openswmm.gui/include/layers/gisvectorlayer.h:278:10: warning: 'setRenderer' overrides a member function but is not marked 'override' [-Winconsistent-missing-override]
  278 |     void setRenderer(std::unique_ptr<OpenSWMM::Render::IFeatureRenderer> r);
      |          ^
/Users/calebbuahin/Documents/Projects/cbuahin_github/openswmm.gui/include/layers/openswmmvislayer.h:440:18: note: overridden virtual function is here
  440 |     virtual void setRenderer(std::unique_ptr<OpenSWMM::Render::IFeatureRenderer>);
      |                  ^
In file included from /Users/calebbuahin/Documents/Projects/cbuahin_github/openswmm.gui/src/project/projectserializer.cpp:15:
/Users/calebbuahin/Documents/Projects/cbuahin_github/openswmm.gui/include/layers/swmm2dresultslayer.h:503:55: warning: 'renderer' overrides a member function but is not marked 'override' [-Winconsistent-missing-override]
  503 |     [[nodiscard]] OpenSWMM::Render::IFeatureRenderer *renderer() const;
      |                                                       ^
/Users/calebbuahin/Documents/Projects/cbuahin_github/openswmm.gui/include/layers/openswmmvislayer.h:434:63: note: overridden virtual function is here
  434 |     [[nodiscard]] virtual OpenSWMM::Render::IFeatureRenderer *renderer() const { return nullptr; }
      |                                                               ^
In file included from /Users/calebbuahin/Documents/Projects/cbuahin_github/openswmm.gui/src/project/projectserializer.cpp:15:
/Users/calebbuahin/Documents/Projects/cbuahin_github/openswmm.gui/include/layers/swmm2dresultslayer.h:511:10: warning: 'setRenderer' overrides a member function but is not marked 'override' [-Winconsistent-missing-override]
  511 |     void setRenderer(std::unique_ptr<OpenSWMM::Render::IFeatureRenderer> r);
      |          ^
/Users/calebbuahin/Documents/Projects/cbuahin_github/openswmm.gui/include/layers/openswmmvislayer.h:440:18: note: overridden virtual function is here
  440 |     virtual void setRenderer(std::unique_ptr<OpenSWMM::Render::IFeatureRenderer>);
      |                  ^
In file included from /Users/calebbuahin/Documents/Projects/cbuahin_github/openswmm.gui/src/project/projectserializer.cpp:17:
/Users/calebbuahin/Documents/Projects/cbuahin_github/openswmm.gui/include/layers/swmmresultslayer.h:407:55: warning: 'renderer' overrides a member function but is not marked 'override' [-Winconsistent-missing-override]
  407 |     [[nodiscard]] OpenSWMM::Render::IFeatureRenderer *renderer() const;
      |                                                       ^
/Users/calebbuahin/Documents/Projects/cbuahin_github/openswmm.gui/include/layers/openswmmvislayer.h:434:63: note: overridden virtual function is here
  434 |     [[nodiscard]] virtual OpenSWMM::Render::IFeatureRenderer *renderer() const { return nullptr; }
      |                                                               ^
In file included from /Users/calebbuahin/Documents/Projects/cbuahin_github/openswmm.gui/src/project/projectserializer.cpp:17:
/Users/calebbuahin/Documents/Projects/cbuahin_github/openswmm.gui/include/layers/swmmresultslayer.h:416:10: warning: 'setRenderer' overrides a member function but is not marked 'override' [-Winconsistent-missing-override]
  416 |     void setRenderer(std::unique_ptr<OpenSWMM::Render::IFeatureRenderer> r);
      |          ^
/Users/calebbuahin/Documents/Projects/cbuahin_github/openswmm.gui/include/layers/openswmmvislayer.h:440:18: note: overridden virtual function is here
  440 |     virtual void setRenderer(std::unique_ptr<OpenSWMM::Render::IFeatureRenderer>);
      |                  ^
6 warnings generated.
[73/214] Building CXX object CMakeFiles/SWMMVis.dir/src/pattern/patternregistry.cpp.o
[74/214] Building CXX object CMakeFiles/SWMMVis.dir/src/controls/controlruleregistry.cpp.o
[75/214] Building CXX object CMakeFiles/SWMMVis.dir/src/layers/swmm2dmeshlayer.cpp.o
/Users/calebbuahin/Documents/Projects/cbuahin_github/openswmm.gui/src/layers/swmm2dmeshlayer.cpp:1674:5: warning: ignoring return value of function declared with 'nodiscard' attribute [-Wunused-result]
 1674 |     cellAttributeValues(key);            // populates the cache + range
      |     ^~~~~~~~~~~~~~~~~~~ ~~~
1 warning generated.
[76/214] Building CXX object CMakeFiles/SWMMVis.dir/src/layers/swmm2dresultslayer.cpp.o
In file included from /Users/calebbuahin/Documents/Projects/cbuahin_github/openswmm.gui/src/layers/swmm2dresultslayer.cpp:12:
/Users/calebbuahin/Documents/Projects/cbuahin_github/openswmm.gui/include/layers/swmm2dresultslayer.h:503:55: warning: 'renderer' overrides a member function but is not marked 'override' [-Winconsistent-missing-override]
  503 |     [[nodiscard]] OpenSWMM::Render::IFeatureRenderer *renderer() const;
      |                                                       ^
/Users/calebbuahin/Documents/Projects/cbuahin_github/openswmm.gui/include/layers/openswmmvislayer.h:434:63: note: overridden virtual function is here
  434 |     [[nodiscard]] virtual OpenSWMM::Render::IFeatureRenderer *renderer() const { return nullptr; }
      |                                                               ^
In file included from /Users/calebbuahin/Documents/Projects/cbuahin_github/openswmm.gui/src/layers/swmm2dresultslayer.cpp:12:
/Users/calebbuahin/Documents/Projects/cbuahin_github/openswmm.gui/include/layers/swmm2dresultslayer.h:511:10: warning: 'setRenderer' overrides a member function but is not marked 'override' [-Winconsistent-missing-override]
  511 |     void setRenderer(std::unique_ptr<OpenSWMM::Render::IFeatureRenderer> r);
      |          ^
/Users/calebbuahin/Documents/Projects/cbuahin_github/openswmm.gui/include/layers/openswmmvislayer.h:440:18: note: overridden virtual function is here
  440 |     virtual void setRenderer(std::unique_ptr<OpenSWMM::Render::IFeatureRenderer>);
      |                  ^
In file included from /Users/calebbuahin/Documents/Projects/cbuahin_github/openswmm.gui/src/layers/swmm2dresultslayer.cpp:16:
/Users/calebbuahin/Documents/Projects/cbuahin_github/openswmm.gui/include/core/swmmdatetime.h:61:12: warning: 'QDateTime' is deprecated: Pass QTimeZone instead [-Wdeprecated-declarations]
   61 |     return QDateTime(date, QTime(h, mi, s), Qt::UTC);
      |            ^
/Users/calebbuahin/Qt/6.9.3/macos/lib/QtCore.framework/Headers/qdatetime.h:361:5: note: 'QDateTime' has been explicitly marked deprecated here
  361 |     QT_DEPRECATED_VERSION_X_6_9("Pass QTimeZone instead")
      |     ^
/Users/calebbuahin/Qt/6.9.3/macos/lib/QtCore.framework/Headers/qtdeprecationmarkers.h:213:44: note: expanded from macro 'QT_DEPRECATED_VERSION_X_6_9'
  213 | # define QT_DEPRECATED_VERSION_X_6_9(text) QT_DEPRECATED_X(text)
      |                                            ^
/Users/calebbuahin/Qt/6.9.3/macos/lib/QtCore.framework/Headers/qtdeprecationmarkers.h:29:33: note: expanded from macro 'QT_DEPRECATED_X'
   29 | #  define QT_DEPRECATED_X(text) Q_DECL_DEPRECATED_X(text)
      |                                 ^
/Users/calebbuahin/Qt/6.9.3/macos/lib/QtCore.framework/Headers/qcompilerdetection.h:1011:36: note: expanded from macro 'Q_DECL_DEPRECATED_X'
 1011 | #  define Q_DECL_DEPRECATED_X(x) [[deprecated(x)]]
      |                                    ^
In file included from /Users/calebbuahin/Documents/Projects/cbuahin_github/openswmm.gui/src/layers/swmm2dresultslayer.cpp:16:
/Users/calebbuahin/Documents/Projects/cbuahin_github/openswmm.gui/include/core/swmmdatetime.h:61:12: warning: 'QDateTime' is deprecated: Pass QTimeZone instead [-Wdeprecated-declarations]
   61 |     return QDateTime(date, QTime(h, mi, s), Qt::UTC);
      |            ^
/Users/calebbuahin/Qt/6.9.3/macos/lib/QtCore.framework/Headers/qdatetime.h:361:5: note: 'QDateTime' has been explicitly marked deprecated here
  361 |     QT_DEPRECATED_VERSION_X_6_9("Pass QTimeZone instead")
      |     ^
/Users/calebbuahin/Qt/6.9.3/macos/lib/QtCore.framework/Headers/qtdeprecationmarkers.h:213:44: note: expanded from macro 'QT_DEPRECATED_VERSION_X_6_9'
  213 | # define QT_DEPRECATED_VERSION_X_6_9(text) QT_DEPRECATED_X(text)
      |                                            ^
/Users/calebbuahin/Qt/6.9.3/macos/lib/QtCore.framework/Headers/qtdeprecationmarkers.h:29:33: note: expanded from macro 'QT_DEPRECATED_X'
   29 | #  define QT_DEPRECATED_X(text) Q_DECL_DEPRECATED_X(text)
      |                                 ^
/Users/calebbuahin/Qt/6.9.3/macos/lib/QtCore.framework/Headers/qcompilerdetection.h:1011:36: note: expanded from macro 'Q_DECL_DEPRECATED_X'
 1011 | #  define Q_DECL_DEPRECATED_X(x) [[deprecated(x)]]
      |                                    ^
4 warnings generated.
[77/214] Building CXX object CMakeFiles/SWMMVis.dir/src/controls/rulevalidator.cpp.o
[78/214] Building CXX object CMakeFiles/SWMMVis.dir/src/ui/models/rulelistmodel.cpp.o
[79/214] Building CXX object CMakeFiles/SWMMVis.dir/src/ui/widgets/rulecodeeditor.cpp.o
[80/214] Building CXX object CMakeFiles/SWMMVis.dir/src/ui/widgets/treatmentexpressionedit.cpp.o
[81/214] Building CXX object CMakeFiles/SWMMVis.dir/src/ui/dialogs/ruleseditordialog.cpp.o
[82/214] Building CXX object CMakeFiles/SWMMVis.dir/src/ui/dialogs/climatologydialog.cpp.o
In file included from /Users/calebbuahin/Documents/Projects/cbuahin_github/openswmm.gui/src/ui/dialogs/climatologydialog.cpp:12:
/Users/calebbuahin/Documents/Projects/cbuahin_github/openswmm.gui/include/core/swmmdatetime.h:61:12: warning: 'QDateTime' is deprecated: Pass QTimeZone instead [-Wdeprecated-declarations]
   61 |     return QDateTime(date, QTime(h, mi, s), Qt::UTC);
      |            ^
/Users/calebbuahin/Qt/6.9.3/macos/lib/QtCore.framework/Headers/qdatetime.h:361:5: note: 'QDateTime' has been explicitly marked deprecated here
  361 |     QT_DEPRECATED_VERSION_X_6_9("Pass QTimeZone instead")
      |     ^
/Users/calebbuahin/Qt/6.9.3/macos/lib/QtCore.framework/Headers/qtdeprecationmarkers.h:213:44: note: expanded from macro 'QT_DEPRECATED_VERSION_X_6_9'
  213 | # define QT_DEPRECATED_VERSION_X_6_9(text) QT_DEPRECATED_X(text)
      |                                            ^
/Users/calebbuahin/Qt/6.9.3/macos/lib/QtCore.framework/Headers/qtdeprecationmarkers.h:29:33: note: expanded from macro 'QT_DEPRECATED_X'
   29 | #  define QT_DEPRECATED_X(text) Q_DECL_DEPRECATED_X(text)
      |                                 ^
/Users/calebbuahin/Qt/6.9.3/macos/lib/QtCore.framework/Headers/qcompilerdetection.h:1011:36: note: expanded from macro 'Q_DECL_DEPRECATED_X'
 1011 | #  define Q_DECL_DEPRECATED_X(x) [[deprecated(x)]]
      |                                    ^
In file included from /Users/calebbuahin/Documents/Projects/cbuahin_github/openswmm.gui/src/ui/dialogs/climatologydialog.cpp:12:
/Users/calebbuahin/Documents/Projects/cbuahin_github/openswmm.gui/include/core/swmmdatetime.h:61:12: warning: 'QDateTime' is deprecated: Pass QTimeZone instead [-Wdeprecated-declarations]
   61 |     return QDateTime(date, QTime(h, mi, s), Qt::UTC);
      |            ^
/Users/calebbuahin/Qt/6.9.3/macos/lib/QtCore.framework/Headers/qdatetime.h:361:5: note: 'QDateTime' has been explicitly marked deprecated here
  361 |     QT_DEPRECATED_VERSION_X_6_9("Pass QTimeZone instead")
      |     ^
/Users/calebbuahin/Qt/6.9.3/macos/lib/QtCore.framework/Headers/qtdeprecationmarkers.h:213:44: note: expanded from macro 'QT_DEPRECATED_VERSION_X_6_9'
  213 | # define QT_DEPRECATED_VERSION_X_6_9(text) QT_DEPRECATED_X(text)
      |                                            ^
/Users/calebbuahin/Qt/6.9.3/macos/lib/QtCore.framework/Headers/qtdeprecationmarkers.h:29:33: note: expanded from macro 'QT_DEPRECATED_X'
   29 | #  define QT_DEPRECATED_X(text) Q_DECL_DEPRECATED_X(text)
      |                                 ^
/Users/calebbuahin/Qt/6.9.3/macos/lib/QtCore.framework/Headers/qcompilerdetection.h:1011:36: note: expanded from macro 'Q_DECL_DEPRECATED_X'
 1011 | #  define Q_DECL_DEPRECATED_X(x) [[deprecated(x)]]
      |                                    ^
2 warnings generated.
[83/214] Building CXX object CMakeFiles/SWMMVis.dir/src/transect/transectregistry.cpp.o
[84/214] Building CXX object CMakeFiles/SWMMVis.dir/src/ui/dialogs/transectpropertybag.cpp.o
[85/214] Building CXX object CMakeFiles/SWMMVis.dir/src/street/streetregistry.cpp.o
[86/214] Building CXX object CMakeFiles/SWMMVis.dir/src/ui/widgets/transectchartview.cpp.o
[87/214] Building CXX object CMakeFiles/SWMMVis.dir/src/ui/dialogs/transecteditordialog.cpp.o
[88/214] Building CXX object CMakeFiles/SWMMVis.dir/src/pollutant/pollutantregistry.cpp.o
[89/214] Building CXX object CMakeFiles/SWMMVis.dir/src/ui/dialogs/pollutanteditordialog.cpp.o
[90/214] Building CXX object CMakeFiles/SWMMVis.dir/src/ui/dialogs/streeteditordialog.cpp.o
[91/214] Building CXX object CMakeFiles/SWMMVis.dir/src/landuse/landuseregistry.cpp.o
[92/214] Building CXX object CMakeFiles/SWMMVis.dir/src/ui/models/qualityfunctiontablemodels.cpp.o
[93/214] Building CXX object CMakeFiles/SWMMVis.dir/src/aquifer/aquiferregistry.cpp.o
[94/214] Building CXX object CMakeFiles/SWMMVis.dir/src/ui/dialogs/landuseeditordialog.cpp.o
[95/214] Building CXX object CMakeFiles/SWMMVis.dir/src/snowpack/snowpackregistry.cpp.o
[96/214] Building CXX object CMakeFiles/SWMMVis.dir/src/ui/dialogs/aquifereditordialog.cpp.o
[97/214] Building CXX object CMakeFiles/SWMMVis.dir/src/ui/dialogs/snowpackeditordialog.cpp.o
[98/214] Building CXX object CMakeFiles/SWMMVis.dir/src/inlet/inletregistry.cpp.o
[99/214] Building CXX object CMakeFiles/SWMMVis.dir/src/lid/lidcontrolregistry.cpp.o
[100/214] Building CXX object CMakeFiles/SWMMVis.dir/src/ui/dialogs/inleteditordialog.cpp.o
[101/214] Building CXX object CMakeFiles/SWMMVis.dir/src/ui/models/userflagsmodel.cpp.o
[102/214] Building CXX object CMakeFiles/SWMMVis.dir/src/ui/dialogs/lidcontroleditordialog.cpp.o
[103/214] Building CXX object CMakeFiles/SWMMVis.dir/src/ui/dialogs/userflagsdialog.cpp.o
[104/214] Building CXX object CMakeFiles/SWMMVis.dir/src/ui/dialogs/userflagvaluesdialog.cpp.o
[105/214] Building CXX object CMakeFiles/SWMMVis.dir/src/ui/properties/userflagseditref.cpp.o
/Users/calebbuahin/Documents/Projects/cbuahin_github/openswmm.gui/src/ui/properties/userflagseditref.cpp:24:9: warning: ignoring return value of function declared with 'nodiscard' attribute [-Wunused-result]
   24 |         model->value(objectType, objectName, def.name, &found);
      |         ^~~~~~~~~~~~ ~~~~~~~~~~~~~~~~~~~~~~~~~~~~~~~~~~~~~~~~
1 warning generated.
[106/214] Building CXX object CMakeFiles/SWMMVis.dir/src/mesh/meshcellstats.cpp.o
[107/214] Building CXX object CMakeFiles/SWMMVis.dir/src/timeseries/timeseriesregistry.cpp.o
In file included from /Users/calebbuahin/Documents/Projects/cbuahin_github/openswmm.gui/src/timeseries/timeseriesregistry.cpp:11:
/Users/calebbuahin/Documents/Projects/cbuahin_github/openswmm.gui/include/core/swmmdatetime.h:61:12: warning: 'QDateTime' is deprecated: Pass QTimeZone instead [-Wdeprecated-declarations]
   61 |     return QDateTime(date, QTime(h, mi, s), Qt::UTC);
      |            ^
/Users/calebbuahin/Qt/6.9.3/macos/lib/QtCore.framework/Headers/qdatetime.h:361:5: note: 'QDateTime' has been explicitly marked deprecated here
  361 |     QT_DEPRECATED_VERSION_X_6_9("Pass QTimeZone instead")
      |     ^
/Users/calebbuahin/Qt/6.9.3/macos/lib/QtCore.framework/Headers/qtdeprecationmarkers.h:213:44: note: expanded from macro 'QT_DEPRECATED_VERSION_X_6_9'
  213 | # define QT_DEPRECATED_VERSION_X_6_9(text) QT_DEPRECATED_X(text)
      |                                            ^
/Users/calebbuahin/Qt/6.9.3/macos/lib/QtCore.framework/Headers/qtdeprecationmarkers.h:29:33: note: expanded from macro 'QT_DEPRECATED_X'
   29 | #  define QT_DEPRECATED_X(text) Q_DECL_DEPRECATED_X(text)
      |                                 ^
/Users/calebbuahin/Qt/6.9.3/macos/lib/QtCore.framework/Headers/qcompilerdetection.h:1011:36: note: expanded from macro 'Q_DECL_DEPRECATED_X'
 1011 | #  define Q_DECL_DEPRECATED_X(x) [[deprecated(x)]]
      |                                    ^
In file included from /Users/calebbuahin/Documents/Projects/cbuahin_github/openswmm.gui/src/timeseries/timeseriesregistry.cpp:11:
/Users/calebbuahin/Documents/Projects/cbuahin_github/openswmm.gui/include/core/swmmdatetime.h:61:12: warning: 'QDateTime' is deprecated: Pass QTimeZone instead [-Wdeprecated-declarations]
   61 |     return QDateTime(date, QTime(h, mi, s), Qt::UTC);
      |            ^
/Users/calebbuahin/Qt/6.9.3/macos/lib/QtCore.framework/Headers/qdatetime.h:361:5: note: 'QDateTime' has been explicitly marked deprecated here
  361 |     QT_DEPRECATED_VERSION_X_6_9("Pass QTimeZone instead")
      |     ^
/Users/calebbuahin/Qt/6.9.3/macos/lib/QtCore.framework/Headers/qtdeprecationmarkers.h:213:44: note: expanded from macro 'QT_DEPRECATED_VERSION_X_6_9'
  213 | # define QT_DEPRECATED_VERSION_X_6_9(text) QT_DEPRECATED_X(text)
      |                                            ^
/Users/calebbuahin/Qt/6.9.3/macos/lib/QtCore.framework/Headers/qtdeprecationmarkers.h:29:33: note: expanded from macro 'QT_DEPRECATED_X'
   29 | #  define QT_DEPRECATED_X(text) Q_DECL_DEPRECATED_X(text)
      |                                 ^
/Users/calebbuahin/Qt/6.9.3/macos/lib/QtCore.framework/Headers/qcompilerdetection.h:1011:36: note: expanded from macro 'Q_DECL_DEPRECATED_X'
 1011 | #  define Q_DECL_DEPRECATED_X(x) [[deprecated(x)]]
      |                                    ^
2 warnings generated.
[108/214] Building CXX object CMakeFiles/SWMMVis.dir/src/timeseries/timeseriesseriescommands.cpp.o
[109/214] Building CXX object CMakeFiles/SWMMVis.dir/src/mesh/inpmeshwriter.cpp.o
[110/214] Building CXX object CMakeFiles/SWMMVis.dir/src/mesh/meshenginesync.cpp.o
[111/214] Building CXX object CMakeFiles/SWMMVis.dir/src/mesh/meshminsizecleanup.cpp.o
[112/214] Building CXX object CMakeFiles/SWMMVis.dir/src/mesh/meshgenerator.cpp.o
[113/214] Building CXX object CMakeFiles/SWMMVis.dir/src/mesh/meshstagecache.cpp.o
[114/214] Building CXX object CMakeFiles/SWMMVis.dir/src/mesh/trirefinehook.cpp.o
[115/214] Building CXX object CMakeFiles/SWMMVis.dir/src/mesh/meshhoverprobe.cpp.o
[116/214] Building CXX object CMakeFiles/SWMMVis.dir/src/output/outputstatsregistry.cpp.o
In file included from /Users/calebbuahin/Documents/Projects/cbuahin_github/openswmm.gui/src/output/outputstatsregistry.cpp:15:
/Users/calebbuahin/Documents/Projects/cbuahin_github/openswmm.gui/include/layers/swmmresultslayer.h:407:55: warning: 'renderer' overrides a member function but is not marked 'override' [-Winconsistent-missing-override]
  407 |     [[nodiscard]] OpenSWMM::Render::IFeatureRenderer *renderer() const;
      |                                                       ^
/Users/calebbuahin/Documents/Projects/cbuahin_github/openswmm.gui/include/layers/openswmmvislayer.h:434:63: note: overridden virtual function is here
  434 |     [[nodiscard]] virtual OpenSWMM::Render::IFeatureRenderer *renderer() const { return nullptr; }
      |                                                               ^
In file included from /Users/calebbuahin/Documents/Projects/cbuahin_github/openswmm.gui/src/output/outputstatsregistry.cpp:15:
/Users/calebbuahin/Documents/Projects/cbuahin_github/openswmm.gui/include/layers/swmmresultslayer.h:416:10: warning: 'setRenderer' overrides a member function but is not marked 'override' [-Winconsistent-missing-override]
  416 |     void setRenderer(std::unique_ptr<OpenSWMM::Render::IFeatureRenderer> r);
      |          ^
/Users/calebbuahin/Documents/Projects/cbuahin_github/openswmm.gui/include/layers/openswmmvislayer.h:440:18: note: overridden virtual function is here
  440 |     virtual void setRenderer(std::unique_ptr<OpenSWMM::Render::IFeatureRenderer>);
      |                  ^
2 warnings generated.
[117/214] Building CXX object CMakeFiles/SWMMVis.dir/src/mesh/pslgprep.cpp.o
[118/214] Building CXX object CMakeFiles/SWMMVis.dir/src/mesh/pslgminsize.cpp.o
[119/214] Building CXX object CMakeFiles/SWMMVis.dir/src/simulation/simulationrunner.cpp.o
In file included from /Users/calebbuahin/Documents/Projects/cbuahin_github/openswmm.gui/src/simulation/simulationrunner.cpp:16:
/Users/calebbuahin/Documents/Projects/cbuahin_github/openswmm.gui/include/core/swmmdatetime.h:61:12: warning: 'QDateTime' is deprecated: Pass QTimeZone instead [-Wdeprecated-declarations]
   61 |     return QDateTime(date, QTime(h, mi, s), Qt::UTC);
      |            ^
/Users/calebbuahin/Qt/6.9.3/macos/lib/QtCore.framework/Headers/qdatetime.h:361:5: note: 'QDateTime' has been explicitly marked deprecated here
  361 |     QT_DEPRECATED_VERSION_X_6_9("Pass QTimeZone instead")
      |     ^
/Users/calebbuahin/Qt/6.9.3/macos/lib/QtCore.framework/Headers/qtdeprecationmarkers.h:213:44: note: expanded from macro 'QT_DEPRECATED_VERSION_X_6_9'
  213 | # define QT_DEPRECATED_VERSION_X_6_9(text) QT_DEPRECATED_X(text)
      |                                            ^
/Users/calebbuahin/Qt/6.9.3/macos/lib/QtCore.framework/Headers/qtdeprecationmarkers.h:29:33: note: expanded from macro 'QT_DEPRECATED_X'
   29 | #  define QT_DEPRECATED_X(text) Q_DECL_DEPRECATED_X(text)
      |                                 ^
/Users/calebbuahin/Qt/6.9.3/macos/lib/QtCore.framework/Headers/qcompilerdetection.h:1011:36: note: expanded from macro 'Q_DECL_DEPRECATED_X'
 1011 | #  define Q_DECL_DEPRECATED_X(x) [[deprecated(x)]]
      |                                    ^
In file included from /Users/calebbuahin/Documents/Projects/cbuahin_github/openswmm.gui/src/simulation/simulationrunner.cpp:16:
/Users/calebbuahin/Documents/Projects/cbuahin_github/openswmm.gui/include/core/swmmdatetime.h:61:12: warning: 'QDateTime' is deprecated: Pass QTimeZone instead [-Wdeprecated-declarations]
   61 |     return QDateTime(date, QTime(h, mi, s), Qt::UTC);
      |            ^
/Users/calebbuahin/Qt/6.9.3/macos/lib/QtCore.framework/Headers/qdatetime.h:361:5: note: 'QDateTime' has been explicitly marked deprecated here
  361 |     QT_DEPRECATED_VERSION_X_6_9("Pass QTimeZone instead")
      |     ^
/Users/calebbuahin/Qt/6.9.3/macos/lib/QtCore.framework/Headers/qtdeprecationmarkers.h:213:44: note: expanded from macro 'QT_DEPRECATED_VERSION_X_6_9'
  213 | # define QT_DEPRECATED_VERSION_X_6_9(text) QT_DEPRECATED_X(text)
      |                                            ^
/Users/calebbuahin/Qt/6.9.3/macos/lib/QtCore.framework/Headers/qtdeprecationmarkers.h:29:33: note: expanded from macro 'QT_DEPRECATED_X'
   29 | #  define QT_DEPRECATED_X(text) Q_DECL_DEPRECATED_X(text)
      |                                 ^
/Users/calebbuahin/Qt/6.9.3/macos/lib/QtCore.framework/Headers/qcompilerdetection.h:1011:36: note: expanded from macro 'Q_DECL_DEPRECATED_X'
 1011 | #  define Q_DECL_DEPRECATED_X(x) [[deprecated(x)]]
      |                                    ^
2 warnings generated.
[120/214] Building CXX object CMakeFiles/SWMMVis.dir/src/simulation/simulationstatusmodel.cpp.o
[121/214] Building CXX object CMakeFiles/SWMMVis.dir/src/ui/panels/sectionviewpanel.cpp.o
[122/214] Building CXX object CMakeFiles/SWMMVis.dir/src/ui/panels/propertiespanel.cpp.o
/Users/calebbuahin/Documents/Projects/cbuahin_github/openswmm.gui/src/ui/panels/propertiespanel.cpp:1254:17: warning: enumeration values 'Node' and 'Subcatchment' not handled in switch [-Wswitch]
 1254 |         switch (ref.kind) {
      |                 ^~~~~~~~
/Users/calebbuahin/Documents/Projects/cbuahin_github/openswmm.gui/src/ui/panels/propertiespanel.cpp:1254:17: note: add missing switch cases
 1254 |         switch (ref.kind) {
      |                 ^
 1255 |         case DataObjectRef::TidalCurve:
 1256 |         case DataObjectRef::AnyCurve:
 1257 |         case DataObjectRef::StorageCurve:   dc = SWMMModelLayer::DataCurves;      break;
 1258 |         case DataObjectRef::TimeSeries:     dc = SWMMModelLayer::DataTimeSeries;  break;
 1259 |         case DataObjectRef::Pattern:        dc = SWMMModelLayer::DataPatterns;    break;
 1260 |         case DataObjectRef::UnitHydrograph: dc = SWMMModelLayer::DataHydrographs; break;
 1261 |         case DataObjectRef::Pollutant:      dc = SWMMModelLayer::DataPollutants;  break;
 1262 |         case DataObjectRef::RainGage:       /* unreachable, handled above */      break;
 1263 |         case DataObjectRef::SubcatchOutlet: /* unreachable, handled above */      break;
 1264 |         }
1 warning generated.
[123/214] Building CXX object CMakeFiles/SWMMVis.dir/src/ui/sectionview/xsectsampler.cpp.o
[124/214] Building CXX object CMakeFiles/SWMMVis.dir/src/ui/sectionview/xsecticonrenderer.cpp.o
In file included from /Users/calebbuahin/Documents/Projects/cbuahin_github/openswmm.gui/src/ui/sectionview/xsecticonrenderer.cpp:8:
/Users/calebbuahin/Documents/Projects/cbuahin_github/openswmm.gui/include/ui/sectionview/xsecticonrenderer.h:10:48: warning: '/*' within block comment [-Wcomment]
   10 |  * Replaces the 26 hand-drawn `resources/images/*_xsect.svg` thumbnails with
      |                                                ^
1 warning generated.
[125/214] Building CXX object CMakeFiles/SWMMVis.dir/src/ui/sectionview/sectionmodelbuilders.cpp.o
[126/214] Building CXX object CMakeFiles/SWMMVis.dir/src/ui/panels/layertreepanel.cpp.o
In file included from /Users/calebbuahin/Documents/Projects/cbuahin_github/openswmm.gui/src/ui/panels/layertreepanel.cpp:13:
/Users/calebbuahin/Documents/Projects/cbuahin_github/openswmm.gui/include/layers/swmmresultslayer.h:407:55: warning: 'renderer' overrides a member function but is not marked 'override' [-Winconsistent-missing-override]
  407 |     [[nodiscard]] OpenSWMM::Render::IFeatureRenderer *renderer() const;
      |                                                       ^
/Users/calebbuahin/Documents/Projects/cbuahin_github/openswmm.gui/include/layers/openswmmvislayer.h:434:63: note: overridden virtual function is here
  434 |     [[nodiscard]] virtual OpenSWMM::Render::IFeatureRenderer *renderer() const { return nullptr; }
      |                                                               ^
In file included from /Users/calebbuahin/Documents/Projects/cbuahin_github/openswmm.gui/src/ui/panels/layertreepanel.cpp:13:
/Users/calebbuahin/Documents/Projects/cbuahin_github/openswmm.gui/include/layers/swmmresultslayer.h:416:10: warning: 'setRenderer' overrides a member function but is not marked 'override' [-Winconsistent-missing-override]
  416 |     void setRenderer(std::unique_ptr<OpenSWMM::Render::IFeatureRenderer> r);
      |          ^
/Users/calebbuahin/Documents/Projects/cbuahin_github/openswmm.gui/include/layers/openswmmvislayer.h:440:18: note: overridden virtual function is here
  440 |     virtual void setRenderer(std::unique_ptr<OpenSWMM::Render::IFeatureRenderer>);
      |                  ^
In file included from /Users/calebbuahin/Documents/Projects/cbuahin_github/openswmm.gui/src/ui/panels/layertreepanel.cpp:14:
/Users/calebbuahin/Documents/Projects/cbuahin_github/openswmm.gui/include/layers/swmm2dresultslayer.h:503:55: warning: 'renderer' overrides a member function but is not marked 'override' [-Winconsistent-missing-override]
  503 |     [[nodiscard]] OpenSWMM::Render::IFeatureRenderer *renderer() const;
      |                                                       ^
/Users/calebbuahin/Documents/Projects/cbuahin_github/openswmm.gui/include/layers/openswmmvislayer.h:434:63: note: overridden virtual function is here
  434 |     [[nodiscard]] virtual OpenSWMM::Render::IFeatureRenderer *renderer() const { return nullptr; }
      |                                                               ^
In file included from /Users/calebbuahin/Documents/Projects/cbuahin_github/openswmm.gui/src/ui/panels/layertreepanel.cpp:14:
/Users/calebbuahin/Documents/Projects/cbuahin_github/openswmm.gui/include/layers/swmm2dresultslayer.h:511:10: warning: 'setRenderer' overrides a member function but is not marked 'override' [-Winconsistent-missing-override]
  511 |     void setRenderer(std::unique_ptr<OpenSWMM::Render::IFeatureRenderer> r);
      |          ^
/Users/calebbuahin/Documents/Projects/cbuahin_github/openswmm.gui/include/layers/openswmmvislayer.h:440:18: note: overridden virtual function is here
  440 |     virtual void setRenderer(std::unique_ptr<OpenSWMM::Render::IFeatureRenderer>);
      |                  ^
In file included from /Users/calebbuahin/Documents/Projects/cbuahin_github/openswmm.gui/src/ui/panels/layertreepanel.cpp:15:
/Users/calebbuahin/Documents/Projects/cbuahin_github/openswmm.gui/include/layers/gisvectorlayer.h:270:55: warning: 'renderer' overrides a member function but is not marked 'override' [-Winconsistent-missing-override]
  270 |     [[nodiscard]] OpenSWMM::Render::IFeatureRenderer *renderer() const;
      |                                                       ^
/Users/calebbuahin/Documents/Projects/cbuahin_github/openswmm.gui/include/layers/openswmmvislayer.h:434:63: note: overridden virtual function is here
  434 |     [[nodiscard]] virtual OpenSWMM::Render::IFeatureRenderer *renderer() const { return nullptr; }
      |                                                               ^
In file included from /Users/calebbuahin/Documents/Projects/cbuahin_github/openswmm.gui/src/ui/panels/layertreepanel.cpp:15:
/Users/calebbuahin/Documents/Projects/cbuahin_github/openswmm.gui/include/layers/gisvectorlayer.h:278:10: warning: 'setRenderer' overrides a member function but is not marked 'override' [-Winconsistent-missing-override]
  278 |     void setRenderer(std::unique_ptr<OpenSWMM::Render::IFeatureRenderer> r);
      |          ^
/Users/calebbuahin/Documents/Projects/cbuahin_github/openswmm.gui/include/layers/openswmmvislayer.h:440:18: note: overridden virtual function is here
  440 |     virtual void setRenderer(std::unique_ptr<OpenSWMM::Render::IFeatureRenderer>);
      |                  ^
6 warnings generated.
[127/214] Building CXX object CMakeFiles/SWMMVis.dir/src/ui/panels/objectbrowserpanel.cpp.o
In file included from /Users/calebbuahin/Documents/Projects/cbuahin_github/openswmm.gui/src/ui/panels/objectbrowserpanel.cpp:20:
/Users/calebbuahin/Documents/Projects/cbuahin_github/openswmm.gui/include/layers/swmmresultslayer.h:407:55: warning: 'renderer' overrides a member function but is not marked 'override' [-Winconsistent-missing-override]
  407 |     [[nodiscard]] OpenSWMM::Render::IFeatureRenderer *renderer() const;
      |                                                       ^
/Users/calebbuahin/Documents/Projects/cbuahin_github/openswmm.gui/include/layers/openswmmvislayer.h:434:63: note: overridden virtual function is here
  434 |     [[nodiscard]] virtual OpenSWMM::Render::IFeatureRenderer *renderer() const { return nullptr; }
      |                                                               ^
In file included from /Users/calebbuahin/Documents/Projects/cbuahin_github/openswmm.gui/src/ui/panels/objectbrowserpanel.cpp:20:
/Users/calebbuahin/Documents/Projects/cbuahin_github/openswmm.gui/include/layers/swmmresultslayer.h:416:10: warning: 'setRenderer' overrides a member function but is not marked 'override' [-Winconsistent-missing-override]
  416 |     void setRenderer(std::unique_ptr<OpenSWMM::Render::IFeatureRenderer> r);
      |          ^
/Users/calebbuahin/Documents/Projects/cbuahin_github/openswmm.gui/include/layers/openswmmvislayer.h:440:18: note: overridden virtual function is here
  440 |     virtual void setRenderer(std::unique_ptr<OpenSWMM::Render::IFeatureRenderer>);
      |                  ^
2 warnings generated.
[128/214] Building CXX object CMakeFiles/SWMMVis.dir/src/ui/panels/overviewmappanel.cpp.o
[129/214] Building CXX object CMakeFiles/SWMMVis.dir/src/ui/panels/attributetablepanel.cpp.o
In file included from /Users/calebbuahin/Documents/Projects/cbuahin_github/openswmm.gui/src/ui/panels/attributetablepanel.cpp:10:
In file included from /Users/calebbuahin/Documents/Projects/cbuahin_github/openswmm.gui/include/ui/panels/meshattributetablemodel.h:35:
In file included from /Users/calebbuahin/Documents/Projects/cbuahin_github/openswmm.gui/include/ui/panels/swmmattributetablemodel.h:34:
/Users/calebbuahin/Documents/Projects/cbuahin_github/openswmm.gui/include/layers/swmmresultslayer.h:407:55: warning: 'renderer' overrides a member function but is not marked 'override' [-Winconsistent-missing-override]
  407 |     [[nodiscard]] OpenSWMM::Render::IFeatureRenderer *renderer() const;
      |                                                       ^
/Users/calebbuahin/Documents/Projects/cbuahin_github/openswmm.gui/include/layers/openswmmvislayer.h:434:63: note: overridden virtual function is here
  434 |     [[nodiscard]] virtual OpenSWMM::Render::IFeatureRenderer *renderer() const { return nullptr; }
      |                                                               ^
In file included from /Users/calebbuahin/Documents/Projects/cbuahin_github/openswmm.gui/src/ui/panels/attributetablepanel.cpp:10:
In file included from /Users/calebbuahin/Documents/Projects/cbuahin_github/openswmm.gui/include/ui/panels/meshattributetablemodel.h:35:
In file included from /Users/calebbuahin/Documents/Projects/cbuahin_github/openswmm.gui/include/ui/panels/swmmattributetablemodel.h:34:
/Users/calebbuahin/Documents/Projects/cbuahin_github/openswmm.gui/include/layers/swmmresultslayer.h:416:10: warning: 'setRenderer' overrides a member function but is not marked 'override' [-Winconsistent-missing-override]
  416 |     void setRenderer(std::unique_ptr<OpenSWMM::Render::IFeatureRenderer> r);
      |          ^
/Users/calebbuahin/Documents/Projects/cbuahin_github/openswmm.gui/include/layers/openswmmvislayer.h:440:18: note: overridden virtual function is here
  440 |     virtual void setRenderer(std::unique_ptr<OpenSWMM::Render::IFeatureRenderer>);
      |                  ^
In file included from /Users/calebbuahin/Documents/Projects/cbuahin_github/openswmm.gui/src/ui/panels/attributetablepanel.cpp:37:
/Users/calebbuahin/Documents/Projects/cbuahin_github/openswmm.gui/include/layers/gisvectorlayer.h:270:55: warning: 'renderer' overrides a member function but is not marked 'override' [-Winconsistent-missing-override]
  270 |     [[nodiscard]] OpenSWMM::Render::IFeatureRenderer *renderer() const;
      |                                                       ^
/Users/calebbuahin/Documents/Projects/cbuahin_github/openswmm.gui/include/layers/openswmmvislayer.h:434:63: note: overridden virtual function is here
  434 |     [[nodiscard]] virtual OpenSWMM::Render::IFeatureRenderer *renderer() const { return nullptr; }
      |                                                               ^
In file included from /Users/calebbuahin/Documents/Projects/cbuahin_github/openswmm.gui/src/ui/panels/attributetablepanel.cpp:37:
/Users/calebbuahin/Documents/Projects/cbuahin_github/openswmm.gui/include/layers/gisvectorlayer.h:278:10: warning: 'setRenderer' overrides a member function but is not marked 'override' [-Winconsistent-missing-override]
  278 |     void setRenderer(std::unique_ptr<OpenSWMM::Render::IFeatureRenderer> r);
      |          ^
/Users/calebbuahin/Documents/Projects/cbuahin_github/openswmm.gui/include/layers/openswmmvislayer.h:440:18: note: overridden virtual function is here
  440 |     virtual void setRenderer(std::unique_ptr<OpenSWMM::Render::IFeatureRenderer>);
      |                  ^
/Users/calebbuahin/Documents/Projects/cbuahin_github/openswmm.gui/src/ui/panels/attributetablepanel.cpp:1945:21: warning: enumeration value 'Subcatchment' not handled in switch [-Wswitch]
 1945 |             switch (ref.kind) {
      |                     ^~~~~~~~
/Users/calebbuahin/Documents/Projects/cbuahin_github/openswmm.gui/src/ui/panels/attributetablepanel.cpp:1945:21: note: add missing switch cases
 1945 |             switch (ref.kind) {
      |                     ^
 1946 |             case DataObjectRef::TidalCurve:
 1947 |             case DataObjectRef::AnyCurve:
 1948 |             case DataObjectRef::StorageCurve:   dc = SWMMModelLayer::DataCurves;      break;
 1949 |             case DataObjectRef::TimeSeries:     dc = SWMMModelLayer::DataTimeSeries;  break;
 1950 |             case DataObjectRef::Pattern:        dc = SWMMModelLayer::DataPatterns;    break;
 1951 |             case DataObjectRef::UnitHydrograph: dc = SWMMModelLayer::DataHydrographs; break;
 1952 |             case DataObjectRef::Pollutant:      dc = SWMMModelLayer::DataPollutants;  break;
 1953 |             case DataObjectRef::RainGage:       /* handled above */                   break;
 1954 |             case DataObjectRef::SubcatchOutlet: /* handled above */                   break;
 1955 |             case DataObjectRef::Node:           /* handled above */                   break;
 1956 |             }
5 warnings generated.
[130/214] Building CXX object CMakeFiles/SWMMVis.dir/src/ui/panels/timeserieslistmodel.cpp.o
[131/214] Building CXX object CMakeFiles/SWMMVis.dir/src/ui/panels/swmmobjecttreemodel.cpp.o
[132/214] Building CXX object CMakeFiles/SWMMVis.dir/src/ui/panels/meshattributetablemodel.cpp.o
In file included from /Users/calebbuahin/Documents/Projects/cbuahin_github/openswmm.gui/src/ui/panels/meshattributetablemodel.cpp:7:
In file included from /Users/calebbuahin/Documents/Projects/cbuahin_github/openswmm.gui/include/ui/panels/meshattributetablemodel.h:35:
In file included from /Users/calebbuahin/Documents/Projects/cbuahin_github/openswmm.gui/include/ui/panels/swmmattributetablemodel.h:34:
/Users/calebbuahin/Documents/Projects/cbuahin_github/openswmm.gui/include/layers/swmmresultslayer.h:407:55: warning: 'renderer' overrides a member function but is not marked 'override' [-Winconsistent-missing-override]
  407 |     [[nodiscard]] OpenSWMM::Render::IFeatureRenderer *renderer() const;
      |                                                       ^
/Users/calebbuahin/Documents/Projects/cbuahin_github/openswmm.gui/include/layers/openswmmvislayer.h:434:63: note: overridden virtual function is here
  434 |     [[nodiscard]] virtual OpenSWMM::Render::IFeatureRenderer *renderer() const { return nullptr; }
      |                                                               ^
In file included from /Users/calebbuahin/Documents/Projects/cbuahin_github/openswmm.gui/src/ui/panels/meshattributetablemodel.cpp:7:
In file included from /Users/calebbuahin/Documents/Projects/cbuahin_github/openswmm.gui/include/ui/panels/meshattributetablemodel.h:35:
In file included from /Users/calebbuahin/Documents/Projects/cbuahin_github/openswmm.gui/include/ui/panels/swmmattributetablemodel.h:34:
/Users/calebbuahin/Documents/Projects/cbuahin_github/openswmm.gui/include/layers/swmmresultslayer.h:416:10: warning: 'setRenderer' overrides a member function but is not marked 'override' [-Winconsistent-missing-override]
  416 |     void setRenderer(std::unique_ptr<OpenSWMM::Render::IFeatureRenderer> r);
      |          ^
/Users/calebbuahin/Documents/Projects/cbuahin_github/openswmm.gui/include/layers/openswmmvislayer.h:440:18: note: overridden virtual function is here
  440 |     virtual void setRenderer(std::unique_ptr<OpenSWMM::Render::IFeatureRenderer>);
      |                  ^
2 warnings generated.
[133/214] Building CXX object CMakeFiles/SWMMVis.dir/src/ui/panels/legenddock.cpp.o
[134/214] Building CXX object CMakeFiles/SWMMVis.dir/src/ui/properties/swmmlinkpropertyadapter.cpp.o
[135/214] Building CXX object CMakeFiles/SWMMVis.dir/src/ui/panels/swmmattributetablemodel.cpp.o
In file included from /Users/calebbuahin/Documents/Projects/cbuahin_github/openswmm.gui/src/ui/panels/swmmattributetablemodel.cpp:7:
In file included from /Users/calebbuahin/Documents/Projects/cbuahin_github/openswmm.gui/include/ui/panels/swmmattributetablemodel.h:34:
/Users/calebbuahin/Documents/Projects/cbuahin_github/openswmm.gui/include/layers/swmmresultslayer.h:407:55: warning: 'renderer' overrides a member function but is not marked 'override' [-Winconsistent-missing-override]
  407 |     [[nodiscard]] OpenSWMM::Render::IFeatureRenderer *renderer() const;
      |                                                       ^
/Users/calebbuahin/Documents/Projects/cbuahin_github/openswmm.gui/include/layers/openswmmvislayer.h:434:63: note: overridden virtual function is here
  434 |     [[nodiscard]] virtual OpenSWMM::Render::IFeatureRenderer *renderer() const { return nullptr; }
      |                                                               ^
In file included from /Users/calebbuahin/Documents/Projects/cbuahin_github/openswmm.gui/src/ui/panels/swmmattributetablemodel.cpp:7:
In file included from /Users/calebbuahin/Documents/Projects/cbuahin_github/openswmm.gui/include/ui/panels/swmmattributetablemodel.h:34:
/Users/calebbuahin/Documents/Projects/cbuahin_github/openswmm.gui/include/layers/swmmresultslayer.h:416:10: warning: 'setRenderer' overrides a member function but is not marked 'override' [-Winconsistent-missing-override]
  416 |     void setRenderer(std::unique_ptr<OpenSWMM::Render::IFeatureRenderer> r);
      |          ^
/Users/calebbuahin/Documents/Projects/cbuahin_github/openswmm.gui/include/layers/openswmmvislayer.h:440:18: note: overridden virtual function is here
  440 |     virtual void setRenderer(std::unique_ptr<OpenSWMM::Render::IFeatureRenderer>);
      |                  ^
2 warnings generated.
[136/214] Building CXX object CMakeFiles/SWMMVis.dir/src/ui/models/legendlayertreemodel.cpp.o
In file included from /Users/calebbuahin/Documents/Projects/cbuahin_github/openswmm.gui/src/ui/models/legendlayertreemodel.cpp:10:
/Users/calebbuahin/Documents/Projects/cbuahin_github/openswmm.gui/include/layers/gisvectorlayer.h:270:55: warning: 'renderer' overrides a member function but is not marked 'override' [-Winconsistent-missing-override]
  270 |     [[nodiscard]] OpenSWMM::Render::IFeatureRenderer *renderer() const;
      |                                                       ^
/Users/calebbuahin/Documents/Projects/cbuahin_github/openswmm.gui/include/layers/openswmmvislayer.h:434:63: note: overridden virtual function is here
  434 |     [[nodiscard]] virtual OpenSWMM::Render::IFeatureRenderer *renderer() const { return nullptr; }
      |                                                               ^
In file included from /Users/calebbuahin/Documents/Projects/cbuahin_github/openswmm.gui/src/ui/models/legendlayertreemodel.cpp:10:
/Users/calebbuahin/Documents/Projects/cbuahin_github/openswmm.gui/include/layers/gisvectorlayer.h:278:10: warning: 'setRenderer' overrides a member function but is not marked 'override' [-Winconsistent-missing-override]
  278 |     void setRenderer(std::unique_ptr<OpenSWMM::Render::IFeatureRenderer> r);
      |          ^
/Users/calebbuahin/Documents/Projects/cbuahin_github/openswmm.gui/include/layers/openswmmvislayer.h:440:18: note: overridden virtual function is here
  440 |     virtual void setRenderer(std::unique_ptr<OpenSWMM::Render::IFeatureRenderer>);
      |                  ^
In file included from /Users/calebbuahin/Documents/Projects/cbuahin_github/openswmm.gui/src/ui/models/legendlayertreemodel.cpp:13:
/Users/calebbuahin/Documents/Projects/cbuahin_github/openswmm.gui/include/layers/swmm2dresultslayer.h:503:55: warning: 'renderer' overrides a member function but is not marked 'override' [-Winconsistent-missing-override]
  503 |     [[nodiscard]] OpenSWMM::Render::IFeatureRenderer *renderer() const;
      |                                                       ^
/Users/calebbuahin/Documents/Projects/cbuahin_github/openswmm.gui/include/layers/openswmmvislayer.h:434:63: note: overridden virtual function is here
  434 |     [[nodiscard]] virtual OpenSWMM::Render::IFeatureRenderer *renderer() const { return nullptr; }
      |                                                               ^
In file included from /Users/calebbuahin/Documents/Projects/cbuahin_github/openswmm.gui/src/ui/models/legendlayertreemodel.cpp:13:
/Users/calebbuahin/Documents/Projects/cbuahin_github/openswmm.gui/include/layers/swmm2dresultslayer.h:511:10: warning: 'setRenderer' overrides a member function but is not marked 'override' [-Winconsistent-missing-override]
  511 |     void setRenderer(std::unique_ptr<OpenSWMM::Render::IFeatureRenderer> r);
      |          ^
/Users/calebbuahin/Documents/Projects/cbuahin_github/openswmm.gui/include/layers/openswmmvislayer.h:440:18: note: overridden virtual function is here
  440 |     virtual void setRenderer(std::unique_ptr<OpenSWMM::Render::IFeatureRenderer>);
      |                  ^
In file included from /Users/calebbuahin/Documents/Projects/cbuahin_github/openswmm.gui/src/ui/models/legendlayertreemodel.cpp:15:
/Users/calebbuahin/Documents/Projects/cbuahin_github/openswmm.gui/include/layers/swmmresultslayer.h:407:55: warning: 'renderer' overrides a member function but is not marked 'override' [-Winconsistent-missing-override]
  407 |     [[nodiscard]] OpenSWMM::Render::IFeatureRenderer *renderer() const;
      |                                                       ^
/Users/calebbuahin/Documents/Projects/cbuahin_github/openswmm.gui/include/layers/openswmmvislayer.h:434:63: note: overridden virtual function is here
  434 |     [[nodiscard]] virtual OpenSWMM::Render::IFeatureRenderer *renderer() const { return nullptr; }
      |                                                               ^
In file included from /Users/calebbuahin/Documents/Projects/cbuahin_github/openswmm.gui/src/ui/models/legendlayertreemodel.cpp:15:
/Users/calebbuahin/Documents/Projects/cbuahin_github/openswmm.gui/include/layers/swmmresultslayer.h:416:10: warning: 'setRenderer' overrides a member function but is not marked 'override' [-Winconsistent-missing-override]
  416 |     void setRenderer(std::unique_ptr<OpenSWMM::Render::IFeatureRenderer> r);
      |          ^
/Users/calebbuahin/Documents/Projects/cbuahin_github/openswmm.gui/include/layers/openswmmvislayer.h:440:18: note: overridden virtual function is here
  440 |     virtual void setRenderer(std::unique_ptr<OpenSWMM::Render::IFeatureRenderer>);
      |                  ^
6 warnings generated.
[137/214] Building CXX object CMakeFiles/SWMMVis.dir/src/ui/properties/meshvertexpropertyadapter.cpp.o
[138/214] Building CXX object CMakeFiles/SWMMVis.dir/src/ui/properties/swmmsubcatchpropertyadapter.cpp.o
[139/214] Building CXX object CMakeFiles/SWMMVis.dir/src/ui/properties/swmmnodepropertyadapter.cpp.o
In file included from /Users/calebbuahin/Documents/Projects/cbuahin_github/openswmm.gui/src/ui/properties/swmmnodepropertyadapter.cpp:11:
/Users/calebbuahin/Documents/Projects/cbuahin_github/openswmm.gui/include/layers/swmmresultslayer.h:407:55: warning: 'renderer' overrides a member function but is not marked 'override' [-Winconsistent-missing-override]
  407 |     [[nodiscard]] OpenSWMM::Render::IFeatureRenderer *renderer() const;
      |                                                       ^
/Users/calebbuahin/Documents/Projects/cbuahin_github/openswmm.gui/include/layers/openswmmvislayer.h:434:63: note: overridden virtual function is here
  434 |     [[nodiscard]] virtual OpenSWMM::Render::IFeatureRenderer *renderer() const { return nullptr; }
      |                                                               ^
In file included from /Users/calebbuahin/Documents/Projects/cbuahin_github/openswmm.gui/src/ui/properties/swmmnodepropertyadapter.cpp:11:
/Users/calebbuahin/Documents/Projects/cbuahin_github/openswmm.gui/include/layers/swmmresultslayer.h:416:10: warning: 'setRenderer' overrides a member function but is not marked 'override' [-Winconsistent-missing-override]
  416 |     void setRenderer(std::unique_ptr<OpenSWMM::Render::IFeatureRenderer> r);
      |          ^
/Users/calebbuahin/Documents/Projects/cbuahin_github/openswmm.gui/include/layers/openswmmvislayer.h:440:18: note: overridden virtual function is here
  440 |     virtual void setRenderer(std::unique_ptr<OpenSWMM::Render::IFeatureRenderer>);
      |                  ^
2 warnings generated.
[140/214] Building CXX object CMakeFiles/SWMMVis.dir/src/ui/properties/meshedgepropertyadapter.cpp.o
[141/214] Building CXX object CMakeFiles/SWMMVis.dir/src/ui/properties/culvertcodecombobox.cpp.o
[142/214] Building CXX object CMakeFiles/SWMMVis.dir/src/ui/properties/meshtrianglepropertyadapter.cpp.o
[143/214] Building CXX object CMakeFiles/SWMMVis.dir/src/ui/properties/swmmdataobjectpropertyadapter.cpp.o
[144/214] Building CXX object CMakeFiles/SWMMVis.dir/src/ui/properties/dataobjectpickereditor.cpp.o
[145/214] Building CXX object CMakeFiles/SWMMVis.dir/src/ui/properties/swmmaquiferpropertyadapter.cpp.o
[146/214] Building CXX object CMakeFiles/SWMMVis.dir/src/ui/properties/swmmcurvepropertyadapter.cpp.o
[147/214] Building CXX object CMakeFiles/SWMMVis.dir/src/ui/properties/swmmhydrographpropertyadapter.cpp.o
[148/214] Building CXX object CMakeFiles/SWMMVis.dir/src/ui/properties/swmmcontrolrulepropertyadapter.cpp.o
[149/214] Building CXX object CMakeFiles/SWMMVis.dir/src/ui/properties/swmminletpropertyadapter.cpp.o
[150/214] Building CXX object CMakeFiles/SWMMVis.dir/src/ui/properties/swmmlandusepropertyadapter.cpp.o
[151/214] Building CXX object CMakeFiles/SWMMVis.dir/src/ui/properties/swmmlidcontrolpropertyadapter.cpp.o
[152/214] Building CXX object CMakeFiles/SWMMVis.dir/src/ui/properties/swmmpatternpropertyadapter.cpp.o
[153/214] Building CXX object CMakeFiles/SWMMVis.dir/src/ui/properties/swmmpollutantpropertyadapter.cpp.o
[154/214] Building CXX object CMakeFiles/SWMMVis.dir/src/ui/properties/swmmsnowpackpropertyadapter.cpp.o
[155/214] Building CXX object CMakeFiles/SWMMVis.dir/src/ui/properties/swmmstreetpropertyadapter.cpp.o
[156/214] Building CXX object CMakeFiles/SWMMVis.dir/src/ui/properties/swmmraingagepropertyadapter.cpp.o
[157/214] Building CXX object CMakeFiles/SWMMVis.dir/src/ui/properties/swmmtimeseriespropertyadapter.cpp.o
[158/214] Building CXX object CMakeFiles/SWMMVis.dir/src/ui/properties/swmmtransectpropertyadapter.cpp.o
[159/214] Building CXX object CMakeFiles/SWMMVis.dir/src/ui/dialogs/typeconversionflow.cpp.o
[160/214] Building CXX object CMakeFiles/SWMMVis.dir/src/ui/editors/comprehensiveeditorregistry.cpp.o
[161/214] Building CXX object CMakeFiles/SWMMVis.dir/src/ui/dialogs/meshattributeassigndialog.cpp.o
In file included from /Users/calebbuahin/Documents/Projects/cbuahin_github/openswmm.gui/src/ui/dialogs/meshattributeassigndialog.cpp:10:
/Users/calebbuahin/Documents/Projects/cbuahin_github/openswmm.gui/include/layers/gisvectorlayer.h:270:55: warning: 'renderer' overrides a member function but is not marked 'override' [-Winconsistent-missing-override]
  270 |     [[nodiscard]] OpenSWMM::Render::IFeatureRenderer *renderer() const;
      |                                                       ^
/Users/calebbuahin/Documents/Projects/cbuahin_github/openswmm.gui/include/layers/openswmmvislayer.h:434:63: note: overridden virtual function is here
  434 |     [[nodiscard]] virtual OpenSWMM::Render::IFeatureRenderer *renderer() const { return nullptr; }
      |                                                               ^
In file included from /Users/calebbuahin/Documents/Projects/cbuahin_github/openswmm.gui/src/ui/dialogs/meshattributeassigndialog.cpp:10:
/Users/calebbuahin/Documents/Projects/cbuahin_github/openswmm.gui/include/layers/gisvectorlayer.h:278:10: warning: 'setRenderer' overrides a member function but is not marked 'override' [-Winconsistent-missing-override]
  278 |     void setRenderer(std::unique_ptr<OpenSWMM::Render::IFeatureRenderer> r);
      |          ^
/Users/calebbuahin/Documents/Projects/cbuahin_github/openswmm.gui/include/layers/openswmmvislayer.h:440:18: note: overridden virtual function is here
  440 |     virtual void setRenderer(std::unique_ptr<OpenSWMM::Render::IFeatureRenderer>);
      |                  ^
2 warnings generated.
[162/214] Building CXX object CMakeFiles/SWMMVis.dir/src/ui/dialogs/assignraingagesdialog.cpp.o
In file included from /Users/calebbuahin/Documents/Projects/cbuahin_github/openswmm.gui/src/ui/dialogs/assignraingagesdialog.cpp:11:
/Users/calebbuahin/Documents/Projects/cbuahin_github/openswmm.gui/include/core/swmmdatetime.h:61:12: warning: 'QDateTime' is deprecated: Pass QTimeZone instead [-Wdeprecated-declarations]
   61 |     return QDateTime(date, QTime(h, mi, s), Qt::UTC);
      |            ^
/Users/calebbuahin/Qt/6.9.3/macos/lib/QtCore.framework/Headers/qdatetime.h:361:5: note: 'QDateTime' has been explicitly marked deprecated here
  361 |     QT_DEPRECATED_VERSION_X_6_9("Pass QTimeZone instead")
      |     ^
/Users/calebbuahin/Qt/6.9.3/macos/lib/QtCore.framework/Headers/qtdeprecationmarkers.h:213:44: note: expanded from macro 'QT_DEPRECATED_VERSION_X_6_9'
  213 | # define QT_DEPRECATED_VERSION_X_6_9(text) QT_DEPRECATED_X(text)
      |                                            ^
/Users/calebbuahin/Qt/6.9.3/macos/lib/QtCore.framework/Headers/qtdeprecationmarkers.h:29:33: note: expanded from macro 'QT_DEPRECATED_X'
   29 | #  define QT_DEPRECATED_X(text) Q_DECL_DEPRECATED_X(text)
      |                                 ^
/Users/calebbuahin/Qt/6.9.3/macos/lib/QtCore.framework/Headers/qcompilerdetection.h:1011:36: note: expanded from macro 'Q_DECL_DEPRECATED_X'
 1011 | #  define Q_DECL_DEPRECATED_X(x) [[deprecated(x)]]
      |                                    ^
In file included from /Users/calebbuahin/Documents/Projects/cbuahin_github/openswmm.gui/src/ui/dialogs/assignraingagesdialog.cpp:11:
/Users/calebbuahin/Documents/Projects/cbuahin_github/openswmm.gui/include/core/swmmdatetime.h:61:12: warning: 'QDateTime' is deprecated: Pass QTimeZone instead [-Wdeprecated-declarations]
   61 |     return QDateTime(date, QTime(h, mi, s), Qt::UTC);
      |            ^
/Users/calebbuahin/Qt/6.9.3/macos/lib/QtCore.framework/Headers/qdatetime.h:361:5: note: 'QDateTime' has been explicitly marked deprecated here
  361 |     QT_DEPRECATED_VERSION_X_6_9("Pass QTimeZone instead")
      |     ^
/Users/calebbuahin/Qt/6.9.3/macos/lib/QtCore.framework/Headers/qtdeprecationmarkers.h:213:44: note: expanded from macro 'QT_DEPRECATED_VERSION_X_6_9'
  213 | # define QT_DEPRECATED_VERSION_X_6_9(text) QT_DEPRECATED_X(text)
      |                                            ^
/Users/calebbuahin/Qt/6.9.3/macos/lib/QtCore.framework/Headers/qtdeprecationmarkers.h:29:33: note: expanded from macro 'QT_DEPRECATED_X'
   29 | #  define QT_DEPRECATED_X(text) Q_DECL_DEPRECATED_X(text)
      |                                 ^
/Users/calebbuahin/Qt/6.9.3/macos/lib/QtCore.framework/Headers/qcompilerdetection.h:1011:36: note: expanded from macro 'Q_DECL_DEPRECATED_X'
 1011 | #  define Q_DECL_DEPRECATED_X(x) [[deprecated(x)]]
      |                                    ^
2 warnings generated.
[163/214] Building CXX object CMakeFiles/SWMMVis.dir/src/ui/dialogs/nodecompoundeditdialog.cpp.o
[164/214] Building CXX object CMakeFiles/SWMMVis.dir/src/ui/dialogs/subcatchcompoundeditdialog.cpp.o
[165/214] Building CXX object CMakeFiles/SWMMVis.dir/src/ui/dialogs/linkcompoundeditdialog.cpp.o
In file included from /Users/calebbuahin/Documents/Projects/cbuahin_github/openswmm.gui/src/ui/dialogs/linkcompoundeditdialog.cpp:20:
/Users/calebbuahin/Documents/Projects/cbuahin_github/openswmm.gui/include/ui/sectionview/xsecticonrenderer.h:10:48: warning: '/*' within block comment [-Wcomment]
   10 |  * Replaces the 26 hand-drawn `resources/images/*_xsect.svg` thumbnails with
      |                                                ^
1 warning generated.
[166/214] Building CXX object CMakeFiles/SWMMVis.dir/src/ui/dialogs/newprojectdialog.cpp.o
[167/214] Building CXX object CMakeFiles/SWMMVis.dir/src/ui/dialogs/hydrographgroupeditor.cpp.o
[168/214] Building CXX object CMakeFiles/SWMMVis.dir/src/ui/dialogs/meshgenerationdialog.cpp.o
In file included from /Users/calebbuahin/Documents/Projects/cbuahin_github/openswmm.gui/src/ui/dialogs/meshgenerationdialog.cpp:23:
/Users/calebbuahin/Documents/Projects/cbuahin_github/openswmm.gui/include/layers/gisvectorlayer.h:270:55: warning: 'renderer' overrides a member function but is not marked 'override' [-Winconsistent-missing-override]
  270 |     [[nodiscard]] OpenSWMM::Render::IFeatureRenderer *renderer() const;
      |                                                       ^
/Users/calebbuahin/Documents/Projects/cbuahin_github/openswmm.gui/include/layers/openswmmvislayer.h:434:63: note: overridden virtual function is here
  434 |     [[nodiscard]] virtual OpenSWMM::Render::IFeatureRenderer *renderer() const { return nullptr; }
      |                                                               ^
In file included from /Users/calebbuahin/Documents/Projects/cbuahin_github/openswmm.gui/src/ui/dialogs/meshgenerationdialog.cpp:23:
/Users/calebbuahin/Documents/Projects/cbuahin_github/openswmm.gui/include/layers/gisvectorlayer.h:278:10: warning: 'setRenderer' overrides a member function but is not marked 'override' [-Winconsistent-missing-override]
  278 |     void setRenderer(std::unique_ptr<OpenSWMM::Render::IFeatureRenderer> r);
      |          ^
/Users/calebbuahin/Documents/Projects/cbuahin_github/openswmm.gui/include/layers/openswmmvislayer.h:440:18: note: overridden virtual function is here
  440 |     virtual void setRenderer(std::unique_ptr<OpenSWMM::Render::IFeatureRenderer>);
      |                  ^
/Users/calebbuahin/Documents/Projects/cbuahin_github/openswmm.gui/src/ui/dialogs/meshgenerationdialog.cpp:358:59: warning: 'toPolygon' is deprecated: Casting to this is useless [-Wdeprecated-declarations]
  358 |                     pushOgrPolygon(mp->getGeometryRef(i)->toPolygon());
      |                                                           ^
/Users/calebbuahin/Documents/Projects/cbuahin_github/openswmm.gui/build/vcpkg_installed/arm64-osx/include/ogr_geometry.h:2838:5: note: 'toPolygon' has been explicitly marked deprecated here
 2838 |     OGR_ALLOW_CAST_TO_THIS(Polygon)
      |     ^
/Users/calebbuahin/Documents/Projects/cbuahin_github/openswmm.gui/build/vcpkg_installed/arm64-osx/include/ogr_geometry.h:1090:46: note: expanded from macro 'OGR_ALLOW_CAST_TO_THIS'
 1090 |     inline const OGR##name *to##name() const CAST_TO_THIS_WARNING              \
      |                                              ^
/Users/calebbuahin/Documents/Projects/cbuahin_github/openswmm.gui/build/vcpkg_installed/arm64-osx/include/ogr_geometry.h:1080:30: note: expanded from macro 'CAST_TO_THIS_WARNING'
 1080 | #define CAST_TO_THIS_WARNING CPL_WARN_DEPRECATED("Casting to this is useless")
      |                              ^
/Users/calebbuahin/Documents/Projects/cbuahin_github/openswmm.gui/build/vcpkg_installed/arm64-osx/include/cpl_port.h:974:47: note: expanded from macro 'CPL_WARN_DEPRECATED'
  974 | #define CPL_WARN_DEPRECATED(x) __attribute__((deprecated(x)))
      |                                               ^
/Users/calebbuahin/Documents/Projects/cbuahin_github/openswmm.gui/src/ui/dialogs/meshgenerationdialog.cpp:3728:58: warning: 'toPoint' is deprecated: Casting to this is useless [-Wdeprecated-declarations]
 3728 |                         pushPoint(mp->getGeometryRef(j)->toPoint());
      |                                                          ^
/Users/calebbuahin/Documents/Projects/cbuahin_github/openswmm.gui/build/vcpkg_installed/arm64-osx/include/ogr_geometry.h:1286:5: note: 'toPoint' has been explicitly marked deprecated here
 1286 |     OGR_ALLOW_CAST_TO_THIS(Point)
      |     ^
/Users/calebbuahin/Documents/Projects/cbuahin_github/openswmm.gui/build/vcpkg_installed/arm64-osx/include/ogr_geometry.h:1090:46: note: expanded from macro 'OGR_ALLOW_CAST_TO_THIS'
 1090 |     inline const OGR##name *to##name() const CAST_TO_THIS_WARNING              \
      |                                              ^
/Users/calebbuahin/Documents/Projects/cbuahin_github/openswmm.gui/build/vcpkg_installed/arm64-osx/include/ogr_geometry.h:1080:30: note: expanded from macro 'CAST_TO_THIS_WARNING'
 1080 | #define CAST_TO_THIS_WARNING CPL_WARN_DEPRECATED("Casting to this is useless")
      |                              ^
/Users/calebbuahin/Documents/Projects/cbuahin_github/openswmm.gui/build/vcpkg_installed/arm64-osx/include/cpl_port.h:974:47: note: expanded from macro 'CPL_WARN_DEPRECATED'
  974 | #define CPL_WARN_DEPRECATED(x) __attribute__((deprecated(x)))
      |                                               ^
/Users/calebbuahin/Documents/Projects/cbuahin_github/openswmm.gui/src/ui/dialogs/meshgenerationdialog.cpp:3804:55: warning: 'toLineString' is deprecated: Casting to this is useless [-Wdeprecated-declarations]
 3804 |                         pushLS(ml->getGeometryRef(j)->toLineString());
      |                                                       ^
/Users/calebbuahin/Documents/Projects/cbuahin_github/openswmm.gui/build/vcpkg_installed/arm64-osx/include/ogr_geometry.h:1836:5: note: 'toLineString' has been explicitly marked deprecated here
 1836 |     OGR_ALLOW_CAST_TO_THIS(LineString)
      |     ^
/Users/calebbuahin/Documents/Projects/cbuahin_github/openswmm.gui/build/vcpkg_installed/arm64-osx/include/ogr_geometry.h:1090:46: note: expanded from macro 'OGR_ALLOW_CAST_TO_THIS'
 1090 |     inline const OGR##name *to##name() const CAST_TO_THIS_WARNING              \
      |                                              ^
/Users/calebbuahin/Documents/Projects/cbuahin_github/openswmm.gui/build/vcpkg_installed/arm64-osx/include/ogr_geometry.h:1080:30: note: expanded from macro 'CAST_TO_THIS_WARNING'
 1080 | #define CAST_TO_THIS_WARNING CPL_WARN_DEPRECATED("Casting to this is useless")
      |                              ^
/Users/calebbuahin/Documents/Projects/cbuahin_github/openswmm.gui/build/vcpkg_installed/arm64-osx/include/cpl_port.h:974:47: note: expanded from macro 'CPL_WARN_DEPRECATED'
  974 | #define CPL_WARN_DEPRECATED(x) __attribute__((deprecated(x)))
      |                                               ^
5 warnings generated.
[169/214] Building CXX object CMakeFiles/SWMMVis.dir/src/ui/dialogs/objectdefaultspage.cpp.o
[170/214] Building CXX object CMakeFiles/SWMMVis.dir/src/ui/dialogs/preferencesdialog.cpp.o
[171/214] Building CXX object CMakeFiles/SWMMVis.dir/src/ui/dialogs/simulationoptionshelpers.cpp.o
In file included from /Users/calebbuahin/Documents/Projects/cbuahin_github/openswmm.gui/src/ui/dialogs/simulationoptionshelpers.cpp:14:
/Users/calebbuahin/Documents/Projects/cbuahin_github/openswmm.gui/include/core/swmmdatetime.h:61:12: warning: 'QDateTime' is deprecated: Pass QTimeZone instead [-Wdeprecated-declarations]
   61 |     return QDateTime(date, QTime(h, mi, s), Qt::UTC);
      |            ^
/Users/calebbuahin/Qt/6.9.3/macos/lib/QtCore.framework/Headers/qdatetime.h:361:5: note: 'QDateTime' has been explicitly marked deprecated here
  361 |     QT_DEPRECATED_VERSION_X_6_9("Pass QTimeZone instead")
      |     ^
/Users/calebbuahin/Qt/6.9.3/macos/lib/QtCore.framework/Headers/qtdeprecationmarkers.h:213:44: note: expanded from macro 'QT_DEPRECATED_VERSION_X_6_9'
  213 | # define QT_DEPRECATED_VERSION_X_6_9(text) QT_DEPRECATED_X(text)
      |                                            ^
/Users/calebbuahin/Qt/6.9.3/macos/lib/QtCore.framework/Headers/qtdeprecationmarkers.h:29:33: note: expanded from macro 'QT_DEPRECATED_X'
   29 | #  define QT_DEPRECATED_X(text) Q_DECL_DEPRECATED_X(text)
      |                                 ^
/Users/calebbuahin/Qt/6.9.3/macos/lib/QtCore.framework/Headers/qcompilerdetection.h:1011:36: note: expanded from macro 'Q_DECL_DEPRECATED_X'
 1011 | #  define Q_DECL_DEPRECATED_X(x) [[deprecated(x)]]
      |                                    ^
In file included from /Users/calebbuahin/Documents/Projects/cbuahin_github/openswmm.gui/src/ui/dialogs/simulationoptionshelpers.cpp:14:
/Users/calebbuahin/Documents/Projects/cbuahin_github/openswmm.gui/include/core/swmmdatetime.h:61:12: warning: 'QDateTime' is deprecated: Pass QTimeZone instead [-Wdeprecated-declarations]
   61 |     return QDateTime(date, QTime(h, mi, s), Qt::UTC);
      |            ^
/Users/calebbuahin/Qt/6.9.3/macos/lib/QtCore.framework/Headers/qdatetime.h:361:5: note: 'QDateTime' has been explicitly marked deprecated here
  361 |     QT_DEPRECATED_VERSION_X_6_9("Pass QTimeZone instead")
      |     ^
/Users/calebbuahin/Qt/6.9.3/macos/lib/QtCore.framework/Headers/qtdeprecationmarkers.h:213:44: note: expanded from macro 'QT_DEPRECATED_VERSION_X_6_9'
  213 | # define QT_DEPRECATED_VERSION_X_6_9(text) QT_DEPRECATED_X(text)
      |                                            ^
/Users/calebbuahin/Qt/6.9.3/macos/lib/QtCore.framework/Headers/qtdeprecationmarkers.h:29:33: note: expanded from macro 'QT_DEPRECATED_X'
   29 | #  define QT_DEPRECATED_X(text) Q_DECL_DEPRECATED_X(text)
      |                                 ^
/Users/calebbuahin/Qt/6.9.3/macos/lib/QtCore.framework/Headers/qcompilerdetection.h:1011:36: note: expanded from macro 'Q_DECL_DEPRECATED_X'
 1011 | #  define Q_DECL_DEPRECATED_X(x) [[deprecated(x)]]
      |                                    ^
2 warnings generated.
[172/214] Building CXX object CMakeFiles/SWMMVis.dir/src/ui/dialogs/hotstartsavesmodel.cpp.o
[173/214] Building CXX object CMakeFiles/SWMMVis.dir/src/ui/dialogs/simulationoptionsdialog.cpp.o
[174/214] Building CXX object CMakeFiles/SWMMVis.dir/src/ui/dialogs/symbologytab.cpp.o
In file included from /Users/calebbuahin/Documents/Projects/cbuahin_github/openswmm.gui/src/ui/dialogs/symbologytab.cpp:11:
/Users/calebbuahin/Documents/Projects/cbuahin_github/openswmm.gui/include/layers/gisvectorlayer.h:270:55: warning: 'renderer' overrides a member function but is not marked 'override' [-Winconsistent-missing-override]
  270 |     [[nodiscard]] OpenSWMM::Render::IFeatureRenderer *renderer() const;
      |                                                       ^
/Users/calebbuahin/Documents/Projects/cbuahin_github/openswmm.gui/include/layers/openswmmvislayer.h:434:63: note: overridden virtual function is here
  434 |     [[nodiscard]] virtual OpenSWMM::Render::IFeatureRenderer *renderer() const { return nullptr; }
      |                                                               ^
In file included from /Users/calebbuahin/Documents/Projects/cbuahin_github/openswmm.gui/src/ui/dialogs/symbologytab.cpp:11:
/Users/calebbuahin/Documents/Projects/cbuahin_github/openswmm.gui/include/layers/gisvectorlayer.h:278:10: warning: 'setRenderer' overrides a member function but is not marked 'override' [-Winconsistent-missing-override]
  278 |     void setRenderer(std::unique_ptr<OpenSWMM::Render::IFeatureRenderer> r);
      |          ^
/Users/calebbuahin/Documents/Projects/cbuahin_github/openswmm.gui/include/layers/openswmmvislayer.h:440:18: note: overridden virtual function is here
  440 |     virtual void setRenderer(std::unique_ptr<OpenSWMM::Render::IFeatureRenderer>);
      |                  ^
In file included from /Users/calebbuahin/Documents/Projects/cbuahin_github/openswmm.gui/src/ui/dialogs/symbologytab.cpp:13:
/Users/calebbuahin/Documents/Projects/cbuahin_github/openswmm.gui/include/layers/swmm2dresultslayer.h:503:55: warning: 'renderer' overrides a member function but is not marked 'override' [-Winconsistent-missing-override]
  503 |     [[nodiscard]] OpenSWMM::Render::IFeatureRenderer *renderer() const;
      |                                                       ^
/Users/calebbuahin/Documents/Projects/cbuahin_github/openswmm.gui/include/layers/openswmmvislayer.h:434:63: note: overridden virtual function is here
  434 |     [[nodiscard]] virtual OpenSWMM::Render::IFeatureRenderer *renderer() const { return nullptr; }
      |                                                               ^
In file included from /Users/calebbuahin/Documents/Projects/cbuahin_github/openswmm.gui/src/ui/dialogs/symbologytab.cpp:13:
/Users/calebbuahin/Documents/Projects/cbuahin_github/openswmm.gui/include/layers/swmm2dresultslayer.h:511:10: warning: 'setRenderer' overrides a member function but is not marked 'override' [-Winconsistent-missing-override]
  511 |     void setRenderer(std::unique_ptr<OpenSWMM::Render::IFeatureRenderer> r);
      |          ^
/Users/calebbuahin/Documents/Projects/cbuahin_github/openswmm.gui/include/layers/openswmmvislayer.h:440:18: note: overridden virtual function is here
  440 |     virtual void setRenderer(std::unique_ptr<OpenSWMM::Render::IFeatureRenderer>);
      |                  ^
In file included from /Users/calebbuahin/Documents/Projects/cbuahin_github/openswmm.gui/src/ui/dialogs/symbologytab.cpp:15:
/Users/calebbuahin/Documents/Projects/cbuahin_github/openswmm.gui/include/layers/swmmresultslayer.h:407:55: warning: 'renderer' overrides a member function but is not marked 'override' [-Winconsistent-missing-override]
  407 |     [[nodiscard]] OpenSWMM::Render::IFeatureRenderer *renderer() const;
      |                                                       ^
/Users/calebbuahin/Documents/Projects/cbuahin_github/openswmm.gui/include/layers/openswmmvislayer.h:434:63: note: overridden virtual function is here
  434 |     [[nodiscard]] virtual OpenSWMM::Render::IFeatureRenderer *renderer() const { return nullptr; }
      |                                                               ^
In file included from /Users/calebbuahin/Documents/Projects/cbuahin_github/openswmm.gui/src/ui/dialogs/symbologytab.cpp:15:
/Users/calebbuahin/Documents/Projects/cbuahin_github/openswmm.gui/include/layers/swmmresultslayer.h:416:10: warning: 'setRenderer' overrides a member function but is not marked 'override' [-Winconsistent-missing-override]
  416 |     void setRenderer(std::unique_ptr<OpenSWMM::Render::IFeatureRenderer> r);
      |          ^
/Users/calebbuahin/Documents/Projects/cbuahin_github/openswmm.gui/include/layers/openswmmvislayer.h:440:18: note: overridden virtual function is here
  440 |     virtual void setRenderer(std::unique_ptr<OpenSWMM::Render::IFeatureRenderer>);
      |                  ^
6 warnings generated.
[175/214] Building CXX object CMakeFiles/SWMMVis.dir/src/ui/dialogs/labelstab.cpp.o
In file included from /Users/calebbuahin/Documents/Projects/cbuahin_github/openswmm.gui/src/ui/dialogs/labelstab.cpp:9:
/Users/calebbuahin/Documents/Projects/cbuahin_github/openswmm.gui/include/layers/gisvectorlayer.h:270:55: warning: 'renderer' overrides a member function but is not marked 'override' [-Winconsistent-missing-override]
  270 |     [[nodiscard]] OpenSWMM::Render::IFeatureRenderer *renderer() const;
      |                                                       ^
/Users/calebbuahin/Documents/Projects/cbuahin_github/openswmm.gui/include/layers/openswmmvislayer.h:434:63: note: overridden virtual function is here
  434 |     [[nodiscard]] virtual OpenSWMM::Render::IFeatureRenderer *renderer() const { return nullptr; }
      |                                                               ^
In file included from /Users/calebbuahin/Documents/Projects/cbuahin_github/openswmm.gui/src/ui/dialogs/labelstab.cpp:9:
/Users/calebbuahin/Documents/Projects/cbuahin_github/openswmm.gui/include/layers/gisvectorlayer.h:278:10: warning: 'setRenderer' overrides a member function but is not marked 'override' [-Winconsistent-missing-override]
  278 |     void setRenderer(std::unique_ptr<OpenSWMM::Render::IFeatureRenderer> r);
      |          ^
/Users/calebbuahin/Documents/Projects/cbuahin_github/openswmm.gui/include/layers/openswmmvislayer.h:440:18: note: overridden virtual function is here
  440 |     virtual void setRenderer(std::unique_ptr<OpenSWMM::Render::IFeatureRenderer>);
      |                  ^
2 warnings generated.
[176/214] Building CXX object CMakeFiles/SWMMVis.dir/src/ui/dialogs/comparisonplotdialog.cpp.o
In file included from /Users/calebbuahin/Documents/Projects/cbuahin_github/openswmm.gui/src/ui/dialogs/comparisonplotdialog.cpp:12:
/Users/calebbuahin/Documents/Projects/cbuahin_github/openswmm.gui/include/core/swmmdatetime.h:61:12: warning: 'QDateTime' is deprecated: Pass QTimeZone instead [-Wdeprecated-declarations]
   61 |     return QDateTime(date, QTime(h, mi, s), Qt::UTC);
      |            ^
/Users/calebbuahin/Qt/6.9.3/macos/lib/QtCore.framework/Headers/qdatetime.h:361:5: note: 'QDateTime' has been explicitly marked deprecated here
  361 |     QT_DEPRECATED_VERSION_X_6_9("Pass QTimeZone instead")
      |     ^
/Users/calebbuahin/Qt/6.9.3/macos/lib/QtCore.framework/Headers/qtdeprecationmarkers.h:213:44: note: expanded from macro 'QT_DEPRECATED_VERSION_X_6_9'
  213 | # define QT_DEPRECATED_VERSION_X_6_9(text) QT_DEPRECATED_X(text)
      |                                            ^
/Users/calebbuahin/Qt/6.9.3/macos/lib/QtCore.framework/Headers/qtdeprecationmarkers.h:29:33: note: expanded from macro 'QT_DEPRECATED_X'
   29 | #  define QT_DEPRECATED_X(text) Q_DECL_DEPRECATED_X(text)
      |                                 ^
/Users/calebbuahin/Qt/6.9.3/macos/lib/QtCore.framework/Headers/qcompilerdetection.h:1011:36: note: expanded from macro 'Q_DECL_DEPRECATED_X'
 1011 | #  define Q_DECL_DEPRECATED_X(x) [[deprecated(x)]]
      |                                    ^
In file included from /Users/calebbuahin/Documents/Projects/cbuahin_github/openswmm.gui/src/ui/dialogs/comparisonplotdialog.cpp:12:
/Users/calebbuahin/Documents/Projects/cbuahin_github/openswmm.gui/include/core/swmmdatetime.h:61:12: warning: 'QDateTime' is deprecated: Pass QTimeZone instead [-Wdeprecated-declarations]
   61 |     return QDateTime(date, QTime(h, mi, s), Qt::UTC);
      |            ^
/Users/calebbuahin/Qt/6.9.3/macos/lib/QtCore.framework/Headers/qdatetime.h:361:5: note: 'QDateTime' has been explicitly marked deprecated here
  361 |     QT_DEPRECATED_VERSION_X_6_9("Pass QTimeZone instead")
      |     ^
/Users/calebbuahin/Qt/6.9.3/macos/lib/QtCore.framework/Headers/qtdeprecationmarkers.h:213:44: note: expanded from macro 'QT_DEPRECATED_VERSION_X_6_9'
  213 | # define QT_DEPRECATED_VERSION_X_6_9(text) QT_DEPRECATED_X(text)
      |                                            ^
/Users/calebbuahin/Qt/6.9.3/macos/lib/QtCore.framework/Headers/qtdeprecationmarkers.h:29:33: note: expanded from macro 'QT_DEPRECATED_X'
   29 | #  define QT_DEPRECATED_X(text) Q_DECL_DEPRECATED_X(text)
      |                                 ^
/Users/calebbuahin/Qt/6.9.3/macos/lib/QtCore.framework/Headers/qcompilerdetection.h:1011:36: note: expanded from macro 'Q_DECL_DEPRECATED_X'
 1011 | #  define Q_DECL_DEPRECATED_X(x) [[deprecated(x)]]
      |                                    ^
In file included from /Users/calebbuahin/Documents/Projects/cbuahin_github/openswmm.gui/src/ui/dialogs/comparisonplotdialog.cpp:25:
/Users/calebbuahin/Documents/Projects/cbuahin_github/openswmm.gui/include/layers/swmmresultslayer.h:407:55: warning: 'renderer' overrides a member function but is not marked 'override' [-Winconsistent-missing-override]
  407 |     [[nodiscard]] OpenSWMM::Render::IFeatureRenderer *renderer() const;
      |                                                       ^
/Users/calebbuahin/Documents/Projects/cbuahin_github/openswmm.gui/include/layers/openswmmvislayer.h:434:63: note: overridden virtual function is here
  434 |     [[nodiscard]] virtual OpenSWMM::Render::IFeatureRenderer *renderer() const { return nullptr; }
      |                                                               ^
In file included from /Users/calebbuahin/Documents/Projects/cbuahin_github/openswmm.gui/src/ui/dialogs/comparisonplotdialog.cpp:25:
/Users/calebbuahin/Documents/Projects/cbuahin_github/openswmm.gui/include/layers/swmmresultslayer.h:416:10: warning: 'setRenderer' overrides a member function but is not marked 'override' [-Winconsistent-missing-override]
  416 |     void setRenderer(std::unique_ptr<OpenSWMM::Render::IFeatureRenderer> r);
      |          ^
/Users/calebbuahin/Documents/Projects/cbuahin_github/openswmm.gui/include/layers/openswmmvislayer.h:440:18: note: overridden virtual function is here
  440 |     virtual void setRenderer(std::unique_ptr<OpenSWMM::Render::IFeatureRenderer>);
      |                  ^
In file included from /Users/calebbuahin/Documents/Projects/cbuahin_github/openswmm.gui/src/ui/dialogs/comparisonplotdialog.cpp:26:
/Users/calebbuahin/Documents/Projects/cbuahin_github/openswmm.gui/include/layers/swmm2dresultslayer.h:503:55: warning: 'renderer' overrides a member function but is not marked 'override' [-Winconsistent-missing-override]
  503 |     [[nodiscard]] OpenSWMM::Render::IFeatureRenderer *renderer() const;
      |                                                       ^
/Users/calebbuahin/Documents/Projects/cbuahin_github/openswmm.gui/include/layers/openswmmvislayer.h:434:63: note: overridden virtual function is here
  434 |     [[nodiscard]] virtual OpenSWMM::Render::IFeatureRenderer *renderer() const { return nullptr; }
      |                                                               ^
In file included from /Users/calebbuahin/Documents/Projects/cbuahin_github/openswmm.gui/src/ui/dialogs/comparisonplotdialog.cpp:26:
/Users/calebbuahin/Documents/Projects/cbuahin_github/openswmm.gui/include/layers/swmm2dresultslayer.h:511:10: warning: 'setRenderer' overrides a member function but is not marked 'override' [-Winconsistent-missing-override]
  511 |     void setRenderer(std::unique_ptr<OpenSWMM::Render::IFeatureRenderer> r);
      |          ^
/Users/calebbuahin/Documents/Projects/cbuahin_github/openswmm.gui/include/layers/openswmmvislayer.h:440:18: note: overridden virtual function is here
  440 |     virtual void setRenderer(std::unique_ptr<OpenSWMM::Render::IFeatureRenderer>);
      |                  ^
6 warnings generated.
[177/214] Building CXX object CMakeFiles/SWMMVis.dir/src/ui/dialogs/kindtreesymbologypanel.cpp.o
In file included from /Users/calebbuahin/Documents/Projects/cbuahin_github/openswmm.gui/src/ui/dialogs/kindtreesymbologypanel.cpp:12:
/Users/calebbuahin/Documents/Projects/cbuahin_github/openswmm.gui/include/layers/swmmresultslayer.h:407:55: warning: 'renderer' overrides a member function but is not marked 'override' [-Winconsistent-missing-override]
  407 |     [[nodiscard]] OpenSWMM::Render::IFeatureRenderer *renderer() const;
      |                                                       ^
/Users/calebbuahin/Documents/Projects/cbuahin_github/openswmm.gui/include/layers/openswmmvislayer.h:434:63: note: overridden virtual function is here
  434 |     [[nodiscard]] virtual OpenSWMM::Render::IFeatureRenderer *renderer() const { return nullptr; }
      |                                                               ^
In file included from /Users/calebbuahin/Documents/Projects/cbuahin_github/openswmm.gui/src/ui/dialogs/kindtreesymbologypanel.cpp:12:
/Users/calebbuahin/Documents/Projects/cbuahin_github/openswmm.gui/include/layers/swmmresultslayer.h:416:10: warning: 'setRenderer' overrides a member function but is not marked 'override' [-Winconsistent-missing-override]
  416 |     void setRenderer(std::unique_ptr<OpenSWMM::Render::IFeatureRenderer> r);
      |          ^
/Users/calebbuahin/Documents/Projects/cbuahin_github/openswmm.gui/include/layers/openswmmvislayer.h:440:18: note: overridden virtual function is here
  440 |     virtual void setRenderer(std::unique_ptr<OpenSWMM::Render::IFeatureRenderer>);
      |                  ^
2 warnings generated.
[178/214] Building CXX object CMakeFiles/SWMMVis.dir/src/ui/dialogs/import/featurelayerimporter.cpp.o
In file included from /Users/calebbuahin/Documents/Projects/cbuahin_github/openswmm.gui/src/ui/dialogs/import/featurelayerimporter.cpp:9:
/Users/calebbuahin/Documents/Projects/cbuahin_github/openswmm.gui/include/layers/gisvectorlayer.h:270:55: warning: 'renderer' overrides a member function but is not marked 'override' [-Winconsistent-missing-override]
  270 |     [[nodiscard]] OpenSWMM::Render::IFeatureRenderer *renderer() const;
      |                                                       ^
/Users/calebbuahin/Documents/Projects/cbuahin_github/openswmm.gui/include/layers/openswmmvislayer.h:434:63: note: overridden virtual function is here
  434 |     [[nodiscard]] virtual OpenSWMM::Render::IFeatureRenderer *renderer() const { return nullptr; }
      |                                                               ^
In file included from /Users/calebbuahin/Documents/Projects/cbuahin_github/openswmm.gui/src/ui/dialogs/import/featurelayerimporter.cpp:9:
/Users/calebbuahin/Documents/Projects/cbuahin_github/openswmm.gui/include/layers/gisvectorlayer.h:278:10: warning: 'setRenderer' overrides a member function but is not marked 'override' [-Winconsistent-missing-override]
  278 |     void setRenderer(std::unique_ptr<OpenSWMM::Render::IFeatureRenderer> r);
      |          ^
/Users/calebbuahin/Documents/Projects/cbuahin_github/openswmm.gui/include/layers/openswmmvislayer.h:440:18: note: overridden virtual function is here
  440 |     virtual void setRenderer(std::unique_ptr<OpenSWMM::Render::IFeatureRenderer>);
      |                  ^
/Users/calebbuahin/Documents/Projects/cbuahin_github/openswmm.gui/src/ui/dialogs/import/featurelayerimporter.cpp:246:45: warning: 'toPoint' is deprecated: Casting to this is useless [-Wdeprecated-declarations]
  246 |                 pt = mp->getGeometryRef(0)->toPoint();
      |                                             ^
/Users/calebbuahin/Documents/Projects/cbuahin_github/openswmm.gui/build/vcpkg_installed/arm64-osx/include/ogr_geometry.h:1286:5: note: 'toPoint' has been explicitly marked deprecated here
 1286 |     OGR_ALLOW_CAST_TO_THIS(Point)
      |     ^
/Users/calebbuahin/Documents/Projects/cbuahin_github/openswmm.gui/build/vcpkg_installed/arm64-osx/include/ogr_geometry.h:1090:46: note: expanded from macro 'OGR_ALLOW_CAST_TO_THIS'
 1090 |     inline const OGR##name *to##name() const CAST_TO_THIS_WARNING              \
      |                                              ^
/Users/calebbuahin/Documents/Projects/cbuahin_github/openswmm.gui/build/vcpkg_installed/arm64-osx/include/ogr_geometry.h:1080:30: note: expanded from macro 'CAST_TO_THIS_WARNING'
 1080 | #define CAST_TO_THIS_WARNING CPL_WARN_DEPRECATED("Casting to this is useless")
      |                              ^
/Users/calebbuahin/Documents/Projects/cbuahin_github/openswmm.gui/build/vcpkg_installed/arm64-osx/include/cpl_port.h:974:47: note: expanded from macro 'CPL_WARN_DEPRECATED'
  974 | #define CPL_WARN_DEPRECATED(x) __attribute__((deprecated(x)))
      |                                               ^
/Users/calebbuahin/Documents/Projects/cbuahin_github/openswmm.gui/src/ui/dialogs/import/featurelayerimporter.cpp:261:47: warning: 'toLineString' is deprecated: Casting to this is useless [-Wdeprecated-declarations]
  261 |                 line = ml->getGeometryRef(0)->toLineString();
      |                                               ^
/Users/calebbuahin/Documents/Projects/cbuahin_github/openswmm.gui/build/vcpkg_installed/arm64-osx/include/ogr_geometry.h:1836:5: note: 'toLineString' has been explicitly marked deprecated here
 1836 |     OGR_ALLOW_CAST_TO_THIS(LineString)
      |     ^
/Users/calebbuahin/Documents/Projects/cbuahin_github/openswmm.gui/build/vcpkg_installed/arm64-osx/include/ogr_geometry.h:1090:46: note: expanded from macro 'OGR_ALLOW_CAST_TO_THIS'
 1090 |     inline const OGR##name *to##name() const CAST_TO_THIS_WARNING              \
      |                                              ^
/Users/calebbuahin/Documents/Projects/cbuahin_github/openswmm.gui/build/vcpkg_installed/arm64-osx/include/ogr_geometry.h:1080:30: note: expanded from macro 'CAST_TO_THIS_WARNING'
 1080 | #define CAST_TO_THIS_WARNING CPL_WARN_DEPRECATED("Casting to this is useless")
      |                              ^
/Users/calebbuahin/Documents/Projects/cbuahin_github/openswmm.gui/build/vcpkg_installed/arm64-osx/include/cpl_port.h:974:47: note: expanded from macro 'CPL_WARN_DEPRECATED'
  974 | #define CPL_WARN_DEPRECATED(x) __attribute__((deprecated(x)))
      |                                               ^
4 warnings generated.
[179/214] Building CXX object CMakeFiles/SWMMVis.dir/src/ui/dialogs/import/importfeaturelayerdialog.cpp.o
In file included from /Users/calebbuahin/Documents/Projects/cbuahin_github/openswmm.gui/src/ui/dialogs/import/importfeaturelayerdialog.cpp:10:
/Users/calebbuahin/Documents/Projects/cbuahin_github/openswmm.gui/include/layers/gisvectorlayer.h:270:55: warning: 'renderer' overrides a member function but is not marked 'override' [-Winconsistent-missing-override]
  270 |     [[nodiscard]] OpenSWMM::Render::IFeatureRenderer *renderer() const;
      |                                                       ^
/Users/calebbuahin/Documents/Projects/cbuahin_github/openswmm.gui/include/layers/openswmmvislayer.h:434:63: note: overridden virtual function is here
  434 |     [[nodiscard]] virtual OpenSWMM::Render::IFeatureRenderer *renderer() const { return nullptr; }
      |                                                               ^
In file included from /Users/calebbuahin/Documents/Projects/cbuahin_github/openswmm.gui/src/ui/dialogs/import/importfeaturelayerdialog.cpp:10:
/Users/calebbuahin/Documents/Projects/cbuahin_github/openswmm.gui/include/layers/gisvectorlayer.h:278:10: warning: 'setRenderer' overrides a member function but is not marked 'override' [-Winconsistent-missing-override]
  278 |     void setRenderer(std::unique_ptr<OpenSWMM::Render::IFeatureRenderer> r);
      |          ^
/Users/calebbuahin/Documents/Projects/cbuahin_github/openswmm.gui/include/layers/openswmmvislayer.h:440:18: note: overridden virtual function is here
  440 |     virtual void setRenderer(std::unique_ptr<OpenSWMM::Render::IFeatureRenderer>);
      |                  ^
2 warnings generated.
[180/214] Building CXX object CMakeFiles/SWMMVis.dir/src/ui/dialogs/layerstyledialog.cpp.o
In file included from /Users/calebbuahin/Documents/Projects/cbuahin_github/openswmm.gui/src/ui/dialogs/layerstyledialog.cpp:24:
/Users/calebbuahin/Documents/Projects/cbuahin_github/openswmm.gui/include/layers/gisvectorlayer.h:270:55: warning: 'renderer' overrides a member function but is not marked 'override' [-Winconsistent-missing-override]
  270 |     [[nodiscard]] OpenSWMM::Render::IFeatureRenderer *renderer() const;
      |                                                       ^
/Users/calebbuahin/Documents/Projects/cbuahin_github/openswmm.gui/include/layers/openswmmvislayer.h:434:63: note: overridden virtual function is here
  434 |     [[nodiscard]] virtual OpenSWMM::Render::IFeatureRenderer *renderer() const { return nullptr; }
      |                                                               ^
In file included from /Users/calebbuahin/Documents/Projects/cbuahin_github/openswmm.gui/src/ui/dialogs/layerstyledialog.cpp:24:
/Users/calebbuahin/Documents/Projects/cbuahin_github/openswmm.gui/include/layers/gisvectorlayer.h:278:10: warning: 'setRenderer' overrides a member function but is not marked 'override' [-Winconsistent-missing-override]
  278 |     void setRenderer(std::unique_ptr<OpenSWMM::Render::IFeatureRenderer> r);
      |          ^
/Users/calebbuahin/Documents/Projects/cbuahin_github/openswmm.gui/include/layers/openswmmvislayer.h:440:18: note: overridden virtual function is here
  440 |     virtual void setRenderer(std::unique_ptr<OpenSWMM::Render::IFeatureRenderer>);
      |                  ^
In file included from /Users/calebbuahin/Documents/Projects/cbuahin_github/openswmm.gui/src/ui/dialogs/layerstyledialog.cpp:27:
/Users/calebbuahin/Documents/Projects/cbuahin_github/openswmm.gui/include/layers/swmmresultslayer.h:407:55: warning: 'renderer' overrides a member function but is not marked 'override' [-Winconsistent-missing-override]
  407 |     [[nodiscard]] OpenSWMM::Render::IFeatureRenderer *renderer() const;
      |                                                       ^
/Users/calebbuahin/Documents/Projects/cbuahin_github/openswmm.gui/include/layers/openswmmvislayer.h:434:63: note: overridden virtual function is here
  434 |     [[nodiscard]] virtual OpenSWMM::Render::IFeatureRenderer *renderer() const { return nullptr; }
      |                                                               ^
In file included from /Users/calebbuahin/Documents/Projects/cbuahin_github/openswmm.gui/src/ui/dialogs/layerstyledialog.cpp:27:
/Users/calebbuahin/Documents/Projects/cbuahin_github/openswmm.gui/include/layers/swmmresultslayer.h:416:10: warning: 'setRenderer' overrides a member function but is not marked 'override' [-Winconsistent-missing-override]
  416 |     void setRenderer(std::unique_ptr<OpenSWMM::Render::IFeatureRenderer> r);
      |          ^
/Users/calebbuahin/Documents/Projects/cbuahin_github/openswmm.gui/include/layers/openswmmvislayer.h:440:18: note: overridden virtual function is here
  440 |     virtual void setRenderer(std::unique_ptr<OpenSWMM::Render::IFeatureRenderer>);
      |                  ^
In file included from /Users/calebbuahin/Documents/Projects/cbuahin_github/openswmm.gui/src/ui/dialogs/layerstyledialog.cpp:28:
/Users/calebbuahin/Documents/Projects/cbuahin_github/openswmm.gui/include/layers/swmm2dresultslayer.h:503:55: warning: 'renderer' overrides a member function but is not marked 'override' [-Winconsistent-missing-override]
  503 |     [[nodiscard]] OpenSWMM::Render::IFeatureRenderer *renderer() const;
      |                                                       ^
/Users/calebbuahin/Documents/Projects/cbuahin_github/openswmm.gui/include/layers/openswmmvislayer.h:434:63: note: overridden virtual function is here
  434 |     [[nodiscard]] virtual OpenSWMM::Render::IFeatureRenderer *renderer() const { return nullptr; }
      |                                                               ^
In file included from /Users/calebbuahin/Documents/Projects/cbuahin_github/openswmm.gui/src/ui/dialogs/layerstyledialog.cpp:28:
/Users/calebbuahin/Documents/Projects/cbuahin_github/openswmm.gui/include/layers/swmm2dresultslayer.h:511:10: warning: 'setRenderer' overrides a member function but is not marked 'override' [-Winconsistent-missing-override]
  511 |     void setRenderer(std::unique_ptr<OpenSWMM::Render::IFeatureRenderer> r);
      |          ^
/Users/calebbuahin/Documents/Projects/cbuahin_github/openswmm.gui/include/layers/openswmmvislayer.h:440:18: note: overridden virtual function is here
  440 |     virtual void setRenderer(std::unique_ptr<OpenSWMM::Render::IFeatureRenderer>);
      |                  ^
6 warnings generated.
[181/214] Building CXX object CMakeFiles/SWMMVis.dir/src/ui/dialogs/swmm2dresultsstylepanel.cpp.o
In file included from /Users/calebbuahin/Documents/Projects/cbuahin_github/openswmm.gui/src/ui/dialogs/swmm2dresultsstylepanel.cpp:15:
/Users/calebbuahin/Documents/Projects/cbuahin_github/openswmm.gui/include/layers/swmm2dresultslayer.h:503:55: warning: 'renderer' overrides a member function but is not marked 'override' [-Winconsistent-missing-override]
  503 |     [[nodiscard]] OpenSWMM::Render::IFeatureRenderer *renderer() const;
      |                                                       ^
/Users/calebbuahin/Documents/Projects/cbuahin_github/openswmm.gui/include/layers/openswmmvislayer.h:434:63: note: overridden virtual function is here
  434 |     [[nodiscard]] virtual OpenSWMM::Render::IFeatureRenderer *renderer() const { return nullptr; }
      |                                                               ^
In file included from /Users/calebbuahin/Documents/Projects/cbuahin_github/openswmm.gui/src/ui/dialogs/swmm2dresultsstylepanel.cpp:15:
/Users/calebbuahin/Documents/Projects/cbuahin_github/openswmm.gui/include/layers/swmm2dresultslayer.h:511:10: warning: 'setRenderer' overrides a member function but is not marked 'override' [-Winconsistent-missing-override]
  511 |     void setRenderer(std::unique_ptr<OpenSWMM::Render::IFeatureRenderer> r);
      |          ^
/Users/calebbuahin/Documents/Projects/cbuahin_github/openswmm.gui/include/layers/openswmmvislayer.h:440:18: note: overridden virtual function is here
  440 |     virtual void setRenderer(std::unique_ptr<OpenSWMM::Render::IFeatureRenderer>);
      |                  ^
2 warnings generated.
[182/214] Building CXX object CMakeFiles/SWMMVis.dir/src/ui/dialogs/editors/swmmelementsymboleditor.cpp.o
[183/214] Building CXX object CMakeFiles/SWMMVis.dir/src/ui/dialogs/editors/kindrendererpanel.cpp.o
In file included from /Users/calebbuahin/Documents/Projects/cbuahin_github/openswmm.gui/src/ui/dialogs/editors/kindrendererpanel.cpp:10:
/Users/calebbuahin/Documents/Projects/cbuahin_github/openswmm.gui/include/layers/swmmresultslayer.h:407:55: warning: 'renderer' overrides a member function but is not marked 'override' [-Winconsistent-missing-override]
  407 |     [[nodiscard]] OpenSWMM::Render::IFeatureRenderer *renderer() const;
      |                                                       ^
/Users/calebbuahin/Documents/Projects/cbuahin_github/openswmm.gui/include/layers/openswmmvislayer.h:434:63: note: overridden virtual function is here
  434 |     [[nodiscard]] virtual OpenSWMM::Render::IFeatureRenderer *renderer() const { return nullptr; }
      |                                                               ^
In file included from /Users/calebbuahin/Documents/Projects/cbuahin_github/openswmm.gui/src/ui/dialogs/editors/kindrendererpanel.cpp:10:
/Users/calebbuahin/Documents/Projects/cbuahin_github/openswmm.gui/include/layers/swmmresultslayer.h:416:10: warning: 'setRenderer' overrides a member function but is not marked 'override' [-Winconsistent-missing-override]
  416 |     void setRenderer(std::unique_ptr<OpenSWMM::Render::IFeatureRenderer> r);
      |          ^
/Users/calebbuahin/Documents/Projects/cbuahin_github/openswmm.gui/include/layers/openswmmvislayer.h:440:18: note: overridden virtual function is here
  440 |     virtual void setRenderer(std::unique_ptr<OpenSWMM::Render::IFeatureRenderer>);
      |                  ^
2 warnings generated.
[184/214] Building CXX object CMakeFiles/SWMMVis.dir/src/ui/dialogs/editors/meshhillshadeeditor.cpp.o
[185/214] Building CXX object CMakeFiles/SWMMVis.dir/src/ui/dialogs/editors/singlesymbolrendererpanel.cpp.o
In file included from /Users/calebbuahin/Documents/Projects/cbuahin_github/openswmm.gui/src/ui/dialogs/editors/singlesymbolrendererpanel.cpp:20:
/Users/calebbuahin/Documents/Projects/cbuahin_github/openswmm.gui/include/layers/swmmresultslayer.h:407:55: warning: 'renderer' overrides a member function but is not marked 'override' [-Winconsistent-missing-override]
  407 |     [[nodiscard]] OpenSWMM::Render::IFeatureRenderer *renderer() const;
      |                                                       ^
/Users/calebbuahin/Documents/Projects/cbuahin_github/openswmm.gui/include/layers/openswmmvislayer.h:434:63: note: overridden virtual function is here
  434 |     [[nodiscard]] virtual OpenSWMM::Render::IFeatureRenderer *renderer() const { return nullptr; }
      |                                                               ^
In file included from /Users/calebbuahin/Documents/Projects/cbuahin_github/openswmm.gui/src/ui/dialogs/editors/singlesymbolrendererpanel.cpp:20:
/Users/calebbuahin/Documents/Projects/cbuahin_github/openswmm.gui/include/layers/swmmresultslayer.h:416:10: warning: 'setRenderer' overrides a member function but is not marked 'override' [-Winconsistent-missing-override]
  416 |     void setRenderer(std::unique_ptr<OpenSWMM::Render::IFeatureRenderer> r);
      |          ^
/Users/calebbuahin/Documents/Projects/cbuahin_github/openswmm.gui/include/layers/openswmmvislayer.h:440:18: note: overridden virtual function is here
  440 |     virtual void setRenderer(std::unique_ptr<OpenSWMM::Render::IFeatureRenderer>);
      |                  ^
2 warnings generated.
[186/214] Building CXX object CMakeFiles/SWMMVis.dir/src/ui/dialogs/editors/graduatedrendererpanel.cpp.o
[187/214] Building CXX object CMakeFiles/SWMMVis.dir/src/project/ioportabilitynormalizer.cpp.o
[188/214] Building CXX object CMakeFiles/SWMMVis.dir/src/ui/dialogs/editors/rulebasedrendererpanel.cpp.o
In file included from /Users/calebbuahin/Documents/Projects/cbuahin_github/openswmm.gui/src/ui/dialogs/editors/rulebasedrendererpanel.cpp:27:
/Users/calebbuahin/Documents/Projects/cbuahin_github/openswmm.gui/include/layers/swmmresultslayer.h:407:55: warning: 'renderer' overrides a member function but is not marked 'override' [-Winconsistent-missing-override]
  407 |     [[nodiscard]] OpenSWMM::Render::IFeatureRenderer *renderer() const;
      |                                                       ^
/Users/calebbuahin/Documents/Projects/cbuahin_github/openswmm.gui/include/layers/openswmmvislayer.h:434:63: note: overridden virtual function is here
  434 |     [[nodiscard]] virtual OpenSWMM::Render::IFeatureRenderer *renderer() const { return nullptr; }
      |                                                               ^
In file included from /Users/calebbuahin/Documents/Projects/cbuahin_github/openswmm.gui/src/ui/dialogs/editors/rulebasedrendererpanel.cpp:27:
/Users/calebbuahin/Documents/Projects/cbuahin_github/openswmm.gui/include/layers/swmmresultslayer.h:416:10: warning: 'setRenderer' overrides a member function but is not marked 'override' [-Winconsistent-missing-override]
  416 |     void setRenderer(std::unique_ptr<OpenSWMM::Render::IFeatureRenderer> r);
      |          ^
/Users/calebbuahin/Documents/Projects/cbuahin_github/openswmm.gui/include/layers/openswmmvislayer.h:440:18: note: overridden virtual function is here
  440 |     virtual void setRenderer(std::unique_ptr<OpenSWMM::Render::IFeatureRenderer>);
      |                  ^
2 warnings generated.
[189/214] Building CXX object CMakeFiles/SWMMVis.dir/src/ui/dialogs/editors/categorizedrendererpanel.cpp.o
In file included from /Users/calebbuahin/Documents/Projects/cbuahin_github/openswmm.gui/src/ui/dialogs/editors/categorizedrendererpanel.cpp:24:
/Users/calebbuahin/Documents/Projects/cbuahin_github/openswmm.gui/include/layers/swmmresultslayer.h:407:55: warning: 'renderer' overrides a member function but is not marked 'override' [-Winconsistent-missing-override]
  407 |     [[nodiscard]] OpenSWMM::Render::IFeatureRenderer *renderer() const;
      |                                                       ^
/Users/calebbuahin/Documents/Projects/cbuahin_github/openswmm.gui/include/layers/openswmmvislayer.h:434:63: note: overridden virtual function is here
  434 |     [[nodiscard]] virtual OpenSWMM::Render::IFeatureRenderer *renderer() const { return nullptr; }
      |                                                               ^
In file included from /Users/calebbuahin/Documents/Projects/cbuahin_github/openswmm.gui/src/ui/dialogs/editors/categorizedrendererpanel.cpp:24:
/Users/calebbuahin/Documents/Projects/cbuahin_github/openswmm.gui/include/layers/swmmresultslayer.h:416:10: warning: 'setRenderer' overrides a member function but is not marked 'override' [-Winconsistent-missing-override]
  416 |     void setRenderer(std::unique_ptr<OpenSWMM::Render::IFeatureRenderer> r);
      |          ^
/Users/calebbuahin/Documents/Projects/cbuahin_github/openswmm.gui/include/layers/openswmmvislayer.h:440:18: note: overridden virtual function is here
  440 |     virtual void setRenderer(std::unique_ptr<OpenSWMM::Render::IFeatureRenderer>);
      |                  ^
2 warnings generated.
[190/214] Building CXX object CMakeFiles/SWMMVis.dir/src/ui/dialogs/curveeditordialog.cpp.o
[191/214] Building CXX object CMakeFiles/SWMMVis.dir/src/ui/dialogs/patterneditordialog.cpp.o
[192/214] Building CXX object CMakeFiles/SWMMVis.dir/src/ui/dialogs/colorrampeditordialog.cpp.o
In file included from /Users/calebbuahin/Documents/Projects/cbuahin_github/openswmm.gui/src/ui/dialogs/colorrampeditordialog.cpp:9:
/Users/calebbuahin/Documents/Projects/cbuahin_github/openswmm.gui/include/layers/swmmresultslayer.h:407:55: warning: 'renderer' overrides a member function but is not marked 'override' [-Winconsistent-missing-override]
  407 |     [[nodiscard]] OpenSWMM::Render::IFeatureRenderer *renderer() const;
      |                                                       ^
/Users/calebbuahin/Documents/Projects/cbuahin_github/openswmm.gui/include/layers/openswmmvislayer.h:434:63: note: overridden virtual function is here
  434 |     [[nodiscard]] virtual OpenSWMM::Render::IFeatureRenderer *renderer() const { return nullptr; }
      |                                                               ^
In file included from /Users/calebbuahin/Documents/Projects/cbuahin_github/openswmm.gui/src/ui/dialogs/colorrampeditordialog.cpp:9:
/Users/calebbuahin/Documents/Projects/cbuahin_github/openswmm.gui/include/layers/swmmresultslayer.h:416:10: warning: 'setRenderer' overrides a member function but is not marked 'override' [-Winconsistent-missing-override]
  416 |     void setRenderer(std::unique_ptr<OpenSWMM::Render::IFeatureRenderer> r);
      |          ^
/Users/calebbuahin/Documents/Projects/cbuahin_github/openswmm.gui/include/layers/openswmmvislayer.h:440:18: note: overridden virtual function is here
  440 |     virtual void setRenderer(std::unique_ptr<OpenSWMM::Render::IFeatureRenderer>);
      |                  ^
2 warnings generated.
[193/214] Building CXX object CMakeFiles/SWMMVis.dir/src/ui/dialogs/timeserieseditordialog.cpp.o
In file included from /Users/calebbuahin/Documents/Projects/cbuahin_github/openswmm.gui/src/ui/dialogs/timeserieseditordialog.cpp:11:
/Users/calebbuahin/Documents/Projects/cbuahin_github/openswmm.gui/include/core/swmmdatetime.h:61:12: warning: 'QDateTime' is deprecated: Pass QTimeZone instead [-Wdeprecated-declarations]
   61 |     return QDateTime(date, QTime(h, mi, s), Qt::UTC);
      |            ^
/Users/calebbuahin/Qt/6.9.3/macos/lib/QtCore.framework/Headers/qdatetime.h:361:5: note: 'QDateTime' has been explicitly marked deprecated here
  361 |     QT_DEPRECATED_VERSION_X_6_9("Pass QTimeZone instead")
      |     ^
/Users/calebbuahin/Qt/6.9.3/macos/lib/QtCore.framework/Headers/qtdeprecationmarkers.h:213:44: note: expanded from macro 'QT_DEPRECATED_VERSION_X_6_9'
  213 | # define QT_DEPRECATED_VERSION_X_6_9(text) QT_DEPRECATED_X(text)
      |                                            ^
/Users/calebbuahin/Qt/6.9.3/macos/lib/QtCore.framework/Headers/qtdeprecationmarkers.h:29:33: note: expanded from macro 'QT_DEPRECATED_X'
   29 | #  define QT_DEPRECATED_X(text) Q_DECL_DEPRECATED_X(text)
      |                                 ^
/Users/calebbuahin/Qt/6.9.3/macos/lib/QtCore.framework/Headers/qcompilerdetection.h:1011:36: note: expanded from macro 'Q_DECL_DEPRECATED_X'
 1011 | #  define Q_DECL_DEPRECATED_X(x) [[deprecated(x)]]
      |                                    ^
In file included from /Users/calebbuahin/Documents/Projects/cbuahin_github/openswmm.gui/src/ui/dialogs/timeserieseditordialog.cpp:11:
/Users/calebbuahin/Documents/Projects/cbuahin_github/openswmm.gui/include/core/swmmdatetime.h:61:12: warning: 'QDateTime' is deprecated: Pass QTimeZone instead [-Wdeprecated-declarations]
   61 |     return QDateTime(date, QTime(h, mi, s), Qt::UTC);
      |            ^
/Users/calebbuahin/Qt/6.9.3/macos/lib/QtCore.framework/Headers/qdatetime.h:361:5: note: 'QDateTime' has been explicitly marked deprecated here
  361 |     QT_DEPRECATED_VERSION_X_6_9("Pass QTimeZone instead")
      |     ^
/Users/calebbuahin/Qt/6.9.3/macos/lib/QtCore.framework/Headers/qtdeprecationmarkers.h:213:44: note: expanded from macro 'QT_DEPRECATED_VERSION_X_6_9'
  213 | # define QT_DEPRECATED_VERSION_X_6_9(text) QT_DEPRECATED_X(text)
      |                                            ^
/Users/calebbuahin/Qt/6.9.3/macos/lib/QtCore.framework/Headers/qtdeprecationmarkers.h:29:33: note: expanded from macro 'QT_DEPRECATED_X'
   29 | #  define QT_DEPRECATED_X(text) Q_DECL_DEPRECATED_X(text)
      |                                 ^
/Users/calebbuahin/Qt/6.9.3/macos/lib/QtCore.framework/Headers/qcompilerdetection.h:1011:36: note: expanded from macro 'Q_DECL_DEPRECATED_X'
 1011 | #  define Q_DECL_DEPRECATED_X(x) [[deprecated(x)]]
      |                                    ^
/Users/calebbuahin/Documents/Projects/cbuahin_github/openswmm.gui/src/ui/dialogs/timeserieseditordialog.cpp:826:24: warning: 'fromMSecsSinceEpoch' is deprecated: Pass QTimeZone instead of time-spec, offset [-Wdeprecated-declarations]
  826 |         t = QDateTime::fromMSecsSinceEpoch(midMs, Qt::UTC);
      |                        ^
/Users/calebbuahin/Qt/6.9.3/macos/lib/QtCore.framework/Headers/qdatetime.h:488:5: note: 'fromMSecsSinceEpoch' has been explicitly marked deprecated here
  488 |     QT_DEPRECATED_VERSION_X_6_9("Pass QTimeZone instead of time-spec, offset")
      |     ^
/Users/calebbuahin/Qt/6.9.3/macos/lib/QtCore.framework/Headers/qtdeprecationmarkers.h:213:44: note: expanded from macro 'QT_DEPRECATED_VERSION_X_6_9'
  213 | # define QT_DEPRECATED_VERSION_X_6_9(text) QT_DEPRECATED_X(text)
      |                                            ^
/Users/calebbuahin/Qt/6.9.3/macos/lib/QtCore.framework/Headers/qtdeprecationmarkers.h:29:33: note: expanded from macro 'QT_DEPRECATED_X'
   29 | #  define QT_DEPRECATED_X(text) Q_DECL_DEPRECATED_X(text)
      |                                 ^
/Users/calebbuahin/Qt/6.9.3/macos/lib/QtCore.framework/Headers/qcompilerdetection.h:1011:36: note: expanded from macro 'Q_DECL_DEPRECATED_X'
 1011 | #  define Q_DECL_DEPRECATED_X(x) [[deprecated(x)]]
      |                                    ^
/Users/calebbuahin/Documents/Projects/cbuahin_github/openswmm.gui/src/ui/dialogs/timeserieseditordialog.cpp:1481:13: warning: 'QDateTime' is deprecated: Pass QTimeZone instead [-Wdeprecated-declarations]
 1481 |             QDateTime(QDate(2000, 1, 1), QTime(0, 0), Qt::UTC));
      |             ^
/Users/calebbuahin/Qt/6.9.3/macos/lib/QtCore.framework/Headers/qdatetime.h:361:5: note: 'QDateTime' has been explicitly marked deprecated here
  361 |     QT_DEPRECATED_VERSION_X_6_9("Pass QTimeZone instead")
      |     ^
/Users/calebbuahin/Qt/6.9.3/macos/lib/QtCore.framework/Headers/qtdeprecationmarkers.h:213:44: note: expanded from macro 'QT_DEPRECATED_VERSION_X_6_9'
  213 | # define QT_DEPRECATED_VERSION_X_6_9(text) QT_DEPRECATED_X(text)
      |                                            ^
/Users/calebbuahin/Qt/6.9.3/macos/lib/QtCore.framework/Headers/qtdeprecationmarkers.h:29:33: note: expanded from macro 'QT_DEPRECATED_X'
   29 | #  define QT_DEPRECATED_X(text) Q_DECL_DEPRECATED_X(text)
      |                                 ^
/Users/calebbuahin/Qt/6.9.3/macos/lib/QtCore.framework/Headers/qcompilerdetection.h:1011:36: note: expanded from macro 'Q_DECL_DEPRECATED_X'
 1011 | #  define Q_DECL_DEPRECATED_X(x) [[deprecated(x)]]
      |                                    ^
/Users/calebbuahin/Documents/Projects/cbuahin_github/openswmm.gui/src/ui/dialogs/timeserieseditordialog.cpp:1481:13: warning: 'QDateTime' is deprecated: Pass QTimeZone instead [-Wdeprecated-declarations]
 1481 |             QDateTime(QDate(2000, 1, 1), QTime(0, 0), Qt::UTC));
      |             ^
/Users/calebbuahin/Qt/6.9.3/macos/lib/QtCore.framework/Headers/qdatetime.h:361:5: note: 'QDateTime' has been explicitly marked deprecated here
  361 |     QT_DEPRECATED_VERSION_X_6_9("Pass QTimeZone instead")
      |     ^
/Users/calebbuahin/Qt/6.9.3/macos/lib/QtCore.framework/Headers/qtdeprecationmarkers.h:213:44: note: expanded from macro 'QT_DEPRECATED_VERSION_X_6_9'
  213 | # define QT_DEPRECATED_VERSION_X_6_9(text) QT_DEPRECATED_X(text)
      |                                            ^
/Users/calebbuahin/Qt/6.9.3/macos/lib/QtCore.framework/Headers/qtdeprecationmarkers.h:29:33: note: expanded from macro 'QT_DEPRECATED_X'
   29 | #  define QT_DEPRECATED_X(text) Q_DECL_DEPRECATED_X(text)
      |                                 ^
/Users/calebbuahin/Qt/6.9.3/macos/lib/QtCore.framework/Headers/qcompilerdetection.h:1011:36: note: expanded from macro 'Q_DECL_DEPRECATED_X'
 1011 | #  define Q_DECL_DEPRECATED_X(x) [[deprecated(x)]]
      |                                    ^
/Users/calebbuahin/Documents/Projects/cbuahin_github/openswmm.gui/src/ui/dialogs/timeserieseditordialog.cpp:1606:28: warning: 'setTimeSpec' is deprecated: Use setTimeZone() instead [-Wdeprecated-declarations]
 1606 |     m_rotatePivotTimeEdit->setTimeSpec(Qt::UTC);
      |                            ^
/Users/calebbuahin/Qt/6.9.3/macos/lib/QtWidgets.framework/Headers/qdatetimeedit.h:134:5: note: 'setTimeSpec' has been explicitly marked deprecated here
  134 |     QT_DEPRECATED_VERSION_X_6_10("Use setTimeZone() instead")
      |     ^
/Users/calebbuahin/Qt/6.9.3/macos/lib/QtCore.framework/Headers/qtdeprecationmarkers.h:221:45: note: expanded from macro 'QT_DEPRECATED_VERSION_X_6_10'
  221 | # define QT_DEPRECATED_VERSION_X_6_10(text) QT_DEPRECATED_X(text)
      |                                             ^
/Users/calebbuahin/Qt/6.9.3/macos/lib/QtCore.framework/Headers/qtdeprecationmarkers.h:29:33: note: expanded from macro 'QT_DEPRECATED_X'
   29 | #  define QT_DEPRECATED_X(text) Q_DECL_DEPRECATED_X(text)
      |                                 ^
/Users/calebbuahin/Qt/6.9.3/macos/lib/QtCore.framework/Headers/qcompilerdetection.h:1011:36: note: expanded from macro 'Q_DECL_DEPRECATED_X'
 1011 | #  define Q_DECL_DEPRECATED_X(x) [[deprecated(x)]]
      |                                    ^
/Users/calebbuahin/Documents/Projects/cbuahin_github/openswmm.gui/src/ui/dialogs/timeserieseditordialog.cpp:1643:28: warning: 'setTimeSpec' is deprecated: Use setTimeZone() instead [-Wdeprecated-declarations]
 1643 |     m_scaleAnchorTimeEdit->setTimeSpec(Qt::UTC);
      |                            ^
/Users/calebbuahin/Qt/6.9.3/macos/lib/QtWidgets.framework/Headers/qdatetimeedit.h:134:5: note: 'setTimeSpec' has been explicitly marked deprecated here
  134 |     QT_DEPRECATED_VERSION_X_6_10("Use setTimeZone() instead")
      |     ^
/Users/calebbuahin/Qt/6.9.3/macos/lib/QtCore.framework/Headers/qtdeprecationmarkers.h:221:45: note: expanded from macro 'QT_DEPRECATED_VERSION_X_6_10'
  221 | # define QT_DEPRECATED_VERSION_X_6_10(text) QT_DEPRECATED_X(text)
      |                                             ^
/Users/calebbuahin/Qt/6.9.3/macos/lib/QtCore.framework/Headers/qtdeprecationmarkers.h:29:33: note: expanded from macro 'QT_DEPRECATED_X'
   29 | #  define QT_DEPRECATED_X(text) Q_DECL_DEPRECATED_X(text)
      |                                 ^
/Users/calebbuahin/Qt/6.9.3/macos/lib/QtCore.framework/Headers/qcompilerdetection.h:1011:36: note: expanded from macro 'Q_DECL_DEPRECATED_X'
 1011 | #  define Q_DECL_DEPRECATED_X(x) [[deprecated(x)]]
      |                                    ^
/Users/calebbuahin/Documents/Projects/cbuahin_github/openswmm.gui/src/ui/dialogs/timeserieseditordialog.cpp:1775:37: warning: 'fromMSecsSinceEpoch' is deprecated: Pass QTimeZone instead of time-spec, offset [-Wdeprecated-declarations]
 1775 |         newPts[i].time = QDateTime::fromMSecsSinceEpoch(static_cast<qint64>(newT), Qt::UTC);
      |                                     ^
/Users/calebbuahin/Qt/6.9.3/macos/lib/QtCore.framework/Headers/qdatetime.h:488:5: note: 'fromMSecsSinceEpoch' has been explicitly marked deprecated here
  488 |     QT_DEPRECATED_VERSION_X_6_9("Pass QTimeZone instead of time-spec, offset")
      |     ^
/Users/calebbuahin/Qt/6.9.3/macos/lib/QtCore.framework/Headers/qtdeprecationmarkers.h:213:44: note: expanded from macro 'QT_DEPRECATED_VERSION_X_6_9'
  213 | # define QT_DEPRECATED_VERSION_X_6_9(text) QT_DEPRECATED_X(text)
      |                                            ^
/Users/calebbuahin/Qt/6.9.3/macos/lib/QtCore.framework/Headers/qtdeprecationmarkers.h:29:33: note: expanded from macro 'QT_DEPRECATED_X'
   29 | #  define QT_DEPRECATED_X(text) Q_DECL_DEPRECATED_X(text)
      |                                 ^
/Users/calebbuahin/Qt/6.9.3/macos/lib/QtCore.framework/Headers/qcompilerdetection.h:1011:36: note: expanded from macro 'Q_DECL_DEPRECATED_X'
 1011 | #  define Q_DECL_DEPRECATED_X(x) [[deprecated(x)]]
      |                                    ^
/Users/calebbuahin/Documents/Projects/cbuahin_github/openswmm.gui/src/ui/dialogs/timeserieseditordialog.cpp:1826:37: warning: 'fromMSecsSinceEpoch' is deprecated: Pass QTimeZone instead of time-spec, offset [-Wdeprecated-declarations]
 1826 |         newPts[i].time = QDateTime::fromMSecsSinceEpoch(static_cast<qint64>(newT), Qt::UTC);
      |                                     ^
/Users/calebbuahin/Qt/6.9.3/macos/lib/QtCore.framework/Headers/qdatetime.h:488:5: note: 'fromMSecsSinceEpoch' has been explicitly marked deprecated here
  488 |     QT_DEPRECATED_VERSION_X_6_9("Pass QTimeZone instead of time-spec, offset")
      |     ^
/Users/calebbuahin/Qt/6.9.3/macos/lib/QtCore.framework/Headers/qtdeprecationmarkers.h:213:44: note: expanded from macro 'QT_DEPRECATED_VERSION_X_6_9'
  213 | # define QT_DEPRECATED_VERSION_X_6_9(text) QT_DEPRECATED_X(text)
      |                                            ^
/Users/calebbuahin/Qt/6.9.3/macos/lib/QtCore.framework/Headers/qtdeprecationmarkers.h:29:33: note: expanded from macro 'QT_DEPRECATED_X'
   29 | #  define QT_DEPRECATED_X(text) Q_DECL_DEPRECATED_X(text)
      |                                 ^
/Users/calebbuahin/Qt/6.9.3/macos/lib/QtCore.framework/Headers/qcompilerdetection.h:1011:36: note: expanded from macro 'Q_DECL_DEPRECATED_X'
 1011 | #  define Q_DECL_DEPRECATED_X(x) [[deprecated(x)]]
      |                                    ^
9 warnings generated.
[194/214] Building CXX object CMakeFiles/SWMMVis.dir/src/ui/dialogs/tabularresultsdialog.cpp.o
In file included from /Users/calebbuahin/Documents/Projects/cbuahin_github/openswmm.gui/src/ui/dialogs/tabularresultsdialog.cpp:9:
/Users/calebbuahin/Documents/Projects/cbuahin_github/openswmm.gui/include/layers/swmmresultslayer.h:407:55: warning: 'renderer' overrides a member function but is not marked 'override' [-Winconsistent-missing-override]
  407 |     [[nodiscard]] OpenSWMM::Render::IFeatureRenderer *renderer() const;
      |                                                       ^
/Users/calebbuahin/Documents/Projects/cbuahin_github/openswmm.gui/include/layers/openswmmvislayer.h:434:63: note: overridden virtual function is here
  434 |     [[nodiscard]] virtual OpenSWMM::Render::IFeatureRenderer *renderer() const { return nullptr; }
      |                                                               ^
In file included from /Users/calebbuahin/Documents/Projects/cbuahin_github/openswmm.gui/src/ui/dialogs/tabularresultsdialog.cpp:9:
/Users/calebbuahin/Documents/Projects/cbuahin_github/openswmm.gui/include/layers/swmmresultslayer.h:416:10: warning: 'setRenderer' overrides a member function but is not marked 'override' [-Winconsistent-missing-override]
  416 |     void setRenderer(std::unique_ptr<OpenSWMM::Render::IFeatureRenderer> r);
      |          ^
/Users/calebbuahin/Documents/Projects/cbuahin_github/openswmm.gui/include/layers/openswmmvislayer.h:440:18: note: overridden virtual function is here
  440 |     virtual void setRenderer(std::unique_ptr<OpenSWMM::Render::IFeatureRenderer>);
      |                  ^
2 warnings generated.
[195/214] Building CXX object CMakeFiles/SWMMVis.dir/src/ui/dialogs/statisticsdashboarddialog.cpp.o
In file included from /Users/calebbuahin/Documents/Projects/cbuahin_github/openswmm.gui/src/ui/dialogs/statisticsdashboarddialog.cpp:12:
/Users/calebbuahin/Documents/Projects/cbuahin_github/openswmm.gui/include/layers/swmmresultslayer.h:407:55: warning: 'renderer' overrides a member function but is not marked 'override' [-Winconsistent-missing-override]
  407 |     [[nodiscard]] OpenSWMM::Render::IFeatureRenderer *renderer() const;
      |                                                       ^
/Users/calebbuahin/Documents/Projects/cbuahin_github/openswmm.gui/include/layers/openswmmvislayer.h:434:63: note: overridden virtual function is here
  434 |     [[nodiscard]] virtual OpenSWMM::Render::IFeatureRenderer *renderer() const { return nullptr; }
      |                                                               ^
In file included from /Users/calebbuahin/Documents/Projects/cbuahin_github/openswmm.gui/src/ui/dialogs/statisticsdashboarddialog.cpp:12:
/Users/calebbuahin/Documents/Projects/cbuahin_github/openswmm.gui/include/layers/swmmresultslayer.h:416:10: warning: 'setRenderer' overrides a member function but is not marked 'override' [-Winconsistent-missing-override]
  416 |     void setRenderer(std::unique_ptr<OpenSWMM::Render::IFeatureRenderer> r);
      |          ^
/Users/calebbuahin/Documents/Projects/cbuahin_github/openswmm.gui/include/layers/openswmmvislayer.h:440:18: note: overridden virtual function is here
  440 |     virtual void setRenderer(std::unique_ptr<OpenSWMM::Render::IFeatureRenderer>);
      |                  ^
2 warnings generated.
[196/214] Building CXX object CMakeFiles/SWMMVis.dir/src/ui/dialogs/scatterplotdialog.cpp.o
In file included from /Users/calebbuahin/Documents/Projects/cbuahin_github/openswmm.gui/src/ui/dialogs/scatterplotdialog.cpp:10:
/Users/calebbuahin/Documents/Projects/cbuahin_github/openswmm.gui/include/layers/swmmresultslayer.h:407:55: warning: 'renderer' overrides a member function but is not marked 'override' [-Winconsistent-missing-override]
  407 |     [[nodiscard]] OpenSWMM::Render::IFeatureRenderer *renderer() const;
      |                                                       ^
/Users/calebbuahin/Documents/Projects/cbuahin_github/openswmm.gui/include/layers/openswmmvislayer.h:434:63: note: overridden virtual function is here
  434 |     [[nodiscard]] virtual OpenSWMM::Render::IFeatureRenderer *renderer() const { return nullptr; }
      |                                                               ^
In file included from /Users/calebbuahin/Documents/Projects/cbuahin_github/openswmm.gui/src/ui/dialogs/scatterplotdialog.cpp:10:
/Users/calebbuahin/Documents/Projects/cbuahin_github/openswmm.gui/include/layers/swmmresultslayer.h:416:10: warning: 'setRenderer' overrides a member function but is not marked 'override' [-Winconsistent-missing-override]
  416 |     void setRenderer(std::unique_ptr<OpenSWMM::Render::IFeatureRenderer> r);
      |          ^
/Users/calebbuahin/Documents/Projects/cbuahin_github/openswmm.gui/include/layers/openswmmvislayer.h:440:18: note: overridden virtual function is here
  440 |     virtual void setRenderer(std::unique_ptr<OpenSWMM::Render::IFeatureRenderer>);
      |                  ^
2 warnings generated.
[197/214] Building CXX object CMakeFiles/SWMMVis.dir/src/ui/dialogs/customreportdialog.cpp.o
In file included from /Users/calebbuahin/Documents/Projects/cbuahin_github/openswmm.gui/src/ui/dialogs/customreportdialog.cpp:9:
/Users/calebbuahin/Documents/Projects/cbuahin_github/openswmm.gui/include/layers/swmmresultslayer.h:407:55: warning: 'renderer' overrides a member function but is not marked 'override' [-Winconsistent-missing-override]
  407 |     [[nodiscard]] OpenSWMM::Render::IFeatureRenderer *renderer() const;
      |                                                       ^
/Users/calebbuahin/Documents/Projects/cbuahin_github/openswmm.gui/include/layers/openswmmvislayer.h:434:63: note: overridden virtual function is here
  434 |     [[nodiscard]] virtual OpenSWMM::Render::IFeatureRenderer *renderer() const { return nullptr; }
      |                                                               ^
In file included from /Users/calebbuahin/Documents/Projects/cbuahin_github/openswmm.gui/src/ui/dialogs/customreportdialog.cpp:9:
/Users/calebbuahin/Documents/Projects/cbuahin_github/openswmm.gui/include/layers/swmmresultslayer.h:416:10: warning: 'setRenderer' overrides a member function but is not marked 'override' [-Winconsistent-missing-override]
  416 |     void setRenderer(std::unique_ptr<OpenSWMM::Render::IFeatureRenderer> r);
      |          ^
/Users/calebbuahin/Documents/Projects/cbuahin_github/openswmm.gui/include/layers/openswmmvislayer.h:440:18: note: overridden virtual function is here
  440 |     virtual void setRenderer(std::unique_ptr<OpenSWMM::Render::IFeatureRenderer>);
      |                  ^
2 warnings generated.
[198/214] Building CXX object CMakeFiles/SWMMVis.dir/src/ui/dialogs/profilepathpickerdialog.cpp.o
[199/214] Building CXX object CMakeFiles/SWMMVis.dir/src/ui/dialogs/calibrationdatadialog.cpp.o
[200/214] Building CXX object CMakeFiles/SWMMVis.dir/src/ui/dialogs/meshprofileplotdialog.cpp.o
In file included from /Users/calebbuahin/Documents/Projects/cbuahin_github/openswmm.gui/src/ui/dialogs/meshprofileplotdialog.cpp:10:
In file included from /Users/calebbuahin/Documents/Projects/cbuahin_github/openswmm.gui/include/animation/animationcontroller.h:33:
/Users/calebbuahin/Documents/Projects/cbuahin_github/openswmm.gui/include/layers/swmm2dresultslayer.h:503:55: warning: 'renderer' overrides a member function but is not marked 'override' [-Winconsistent-missing-override]
  503 |     [[nodiscard]] OpenSWMM::Render::IFeatureRenderer *renderer() const;
      |                                                       ^
/Users/calebbuahin/Documents/Projects/cbuahin_github/openswmm.gui/include/layers/openswmmvislayer.h:434:63: note: overridden virtual function is here
  434 |     [[nodiscard]] virtual OpenSWMM::Render::IFeatureRenderer *renderer() const { return nullptr; }
      |                                                               ^
In file included from /Users/calebbuahin/Documents/Projects/cbuahin_github/openswmm.gui/src/ui/dialogs/meshprofileplotdialog.cpp:10:
In file included from /Users/calebbuahin/Documents/Projects/cbuahin_github/openswmm.gui/include/animation/animationcontroller.h:33:
/Users/calebbuahin/Documents/Projects/cbuahin_github/openswmm.gui/include/layers/swmm2dresultslayer.h:511:10: warning: 'setRenderer' overrides a member function but is not marked 'override' [-Winconsistent-missing-override]
  511 |     void setRenderer(std::unique_ptr<OpenSWMM::Render::IFeatureRenderer> r);
      |          ^
/Users/calebbuahin/Documents/Projects/cbuahin_github/openswmm.gui/include/layers/openswmmvislayer.h:440:18: note: overridden virtual function is here
  440 |     virtual void setRenderer(std::unique_ptr<OpenSWMM::Render::IFeatureRenderer>);
      |                  ^
2 warnings generated.
[201/214] Building CXX object CMakeFiles/SWMMVis.dir/src/ui/dialogs/profileoptionsdialog.cpp.o
In file included from /Users/calebbuahin/Documents/Projects/cbuahin_github/openswmm.gui/src/ui/dialogs/profileoptionsdialog.cpp:9:
In file included from /Users/calebbuahin/Documents/Projects/cbuahin_github/openswmm.gui/include/animation/animationcontroller.h:33:
/Users/calebbuahin/Documents/Projects/cbuahin_github/openswmm.gui/include/layers/swmm2dresultslayer.h:503:55: warning: 'renderer' overrides a member function but is not marked 'override' [-Winconsistent-missing-override]
  503 |     [[nodiscard]] OpenSWMM::Render::IFeatureRenderer *renderer() const;
      |                                                       ^
/Users/calebbuahin/Documents/Projects/cbuahin_github/openswmm.gui/include/layers/openswmmvislayer.h:434:63: note: overridden virtual function is here
  434 |     [[nodiscard]] virtual OpenSWMM::Render::IFeatureRenderer *renderer() const { return nullptr; }
      |                                                               ^
In file included from /Users/calebbuahin/Documents/Projects/cbuahin_github/openswmm.gui/src/ui/dialogs/profileoptionsdialog.cpp:9:
In file included from /Users/calebbuahin/Documents/Projects/cbuahin_github/openswmm.gui/include/animation/animationcontroller.h:33:
/Users/calebbuahin/Documents/Projects/cbuahin_github/openswmm.gui/include/layers/swmm2dresultslayer.h:511:10: warning: 'setRenderer' overrides a member function but is not marked 'override' [-Winconsistent-missing-override]
  511 |     void setRenderer(std::unique_ptr<OpenSWMM::Render::IFeatureRenderer> r);
      |          ^
/Users/calebbuahin/Documents/Projects/cbuahin_github/openswmm.gui/include/layers/openswmmvislayer.h:440:18: note: overridden virtual function is here
  440 |     virtual void setRenderer(std::unique_ptr<OpenSWMM::Render::IFeatureRenderer>);
      |                  ^
In file included from /Users/calebbuahin/Documents/Projects/cbuahin_github/openswmm.gui/src/ui/dialogs/profileoptionsdialog.cpp:11:
/Users/calebbuahin/Documents/Projects/cbuahin_github/openswmm.gui/include/layers/swmmresultslayer.h:407:55: warning: 'renderer' overrides a member function but is not marked 'override' [-Winconsistent-missing-override]
  407 |     [[nodiscard]] OpenSWMM::Render::IFeatureRenderer *renderer() const;
      |                                                       ^
/Users/calebbuahin/Documents/Projects/cbuahin_github/openswmm.gui/include/layers/openswmmvislayer.h:434:63: note: overridden virtual function is here
  434 |     [[nodiscard]] virtual OpenSWMM::Render::IFeatureRenderer *renderer() const { return nullptr; }
      |                                                               ^
In file included from /Users/calebbuahin/Documents/Projects/cbuahin_github/openswmm.gui/src/ui/dialogs/profileoptionsdialog.cpp:11:
/Users/calebbuahin/Documents/Projects/cbuahin_github/openswmm.gui/include/layers/swmmresultslayer.h:416:10: warning: 'setRenderer' overrides a member function but is not marked 'override' [-Winconsistent-missing-override]
  416 |     void setRenderer(std::unique_ptr<OpenSWMM::Render::IFeatureRenderer> r);
      |          ^
/Users/calebbuahin/Documents/Projects/cbuahin_github/openswmm.gui/include/layers/openswmmvislayer.h:440:18: note: overridden virtual function is here
  440 |     virtual void setRenderer(std::unique_ptr<OpenSWMM::Render::IFeatureRenderer>);
      |                  ^
4 warnings generated.
[202/214] Building CXX object CMakeFiles/SWMMVis.dir/src/ui/dialogs/rasterprofileplotdialog.cpp.o
[203/214] Building CXX object CMakeFiles/SWMMVis.dir/src/ui/dialogs/profilesourcestyleadapter.cpp.o
In file included from /Users/calebbuahin/Documents/Projects/cbuahin_github/openswmm.gui/src/ui/dialogs/profilesourcestyleadapter.cpp:9:
/Users/calebbuahin/Documents/Projects/cbuahin_github/openswmm.gui/include/layers/swmmresultslayer.h:407:55: warning: 'renderer' overrides a member function but is not marked 'override' [-Winconsistent-missing-override]
  407 |     [[nodiscard]] OpenSWMM::Render::IFeatureRenderer *renderer() const;
      |                                                       ^
/Users/calebbuahin/Documents/Projects/cbuahin_github/openswmm.gui/include/layers/openswmmvislayer.h:434:63: note: overridden virtual function is here
  434 |     [[nodiscard]] virtual OpenSWMM::Render::IFeatureRenderer *renderer() const { return nullptr; }
      |                                                               ^
In file included from /Users/calebbuahin/Documents/Projects/cbuahin_github/openswmm.gui/src/ui/dialogs/profilesourcestyleadapter.cpp:9:
/Users/calebbuahin/Documents/Projects/cbuahin_github/openswmm.gui/include/layers/swmmresultslayer.h:416:10: warning: 'setRenderer' overrides a member function but is not marked 'override' [-Winconsistent-missing-override]
  416 |     void setRenderer(std::unique_ptr<OpenSWMM::Render::IFeatureRenderer> r);
      |          ^
/Users/calebbuahin/Documents/Projects/cbuahin_github/openswmm.gui/include/layers/openswmmvislayer.h:440:18: note: overridden virtual function is here
  440 |     virtual void setRenderer(std::unique_ptr<OpenSWMM::Render::IFeatureRenderer>);
      |                  ^
2 warnings generated.
[204/214] Building CXX object CMakeFiles/SWMMVis.dir/src/ui/toolbars/terraintoolbar.cpp.o
[205/214] Building CXX object CMakeFiles/SWMMVis.dir/src/ui/dialogs/profileplotdialog.cpp.o
In file included from /Users/calebbuahin/Documents/Projects/cbuahin_github/openswmm.gui/src/ui/dialogs/profileplotdialog.cpp:11:
In file included from /Users/calebbuahin/Documents/Projects/cbuahin_github/openswmm.gui/include/animation/animationcontroller.h:33:
/Users/calebbuahin/Documents/Projects/cbuahin_github/openswmm.gui/include/layers/swmm2dresultslayer.h:503:55: warning: 'renderer' overrides a member function but is not marked 'override' [-Winconsistent-missing-override]
  503 |     [[nodiscard]] OpenSWMM::Render::IFeatureRenderer *renderer() const;
      |                                                       ^
/Users/calebbuahin/Documents/Projects/cbuahin_github/openswmm.gui/include/layers/openswmmvislayer.h:434:63: note: overridden virtual function is here
  434 |     [[nodiscard]] virtual OpenSWMM::Render::IFeatureRenderer *renderer() const { return nullptr; }
      |                                                               ^
In file included from /Users/calebbuahin/Documents/Projects/cbuahin_github/openswmm.gui/src/ui/dialogs/profileplotdialog.cpp:11:
In file included from /Users/calebbuahin/Documents/Projects/cbuahin_github/openswmm.gui/include/animation/animationcontroller.h:33:
/Users/calebbuahin/Documents/Projects/cbuahin_github/openswmm.gui/include/layers/swmm2dresultslayer.h:511:10: warning: 'setRenderer' overrides a member function but is not marked 'override' [-Winconsistent-missing-override]
  511 |     void setRenderer(std::unique_ptr<OpenSWMM::Render::IFeatureRenderer> r);
      |          ^
/Users/calebbuahin/Documents/Projects/cbuahin_github/openswmm.gui/include/layers/openswmmvislayer.h:440:18: note: overridden virtual function is here
  440 |     virtual void setRenderer(std::unique_ptr<OpenSWMM::Render::IFeatureRenderer>);
      |                  ^
In file included from /Users/calebbuahin/Documents/Projects/cbuahin_github/openswmm.gui/src/ui/dialogs/profileplotdialog.cpp:15:
/Users/calebbuahin/Documents/Projects/cbuahin_github/openswmm.gui/include/layers/swmmresultslayer.h:407:55: warning: 'renderer' overrides a member function but is not marked 'override' [-Winconsistent-missing-override]
  407 |     [[nodiscard]] OpenSWMM::Render::IFeatureRenderer *renderer() const;
      |                                                       ^
/Users/calebbuahin/Documents/Projects/cbuahin_github/openswmm.gui/include/layers/openswmmvislayer.h:434:63: note: overridden virtual function is here
  434 |     [[nodiscard]] virtual OpenSWMM::Render::IFeatureRenderer *renderer() const { return nullptr; }
      |                                                               ^
In file included from /Users/calebbuahin/Documents/Projects/cbuahin_github/openswmm.gui/src/ui/dialogs/profileplotdialog.cpp:15:
/Users/calebbuahin/Documents/Projects/cbuahin_github/openswmm.gui/include/layers/swmmresultslayer.h:416:10: warning: 'setRenderer' overrides a member function but is not marked 'override' [-Winconsistent-missing-override]
  416 |     void setRenderer(std::unique_ptr<OpenSWMM::Render::IFeatureRenderer> r);
      |          ^
/Users/calebbuahin/Documents/Projects/cbuahin_github/openswmm.gui/include/layers/openswmmvislayer.h:440:18: note: overridden virtual function is here
  440 |     virtual void setRenderer(std::unique_ptr<OpenSWMM::Render::IFeatureRenderer>);
      |                  ^
4 warnings generated.
[206/214] Building CXX object CMakeFiles/SWMMVis.dir/src/ui/toolbars/mesheditingtoolbar.cpp.o
In file included from /Users/calebbuahin/Documents/Projects/cbuahin_github/openswmm.gui/src/ui/toolbars/mesheditingtoolbar.cpp:11:
/Users/calebbuahin/Documents/Projects/cbuahin_github/openswmm.gui/include/layers/swmm2dresultslayer.h:503:55: warning: 'renderer' overrides a member function but is not marked 'override' [-Winconsistent-missing-override]
  503 |     [[nodiscard]] OpenSWMM::Render::IFeatureRenderer *renderer() const;
      |                                                       ^
/Users/calebbuahin/Documents/Projects/cbuahin_github/openswmm.gui/include/layers/openswmmvislayer.h:434:63: note: overridden virtual function is here
  434 |     [[nodiscard]] virtual OpenSWMM::Render::IFeatureRenderer *renderer() const { return nullptr; }
      |                                                               ^
In file included from /Users/calebbuahin/Documents/Projects/cbuahin_github/openswmm.gui/src/ui/toolbars/mesheditingtoolbar.cpp:11:
/Users/calebbuahin/Documents/Projects/cbuahin_github/openswmm.gui/include/layers/swmm2dresultslayer.h:511:10: warning: 'setRenderer' overrides a member function but is not marked 'override' [-Winconsistent-missing-override]
  511 |     void setRenderer(std::unique_ptr<OpenSWMM::Render::IFeatureRenderer> r);
      |          ^
/Users/calebbuahin/Documents/Projects/cbuahin_github/openswmm.gui/include/layers/openswmmvislayer.h:440:18: note: overridden virtual function is here
  440 |     virtual void setRenderer(std::unique_ptr<OpenSWMM::Render::IFeatureRenderer>);
      |                  ^
2 warnings generated.
[207/214] Building CXX object CMakeFiles/SWMMVis.dir/src/ui/widgets/perattributethemingwidget.cpp.o
In file included from /Users/calebbuahin/Documents/Projects/cbuahin_github/openswmm.gui/src/ui/widgets/perattributethemingwidget.cpp:7:
In file included from /Users/calebbuahin/Documents/Projects/cbuahin_github/openswmm.gui/include/ui/widgets/perattributethemingwidget.h:19:
/Users/calebbuahin/Documents/Projects/cbuahin_github/openswmm.gui/include/layers/swmmresultslayer.h:407:55: warning: 'renderer' overrides a member function but is not marked 'override' [-Winconsistent-missing-override]
  407 |     [[nodiscard]] OpenSWMM::Render::IFeatureRenderer *renderer() const;
      |                                                       ^
/Users/calebbuahin/Documents/Projects/cbuahin_github/openswmm.gui/include/layers/openswmmvislayer.h:434:63: note: overridden virtual function is here
  434 |     [[nodiscard]] virtual OpenSWMM::Render::IFeatureRenderer *renderer() const { return nullptr; }
      |                                                               ^
In file included from /Users/calebbuahin/Documents/Projects/cbuahin_github/openswmm.gui/src/ui/widgets/perattributethemingwidget.cpp:7:
In file included from /Users/calebbuahin/Documents/Projects/cbuahin_github/openswmm.gui/include/ui/widgets/perattributethemingwidget.h:19:
/Users/calebbuahin/Documents/Projects/cbuahin_github/openswmm.gui/include/layers/swmmresultslayer.h:416:10: warning: 'setRenderer' overrides a member function but is not marked 'override' [-Winconsistent-missing-override]
  416 |     void setRenderer(std::unique_ptr<OpenSWMM::Render::IFeatureRenderer> r);
      |          ^
/Users/calebbuahin/Documents/Projects/cbuahin_github/openswmm.gui/include/layers/openswmmvislayer.h:440:18: note: overridden virtual function is here
  440 |     virtual void setRenderer(std::unique_ptr<OpenSWMM::Render::IFeatureRenderer>);
      |                  ^
In file included from /Users/calebbuahin/Documents/Projects/cbuahin_github/openswmm.gui/src/ui/widgets/perattributethemingwidget.cpp:9:
In file included from /Users/calebbuahin/Documents/Projects/cbuahin_github/openswmm.gui/include/animation/animationcontroller.h:33:
/Users/calebbuahin/Documents/Projects/cbuahin_github/openswmm.gui/include/layers/swmm2dresultslayer.h:503:55: warning: 'renderer' overrides a member function but is not marked 'override' [-Winconsistent-missing-override]
  503 |     [[nodiscard]] OpenSWMM::Render::IFeatureRenderer *renderer() const;
      |                                                       ^
/Users/calebbuahin/Documents/Projects/cbuahin_github/openswmm.gui/include/layers/openswmmvislayer.h:434:63: note: overridden virtual function is here
  434 |     [[nodiscard]] virtual OpenSWMM::Render::IFeatureRenderer *renderer() const { return nullptr; }
      |                                                               ^
In file included from /Users/calebbuahin/Documents/Projects/cbuahin_github/openswmm.gui/src/ui/widgets/perattributethemingwidget.cpp:9:
In file included from /Users/calebbuahin/Documents/Projects/cbuahin_github/openswmm.gui/include/animation/animationcontroller.h:33:
/Users/calebbuahin/Documents/Projects/cbuahin_github/openswmm.gui/include/layers/swmm2dresultslayer.h:511:10: warning: 'setRenderer' overrides a member function but is not marked 'override' [-Winconsistent-missing-override]
  511 |     void setRenderer(std::unique_ptr<OpenSWMM::Render::IFeatureRenderer> r);
      |          ^
/Users/calebbuahin/Documents/Projects/cbuahin_github/openswmm.gui/include/layers/openswmmvislayer.h:440:18: note: overridden virtual function is here
  440 |     virtual void setRenderer(std::unique_ptr<OpenSWMM::Render::IFeatureRenderer>);
      |                  ^
4 warnings generated.
[208/214] Building CXX object CMakeFiles/SWMMVis.dir/src/ui/widgets/interactivechartview.cpp.o
[209/214] Building CXX object CMakeFiles/SWMMVis.dir/src/ui/widgets/legendoverlay.cpp.o
In file included from /Users/calebbuahin/Documents/Projects/cbuahin_github/openswmm.gui/src/ui/widgets/legendoverlay.cpp:10:
/Users/calebbuahin/Documents/Projects/cbuahin_github/openswmm.gui/include/layers/gisvectorlayer.h:270:55: warning: 'renderer' overrides a member function but is not marked 'override' [-Winconsistent-missing-override]
  270 |     [[nodiscard]] OpenSWMM::Render::IFeatureRenderer *renderer() const;
      |                                                       ^
/Users/calebbuahin/Documents/Projects/cbuahin_github/openswmm.gui/include/layers/openswmmvislayer.h:434:63: note: overridden virtual function is here
  434 |     [[nodiscard]] virtual OpenSWMM::Render::IFeatureRenderer *renderer() const { return nullptr; }
      |                                                               ^
In file included from /Users/calebbuahin/Documents/Projects/cbuahin_github/openswmm.gui/src/ui/widgets/legendoverlay.cpp:10:
/Users/calebbuahin/Documents/Projects/cbuahin_github/openswmm.gui/include/layers/gisvectorlayer.h:278:10: warning: 'setRenderer' overrides a member function but is not marked 'override' [-Winconsistent-missing-override]
  278 |     void setRenderer(std::unique_ptr<OpenSWMM::Render::IFeatureRenderer> r);
      |          ^
/Users/calebbuahin/Documents/Projects/cbuahin_github/openswmm.gui/include/layers/openswmmvislayer.h:440:18: note: overridden virtual function is here
  440 |     virtual void setRenderer(std::unique_ptr<OpenSWMM::Render::IFeatureRenderer>);
      |                  ^
In file included from /Users/calebbuahin/Documents/Projects/cbuahin_github/openswmm.gui/src/ui/widgets/legendoverlay.cpp:13:
/Users/calebbuahin/Documents/Projects/cbuahin_github/openswmm.gui/include/layers/swmm2dresultslayer.h:503:55: warning: 'renderer' overrides a member function but is not marked 'override' [-Winconsistent-missing-override]
  503 |     [[nodiscard]] OpenSWMM::Render::IFeatureRenderer *renderer() const;
      |                                                       ^
/Users/calebbuahin/Documents/Projects/cbuahin_github/openswmm.gui/include/layers/openswmmvislayer.h:434:63: note: overridden virtual function is here
  434 |     [[nodiscard]] virtual OpenSWMM::Render::IFeatureRenderer *renderer() const { return nullptr; }
      |                                                               ^
In file included from /Users/calebbuahin/Documents/Projects/cbuahin_github/openswmm.gui/src/ui/widgets/legendoverlay.cpp:13:
/Users/calebbuahin/Documents/Projects/cbuahin_github/openswmm.gui/include/layers/swmm2dresultslayer.h:511:10: warning: 'setRenderer' overrides a member function but is not marked 'override' [-Winconsistent-missing-override]
  511 |     void setRenderer(std::unique_ptr<OpenSWMM::Render::IFeatureRenderer> r);
      |          ^
/Users/calebbuahin/Documents/Projects/cbuahin_github/openswmm.gui/include/layers/openswmmvislayer.h:440:18: note: overridden virtual function is here
  440 |     virtual void setRenderer(std::unique_ptr<OpenSWMM::Render::IFeatureRenderer>);
      |                  ^
In file included from /Users/calebbuahin/Documents/Projects/cbuahin_github/openswmm.gui/src/ui/widgets/legendoverlay.cpp:15:
/Users/calebbuahin/Documents/Projects/cbuahin_github/openswmm.gui/include/layers/swmmresultslayer.h:407:55: warning: 'renderer' overrides a member function but is not marked 'override' [-Winconsistent-missing-override]
  407 |     [[nodiscard]] OpenSWMM::Render::IFeatureRenderer *renderer() const;
      |                                                       ^
/Users/calebbuahin/Documents/Projects/cbuahin_github/openswmm.gui/include/layers/openswmmvislayer.h:434:63: note: overridden virtual function is here
  434 |     [[nodiscard]] virtual OpenSWMM::Render::IFeatureRenderer *renderer() const { return nullptr; }
      |                                                               ^
In file included from /Users/calebbuahin/Documents/Projects/cbuahin_github/openswmm.gui/src/ui/widgets/legendoverlay.cpp:15:
/Users/calebbuahin/Documents/Projects/cbuahin_github/openswmm.gui/include/layers/swmmresultslayer.h:416:10: warning: 'setRenderer' overrides a member function but is not marked 'override' [-Winconsistent-missing-override]
  416 |     void setRenderer(std::unique_ptr<OpenSWMM::Render::IFeatureRenderer> r);
      |          ^
/Users/calebbuahin/Documents/Projects/cbuahin_github/openswmm.gui/include/layers/openswmmvislayer.h:440:18: note: overridden virtual function is here
  440 |     virtual void setRenderer(std::unique_ptr<OpenSWMM::Render::IFeatureRenderer>);
      |                  ^
6 warnings generated.
[210/214] Building CXX object CMakeFiles/SWMMVis.dir/src/ui/widgets/chartaxisformatcontroller.cpp.o
[211/214] Building CXX object CMakeFiles/SWMMVis.dir/src/ui/widgets/colorrampcombobox.cpp.o
[212/214] Building CXX object CMakeFiles/SWMMVis.dir/src/ui/widgets/statssummarypanel.cpp.o
In file included from /Users/calebbuahin/Documents/Projects/cbuahin_github/openswmm.gui/src/ui/widgets/statssummarypanel.cpp:10:
/Users/calebbuahin/Documents/Projects/cbuahin_github/openswmm.gui/include/core/swmmdatetime.h:61:12: warning: 'QDateTime' is deprecated: Pass QTimeZone instead [-Wdeprecated-declarations]
   61 |     return QDateTime(date, QTime(h, mi, s), Qt::UTC);
      |            ^
/Users/calebbuahin/Qt/6.9.3/macos/lib/QtCore.framework/Headers/qdatetime.h:361:5: note: 'QDateTime' has been explicitly marked deprecated here
  361 |     QT_DEPRECATED_VERSION_X_6_9("Pass QTimeZone instead")
      |     ^
/Users/calebbuahin/Qt/6.9.3/macos/lib/QtCore.framework/Headers/qtdeprecationmarkers.h:213:44: note: expanded from macro 'QT_DEPRECATED_VERSION_X_6_9'
  213 | # define QT_DEPRECATED_VERSION_X_6_9(text) QT_DEPRECATED_X(text)
      |                                            ^
/Users/calebbuahin/Qt/6.9.3/macos/lib/QtCore.framework/Headers/qtdeprecationmarkers.h:29:33: note: expanded from macro 'QT_DEPRECATED_X'
   29 | #  define QT_DEPRECATED_X(text) Q_DECL_DEPRECATED_X(text)
      |                                 ^
/Users/calebbuahin/Qt/6.9.3/macos/lib/QtCore.framework/Headers/qcompilerdetection.h:1011:36: note: expanded from macro 'Q_DECL_DEPRECATED_X'
 1011 | #  define Q_DECL_DEPRECATED_X(x) [[deprecated(x)]]
      |                                    ^
In file included from /Users/calebbuahin/Documents/Projects/cbuahin_github/openswmm.gui/src/ui/widgets/statssummarypanel.cpp:10:
/Users/calebbuahin/Documents/Projects/cbuahin_github/openswmm.gui/include/core/swmmdatetime.h:61:12: warning: 'QDateTime' is deprecated: Pass QTimeZone instead [-Wdeprecated-declarations]
   61 |     return QDateTime(date, QTime(h, mi, s), Qt::UTC);
      |            ^
/Users/calebbuahin/Qt/6.9.3/macos/lib/QtCore.framework/Headers/qdatetime.h:361:5: note: 'QDateTime' has been explicitly marked deprecated here
  361 |     QT_DEPRECATED_VERSION_X_6_9("Pass QTimeZone instead")
      |     ^
/Users/calebbuahin/Qt/6.9.3/macos/lib/QtCore.framework/Headers/qtdeprecationmarkers.h:213:44: note: expanded from macro 'QT_DEPRECATED_VERSION_X_6_9'
  213 | # define QT_DEPRECATED_VERSION_X_6_9(text) QT_DEPRECATED_X(text)
      |                                            ^
/Users/calebbuahin/Qt/6.9.3/macos/lib/QtCore.framework/Headers/qtdeprecationmarkers.h:29:33: note: expanded from macro 'QT_DEPRECATED_X'
   29 | #  define QT_DEPRECATED_X(text) Q_DECL_DEPRECATED_X(text)
      |                                 ^
/Users/calebbuahin/Qt/6.9.3/macos/lib/QtCore.framework/Headers/qcompilerdetection.h:1011:36: note: expanded from macro 'Q_DECL_DEPRECATED_X'
 1011 | #  define Q_DECL_DEPRECATED_X(x) [[deprecated(x)]]
      |                                    ^
2 warnings generated.
[213/214] Linking CXX executable SWMMVis.app/Contents/MacOS/SWMMVis
ld: warning: ignoring duplicate libraries: '-ldl', '-lm', 'vcpkg_installed/arm64-osx/debug/lib/libcrypto.a', 'vcpkg_installed/arm64-osx/debug/lib/libssl.a', 'vcpkg_installed/arm64-osx/lib/libz.a'
/Users/calebbuahin/Documents/Projects/cbuahin_github/openswmm.gui/build/SWMMVis.app/Contents/MacOS/openswmm-legacy-worker: replacing existing signature
/Users/calebbuahin/Documents/Projects/cbuahin_github/openswmm.gui/build/SWMMVis.app/Contents/MacOS/openswmm: replacing existing signature
/Users/calebbuahin/Documents/Projects/cbuahin_github/openswmm.gui/build/SWMMVis.app: replacing existing signature
