hour,head_A,head_B,head_R,vol_A,vol_B,q_AB,q_BR,q_WA,q_WB,setting_AB,setting_BR,tracer_1,reactive_1,tracer_2,reactive_2,tracer_3,reactive_3,ponding_A,ponding_B
0.008333333333333377,0.3006425909266166,0.000642228327536592,0.0,157.03737664999957,156.99986938039632,0.0,4.352150116014954e-06,0.0,0.0,1.0,1.0,0.0,0.0,0.0,0.0,0.0,0.0,0.0,0.0
0.01666666666666683,0.30064259092661694,0.0006418660352796303,0.0,157.1497541500106,156.99973887131986,0.0,4.348467947448358e-06,0.0,0.0,1.0,1.0,0.0,0.0,0.0,0.0,0.0,0.0,0.0,0.0
0.024999999999999765,0.30064259092661716,0.0006415040494993405,0.0,157.337131650019,156.99960847264595,0.0,4.344789931478267e-06,0.0,0.0,1.0,1.0,0.0,0.0,0.0,0.0,0.0,0.0,0.0,0.0
0.033333333333332625,0.30064259092661716,0.0006411423698501403,0.0,157.59950915003512,156.99947818425008,0.0,4.341116062252426e-06,0.0,0.0,1.0,1.0,0.0,0.0,0.0,0.0,0.0,0.0,0.0,0.0
0.04166666666666549,0.30064259092661677,0.0006407809959869344,0.0,157.9368866500485,156.99934800600798,0.0,4.337446333928479e-06,0.0,0.0,1.0,1.0,0.0,0.0,0.0,0.0,0.0,0.0,0.0,0.0
0.04999999999999835,0.30064259092661677,0.0006404199275651126,0.0,158.3492641500699,156.99921793779546,0.0,4.3337807406739315e-06,0.0,0.0,1.0,1.0,0.0,0.0,0.0,0.0,0.0,0.0,0.0,0.0
0.05833333333333121,0.30064259092661677,0.0006400591642405507,0.0,158.83664165009915,156.9990879794886,0.0,4.330119276666151e-06,0.0,0.0,1.0,1.0,0.0,0.0,0.0,0.0,0.0,0.0,0.0,0.0
0.06666666666666407,0.30064259092661705,0.0006396987056696088,0.0,159.39901915013635,156.9989581309636,0.0,4.326461936092344e-06,0.0,0.0,1.0,1.0,0.0,0.0,0.0,0.0,0.0,0.0,0.0,0.0
0.07499999999999803,0.300642590926617,0.0006393385515091314,0.0,160.03639665017081,156.99882839209678,0.0,4.322808713149537e-06,0.0,0.0,1.0,1.0,0.0,0.0,0.0,0.0,0.0,0.0,0.0,0.0
0.08333333333333326,0.30064259092661666,0.0006389787014164434,0.0,160.74877415021305,156.99869876276477,0.0,4.3191596020445275e-06,0.0,0.0,1.0,1.0,0.0,0.0,0.0,0.0,0.0,0.0,0.0,0.0
0.09166666666666848,0.30064259092661644,0.0006386191550493547,0.0,161.53615165025792,156.9985692428443,0.0,4.315514596993924e-06,0.0,0.0,1.0,1.0,0.0,0.0,0.0,0.0,0.0,0.0,0.0,0.0
0.1000000000000037,0.3006425909266164,0.0006382599120661555,0.0,162.3985291503107,156.99843983221226,0.0,4.311873692224083e-06,0.0,0.0,1.0,1.0,0.0,0.0,0.0,0.0,0.0,0.0,0.0,0.0
0.10833333333333894,0.3006425909266168,0.0006379009721256163,0.0,163.33590665036633,156.99831053074573,0.0,4.308236881971095e-06,0.0,0.0,1.0,1.0,0.0,0.0,0.0,0.0,0.0,0.0,0.0,0.0
0.11666666666667416,0.300642590926617,0.000637542334886986,0.0,164.34828415042966,156.99818133832193,0.0,4.304604160480767e-06,0.0,0.0,1.0,1.0,0.0,0.0,0.0,0.0,0.0,0.0,0.0,0.0
0.1250000000000094,0.30064259092661694,0.0006371840000099945,0.0,165.43566165049555,156.99805225481833,0.0,4.300975522008624e-06,0.0,0.0,1.0,1.0,0.0,0.0,0.0,0.0,0.0,0.0,0.0,0.0
0.13333333333334463,0.30064259092661644,0.0006368259671548477,0.0,166.5980391505587,156.9979232801125,0.0,4.297350960819854e-06,0.0,0.0,1.0,1.0,0.0,0.0,0.0,0.0,0.0,0.0,0.0,0.0
0.14166666666667987,0.30064259092661605,0.0006364682359822306,0.0,167.83541665062447,156.99779441408222,0.0,4.293730471189326e-06,0.0,0.0,1.0,1.0,0.0,0.0,0.0,0.0,0.0,0.0,0.0,0.0
0.15000000000001507,0.30064259092661644,0.000636110806153303,0.0,169.14779415069836,156.99766565660542,0.0,4.290114047401539e-06,0.0,0.0,1.0,1.0,0.0,0.0,0.0,0.0,0.0,0.0,0.0,0.0
0.1583333333333503,0.30064259092661666,0.0006357536773297007,0.0,170.5351716507801,156.9975370075602,0.0,4.286501683750621e-06,0.0,0.0,1.0,1.0,0.0,0.0,0.0,0.0,0.0,0.0,0.0,0.0
0.1666666666666855,0.300642590926617,0.0006353968491735349,0.0,171.99754915086444,156.99740846682488,0.0,4.2828933745403105e-06,0.0,0.0,1.0,1.0,0.0,0.0,0.0,0.0,0.0,0.0,0.0,0.0
0.17500000000002075,0.30064259092661677,0.00063504032134739,0.0,173.5349266509565,156.99728003427788,0.0,4.27928911408393e-06,0.0,0.0,1.0,1.0,0.0,0.0,0.0,0.0,0.0,0.0,0.0,0.0
0.18333333333335597,0.30064259092661644,0.0006346840935143238,0.0,175.14730415105112,156.99715170979783,0.0,4.275688896704366e-06,0.0,0.0,1.0,1.0,0.0,0.0,0.0,0.0,0.0,0.0,0.0,0.0
0.19166666666669122,0.30064259092661655,0.000634328165337866,0.0,176.8346816511485,156.99702349326353,0.0,4.272092716734056e-06,0.0,0.0,1.0,1.0,0.0,0.0,0.0,0.0,0.0,0.0,0.0,0.0
0.20000000000002643,0.30064259092661677,0.0006339725364820192,0.0,178.59705915125377,156.9968953845539,0.0,4.26850056851498e-06,0.0,0.0,1.0,1.0,0.0,0.0,0.0,0.0,0.0,0.0,0.0,0.0
0.20833333333336165,0.30064259092661705,0.0006336172066112559,0.0,180.43443665136172,156.99676738354816,0.0,4.264912446398618e-06,0.0,0.0,1.0,1.0,0.0,0.0,0.0,0.0,0.0,0.0,0.0,0.0
0.21666666666669687,0.300642590926617,0.0006332621753905193,0.0,182.34681415147736,156.99663949012555,0.0,4.261328344745956e-06,0.0,0.0,1.0,1.0,0.0,0.0,0.0,0.0,0.0,0.0,0.0,0.0
0.22500000000003212,0.30064259092661677,0.000632907442485221,0.0,184.33419165159034,156.99651170416553,0.0,4.257748257927441e-06,0.0,0.0,1.0,1.0,0.0,0.0,0.0,0.0,0.0,0.0,0.0,0.0
0.23333333333336737,0.3006425909266166,0.0006325530075612416,0.0,186.39656915171122,156.99638402554777,0.0,4.254172180322988e-06,0.0,0.0,1.0,1.0,0.0,0.0,0.0,0.0,0.0,0.0,0.0,0.0
0.24166666666670256,0.3006425909266166,0.0006321988702849279,0.0,188.5339466518295,156.99625645415207,0.0,4.25060010632193e-06,0.0,0.0,1.0,1.0,0.0,0.0,0.0,0.0,0.0,0.0,0.0,0.0
0.2500000000000378,0.30064259092661705,0.0006318450303230968,0.0,190.74632415195583,156.99612898985842,0.0,4.2470320303230555e-06,0.0,0.0,1.0,1.0,0.0,0.0,0.0,0.0,0.0,0.0,0.0,0.0
0.25833333333337305,0.300642590926617,0.000631491487343027,0.0,193.03370165208983,156.99600163254695,0.0,4.243467946734513e-06,0.0,0.0,1.0,1.0,0.0,0.0,0.0,0.0,0.0,0.0,0.0,0.0
0.26666666666670824,0.300642590926617,0.0006311382410124662,0.0,195.39607915222646,156.99587438209795,0.0,4.239907849973863e-06,0.0,0.0,1.0,1.0,0.0,0.0,0.0,0.0,0.0,0.0,0.0,0.0
0.2750000000000435,0.30064259092661666,0.0006307852909996247,0.0,197.83345665237084,156.99574723839194,0.0,4.236351734468018e-06,0.0,0.0,1.0,1.0,0.0,0.0,0.0,0.0,0.0,0.0,0.0,0.0
0.28333333333337873,0.3006425909266162,0.0006304326369731766,0.0,200.34583415251782,156.99562020130955,0.0,4.232799594653238e-06,0.0,0.0,1.0,1.0,0.0,0.0,0.0,0.0,0.0,0.0,0.0,0.0
0.2916666666667057,0.30064259092661677,0.0006300802786022606,0.0,202.93321165266772,156.99549327073157,0.0,4.229251424975123e-06,0.0,0.0,1.0,1.0,0.0,0.0,0.0,0.0,0.0,0.0,0.0,0.0
0.30000000000003146,0.3006425909266168,0.0006297282155564752,0.0,205.59558915282537,156.99536644653904,0.0,4.225707219888557e-06,0.0,0.0,1.0,1.0,0.0,0.0,0.0,0.0,0.0,0.0,0.0,0.0
0.3083333333333572,0.300642590926617,0.0006293764475058816,0.0,208.33296665298565,156.99523972861303,0.0,4.222166973857735e-06,0.0,0.0,1.0,1.0,0.0,0.0,0.0,0.0,0.0,0.0,0.0,0.0
0.31666666666668297,0.3006425909266168,0.0006290249741210017,0.0,211.14534415314841,156.9951131168349,0.0,4.21863068135612e-06,0.0,0.0,1.0,1.0,0.0,0.0,0.0,0.0,0.0,0.0,0.0,0.0
0.3250000000000087,0.3006425909266166,0.000628673795072816,0.0,214.03272165331376,156.9949866110861,0.0,4.21509833686642e-06,0.0,0.0,1.0,1.0,0.0,0.0,0.0,0.0,0.0,0.0,0.0,0.0
0.3333333333333345,0.3006425909266166,0.000628322910032766,0.0,216.99509915348713,156.9948602112483,0.0,4.211569934880595e-06,0.0,0.0,1.0,1.0,0.0,0.0,0.0,0.0,0.0,0.0,0.0,0.0
0.34166666666666023,0.30064259092661694,0.0006279723186727506,0.0,220.03247665366314,156.99473391720326,0.0,4.208045469899824e-06,0.0,0.0,1.0,1.0,0.0,0.0,0.0,0.0,0.0,0.0,0.0,0.0
0.349999999999986,0.3006425909266175,0.0006276220206651265,0.0,223.1448541538418,156.99460772883302,0.0,4.204524936434479e-06,0.0,0.0,1.0,1.0,0.0,0.0,0.0,0.0,0.0,0.0,0.0,0.0
0.35833333333331174,0.3006425909266172,0.0006272720156827064,0.0,226.33223165402813,156.9944816460197,0.0,4.2010083290041125e-06,0.0,0.0,1.0,1.0,0.0,0.0,0.0,0.0,0.0,0.0,0.0,0.0
0.3666666666666375,0.300642590926617,0.0006269223033987604,0.0,229.5946091542171,156.99435566864554,0.0,4.1974956421374515e-06,0.0,0.0,1.0,1.0,0.0,0.0,0.0,0.0,0.0,0.0,0.0,0.0
0.37499999999996325,0.30064259092661694,0.0006265728834870117,0.0,232.93198665441392,156.99422979659306,0.0,4.193986870372355e-06,0.0,0.0,1.0,1.0,0.0,0.0,0.0,0.0,0.0,0.0,0.0,0.0
0.383333333333289,0.30064259092661705,0.0006262237556216411,0.0,236.34436415461343,156.9941040297449,0.0,4.190482008255836e-06,0.0,0.0,1.0,1.0,0.0,0.0,0.0,0.0,0.0,0.0,0.0,0.0
0.39166666666661476,0.3006425909266176,0.0006258749194772797,0.0,239.83174165482097,156.99397836798383,0.0,4.186981050343988e-06,0.0,0.0,1.0,1.0,0.0,0.0,0.0,0.0,0.0,0.0,0.0,0.0
0.3999999999999405,0.30064259092661755,0.0006255263747290144,0.0,243.39411915502566,156.9938528111928,0.0,4.183483991202026e-06,0.0,0.0,1.0,1.0,0.0,0.0,0.0,0.0,0.0,0.0,0.0,0.0
0.40833333333326627,0.3006425909266173,0.0006251781210523831,0.0,247.03149665523821,156.99372735925493,0.0,4.179990825404226e-06,0.0,0.0,1.0,1.0,0.0,0.0,0.0,0.0,0.0,0.0,0.0,0.0
0.416666666666592,0.3006425909266168,0.000624830158123375,0.0,250.74387415544808,156.99360201205351,0.0,4.176501547533924e-06,0.0,0.0,1.0,1.0,0.0,0.0,0.0,0.0,0.0,0.0,0.0,0.0
0.4249999999999178,0.30064259092661655,0.0006244824856184302,0.0,254.5312516556658,156.99347676947198,0.0,4.173016152183499e-06,0.0,0.0,1.0,1.0,0.0,0.0,0.0,0.0,0.0,0.0,0.0,0.0
0.43333333333324353,0.30064259092661655,0.0006241351032144393,0.0,258.39362915589163,156.99335163139395,0.0,4.169534633954353e-06,0.0,0.0,1.0,1.0,0.0,0.0,0.0,0.0,0.0,0.0,0.0,0.0
0.4416666666665693,0.3006425909266159,0.0006237880105887419,0.0,262.33100665612494,156.9932265977032,0.0,4.166056987456897e-06,0.0,0.0,1.0,1.0,0.0,0.0,0.0,0.0,0.0,0.0,0.0,0.0
0.44999999999989504,0.3006425909266157,0.000623441207419125,0.0,266.3433841563559,156.99310166828363,0.0,4.162583207310516e-06,0.0,0.0,1.0,1.0,0.0,0.0,0.0,0.0,0.0,0.0,0.0,0.0
0.4583333333332208,0.3006425909266159,0.0006230946933838249,0.0,270.43076165659477,156.99297684301933,0.0,4.159113288143584e-06,0.0,0.0,1.0,1.0,0.0,0.0,0.0,0.0,0.0,0.0,0.0,0.0
0.46666666666654655,0.3006425909266159,0.0006227484681615241,0.0,274.5931391568362,156.99285212179458,0.0,4.1556472245934184e-06,0.0,0.0,1.0,1.0,0.0,0.0,0.0,0.0,0.0,0.0,0.0,0.0
0.4749999999998723,0.30064259092661605,0.0006224025314313511,0.0,278.83051665708547,156.99272750449376,0.0,4.15218501130627e-06,0.0,0.0,1.0,1.0,0.0,0.0,0.0,0.0,0.0,0.0,0.0,0.0
0.48333333333319806,0.30064259092661605,0.0006220568828728814,0.0,283.1428941573372,156.99260299100146,0.0,4.148726642937321e-06,0.0,0.0,1.0,1.0,0.0,0.0,0.0,0.0,0.0,0.0,0.0,0.0
0.4916666666665238,0.30064259092661555,0.0006217115221661328,0.0,287.5302716575969,156.99247858120245,0.0,4.145272114150637e-06,0.0,0.0,1.0,1.0,0.0,0.0,0.0,0.0,0.0,0.0,0.0,0.0
0.49999999999984956,0.30064259092661544,0.0006213664489915677,0.0,291.9926491578593,156.99235427498155,0.0,4.141821419619167e-06,0.0,0.0,1.0,1.0,0.0,0.0,0.0,0.0,0.0,0.0,0.0,0.0
0.5083333333331753,0.3006425909266159,0.0006210216630300932,0.0,296.53002665811914,156.99223007222386,0.0,4.1383745540247425e-06,0.0,0.0,1.0,1.0,0.0,0.0,0.0,0.0,0.0,0.0,0.0,0.0
0.5166666666665011,0.30409696552314935,0.0006206771639630586,0.0,301.1424041583816,156.99210597281456,0.0,4.13493151205804e-06,0.0,0.0,1.0,1.0,0.0,0.0,0.8884928071137268,0.8659177385348706,0.0,0.0,8.736156778085084e-05,0.0
0.5249999999998268,0.3086513384244265,0.0006203329514722552,0.0,305.8296419349613,156.99198197663907,0.0,4.131492288418573e-06,9.81757449111975e-06,0.0,1.0,1.0,0.0,0.0,20.000000000000004,20.000000000000004,0.0,0.0,0.0003283563337044438,0.0
0.5333333333331526,0.31320655725558344,0.0006199890252399127,0.0,310.5914440508943,156.99185808358285,0.0,4.128056877814642e-06,3.104601264809748e-05,0.0,1.0,1.0,0.0,0.0,20.000000000000004,20.000000000000004,0.0,0.0,0.0007074229411597603,0.0
0.5416666666664783,0.3177627348920295,0.0006196453849487039,0.0,315.4273509504437,156.99173429353166,0.0,4.124625274963371e-06,7.028241215521621e-05,0.0,1.0,1.0,0.0,0.0,19.999999999999993,19.999999999999993,0.0,0.0,0.0012196606962356653,0.0
0.5499999999998041,0.3223199943810422,0.0006193020302817406,0.0,320.3367479683287,156.9916106063713,0.0,4.12119747459066e-06,0.00013241467215565825,0.0,1.0,1.0,0.0,0.0,20.000000000000018,20.000000000000018,0.0,0.0,0.001860507146573219,0.0
0.5583333333331298,0.3268784696110038,0.0006189589609225731,0.0,325.3188788542369,156.9914870219878,0.0,4.1177734714311734e-06,0.0002219996613057555,0.0,1.0,1.0,0.0,0.0,19.999999999999993,19.999999999999993,0.0,0.0,0.0026256782007704534,0.0
0.5666666666664556,0.33143830599612245,0.0006186161765551903,0.0,330.3728553120627,156.99136354026732,0.0,4.114353260228319e-06,0.00034328830893550486,0.0,1.0,1.0,0.0,0.0,20.000000000000007,20.000000000000007,0.0,0.0,0.003511117214435054,0.0
0.5749999999997814,0.33599966117304264,0.000618273676864018,0.0,335.4976658653462,156.99124016109616,0.0,4.110936835734234e-06,0.0005002456414618561,0.0,1.0,1.0,0.0,0.0,20.000000000000007,20.000000000000007,0.0,0.0,0.0045129539005840024,0.0
0.5833333333331071,0.34056270570599967,0.0006179314615339182,0.0,340.6921841836788,156.9911168843608,0.0,4.107524192709767e-06,0.000696566862272365,0.0,1.0,1.0,0.0,0.0,19.999999999999993,19.999999999999993,0.0,0.0,0.005627471068034147,0.0
0.5916666666664329,0.34512762379745854,0.0006175895302501907,0.0,345.9536012730613,156.9909937099479,0.0,4.104115325924474e-06,0.0010665723622713414,0.0,1.0,1.0,0.0,0.0,19.999999999999847,19.999999999999847,0.0,0.0,0.007475909522263378,0.0
0.5999999999997586,0.3496946139986789,0.0006172478826985684,0.0,351.27709823481337,156.99087063774425,0.0,4.1007102301565745e-06,0.0015359520296393517,0.0,1.0,1.0,0.0,0.0,19.999999999999844,19.999999999999844,0.0,0.0,0.00953355107665555,0.0
0.6083333333330844,0.3542604061703858,0.0006169086672335627,0.0,356.65917829033157,156.99200261573864,0.00011154219883411281,4.097330116155846e-06,0.002076897185105715,0.0,1.0,1.0,0.0,0.0,19.999999999999847,19.999999999999847,0.0,0.0,0.011657679344424575,0.0
0.6166666666664101,0.3588142357104144,0.0006165786540476824,0.0,362.0937519513243,156.99834997864713,0.00033192557942922146,4.094042399626506e-06,0.0026883210302949307,0.0,1.0,1.0,0.0,0.0,19.999999999999847,19.999999999999847,0.0,0.0,0.013845928601351823,0.0
0.6249999999997359,0.3633495641964881,0.0006162620006540133,0.0,367.5762716715092,157.0123565137466,0.0006186786787336061,4.090888477743879e-06,0.0033695699558280653,0.0,1.0,1.0,0.0,0.0,20.000000000000007,20.000000000000007,0.0,0.0,0.016095961341258635,0.0
0.6333333333330616,0.36786178587044605,0.0006159616749093909,0.0,373.10289588471545,157.03577585005942,0.0009575302255665824,4.087897817426195e-06,0.004120216888711791,0.0,1.0,1.0,0.0,0.0,20.00000000000047,20.00000000000047,0.0,0.0,0.018405457638952648,0.0
0.6416666666663874,0.37234722059754055,0.0006156800802989916,0.0,378.67012117922934,157.07003440071722,0.001339988349897344,4.085094235522039e-06,0.0049399445001358545,0.0,1.0,1.0,0.0,0.0,20.000000000001076,20.000000000001076,0.0,0.0,0.02077210972408431,0.0
0.6499999999997131,0.37680279544523626,0.0006154192551409118,0.0,384.27466528544306,157.1163462260533,0.00176009618741771,4.082497896752493e-06,0.0058284748684821735,0.0,1.0,1.0,0.0,0.0,20.000000000001073,20.000000000001073,0.0,0.0,0.02319361959293109,0.0
0.6583333333330389,0.3812258883387398,0.0006151809712746744,0.0,389.9134101463673,157.17576949555047,0.0022132931460272687,4.080126304858213e-06,0.006785525277229984,0.0,1.0,1.0,0.0,0.0,20.000000000001076,20.000000000001076,0.0,0.0,0.025667698488801974,0.0
0.6666666666663646,0.3856142364109286,0.0006149667925158256,0.0,395.58336937946336,157.2492396295239,0.002695892850669416,4.07799489083479e-06,0.007810779709492096,0.0,1.0,1.0,0.0,0.0,20.000000000001076,20.000000000001076,0.0,0.0,0.028192067572539083,0.0
0.6749999999996904,0.389965876230672,0.000614778113209343,0.0,401.2816679316191,157.33759094254938,0.00320480482524451,4.076117401787535e-06,0.00890387027796537,0.0,1.0,1.0,0.0,0.0,20.0000000000009,20.0000000000009,0.0,0.0,0.030764459365118832,0.0
0.6833333333330162,0.3942791018484105,0.0006146161856022875,0.0,407.00552861838236,157.4415718544193,0.003737370584652157,4.07450617767448e-06,0.010064365221391475,0.0,1.0,1.0,0.0,0.0,20.000000000000703,20.000000000000703,0.0,0.0,0.03338261969225877,0.0
0.6916666666663419,0.39855243369118853,0.0006144821403617583,0.0,412.75226287352496,157.5618561791239,0.004291259954939338,4.0731723592297564e-06,0.011291761400618303,0.0,1.0,1.0,0.0,0.0,20.00000000000048,20.00000000000048,0.0,0.0,0.036044309949427956,0.0
0.6999999999996677,0.4027845944920369,0.0006143770026101222,0.0,418.5192642204774,157.69905186658207,0.004864401833584169,4.072126050808794e-06,0.012585479972930433,0.0,1.0,1.0,0.0,0.0,20.000000000000256,20.000000000000256,0.0,0.0,0.038747309560877206,0.0
0.7083333333329934,0.40697449000568925,0.0006143017048777239,0.0,424.3040035742313,157.85370800723314,0.005454935919564853,4.07137645217591e-06,0.013944864369001556,0.0,1.0,1.0,0.0,0.0,20.00000000000015,20.00000000000015,0.0,0.0,0.04148941854238022,0.0
0.7166666666663192,0.41112119310917855,0.0006142570978482052,0.0,430.1040258090617,158.02632060460002,0.00606117785718567,4.070931968002671e-06,0.015369179973075934,0.0,1.0,1.0,0.0,0.0,20.000000000000075,20.000000000000075,0.0,0.0,0.044268460101524194,0.0
0.7249999999996449,0.41522393037349226,0.0006142439594690103,0.0,435.91694721836404,158.21733744520137,0.006681593308734354,4.07080030081926e-06,0.016857615083839133,0.0,1.0,1.0,0.0,0.0,20.00000000000002,20.00000000000002,0.0,0.0,0.04708228322629087,0.0
0.7333333333329707,0.4192820704882212,0.0006142630028160255,0.0,441.74045361020956,158.427162288573,0.007314778168660935,4.070988531324516e-06,0.018409282849802526,0.0,1.0,1.0,0.0,0.0,19.999999999999957,19.999999999999957,0.0,0.0,0.04992876522456993,0.0
0.7416666666662964,0.4232951141083741,0.0006143148829851276,0.0,447.57229885770687,158.65615853267775,0.007959443119682379,4.071503188798206e-06,0.020023223951654952,0.0,1.0,1.0,0.0,0.0,19.999999999999815,19.999999999999815,0.0,0.0,0.05280581418610349,0.0
0.7499999999996222,0.4272626848151137,0.0006144002032071803,0.0,453.4103037734876,158.90465246573612,0.008614401330975716,4.072350313596595e-06,0.021698409858440543,0.0,1.0,1.0,0.0,0.0,19.99999999999976,19.99999999999976,0.0,0.0,0.0557113713450435,0.0
0.758333333332948,0.43118452096505877,0.0006145195203315206,0.0,459.25235521199636,159.17293618561803,0.009278558476291027,4.073535513197025e-06,0.02343374652278266,0.0,1.0,1.0,0.0,0.0,20.000000000000103,20.000000000000103,0.0,0.0,0.058643413326250005,0.0
0.7666666666662738,0.4350604682601528,0.0006146733497872692,0.0,465.0964053277438,159.4612702472176,0.00995090449514513,4.075064012899899e-06,0.025228078408241934,0.0,1.0,1.0,0.0,0.0,20.000000000000668,20.000000000000668,0.0,0.0,0.06159995426264196,0.0
0.7749999999995993,0.43889047291071576,0.0006148621701064375,0.0,470.9404709350761,159.76988608355347,0.010630506683998297,4.076940702042523e-06,0.027080192762284263,0.0,1.0,1.0,0.0,0.0,20.000000000001133,20.000000000001133,0.0,0.0,0.06457904777392713,0.0
0.7833333333329252,0.4426745752936064,0.0006150864270744827,0.0,476.7826329281618,160.0989882357283,0.011316503816221178,4.07917017639565e-06,0.028988824063890615,0.0,1.0,1.0,0.0,0.0,20.000000000001574,20.000000000001574,0.0,0.0,0.06757878879986937,0.0
0.7916666666662511,0.44641290402898653,0.0006153465375604395,0.0,482.62103572940225,160.44875641909235,0.012008101067763833,4.081756777277997e-06,0.030952658586561,0.0,1.0,1.0,0.0,0.0,20.000000000001744,20.000000000001744,0.0,0.0,0.07059731528313647,0.0
0.7999999999995766,0.45010567041514055,0.0006156428930686498,0.0,488.45388674218793,160.8193474471428,0.012704565580946335,4.0847046278225274e-06,0.032970339026987185,0.0,1.0,1.0,0.0,0.0,20.000000000001464,20.000000000001464,0.0,0.0,0.07363280969891281,0.0
0.8083333333329025,0.4537531631729915,0.0006159758630464212,0.0,494.27945578940574,161.21089703029858,0.013405222538934555,4.0880176667509786e-06,0.035040469156937204,0.0,1.0,1.0,0.0,0.0,20.000000000001165,20.000000000001165,0.0,0.0,0.07668350042964486,0.0
0.8166666666662283,0.45735574346110286,0.0006163457979760508,0.0,500.0960745238777,161.6235214633349,0.0141094516528817,4.0916996799537256e-06,0.03716161846220224,0.0,1.0,1.0,0.0,0.0,20.00000000000093,20.00000000000093,0.0,0.0,0.07974766298489865,0.0
0.8249999999995539,0.4609138401291762,0.0006167530322749921,0.0,505.90213580035385,162.05731921266295,0.014816683985610882,4.0957543301251465e-06,0.039332326737430444,0.0,1.0,1.0,0.0,0.0,20.000000000000714,20.000000000000714,0.0,0.0,0.08282362106721484,0.0
0.8333333333328797,0.46442794518361497,0.0006171978870243607,0.0,511.69609300170407,162.51237241261848,0.015526399052172235,4.100185184668315e-06,0.04155110861010109,0.0,1.0,1.0,0.0,0.0,20.000000000000576,20.000000000000576,0.0,0.0,0.08590974748596668,0.0
0.8416666666662056,0.46789860944303696,0.0006176806725430344,0.0,517.4764593140923,162.9887482783281,0.016238122150107975,4.104995742053153e-06,0.043816457970492564,0.0,1.0,1.0,0.0,0.0,20.00000000000045,20.00000000000045,0.0,0.0,0.08900446492185637,0.0
0.8499999999995311,0.47132643836525107,0.0006182016908222775,0.0,523.241806948112,163.48650044145876,0.016951421881899853,4.1101894567884605e-06,0.04612685228796517,0.0,1.0,1.0,0.0,0.0,20.000000000000256,20.000000000000256,0.0,0.0,0.09210624654566553,0.0
0.858333333332857,0.4747120880298536,0.0006187612378339212,0.0,528.9907663041233,164.005670214146,0.01766590783948488,4.115769763148896e-06,0.048480756796570476,0.0,1.0,1.0,0.0,0.0,20.000000000000092,20.000000000000092,0.0,0.0,0.09521361649521858,0.0
0.8666666666661829,0.4780562612629732,0.00061935960572355,0.0,534.7220250815508,164.54628778558623,0.018381228426562812,4.121740097781867e-06,0.05087662853576186,0.0,1.0,1.0,0.0,0.0,19.999999999999915,19.999999999999915,0.0,0.0,0.09832515021526017,0.0
0.8749999999995084,0.481359703892515,0.0006199970848988669,0.0,540.4343273327622,165.10837335511806,0.01909706879898621,4.128103921306105e-06,0.05331292023416739,0.0,1.0,1.0,0.0,0.0,19.999999999999815,19.999999999999815,0.0,0.0,0.10143947466518932,0.0
0.8833333333328343,0.4846232011237787,0.0006206739660223141,0.0,546.1264724631694,165.69193820508664,0.019813148907145462,4.134864739002541e-06,0.055788084026627965,0.0,1.0,1.0,0.0,0.0,19.999999999999755,19.999999999999755,0.0,0.0,0.10455526840013261,0.0
0.8916666666661601,0.4878475740266226,0.0006213905419160967,0.0,551.7973141797913,166.2969857163448,0.0205292216271541,4.142026120688429e-06,0.058300574996557164,0.0,1.0,1.0,0.0,0.0,19.999999999999666,19.999999999999666,0.0,0.0,0.1076712615310184,0.0
0.8999999999994857,0.4910336761264115,0.0006221471093870049,0.0,557.4457593911013,166.92351232888703,0.021245070969951214,4.149591719857977e-06,0.060848854537420845,0.0,1.0,1.0,0.0,0.0,19.99999999999956,19.99999999999956,0.0,0.0,0.11078623556955823,0.0
0.9083333333328115,0.4941823900919498,0.0006229439709777405,0.0,563.0707670614879,167.5715084498131,0.021960510359314508,4.157565292165616e-06,0.06343139352880404,0.0,1.0,1.0,0.0,0.0,19.999999999999407,19.999999999999407,0.0,0.0,0.11389902316427497,0.0
0.9166666666661374,0.49729462451436085,0.0006237814366508839,0.0,568.6713470239869,168.240959310573,0.022675380971281564,4.1659507133221265e-06,0.06604667532396083,0.0,1.0,1.0,0.0,0.0,19.999999999998707,19.999999999998707,0.0,0.0,0.11700850773381358,0.0
0.9249999999994629,0.500371463452934,0.0006246597267694389,0.0,574.2466137558463,168.93179077462125,0.023360352857029528,4.174751060100638e-06,0.06869319854709563,0.0,1.0,1.0,0.0,0.0,19.99999999999808,19.99999999999808,0.0,0.0,0.12011362300386312,0.0
0.9333333333327888,0.5034261339262351,0.0006255712134171363,0.0,579.8000972871591,169.6395579318547,0.023829017937320236,4.183891003765945e-06,0.07136947969977926,0.0,1.0,1.0,0.0,0.0,19.99999999999748,19.99999999999748,0.0,0.0,0.12321335245398692,0.0
0.9416666666661146,0.5064679804096233,0.0006265107103684571,0.0,585.3339700949018,170.36121763313605,0.024286729927469736,4.1933188317584955e-06,0.07407405557712989,0.0,1.0,1.0,0.0,0.0,19.999999999996877,19.999999999996877,0.0,0.0,0.1263067286807967,0.0
0.9499999999994402,0.5094987825889572,0.0006274779095496569,0.0,590.8477203749994,171.09645457343825,0.024734357387677427,4.203032074547615e-06,0.07680548549525605,0.0,1.0,1.0,0.0,0.0,19.999999999996277,19.999999999996277,0.0,0.0,0.1293928326837319,0.0
0.958333333332766,0.51252025798295,0.0006284725486065765,0.0,596.3408544102632,171.84497821663587,0.02517268531089521,4.213028730549039e-06,0.07956235333241518,0.0,1.0,1.0,0.0,0.0,19.999999999995772,19.999999999995772,0.0,0.0,0.13247079307969734,0.0
0.9666666666660919,0.5155340672833699,0.0006294944070995648,0.0,601.8128981407247,172.60652045988945,0.025602426167938966,4.223307228952809e-06,0.08234326938718306,0.0,1.0,1.0,0.0,0.0,19.9999999999953,19.9999999999953,0.0,0.0,0.13553978525277147,0.0
0.9749999999994174,0.5185418188071712,0.0006305433032217299,0.0,607.2633983785659,173.38083360035682,0.02602422909278733,4.233866397786083e-06,0.08514687205750532,0.0,1.0,1.0,0.0,0.0,19.999999999994863,19.999999999994863,0.0,0.0,0.13859903044493152,0.0
0.9833333333327433,0.5215450722006074,0.0006316190909544295,0.0,612.6919237231127,174.16768855417712,0.02643868757377325,4.244705436353695e-06,0.08797182934531703,0.0,1.0,1.0,0.0,0.0,19.999999999994486,19.999999999994486,0.0,0.0,0.1416477947938098,0.0
0.9916666666660692,0.5245453415087629,0.0006327216575905463,0.0,618.0980652212625,174.96687328735115,0.026846345934429024,4.255823891365256e-06,0.09081684019170583,0.0,1.0,1.0,0.0,0.0,19.999999999994078,19.999999999994078,0.0,0.0,0.1446853883230582,0.0
0.9999999999993947,0.5275440977034167,0.000633850921569071,0.0,623.4814368113656,175.77819142568623,0.02724770482632611,4.267221636186746e-06,0.09368063564835405,0.0,1.0,1.0,0.0,0.0,19.999999999993705,19.999999999993705,0.0,0.0,0.14771116389105288,0.0
1.0083333333327205,0.5305427707458971,0.0006350068305747417,0.0,628.7677130637119,176.60146101691188,0.02764322590967829,4.278898852756603e-06,0.09648301410826739,0.0,1.0,1.0,0.0,0.0,19.999999999993708,19.999999999993708,0.0,0.0,0.15064233552712603,0.0
1.0166666666660464,0.5335427512488392,0.0006361893598645854,0.0,633.8852663272882,177.43651342278667,0.02803333586184241,4.290856015786915e-06,0.09914368735994515,0.0,1.0,1.0,0.0,0.0,19.999999999993705,19.999999999993705,0.0,0.0,0.1533991295858743,0.0
1.024999999999372,0.5365453917906672,0.0006373985107896885,0.0,638.8385080851068,178.28319232278727,0.028418429826325323,4.303093878934968e-06,0.10166247854381717,0.0,1.0,1.0,0.0,0.0,19.999999999993705,19.999999999993705,0.0,0.0,0.15598627403496274,0.0
1.0333333333326977,0.5395520079284671,0.0006386343094857667,0.0,643.6318358747385,179.14135281401536,0.02879887439344712,4.3156134626827015e-06,0.10403972119575927,0.0,1.0,1.0,0.0,0.0,19.999999999993705,19.999999999993705,0.0,0.0,0.1584084940333995,0.0
1.0416666666660237,0.5425638789484322,0.0006398968057103537,0.0,648.2696196832255,180.01086059442608,0.029175010186962235,4.328416043703889e-06,0.10627620095032685,0.0,1.0,1.0,0.0,0.0,19.999999999993708,19.999999999993708,0.0,0.0,0.16067049590725854,0.0
1.0499999999993492,0.545582248387771,0.0006411860718078855,0.0,652.7561899441534,180.89159121850443,0.029547154117598597,4.341503145533429e-06,0.10837310211927426,0.0,1.0,1.0,0.0,0.0,19.999999999993705,19.999999999993705,0.0,0.0,0.16277695298607853,0.0
1.058333333332675,0.5486083243577444,0.000642502201786844,0.0,657.0958270052986,181.78342941617922,0.029915601353846626,4.354876530381878e-06,0.11033195878878146,0.0,1.0,1.0,0.0,0.0,19.999999999993705,19.999999999993705,0.0,0.0,0.16473249314348737,0.0
1.066666666666001,0.5516432796939017,0.000643845310495473,0.0,661.2927519440356,182.6862684671382,0.03028062705178198,4.368538191961796e-06,0.11215461010929775,0.0,1.0,1.0,0.0,0.0,19.999999999993705,19.999999999993705,0.0,0.0,0.1665416878969089,0.0
1.0749999999993265,0.5546882519568501,0.0006452155328845602,0.0,665.3511186160653,183.60000962385826,0.030642487878825696,4.382490349212268e-06,0.1138431594774446,0.0,1.0,1.0,0.0,0.0,19.999999999993708,19.999999999993708,0.0,0.0,0.16820904293174102,0.0
1.0833333333326522,0.5577443433044174,0.000646613023347429,0.0,669.2750068306352,184.52456157761944,0.03100142336072733,4.396735440824389e-06,0.11539993733103675,0.0,1.0,1.0,0.0,0.0,19.9999999999937,19.9999999999937,0.0,0.0,0.16973898992496073,0.0
1.0916666666659782,0.5608126202541911,0.0006480379551286832,0.0,673.0684165527779,185.4598399625851,0.03135765707648352,4.41127612048457e-06,0.11682746729725081,0.0,1.0,1.0,0.0,0.0,19.9999999999937,19.9999999999937,0.0,0.0,0.1711358795521484,0.0
1.0999999999993038,0.5638941133537305,0.0006494905197944235,0.0,676.7352630398493,186.40576689370656,0.031711397722130344,4.426115252764173e-06,0.11812843545073057,0.0,1.0,1.0,0.0,0.0,19.999999999993705,19.999999999993705,0.0,0.0,0.17240397557021192,0.0
1.1083333333326295,0.5669898167743994,0.0006509709267576468,0.0,680.2793728262462,187.36227053479627,0.03206284006123526,4.441255909594033e-06,0.11930566245379853,0.0,1.0,1.0,0.0,0.0,19.999999999993708,19.999999999993708,0.0,0.0,0.17354744987605084,0.0
1.1166666666659555,0.5701006878436011,0.0006524794028534245,0.0,683.704480476256,188.32928469360496,0.03241216577732507,4.456701367271201e-06,0.12036207836494223,0.0,1.0,1.0,0.0,0.0,19.999999999993705,19.999999999993705,0.0,0.0,0.17457037844870216,0.0
1.124999999999281,0.573227646529183,0.0006540161919591604,0.0,687.0142260307312,189.30674844116137,0.03275954424132142,4.47245510395239e-06,0.1213006999147483,0.0,1.0,1.0,0.0,0.0,19.999999999993705,19.999999999993705,0.0,0.0,0.1754767380893611,0.0
1.1333333333326068,0.5763715748888657,0.0006555815546558965,0.0,690.2121530788783,190.2946057529995,0.033105133205233686,4.488520797595272e-06,0.12212461006091399,0.0,1.0,1.0,0.0,0.0,19.999999999993705,19.999999999993705,0.0,0.0,0.1762704038803009,0.0
1.1416666666659503,0.5795333164968801,0.0006571757679271586,0.0,693.3017073914751,191.29280517021166,0.03344907943183639,4.504902324314128e-06,0.12283693964535829,0.0,1.0,1.0,0.0,0.0,19.999999999993705,19.999999999993705,0.0,0.0,0.17695514728961378,0.0
1.1499999999993138,0.5827136758591156,0.0006587991248923403,0.0,696.2862360568278,192.30129947853413,0.03379151926873733,4.521603757121411e-06,0.12344085098770222,0.0,1.0,1.0,0.0,0.0,19.999999999993705,19.999999999993705,0.0,0.0,0.17753463485461252,0.0
1.1583333333326773,0.5859134178276661,0.0006604519345720196,0.0,699.168987065226,193.32004540391168,0.034132579174157025,4.538629365030846e-06,0.12393952325961988,0.0,1.0,1.0,0.0,0.0,19.999999999993705,19.999999999993705,0.0,0.0,0.17801242738184592,0.0
1.1666666666660412,0.589133267024798,0.0006621345216829843,0.0,701.9531092921326,194.3490033231893,0.03447237620076212,4.555983612501608e-06,0.12433613949486466,0.0,1.0,1.0,0.0,0.0,19.999999999993705,19.999999999993705,0.0,0.0,0.17839197960698042,0.0
1.1749999999994047,0.592373907285978,0.0006638472264610759,0.0,704.6416528341443,195.38813698875848,0.03481101844309674,4.573671159206506e-06,0.12463387509893002,0.0,1.0,1.0,0.0,0.0,19.999999999993705,19.999999999993705,0.0,0.0,0.17867664026214777,0.0
1.1833333333327685,0.5956359811309377,0.0006655904045102122,0.0,707.237569655834,196.4374132661395,0.03514860545343747,4.591696860109707e-06,0.12483588773176985,0.0,1.0,1.0,0.0,0.0,19.999999999993708,19.999999999993708,0.0,0.0,0.17886965250308456,0.0
1.191666666666132,0.5989200892711475,0.0006673644266762506,0.0,709.7437145088331,197.4968018836176,0.035485228630277615,4.610065765842722e-06,0.12494530844530055,0.0,1.0,1.0,0.0,0.0,19.999999999993705,19.999999999993705,0.0,0.0,0.17897415465216637,0.0
1.1999999999994957,0.6022267901616205,0.0006691696789445464,0.0,712.1628460880383,198.56627519316984,0.03582097158311949,4.628783123369302e-06,0.12496523396585736,0.0,1.0,1.0,0.0,0.0,19.999999999993705,19.999999999993705,0.0,0.0,0.1789931812174453,0.0
1.2083333333328594,0.6055565996042593,0.0006710065623602629,0.0,714.4976283927241,199.6458079420171,0.036155910476767694,4.6478543769321594e-06,0.12489872001939586,0.0,1.0,1.0,0.0,0.0,19.999999999993705,19.999999999993705,0.0,0.0,0.17892966415117814,0.0
1.2166666666662231,0.608909990409471,0.0006728754929706927,0.0,716.7506322634226,200.7353770542341,0.03649011435791082,4.667285169276554e-06,0.12474877560484413,0.0,1.0,1.0,0.0,0.0,19.999999999993705,19.999999999993705,0.0,0.0,0.17878643431481797,0.0
1.2249999999995866,0.612287392122103,0.0006747769017889888,0.0,718.9243370678129,201.83496142192104,0.036823645466402974,4.6870813431472425e-06,0.12451835812769818,0.0,1.0,1.0,0.0,0.0,19.999999999993705,19.999999999993705,0.0,0.0,0.17856622312020254,0.0
1.2333333333329501,0.6156891908172043,0.0006767112347788512,0.0,721.0211325116029,202.94454170550787,0.03715655953333738,4.707248943057072e-06,0.12421036931284678,0.0,1.0,1.0,0.0,0.0,19.999999999993705,19.999999999993705,0.0,0.0,0.17827166431976396,0.0
1.241666666666314,0.6191157289704105,0.0006786789528598553,0.0,723.0433205524278,204.06410014282676,0.03748890606770554,4.727794217326947e-06,0.12382765182157585,0.0,1.0,1.0,0.0,0.0,19.999999999993705,19.999999999993705,0.0,0.0,0.17790529592095253,0.0
1.2499999999996776,0.6225673054071984,0.0006806805319332187,0.0,724.9931173971206,205.19362036663136,0.03782072863318592,4.748723620398222e-06,0.12337298650377611,0.0,1.0,1.0,0.0,0.0,19.999999999993705,19.999999999993705,0.0,0.0,0.17746956220267004,0.0
1.2583333333330413,0.6260441753345056,0.0006827164629278996,0.0,726.8726555644486,206.33308723028802,0.03815206511636419,4.770043815419755e-06,0.12284909022166308,0.0,1.0,1.0,0.0,0.0,19.999999999993705,19.999999999993705,0.0,0.0,0.17696681581353416,0.0
1.2666666666664048,0.6295465504576228,0.0006847872518670394,0.0,728.6839859973451,207.48248664139825,0.03848294798748847,4.791761677113202e-06,0.12225861418659495,0.0,1.0,1.0,0.0,0.0,19.999999999993705,19.999999999993705,0.0,0.0,0.17639931993395022,0.0
1.2749999999997685,0.633074599184611,0.0006868934199548177,0.0,730.4290802103036,208.64180540314374,0.038813404554677786,4.813884294920951e-06,0.12160414275537133,0.0,1.0,1.0,0.0,0.0,19.999999999993705,19.999999999993705,0.0,0.0,0.1757692504858182,0.0
1.2833333333331323,0.6366284469197196,0.0006890355036838876,0.0,732.1098324590354,209.81103106316775,0.03914345721232726,4.836418976442294e-06,0.12088819263683807,0.0,1.0,1.0,0.0,0.0,19.999999999993705,19.999999999993705,0.0,0.0,0.17507869837536663,0.0
1.291666666666496,0.640208176446738,0.000691214054963628,0.0,733.7280619209473,210.99015176983002,0.039473123684316845,4.859373251164353e-06,0.12011321246384415,0.0,1.0,1.0,0.0,0.0,19.999999999993708,19.999999999993708,0.0,0.0,0.1743296717561981,0.0
1.2999999999998595,0.6438138284024983,0.0006934296412695001,0.0,735.285514876249,212.17915613568434,0.039802417262494116,4.8827548744950514e-06,0.11928158268948483,0.0,1.0,1.0,0.0,0.0,19.999999999993705,19.999999999993705,0.0,0.0,0.17352409830105428,0.0
1.308333333333223,0.647445401840101,0.0006956828458138782,0.0,736.7838668807085,213.37803310804532,0.04013134704078478,4.906571832106544e-06,0.11839561577026955,0.0,1.0,1.0,0.0,0.0,19.99999999999371,19.99999999999371,0.0,0.0,0.17266382747218295,0.0
1.316666666666587,0.6511028548808018,0.0006979742677387517,0.0,738.2247249220301,214.5867718465146,0.04045991814518211,4.930832344597972e-06,0.11745755660206599,0.0,1.0,1.0,0.0,0.0,19.9999999999937,19.9999999999937,0.0,0.0,0.17175063278123992,0.0
1.3249999999999504,0.6547861054529373,0.0007003045223307709,0.0,739.6096295529244,215.80536160734795,0.0407881319597799,4.9555448724876025e-06,0.11646958317794998,0.0,1.0,1.0,0.0,0.0,19.999999999993705,19.999999999993705,0.0,0.0,0.17078621403088687,0.0
1.3333333333333142,0.6584950321155538,0.0007026742412591388,0.0,740.9400569947313,217.0337916345436,0.041115986348924285,4.980718121544882e-06,0.1154338074399077,0.0,1.0,1.0,0.0,0.0,19.999999999993705,19.999999999993705,0.0,0.0,0.1697721995311603,0.0
1.3416666666666777,0.6622294749640801,0.0007050840728368995,0.0,742.2174212062818,218.27205105753734,0.04144347587551268,5.006361048473871e-06,0.11435227629895667,0.0,1.0,1.0,0.0,0.0,19.999999999993705,19.999999999993705,0.0,0.0,0.1687101482845288,0.0
1.3500000000000414,0.6659892366146056,0.0007075346823062293,0.0,743.4430759134488,219.5201287953884,0.04177059201538712,5.032482866960307e-06,0.1132269728008661,0.0,1.0,1.0,0.0,0.0,19.999999999993708,19.999999999993708,0.0,0.0,0.1676015521345013,0.0
1.3583333333334051,0.6697740832629996,0.0007100267521483437,0.0,744.6183165953606,220.77801346733625,0.042097323367736486,5.059093054095104e-06,0.11205981741672352,0.0,1.0,1.0,0.0,0.0,19.999999999993705,19.999999999993705,0.0,0.0,0.1664478378731668,0.0
1.3666666666667688,0.6735837458147016,0.0007125609824187094,0.0,745.7443824240984,222.04569330960814,0.04242365586138485,5.086201357188127e-06,0.11085266943996745,0.0,1.0,1.0,0.0,0.0,19.99999999999371,19.99999999999371,0.0,0.0,0.1652503693039744,0.0
1.3750000000001323,0.6774179210804578,0.0007151380911082637,0.0,746.8224581548682,223.32315609835115,0.04274957295679943,5.113817800986727e-06,0.1096073284730978,0.0,1.0,1.0,0.0,0.0,19.999999999993705,19.999999999993705,0.0,0.0,0.1640104492563085,0.0
1.3833333333334958,0.6812762730330768,0.0007177588145313843,0.0,747.8536759644936,224.61038907855774,0.0430750558436406,5.141952695314245e-06,0.10832553598941304,0.0,1.0,1.0,0.0,0.0,19.999999999993705,19.999999999993705,0.0,0.0,0.162729321549294,0.0
1.3916666666668598,0.6851584341198983,0.0007204239077414098,0.0,748.8391172361936,225.9073788988475,0.04340008363365402,5.170616643144831e-06,0.10700897695645542,0.0,1.0,1.0,0.0,0.0,19.999999999993708,19.999999999993708,0.0,0.0,0.16140817290243822,0.0
1.4000000000002233,0.6890640066255307,0.0007231341449745117,0.0,749.7798142891781,227.2141115519633,0.04372463354870354,5.199820549131348e-06,0.10565928150950366,0.0,1.0,1.0,0.0,0.0,19.999999999993705,19.999999999993705,0.0,0.0,0.1600481347912786,0.0
1.408333333333587,0.692992564078974,0.000725890320122796,0.0,750.6767520518524,228.53057232083202,0.0440486811037202,5.229575628604372e-06,0.10427802666484828,0.0,1.0,1.0,0.0,0.0,19.999999999993708,19.999999999993708,0.0,0.0,0.15865028524659439,0.0
1.4166666666669505,0.696943652699416,0.0007286932472375342,0.0,751.5308696777242,229.8567457300342,0.044372200284370174,5.259893417061224e-06,0.10286673806372573,0.0,1.0,1.0,0.0,0.0,19.999999999993705,19.999999999993705,0.0,0.0,0.15721565059593487,0.0
1.4250000000003142,0.7009167928746045,0.0007315437610634701,0.0,752.3430621033788,231.1926155025217,0.04469516371922625,5.2907857801647215e-06,0.10142689173908781,0.0,1.0,1.0,0.0,0.0,19.999999999993705,19.999999999993705,0.0,0.0,0.15574520714662862,0.0
1.433333333333678,0.7049114806658302,0.0007344427176051987,0.0,753.1141815481368,232.53816452141507,0.04501754284625241,5.3222649242727455e-06,0.09995991589839161,0.0,1.0,1.0,0.0,0.0,19.999999999993708,19.999999999993708,0.0,0.0,0.15423988280963558,0.0
1.4416666666670417,0.7089271893335001,0.0007373909947266439,0.0,753.8450389551318,233.89337479670672,0.045339308073419876,5.354343407520456e-06,0.09846719271653773,0.0,1.0,1.0,0.0,0.0,19.999999999993705,19.999999999993705,0.0,0.0,0.152700558663751,0.0
1.4500000000004052,0.7129633708772659,0.0007403894927847497,0.0,754.5364053737901,235.25822743669224,0.045660428933284675,5.3870341514785975e-06,0.09695006013408901,0.0,1.0,1.0,0.0,0.0,19.999999999993705,19.999999999993705,0.0,0.0,0.15112807045996818,0.0
1.4583333333337687,0.7170194575848291,0.0007434391352985235,0.0,755.189013283782,236.63270262394613,0.04598087423138092,5.420350453412384e-06,0.09540981365665922,0.0,1.0,1.0,0.0,0.0,19.999999999993705,19.999999999993705,0.0,0.0,0.14952321006585953,0.0
1.4666666666671326,0.721094863583701,0.0007465408696546302,0.0,755.8035578606939,238.01677959565316,0.04630061218830743,5.454305999166671e-06,0.093847708152194,0.0,1.0,1.0,0.0,0.0,19.999999999993705,19.999999999993705,0.0,0.0,0.14788672685002802,0.0
1.4750000000004961,0.7251889863902322,0.0007496956678508305,0.0,756.3806981836374,239.41043662810736,0.0466196105753971,5.488914876705027e-06,0.09226495964349633,0.0,1.0,1.0,0.0,0.0,19.999999999993705,19.999999999993705,0.0,0.0,0.14621932900668627,0.0
1.4833333333338599,0.7293012084505285,0.0007529045272785913,0.0,756.921058385221,240.81365102518143,0.04693783684389018,5.524191590331459e-06,0.09066274709413946,0.0,1.0,1.0,0.0,0.0,19.999999999993708,19.999999999993708,0.0,0.0,0.14452168482061165,0.0
1.4916666666672234,0.733430898668101,0.0007561684715462957,0.0,757.4252287443076,242.22639911057345,0.04725525824755684,5.560151075625469e-06,0.08904221418646216,0.0,1.0,1.0,0.0,0.0,19.999999999993697,19.999999999993697,0.0,0.0,0.14279442387271452,0.0
1.500000000000587,0.737577413913284,0.0007594885513445396,0.0,757.8937667219377,243.64865622363266,0.0475718419587333,5.596808715122752e-06,0.0874044710909044,0.0,1.0,1.0,0.0,0.0,19.999999999993708,19.999999999993708,0.0,0.0,0.14103813818644462,0.0
1.5083333333339508,0.7417401005098059,0.000762865845355119,0.0,758.3271979409741,245.08039671856577,0.04788755517776565,5.634180354776046e-06,0.08575059622662175,0.0,1.0,1.0,0.0,0.0,19.999999999993705,19.999999999993705,0.0,0.0,0.13925338331541345,0.0
1.5166666666673145,0.7459182956941364,0.0007663014612053734,0.0,758.7260171098187,246.52159396682873,0.04820236523587516,5.67228232123236e-06,0.08408163801370006,0.0,1.0,1.0,0.0,0.0,19.999999999993708,19.999999999993708,0.0,0.0,0.1374406793724225,0.0
1.525000000000678,0.750111329043585,0.000769796536469669,0.0,759.0906888907409,247.9722203625029,0.04851623969148505,5.711131439965254e-06,0.08239861661798614,0.0,1.0,1.0,0.0,0.0,19.999999999993708,19.999999999993708,0.0,0.0,0.1356005120002659,0.0
1.5333333333340415,0.7543185238694698,0.0007733522397199208,0.0,759.4216487131074,249.43224733046512,0.048829146420072585,5.750745054303274e-06,0.08070252568986193,0.0,1.0,1.0,0.0,0.0,19.999999999993708,19.999999999993708,0.0,0.0,0.13373333328440706,0.0
1.5416666666674053,0.7585391985719486,0.0007769697716271512,0.0,759.7193035319883,250.9016453371551,0.04914105369762728,5.791141045397963e-06,0.07899433409905499,0.0,1.0,1.0,0.0,0.0,19.999999999993708,19.999999999993708,0.0,0.0,0.13183956260785568,0.0
1.550000000000769,0.762772667953453,0.000780650366116223,0.0,759.9840325322474,252.38038390375138,0.04945193027781736,5.8323378531778515e-06,0.07727498766778246,0.0,1.0,1.0,0.0,0.0,19.999999999993708,19.999999999993708,0.0,0.0,0.12991958744816123,0.0
1.558333333334133,0.7670182444881468,0.0007843952915760195,0.0,760.2161877785004,253.86843162156833,0.04976174546299523,5.8743544983376755e-06,0.07554541090536679,0.0,1.0,1.0,0.0,0.0,19.999999999993708,19.999999999993708,0.0,0.0,0.1279737641166993,0.0
1.5666666666674964,0.7712752395449218,0.0007882058521274755,0.0,760.4160948108686,255.36575616949227,0.050070469169172654,5.91721060541515e-06,0.07380650874774533,0.0,1.0,1.0,0.0,0.0,19.999999999993708,19.999999999993708,0.0,0.0,0.1260024184400212,0.0
1.57500000000086,0.7755429645619989,0.000792083388952038,0.0,760.5840531865899,256.8723243332761,0.050378071985127365,5.960926427011168e-06,0.0720591683060225,0.0,1.0,1.0,0.0,0.0,19.999999999993705,19.999999999993705,0.0,0.0,0.12400584638310247,0.0
1.5833333333342237,0.7798207321714277,0.0007960292816832877,0.0,760.7203369672518,258.38810202652087,0.050684525225810476,6.005522869212787e-06,0.07030426062872226,0.0,1.0,1.0,0.0,0.0,19.999999999993705,19.999999999993705,0.0,0.0,0.12198431461404673,0.0
1.5916666666675874,0.7841078572721258,0.0008000449498646416,0.0,760.8251951514305,259.91305431317517,0.050989800980238045,6.051021518282392e-06,0.06854264248320709,0.0,1.0,1.0,0.0,0.0,19.999999999993708,19.999999999993708,0.0,0.0,0.11993806100981651,0.0
1.6000000000009509,0.7884036580503894,0.0008041318544762383,0.0,760.898852052104,261.4471454313915,0.051293872154059436,6.0974446686804894e-06,0.06677515816222525,0.0,1.0,1.0,0.0,0.0,19.999999999993705,19.999999999993705,0.0,0.0,0.117867295102113,0.0
1.6083333333343144,0.7927074569471573,0.0008082914995343158,0.0,760.941507618258,262.9903388185775,0.051596712507009174,6.144815352494084e-06,0.06500264132257376,0.0,1.0,1.0,0.0,0.0,19.999999999993708,19.999999999993708,0.0,0.0,0.11577219846257247,0.0
1.616666666667678,0.7970185815715152,0.0008125254337666307,0.0,760.9533376996558,264.5425971374992,0.051898296685450075,6.19315737034763e-06,0.0632259168635648,0.0,1.0,1.0,0.0,0.0,19.999999999993708,19.999999999993708,0.0,0.0,0.11365292502598516,0.0
1.6250000000010418,0.8013363655602699,0.0008168352523676639,0.0,760.9344942536851,266.1038823032859,0.05219860025022713,6.242495323878361e-06,0.061445802854154075,0.0,1.0,1.0,0.0,0.0,19.999999999993605,19.999999999993605,0.0,0.0,0.111509601350157,0.0
1.6333333333344058,0.805660149383626,0.000821222598837656,0.0,760.8851054927351,267.6741555112047,0.0524975997000532,6.292854649863772e-06,0.05966311251857081,0.0,1.0,1.0,0.0,0.0,19.99999999999347,19.99999999999347,0.0,0.0,0.10934232681054959,0.0
1.6416666666677693,0.80998928109727,0.0008256891669097344,0.0,760.8052759703518,269.2533772650672,0.05279527249065236,6.3442616560945155e-06,0.05787865629171421,0.0,1.0,1.0,0.0,0.0,19.99999999999333,19.99999999999333,0.0,0.0,0.10715117372759955,0.0
1.6500000000011328,0.8143231170413572,0.0008302367025697578,0.0,760.6950866040299,270.84150740615235,0.053091597049887425,6.396743559093213e-06,0.056093243957054985,0.0,1.0,1.0,0.0,0.0,19.99999999999317,19.99999999999317,0.0,0.0,0.10493618742420531,0.0
1.6583333333344965,0.8186610224870676,0.0008348670061737096,0.0,760.554594632036,272.4385051425212,0.05338655278909615,6.45032852378539e-06,0.05430768688149616,0.0,1.0,1.0,0.0,0.0,19.999999999993,19.999999999993,0.0,0.0,0.10269738621036681,0.0
1.6666666666678602,0.823002372231717,0.0008395819346679287,0.0,760.3838335012508,274.0443290786192,0.053680120110869596,6.505045705237694e-06,0.052522800363710896,0.0,1.0,1.0,0.0,0.0,19.99999999999285,19.99999999999285,0.0,0.0,0.10043476129147524,0.0
1.6750000000012237,0.8273465511433495,0.000844383403917701,0.0,760.1828126824017,275.6589372450567,0.05397228041348846,6.560925292585063e-06,0.05073940611484008,0.0,1.0,1.0,0.0,0.0,19.999999999992692,19.999999999992692,0.0,0.0,0.09814827659614976,0.0
1.6833333333345872,0.8316929546561151,0.000849273391150224,0.0,759.9515174085807,277.2822871284762,0.05426301609224697,6.617998555278476e-06,0.048958334893327474,0.0,1.0,1.0,0.0,0.0,19.999999999992497,19.999999999992497,0.0,0.0,0.0958378685189129,0.0
1.691666666667951,0.8360409892176504,0.0008542539375182905,0.0,759.6899083320341,278.91433570141317,0.05455231053787435,6.676297891793246e-06,0.047180429318878954,0.0,1.0,1.0,0.0,0.0,19.999999999992312,19.999999999992312,0.0,0.0,0.09350344557207647,0.0
1.7000000000013147,0.8403900726900313,0.0008593271507915229,0.0,759.3979210936077,280.5550394520665,0.05484014813227651,6.735856880948491e-06,0.04540654689463202,0.0,1.0,1.0,0.0,0.0,19.999999999992074,19.999999999992074,0.0,0.0,0.09114488794045111,0.0
1.7083333333346786,0.8447396347057301,0.0008644952081824438,0.0,759.0754657981448,282.20435441390146,0.05512651424179878,6.796710335998858e-06,0.04363756327133908,0.0,1.0,1.0,0.0,0.0,19.999999999991875,19.999999999991875,0.0,0.0,0.08876204693138878,0.0
1.7166666666680421,0.8490891169802008,0.0008697603593152016,0.0,758.7224263880225,283.86223619501556,0.055411395208212616,6.85889436167175e-06,0.04187437579307072,0.0,1.0,1.0,0.0,0.0,19.99999999999166,19.99999999999166,0.0,0.0,0.08635474431139052,0.0
1.7250000000014056,0.8534379735828397,0.0008751249293452918,0.0,758.3386599058679,285.52864000720007,0.055694778337625955,6.922446414335453e-06,0.04011790737100484,0.0,1.0,1.0,0.0,0.0,19.999999999991406,19.999999999991406,0.0,0.0,0.08392277151922854,0.0
1.7333333333347694,0.8577856711679821,0.000880591322239222,0.0,757.9239956357372,287.20352069463655,0.05597665188750148,6.987405365497585e-06,0.03836911074019629,0.0,1.0,1.0,0.0,0.0,19.99999999999109,19.99999999999109,0.0,0.0,0.08146588874363528,0.0
1.741666666668133,0.8621316891677311,0.0008861620242237114,0.0,757.4782341105127,288.8868327621783,0.05625700505196529,7.053811568848078e-06,0.036628973164817294,0.0,1.0,1.0,0.0,0.0,19.999999999990834,19.999999999990834,0.0,0.0,0.07898382385188517,0.0
1.7500000000014966,0.8664755199484433,0.000891839607414688,0.0,757.0011459708215,290.5785304031628,0.05653582794558193,7.121706931076749e-06,0.03489852166995859,0.0,1.0,1.0,0.0,0.0,19.99999999999053,19.99999999999053,0.0,0.0,0.0764762711528755,0.0
1.75833333333486,0.8708166689326313,0.000897626733637113,0.0,756.4924706584843,292.2785675267171,0.05681311158575795,7.1911349867133366e-06,0.03317882889429738,0.0,1.0,1.0,0.0,0.0,19.999999999990152,19.999999999990152,0.0,0.0,0.073942889975799,0.0
1.7666666666682238,0.8751546546881437,0.0009035261584474096,0.0,755.9519149241536,293.98689778451114,0.05708884787393499,7.262140977255891e-06,0.03147101967774568,0.0,1.0,1.0,0.0,0.0,19.999999999989743,19.999999999989743,0.0,0.0,0.07138330304174557,0.0
1.7750000000015875,0.8794890089864182,0.0009095407353712339,0.0,755.379151125117,295.7034745969317,0.05736302957572102,7.334771934875172e-06,0.029776278523581487,0.0,1.0,1.0,0.0,0.0,19.99999999998948,19.99999999998948,0.0,0.0,0.0687970946015093,0.0
1.7833333333349515,0.8838192768316036,0.0009156734203701472,0.0,754.7738152846094,297.42825117864,0.0576356503001017,7.409076771003442e-06,0.028095858106823995,0.0,1.0,1.0,0.0,0.0,19.999999999989694,19.999999999989694,0.0,0.0,0.06618380830773245,0.0
1.791666666668315,0.8881450164623412,0.0009219272765518585,0.0,754.1355048781238,299.16118056349336,0.05790670447786611,7.48510637014146e-06,0.026431089042012107,0.0,1.0,1.0,0.0,0.0,19.999999999989928,19.999999999989928,0.0,0.0,0.06354294478299899,0.0
1.8000000000016785,0.8924657993279299,0.0009283054791397339,0.0,753.4637763051164,300.90221562880475,0.05817618733937169,7.562913689242778e-06,0.024783391177613644,0.0,1.0,1.0,0.0,0.0,19.99999999999016,19.99999999999016,0.0,0.0,0.060873958837647325,0.0
1.8083333333350422,0.8967812100406252,0.0009348113207185216,0.0,752.7581419954715,302.651309118925,0.058444094891767856,7.642553863063956e-06,0.02315428675525767,0.0,1.0,1.0,0.0,0.0,19.999999999990344,19.999999999990344,0.0,0.0,0.05817625628099932,0.0
1.816666666668406,0.901090846305701,0.0009414482167744665,0.0,752.0180670884804,304.4084136681316,0.05871042389578658,7.724084315899529e-06,0.02154541586651579,0.0,1.0,1.0,0.0,0.0,19.99999999999061,19.99999999999061,0.0,0.0,0.05544919025685071,0.0
1.8250000000017694,0.9053943188309825,0.0009482197115494343,0.0,751.2429656074399,306.1734818228108,0.05897517184220648,7.807564880155196e-06,0.01995855476771311,0.0,1.0,1.0,0.0,0.0,19.999999999990877,19.999999999990877,0.0,0.0,0.05269205701773794,0.0
1.833333333335133,0.9096912512173174,0.0009551294842301782,0.0,750.4321960335053,307.9464660629291,0.0592383369280796,7.893057922249612e-06,0.018395637788208404,0.0,1.0,1.0,0.0,0.0,19.999999999991157,19.999999999991157,0.0,0.0,0.049904091030947784,0.0
1.8416666666684967,0.9139812798316256,0.0009621813554955226,0.0,749.5850561570501,309.7273188227834,0.059499918032815236,7.98062847637547e-06,0.01685878381152711,0.0,1.0,1.0,0.0,0.0,19.99999999999142,19.99999999999142,0.0,0.0,0.047084459280944825,0.0
1.8500000000018604,0.9182640536639637,0.0009693792944460403,0.0,748.7007770503637,311.51599251102755,0.05975991469420021,8.07034438669487e-06,0.01535032865497772,0.0,1.0,1.0,0.0,0.0,19.999999999991754,19.999999999991754,0.0,0.0,0.044232254594706255,0.0
1.8583333333352243,0.9225392341699699,0.0009767274259427946,0.0,747.7785159587602,313.31243952997835,0.06001832708442649,8.162276458592768e-06,0.01387286517541717,0.0,1.0,1.0,0.0,0.0,19.999999999992077,19.999999999992077,0.0,0.0,0.04134648776451343,0.0
1.8666666666685878,0.9268064951001826,0.0009842300383838033,0.0,746.8173478419054,315.11661229419474,0.06027515598620321,8.25649861966469e-06,0.012429293673793402,0.0,1.0,1.0,0.0,0.0,19.999999999992454,19.999999999992454,0.0,0.0,0.03842607817015775,0.0
1.8750000000019513,0.9310655223173849,0.0009918915919492539,0.0,745.8162552039819,316.92846324833965,0.06053040276900582,8.35308809117342e-06,0.011022886306636238,0.0,1.0,1.0,0.0,0.0,19.999999999992884,19.999999999992884,0.0,0.0,0.035469842499085746,0.0
1.883333333335315,0.9353160136033336,0.0009997167273490635,0.0,744.7741157154937,318.7479448843275,0.06078406936552601,8.452125570773407e-06,0.00965737099776921,0.0,1.0,1.0,0.0,0.0,19.999999999993328,19.999999999993328,0.0,0.0,0.03247648101201103,0.0
1.8916666666686788,0.9395576784559925,0.0010077102751090978,0.0,743.6896869244101,320.57500975776094,0.06103615824836989,8.55369542737073e-06,0.008337043251271643,0.0,1.0,1.0,0.0,0.0,19.999999999993822,19.999999999993822,0.0,0.0,0.029444560573682187,0.0
1.9000000000020423,0.9437902378784391,0.001015877265435497,0.0,742.5615870349422,322.40961050366917,0.0612866724070526,8.657885909064524e-06,0.0070669192071539004,0.0,1.0,1.0,0.0,0.0,19.99999999999445,19.99999999999445,0.0,0.0,0.026372493313576193,0.0
1.9083333333354058,0.9480134241604681,0.0010242229386998375,0.0,741.3882702122611,324.2516998515516,0.06153561532532834,8.76478936519969e-06,0.005852952106914797,0.0,1.0,1.0,0.0,0.0,19.9999999999952,19.9999999999952,0.0,0.0,0.023258509203548435,0.0
1.9166666666687695,0.9522269806539356,0.0010327527565915614,0.0,740.1679939824696,326.1012306397442,0.06178299095889389,8.87450248365449e-06,0.0047023510990778245,0.0,1.0,1.0,0.0,0.0,19.999999999996156,19.999999999996156,0.0,0.0,0.020100619851677298,0.0
1.9250000000021332,0.956430661542754,0.001041472413988098,0.0,738.8987746762521,327.9581558291115,0.06202880371349592,8.987126544588993e-06,0.0036240756835089123,0.0,1.0,1.0,0.0,0.0,19.999999999996238,19.999999999996238,0.0,0.0,0.016896569010576665,0.0
1.9333333333354972,0.9606242316084763,0.001050387851597537,0.0,737.5783236624509,329.82242851608294,0.06227305842347216,9.102767691994308e-06,0.002629656879538788,0.0,1.0,1.0,0.0,0.0,19.999999999996177,19.999999999996177,0.0,0.0,0.013643761740451416,0.0
1.9416666666688607,0.9648074659922565,0.001059505269433591,0.0,736.2039500626306,331.69400194504414,0.06251576033074813,9.22153722450796e-06,0.0017346974546704915,0.0,1.0,1.0,0.0,0.0,19.999999999996163,19.999999999996163,0.0,0.0,0.01033915632810699,0.0
1.9500000000022242,0.9689801499540187,0.001068831141187849,0.0,734.7723974816076,333.5728295200923,0.0627569150643125,9.343551907098455e-06,0.0009620362933876849,0.0,1.0,1.0,0.0,0.0,19.999999999996145,19.999999999996145,0.0,0.0,0.0069790828896626475,0.0
1.958333333335588,0.9731420786295157,0.0010783722295703844,0.0,733.2795222661775,335.45886481617964,0.0629965286201856,9.468934305377988e-06,0.00035031776750323046,0.0,1.0,1.0,0.0,0.0,19.99999999999621,19.99999999999621,0.0,0.0,0.0035588858928211316,0.0
1.9666666666689516,0.9772930567860019,0.0010881356026960747,0.0,731.7193713172494,337.35206158964746,0.06323460734189787,9.59781314446953e-06,0.0,0.0,1.0,1.0,0.0,0.0,16.515827339654567,14.889594741835372,0.0,0.0,7.189951558673666e-05,0.0
1.9750000000023151,0.9814328985734577,0.0010981286516013656,0.0,730.0813916997886,339.2523737881741,0.06347115790127864,9.730323694546238e-06,0.0,0.0,1.0,1.0,0.0,0.0,16.555661402652085,14.920311000156488,0.0,0.0,0.0,0.0
1.9833333333356786,0.9855614270512156,0.0011083591089832946,0.0,728.3613384772575,341.15975556003247,0.06370618726702673,9.866608185359682e-06,0.0,0.0,1.0,1.0,0.0,0.0,16.59493795026958,14.950519961205336,0.0,0.0,0.0,0.0
1.9916666666690424,0.9896784723625864,0.0011188350692542934,0.0,726.5592571779675,343.0741612614535,0.06393970259753608,1.0006816252211884e-05,0.0,0.0,1.0,1.0,0.0,0.0,16.633665789585795,14.980230191518583,0.0,0.0,0.0,0.0
2.000000000002406,0.9937838677431721,0.001129565010001934,0.0,724.6751922903496,344.9955454589554,0.0641717110139399,1.015110541589242e-05,0.0,0.0,1.0,1.0,0.0,0.0,16.67185357426198,15.009450094023112,0.0,0.0,0.0,0.0
2.00833333333577,0.9978774437888787,0.001140557814949094,0.0,722.746568068155,346.9238629233499,0.06440221928026736,1.0299641599318371e-05,0.0,0.0,1.0,1.0,0.0,0.0,16.70950978223687,15.0381878800071,0.0,0.0,0.0,0.0
2.0166666666691335,1.001959021595648,0.0011518227985249155,0.0,720.8110510983115,348.85906861320694,0.0646312334271846,1.045259968396329e-05,0.0,0.0,1.0,1.0,0.0,0.0,16.746642690966706,15.066451537382173,0.0,0.0,0.0,0.0
2.025000000002497,1.0060284052990387,0.0011633697321734684,0.0,718.868686127381,350.80111764655675,0.06485875835002822,1.0610164109551662e-05,0.0,0.0,1.0,1.0,0.0,0.0,16.783260352871995,15.094248798476276,0.0,0.0,0.0,0.0
2.033333333335861,1.0100853744707359,0.0011752088725447522,0.0,716.9195177772115,352.7499652604576,0.06508479740700011,1.0772529520925898e-05,0.0,0.0,1.0,1.0,0.0,0.0,16.81937057301464,15.12158710988176,0.0,0.0,0.0,0.0
2.0416666666692245,1.0141296767465422,0.0011873509917317633,0.0,714.9635905968615,354.70556675875616,0.06530935203809082,1.0939901466467552e-05,0.0,0.0,1.0,1.0,0.0,0.0,16.854980890420705,15.148473606183112,0.0,0.0,0.0,0.0
2.050000000002588,1.018161020975065,0.0011998074097377303,0.0,713.0009491254436,356.6678774489054,0.06553242142002488,1.1112497152976806e-05,0.0,0.0,1.0,1.0,0.0,0.0,16.890098563916037,15.174915088750383,0.0,0.0,0.0,0.0
2.0583333333359515,1.0221790711018681,0.0012125900293796662,0.0,711.0316379646383,358.6368525690881,0.06575400216802284,1.1290546262492351e-05,0.0,0.0,1.0,1.0,0.0,0.0,16.924730562910295,15.20091801026786,0.0,0.0,0.0,0.0
2.066666666669315,1.0261834409404018,0.001225711373858251,0.0,709.0557018593581,360.6124472071654,0.06597408809142452,1.1474291837174746e-05,0.0,0.0,1.0,1.0,0.0,0.0,16.958883563232103,15.226488465267963,0.0,0.0,0.0,0.0
2.075000000002679,1.0301736899274763,0.0012391846272503024,0.0,707.0731857848787,362.5946162131312,0.06619267000712946,1.1663991239092457e-05,0.0,0.0,1.0,1.0,0.0,0.0,16.992563947869115,15.25163218663104,0.0,0.0,0.0,0.0
2.083333333336043,1.0341493199161726,0.001253023678208951,0.0,705.0841350386779,364.5833141068285,0.06640973561228967,1.1859917192551115e-05,0.0,0.0,1.0,1.0,0.0,0.0,17.025777812286293,15.276354547781878,0.0,0.0,0.0,0.0
2.0916666666694064,1.038109773021883,0.0012672431671886485,0.0,703.0885953352051,366.5784949827026,0.06662526941566212,1.2062358917506273e-05,0.0,0.0,1.0,1.0,0.0,0.0,17.058530973869242,15.300660570147636,0.0,0.0,0.0,0.0
2.10000000000277,1.0420544305067827,0.0012818585375478611,0.0,701.08661290185,368.5801124133151,0.06683925272542951,1.2271623363615624e-05,0.0,0.0,1.0,1.0,0.0,0.0,17.090828984959728,15.324554935327816,0.0,0.0,0.0,0.0
2.108333333336134,1.045982612663674,0.0012968860909221775,0.0,699.0782345744794,370.58811935326224,0.06705166369006917,1.2488036555632583e-05,0.0,0.0,1.0,1.0,0.0,0.0,17.122677148906543,15.348042001356188,0.0,0.0,0.0,0.0
2.1166666666694973,1.0498935796408544,0.0013123430473054485,0.0,697.0635078909895,372.602468045021,0.06726247738792926,1.271194506214336e-05,0.0,0.0,1.0,1.0,0.0,0.0,17.154080538539063,15.371125822397909,0.0,0.0,0.0,0.0
2.125000000002861,1.053786533135287,0.001328247610327123,0.0,695.0424811815096,374.6231099281111,0.0674716659605376,1.2943717601126265e-05,0.0,0.0,1.0,1.0,0.0,0.0,17.185044016476887,15.393810171215458,0.0,0.0,0.0,0.0
2.1333333333362243,1.0576606188707107,0.0013446190382710018,0.0,693.0152036540132,376.64999555279235,0.06767919878425091,1.318374679749203e-05,0.0,0.0,1.0,1.0,0.0,0.0,17.215572256714356,15.416098563749419,0.0,0.0,0.0,0.0
2.141666666669588,1.0615149297703654,0.00136147772144544,0.0,690.9817254742691,378.68307449936526,0.06788504267463918,1.343245110968387e-05,0.0,0.0,1.0,1.0,0.0,0.0,17.24566976695257,15.43799428518948,0.0,0.0,0.0,0.0
2.1500000000029518,1.0653485097290631,0.0013788452665885985,0.0,688.9420978392427,380.72229530396436,0.06808916211789862,1.3690276944610492e-05,0.0,0.0,1.0,1.0,0.0,0.0,17.27534091119637,15.459500416946431,0.0,0.0,0.0,0.0
2.1583333333363157,1.0691603571003567,0.0013967445890730823,0.0,686.8963730435057,382.76760539127724,0.0682915194819232,1.3957700982656968e-05,0.0,0.0,1.0,1.0,0.0,0.0,17.304589929536498,15.480619860568028,0.0,0.0,0.0,0.0
2.166666666669679,1.0729494212616586,0.0014152000137120852,0.0,684.8446045437413,384.8189510090929,0.06849207485674351,1.423523273653823e-05,0.0,0.0,1.0,1.0,0.0,0.0,17.33342093340627,15.501355330474325,0.0,0.0,0.0,0.0
2.1750000000030427,1.0767145925097703,0.0014342373849752451,0.0,682.7868470347172,386.87627715129895,0.0686907855452161,1.4523417369465638e-05,0.0,0.0,1.0,1.0,0.0,0.0,17.361837879709494,15.521709319305769,0.0,0.0,0.0,0.0
2.1833333333364067,1.0804546953496361,0.001453884187643356,0.0,680.7231565384606,388.93952746759584,0.06888760573961623,1.4822838803248927e-05,0.0,0.0,1.0,1.0,0.0,0.0,17.38984455830601,15.541684080060918,0.0,0.0,0.0,0.0
2.19166666666977,1.0841684864646772,0.0014741696791686866,0.0,678.65359049924,391.0086441672982,0.06908248644762441,1.513412315276865e-05,0.0,0.0,1.0,1.0,0.0,0.0,17.417444595572363,15.56128162889842,0.0,0.0,0.0,0.0
2.2000000000031337,1.0878546564300413,0.0014951250351759309,0.0,676.5782078777056,393.0835679238725,0.06927537561353736,1.5457942528438866e-05,0.0,0.0,1.0,1.0,0.0,0.0,17.44464146945637,15.580503763064907,0.0,0.0,0.0,0.0
2.208333333336497,1.091511834335867,0.0015167835097227474,0.0,674.4970692390563,395.1642377853293,0.06946621838742276,1.579501925414534e-05,0.0,0.0,1.0,1.0,0.0,0.0,17.471438532253657,15.599352089331443,0.0,0.0,0.0,0.0
2.2166666666698607,1.095138594603876,0.0015391806121533831,0.0,672.4102368314167,397.2505910942696,0.06965495750215855,1.614613055499662e-05,0.0,0.0,1.0,1.0,0.0,0.0,17.497839038086212,15.617828059197219,0.0,0.0,0.0,0.0
2.2250000000032246,1.0987334653850498,0.001562354302629167,0.0,670.3177746517113,399.34256342028783,0.0698415337246967,1.6512113777246638e-05,0.0,0.0,1.0,1.0,0.0,0.0,17.523846172705305,15.635933007866338,0.0,0.0,0.0,0.0
2.2333333333365886,1.1022949380198808,0.0015863452087120891,0.0,668.2197484972367,401.44008850650715,0.07002588635355048,1.689387221215732e-05,0.0,0.0,1.0,1.0,0.0,0.0,17.549463083779187,15.653668194641654,0.0,0.0,0.0,0.0
2.241666666669952,1.1058214771265316,0.0016111968657198628,0.0,666.1162260019132,403.5430982312561,0.07020795373949099,1.729238160663424e-05,0.0,0.0,1.0,1.0,0.0,0.0,17.574692910278177,15.671034842917003,0.0,0.0,0.0,0.0
2.2500000000033156,1.1093115309568786,0.0016369559839720794,0.0,664.0072766568026,405.65152258526706,0.07038767381081183,1.7708697456515245e-05,0.0,0.0,1.0,1.0,0.0,0.0,17.599538809945802,15.688034178402729,0.0,0.0,0.0,0.0
2.2583333333366795,1.1127635417266453,0.0016636727465186207,0.0,661.8929718149901,407.7652896642841,0.07056498458833774,1.814396319381592e-05,0.0,0.0,1.0,1.0,0.0,0.0,17.624003984153585,15.704667464597383,0.0,0.0,0.0,0.0
2.266666666670043,1.1161759556842048,0.0016914011414967958,0.0,659.7733846813189,409.88432567655207,0.07073982467866435,1.8599419397522952e-05,0.0,0.0,1.0,1.0,0.0,0.0,17.64809169969153,15.720936034830956,0.0,0.0,0.0,0.0
2.2750000000034065,1.1195472327337763,0.0017201993339198331,0.0,657.6485902877668,412.0085549643733,0.07091213373696531,1.907641417927823e-05,0.0,0.0,1.0,1.0,0.0,0.0,17.671805307246828,15.736841320459135,0.0,0.0,0.0,0.0
2.28333333333677,1.122875853685699,0.0017501300824710477,0.0,655.5186654557949,414.137900038359,0.07108185280210366,1.9576414921160385e-05,0.0,0.0,1.0,1.0,0.0,0.0,17.695148251630638,15.752384868605079,0.0,0.0,0.0,0.0
2.2916666666701335,1.1261602397968198,0.0017812612070037916,0.0,653.3836887923046,416.2722815776985,0.07124892017076373,2.0101021560460244e-05,0.0,0.0,1.0,1.0,0.0,0.0,17.718123846358463,15.767568050329192,0.0,0.0,0.0,0.0
2.3000000000034975,1.1293985640171893,0.001813666110315939,0.0,651.2437409285629,418.41161818703745,0.07141326183936353,2.0651981597433005e-05,0.0,0.0,1.0,1.0,0.0,0.0,17.74073478131999,15.782391413680555,0.0,0.0,0.0,0.0
2.3083333333368614,1.1325887719535523,0.0018474243638435454,0.0,649.0989048944627,420.55582601754026,0.07157479268000022,2.1231207123299825e-05,0.0,0.0,1.0,1.0,0.0,0.0,17.76298321581995,15.79685479921063,0.0,0.0,0.0,0.0
2.316666666670225,1.1357286625650058,0.0018826223714630162,0.0,646.9492663879835,422.7048184922006,0.07173342060721664,2.1840794272686448e-05,0.0,0.0,1.0,1.0,0.0,0.0,17.784871017534726,15.810957649784914,0.0,0.0,0.0,0.0
2.3250000000035884,1.1388159562589686,0.001919354124066302,0.0,644.7949139299913,424.85850614519757,0.07188905004850779,2.2483045514837943e-05,0.0,0.0,1.0,1.0,0.0,0.0,17.806399950664307,15.82469925778837,0.0,0.0,0.0,0.0
2.3333333333369524,1.1418483513360806,0.0019577220593296088,0.0,642.6359389246982,427.0167965548696,0.07204158477981404,2.316049526904575e-05,0.0,0.0,1.0,1.0,0.0,0.0,17.827571820009172,15.83807895749815,0.0,0.0,0.0,0.0
2.341666666670316,1.1448235702047993,0.0019978380438594877,0.0,640.4724356435518,429.1795943524289,0.07219093020934032,2.3875939427473455e-05,0.0,0.0,1.0,1.0,0.0,0.0,17.84838857828718,15.851096271333521,0.0,0.0,0.0,0.0
2.3500000000036794,1.1477393966602925,0.002039824498270094,0.0,638.3045011479666,431.3468012908871,0.07233699518482835,2.4632469488893455e-05,0.0,0.0,1.0,1.0,0.0,0.0,17.86885240304463,15.863751017598624,0.0,0.0,0.0,0.0
2.358333333337043,1.1505937054033935,0.002083815689873595,0.0,636.1322351641495,433.51831636078083,0.07247969339177575,2.543351215567419e-05,0.0,0.0,1.0,1.0,0.0,0.0,17.888965748657892,15.876043386351366,0.0,0.0,0.0,0.0
2.3666666666704064,1.1533844848630979,0.002129959222747318,0.0,633.9557399213713,435.69403594116835,0.07261894440298501,2.628287543136289e-05,0.0,0.0,1.0,1.0,0.0,0.0,17.908731378153306,15.887973989146698,0.0,0.0,0.0,0.0
2.3750000000037703,1.1561098542796933,0.002178417761230225,0.0,631.775119963315,437.87385397605055,0.07275467443318478,2.7184802487445235e-05,0.0,0.0,1.0,1.0,0.0,0.0,17.928152378889752,15.899543887607852,0.0,0.0,0.0,0.0
2.3833333333371343,1.1587680759053218,0.002229371030725852,0.0,629.5904819406184,440.05766216784843,0.07288681684629547,2.8144034858487692e-05,0.0,0.0,1.0,1.0,0.0,0.0,17.94723216553774,15.910754605067943,0.0,0.0,0.0,0.0
2.3916666666704978,1.1613575630846795,0.0022830181494803738,0.0,627.4019343913938,442.2453501808454,0.07301531245720237,2.916588689231284e-05,0.0,0.0,1.0,1.0,0.0,0.0,17.96597447325183,15.92160812488911,0.0,0.0,0.0,0.0
2.4000000000038613,1.163876884890721,0.002339580357331503,0.0,625.2095875153163,444.4368058486233,0.0731401096646447,3.0256333849332652e-05,0.0,0.0,1.0,1.0,0.0,0.0,17.984383343458514,15.93210687850548,0.0,0.0,0.0,0.0
2.408333333337225,1.1663246870578285,0.0023993042226335155,0.0,623.0135529578761,446.6319153684538,0.0732611604520162,3.142211663606554e-05,0.0,0.0,1.0,1.0,0.0,0.0,18.002462922717008,15.942253488428266,0.0,0.0,0.0,0.0
2.4166666666705887,1.1686966533302374,0.0024624653668126515,0.0,620.8139453308356,448.8305617560542,0.0733782704264943,3.267086571183036e-05,0.0,0.0,1.0,1.0,0.0,0.0,18.020210718949954,15.952041966523646,0.0,0.0,0.0,0.0
2.425000000003952,1.170985242711152,0.002529372704040643,0.0,618.6108881942389,451.0326188347747,0.07349108697853665,3.401124618798064e-05,0.0,0.0,1.0,1.0,0.0,0.0,18.037617410114265,15.96145740767865,0.0,0.0,0.0,0.0
2.4333333333373157,1.1731840242898752,0.0026003736607440476,0.0,616.4045149807403,453.2379502776405,0.07359931354824407,3.545313602082339e-05,0.0,0.0,1.0,1.0,0.0,0.0,18.054676603780592,15.970488690414507,0.0,0.0,0.0,0.0
2.441666666670679,1.175287814896233,0.0026758605433472235,0.0,614.1949670614581,455.4464115019342,0.07370271577981637,3.700784457077637e-05,0.0,0.0,1.0,1.0,0.0,0.0,18.071384953450412,15.979128661162965,0.0,0.0,0.0,0.0
2.450000000004043,1.1772925206404763,0.0027562782160584724,0.0,611.9823920083464,457.65785135999784,0.07380111314441712,3.868837967620253e-05,0.0,0.0,1.0,1.0,0.0,0.0,18.08774164205508,15.98737349038559,0.0,0.0,0.0,0.0
2.458333333337407,1.1791949951384728,0.002842133415421821,0.0,609.7669420936334,459.872113584068,0.07389437149880906,4.0509776180506134e-05,0.0,0.0,1.0,1.0,0.0,0.0,18.10374793590234,15.99522211413945,0.0,0.0,0.0,0.0
2.4666666666707706,1.180992913314364,0.002934006129276252,0.0,607.5487729992816,462.0890380100999,0.07398239651047064,4.248950301418958e-05,0.0,0.0,1.0,1.0,0.0,0.0,18.119406801657263,16.00267575239124,0.0,0.0,0.0,0.0
2.475000000004134,1.1826846595560758,0.0030325636012621913,0.0,605.3280427115833,464.3084616027884,0.07406512787468836,4.4647971579811844e-05,0.0,0.0,1.0,1.0,0.0,0.0,18.134722579136294,16.009737495550798,0.0,0.0,0.0,0.0
2.483333333337498,1.1842692289581778,0.0031385777046270577,0.0,603.1049105782738,466.5302193009161,0.07414253424810854,4.700917601745149e-05,0.0,0.0,1.0,1.0,0.0,0.0,18.14970070310296,16.01641195112732,0.0,0.0,0.0,0.0
2.4916666666708616,1.1857461403985594,0.0032529466818801926,0.0,600.8795365077858,468.7541446988722,0.07421460882507508,4.960150692090594e-05,0.0,0.0,1.0,1.0,0.0,0.0,18.16434746777974,16.02270494299913,0.0,0.0,0.0,0.0
2.500000000004225,1.18711536024287,0.0033767226013362277,0.0,598.6520802924188,470.98007057653,0.07428136548677006,5.24587957155049e-05,0.0,0.0,1.0,1.0,0.0,0.0,18.178669828375387,16.02862325645412,0.0,0.0,0.0,0.0
2.5083333333375886,1.1883772355404882,0.00351114638566234,0.0,596.4227010392468,473.2078292856285,0.07434283545796591,5.562166948692785e-05,0.0,0.0,1.0,1.0,0.0,0.0,18.192675234526895,16.03417442284859,0.0,0.0,0.0,0.0
2.516666666670952,1.1895324356582584,0.0036576929952852055,0.0,594.1915566944306,475.4372529960579,0.07439906441154857,5.9139329161107744e-05,0.0,0.0,1.0,1.0,0.0,0.0,18.2063714911374,16.039366538413752,0.0,0.0,0.0,0.0
2.525000000004316,1.1905819013866907,0.003818130417722732,0.0,591.9588036483538,477.6681737996541,0.07445010996651594,6.307191333279993e-05,0.0,0.0,1.0,1.0,0.0,0.0,18.219766642643147,16.044208112385032,0.0,0.0,0.0,0.0
2.53333333333768,1.1915066791131108,0.003994597197638665,0.0,589.7246012056107,479.90041886659895,0.07449506176051676,6.749367240414534e-05,0.0,0.0,1.0,1.0,0.0,0.0,18.23283057355002,16.048659711374224,0.0,0.0,0.0,0.0
2.5416666666710435,1.1921860817943526,0.004189693901071331,0.0,587.4892211142165,482.1337004345131,0.07452806903532988,7.24969867689143e-05,0.0,0.0,1.0,1.0,0.0,0.0,18.245342324776008,16.05244167060301,0.0,0.0,0.0,0.0
2.550000000004407,1.192616266720443,0.004406619657968912,0.0,585.2530354859815,484.3676272632709,0.07454896106100656,7.819822640698001e-05,0.0,0.0,1.0,1.0,0.0,0.0,18.257306726121854,16.05555826384683,0.0,0.0,0.0,0.0
2.558333333337771,1.1928153137364836,0.004649377522088519,0.0,583.0163941650026,486.60182642218774,0.0745586258421422,8.474648717133432e-05,0.0,0.0,1.0,1.0,0.0,0.0,18.26876865867619,16.058064322159957,0.0,0.0,0.0,0.0
2.5666666666711344,1.1927995143138348,0.004923050513527565,0.0,580.7796217832799,488.83594507916905,0.07455785874272239,9.23358829089975e-05,0.0,0.0,1.0,1.0,0.0,0.0,18.279767914815995,16.060008469488935,0.0,0.0,0.0,0.0
2.575000000004498,1.1925836014245397,0.005234200971562142,0.0,578.5430203480437,491.06964630699406,0.07454737486913407,0.00010122377863744162,0.0,0.0,1.0,1.0,0.0,0.0,18.29033992470882,16.061434008064097,0.0,0.0,0.0,0.0
2.5833333333378614,1.192180943525228,0.005591465189396966,0.0,576.3068714886532,493.3026045501214,0.07452781945876386,0.00011175864387275536,0.0,0.0,1.0,1.0,0.0,0.0,18.300516359230723,16.062379653257665,0.0,0.0,0.0,0.0
2.591666666671225,1.1916037091812086,0.0060064667339218,0.0,574.0714384170728,495.534500321249,0.07449977664665211,0.0001244240192634997,0.0,0.0,1.0,1.0,0.0,0.0,18.3103256334832,16.062880147354637,0.0,0.0,0.0,0.0
2.600000000004589,1.1908630075146538,0.006495271406048917,0.0,571.8369676459897,497.7650134380576,0.07446377690411471,0.0001399106432159348,0.0,0.0,1.0,1.0,0.0,0.0,18.319793329780655,16.06296677521712,0.0,0.0,0.0,0.0
2.608333333337953,1.1899690086224521,0.007080808390752909,0.0,569.6036905007588,499.99381360495687,0.07442030338304118,0.00015924034107279745,0.0,0.0,1.0,1.0,0.0,0.0,18.328942554954352,16.062667799921066,0.0,0.0,0.0,0.0
2.6166666666713163,1.1889310473022645,0.007797118966176681,0.0,567.3718244550901,502.2205461081964,0.07436979735305009,0.00018399106570921186,0.0,0.0,1.0,1.0,0.0,0.0,18.3377942437394,16.06200883269604,0.0,0.0,0.0,0.0
2.62500000000468,1.1877577127930432,0.008697322868476904,0.0,565.141574315346,504.44480811661214,0.0743126628824341,0.000216735183570335,0.0,0.0,1.0,1.0,0.0,0.0,18.34636741763891,16.061013148610698,0.0,0.0,0.0,0.0
2.6333333333380438,1.1864569267373082,0.00986988464004723,0.0,562.9131332742186,506.66610560285636,0.07424927088537077,0.00026197311381312264,0.0,0.0,1.0,1.0,0.0,0.0,18.3546794068162,16.059701957200208,0.0,0.0,0.0,0.0
2.6416666666714073,1.1850360111760738,0.011475859430311684,0.0,560.6866838512501,508.883766012259,0.07417996263538562,0.00032837650862403044,0.0,0.0,1.0,1.0,0.0,0.0,18.36274604112185,16.058094635475506,0.0,0.0,0.0,0.0
2.6500000000047708,1.1835017480702648,0.01384938587622525,0.0,558.462398734938,511.0967338802098,0.07410505282715443,0.00043519089223332706,0.0,0.0,1.0,1.0,0.0,0.0,18.37058181522404,16.05620892936663,0.0,0.0,0.0,0.0
2.6583333333381343,1.1785288397312903,0.017841982716587004,0.0,556.2422639791281,513.3011573971421,0.0738617302885063,0.0006358655921822288,0.0,0.0,1.0,1.0,0.0,0.0,18.372587182738343,16.047431351909328,0.0,0.0,0.0,0.0
2.6666666666714978,1.1723902457637443,0.02683503624311843,0.0,554.0309491799858,515.4869996482278,0.07356026121788693,0.0011696564068101962,0.0,0.0,1.0,1.0,0.0,0.0,18.372587182738343,16.036291170925463,0.0,0.0,0.0,0.0
2.6750000000048617,1.1670875290950797,0.9815425291700711,0.0,552.1207436985561,516.9965254159408,0.036655936406920095,0.03649858390045843,0.0,0.0,1.0,1.0,18.296101299136126,15.958445287184636,18.372587182738343,16.025158723492837,18.296101299136126,15.958445287184636,0.0,0.0
2.6833333333382257,1.16404833630825,0.9804216606958607,0.0,551.0259307784486,516.9963144145654,0.03646157763299927,0.03647749093017837,0.0,0.0,1.0,1.0,18.37237061685169,16.013845239675263,18.372587182738343,16.014034004242745,18.37237061685169,16.013845239675263,0.0,0.0
2.691666666671589,1.1610139000049768,0.9778873853300234,0.0,549.9328312934593,516.9958373420093,0.0364118870025234,0.03642777861376378,0.0,0.0,1.0,1.0,18.372586572890583,16.002916476619827,18.372587182738343,16.002917007810307,18.372586572890583,16.002916476619827,0.0,0.0
2.7000000000049527,1.157983601926611,0.9753565660840239,0.0,548.8412225273592,516.9953609200613,0.03636219637292412,0.03637806629717616,0.0,0.0,1.0,1.0,18.37258718103322,15.99180772735013,18.372587182738343,15.991807728834287,18.37258718103322,15.99180772735013,0.0,0.0
2.7083333333383166,1.1549574420731494,0.9728292029664185,0.0,547.7511044801469,516.9948851487229,0.03631250574332483,0.03632835398058855,0.0,0.0,1.0,1.0,18.372587182733618,15.98070616195308,18.372587182738343,15.980706161957187,18.372587182733618,15.98070616195308,0.0,0.0
2.71666666667168,1.151935420444592,0.9703052959772077,0.0,546.6624771518225,516.9944100279941,0.03626281511372552,0.03627864166400093,0.0,0.0,1.0,1.0,18.37258718273833,15.969612301825272,18.372587182738343,15.96961230182528,18.37258718273833,15.969612301825272,0.0,0.0
2.7250000000050436,1.1489175370409388,0.9677848451163912,0.0,545.5753405423861,516.993935557875,0.03621312448412621,0.03622892934741331,0.0,0.0,1.0,1.0,18.372587182738343,15.958526143088491,18.372587182738343,15.958526143088491,18.372587182738343,15.958526143088491,0.0,0.0
2.733333333338407,1.1459037918621902,0.9652678503839693,0.0,544.4896946518379,516.9934617383657,0.036163433854526916,0.036179217030825696,0.0,0.0,1.0,1.0,18.372587182738343,15.94744768040053,18.372587182738343,15.94744768040052,18.372587182738343,15.94744768040053,0.0,0.0
2.7416666666717706,1.1428941849083458,0.9627543117799419,0.0,543.4055394801776,516.9929885694659,0.03611374322492761,0.03612950471423809,0.0,0.0,1.0,1.0,18.372587182738343,15.936376908418715,18.372587182738343,15.936376908418724,18.372587182738343,15.936376908418715,0.0,0.0
2.7500000000051346,1.1398887161794058,0.9602442293043086,0.0,542.3228750274052,516.9925160511757,0.036064052595328314,0.036079792397650474,0.0,0.0,1.0,1.0,18.37258718273834,15.925313821804194,18.372587182738343,15.925313821804204,18.37258718273834,15.925313821804194,0.0,0.0
2.7583333333384985,1.1368873856753698,0.95773760295707,0.0,541.2417012935209,516.9920441834952,0.036014361965729005,0.03603008008106286,0.0,0.0,1.0,1.0,18.372587182738336,15.914258415221713,18.372587182738343,15.91425841522172,18.372587182738336,15.914258415221713,0.0,0.0
2.766666666671862,1.1338901933962384,0.9552344327382255,0.0,540.1620182785244,516.9915729664244,0.0359646713361297,0.035980367764475246,0.0,0.0,1.0,1.0,18.372587182738346,15.903210683339799,18.372587182738343,15.903210683339802,18.372587182738346,15.903210683339799,0.0,0.0
2.7750000000052255,1.130897139342011,0.9527347186477753,0.0,539.083825982416,516.9911023999632,0.0359149807065304,0.03593065544788763,0.0,0.0,1.0,1.0,18.372587182738336,15.892170620830603,18.372587182738343,15.892170620830605,18.372587182738336,15.892170620830603,0.0,0.0
2.7833333333385895,1.1279082235126878,0.9502384606857194,0.0,538.0071244051954,516.9906324841116,0.035865290076931094,0.03588094313130001,0.0,0.0,1.0,1.0,18.372587182738336,15.881138222370062,18.372587182738343,15.88113822237007,18.372587182738336,15.881138222370062,0.0,0.0
2.791666666671953,1.1249234459082693,0.9477456588520581,0.0,536.931913546863,516.9901632188697,0.03581559944733181,0.0358312308147124,0.0,0.0,1.0,1.0,18.37258718273834,15.87011348263772,18.372587182738343,15.87011348263772,18.37258718273834,15.87011348263772,0.0,0.0
2.8000000000053165,1.121942806528755,0.9452563131467915,0.0,535.8581934074186,516.9896946042375,0.03576590881773249,0.03578151849812479,0.0,0.0,1.0,1.0,18.37258718273834,15.859096396316934,18.372587182738343,15.859096396316948,18.37258718273834,15.859096396316934,0.0,0.0
2.80833333333868,1.1189663053741452,0.9427704235699189,0.0,534.785963986862,516.989226640215,0.0357162181881332,0.03573180618153717,0.0,0.0,1.0,1.0,18.37258718273834,15.848086958094616,18.372587182738343,15.848086958094628,18.37258718273834,15.848086958094616,0.0,0.0
2.8166666666720435,1.1159939424444396,0.9402879901214407,0.0,533.7152252851936,516.988759326802,0.0356665275585339,0.035682093864949554,0.0,0.0,1.0,1.0,18.372587182738336,15.837085162661458,18.372587182738343,15.837085162661454,18.372587182738336,15.837085162661458,0.0,0.0
2.8250000000054074,1.113025717739638,0.9378090128013569,0.0,532.645977302413,516.9882926639987,0.035616836928934595,0.03563238154836195,0.0,0.0,1.0,1.0,18.372587182738332,15.826091004711836,18.372587182738343,15.826091004711834,18.372587182738332,15.826091004711836,0.0,0.0
2.8333333333387714,1.1100616312597409,0.9353334916096675,0.0,531.5782200385204,516.987826651805,0.035567146299335314,0.03558266923177433,0.0,0.0,1.0,1.0,18.372587182738336,15.815104478943763,18.372587182738343,15.815104478943766,18.372587182738336,15.815104478943763,0.0,0.0
2.841666666672135,1.107101683004748,0.9328614265463724,0.0,530.5119534935159,516.9873612902211,0.03551745566973602,0.035532956915186716,0.0,0.0,1.0,1.0,18.372587182738343,15.804125580058923,18.372587182738343,15.804125580058928,18.372587182738343,15.804125580058923,0.0,0.0
2.8500000000054984,1.1041458729746596,0.9303928176114719,0.0,529.4471776673993,516.9868965792467,0.035467765040136705,0.035483244598599105,0.0,0.0,1.0,1.0,18.372587182738336,15.793154302762717,18.372587182738343,15.793154302762717,18.372587182738336,15.793154302762717,0.0,0.0
2.8583333333388623,1.1011942011694755,0.9279276648049657,0.0,528.3838925601707,516.986432518882,0.035418074410537424,0.035433532282011494,0.0,0.0,1.0,1.0,18.37258718273834,15.782190641764231,18.372587182738343,15.782190641764238,18.37258718273834,15.782190641764231,0.0,0.0
2.866666666672226,1.098246667589196,0.9254659681268539,0.0,527.3220981718301,516.9859691091269,0.03536838378093812,0.03538381996542388,0.0,0.0,1.0,1.0,18.372587182738336,15.771234591776171,18.372587182738343,15.771234591776185,18.372587182738336,15.771234591776171,0.0,0.0
2.8750000000055893,1.0953032722338203,0.9230077275771363,0.0,526.2617945023774,516.9855063499815,0.03531869315133881,0.03533410764883627,0.0,0.0,1.0,1.0,18.372587182738336,15.760286147515005,18.372587182738343,15.760286147515009,18.372587182738336,15.760286147515005,0.0,0.0
2.883333333338953,1.0923640151033487,0.9205529431558132,0.0,525.2029815518126,516.9850442414457,0.03526900252173952,0.035284395332248655,0.0,0.0,1.0,1.0,18.37258718273833,15.749345303700794,18.372587182738343,15.749345303700801,18.37258718273833,15.749345303700794,0.0,0.0
2.8916666666723163,1.0894288961977816,0.9181016148628842,0.0,524.1456593201359,516.9845827835197,0.0352193118921402,0.03523468301566104,0.0,0.0,1.0,1.0,18.372587182738343,15.738412055057236,18.372587182738343,15.73841205505724,18.372587182738343,15.738412055057236,0.0,0.0
2.9000000000056803,1.0864979155171186,0.9156537426983498,0.0,523.0898278073471,516.9841219762033,0.035169621262540876,0.03518497069907342,0.0,0.0,1.0,1.0,18.372587182738336,15.727486396311805,18.372587182738343,15.72748639631181,18.372587182738336,15.727486396311805,0.0,0.0
2.908333333339044,1.0835710730613601,0.9132093266622099,0.0,522.0354870134463,516.9836618194964,0.03511993063294157,0.03513525838248581,0.0,0.0,1.0,1.0,18.372587182738332,15.716568322195503,18.372587182738343,15.716568322195505,18.372587182738332,15.716568322195503,0.0,0.0
2.9166666666724077,1.0806483688305062,0.9107683667544645,0.0,520.9826369384336,516.9832023133993,0.03507024000334226,0.035085546065898206,0.0,0.0,1.0,1.0,18.37258718273833,15.705657827443087,18.372587182738343,15.705657827443089,18.37258718273833,15.705657827443087,0.0,0.0
2.925000000005771,1.0777298028245565,0.9083308629751133,0.0,519.9312775823089,516.9827434579117,0.035020549373742965,0.03503583374931059,0.0,0.0,1.0,1.0,18.372587182738343,15.69475490679297,18.372587182738343,15.694754906792983,18.372587182738343,15.69475490679297,0.0,0.0
2.933333333339135,1.074815375043511,0.9058968153241566,0.0,518.881408945072,516.982285253034,0.03497085874414366,0.03498612143272298,0.0,0.0,1.0,1.0,18.37258718273834,15.683859554987157,18.372587182738343,15.683859554987153,18.37258718273834,15.683859554987157,0.0,0.0
2.9416666666724987,1.0719050854873697,0.9034662238015941,0.0,517.8330310267232,516.9818276987658,0.034921168114544376,0.03493640911613537,0.0,0.0,1.0,1.0,18.37258718273834,15.672971766771292,18.372587182738343,15.672971766771289,18.37258718273834,15.672971766771292,0.0,0.0
2.950000000005862,1.0689989341561328,0.9010390884074259,0.0,516.7861438272623,516.9813707951072,0.03487147748494508,0.03488669679954774,0.0,0.0,1.0,1.0,18.372587182738346,15.662091536894696,18.372587182738343,15.662091536894696,18.372587182738346,15.662091536894696,0.0,0.0
2.9583333333392257,1.0660969210498,0.8986154091416518,0.0,515.7407473466894,516.9809145420583,0.03482178685534578,0.03483698448296013,0.0,0.0,1.0,1.0,18.372587182738336,15.651218860110424,18.372587182738343,15.651218860110427,18.372587182738336,15.651218860110424,0.0,0.0
2.966666666672589,1.0631990461683714,0.8961951860042726,0.0,514.6968415850044,516.980458939619,0.03477209622574645,0.03478727216637252,0.0,0.0,1.0,1.0,18.372587182738332,15.64035373117506,18.372587182738343,15.640353731175072,18.372587182738332,15.64035373117506,0.0,0.0
2.975000000005953,1.0603053095118475,0.8937784189952876,0.0,513.6544265422076,516.9800039877894,0.03472240559614718,0.034737559849784896,0.0,0.0,1.0,1.0,18.37258718273834,15.629496144848854,18.372587182738343,15.629496144848861,18.37258718273834,15.629496144848854,0.0,0.0
2.983333333339317,1.057415711080228,0.8913651081146974,0.0,512.6135022182987,516.9795496865695,0.03467271496654788,0.03468784753319729,0.0,0.0,1.0,1.0,18.37258718273833,15.618646095895711,18.372587182738343,15.61864609589572,18.37258718273833,15.618646095895711,0.0,0.0
2.9916666666726806,1.0545302508735126,0.8889552533625011,0.0,511.57406861327775,516.9790960359592,0.03462302433694858,0.03463813521660968,0.0,0.0,1.0,1.0,18.372587182738332,15.60780357908316,18.372587182738343,15.607803579083159,18.372587182738332,15.60780357908316,0.0,0.0
3.000000000006044,1.0516489288917017,0.8865488547386993,0.0,510.5361257271448,516.9786430359585,0.03457333370734931,0.034588422900022064,0.0,0.0,1.0,1.0,18.372587182738343,15.596968589182367,18.372587182738343,15.596968589182366,18.372587182738343,15.596968589182367,0.0,0.0
3.008333333339408,1.0487717451347949,0.8841459122432919,0.013333333377571156,509.4996735598998,516.9781906865675,0.03452364307774999,0.034538710583434454,0.0,0.0,1.0,1.0,18.372587182738336,15.586141120968085,18.372587182738343,15.586141120968085,18.372587182738336,15.586141120968085,0.0,0.0
3.016666666672772,1.0458986996027921,0.8817464258762787,0.026666666755142312,508.4647121115427,516.9777389877861,0.03447395244815067,0.034488998266846836,0.0,0.0,1.0,1.0,18.372587182738343,15.575321169218807,18.372587182738343,15.575321169218803,18.372587182738343,15.575321169218807,0.0,0.0
3.025000000006135,1.0430297922956935,0.87935039563766,0.04000000013271347,507.43124138207355,516.9772879396144,0.03442426181855135,0.03443928595025922,0.0,0.0,1.0,1.0,18.372587182738343,15.564508728716524,18.372587182738343,15.564508728716525,18.372587182738343,15.564508728716524,0.0,0.0
3.033333333339499,1.0401654333959487,0.8773991165547402,0.05333333323088785,506.3994091321238,516.9769206150086,0.03432849435974469,0.03432977454840877,0.0,0.0,1.0,1.0,18.37258718273834,15.553703794246937,18.372587182738343,15.553703794246934,18.37258718273834,15.553703794246937,0.0,0.0
3.041666666672862,1.037318346390869,0.87721919918071,0.06666666660845902,505.3737987623773,516.9768867459024,0.034046080312628076,0.03404714324026777,0.0,0.0,1.0,1.0,18.37258718273834,15.542906360599309,18.372587182738343,15.54290636059931,18.37258718273834,15.542906360599309,0.0,0.0
3.050000000006226,1.0344948660147393,0.8770597233518285,0.07999999998603016,504.3566922435501,516.9768567248785,0.03376164072531321,0.03376257947181179,0.0,0.0,1.0,1.0,18.372587182738325,15.532116422566533,18.372587182738343,15.532116422566535,18.372587182738325,15.532116422566533,0.0,0.0
3.0583333333395895,1.0316951566744914,0.8769201067623054,0.09333333336360132,503.34814880019513,516.9768304423189,0.03347520731828785,0.033476021012621926,0.0,0.0,1.0,1.0,18.37258718273834,15.521333974945147,18.372587182738343,15.52133397494515,18.37258718273834,15.521333974945147,0.0,0.0
3.0666666666729534,1.0289193864327892,0.8768004899267481,0.10666666674117248,502.34822897377455,516.9768079246753,0.033186731470624786,0.03318741922034918,0.0,0.0,1.0,1.0,18.37258718273834,15.510559012535275,18.372587182738343,15.510559012535278,18.37258718273834,15.510559012535275,0.0,0.0
3.075000000006317,1.0261677274844554,0.8767010168198202,0.12000000011874362,501.35699479428445,516.9767891990507,0.03289616255539381,0.03289672344611448,0.0,0.0,1.0,1.0,18.37258718273834,15.499791530140655,18.372587182738343,15.499791530140662,18.37258718273834,15.499791530140655,0.0,0.0
3.083333333339681,1.0234403563283636,0.8766218350139531,0.13333333321691804,500.37450984217566,516.976774293225,0.0326034478224237,0.03260388091966665,0.0,0.0,1.0,1.0,18.372587182738343,15.489031522568645,18.372587182738343,15.489031522568666,18.372587182738343,15.489031522568645,0.0,0.0
3.091666666673045,1.0207374539495182,0.8765630958366469,0.14666666659448918,499.4008393139444,516.9767632356858,0.03230853227172084,0.03230883661335765,0.0,0.0,1.0,1.0,18.372587182738332,15.478278984630197,18.372587182738343,15.478278984630203,18.372587182738332,15.478278984630197,0.0,0.0
3.100000000006408,1.0180592060120905,0.8765249545354332,0.15999999997206032,498.4360500916701,516.9767560556578,0.032011358515240854,0.03201153311165299,0.0,0.0,1.0,1.0,18.372587182738336,15.467533911139837,18.372587182738343,15.46753391113984,18.372587182738336,15.467533911139837,0.0,0.0
3.108333333339772,1.0154058030642887,0.8765075704391064,0.17333333334963147,497.4802108168161,516.9767527831344,0.03171186663130732,0.03171191046941006,0.0,0.0,1.0,1.0,18.372587182738346,15.45679629691578,18.372587182738343,15.45679629691578,18.372587182738346,15.45679629691578,0.0,0.0
3.116666666673135,1.01277744075601,0.8765111071507536,0.18666666672720264,496.53339196863476,516.9767534489138,0.031409994003652734,0.031409906043354266,0.0,0.0,1.0,1.0,18.37258718273834,15.44606613677971,18.372587182738343,15.44606613677971,18.37258718273834,15.44606613677971,0.0,0.0
3.125000000006499,1.0101743200703133,0.876535732730709,0.20000000010477378,495.59566594755114,516.9767580846327,0.031105675150075195,0.031105454322173553,0.0,0.0,1.0,1.0,18.37258718273834,15.435343425557031,18.372587182738343,15.435343425557031,18.37258718273834,15.435343425557031,0.0,0.0
3.1333333333398623,1.0075966475698626,0.8765816199161542,0.21333333348234496,494.6671071639397,516.9767667228089,0.030798841533741413,0.030798486739620184,0.0,0.0,1.0,1.0,18.37258718273834,15.424628158076622,18.372587182738346,15.424628158076628,18.37258718273834,15.424628158076622,0.0,0.0
3.1416666666732262,1.0050446356596188,0.8766489463234524,0.22666666658051932,493.74779213275417,516.976779396878,0.030489421361987058,0.03048893147746371,0.0,0.0,1.0,1.0,18.37258718273832,15.413920329171061,18.372587182738346,15.413920329171074,18.37258718273832,15.413920329171061,0.0,0.0
3.1500000000065898,1.0025185028671608,0.8767378947060546,0.2399999999580905,492.8377995745081,516.9767961412432,0.03017733936349175,0.030176713218805894,0.0,0.0,1.0,1.0,18.372587182738343,15.403219933676446,18.372587182738346,15.403219933676446,18.372587182738343,15.403219933676446,0.0,0.0
3.1583333333399537,1.000018474142229,0.8768486531861412,0.25333333333566166,491.9372105231797,516.9768169913181,0.029862516548931475,0.02986175294639853,0.0,0.0,1.0,1.0,18.372587182738332,15.392526966432488,18.372587182738343,15.392526966432492,18.372587182738332,15.392526966432488,0.0,0.0
3.1666666666733176,0.9975447811771601,0.8769814155292289,0.2666666667132328,491.04610844164256,516.9768419835787,0.029544869948772597,0.029543967654224023,0.0,0.0,1.0,1.0,18.372587182738354,15.38184142228244,18.372587182738354,15.381841422282447,18.372587182738354,15.38184142228244,0.0,0.0
3.1750000000066807,0.9950976627501842,0.8771363814350872,0.280000000090804,490.1645793453324,516.976871155618,0.02922431232609623,0.02922327006742545,0.0,0.0,1.0,1.0,18.37258718273834,15.371163296073238,18.37258718273835,15.371163296073254,18.37258718273834,15.371163296073238,0.0,0.0
3.1833333333400446,0.9926773650936851,0.8773137568402244,0.2933333334683751,489.2927119349056,516.9769045462034,0.02890075186373538,0.02889956832838307,0.0,0.0,1.0,1.0,18.37258718273834,15.360492582655258,18.37258718273834,15.360492582655262,18.37258718273834,15.360492582655258,0.0,0.0
3.1916666666734077,0.9902841422898199,0.8775137542549106,0.3066666665665495,488.43059773875393,516.9769421953393,0.028574091819419972,0.02857276565633867,0.0,0.0,1.0,1.0,18.372587182738332,15.349829276882526,18.37258718273835,15.349829276882536,18.372587182738332,15.349829276882526,0.0,0.0
3.2000000000067716,0.9879182566961795,0.8777365931166283,0.31999999994412065,487.5783312663412,516.9769841443347,0.028244230149345184,0.02824275995871409,0.0,0.0,1.0,1.0,18.37258718273836,15.33917337361265,18.37258718273836,15.339173373612658,18.37258718273836,15.33917337361265,0.0,0.0
3.208333333340135,0.9855799794044657,0.8779825001762529,0.33333333332169185,486.73601017343265,516.9770304358747,0.027911059090506927,0.02790944342208116,0.0,0.0,1.0,1.0,18.37258718273836,15.328524867706797,18.372587182738364,15.328524867706808,18.37258718273836,15.328524867706797,0.0,0.0
3.216666666673499,0.9832695907355702,0.8782517099154473,0.34666666669926294,485.90373544043837,516.9770811141001,0.02757446470253425,0.02757270206020641,0.0,0.0,1.0,1.0,18.37258718273837,15.317883754029639,18.37258718273838,15.317883754029648,18.37258718273837,15.317883754029639,0.0,0.0
3.2250000000068626,0.9809873807748466,0.8785444649850771,0.36000000007683414,485.0816115652351,516.9771362246896,0.027234326361499257,0.027232415195742512,0.0,0.0,1.0,1.0,18.37258718273837,15.3072500274495,18.372587182738382,15.3072500274495,18.37258718273837,15.3072500274495,0.0,0.0
3.2333333333402265,0.9787336499518748,0.8788610167068664,0.3733333334544053,484.26974677201554,516.977195814954,0.026890516195638876,0.02688845490174483,0.0,0.0,1.0,1.0,18.372587182738364,15.296623682838208,18.372587182738364,15.296623682838211,18.372587182738364,15.296623682838208,0.0,0.0
3.2416666666735905,0.9765087096695912,0.8792016255834126,0.38666666655257964,483.46825323792064,516.9772599339324,0.026542898463033874,0.026540685380311135,0.0,0.0,1.0,1.0,18.372587182738375,15.286004715071208,18.372587182738382,15.286004715071208,18.372587182738375,15.286004715071208,0.0,0.0
3.2500000000069535,0.9743128829883132,0.8795665618839803,0.3999999999301508,482.67724733944726,516.9773286325025,0.02619132885570085,0.02618896225583371,0.0,0.0,1.0,1.0,18.37258718273836,15.275393119027447,18.372587182738382,15.275393119027465,18.37258718273836,15.275393119027447,0.0,0.0
3.2583333333403175,0.9721465053709921,0.879956106269426,0.413333333307722,481.8968499209114,516.977401963498,0.025835653721426446,0.025833131805848973,0.0,0.0,1.0,1.0,18.372587182738354,15.264788889589466,18.372587182738357,15.264788889589472,18.372587182738354,15.264788889589466,0.0,0.0
3.2666666666736806,0.9700099254969046,0.8803705504667348,0.42666666668529313,481.12718658756535,516.9774799818362,0.025475709196815174,0.02547303009875361,0.0,0.0,1.0,1.0,18.372587182738364,15.254192021643366,18.37258718273836,15.254192021643368,18.372587182738364,15.254192021643366,0.0,0.0
3.2750000000070445,0.9679035061521017,0.8808101980228952,0.4400000000628643,480.3683880263658,516.9775627446592,0.025111320229840056,0.025108482006159383,0.0,0.0,1.0,1.0,18.372587182738396,15.243602510078729,18.372587182738393,15.243602510078734,18.372587182738396,15.243602510078729,0.0,0.0
3.283333333340408,0.9658276252061719,0.8812753651177829,0.45333333344043547,479.6205903578343,516.9776503114871,0.02474229948137706,0.02473930010656201,0.0,0.0,1.0,1.0,18.37258718273839,15.233020349788742,18.372587182738393,15.233020349788747,18.37258718273839,15.233020349788742,0.0,0.0
3.291666666673772,0.9637826766863902,0.8817663814731848,0.46666666681800656,478.883935523,516.9777427443896,0.024368446081660226,0.0243652834426862,0.0,0.0,1.0,1.0,18.372587182738407,15.222445535670117,18.372587182738418,15.222445535670124,18.372587182738407,15.222445535670117,0.0,0.0
3.3000000000071354,0.9617690719620957,0.8822835913341885,0.479999999916181,478.1585717100493,516.9778401081701,0.02398954422315849,0.02398621611607321,0.0,0.0,1.0,1.0,18.37258718273839,15.211878062623134,18.372587182738407,15.211878062623148,18.37258718273839,15.211878062623134,0.0,0.0
3.3083333333404994,0.9597872410542911,0.8828273545854758,0.4933333332937522,477.444653826085,516.9779424705762,0.02360536155626394,0.023601865671261744,0.0,0.0,1.0,1.0,18.372587182738393,15.201317925551594,18.37258718273839,15.201317925551603,18.372587182738393,15.201317925551594,0.0,0.0
3.3166666666738633,0.9578376340880184,0.8833980479565922,0.5066666666713233,476.742344020318,516.9780499025265,0.02321564735805499,0.023211981271738003,0.0,0.0,1.0,1.0,18.372587182738396,15.19076511936284,18.3725871827384,15.19076511936284,18.372587182738396,15.19076511936284,0.0,0.0
3.3250000000072264,0.9559207229081623,0.8839960663783543,0.5200000000488945,476.05181226613,516.9781624783661,0.022820130433425567,0.022816291607087324,0.0,0.0,1.0,1.0,18.372587182738364,15.180219638967744,18.37258718273837,15.180219638967765,18.372587182738364,15.180219638967744,0.0,0.0
3.3333333333405903,0.9540370028831222,0.8846218245100032,0.5333333334264656,475.3732370108135,516.9782802761538,0.022418516692990352,0.02241450246029584,0.0,0.0,1.0,1.0,18.37258718273834,15.169681479280714,18.372587182738346,15.169681479280733,18.37258718273834,15.169681479280714,0.0,0.0
3.3416666666739534,0.9521869949254247,0.8852757584174294,0.5466666668040367,474.7068059034596,516.978403377978,0.02201048635606454,0.02200629391004322,0.0,0.0,1.0,1.0,18.372587182738336,15.15915063521967,18.372587182738346,15.159150635219696,18.372587182738336,15.15915063521967,0.0,0.0
3.3500000000073173,0.9503712477639699,0.8859583274894602,0.5599999999022112,474.0527166134929,516.978531870318,0.021595690692550636,0.021591317077869147,0.0,0.0,1.0,1.0,18.37258718273832,15.148627101706136,18.372587182738325,15.148627101706149,18.37258718273832,15.148627101706136,0.0,0.0
3.358333333340681,0.9485903405097789,0.8866700165980571,0.5733333332797823,473.41117775493456,516.9786658444499,0.021173748216727892,0.021169190305618507,0.0,0.0,1.0,1.0,18.372587182738325,15.13811087366506,18.372587182738325,15.138110873665068,18.372587182738325,15.13811087366506,0.0,0.0
3.366666666674045,0.9468448855657918,0.8874113385379038,0.5866666666573535,472.7824099346029,516.9788053969064,0.02074424020945578,0.020739494686600246,0.0,0.0,1.0,1.0,18.372587182738325,15.12760194602497,18.372587182738325,15.127601946024974,18.372587182738325,15.12760194602497,0.0,0.0
3.3750000000074083,0.945135531942465,0.8881828368129178,0.6000000000349246,472.1666469464962,516.978950630001,0.02030670542550954,0.020301768778308478,0.0,0.0,1.0,1.0,18.37258718273833,15.11710031371788,18.37258718273835,15.117100313717879,18.37258718273833,15.11710031371788,0.0,0.0
3.3833333333407722,0.9434629690549425,0.8889850888235685,0.6133333334124959,471.56413713965304,516.9791016524284,0.019860633790294034,0.01985550228201207,0.0,0.0,1.0,1.0,18.372587182738346,15.106605971679393,18.372587182738354,15.106605971679391,18.372587182738346,15.106605971679393,0.0,0.0
3.391666666674136,0.9418279310956796,0.8898187095512162,0.626666666790067,470.9751449933093,516.9792585799576,0.019405458840068876,0.019400128486139184,0.0,0.0,1.0,1.0,18.372587182738336,15.096118914848521,18.37258718273834,15.09611891484852,18.372587182738336,15.096118914848521,0.0,0.0
3.4000000000074992,0.9402312020997425,0.8906843558064289,0.640000000167638,470.3999529415784,516.9794215362318,0.018940548591737577,0.018935015129481,0.0,0.0,1.0,1.0,18.372587182738325,15.085639138167897,18.37258718273834,15.085639138167908,18.372587182738325,15.085639138167897,0.0,0.0
3.408333333340863,0.9386736218506377,0.8915827312087817,0.6533333332658124,469.8388635009171,516.9795906537063,0.01846519441317742,0.018459453275546402,0.0,0.0,1.0,1.0,18.372587182738272,15.075166636583585,18.3725871827383,15.075166636583583,18.372587182738272,15.075166636583585,0.0,0.0
3.4166666666742262,0.9371560928149978,0.8925145920080133,0.6666666666433837,469.29220176821735,516.9797660747436,0.017978597347715092,0.01797264360877484,0.0,0.0,1.0,1.0,18.372587182738283,15.064701405045215,18.372587182738286,15.064701405045213,18.372587182738283,15.064701405045215,0.0,0.0
3.42500000000759,0.9356795883487732,0.8934807540184548,0.6800000000209548,468.7603183769353,516.9799479529191,0.01747985111468478,0.017473679448723363,0.0,0.0,1.0,1.0,18.372587182738272,15.05424343850592,18.372587182738275,15.054243438505928,18.372587182738272,15.05424343850592,0.0,0.0
3.4333333333409537,0.934245162491457,0.8944821008317966,0.6933333333985259,468.24359302527887,516.9801364545674,0.01696792078543763,0.016961525416467442,0.0,0.0,1.0,1.0,18.37258718273829,15.043792731922279,18.3725871827383,15.043792731922284,18.37258718273829,15.043792731922279,0.0,0.0
3.4416666666743176,0.9328539617668365,0.8955195937795131,0.7066666667760971,467.74243872721075,516.9803317606574,0.016441615660994054,0.016434990289752704,0.0,0.0,1.0,1.0,18.372587182738275,15.033349280254388,18.372587182738283,15.0333492802544,18.372587182738275,15.033349280254388,0.0,0.0
3.450000000007681,0.9315072395521169,0.8965942840422796,0.7200000001536683,467.2573069886583,516.9805340690717,0.015899554331583417,0.01589269205191539,0.0,0.0,1.0,1.0,18.372587182738265,15.022913078465871,18.372587182738265,15.02291307846588,18.372587182738265,15.022913078465871,0.0,0.0
3.458333333341045,0.9302063737824315,0.8977073275755122,0.7333333332518427,466.78869418523595,516.9807435974168,0.015340118963275714,0.015333012164062843,0.0,0.0,1.0,1.0,18.372587182738247,15.01248412152387,18.37258718273827,15.01248412152387,18.372587182738247,15.01248412152387,0.0,0.0
3.466666666674409,0.9289528890579737,0.8988600037749539,0.7466666666294137,466.3371495259301,516.9809605865365,0.014761394451222841,0.014754034670616641,0.0,0.0,1.0,1.0,18.372587182738236,15.002062404398934,18.372587182738265,15.002062404398938,18.372587182738236,15.002062404398934,0.0,0.0
3.475000000007772,0.9277484846708386,0.9000537391472972,0.760000000006985,465.90328514924965,516.9811853049681,0.014161085816328543,0.014153463577811333,0.0,0.0,1.0,1.0,18.37258718273824,14.991647922065201,18.372587182738247,14.991647922065217,18.37258718273824,14.991647922065201,0.0,0.0
3.483333333341136,0.9265950707615027,0.9012901378609681,0.7733333333845561,465.4877891479282,516.9814180546931,0.013536403534023201,0.013528508138111453,0.0,0.0,1.0,1.0,18.372587182738247,14.981240669500252,18.372587182738258,14.981240669500272,18.372587182738247,14.981240669500252,0.0,0.0
3.491666666674499,0.9254948159164116,0.9025710220294625,0.7866666667621272,465.09144271507387,516.9816591787211,0.01288390008674989,0.01287571931500458,0.0,0.0,1.0,1.0,18.37258718273821,14.970840641685108,18.372587182738208,14.970840641685117,18.37258718273821,14.970840641685108,0.0,0.0
3.500000000007863,0.9244502113344093,0.9038984860545531,0.8000000001396984,464.71514325893685,516.9819090713193,0.012199229730515435,0.012190749445235485,0.0,0.0,1.0,1.0,18.37258718273821,14.960447833604366,18.372587182738226,14.960447833604384,18.37258718273821,14.960447833604366,0.0,0.0
3.5083333333412265,0.9234641598173596,0.9052749721319039,0.8133333335172696,464.359936460133,516.9821681922263,0.01147678213682806,0.011467985723908723,0.0,0.0,1.0,1.0,18.372587182738247,14.95006224024607,18.372587182738254,14.95006224024609,18.372587182738247,14.95006224024607,0.0,0.0
3.5166666666745905,0.9225401035114675,0.9067033787643252,0.826666666615444,464.02706228808916,516.9824370870798,0.010709098131148313,0.010699965689730811,0.0,0.0,1.0,1.0,18.37258718273826,14.939683856601736,18.372587182738265,14.939683856601734,18.37258718273826,14.939683856601736,0.0,0.0
3.525000000007954,0.9216822152807642,0.908187223784472,0.839999999993015,463.7180239397974,516.9827164181052,0.009885884408886424,0.009876391442915335,0.0,0.0,1.0,1.0,18.372587182738275,14.929312677666305,18.372587182738286,14.929312677666305,18.372587182738275,14.929312677666305,0.0,0.0
3.533333333341318,0.9208957015012909,0.9097309028656574,0.8533333333705863,463.43469691581214,516.9830070127797,0.008992228789657986,0.00898234419295391,0.0,0.0,1.0,1.0,18.37258718273828,14.918948698438257,18.372587182738275,14.91894869843828,18.37258718273828,14.918948698438257,0.0,0.0
3.541666666674682,0.9201873171551642,0.9113401310689013,0.8666666667481574,463.1795145733486,516.9833099469527,0.008005042935951353,0.007994725304899516,0.0,0.0,1.0,1.0,18.372587182738247,14.908591913919611,18.372587182738283,14.908591913919608,18.372587182738247,14.908591913919611,0.0,0.0
3.550000000008045,0.9195663356979644,0.9130227787019808,0.8800000001257287,462.95581750304905,516.9836267021949,0.006884944791251662,0.0068741350642632796,0.0,0.0,1.0,1.0,18.372587182738275,14.898242319115685,18.37258718273828,14.898242319115706,18.372587182738275,14.898242319115685,0.0,0.0
3.558333333341409,0.9190466808039497,0.9147907245443859,0.8933333335032997,462.7686214507189,516.9839595146641,0.005553397998265954,0.005542001577335672,0.0,0.0,1.0,1.0,18.372587182738314,14.887899909035426,18.37258718273832,14.887899909035433,18.372587182738314,14.887899909035426,0.0,0.0
3.566666666674772,0.9186531061982364,0.916665321789869,0.9066666666014741,462.62684348742937,516.9843124040586,0.0037971827725578325,0.0037850066007545377,0.0,0.0,1.0,1.0,18.372587182738297,14.8775646786911,18.37258718273832,14.877564678691117,18.372587182738297,14.8775646786911,0.0,0.0
3.575000000008136,0.9184727917335416,0.917371842087268,0.9199999999790452,462.56188854067983,516.9844454051715,-0.001,-0.0011876608132469504,0.0,0.0,1.0,1.0,0.0,0.0,18.372586415665914,14.867236002377805,18.186226771263886,14.716432367442565,0.0,0.0
3.5833333333414994,0.9187211126780741,0.9211163900698337,0.9333333333566165,462.65134156241163,516.9851503092643,-0.004161228831608847,-0.0041767983893381735,0.0,0.0,1.0,1.0,0.0,0.0,18.370892574308293,14.855545399261993,10.811449333997043,8.74263325874688,0.0,0.0
3.5916666666748633,0.9191362056918471,0.9236558257433097,0.9466666667341875,462.80087113371565,516.9856283532386,-0.005718051899827347,-0.00573431126202271,0.0,0.0,1.0,1.0,0.0,0.0,18.363424100452054,14.839197471935957,4.563054903983062,3.687333714294792,0.0,0.0
3.600000000008227,0.9196644703092192,0.9262908918909798,0.9600000001117588,462.9911686794459,516.9861243994691,-0.006924547864595636,-0.006941338615374586,0.0,0.0,1.0,1.0,0.0,0.0,18.350129580049405,14.81816041366765,1.528517300791351,1.2343136030395,0.0,0.0
3.608333333341591,0.9202847248314432,0.9290033818053225,0.9733333334893299,463.2146038848822,516.9866350205778,-0.007943369749097547,-0.007960608087662299,0.0,0.0,1.0,1.0,0.0,0.0,18.332640430463893,14.793760502024183,0.42513214172697295,0.34306586169498554,0.0,0.0
3.6166666666749547,0.9209844254603952,0.9317826099378855,0.9866666665875043,463.4666580790432,516.9871582050299,-0.008840410632175,-0.00885804248769043,0.0,0.0,1.0,1.0,0.0,0.0,18.312237209120244,14.767037410924608,0.10086401949938657,0.08133701700968883,0.0,0.0
3.625000000008318,0.9217550058797217,0.9346213122878105,0.9999999999650754,463.7442454050978,516.9876925853914,-0.009650181776573036,-0.00966816854803702,0.0,0.0,1.0,1.0,0.0,0.0,18.289604347125877,14.738547552903743,0.02079645071445815,0.01675867186458999,0.0,0.0
3.6333333333416817,0.9225901310531595,0.9375141320410221,1.0133333333426466,464.04508378354774,516.9882371532519,-0.010393442786218702,-0.010411755124943578,0.0,0.0,1.0,1.0,0.0,0.0,18.265084519063922,14.708570591310584,0.0037784820652865094,0.0030427491385140383,0.0,0.0
3.641666666675045,0.9234848681916104,0.9404569061162686,1.0266666667202178,464.3673962684684,516.9887911249193,-0.011083833665857974,-0.011102448271569258,0.0,0.0,1.0,1.0,0.0,0.0,18.238875544791167,14.677268849923916,0.0006115956541372492,0.0004921659683006681,0.0,0.0
3.6500000000084087,0.9244352344631102,0.943446277865989,1.040000000097789,464.70974811840074,516.989353868511,-0.011730886183973164,-0.011749783980173206,0.0,0.0,1.0,1.0,0.0,0.0,18.211117092855552,14.644757442820948,8.898082623487389e-05,7.155533681032422e-05,0.0,0.0
3.6583333333417722,0.9254379260905667,0.9464794659048948,1.05333333347536,465.07094920882855,516.9899248604364,-0.012341572099755765,-0.012360737094255945,0.0,0.0,1.0,1.0,0.0,0.0,18.18192139524459,14.611129120068991,1.1723304671932207e-05,9.420936024963294e-06,0.0,0.0
3.666666666675136,0.926490144741108,0.9495541163540527,1.0666666668529312,465.4499914921555,516.9905036575824,-0.012921173362554338,-0.012940591895642615,0.0,0.0,1.0,1.0,0.0,0.0,18.151384040658247,14.576463012335394,1.407639348901318e-06,1.1304043183708613e-06,0.0,0.0
3.6750000000084997,0.9275894803905009,0.9526682033387935,1.0799999999511056,465.8460068017817,516.9910898785818,-0.013473805329613491,-0.013493465550921645,0.0,0.0,1.0,1.0,0.0,0.0,18.11958863368629,14.540828416671122,1.5489015139774293e-07,1.2429813725018358e-07,0.0,0.0
3.6833333333418636,0.928733829018938,0.9558199592173118,1.0933333333286768,466.25823720353486,516.9916831906793,-0.014002748468887372,-0.01402263998273836,0.0,0.0,1.0,1.0,0.0,0.0,18.086609453348753,14.5042869622429,1.5695078513638113e-08,1.2586434358740078e-08,0.0,0.0
3.6916666666752276,0.9299213328487421,0.9590078239541115,1.106666666706248,466.6860134674102,516.9922833002013,-0.014510667835128891,-0.01453078142428824,0.0,0.0,1.0,1.0,0.0,0.0,18.05251326249617,14.466894086632234,1.4709389791702546e-09,1.1787787168540049e-09,0.0,0.0
3.7000000000085906,0.9311503357542275,0.9622304074004844,1.120000000083819,467.12873900479815,516.9928899454549,-0.01499976350048643,-0.015020090910149192,0.0,0.0,1.0,1.0,0.0,0.0,18.017360637212725,14.428700121648324,1.2800019389441155e-10,1.0250538080482196e-10,0.0,0.0
3.7083333333419546,0.9324193492219524,0.9654864605452963,1.1333333334613904,467.5858776062967,516.9935028913161,-0.015471876780266056,-0.015492410563164952,0.0,0.0,1.0,1.0,0.0,0.0,17.981206978521524,14.389751120419366,1.0378757353015397e-11,8.305768095963176e-12,0.0,0.0
3.7166666666753176,0.9337270258526009,0.9687748531157833,1.1466666668389613,468.056943896254,516.994121925013,-0.01592856714663718,-0.01594930054257669,0.0,0.0,1.0,1.0,0.0,0.0,17.94410329949658,14.350089501466526,7.86679770946169e-13,6.291161466055205e-13,0.0,0.0
3.7250000000086816,0.9350721383826237,0.9720945558888552,1.1599999999371358,468.5414957757033,516.9947468527967,-0.016371169164920072,-0.01639209599427313,0.0,0.0,1.0,1.0,0.0,0.0,17.90609684837176,14.309754559060995,5.590521092748717e-14,4.46769529797122e-14,0.0,0.0
3.733333333342045,0.9364535628295028,0.975444626482719,1.173333333314707,469.0391283507573,516.9953774972652,-0.01680083543918749,-0.016821950036491493,0.0,0.0,1.0,1.0,0.0,0.0,17.867231609210307,14.268782873701637,3.73501553365181e-15,2.982785853187703e-15,0.0,0.0
3.741666666675409,0.9378702647733015,0.9788241977899529,1.1866666666922783,469.54946899078965,516.9960136951873,-0.017218569561644692,-0.017239866706231198,0.0,0.0,1.0,1.0,0.0,0.0,17.827548709490777,14.22720864662002,2.3518824388323254e-16,1.8769109940378824e-16,0.0,0.0
3.7500000000087725,0.9393212880617188,0.9822324684612908,1.2000000000698492,470.0721732596403,516.9966552957108,-0.01762525176020245,-0.017646726611541253,0.0,0.0,1.0,1.0,0.0,0.0,17.787086755797212,14.185063975575245,1.3990808931452648e-17,1.1157561802413937e-17,0.0,0.0
3.7583333333421365,0.9408057454143579,0.9856686949920818,1.2133333334474203,470.60692153097756,516.9973021588718,-0.018021659138006185,-0.018043307197187823,0.0,0.0,1.0,1.0,0.0,0.0,17.74588211319589,14.142379084638486,7.880023044699265e-19,6.279894816327869e-19,0.0,0.0
3.7666666666755004,0.9423228105343038,0.9891321850903885,1.2266666668249917,471.15341614663964,516.9979541543481,-0.01840848183511232,-0.0184302989054208,0.0,0.0,1.0,1.0,0.0,0.0,17.703969139944622,14.09918251746318,4.2107834508863624e-20,3.353406456273693e-20,0.0,0.0
3.7750000000088635,0.9438717114296034,0.9926222920470712,1.2400000002025626,471.71137901082136,516.9986111603978,-0.018786336069236437,-0.018808318225224857,0.0,0.0,1.0,1.0,0.0,0.0,17.661380386370823,14.055501301247617,2.1388905727113743e-21,1.702198727975465e-21,0.0,0.0
3.7833333333422274,0.9454517247160192,0.9961384099557856,1.253333333300737,472.28054953774733,516.99927306296,-0.019155774769645785,-0.019177918321988306,0.0,0.0,1.0,1.0,0.0,0.0,17.61814676470967,14.011361086931885,1.0346548249497513e-22,8.2284036716879e-23,0.0,0.0
3.7916666666755905,0.9470621707230702,0.9996799695841684,1.2666666666783082,472.86068288871326,516.999939754878,-0.019517296314475744,-0.019539597800577502,0.0,0.0,1.0,1.0,0.0,0.0,17.574297695188022,13.966786269943228,4.774532597714015e-24,3.7944546910348345e-24,0.0,0.0
3.8000000000089544,0.9486799304957851,1.000030915276521,1.2800000000558795,473.44345088831955,517.0102947870814,-0.01928198880180034,-0.0200088418806704,0.0,0.0,1.0,1.0,0.0,0.0,17.560816082360724,13.94584414703185,13.419857075105629,10.41913646958384,0.0,0.0
3.808333333342318,0.9502738313992263,1.000130496170045,1.2933333334334505,474.0176241721008,517.0434552246248,-0.018999348683874893,-0.0204763175173958,0.0,0.0,1.0,1.0,0.0,0.0,17.55064120036997,13.927505196759869,13.399498029968335,10.396107741854411,0.0,0.0
3.816666666675682,0.9518447385846618,1.0002964847601203,1.3066666668110218,474.5835143947801,517.0987294251199,-0.018729727918736838,-0.020931087625586577,0.0,0.0,1.0,1.0,0.0,0.0,17.540612202727917,13.909312750916405,13.37870960164798,10.372773057082718,0.0,0.0
3.8250000000090454,0.9533937327549558,1.0005266081888364,1.320000000188593,475.1415108595513,517.1753605268824,-0.01847303938239498,-0.02137403926244614,0.0,0.0,1.0,1.0,0.0,0.0,17.530720543057132,13.89125920935725,13.357507408417291,10.349145183009725,0.0,0.0
3.8333333333424093,0.9549218867697886,1.0008186775881398,1.3333333332867674,475.6920000442464,517.2726196368504,-0.018229181634510615,-0.021805964436045332,0.0,0.0,1.0,1.0,0.0,0.0,17.5209578735333,13.87333716436219,13.335906209800187,10.32523618795539,0.0,0.0
3.8416666666757733,0.9564302643941314,1.001170581514408,1.3466666666643383,476.23536515049693,517.3898036442978,-0.017998037553836242,-0.022227573887758645,0.0,0.0,1.0,1.0,0.0,0.0,17.51131603821444,13.855539394728746,13.313919991381384,10.301057508803439,0.0,0.0
3.8500000000091363,0.9579199189464818,1.0015802806150687,1.3600000000419097,476.77198561678574,517.5262334448178,-0.01777947329261506,-0.022639508366962036,0.0,0.0,1.0,1.0,0.0,0.0,17.501787068175943,13.837858861358018,13.291562037415881,10.27662000927536,0.0,0.0
3.8583333333425003,0.9593918918730266,1.0020458033000437,1.3733333334194808,477.30223660481556,517.6812524989144,-0.017573337540890466,-0.023042347949191952,0.0,0.0,1.0,1.0,0.0,0.0,17.49236317820249,13.820288704118628,13.268844993434652,10.251934030236912,0.0,0.0
3.8666666666758633,0.9608472112731927,1.0025652422330342,1.3866666667970518,477.82648846836616,517.8542256636002,-0.01737946109238156,-0.023436619818557717,0.0,0.0,1.0,1.0,0.0,0.0,17.48303676480439,13.8028222397887,13.245780920582376,10.227009433415452,0.0,0.0
3.8750000000092273,0.9622868904013258,1.003136751489943,1.4000000001746231,478.34510621355156,518.0445382461509,-0.01719765670259981,-0.023822804780962027,0.0,0.0,1.0,1.0,0.0,0.0,17.47380040533965,13.785452960889089,13.222381343073907,10.201855639629557,0.0,0.0
3.883333333342591,0.9637119261683735,1.0037585442571466,1.4133333335521943,478.8584489590793,518.2515952376298,-0.017027719227776267,-0.02420134276892985,0.0,0.0,1.0,1.0,0.0,0.0,17.46464685803574,13.76817453523187,13.19865728988441,10.176481662416894,0.0,0.0
3.8916666666759547,0.9651232976663797,1.0044288909624022,1.4266666666503687,479.3668694047268,518.4748206904799,-0.016869426030243825,-0.024572637511833476,0.0,0.0,1.0,1.0,0.0,0.0,17.455569062715366,13.750980806018942,13.174619331578233,10.150896137779506,0.0,0.0
3.9000000000093182,0.9665219647372736,1.0051461177476755,1.4400000000279396,479.87071331577425,518.7136572099758,-0.01672253763262573,-0.02493706056780442,0.0,0.0,1.0,1.0,0.0,0.0,17.446560142043964,13.733865792336692,13.15027761301453,10.125107350633462,0.0,0.0
3.908333333342682,0.9679088666058031,1.0059086052066712,1.453333333405511,480.37031903054407,518.9675655338215,-0.016586798599751307,-0.025294954712224517,0.0,0.0,1.0,1.0,0.0,0.0,17.437613403128314,13.716823689903954,13.12564188253739,10.09912325844609,0.0,0.0
3.916666666676046,0.969284920594601,1.006714787321468,1.466666666783082,480.8660169975272,519.2360241780488,-0.016461938623992912,-0.02564663694090724,0.0,0.0,1.0,1.0,0.0,0.0,17.428722339308585,13.699848871942594,13.100721518151595,10.072951512459476,0.0,0.0
3.925000000009409,0.9706510209371906,1.0075631505426037,1.4800000001606533,481.3581293477906,519.5185291306869,-0.016347673786915262,-0.025992401041031232,0.0,0.0,1.0,1.0,0.0,0.0,17.419880632001604,13.68293589005354,13.075525551101169,10.046599476832329,0.0,0.0
3.933333333342773,0.9720080377024218,1.008452232965689,1.4933333335382244,481.84696950752505,519.8145935775743,-0.016243707967892956,-0.026332519841267953,0.0,0.0,1.0,1.0,0.0,0.0,17.411082152467927,13.666079474993793,13.050062687198755,10.02007424597741,0.0,0.0
3.941666666676136,0.9733568158412744,1.0093806235654386,1.5066666666363986,482.3328418546738,520.123747647291,-0.016149734368888842,-0.026667247179893685,0.0,0.0,1.0,1.0,0.0,0.0,17.402320963391134,13.649274537265661,13.024341326197078,9.9933826603264,0.0,0.0
3.9500000000095,0.9746981743644161,1.0103469614549307,1.52000000001397,482.8160414226629,520.4455381644918,-0.01606543712388654,-0.02699681965152006,0.0,0.0,1.0,1.0,0.0,0.0,17.393591320175382,13.632516167441912,12.998369579449447,9.966531320719197,0.0,0.0
3.9583333333428636,0.9760329056562227,1.011349935144227,1.533333333391541,483.2968536532901,520.7795284030275,-0.015990492961658123,-0.027321458132869035,0.0,0.0,1.0,1.0,0.0,0.0,17.38488767188376,13.615799636167697,12.972155286066403,9.93952660158262,0.0,0.0
3.9666666666762276,0.9773617749284436,1.0123882817780627,1.5466666667691122,483.77555419991745,521.1252978320948,-0.015924572891484537,-0.02764136913601641,0.0,0.0,1.0,1.0,0.0,0.0,17.376204661755708,13.599120393792326,12.945706027745226,9.91237466303994,0.0,0.0
3.975000000009591,0.9786855198142117,1.0134607863373748,1.5600000001466834,484.2524087812212,521.4824418503457,-0.015867343883166452,-0.027956746030925045,0.0,0.0,1.0,1.0,0.0,0.0,17.367537127260352,13.58247406959862,12.919029142423085,9.885081462071325,0.0,0.0
3.983333333342955,0.9800048501007879,1.014566280793933,1.5733333335242543,484.7276730849179,521.8505715043796,-0.01581847051501309,-0.028267770124176323,0.0,0.0,1.0,1.0,0.0,0.0,17.358880099655753,13.565856470611148,12.892131736882003,9.857652762827978,0.0,0.0
3.991666666676319,0.9813204475973933,1.0157036432111584,1.586666666622429,485.2015927201535,522.2293131893156,-0.01577761656631528,-0.028574611626009584,0.0,0.0,1.0,1.0,0.0,0.0,17.350228803039716,13.549263579975227,12.865020698416915,9.830094146188575,0.0,0.0
4.000000000009682,0.9826329661326221,1.016871796787713,1.6,485.6744032165708,522.6183083303083,-0.01574444653406306,-0.028877430533819453,0.0,0.0,1.0,1.0,0.0,0.0,17.341578652890124,13.532691554910537,12.8377027056614,9.8024110186345,0.0,0.0
4.008333333343046,0.9839429378431324,1.0180549958796548,1.6,486.14629626654676,523.012313627925,-0.01571527108095987,-0.02884866851119692,0.0,0.0,1.0,1.0,0.0,0.0,17.33292597361365,13.516137313118557,12.810339827609269,9.774727340202862,0.0,0.0
4.016666666676409,0.9852505005625856,1.0192381588996278,1.6,486.6173215221054,523.4063069135759,-0.015686588998764607,-0.028819327309537127,0.0,0.0,1.0,1.0,0.0,0.0,17.324270092247747,13.49960024082229,12.783089414358328,9.747163128932007,0.0,0.0
4.025000000009773,0.9865556946520266,1.0204212396287224,1.6,487.0874935225656,523.8002727963645,-0.01565838298164785,-0.02878995824686084,0.0,0.0,1.0,1.0,0.0,0.0,17.315611073620243,13.483080330271607,12.755950916774994,9.719717754336695,0.0,0.0
4.033333333343137,0.9878585590537639,1.0216041934765914,1.6,487.55682629617286,524.1941964277048,-0.015630636260061063,-0.02876056234650027,0.0,0.0,1.0,1.0,0.0,0.0,17.30694898646317,13.466577577778123,12.728923787075473,9.69239058839951,0.0,0.0
4.0416666666765,0.9891591313355219,1.0227869774304754,1.6,488.0253333760043,524.5880634843483,-0.015603332588546199,-0.0287311405966338,0.0,0.0,1.0,1.0,0.0,0.0,17.298283903268715,13.450091983553675,12.702007478907456,9.66518100562726,0.0,0.0
4.050000000009864,0.9904574477335746,1.023969550005423,1.6,488.49302781550654,524.9818601518057,-0.015576456233517529,-0.02870169395135536,0.0,0.0,1.0,1.0,0.0,0.0,17.2896159001456,13.43362355155142,12.675201447427886,9.63808838310385,0.0,0.0
4.058333333343228,0.991753543194869,1.025151871195698,1.6,488.95992220367,525.3755731081674,-0.015549991961042665,-0.028672223331719787,0.0,0.0,1.0,1.0,0.0,0.0,17.280945056676607,13.417172289309436,12.648505149376883,9.611112100540193,0.0,0.0
4.066666666676592,0.9930474514181218,1.0263339024273943,1.6,489.4260286798335,525.7691895083223,-0.015523925024654604,-0.02864272962676398,0.0,0.0,1.0,1.0,0.0,0.0,17.27227145577727,13.40073820779707,12.621918043147565,9.584251540320817,0.0,0.0
4.075000000009955,0.9943392048939104,1.0275156065122286,1.6,489.89135894812557,526.162696968572,-0.015498241153209634,-0.028613213694504,0.0,0.0,1.0,1.0,0.0,0.0,17.263595183555996,13.384321321264085,12.595439588852715,9.55750608754773,0.0,0.0
4.083333333343319,0.9956288349437499,1.028696947602512,1.6,490.35592429154235,526.5560835516364,-0.015472926538814312,-0.028583676362908383,0.0,0.0,1.0,1.0,0.0,0.0,17.25491632917559,13.367921647092754,12.569069248387562,9.53087513008128,0.0,0.0
4.091666666676682,0.9969163717581764,1.0298778911472906,1.6,490.81973558566517,526.9493377520477,-0.015447967824838319,-0.02855411843084752,0.0,0.0,1.0,1.0,0.0,0.0,17.24623498471664,13.351539205652871,12.542806485489447,9.504358058578328,0.0,0.0
4.100000000010046,0.9982018444338263,1.0310584038496602,1.6,491.2828033120185,527.3424484819367,-0.015423352094037678,-0.02852454066901898,0.0,0.0,1.0,1.0,0.0,0.0,17.237551245043164,13.33517402016004,12.516650765794102,9.477954266527748,0.0,0.0
4.10833333334341,0.9994852810095365,1.032238453625207,1.6,491.7451375710741,527.7354050571938,-0.015399066856791252,-0.028494943820849813,0.0,0.0,1.0,1.0,0.0,0.0,17.22886520766981,13.31882611653697,12.490601556888867,9.451663150283547,0.0,0.0
4.116666666676773,1.000766708501472,1.033418009561598,1.6,492.20674809490515,528.128197184012,-0.015375100039476506,-0.028465328603375053,0.0,0.0,1.0,1.0,0.0,0.0,17.22017697263156,13.302495523278074,12.464658328362708,9.425484109095246,0.0,0.0
4.125000000010137,1.0020461529372888,1.0345970418792831,1.6,492.6676442594927,528.5208149458012,-0.015351439972989336,-0.028435695708093397,0.0,0.0,1.0,1.0,0.0,0.0,17.211486642355695,13.286182271317193,12.438820551853675,9.399416545136226,0.0,0.0
4.133333333343501,1.0033236393893465,1.0357755218933014,1.6,493.1278350966899,528.9132487904693,-0.015328075381423577,-0.02840604580179992,0.0,0.0,1.0,1.0,0.0,0.0,17.202794321536157,13.269886393898782,12.413087701093277,9.373459863529652,0.0,0.0
4.141666666676865,1.0045991920069892,1.036953421976179,1.6,493.587329305851,529.3054895180675,-0.015304995370918787,-0.02837637952739615,0.0,0.0,1.0,1.0,0.0,0.0,17.19410011701045,13.253607926452162,12.387459251948334,9.347613472372377,0.0,0.0
4.150000000010228,1.0058728340478986,1.0381307155218826,1.6,494.0461352651248,529.6975282687868,-0.015282189418683895,-0.0283466975046782,0.0,0.0,1.0,1.0,0.0,0.0,17.185404137639104,13.237346906469416,12.361934682460047,9.321876782756615,0.0,0.0
4.158333333343592,1.0071445879085488,1.0393073769108399,1.6,494.50426104242666,530.0893565113096,-0.015259647362206672,-0.028317000331102647,0.0,0.0,1.0,1.0,0.0,0.0,17.17670649418761,13.22110337338619,12.336513472880887,9.296249208789838,0.0,0.0
4.166666666676955,1.0084144751537658,1.0404833814759828,1.6,494.9617144060856,530.4809660315022,-0.015237359388655395,-0.02828728858253097,0.0,0.0,1.0,1.0,0.0,0.0,17.16800729921125,13.204877368466127,12.311195105708814,9.27073016761258,0.0,0.0
4.175000000010319,1.0096825165454084,1.0416587054697966,1.6,495.41850283517687,530.8723489214422,-0.015215316024476228,-0.028257562813952954,0.0,0.0,1.0,1.0,0.0,0.0,17.159306666942626,13.188668934688549,12.285979065719413,9.245319079414442,0.0,0.0
4.183333333343683,1.010948732070198,1.042833326032376,1.6,495.87463352954666,531.2634975687812,-0.015193508125195794,-0.02822782356018889,0.0,0.0,1.0,1.0,0.0,0.0,17.150604713181952,13.172478116639367,12.260864839995673,9.220015367448566,0.0,0.0
4.191666666677046,1.0122131409667097,1.044007221160445,1.6,496.3301134195354,531.654404646428,-0.015171926865426419,-0.028198071336571547,0.0,0.0,1.0,1.0,0.0,0.0,17.14190155518987,13.156304960405233,12.235851917955786,9.194818458044347,0.0,0.0
4.20000000001041,1.0134757617515275,1.045180369677325,1.6,496.7849491753997,532.0450631025491,-0.015150563729084696,-0.028168306639608075,0.0,0.0,1.0,1.0,0.0,0.0,17.13319731158358,13.140149513471032,12.210939791378854,9.169727780618318,0.0,0.0
4.208333333343774,1.014736612244605,1.0463527512038375,1.6,497.23914721644763,532.4354661508778,-0.015129410499819026,-0.02813852994762222,0.0,0.0,1.0,1.0,0.0,0.0,17.124492102235326,13.124011824620679,12.186127954428594,9.144742767683905,0.0,0.0
4.2166666666771375,1.015995709593843,1.0475243461301178,1.6,497.69271371989305,532.8256072613291,-0.015108459251650386,-0.028108741721377176,0.0,0.0,1.0,1.0,0.0,0.0,17.11578604817371,13.107891943840587,12.161415903675401,9.119862854859383,0.0,0.0
4.225000000010501,1.017253070298874,1.0486951355883156,1.6,498.14565462942295,533.215480150909,-0.015087702339834114,-0.028078942404679643,0.0,0.0,1.0,1.0,0.0,0.0,17.107079271488356,13.091789922227047,12.136803138116342,9.095087480874742,0.0,0.0
4.2333333333438645,1.0185087102341148,1.0498651014261586,1.6,498.59797566350204,533.6050787749107,-0.015067132391929743,-0.028049132424965595,0.0,0.0,1.0,1.0,0.0,0.0,17.098371895236657,13.07570581189614,12.112289159193722,9.070416087577001,0.0,0.0
4.241666666677228,1.0197626446710835,1.0510342261813725,1.6,499.04968232341196,533.994397318397,-0.015046742299091436,-0.02801931219386765,0.0,0.0,1.0,1.0,0.0,0.0,17.08966404335375,13.05963966589671,12.087873470811624,9.045848119934234,0.0,0.0
4.2500000000105915,1.0210148882999897,1.052202493056918,1.6,499.5007799010285,534.3834301879536,-0.015026525207572295,-0.027989482107765168,0.0,0.0,1.0,1.0,0.0,0.0,17.08095584056508,13.043591538126682,12.06355557935155,9.021383026038729,0.0,0.0
4.2583333333439555,1.0222654552506336,1.0533698858970346,1.6,499.95127348635083,534.7721720037124,-0.015006474510443044,-0.027959642548317058,0.0,0.0,1.0,1.0,0.0,0.0,17.07224741230185,13.027561483252011,12.039334993685722,8.997020257108579,0.0,0.0
4.2666666666773185,1.0235143591126181,1.0545363891640653,1.6,500.40116797478146,535.1606175916337,-0.014986583839525568,-0.02792979388297776,0.0,0.0,1.0,1.0,0.0,0.0,17.06353888461918,13.011549556628738,12.015211225189713,8.972759267488383,0.0,0.0
4.2750000000106825,1.0247616129549093,1.0557019879160552,1.6,500.8504680741734,535.5487619760463,-0.014966847057536536,-0.027899936465496777,0.0,0.0,1.0,1.0,0.0,0.0,17.05483038411676,12.995555814227655,11.991183787753101,8.948599514648944,0.0,0.0
4.283333333344046,1.0260072293447395,1.0568666677850773,1.6,501.2991783116396,535.9366003724307,-0.014947258250441374,-0.027870070636402462,0.0,0.0,1.0,1.0,0.0,0.0,17.04612203786227,12.979580312561929,11.967252197789291,8.924540459185781,0.0,0.0
4.29166666667741,1.027251220365889,1.0580304149562898,1.6,501.7473030401379,536.3241281804444,-0.014927811720016207,-0.027840196723470125,0.0,0.0,1.0,1.0,0.0,0.0,17.037413973317452,12.963623108617444,11.9434159742438,8.900581564817008,0.0,0.0
4.300000000010773,1.0284935976363574,1.059193216147693,1.6,502.19484644483765,536.7113409771816,-0.014908501976614127,-0.027810315042175085,0.0,0.0,1.0,1.0,0.0,0.0,17.028706318266725,12.947684259785618,11.919674638601377,8.876722298379924,0.0,0.0
4.308333333344137,1.0297343723254317,1.0603550585905739,1.6,502.6418125492677,537.098234510661,-0.01488932373213751,-0.02778042589613071,0.0,0.0,1.0,1.0,0.0,0.0,17.019999200748394,12.931763823799171,11.89602771489212,8.852962129826997,0.0,0.0
4.3166666666775,1.0309735551701908,1.0615159300106007,1.6,503.08820522126166,537.48480469353,-0.014870271893203555,-0.027750529577512673,0.0,0.0,1.0,1.0,0.0,0.0,17.0112927489883,12.915861858670036,11.872474729696467,8.829300532221131,0.0,0.0
4.325000000010864,1.032211156491444,1.062675818609585,1.6,503.5340281787001,537.8710475969917,-0.01485134155451275,-0.02772062636746847,0.0,0.0,1.0,1.0,0.0,0.0,17.002587091335556,12.899978422630069,11.849015212148883,8.805736981729842,0.0,0.0
4.333333333344228,1.0334471862091132,1.0638347130478394,1.6,503.9792849950513,538.2569594449304,-0.014832527992407803,-0.027690716536514174,0.0,0.0,1.0,1.0,0.0,0.0,16.99388235620161,12.884113574074014,11.825648693940984,8.782270957618962,0.0,0.0
4.341666666677591,1.0346816538571162,1.0649926024271652,1.6,504.4239791047323,538.6425366082459,-0.014813826658618988,-0.027660800344917497,0.0,0.0,1.0,1.0,0.0,0.0,16.98517867200058,12.868267371504869,11.802374709323347,8.758901942245544,0.0,0.0
4.350000000010955,1.0359145685976978,1.066149476274415,1.6,504.86811380827237,539.0277755993801,-0.014795233174202975,-0.02763087804306835,0.0,0.0,1.0,1.0,0.0,0.0,16.97647616709268,12.85243987348151,11.779192795106724,8.735629421050158,0.0,0.0
4.358333333344319,1.037145939235302,1.0673053245256394,1.6,505.31169227730936,539.4126730670379,-0.01477674332365866,-0.02760094987183651,0.0,0.0,1.0,1.0,0.0,0.0,16.96777496972935,12.836631138568695,11.756102490662132,8.712452882548444,0.0,0.0
4.366666666677683,1.0383757742299287,1.0684601375107747,1.6,505.75471755940146,539.797225791088,-0.014758353049226349,-0.027571016062917744,0.0,0.0,1.0,1.0,0.0,0.0,16.959075208001074,12.820841225289094,11.733103337920335,8.689371818322291,0.0,0.0
4.375000000011046,1.03960408171005,1.069613905938872,1.6,506.1971925826804,540.1814306776442,-0.014740058445356592,-0.027541076839167924,0.0,0.0,1.0,1.0,0.0,0.0,16.950377009786948,12.805070192077332,11.710194881370377,8.666385723010306,0.0,0.0
4.38333333334441,1.0408308694850572,1.0707666208838442,1.6,506.6391201603346,540.56528475432,-0.01472185575335553,-0.027511132414925817,0.0,0.0,1.0,1.0,0.0,0.0,16.941680502706546,12.789318097236492,11.687376668057565,8.643494094297719,0.0,0.0
4.391666666677773,1.042056145057268,1.0719182737707267,1.6,507.0805029949352,540.9487851656519,-0.014703741356198115,-0.027481182996324717,0.0,0.0,1.0,1.0,0.0,0.0,16.932985814073803,12.773584998896249,11.66464824758057,8.620696432905959,0.0,0.0
4.400000000011137,1.0432799156335224,1.0730688563624056,1.6,507.5213436826127,541.331929168681,-0.014685711773499109,-0.027451228781593708,0.0,0.0,1.0,1.0,0.0,0.0,16.924293070852816,12.757870954972935,11.642009172087995,8.597992242581645,0.0,0.0
4.408333333344501,1.0445021881363523,1.0742183607468392,1.6,507.96164471708124,541.7147141286973,-0.014667763656651175,-0.02742126996134812,0.0,0.0,1.0,1.0,0.0,0.0,16.91560239961559,12.74217602313167,11.619458996274181,8.575381030085142,0.0,0.0
4.416666666677864,1.0457229692147567,1.0753667793247226,1.6,508.4014084935194,542.0971375151325,-0.014649893784115043,-0.02739130671887032,0.0,0.0,1.0,1.0,0.0,0.0,16.906913926502007,12.726500260750385,11.596997277374545,8.552862305178744,0.0,0.0
4.425000000011228,1.0469422652545988,1.076514104797599,1.6,508.8406373123162,542.4791968976004,-0.014632099056861365,-0.02736133923038048,0.0,0.0,1.0,1.0,0.0,0.0,16.898227777180928,12.710843724885224,11.574623575160336,8.530435580614434,0.0,0.0
4.433333333344592,1.048160082388615,1.0776603301564018,1.6,509.27933338267644,542.8608899420817,-0.014614376493964024,-0.02733136766529804,0.0,0.0,1.0,1.0,0.0,0.0,16.889544076813866,12.695206472238038,11.552337451932708,8.508100372121298,0.0,0.0
4.441666666677956,1.0493764265060819,1.078805448670404,1.6,509.71749882610277,543.2422144072444,-0.014596723228333493,-0.027301392186493988,0.0,0.0,1.0,1.0,0.0,0.0,16.88086295001978,12.679588559125328,11.530138472516475,8.485856198392561,0.0,0.0
4.450000000011319,1.0505913032621106,1.0799494538765708,1.6,510.15513567974443,543.623168140898,-0.014579136502595276,-0.027271412950534365,0.0,0.0,1.0,1.0,0.0,0.0,16.87218452084218,12.66399004144893,11.508026204253246,8.463702581072374,0.0,0.0
4.458333333344683,1.0518047180866283,1.0810923395693037,1.6,510.5922458996321,544.0037490765781,-0.014561613665101142,-0.027241430107915014,0.0,0.0,1.0,1.0,0.0,0.0,16.86350891271684,12.648410974667984,11.486000216994153,8.441639044742258,0.0,0.0
4.466666666678046,1.0530166761930138,1.082234099790549,1.6,511.02883136378875,544.3839552302527,-0.014544152166076395,-0.027211443803288257,0.0,0.0,1.0,1.0,0.0,0.0,16.854836248442503,12.632851413772794,11.464060083092182,8.419665116907305,0.0,0.0
4.47500000001141,1.054227182586427,1.083374728820272,1.6,511.46489387523076,544.7637846971505,-0.014526749553893685,-0.027181454175681487,0.0,0.0,1.0,1.0,0.0,0.0,16.846166650151797,12.617311413259817,11.442205377393973,8.397780327981994,0.0,0.0
4.483333333344774,1.0554362420718333,1.0845142211672947,1.6,511.9004351648579,545.143235648709,-0.014509403471477729,-0.027151461358707593,0.0,0.0,1.0,1.0,0.0,0.0,16.837500239284623,12.601791027108039,11.420435677231385,8.375984211275945,0.0,0.0
4.491666666678137,1.056643859261725,1.085652571560435,1.6,512.3354568942352,545.5223063296247,-0.014492111652824437,-0.0271214654807688,0.0,0.0,1.0,1.0,0.0,0.0,16.82883713656239,12.586290308757132,11.398750562412605,8.354276302979256,0.0,0.0
4.500000000011501,1.057850038583578,1.0867897749400135,1.6,512.7699606582786,545.9009950550244,-0.014474871919644599,-0.027091466665252154,0.0,0.0,1.0,1.0,0.0,0.0,16.820177461963862,12.570809311086132,11.377149615212923,8.332656142147886,0.0,0.0
4.508333333344865,1.0590547842870062,1.0879258264496445,1.6,513.203947987833,546.2793002077316,-0.014457682178120934,-0.02706146503071881,0.0,0.0,1.0,1.0,0.0,0.0,16.8115213347023,12.555348086394265,11.355632420365318,8.311123270688629,0.0,0.0
4.516666666678229,1.0602581004506697,1.0890607214283479,1.6,513.63742035216,546.6572202356398,-0.014440540415777636,-0.027031460691086025,0.0,0.0,1.0,1.0,0.0,0.0,16.80286887320429,12.539906686382338,11.33419856505053,8.289677233343903,0.0,0.0
4.525000000011592,1.0614599909889226,1.0901944554029368,1.6,514.0703791613336,547.0347536491779,-0.014423444698454121,-0.027001453755803102,0.0,0.0,1.0,1.0,0.0,0.0,16.794220195089046,12.524485162135472,11.312847638886991,8.268317577676628,0.0,0.0
4.533333333344956,1.0626604596582159,1.0913270240807211,1.6,514.5028257685451,547.41189901888,-0.01440639316739167,-0.026971444330020085,0.0,0.0,1.0,1.0,0.0,0.0,16.785575417149698,12.509083564107016,11.291579233920391,8.24704385405459,0.0,0.0
4.541666666678319,1.063859510063255,1.0924584233424421,1.6,514.9347614723233,547.7886549730332,-0.01438938403641269,-0.02694143251475146,0.0,0.0,1.0,1.0,0.0,0.0,16.776934655335225,12.493701942103558,11.27039294461312,8.225855615634998,0.0,0.0
4.550000000011683,1.0650571456629288,1.0935886492355023,1.6,515.3661875186688,548.1650201954221,-0.014372415589206716,-0.02691141840703307,0.0,0.0,1.0,1.0,0.0,0.0,16.76829802473408,12.478340345270848,11.249288367833325,8.20475241834874,0.0,0.0
4.558333333344915,1.066253369776018,1.0947176979674365,1.6,515.7971051031108,548.5409934231562,-0.01435548617670793,-0.026881402100073695,0.0,0.0,1.0,1.0,0.0,0.0,16.75966563955836,12.462998822080955,11.228265102844036,8.183733820884658,0.0,0.0
4.5666666666781275,1.0674481855866926,1.0958455658996284,1.6,516.2275153726875,548.9165734445762,-0.014338594214564238,-0.02685138368340105,0.0,0.0,1.0,1.0,0.0,0.0,16.7510376131294,12.447677420320016,11.207322751291624,8.162799384673443,0.0,0.0
4.5750000000113396,1.0686415961497957,1.0969722495412675,1.6,516.6574194278498,549.291759097242,-0.014321738180699296,-0.026821363243002414,0.0,0.0,1.0,1.0,0.0,0.0,16.742414057864195,12.432376187077333,11.186460917194506,8.141948673871825,0.0,0.0
4.583333333344552,1.069833604395932,1.0980977455435408,1.6,517.0868183242937,549.6665492659989,-0.014304916612961585,-0.026791340861459876,0.0,0.0,1.0,1.0,0.0,0.0,16.733795085262884,12.417095168735017,11.165679206931548,8.121181255346423,0.0,0.0
4.591666666677764,1.0710242131363619,1.0992220506940178,1.6,517.5157130747236,550.0409428811079,-0.014288128106850737,-0.02676131661808131,0.0,0.0,1.0,1.0,0.0,0.0,16.72518080589725,12.401834410958655,11.144977229230117,8.10049669865768,0.0,0.0
4.600000000010976,1.072213425067713,1.1003451619112854,1.6,517.9441046505497,550.4149389164579,-0.014271371313335146,-0.026731290589025625,0.0,0.0,1.0,1.0,0.0,0.0,16.716571329399947,12.38659395868883,11.12435459515425,8.079894576043557,0.0,0.0
4.608333333344188,1.0734012427765098,1.1014670762397616,1.6,518.3719939835195,550.7885363878405,-0.01425464493674128,-0.026701262847423954,0.0,0.0,1.0,1.0,0.0,0.0,16.707966764454937,12.371373856133191,11.103810918092524,8.059374462403339,0.0,0.0
4.6166666666774,1.0745876687435276,1.1025877908447108,1.6,518.7993819672863,551.1617343512886,-0.014237947732721624,-0.02667123346349634,0.0,0.0,1.0,1.0,0.0,0.0,16.699367218788364,12.356174146759743,11.083345813745872,8.038935935281433,0.0,0.0
4.625000000010612,1.0757727053479935,1.1037073030074545,1.6,519.2262694589228,551.5345319014822,-0.014221278506294094,-0.02664120250466393,0.0,0.0,1.0,1.0,0.0,0.0,16.690772799160502,12.340994873290136,11.062958900115236,8.018578574850828,0.0,0.0
4.633333333343824,1.0769563548716112,1.104825610120758,1.6,519.6526572803705,551.9069281702124,-0.014204636109954741,-0.026611170035657168,0.0,0.0,1.0,1.0,0.0,0.0,16.682183611358514,12.325836077694479,11.042649797489158,7.998301963897079,0.0,0.0
4.641666666677036,1.0781386195024363,1.105942709684411,1.6,520.0785462198359,552.2789223249088,-0.014188019441861963,-0.026581136118619564,0.0,0.0,1.0,1.0,0.0,0.0,16.673599760189905,12.31069780118617,11.02241812843124,7.978105687801578,0.0,0.0
4.650000000010248,1.0793195013386179,1.10705859930095,1.6,520.5039370331381,552.6505135672163,-0.014171427444077431,-0.026551100813208238,0.0,0.0,1.0,1.0,0.0,0.0,16.665021349476305,12.295580084217635,11.002263517767608,7.957989334525509,0.0,0.0
4.65833333334346,1.0804990023919718,1.1081732766715713,1.6,520.9288304449967,553.0217011316331,-0.014154859100882477,-0.026521064176690163,0.0,0.0,1.0,1.0,0.0,0.0,16.65644848204875,12.280482966476647,10.982185592574089,7.937952494593307,0.0,0.0
4.666666666676672,1.0816771245914298,1.1092867395921777,1.6,521.3532271502738,553.3924842841951,-0.014138313437148322,-0.026491026264035288,0.0,0.0,1.0,1.0,0.0,0.0,16.647881259743066,12.265406486883311,10.96218398216364,7.917994761076316,0.0,0.0
4.675000000009884,1.082853869786359,1.1103989859496028,1.6,521.7771278151693,553.7628623212177,-0.0141217895167712,-0.02646098712800563,0.0,0.0,1.0,1.0,0.0,0.0,16.639319783395894,12.2503506835874,10.942258318073362,7.898115729576419,0.0,0.0
4.683333333343096,1.084029239749741,1.1115100137179665,1.6,522.2005330783672,554.1328345680828,-0.014105286441164867,-0.02643094681924125,0.0,0.0,1.0,1.0,0.0,0.0,16.630764152841675,12.235315593966384,10.922408234051716,7.878314998209786,0.0,0.0
4.6916666666763085,1.0852032361812447,1.1126198209551679,1.6,522.6234435521418,554.5024003780708,-0.014088803347802941,-0.026400905386343345,0.0,0.0,1.0,1.0,0.0,0.0,16.622214466909767,12.22030125462386,10.902633366045643,7.85859216759039,0.0,0.0
4.700000000009521,1.0863758607101666,1.113728405799525,1.6,523.0458598234168,554.8715591312417,-0.014072339408822432,-0.026370862875953655,0.0,0.0,1.0,1.0,0.0,0.0,16.61367082342232,12.205307701388564,10.882933352187548,7.838946840813829,0.0,0.0
4.708333333342733,1.0875471148982552,1.1148357664665367,1.6,523.4677824547834,555.2403102333566,-0.014055893829677198,-0.026340819332831243,0.0,0.0,1.0,1.0,0.0,0.0,16.605133319192948,12.190334969313808,10.863307832782343,7.819378623440986,0.0,0.0
4.716666666675945,1.0887170002424402,1.1159419012457787,1.6,523.8892119854827,555.6086531148443,-0.014039465847839393,-0.026310774799926193,0.0,0.0,1.0,1.0,0.0,0.0,16.59660205002554,12.175383092677292,10.843756450294526,7.799887123481868,0.0,0.0
4.725000000009157,1.08988551817744,1.1170468084979104,1.6,524.3101489323453,555.9765872298041,-0.014023054731551101,-0.026280729318450657,0.0,0.0,1.0,1.0,0.0,0.0,16.588077110713673,12.160452104981404,10.824278849334986,7.780471951379324,0.0,0.0
4.733333333342369,1.0910526700782772,1.1181504866518122,1.6,524.7305937906978,556.3441120550534,-0.01400665977862458,-0.026250682927946925,0.0,0.0,1.0,1.0,0.0,0.0,16.579558595040695,12.14554203895399,10.804874676648103,7.761132719992898,0.0,0.0
4.741666666675581,1.0922184572626872,1.1192529342018147,1.6,525.1505470352299,556.7112270892042,-0.013990280315282266,-0.026220635666353475,0.0,0.0,1.0,1.0,0.0,0.0,16.571046595779833,12.13065292654935,10.785543581098635,7.741869044582788,0.0,0.0
4.750000000008793,1.0933828809934467,1.1203541497050586,1.6,525.5700091208337,557.0779318517845,-0.01397391569504559,-0.026190587570067796,0.0,0.0,1.0,1.0,0.0,0.0,16.562541204695293,12.115784798949564,10.766285213658758,7.722680542793725,0.0,0.0
4.758333333342005,1.0945459424805928,1.1214541317789444,1.6,525.9889804834023,557.4442258823884,-0.013957565297663486,-0.02616053867400737,0.0,0.0,1.0,1.0,0.0,0.0,16.554042512543102,12.100937686566473,10.747099227394896,7.703566834638971,0.0,0.0
4.766666666675217,1.0957076428835737,1.1225528790986867,1.6,526.4074615406057,557.8101087398626,-0.013941228528080591,-0.02613048901166799,0.0,0.0,1.0,1.0,0.0,0.0,16.545550609072826,12.086111619043553,10.727985277454797,7.684527542484381,0.0,0.0
4.775000000008429,1.0968679833132928,1.1236503903949606,1.6,526.8254526926264,558.1755800015218,-0.013924904815446762,-0.026100438615180147,0.0,0.0,1.0,1.0,0.0,0.0,16.5370655830298,12.071306625258485,10.70894302105433,7.665562291032506,0.0,0.0
4.783333333341641,1.0980269648340921,1.1247466644516462,1.6,527.2429543228735,558.5406392623981,-0.013908593612162266,-0.026070387515363027,0.0,0.0,1.0,1.0,0.0,0.0,16.528587522157064,12.05652273332576,10.689972117464693,7.646670707306764,0.0,0.0
4.791666666674853,1.0991845884656528,1.125841700103663,1.6,527.6599667986686,558.9052861345197,-0.013892294392958903,-0.02604033574177638,0.0,0.0,1.0,1.0,0.0,0.0,16.52011651319807,12.041759970599628,10.671072227999295,7.627852420635665,0.0,0.0
4.800000000008065,1.1003408551848128,1.1269354962348805,1.6,528.0764904718993,559.2695202462152,-0.013876006654017715,-0.02601028332277073,0.0,0.0,1.0,1.0,0.0,0.0,16.51165264189976,12.027018363677383,10.652243016000764,7.609107062637137,0.0,0.0
4.808333333341277,1.1014957659273161,1.1280280517761263,1.6,528.4925256796503,559.63334124145,-0.013859729912120766,-0.02598023028553526,0.0,0.0,1.0,1.0,0.0,0.0,16.503195993015918,12.012297938402828,10.633484146828037,7.590434267202864,0.0,0.0
4.8166666666744895,1.1026493215894988,1.129119365703253,1.6,528.9080727448096,559.9967487791831,-0.013843463703831264,-0.025950176656144262,0.0,0.0,1.0,1.0,0.0,0.0,16.494746650310294,11.997598719870052,10.614795287843435,7.57183367048276,0.0,0.0
4.825000000007702,1.1038015230299003,1.1302094370353053,1.6,529.3231319766505,560.3597425327566,-0.013827207584710708,-0.025920122459601326,0.0,0.0,1.0,1.0,0.0,0.0,16.48630469656091,11.98292073242718,10.596176108399801,7.553304910869467,0.0,0.0
4.833333333340914,1.1049523710708111,1.13129826483274,1.6,529.7377036713879,560.7223221893023,-0.013810961128562662,-0.025890067719882264,0.0,0.0,1.0,1.0,0.0,0.0,16.47787021356393,11.968263999680708,10.57762627982759,7.534847628982974,0.0,0.0
4.841666666674126,1.1061018664997722,1.132385848195732,1.6,530.1517881127187,561.0844874491787,-0.013794723926704475,-0.025860012459976,0.0,0.0,1.0,1.0,0.0,0.0,16.469443282137835,11.953628544499681,10.559145475422113,7.516461467655222,0.0,0.0
4.850000000007338,1.1072500100709899,1.1334721862625348,1.6,530.5653855723319,561.446238025424,-0.013778495587271313,-0.025829956701924218,0.0,0.0,1.0,1.0,0.0,0.0,16.46102398212823,11.93901438902039,10.540733370430726,7.4981460719149196,0.0,0.0
4.85833333334055,1.108396802506721,1.134557278207914,1.6,530.9784963104071,561.8075736432353,-0.013762275734541746,-0.025799900466859243,0.0,0.0,1.0,1.0,0.0,0.0,16.452612392412405,11.924421554650925,10.522389642040153,7.479901088972388,0.0,0.0
4.866666666673762,1.1095422444985792,1.1356411232416466,1.6,531.3911205760853,562.1684940394682,-0.013746064008295294,-0.025769843775040456,0.0,0.0,1.0,1.0,0.0,0.0,16.444208590904516,11.909850062076073,10.504113969363729,7.461726168204414,0.0,0.0
4.875000000006974,1.1106863367088096,1.136723720607067,1.6,531.803258607928,562.5289989621532,-0.013729860063187677,-0.025739786645889502,0.0,0.0,1.0,1.0,0.0,0.0,16.435812654560483,11.895299931262272,10.485906033428872,7.443620961139261,0.0,0.0
4.883333333340186,1.1118290797714931,1.1378050695796857,1.6,532.2149106343511,562.8890881700353,-0.01371366356815733,-0.02570972909802389,0.0,0.0,1.0,1.0,0.0,0.0,16.42742465938363,11.880771181462892,10.467765517164365,7.425585121441742,0.0,0.0
4.891666666673398,1.1129704742937199,1.138885169465862,1.6,532.6260768740477,563.2487614321319,-0.013697474205851306,-0.02567967114928923,0.0,0.0,1.0,1.0,0.0,0.0,16.419044680430005,11.866263831223389,10.449692105387944,7.4076183048984285,0.0,0.0
4.90000000000661,1.1141105208567046,1.1399640196015122,1.6,533.0367575363896,563.6080185273034,-0.013681291672071128,-0.025649612816790703,0.0,0.0,1.0,1.0,0.0,0.0,16.410672791814083,11.851777898386745,10.43168548479371,7.389720169402822,0.0,0.0
4.908333333339822,1.1152492200168542,1.1410416193509012,1.6,533.446952821812,563.9668592438501,-0.013665115675249275,-0.025619554116922474,0.0,0.0,1.0,1.0,0.0,0.0,16.402309066714718,11.837313400099042,10.413745343939864,7.371890374940831,0.0,0.0
4.916666666673034,1.1163865723068114,1.142117968105451,1.6,533.8566629221897,564.325283379115,-0.013648945935932213,-0.025589495065396838,0.0,0.0,1.0,1.0,0.0,0.0,16.39395357738086,11.822870352814936,10.395871373236153,7.354128583576027,0.0,0.0
4.925000000006246,1.117522578236429,1.1431930652826152,1.6,534.2658880211876,564.6832907391108,-0.013632782186296745,-0.02555943567727162,0.0,0.0,1.0,1.0,0.0,0.0,16.385606395137934,11.80844877230363,10.378063264931727,7.336434459435282,0.0,0.0
4.9333333333394584,1.1186572382937285,1.1442669103248007,1.6,534.6746282946065,565.0408811381585,-0.013616624169678203,-0.02552937596697665,0.0,0.0,1.0,1.0,0.0,0.0,16.377267590393938,11.794048673654334,10.360320713102746,7.318807668694328,0.0,0.0
4.9416666666726705,1.1197905529458054,1.1453395026983169,1.6,535.0828839107087,565.3980543985394,-0.013600471640117132,-0.02549931594833941,0.0,0.0,1.0,1.0,0.0,0.0,16.368937232645717,11.77967007128244,10.34264341364033,7.301247879563443,0.0,0.0
4.950000000005883,1.1209225226397037,1.1464108418923864,1.6,535.4906550305338,565.7548103501646,-0.013584324361927596,-0.025469255634609344,0.0,0.0,1.0,1.0,0.0,0.0,16.360615390485556,11.765312978935379,10.325031064238306,7.283754762273277,0.0,0.0
4.958333333339095,1.1220531478032545,1.1474809274181854,1.6,535.8979418082,566.1111488302556,-0.013568182109279332,-0.025439195038481376,0.0,0.0,1.0,1.0,0.0,0.0,16.352302131607548,11.75097740969869,10.307483364381234,7.266327989060715,0.0,0.0
4.966666666672307,1.1231824288458814,1.148549758807922,1.6,536.3047443911944,566.467069683038,-0.01355204466579597,-0.025409134172118583,0.0,0.0,1.0,1.0,0.0,0.0,16.343997522814245,11.736663376002024,10.29000001533241,7.248967234154829,0.0,0.0
4.975000000005519,1.1243103661593667,1.14961733561396,1.6,536.7110629206495,566.8225727594486,-0.013535911824172743,-0.02537907304717374,0.0,0.0,1.0,1.0,0.0,0.0,16.335701630023586,11.72237088962542,10.272580720121915,7.231672173762952,0.0,0.0
4.983333333338731,1.1254369601185967,1.1506836574079682,1.6,537.116897531611,567.1776579168534,-0.013519783385804382,-0.02534901167481029,0.0,0.0,1.0,1.0,0.0,0.0,16.327414518275365,11.708099961705372,10.255225183534733,7.214442486056852,0.0,0.0
4.991666666671943,1.1265622110822646,1.151748723780114,1.6,537.5222483532916,567.5323250187779,-0.013503659160432765,-0.0253189500657222,0.0,0.0,1.0,1.0,0.0,0.0,16.319136251738296,11.69385060274123,10.23793311209893,7.197277851158917,0.0,0.0
5.000000000005155,1.127686119393565,1.1528125343382858,1.6,537.9271155093206,567.886573934649,-0.013487538965802306,-0.025288888230153208,0.0,0.0,1.0,1.0,0.0,0.0,16.31086689371677,11.679622822601301,10.220704214074035,7.18017795112857,0.0,0.0
5.008333333338367,1.1288086853808261,1.153875088707343,1.6,538.3314991179725,568.2404045395451,-0.013471422627337363,-0.02525882617791529,0.0,0.0,1.0,1.0,0.0,0.0,16.30260650665812,11.665416630529343,10.203538199439297,7.1631424699486494,0.0,0.0
5.016666666671579,1.129929909358157,1.1549363865284028,1.6,538.7353992923989,568.5938167139581,-0.013455309977822186,-0.025228763918406436,0.0,0.0,1.0,1.0,0.0,0.0,16.294355152159206,11.651232035150741,10.186434779882076,7.146171093511999,0.0,0.0
5.025000000004791,1.1310497916260298,1.1559964274581525,1.6,539.1388161408396,568.9468103435647,-0.013439200857103878,-0.025198701460627543,0.0,0.0,1.0,1.0,0.0,0.0,16.286112890973794,11.637069044479091,10.16939366878639,7.12926350960801,0.0,0.0
5.033333333338003,1.1321683324718697,1.1570552111681949,1.6,539.5417497668341,569.2993853190088,-0.013423095111799135,-0.025168638813198765,0.0,0.0,1.0,1.0,0.0,0.0,16.27787978301961,11.622927665922349,10.152414581221377,7.112419407909325,0.0,0.0
5.041666666671215,1.1332855321705986,1.1581127373444167,1.6,539.9442002694178,569.6515415356906,-0.013406992595018426,-0.025138575984375154,0.0,0.0,1.0,1.0,0.0,0.0,16.269655887385365,11.608807906289424,10.135497233930002,7.095638479958742,0.0,0.0
5.050000000004427,1.1344013909851673,1.1591690056863801,1.6,540.346167743314,570.0032788935645,-0.013390893166096617,-0.0251085129820618,0.0,0.0,1.0,1.0,0.0,0.0,16.26144126233806,11.594709771796435,10.11864134531772,7.078920419156011,0.0,0.0
5.0583333333376395,1.1355159091670657,1.1602240159067452,1.6,540.7476522791173,570.354597296946,-0.01337479669033667,-0.02507844981382821,0.0,0.0,1.0,1.0,0.0,0.0,16.253235965330024,11.580633268073248,10.101846635441165,7.06226492074488,0.0,0.0
5.0666666666708515,1.1366290869568054,1.161277767730715,1.6,541.1486539634676,570.7054966543279,-0.013358703038764446,-0.025048386486922154,0.0,0.0,1.0,1.0,0.0,0.0,16.245040053006157,11.56657840016985,10.085112825997117,7.045671681800137,0.0,0.0
5.075000000004064,1.1377409245843881,1.1623302608955004,1.6,541.5491728792185,571.0559768782016,-0.013342612087891573,-0.025018323008282994,0.0,0.0,1.0,1.0,0.0,0.0,16.236853581211307,11.55254517256278,10.068439640311269,7.029140401214876,0.0,0.0
5.083333333337276,1.1388514222697517,1.1633814951498127,1.6,541.9492091055988,571.4060378848876,-0.013326523719489374,-0.024988259384554387,0.0,0.0,1.0,1.0,0.0,0.0,16.228676604997275,11.538533589161519,10.051826803327298,7.012670779687624,0.0,0.0
5.091666666670488,1.1399605802231996,1.1644314702533674,1.6,542.3487627183663,571.7556795943713,-0.013310437820369437,-0.024958195622096703,0.0,0.0,1.0,1.0,0.0,0.0,16.220509178630362,11.52454365331503,10.035274041595876,6.996262519709753,0.0,0.0
5.1000000000037,1.1410683986458146,1.1654801859764152,1.6,542.7478337899574,572.1049019301462,-0.013294354282174159,-0.024928131726998745,0.0,0.0,1.0,1.0,0.0,0.0,16.21235135559823,11.510575367818028,10.018781083263809,6.979915325553031,0.0,0.0
5.108333333336912,1.1421748777298475,1.1665276420992996,1.6,543.1464223896269,572.4537048190667,-0.013278273001178908,-0.024898067705088883,0.0,0.0,1.0,1.0,0.0,0.0,16.204203188617438,11.496628734917397,10.002347658063231,6.963628903257051,0.0,0.0
5.116666666670124,1.1432800176590991,1.1675738384120178,1.6,543.5445285835856,572.8020881912018,-0.013262193878096672,-0.024868003561946045,0.0,0.0,1.0,1.0,0.0,0.0,16.196064729640657,11.482703756318667,9.985973497300812,6.947402960616892,0.0,0.0
5.125000000003336,1.1443838186092816,1.1686187747138133,1.6,543.9421524351304,573.1500519796997,-0.013246116817895353,-0.02483793930290997,0.0,0.0,1.0,1.0,0.0,0.0,16.187936029863618,11.46880043319221,9.96965833384716,6.931237207170858,0.0,0.0
5.133333333336548,1.1454862807483646,1.1696624508127726,1.6,544.3392940047695,573.4975961206532,-0.013230041729617892,-0.024807874933091355,0.0,0.0,1.0,1.0,0.0,0.0,16.179817139732695,11.454918766179697,9.95340190212629,6.9151313541882935,0.0,0.0
5.14166666666976,1.1465874042369053,1.1707048665254483,1.6,544.7359533503407,573.8447205529742,-0.013213968526214181,-0.02477781045738139,0.0,0.0,1.0,1.0,0.0,0.0,16.171708108951933,11.441058755400496,9.937203938104894,6.899085114657442,0.0,0.0
5.150000000002972,1.1476871892283695,1.1717460216764986,1.6,545.132130527127,574.1914252182739,-0.013197897124377717,-0.02474774588046079,0.0,0.0,1.0,1.0,0.0,0.0,16.16360898649038,11.427220400457712,9.921064179282139,6.883098203273515,0.0,0.0
5.158333333336184,1.1487856358694364,1.1727859160983365,1.6,545.5278255879667,574.537710060746,-0.01318182744438852,-0.024717681206808707,0.0,0.0,1.0,1.0,0.0,0.0,16.155519820589195,11.413403700444738,9.904982364679208,6.867170336426744,0.0,0.0
5.166666666669396,1.1498827443002915,1.1738245496307933,1.6,545.9230385833595,574.8835750270541,-0.013165759409962275,-0.02468761644071122,0.0,0.0,1.0,1.0,0.0,0.0,16.14744065876859,11.3996086539513,9.888958234828904,6.85130123219053,0.0,0.0
5.175000000002608,1.1509785146549036,1.1748619221207999,1.6,546.317769561565,575.2290200662263,-0.013149692948106997,-0.024657551586269415,0.0,0.0,1.0,1.0,0.0,0.0,16.139371547835403,11.38583525906978,9.872991531765559,6.83549061030975,0.0,0.0
5.1833333333358205,1.1520729470612965,1.175898033422086,1.6,546.7120185687012,575.5740451295546,-0.013133627988986115,-0.024627486647406976,0.0,0.0,1.0,1.0,0.0,0.0,16.131312533889904,11.372083513401318,9.857081999014808,6.819738192189085,0.0,0.0
5.1916666666690325,1.1531660416418075,1.176932883394875,1.6,547.105785648838,575.9186501704933,-0.013117564465781599,-0.024597421627878008,0.0,0.0,1.0,1.0,0.0,0.0,16.1232636623329,11.35835341406196,9.841229381583494,6.8040437008814605,0.0,0.0
5.200000000002245,1.1542577985133273,1.177966471905612,1.6,547.4990708440832,576.2628351445687,-0.013101502314571491,-0.02456735653127387,0.0,0.0,1.0,1.0,0.0,0.0,16.115224977872952,11.344644957688942,9.825433425949733,6.788406861076544,0.0,0.0
5.208333333335457,1.1553482177875423,1.1789987988266921,1.6,547.8918741946695,576.6066000092884,-0.01308544147420568,-0.024537291361030115,0.0,0.0,1.0,1.0,0.0,0.0,16.10719652453328,11.330958140446524,9.80969388005291,6.772827399089433,0.0,0.0
5.216666666668669,1.1564372995711576,1.1800298640361973,1.6,548.2841957390358,576.9499447240536,-0.013069381886187875,-0.024507226120433233,0.0,0.0,1.0,1.0,0.0,0.0,16.099178345658764,11.317292958032171,9.794010493283782,6.757305042849263,0.0,0.0
5.225000000001881,1.1575250439661164,1.1810596674176579,1.6,548.676035513905,577.29286925008,-0.013053323494565464,-0.024477160812626665,0.0,0.0,1.0,1.0,0.0,0.0,16.091170483922856,11.303649405682433,9.778383016474729,6.741839521888039,0.0,0.0
5.233333333335093,1.1586114510697985,1.182088208859807,1.6,549.0673935543564,577.6353735503156,-0.01303726624582167,-0.024447095440617156,0.0,0.0,1.0,1.0,0.0,0.0,16.083172981334837,11.29002747817916,9.76281120189001,6.726430567329524,0.0,0.0
5.241666666668305,1.159696520975228,1.1831154882563624,1.6,549.4582698939003,577.9774575893686,-0.013021210088772234,-0.02441703000728024,0.0,0.0,1.0,1.0,0.0,0.0,16.075185879246188,11.276427169855197,9.747294803216192,6.711077911878173,0.0,0.0
5.250000000001517,1.1607802537712628,1.184141505505799,1.6,549.848664564546,578.319121333431,-0.013005154974463813,-0.02438696451536615,0.0,0.0,1.0,1.0,0.0,0.0,16.067209218357796,11.262848474600208,9.731833575552363,6.695781289808124,0.0,0.0
5.258333333334729,1.1618626495427697,1.1851662605111541,1.6,550.2385775968652,578.6603647502143,-0.01298910085608486,-0.024356898967504755,0.0,0.0,1.0,1.0,0.0,0.0,16.059243038726677,11.24929138586683,9.716427275400797,6.6805404369524135,0.0,0.0
5.266666666667941,1.162943708370807,1.1861897531798142,1.6,550.6280090200577,579.0011878088781,-0.012973047688868275,-0.02432683336621106,0.0,0.0,1.0,1.0,0.0,0.0,16.05128737977279,11.235755896676107,9.701075660657388,6.665355090692097,0.0,0.0
5.275000000001153,1.1640234303327868,1.1872119834233348,1.6,551.0169588620098,579.3415904799704,-0.01295699543000817,-0.024296767713889847,0.0,0.0,1.0,1.0,0.0,0.0,16.043342280285664,11.222241999623394,9.685778490602345,6.6502249899456,0.0,0.0
5.283333333334365,1.1651018155026305,1.1882329511572525,1.6,551.4054271493502,579.681572735365,-0.01294094403857703,-0.02426670201284046,0.0,0.0,1.0,1.0,0.0,0.0,16.035407778431185,11.208749686884268,9.67053552589083,6.635149875158073,0.0,0.0
5.291666666667577,1.1661788639509327,1.1892526563009123,1.6,551.7934139075095,580.0211345482037,-0.01292489347544156,-0.02423663626526131,0.0,0.0,1.0,1.0,0.0,0.0,16.02748391175818,11.19527895021971,9.655346528543772,6.620129488290818,0.0,0.0
5.300000000000789,1.167254575745098,1.1902710987773026,1.6,552.1809191607688,580.3602758928417,-0.012908843703190792,-0.02420657047325407,0.0,0.0,1.0,1.0,0.0,0.0,16.01957071720502,11.18182978098219,9.640211261938662,6.605163572810831,0.0,0.0
5.3083333333340015,1.1683289509494852,1.1912882785128875,1.6,552.5679429323121,580.6989967447914,-0.012892794686058034,-0.024176504638828103,0.0,0.0,1.0,1.0,0.0,0.0,16.01166823110618,11.168402170120968,9.625129490800392,6.590251873680426,0.0,0.0
5.3166666666672135,1.1694019896255414,1.192304195437461,1.6,552.9544852442748,581.0372970806744,-0.012876746389853009,-0.024146438763904134,0.0,0.0,1.0,1.0,0.0,0.0,16.00377648919886,11.154996108187646,9.610100981192316,6.5753941373469456,0.0,0.0
5.325000000000426,1.1704736918319318,1.193318849483999,1.6,553.3405461177897,581.3751768781716,-0.012860698781893724,-0.02411637285031811,0.0,0.0,1.0,1.0,0.0,0.0,15.995895526629178,11.141611585341714,9.59512550050717,6.560590111732494,0.0,0.0
5.333333333333638,1.171544057624656,1.194332240588515,1.6,553.72612557303,581.7126361159754,-0.012844651830941859,-0.024086306899824987,0.0,0.0,1.0,1.0,0.0,0.0,15.988025377958872,11.128248591355968,9.580202817458268,6.545839546223823,0.0,0.0
5.34166666666685,1.172613087057175,1.195344368689932,1.6,554.1112236292536,582.0496747737474,-0.012828605507140345,-0.024056240914101974,0.0,0.0,1.0,1.0,0.0,0.0,15.980166077171445,11.114907115621788,9.565332702070574,6.531142191662232,0.0,0.0
5.350000000000062,1.1736807801805147,1.1963552337299488,1.6,554.4958403048417,582.3862928320729,-0.0128125597819546,-0.024026174894752096,0.0,0.0,1.0,1.0,0.0,0.0,15.972317657678694,11.101587147154623,9.550514925671981,6.516497800333599,0.0,0.0
5.358333333333274,1.1747471370433802,1.197364835652918,1.6,554.8799756173397,582.7224902724216,-0.012796514628114304,-0.023996108843307284,0.0,0.0,1.0,1.0,0.0,0.0,15.96448015232675,11.088288674599134,9.535749260884613,6.501906125958492,0.0,0.0
5.366666666666486,1.1758121576922564,1.1983731744057269,1.6,555.2636295834927,583.058267077107,-0.012780470019559098,-0.02396604276123155,0.0,0.0,1.0,1.0,0.0,0.0,15.95665359340242,11.075011686234415,9.521035481616133,6.4873669236822575,0.0,0.0
5.374999999999698,1.1768758421715066,1.1993802499376922,1.6,555.646802219282,583.3936232292515,-0.012764425931388119,-0.023935976649923675,0.0,0.0,1.0,1.0,0.0,0.0,15.948838012639362,11.061756169979345,9.506373363051177,6.472879950065317,0.0,0.0
5.38333333333291,1.1779381905234665,1.2003860622004405,1.6,556.0294935399579,583.7285587127466,-0.012748382339806932,-0.02390591051072038,0.0,0.0,1.0,1.0,0.0,0.0,15.94103339296891,11.048522080563382,9.491556392378682,6.458304598432717,0.0,0.0
5.391666666666122,1.1789992027885348,1.201390611147815,1.6,556.4117035600734,584.0630735122222,-0.012732339222081931,-0.023875844344898735,0.0,0.0,1.0,1.0,0.0,0.0,15.933239287795814,11.035309080766574,9.476460951952205,6.443557017309156,0.0,0.0
5.399999999999334,1.1800588790052597,1.20239389673577,1.6,556.793432293515,584.3971676130113,-0.012716296556492857,-0.02384577815367893,0.0,0.0,1.0,1.0,0.0,0.0,15.92545561135436,11.022117079465646,9.46141962940674,6.428863571573106,0.0,0.0
5.408333333332546,1.181117219210421,1.203395918922286,1.6,557.1746797535316,584.7308410011212,-0.012700254322291146,-0.02381571193822648,0.0,0.0,1.0,1.0,0.0,0.0,15.917682400895417,11.008946069303434,9.446432184659528,6.414224004623741,0.0,0.0
5.416666666665758,1.1821742234391108,1.2043966776672694,1.6,557.5554459527648,585.0640936632005,-0.01268421249965453,-0.023785645699654905,0.0,0.0,1.0,1.0,0.0,0.0,15.90991969306567,10.995796042516993,9.431498379012673,6.39963806137421,0.0,0.0
5.42499999999897,1.1832298917248083,1.2053961729324685,1.6,557.9357309032746,585.396925586512,-0.012668171069647734,-0.023755579439027896,0.0,0.0,1.0,1.0,0.0,0.0,15.902167523914533,10.982666990943098,9.416617975143604,6.3851054882409155,0.0,0.0
5.4333333333321825,1.1842842240994473,1.2063944046813957,1.6,558.3155346165647,585.7293367589047,-0.012652130014186129,-0.023725513157361384,0.0,0.0,1.0,1.0,0.0,0.0,15.894425928900727,10.96955890602421,9.401790737095766,6.37062603313305,0.0,0.0
5.441666666665395,1.1853372205934951,1.2073913728792416,1.6,558.6948571036103,586.0613271687873,-0.012636089315994564,-0.02369544685562579,0.0,0.0,1.0,1.0,0.0,0.0,15.886694942898915,10.956471778813755,9.3870164302692,6.356199445442123,0.0,0.0
5.449999999998607,1.1863888812360093,1.2083870774928063,1.6,559.073698374879,586.3928968051043,-0.012620048958575818,-0.02366538053474785,0.0,0.0,1.0,1.0,0.0,0.0,15.878974600206423,10.94340559998189,9.372294821411424,6.341825476031714,0.0,0.0
5.458333333331819,1.1874392060547065,1.2093815184904235,1.6,559.452058440355,586.7240456573109,-0.012604008926174444,-0.023635314195612583,0.0,0.0,1.0,1.0,0.0,0.0,15.871264934549608,10.930360359820916,9.35762567860827,6.327503877227138,0.0,0.0
5.466666666665031,1.188488195076021,1.2103746958418915,1.6,559.829937309561,587.0547737153497,-0.012587969203744645,-0.0236052478390652,0.0,0.0,1.0,1.0,0.0,0.0,15.86356597909037,10.917336048250547,9.34300877127466,6.313234402805264,0.0,0.0
5.474999999998243,1.1895358483251621,1.2113666095184068,1.6,560.2073349915779,587.3850809696294,-0.012571929776919212,-0.023575181465912767,0.0,0.0,1.0,1.0,0.0,0.0,15.855877766432524,10.904332654823488,9.328443870145724,6.299016807984451,0.0,0.0
5.483333333331455,1.1905821658261717,1.212357259492502,1.6,560.5842514950666,587.714967411003,-0.012555890631979346,-0.023545115076925912,0.0,0.0,1.0,1.0,0.0,0.0,15.848200328628174,10.891350168730712,9.31393074726776,6.284850849414493,0.0,0.0
5.491666666664667,1.191627147601971,1.2133466457379867,1.6,560.960686828284,588.0444330307495,-0.012539851755828037,-0.02351504867284037,0.0,0.0,1.0,1.0,0.0,0.0,15.840533697183918,10.878388578806517,9.29946917598943,6.270736285166765,0.0,0.0
5.499999999997879,1.192670793674419,1.2143347682298848,1.6,561.3366409991042,588.3734778205516,-0.012523813135959589,-0.023484982254358654,0.0,0.0,1.0,1.0,0.0,0.0,15.832877903067164,10.86544787353392,9.285058930952863,6.256672874724231,0.0,0.0
5.508333333331091,1.1937131040643574,1.2153216269443865,1.6,561.7121140150352,588.7021017724805,-0.012507774760435986,-0.023454915822151336,0.0,0.0,1.0,1.0,0.0,0.0,15.825232976712064,10.852528041049569,9.270699788084913,6.2426603789717685,0.0,0.0
5.516666666664303,1.1947540787916533,1.2163072218587898,1.6,562.0871058832339,589.030304878977,-0.012491736617861253,-0.02342484937685861,0.0,0.0,1.0,1.0,0.0,0.0,15.817598948025825,10.839629069149098,9.256391524588599,6.228698560186432,0.0,0.0
5.524999999997515,1.1957937178752498,1.2172915529514527,1.6,562.4616166105238,589.3580871328337,-0.012475698697356898,-0.02339478291909155,0.0,0.0,1.0,1.0,0.0,0.0,15.80997584639465,10.826750945291813,9.242133918934362,6.214787182027843,0.0,0.0
5.533333333330727,1.1968320213332044,1.2182746202017436,1.6,562.8356462034102,589.6854485271806,-0.012459660988538717,-0.023364716449433477,0.0,0.0,1.0,1.0,0.0,0.0,15.802363700689533,10.813893656606048,9.227926750851534,6.2009260095286045,0.0,0.0
5.541666666663939,1.1978689891827288,1.2192564235899979,1.6,563.209194668093,590.0123890554692,-0.01244362348149702,-0.02333464996844105,0.0,0.0,1.0,1.0,0.0,0.0,15.794762539272535,10.801057189893594,9.213769801319978,6.1871148090848695,0.0,0.0
5.549999999997151,1.1989046214402295,1.220236963097472,1.6,563.5822620104825,590.3389087114581,-0.012427586166773308,-0.02330458347664555,0.0,0.0,1.0,1.0,0.0,0.0,15.787172390002217,10.788241531634885,9.199662852561454,6.173353348446899,0.0,0.0
5.5583333333303635,1.199938918121339,1.2212162387063017,1.6,563.95484823621,590.6650074891984,-0.012411549035342766,-0.023274516974553995,0.0,0.0,1.0,1.0,0.0,0.0,15.779593280239796,10.77544666799379,9.185605688031535,6.159641396709757,0.0,0.0
5.566666666663576,1.2009718792409625,1.2221942503994585,1.6,564.3269533506448,590.9906853830196,-0.01239551207859014,-0.023244450462650314,0.0,0.0,1.0,1.0,0.0,0.0,15.772025236854512,10.762672584822031,9.171598092411172,6.145978724304089,0.0,0.0
5.574999999996788,1.2020035048133002,1.2231709981607184,1.6,564.6985773589022,591.315942387519,-0.012379475288297082,-0.023214383941396147,0.0,0.0,1.0,1.0,0.0,0.0,15.764468286229555,10.749919267664257,9.1576398515985,6.132365102986896,0.0,0.0
5.58333333333,1.2030337948518848,1.2241464819746217,1.6,565.0697202658571,591.640778497549,-0.01236343865662197,-0.02318431741123196,0.0,0.0,1.0,1.0,0.0,0.0,15.75692245426757,10.737186701762392,9.143730752700625,6.118800305832445,0.0,0.0
5.591666666663212,1.2040627493696114,1.2251207018264334,1.6,565.4403820761548,591.9651937082022,-0.012347402176081414,-0.02315425087257815,0.0,0.0,1.0,1.0,0.0,0.0,15.749387766396207,10.724474872060359,9.12987058402568,6.1052841072232775,0.0,0.0
5.599999999996424,1.2050903683787644,1.2260936577021164,1.6,565.8105627942205,592.2891880148047,-0.01233136583953791,-0.023124184325835666,0.0,0.0,1.0,1.0,0.0,0.0,15.741864247573615,10.711783763208613,9.116059135074664,6.091816282841178,0.0,0.0
5.608333333329636,1.2061166518910509,1.2270653495882968,1.6,566.1802624242715,592.6127614129027,-0.012315329640180787,-0.02309411777138706,0.0,0.0,1.0,1.0,0.0,0.0,15.734351922293971,10.699113359568377,9.10229619653353,6.0783966096583235,0.0,0.0
5.616666666662848,1.2071415999176212,1.2280357774722332,1.6,566.5494809703245,592.9359138982536,-0.012299293571514415,-0.023064051209597244,0.0,0.0,1.0,1.0,0.0,0.0,15.726850814592675,10.686463645216378,9.08858156026525,6.065024865928463,0.0,0.0
5.62499999999606,1.2081652124690987,1.2290049413417914,1.6,566.9182184362062,593.2586454668165,-0.012283257627343357,-0.023033984640814183,0.0,0.0,1.0,1.0,0.0,0.0,15.71936094805178,10.67383460394907,9.074915019302072,6.051700831178176,0.0,0.0
5.633333333329272,1.2091874895556016,1.2299728411854083,1.6,567.2864748255618,593.580956114741,-0.012267221801757072,-0.023003918065369916,0.0,0.0,1.0,1.0,0.0,0.0,15.711882345805286,10.661226219286869,9.06129636783757,6.038424286198144,0.0,0.0
5.641666666662484,1.2102084311867702,1.2309394769920698,1.6,567.6542501418637,593.9028458383591,-0.01225118608911802,-0.02297385148358113,0.0,0.0,1.0,1.0,0.0,0.0,15.704415030544268,10.648638474478483,9.047725401219067,6.025195013034562,0.0,0.0
5.649999999995696,1.2112280373717836,1.2319048487512898,1.6,568.0215443884188,594.2243146341793,-0.012235150484051589,-0.0229437848957497,0.0,0.0,1.0,1.0,0.0,0.0,15.696959024522146,10.636071352505175,9.034201915939828,6.012012794980625,0.0,0.0
5.658333333328908,1.212246308119383,1.2328689564530797,1.6,568.3883575683758,594.5453624988754,-0.012219114981431974,-0.02291371830216358,0.0,0.0,1.0,1.0,0.0,0.0,15.689514349559648,10.62352483608486,9.020725709631664,5.998877416568022,0.0,0.0
5.66666666666212,1.213263243437897,1.233831800087925,1.6,568.7546896847348,594.8659894292789,-0.012203079576369662,-0.02288365170309742,0.0,0.0,1.0,1.0,0.0,0.0,15.6820810270499,10.610998907676247,9.007296581057139,5.9857886635585,0.0,0.0
5.6749999999953324,1.2142788433352512,1.2347933796467676,1.6,569.1205407403512,595.1861954223735,-0.012187044264204576,-0.022853585098813016,0.0,0.0,1.0,1.0,0.0,0.0,15.674659077963533,10.598493549482878,8.993914330102323,5.972746322935504,0.0,0.0
5.6833333333285445,1.2152931078189957,1.2357536951209833,1.6,569.4859107379446,595.5059804752873,-0.012171009040492705,-0.022823518489559984,0.0,0.0,1.0,1.0,0.0,0.0,15.667248522853473,10.586008743457198,8.980578757769129,5.959750182895992,0.0,0.0
5.691666666661757,1.2163060368963188,1.236712746502359,1.6,569.8507996801043,595.8253445852855,-0.012154973900997242,-0.022793451875576298,0.0,0.0,1.0,1.0,0.0,0.0,15.659849381859877,10.573544471304396,8.96728966616814,5.9468000328421375,0.0,0.0
5.699999999994969,1.2173176305740643,1.2376705337830733,1.6,570.2152075692959,596.1442877497634,-0.01213893884167807,-0.02276338525708895,0.0,0.0,1.0,1.0,0.0,0.0,15.65246167471497,10.561100714486479,8.954046858511122,5.933895663373164,0.0,0.0
5.708333333328181,1.218327888858748,1.2386270569556868,1.6,570.5791344078665,596.4628099662436,-0.012122903858685918,-0.022733318634314086,0.0,0.0,1.0,1.0,0.0,0.0,15.64508542074781,10.548677454226032,8.940850139103956,5.92103686627732,0.0,0.0
5.716666666661393,1.21933681175657,1.2395823160131103,1.6,570.9425801980494,596.7809112323657,-0.012106868948350454,-0.02270325200745795,0.0,0.0,1.0,1.0,0.0,0.0,15.637720638889103,10.536274671510109,8.927699313339225,5.908223434523799,0.0,0.0
5.724999999994605,1.2203443992734337,1.2405363109486014,1.6,571.3055449419716,597.0985915458841,-0.01209083410717397,-0.02267318537671699,0.0,0.0,1.0,1.0,0.0,0.0,15.630367347675788,10.523892347094067,8.914594187689248,5.89545516225483,0.0,0.0
5.733333333327817,1.2213506514149581,1.2414890417557378,1.6,571.6680286416567,597.4158509046606,-0.012074799331821961,-0.02264311874227854,0.0,0.0,1.0,1.0,0.0,0.0,15.623025565255734,10.511530461505142,8.901534569698859,5.882731844777706,0.0,0.0
5.741666666661029,1.2223555681864937,1.2424405084284094,1.6,572.0300312990325,597.7326893066602,-0.01205876461911645,-0.022613052104321078,0.0,0.0,1.0,1.0,0.0,0.0,15.615695309392128,10.499188995046211,8.888520267978405,5.870053278556976,0.0,0.0
5.749999999994241,1.2233591495931289,1.243390710960803,1.6,572.3915529159322,598.0491067499472,-0.012042729966030202,-0.022582985463014633,0.0,0.0,1.0,1.0,0.0,0.0,15.608376597468316,10.486867927799445,8.875551092196737,5.857419261206721,0.0,0.0
5.758333333327453,1.2243613956397048,1.2443396493473828,1.6,572.7525934940991,598.3651032326784,-0.012026695369678255,-0.022552918818521332,0.0,0.0,1.0,1.0,0.0,0.0,15.601069446492124,10.474567239630007,8.862626853074376,5.844829591482748,0.0,0.0
5.766666666660665,1.2253623063308339,1.2452873235828839,1.6,573.1131530351952,598.6806787531002,-0.012010660827310596,-0.02252285217099559,0.0,0.0,1.0,1.0,0.0,0.0,15.59377387310014,10.462286910189391,8.84974736237652,5.832284069275018,0.0,0.0
5.774999999993877,1.2263618816708999,1.246233733662294,1.6,573.4732315407995,598.9958333095437,-0.011994626336307651,-0.022492785520584584,0.0,0.0,1.0,1.0,0.0,0.0,15.586489893562398,10.450026918919114,8.836912432906242,5.819782495599945,0.0,0.0
5.783333333327089,1.2273601216640773,1.247178879580847,1.6,573.8328290124159,599.3105669004219,-0.011978591894173673,-0.02246271886742847,0.0,0.0,1.0,1.0,0.0,0.0,15.579217523786475,10.43778724505413,8.824121878497786,5.807324672592951,0.0,0.0
5.791666666660301,1.2283570263143326,1.2481227613340093,1.6,574.1919454514732,599.624879524225,-0.011962557498532755,-0.022432652211660735,0.0,0.0,1.0,1.0,0.0,0.0,15.571956779321942,10.425567867626244,8.811375514009757,5.794910403500946,0.0,0.0
5.7999999999935135,1.2293525956254447,1.2490653789174622,1.6,574.5505808593325,599.9387711795148,-0.011946523147118245,-0.022402585553408724,0.0,0.0,1.0,1.0,0.0,0.0,15.564707675364449,10.413368765467467,8.798673155318436,5.78253949267491,0.0,0.0
5.8083333333267255,1.230346829601005,1.2500067323271031,1.6,574.9087352372878,600.2522418649253,-0.011930488837773754,-0.022372518892793552,0.0,0.0,1.0,1.0,0.0,0.0,15.557470226760083,10.401189917213573,8.786014619311265,5.770211745562503,0.0,0.0
5.816666666659938,1.2313397282444312,1.250946821559028,1.6,575.2664085865702,600.5652915791563,-0.011914454568444487,-0.022342452229930615,0.0,0.0,1.0,1.0,0.0,0.0,15.550244448009341,10.389031301307043,8.773399723880226,5.757926968700798,0.0,0.0
5.82499999999315,1.2323312915589724,1.2518856466095243,1.6,575.62360090835,600.8779203209715,-0.011898420337173645,-0.022312385564929857,0.0,0.0,1.0,1.0,0.0,0.0,15.543030353271387,10.376892896000642,8.76082828791526,5.745684969709015,0.0,0.0
5.833333333326362,1.2333215195477207,1.2528232074750585,1.6,575.9803122037413,601.1901280891943,-0.01188238614209709,-0.02228231889789598,0.0,0.0,1.0,1.0,0.0,0.0,15.53582795636806,10.364774679360405,8.748300131297794,5.7334855572812895,0.0,0.0
5.841666666659574,1.234310412213614,1.2537595041522729,1.6,576.3365424738022,601.5019148827068,-0.011866351981440752,-0.02225225222892868,0.0,0.0,1.0,1.0,0.0,0.0,15.528637270787875,10.35267662926899,8.73581507489451,5.7213285411795844,0.0,0.0
5.849999999992786,1.2352979695594493,1.2546945366379745,1.6,576.6922917195404,601.8132807004454,-0.01185031785351413,-0.02222218555812285,0.0,0.0,1.0,1.0,0.0,0.0,15.521458309689926,10.34059872342874,8.72337294055066,5.70921373222657,0.0,0.0
5.858333333325998,1.236284191587884,1.255628304929125,1.6,577.047559941913,602.1242255413986,-0.011834283756708272,-0.02219211888556891,0.0,0.0,1.0,1.0,0.0,0.0,15.51429108590796,10.328540939364865,8.710973551084018,5.697140942298604,0.0,0.0
5.86666666665921,1.2372690783014448,1.2565608090228386,1.6,577.4023471418304,602.4347494046051,-0.011818249689491515,-0.022162052211352888,0.0,0.0,1.0,1.0,0.0,0.0,15.507135611954146,10.316503254428403,8.698616730278465,5.685109984318757,0.0,0.0
5.874999999992422,1.2382526297025356,1.2574920489163697,1.6,577.7566533201586,602.744852289151,-0.01180221565040507,-0.022131985535556706,0.0,0.0,1.0,1.0,0.0,0.0,15.499991900022989,10.304485645799279,8.686302302877735,5.673120672249887,0.0,0.0
5.883333333325634,1.2392348457934392,1.2584220246071083,1.6,578.1104784777199,603.054534194167,-0.01178618163806073,-0.02210191885825837,0.0,0.0,1.0,1.0,0.0,0.0,15.492859961995064,10.292488090489345,8.674030094579361,5.661172821087757,0.0,0.0
5.891666666658846,1.2402157265763287,1.259350736092573,1.6,578.4638226152967,603.3637951188267,-0.01177014765113634,-0.022071852179532125,0.0,0.0,1.0,1.0,0.0,0.0,15.48573980944076,10.280510565345324,8.661799932028401,5.649266246854243,0.0,0.0
5.899999999992058,1.241195272053266,1.2602781833704053,1.6,578.8166857336324,603.6726350623449,-0.01175411368837427,-0.022041785499448654,0.0,0.0,1.0,1.0,0.0,0.0,15.478631453624132,10.268553047051686,8.649611642811426,5.6374007665905195,0.0,0.0
5.90833333332527,1.2421734822262152,1.2612043664383652,1.6,579.1690678334342,603.9810540239755,-0.01173807974857706,-0.02201171881807517,0.0,0.0,1.0,1.0,0.0,0.0,15.471534905506385,10.256615512133541,8.637465055450427,5.625576198350395,0.0,0.0
5.916666666658482,1.2431503570970381,1.2621292852943231,1.6,579.5209689153728,604.2890520030095,-0.0117220458306059,-0.02198165213547567,0.0,0.0,1.0,1.0,0.0,0.0,15.464450175749619,10.24469793695945,8.625359999396867,5.613792361193631,0.0,0.0
5.9249999999916945,1.2441258966675084,1.2630529399362511,1.6,579.872388980087,604.5966289987716,-0.01170601193337535,-0.02195158545171115,0.0,0.0,1.0,1.0,0.0,0.0,15.457377274720422,10.232800297744365,8.613296305025708,5.602049075179347,0.0,0.0
5.9333333333249065,1.2451001009393097,1.2639753303622268,1.6,580.2233280281836,604.9037850106214,-0.011689978055853449,-0.021921518766839565,0.0,0.0,1.0,1.0,0.0,0.0,15.450316212493364,10.220922570552156,8.601273803629436,5.590346161359414,0.0,0.0
5.941666666658119,1.2460729699140436,1.2648964565704224,1.6,580.5737860602394,605.2105200379506,-0.01167394419705824,-0.021891452080916023,0.0,0.0,1.0,1.0,0.0,0.0,15.443266998854577,10.209064731298671,8.589292327412325,5.578683441771972,0.0,0.0
5.949999999991331,1.2470445035932263,1.265816318559103,1.6,580.9237630768005,605.5168340801812,-0.01165791035605711,-0.021861385393992967,0.0,0.0,1.0,1.0,0.0,0.0,15.436229643305225,10.197226755754201,8.57735170948451,5.567060739434981,0.0,0.0
5.958333333324543,1.2480147019783054,1.2667349163266155,1.6,581.2732590783885,605.8227271367629,-0.011641876531959736,-0.021831318706120397,0.0,0.0,1.0,1.0,0.0,0.0,15.42920415506488,10.185408619546182,8.56545178385626,5.555477878339782,0.0,0.0
5.966666666657755,1.2489835650706511,1.267652249871394,1.6,581.6222740654969,606.1281992071741,-0.011625842723921458,-0.021801252017345757,0.0,0.0,1.0,1.0,0.0,0.0,15.42219054307497,10.173610298162005,8.553592385432218,5.543934683444772,0.0,0.0
5.974999999990967,1.2499510928715685,1.2685683191919483,1.6,581.9708080385958,606.4332502909187,-0.011609808931137335,-0.02177118532771425,0.0,0.0,1.0,1.0,0.0,0.0,15.415188816002136,10.161831766951272,8.541773350005691,5.532430980669035,0.0,0.0
5.983333333324179,1.2509172853822954,1.2694831242868634,1.6,582.3188609981314,606.7378803875254,-0.011593775152842095,-0.021741118637268866,0.0,0.0,1.0,1.0,0.0,0.0,15.408198982241462,10.150073001128773,8.529994514253104,5.520966596886106,0.0,0.0
5.991666666657391,1.2518821426040059,1.270396665154797,1.6,582.6664329445263,607.0420894965473,-0.011577741388309241,-0.021711051946050445,0.0,0.0,1.0,1.0,0.0,0.0,15.401221049919947,10.138333975776792,8.518255715728237,5.509541359917743,0.0,0.0
5.999999999990603,1.2528456645378203,1.2713089417944732,1.6,583.0135238781841,607.3458776175595,-0.011561707636845603,-0.021680985254097857,0.0,0.0,1.0,1.0,0.0,0.0,15.394255026899577,10.126614665847585,8.506556792856811,5.498155098527756,0.0,0.0
6.008333333323815,1.2538078511847974,1.2722199542046764,1.6,583.3601337994864,607.6492447501571,-0.011545673897792576,-0.021650918561448178,0.0,0.0,1.0,1.0,0.0,0.0,15.387300920780715,10.114915046166015,8.494897584930834,5.486807642415884,0.0,0.0
6.016666666657027,1.254768702545945,1.2731297023842594,1.6,583.7062627087961,607.9521908939582,-0.011529640170525303,-0.021620851868136448,0.0,0.0,1.0,1.0,0.0,0.0,15.380358738905095,10.103235091431896,8.483277932103213,5.47549882221169,0.0,0.0
6.024999999990239,1.2557282186222196,1.274038186332127,1.6,584.0519106064578,608.2547160485983,-0.01151360645444782,-0.02159078517419617,0.0,0.0,1.0,1.0,0.0,0.0,15.373428488359053,10.091574776222387,8.471697675382291,5.464228469468578,0.0,0.0
6.033333333323451,1.2566863994145276,1.2749454060472447,1.6,584.397077492798,608.5568202137324,-0.01149757274899569,-0.021560718479659055,0.0,0.0,1.0,1.0,0.0,0.0,15.366510175976673,10.079934074994448,8.460156656626411,5.452996416657752,0.0,0.0
6.041666666656663,1.257643244923734,1.2758513615286247,1.6,584.7417633681283,608.858503389032,-0.011481539053629421,-0.021530651784555377,0.0,0.0,1.0,1.0,0.0,0.0,15.359603808342762,10.068312962087099,8.448654718538599,5.441802497162274,0.0,0.0
6.0499999999898755,1.2585987551506548,1.2767560527753337,1.6,585.0859682327427,609.1597655741859,-0.011465505367838831,-0.02150058508891382,0.0,0.0,1.0,1.0,0.0,0.0,15.35270939179604,10.056711411723867,8.437191704661206,5.430646545271234,0.0,0.0
6.0583333333230875,1.2595529300960675,1.2776594797864826,1.6,585.4296920869212,609.4606067688986,-0.011449471691137412,-0.021470518392761727,0.0,0.0,1.0,1.0,0.0,0.0,15.345826932431924,10.045129398014968,8.425767459370633,5.419528396173798,0.0,0.0
6.0666666666563,1.26050576976071,1.2785616425612303,1.6,585.7729349309298,609.7610269728896,-0.011433438023062995,-0.021440451696125018,0.0,0.0,1.0,1.0,0.0,0.0,15.338956436105736,10.033566894959618,8.414381827872113,5.408447885953443,0.0,0.0
6.074999999989512,1.261457274145283,1.2794625410987768,1.6,586.1156967650205,610.0610261858926,-0.01141740436317661,-0.02141038499902835,0.0,0.0,1.0,1.0,0.0,0.0,15.33209790843549,10.02202387644827,8.403034656194468,5.397404851582197,0.0,0.0
6.083333333322724,1.26240744325045,1.2803621753983632,1.6,586.4579775894329,610.3606044076548,-0.011401370711060732,-0.021380318301495192,0.0,0.0,1.0,1.0,0.0,0.0,15.32525135480487,10.010500316264862,8.391725791184978,5.386399130914929,0.0,0.0
6.091666666655936,1.263356277076841,1.2812605454592678,1.6,586.7997774043934,610.6597616379361,-0.011385337066318588,-0.021350251603547848,0.0,0.0,1.0,1.0,0.0,0.0,15.318416780366045,9.99899618808892,8.380455080504293,5.375430562683597,0.0,0.0
6.099999999989148,1.2643037756250537,1.2821576512808088,1.6,587.1410962101177,610.9584978765092,-0.011369303428573839,-0.02132018490520745,0.0,0.0,1.0,1.0,0.0,0.0,15.311594190042616,9.987511465497667,8.369222372621206,5.364498986491697,0.0,0.0
6.10833333332236,1.265249938895657,1.2830534928623363,1.6,587.4819340068104,611.2568131231578,-0.011353269797467588,-0.02129011820649416,0.0,0.0,1.0,1.0,0.0,0.0,15.30478358853224,9.976046121968396,8.358027516807722,5.353604242808629,0.0,0.0
6.116666666655572,1.2661947668891897,1.283948070203235,1.6,587.8222907946658,611.5547073776772,-0.011337236172659469,-0.021260051507427078,0.0,0.0,1.0,1.0,0.0,0.0,15.29798498030965,9.964600130880207,8.346870363134025,5.342746172964095,0.0,0.0
6.124999999988784,1.2671382596061624,1.2848413833029224,1.6,588.1621665738679,611.852180639873,-0.011321202553826473,-0.02122998480802436,0.0,0.0,1.0,1.0,0.0,0.0,15.291198369629168,9.95317346551639,8.33575076246343,5.331924619142665,0.0,0.0
6.133333333321996,1.2680804170470585,1.285733432160844,1.6,588.5015613445908,612.149232909561,-0.011305168940661981,-0.021199918108303236,0.0,0.0,1.0,1.0,0.0,0.0,15.284423760527655,9.941766099066333,8.324668566447555,5.321139424378251,0.0,0.0
6.141666666655208,1.2690212392123388,1.2866242167764748,1.6,588.8404751070002,612.445864186566,-0.011289135332873805,-0.021169851408280108,0.0,0.0,1.0,1.0,0.0,0.0,15.277661156827019,9.930378004627524,8.313623627521302,5.310390432548697,0.0,0.0
6.14999999998842,1.26996072610244,1.2875137371493157,1.6,589.1789078612537,612.7420744707221,-0.011273101730184455,-0.021139784707970573,0.0,0.0,1.0,1.0,0.0,0.0,15.270910562136892,9.919009155207569,8.302615798898053,5.299677488370392,0.0,0.0
6.158333333321632,1.2708988777177739,1.2884019932788946,1.6,589.5168596074998,613.0378637618718,-0.011257068132331318,-0.021109718007389394,0.0,0.0,1.0,1.0,0.0,0.0,15.264171979857396,9.907659523726194,8.291644934564825,5.289000437392877,0.0,0.0
6.166666666654844,1.2718356940587332,1.2892889851647626,1.6,589.8543303458796,613.3332320598658,-0.01124103453906412,-0.021079651306550637,0.0,0.0,1.0,1.0,0.0,0.0,15.2574454131816,9.896329083017122,8.280710889277502,5.278359125993617,0.0,0.0
6.1749999999880565,1.2727711751256912,1.2901747128064973,1.6,590.1913200765277,613.6281793645635,-0.01122500095014605,-0.021049584605467547,0.0,0.0,1.0,1.0,0.0,0.0,15.250730865098125,9.885017805830056,8.26981351855584,5.26775340137255,0.0,0.0
6.1833333333212686,1.2737053209189995,1.291059176203694,1.6,590.5278287995709,613.92270567583,-0.011208967365351243,-0.02101951790415285,0.0,0.0,1.0,1.0,0.0,0.0,15.244028338393735,9.87372566483251,8.258952678679266,5.257183111547179,0.0,0.0
6.191666666654481,1.2746381314389925,1.2919423753559713,1.6,590.8638565151296,614.2168109935384,-0.011192933784465961,-0.02098945120261854,0.0,0.0,1.0,1.0,0.0,0.0,15.237337835655845,9.86245263261176,8.248128226681715,5.246648105347099,0.0,0.0
6.199999999987693,1.2755696066859878,1.2928243102629662,1.6,591.199403223318,614.5104953175677,-0.011176900207286764,-0.020959384500876053,0.0,0.0,1.0,1.0,0.0,0.0,15.230659359274933,9.851198681676557,8.237340020346924,5.2361482324088024,0.0,0.0
6.208333333320905,1.2764997466602854,1.293704980924336,1.6,591.5344689242443,614.8037586478038,-0.011160866633620833,-0.02092931779893622,0.0,0.0,1.0,1.0,0.0,0.0,15.223992911447068,9.839963784459071,8.226587918204233,5.2256833431708225,0.0,0.0
6.216666666654117,1.27742855136217,1.294584387339755,1.6,591.8690536180112,615.0966009841384,-0.011144833063285325,-0.020899251096809304,0.0,0.0,1.0,1.0,0.0,0.0,15.217338494176312,9.828747913316654,8.215871779523576,5.215253288868396,0.0,0.0
6.224999999987329,1.278356020791912,1.2954625295089148,1.6,592.2031573047159,615.3890223264685,-0.011128799496106262,-0.020869184394505094,0.0,0.0,1.0,1.0,0.0,0.0,15.21069610927718,9.81755104053363,8.205191464311229,5.204857921528629,0.0,0.0
6.233333333320541,1.2792821549497677,1.2963394074315233,1.6,592.536779984451,615.6810226746973,-0.011112765931918619,-0.020839117692032828,0.0,0.0,1.0,1.0,0.0,0.0,15.20406575837689,9.80637313832295,8.194546833305003,5.19449709396535,0.0,0.0
6.241666666653753,1.2802069538359788,1.2972150211073028,1.6,592.8699216573032,615.9726020287318,-0.011096732370565895,-0.020809050989401324,0.0,0.0,1.0,1.0,0.0,0.0,15.197447442917897,9.795214178828019,8.183937747970036,5.184170659774156,0.0,0.0
6.249999999986965,1.281130417450775,1.2980893705359904,1.6,593.2025823233555,616.2637603884847,-0.011080698811899476,-0.020778984286618948,0.0,0.0,1.0,1.0,0.0,0.0,15.190841164160041,9.784074134124456,8.173364070494111,5.173878473327547,0.0,0.0
6.258333333320177,1.2820525457943752,1.298962455717338,1.6,593.5347619826866,616.5544977538734,-0.011064665255778407,-0.020748917583693578,0.0,0.0,1.0,1.0,0.0,0.0,15.184246923182966,9.772952976221525,8.162825663783371,5.163620389769981,0.0,0.0
6.266666666653389,1.2829733388669866,1.2998342766511097,1.6,593.8664606353714,616.8448141248195,-0.011048631702068233,-0.020718850880632744,0.0,0.0,1.0,1.0,0.0,0.0,15.177664720888334,9.761850677064144,8.152322391457743,5.153396265013006,0.0,0.0
6.274999999986601,1.2838927966688014,1.3007048333370823,1.6,594.1976782814788,617.1347095012484,-0.011032598150643409,-0.020688784177443572,0.0,0.0,1.0,1.0,0.0,0.0,15.171094558002151,9.75076720853429,8.141854117846819,5.143205955730451,0.0,0.0
6.283333333319813,1.2848109192000068,1.3015741257750442,1.6,594.5284149210763,617.4241838830897,-0.011016564601382759,-0.020658717474132844,0.0,0.0,1.0,1.0,0.0,0.0,15.164536435076862,9.739702542452637,8.131420707985288,5.1330493193536775,0.0,0.0
6.291666666653025,1.285727706460778,1.3024421539647941,1.6,594.8586705542273,617.7132372702763,-0.011000531054171937,-0.020628650770706962,0.0,0.0,1.0,1.0,0.0,0.0,15.157990352493677,9.728656650580293,8.12102202760882,5.122926214066725,0.0,0.0
6.2999999999862375,1.286643158451281,1.3033089179061428,1.6,595.1884451809914,618.0018696627454,-0.010984497508902761,-0.020598584067172028,0.0,0.0,1.0,1.0,0.0,0.0,15.151456310464672,9.717629504620193,8.110657943149693,5.1128364988016815,0.0,0.0
6.30833333331945,1.2875572751716735,1.30417441759891,1.6,595.5177388014254,618.2900810604369,-0.010968463965472141,-0.020568517363533805,0.0,0.0,1.0,1.0,0.0,0.0,15.144934309034975,9.706621076218813,8.100328321732517,5.102780033233939,0.0,0.0
6.316666666652662,1.2884700566221043,1.3050386530429272,1.6,595.8465514155829,618.5778714632947,-0.010952430423783497,-0.020538450659797734,0.0,0.0,1.0,1.0,0.0,0.0,15.138424348084841,9.695631336967711,8.090033031170142,5.092756677777587,0.0,0.0
6.324999999985874,1.2893815028027142,1.3059016242380312,1.6,596.1748830235147,618.8652408712644,-0.01093639688374358,-0.020508383955969055,0.0,0.0,1.0,1.0,0.0,0.0,15.13192642733191,9.68466025840487,8.079771939959393,5.082766293580772,0.0,0.0
6.333333333319086,1.2902916137136364,1.3067633311840698,1.6,596.5027336252685,619.1521892842952,-0.010920363345265253,-0.020478317252052684,0.0,0.0,1.0,1.0,0.0,0.0,15.12544054633309,9.673707812016307,8.069544917276941,5.072808742521114,0.0,0.0
6.341666666652298,1.2912003893549995,1.3076237738808987,1.6,596.8301032208911,619.4387167023392,-0.010904329808264626,-0.02044825054805328,0.0,0.0,1.0,1.0,0.0,0.0,15.118966704486628,9.662773969237586,8.05935183297519,5.062883887201122,0.0,0.0
6.34999999998551,1.2921078297269217,1.3084829523283812,1.6,597.1569918104249,619.7248231253509,-0.010888296272663517,-0.02041818384397527,0.0,0.0,1.0,1.0,0.0,0.0,15.112504901034368,9.651858701455291,8.049192557578209,5.052991590943786,0.0,0.0
6.358333333318722,1.2930139348295169,1.3093408665263875,1.6,597.4833993939105,620.010508553287,-0.010872262738387168,-0.020388117139822838,0.0,0.0,1.0,1.0,0.0,0.0,15.106055135063533,9.640961980008338,8.039066962277559,5.043131717787932,0.0,0.0
6.366666666651934,1.2939187046628922,1.3101975164747945,1.6,597.8093259713871,620.2957729861065,-0.010856229205364441,-0.020358050435599996,0.0,0.0,1.0,1.0,0.0,0.0,15.099617405508848,9.630083776189563,8.028974918928432,5.0333041324839325,0.0,0.0
6.374999999985146,1.2948221392271495,1.3110529021734874,1.6,598.134771542891,620.5806164237713,-0.010840195673528534,-0.020327983731310468,0.0,0.0,1.0,1.0,0.0,0.0,15.093191711154374,9.619224061246957,8.01891630004553,5.023508700489161,0.0,0.0
6.383333333318358,1.2957242385223848,1.3119070236223556,1.6,598.459736108457,620.8650388662443,-0.010824162142815766,-0.020297917026957858,0.0,0.0,1.0,1.0,0.0,0.0,15.086778050635642,9.608382806385181,8.00889097879911,5.013745287963628,0.0,0.0
6.39166666665157,1.2966250025486887,1.312759880821295,1.6,598.7842196681178,621.1490403134912,-0.010808128613165848,-0.02026785032254555,0.0,0.0,1.0,1.0,0.0,0.0,15.080376422441383,9.597559982766862,7.998898829011057,5.004013761765679,0.0,0.0
6.399999999984782,1.2975244313061476,1.3136114737702071,1.6,599.1082222219043,621.432620765479,-0.01079209508452154,-0.020237783618076752,0.0,0.0,1.0,1.0,0.0,0.0,15.073986824915556,9.58675556151399,7.988939725150929,4.994313989447635,0.0,0.0
6.408333333317994,1.2984225247948422,1.3144618024689991,1.6,599.4317437698455,621.7157802221766,-0.010776061556828856,-0.020207716913554507,0.0,0.0,1.0,1.0,0.0,0.0,15.067609256259274,9.575969513709229,7.979013542332136,4.9846458392515185,0.0,0.0
6.416666666651206,1.299319283014851,1.315310866917583,1.6,599.7547843119701,621.9985186835551,-0.010760028030036253,-0.02017765020898171,0.0,0.0,1.0,1.0,0.0,0.0,15.061243714532441,9.565201810397204,7.969120156308003,4.975009180104703,0.0,0.0
6.4249999999844185,1.3003089184005063,1.3161590101157072,1.6,600.0772296001264,622.2809503685304,-0.01071253899865358,-0.02014757149976043,0.0,0.0,1.0,1.0,0.0,0.0,13.558404457531562,8.604721056353728,7.959259444124556,4.965403882025413,0.0,0.0
6.433333333317631,1.3015857135286102,1.317014182092628,1.6,600.3964283821524,622.5657226368451,-0.010569089248066859,-0.020117198495719947,0.0,0.0,1.0,1.0,0.0,0.0,13.553936856747605,8.595845909154312,7.949431370426838,4.955829869924447,0.0,0.0
6.441666666650843,1.3028457345101037,1.317879192888417,1.6,600.7114336275258,622.8537712318428,-0.010432904561568437,-0.020086429276969405,0.0,0.0,1.0,1.0,0.0,0.0,13.549527214461516,8.587016756646678,7.939636065940345,4.946287172308058,0.0,0.0
6.449999999984055,1.3040898381215462,1.3187533645981477,1.6,601.0224595303864,623.1448704111831,-0.010303733806367333,-0.02005528619142251,0.0,0.0,1.0,1.0,0.0,0.0,13.545172489780779,8.578231534463118,7.929873665463721,4.936775820060368,0.0,0.0
6.458333333317267,1.3053188505147717,1.3196360442869366,1.6,601.3297126286927,623.4388027475497,-0.010181318022928376,-0.02002379081257663,0.0,0.0,1.0,1.0,0.0,0.0,13.540869754522992,8.569488257344569,7.9201442871929375,4.927295833571914,0.0,0.0
6.466666666650479,1.306533566384004,1.3205266045444444,1.6,601.6333915960008,623.7353593132999,-0.010065392192156365,-0.019991963917560744,0.0,0.0,1.0,1.0,0.0,0.0,13.536616195549415,8.560785020362008,7.910448033441092,4.917847223223379,0.0,0.0
6.474999999983691,1.3077347483448052,1.3214244438785685,1.6,601.9336870862012,624.0343398115632,-0.009955686994129725,-0.019959825470302082,0.0,0.0,1.0,1.0,0.0,0.0,13.532409116414156,8.55211999968909,7.900784991363426,4.908429989870628,0.0,0.0
6.483333333316903,1.308923126522149,1.3223289869508854,1.6,602.2307816305372,624.3355526546447,-0.009851930529897504,-0.019927394609799767,0.0,0.0,1.0,1.0,0.0,0.0,13.528245938334319,8.543491452931828,7.891155233683648,4.899044125328383,0.0,0.0
6.491666666650115,1.3100993983415419,1.3232396846587968,1.6,602.5248495853854,624.6388149913793,-0.00975384998047843,-0.019894689643409347,0.0,0.0,1.0,1.0,0.0,0.0,13.524124200499175,8.53489771902964,7.881558819417639,4.889689612850645,0.0,0.0
6.499999999983327,1.311264228514316,1.3241560140715354,1.6,602.8160571285789,624.9439526858212,-0.009661173180391735,-0.019861728044963244,0.0,0.0,1.0,1.0,0.0,0.0,13.520041559745188,8.526337217746937,7.871995794591207,4.880366427605233,0.0,0.0
6.508333333316539,1.3124182492056033,1.3250774782290478,1.6,603.1045623014007,625.2508002502727,-0.009573630086759145,-0.019828526457483717,0.0,0.0,1.0,1.0,0.0,0.0,13.515995789633395,8.517808448781025,7.862466192948658,4.871074537140895,0.0,0.0
6.516666666649751,1.3135620603715608,1.3260036058142697,1.6,603.39051509289,625.5592007361518,-0.00949095412889554,-0.019795100700187925,0.0,0.0,1.0,1.0,0.0,0.0,13.511984778972337,8.509309990516456,7.852970036648876,4.861813901844671,0.0,0.0
6.524999999982963,1.3146962302507628,1.3269339507104547,1.6,603.6740575626906,625.8690055865814,-0.00941288342731646,-0.01976146577943983,0.0,0.0,1.0,1.0,0.0,0.0,13.508006529835464,8.500840498459029,7.843507336946424,4.8525844753882375,0.0,0.0
6.533333333316175,1.315821295993633,1.327868091456027,1.6,603.9553239984082,626.1800744548569,-0.00933916187498636,-0.01972763590326881,0.0,0.0,1.0,1.0,0.0,0.0,13.504059155126354,8.492398703385238,7.834078094855212,4.843386205161584,0.0,0.0
6.5416666666493875,1.31693776441315,1.3288056306098486,1.6,604.2344411032873,626.4922749930795,-0.009269540077289183,-0.01969362449905423,0.0,0.0,1.0,1.0,0.0,0.0,13.500140875746627,8.4839834092445,7.8246823017925005,4.834219032692839,0.0,0.0
6.5499999999825995,1.3180461128398189,1.3297461940399322,1.6,604.5115282099546,626.8054826152974,-0.009203776150545087,-0.01965944423396377,0.0,0.0,1.0,1.0,0.0,0.0,13.49625001742325,8.475593490851226,7.815319940201752,4.825082894053345,0.0,0.0
6.558333333315812,1.319146790064054,1.3306894301484562,1.6,604.7866975160134,627.1195802394359,-0.009141636381832172,-0.01962510703773291,0.0,0.0,1.0,1.0,0.0,0.0,13.492385007251336,8.467227891404477,7.805990984152621,4.815977720246876,0.0,0.0
6.566666666649024,1.3202402173496743,1.3316350090455615,1.6,605.0600543374185,627.434458012172,-0.009082895755306788,-0.01959062412737938,0.0,0.0,1.0,1.0,0.0,0.0,13.488544370006641,8.45888561987068,7.796695399917169,4.806903437582773,0.0,0.0
6.574999999982236,1.3213267895028475,1.3325826216838073,1.6,605.3316973757118,627.7500130207077,-0.00902733835226116,-0.019556006033462185,0.0,0.0,1.0,1.0,0.0,0.0,13.484726724280414,8.450565748263825,7.787433146521417,4.797859968032282,0.0,0.0
6.583333333315448,1.3224068759818792,1.3335319789643765,1.6,605.6017189954697,628.0661489951374,-0.008974757633629083,-0.01952126262751594,0.0,0.0,1.0,1.0,0.0,0.0,13.480930778485561,8.442267408854931,7.77820417627172,4.788847229567894,0.0,0.0
6.59166666664866,1.3234808220343262,1.3344828108253068,1.6,605.8702055085814,628.3827760048271,-0.008924956614763481,-0.01948640315031503,0.0,0.0,1.0,1.0,0.0,0.0,13.47715532677937,8.43398979134056,7.769008435255502,4.779865136485656,0.0,0.0
6.599999999981872,1.3245489498491017,1.3354348653209978,1.6,606.1372374622753,628.6998101518922,-0.008877747942963426,-0.019451436240653174,0.0,0.0,1.0,1.0,0.0,0.0,13.47339924494444,8.425732139997088,7.759845863816723,4.770913599710524,0.0,0.0
6.608333333315084,1.3256115597125948,1.3363879077013487,1.6,606.4028899281486,629.017173264549,-0.008832953888548652,-0.019416369964351192,0.0,0.0,1.0,1.0,0.0,0.0,13.469661486264728,8.417493750843915,7.750716397005746,4.76199252708475,0.0,0.0
6.616666666648296,1.326668931159034,1.337341719497803,1.6,606.6672327897584,629.3347925927683,-0.008790406260285667,-0.019381211843240063,0.0,0.0,1.0,1.0,0.0,0.0,13.465941077429614,8.409273968837491,7.741619965004234,4.753101823639843,0.0,0.0
6.624999999981508,1.327721324106695,1.3382960976226403,1.6,606.9303310266737,629.6526005083392,-0.008749946255711932,-0.019345968883895857,0.0,0.0,1.0,1.0,0.0,0.0,13.462237114494295,8.401072185113206,7.7325564935253785,4.744241391852225,0.0,0.0
6.63333333331472,1.3287689799727291,1.3392508534868737,1.6,607.1922449931822,629.9705342111288,-0.00871142425646246,-0.019310647605935406,0.0,0.0,1.0,1.0,0.0,0.0,13.458548758920806,8.392887834291242,7.723525904190406,4.73541113188324,0.0,0.0
6.641666666647932,1.329812122760609,1.3402058121412408,1.6,607.4530306901521,630.2885354430331,-0.00867469957811227,-0.019275254069709306,0.0,0.0,1.0,1.0,0.0,0.0,13.45487523371992,8.384720391858098,7.714528114881509,4.726610941803921,0.0,0.0
6.649999999981144,1.3308509601152623,1.3411608114439124,1.6,607.7127400288155,630.6065502108227,-0.00863964018333296,-0.01923979390325828,0.0,0.0,1.0,1.0,0.0,0.0,13.451215819710487,8.376569371634718,7.70556304007269,4.717840717805089,0.0,0.0
6.658333333314356,1.3318856843419637,1.3421157012577862,1.6,607.9714210854909,630.9245285188427,-0.008606122366417121,-0.01920427232842344,0.0,0.0,1.0,1.0,0.0,0.0,13.44756985190944,8.368434323338747,7.696630591138713,4.70910035439338,0.0,0.0
6.6666666666475685,1.3329164733860461,1.3430703426795367,1.6,608.2291183465114,631.2424241122856,-0.008574030416380475,-0.019168694186025063,0.0,0.0,1.0,1.0,0.0,0.0,13.443936716062131,8.36031483024676,7.6877306766436435,4.700389744573911,0.0,0.0
6.6749999999807805,1.3339434917712054,1.3440246073019444,1.6,608.4858729428013,631.5601942315475,-0.008543256265091562,-0.019133063960046104,0.0,0.0,1.0,1.0,0.0,0.0,13.440315845320479,8.352210506960631,7.678863202609627,4.691708780020079,0.0,0.0
6.683333333313993,1.3349668914949515,1.3449783765105439,1.6,608.7417228737377,631.8777993780111,-0.008513699126081744,-0.019097385800773733,0.0,0.0,1.0,1.0,0.0,0.0,13.43670671707373,8.34412099728079,7.670028072766842,4.683057351231256,0.0,0.0
6.691666666647205,1.335986812880428,1.3459315408150632,1.6,608.9967032201068,632.195203091416,-0.008485265128887878,-0.01906166354687141,0.0,0.0,1.0,1.0,0.0,0.0,13.433108849934175,8.336045972186666,7.661225188785829,4.67443534767907,0.0,0.0
6.699999999980417,1.3370033853842904,1.3468839992157922,1.6,609.2508463460724,632.5123717388587,-0.008457866953122737,-0.019025900746366252,0.0,0.0,1.0,1.0,0.0,0.0,13.429521800878655,8.327985127925285,7.652454450492987,4.665842657942797,0.0,0.0
6.708333333313629,1.3380167283608242,1.347835658604641,1.6,609.5041820902059,632.8292743153454,-0.008431423465783735,-0.018990100676549493,0.0,0.0,1.0,1.0,0.0,0.0,13.425945162545093,8.31993818420617,7.643715756070156,4.6572791698344185,0.0,0.0
6.716666666646841,1.3390269517828983,1.3487864332003532,1.6,609.7567379457245,633.1458822557175,-0.00840585936469563,-0.01895426636279874,0.0,0.0,1.0,1.0,0.0,0.0,13.42237856068186,8.311904882500901,7.635009002239409,4.648744770514389,0.0,0.0
6.724999999980053,1.3400341569206198,1.3497362440171288,1.6,610.0085392301548,633.4621692577039,-0.008381104830462281,-0.01891840059633807,0.0,0.0,1.0,1.0,0.0,0.0,13.418821651746624,8.303884984444794,7.626334084433834,4.6402393465981655,0.0,0.0
6.733333333313265,1.3410384369788189,1.3506850183656878,1.6,610.2596092447046,633.778111115774,-0.008357095188801183,-0.018882505950961012,0.0,0.0,1.0,1.0,0.0,0.0,13.415274120650796,8.295878270337576,7.61769089695521,4.631762784254444,0.0,0.0
6.741666666646477,1.3420398776947338,1.3516326893856958,1.6,610.5099694236833,634.0936855654365,-0.008333770584706256,-0.018846584798745073,0.0,0.0,1.0,1.0,0.0,0.0,13.411735678644689,8.287884537739425,7.609079333119396,4.623314969295528,0.0,0.0
6.749999999979689,1.3430385578973378,1.3525791956083406,1.6,610.7596394743343,634.4088721375774,-0.008311075669531886,-0.01881063932479187,0.0,0.0,1.0,1.0,0.0,0.0,13.408206061338165,8.2799036001586,7.600499285390385,4.614895787260419,0.0,0.0
6.758333333312901,1.3440345500299626,1.3535244805477717,1.6,611.0086375074906,634.7236520224079,-0.00828895930172778,-0.018774671541030456,0.0,0.0,1.0,1.0,0.0,0.0,13.40468502685091,8.271935285826972,7.591950645503571,4.60650512349098,0.0,0.0
6.766666666646113,1.3450279206378346,1.3544684923200612,1.6,611.2569801594585,635.0380079425803,-0.008267374261725868,-0.018738683299123274,0.0,0.0,1.0,1.0,0.0,0.0,13.401172354086563,8.263979436558463,7.583433304579201,4.5981428632019234,0.0,0.0
6.774999999979325,1.3460187308222753,1.3554111832883267,1.6,611.5046827055687,635.3519240350126,-0.00824627698120964,-0.018702676302515923,0.0,0.0,1.0,1.0,0.0,0.0,13.39766784112486,8.25603590668702,7.574947153226589,4.589808891544868,0.0,0.0
6.783333333312537,1.3470070366632723,1.3563525097326476,1.6,611.7517591658179,635.6653857409716,-0.008225627286837492,-0.01866665211767214,0.0,0.0,1.0,1.0,0.0,0.0,13.394171303725333,8.248104562079462,7.5664920816397165,4.581503093666839,0.0,0.0
6.7916666666457495,1.3479928896121758,1.3572924315433843,1.6,611.9982224030439,635.978379703947,-0.008205388158285493,-0.018630612184537362,0.0,0.0,1.0,1.0,0.0,0.0,13.39068257393656,8.240185279218986,7.558067979684919,4.5732253547639035,0.0,0.0
6.7999999999789615,1.348976336856201,1.35823091193658,1.6,612.2440842140502,636.2908936748811,-0.00818552550040226,-0.018594557826271528,0.0,0.0,1.0,1.0,0.0,0.0,13.387201498805132,8.232277944355298,7.549674736981285,4.564975560130023,0.0,0.0
6.808333333312174,1.3499574216564223,1.3591679171900928,1.6,612.4893554141054,636.6029164243008,-0.008166007929114314,-0.018558490258293918,0.0,0.0,1.0,1.0,0.0,0.0,13.383727939178222,8.224382452717215,7.54131224297417,4.5567535952016245,0.0,0.0
6.816666666645386,1.3509361836608906,1.3601034163992125,1.6,612.7340459152226,636.9144376609377,-0.008146806570672686,-0.01852241059667924,0.0,0.0,1.0,1.0,0.0,0.0,13.380261768594186,8.216498707783815,7.5329803870024845,4.548559345598169,0.0,0.0
6.824999999978598,1.3519126591944357,1.3610373812504926,1.6,612.9781647986088,637.225447956414,-0.00812789487375496,-0.018486319865945552,0.0,0.0,1.0,1.0,0.0,0.0,13.376802872255423,8.208626620610772,7.524679058360143,4.54039269715912,0.0,0.0
6.83333333331181,1.3528868815266644,1.361969785812634,1.6,613.221720381666,637.535938675607,-0.008109248433906781,-0.01845021900627097,0.0,0.0,1.0,1.0,0.0,0.0,13.3733511460786,8.200766109207462,7.516408146352162,4.532253535977415,0.0,0.0
6.841666666645022,1.3538588811196093,1.3629006063432645,1.6,613.4647202799022,637.845901912307,-0.008090844829756482,-0.018414108880176742,0.0,0.0,1.0,1.0,0.0,0.0,13.369906495816698,8.192917097962317,7.508167540345845,4.524141748429937,0.0,0.0
6.849999999978234,1.3548286858564063,1.3638298211105515,1.6,613.7071714641015,638.1553304298136,-0.008072663470440725,-0.01837799027871071,0.0,0.0,1.0,1.0,0.0,0.0,13.366468836248078,8.185079517112298,7.4999571298173775,4.516057221205046,0.0,0.0
6.858333333311446,1.355796321252312,1.364757410228604,1.6,613.949080313078,638.4642176061251,-0.008054685453651605,-0.018341863927165268,0.0,0.0,1.0,1.0,0.0,0.0,13.363038090428391,8.177253302253947,7.491776804394276,4.507999841327446,0.0,0.0
6.866666666644658,1.3567618106492834,1.3656833555057089,1.6,614.1904526623207,638.7725573834009,-0.00803689343374132,-0.01830573049036085,0.0,0.0,1.0,1.0,0.0,0.0,13.359614189000393,8.169438393892868,7.483626453893923,4.49996949618074,0.0,0.0
6.87499999997787,1.3577251753953146,1.3666076403044607,1.6,614.4312938488285,639.0803442213853,-0.008019271499286173,-0.01826959057752582,0.0,0.0,1.0,1.0,0.0,0.0,13.356197069557743,8.161634737028875,7.475505968358644,4.491966073527692,0.0,0.0
6.883333333311082,1.3586864350096395,1.3675302494129529,1.6,614.6716087524097,639.3875730545133,-0.00800180505955975,-0.01823344474680015,0.0,0.0,1.0,1.0,0.0,0.0,13.352786676059107,8.153842280774125,7.467415238087409,4.483989461528358,0.0,0.0
6.891666666644294,1.3596456073347811,1.3684511689261896,1.6,614.9114018336952,639.6942392524211,-0.007984480739376416,-0.018197293509390415,0.0,0.0,1.0,1.0,0.0,0.0,13.34938295828862,8.146060978001975,7.459354153664694,4.4760395487565425,0.0,0.0
6.899999999977506,1.3606027086764974,1.3693703861369935,1.6,615.1506771691243,640.0003385836187,-0.007967286281757314,-0.01816113733340026,0.0,0.0,1.0,1.0,0.0,0.0,13.345985871359341,8.138290785024061,7.451322605986419,4.468116224214393,0.0,0.0
6.908333333310718,1.3615577539324668,1.3702878894356536,1.6,615.3894384831166,640.3058671820726,-0.007950210457916933,-0.018124976647361415,0.0,0.0,1.0,1.0,0.0,0.0,13.342595375256687,8.1305316612939,7.443320486283539,4.460219377345415,0.0,0.0
6.9166666666439305,1.3625107567106047,1.371203668217692,1.6,615.6276891776511,640.6108215164913,-0.007933242984083632,-0.018088811843485875,0.0,0.0,1.0,1.0,0.0,0.0,13.33921143441857,8.122783569134098,7.435347686143179,4.452348898046126,0.0,0.0
6.9249999999771426,1.363461729437781,1.3721177127991138,1.6,615.8654323594451,640.9151983621048,-0.007916374444691997,-0.018052643280660426,0.0,0.0,1.0,1.0,0.0,0.0,13.335834017349583,8.115046473486359,7.4274040975277495,4.4445046766763525,0.0,0.0
6.933333333310355,1.3644106834596734,1.373030014338556,1.6,616.1026708649183,641.2189947747391,-0.007899596221503777,-0.018016471287203205,0.0,0.0,1.0,1.0,0.0,0.0,13.332463096266716,8.107320341681957,7.419489612792091,4.436686604068289,0.0,0.0
6.941666666643567,1.3653576291324603,1.3739405647658172,1.6,616.339407283115,641.5222080670171,-0.007882900428239227,-0.017980296163399686,0.0,0.0,1.0,1.0,0.0,0.0,13.329098646773994,8.099605143231125,7.411604124698806,4.428894571534573,0.0,0.0
6.949999999976779,1.3663025759069845,1.3748493567162476,1.6,616.575643976746,641.8248357865104,-0.007866279850320033,-0.017944118183835386,0.0,0.0,1.0,1.0,0.0,0.0,13.325740647563782,8.0919008496301,7.4037475264320385,4.42112847087518,0.0,0.0
6.958333333309991,1.367245532405971,1.3757563834705748,1.6,616.8113831014925,642.1268756957013,-0.007849727889370786,-0.017907937599539965,0.0,0.0,1.0,1.0,0.0,0.0,13.322389080142873,8.084207434184039,7.3959197116096815,4.413388194383505,0.0,0.0
6.966666666643203,1.3681865064948404,1.376661638899688,1.6,617.0466266237099,642.428325753596,-0.007833238512115606,-0.01787175463995861,0.0,0.0,1.0,1.0,0.0,0.0,13.319043928581264,8.076524871845118,7.388120574294295,4.4056736348516,0.0,0.0
6.974999999976415,1.3691255053466622,1.37756511741403,1.6,617.2813763366655,642.7291840988719,-0.007816806203344625,-0.017835569514762735,0.0,0.0,1.0,1.0,0.0,0.0,13.315705179281887,8.068853139063826,7.380350009002763,4.397984685574629,0.0,0.0
6.983333333309627,1.3700625355016836,1.378466813917195,1.6,617.5156338754207,643.0294490344259,-0.007800425922649243,-0.017799382415513577,0.0,0.0,1.0,1.0,0.0,0.0,13.31237282076934,8.061192213653118,7.372607910714737,4.39032124035467,0.0,0.0
6.991666666642839,1.3709976029218625,1.3793667237634195,1.6,617.7494007304655,643.3291190132186,-0.007784093064650569,-0.017763193517189475,0.0,0.0,1.0,1.0,0.0,0.0,13.309046843496672,8.053542074664078,7.3648941748802,4.382683193503727,0.0,0.0
6.999999999976051,1.3719307130408553,1.3802648427186341,1.6,617.9826782602138,643.628192625305,-0.007767803422433202,-0.017727002979587993,0.0,0.0,1.0,1.0,0.0,0.0,13.305727239668148,8.045902702271995,7.357208697425927,4.375070439846379,0.0,0.0
7.008333333309263,1.372861649169073,1.3811491560995293,1.5933333333117965,618.2154122922682,643.9226689811433,-0.0077460637976453596,-0.017420211355707652,0.0,0.0,1.0,1.0,0.0,0.0,13.302414802399205,8.038274570331012,7.349609765468057,4.367517573494406,0.0,0.0
7.016666666642475,1.373789338865813,1.382008028149767,1.5866666666235931,618.447334716453,644.2086733738724,-0.007713852988721726,-0.017108517994775974,0.0,0.0,1.0,1.0,0.0,0.0,13.29911341114821,8.030660052137247,7.3421565223194944,4.360059600877438,0.0,0.0
7.024999999975687,1.3747125673956135,1.3828419575898234,1.5799999999353895,618.6781418489032,644.4863718774111,-0.007671847757075574,-0.01679210183193769,0.0,0.0,1.0,1.0,0.0,0.0,13.295827459354504,8.023061830307011,7.334850240289235,4.352697088847045,0.0,0.0
7.033333333308899,1.375630195124916,1.3836513615721717,1.5733333332471862,618.9075487812288,644.7559034035331,-0.007620625785072955,-0.01647067256637563,0.0,0.0,1.0,1.0,0.0,0.0,13.292561069884938,8.01548241315413,7.327692320095203,4.3454306785638765,0.0,0.0
7.0416666666421115,1.3765411464385608,1.38443658196278,1.5666666665589826,619.1352866096402,645.0173817936056,-0.007560678540986413,-0.01614391561746268,0.0,0.0,1.0,1.0,0.0,0.0,13.289318134334952,8.00792415948878,7.320684299661642,4.3382610904500565,0.0,0.0
7.049999999975324,1.3774444000241746,1.3851978902837017,1.5600000000104775,619.3611000060434,645.2708974644726,-0.007492421328895792,-0.01581148840530228,0.0,0.0,1.0,1.0,0.0,0.0,13.286102347522556,8.000389300353863,7.313827864445996,4.331189130026147,0.0,0.0
7.058333333308536,1.3783389802214483,1.3859354914934405,1.5533333333222739,619.584745055362,645.5165186673157,-0.007416201071007728,-0.015473015989237436,0.0,0.0,1.0,1.0,0.0,0.0,13.282917238238474,7.992879958367968,7.307124859522054,4.324215694762543,0.0,0.0
7.066666666641748,1.379223949188993,1.3866495267271632,1.5466666666340705,619.8059872972481,645.7542924001452,-0.007332302212150533,-0.01512808593353723,0.0,0.0,1.0,1.0,0.0,0.0,13.27976619712093,7.985398165219542,7.300577303707192,4.317341782110595,0.0,0.0
7.07499999997496,1.3800983996807694,1.3873400750731442,1.539999999945867,620.0245999201923,645.9842449993569,-0.007240951016588191,-0.014776242183570248,0.0,0.0,1.0,1.0,0.0,0.0,13.276652502385806,7.977945877770232,7.294187406098634,4.310568498923111,0.0,0.0
7.083333333308172,1.3809614482505514,1.3880071544211925,1.5333333332576635,620.2403620626378,646.2063824222571,-0.007142318432049773,-0.014416977673500905,0.0,0.0,1.0,1.0,0.0,0.0,13.273579344051187,7.970524993165537,7.287957585481403,4.303897072530882,0.0,0.0
7.091666666641384,1.381812228718907,1.3886507213797328,1.52666666656946,620.4530571797266,646.420690219451,-0.007036521614700045,-0.014049725350767706,0.0,0.0,1.0,1.0,0.0,0.0,13.270549847239058,7.963137363314916,7.28189049319762,4.297328863814936,0.0,0.0
7.099999999974596,1.3826498857438587,1.389270670217297,1.5200000000209548,620.6624714359646,646.6271331823598,-0.00692362413335267,-0.013673847147200971,0.0,0.0,1.0,1.0,0.0,0.0,13.267567095114826,7.955784809087339,7.275989040235321,4.290865382711749,0.0,0.0
7.108333333307808,1.3834735683339852,1.389866830737889,1.5133333333327514,620.8683920834962,646.825654635717,-0.00680363479382671,-0.013288620263149923,0.0,0.0,1.0,1.0,0.0,0.0,13.264634152033853,7.9484691345720035,7.270256429518892,4.28450830671844,0.0,0.0
7.11666666664102,1.3842824231304962,1.390438964943414,1.5066666666445478,621.0706057826239,647.0161753261568,-0.0066765049364759166,-0.012893219947207043,0.0,0.0,1.0,1.0,0.0,0.0,13.2617540875089,7.94119214177859,7.264696194689795,4.27825950314192,0.0,0.0
7.124999999974232,1.3850755872608784,1.3909867622635113,1.4999999999563443,621.2688968152195,647.1985918337491,-0.006542123950645493,-0.01248669756979292,0.0,0.0,1.0,1.0,0.0,0.0,13.25893000169715,7.933955646201624,7.259312247089231,4.27212105608105,0.0,0.0
7.133333333307444,1.3858521805276347,1.3915098330346178,1.4933333332681409,621.4630451319085,647.3727744005278,-0.006400312603930046,-0.012067952284335028,0.0,0.0,1.0,1.0,0.0,0.0,13.256165053245063,7.926761493755783,7.254108933250658,4.266095299475737,0.0,0.0
7.141666666640656,1.3866112966357522,1.392007699771197,1.4866666665799373,621.652824158938,647.5385640238085,-0.006250813577946576,-0.011635693862067868,0.0,0.0,1.0,1.0,0.0,0.0,13.25346249054193,7.919611579715845,7.249091106067613,4.260184858053694,0.0,0.0
7.149999999973868,1.387351993072431,1.3924797855694673,1.479999999891734,621.8379982681076,647.6957685946325,-0.006093278297873786,-0.011188393044694784,0.0,0.0,1.0,1.0,0.0,0.0,13.25082568775283,7.912507870486229,7.244264214061274,4.254392698734272,0.0,0.0
7.15833333330708,1.3880732791170363,1.3929253986787105,1.4733333333432288,622.018319779259,647.8441577600106,-0.00592724867582749,-0.010724213874622107,0.0,0.0,1.0,1.0,0.0,0.0,13.248258187483914,7.905452429313422,7.239634415069733,4.248722196148475,0.0,0.0
7.1666666666402925,1.3887741012524681,1.3933437117995815,1.4666666666550252,622.1935253131169,647.9834560292607,-0.005752131644887187,-0.01024091925759246,0.0,0.0,1.0,1.0,0.0,0.0,13.245763752666145,7.898447447494969,7.235208723620302,4.243177217637467,0.0,0.0
7.174999999973505,1.3894533249268324,1.393733733900679,1.4599999999668216,622.363331231708,648.1133333889261,-0.005567163133406076,-0.009735735601572308,0.0,0.0,1.0,1.0,0.0,0.0,13.243346431389167,7.8914952833247884,7.230995205953754,4.237762235820615,0.0,0.0
7.183333333306717,1.390109711097028,1.394094271053254,1.4533333332786182,622.5274277742569,648.2333922607336,-0.00537135601913089,-0.00920515244938899,0.0,0.0,1.0,1.0,0.0,0.0,13.241010640252778,7.884598512118176,7.227003244495633,4.23248248136274,0.0,0.0
7.191666666639929,1.3907418851249334,1.3944238705085799,1.4466666665904147,622.6854712812333,648.3431488793569,-0.0051634228013706955,-0.008644614268730592,0.0,0.0,1.0,1.0,0.0,0.0,13.238761274861352,7.8777599924951485,7.223243907183374,4.22734415646663,0.0,0.0
7.199999999973141,1.3913482940982502,1.3947207380047073,1.4399999999022113,622.8370735245624,648.4420057555674,-0.004941656496553996,-0.008048023698481371,0.0,0.0,1.0,1.0,0.0,0.0,13.236603861407838,7.8709829572993755,7.219730482043923,4.222354744115123,0.0,0.0
7.208333333306353,1.3919271458918117,1.3949826098411526,1.4333333333537062,622.9817864729528,648.5292090771038,-0.00470373855401558,-0.00740689249917827,0.0,0.0,1.0,1.0,0.0,0.0,13.234544773083288,7.8642711434138075,7.2164792864183065,4.217523476529886,0.0,0.0
7.216666666639565,1.3924763178530988,1.3952065429146916,1.4266666666655026,623.1190794632746,648.6037787905923,-0.0044464100877959455,-0.006708776030680246,0.0,0.0,1.0,1.0,0.0,0.0,13.232591554339717,7.857628986336311,7.21351096469642,4.212862086971302,0.0,0.0
7.224999999972777,1.392993211290914,1.395388541363358,1.419999999977299,623.2483028227284,648.6643842739982,-0.004164862724314353,-0.005934075717661711,0.0,0.0,1.0,1.0,0.0,0.0,13.230753437609982,7.851061930390089,7.210852736891192,4.208386113321454,0.0,0.0
7.233333333305989,1.3934744994858062,1.395522812252682,1.4133333332890956,623.3686248714514,648.709096480143,-0.0038514770862138866,-0.0050484722035912186,0.0,0.0,1.0,1.0,0.0,0.0,13.229042238188628,7.844576966290607,7.208542747888774,4.204117421361407,0.0,0.0
7.241666666639201,1.3939156343658758,1.3955999913522938,1.406666666600892,623.4789085914688,648.7347971203137,-0.0034927239387155915,-0.003980264507253634,0.0,0.0,1.0,1.0,0.0,0.0,13.227474106348975,7.838183684431734,7.2066400587303185,4.200090005733946,0.0,0.0
7.249999999972413,1.3943096532697956,1.3956012123499388,1.3999999999126886,623.5774133174488,648.7352037125295,-0.0030587246117206785,-0.0025112732292643667,0.0,0.0,1.0,1.0,0.0,0.0,13.226073766102123,7.831896825227279,7.205256448425048,4.196368469233712,0.0,0.0
7.258333333305625,1.394641115906084,1.395418917054434,1.393333333224485,623.6602789765209,648.6744993791265,-0.002374679068488339,0.001722665557279693,0.0,0.0,1.0,1.0,7.204788608058416,4.1931830532459955,13.224896061261864,7.825749261843668,7.204788608058416,4.1931830532459955,0.0,0.0
7.266666666638837,1.394855435439761,1.3950158371170973,1.38666666667598,623.7138588599402,648.5402737599934,-0.001080635392539728,0.0034532991046949835,0.0,0.0,1.0,1.0,7.204788608058416,4.1902721314238445,13.224134800687628,7.819857570335389,7.204788608058416,4.1902721314238445,0.0,0.0
7.274999999972049,1.3948315712284256,1.3946695105259104,1.3799999999877763,623.7078928071063,648.4249470051282,0.0010821601951606012,0.004578625168820374,0.0,0.0,1.0,1.0,7.204897419491727,4.187428796667916,13.224087340251497,7.814400400685128,7.204897419491727,4.187428796667916,0.0,0.0
7.2833333333052614,1.3946709150118668,1.3943356857285025,1.373333333299573,623.6677287529666,648.3137833475912,0.0015572479221560845,0.005479099725069125,0.0,0.0,1.0,1.0,7.2053670405619705,4.1848046516834145,13.224087340251511,7.80897561756345,7.2053670405619705,4.1848046516834145,0.0,0.0
7.2916666666384735,1.3944625846485934,1.3939629944943817,1.3666666666113696,623.6156461621482,648.189677166629,0.0019013197488858752,0.006246733164255501,0.0,0.0,1.0,1.0,7.205976103134423,4.182266038458968,13.224087340251506,7.803554600344519,7.205976103134423,4.182266038458968,0.0,0.0
7.299999999971686,1.394216621027451,1.3935536259831869,1.359999999923166,623.5541552568626,648.0533574524011,0.002190444698919121,0.006926063595955252,0.0,0.0,1.0,1.0,7.206695290180257,4.179795152517818,13.224087340251508,7.798137346414042,7.206695290180257,4.179795152517818,0.0,0.0
7.308333333304898,1.3939380490566122,1.393110572951251,1.3533333332349624,623.484512264153,647.9058207927665,0.002447214381287123,0.007541277034566072,0.0,0.0,1.0,1.0,7.207509943242749,4.177383046864061,13.224087340251506,7.792723853159509,7.207509943242749,4.177383046864061,0.0,0.0
7.31666666663811,1.3936300772305001,1.39263648313189,1.3466666666864573,623.4075193076249,647.7479488829192,0.0026817003538315287,0.008107217146254226,0.0,0.0,1.0,1.0,7.208410711765792,4.1750239864377,13.224087340251518,7.787314117970269,7.208410711765792,4.1750239864377,0.0,0.0
7.324999999971322,1.3932950185745285,1.3921335848682796,1.339999999998254,623.323754643632,647.580483761137,0.002899420631532014,0.008633763744171487,0.0,0.0,1.0,1.0,7.209390861651634,4.172713821975088,13.224087340251533,7.78190813823744,7.209390861651634,4.172713821975088,0.0,0.0
7.333333333304534,1.3929346637113693,1.3916037509873842,1.3333333333100503,623.2336659278421,647.4040490787988,0.0031038095692707355,0.009127883551106317,0.0,0.0,1.0,1.0,7.210445185003936,4.170449330763713,13.224087340251536,7.7765059113539765,7.210445185003936,4.170449330763713,0.0,0.0
7.341666666637746,1.3925504639793582,1.3910485703407756,1.326666666621847,623.1376159948395,647.2191739234781,0.0032971962428907336,0.009594706237672411,0.0,0.0,1.0,1.0,7.21156946499939,4.168227892781274,13.224087340251527,7.771107434714655,7.21156946499939,4.168227892781274,0.0,0.0
7.349999999970958,1.3921436335361321,1.3904694065075893,1.3199999999336434,623.0359083840328,647.0263123670272,0.003481259237010802,0.010038138070823537,0.0,0.0,1.0,1.0,7.212760177526234,4.1660473099560065,13.22408734025152,7.765712705716011,7.212760177526234,4.1660473099560065,0.0,0.0
7.35833333330417,1.391715211725928,1.3898674430225118,1.3133333332454398,622.9288029314819,646.8258585264964,0.003657263763486389,0.010461234894339555,0.0,0.0,1.0,1.0,7.214014308951056,4.163905695666593,13.224087340251518,7.7603217217564415,7.214014308951056,4.163905695666593,0.0,0.0
7.366666666637382,1.3912661038609346,1.3892437178386323,1.3066666666969347,622.8165259652335,646.6181580402645,0.0038261965033440813,0.010866440592100903,0.0,0.0,1.0,1.0,7.215329236967563,4.161801402421215,13.224087340251526,7.754934480236127,7.215329236967563,4.161801402421215,0.0,0.0
7.374999999970594,1.3907971093236187,1.3885991497202514,1.3000000000087313,622.6992773309046,646.4035168568437,0.003988847670736892,0.011255745959257327,0.0,0.0,1.0,1.0,7.216702648497224,4.159732971976595,13.224087340251527,7.749550978557027,7.216702648497224,4.159732971976595,0.0,0.0
7.383333333303806,1.3903089417488224,1.3879345586699097,1.2933333333205277,622.5772354372054,646.1822080370798,0.004145863741854635,0.011630798183859507,0.0,0.0,1.0,1.0,7.218132480733894,4.157699099483508,13.224087340251533,7.744171214122984,7.218132480733894,4.157699099483508,0.0,0.0
7.391666666637018,1.3898022440070925,1.3872506819329364,1.2866666666323243,622.4505610017729,645.9544770836678,0.004297782865292004,0.011992978505995872,0.0,0.0,1.0,1.0,7.21961687737916,4.155698606845229,13.22408734025154,7.738795184339551,7.21961687737916,4.155698606845229,0.0,0.0
7.39999999997023,1.3892775996343205,1.3865481866931124,1.2799999999441207,622.31939990858,645.7205461688063,0.004445059525938639,0.012343458694874757,0.0,0.0,1.0,1.0,7.221154155260993,4.153730422377706,13.224087340251524,7.733422886614125,7.221154155260993,4.153730422377706,0.0,0.0
7.4083333333034425,1.3887355417491145,1.3858276802641667,1.2733333332559171,622.1838854372785,645.4806175279675,0.004588082256154126,0.012683242975262202,0.0,0.0,1.0,1.0,7.22274277829225,4.151793564927304,13.224087340251517,7.728054318355926,7.22274277829225,4.151793564927304,0.0,0.0
7.4166666666366545,1.388176560143186,1.3850897183627333,1.2666666665677138,622.0441400357963,645.2348762147901,0.004727186687015191,0.013013199750481251,0.0,0.0,1.0,1.0,7.224381336766794,4.149887131232623,13.224087340251497,7.722689476975906,7.224381336766794,4.149887131232623,0.0,0.0
7.424999999969867,1.3876011070108116,1.3843348118938923,1.2600000000192086,621.9002767527028,644.9834923606661,0.00486266538032609,0.01333408599528351,0.0,0.0,1.0,1.0,7.226068530631143,4.148010285703872,13.22408734025149,7.717328359886877,7.226068530631143,4.148010285703872,0.0,0.0
7.433333333303079,1.3870096016434357,1.3835634325701458,1.253333333331005,621.7524004108589,644.7266230458586,0.004994775377939718,0.013646566304640973,0.0,0.0,1.0,1.0,7.2278031557791005,4.146162252042231,13.224087340251469,7.711970964503421,7.2278031557791005,4.146162252042231,0.0,0.0
7.441666666636291,1.3864024343231423,1.3827760176055497,1.2466666666428017,621.6006085807854,644.4644138626479,0.0051237440952858395,0.013951227935835083,0.0,0.0,1.0,1.0,7.22958409268623,4.144342306283753,13.224087340251472,7.706617288241899,7.22958409268623,4.144342306283753,0.0,0.0
7.449999999969503,1.385779969586244,1.3819729736691848,1.239999999954598,621.4449923965609,644.1970002318385,0.0052497739897217266,0.014248592839653726,0.0,0.0,1.0,1.0,7.231410296884189,4.142549770964752,13.224087340251469,7.7012673285205,7.231410296884189,4.142549770964752,0.0,0.0
7.458333333302715,1.385142548984752,1.3811546802398114,1.2333333332663945,621.2856372461879,643.9245085198571,0.005373046306320928,0.01453912740300695,0.0,0.0,1.0,1.0,7.233280790901427,4.140784010181034,13.224087340251485,7.695921082759201,7.233280790901427,4.140784010181034,0.0,0.0
7.466666666635927,1.3844904934426396,1.3803214924721663,1.2266666665781911,621.1226233606599,643.6470569932313,0.005493724117996951,0.014823250388270159,0.0,0.0,1.0,1.0,7.235194657387089,4.139044425369216,13.22408734025149,7.690578548379738,7.235194657387089,4.139044425369216,0.0,0.0
7.474999999969139,1.383824105281625,1.3794737436616982,1.220000000029686,620.9560263204062,643.3647566393454,0.005611954818388432,0.015101339470558469,0.0,0.0,1.0,1.0,7.2371510332001145,4.137330451677195,13.224087340251511,7.685239722805675,7.2371510332001145,4.137330451677195,0.0,0.0
7.483333333302351,1.3831436699746644,1.378611747376562,1.2133333333414824,620.7859174936659,643.0777118763951,0.005727872184975162,0.01537373667708124,0.0,0.0,1.0,1.0,7.239149104293311,4.135641554820335,13.2240873402515,7.679904603462336,7.239149104293311,4.135641554820335,0.0,0.0
7.491666666635563,1.3824494576731976,1.377735799311999,1.206666666653279,620.6123644182993,642.7860211708955,0.0058415981008790255,0.01564075292058884,0.0,0.0,1.0,1.0,7.24118810125789,4.133977228341296,13.224087340251497,7.674573187776853,7.24118810125789,4.133977228341296,0.0,0.0
7.499999999968775,1.3817417245448478,1.376846178911515,1.1999999999650754,620.4354311362118,642.4897775775344,0.005953244002800987,0.015902671816268865,0.0,0.0,1.0,1.0,7.2432672954214885,4.132336991208393,13.224087340251488,7.669245473178101,7.2432672954214885,4.132336991208393,0.0,0.0
7.508333333301987,1.3810207139511874,1.3759431507909614,1.1933333332768719,620.2551784877967,642.1890692133901,0.006062912107179409,0.016159752931212613,0.0,0.0,1.0,1.0,7.2453859954131214,4.130720385699743,13.2240873402515,7.663921457096802,7.2453859954131214,4.130720385699743,0.0,0.0
7.516666666635199,1.3802866574896189,1.3750269659950771,1.1866666665886685,620.0716643724046,641.8839796763607,0.006170696455191565,0.016412234542562305,0.0,0.0,1.0,1.0,7.247543544124626,4.129126975530157,13.224087340251476,7.65860113696544,7.247543544124626,4.129126975530157,0.0,0.0
7.524999999968411,1.3795397759191226,1.374097863110839,1.179999999900465,619.8849439797805,641.5745884159094,0.006276683808627581,0.01666033600428802,0.0,0.0,1.0,1.0,7.249739316011217,4.127556344185758,13.224087340251444,7.653284510218288,7.249739316011217,4.127556344185758,0.0,0.0
7.5333333333016235,1.3787802799861626,1.3731560692578033,1.1733333333519598,619.6950699965405,641.2609710628485,0.0063809544221188905,0.016904259783151902,0.0,0.0,1.0,1.0,7.251972714683354,4.126008093437252,13.22408734025145,7.647971574291339,7.251972714683354,4.126008093437252,0.0,0.0
7.5416666666348355,1.3780083711643365,1.3722018009722816,1.1666666666637564,619.502092791084,640.9431997237697,0.006483582712159485,0.017144193232566655,0.0,0.0,1.0,1.0,7.25424317075043,4.124481842007618,13.224087340251433,7.642662326622434,7.25424317075043,4.124481842007618,0.0,0.0
7.549999999968048,1.377224242319102,1.3712352649994517,1.1599999999755528,619.3060605797754,640.6213432448174,0.006584637839453758,0.017380310121039463,0.0,0.0,1.0,1.0,7.256550139883109,4.122977224373978,13.224087340251437,7.637356764651165,7.256550139883109,4.122977224373978,0.0,0.0
7.55833333330126,1.3764280783071288,1.370256659005331,1.1533333332873492,619.107019576782,640.2954674487751,0.006684184218019012,0.017612771966511346,0.0,0.0,1.0,1.0,7.258893101066159,4.121493889686495,13.224087340251431,7.632054885818914,7.258893101066159,4.121493889686495,0.0,0.0
7.566666666634472,1.3756200565184513,1.3692661722186683,1.1466666665991458,618.9050141296127,639.9656353488165,0.0067822819621401916,0.017841729219853504,0.0,0.0,1.0,1.0,7.261271555018627,4.12003150078999,13.224087340251439,7.626756687568852,7.261271555018627,4.12003150078999,0.0,0.0
7.574999999967684,1.3748003473682162,1.3682639860113528,1.1399999999109423,618.7000868420539,639.6319073417804,0.006878987280223153,0.01806732229560635,0.0,0.0,1.0,1.0,7.263685022760766,4.118589733335823,13.224087340251431,7.621462167345884,7.263685022760766,4.118589733335823,0.0,0.0
7.583333333300896,1.3739691147440032,1.3672502744246715,1.1333333333624371,618.4922786860006,639.2943413834155,0.006974352823147238,0.01828968248207147,0.0,0.0,1.0,1.0,7.266133044310627,4.117168274973609,13.224087340251415,7.61617132259669,7.266133044310627,4.117168274973609,0.0,0.0
7.591666666634108,1.3731265164137525,1.3662252046477197,1.1266666666742338,618.281629103438,638.9529931476906,0.007068427993409542,0.018508932758357063,0.0,0.0,1.0,1.0,7.268615177495686,4.115766824613527,13.224087340251424,7.610884150769791,7.268615177495686,4.115766824613527,0.0,0.0
7.59999999996732,1.3722727043986815,1.3651889374533808,1.1199999999860302,618.0681760996703,638.6079161719757,0.007161259220367765,0.018725188507607023,0.0,0.0,1.0,1.0,7.271130996866399,4.114385091751596,13.224087340251419,7.605600649315408,7.271130996866399,4.114385091751596,0.0,0.0
7.608333333300532,1.3714078253149995,1.364141627596593,1.1133333332978266,617.8519563287498,638.2591619896654,0.007252890206039052,0.018938558152642653,0.0,0.0,1.0,1.0,7.273680092701038,4.113022795851018,13.224087340251405,7.600320815685573,7.273680092701038,4.113022795851018,0.0,0.0
7.616666666633744,1.3705320206876868,1.3630834241789647,1.1066666666096232,617.6330051719216,637.9067802515951,0.007343362145236124,0.01914914373710598,0.0,0.0,1.0,1.0,7.276262070091687,4.111679665773671,13.224087340251403,7.595044647334039,7.276262070091687,4.111679665773671,0.0,0.0
7.624999999966956,1.3696454272392566,1.3620144709833157,1.0999999999214198,617.411356809814,637.550818837444,0.007432713923260404,0.0193570414364466,0.0,0.0,1.0,1.0,7.278876548103465,4.110355439256727,13.224087340251403,7.589772141716381,7.278876548103465,4.110355439256727,0.0,0.0
7.633333333300168,1.3687481771559877,1.3609349067812135,1.0933333332332162,617.1870442889967,637.191323958144,0.00752098229390911,0.019562342019669766,0.0,0.0,1.0,1.0,7.281523158999339,4.109049862429682,13.224087340251407,7.584503296289925,7.281523158999339,4.109049862429682,0.0,0.0
7.64166666663338,1.3678403983338747,1.3598448656162878,1.0866666666847111,616.9600995834685,636.8283402502238,0.007608202040133518,0.019765131260347228,0.0,0.0,1.0,1.0,7.284201547524027,4.107762689367923,13.224087340251424,7.5792381085137315,7.284201547524027,4.107762689367923,0.0,0.0
7.649999999966592,1.3669222146062368,1.3587444770656536,1.0799999999965078,616.7305536515591,636.4619108628626,0.007694406119406979,0.019965490332668027,0.0,0.0,1.0,1.0,7.286911370241542,4.106493681679453,13.22408734025141,7.57397657584865,7.286911370241542,4.106493681679453,0.0,0.0
7.6583333332998045,1.3659937459547127,1.3576338664816183,1.073333333308304,616.4984364886781,636.0920775383788,0.007779625795527735,0.02016349612113235,0.0,0.0,1.0,1.0,7.289652294921027,4.1052426081213556,13.224087340251398,7.568718695757284,7.289652294921027,4.1052426081213556,0.0,0.0
7.6666666666330165,1.3650551087051745,1.3565131552155134,1.0666666666201006,616.2637771762935,635.7188806867659,0.007863890758386172,0.020359221549520218,0.0,0.0,1.0,1.0,7.292423999966646,4.104009244243652,13.224087340251366,7.5634644657040475,7.292423999966646,4.104009244243652,0.0,0.0
7.674999999966229,1.3641064157099276,1.3553824608253018,1.0599999999318972,616.0266039274818,635.3423594548254,0.007947229233027703,0.020552735856317818,0.0,0.0,1.0,1.0,7.295226173887323,4.102793372057714,13.224087340251373,7.558213883155027,7.295226173887323,4.102793372057714,0.0,0.0
7.683333333299441,1.3631477765174256,1.3542418972684676,1.0533333332436936,615.7869441293562,634.9625517903996,0.008029668079153895,0.020744104850243687,0.0,0.0,1.0,1.0,7.298058514803137,4.101594779727305,13.224087340251387,7.552966945578117,7.298058514803137,4.101594779727305,0.0,0.0
7.691666666632653,1.3621792975305365,1.3530915750814596,1.0466666666951885,615.544824382634,634.579494502126,0.008111232882069254,0.02093339114105286,0.0,0.0,1.0,1.0,7.300920729984732,4.10041326128028,13.224087340251383,7.547723650442966,7.300920729984732,4.10041326128028,0.0,0.0
7.699999999965865,1.3612010821544012,1.351931601546914,1.0400000000069851,615.3002705386002,634.1932233151224,0.008191948035963011,0.021120654359933058,0.0,0.0,1.0,1.0,7.30381253542347,4.099248616339072,13.224087340251375,7.542483995220986,7.30381253542347,4.099248616339072,0.0,0.0
7.708333333299077,1.3602132309346924,1.3507620808496672,1.0333333333187813,615.0533077336729,633.8037729229391,0.008271836820300065,0.02130595134986192,0.0,0.0,1.0,1.0,7.306733655429153,4.098100649868465,13.224087340251353,7.537247977385336,7.306733655429153,4.098100649868465,0.0,0.0
7.716666666632289,1.3592158416870992,1.3495831142225079,1.026666666630578,614.8039604217747,633.4111770360951,0.00835092147001394,0.021489336340093125,0.0,0.0,1.0,1.0,7.309683822253622,4.096969171939339,13.224087340251357,7.532015594410957,7.309683822253622,4.096969171939339,0.0,0.0
7.724999999965501,1.358209009618736,1.3483948000825547,1.0199999999423746,614.5522524046839,633.0154684274906,0.008429223240095454,0.021670861117871913,0.0,0.0,1.0,1.0,7.312662775737781,4.095853997506998,13.224087340251348,7.526786843774475,7.312662775737781,4.095853997506998,0.0,0.0
7.733333333298713,1.3571928274420935,1.3471972341589562,1.013333333254171,614.2982068605232,632.6166789749323,0.00850676246513115,0.021850575177534425,0.0,0.0,1.0,1.0,7.315670262980279,4.094754946202874,13.224087340251325,7.521561722954326,7.315670262980279,4.094754946202874,0.0,0.0
7.741666666631925,1.3561673854821452,1.3459905096126763,1.0066666667056658,614.0418463705362,632.2148397010211,0.008583558614253254,0.02202852585786755,0.0,0.0,1.0,1.0,7.318706038026308,4.0936718421387575,13.224087340251325,7.516340229430696,7.318706038026308,4.0936718421387575,0.0,0.0
7.749999999965137,1.3551327717770967,1.3447747171489306,1.0000000000174625,613.7831929442741,631.8099808105937,0.00865963034193366,0.022204758477829063,0.0,0.0,1.0,1.0,7.321769861574711,4.092604513722462,13.22408734025131,7.5111223606854605,7.321769861574711,4.092604513722462,0.0,0.0
7.758333333298349,1.3540890721732775,1.3435499451228694,0.9933333333292589,613.5222680433192,631.4021317259154,0.008734995535004099,0.022379316451036014,0.0,0.0,1.0,1.0,7.324861500702315,4.091552793484161,13.224087340251302,7.505908114202312,7.324861500702315,4.091552793484161,0.0,0.0
7.766666666631561,1.3530363704146078,1.342316279639024,0.9866666666410553,613.2590926036519,630.991321119795,0.0088096713562303,0.02255224139160779,0.0,0.0,1.0,1.0,7.327980728604037,4.090516517912468,13.224087340251305,7.500697487466696,7.327980728604037,4.090516517912468,0.0,0.0
7.774999999964773,1.351974748227024,1.341073804644943,0.9799999999528519,612.9936870567558,630.5775769467659,0.008883674284763814,0.022723573223127402,0.0,0.0,1.0,1.0,7.331127324347661,4.089495527299809,13.224087340251309,7.4954904779657,7.331127324347661,4.089495527299809,0.0,0.0
7.7833333332979855,1.3509042853982185,1.3398226020195054,0.9733333332646483,612.7260713495546,630.1609264724952,0.00895702015371086,0.022893350271210818,0.0,0.0,1.0,1.0,7.334301072642265,4.0884896655961285,13.224087340251332,7.490287083188293,7.334301072642265,4.0884896655961285,0.0,0.0
7.791666666631198,1.349825059853029,1.3385627516562435,0.9666666665764448,612.4562649632571,629.741396301529,0.00902972418509022,0.02306160935162002,0.0,0.0,1.0,1.0,7.337501763619243,4.087498780270589,13.224087340251335,7.4850873006250875,7.337501763619243,4.087498780270589,0.0,0.0
7.79999999996441,1.3487371477247947,1.3372943315420507,0.9600000000279397,612.1842869311986,629.3190124035028,0.009101801022398402,0.023228385850076527,0.0,0.0,1.0,1.0,7.340729192625189,4.0865227221805425,13.224087340251339,7.479891127768477,7.340729192625189,4.0865227221805425,0.0,0.0
7.808333333297622,1.347640623422929,1.3360174178316013,0.9533333333397362,611.9101558557321,628.8938001379231,0.009173264760964792,0.02339371380507328,0.0,0.0,1.0,1.0,7.343983160025804,4.085561345447461,13.224087340251339,7.474698562112592,7.343983160025804,4.085561345447461,0.0,0.0
7.816666666630834,1.346535559696977,1.3347320849177682,0.9466666666515327,611.6338899242442,628.4657842776168,0.009244128976293724,0.02355762597464641,0.0,0.0,1.0,1.0,7.347263471019919,4.084614507339175,13.224087340251344,7.469509601153331,7.347263471019919,4.084614507339175,0.0,0.0
7.824999999964046,1.3454220276973705,1.333438405498316,0.9399999999633293,611.3555069243425,628.0349890309392,0.009314406750536382,0.023720153898585283,0.0,0.0,1.0,1.0,7.350569935463245,4.083682068158064,13.224087340251335,7.464324242388244,7.350569935463245,4.083682068158064,0.0,0.0
7.833333333297258,1.3443000970331365,1.3321364506391236,0.9333333332751258,611.075024258284,627.601438062828,0.009384110697262325,0.02388132796690583,0.0,0.0,1.0,1.0,7.353902367700925,4.08276389113502,13.224087340251323,7.459142483316719,7.353902367700925,4.08276389113502,0.0,0.0
7.84166666663047,1.3431698358267123,1.3308262898341456,0.9266666665869222,610.792458956678,627.1651545147704,0.009453252984650452,0.024041177475734365,0.0,0.0,1.0,1.0,7.357260586408605,4.08185984232839,13.224087340251339,7.453964321439817,7.357260586408605,4.08185984232839,0.0,0.0
7.849999999963682,1.3420313107660655,1.3295079910623553,0.9200000000384171,610.5078276915162,626.7261610237642,0.009521845357215284,0.024199730679572796,0.0,0.0,1.0,1.0,7.3606444144411896,4.080969790528045,13.224087340251339,7.44878975426036,7.3606444144411896,4.080969790528045,0.0,0.0
7.858333333296894,1.3408845871542983,1.3281816208418287,0.9133333333502136,610.2211467885745,626.2844797403288,0.009589899156197079,0.02435701484842525,0.0,0.0,1.0,1.0,7.364053678689081,4.080093607163867,13.22408734025136,7.443618779282891,7.364053678689081,4.080093607163867,0.0,0.0
7.866666666630106,1.3397297289568704,1.3268472442811796,0.9066666666620101,609.9324322392174,625.8401323456327,0.009657425338699437,0.024513056311337527,0.0,0.0,1.0,1.0,7.367488209941291,4.0792311662187,13.224087340251366,7.438451394013705,7.367488209941291,4.0792311662187,0.0,0.0
7.874999999963318,1.338566798846612,1.3255049251284865,0.8999999999738066,609.6416997116528,625.3931400677859,0.00972443449568131,0.024667880497173444,0.0,0.0,1.0,1.0,7.370947842754978,4.078382344145301,13.224087340251382,7.433287595960818,7.370947842754978,4.078382344145301,0.0,0.0
7.88333333329653,1.337395858246621,1.3241547258178972,0.8933333332856032,609.3489645616551,624.9435236973598,0.00979093686886483,0.024821511982894867,0.0,0.0,1.0,1.0,7.374432415331119,4.077547019787119,13.224087340251389,7.428127382633941,7.374432415331119,4.077547019787119,0.0,0.0
7.891666666629742,1.336216967371212,1.322796707514002,0.8866666665973996,609.0542418428029,624.4913036021626,0.009856942366668882,0.02497397453110133,0.0,0.0,1.0,1.0,7.377941769395924,4.076725074302612,13.224087340251387,7.422970751544574,7.377941769395924,4.076725074302612,0.0,0.0
7.899999999962954,1.3350301852649948,1.3214309301541685,0.8799999999091961,608.7575463162486,624.036499741338,0.009922460579202846,0.0251252911273042,0.0,0.0,1.0,1.0,7.381475750087593,4.0759163910930285,13.224087340251389,7.4178177002058865,7.381475750087593,4.0759163910930285,0.0,0.0
7.9083333332961665,1.3338355698402131,1.3200574524889097,0.873333333360691,608.4588924600532,623.5791316788068,0.009987500792414469,0.025275484013059103,0.0,0.0,1.0,1.0,7.385034205848255,4.075120855733369,13.224087340251376,7.412668226132824,7.385034205848255,4.075120855733369,0.0,0.0
7.916666666629379,1.3326331779124339,1.3186763321204273,0.8666666666724875,608.1582944781084,623.1192185961022,0.010052072001432738,0.025424574725012878,0.0,0.0,1.0,1.0,7.388616988320606,4.074338355906324,13.224087340251359,7.407522326842043,7.388616988320606,4.074338355906324,0.0,0.0
7.924999999962591,1.3314230652346823,1.3172876255394224,0.859999999984284,607.8557663086705,622.6567793046275,0.010116182923172158,0.025572584122103045,0.0,0.0,1.0,1.0,7.392223952249132,4.073568781339058,13.224087340251348,7.402379999851928,7.392223952249132,4.073568781339058,0.0,0.0
7.933333333295803,1.3302052865300984,1.315891388160289,0.8533333332960805,607.5513216325245,622.1918322573762,0.010179842008233337,0.025719532411152008,0.0,0.0,1.0,1.0,7.395854955385591,4.072812023742765,13.224087340251351,7.397241242682552,7.395854955385591,4.072812023742765,0.0,0.0
7.941666666629015,1.3289798955232188,1.3144876743547516,0.846666666607877,607.2449738808045,621.7243955601322,0.010243057452168722,0.02586543918061913,0.0,0.0,1.0,1.0,7.399509858398561,4.072067976754631,13.224087340251355,7.392106052855738,7.399509858398561,4.072067976754631,0.0,0.0
7.949999999962227,1.327746944969924,1.3130765374840596,0.8399999999196736,606.936736242481,621.2544869821918,0.010305837206131208,0.026010323424953047,0.0,0.0,1.0,1.0,7.403188524786733,4.071336535882283,13.224087340251371,7.38697442789503,7.403188524786733,4.071336535882283,0.0,0.0
7.958333333295439,1.3265064866861616,1.3116580299298148,0.8333333333711683,606.6266216715403,620.7821239666282,0.010368188986963615,0.026154203567591103,0.0,0.0,1.0,1.0,7.406890820795974,4.070617598450527,13.22408734025136,7.381846365325684,7.406890820795974,4.070617598450527,0.0,0.0
7.966666666628651,1.3252585715754834,1.3102322031234843,0.8266666666829648,606.3146428938708,620.3073236401202,0.010430120286759102,0.02629709749029089,0.0,0.0,1.0,1.0,7.410616615339658,4.069911063550246,13.224087340251359,7.376721862674669,7.410616615339658,4.069911063550246,0.0,0.0
7.974999999961863,1.324003249655461,1.3087991075746979,0.8199999999947614,606.0008124138651,619.8301028223743,0.010491638381922002,0.026439022551589027,0.0,0.0,1.0,1.0,7.4143657799223,4.069216831989248,13.224087340251364,7.3716009174706905,7.4143657799223,4.069216831989248,0.0,0.0
7.983333333295075,1.322740570083049,1.3073587928983792,0.8133333333065579,605.6851425207622,619.3504780351602,0.010552750341763744,0.026579995604222695,0.0,0.0,1.0,1.0,7.418138188566362,4.068534806245193,13.224087340251387,7.366483527244142,7.418138188566362,4.068534806245193,0.0,0.0
7.991666666628287,1.3214705811789382,1.3059113078407634,0.8066666666183543,605.3676452947344,618.8684655109741,0.01061346303666774,0.02672003302092582,0.0,0.0,1.0,1.0,7.421933717741832,4.067864890420306,13.224087340251392,7.361369689527151,7.421933717741832,4.067864890420306,0.0,0.0
7.999999999961499,1.3201933304509594,1.304456700304382,0.7999999999301508,605.0483326127397,618.3840812013591,0.010673783145839557,0.026859150711586233,0.0,0.0,1.0,1.0,7.425752246298745,4.0672069901978,13.22408734025139,7.356259401853557,7.425752246298745,4.0672069901978,0.0,0.0
8.008333333294711,1.3189088646165754,1.3029950173720408,0.7933333332419473,604.7272161541437,617.8973407848895,0.010733717164677414,0.026997364141353185,0.0,0.0,1.0,1.0,7.42959365540211,4.0665610128000464,13.224087340251387,7.351152661758893,7.42959365540211,4.0665610128000464,0.0,0.0
8.016666666627923,1.3176172296245137,1.3015263053298696,0.7866666666934423,604.4043074061283,617.4082596748465,0.010793271411776249,0.027134688344163296,0.0,0.0,1.0,1.0,7.433457828469636,4.065926866948207,13.224087340251403,7.346049466780457,7.433457828469636,4.065926866948207,0.0,0.0
8.024999999961135,1.316318470675573,1.3000506096894635,0.7800000000052387,604.0796176688932,616.9168530265913,0.010852452035594618,0.02727113795384469,0.0,0.0,1.0,1.0,7.43734465111156,4.065304462823546,13.224087340251412,7.340949814457181,7.43734465111156,4.065304462823546,0.0,0.0
8.033333333294348,1.315012632242664,1.2985679752091812,0.7733333333170352,603.7531580606659,616.4231357446572,0.010911265020804136,0.027406727197537895,0.0,0.0,1.0,1.0,7.441254011072987,4.064693712030075,13.224087340251435,7.335853702329742,7.441254011072987,4.064693712030075,0.0,0.0
8.04166666662756,1.3136997580900918,1.297078445914626,0.7666666666288318,603.4249395225229,615.9271224895704,0.010969716194333776,0.02754146992529203,0.0,0.0,1.0,1.0,7.445185798178246,4.064094527558507,13.22408734025142,7.330761127940533,7.445185798178246,4.064094527558507,0.0,0.0
8.049999999960772,1.3123798912921356,1.2955820651183612,0.7599999999406283,603.0949728230338,615.4288276844142,0.011027811231131808,0.027675379620474096,0.0,0.0,1.0,1.0,7.449139904277337,4.063506823751628,13.224087340251405,7.325672088833652,7.449139904277337,4.063506823751628,0.0,0.0
8.058333333293984,1.311053074250949,1.294078875438897,0.7533333332524248,602.763268562737,614.9282655211526,0.01108555565965448,0.027808469413213563,0.0,0.0,1.0,1.0,7.453116223194318,4.062930516270854,13.224087340251387,7.320586582554891,7.453116223194318,4.062930516270854,0.0,0.0
8.066666666627196,1.3097193487138286,1.292568918818959,0.7466666667039196,602.4298371784571,614.4254499667134,0.011142954867115407,0.027940752091431535,0.0,0.0,1.0,1.0,7.4571146506776484,4.062365522064011,13.224087340251382,7.315504606651732,7.4571146506776484,4.062365522064011,0.0,0.0
8.074999999960408,1.3083787557898567,1.2910522365431139,0.7400000000157161,602.0946889474641,613.9203947688568,0.011200014104480325,0.02807224011844604,0.0,0.0,1.0,1.0,7.4611350843522315,4.061811759334193,13.224087340251385,7.31042615867339,7.4611350843522315,4.061811759334193,0.0,0.0
8.08333333329362,1.3070313359659573,1.2895288692547429,0.7333333333275126,601.7578339914892,613.4131134618293,0.011256738491246004,0.028202945641012972,0.0,0.0,1.0,1.0,7.465177423673187,4.06126914750975,13.2240873402514,7.305351236170791,7.465177423673187,4.06126914750975,0.0,0.0
8.091666666626832,1.3056771291224039,1.2879988569724115,0.7266666666393092,601.4192822806008,612.903619371813,0.01131313302000663,0.028332880496940577,0.0,0.0,1.0,1.0,7.46924156988131,4.06073760721527,13.224087340251407,7.300279836696492,7.46924156988131,4.06073760721527,0.0,0.0
8.099999999960044,1.3043161745477745,1.2864622391056726,0.7199999999511055,601.0790436369434,612.3919256221889,0.011369202560808707,0.02846205623107544,0.0,0.0,1.0,1.0,7.4733274259599956,4.060217060243618,13.224087340251431,7.295211957804821,7.4733274259599956,4.060217060243618,0.0,0.0
8.108333333293256,1.302948510953411,1.2849190544702975,0.713333333262902,600.7371277383527,611.878045138609,0.011424951865327467,0.028590484103682777,0.0,0.0,1.0,1.0,7.477434896593694,4.059707429528786,13.224087340251439,7.290147597051778,7.477434896593694,4.059707429528786,0.0,0.0
8.116666666626468,1.3015741764873778,1.283369341302996,0.706666666714397,600.3935441218443,611.3619906538976,0.011480385570853003,0.02871817509842916,0.0,0.0,1.0,1.0,7.481563888127829,4.059208639119813,13.224087340251458,7.2850867519950775,7.481563888127829,4.059208639119813,0.0,0.0
8.12499999995968,1.3001932087479569,1.2818131372756196,0.7000000000261934,600.0483021869891,610.8437747127812,0.011535508204109438,0.02884513993691392,0.0,0.0,1.0,1.0,7.485714308529974,4.05872061415545,13.224087340251454,7.280029420194065,7.485714308529974,4.05872061415545,0.0,0.0
8.133333333292892,1.2992490945833073,1.2802558015170775,0.69333333333799,599.6996378333228,610.3251819051868,0.01172610752210315,0.02897151993440067,0.0,0.0,1.0,1.0,7.489907386700983,4.058255240419483,13.224087340251454,7.2749755992098635,7.489907386700983,4.058255240419483,0.0,0.0
8.141666666626104,1.2983619379320477,1.2787057104813138,0.6866666666497865,599.3447751728189,609.8090015902774,0.011929017147368562,0.02909752901352992,0.0,0.0,1.0,1.0,7.494176489004059,4.057831174722149,13.224087340251456,7.2699252866052335,7.494176489004059,4.057831174722149,0.0,0.0
8.149999999959316,1.2974599365496222,1.2771621160373308,0.679999999961583,598.9839746198487,609.294984640431,0.012122160463034,0.02922315374671431,0.0,0.0,1.0,1.0,7.498518458847616,4.057446562044786,13.224087340251453,7.264878479944654,7.498518458847616,4.057446562044786,0.0,0.0
8.158333333292529,1.2965437882153035,1.2756242153157165,0.6733333332733795,598.6175152861213,608.7828637001335,0.012306438825291588,0.02934837950479184,0.0,0.0,1.0,1.0,7.502929912919806,4.057099425480743,13.224087340251467,7.259835176794289,7.502929912919806,4.057099425480743,0.0,0.0
8.16666666662574,1.2956141275315025,1.2740912825557602,0.6666666665851759,598.2456510126008,608.2723970910681,0.012482639440347635,0.029473193762579616,0.0,0.0,1.0,1.0,7.507407770450231,4.056787962745243,13.224087340251485,7.254795374721983,7.507407770450231,4.056787962745243,0.0,0.0
8.174999999958953,1.2946715337585766,1.2725626595176507,0.6600000000366708,597.8686135034304,607.7633656193775,0.01265145397106477,0.02959758581926505,0.0,0.0,1.0,1.0,7.511949215957761,4.056510524753622,13.224087340251481,7.2497590712972855,7.511949215957761,4.056510524753622,0.0,0.0
8.183333333292165,1.2937165373995339,1.271037747419271,0.6533333333484673,597.4866149598133,607.2555698906172,0.012813493444921543,0.029721546569600448,0.0,0.0,1.0,1.0,7.516551667921705,4.056265597596534,13.2240873402515,7.244726264091405,7.516551667921705,4.056265597596534,0.0,0.0
8.191666666625377,1.2927496257780702,1.269516000101629,0.646666666660264,597.0998503112279,606.7488280338423,0.012969300322357318,0.02984506830221315,0.0,0.0,1.0,1.0,7.521212752224475,4.056051787252962,13.224087340251469,7.239696950677263,7.521212752224475,4.056051787252962,0.0,0.0
8.199999999958589,1.291771247797887,1.2679969181942208,0.6399999999720603,596.7084991191547,606.2429737586754,0.013119358358466227,0.029968144527073134,0.0,0.0,1.0,1.0,7.525930279476105,4.055867806531299,13.22408734025148,7.234671128629458,7.525930279476105,4.055867806531299,0.0,0.0
8.208333333291801,1.2907818180301673,1.2664800441015334,0.6333333332838568,596.3127272120669,605.7378546858106,0.013264100730891,0.03009076983528588,0.0,0.0,1.0,1.0,7.530702225525395,4.055712463840624,13.224087340251469,7.229648795524282,7.530702225525395,4.055712463840624,0.0,0.0
8.216666666625013,1.2897817202451993,1.2649649576694346,0.6266666665956533,595.9126880980796,605.2333309039216,0.013403916791610852,0.03021293977202867,0.0,0.0,1.0,1.0,7.535526714608723,4.055584653477304,13.224087340251465,7.224629948939699,7.535526714608723,4.055584653477304,0.0,0.0
8.224999999958225,1.2887713104805618,1.263451272418716,0.6200000000471483,595.5085241922245,604.7292737154323,0.01353915771632815,0.030334650726151664,0.0,0.0,1.0,1.0,7.540402004698635,4.055483347176023,13.224087340251486,7.219614586455329,7.540402004698635,4.055483347176023,0.0,0.0
8.233333333291437,1.2877509197203032,1.261938632255098,0.6133333333589447,595.1003678881211,604.2255645409475,0.013670141263134525,0.030455899840374126,0.0,0.0,1.0,1.0,7.545326474700167,4.055407586723308,13.224087340251485,7.214602705652507,7.545326474700167,4.055407586723308,0.0,0.0
8.24166666662465,1.2867208562454149,1.2604267085820446,0.6066666666707412,594.6883424981659,603.7220939578208,0.013797155805764294,0.03057668492505083,0.0,0.0,1.0,1.0,7.550298613208852,4.055356477469426,13.22408734025151,7.2095943041142725,7.550298613208852,4.055356477469426,0.0,0.0
8.249999999957861,1.2856814077049319,1.25891519775616,0.5999999999825378,594.2725630819725,603.2187608528011,0.013920463771709994,0.030697004382116533,0.0,0.0,1.0,1.0,7.555317008596984,4.055329182604825,13.22408734025148,7.2045893794252915,7.555317008596984,4.055329182604825,0.0,0.0
8.258333333291073,1.284632842948247,1.2574038188355936,0.5933333332943342,593.8531371792986,602.7154716722525,0.014040304588722595,0.030816857145859057,0.0,0.0,1.0,1.0,7.560380340235603,4.0553249180903155,13.224087340251488,7.199587929171892,7.560380340235603,4.0553249180903155,0.0,0.0
8.266666666624285,1.2835754136522777,1.2558923115802798,0.5866666666061309,593.430165460911,602.212139756233,0.014156897222628372,0.030936242624560968,0.0,0.0,1.0,1.0,7.56548737069295,4.055342948149813,13.224087340251515,7.1945899509421425,7.56548737069295,4.055342948149813,0.0,0.0
8.274999999957497,1.282509355771526,1.2543804346697336,0.5799999999179271,593.0037423086102,601.7086847450212,0.014270442373355502,0.03105516065022072,0.0,0.0,1.0,1.0,7.570636938776107,4.055382581248849,13.224087340251508,7.189595442325754,7.570636938776107,4.055382581248849,0.0,0.0
8.28333333329071,1.2814348908345687,1.252867964109607,0.5733333333694222,592.5739563338274,601.2050320484991,0.01438112438352947,0.031173611432254868,0.0,0.0,1.0,1.0,7.575827953304561,4.055443166495009,13.224087340251527,7.184604400914078,7.575827953304561,4.055443166495009,0.0,0.0
8.291666666623922,1.2803522271067858,1.2513546918026863,0.5666666666812186,592.1408908427142,600.7011123702945,0.014489112904071564,0.03129159552248598,0.0,0.0,1.0,1.0,7.58105938752136,4.055524090406026,13.224087340251529,7.179616824300188,7.58105938752136,4.055524090406026,0.0,0.0
8.299999999957134,1.2792615606361526,1.2498404242637833,0.5599999999930152,591.7046242544609,600.1968612798397,0.01459456435335144,0.031409113776326165,0.0,0.0,1.0,1.0,7.586330274062214,4.055624773999674,13.22408734025152,7.1746327100788205,7.586330274062214,4.055624773999674,0.0,0.0
8.308333333290346,1.2781630761963891,1.2483249814609263,0.5533333333048116,591.2652304785555,599.6922188264884,0.014697623200130181,0.03152616731776656,0.0,0.0,1.0,1.0,7.591639700414606,4.055744670166581,13.224087340251504,7.169652055846375,7.591639700414606,4.055744670166581,0.0,0.0
8.316666666623558,1.2770569481397225,1.2468081957678592,0.546666666616608,590.8227792558889,599.1871291906971,0.014798423095444052,0.031642757515615356,0.0,0.0,1.0,1.0,7.596986804808652,4.055883261292004,13.224087340251483,7.164674859200886,7.596986804808652,4.055883261292004,0.0,0.0
8.32499999995677,1.2759433411697643,1.2452899110149125,0.5399999999284046,590.3773364679056,598.6815403679657,0.014897087874448182,0.03175888595624039,0.0,0.0,1.0,1.0,7.602370772489735,4.05604005709833,13.224087340251474,7.1597011177420855,7.602370772489735,4.05604005709833,0.0,0.0
8.333333333289982,1.274822411043586,1.2437699816271508,0.5333333333798995,589.9289644174343,598.1754038818411,0.014993732445870246,0.031874554418916096,0.0,0.0,1.0,1.0,7.607790832329994,4.056214592683082,13.224087340251483,7.154730829071407,7.607790832329994,4.056214592683082,0.0,0.0
8.341666666623194,1.273694305210836,1.2422482718400907,0.5266666666916959,589.4777220843342,597.66867452275,0.015088463583979733,0.03198976485972881,0.0,0.0,1.0,1.0,7.613246253741013,4.056406426731152,13.224087340251485,7.149763990791855,7.613246253741013,4.056406426731152,0.0,0.0
8.349999999956406,1.2725591633967221,1.240724654984636,0.5200000000034926,589.0236653586887,597.1613101098837,0.01518138063568783,0.03210451938963102,0.0,0.0,1.0,1.0,7.618736343855466,4.056615139882225,13.224087340251494,7.144800600508218,7.618736343855466,4.056615139882225,0.0,0.0
8.358333333289618,1.271417118134816,1.239199012833907,0.513333333315289,588.5668472539262,596.653271273691,0.015272576153518179,0.032218820254372976,0.0,0.0,1.0,1.0,7.624260444949195,4.056840333237491,13.22408734025149,7.139840655826842,7.624260444949195,4.056840333237491,0.0,0.0
8.36666666662283,1.2702682952548792,1.237671235005533,0.5066666666270856,588.1073181019515,596.1445212568424,0.0153621364636291,0.03233266982384006,0.0,0.0,1.0,1.0,7.629817932079153,4.05708162699105,13.22408734025149,7.1348841543558095,7.629817932079153,4.05708162699105,0.0,0.0
8.374999999956042,1.269112814330284,1.236141218413818,0.499999999938882,587.6451257321135,595.6350257318013,0.015450142176743113,0.032446070576582456,0.0,0.0,1.0,1.0,7.63540821091523,4.0573386591733485,13.22408734025149,7.1299310937048235,7.63540821091523,4.0573386591733485,0.0,0.0
8.383333333289254,1.2679507890890482,1.2346088667667854,0.4933333332506784,587.1803156356192,595.1247526333394,0.015536668648761638,0.0325590250872105,0.0,0.0,1.0,1.0,7.641030715746907,4.057611084496002,13.224087340251499,7.12498147148526,7.641030715746907,4.057611084496002,0.0,0.0
8.391666666622466,1.2667823277920212,1.233074090103777,0.4866666667021733,586.7129311168084,594.6136720045577,0.015621786396891928,0.032671536011901155,0.0,0.0,1.0,1.0,7.646684907647634,4.057898573287689,13.224087340251474,7.1200352853101245,7.646684907647634,4.057898573287689,0.0,0.0
8.399999999955678,1.2656075335813841,1.2315368043696824,0.4800000000139699,586.2430134325534,594.1017558551041,0.015705561476363566,0.03278360609025349,0.0,0.0,1.0,1.0,7.652370272782221,4.058200810513041,13.22408734025148,7.115092532794126,7.652370272782221,4.058200810513041,0.0,0.0
8.40833333328889,1.2644265048022383,1.2299969310223928,0.4733333333257663,585.7706019208952,593.5889780304567,0.015788055822119822,0.03289523811747623,0.0,0.0,1.0,1.0,7.658086320843715,4.058517494866274,13.22408734025148,7.110153211553599,7.658086320843715,4.058517494866274,0.0,0.0
8.416666666622103,1.263239335299755,1.2284543966704242,0.46666666663756273,585.2957341199019,593.0753140912511,0.015869327559312082,0.03300643494806997,0.0,0.0,1.0,1.0,7.663832583607931,4.058848337933039,13.224087340251474,7.10521731920656,7.663832583607931,4.058848337933039,0.0,0.0
8.424999999955315,1.2620461146941149,1.2269091327379507,0.45999999994935936,584.8184458776458,592.5607412017375,0.015949431285954635,0.03311719948495449,0.0,0.0,1.0,1.0,7.669608613595043,4.059193063414348,13.224087340251486,7.100284853372629,7.669608613595043,4.059193063414348,0.0,0.0
8.433333333288527,1.260846928635194,1.2253610751548325,0.45333333326115577,584.3387714540775,592.0452380265591,0.016028418330664825,0.03322753467236604,0.0,0.0,1.0,1.0,7.675413982829014,4.059551406407138,13.224087340251485,7.095355811673121,7.675413982829014,4.059551406407138,0.0,0.0
8.441666666621739,1.2596418590387872,1.2238101640694534,0.4466666667126509,583.8567436155147,591.5287846351279,0.01610633698806809,0.033337443487893144,0.0,0.0,1.0,1.0,7.681248281686069,4.059923112736287,13.224087340251488,7.090430191730975,7.681248281686069,4.059923112736287,0.0,0.0
8.44999999995495,1.2584309843059265,1.2222563435823894,0.4400000000244473,583.3723937223704,591.0113624129356,0.0161832327341346,0.03344692894109271,0.0,0.0,1.0,1.0,7.687111117824694,4.060307938334161,13.224087340251486,7.085507991170823,7.687111117824694,4.060307938334161,0.0,0.0
8.458333333288163,1.2572143795267599,1.2206995614991623,0.4333333333362437,582.8857518107038,590.4929539792209,0.01625914842345595,0.03355599406510136,0.0,0.0,1.0,1.0,7.693002115190544,4.060705648663288,13.224087340251469,7.080589207618907,7.693002115190544,4.060705648663288,0.0,0.0
8.466666666621375,1.2559921166702412,1.2191397691004646,0.4266666666480403,582.3968466680964,589.9735431104546,0.016334124470229548,0.03366464190878369,0.0,0.0,1.0,1.0,7.698920913089789,4.061116018178868,13.224087340251458,7.075673838703105,7.698920913089789,4.061116018178868,0.0,0.0
8.474999999954587,1.2547642647608217,1.2175769209284508,0.4199999999598367,581.9057059043284,589.453114669174,0.016408199014525646,0.033772875536767694,0.0,0.0,1.0,1.0,7.704867165325421,4.061538829827752,13.224087340251462,7.070761882053002,7.704867165325421,4.061538829827752,0.0,0.0
8.4833333332878,1.2535308900431725,1.2160109745877674,0.41333333327163335,581.4123560172688,588.9316545377264,0.016481408075233024,0.03388069802389422,0.0,0.0,1.0,1.0,7.710840539391571,4.061973874580987,13.224087340251465,7.065853335299776,7.710840539391571,4.061973874580987,0.0,0.0
8.491666666621011,1.2522920561359026,1.2144418905601548,0.406666666723128,580.916822454361,588.4091495565315,0.01655378569093132,0.033988112450057194,0.0,0.0,1.0,1.0,7.716840715721206,4.062420950997382,13.224087340251463,7.060948196076271,7.716840715721206,4.062420950997382,0.0,0.0
8.499999999954223,1.2510478241751268,1.21286963203156,0.40000000003492464,580.4191296700506,587.8855874665094,0.016625364049795022,0.03409512190126217,0.0,0.0,1.0,1.0,7.722867386982897,4.06287986481553,13.224087340251463,7.056046462016959,7.722867386982897,4.06287986481553,0.0,0.0
8.508333333287435,1.2497982529486782,1.2112941647307771,0.39333333334672105,579.9193011794712,587.3609568553486,0.016696173609529304,0.034201729463602594,0.0,0.0,1.0,1.0,7.72892025742326,4.063350428572272,13.224087340251497,7.051148130757959,7.72892025742326,4.063350428572272,0.0,0.0
8.516666666620647,1.2485433990216661,1.2097154567787458,0.3866666666585177,579.4173596086663,586.8352471073223,0.0167662432082198,0.0343079382175684,0.0,0.0,1.0,1.0,7.734999042251172,4.063832461245405,13.224087340251508,7.0462531999370706,7.734999042251172,4.063832461245405,0.0,0.0
8.52499999995386,1.2472833168540405,1.2081334785476907,0.3799999999703141,578.9133267416161,586.308448356381,0.016835600166901325,0.03441375123991797,0.0,0.0,1.0,1.0,7.741103467060997,4.064325787919104,13.224087340251495,7.0413616671936525,7.741103467060997,4.064325787919104,0.0,0.0
8.533333333287072,1.2460180589107446,1.2065482025293703,0.3733333332821105,578.4072235642977,585.7805514422803,0.016904270384557205,0.03451917159991337,0.0,0.0,1.0,1.0,7.747233267291748,4.064830239469974,13.224087340251492,7.036473530168773,7.747233267291748,4.064830239469974,0.0,0.0
8.541666666620284,1.244747675765024,1.20495960321177,0.3666666665939071,577.8990703060094,585.2515478695193,0.016972278426203552,0.03462420235723742,0.0,0.0,1.0,1.0,7.753388187719718,4.065345652272772,13.224087340251504,7.031588786505106,7.753388187719718,4.065345652272772,0.0,0.0
8.549999999953496,1.2434722161953526,1.203367656963611,0.360000000045402,577.3888864781409,584.7214297688823,0.017039647604632363,0.03472884655866741,0.0,0.0,1.0,1.0,7.759567981981993,4.065871867923845,13.224087340251502,7.026707433846966,7.759567981981993,4.065871867923845,0.0,0.0
8.558333333286708,1.2421917272764593,1.2017723419261217,0.3533333333571984,576.8766909105836,584.1901898613985,0.017106400056346893,0.03483310724068876,0.0,0.0,1.0,1.0,7.765772412128827,4.06640873298146,13.224087340251472,7.021829469840309,7.765772412128827,4.06640873298146,0.0,0.0
8.56666666661992,1.2409062544648626,1.200173637911552,0.34666666666899504,576.3625017859449,583.6578214245467,0.017172556812163297,0.034936987425047236,0.0,0.0,1.0,1.0,7.772001248202846,4.066956098721518,13.224087340251463,7.016954892132737,7.772001248202846,4.066956098721518,0.0,0.0
8.574999999953132,1.2396125582295021,1.1981030403590849,0.33999999998079145,575.8450232918008,583.1257600897711,0.017335375368057224,0.03503094634178884,0.0,0.0,1.0,1.0,7.778270167261114,4.067522417746413,13.224087340251458,7.012083698373425,7.778270167261114,4.067522417746413,0.0,0.0
8.583333333286344,1.2383060152314842,1.195984214003482,0.3333333332925881,575.3224060925935,582.5960535008704,0.017504181228752528,0.035123654025759454,0.0,0.0,1.0,1.0,7.784601490691451,4.068119709260481,13.22408734025149,7.00721588621328,7.784601490691451,4.068119709260481,0.0,0.0
8.591666666619556,1.2369870384952713,1.1938741605355108,0.3266666666043845,574.7948153981083,582.0685401338776,0.017667029570443006,0.03521629580865307,0.0,0.0,1.0,1.0,7.790993115585951,4.068746771113517,13.224087340251495,7.002351453304756,7.790993115585951,4.068746771113517,0.0,0.0
8.599999999952768,1.2356560599497384,1.191772197589094,0.32000000005587936,574.2624239798952,581.5430493972734,0.01782431001593754,0.035308858387301204,0.0,0.0,1.0,1.0,7.797442849274156,4.069402355968466,13.224087340251499,6.997490397301969,7.797442849274156,4.069402355968466,0.0,0.0
8.60833333328598,1.2343134836064213,1.189677688996577,0.31333333336767577,573.7253934425685,581.0194222491441,0.017976378201717942,0.03540132953329249,0.0,0.0,1.0,1.0,7.803948636278676,4.070085293838769,13.224087340251515,6.992632715860655,7.803948636278676,4.070085293838769,0.0,0.0
8.616666666619192,1.232959687961633,1.1875900408225004,0.3066666666794724,573.1838751846531,580.4975102056251,0.018123559585917024,0.03549369799593319,0.0,0.0,1.0,1.0,7.8105085467067745,4.070794485570961,13.2240873402515,6.987778406638191,7.8105085467067745,4.070794485570961,0.0,0.0
8.624999999952404,1.2315950281333408,1.1855086978323968,0.29999999999126903,572.6380112533361,579.9771744580992,0.018266152730409727,0.03558595341546326,0.0,0.0,1.0,1.0,7.817120765909958,4.071528897036309,13.224087340251506,6.982927467293556,7.817120765909958,4.071528897036309,0.0,0.0
8.633333333285616,1.2302198377689457,1.1834331403377314,0.2933333333030652,572.0879351075782,579.4582850844328,0.018404432142974138,0.03567808625216662,0.0,0.0,1.0,1.0,7.823783585240037,4.072287553936583,13.224087340251534,6.978079895487384,7.823783585240037,4.072287553936583,0.0,0.0
8.641666666618828,1.228834430754202,1.1813628813675017,0.28666666661486184,571.5337723016806,578.9407203418754,0.018538650749366517,0.0357700877175361,0.0,0.0,1.0,1.0,7.830495393757473,4.073069537142628,13.224087340251511,6.973235688881921,7.830495393757473,4.073069537142628,0.0,0.0
8.64999999995204,1.2274391027488325,1.179297464124827,0.27999999992665847,570.9756410995328,578.4243660312067,0.018669042052413664,0.03586194971359159,0.0,0.0,1.0,1.0,7.837254670770478,4.073873978498638,13.224087340251488,6.968394845141023,7.837254670770478,4.073873978498638,0.0,0.0
8.658333333285253,1.2260341325704895,1.1772364596931053,0.27333333337815335,570.4136530281957,577.9091149232763,0.018795822025120132,0.035953664776723654,0.0,0.0,1.0,1.0,7.844059979101771,4.074700057033956,13.224087340251502,6.963557361930203,7.844059979101771,4.074700057033956,0.0,0.0
8.666666666618465,1.2246197834454993,1.1751794649615723,0.26666666668994976,569.8479133781996,577.394866240393,0.018919190776666945,0.0360452260323121,0.0,0.0,1.0,1.0,7.850909958995149,4.075546995533827,13.22408734025151,6.958723236916508,7.850909958995149,4.075546995533827,0.0,0.0
8.674999999951677,1.2231963041421585,1.173126100744406,0.26000000000174617,569.2785216568632,576.8815251861015,0.01903933402364691,0.03613662714697784,0.0,0.0,1.0,1.0,7.85780332258648,4.076414057426628,13.224087340251526,6.95389246776872,7.85780332258648,4.076414057426628,0.0,0.0
8.683333333284889,1.221763930000171,1.171076010071206,0.2533333333135428,568.7055720000683,576.3690025178014,0.01915642439357294,0.036227862284964746,0.0,0.0,1.0,1.0,7.864738848874731,4.0773005439518215,13.224087340251536,6.949065052157191,7.864738848874731,4.0773005439518215,0.0,0.0
8.6916666666181,1.2203228838678877,1.1690288566296043,0.2466666666253392,568.1291535471548,575.857214157401,0.019270622583380463,0.036318926075075156,0.0,0.0,1.0,1.0,7.871715379136877,4.078205791576847,13.224087340251542,6.944240987753834,7.871715379136877,4.078205791576847,0.0,0.0
8.699999999951313,1.2188733769575195,1.1669843233434516,0.23999999993713583,567.5493507830076,575.3460808358628,0.0193820783920876,0.036409813575302055,0.0,0.0,1.0,1.0,7.878731812738457,4.079129169636568,13.224087340251534,6.939420272232281,7.878731812738457,4.079129169636568,0.0,0.0
8.708333333284525,1.2174156096271116,1.16494211107204,0.2333333333886305,566.9662438508445,574.8355277680099,0.019490931643871175,0.036500520240385526,0.0,0.0,1.0,1.0,7.885787103297803,4.080070078171084,13.224087340251533,6.9346029032677174,7.885787103297803,4.080070078171084,0.0,0.0
8.716666666617737,1.2159497720969652,1.1629019374177918,0.22666666670042712,566.3799088387859,574.3254843544479,0.019597313015374707,0.0365910418974556,0.0,0.0,1.0,1.0,7.892880255166744,4.081027945941598,13.224087340251506,6.929788878536931,7.892880255166744,4.081027945941598,0.0,0.0
8.724999999950949,1.2144760451072467,1.1608635356313237,0.22000000001222375,565.7904180428985,573.8158839078309,0.019701344779072184,0.03668137471714962,0.0,0.0,1.0,1.0,7.900010320196066,4.08200222860644,13.22408734025151,6.924978195718357,7.900010320196066,4.08200222860644,0.0,0.0
8.733333333284161,1.2129946005226717,1.1588266536041947,0.21333333332402016,565.1978402090685,573.3066634010486,0.019803141472807387,0.03677151518688349,0.0,0.0,1.0,1.0,7.907176394757261,4.08299240704106,13.224087340251513,6.920170852492033,7.907176394757261,4.08299240704106,0.0,0.0
8.741666666617373,1.211505601889482,1.1567910529407546,0.20666666663581656,564.6022407557928,572.7977632351885,0.019902810504235376,0.03686146009284659,0.0,0.0,1.0,1.0,7.914377616995577,4.083997985788355,13.224087340251513,6.9153668465396,7.914377616995577,4.083997985788355,0.0,0.0
8.749999999950585,1.2100092049492963,1.1547565081015334,0.1999999999476132,564.0036819797184,572.2891270253833,0.02000045269769009,0.03695120649825859,0.0,0.0,1.0,1.0,7.921613164292514,4.085018491626725,13.224087340251495,6.910566175544283,7.921613164292514,4.085018491626725,0.0,0.0
8.758333333283797,1.2085055581138964,1.1527228056114838,0.1933333332594096,563.4022232455584,571.7807014028708,0.020096162789995178,0.03704075172456335,0.0,0.0,1.0,1.0,7.928882250917888,4.086053472244987,13.224087340251469,6.905768837190955,7.928882250917888,4.086053472244987,0.0,0.0
8.76666666661701,1.2069948029045874,1.1506897433270926,0.18666666671090448,562.7979211618349,571.272435831773,0.020190029880893287,0.03713009333135804,0.0,0.0,1.0,1.0,7.9361841258547186,4.087102495014559,13.22408734025149,6.900974829166106,7.9361841258547186,4.087102495014559,0.0,0.0
8.774999999950222,1.205477074359303,1.1486571297570713,0.1800000000227009,562.190829743721,570.7642824392677,0.020282137843022813,0.037219229111078646,0.0,0.0,1.0,1.0,7.943518070780846,4.088165145849954,13.224087340251502,6.896184149157823,7.943518070780846,4.088165145849954,0.0,0.0
8.783333333283434,1.203952501410367,1.1466247834318883,0.17333333333449752,561.5810005641466,570.256195857972,0.02037256569576716,0.037308157057941035,0.0,0.0,1.0,1.0,7.950883398193849,4.089241028150081,13.224087340251465,6.891396794855754,7.950883398193849,4.089241028150081,0.0,0.0
8.791666666616646,1.2024212072354445,1.1445925323179034,0.16666666664629393,560.9684828941777,569.7481330794758,0.02046138794675167,0.03739687536490639,0.0,0.0,1.0,1.0,7.958279449666857,4.090329761813211,13.224087340251469,6.886612763951183,7.958279449666857,4.090329761813211,0.0,0.0
8.799999999949858,1.2008833095839948,1.1425602132722918,0.15999999995809056,560.3533238335979,569.2400533180728,0.020548674904318782,0.03748538240815946,0.0,0.0,1.0,1.0,7.965705594224164,4.091430982319656,13.22408734025146,6.8818320541370195,7.965705594224164,4.091430982319656,0.0,0.0
8.80833333328307,1.1993389210812846,1.140527671535366,0.15333333326988696,559.7355684325137,568.7319178838414,0.020634492963903503,0.03757367673519203,0.0,0.0,1.0,1.0,7.97316122682648,4.092544339876188,13.22408734025142,6.877054663107741,7.97316122682648,4.092544339876188,0.0,0.0
8.816666666616282,1.1977881495118348,1.1384947602571855,0.14666666672138184,559.1152598047338,568.2236900642963,0.020718904870904158,0.037661757052393094,0.0,0.0,1.0,1.0,7.980645766957293,4.09366949861752,13.224087340251465,6.872280588559419,7.980645766957293,4.09366949861752,0.0,0.0
8.824999999949494,1.1962310980839486,1.1364613400557082,0.14000000003317847,558.4924392335793,567.715335013927,0.020801969962325084,0.037749622218716396,0.0,0.0,1.0,1.0,7.988158657301746,4.094806135859997,13.224087340251444,6.8675098281897515,7.988158657301746,4.094806135859997,0.0,0.0
8.833333333282706,1.1946678656768563,1.1344272786039513,0.13333333334497488,557.8671462707424,567.2068196509878,0.020883744389232916,0.03783727123339717,0.0,0.0,1.0,1.0,7.995699362511006,4.095953941403536,13.224087340251478,6.862742379698041,7.995699362511006,4.095953941403536,0.0,0.0
8.841666666615918,1.1930985470718478,1.1323924502439007,0.1266666666567715,557.239418828739,566.698112560975,0.02096428132182659,0.037924703224355885,0.0,0.0,1.0,1.0,8.0032673680455,4.097112616878105,13.224087340251472,6.857978240785157,8.0032673680455,4.097112616878105,0.0,0.0
8.84999999994913,1.1915232331686174,1.1303567356250972,0.11999999996856792,556.6092932674469,566.1891839062741,0.021043631138728904,0.0380119174438074,0.0,0.0,1.0,1.0,8.010862179090783,4.098281875131178,13.224087340251486,6.853217409153554,8.010862179090783,4.098281875131178,0.0,0.0
8.858333333282342,1.1899420111879608,1.1283200213660411,0.11333333328036432,555.9768044751843,565.6800053415102,0.0211218416019356,0.03809891325912559,0.0,0.0,1.0,1.0,8.018483319540678,4.099461439653241,13.224087340251492,6.848459882507361,8.018483319540678,4.099461439653241,0.0,0.0
8.866666666615554,1.1883549648618603,1.1262821997366956,0.1066666667318592,555.341985944744,565.1705499341738,0.021198958018708382,0.03818569014423823,0.0,0.0,1.0,1.0,8.026130331042884,4.100651044038531,13.224087340251499,6.8437056585522065,8.026130331042884,4.100651044038531,0.0,0.0
8.874999999948766,1.186762174611871,1.1242431683605298,0.10000000004365583,554.7048698447484,564.6607920901324,0.021275023391561062,0.0382722476767335,0.0,0.0,1.0,1.0,8.033802772102066,4.101850431478252,13.224087340251524,6.838954734995357,8.033802772102066,4.101850431478252,0.0,0.0
8.883333333281978,1.1851637177166796,1.1222028299346785,0.09333333335545224,554.0654870866717,564.1507074836695,0.021350078557374485,0.03835858552884212,0.0,0.0,1.0,1.0,8.041500217236726,4.103059354284219,13.22408734025152,6.834207109545674,8.041500217236726,4.103059354284219,0.0,0.0
8.89166666661519,1.183559668469604,1.1201610919669676,0.08666666666724887,553.4238673878415,563.6402729917418,0.021424162316560386,0.038444703458863125,0.0,0.0,1.0,1.0,8.049222256185766,4.104277573440587,13.224087340251504,6.829462779913612,8.049222256185766,4.104277573440587,0.0,0.0
8.899999999948403,1.181950098326762,1.1181178665285354,0.07999999997904528,552.7800393307047,563.1294666321337,0.021497311553126473,0.03853060130948324,0.0,0.0,1.0,1.0,8.056968493161426,4.105504858181722,13.224087340251497,6.824721743811168,8.056968493161426,4.105504858181722,0.0,0.0
8.908333333281615,1.1803350760465454,1.1160730700210175,0.07333333329084168,552.1340304186181,562.6182675052544,0.021569561346385317,0.0386162790012222,0.0,0.0,1.0,1.0,8.064738546145254,4.106740985594442,13.224087340251508,6.8199839989519715,8.064738546145254,4.106740985594442,0.0,0.0
8.916666666614827,1.178714667821014,1.1140266229572884,0.06666666660263831,551.4858671284055,562.106655739322,0.021640945074994974,0.03870173652751299,0.0,0.0,1.0,1.0,8.072532046224273,4.107985740243027,13.224087340251502,6.815249543051251,8.072532046224273,4.107985740243027,0.0,0.0
8.924999999948039,1.1770889373997484,1.111978449754816,0.060000000054133196,550.8355749598992,561.594612438704,0.021711494513948666,0.038786973948798535,0.0,0.0,1.0,1.0,8.080348636964679,4.109238913815295,13.224087340251497,6.810518373825789,8.080348636964679,4.109238913815295,0.0,0.0
8.93333333328125,1.1754579462066848,1.1099284785408026,0.0533333333659296,550.1831784826737,561.0821196352006,0.02178123992507465,0.03887199139206842,0.0,0.0,1.0,1.0,8.088187973820395,4.110500304788645,13.224087340251488,6.805790488993958,8.088187973820395,4.110500304788645,0.0,0.0
8.941666666614463,1.1738217572400138,1.1078784713556447,0.04666666667772601,549.5287028960054,560.5696178389111,0.02184990953594014,0.03889579519749996,0.0,0.0,1.0,1.0,8.096049703978789,4.111769707837842,13.22408734025147,6.801065886275745,8.096049703978789,4.111769707837842,0.0,0.0
8.949999999947675,1.1721805174145592,1.1058392195341387,0.03999999998952264,548.8722069658236,560.0598048835345,0.02191575522288235,0.038858287518587505,0.0,0.0,1.0,1.0,8.103933040354002,4.1130466905936425,13.224087340251481,6.796344563392667,8.103933040354002,4.1130466905936425,0.0,0.0
8.958333333280887,1.1705344529332724,1.103812176661508,0.033333333301319046,548.2137811733089,559.553044165377,0.02197859818429672,0.03882096849266402,0.0,0.0,1.0,1.0,8.11183678547991,4.114330606944641,13.224087340251458,6.791626518067846,8.11183678547991,4.114330606944641,0.0,0.0
8.966666666614099,1.1688837843111533,1.1017969676615265,0.026666666613115675,547.5535137244611,559.0492419153816,0.022038561943282922,0.03878383174859942,0.0,0.0,1.0,1.0,8.119759771399204,4.115620827992088,13.224087340251424,6.786911748026042,8.119759771399204,4.115620827992088,0.0,0.0
8.974999999947311,1.1672287230450518,1.09979323263619,0.020000000064610335,546.8914892180205,558.5483081590475,0.022095763559205835,0.03874687116833531,0.0,0.0,1.0,1.0,8.127700877016933,4.116916751068712,13.2240873402514,6.7822002509934745,8.127700877016933,4.116916751068712,0.0,0.0
8.983333333280523,1.1655694720816199,1.097800626087387,0.013333333376407186,546.2277888326478,558.0501565218467,0.022150314068123116,0.038710080874003364,0.0,0.0,1.0,1.0,8.135659025772634,4.118217798434111,13.224087340251382,6.777492024698059,8.135659025772634,4.118217798434111,0.0,0.0
8.991666666613735,1.1639062262536866,1.09581881619061,0.006666666688203371,545.5624905014745,557.5547040476524,0.022202318885475046,0.03867345521590633,0.0,0.0,1.0,1.0,8.143633183464146,4.119523416054525,13.224087340251431,6.77278706686923,8.143633183464146,4.119523416054525,0.0,0.0
8.999999999946947,1.16223917268773,1.0938474841163177,2.220446049250313e-16,544.8956690750919,557.0618710290794,0.02225187817491815,0.038636988761288474,0.0,0.0,1.0,1.0,8.151622356210229,4.120833072460156,13.224087340251426,6.768085375238002,8.151622356210229,4.120833072460156,0.0,0.0
9.00833333328016,1.1605684911848455,1.0918863233949756,0.0,544.2273964739381,556.5715808487438,0.022299087186721064,0.038600676283829294,0.0,0.0,1.0,1.0,8.15962558854088,4.122146257673433,13.224087340251433,6.763386947536941,8.15962558854088,4.122146257673433,0.0,0.0
9.016666666613371,1.1588943545773878,1.0899350393222675,0.0,543.5577418309549,556.0837598305668,0.02234403656873719,0.038564512753802314,0.0,0.0,1.0,1.0,8.167641961604916,4.123462482202928,13.224087340251417,6.75869178150026,8.167641961604916,4.123462482202928,0.0,0.0
9.024999999946584,1.1572169290632333,1.0879933484012367,0.0,542.8867716252932,555.5983371003091,0.022386812652628582,0.03852849332884492,0.0,0.0,1.0,1.0,8.175670591485877,4.124781276097518,13.224087340251426,6.753999874863668,8.175670591485877,4.124781276097518,0.0,0.0
9.033333333279796,1.1555363745194394,1.0860609778184847,0.0,542.2145498077756,555.115244454621,0.022427497717707072,0.038492613345291665,0.0,0.0,1.0,1.0,8.18371062761761,4.126102188056337,13.224087340251424,6.749311225364505,8.18371062761761,4.126102188056337,0.0,0.0
9.041666666613008,1.1538528447968834,1.0841376649517884,0.0,541.5411379187533,554.6344162379471,0.022466170234500583,0.038456868310026954,0.0,0.0,1.0,1.0,8.191761251292185,4.127424784590311,13.2240873402514,6.7446258307416445,8.191761251292185,4.127424784590311,0.0,0.0
9.04999999994622,1.1521664879973361,1.0822231569067888,0.0,540.8665951989343,554.1557892266972,0.022502905089913518,0.03842125389281851,0.0,0.0,1.0,1.0,8.199821674253014,4.128748649231322,13.224087340251389,6.739943688735496,8.199821674253014,4.128748649231322,0.0,0.0
9.058333333279432,1.1504774467343009,1.0803172100805514,0.0,540.1909786937201,553.6793025201378,0.022537773795665565,0.03838576591909479,0.0,0.0,1.0,1.0,8.207891137367492,4.130073381785799,13.224087340251396,6.735264797088167,8.207891137367492,4.130073381785799,0.0,0.0
9.066666666612644,1.148785858378785,1.0784195897500473,0.0,539.5143433515138,553.2048974375117,0.02257084468149776,0.03835040036313411,0.0,0.0,1.0,1.0,8.215968909372679,4.1313985976293015,13.224087340251403,6.730589153543187,8.215968909372679,4.1313985976293015,0.0,0.0
9.074999999945856,1.147091855291117,1.0765300696837865,0.0,538.8367421164467,552.7325174209466,0.022602183074486082,0.03831515334163631,0.0,0.0,1.0,1.0,8.224054285689641,4.132723927039414,13.224087340251401,6.725916755845759,8.224054285689641,4.132723927039414,0.0,0.0
9.083333333279068,1.1453955650398078,1.0746484317749163,0.0,538.158226015923,552.262107943729,0.0226318514656764,0.038280021107648644,0.0,0.0,1.0,1.0,8.232146587301187,4.134049014564274,13.224087340251396,6.721247601742542,8.232146587301187,4.134049014564274,0.0,0.0
9.09166666661228,1.1436971106083464,1.0727744656943374,0.0,537.4788442433385,551.7936164235844,0.02265990966511027,0.03824500004482238,0.0,0.0,1.0,1.0,8.240245159688786,4.1353735184242275,13.224087340251398,6.716581688981886,8.240245159688786,4.1353735184242275,0.0,0.0
9.099999999945492,1.14199661059078,1.0709079685624316,0.0,536.7986442363119,551.3269921406079,0.02268641494622605,0.038210086661976395,0.0,0.0,1.0,1.0,8.24834937182485,4.1366971099444765,13.22408734025141,6.7119190153136,8.24834937182485,4.1366971099444765,0.0,0.0
9.108333333278704,1.1402941793768318,1.0690487446381587,0.0,536.1176717507326,550.8621861595395,0.022711422180511167,0.03817527758794745,0.0,0.0,1.0,1.0,8.256458615216589,4.138019473016801,13.224087340251433,6.707259578489111,8.256458615216589,4.138019473016801,0.0,0.0
9.116666666611916,1.1385899273272688,1.0671966050243749,0.0,535.4359709309074,550.3991512560935,0.022734983963199906,0.0381405695667081,0.0,0.0,1.0,1.0,8.264572302998124,4.139340303588226,13.224087340251417,6.702603376261387,8.264572302998124,4.139340303588226,0.0,0.0
9.124999999945128,1.136883960940148,1.0653513673882964,0.0,534.753584376059,549.937841847074,0.02275715073073706,0.03810595945273451,0.0,0.0,1.0,1.0,8.272689869067673,4.14065930917515,13.224087340251423,6.69795040638494,8.272689869067673,4.14065930917515,0.0,0.0
9.13333333327834,1.1351763830085515,1.0635128556961395,0.0,534.0705532034204,549.4782139240348,0.022777970870660767,0.03807144420660791,0.0,0.0,1.0,1.0,8.280810767267372,4.141976208401244,13.22408734025141,6.693300666615883,8.280810767267372,4.141976208401244,0.0,0.0
9.141666666611552,1.133467292770331,1.0616808999610272,0.0,533.3869171081324,549.0202249902568,0.022797490824492717,0.038037020890834994,0.0,0.0,1.0,1.0,8.288934470602374,4.143290730557672,13.224087340251426,6.688654154711872,8.288934470602374,4.143290730557672,0.0,0.0
9.149999999944765,1.1317567860504012,1.0598553360033578,0.0,532.7027144201603,548.5638340008393,0.022815755184176903,0.0380026866658737,0.0,0.0,1.0,1.0,8.297060470497613,4.144602615184246,13.22408734025145,6.684010868432104,8.297060470497613,4.144602615184246,0.0,0.0
9.158333333277977,1.1300449553960163,1.0580360052228257,0.0,532.0179821584064,548.1090013057063,0.02283280678255626,0.03796843878635123,0.0,0.0,1.0,1.0,8.30518827608944,4.14591161167039,13.224087340251447,6.679370805537331,8.30518827608944,4.14591161167039,0.0,0.0
9.166666666611189,1.1283318902054686,1.056222754381412,0.0,531.3327560821873,547.6556885953529,0.022848686778332024,0.037934274597462646,0.0,0.0,1.0,1.0,8.313317413550262,4.147217478874604,13.224087340251442,6.67473396378987,8.313317413550262,4.147217478874604,0.0,0.0
9.1749999999444,1.1266176768506204,1.0544154353966957,0.0,530.647070740248,547.2038588491739,0.02286343473591272,0.037900191531539965,0.0,0.0,1.0,1.0,8.321447425444257,4.148519984761416,13.224087340251467,6.670100340953589,8.321447425444257,4.148519984761416,0.0,0.0
9.183333333277613,1.1249023987936124,1.0526139051448364,0.0,529.9609595174447,546.753476286209,0.022877088700527768,0.03786618710478035,0.0,0.0,1.0,1.0,8.3295778701123,4.149818906054819,13.224087340251476,6.665469934793921,8.3295778701123,4.149818906054819,0.0,0.0
9.191666666610825,1.1231861366981262,1.0508180252727066,0.0,529.2744546792503,546.3045063181765,0.022889685268944335,0.03783225891412528,0.0,0.0,1.0,1.0,8.337708321084612,4.151114027907295,13.224087340251435,6.660842743077827,8.337708321084612,4.151114027907295,0.0,0.0
9.199999999944037,1.1214689685354762,1.0490276620186103,0.0,528.5875874141902,545.8569155046525,0.022901259656098124,0.03779840463428122,0.0,0.0,1.0,1.0,8.345838366519226,4.152405143583513,13.224087340251462,6.656218763573847,8.345838366519226,4.152405143583513,0.0,0.0
9.208333333277249,1.11975096968587,1.047242686041127,0.0,527.9003878743479,545.4106715102816,0.02291184575792826,0.0377646220148741,0.0,0.0,1.0,1.0,8.353967608665396,4.153692054157938,13.224087340251417,6.651597994052009,8.353967608665396,4.153692054157938,0.0,0.0
9.216666666610461,1.1180322130350757,1.045462972255619,0.0,527.2128852140302,544.9657430639047,0.022921476210671594,0.03773090887773037,0.0,0.0,1.0,1.0,8.362095663350102,4.154974568225465,13.22408734025144,6.646980432283986,8.362095663350102,4.154974568225465,0.0,0.0
9.224999999943673,1.116312769066769,1.0436883996779438,0.0,526.5251076267074,544.5220999194859,0.022930182446868532,0.037697263114276396,0.0,0.0,1.0,1.0,8.370222159486518,4.156252501624668,13.224087340251431,6.64236607604291,8.370222159486518,4.156252501624668,0.0,0.0
9.233333333276885,1.1145927059508058,1.041918851275046,0.0,525.8370823803223,544.0797128187614,0.022937994748290287,0.03766368268305169,0.0,0.0,1.0,1.0,8.378346738603538,4.157525677172715,13.22408734025145,6.637754923103506,8.378346738603538,4.157525677172715,0.0,0.0
9.241666666610097,1.1128720896276294,1.0401542138219848,0.0,525.1488358510517,543.6385534554961,0.022944942296002732,0.037630165607327876,0.0,0.0,1.0,1.0,8.386469054394922,4.15879392441143,13.224087340251467,6.633146971242041,8.386469054394922,4.15879392441143,0.0,0.0
9.24999999994331,1.1111509838890214,1.0383943777651017,0.0,524.4603935556084,543.1985944412754,0.022951053217748596,0.037596709972829066,0.0,0.0,1.0,1.0,8.39458877228729,4.160057079364063,13.224087340251462,6.628542218236299,8.39458877228729,4.160057079364063,0.0,0.0
9.258333333276521,1.1094294504553988,1.0366392370909872,0.0,523.7717801821593,542.7598092727467,0.022956354632824257,0.037563313925547764,0.0,0.0,1.0,1.0,8.40270556902592,4.161314984301965,13.224087340251483,6.6239406618656265,8.40270556902592,4.161314984301965,0.0,0.0
9.266666666609733,1.1077075490498325,1.0348886892009423,0.0,523.0830196199329,542.3221723002355,0.022960872694612874,0.03752997566965138,0.0,0.0,1.0,1.0,8.410819132277231,4.1625674875209615,13.224087340251494,6.619342299910914,8.410819132277231,4.1625674875209615,0.0,0.0
9.274999999942946,1.1059853374689603,1.0331426347906567,0.0,522.394134987584,541.8856586976641,0.022964632630922202,0.03749669346547473,0.0,0.0,1.0,1.0,8.418929160247705,4.163814443126642,13.22408734025148,6.614747130154579,8.418929160247705,4.163814443126642,0.0,0.0
9.283333333276158,1.104262871650951,1.0314009777348523,0.0,521.7051486603802,541.450244433713,0.022967658782260765,0.037463465627594505,0.0,0.0,1.0,1.0,8.427035361317703,4.165055710828507,13.224087340251481,6.610155150380575,8.427035361317703,4.165055710828507,0.0,0.0
9.29166666660937,1.1025402057406728,1.0296636249766065,0.0,521.0160822962689,541.0159062441516,0.02296997463818798,0.03743029052298075,0.0,0.0,1.0,1.0,8.435137453690068,4.1662911557420665,13.224087340251481,6.605566358374443,8.435137453690068,4.1662911557420665,0.0,0.0
9.299999999942582,1.1008173921522075,1.0279304864211538,0.0,520.3269568608828,540.5826216052883,0.022971602871850263,0.0373971665692224,0.0,0.0,1.0,1.0,8.443235165052478,4.167520648199022,13.22408734025145,6.600980751923181,8.443235165052478,4.167520648199022,0.0,0.0
9.308333333275794,1.099094481628834,1.0262014748339472,0.0,519.6377926515335,540.1503687084867,0.0229725653728121,0.037364092232823026,0.0,0.0,1.0,1.0,8.451328232252862,4.168744063564672,13.224087340251446,6.596398328815394,8.451328232252862,4.168744063564672,0.0,0.0
9.316666666609006,1.0973715233006094,1.0244765057427483,0.0,518.9486093202436,539.719126435687,0.022972883278288198,0.037331066027562934,0.0,0.0,1.0,1.0,8.45941640098753,4.169961282062606,13.22408734025145,6.591819086841226,8.45941640098753,4.169961282062606,0.0,0.0
9.324999999942218,1.0956485647396685,1.0227554973435689,0.0,518.2594258958673,539.2888743358922,0.02297257700286999,0.03729808651292503,0.0,0.0,1.0,1.0,8.467499425501199,4.171172188606045,13.224087340251426,6.587243023792256,8.467499425501199,4.171172188606045,0.0,0.0
9.33333333327543,1.093925652013351,1.0210383704102874,0.0,517.5702608053402,538.8595926025718,0.022971666266832606,0.03726515229258121,0.0,0.0,1.0,1.0,8.475577068298426,4.17237667263571,13.224087340251412,6.5826701374616965,8.475577068298426,4.17237667263571,0.0,0.0
9.341666666608642,1.092202829735244,1.0193250482077503,0.0,516.8811318940975,538.4312620519374,0.02297017012310622,0.0372322620129363,0.0,0.0,1.0,1.0,8.483649099866026,4.173574627963893,13.224087340251407,6.578100425644256,8.483649099866026,4.173574627963893,0.0,0.0
9.349999999941854,1.0904801411142688,1.017615456408206,0.0,516.1920564457074,538.0038641020515,0.022968106982989747,0.037199414361727065,0.0,0.0,1.0,1.0,8.4917152984058,4.1747659526243135,13.224087340251415,6.573533886136167,8.4917152984058,4.1747659526243135,0.0,0.0
9.358333333275066,1.0887576280018665,1.0159095230109232,0.0,515.5030512007465,537.5773807527307,0.02296549464067303,0.037166608066673795,0.0,0.0,1.0,1.0,8.499775449577324,4.175950548727726,13.224087340251408,6.568970516735202,8.499775449577324,4.175950548727726,0.0,0.0
9.366666666608278,1.0870353309373944,1.0142071782648339,0.0,514.8141323749576,537.1517945662083,0.022962350296640212,0.037133841894181875,0.0,0.0,1.0,1.0,8.507829346250077,4.177128322322875,13.224087340251451,6.564410315240707,8.507829346250077,4.177128322322875,0.0,0.0
9.37499999994149,1.0853132891918076,1.0125083545940814,0.0,514.125315676723,536.7270886485203,0.02295869058001159,0.03710111464809133,0.0,0.0,1.0,1.0,8.515876788264848,4.1782991832625465,13.224087340251467,6.5598532794534545,8.515876788264848,4.1782991832625465,0.0,0.0
9.383333333274702,1.083591540809701,1.0108129865263282,0.0,513.4366163238803,536.3032466315819,0.022954531569885424,0.037068425168472016,0.0,0.0,1.0,1.0,8.523917582203795,4.1794630450746695,13.224087340251472,6.555299407175821,8.523917582203795,4.1794630450746695,0.0,0.0
9.391666666607914,1.0818701226497889,1.0091210106237147,0.0,512.7480490599154,535.8802526559286,0.022949888815731838,0.037035772330462666,0.0,0.0,1.0,1.0,8.531951541168814,4.180619824837971,13.224087340251446,6.5507486962117,8.531951541168814,4.180619824837971,0.0,0.0
9.399999999941127,1.080149070423889,1.0074323654163468,0.0,512.0596281695555,535.4580913540866,0.02294477735689084,0.03700315504315165,0.0,0.0,1.0,1.0,8.53997848456784,4.181769443062342,13.22408734025144,6.546201144366469,8.53997848456784,4.181769443062342,0.0,0.0
9.408333333274339,1.0784284187344768,1.0057469913381978,0.0,511.3713674937906,535.0367478345494,0.022939211741221918,0.036970572248497896,0.0,0.0,1.0,1.0,8.547998237908894,4.182911823573356,13.224087340251424,6.541656749447066,8.547998237908894,4.182911823573356,0.0,0.0
9.41666666660755,1.0767082011108653,1.0040648306653432,0.0,510.683280444346,534.6162076663356,0.022933206042946845,0.03693802292029014,0.0,0.0,1.0,1.0,8.556010632601355,4.18404689340108,13.224087340251419,6.537115509261954,8.556010632601355,4.18404689340108,0.0,0.0
9.424999999940763,1.0749884500440836,1.0023858274563857,0.0,509.9953800176333,534.1964568640963,0.022926773879734907,0.03690550606314272,0.0,0.0,1.0,1.0,8.56401550576438,4.185174582672762,13.224087340251405,6.532577421621099,8.56401550576438,4.185174582672762,0.0,0.0
9.433333333273975,1.0732691970204982,1.00070992749503,0.0,509.3076788081991,533.7774818737573,0.02291992842906155,0.03687302071152669,0.0,0.0,1.0,1.0,8.572012700041922,4.186294824509385,13.224087340251407,6.528042484335998,8.572012700041922,4.186294824509385,0.0,0.0
9.441666666607187,1.0715516996992884,0.999396795800431,0.0,508.6206798797152,533.3587183201723,0.02285613773431054,0.036847527048714065,0.0,0.0,1.0,1.0,8.57999636430352,4.187404688110709,13.224087340251407,6.523510695219646,8.57999636430352,4.187404688110709,0.0,0.0
9.449999999940399,1.0698414290455476,0.9983442697875946,0.0,507.9365716182189,532.9377079150377,0.022751721904843154,0.036827096562060485,0.0,0.0,1.0,1.0,8.587941151173085,4.188491450492065,13.224087340251407,6.518982052086605,8.587941151173085,4.188491450492065,0.0,0.0
9.458333333273611,1.0681389234175565,0.9972855160303478,0.0,507.2555693670225,532.514206412139,0.022649061279310406,0.03680653374208011,0.0,0.0,1.0,1.0,8.595844713597751,4.1895539777653905,13.224087340251407,6.514456552752906,8.595844713597751,4.1895539777653905,0.0,0.0
9.466666666606823,1.0664440519122185,0.99622067526203,0.0,506.5776207648873,532.0882701048118,0.02254813622152675,0.036785841102520464,0.0,0.0,1.0,1.0,8.603707813037397,4.190592699669112,13.224087340251407,6.509934195036113,8.603707813037397,4.190592699669112,0.0,0.0
9.474999999940035,1.0647566851086703,0.9951498865462783,0.0,505.9026740434679,531.6599546185112,0.022448926844844043,0.03676502112892134,0.0,0.0,1.0,1.0,8.611531199336506,4.191608038989242,13.224087340251407,6.505414976755291,8.611531199336506,4.191608038989242,0.0,0.0
9.483333333273247,1.0630766950864916,0.9940732872609399,0.0,505.2306780345965,531.2293149043758,0.02235141302740477,0.036744076278309154,0.0,0.0,1.0,1.0,8.619315610773628,4.19260041160649,13.224087340251407,6.500898895731052,8.619315610773628,4.19260041160649,0.0,0.0
9.49166666660646,1.0614039554427694,0.9929910130831625,0.0,504.5615821771076,530.7964052332649,0.022255574427520308,0.03672300897891024,0.0,0.0,1.0,1.0,8.627061774113235,4.193570226544197,13.224087340251407,6.4963859497854815,8.627061774113235,4.193570226544197,0.0,0.0
9.499999999939671,1.0597383413080037,0.9919031979756547,0.0,503.89533652320137,530.3612791902617,0.022161390499146852,0.0367018216298827,0.0,0.0,1.0,1.0,8.634770404659925,4.1945178860172385,13.224087340251407,6.491876136742221,8.634770404659925,4.1945178860172385,0.0,0.0
9.508333333272883,1.0580797293608493,0.9908099741741342,0.0,503.2318917443396,529.9239896696536,0.022068840507425264,0.03668051660106755,0.0,0.0,1.0,1.0,8.642442206314916,4.195443785482161,13.224087340251407,6.487369454426381,8.642442206314916,4.195443785482161,0.0,0.0
9.516666666606096,1.0564279978416893,0.9897114721759619,0.0,502.57119913667555,529.4845888703846,0.021977903544255772,0.03665909623275915,0.0,0.0,1.0,1.0,8.650077871635142,4.19634831368824,13.224087340251407,6.48286590066462,8.650077871635142,4.19634831368824,0.0,0.0
9.524999999939308,1.0547830265650466,0.9886078207299596,0.0,501.9132106260185,529.0431282919837,0.02188855854387972,0.03663756283549488,0.0,0.0,1.0,1.0,8.657678081894828,4.197231852729716,13.224087340251407,6.4783654732850815,8.657678081894828,4.197231852729716,0.0,0.0
9.53333333327252,1.0531446969308165,0.9874991468274045,0.0,501.2578787723265,528.5996587309617,0.021800784298436147,0.03661591868986437,0.0,0.0,1.0,1.0,8.665243507149567,4.198094778099066,13.224087340251407,6.473868170117405,8.665243507149567,4.198094778099066,0.0,0.0
9.541666666605732,1.051512891934347,0.9863855756942167,0.0,500.6051567737387,528.1542302776866,0.021714559473465955,0.036594166046338306,0.0,0.0,1.0,1.0,8.67277480630309,4.198937458741475,13.224087340251407,6.469373988992746,8.67277480630309,4.198937458741475,0.0,0.0
9.549999999938944,1.0498874961753453,0.9852672307843043,0.0,499.9549984701379,527.7068923137216,0.021629862623335296,0.03657230712511671,0.0,0.0,1.0,1.0,8.680272627176416,4.199760257110241,13.224087340251407,6.464882927743785,8.680272627176416,4.199760257110241,0.0,0.0
9.558333333272156,1.0482683958656454,0.9841442337740786,0.0,499.30735834625796,527.2576935096313,0.021546672206552625,0.03655034411599675,0.0,0.0,1.0,1.0,8.687737606579908,4.200563529223562,13.224087340251407,6.460394984204714,8.687737606579908,4.200563529223562,0.0,0.0
9.566666666605368,1.046655478835824,0.983016704558122,0.0,498.66219153432945,526.8066818232487,0.021464966600949844,0.036528279178259966,0.0,0.0,1.0,1.0,8.695170370387633,4.20134762472213,13.224087340251407,6.455910156211192,8.695170370387633,4.20134762472213,0.0,0.0
9.57499999993858,1.045048634540684,0.9818847612459972,0.0,498.0194538162734,526.3539044983988,0.02138472411870431,0.0365061144405789,0.0,0.0,1.0,1.0,8.702571533614465,4.202112886928085,13.224087340251407,6.451428441600371,8.702571533614465,4.202112886928085,0.0,0.0
9.583333333271792,1.0434477540636162,0.9807485201601763,0.0,497.37910162544637,525.8994080640705,0.021305923021176787,0.03648385200094276,0.0,0.0,1.0,1.0,8.709941700495714,4.202859652904784,13.224087340251407,6.446949838210967,8.709941700495714,4.202859652904784,0.0,0.0
9.591666666605004,1.0418527301198668,0.979608095835092,0.0,496.7410920479466,525.4432383340367,0.0212285415335419,0.036461493926602355,0.0,0.0,1.0,1.0,8.717281464569396,4.203588253517883,13.224087340251407,6.442474343883143,8.717281464569396,4.203588253517883,0.0,0.0
9.599999999938216,1.0402634570586977,0.9784636010172673,0.0,496.1053828234789,524.9854404069067,0.02115255785918796,0.03643904225403356,0.0,0.0,1.0,1.0,8.724591408760796,4.204299013497248,13.224087340251407,6.438001956458588,8.724591408760796,4.204299013497248,0.0,0.0
9.608333333271428,1.0386798308644936,0.9773151466665291,0.0,495.4719323457973,524.5260586666116,0.021077950193866678,0.03641649898891955,0.0,0.0,1.0,1.0,8.731872105469721,4.204992251500033,13.224087340251407,6.433532673780454,8.731872105469721,4.204992251500033,0.0,0.0
9.61666666660464,1.03710174915681,0.9761628419582636,0.0,494.84069966272386,524.0651367833053,0.021004696739571935,0.03639386610615111,0.0,0.0,1.0,1.0,8.739124116660047,4.205668280174578,13.224087340251407,6.429066493693426,8.739124116660047,4.205668280174578,0.0,0.0
9.624999999937852,1.035529111189389,0.9750067942867142,0.0,494.21164447575546,523.6027177146856,0.020932775718126954,0.03637114554984528,0.0,0.0,1.0,1.0,8.746347993951687,4.20632740622541,13.224087340251407,6.424603414043693,8.746347993951687,4.20632740622541,0.0,0.0
9.633333333271064,1.0339618178481733,0.9738471092692733,0.0,493.5847271392692,523.1388437077092,0.020862165384466433,0.03634833923338131,0.0,0.0,1.0,1.0,8.75354427871491,4.2069699304790555,13.224087340251407,6.420143432678925,8.75354427871491,4.2069699304790555,0.0,0.0
9.641666666604277,1.03239977164833,0.9726838907517531,0.0,492.95990865933186,522.6735563007012,0.020792844039595186,0.03632544903945395,0.0,0.0,1.0,1.0,8.760713502166757,4.207596147950785,13.224087340251407,6.415686547448247,8.760713502166757,4.207596147950785,0.0,0.0
9.649999999937489,1.0308428767303244,0.971517240814628,0.0,492.3371506921296,522.2068963258511,0.020724790043206903,0.036302476820143995,0.0,0.0,1.0,1.0,8.767856185469743,4.208206347912169,13.224087340251407,6.411232756202335,8.767856185469743,4.208206347912169,0.0,0.0
9.6583333332707,1.0292910388550462,0.9703472597801794,0.0,491.71641554201835,521.7389039120717,0.020657981825953256,0.03627942439700488,0.0,0.0,1.0,1.0,8.774972839832675,4.208800813959409,13.224087340251407,6.406782056793352,8.774972839832675,4.208800813959409,0.0,0.0
9.666666666603913,1.0277441653980426,0.9691740462205685,0.0,491.0976661592169,521.2696184882273,0.02059239790134612,0.03625629356116583,0.0,0.0,1.0,1.0,8.782063966613377,4.209379824082504,13.224087340251407,6.402334447074906,8.782063966613377,4.209379824082504,0.0,0.0
9.674999999937125,1.026202165342869,0.9679976969667525,0.0,490.4808661371475,520.7990787867009,0.020528016877288932,0.036233086073450334,0.0,0.0,1.0,1.0,8.789130057423508,4.209943650734937,13.224087340251407,6.397889924902131,8.789130057423508,4.209943650734937,0.0,0.0
9.683333333270337,1.0246649492735873,0.9668183071182592,0.0,489.8659797094348,520.3273228473035,0.020464817467220245,0.03620980366450994,0.0,0.0,1.0,1.0,8.796171594235016,4.210492560904302,13.224087340251407,6.3934484881316545,8.796171594235016,4.210492560904302,0.0,0.0
9.691666666603549,1.023132429366436,0.9656359700537663,0.0,489.25297174657425,519.8543880215063,0.020402778500863757,0.036186448034972875,0.0,0.0,1.0,1.0,8.803189049488498,4.211026816183238,13.224087340251407,6.3890101346215555,8.803189049488498,4.211026816183238,0.0,0.0
9.699999999936761,1.021604519380728,0.9644507774424563,0.0,488.6418077522911,519.3803109769824,0.020341878934582502,0.03616302085560668,0.0,0.0,1.0,1.0,8.810182886203192,4.211546672841118,13.224087340251407,6.384574862231435,8.810182886203192,4.211546672841118,0.0,0.0
9.708333333269973,1.0200811346489698,0.9632628192561304,0.0,488.0324538595878,518.9051277024521,0.02028209786132227,0.03613952376749485,0.0,0.0,1.0,1.0,8.817153558088513,4.212052381896213,13.224087340251407,6.380142668822371,8.817153558088513,4.212052381896213,0.0,0.0
9.716666666603185,1.0185621920662575,0.9620721837820282,0.0,487.4248768265029,518.4288735128112,0.02022341452014731,0.03611595838222656,0.0,0.0,1.0,1.0,8.824101509657066,4.212544189188243,13.224087340251407,6.375713552256931,8.824101509657066,4.212544189188243,0.0,0.0
9.724999999936397,1.0170476100789696,0.9608789576363386,0.0,486.81904403158774,517.9515830545354,0.02016580830536057,0.03609232628209906,0.0,0.0,1.0,1.0,8.831027176339003,4.213022335451383,13.224087340251407,6.3712875103991475,8.831027176339003,4.213022335451383,0.0,0.0
9.73333333326961,1.0155373086728021,0.9596832257783643,0.0,486.2149234691207,517.4732903113456,0.020109258775208964,0.036068629020332504,0.0,0.0,1.0,1.0,8.837930984597682,4.213487056387729,13.224087340251407,6.366864541114553,8.837930984597682,4.213487056387729,0.0,0.0
9.741666666602821,1.0140312093601471,0.9584850715252982,0.0,485.6124837440587,516.9940286101191,0.02005374566016907,0.036044868121296106,0.0,0.0,1.0,1.0,8.844813352046453,4.213938582740719,13.224087340251407,6.362444642270157,8.844813352046453,4.213938582740719,0.0,0.0
9.749999999936033,1.012529235166887,0.9572845765675991,0.0,485.0116940667547,516.5138306270395,0.019999248870817127,0.0360210450807457,0.0,0.0,1.0,1.0,8.851674687566547,4.214377140369277,13.224087340251407,6.358027811734447,8.851674687566547,4.214377140369277,0.0,0.0
9.758333333269245,1.0110313106185969,0.9560818209849188,0.0,484.4125242474386,516.0327283939673,0.019945748505279103,0.03599716136607184,0.0,0.0,1.0,1.0,8.85851539142584,4.214802950321786,13.224087340251407,6.353614047377402,8.85851539142584,4.214802950321786,0.0,0.0
9.766666666602458,1.0095373617262149,0.954876883262549,0.0,483.81494469048585,515.5507533050195,0.01989322485626881,0.03597321841655778,0.0,0.0,1.0,1.0,8.86533585539859,4.215216228910378,13.224087340251407,6.349203347070463,8.86533585539859,4.215216228910378,0.0,0.0
9.77499999993567,1.0080473159711967,0.9536698403083712,0.0,483.21892638847856,515.0679361233483,0.01984165841771072,0.035949217643647294,0.0,0.0,1.0,1.0,8.87213646288588,4.2156171877852415,13.224087340251407,6.344795708686562,8.87213646288588,4.2156171877852415,0.0,0.0
9.783333333268882,1.0065611022901835,0.9524607674702567,0.0,482.62444091607324,514.5843069881025,0.019791029890954392,0.035925160431221195,0.0,0.0,1.0,1.0,8.878917589036597,4.216006034009028,13.224087340251407,6.340391130100093,8.878917589036597,4.216006034009028,0.0,0.0
9.791666666602094,1.0050786510592273,0.9512497385539045,0.0,482.0314604236908,514.0998954215617,0.019741320190584687,0.03590104813588251,0.0,0.0,1.0,1.0,8.885679600869194,4.216382970131186,13.224087340251407,6.3359896091869246,8.885679600869194,4.216382970131186,0.0,0.0
9.799999999935306,1.0035998940775959,0.9500368258410713,0.0,481.43995763103817,513.6147303364285,0.019692510449833125,0.03587688208724943,0.0,0.0,1.0,1.0,8.892422857393743,4.216748194262325,13.224087340251407,6.33159114382442,8.892422857393743,4.216748194262325,0.0,0.0
9.808333333268518,1.0021247645511777,0.9488221001081799,0.0,480.84990582047095,513.1288400432718,0.019644582025592987,0.035852663588255854,0.0,0.0,1.0,1.0,8.899147709734317,4.217101900148389,13.224087340251407,6.327195731891414,8.899147709734317,4.217101900148389,0.0,0.0
9.81666666660173,1.0006531970755317,0.9476056306452518,0.0,480.2612788302126,512.6422522581006,0.019597516503049646,0.03582839391545861,0.0,0.0,1.0,1.0,8.90585450125176,4.21744427724472,13.224087340251407,6.322803371268224,8.90585450125176,4.21744427724472,0.0,0.0
9.824999999934942,0.9991851276186052,0.9463874852751628,0.0,479.67405104744194,512.154994110065,0.0195512956999297,0.03580407431935124,0.0,0.0,1.0,1.0,8.912543567666443,4.217775510789914,13.224087340251407,6.318414059836578,8.912543567666443,4.217775510789914,0.0,0.0
9.833333333268154,0.9977204935031434,0.945167730373175,0.0,479.0881974012572,511.6670921492699,0.01950590167037699,0.03577970602468357,0.0,0.0,1.0,1.0,8.919215237181314,4.218095781879396,13.224087340251407,6.3140277954797535,8.919215237181314,4.218095781879396,0.0,0.0
9.841666666601366,0.9962592333888234,0.943946430886722,0.0,478.5036933555292,511.1785723546887,0.019461316708464446,0.035755290230786795,0.0,0.0,1.0,1.0,8.92586983060475,4.218405267538841,13.224087340251407,6.309644576082442,8.92586983060475,4.218405267538841,0.0,0.0
9.849999999934578,0.9948012872541392,0.9427236503554101,0.0,477.92051490165557,510.6894601421639,0.01941752335135242,0.03573082811190317,0.0,0.0,1.0,1.0,8.932507661473272,4.218704140797054,13.224087340251407,6.305264399530811,8.932507661473272,4.218704140797054,0.0,0.0
9.85833333326779,0.9933465963780641,0.941499450931243,0.0,477.33863855122553,510.19978037249706,0.019374504382095255,0.03570632081752069,0.0,0.0,1.0,1.0,8.93912903617432,4.218992570758649,13.224087340251407,6.300887263712524,8.93912903617432,4.218992570758649,0.0,0.0
9.866666666601002,0.9918951033215118,0.9402738933989854,0.0,476.7580413286046,509.70955735959404,0.019332242832116552,0.03568176947271104,0.0,0.0,1.0,1.0,8.945734254068377,4.219270722676271,13.224087340251407,6.296513166516684,8.945734254068377,4.219270722676271,0.0,0.0
9.874999999934214,0.9904467519086251,0.9390470371967036,0.0,476.17870076344985,509.2188148786813,0.01929072198335104,0.03565717517847168,0.0,0.0,1.0,1.0,8.952323607611115,4.219538758022298,13.224087340251407,6.29214210583388,8.952323607611115,4.219538758022298,0.0,0.0
9.883333333267426,0.989001487207916,0.9378189404364096,0.0,475.6005948831663,508.7275761745637,0.01924992537007232,0.035632539012070655,0.0,0.0,1.0,1.0,8.958897382474664,4.2197968345601495,13.224087340251407,6.287774079556156,8.958897382474664,4.2197968345601495,0.0,0.0
9.891666666600639,0.9875592555132877,0.9365896599248174,0.0,475.0237022053149,508.2358639699268,0.019209836780411407,0.03560786202739423,0.0,0.0,1.0,1.0,8.96545585766884,4.2200451064150375,13.224087340251407,6.283409085577003,8.96545585766884,4.2200451064150375,0.0,0.0
9.89999999993385,0.9861200043249412,0.9353592511841686,0.0,474.44800172997634,507.74370047366733,0.019170440257577887,0.035583145255296746,0.0,0.0,1.0,1.0,8.971999305661447,4.220283724144266,13.224087340251407,6.2790471217913915,8.971999305661447,4.220283724144266,0.0,0.0
9.908333333267063,0.9846836823302059,0.9341277684731155,0.0,473.87347293208217,507.2511073892461,0.01913172010079324,0.035558389703952295,0.0,0.0,1.0,1.0,8.978527992498076,4.220512834806619,13.224087340251407,6.274688186095763,8.978527992498076,4.220512834806619,0.0,0.0
9.916666666600275,0.9832502393843203,0.9328952648076305,0.0,473.300095753728,506.7581059230521,0.01909366086595162,0.03553359635920778,0.0,0.0,1.0,1.0,8.98504217792108,4.22073258203155,13.224087340251407,6.27033227638799,8.98504217792108,4.22073258203155,0.0,0.0
9.924999999933487,0.9818196264911583,0.9316617919819472,0.0,472.72785059646316,506.26471679277876,0.019056247366008368,0.03550876618493739,0.0,0.0,1.0,1.0,8.991542115487837,4.2209431060875,13.224087340251407,6.265979390567446,8.991542115487837,4.2209431060875,0.0,0.0
9.933333333266699,0.9803917957839441,0.9304274005894658,0.0,472.1567183135775,505.7709602357862,0.019019464671120312,0.03548390012339727,0.0,0.0,1.0,1.0,8.998028052688099,4.221144543949522,13.224087340251407,6.261629526534921,8.998028052688099,4.221144543949522,0.0,0.0
9.941666666599911,0.9789667005059688,0.9291921400436585,0.0,471.58668020238736,505.2768560174633,0.018983298108537515,0.03545899909558106,0.0,0.0,1.0,1.0,9.004500231060577,4.221337029366359,13.224087340251407,6.257282682192682,9.004500231060577,4.221337029366359,0.0,0.0
9.949999999933123,0.977544294991312,0.9279560585989178,0.0,471.01771799652465,504.782423439567,0.01894773326226165,0.03543406400157521,0.0,0.0,1.0,1.0,9.010958886308346,4.221520692926614,13.224087340251407,6.252938855444458,9.010958886308346,4.221520692926614,0.0,0.0
9.958333333266335,0.976124534645614,0.9267192033713508,0.0,470.4498138582454,504.2876813485402,0.018912755972482688,0.035409095720914184,0.0,0.0,1.0,1.0,9.01740424841343,4.221695662124328,13.224087340251407,6.248598044195412,9.01740424841343,4.221695662124328,0.0,0.0
9.966666666599547,0.9747073759268838,0.9254816203594879,0.0,469.8829503707534,503.792648143795,0.018878352334802416,0.035384095112934874,0.0,0.0,1.0,1.0,9.023836541750244,4.221862061423759,13.224087340251407,6.244260246352148,9.023836541750244,4.221862061423759,0.0,0.0
9.97499999993276,0.9732927763263826,0.9242433544649117,0.0,469.31711053055284,503.29734178596453,0.01884450869925408,0.035359063017130446,0.0,0.0,1.0,1.0,9.030255985197801,4.222020012323309,13.224087340251407,6.23992545982281,9.030255985197801,4.222020012323309,0.0,0.0
9.983333333265971,0.9718806943495777,0.9230044495127654,0.0,468.75227773983096,502.80177980510604,0.01881121166913214,0.035334000253502744,0.0,0.0,1.0,1.0,9.036662792251045,4.222169633418762,13.224087340251407,6.235593682516904,9.036662792251045,4.222169633418762,0.0,0.0
9.991666666599183,0.9704710894972064,0.9217649482721482,0.0,468.1884357988824,502.30597930885915,0.018778448099639803,0.03530890762291345,0.0,0.0,1.0,1.0,9.043057171130762,4.222311040465605,13.224087340251407,6.231264912345411,9.043057171130762,4.222311040465605,0.0,0.0
9.999999999932395,0.9690639222464326,0.9205248924763765,0.0,467.62556889857285,501.80995699055046,0.018746205096363017,0.03528378590743361,0.0,0.0,1.0,1.0,9.049439324892356,4.222444346440586,13.224087340251407,6.22693914722078,9.049439324892356,4.222444346440586,0.0,0.0
10.008333333265607,0.9676591540321344,0.9192843228430925,0.0,467.06366161285365,501.31372913723686,0.018714470013584728,0.03525863587069111,0.0,0.0,1.0,1.0,9.055809451533325,4.222569661602385,13.224087340251407,6.2226163850569085,9.055809451533325,4.222569661602385,0.0,0.0
10.01666666659882,0.9662567472283206,0.9180432790942235,0.0,466.50269889132807,500.8173116376893,0.018683230452444348,0.03523345825821622,0.0,0.0,1.0,1.0,9.062167744099487,4.222687093551513,13.224087340251407,6.218296623769097,9.062167744099487,4.222687093551513,0.0,0.0
10.024999999932032,0.964856665129683,0.9168017999757605,0.0,465.94266605187306,500.3207199903041,0.01865247425895512,0.035208253797784556,0.0,0.0,1.0,1.0,9.068514390789787,4.2227967472891725,13.224087340251407,6.213979861274136,9.068514390789787,4.2227967472891725,0.0,0.0
10.033333333265244,0.9634588719333179,0.9155599232773703,0.0,465.383548773327,499.82396931094803,0.0186221895218874,0.03518302319975783,0.0,0.0,1.0,1.0,9.074849575059886,4.2228987252754715,13.224087340251407,6.209666095490272,9.074849575059886,4.2228987252754715,0.0,0.0
10.041666666598456,0.9620633327206021,0.9143176858518057,0.0,464.82533308824065,499.32707434072216,0.018592364570527896,0.03515776715742151,0.0,0.0,1.0,1.0,9.081173475724304,4.222993127486547,13.224087340251407,6.205355324337169,9.081173475724304,4.222993127486547,0.0,0.0
10.049999999931668,0.9606700134392381,0.9130751236341274,0.0,464.2680053756951,498.8300494536508,0.01856298797231975,0.035132486347319865,0.0,0.0,1.0,1.0,9.087486267057086,4.223080051470927,13.224087340251407,6.2010475457359515,9.087486267057086,4.223080051470927,0.0,0.0
10.05833333326488,0.9592788808854862,0.9118322716607207,0.0,463.71155235419434,498.33290866428814,0.018534048530395808,0.035107181429587894,0.0,0.0,1.0,1.0,9.093788118891176,4.223159592404975,13.224087340251407,6.196742757609164,9.093788118891176,4.223159592404975,0.0,0.0
10.066666666598092,0.957889902686583,0.9105891640880848,0.0,463.15596107463307,497.8356656352338,0.01850553528101416,0.035081853048279786,0.0,0.0,1.0,1.0,9.100079196716326,4.223231843147385,13.224087340251407,6.192440957880837,9.100079196716326,4.223231843147385,0.0,0.0
10.074999999931304,0.956503047283362,0.9093458342114213,0.0,462.60121891334467,497.3383336845684,0.01847743749089906,0.03505650183169443,0.0,0.0,1.0,1.0,9.106359661775489,4.22329689429285,13.224087340251407,6.188142144476379,9.106359661775489,4.22329689429285,0.0,0.0
10.083333333264516,0.9551182839130634,0.9081023144829802,0.0,462.0473135652252,496.84092579319196,0.01844974465449822,0.03503112839269708,0.0,0.0,1.0,1.0,9.112629671159851,4.223354834224764,13.224087340251407,6.183846315322686,9.112629671159851,4.223354834224764,0.0,0.0
10.091666666597728,0.953735582592365,0.9068586365301823,0.0,461.4942330369459,496.3434546120728,0.01842244649116377,0.03500573332903758,0.0,0.0,1.0,1.0,9.118889377902315,4.2234057491670205,13.224087340251407,6.179553468348085,9.118889377902315,4.2234057491670205,0.0,0.0
10.09999999993094,0.9523549141006209,0.9056148311734973,0.0,460.9419656402482,495.8459324693988,0.018395532942263135,0.034980317223664834,0.0,0.0,1.0,1.0,9.125138931069483,4.223449723234959,13.224087340251407,6.175263601482343,9.125138931069483,4.223449723234959,0.0,0.0
10.108333333264152,0.9509762499633219,0.9043709284440847,0.0,460.3904999853286,495.3483713776338,0.01836899416822762,0.034954880645037385,0.0,0.0,1.0,1.0,9.131378475852209,4.223486838485367,13.224087340251407,6.170976712656653,9.131378475852209,4.223486838485367,0.0,0.0
10.116666666597364,0.9495995624357796,0.903126957601185,0.0,459.8398249743117,494.85078304047386,0.018342820545544092,0.034929424147430166,0.0,0.0,1.0,1.0,9.137608153654734,4.223517174965542,13.224087340251407,6.166692799803648,9.137608153654734,4.223517174965542,0.0,0.0
10.124999999930576,0.9482248244870339,0.9018829471492631,0.0,459.2899297948135,494.3531788597051,0.018317002663696066,0.03490394827123723,0.0,0.0,1.0,1.0,9.14382810218205,4.22354081076156,13.224087340251407,6.162411860857399,9.14382810218205,4.22354081076156,0.0,0.0
10.133333333263788,0.9468520097839965,0.9006389248548933,0.0,458.7408039135984,493.8555699419572,0.01829153132206284,0.03487845354327028,0.0,0.0,1.0,1.0,9.150038455526106,4.22355782204549,13.224087340251407,6.158133893753392,9.150038455526106,4.22355782204549,0.0,0.0
10.141666666597,0.9454810926758306,0.899394917763398,0.0,458.1924370703321,493.3579671053591,0.018266397526779013,0.03485294047705334,0.0,0.0,1.0,1.0,9.156239344250327,4.223568283121937,13.224087340251407,6.153858896428583,9.156239344250327,4.223568283121937,0.0,0.0
10.149999999930213,0.9441120481785548,0.8981509522152105,0.0,457.6448192714218,492.86038088608404,0.018241592487561933,0.03482740957311278,0.0,0.0,1.0,1.0,9.16243089547259,4.2235722664734485,13.224087340251407,6.149586866821341,9.16243089547259,4.2235722664734485,0.0,0.0
10.158333333263425,0.9427448519599015,0.8969070538619949,0.0,457.09794078396044,492.36282154479784,0.018217107614512375,0.03480186131926352,0.0,0.0,1.0,1.0,9.16861323294682,4.223569842805168,13.224087340251407,6.145317802871473,9.16861323294682,4.223569842805168,0.0,0.0
10.166666666596637,0.9413794803244093,0.8956632476824965,0.0,456.5517921297636,491.8652990729985,0.01819293451489256,0.034776296190890746,0.0,0.0,1.0,1.0,9.174786477143158,4.223561081088624,13.224087340251407,6.141051702520208,9.174786477143158,4.223561081088624,0.0,0.0
10.174999999929849,0.9400159101987502,0.894419557998124,0.0,456.0063640794999,491.3678231992495,0.018169064989886588,0.03475071465122719,0.0,0.0,1.0,1.0,9.180950745326411,4.2235460486045655,13.224087340251407,6.136788563710193,9.180950745326411,4.2235460486045655,0.0,0.0
10.183333333263061,0.9386541191173166,0.893176008488276,0.0,455.4616476469265,490.8704033953103,0.01814549103134969,0.034725117151626225,0.0,0.0,1.0,1.0,9.187106151633254,4.223524810985111,13.224087340251407,6.132528384385528,9.187106151633254,4.223524810985111,0.0,0.0
10.191666666596273,0.9372940852080398,0.8919326222054027,0.0,454.9176340832158,490.37304888216096,0.018122204818546525,0.03469950413183061,0.0,0.0,1.0,1.0,9.193252807147783,4.223497432254722,13.224087340251407,6.1282711624917106,9.193252807147783,4.223497432254722,0.0,0.0
10.199999999929485,0.9359357871784575,0.8906894215897923,0.0,454.3743148713829,489.87576863591676,0.018099198714888288,0.034673876020236485,0.0,0.0,1.0,1.0,9.199390819975799,4.223463974870682,13.224087340251407,6.124016895975695,9.199390819975799,4.223463974870682,0.0,0.0
10.208333333262697,0.9345792043020253,0.8894464284841009,0.0,453.83168172080997,489.37857139364024,0.018076465264667337,0.03464823323415329,0.0,0.0,1.0,1.0,9.205520295317491,4.223424499762489,13.224087340251407,6.119765582785857,9.205520295317491,4.223424499762489,0.0,0.0
10.21666666659591,0.9332243164046736,0.8882036641476274,0.0,453.2897265618693,488.88146565905083,0.018053997189793967,0.034622576180059275,0.0,0.0,1.0,1.0,9.211641335538726,4.223379066370523,13.224087340251403,6.115517220871984,9.211641335538726,4.223379066370523,0.0,0.0
10.224999999929121,0.9318711038516081,0.8869611492703049,0.0,452.74844154064306,488.3844597081218,0.018031787386543,0.0345969052538523,0.0,0.0,1.0,1.0,9.217754040240976,4.223327732683832,13.224087340251405,6.1112718081852755,9.217754040240976,4.223327732683832,0.0,0.0
10.233333333262333,0.9305195475343555,0.8857189039864429,0.0,452.20781901374204,487.88756159457705,0.018009828922308582,0.034571220841096394,0.0,0.0,1.0,1.0,9.223858506329696,4.223270555277219,13.224087340251403,6.107029342678362,9.223858506329696,4.223270555277219,0.0,0.0
10.241666666595545,0.9291696288580513,0.8844769478882091,0.0,451.6678515432204,487.3907791552835,0.017988115032371327,0.03454552331726397,0.0,0.0,1.0,1.0,9.22995482808141,4.223207589347359,13.224087340251396,6.102789822305319,9.22995482808141,4.223207589347359,0.0,0.0
10.249999999928757,0.9278213297289697,0.883235300038843,0.0,451.1285318915877,486.89412001553706,0.017966639116683232,0.03451981304797345,0.0,0.0,1.0,1.0,9.23604309720947,4.223138888748269,13.22408734025139,6.098553245021636,9.23604309720947,4.223138888748269,0.0,0.0
10.25833333326197,0.926474632542293,0.8819939789856179,0.0,450.5898530169171,486.39759159424705,0.017945394736669555,0.03449409038922264,0.0,0.0,1.0,1.0,9.242123402928236,4.22306450602592,13.224087340251396,6.094319608784199,9.242123402928236,4.22306450602592,0.0,0.0
10.266666666595182,0.92512952017012,0.8807530027725438,0.0,450.0518080680479,485.9012011090174,0.017924375612052366,0.03446835568761766,0.0,0.0,1.0,1.0,9.248195832016078,4.22298449245209,13.224087340251389,6.090088911551324,9.248195832016078,4.22298449245209,0.0,0.0
10.274999999928394,0.9237859759497145,0.8795123889528202,0.0,449.51439037988564,485.404955581128,0.017903575617697055,0.03444260928059768,0.0,0.0,1.0,1.0,9.254260468876968,4.22289889805749,13.224087340251387,6.085861151282734,9.254260468876968,4.22289889805749,0.0,0.0
10.283333333261606,0.9224439836719855,0.8782721546010308,0.0,448.9775934687941,484.9088618404122,0.01788298878048493,0.03441685149665514,0.0,0.0,1.0,1.0,9.260317395600778,4.222807771664088,13.22408734025139,6.081636325939583,9.260317395600778,4.222807771664088,0.0,0.0
10.291666666594818,0.9211035275702038,0.8770323163250862,0.0,448.44141102808135,484.4129265300343,0.017862609276214005,0.0343910826555517,0.0,0.0,1.0,1.0,9.26636669202224,4.222711160916687,13.224087340251398,6.077414433484427,9.26636669202224,4.222711160916687,0.0,0.0
10.29999999992803,0.919764592308949,0.8757928902779316,0.0,447.9058369235795,483.9171561111725,0.017842431426526903,0.03436530306853018,0.0,0.0,1.0,1.0,9.272408435778718,4.222609112313952,13.224087340251394,6.0731954718812675,9.272408435778718,4.222609112313952,0.0,0.0
10.308333333261242,0.918427162973285,0.8745538921689974,0.0,447.37086518931386,483.42155686759884,0.01782244969587189,0.03433951303852206,0.0,0.0,1.0,1.0,9.278442702366537,4.222501671238387,13.224087340251396,6.068979439095496,9.278442702366537,4.222501671238387,0.0,0.0
10.316666666594454,0.9170912250581655,0.8733153372754127,0.0,446.83649002326604,482.92613491016493,0.01780265868849637,0.0343137128603508,0.0,0.0,1.0,1.0,9.284469565196186,4.222388881985973,13.224087340251382,6.064766333093904,9.284469565196186,4.222388881985973,0.0,0.0
10.324999999927666,0.9157567644580569,0.8720772404529792,0.0,446.30270578322256,482.43089618119154,0.017783053145472683,0.034287902820931186,0.0,0.0,1.0,1.0,9.290489095646302,4.222270787794829,13.224087340251387,6.06055615184471,9.290489095646302,4.222270787794829,0.0,0.0
10.333333333260878,0.9144237674567894,0.8708396161469044,0.0,445.7695069827156,481.93584645876166,0.017763627941762172,0.034262083199464326,0.0,0.0,1.0,1.0,9.29650136311624,4.222147430873371,13.224087340251385,6.056348893317545,9.29650136311624,4.222147430873371,0.0,0.0
10.34166666659409,0.9130922207176262,0.869602478402313,0.0,445.2368882870503,481.44099136092507,0.01774437808331243,0.03423625426762897,0.0,0.0,1.0,1.0,9.30250643507779,4.222018852427705,13.224087340251382,6.052144555483449,9.30250643507779,4.222018852427705,0.0,0.0
10.349999999927302,0.9117621112735448,0.8683658408745142,0.0,444.70484450941774,480.94633634980556,0.017725298704194852,0.03421041628976844,0.0,0.0,1.0,1.0,9.308504377125379,4.221885092688401,13.22408734025138,6.047943136314862,9.308504377125379,4.221885092688401,0.0,0.0
10.358333333260514,0.9104334265177358,0.8671297168390486,0.0,444.17337060709417,480.4518867356193,0.017706385063779584,0.034184569523073846,0.0,0.0,1.0,1.0,9.314495253025353,4.221746190936669,13.224087340251378,6.043744633785622,9.314495253025353,4.221746190936669,0.0,0.0
10.366666666593726,0.9091061541943102,0.8658941192015073,0.0,443.6424616777239,479.9576476806028,0.017687632543950338,0.03415871421776319,0.0,0.0,1.0,1.0,9.320479124763882,4.221602185529805,13.224087340251371,6.039549045871014,9.320479124763882,4.221602185529805,0.0,0.0
10.374999999926938,0.9077802823892149,0.864659060507141,0.0,443.1121129556858,479.4636242028563,0.01766903664635802,0.03413285061725699,0.0,0.0,1.0,1.0,9.326456052594153,4.221453113926069,13.224087340251375,6.035356370547694,9.326456052594153,4.221453113926069,0.0,0.0
10.38333333326015,0.9064557995213511,0.8634245529502386,0.0,442.5823198085403,478.9698211800953,0.01765059298971615,0.03410697895834965,0.0,0.0,1.0,1.0,9.332426095081832,4.221299012708932,13.224087340251389,6.03116660579373,9.332426095081832,4.221299012708932,0.0,0.0
10.391666666593363,0.9051326943338964,0.8621906083832971,0.0,442.05307773355844,478.4762433533187,0.017632297307138153,0.0340810994713774,0.0,0.0,1.0,1.0,9.33838930915017,4.221139917610809,13.224087340251375,6.0269797495885795,9.33838930915017,4.221139917610809,0.0,0.0
10.399999999926575,0.9038109558858214,0.8609572383259811,0.0,441.5243823543284,477.98289533039235,0.017614145443514903,0.03405521238038233,0.0,0.0,1.0,1.0,9.344345750123436,4.220975863536093,13.224087340251364,6.022795799913131,9.344345750123436,4.220975863536093,0.0,0.0
10.408333333259787,0.9024905735436066,0.8597244539738749,0.0,440.9962294174425,477.4897815895498,0.01759613335293614,0.03402931790327293,0.0,0.0,1.0,1.0,9.35029547176963,4.220806884583642,13.224087340251359,6.018614754749674,9.35029547176963,4.220806884583642,0.0,0.0
10.416666666592999,0.9011715369731481,0.8584922662070315,0.0,440.4686147892591,476.99690648281245,0.017578257096152725,0.034003416251981,0.0,0.0,1.0,1.0,9.356238526342121,4.220633014068783,13.224087340251371,6.0144366120818615,9.356238526342121,4.220633014068783,0.0,0.0
10.42499999992621,0.8998538361318476,0.8572606855983198,0.0,439.9415344527389,476.5042742393278,0.017560512838081896,0.033977507632615006,0.0,0.0,1.0,1.0,9.362174964620323,4.22045428454462,13.224087340251373,6.010261369894786,9.362174964620323,4.22045428454462,0.0,0.0
10.433333333259423,0.8985374612608987,0.8560297224215763,0.0,439.4149845043594,476.0118889686304,0.0175428968453568,0.03395159224560995,0.0,0.0,1.0,1.0,9.368104835949142,4.220270727823003,13.224087340251378,6.006089026174933,9.368104835949142,4.220270727823003,0.0,0.0
10.441666666592635,0.8972224028777451,0.8547993866595642,0.0,438.8889611510979,475.51975466382555,0.017525405483916772,0.03392567028587393,0.0,0.0,1.0,1.0,9.374028188277805,4.220082374994723,13.224087340251366,6.001919578910152,9.374028188277805,4.220082374994723,0.0,0.0
10.449999999925847,0.8959086517687223,0.853569688011735,0.0,438.36346070748874,475.0278752046939,0.01750803521664322,0.033899741942931064,0.0,0.0,1.0,1.0,9.37994506819745,4.219889256449429,13.224087340251362,5.99775302608975,9.37994506819745,4.219889256449429,0.0,0.0
10.45833333325906,0.8945961989818776,0.8523406359018205,0.0,437.8384795927509,474.5362543607281,0.017490782601035516,0.03387380740106159,0.0,0.0,1.0,1.0,9.385855520977984,4.219691401894853,13.224087340251359,5.993589365704356,9.385855520977984,4.219691401894853,0.0,0.0
10.466666666592271,0.8932850358199556,0.8511122394852209,0.0,437.3140143279821,474.04489579408823,0.017473644286932773,0.03384786683943812,0.0,0.0,1.0,1.0,9.391759590603977,4.219488840375665,13.22408734025137,5.989428595746049,9.391759590603977,4.219488840375665,0.0,0.0
10.474999999925483,0.8919751538335587,0.8498845076562315,0.0,436.79006153342334,473.5538030624925,0.017456617014275744,0.033821920432259234,0.0,0.0,1.0,1.0,9.397657319809506,4.219281600291723,13.224087340251387,5.985270714208291,9.397657319809506,4.219281600291723,0.0,0.0
10.483333333258695,0.8906665448144737,0.8486574490550792,0.0,436.2666179257893,473.06297962203155,0.017439697610914233,0.033795968348879595,0.0,0.0,1.0,1.0,9.403548750112428,4.219069709416018,13.224087340251392,5.981115719085903,9.403548750112428,4.219069709416018,0.0,0.0
10.491666666591907,0.8893592007891578,0.8474310720747985,0.0,435.7436803156629,472.57242882991926,0.01742288299045429,0.03377001075393715,0.0,0.0,1.0,1.0,9.409433921847613,4.218853194911943,13.22408734025138,5.976963608375171,9.409433921847613,4.218853194911943,0.0,0.0
10.49999999992512,0.888053114012388,0.8462053848679278,0.0,435.221245604955,472.08215394717104,0.017406170150149527,0.03374404780747725,0.0,0.0,1.0,1.0,9.415312874199216,4.218632083350338,13.22408734025138,5.972814380073695,9.415312874199216,4.218632083350338,0.0,0.0
10.508333333258332,0.8867482769610657,0.8449803953530505,0.0,434.6993107844262,471.59215814122007,0.017389556168833135,0.03371807966507391,0.0,0.0,1.0,1.0,9.421185645232471,4.218406400725889,13.224087340251387,5.9686680321804895,9.421185645232471,4.218406400725889,0.0,0.0
10.516666666591544,0.8854446823281736,0.8437561112211638,0.0,434.17787293126935,471.1024444884654,0.017373038204892076,0.033692106477948,0.0,0.0,1.0,1.0,9.42705227192428,4.218176172473178,13.224087340251387,5.964524562696001,9.42705227192428,4.218176172473178,0.0,0.0
10.524999999924756,0.8841423230168834,0.8425325399418909,0.0,433.6569292067532,470.61301597675623,0.01735661349428322,0.03366612839308267,0.0,0.0,1.0,1.0,9.432912790193454,4.217941423482358,13.224087340251382,5.960383969622003,9.432912790193454,4.217941423482358,0.0,0.0
10.533333333257968,0.8828411921348147,0.8413096887695465,0.0,433.1364768539257,470.12387550781847,0.017340279348588804,0.03364014555333607,0.0,0.0,1.0,1.0,9.438767234929768,4.217702178114359,13.224087340251382,5.956246250961679,9.438767234929768,4.217702178114359,0.0,0.0
10.54166666659118,0.8815412829884306,0.8400875647490299,0.0,432.61651319537214,469.63502589961183,0.017324033153114808,0.033614158097551056,0.0,0.0,1.0,1.0,9.444615640022503,4.2174584602156315,13.224087340251385,5.952111404719607,9.444615640022503,4.2174584602156315,0.0,0.0
10.549999999924392,0.8802425890775827,0.8388661747215945,0.0,432.0970356310329,469.1464698886377,0.017307872365026247,0.03358816616066264,0.0,0.0,1.0,1.0,9.450458038388332,4.217210293132668,13.224087340251385,5.947979428901746,9.450458038388332,4.217210293132668,0.0,0.0
10.558333333257604,0.8789451040901879,0.8376455253304473,0.0,431.57804163607506,468.6582101321788,0.017291794511525516,0.03356216987380237,0.0,0.0,1.0,1.0,9.456294461998139,4.216957699725942,13.224087340251373,5.943850321515444,9.456294461998139,4.216957699725942,0.0,0.0
10.566666666590816,0.8776488218970444,0.8364256230262231,0.0,431.05952875881763,468.17024921048915,0.017275797188066894,0.03353616936440047,0.0,0.0,1.0,1.0,9.462124941903529,4.216700702383604,13.224087340251396,5.939724080569425,9.462124941903529,4.216700702383604,0.0,0.0
10.574999999924028,0.8763537365467782,0.8352064740723035,0.0,430.5414946187111,467.6825896289213,0.017259878056613057,0.03351016475628516,0.0,0.0,1.0,1.0,9.467949508262414,4.2164393230347805,13.22408734025139,5.93560070407378,9.467949508262414,4.2164393230347805,0.0,0.0
10.58333333325724,0.8750598422609195,0.8339880845500134,0.0,430.0239369043677,467.1952338200052,0.01724403484392667,0.03348415616977981,0.0,0.0,1.0,1.0,9.47376819036411,4.216173583162446,13.224087340251407,5.931480190040025,9.47376819036411,4.216173583162446,0.0,0.0
10.591666666590452,0.8737671334291044,0.832770460363676,0.0,429.5068533716417,466.7081841454703,0.01722826533990067,0.03345814372179748,0.0,0.0,1.0,1.0,9.47958101665353,4.2159035038160475,13.224087340251396,5.927362536481017,9.47958101665353,4.2159035038160475,0.0,0.0
10.599999999923664,0.8724756046044044,0.8315536072455347,0.0,428.9902418417616,466.22144289821375,0.01721256739592794,0.03343212752593308,0.0,0.0,1.0,1.0,9.485388014754875,4.215629105623778,13.224087340251401,5.923247741410985,9.485388014754875,4.215629105623778,0.0,0.0
10.608333333256876,0.8711852504987727,0.8303375307605563,0.0,428.47410019950894,465.7350123042224,0.01719693892330425,0.033406107692553415,0.0,0.0,1.0,1.0,9.491189211494843,4.2153504088043725,13.224087340251401,5.919135802845577,9.491189211494843,4.2153504088043725,0.0,0.0
10.616666666590088,0.8698960659786101,0.8291222363111005,0.0,427.95842639144394,465.24889452444006,0.01718137789166911,0.03338008432888473,0.0,0.0,1.0,1.0,9.496984632924915,4.215067433178784,13.224087340251387,5.915026718801801,9.496984632924915,4.215067433178784,0.0,0.0
10.6249999999233,0.8686080460604477,0.8279077291414696,0.0,427.443218424179,464.76309165658773,0.017165882327482975,0.03335405753909811,0.0,0.0,1.0,1.0,9.502774304343344,4.214780198181374,13.224087340251396,5.910920487298014,9.502774304343344,4.214780198181374,0.0,0.0
10.633333333256513,0.8673211859067405,0.8266940143423401,0.0,426.9284743626961,464.2776057369359,0.017150450312537917,0.033328027424392795,0.0,0.0,1.0,1.0,9.508558250316456,4.2144887228709775,13.224087340251387,5.906817106354003,9.508558250316456,4.2144887228709775,0.0,0.0
10.641666666589725,0.8660354808217725,0.8254810968550812,0.0,426.41419232870885,463.79243874203235,0.01713507998250269,0.033301994083077366,0.0,0.0,1.0,1.0,9.514336494699272,4.2141930259414195,13.224087340251394,5.902716573990874,9.514336494699272,4.2141930259414195,0.0,0.0
10.649999999922937,0.8647509262476718,0.8242689814759503,0.0,425.9003704990686,463.30759259038,0.017119769525503772,0.033275957610648665,0.0,0.0,1.0,1.0,9.520109060655697,4.213893125731981,13.224087340251389,5.898618888231138,9.520109060655697,4.213893125731981,0.0,0.0
10.658333333256149,0.8634675177605251,0.8230576728601872,0.0,425.38700710420994,462.82306914407474,0.01710451718073687,0.033249918099869005,0.0,0.0,1.0,1.0,9.52587597067818,4.213589040237403,13.224087340251383,5.894524047098698,9.52587597067818,4.213589040237403,0.0,0.0
10.66666666658936,0.8621852510666015,0.8218471755259932,0.0,424.87410042664044,462.33887021039715,0.01708932123711322,0.03322387564084111,0.0,0.0,1.0,1.0,9.531637246606815,4.213280787117754,13.224087340251383,5.890432048618772,9.531637246606815,4.213280787117754,0.0,0.0
10.674999999922573,0.8609041219986722,0.8206374938584048,0.0,424.36164879946875,461.8549975433618,0.01707418003193808,0.033197830321081256,0.0,0.0,1.0,1.0,9.537392909647803,4.212968383707858,13.224087340251382,5.886342890818019,9.537392909647803,4.212968383707858,0.0,0.0
10.683333333255785,0.8596241265124307,0.8194286321130699,0.0,423.8496506049721,461.37145284522785,0.017059091949618705,0.033171782225590585,0.0,0.0,1.0,1.0,9.54314298039172,4.2126518470266285,13.2240873402514,5.882256571724401,9.54314298039172,4.2126518470266285,0.0,0.0
10.691666666588997,0.8583452606830069,0.8182205944199189,0.0,423.33810427320265,460.88823776796744,0.01704405542040527,0.033145731436924473,0.0,0.0,1.0,1.0,9.548887478830999,4.21233119378604,13.224087340251403,5.878173089367279,9.548887478830999,4.21233119378604,0.0,0.0
10.699999999922209,0.857067520701577,0.8170133847867307,0.0,422.8270082806307,460.40535391469217,0.017029068919162876,0.03311967803526,0.0,0.0,1.0,1.0,9.554626424377059,4.212006440399906,13.224087340251403,5.874092441777389,9.554626424377059,4.212006440399906,0.0,0.0
10.708333333255421,0.8557909028720612,0.8158070071026188,0.0,422.31636114882434,459.92280284104737,0.01701413096417024,0.03309362209846198,0.0,0.0,1.0,1.0,9.560359835876916,4.2116776029923315,13.224087340251414,5.870014626986819,9.560359835876916,4.2116776029923315,0.0,0.0
10.716666666588633,0.8545154036079101,0.8146014651414053,0.0,421.8061614431639,459.440586056562,0.016999240115950887,0.03306756370214686,0.0,0.0,1.0,1.0,9.566087731629489,4.211344697406021,13.224087340251412,5.8659396430290265,9.566087731629489,4.211344697406021,0.0,0.0
10.724999999921845,0.8532410194289834,0.8133967625649207,0.0,421.2964077715933,458.95870502596813,0.016984394976131197,0.03304150291974535,0.0,0.0,1.0,1.0,9.57181012940126,4.2110077392103,13.22408734025143,5.861867487938849,9.57181012940126,4.2110077392103,0.0,0.0
10.733333333255057,0.8519677469585074,0.8121929029261993,0.0,420.7870987834028,458.4771611704796,0.01696959418632804,0.03301543982256301,0.0,0.0,1.0,1.0,9.577527046441567,4.2106667437089165,13.224087340251431,5.857798159752462,9.577527046441567,4.2106667437089165,0.0,0.0
10.74166666658827,0.850695582920115,0.8109898896725963,0.0,420.27823316804586,457.9959558690384,0.016954836427062303,0.03298937447983956,0.0,0.0,1.0,1.0,9.583238499497678,4.210321725947613,13.22408734025143,5.85373165650745,9.583238499497678,4.210321725947613,0.0,0.0
10.749999999921481,0.8494245241349709,0.8097877261488245,0.0,419.76980965398826,457.5150904595297,0.016940120416699966,0.03296330695880653,0.0,0.0,1.0,1.0,9.588944504829078,4.209972700721543,13.224087340251414,5.849667976242706,9.588944504829078,4.209972700721543,0.0,0.0
10.758333333254694,0.8481545675189712,0.8085864155998883,0.0,419.26182700758835,457.0345662399552,0.01692544491042222,0.03293723732474318,0.0,0.0,1.0,1.0,9.59464507822164,4.209619682582392,13.22408734025141,5.845607116998524,9.59464507822164,4.209619682582392,0.0,0.0
10.766666666587906,0.8468857100800189,0.8073859611739695,0.0,418.75428403200743,456.5543844695877,0.016910808699215248,0.03291116564103139,0.0,0.0,1.0,1.0,9.60034023500148,4.209262685845401,13.224087340251414,5.841549076816519,9.60034023500148,4.209262685845401,0.0,0.0
10.774999999921118,0.845617948915377,0.806186365925201,0.0,418.24717956615063,456.07454637008027,0.016896210608892917,0.03288509196920856,0.0,0.0,1.0,1.0,9.606029990048015,4.208901724596029,13.224087340251423,5.837493853739709,9.606029990048015,4.208901724596029,0.0,0.0
10.78333333325433,0.8443512812090925,0.8049876328163823,0.0,417.74051248363685,455.5950531265528,0.016881649499139714,0.03285901636901946,0.0,0.0,1.0,1.0,9.611714357807159,4.208536812696608,13.224087340251435,5.833441445812441,9.611714357807159,4.208536812696608,0.0,0.0
10.791666666587542,0.8430857042294904,0.8037897647216246,0.0,417.234281691796,455.1159058886497,0.016867124262577284,0.03283293889846667,0.0,0.0,1.0,1.0,9.617393352303758,4.208167963792706,13.224087340251435,5.829391851080415,9.617393352303758,4.208167963792706,0.0,0.0
10.799999999920754,0.8418212153267401,0.8025927644289087,0.0,416.72848613069596,454.63710577156337,0.016852633823858695,0.0328068596138595,0.0,0.0,1.0,1.0,9.623066987153862,4.2077951913192395,13.224087340251453,5.825345067590704,9.623066987153862,4.2077951913192395,0.0,0.0
10.808333333253966,0.8405578119304815,0.8013966346425792,0.0,416.2231247721924,454.15865385703154,0.01683817713878196,0.03278077856986168,0.0,0.0,1.0,1.0,9.628735275576764,4.207418508506698,13.224087340251439,5.821301093391756,9.628735275576764,4.207418508506698,0.0,0.0
10.816666666587178,0.8392954915475273,0.8002013779857725,0.0,415.71819661901077,453.68055119430886,0.016823753193429228,0.03275469581953787,0.0,0.0,1.0,1.0,9.634398230406404,4.207037928386765,13.224087340251456,5.817259926533328,9.634398230406404,4.207037928386765,0.0,0.0
10.82499999992039,0.8380342517596213,0.7990069970027718,0.0,415.2137007038484,453.2027988011086,0.016809361003326757,0.03272861141439872,0.0,0.0,1.0,1.0,9.640055864102711,4.206653463798159,13.224087340251453,5.813221565066596,9.640055864102711,4.206653463798159,0.0,0.0
10.833333333253602,0.8367740902212597,0.7978134941613022,0.0,414.7096360885037,452.72539766452076,0.016794999612625924,0.03270252540444493,0.0,0.0,1.0,1.0,9.645708188762603,4.206265127392119,13.224087340251442,5.809186007044002,9.645708188762603,4.206265127392119,0.0,0.0
10.841666666586814,0.8355150046575748,0.7966208718547555,0.0,414.20600186302977,452.2483487419021,0.01678066809330747,0.03267643783820992,0.0,0.0,1.0,1.0,9.651355216130462,4.205872931637695,13.22408734025146,5.805153250519395,9.651355216130462,4.205872931637695,0.0,0.0
10.849999999920026,0.8342569928622792,0.7954291324043593,0.0,413.70279714491153,451.7716529617436,0.01676636554440514,0.0326503487628015,0.0,0.0,1.0,1.0,9.65699695760855,4.205476888827054,13.224087340251463,5.801123293547976,9.65699695760855,4.205476888827054,0.0,0.0
10.858333333253238,0.8330000526956636,0.7942382780612842,0.0,413.20002107826525,451.29531122451357,0.01675209109124903,0.03262425822394238,0.0,0.0,1.0,1.0,9.662633424267069,4.205077011080434,13.224087340251463,5.797096134186274,9.662633424267069,4.205077011080434,0.0,0.0
10.86666666658645,0.8317441820826506,0.7930483110086872,0.0,412.69767283306004,450.81932440347475,0.016737843884730555,0.03259816626600946,0.0,0.0,1.0,1.0,9.668264626853897,4.204673310351134,13.224087340251463,5.793071770492196,9.668264626853897,4.204673310351134,0.0,0.0
10.874999999919662,0.8304893790109094,0.7918592333636983,0.0,412.1957516043636,450.3436933454792,0.016723623100586726,0.032572072932072094,0.0,0.0,1.0,1.0,9.673890575804034,4.204265798430247,13.224087340251454,5.789050200524981,9.673890575804034,4.204265798430247,0.0,0.0
10.883333333252875,0.8292356415290152,0.7906710471793661,0.0,411.69425661160597,449.8684188717463,0.016709427938699478,0.032545978263929604,0.0,0.0,1.0,1.0,9.679511281248933,4.203854486951299,13.224087340251454,5.7850314223452,9.679511281248933,4.203854486951299,0.0,0.0
10.891666666586087,0.827982967744664,0.7894837544465214,0.0,411.1931870978654,449.3935017786084,0.01669525762241954,0.03251988230214718,0.0,0.0,1.0,1.0,9.685126753025248,4.203439387394728,13.224087340251469,5.78101543401479,9.685126753025248,4.203439387394728,0.0,0.0
10.899999999919299,0.8267313558229401,0.7882973570956195,0.0,410.69254232917586,448.9189428382477,0.016681111397902588,0.03249378508609152,0.0,0.0,1.0,1.0,9.690737000683717,4.203020511092262,13.22408734025146,5.7770022335970115,9.690737000683717,4.203020511092262,0.0,0.0
10.90833333325251,0.8254808039846273,0.7871118569985002,0.0,410.1923215938508,448.44474279939993,0.016666988533467854,0.0324676866539647,0.0,0.0,1.0,1.0,9.696342033497595,4.202597869231155,13.224087340251463,5.772991819156499,9.696342033497595,4.202597869231155,0.0,0.0
10.916666666585723,0.8242313105045713,0.7859272559701236,0.0,409.6925242018284,447.9709023880493,0.016652888318969397,0.03244158704283785,0.0,0.0,1.0,1.0,9.701941860470779,4.20217147285828,13.224087340251465,5.768984188759226,9.701941860470779,4.20217147285828,0.0,0.0
10.924999999918935,0.822982873710087,0.7847435557702362,0.0,409.1931494840346,447.4974223080944,0.016638810065188404,0.03241548628868339,0.0,0.0,1.0,1.0,9.7075364903458,4.201741332884094,13.224087340251453,5.764979340472513,9.7075364903458,4.201741332884094,0.0,0.0
10.933333333252147,0.8217354919794131,0.7835607581050085,0.0,408.6941967917651,447.02430324200327,0.016624753103238122,0.03238938442640665,0.0,0.0,1.0,1.0,9.713125931611655,4.201307460086642,13.224087340251486,5.760977272364988,9.713125931611655,4.201307460086642,0.0,0.0
10.941666666585359,0.8204891637402068,0.7823788646286104,0.0,408.1956654960826,446.551545851444,0.016610716783987088,0.03236328148987651,0.0,0.0,1.0,1.0,9.718710192511262,4.200869865115178,13.224087340251504,5.75697798250663,9.718710192511262,4.200869865115178,0.0,0.0
10.949999999918571,0.8192438874680867,0.7811978769447503,0.0,407.6975549872346,446.0791507779,0.016596700477497634,0.03233717751195522,0.0,0.0,1.0,1.0,9.724289281048856,4.200428558493869,13.2240873402515,5.752981468968793,9.724289281048856,4.200428558493869,0.0,0.0
10.958333333251783,0.8179996616852101,0.7800177966081707,0.0,407.19986467408387,445.60711864326817,0.016582703572477698,0.03231107252452741,0.0,0.0,1.0,1.0,9.729863204996988,4.199983550625377,13.224087340251499,5.748987729824148,9.729863204996988,4.199983550625377,0.0,0.0
10.966666666584995,0.8167564849588962,0.7788386251260949,0.0,406.70259398355836,445.13545005043784,0.016568725475750258,0.03228496655852825,0.0,0.0,1.0,1.0,9.735431971903422,4.199534851794183,13.224087340251499,5.744996763146681,9.735431971903422,4.199534851794183,0.0,0.0
10.974999999918207,0.8155143559002871,0.7776603639596388,0.0,406.20574236011464,444.6641455838554,0.016554765611734835,0.032258859643970864,0.0,0.0,1.0,1.0,9.740995589098002,4.199082472170107,13.224087340251513,5.7410085670117414,9.740995589098002,4.199082472170107,0.0,0.0
10.98333333325142,0.814273273163048,0.7764830145251768,0.0,405.7093092652191,444.1932058100706,0.016540823421945076,0.03223275180997297,0.0,0.0,1.0,1.0,9.746554063698913,4.198626421811377,13.224087340251533,5.737023139496033,9.746554063698913,4.198626421811377,0.0,0.0
10.991666666584631,0.8130332354421035,0.7753065781956757,0.0,405.21329417684126,443.72263127827017,0.01652689836449823,0.03220664308478277,0.0,0.0,1.0,1.0,9.752107402619274,4.1981667106679,13.224087340251536,5.733040478677542,9.752107402619274,4.1981667106679,0.0,0.0
10.999999999917843,0.811794241472408,0.7741310563019839,0.0,404.717696588963,443.2524225207934,0.016512989913638372,0.032180533495804214,0.0,0.0,1.0,1.0,9.757655612573101,4.197703348584225,13.224087340251534,5.729060582635631,9.757655612573101,4.197703348584225,0.0,0.0
11.008333333251056,0.8105562900277559,0.7729564501340845,0.0,404.22251601110224,442.7825800536337,0.016499097559274187,0.032154423069621324,0.0,0.0,1.0,1.0,9.76319870008127,4.197236345302509,13.224087340251549,5.725083449450965,9.76319870008127,4.197236345302509,0.0,0.0
11.016666666584268,0.8093193799196252,0.7717827609423167,0.0,403.72775196784994,442.31310437692656,0.016485220806527624,0.03212831183202214,0.0,0.0,1.0,1.0,9.768736671477358,4.196765710465435,13.224087340251538,5.721109077205586,9.768736671477358,4.196765710465435,0.0,0.0
11.02499999991748,0.8080835099960479,0.7706099899385584,0.0,403.233403998419,441.84399597542324,0.016471359175294978,0.032102199808021786,0.0,0.0,1.0,1.0,9.774269532913292,4.196291453619061,13.224087340251543,5.717137463982836,9.774269532913292,4.196291453619061,0.0,0.0
11.033333333250692,0.8068486791405229,0.7694381382973721,0.0,402.739471656209,441.3752553189487,0.01645751219982213,0.03207608702188489,0.0,0.0,1.0,1.0,9.779797290364773,4.195813584215386,13.224087340251547,5.713168607867376,9.779797290364773,4.195813584215386,0.0,0.0
11.041666666583904,0.805614886270954,0.7682672071571232,0.0,402.24595450838143,440.90688286284916,0.016443679428289486,0.0320499734971475,0.0,0.0,1.0,1.0,9.785319949636488,4.19533211161505,13.224087340251542,5.709202506945217,9.785319949636488,4.19533211161505,0.0,0.0
11.049999999917116,0.8043821303386194,0.7670971976210677,0.0,401.75285213544765,440.43887904842694,0.016429860422407974,0.03202385925663838,0.0,0.0,1.0,1.0,9.790837516367466,4.194847045089882,13.224087340251566,5.705239159303701,9.790837516367466,4.194847045089882,0.0,0.0
11.058333333250328,0.8031504103271727,0.7659281107583946,0.0,401.26016413086893,439.9712443033577,0.016416054757029192,0.031997744322499425,0.0,0.0,1.0,1.0,9.796349996035863,4.194358393825355,13.224087340251565,5.70127856303149,9.796349996035863,4.194358393825355,0.0,0.0
11.06666666658354,0.801919725251671,0.764759947605261,0.0,400.76789010066824,439.5039790421043,0.016402262019761932,0.03197162871620604,0.0,0.0,1.0,1.0,9.80185739396401,4.193866166923017,13.224087340251549,5.697320716218578,9.80185739396401,4.193866166923017,0.0,0.0
11.074999999916752,0.8006900741576322,0.7635927091657703,0.0,400.2760296630528,439.037083666308,0.016388481810604594,0.03194551245858631,0.0,0.0,1.0,1.0,9.807359715322917,4.193370373402789,13.22408734025156,5.693365616956261,9.807359715322917,4.193370373402789,0.0,0.0
11.083333333249964,0.7994614561201194,0.7624263964129444,0.0,399.7845824480476,438.57055856517763,0.01637471374158291,0.0319193955698401,0.0,0.0,1.0,1.0,9.812856965136998,4.1928710222052095,13.224087340251547,5.689413263337212,9.812856965136998,4.1928710222052095,0.0,0.0
11.091666666583176,0.7982338702428531,0.7612610102896584,0.0,399.29354809714107,438.10440411586325,0.016360957436400588,0.031893278069557496,0.0,0.0,1.0,1.0,9.818349148288423,4.192368122193653,13.224087340251568,5.685463653455369,9.818349148288423,4.192368122193653,0.0,0.0
11.099999999916388,0.7970073156573465,0.7600965517095445,0.0,398.8029262629384,437.6386206838177,0.01634721253009951,0.03186715997673656,0.0,0.0,1.0,1.0,9.823836269521554,4.191861682156485,13.224087340251563,5.681516785406025,9.823836269521554,4.191861682156485,0.0,0.0
11.1083333332496,0.7957817915220687,0.7589330215578789,0.0,398.3127166088274,437.1732086231514,0.016333478668728016,0.03184104130980081,0.0,0.0,1.0,1.0,9.829318333446988,4.191351710809043,13.224087340251582,5.677572657285797,9.829318333446988,4.191351710809043,0.0,0.0
11.116666666582812,0.7945572970216311,0.7577704206924327,0.0,397.8229188086523,436.70816827697297,0.016319755509020286,0.03181492208661605,0.0,0.0,1.0,1.0,9.834795344545595,4.190838216795679,13.224087340251584,5.6736312671926115,9.834795344545595,4.190838216795679,0.0,0.0
11.124999999916025,0.7933338313659976,0.7566087499443038,0.0,397.3335325463989,436.2434999777214,0.0163060427180838,0.03178880232450673,0.0,0.0,1.0,1.0,9.840267307172661,4.190321208691686,13.224087340251582,5.669692613225747,9.840267307172661,4.190321208691686,0.0,0.0
11.133333333249237,0.7921113937897186,0.7554480101187274,0.0,396.84455751588735,435.77920404749085,0.016292339973094917,0.03176268204027202,0.0,0.0,1.0,1.0,9.845734225561515,4.189800695005241,13.224087340251609,5.665756693485757,9.845734225561515,4.189800695005241,0.0,0.0
11.141666666582449,0.7908899835511864,0.7542882019958547,0.0,396.3559934204744,435.31528079834175,0.016278646961004433,0.03173656125020115,0.0,0.0,1.0,1.0,9.851196103827322,4.189276684179129,13.224087340251595,5.661823506074515,9.851196103827322,4.189276684179129,0.0,0.0
11.14999999991566,0.7896695999319143,0.753129326331512,0.0,395.86783997276564,434.8517305326047,0.016264963378251097,0.03171043997008849,0.0,0.0,1.0,1.0,9.856652945970751,4.18874918459259,13.224087340251616,5.657893049095238,9.856652945970751,4.18874918459259,0.0,0.0
11.158333333248873,0.7884502422358342,0.7519713838579413,0.0,395.3800968943335,434.3885535431764,0.016251288930482284,0.031684318215248156,0.0,0.0,1.0,1.0,9.86210475588128,4.18821820456297,13.224087340251604,5.653965320652461,9.86210475588128,4.18821820456297,0.0,0.0
11.166666666582085,0.7872319097886152,0.7508143752845173,0.0,394.8927639154459,433.9257501138068,0.01623762333228261,0.03165819600052827,0.0,0.0,1.0,1.0,9.867551537340772,4.187683752347473,13.224087340251607,5.650040318852023,9.867551537340772,4.187683752347473,0.0,0.0
11.174999999915297,0.7860146019370056,0.7496583012984377,0.0,394.4058407748021,433.463320519375,0.01622396630691201,0.03163207334032467,0.0,0.0,1.0,1.0,9.872993294026676,4.187145836144686,13.224087340251614,5.646118041801072,9.872993294026676,4.187145836144686,0.0,0.0
11.183333333248509,0.7847983180481903,0.748503162565401,0.0,393.919327219276,433.00126502616024,0.01621031758604939,0.0316059502485943,0.0,0.0,1.0,1.0,9.87843002951535,4.186604464096203,13.224087340251613,5.642198487608103,9.87843002951535,4.186604464096203,0.0,0.0
11.191666666581721,0.7835830575091698,0.747348959730259,0.0,393.43322300366776,432.5395838921035,0.016196676909544364,0.03157982673886826,0.0,0.0,1.0,1.0,9.883861747284898,4.186059644288126,13.224087340251621,5.6382816543828564,9.883861747284898,4.186059644288126,0.0,0.0
11.199999999914933,0.7823688197261557,0.7461956934176555,0.0,392.94752789046214,432.07827736706207,0.016183044025175612,0.03155370282426444,0.0,0.0,1.0,1.0,9.889288450718563,4.185511384752552,13.224087340251604,5.634367540236463,9.889288450718563,4.185511384752552,0.0,0.0
11.208333333248145,0.781155604123986,0.7450433642326357,0.0,392.46224164959426,431.6173456930542,0.016169418688417397,0.031527578517499696,0.0,0.0,1.0,1.0,9.894710143107261,4.1849596934689375,13.224087340251607,5.630456143281305,9.894710143107261,4.1849596934689375,0.0,0.0
11.216666666581357,0.7799434101455547,0.7438919727612509,0.0,391.9773640582217,431.1567891045002,0.016155800662210597,0.03150145383090186,0.0,0.0,1.0,1.0,9.900126827652654,4.184404578365562,13.224087340251604,5.62654746163111,9.900126827652654,4.184404578365562,0.0,0.0
11.22499999991457,0.7787322372512613,0.7427415195711381,0.0,391.4928949005044,430.6966078284551,0.016142189716741362,0.03147532877642136,0.0,0.0,1.0,1.0,9.905538507469807,4.183846047320866,13.224087340251597,5.622641493400898,9.905538507469807,4.183846047320866,0.0,0.0
11.233333333247781,0.7775220849184772,0.7415920052120792,0.0,391.00883396739073,430.2368020848316,0.01612858562922779,0.0314492033656423,0.0,0.0,1.0,1.0,9.910945185589929,4.183284108164664,13.224087340251604,5.618738236707006,9.910945185589929,4.183284108164664,0.0,0.0
11.241666666580993,0.7763129526410237,0.7404434302165528,0.0,390.52518105640934,429.77737208662097,0.01611498818370908,0.03142307760979353,0.0,0.0,1.0,1.0,9.916346864962858,4.182718768679521,13.224087340251614,5.61483768966709,9.916346864962858,4.182718768679521,0.0,0.0
11.249999999914206,0.7751048399286666,0.739295795100257,0.0,390.0419359714665,429.31831804010267,0.016101397170844398,0.0313969515197591,0.0,0.0,1.0,1.0,9.921743548459672,4.182150036601918,13.224087340251591,5.610939850400085,9.921743548459672,4.182150036601918,0.0,0.0
11.258333333247418,0.7738977463066328,0.7381491003626328,0.0,389.559098522653,428.859640145053,0.01608781238771479,0.03137082510608871,0.0,0.0,1.0,1.0,9.92713523887507,4.181577919623426,13.224087340251577,5.607044717026255,9.92713523887507,4.181577919623426,0.0,0.0
11.26666666658063,0.77269167131513,0.7370033464873589,0.0,389.0766685260519,428.4013385949434,0.01607423363763187,0.031344698379007614,0.0,0.0,1.0,1.0,9.932521938929757,4.181002425391927,13.224087340251575,5.603152287667141,9.932521938929757,4.181002425391927,0.0,0.0
11.274999999913842,0.7714866145088901,0.7358585339428334,0.0,388.5946458035559,427.94341357713324,0.01606066072995306,0.03131857134842631,0.0,0.0,1.0,1.0,9.937903651272663,4.18042356151262,13.224087340251577,5.599262560445635,9.937903651272663,4.18042356151262,0.0,0.0
11.283333333247054,0.7702825754567215,0.7347146631826464,0.0,388.1130301826885,427.48586527305844,0.016047093479900677,0.03129244402394998,0.0,0.0,1.0,1.0,9.943280378483312,4.179841335549194,13.224087340251577,5.5953755334858855,9.943280378483312,4.179841335549194,0.0,0.0
11.291666666580266,0.7690795537410737,0.7335717346460379,0.0,387.6318214964294,427.028693858415,0.01603353170838547,0.03126631641488768,0.0,0.0,1.0,1.0,9.94865212307384,4.179255755024838,13.224087340251566,5.591491204913363,9.94865212307384,4.179255755024838,0.0,0.0
11.299999999913478,0.7678775489576226,0.7324297487583367,0.0,387.15101958304894,426.5718995033345,0.016019975241838284,0.03124018853026122,0.0,0.0,1.0,1.0,9.954018887491182,4.17866682742326,13.224087340251556,5.587609572854849,9.954018887491182,4.17866682742326,0.0,0.0
11.30833333324669,0.7666765607148569,0.7312887059313896,0.0,386.6706242859426,426.11548237255573,0.016006423912043797,0.031214060378813708,0.0,0.0,1.0,1.0,9.959380674119,4.17807456018973,13.224087340251566,5.583730635438397,9.959380674119,4.17807456018973,0.0,0.0
11.316666666579902,0.7654765886336867,0.7301486065639782,0.0,386.19063545347456,425.65944262559117,0.015992877555980674,0.031187931969017993,0.0,0.0,1.0,1.0,9.964737485279821,4.177478960731916,13.224087340251572,5.5798543907933915,9.964737485279821,4.177478960731916,0.0,0.0
11.324999999913114,0.7642776323470566,0.7290094510422231,0.0,385.7110529388225,425.2037804168891,0.01597933601566467,0.031161803309084794,0.0,0.0,1.0,1.0,9.970089323236754,4.176880036420921,13.224087340251584,5.575980837050496,9.970089323236754,4.176880036420921,0.0,0.0
11.333333333246326,0.7630796914995761,0.727871239739976,0.0,385.23187659983034,424.7484958959903,0.01596579913799807,0.031135674406970605,0.0,0.0,1.0,1.0,9.975436190195495,4.176277794592137,13.224087340251588,5.572109972341684,9.975436190195495,4.176277794592137,0.0,0.0
11.341666666579538,0.7618827657471576,0.7267339730191943,0.0,384.7531062988629,424.2935892076776,0.01595226677462347,0.031109545270385248,0.0,0.0,1.0,1.0,9.980778088306005,4.175672242546093,13.224087340251598,5.568241794800207,9.980778088306005,4.175672242546093,0.0,0.0
11.34999999991275,0.7606868547566668,0.7255976512303166,0.0,384.2747419026666,423.8390604921265,0.015938738781779854,0.031083415906799455,0.0,0.0,1.0,1.0,9.986115019664327,4.175063387549392,13.224087340251604,5.564376302560609,9.986115019664327,4.175063387549392,0.0,0.0
11.358333333245962,0.7594919582055819,0.724462274712613,0.0,383.7967832822326,423.3849098850451,0.015925215020165383,0.03105728632345195,0.0,0.0,1.0,1.0,9.991446986314237,4.174451236835405,13.224087340251591,5.560513493758774,9.991446986314237,4.174451236835405,0.0,0.0
11.366666666579174,0.7582980757816666,0.7233278437945403,0.0,383.3192303126665,422.931137517816,0.015911695354801376,0.03103115652735664,0.0,0.0,1.0,1.0,9.996773990248872,4.173835797605107,13.224087340251584,5.556653366531842,9.996773990248872,4.173835797605107,0.0,0.0
11.374999999912387,0.7571052071826494,0.7221943587940667,0.0,382.8420828730596,422.47774351762655,0.015898179654904185,0.03100502652530918,0.0,0.0,1.0,1.0,10.00209603341245,4.173217077027913,13.224087340251582,5.552795919018256,10.00209603341245,4.173217077027913,0.0,0.0
11.383333333245599,0.7559133521159115,0.7210618200190091,0.0,382.36534084636446,422.0247280076035,0.01588466779375551,0.0309788963238938,0.0,0.0,1.0,1.0,10.007413117701612,4.172595082242327,13.224087340251579,5.548941149357755,10.007413117701612,4.172595082242327,0.0,0.0
11.39166666657881,0.7547225102981905,0.7199302277673408,0.0,381.889004119276,421.5720911069362,0.01587115964858191,0.030952765929489583,0.0,0.0,1.0,1.0,10.012725244967017,4.171969820356768,13.224087340251584,5.545089055691356,10.012725244967017,4.171969820356768,0.0,0.0
11.399999999912023,0.7535326814552876,0.7187995823275006,0.0,381.4130725821149,421.11983293100013,0.01585765510043486,0.030926635348276672,0.0,0.0,1.0,1.0,10.018032417014808,4.171341298450137,13.224087340251598,5.541239636161364,10.018032417014808,4.171341298450137,0.0,0.0
11.408333333245235,0.7523438653217842,0.7176698839786932,0.0,380.9375461287135,420.66795359147716,0.015844154034073757,0.03090050458624244,0.0,0.0,1.0,1.0,10.023334635608018,4.170709523572627,13.224087340251598,5.537392888911404,10.023334635608018,4.170709523572627,0.0,0.0
11.416666666578447,0.7511560616407699,0.7165411329911696,0.0,380.4624246563078,420.21645319646774,0.015830656337855614,0.030874373649187152,0.0,0.0,1.0,1.0,10.028631902467875,4.170074502746269,13.224087340251625,5.533548812086367,10.028631902467875,4.170074502746269,0.0,0.0
11.424999999911659,0.7499692701635752,0.7154133296265146,0.0,379.98770806542996,419.7653318506057,0.01581716190362393,0.030848242542729803,0.0,0.0,1.0,1.0,10.03392421927508,4.16943624296567,13.224087340251629,5.529707403832435,10.03392421927508,4.16943624296567,0.0,0.0
11.433333333244871,0.7487834906495124,0.7142864741379136,0.0,379.51339625980484,419.3145896551653,0.01580367062660295,0.03082211127231361,0.0,0.0,1.0,1.0,10.03921158767129,4.168794751198571,13.224087340251659,5.525868662297056,10.03921158767129,4.168794751198571,0.0,0.0
11.441666666578083,0.7475987228656307,0.7131605667704161,0.0,379.03948914625215,418.8642267081663,0.015790182405296203,0.030795979843211314,0.0,0.0,1.0,1.0,10.044494009260172,4.168150034386467,13.224087340251648,5.522032585629009,10.044494009260172,4.168150034386467,0.0,0.0
11.449999999911295,0.74641496658647,0.7120356077611901,0.0,378.56598663458783,418.41424310447593,0.01577669714138543,0.030769848260530402,0.0,0.0,1.0,1.0,10.049771485608659,4.167502099445174,13.224087340251664,5.518199171978324,10.049771485608659,4.167502099445174,0.0,0.0
11.458333333244507,0.7452322215938283,0.7109115973397695,0.0,378.0928886375312,417.96463893590766,0.015763214739634573,0.03074371652921817,0.0,0.0,1.0,1.0,10.055044018248132,4.166850953265389,13.224087340251659,5.514368419496337,10.055044018248132,4.166850953265389,0.0,0.0
11.46666666657772,0.7440504876765321,0.7097885357282916,0.0,377.6201950706127,417.5154142913165,0.015749735107795322,0.030717584654066557,0.0,0.0,1.0,1.0,10.060311608675532,4.166196602713243,13.224087340251637,5.510540326335644,10.060311608675532,4.166196602713243,0.0,0.0
11.474999999910931,0.7428697646302191,0.7086664231417348,0.0,377.14790585208755,417.0665692566938,0.015736258156515734,0.03069145263971701,0.0,0.0,1.0,1.0,10.065574258354413,4.165539054630821,13.224087340251659,5.506714890650133,10.065574258354413,4.165539054630821,0.0,0.0
11.483333333244143,0.7416900522571199,0.7075452597881361,0.0,376.6760209028479,416.6181039152543,0.015722783799252467,0.030665320490664928,0.0,0.0,1.0,1.0,10.070831968716181,4.164878315836709,13.224087340251657,5.502892110594976,10.070831968716181,4.164878315836709,0.0,0.0
11.491666666577355,0.7405113503658542,0.7064250458688127,0.0,376.2045401463415,416.17001834752494,0.01570931195218462,0.030639188211264226,0.0,0.0,1.0,1.0,10.076084741160889,4.164214393126477,13.224087340251637,5.499071984326636,10.076084741160889,4.164214393126477,0.0,0.0
11.499999999910568,0.7393336587712269,0.7053057815785773,0.0,375.7334635084907,415.7223126314308,0.01569584253412921,0.03061305580573173,0.0,0.0,1.0,1.0,10.08133257705838,4.163547293273116,13.22408734025164,5.495254510002851,10.08133257705838,4.163547293273116,0.0,0.0
11.50833333324378,0.7381569772940377,0.7041874671059367,0.0,375.2627909176149,415.2749868423746,0.015682375466462686,0.03058692327815126,0.0,0.0,1.0,1.0,10.086575477749273,4.162877023027565,13.224087340251614,5.4914396857826135,10.086575477749273,4.162877023027565,0.0,0.0
11.516666666576992,0.7369813057608863,0.7030701026332945,0.0,374.7925223043544,414.8280410533177,0.015668910673040284,0.030560790632477776,0.0,0.0,1.0,1.0,10.091813444545751,4.1622035891190885,13.224087340251602,5.487627509826212,10.091813444545751,4.1622035891190885,0.0,0.0
11.524999999910204,0.7358066440039942,0.7019536883371399,0.0,374.32265760159754,414.38147533485585,0.015655448080121828,0.030534657872541292,0.0,0.0,1.0,1.0,10.097046478732647,4.161526998255808,13.224087340251602,5.483817980295233,10.097046478732647,4.161526998255808,0.0,0.0
11.533333333243416,0.7346329918610246,0.7008382243882418,0.0,373.85319674440973,413.9352897552966,0.01564198761629562,0.030508525002050847,0.0,0.0,1.0,1.0,10.10227458156823,4.160847257125029,13.224087340251584,5.4800110953524905,10.10227458156823,4.160847257125029,0.0,0.0
11.541666666576628,0.7334603491749123,0.699723710951822,0.0,373.3841396699648,413.48948438072864,0.01562852921240908,0.030482392024598078,0.0,0.0,1.0,1.0,10.10749775428507,4.1601643723937425,13.224087340251577,5.476206853162134,10.10749775428507,4.1601643723937425,0.0,0.0
11.54999999990984,0.7322887157936935,0.6986101481877304,0.0,372.91548631747725,413.044059275092,0.015615072801498531,0.030456258943660816,0.0,0.0,1.0,1.0,10.112715998090833,4.159478350708996,13.224087340251577,5.472405251889535,10.112715998090833,4.159478350708996,0.0,0.0
11.558333333243052,0.7311180915703477,0.6974975362506227,0.0,372.44723662813897,412.599014500249,0.015601618318720666,0.030430125762606765,0.0,0.0,1.0,1.0,10.11792931416917,4.158789198698221,13.224087340251554,5.46860628970136,10.11792931416917,4.158789198698221,0.0,0.0
11.566666666576264,0.7299484763626407,0.6963858752901212,0.0,371.97939054505616,412.15435011604836,0.015588165701288233,0.03040399248469685,0.0,0.0,1.0,1.0,10.123137703680506,4.158096922969654,13.22408734025156,5.464809964765561,10.123137703680506,4.158096922969654,0.0,0.0
11.574999999909476,0.7287798700329711,0.6952751654509698,0.0,371.5119480131883,411.7100661803878,0.015574714888406989,0.030377859113088344,0.0,0.0,1.0,1.0,10.12834116776259,4.15740153011274,13.224087340251572,5.46101627525134,10.12834116776259,4.15740153011274,0.0,0.0
11.583333333242688,0.7276122724482238,0.6941654068731956,0.0,371.0449089792894,411.2661627492781,0.0155612658212128,0.030351725650838296,0.0,0.0,1.0,1.0,10.13353970753145,4.1567030266983735,13.224087340251563,5.457225219329186,10.13353970753145,4.1567030266983735,0.0,0.0
11.5916666665759,0.726445683479628,0.6930565996922541,0.0,370.57827339185104,410.8226398769015,0.015547818442713458,0.030325592100906476,0.0,0.0,1.0,1.0,10.138733324082063,4.156001419279392,13.224087340251579,5.45343679517084,10.138733324082063,4.156001419279392,0.0,0.0
11.599999999909112,0.72528010300262,0.6919487440391803,0.0,370.1120412010479,410.379497615672,0.015534372697729237,0.030299458466158537,0.0,0.0,1.0,1.0,10.143922018488965,4.155296714390763,13.224087340251579,5.449651000949308,10.143922018488965,4.155296714390763,0.0,0.0
11.608333333242324,0.7241155308967067,0.690841840040723,0.0,369.64621235868253,409.9367360162891,0.015520928532837845,0.030273324749368793,0.0,0.0,1.0,1.0,10.149105791806889,4.154588918549967,13.224087340251579,5.445867834838895,10.149105791806889,4.154588918549967,0.0,0.0
11.616666666575536,0.722951967045337,0.6897358878194825,0.0,369.18078681813466,409.49435512779286,0.01550748589632013,0.030247190953223053,0.0,0.0,1.0,1.0,10.15428464507151,4.153878038257309,13.22408734025159,5.442087295015175,10.15428464507151,4.153878038257309,0.0,0.0
11.624999999908749,0.7217894113357775,0.6886308874940468,0.0,368.71576453431084,409.0523549976186,0.015494044738106179,0.03022105708032148,0.0,0.0,1.0,1.0,10.159458579300052,4.153164079996187,13.224087340251607,5.438309379654953,10.159458579300052,4.153164079996187,0.0,0.0
11.63333333324196,0.7206278636589876,0.6875268391791172,0.0,368.25114546359487,408.61073567164675,0.01548060500972441,0.0301949231331812,0.0,0.0,1.0,1.0,10.164627595491874,4.152447050233453,13.224087340251591,5.434534086936306,10.164627595491874,4.152447050233453,0.0,0.0
11.641666666575173,0.7194673239095059,0.6864237429856325,0.0,367.78692956380223,408.16949719425287,0.015467166664252678,0.030168789114238877,0.0,0.0,1.0,1.0,10.169791694628971,4.151726955419605,13.224087340251579,5.430761415038614,10.169791694628971,4.151726955419605,0.0,0.0
11.649999999908385,0.7183077919853325,0.6853215990208857,0.0,367.32311679413283,407.7286396083542,0.01545372965627013,0.030142655025853123,0.0,0.0,1.0,1.0,10.174950877676723,4.15100380198916,13.224087340251582,5.426991362142484,10.174950877676723,4.15100380198916,0.0,0.0
11.658333333241597,0.7171492677878185,0.6842204073886493,0.0,366.85970711512726,407.2881629554596,0.015440293941808566,0.030116520870307154,0.0,0.0,1.0,1.0,10.18010514558423,4.150277596360803,13.224087340251582,5.4232239264297935,10.18010514558423,4.150277596360803,0.0,0.0
11.666666666574809,0.7159917512215598,0.6831201681892811,0.0,366.39670048862376,406.8480672757123,0.015426859478309117,0.030090386649810952,0.0,0.0,1.0,1.0,10.185254499285048,4.149548344937755,13.224087340251613,5.419459106083683,10.185254499285048,4.149548344937755,0.0,0.0
11.674999999908021,0.7148352421942934,0.6820208815198344,0.0,365.93409687771725,406.40835260793364,0.015413426224578048,0.03006425236650362,0.0,0.0,1.0,1.0,10.190398939697562,4.148816054107939,13.22408734025159,5.4156968992885455,10.190398939697562,4.148816054107939,0.0,0.0
11.683333333241233,0.7136797406167942,0.6809225474741678,0.0,365.4718962467175,405.969018989667,0.015399994140742604,0.03003811802245561,0.0,0.0,1.0,1.0,10.19553846772556,4.148080730244241,13.224087340251604,5.411937304230067,10.19553846772556,4.148080730244241,0.0,0.0
11.691666666574445,0.7125252464027803,0.6798251661430423,0.0,365.01009856111193,405.53006645721683,0.015386563188212032,0.030011983619670803,0.0,0.0,1.0,1.0,10.2006730842587,4.147342379704794,13.224087340251565,5.408180319095169,10.2006730842587,4.147342379704794,0.0,0.0
11.699999999907657,0.7113717594688161,0.6787287376142238,0.0,364.5487037875263,405.0914950456894,0.015373133329635979,0.029985849160088632,0.0,0.0,1.0,1.0,10.205802790172934,4.14660100883313,13.224087340251582,5.404425942072023,10.205802790172934,4.14660100883313,0.0,0.0
11.70833333324087,0.7102192797342228,0.6776332619725812,0.0,364.08771189368895,404.65330478903235,0.015359704528865587,0.02995971464558616,0.0,0.0,1.0,1.0,10.210927586331058,4.14585662395848,13.224087340251563,5.4006741713500706,10.210927586331058,4.14585662395848,0.0,0.0
11.716666666574081,0.7090678071209879,0.676538739300176,0.0,363.627122848395,404.2154957200703,0.01534627675091656,0.02993358007797993,0.0,0.0,1.0,1.0,10.216047473583005,4.145109231395901,13.224087340251575,5.396925005120018,10.216047473583005,4.145109231395901,0.0,0.0
11.724999999907293,0.7079173415536825,0.6754451696763547,0.0,363.1669366214728,403.77806787054175,0.015332849961933074,0.02990744545902791,0.0,0.0,1.0,1.0,10.221162452766475,4.144358837446523,13.224087340251563,5.393178441573811,10.221162452766475,4.144358837446523,0.0,0.0
11.733333333240505,0.706767882959372,0.6743525531778402,0.0,362.7071531837487,403.34102127113596,0.015319424129149608,0.029881310790431444,0.0,0.0,1.0,1.0,10.226272524707099,4.14360544839777,13.224087340251563,5.389434478904644,10.226272524707099,4.14360544839777,0.0,0.0
11.741666666573717,0.705619431267541,0.6732608898788053,0.0,362.24777250701624,402.904355951522,0.015305999220860851,0.029855176073836753,0.0,0.0,1.0,1.0,10.231377690219073,4.142849070523535,13.224087340251572,5.385693115307002,10.231377690219073,4.142849070523535,0.0,0.0
11.74999999990693,0.7044719864100135,0.6721701798509683,0.0,361.78879456400523,402.4680719403872,0.015292575206384891,0.02982904131083698,0.0,0.0,1.0,1.0,10.236477950105483,4.1420897100843606,13.224087340251586,5.381954348976597,10.236477950105483,4.1420897100843606,0.0,0.0
11.758333333240142,0.703325548320876,0.6710804231636636,0.0,361.33021932835027,402.0321692654653,0.015279152056032762,0.029802906502973663,0.0,0.0,1.0,1.0,10.241573305158509,4.1413273733275995,13.22408734025159,5.378218178110378,10.241573305158509,4.1413273733275995,0.0,0.0
11.766666666573354,0.702180116936407,0.6699916198839209,0.0,360.8720467745627,401.5966479535682,0.015265729741077101,0.02977677165173839,0.0,0.0,1.0,1.0,10.246663756159988,4.14056206648765,13.224087340251579,5.374484600906585,10.246663756159988,4.14056206648765,0.0,0.0
11.774999999906566,0.7010356921950027,0.6689037700765434,0.0,360.4142768780009,401.16150803061726,0.015252308233720535,0.0297506367585745,0.0,0.0,1.0,1.0,10.251749303881727,4.139793795786069,13.224087340251595,5.37075361556467,10.251749303881727,4.139793795786069,0.0,0.0
11.783333333239778,0.6998922740371117,0.6678168738041736,0.0,359.95690961484456,400.7267495216693,0.01523888750706851,0.0297245018248784,0.0,0.0,1.0,1.0,10.256829949085777,4.139022567431785,13.224087340251577,5.3670252202853685,10.256829949085777,4.139022567431785,0.0,0.0
11.79166666657299,0.6987498624051645,0.66673093112737,0.0,359.4999449620656,400.2923724509479,0.015225467535098175,0.029698366852001244,0.0,0.0,1.0,1.0,10.261905692524806,4.138248387621202,13.224087340251549,5.363299413270667,10.261905692524806,4.138248387621202,0.0,0.0
11.799999999906202,0.6976084572435125,0.6656459421046715,0.0,359.04338289740485,399.8583768418685,0.015212048292632679,0.029672231841250268,0.0,0.0,1.0,1.0,10.266976534942378,4.1374712625384245,13.22408734025155,5.359576192723759,10.266976534942378,4.1374712625384245,0.0,0.0
11.808333333239414,0.6964680584983639,0.6645619067926587,0.0,358.5872233993454,399.42476271706335,0.015198629755314556,0.029646096793890096,0.0,0.0,1.0,1.0,10.27204247707345,4.1366911983553605,13.22408734025152,5.355855556849115,10.27204247707345,4.1366911983553605,0.0,0.0
11.816666666572626,0.6953286661177245,0.6634788252460262,0.0,358.1314664470896,398.99153009841035,0.015185211899578499,0.029619961711144283,0.0,0.0,1.0,1.0,10.277103519644324,4.135908201231891,13.22408734025152,5.352137503852452,10.277103519644324,4.135908201231891,0.0,0.0
11.824999999905838,0.6941902800513386,0.6623966975176412,0.0,357.67611202053536,398.55867900705636,0.015171794702626706,0.029593826594196525,0.0,0.0,1.0,1.0,10.282159663373175,4.135122277315939,13.224087340251504,5.348422031940722,10.282159663373175,4.135122277315939,0.0,0.0
11.83333333323905,0.6930529002506318,0.6613155236585996,0.0,357.2211601002526,398.1262094634397,0.015158378142404927,0.029567691444191888,0.0,0.0,1.0,1.0,10.287210908970417,4.134333432743767,13.224087340251502,5.344709139322119,10.287210908970417,4.134333432743767,0.0,0.0
11.841666666572262,0.6919165266686562,0.6602353037182835,0.0,356.7666106674624,397.6941214873133,0.015144962197579236,0.029541556262237992,0.0,0.0,1.0,1.0,10.292257257138747,4.133541673639919,13.224087340251515,5.340998824206091,10.292257257138747,4.133541673639919,0.0,0.0
11.849999999905474,0.6907811592600381,0.6591560377444257,0.0,356.31246370401516,397.26241509777014,0.015131546847511118,0.02951542104940643,0.0,0.0,1.0,1.0,10.297298708573514,4.132747006117492,13.224087340251554,5.337291084803338,10.297298708573514,4.132747006117492,0.0,0.0
11.858333333238686,0.6896467979809259,0.6580777257831548,0.0,355.85871919237024,396.8310903132618,0.015118132072237386,0.029489285806733694,0.0,0.0,1.0,1.0,10.302335263962949,4.131949436278217,13.224087340251534,5.3335859193257935,10.302335263962949,4.131949436278217,0.0,0.0
11.866666666571899,0.6885134427889399,0.6570003678790479,0.0,355.4053771155758,396.400147151619,0.015104717852448542,0.029463150535222284,0.0,0.0,1.0,1.0,10.307366923988532,4.131148970212551,13.22408734025154,5.329883325986618,10.307366923988532,4.131148970212551,0.0,0.0
11.87499999990511,0.6873810936431266,0.6559239640751877,0.0,354.95243745725054,395.96958563007496,0.015091304169466852,0.02943701523584197,0.0,0.0,1.0,1.0,10.312393689324992,4.130345613999821,13.22408734025154,5.32618330300024,10.312393689324992,4.130345613999821,0.0,0.0
11.883333333238323,0.686249750503908,0.6548485144132057,0.0,354.49990020156304,395.53940576528214,0.01507789100522685,0.02941087990953069,0.0,0.0,1.0,1.0,10.317415560640772,4.129539373708344,13.22408734025154,5.322485848582289,10.317415560640772,4.129539373708344,0.0,0.0
11.891666666571535,0.68511941333304,0.6537740189333304,0.0,354.0477653332159,395.109607573332,0.015064478342256358,0.02938474455719555,0.0,0.0,1.0,1.0,10.322432538598122,4.1287302553955305,13.22408734025154,5.3187909609496895,10.322432538598122,4.1287302553955305,0.0,0.0
11.899999999904747,0.6839900820935663,0.652700477674437,0.0,353.5960328374264,394.68019106977465,0.015051066163655978,0.029358609179713963,0.0,0.0,1.0,1.0,10.327444623853337,4.127918265108018,13.22408734025154,5.315098638320541,10.327444623853337,4.127918265108018,0.0,0.0
11.908333333237959,0.6828617567497769,0.6516278906740898,0.0,353.1447026999106,394.25115626963577,0.01503765445308179,0.029332473777934475,0.0,0.0,1.0,1.0,10.33245181705709,4.12710340888167,13.22408734025154,5.311408878914213,10.33245181705709,4.12710340888167,0.0,0.0
11.916666666571171,0.6817344372671698,0.6505562579685821,0.0,352.69377490686776,393.8225031874327,0.015024243194728726,0.02930633835267766,0.0,0.0,1.0,1.0,10.337454118854364,4.12628569274183,13.22408734025154,5.307721680951312,10.337454118854364,4.12628569274183,0.0,0.0
11.924999999904383,0.6806081236124044,0.6494855795929861,0.0,352.24324944496163,393.39423183719435,0.01501083237330966,0.029280202904737207,0.0,0.0,1.0,1.0,10.342451529884904,4.125465122703306,13.22408734025154,5.30403704265368,10.342451529884904,4.125465122703306,0.0,0.0
11.933333333237595,0.679482815753272,0.6484158555811821,0.0,351.7931263013087,392.9663422324727,0.014997421974043964,0.02925406743488048,0.0,0.0,1.0,1.0,10.347444050783261,4.1246417047705055,13.22408734025154,5.300354962244397,10.347444050783261,4.1246417047705055,0.0,0.0
11.941666666570807,0.6783585136586506,0.6473470859659094,0.0,351.3434054634601,392.53883438636365,0.014984011982635955,0.029227931943849716,0.0,0.0,1.0,1.0,10.352431682179091,4.123815444937554,13.22408734025154,5.296675437947745,10.352431682179091,4.123815444937554,0.0,0.0
11.94999999990402,0.6772352172984752,0.6462792707787909,0.0,350.89408691938996,392.1117083115162,0.014970602385264474,0.029201796432362426,0.0,0.0,1.0,1.0,10.357414424697252,4.122986349188327,13.22408734025154,5.292998467989274,10.357414424697252,4.122986349188327,0.0,0.0
11.958333333237231,0.6761129266436967,0.6452124100503843,0.0,350.44517065747857,391.6849640201536,0.01495719316856234,0.029175660901112614,0.0,0.0,1.0,1.0,10.362392278958001,4.122154423496602,13.22408734025154,5.289324050595761,10.362392278958001,4.122154423496602,0.0,0.0
11.966666666570443,0.674991641666255,0.6441465038102073,0.0,349.99665666650185,391.2586015240828,0.014943784319605977,0.029149525350771234,0.0,0.0,1.0,1.0,10.367365245577119,4.1213196738260605,13.22408734025154,5.285652183995188,10.367365245577119,4.1213196738260605,0.0,0.0
11.974999999903655,0.6738713623390431,0.6430815520867741,0.0,349.5485449356171,390.83262083470953,0.014930375825899667,0.02912338978198704,0.0,0.0,1.0,1.0,10.372333325166123,4.120482106130446,13.22408734025154,5.281982866416799,10.372333325166123,4.120482106130446,0.0,0.0
11.983333333236867,0.672752088635872,0.6420175549076317,0.0,349.1008354543486,390.40702196305256,0.014916967675360488,0.02909725419538732,0.0,0.0,1.0,1.0,10.377296518332464,4.119641726353603,13.22408734025154,5.278316096091068,10.377296518332464,4.119641726353603,0.0,0.0
11.99166666657008,0.6716338205314476,0.6409545122993887,0.0,348.65352821257886,389.98180491975535,0.014903559856306984,0.02907111859157855,0.0,0.0,1.0,1.0,10.382254825679574,4.118798540429573,13.22408734025154,5.27465187124966,10.382254825679574,4.118798540429573,0.0,0.0
11.999999999903292,0.6705165580013358,0.6398924242877486,0.0,348.2066232005342,389.55696971509934,0.014890152357445056,0.029044982971147097,0.0,0.0,1.0,1.0,10.387208247807038,4.11795255428267,13.22408734025154,5.270990190125489,10.387208247807038,4.11795255428267,0.0,0.0
12.008333333236505,0.6694003010219352,0.6388312908975372,0.0,347.7601204087739,389.13251635901474,0.014876745167855913,0.029018847334659814,0.0,0.0,1.0,1.0,10.392156785310867,4.11710377382751,13.22408734025154,5.267331050952717,10.392156785310867,4.11710377382751,0.0,0.0
12.016666666569717,0.6682850495704503,0.6377711121527343,0.0,347.31401982818,388.7084448610936,0.014863338276983672,0.028992711682664738,0.0,0.0,1.0,1.0,10.397100438783426,4.116252204969157,13.22408734025154,5.263674451966688,10.397100438783426,4.116252204969157,0.0,0.0
12.02499999990293,0.6671708036248623,0.6367118880765,0.0,346.8683214499448,388.2847552305999,0.01484993167462356,0.028966576015691636,0.0,0.0,1.0,1.0,10.402039208813637,4.115397853603141,13.22408734025154,5.260020391404021,10.402039208813637,4.115397853603141,0.0,0.0
12.033333333236142,0.6660575631639066,0.6356536186912045,0.0,346.4230252655625,387.86144747648166,0.0148365253509107,0.028940440334252686,0.0,0.0,1.0,1.0,10.406973095987315,4.11454072561551,13.22408734025154,5.25636886750252,10.406973095987315,4.11454072561551,0.0,0.0
12.041666666569354,0.6649453281670459,0.6345963040184506,0.0,345.9781312668182,387.4385216073801,0.014823119296309504,0.028914304638842925,0.0,0.0,1.0,1.0,10.41190210088692,4.11368082688292,13.22408734025154,5.252719878501235,10.41190210088692,4.11368082688292,0.0,0.0
12.049999999902566,0.663834098614444,0.6335399440791025,0.0,345.53363944577745,387.0159776316409,0.014809713501601611,0.02888816892994091,0.0,0.0,1.0,1.0,10.416826224091981,4.112818163272719,13.22408734025154,5.249073422640426,10.416826224091981,4.112818163272719,0.0,0.0
12.058333333235778,0.6627238744869477,0.632484538893311,0.0,345.0895497947789,386.5938155573243,0.014796307957877269,0.028862033208009244,0.0,0.0,1.0,1.0,10.421745466179122,4.111952740642977,13.22408734025154,5.245429498161583,10.421745466179122,4.111952740642977,0.0,0.0
12.06666666656899,0.6616146557660585,0.6314300884805334,0.0,344.6458623064233,386.1720353922132,0.014782902656524214,0.028835897473495013,0.0,0.0,1.0,1.0,10.426659827722117,4.111084564842518,13.22408734025154,5.241788103307405,10.426659827722117,4.111084564842518,0.0,0.0
12.074999999902202,0.6605064424339142,0.6303765928595595,0.0,344.20257697356556,385.7506371438237,0.014769497589218568,0.028809761726830366,0.0,0.0,1.0,1.0,10.431569309292062,4.110213641711095,13.22408734025154,5.238149236321823,10.431569309292062,4.110213641711095,0.0,0.0
12.083333333235414,0.6593992344732651,0.6293240520485341,0.0,343.7596937893059,385.32962081941355,0.014756092747914744,0.028783625968432994,0.0,0.0,1.0,1.0,10.43647391145742,4.109339977079255,13.22408734025154,5.23451289544997,10.43647391145742,4.109339977079255,0.0,0.0
12.091666666568626,0.6582930318674549,0.6282724660649779,0.0,343.31721274698185,384.90898642599103,0.014742688124836891,0.02875749019870657,0.0,0.0,1.0,1.0,10.4413736347842,4.108463576768586,13.22408734025154,5.230879078938223,10.4413736347842,4.108463576768586,0.0,0.0
12.099999999901838,0.6571878346004014,0.6272218349258084,0.0,342.8751338401604,384.4887339703232,0.014729283712470028,0.02873135441804124,0.0,0.0,1.0,1.0,10.44626847983605,4.107584446591647,13.22408734025154,5.227247785034152,10.44626847983605,4.107584446591647,0.0,0.0
12.10833333323505,0.6560836426565757,0.6261721586473606,0.0,342.43345706263017,384.0688634589442,0.014715879503551408,0.02870521862681408,0.0,0.0,1.0,1.0,10.451158447174231,4.1067025923520495,13.22408734025154,5.223619011986552,10.451158447174231,4.1067025923520495,0.0,0.0
12.116666666568262,0.6549804560209851,0.6251234372454065,0.0,341.9921824083939,383.6493748981625,0.014702475491062284,0.028679082825389442,0.0,0.0,1.0,1.0,10.456043537357884,4.105818019844534,13.22408734025154,5.219992758045453,10.456043537357884,4.105818019844534,0.0,0.0
12.124999999901474,0.653878274679154,0.6240756707351717,0.0,341.5513098716615,383.23026829406854,0.014689071668220473,0.028652947014119433,0.0,0.0,1.0,1.0,10.46092375094398,4.1049307348549915,13.22408734025154,5.216369021462087,10.46092375094398,4.1049307348549915,0.0,0.0
12.133333333234686,0.6527770986171072,0.6230288591313581,0.0,341.11083944684276,382.81154365254315,0.014675668028471516,0.028626811193344336,0.0,0.0,1.0,1.0,10.465799088487527,4.104040743160506,13.22408734025154,5.212747800488856,10.465799088487527,4.104040743160506,0.0,0.0
12.141666666567899,0.6516769278213523,0.621983002448158,0.0,340.6707711285408,382.39320097926304,0.014662264565482213,0.028600675363392926,0.0,0.0,1.0,1.0,10.470669550541528,4.1031480505294295,13.22408734025154,5.209129093379448,10.470669550541528,4.1031480505294295,0.0,0.0
12.14999999990111,0.6505777622788629,0.6209381006992724,0.0,340.231104911545,381.9752402797088,0.01464886127313244,0.02857453952458292,0.0,0.0,1.0,1.0,10.475535137657102,4.1022526627213916,13.22408734025154,5.205512898388727,10.475535137657102,4.1022526627213916,0.0,0.0
12.158333333234323,0.6494796019770666,0.61989415389793,0.0,339.7918407908264,381.5576615591719,0.014635458145509109,0.028548403677221335,0.0,0.0,1.0,1.0,10.4803958503837,4.101354585487418,13.22408734025154,5.201899213772772,10.4803958503837,4.101354585487418,0.0,0.0
12.166666666567535,0.648382446903824,0.6188511620568982,0.0,339.35297876152947,381.1404648227591,0.014622055176898742,0.028522267821604764,0.0,0.0,1.0,1.0,10.485251689268923,4.100453824569828,13.22408734025154,5.198288037788878,10.485251689268923,4.100453824569828,0.0,0.0
12.174999999900747,0.6472862970474184,0.6178091251885018,0.0,338.91451881896717,380.72365007540066,0.014608652361781148,0.02849613195801977,0.0,0.0,1.0,1.0,10.490102654858848,4.099550385702412,13.22408734025154,5.194679368695537,10.490102654858848,4.099550385702412,0.0,0.0
12.183333333233959,0.6461911523965387,0.6167680433046396,0.0,338.47646095861535,380.3072173218557,0.014595249694822404,0.028469996086743277,0.0,0.0,1.0,1.0,10.49494874769792,4.09864427461039,13.22408734025154,5.191073204752461,10.49494874769792,4.09864427461039,0.0,0.0
12.191666666567171,0.6450970129402679,0.6157279164167949,0.0,338.038805176107,379.89116656671786,0.014581847170869758,0.028443860208042793,0.0,0.0,1.0,1.0,10.499789968329107,4.09773549701053,13.22408734025154,5.18746954422055,10.499789968329107,4.09773549701053,0.0,0.0
12.199999999900383,0.6440038786680704,0.6146887445360507,0.0,337.601551467228,379.4754978144202,0.01456844478494573,0.028417724322176707,0.0,0.0,1.0,1.0,10.504626317293958,4.096824058611105,13.22408734025154,5.183868385361928,10.504626317293958,4.096824058611105,0.0,0.0
12.208333333233595,0.6429117495697751,0.6136505276731056,0.0,337.1646998279099,379.0602110692421,0.01455504253224097,0.028391588429394703,0.0,0.0,1.0,1.0,10.50945779513267,4.095909965111952,13.22408734025154,5.180269726439941,10.50945779513267,4.095909965111952,0.0,0.0
12.216666666566807,0.6418206256355672,0.6126132658382857,0.0,336.72825025422674,378.64530633531416,0.014541640408109598,0.02836545252993799,0.0,0.0,1.0,1.0,10.514284402384131,4.094993222204541,13.22408734025154,5.176673565719115,10.514284402384131,4.094993222204541,0.0,0.0
12.22499999990002,0.6407305068559728,0.6115769590415554,0.0,336.29220274238895,378.23078361662203,0.014528238408063866,0.028339316624039525,0.0,0.0,1.0,1.0,10.5191061395859,4.094073835571979,13.22408734025154,5.173079901465199,10.5191061395859,4.094073835571979,0.0,0.0
12.233333333233231,0.6396413932218492,0.6105416072925314,0.0,335.8565572887395,377.8166429170124,0.014514836527768646,0.028313180711924353,0.0,0.0,1.0,1.0,10.523923007274462,4.093151810889076,13.22408734025154,5.169488731945128,10.523923007274462,4.093151810889076,0.0,0.0
12.241666666566443,0.6385532847243747,0.6095072106004945,0.0,335.42131388974974,377.4028842401977,0.014501434763036739,0.028287044793809876,0.0,0.0,1.0,1.0,10.52873500598517,4.092227153822306,13.22408734025154,5.165900055427062,10.52873500598517,4.092227153822306,0.0,0.0
12.249999999899655,0.637466181355034,0.608473768974402,0.0,334.9864725420135,376.9895075897607,0.014488033109823023,0.02826090886990608,0.0,0.0,1.0,1.0,10.533542136252214,4.09129987002993,13.22408734025154,5.162313870180339,10.533542136252214,4.09129987002993,0.0,0.0
12.258333333232867,0.6363800831056113,0.6074412824228947,0.0,334.5520332422444,376.57651296915776,0.01447463156422123,0.028234772940415754,0.0,0.0,1.0,1.0,10.538344398608844,4.090369965161963,13.22408734025154,5.15873017447551,10.538344398608844,4.090369965161963,0.0,0.0
12.26666666656608,0.6352949899681788,0.6064097509543132,0.0,334.11799598727134,376.16390038172517,0.01446123012245803,0.02820863700553478,0.0,0.0,1.0,1.0,10.54314179358731,4.089437444860242,13.22408734025154,5.15514896658433,10.54314179358731,4.089437444860242,0.0,0.0
12.274999999899292,0.6342109019350861,0.6053791745767043,0.0,333.6843607740343,375.75166983068164,0.014447828780889144,0.02818250106545236,0.0,0.0,1.0,1.0,10.547934321718898,4.088502314758414,13.22408734025154,5.151570244779759,10.547934321718898,4.088502314758414,0.0,0.0
12.283333333232504,0.6331278189989524,0.604349553297833,0.0,333.25112759958085,375.3398213191331,0.01443442753599508,0.028156365120351207,0.0,0.0,1.0,1.0,10.552721983534125,4.087564580482024,13.22408734025154,5.147994007335932,10.552721983534125,4.087564580482024,0.0,0.0
12.291666666565716,0.6320457411526551,0.6033208871251907,0.0,332.8182964610619,374.9283548500762,0.014421026384376671,0.028130229170407767,0.0,0.0,1.0,1.0,10.557504779562594,4.086624247648486,13.22408734025154,5.144420252528196,10.557504779562594,4.086624247648486,0.0,0.0
12.299999999898928,0.6309646683893233,0.6022931760660064,0.0,332.38586735572915,374.51727042640243,0.014407625322751392,0.02810409321579248,0.0,0.0,1.0,1.0,10.562282710333134,4.08568132186717,13.22408734025154,5.140848978633114,10.562282710333134,4.08568132186717,0.0,0.0
12.30833333323214,0.6298846007023262,0.601266420127253,0.0,331.95384028093036,374.10656805090105,0.014394224347949302,0.028077957256669884,0.0,0.0,1.0,1.0,10.567055776373854,4.084735808739355,13.22408734025154,5.13728018392842,10.567055776373854,4.084735808739355,0.0,0.0
12.316666666565352,0.6288055380852694,0.6002406193156583,0.0,331.52221523410765,373.6962477262632,0.01438082345690963,0.02805182129319889,0.0,0.0,1.0,1.0,10.571823978212155,4.083787713858337,13.22408734025154,5.133713866693053,10.571823978212155,4.083787713858337,0.0,0.0
12.324999999898564,0.6277274805319824,0.599215773637713,0.0,331.0909922127928,373.2863094550851,0.014367422646676675,0.028025685325532932,0.0,0.0,1.0,1.0,10.576587316374816,4.082837042809369,13.22408734025154,5.130150025207141,10.576587316374816,4.082837042809369,0.0,0.0
12.333333333231776,0.6266504280365122,0.598191883099679,0.0,330.6601712146047,372.87675323987145,0.014354021914396008,0.027999549353820204,0.0,0.0,1.0,1.0,10.581345791387912,4.081883801169771,13.22408734025154,5.126588657752002,10.581345791387912,4.081883801169771,0.0,0.0
12.341666666564988,0.6255743805931167,0.5971689477075967,0.0,330.22975223724654,372.4675790830386,0.014340621257311753,0.027973413378203763,0.0,0.0,1.0,1.0,10.586099403777034,4.080927994508885,13.22408734025154,5.123029762610172,10.586099403777034,4.080927994508885,0.0,0.0
12.3499999998982,0.6244993381962576,0.596146967467292,0.0,329.7997352785029,372.0587869869167,0.014327220672763435,0.02794727739882174,0.0,0.0,1.0,1.0,10.590848154067167,4.079969628388163,13.22408734025154,5.119473338065354,10.590848154067167,4.079969628388163,0.0,0.0
12.358333333231412,0.6234253008405918,0.5951259423843854,0.0,329.3701203362366,371.65037695375406,0.01431382015818195,0.027921141415807496,0.0,0.0,1.0,1.0,10.595592042782812,4.079008708361122,13.22408734025154,5.1159193824024465,10.595592042782812,4.079008708361122,0.0,0.0
12.366666666564624,0.6223522685209644,0.594105872464298,0.0,328.9409074083856,371.2423489857191,0.01430041971108664,0.027895005429289806,0.0,0.0,1.0,1.0,10.600331070447945,4.078045239973423,13.22408734025154,5.112367893907566,10.600331070447945,4.078045239973423,0.0,0.0
12.374999999897836,0.6212802412324056,0.5930867577122593,0.0,328.5120964929621,370.8347030849036,0.014287019329083012,0.027868869439392988,0.0,0.0,1.0,1.0,10.60506523758613,4.077079228762875,13.22408734025154,5.108818870867953,10.60506523758613,4.077079228762875,0.0,0.0
12.383333333231048,0.6202092189701205,0.5920685981333125,0.0,328.08368758804806,370.4274392533249,0.014273619009859233,0.027842733446237056,0.0,0.0,1.0,1.0,10.609794544720582,4.076110680259439,13.22408734025154,5.105272311572123,10.609794544720582,4.076110680259439,0.0,0.0
12.39166666656426,0.6191392017294853,0.5910513937323215,0.0,327.655680691794,370.0205574929285,0.014260218751183601,0.027816597449937863,0.0,0.0,1.0,1.0,10.614518992374029,4.07513959998529,13.224087340251538,5.101728214309738,10.614518992374029,4.07513959998529,0.0,0.0
12.399999999897473,0.6180701895060402,0.5900351445139778,0.0,327.2280758024159,369.61405780559096,0.014246818550901656,0.02779046145060726,0.0,0.0,1.0,1.0,10.619238581068979,4.074165993454771,13.224087340251538,5.098186577371601,10.619238581068979,4.074165993454771,0.0,0.0
12.408333333230685,0.6170021822954848,0.5890198504828048,0.0,326.8008729181937,369.2079401931218,0.01423341840693396,0.027764325448353187,0.0,0.0,1.0,1.0,10.623953311327465,4.073189866174494,13.224087340251542,5.0946473990498005,10.623953311327465,4.073189866174494,0.0,0.0
12.416666666563897,0.6159351800936713,0.5880055116431651,0.0,326.3740720374684,368.8022046572659,0.014220018317273262,0.027738189443279854,0.0,0.0,1.0,1.0,10.628663183671277,4.072211223643301,13.224087340251534,5.09111067763752,10.628663183671277,4.072211223643301,0.0,0.0
12.424999999897109,0.6148691828966004,0.5869921279992664,0.0,325.94767315864,368.3968511997064,0.014206618279981814,0.027712053435487854,0.0,0.0,1.0,1.0,10.633368198622009,4.0712300713523115,13.224087340251538,5.087576411429182,10.633368198622009,4.0712300713523115,0.0,0.0
12.43333333323032,0.6138041907004144,0.5859796995551657,0.0,325.52167628016565,367.99187982206615,0.014193218293189137,0.027685917425074296,0.0,0.0,1.0,1.0,10.638068356700956,4.070246414784949,13.224087340251536,5.084044598720365,10.638068356700956,4.070246414784949,0.0,0.0
12.441666666563533,0.6127402035013951,0.5849682263147759,0.0,325.09608140055786,367.58729052591025,0.01417981835509027,0.027659781412132885,0.0,0.0,1.0,1.0,10.642763658429228,4.069260259416932,13.22408734025154,5.080515237807853,10.642763658429228,4.069260259416932,0.0,0.0
12.449999999896745,0.6116772212959558,0.583957708281869,0.0,324.6708885183822,367.1830833127475,0.014166418463942782,0.027633645396754076,0.0,0.0,1.0,1.0,10.647454104327696,4.068271610716341,13.224087340251538,5.0769883269895795,10.647454104327696,4.068271610716341,0.0,0.0
12.458333333229957,0.6106152440806394,0.5829481454600822,0.0,324.2460976322556,366.77925818403276,0.014153018618065411,0.027607509379025147,0.0,0.0,1.0,1.0,10.652139694917098,4.067280474143527,13.224087340251538,5.073463864564697,10.652139694917098,4.067280474143527,0.0,0.0
12.46666666656317,0.6095542718521113,0.5819395378529227,0.0,323.8217087408444,366.37581514116897,0.014139618815835232,0.027581373359030353,0.0,0.0,1.0,1.0,10.656820430718033,4.066286855151286,13.224087340251542,5.069941848833515,10.656820430718033,4.066286855151286,0.0,0.0
12.474999999896381,0.6084943046071571,0.5809318854637703,0.0,323.3977218428627,365.972754185508,0.0141262190556865,0.027555237336850957,0.0,0.0,1.0,1.0,10.661496312250968,4.0652907591847445,13.224087340251538,5.0664222780975425,10.661496312250968,4.0652907591847445,0.0,0.0
12.483333333229593,0.6074353423426788,0.5799251882958854,0.0,322.9741369370714,365.57007531835404,0.014112819336107984,0.02752910131256543,0.0,0.0,1.0,1.0,10.666167340036287,4.064292191681473,13.22408734025154,5.062905150659435,10.666167340036287,4.064292191681473,0.0,0.0
12.491666666562805,0.6063773850556885,0.5789194463524112,0.0,322.5509540222753,365.1677785409644,0.01409941965564114,0.027502965286249494,0.0,0.0,1.0,1.0,10.67083351459424,4.063291158071412,13.224087340251545,5.059390464823084,10.67083351459424,4.063291158071412,0.0,0.0
12.499999999896017,0.6053204327433056,0.5779146596363769,0.0,322.12817309732213,364.7658638545506,0.014086020012878828,0.027476829257976187,0.0,0.0,1.0,1.0,10.675494836445049,4.062287663776966,13.224087340251543,5.055878218893487,10.675494836445049,4.062287663776966,0.0,0.0
12.50833333322923,0.6042644854027539,0.5769108281507035,0.0,321.70579416110144,364.3643312602813,0.014072620406463086,0.027450693227816014,0.0,0.0,1.0,1.0,10.680151306108955,4.061281714212982,13.22408734025154,5.052368411176863,10.680151306108955,4.061281714212982,0.0,0.0
12.516666666562442,0.6032095430313575,0.5759079518982058,0.0,321.2838172125429,363.9631807592822,0.01405922083508404,0.027424557195836967,0.0,0.0,1.0,1.0,10.684802924106068,4.06027331478679,13.224087340251543,5.0488610399806095,10.684802924106068,4.06027331478679,0.0,0.0
12.524999999895654,0.602155605626536,0.574906030881598,0.0,320.8622422506143,363.56241235263906,0.014045821297477288,0.027398421162104697,0.0,0.0,1.0,1.0,10.689449690956563,4.059262470898149,13.224087340251542,5.0453561036132575,10.689449690956563,4.059262470898149,0.0,0.0
12.533333333228866,0.6011026731858028,0.5739050651034959,0.0,320.44106927432097,363.16202604139824,0.014032421792423179,0.02737228512668251,0.0,0.0,1.0,1.0,10.69409160718058,4.058249187939376,13.224087340251549,5.04185360038457,10.69409160718058,4.058249187939376,0.0,0.0
12.541666666562078,0.6000507457067608,0.5729050545664206,0.0,320.0202982827042,362.7620218265681,0.014019022318745189,0.027346149089631486,0.0,0.0,1.0,1.0,10.69872867329837,4.057233471295277,13.224087340251545,5.038353528605429,10.69872867329837,4.057233471295277,0.0,0.0
12.54999999989529,0.5989998231870999,0.5719059992728028,0.0,319.59992927483984,362.362399709121,0.014005622875307797,0.02732001305101058,0.0,0.0,1.0,1.0,10.703360889830122,4.056215326343166,13.224087340251536,5.03485588658792,10.703360889830122,4.056215326343166,0.0,0.0
12.558333333228502,0.5979499056245936,0.5709078992249844,0.0,319.1799622498373,361.96315968999363,0.01399222346101599,0.027293877010876634,0.0,0.0,1.0,1.0,10.707988257296181,4.055194758452934,13.22408734025153,5.031360672645314,10.707988257296181,4.055194758452934,0.0,0.0
12.566666666561714,0.5969009930170954,0.5699107544252227,0.0,318.760397206838,361.56430177008895,0.013978824074813162,0.02726774096928449,0.0,0.0,1.0,1.0,10.71261077621699,4.0541717729870195,13.22408734025153,5.027867885092005,10.71261077621699,4.0541717729870195,0.0,0.0
12.574999999894926,0.5958530853625374,0.5689145648756927,0.0,318.3412341450148,361.16582595027694,0.013965424715680158,0.02724160492628706,0.0,0.0,1.0,1.0,10.717228447112976,4.05314637530042,13.224087340251529,5.02437752224361,10.717228447112976,4.05314637530042,0.0,0.0
12.583333333228138,0.5948061826589275,0.5679193305784918,0.0,317.92247306357086,360.76773223139656,0.013952025382633912,0.027215468881935396,0.0,0.0,1.0,1.0,10.721841270504683,4.052118570740728,13.224087340251515,5.020889582416873,10.721841270504683,4.052118570740728,0.0,0.0
12.59166666656135,0.5937602849043442,0.5669250515356395,0.0,317.5041139617375,360.3700206142557,0.013938626074726079,0.02718933283627871,0.0,0.0,1.0,1.0,10.726449246912921,4.051088364648139,13.224087340251515,5.017404063929732,10.726449246912921,4.051088364648139,0.0,0.0
12.599999999894562,0.5927153920969372,0.5659317277490833,0.0,317.08615683877474,359.97269109963315,0.013925226791042024,0.02716319678936449,0.0,0.0,1.0,1.0,10.7310523768585,4.050055762355436,13.224087340251534,5.013920965101286,10.7310523768585,4.050055762355436,0.0,0.0
12.608333333227774,0.5916715042349228,0.5649393592206986,0.0,316.668601693969,359.5757436882793,0.013911827530699366,0.027137060741238547,0.0,0.0,1.0,1.0,10.735650660862385,4.049020769188087,13.224087340251536,5.010440284251798,10.735650660862385,4.049020769188087,0.0,0.0
12.616666666560986,0.5906286213165824,0.5639479459522933,0.0,316.2514485266328,359.17917838091716,0.013898428292847187,0.027110924691945044,0.0,0.0,1.0,1.0,10.74024409944575,4.047983390464143,13.224087340251536,5.006962019702712,10.74024409944575,4.047983390464143,0.0,0.0
12.624999999894198,0.5895867433402606,0.5629574879456092,0.0,315.8346973361041,358.78299517824354,0.013885029076664836,0.027084788641526598,0.0,0.0,1.0,1.0,10.74483269312993,4.0469436314943295,13.22408734025155,5.003486169776588,10.74483269312993,4.0469436314943295,0.0,0.0
12.63333333322741,0.5885458703043625,0.561967985202324,0.0,315.4183481217448,358.3871940809295,0.013871629881360894,0.02705865259002429,0.0,0.0,1.0,1.0,10.749416442436399,4.045901497582026,13.224087340251542,5.000012732797221,10.749416442436399,4.045901497582026,0.0,0.0
12.641666666560623,0.5875060022073502,0.5609794377240552,0.0,315.0024008829399,357.99177508962197,0.013858230706171879,0.027032516537477742,0.0,0.0,1.0,1.0,10.753995347886947,4.044856994023324,13.224087340251549,4.99654170708951,10.753995347886947,4.044856994023324,0.0,0.0
12.649999999893835,0.5864671390477432,0.5599918455123596,0.0,314.5868556190971,357.5967382049437,0.013844831550361852,0.027006380483925174,0.0,0.0,1.0,1.0,10.75856941000346,4.043810126106992,13.22408734025155,4.993073090979565,10.75856941000346,4.043810126106992,0.0,0.0
12.658333333227047,0.5854292808241154,0.5590052085687385,0.0,314.171712329646,357.20208342749527,0.013831432413220976,0.02698024442940343,0.0,0.0,1.0,1.0,10.763138629308019,4.042760899114479,13.224087340251549,4.989606882794642,10.763138629308019,4.042760899114479,0.0,0.0
12.666666666560259,0.5843924275350926,0.558019526894637,0.0,313.7569710140369,356.80781075785467,0.013818033294064853,0.02695410837394805,0.0,0.0,1.0,1.0,10.76770300632302,4.041709318319991,13.224087340251558,4.986143080863116,10.76770300632302,4.041709318319991,0.0,0.0
12.67499999989347,0.5833565791793507,0.5570348004914478,0.0,313.34263167174015,356.413920196579,0.013804634192233507,0.02692797231759328,0.0,0.0,1.0,1.0,10.772262541571065,4.0406553889904195,13.22408734025155,4.982681683514586,10.772262541571065,4.0406553889904195,0.0,0.0
12.683333333226683,0.5823217357556141,0.5560510293605125,0.0,312.9286943022455,356.0204117442049,0.0137912351070903,0.026901836260372174,0.0,0.0,1.0,1.0,10.776817235575004,4.039599116385416,13.224087340251558,4.979222689079763,10.776817235575004,4.039599116385416,0.0,0.0
12.691666666559895,0.5812878972626547,0.5550682135031225,0.0,312.51515890506175,355.62728540124886,0.013777836038022028,0.02687570020231657,0.0,0.0,1.0,1.0,10.781367088857998,4.038540505757416,13.22408734025155,4.975766095890556,10.781367088857998,4.038540505757416,0.0,0.0
12.699999999893107,0.5802550636992893,0.554086352920524,0.0,312.10202547971556,355.2345411682095,0.013764436984436582,0.026849564143457197,0.0,0.0,1.0,1.0,10.785912101943294,4.037479562351542,13.224087340251545,4.9723119022799915,10.785912101943294,4.037479562351542,0.0,0.0
12.708333333226319,0.5792232350643781,0.553105447613915,0.0,311.6892940257511,354.8421790455659,0.013751037945763812,0.02682342808382367,0.0,0.0,1.0,1.0,10.790452275354617,4.036416291405777,13.224087340251534,4.968860106582293,10.790452275354617,4.036416291405777,0.0,0.0
12.716666666559531,0.5781924113568238,0.5521254975844498,0.0,311.27696454272933,354.4501990337798,0.01373763892145396,0.026797292023444514,0.0,0.0,1.0,1.0,10.794987609615875,4.035350698150854,13.224087340251538,4.965410707132818,10.794987609615875,4.035350698150854,0.0,0.0
12.724999999892743,0.5771625925755688,0.5511465028332411,0.0,310.8650370302273,354.0586011332963,0.013724239910976672,0.026771155962347273,0.0,0.0,1.0,1.0,10.799518105251337,4.034282787810309,13.224087340251533,4.961963702268067,10.799518105251337,4.034282787810309,0.0,0.0
12.733333333225955,0.576133778719595,0.5501684633613592,0.0,310.4535114878379,353.6673853445435,0.01371084091382111,0.026745019900558446,0.0,0.0,1.0,1.0,10.804043762785511,4.033212565600502,13.224087340251542,4.9585190903257175,10.804043762785511,4.033212565600502,0.0,0.0
12.741666666559167,0.5751059697879226,0.5491913791698358,0.0,310.0423879151689,353.2765516679342,0.013697441929494607,0.026718883838103634,0.0,0.0,1.0,1.0,10.808564582743205,4.032140036730581,13.224087340251547,4.955076869644616,10.808564582743205,4.032140036730581,0.0,0.0
12.74999999989238,0.5740791657796067,0.5482152502596639,0.0,309.63166631184254,352.88610010386543,0.01368404295752227,0.02669274777500747,0.0,0.0,1.0,1.0,10.813080565649557,4.031065206402557,13.224087340251563,4.951637038564714,10.813080565649557,4.031065206402557,0.0,0.0
12.758333333225591,0.5730533666937383,0.5472400766318001,0.0,309.2213466774952,352.4960306527199,0.013670643997446375,0.026666611711293736,0.0,0.0,1.0,1.0,10.817591712030124,4.02998807981126,13.224087340251565,4.94819959542715,10.817591712030124,4.02998807981126,0.0,0.0
12.766666666558804,0.5720285725294414,0.5462658582871658,0.0,308.81142901177645,352.1063433148662,0.013657245048825433,0.02664047564698532,0.0,0.0,1.0,1.0,10.822098022410666,4.028908662144382,13.22408734025154,4.94476453857423,10.822098022410666,4.028908662144382,0.0,0.0
12.774999999892016,0.571004783285874,0.545292595226647,0.0,308.4019133143495,351.71703809065866,0.01364384611123481,0.0266143395821043,0.0,0.0,1.0,1.0,10.826599497317288,4.027826958582501,13.22408734025154,4.941331866349357,10.826599497317288,4.027826958582501,0.0,0.0
12.783333333225228,0.569981998962224,0.5443202874510981,0.0,307.99279958488944,351.32811498043907,0.013630447184264288,0.026588203516671963,0.0,0.0,1.0,1.0,10.83109613727651,4.026742974299049,13.224087340251529,4.937901577097118,10.83109613727651,4.026742974299049,0.0,0.0
12.79166666655844,0.5689602195577095,0.5433489349613408,0.0,307.5840878230837,350.9395739845362,0.013617048267518955,0.026562067450708795,0.0,0.0,1.0,1.0,10.835587942815183,4.0256567144603475,13.224087340251534,4.934473669163263,10.835587942815183,4.0256567144603475,0.0,0.0
12.799999999891652,0.567939445071578,0.5423785377581686,0.0,307.17577802863104,350.5514151032673,0.013603649360617653,0.02653593138423461,0.0,0.0,1.0,1.0,10.840074914460443,4.024568184225621,13.224087340251522,4.931048140894661,10.840074914460443,4.024568184225621,0.0,0.0
12.808333333224864,0.5669196755031054,0.5414090958423403,0.0,306.767870201242,350.163638336936,0.013590250463194363,0.026509795317268377,0.0,0.0,1.0,1.0,10.844557052739898,4.0234773887470014,13.224087340251533,4.927624990639337,10.844557052739898,4.0234773887470014,0.0,0.0
12.816666666558076,0.5659009108515939,0.540440609214591,0.0,306.36036434063743,349.7762436858363,0.013576851574895184,0.026483659249828477,0.0,0.0,1.0,1.0,10.84903435818147,4.022384333169511,13.224087340251515,4.924204216746448,10.84903435818147,4.022384333169511,0.0,0.0
12.824999999891288,0.5648831511163726,0.539473077875627,0.0,305.9532604465489,349.3892311502507,0.013563452695379473,0.026457523181932605,0.0,0.0,1.0,1.0,10.853506831313469,4.021289022631157,13.224087340251529,4.920785817566369,10.853506831313469,4.021289022631157,0.0,0.0
12.8333333332245,0.5638663962967946,0.5385065018261284,0.0,305.5465585187177,349.00260073045126,0.01355005382431889,0.0264313871135978,0.0,0.0,1.0,1.0,10.857974472664552,4.020191462262813,13.224087340251533,4.917369791450489,10.857974472664552,4.020191462262813,0.0,0.0
12.841666666557712,0.5628506463922376,0.537540881066749,0.0,305.1402585568949,348.6163524266995,0.013536654961397098,0.02640525104484047,0.0,0.0,1.0,1.0,10.862437282763826,4.019091657188332,13.22408734025155,4.913956136751475,10.862437282763826,4.019091657188332,0.0,0.0
12.849999999890924,0.5618359014021035,0.5365762155981196,0.0,304.73436056084125,348.23048623924774,0.013523256106309462,0.02637911497567646,0.0,0.0,1.0,1.0,10.866895262140702,4.017989612524527,13.224087340251508,4.910544851823076,10.866895262140702,4.017989612524527,0.0,0.0
12.858333333224136,0.5608221613258154,0.5356125054208463,0.0,304.32886453032603,347.8450021683384,0.013509857258762237,0.026352978906120997,0.0,0.0,1.0,1.0,10.87134841132506,4.016885333381199,13.224087340251515,4.907135935020203,10.87134841132506,4.016885333381199,0.0,0.0
12.866666666557348,0.5598094261628187,0.5346497505355127,0.0,303.92377046512735,347.45990021420494,0.013496458418472496,0.02632684283618878,0.0,0.0,1.0,1.0,10.875796730847123,4.015778824861095,13.224087340251549,4.903729384698858,10.875796730847123,4.015778824861095,0.0,0.0
12.87499999989056,0.5587976959125791,0.5336879509426805,0.0,303.5190783650315,347.0751803770721,0.01348305958516767,0.026300706765893956,0.0,0.0,1.0,1.0,10.880240221237598,4.014670092059969,13.224087340251552,4.900325199216236,10.880240221237598,4.014670092059969,0.0,0.0
12.883333333223772,0.5577869705745828,0.5327271066428907,0.0,303.114788229833,346.69084265715617,0.01346966075858514,0.026274570695250157,0.0,0.0,1.0,1.0,10.884678883027542,4.013559140066528,13.22408734025156,4.896923376930653,10.884678883027542,4.013559140066528,0.0,0.0
12.891666666556985,0.5567772501483355,0.5317672176366631,0.0,302.71090005933405,346.30688705466514,0.013456261938472108,0.026248434624270508,0.0,0.0,1.0,1.0,10.88911271674842,4.012445973962515,13.224087340251568,4.893523916201595,10.88911271674842,4.012445973962515,0.0,0.0
12.899999999890197,0.5557685346333607,0.5308082839244985,0.0,302.30741385334414,345.9233135697993,0.013442863124584738,0.026222298552967663,0.0,0.0,1.0,1.0,10.893541722932193,4.011330598822734,13.224087340251584,4.890126815389643,10.893541722932193,4.011330598822734,0.0,0.0
12.908333333223409,0.5547608240292007,0.5298503055068784,0.0,301.9043296116801,345.54012220275126,0.013429464316688514,0.026196162481353803,0.0,0.0,1.0,1.0,10.897965902111155,4.010213019714938,13.22408734025159,4.886732072856535,10.897965902111155,4.010213019714938,0.0,0.0
12.91666666655662,0.5537541183354147,0.5288932823842669,0.0,301.5016473341657,345.15731295370665,0.013416065514557178,0.02617002640944066,0.0,0.0,1.0,1.0,10.90238525481809,4.009093241699949,13.224087340251588,4.883339686965151,10.90238525481809,4.009093241699949,0.0,0.0
12.924999999889833,0.5527484175515784,0.5279372145571096,0.0,301.09936702063123,344.77488582284377,0.013402666717973053,0.026143890337239552,0.0,0.0,1.0,1.0,10.906799781586203,4.007971269831649,13.224087340251602,4.879949656079497,10.906799781586203,4.007971269831649,0.0,0.0
12.933333333223045,0.5517437216772836,0.5269821020258365,0.0,300.69748867091334,344.39284081033446,0.01338926792672623,0.02611775426476136,0.0,0.0,1.0,1.0,10.911209482949104,4.006847109156925,13.224087340251586,4.876561978564709,10.911209482949104,4.006847109156925,0.0,0.0
12.941666666556257,0.5507400307121381,0.5260279447908611,0.0,300.29601228485507,344.0111779163443,0.013375869140614558,0.0260916181920166,0.0,0.0,1.0,1.0,10.915614359440871,4.005720764715762,13.224087340251595,4.873176652787088,10.915614359440871,4.005720764715762,0.0,0.0
12.949999999889469,0.5497373446557637,0.5250747428525793,0.0,299.89493786230537,343.62989714103156,0.013362470359443877,0.026065482119015333,0.0,0.0,1.0,1.0,10.92001441159601,4.0045922415412125,13.22408734025158,4.869793677114037,10.92001441159601,4.0045922415412125,0.0,0.0
12.958333333222681,0.5487356635077979,0.524122496211374,0.0,299.494265403119,343.2489984845495,0.013349071583026818,0.026039346045767298,0.0,0.0,1.0,1.0,10.924409639949499,4.003461544659389,13.224087340251584,4.86641304991411,10.924409639949499,4.003461544659389,0.0,0.0
12.966666666555893,0.5477349872678895,0.5231712048676134,0.0,299.09399490715566,342.8684819470452,0.013335672811182451,0.02601320997228188,0.0,0.0,1.0,1.0,10.928800045036768,4.002328679089519,13.224087340251568,4.863034769556991,10.928800045036768,4.002328679089519,0.0,0.0
12.974999999889105,0.5467353159357028,0.5222208688216508,0.0,298.694126374281,342.4883475286602,0.013322274043737422,0.02598707389856806,0.0,0.0,1.0,1.0,10.933185627393698,4.001193649843937,13.224087340251566,4.859658834413486,10.933185627393698,4.001193649843937,0.0,0.0
12.983333333222317,0.5457366495109145,0.5212714880738271,0.0,298.29465980436566,342.1085952295307,0.013308875280524272,0.025960937824634562,0.0,0.0,1.0,1.0,10.9375663875566,4.000056461928023,13.224087340251549,4.856285242855559,10.9375663875566,4.000056461928023,0.0,0.0
12.99166666655553,0.544738987993213,0.5203230626244694,0.0,297.89559519728505,341.7292250497876,0.013295476521381876,0.025934801750489733,0.0,0.0,1.0,1.0,10.941942326062266,3.9989171203403595,13.224087340251542,4.852913993256275,10.941942326062266,3.9989171203403595,0.0,0.0
12.999999999888741,0.5437423313822989,0.519375592473893,0.0,297.4969325529194,341.35023698955706,0.013282077766155077,0.02590866567614164,0.0,0.0,1.0,1.0,10.946313443447961,3.997775630072585,13.224087340251542,4.849545083989833,10.946313443447961,3.997775630072585,0.0,0.0
13.008333333221954,0.5427466796778841,0.5184290776224008,0.0,297.09867187115356,340.97163104896015,0.013268679014694432,0.025882529601598033,0.0,0.0,1.0,1.0,10.95067974025142,3.996631996109499,13.224087340251556,4.846178513431563,10.95067974025142,3.996631996109499,0.0,0.0
13.016666666555166,0.5417520328796918,0.517483518070284,0.0,296.70081315187656,340.5934072281135,0.013255280266856169,0.025856393526866375,0.0,0.0,1.0,1.0,10.95504121701084,3.995486223429043,13.224087340251577,4.842814279957944,10.95504121701084,3.995486223429043,0.0,0.0
13.024999999888378,0.5407583909874552,0.5165389138178237,0.0,296.3033563949819,340.21556552712934,0.013241881522501643,0.025830257451953872,0.0,0.0,1.0,1.0,10.959397874264827,3.9943383170023274,13.224087340251574,4.839452381946543,10.959397874264827,3.9943383170023274,0.0,0.0
13.03333333322159,0.5397657540009182,0.5155952648652882,0.0,295.90630160036716,339.83810594611515,0.013228482781497903,0.02580412137686741,0.0,0.0,1.0,1.0,10.963749712552632,3.993188281793576,13.224087340251577,4.836092817776086,10.963749712552632,3.993188281793576,0.0,0.0
13.041666666554802,0.5387741219198346,0.5146525712129373,0.0,295.50964876793375,339.4610284851748,0.013215084043716475,0.025777985301613675,0.0,0.0,1.0,1.0,10.968096732413866,3.992036122760239,13.224087340251582,4.832735585826394,10.968096732413866,3.992036122760239,0.0,0.0
13.049999999888014,0.5377834947439671,0.5137108328610203,0.0,295.1133978975867,339.084333144408,0.01320168530903365,0.02575184922619908,0.0,0.0,1.0,1.0,10.972438934388638,3.9908818448529053,13.224087340251558,4.82938068447846,10.972438934388638,3.9908818448529053,0.0,0.0
13.058333333221226,0.5367938724730887,0.5127700498097768,0.0,294.7175489892354,338.70801992391057,0.013188286577330949,0.025725713150629784,0.0,0.0,1.0,1.0,10.976776319017564,3.9897254530153665,13.224087340251558,4.826028112114361,10.976776319017564,3.9897254530153665,0.0,0.0
13.066666666554438,0.535805255106979,0.5118302220594374,0.0,294.32210204279147,338.3320888237748,0.013174887848493412,0.025699577074911738,0.0,0.0,1.0,1.0,10.98110888684167,3.988566952184593,13.224087340251574,4.822677867117308,10.98110888684167,3.988566952184593,0.0,0.0
13.07499999988765,0.5348176426454276,0.5108913496102235,0.0,293.92705705817093,337.9565398440893,0.013161489122411114,0.02567344099905066,0.0,0.0,1.0,1.0,10.9854366384026,3.987406347290766,13.224087340251579,4.819329947871651,10.9854366384026,3.987406347290766,0.0,0.0
13.083333333220862,0.533831035088232,0.5099534324623487,0.0,293.53241403529273,337.5813729849393,0.013148090398977928,0.025647304923052054,0.0,0.0,1.0,1.0,10.989759574242417,3.986243643257293,13.224087340251609,4.81598435276281,10.989759574242417,3.986243643257293,0.0,0.0
13.091666666554074,0.5328454324351977,0.5090164706160181,0.0,293.13817297407894,337.20658824640714,0.013134691678091654,0.02562116884692124,0.0,0.0,1.0,1.0,10.99407769490365,3.985078845000811,13.224087340251588,4.812641080177398,10.99407769490365,3.985078845000811,0.0,0.0
13.099999999887286,0.5318608346861367,0.5080804640714279,0.0,292.7443338744545,336.83218562857104,0.013121292959654288,0.02559503277066328,0.0,0.0,1.0,1.0,10.998391000929463,3.983911957431139,13.22408734025162,4.809300128503077,10.998391000929463,3.983911957431139,0.0,0.0
13.108333333220498,0.5308772418408697,0.5071454128287683,0.0,292.35089673634775,336.45816513150726,0.013107894243571162,0.02556889669428312,0.0,0.0,1.0,1.0,11.00269949286341,3.9827429854513707,13.224087340251634,4.805961496128686,11.00269949286341,3.9827429854513707,0.0,0.0
13.11666666655371,0.5298946538992232,0.5062113168882211,0.0,291.95786155968915,336.08452675528827,0.013094495529751365,0.025542760617785452,0.0,0.0,1.0,1.0,11.007003171249535,3.981571933957839,13.224087340251627,4.802625181444144,11.007003171249535,3.981571933957839,0.0,0.0
13.124999999886922,0.528913070861031,0.5052781762499614,0.0,291.5652283444123,335.71127049998444,0.013081096818107332,0.02551662454117485,0.0,0.0,1.0,1.0,11.011302036632435,3.9803988078401353,13.224087340251607,4.799291182840512,11.011302036632435,3.9803988078401353,0.0,0.0
13.133333333220135,0.5279324927261326,0.5043459909141573,0.0,291.17299709045295,335.3383963656628,0.013067698108554755,0.025490488464455664,0.0,0.0,1.0,1.0,11.01559608955715,3.979223611981096,13.224087340251629,4.79595949870997,11.01559608955715,3.979223611981096,0.0,0.0
13.141666666553347,0.5269529194943747,0.5034147608809709,0.0,290.78116779774973,334.9659043523883,0.013054299401012558,0.02546435238763211,0.0,0.0,1.0,1.0,11.019885330569384,3.978046351256841,13.224087340251616,4.792630127445791,11.019885330569384,3.978046351256841,0.0,0.0
13.149999999886559,0.5259743511656092,0.5024844861505577,0.0,290.38974046624355,334.59379446022297,0.013040900695402728,0.02543821631070824,0.0,0.0,1.0,1.0,11.024169760215246,3.976867030536781,13.224087340251609,4.7893030674423755,11.024169760215246,3.976867030536781,0.0,0.0
13.15833333321977,0.524996787739694,0.5015551667230667,0.0,289.9987150958775,334.22206668922655,0.013027501991650309,0.025412080233687948,0.0,0.0,1.0,1.0,11.028449379041326,3.9756856546835895,13.224087340251616,4.785978317095241,11.028449379041326,3.9756856546835895,0.0,0.0
13.166666666552983,0.5240202292164927,0.5006268025986421,0.0,289.60809168659694,333.85072103945674,0.01301410328968294,0.02538594415657499,0.0,0.0,1.0,1.0,11.032724187594798,3.974502228553244,13.224087340251643,4.782655874801021,11.032724187594798,3.974502228553244,0.0,0.0
13.174999999886195,0.523044675595874,0.49969939377742195,0.0,289.21787023834946,333.4797575109686,0.013000704589431204,0.025359808079372964,0.0,0.0,1.0,1.0,11.036994186423334,3.973316756995057,13.224087340251645,4.779335738957442,11.036994186423334,3.973316756995057,0.0,0.0
13.183333333219407,0.5220701268777117,0.4987729402595387,0.0,288.82805075108456,333.10917610381534,0.012987305890828258,0.025333672002085347,0.0,0.0,1.0,1.0,11.041259376075102,3.972129244851597,13.224087340251636,4.776017907963354,11.041259376075102,3.972129244851597,0.0,0.0
13.191666666552619,0.5210965830618848,0.49784744204512016,0.0,288.43863322475374,332.73897681804795,0.01297390719380977,0.025307535924715484,0.0,0.0,1.0,1.0,11.045519757098843,3.9709396969587973,13.22408734025165,4.77270238021875,11.045519757098843,3.9709396969587973,0.0,0.0
13.199999999885831,0.5201240441482763,0.4969228991342882,0.0,288.0496176593104,332.3691596537152,0.012960508498314018,0.025281399847266565,0.0,0.0,1.0,1.0,11.049775330043826,3.9697481181458993,13.22408734025162,4.769389154124679,11.049775330043826,3.9697481181458993,0.0,0.0
13.208333333219043,0.5191525101367747,0.4959993115271611,0.0,287.66100405470974,331.9997246108643,0.012947109804281424,0.02525526376974168,0.0,0.0,1.0,1.0,11.054026095459815,3.9685545132354982,13.224087340251597,4.766078228083351,11.054026095459815,3.9685545132354982,0.0,0.0
13.216666666552255,0.5181819810272721,0.495076679223852,0.0,287.2727924109087,331.6306716895407,0.012933711111654637,0.025229127692143825,0.0,0.0,1.0,1.0,11.058272053897134,3.967358887043529,13.224087340251605,4.762769600498057,11.058272053897134,3.967358887043529,0.0,0.0
13.224999999885467,0.5172124568196653,0.4941550022244697,0.0,286.88498272786603,331.2620008897877,0.012920312420378723,0.02520299161447584,0.0,0.0,1.0,1.0,11.062513205906578,3.966161244379266,13.224087340251613,4.759463269773185,11.062513205906578,3.966161244379266,0.0,0.0
13.23333333321868,0.5162439375138559,0.4932342805291191,0.0,286.4975750055422,330.89371221164754,0.012906913730400737,0.02517685553674049,0.0,0.0,1.0,1.0,11.066749552039528,3.9649615900453536,13.224087340251616,4.756159234314255,11.066749552039528,3.9649615900453536,0.0,0.0
13.241666666551891,0.515276423109747,0.4923145141378995,0.0,286.1105692438986,330.5258056551597,0.012893515041669718,0.025150719458940395,0.0,0.0,1.0,1.0,11.070981092847886,3.963759928837798,13.224087340251595,4.752857492527899,11.070981092847886,3.963759928837798,0.0,0.0
13.249999999885103,0.5143099136072475,0.49139570305090746,0.0,285.7239654428989,330.1582812203628,0.012880116354136812,0.0251245833810781,0.0,0.0,1.0,1.0,11.075207828884093,3.9625562655459996,13.224087340251602,4.749558042821814,11.075207828884093,3.9625562655459996,0.0,0.0
13.258333333218316,0.5133444090062693,0.4904778472682362,0.0,285.3377636025076,329.79113890729434,0.012866717667754782,0.025098447303156055,0.0,0.0,1.0,1.0,11.079429760701123,3.961350604952726,13.224087340251584,4.746260883604858,11.079429760701123,3.961350604952726,0.0,0.0
13.266666666551528,0.5123799093067282,0.4895609467899747,0.0,284.9519637226911,329.42437871598975,0.012853318982478306,0.02507231122517663,0.0,0.0,1.0,1.0,11.083646888852527,3.960142951834166,13.22408734025161,4.74296601328696,11.083646888852527,3.960142951834166,0.0,0.0
13.27499999988474,0.5114164145085424,0.4886450016162081,0.0,284.5665658034168,329.05800064648315,0.012839920298263887,0.02504617514714206,0.0,0.0,1.0,1.0,11.08785921389232,3.9589333109598597,13.224087340251618,4.739673430279149,11.08785921389232,3.9589333109598597,0.0,0.0
13.283333333217952,0.510453924611634,0.48773001174701835,0.0,284.18156984465344,328.6920046988072,0.01282652161506978,0.02502003906905452,0.0,0.0,1.0,1.0,11.092066736375214,3.957721687092816,13.224087340251657,4.7363831329935575,11.092066736375214,3.957721687092816,0.0,0.0
13.291666666551164,0.509492439615928,0.4868159771824849,0.0,283.7969758463711,328.32639087299384,0.012813122932855463,0.024993902990916132,0.0,0.0,1.0,1.0,11.096269456856296,3.9565080849894207,13.224087340251621,4.733095119843454,11.096269456856296,3.9565080849894207,0.0,0.0
13.299999999884376,0.5085319595213528,0.4859028979226833,0.0,283.41278380854095,327.9611591690732,0.012799724251582401,0.02496776691272887,0.0,0.0,1.0,1.0,11.100467375891286,3.955292509399503,13.22408734025165,4.729809389243178,11.100467375891286,3.955292509399503,0.0,0.0
13.308333333217588,0.5075724843278385,0.4849907739676864,0.0,283.02899373113524,327.5963095870744,0.012786325571213154,0.024941630834494685,0.0,0.0,1.0,1.0,11.104660494036466,3.9540749650663116,13.224087340251632,4.726525939608172,11.104660494036466,3.9540749650663116,0.0,0.0
13.3166666665508,0.5066140140353189,0.48407960531756367,0.0,282.6456056141274,327.23184212702535,0.012772926891712152,0.02491549475621543,0.0,0.0,1.0,1.0,11.108848811848597,3.952855456726541,13.224087340251675,4.723244769354983,11.108848811848597,3.952855456726541,0.0,0.0
13.324999999884012,0.5056565486437306,0.4831693919723825,0.0,282.26261945749206,326.8677567889529,0.012759528213044926,0.024889358677892885,0.0,0.0,1.0,1.0,11.113032329885069,3.951633989110342,13.224087340251677,4.719965876901242,11.113032329885069,3.951633989110342,0.0,0.0
13.333333333217224,0.5047000881530117,0.4822601339322074,0.0,281.8800352612045,326.50405357288287,0.012746129535178317,0.02486322259952878,0.0,0.0,1.0,1.0,11.11721104870381,3.9504105669413274,13.224087340251671,4.7166892606656985,11.11721104870381,3.9504105669413274,0.0,0.0
13.341666666550436,0.5037446325631039,0.48135183119710045,0.0,281.4978530252414,326.14073247884005,0.012732730858080544,0.02483708652112477,0.0,0.0,1.0,1.0,11.12138496886332,3.949185194936548,13.224087340251652,4.713414919068205,11.12138496886332,3.949185194936548,0.0,0.0
13.349999999883648,0.5027901818739504,0.4804444837671206,0.0,281.11607274958004,325.7777935068481,0.01271933218172112,0.02481095044268242,0.0,0.0,1.0,1.0,11.12555409092259,3.947957877806553,13.224087340251637,4.710142850529692,11.12555409092259,3.947957877806553,0.0,0.0
13.35833333321686,0.501836736085497,0.47953809164232547,0.0,280.7346944341987,325.41523665693006,0.0127059335060705,0.02478481436420328,0.0,0.0,1.0,1.0,11.129718415441223,3.946728620255361,13.224087340251645,4.7068730534722,11.129718415441223,3.946728620255361,0.0,0.0
13.366666666550072,0.5008842951976916,0.47863265482276945,0.0,280.35371807907654,325.0530619291077,0.012692534831100612,0.024758678285688798,0.0,0.0,1.0,1.0,11.133877942979368,3.9454974269804803,13.224087340251698,4.703605526318852,11.133877942979368,3.9454974269804803,0.0,0.0
13.374999999883284,0.4999318960015727,0.47772913644214327,0.0,279.97275840062895,324.6916545768572,0.012855064916619712,0.024732569417568323,0.0,0.0,1.0,1.0,11.138036879434683,3.9442658268679516,13.224087340251689,4.700340267493892,11.138036879434683,3.9442658268679516,0.0,0.0
13.383333333216497,0.4989718210416497,0.47683524029474395,0.0,279.58872841665976,324.33409611789745,0.01274796508409691,0.024706712419112965,0.0,0.0,1.0,1.0,11.14222881199243,3.9430459862149063,13.224087340251678,4.697077275422613,11.14222881199243,3.9430459862149063,0.0,0.0
13.391666666549709,0.49801962907520425,0.4759354079716263,0.0,279.20785163008156,323.97416318865044,0.012644803378844601,0.024680656333018164,0.0,0.0,1.0,1.0,11.146385809066823,3.9418132938346644,13.224087340251659,4.69381654853144,11.146385809066823,3.9418132938346644,0.0,0.0
13.39999999988292,0.49707503259136776,0.4750299416065157,0.0,278.830013036547,323.6119766426061,0.012545372640902702,0.024654409291643396,0.0,0.0,1.0,1.0,11.150509250491895,3.940568276006811,13.224087340251629,4.690558085247855,11.150509250491895,3.940568276006811,0.0,0.0
13.408333333216133,0.4961377592909757,0.47411912752775154,0.0,278.4551037163901,323.2476510111005,0.012449474335293262,0.024627978998516445,0.0,0.0,1.0,1.0,11.154600441992535,3.939311430801589,13.224087340251659,4.687301884000493,11.154600441992535,3.939311430801589,0.0,0.0
13.416666666549345,0.4952075514446982,0.473203236931651,0.0,278.0830205778791,322.8812947726603,0.0123569184149117,0.02460137274620468,0.0,0.0,1.0,1.0,11.158660618594759,3.938043229407097,13.224087340251645,4.684047943219016,11.158660618594759,3.938043229407097,0.0,0.0
13.424999999882557,0.4942841652623515,0.4722825265433512,0.0,277.71366610494044,322.51301061734034,0.012267523159941195,0.02457459743386796,0.0,0.0,1.0,1.0,11.162690947936348,3.936764117415093,13.224087340251677,4.680796261334213,11.162690947936348,3.936764117415093,0.0,0.0
13.433333333215769,0.49336737027505284,0.471357239263512,0.0,277.346948110021,322.14289570540467,0.012181114996580679,0.024547659584450692,0.0,0.0,1.0,1.0,11.166692533474755,3.935474516064734,13.224087340251666,4.677546836777957,11.166692533474755,3.935474516064734,0.0,0.0
13.441666666548981,0.4924569487316588,0.47042760479946033,0.0,276.9827794926634,321.771041919784,0.012097528297874386,0.02452056536147515,0.0,0.0,1.0,1.0,11.17066641759002,3.9341748234433696,13.224087340251666,4.674299667983186,11.17066641759002,3.9341748234433696,0.0,0.0
13.449999999882193,0.4915526950107301,0.46949384027956387,0.0,276.6210780042919,321.3975361118254,0.012016605169379468,0.02449332058540344,0.0,0.0,1.0,1.0,11.17461358458035,3.9328654156438447,13.224087340251666,4.671054753383948,11.17461358458035,3.9328654156438447,0.0,0.0
13.458333333215405,0.49065441504905905,0.4685561508498303,0.0,276.26176601962345,321.02246033993197,0.011938195222314122,0.024465930749540832,0.0,0.0,1.0,1.0,11.17853496354974,3.9315466478783954,13.224087340251666,4.667812091415357,11.17853496354974,3.9315466478783954,0.0,0.0
13.466666666548617,0.4897619257876008,0.46761473025193245,0.0,275.9047703150402,320.64589210077287,0.011862155336700951,0.024438401035458277,0.0,0.0,1.0,1.0,11.182431431186851,3.9302188555487447,13.224087340251666,4.664571680513659,11.182431431186851,3.9302188555487447,0.0,0.0
13.47499999988183,0.48887505463547076,0.46666976138202315,0.0,275.5500218541882,320.2679045528091,0.011788349416873194,0.024410736327916377,0.0,0.0,1.0,1.0,11.186303814434579,3.928882355272848,13.224087340251666,4.661333519116129,11.186303814434579,3.928882355272848,0.0,0.0
13.483333333215041,0.4879936389524989,0.4657214168298956,0.0,275.1974555809994,319.8885667319581,0.011716648141541271,0.024382941229277786,0.0,0.0,1.0,1.0,11.190152893051463,3.927537445868412,13.224087340251666,4.6580976056611645,11.190152893051463,3.927537445868412,0.0,0.0
13.491666666548253,0.48711752555066845,0.4647698593982015,0.0,274.84701022026724,319.50794375928047,0.01164692871043475,0.024355020073399316,0.0,0.0,1.0,1.0,11.193979402065352,3.9261844092940033,13.224087340251666,4.654863938588243,11.193979402065352,3.9261844092940033,0.0,0.0
13.499999999881465,0.4862465702146269,0.4638152426015719,0.0,274.49862808585067,319.1260970406287,0.011579074589352954,0.02432697693899858,0.0,0.0,1.0,1.0,11.19778403412067,3.9248235115480097,13.224087340251666,4.651632516337907,11.19778403412067,3.9248235115480097,0.0,0.0
13.508333333214678,0.4853806372413265,0.4628577111456225,0.0,274.1522548965305,318.74308445824886,0.01151297525526921,0.024298815662493378,0.0,0.0,1.0,1.0,11.201567441721396,3.9234550035267275,13.224087340251666,4.648403337351806,11.201567441721396,3.9234550035267275,0.0,0.0
13.51666666654789,0.4845195989987333,0.4618974013859534,0.0,273.80783959949315,318.35896055438127,0.01144852594294437,0.0242705398503158,0.0,0.0,1.0,1.0,11.205330239371383,3.9220791218421622,13.224087340251666,4.645176400072651,11.205330239371383,3.9220791218421622,0.0,0.0
13.524999999881102,0.4836633355034425,0.4609344417673338,0.0,273.46533420137683,317.9737767069334,0.011385627394331686,0.024242152890704888,0.0,0.0,1.0,1.0,11.209073005614966,3.9206960896007867,13.224087340251666,4.6419517029442465,11.209073005614966,3.9206960896007867,0.0,0.0
13.533333333214314,0.48281173401695,0.4599689532433703,0.0,273.12469360677983,317.587581297348,0.011324185611878146,0.024213657964984887,0.0,0.0,1.0,1.0,11.21279628497947,3.9193061171442,13.224087340251666,4.6387292444114605,11.21279628497947,3.9193061171442,0.0,0.0
13.541666666547526,0.48196468866024667,0.4590010496770189,0.0,272.7858754640985,317.2004198708074,0.011264111616667256,0.02418505805833757,0.0,0.0,1.0,1.0,11.21650058982349,3.9179094027530126,13.224087340251666,4.635509022920267,11.21650058982349,3.9179094027530126,0.0,0.0
13.549999999880738,0.48112210004634626,0.4580308382223808,0.0,272.44884001853836,316.8123352889522,0.011205321212194464,0.02415635597007958,0.0,0.0,1.0,1.0,11.220186402093365,3.9165061333151527,13.224087340251666,4.6322910369176995,11.220186402093365,3.9165061333151527,0.0,0.0
13.55833333321395,0.48028387493029767,0.45705841968825733,0.0,272.1135499721189,316.4233678753028,0.011147734754429693,0.024127554323456427,0.0,0.0,1.0,1.0,11.223854174991121,3.915096484959789,13.224087340251666,4.6290752848518775,11.223854174991121,3.915096484959789,0.0,0.0
13.566666666547162,0.4794499258761872,0.4560838888839993,0.0,271.77997035047474,316.0335555535996,0.011091276928687253,0.02409865557496675,0.0,0.0,1.0,1.0,11.227504334556835,3.913680623658242,13.224087340251666,4.625861765171977,11.227504334556835,3.913680623658242,0.0,0.0
13.574999999880374,0.4786201709406092,0.45510733494820815,0.0,271.44806837624355,315.64293397928316,0.011035876533713632,0.024069662023230888,0.0,0.0,1.0,1.0,11.231137281169048,3.912258705793276,13.224087340251666,4.622650476328278,11.231137281169048,3.912258705793276,0.0,0.0
13.583333333213586,0.47779453337204675,0.45412884166087225,0.0,271.1178133488186,315.2515366643488,0.010981466273294249,0.024040575817418593,0.0,0.0,1.0,1.0,11.234753390966032,3.910830878697854,13.224087340251666,4.619441416772127,11.234753390966032,3.910830878697854,0.0,0.0
13.591666666546798,0.47697294132559165,0.4531484877395555,0.0,270.78917653023655,314.8593950958221,0.010927982555587298,0.02401139896525195,0.0,0.0,1.0,1.0,11.238353017191779,3.9093972811649356,13.224087340251666,4.616234584955945,11.238353017191779,3.9093972811649356,0.0,0.0
13.59999999988001,0.47615532759242085,0.4521663471202397,0.0,270.46213103696823,314.46653884809575,0.010875365300314861,0.023982133340598732,0.0,0.0,1.0,1.0,11.241936491469573,3.9079580439294284,13.224087340251666,4.613029979333225,11.241936491469573,3.9079580439294284,0.0,0.0
13.608333333213222,0.4753416293434359,0.45118248922345083,0.0,270.1366517373742,314.0729956893802,0.010823557753865173,0.023952780690672665,0.0,0.0,1.0,1.0,11.245504125006244,3.9065132901235895,13.224087340251666,4.609827598358547,11.245504125006244,3.9065132901235895,0.0,0.0
13.616666666546434,0.47453178788647066,0.450196979206292,0.0,269.8127151545881,313.6787916825167,0.010772506312298667,0.02392334264285678,0.0,0.0,1.0,1.0,11.249056209731007,3.9050631357073606,13.224087340251666,4.606627440487552,11.249056209731007,3.9050631357073606,0.0,0.0
13.624999999879646,0.4737257484364801,0.4492098782009955,0.0,269.4902993745919,313.28395128039807,0.010722160352199625,0.02389382071116576,0.0,0.0,1.0,1.0,11.2525930193711,3.9036076898744745,13.224087340251666,4.603429504176931,11.2525930193711,3.9036076898744745,0.0,0.0
13.633333333212859,0.472923459898121,0.4482212435406138,0.0,269.16938395924825,312.8884974162454,0.010672472069265974,0.023864216302363565,0.0,0.0,1.0,1.0,11.256114810467862,3.9021470554358615,13.224087340251666,4.600233787884499,11.256114810467862,3.9021470554358615,0.0,0.0
13.64166666654607,0.47212487466015274,0.44723112897244294,0.0,268.84994986406093,312.492451588977,0.010623396324496067,0.023834530721751745,0.0,0.0,1.0,1.0,11.259621823336255,3.9006813291814155,13.224087340251666,4.597040290069104,11.259621823336255,3.9006813291814155,0.0,0.0
13.649999999879283,0.47132994840109443,0.4462395848597654,0.0,268.5319793604376,312.09583394390603,0.010574890497798122,0.023804765178644008,0.0,0.0,1.0,1.0,11.263114282970138,3.899210602221098,13.224087340251666,4.593849009190656,11.263114282970138,3.899210602221098,0.0,0.0
13.658333333212495,0.47053863990558586,0.44524665837249294,0.0,268.2154559622342,311.69866334899706,0.010526914348821335,0.023774920791542302,0.0,0.0,1.0,1.0,11.266592399896735,3.8977349603066234,13.224087340251666,4.5906599437101665,11.266592399896735,3.8977349603066234,0.0,0.0
13.666666666545707,0.4697509108909235,0.44425239366725655,0.0,267.90036435636927,311.3009574669025,0.01047942988479208,0.023744998593028723,0.0,0.0,1.0,1.0,11.270056370982482,3.8962544841347913,13.224087340251666,4.587473092089686,11.270056370982482,3.8962544841347913,0.0,0.0
13.674999999878919,0.46896672584325255,0.4432568320574793,0.0,267.58669033730087,310.9027328229916,0.010432401235120153,0.02371499953438756,0.0,0.0,1.0,1.0,11.27350638019307,3.8947692496332214,13.224087340251666,4.584288452792361,11.27350638019307,3.8947692496332214,0.0,0.0
13.683333333212131,0.46818605186291407,0.44226001217396493,0.0,267.27442074516546,310.50400486958586,0.01038579453252754,0.023684924489971466,0.0,0.0,1.0,1.0,11.276942599310118,3.8932793282297498,13.224087340251666,4.581106024282358,11.276942599310118,3.8932793282297498,0.0,0.0
13.691666666545343,0.46740885851847225,0.4412619701164817,0.0,266.9635434073888,310.1047880465926,0.01033957780045042,0.023654774261324556,0.0,0.0,1.0,1.0,11.280365188606796,3.8917847871061646,13.224087340251666,4.577925805024981,11.280365188606796,3.8917847871061646,0.0,0.0
13.699999999878555,0.4666351177089577,0.4402627395968324,0.0,266.65404708358295,309.70509583873286,0.0102937208464546,0.02362454958107536,0.0,0.0,1.0,1.0,11.283774297484399,3.8902856894372113,13.224087340251666,4.574747793486536,11.283774297484399,3.8902856894372113,0.0,0.0
13.708333333211767,0.4658648035338868,0.43926235207386294,0.0,266.3459214135546,309.30494082954505,0.010248195161405923,0.02359425111661177,0.0,0.0,1.0,1.0,11.28717006507272,3.888782094615805,13.224087340251666,4.571571988134434,11.28717006507272,3.888782094615805,0.0,0.0
13.71666666654498,0.4650978921706356,0.43826083688085204,0.0,266.03915686825405,308.9043347523407,0.010202973824136862,0.023563879473549643,0.0,0.0,1.0,1.0,11.290552620795449,3.887274058465044,13.224087340251666,4.568398387437124,11.290552620795449,3.887274058465044,0.0,0.0
13.724999999878191,0.4643343617587613,0.4372582213456965,0.0,265.7337447035044,308.50328853827847,0.01015803141135097,0.023533435199006244,0.0,0.0,1.0,1.0,11.293922084902935,3.885761633437889,13.224087340251666,4.565226989864118,11.293922084902935,3.885761633437889,0.0,0.0
13.733333333211403,0.4635741922908975,0.43625453090428556,0.0,265.42967691635886,308.1018123617141,0.010113343912515737,0.023502918784688864,0.0,0.0,1.0,1.0,11.297278568974216,3.884244868805195,13.224087340251666,4.562057793885994,11.297278568974216,3.884244868805195,0.0,0.0
13.741666666544615,0.4628173655098482,0.4352497892074546,0.0,265.12694620393916,307.6999156829817,0.010068888649491396,0.023472330669809173,0.0,0.0,1.0,1.0,11.300622176389977,3.882723810832793,13.224087340251666,4.558890797974428,11.300622176389977,3.882723810832793,0.0,0.0
13.749999999877828,0.4620638648115407,0.43424401822186137,0.0,264.82554592461616,307.2976072887444,0.010024644200657233,0.02344167124383236,0.0,0.0,1.0,1.0,11.303953002777787,3.8811985029481324,13.224087340251666,4.555726000602098,11.303953002777787,3.8811985029481324,0.0,0.0
13.75833333321104,0.46131367515350696,0.4332372383251405,0.0,264.52547006140264,306.8948953300561,0.009980590329297344,0.023410940849070735,0.0,0.0,1.0,1.0,11.30727113643196,3.879668985897241,13.224087340251666,4.552563400242777,11.30727113643196,3.879668985897241,0.0,0.0
13.766666666544252,0.46056678296858333,0.43222946839564463,0.0,264.2267131874332,306.49178735825774,0.009936707916020434,0.02338013978312981,0.0,0.0,1.0,1.0,11.310576658708483,3.878135297892477,13.224087340251666,4.5494029953713095,11.310576658708483,3.878135297892477,0.0,0.0
13.774999999877464,0.45982317608353307,0.431220725897089,0.0,263.9292704334131,306.0882903588355,0.00989297889499074,0.0233492683012156,0.0,0.0,1.0,1.0,11.3138696443973,3.8765974747515646,13.224087340251668,4.546244784463542,11.3138696443973,3.8765974747515646,0.0,0.0
13.783333333210676,0.4590828436423161,0.43021102695837776,0.0,263.6331374569263,305.684410783351,0.00984938619376069,0.023318326618310396,0.0,0.0,1.0,1.0,11.317150162072757,3.875055550028572,13.224087340251666,4.543088765996464,11.317150162072757,3.875055550028572,0.0,0.0
13.791666666543888,0.4583457760337408,0.4292003864488923,0.0,263.3383104134962,305.2801545795568,0.009805913676498919,0.02328731491122468,0.0,0.0,1.0,1.0,11.320418274423458,3.8735095551370464,13.224087340251668,4.5399349384480505,11.320418274423458,3.8735095551370464,0.0,0.0
13.7999999998771,0.4576119648232533,0.4281888180494902,0.0,263.04478592930116,304.87552721979597,0.00976254609042048,0.02325623332053165,0.0,0.0,1.0,1.0,11.323674038563173,3.871959519466074,13.224087340251668,4.536783300297358,11.323674038563173,3.871959519466074,0.0,0.0
13.808333333210312,0.4568814026886292,0.4271763343194624,0.0,262.7525610754515,304.47053372778487,0.009719269015230052,0.023225081952391282,0.0,0.0,1.0,1.0,11.326917506323241,3.8704054704893815,13.224087340251673,4.533633850024504,11.326917506323241,3.8704054704893815,0.0,0.0
13.816666666543524,0.4561540833593496,0.4261629467596739,0.0,262.4616333437397,304.06517870386944,0.009676068815400438,0.02319386088026968,0.0,0.0,1.0,1.0,11.33014872452786,3.868847433868033,13.224087340251673,4.53048658611063,11.33014872452786,3.868847433868033,0.0,0.0
13.824999999876736,0.4554300015594548,0.4251486658720973,0.0,262.1720006237818,303.6594663488388,0.00963293259511517,0.02316257014655948,0.0,0.0,1.0,1.0,11.333367735253214,3.86728543354709,13.224087340251675,4.5273415070380105,11.333367735253214,3.86728543354709,0.0,0.0
13.833333333209948,0.45470915295368275,0.42413350121595067,0.0,261.883661181473,303.25340048638014,0.009589848155711709,0.023131209764107,0.0,0.0,1.0,1.0,11.33657457607133,3.8657194918464888,13.224087340251677,4.5241986112898855,11.33657457607133,3.8657194918464888,0.0,0.0
13.84166666654316,0.45399153409670906,0.42311746146061735,0.0,261.5966136386835,302.8469845842468,0.009546803955470317,0.023099779717650787,0.0,0.0,1.0,1.0,11.339769280279432,3.864149629546552,13.224087340251675,4.521057897350598,11.339769280279432,3.864149629546552,0.0,0.0
13.849999999876372,0.45327714238532013,0.4221005544355297,0.0,261.3108569541279,302.44022177421175,0.009503789071600663,0.0230682799651765,0.0,0.0,1.0,1.0,11.342951877115565,3.86257586596839,13.224087340251675,4.517919363705527,11.342951877115565,3.86257586596839,0.0,0.0
13.858333333209584,0.4525659760133587,0.4210827871771787,0.0,261.0263904053433,302.0331148708714,0.009460793164285265,0.023036710439192476,0.0,0.0,1.0,1.0,11.346122391961442,3.8609982190494785,13.224087340251698,4.514783008841093,11.346122391961442,3.8609982190494785,0.0,0.0
13.866666666542796,0.4518580339292932,0.4200641659734151,0.0,260.74321357171715,301.62566638936596,0.009417806442644602,0.023005071047930363,0.0,0.0,1.0,1.0,11.349280846533107,3.8594167054146746,13.224087340251705,4.511648831244789,11.349280846533107,3.8594167054146746,0.0,0.0
13.874999999876009,0.4511533157962711,0.41904469640516906,0.0,260.4613263185083,301.21787856206754,0.009374819632497828,0.022973361676474194,0.0,0.0,1.0,1.0,11.352427259059692,3.8578313404429054,13.224087340251714,4.508516829405149,11.352427259059692,3.8578313404429054,0.0,0.0
13.88333333320922,0.4504518219545266,0.41802438338574066,0.0,260.1807287818105,300.80975335429616,0.009331823945795716,0.02294158218782201,0.0,0.0,1.0,1.0,11.355561644451665,3.85624213832982,13.224087340251717,4.505387001811774,11.355561644451665,3.85624213832982,0.0,0.0
13.891666666542433,0.44975355338602163,0.4170032311977771,0.0,259.9014213544085,300.4012924791107,0.009288811051611105,0.022909732423883084,0.0,0.0,1.0,1.0,11.358684014458321,3.8546491121465785,13.224087340251723,4.502259346955241,11.358684014458321,3.8546491121465785,0.0,0.0
13.899999999875645,0.44905851168120775,0.4159812435280568,0.0,259.62340467248293,299.99249741122264,0.009245773048575504,0.022877812206413883,0.0,0.0,1.0,1.0,11.361794377815553,3.85305227389491,13.224087340251737,4.499133863327262,11.361794377815553,3.85305227389491,0.0,0.0
13.908333333208857,0.4483666990078037,0.4149584235001894,0.0,259.3466796031213,299.58336940007564,0.009202702438656727,0.022845821337895658,0.0,0.0,1.0,1.0,11.364892740384173,3.851451634558779,13.224087340251739,4.496010549420552,11.364892740384173,3.851451634558779,0.0,0.0
13.916666666542069,0.44767811808149227,0.4139347737053336,0.0,259.07124723259676,299.17390948213335,0.00915959210217571,0.022813759602356442,0.0,0.0,1.0,1.0,11.367979105279307,3.8498472041526304,13.224087340251735,4.492889403728904,11.367979105279307,3.8498472041526304,0.0,0.0
13.924999999875281,0.44699277213844874,0.4129102962310244,0.0,258.79710885537935,298.76411849240964,0.00911643527396679,0.022781626766139623,0.0,0.0,1.0,1.0,11.37105347299115,3.84823899176659,13.224087340251723,4.489770424747135,11.37105347299115,3.84823899176659,0.0,0.0
13.933333333208493,0.4463106649096147,0.41188499268819656,0.0,258.5242659638457,298.35399707527847,0.009073225520587397,0.022749422578621576,0.0,0.0,1.0,1.0,11.374115841497758,3.846627005608632,13.224087340251721,4.486653610971087,11.374115841497758,3.846627005608632,0.0,0.0
13.941666666541705,0.44563180059664703,0.4108588642364844,0.0,258.25272023865864,297.94354569459364,0.00902995671848827,0.022717146772880177,0.0,0.0,1.0,1.0,11.377166206369754,3.8450112530438285,13.224087340251735,4.483538960897695,11.377166206369754,3.8450112530438285,0.0,0.0
13.949999999874917,0.4449561838494688,0.40983191160786775,0.0,257.98247353978735,297.53276464314695,0.008986623033057313,0.022684799066316173,0.0,0.0,1.0,1.0,11.38020456086784,3.8433917406309144,13.224087340251739,4.480426473024882,11.38020456086784,3.8433917406309144,0.0,0.0
13.95833333320813,0.4442838197453627,0.4088041351287341,0.0,257.71352789814495,297.1216540514935,0.008943218898453193,0.022652379161229065,0.0,0.0,1.0,1.0,11.383230896032757,3.8417684741561478,13.224087340251753,4.477316145851663,11.383230896032757,3.8417684741561478,0.0,0.0
13.966666666541341,0.4436147137695502,0.4077755347404108,0.0,257.4458855078199,296.7102138961642,0.008899738998147074,0.02261988674534873,0.0,0.0,1.0,1.0,11.38624520076857,3.8401414586646867,13.224087340251756,4.474207977878047,11.38624520076857,3.8401414586646867,0.0,0.0
13.974999999874553,0.44294887179720394,0.40674611001822664,0.0,257.17954871888145,296.2984440072905,0.008856178246091855,0.022587321492324418,0.0,0.0,1.0,1.0,11.389247461919142,3.8385106984894906,13.224087340251758,4.471101967605131,11.389247461919142,3.8385106984894906,0.0,0.0
13.983333333207765,0.4422863000768538,0.40571586018914524,0.0,256.9145200307414,295.886344075658,0.008812531768441004,0.022554683062171895,0.0,0.0,1.0,1.0,11.392237664337912,3.83687619727791,13.22408734025174,4.467998113535015,11.392237664337912,3.83687619727791,0.0,0.0
13.991666666540977,0.4416270052151443,0.40468478414801634,0.0,256.6508020860576,295.4739136592064,0.008768794885737827,0.02252197110167989,0.0,0.0,1.0,1.0,11.395215790951486,3.835237958015857,13.22408734025174,4.4648964141708705,11.395215790951486,3.835237958015857,0.0,0.0
13.99999999987419,0.4409709941629123,0.4036528804724716,0.0,256.3883976651648,295.06115218898856,0.008724963095498495,0.022489185244776305,0.0,0.0,1.0,1.0,11.398181822817135,3.8335959830499178,13.224087340251744,4.461796868016882,11.398181822817135,3.8335959830499178,0.0,0.0
14.008333333207402,0.4403182742025601,0.40262014743650804,0.0,256.1273096810239,294.6480589746031,0.008681032055109516,0.022456325112855082,0.0,0.0,1.0,1.0,11.401135739173736,3.8319502741070868,13.224087340251744,4.458699473578301,11.401135739173736,3.8319502741070868,0.0,0.0
14.016666666540614,0.4396688529367009,0.4015865830227678,0.0,255.86754117468018,294.23463320910696,0.00863699756496141,0.02242339031506375,0.0,0.0,1.0,1.0,11.404077517487197,3.8303008323125463,13.22408734025174,4.455604229361385,11.404077517487197,3.8303008323125463,0.0,0.0
14.024999999873826,0.43902273827806204,0.40055218493354766,0.0,255.60909531122468,293.82087397341894,0.008592855551736635,0.0223903804485522,0.0,0.0,1.0,1.0,11.407007133489682,3.828647658205164,13.224087340251748,4.452511133873443,11.407007133489682,3.828647658205164,0.0,0.0
14.033333333207038,0.438379938440641,0.39951695060053105,0.0,255.35197537625626,293.4067802402123,0.008548602051770087,0.022357295098682187,0.0,0.0,1.0,1.0,11.40992456121289,3.826990751751049,13.22408734025174,4.449420185622827,11.40992456121289,3.826990751751049,0.0,0.0
14.04166666654025,0.437740461932106,0.3984808771932682,0.0,255.09618477284226,292.99235087730716,0.008504233194393647,0.02232413383919781,0.0,0.0,1.0,1.0,11.412829773015549,3.8253301123548673,13.22408734025173,4.446331383118917,11.412829773015549,3.8253301123548673,0.0,0.0
14.049999999873462,0.43710431754745205,0.39744396162638324,0.0,254.8417270189807,292.57758465055315,0.008459745185176164,0.02229089623235617,0.0,0.0,1.0,1.0,11.41572273960474,3.823665738869226,13.224087340251742,4.443244724872127,11.41572273960474,3.823665738869226,0.0,0.0
14.058333333206674,0.4364715143639196,0.39640620056551584,0.0,254.58860574556772,292.1624802262062,0.008415134288960974,0.022257581829017714,0.0,0.0,1.0,1.0,11.418603430051482,3.8219976296018285,13.224087340251735,4.440160209393889,11.418603430051482,3.8219976296018285,0.0,0.0
14.066666666539886,0.43584206173719603,0.3953675904319702,0.0,254.33682469487826,291.74703617278794,0.008370396812599582,0.022224190168695188,0.0,0.0,1.0,1.0,11.421471811799938,3.8203257823206447,13.22408734025175,4.437077835196735,11.421471811799938,3.8203257823206447,0.0,0.0
14.074999999873098,0.4352159692989275,0.39432812740605644,0.0,254.08638771957087,291.3312509624225,0.008325529087270281,0.022190720779560254,0.0,0.0,1.0,1.0,11.424327850670425,3.818650194256748,13.224087340251746,4.433997600794133,11.424327850670425,3.818650194256748,0.0,0.0
14.08333333320631,0.4345932469555758,0.3932878074290819,0.0,253.83729878223016,290.9151229716326,0.008280527450262051,0.022157173178405834,0.0,0.0,1.0,1.0,11.427171510856077,3.8169708621050993,13.224087340251739,4.43091950470064,11.427171510856077,3.8169708621050993,0.0,0.0
14.091666666539522,0.43397390488866694,0.392246626203963,0.0,253.58956195546665,290.49865048158506,0.008235388226091565,0.022123546870562855,0.0,0.0,1.0,1.0,11.430002754912685,3.8152877820229714,13.224087340251751,4.427843545431842,11.430002754912685,3.8152877820229714,0.0,0.0
14.099999999872734,0.4333579535564834,0.3912045791943938,0.0,253.3431814225932,290.08183167775735,0.008190107706807712,0.02208984134976882,0.0,0.0,1.0,1.0,11.432821543741667,3.8136009496260295,13.224087340251744,4.424769721504344,11.432821543741667,3.8136009496260295,0.0,0.0
14.108333333205946,0.43274540369727055,0.39016166162251664,0.0,253.09816147890808,289.66466464900657,0.008144682131321527,0.02205605609798588,0.0,0.0,1.0,1.0,11.435627836565644,3.8119103599819057,13.224087340251739,4.421698031435788,11.435627836565644,3.8119103599819057,0.0,0.0
14.116666666539158,0.432136266334036,0.38911786846501545,0.0,252.85450653361426,289.2471473860061,0.00809910766357963,0.022022190585165254,0.0,0.0,1.0,1.0,11.438421590896358,3.810216007601207,13.224087340251714,4.418628473744836,11.438421590896358,3.810216007601207,0.0,0.0
14.12499999987237,0.43153055278103436,0.3880731944475413,0.0,252.6122211124136,288.82927777901637,0.008053380369374974,0.021988244268954467,0.0,0.0,1.0,1.0,11.441202762494477,3.808517886425832,13.224087340251737,4.41556104695119,11.441202762494477,3.808517886425832,0.0,0.0
14.133333333205583,0.4309282746520514,0.38702763403736634,0.0,252.37130986082045,288.4110536149464,0.008007496191561405,0.021954216594343427,0.0,0.0,1.0,1.0,11.443971305320716,3.8068159898142895,13.22408734025174,4.412495749575575,11.443971305320716,3.8068159898142895,0.0,0.0
14.141666666538795,0.4303294438706138,0.3859811814341332,0.0,252.13177754824537,287.9924725736531,0.007961450923403616,0.021920106993244218,0.0,0.0,1.0,1.0,11.446727171477233,3.8051103105239075,13.224087340251737,4.409432580139748,11.446727171477233,3.8051103105239075,0.0,0.0
14.149999999872007,0.42973407268227826,0.38493383055857033,0.0,251.89362907291118,287.573532223428,0.007915240179753341,0.02188591488399964,0.0,0.0,1.0,1.0,11.449470311139498,3.8034008406898034,13.224087340251755,4.406371537166467,11.449470311139498,3.8034008406898034,0.0,0.0
14.158333333205219,0.4291421736691765,0.38388557503898446,0.0,251.65686946767045,287.15423001559367,0.007868859365693957,0.02185163967081357,0.0,0.0,1.0,1.0,11.452200672476595,3.8016875717999916,13.224087340251751,4.403312619179549,11.452200672476595,3.8016875717999916,0.0,0.0
14.16666666653843,0.42855375976701643,0.3828364081953408,0.0,251.42150390680644,286.7345632781362,0.007822303642234484,0.02181728074309591,0.0,0.0,1.0,1.0,11.454918201559924,3.7999704946667285,13.224087340251746,4.400255824703819,11.454918201559924,3.7999704946667285,0.0,0.0
14.174999999871643,0.4279688442847871,0.3817863230206996,0.0,251.1875377139147,286.31452920827974,0.007775567888562547,0.02178283747471359,0.0,0.0,1.0,1.0,11.457622842258395,3.798249599393404,13.224087340251755,4.397201152265128,11.457622842258395,3.798249599393404,0.0,0.0
14.183333333204855,0.4273874409274381,0.3807353121597301,0.0,250.9549763709751,285.89412486389193,0.007728646660275719,0.021748309223137353,0.0,0.0,1.0,1.0,11.460314536119439,3.796524875336685,13.224087340251753,4.394148600390348,11.460314536119439,3.796524875336685,0.0,0.0
14.191666666538067,0.4268095638218665,0.3796833678839917,0.0,250.72382552874646,285.4733471535966,0.007681534142901202,0.021713695328472803,0.0,0.0,1.0,1.0,11.462993222233413,3.7947963110633016,13.224087340251753,4.391098167607375,11.462993222233413,3.7947963110633016,0.0,0.0
14.19999999987128,0.4262352275465918,0.37863048206360106,0.0,250.4940910186366,285.05219282544033,0.007634224099878786,0.02167899511236187,0.0,0.0,1.0,1.0,11.465658837080195,3.793063894300936,13.224087340251774,4.38804985244514,11.465658837080195,3.793063894300936,0.0,0.0
14.208333333204491,0.4256644471655705,0.37757664613484765,0.0,250.26577886622806,284.63065845393896,0.007586709814011931,0.021644207876738528,0.0,0.0,1.0,1.0,11.468311314355338,3.7913276118824397,13.224087340251785,4.385003653433562,11.468311314355338,3.7913276118824397,0.0,0.0
14.216666666537703,0.4250972382666858,0.3765218510632342,0.0,250.03889530667416,284.20874042529357,0.00753898402118095,0.021609332902419905,0.0,0.0,1.0,1.0,11.47095058477345,3.7895874496825432,13.224087340251772,4.381959569103614,11.47095058477345,3.7895874496825432,0.0,0.0
14.224999999870915,0.4245336170055446,0.3754660873013214,0.0,249.8134468022177,283.78643492052845,0.007491038834843383,0.021574369447509976,0.0,0.0,1.0,1.0,11.47357657584539,3.7878433925460193,13.22408734025174,4.378917597987286,11.47357657584539,3.7878433925460193,0.0,0.0
14.233333333204127,0.42397360015533875,0.3744093447406398,0.0,249.58944006213537,283.36373789625577,0.0074428656595050165,0.02153931674558929,0.0,0.0,1.0,1.0,11.476189211625694,3.786095424206197,13.22408734025174,4.375877738617552,11.476189211625694,3.786095424206197,0.0,0.0
14.24166666653734,0.4234172051636824,0.37335161265676386,0.0,249.36688206547282,282.9406450627054,0.0073944550909071805,0.021504174003657985,0.0,0.0,1.0,1.0,11.478788412425788,3.784343527192074,13.224087340251762,4.372839989528459,11.478788412425788,3.784343527192074,0.0,0.0
14.249999999870552,0.42286445021751834,0.3722928796464888,0.0,249.14578008700718,282.5171518585954,0.007345796800101845,0.02146894039979368,0.0,0.0,1.0,1.0,11.481374094487599,3.782587682722757,13.224087340251755,4.369804349255033,11.481374094487599,3.782587682722757,0.0,0.0
14.258333333203764,0.4223153543174373,0.3712331335557751,0.0,248.92614172697478,282.0932534223099,0.007296879397840519,0.021433615080476427,0.0,0.0,1.0,1.0,11.483946169610867,3.780827870586495,13.22408734025179,4.366770816333338,11.483946169610867,3.780827870586495,0.0,0.0
14.266666666536976,0.42176993736304624,0.37017236139686666,0.0,248.70797494521835,281.66894455874655,0.007247690274703499,0.021398197157523134,0.0,0.0,1.0,1.0,11.486504544726275,3.7790640690021893,13.224087340251794,4.3637393893004255,11.486504544726275,3.7790640690021893,0.0,0.0
14.274999999870188,0.42122822025142215,0.3691105492525623,0.0,248.49128810056874,281.2442197010248,0.00719821541105993,0.02136268570455925,0.0,0.0,1.0,1.0,11.48904912140426,3.7772962544597415,13.224087340251767,4.360710066694383,11.48904912140426,3.7772962544597415,0.0,0.0
14.2833333332034,0.42069022499118813,0.36804768216515654,0.0,248.27608999647512,280.81907286606247,0.007148439149118505,0.02132707975293852,0.0,0.0,1.0,1.0,11.49157979528724,3.7755244015354186,13.224087340251744,4.357682847054313,11.49157979528724,3.7755244015354186,0.0,0.0
14.291666666536612,0.42015597483542605,0.36698374400687195,0.0,248.06238993417028,280.39349760274865,0.007098343916798033,0.021291378286997426,0.0,0.0,1.0,1.0,11.494096455429345,3.7737484826769006,13.22408734025175,4.354657728920328,11.494096455429345,3.7737484826769006,0.0,0.0
14.299999999869824,0.4196254944375299,0.36591871732773246,0.0,247.85019777501182,279.9674869310928,0.007047909889575613,0.021255580238499713,0.0,0.0,1.0,1.0,11.496598983523683,3.771968467951546,13.224087340251753,4.351634710833561,11.496598983523683,3.771968467951546,0.0,0.0
14.308333333203036,0.41909881003533234,0.3648525831756227,0.0,247.6395240141328,279.54103327024893,0.006997114571340717,0.021219684480083954,0.0,0.0,1.0,1.0,11.499087252991123,3.7701843247491795,13.224087340251762,4.348613791336145,11.499087252991123,3.7701843247491795,0.0,0.0
14.316666666536248,0.41857594967051354,0.36378532088159465,0.0,247.43037986820528,279.11412835263775,0.00694593226775017,0.021183689817467474,0.0,0.0,1.0,1.0,11.501561127895986,3.768396017428267,13.22408734025172,4.345594968971237,11.501561127895986,3.768396017428267,0.0,0.0
14.32499999986946,0.41805694345269523,0.3627169078011376,0.0,247.22277738107795,278.6867631204549,0.006894333414250234,0.02114759498007735,0.0,0.0,1.0,1.0,11.504020461643222,3.76660350689034,13.22408734025168,4.342578242282997,11.504020461643222,3.76660350689034,0.0,0.0
14.333333333202672,0.41754182388106625,0.36164731899868663,0.0,247.01672955242634,278.25892759947453,0.006842283703411063,0.021111398609657956,0.0,0.0,1.0,1.0,11.506465095394011,3.7648067500619917,13.224087340251693,4.339563609816612,11.506465095394011,3.7648067500619917,0.0,0.0
14.341666666535884,0.4170306262415056,0.3605765268575863,0.0,246.8122504966021,277.8306107430344,0.006789742928247247,0.0210750992462264,0.0,0.0,1.0,1.0,11.508894856112393,3.763005699255702,13.22408734025168,4.336551070118242,11.508894856112393,3.763005699255702,0.0,0.0
14.349999999869096,0.4165233891050112,0.35950450058992517,0.0,246.60935564200432,277.40180023597,0.0067366634118586,0.021038695310473594,0.0,0.0,1.0,1.0,11.511309554116897,3.7612003013678876,13.224087340251666,4.333540621735104,11.511309554116897,3.7612003013678876,0.0,0.0
14.358333333202308,0.4160201549657025,0.35843120560829794,0.0,246.40806198628084,276.97248224331906,0.0066829878135211225,0.021002185081274796,0.0,0.0,1.0,1.0,11.513708979951032,3.759390496853012,13.224087340251666,4.330532263215387,11.513708979951032,3.759390496853012,0.0,0.0
14.36666666653552,0.4155209710773334,0.3573566027009794,0.0,246.2083884309332,276.5426410803916,0.006628645955069059,0.02096556666625368,0.0,0.0,1.0,1.0,11.516092900285866,3.757576218378818,13.224087340251632,4.3275259931083125,11.516092900285866,3.757576218378818,0.0,0.0
14.374999999868733,0.4150258905834411,0.35628064691603656,0.0,246.01035623337629,276.11225876641447,0.006573550026895768,0.020928837962086506,0.0,0.0,1.0,1.0,11.518461052391965,3.7557573890103417,13.224087340251637,4.324521809964069,11.518461052391965,3.7557573890103417,0.0,0.0
14.383333333201945,0.41453497410394413,0.35520328599252027,0.0,245.8139896415775,275.681314397008,0.006517586933058083,0.02089199659888165,0.0,0.0,1.0,1.0,11.520813136389492,3.7539339196609975,13.224087340251616,4.3215197123339175,11.520813136389492,3.7539339196609975,0.0,0.0
14.391666666535157,0.4140482920790342,0.3541244580394386,0.0,245.61931683161356,275.2497832157753,0.00646060513018546,0.020855039858180893,0.0,0.0,1.0,1.0,11.523148803816126,3.7521057053282827,13.224087340251627,4.318519698770063,11.523148803816126,3.7521057053282827,0.0,0.0
14.399999999868369,0.4135659284875244,0.35304408784802577,0.0,245.42637139500962,274.8176351392102,0.006402389515227475,0.020817964543167762,0.0,0.0,1.0,1.0,11.525467639517915,3.7502726191233067,13.224087340251629,4.315521767825743,11.525467639517915,3.7502726191233067,0.0,0.0
14.40833333320158,0.41308798741633,0.35196208036585047,0.0,245.23519496653185,274.38483214634005,0.006342605181726127,0.020780766749923144,0.0,0.0,1.0,1.0,11.527769129703767,3.7484345017241547,13.224087340251634,4.312525918055205,11.527769129703767,3.7484345017241547,0.0,0.0
14.416666666534793,0.4126146070641891,0.350878306761773,0.0,245.0458428256755,273.95132270470907,0.006280628681311167,0.020743441381246626,0.0,0.0,1.0,1.0,11.530052593959748,3.7465911388968762,13.224087340251646,4.309532148013677,11.530052593959748,3.7465911388968762,0.0,0.0
14.424999999868005,0.41214601078199303,0.34979255352232164,0.0,244.85840431279706,273.51702140892854,0.0062142447368636125,0.02070598038337421,0.0,0.0,1.0,1.0,11.532316937946995,3.7447421795635445,13.224087340251643,4.306540456257411,11.532316937946995,3.7447421795635445,0.0,0.0
14.433333333201217,0.41168255950592686,0.34870447038449287,0.0,244.6730238023706,273.081788153797,0.0061448603615956564,0.020668370894747073,0.0,0.0,1.0,1.0,11.534560398535982,3.742887051701968,13.224087340251623,4.303550841343657,11.534560398535982,3.742887051701968,0.0,0.0
14.441666666534429,0.4112242732178177,0.34761404861391987,0.0,244.4897092871269,272.64561944556783,0.006076505090643671,0.020630611783132018,0.0,0.0,1.0,1.0,11.536782858081422,3.7410257305654144,13.224087340251602,4.300563301830663,11.536782858081422,3.7410257305654144,0.0,0.0
14.449999999867641,0.41077107545271213,0.3465213758135286,0.0,244.3084301810847,272.20855032541135,0.006009159915029779,0.0205927052674569,0.0,0.0,1.0,1.0,11.538984664463696,3.739158345764018,13.224087340251588,4.29757783627767,11.538984664463696,3.739158345764018,0.0,0.0
14.458333333200853,0.41032289115546783,0.3454265380115884,0.0,244.12915646218698,271.77061520463525,0.00594280624557092,0.020554653525033707,0.0,0.0,1.0,1.0,11.541166158203916,3.737285024130493,13.224087340251572,4.294594443244948,11.541166158203916,3.737285024130493,0.0,0.0
14.466666666534065,0.40987964664967524,0.3443296196958716,0.0,243.95185865986994,271.3318478783485,0.005877425902102483,0.020516458692520036,0.0,0.0,1.0,1.0,11.543327672657835,3.735405889793245,13.224087340251582,4.2916131212937305,11.543327672657835,3.735405889793245,0.0,0.0
14.474999999867277,0.40944126960737676,0.3432307038469502,0.0,243.77650784295056,270.89228153877997,0.005813001103017138,0.020478122866854496,0.0,0.0,1.0,1.0,11.545469534203868,3.7335210642474963,13.224087340251547,4.288633868986277,11.545469534203868,3.7335210642474963,0.0,0.0
14.48333333320049,0.4090076890195592,0.34212987197064615,0.0,243.60307560782354,270.45194878825833,0.005749514455108287,0.020439648106166605,0.0,0.0,1.0,1.0,11.547592062425139,3.7316306664238654,13.224087340251565,4.285656684885814,11.547592062425139,3.7316306664238654,0.0,0.0
14.491666666533702,0.40857883516739696,0.34102720412966797,0.0,243.43153406695865,270.01088165186707,0.00568694894370836,0.020401036430662337,0.0,0.0,1.0,1.0,11.54969557028592,3.729734812755062,13.224087340251575,4.282681567556597,11.54969557028592,3.729734812755062,0.0,0.0
14.499999999866914,0.4081546395942233,0.3399227789744485,0.0,243.26185583768918,269.56911158977925,0.005625287923112018,0.020362289823485567,0.0,0.0,1.0,1.0,11.551780364302646,3.7278336172404005,13.2240873402516,4.279708515563883,11.551780364302646,3.7278336172404005,0.0,0.0
14.508333333200126,0.40773503507820963,0.338816673773215,0.0,243.0940140312837,269.1266695092859,0.005564515107275402,0.020323410231556763,0.0,0.0,1.0,1.0,11.5538467447097,3.725927191508394,13.224087340251575,4.276737527473879,11.5538467447097,3.725927191508394,0.0,0.0
14.516666666533338,0.4073199556057324,0.337708964441308,0.0,242.92798224229284,268.68358577652305,0.005504614560782313,0.020284399566389166,0.0,0.0,1.0,1.0,11.555895005620107,3.724015644877421,13.22408734025161,4.2737686018538295,11.555895005620107,3.724015644877421,0.0,0.0
14.52499999986655,0.40690933634540866,0.33659972556977075,0.0,242.76373453816333,268.2398902279082,0.005445570690068891,0.02024525970488325,0.0,0.0,1.0,1.0,11.557925435181355,3.7220990844144852,13.224087340251609,4.270801737271965,11.557925435181355,3.7220990844144852,0.0,0.0
14.533333333199762,0.40650311362277836,0.33548903045323597,0.0,242.6012454491112,267.79561218129425,0.005387368234898229,0.020205992490100442,0.0,0.0,1.0,1.0,11.559938315726521,3.720177614992345,13.224087340251577,4.267836932297497,11.559938315726521,3.720177614992345,0.0,0.0
14.541666666532974,0.4061012248956181,0.3343769511171166,0.0,242.4404899582471,267.35078044684656,0.005329992260077205,0.02016659973201611,0.0,0.0,1.0,1.0,11.561933923920988,3.7182513393447967,13.224087340251579,4.264874185500667,11.561933923920988,3.7182513393447967,0.0,0.0
14.549999999866186,0.4057036087298686,0.3332635583441374,0.0,242.2814434919473,266.90542333765484,0.005273428147407836,0.020127083208253183,0.0,0.0,1.0,1.0,11.563912530904334,3.7163203581203224,13.22408734025157,4.261913495452641,11.563912530904334,3.7163203581203224,0.0,0.0
14.558333333199398,0.4053102047761534,0.3321489217002106,0.0,242.12408191046126,266.4595686800841,0.005217661587865305,0.02008744466479638,0.0,0.0,1.0,1.0,11.565874402428673,3.714384769934188,13.224087340251574,4.258954860725637,11.565874402428673,3.714384769934188,0.0,0.0
14.56666666653261,0.40492095374688003,0.3310331095596879,0.0,241.96838149875188,266.01324382387503,0.005162678573996059,0.020047685816688143,0.0,0.0,1.0,1.0,11.567819798992288,3.712444671418972,13.224087340251613,4.255998279892846,11.567819798992288,3.712444671418972,0.0,0.0
14.574999999865822,0.4045357973939008,0.32991618912998855,0.0,241.81431895756018,265.5664756519953,0.005108465392528702,0.020007808348706246,0.0,0.0,1.0,1.0,11.569748975969636,3.710500157273588,13.22408734025159,4.253043751528446,11.569748975969636,3.710500157273588,0.0,0.0
14.583333333199034,0.40415467848672054,0.3287982264756393,0.0,241.66187139468806,265.11929059025556,0.005055008617190977,0.019967813916024167,0.0,0.0,1.0,1.0,11.571662183737418,3.7085513203109075,13.224087340251591,4.250091274207594,11.571662183737418,3.7085513203109075,0.0,0.0
14.591666666532246,0.40377754079123607,0.32767928654172973,0.0,241.51101631649428,264.67171461669176,0.005002295101726673,0.01992770414485441,0.0,0.0,1.0,1.0,11.573559667797184,3.7065982515039235,13.22408734025158,4.247140846506457,11.573559667797184,3.7065982515039235,0.0,0.0
14.599999999865458,0.4034043290489918,0.326559433176808,0.0,241.36173161959658,264.2237732707231,0.004950311973105966,0.019887480633075567,0.0,0.0,1.0,1.0,11.575441668894085,3.704641040030659,13.224087340251552,4.244192467002186,11.575441668894085,3.704641040030659,0.0,0.0
14.60833333319867,0.40303498895693624,0.32543872915522193,0.0,241.21399558277434,263.77549166208865,0.004899046624923032,0.019847144950843127,0.0,0.0,1.0,1.0,11.577308423132276,3.702679773317688,13.224087340251554,4.241246134272919,11.577308423132276,3.702679773317688,0.0,0.0
14.616666666531883,0.4026694671476691,0.32431723619893255,0.0,241.0677868590675,263.3268944795729,0.004848486710975859,0.019806698641185096,0.0,0.0,1.0,1.0,11.579160162087154,3.7007145370824976,13.224087340251545,4.238301846897772,11.579160162087154,3.7007145370824976,0.0,0.0
14.624999999865095,0.4023077111701612,0.3231950149988033,0.0,240.9230844680643,262.8780059995212,0.004798620139021598,0.019766143220582365,0.0,0.0,1.0,1.0,11.580997112914273,3.6987454153745074,13.224087340251524,4.235359603456852,11.580997112914273,3.6987454153745074,0.0,0.0
14.633333333198307,0.40194966947093763,0.32207212523538886,0.0,240.77986778837493,262.42885009415545,0.004749435064703043,0.01972548017953462,0.0,0.0,1.0,1.0,11.582819498455065,3.6967724906150696,13.224087340251497,4.23241940253126,11.582819498455065,3.6967724906150696,0.0,0.0
14.641666666531519,0.40159529137570965,0.320948625599232,0.0,240.6381165502837,261.9794502396927,0.004700919885640262,0.019684710983112128,0.0,0.0,1.0,1.0,11.584627537339603,3.6947958436362245,13.224087340251483,4.229481242703065,11.584627537339603,3.6947958436362245,0.0,0.0
14.64999999986473,0.4012445270714433,0.31982457381067864,0.0,240.4978108285772,261.52982952427135,0.004653063235682766,0.019643837071493538,0.0,0.0,1.0,1.0,11.586421444086715,3.6928155537183884,13.224087340251476,4.226545122555342,11.586421444086715,3.6928155537183884,0.0,0.0
14.658333333197943,0.4008973275888536,0.3187000266392332,0.0,240.3589310355413,261.0800106556932,0.004605853979317051,0.019602859860490603,0.0,0.0,1.0,1.0,11.588201429200883,3.690831698626997,13.224087340251483,4.223611040672115,11.588201429200883,3.690831698626997,0.0,0.0
14.666666666531155,0.4005536447853124,0.3175750399224577,0.0,240.22145791412484,260.63001596898295,0.004559281206225119,0.0195617807420597,0.0,0.0,1.0,1.0,11.589967699266628,3.6888443546480914,13.22408734025152,4.220678995638444,11.589967699266628,3.6888443546480914,0.0,0.0
14.674999999864367,0.4002134313281596,0.3164496685844308,0.0,240.08537253126372,260.1798674337722,0.004513334225989159,0.019520601084800863,0.0,0.0,1.0,1.0,11.591720457040347,3.6868535966229583,13.224087340251499,4.217748986040332,11.591720457040347,3.6868535966229583,0.0,0.0
14.683333333197579,0.3998766406784043,0.31532396665378165,0.0,239.95065627136157,259.72958666151254,0.004468002562937931,0.01947932223444463,0.0,0.0,1.0,1.0,11.59345990153944,3.6848594979817544,13.224087340251502,4.214821010464753,11.59345990153944,3.6848594979817544,0.0,0.0
14.691666666530791,0.39954322707480905,0.3141979872813007,0.0,239.81729082992348,259.27919491252015,0.004423275951130925,0.01943794551432681,0.0,0.0,1.0,1.0,11.595186228129108,3.682862130776243,13.224087340251497,4.211895067499711,11.595186228129108,3.682862130776243,0.0,0.0
14.699999999864003,0.39921314551834436,0.31307178275714825,0.0,239.6852582073376,258.8287131028592,0.004379144329475787,0.019396472225851814,0.0,0.0,1.0,1.0,11.596899628606627,3.680861565711599,13.224087340251506,4.208971155734132,11.596899628606627,3.680861565711599,0.0,0.0
14.708333333197215,0.3988863517570049,0.3119454045276667,0.0,239.5545407028018,258.37816181106655,0.0043355978369753615,0.01935490364894479,0.0,0.0,1.0,1.0,11.59860029128343,3.678857872177385,13.224087340251497,4.2060492737579755,11.59860029128343,3.678857872177385,0.0,0.0
14.716666666530427,0.3985628022709768,0.31081890321180633,0.0,239.42512090839057,257.9275612847224,0.004292626808100266,0.01931324104249272,0.0,0.0,1.0,1.0,11.600288401064908,3.6768511182776216,13.224087340251517,4.203129420162131,11.600288401064908,3.6768511182776216,0.0,0.0
14.72499999986364,0.39824245425814864,0.30969232861717705,0.0,239.29698170325932,257.4769314468707,0.004250221768283434,0.019271485644774992,0.0,0.0,1.0,1.0,11.601964139528087,3.6748413708601055,13.224087340251511,4.200211593538513,11.601964139528087,3.6748413708601055,0.0,0.0
14.733333333196851,0.39792526561995445,0.30856572975573415,0.0,239.17010624798166,257.02629190229356,0.004208373429532852,0.019229638673883595,0.0,0.0,1.0,1.0,11.6036276849971,3.6728286955448675,13.224087340251522,4.1972957924799825,11.6036276849971,3.6728286955448675,0.0,0.0
14.741666666530064,0.39761119494754205,0.3074391548591085,0.0,239.04447797901668,256.5756619436433,0.004167072686159175,0.019187701328133334,0.0,0.0,1.0,1.0,11.605279212616788,3.670813156751932,13.224087340251533,4.194382015580371,11.605279212616788,3.670813156751932,0.0,0.0
14.749999999863276,0.3973002015082575,0.3063126513935917,0.0,238.92008060330284,256.12506055743654,0.004126310610614799,0.019145674786462303,0.0,0.0,1.0,1.0,11.606918894424137,3.6687948177283176,13.224087340251508,4.1914702614345245,11.606918894424137,3.6687948177283176,0.0,0.0
14.758333333196488,0.3969922452324383,0.30518626607477906,0.0,238.7968980929752,255.6745064299115,0.004086078449441142,0.019103560208822742,0.0,0.0,1.0,1.0,11.60854689941805,3.66677374057425,13.224087340251511,4.188560528638231,11.60854689941805,3.66677374057425,0.0,0.0
14.7666666665297,0.3966872867005049,0.3040600448818895,0.0,238.67491468020182,255.22401795275567,0.004046367619320787,0.019061358736562888,0.0,0.0,1.0,1.0,11.610163393627085,3.6647499862687614,13.22408734025152,4.185652815788258,11.610163393627085,3.6647499862687614,0.0,0.0
14.774999999862912,0.39638528713034654,0.30293403307176037,0.0,238.55411485213847,254.77361322870402,0.004007169703231932,0.019019071492799633,0.0,0.0,1.0,1.0,11.611768540175403,3.662723614694581,13.22408734025152,4.182747121482356,11.611768540175403,3.662723614694581,0.0,0.0
14.783333333196124,0.39608620836499003,0.30180827519253206,0.0,238.43448334599586,254.3233100770127,0.00396847644670152,0.0189766995827826,0.0,0.0,1.0,1.0,11.613362499347113,3.660694684662371,13.22408734025152,4.179843444319258,11.613362499347113,3.660694684662371,0.0,0.0
14.791666666529336,0.3957900128605459,0.30068281509702827,0.0,238.3160051442182,253.87312603881117,0.003930279754154638,0.01893424409424968,0.0,0.0,1.0,1.0,11.614945428648786,3.6586632539343125,13.22408734025152,4.1769417828986235,11.614945428648786,3.6586632539343125,0.0,0.0
14.799999999862548,0.3954966636744268,0.2995576959558389,0.0,238.1986654697706,253.42307838233546,0.003892571685357525,0.018891706097774318,0.0,0.0,1.0,1.0,11.616517482870398,3.6566293792470956,13.22408734025152,4.174042135821135,11.616517482870398,3.6566293792470956,0.0,0.0
14.80833333319576,0.39520612445382713,0.2984329602701142,0.0,238.08244978153073,252.97318410804553,0.0038553444519509733,0.018849086647104708,0.0,0.0,1.0,1.0,11.618078814144852,3.6545931163343233,13.22408734025152,4.17114450168844,11.618078814144852,3.6545931163343233,0.0,0.0
14.816666666528972,0.3949183594244602,0.297308649884076,0.0,237.96734376978392,252.52345995363027,0.0038185904140721253,0.01880638677949522,0.0,0.0,1.0,1.0,11.619629572005573,3.6525545199482776,13.22408734025152,4.168248879103133,11.619629572005573,3.6525545199482776,0.0,0.0
14.824999999862184,0.3946333333795453,0.2961848059972576,0.0,237.85333335181798,252.07392239890294,0.0037823020770616656,0.01876360751603024,0.0,0.0,1.0,1.0,11.621169903443011,3.6505136438812125,13.22408734025152,4.165355266668797,11.621169903443011,3.6505136438812125,0.0,0.0
14.833333333195396,0.3943510116690389,0.2950614691764712,0.0,237.74040466761542,251.62458767058837,0.0037464720882543056,0.01872074986194051,0.0,0.0,1.0,1.0,11.622699952959495,3.6484705409860276,13.22408734025152,4.162463662989972,11.622699952959495,3.6484705409860276,0.0,0.0
14.841666666528608,0.39407136018910316,0.2939386793675189,0.0,237.62854407564112,251.1754717470074,0.003711093233850144,0.018677814806912357,0.0,0.0,1.0,1.0,11.62421986262275,3.6464252631964036,13.22408734025152,4.159574066672169,11.62421986262275,3.6464252631964036,0.0,0.0
14.84999999986182,0.3937943453718068,0.2928164759066446,0.0,237.51773814872257,250.72659036265773,0.0036761584358644705,0.018634803325389797,0.0,0.0,1.0,1.0,11.625729772117849,3.644377861546504,13.22408734025152,4.156686476321879,11.625729772117849,3.644377861546504,0.0,0.0
14.858333333195032,0.3935199341750501,0.2916948975317407,0.0,237.4079736700199,250.27795901269616,0.003641660749153823,0.018591716376869852,0.0,0.0,1.0,1.0,11.627229818798362,3.6423283861901394,13.22408734025152,4.153800890546555,11.627229818798362,3.6423283861901394,0.0,0.0
14.866666666528245,0.39324809407271266,0.2905739823933128,0.0,237.29923762908493,249.829592957325,0.003607593358516463,0.018548554906191273,0.0,0.0,1.0,1.0,11.628720137735627,3.640276886419383,13.22408734025152,4.150917307954616,11.628720137735627,3.640276886419383,0.0,0.0
14.874999999861457,0.39297879304501443,0.28945376806520506,0.0,237.19151721800563,249.3815072260819,0.0035739495758648184,0.018505319843816634,0.0,0.0,1.0,1.0,11.630200861767053,3.6382234106828286,13.22408734025152,4.148035727155437,11.630200861767053,3.6382234106828286,0.0,0.0
14.883333333194669,0.39271199956908553,0.2883342915550995,0.0,237.08479982763407,248.93371662203967,0.003540722837467955,0.018462012106108257,0.0,0.0,1.0,1.0,11.631672121543355,3.6361680066032958,13.22408734025152,4.145156146759382,11.631672121543355,3.6361680066032958,0.0,0.0
14.89166666652788,0.3924476826097412,0.2872155893147868,0.0,236.97907304389634,248.48623572591458,0.0035079067012622816,0.01841863259559788,0.0,0.0,1.0,1.0,11.633134045574216,3.6341107209951717,13.22408734025152,4.142278565377754,11.633134045574216,3.6341107209951717,0.0,0.0
14.899999999861093,0.39218581161045696,0.2860976972502211,0.0,236.87432464418265,248.03907890008833,0.003475494844228628,0.01837518220125042,0.0,0.0,1.0,1.0,11.63458676027342,3.6320515998812635,13.22408734025152,4.13940298162281,11.63458676027342,3.6320515998812635,0.0,0.0
14.908333333194305,0.39192635648453567,0.2849806507313578,0.0,236.77054259381413,247.59226029254302,0.003443481059833514,0.01833166179872181,0.0,0.0,1.0,1.0,11.636030390002023,3.629990688509236,13.22408734025152,4.136529394107828,11.636030390002023,3.629990688509236,0.0,0.0
14.916666666527517,0.3916692876064665,0.28386448460178576,0.0,236.66771504258645,247.1457938407142,0.0034118592555333464,0.018288072250611243,0.0,0.0,1.0,1.0,11.637465057111296,3.627928031367689,13.22408734025152,4.133657801446977,11.637465057111296,3.627928031367689,0.0,0.0
14.924999999860729,0.3914145758034666,0.28274923318815365,0.0,236.5658303213865,246.69969327526132,0.0033806234503392144,0.018244414406707824,0.0,0.0,1.0,1.0,11.63889088198414,3.6258636722018185,13.22408734025152,4.130788202255451,11.63889088198414,3.6258636722018185,0.0,0.0
14.933333333193941,0.3911621923472049,0.28163493030939835,0.0,236.46487693888182,246.25397212375924,0.003349767772441285,0.01820068910423181,0.0,0.0,1.0,1.0,11.64030798307565,3.6237976540286487,13.22408734025152,4.127920595149364,11.64030798307565,3.6237976540286487,0.0,0.0
14.941666666527153,0.390912108945701,0.2805216092857807,0.0,236.36484357828027,245.80864371431215,0.0033192864568906298,0.018156897168070667,0.0,0.0,1.0,1.0,11.641716476952606,3.621730019151988,13.22408734025152,4.125054978745808,11.641716476952606,3.621730019151988,0.0,0.0
14.949999999860365,0.39066429773539646,0.2794093029477294,0.0,236.26571909415844,245.36372117909164,0.003289173843337272,0.018113039411009908,0.0,0.0,1.0,1.0,11.64311647833215,3.619660809176911,13.22408734025152,4.1221913516628295,11.64311647833215,3.619660809176911,0.0,0.0
14.958333333193577,0.39041873127339266,0.27829804364450317,0.0,236.16749250935692,244.91921745780115,0.0032594243738226438,0.018069116633959006,0.0,0.0,1.0,1.0,11.644508100119225,3.617590065023995,13.22408734025152,4.119329712519426,11.644508100119225,3.617590065023995,0.0,0.0
14.96666666652679,0.39017538252985384,0.27718786325266925,0.0,236.0701530119414,244.47514530106758,0.0032300325906253055,0.01802512962617238,0.0,0.0,1.0,1.0,11.645891453443536,3.6155178269431385,13.22408734025152,4.116470059935577,11.645891453443536,3.6155178269431385,0.0,0.0
14.974999999860001,0.3899342248805669,0.2760787931844093,0.0,235.9736899522266,244.0315172737636,0.0032009931341580302,0.01798107916546568,0.0,0.0,1.0,1.0,11.64726664769533,3.613444134527057,13.22408734025152,4.113612392532203,11.64726664769533,3.613444134527057,0.0,0.0
14.983333333193213,0.3896952320996608,0.27497086439565144,0.0,235.87809283986417,243.58834575826046,0.003172300740915534,0.017936966018427432,0.0,0.0,1.0,1.0,11.648633790560309,3.6113690267245238,13.22408734025152,4.1107567089311745,11.648633790560309,3.6113690267245238,0.0,0.0
14.991666666526426,0.3894583783524751,0.27386410739403355,0.0,235.7833513409899,243.1456429576133,0.0031439502414708125,0.01789279094062613,0.0,0.0,1.0,1.0,11.64999298805401,3.609292541853209,13.22408734025152,4.107903007755339,11.64999298805401,3.609292541853209,0.0,0.0
14.999999999859638,0.38922363818857875,0.2727585522467068,0.0,235.68945527543136,242.7034208986826,0.003115936558519257,0.017848554676813025,0.0,0.0,1.0,1.0,11.65134434455493,3.6072147176122176,13.22408734025152,4.105051287628475,11.65134434455493,3.6072147176122176,0.0,0.0
15.00833333319285,0.38899098653493175,0.2716542285879741,0.0,235.59639461397256,242.2616914351895,0.0030882547049689325,0.017804257961120507,0.0,0.0,1.0,1.0,11.652687962837305,3.605135591094455,13.22408734025152,4.102201547175363,11.652687962837305,3.605135591094455,0.0,0.0
15.016666666526062,0.3887603986891908,0.2705511656267759,0.0,235.50415947567618,241.82046625071024,0.003060899782076153,0.017759901517256385,0.0,0.0,1.0,1.0,11.654023944102718,3.6030551987985495,13.22408734025152,4.099353785021685,11.654023944102718,3.6030551987985495,0.0,0.0
15.024999999859274,0.3885318503131512,0.26944939215402164,0.0,235.41274012526034,241.37975686160854,0.0030338669776248275,0.01771548605869405,0.0,0.0,1.0,1.0,11.655352388011433,3.6009735766405284,13.22408734025152,4.096507999794096,11.655352388011433,3.6009735766405284,0.0,0.0
15.033333333192486,0.388305317426325,0.268348936549773,0.0,235.32212697052987,240.93957461990908,0.0030071515641486913,0.017671012288858652,0.0,0.0,1.0,1.0,11.656673392712495,3.5988907599653244,13.22408734025152,4.093664190120204,11.656673392712495,3.5988907599653244,0.0,0.0
15.041666666525698,0.3880807763996503,0.26724982679028136,0.0,235.23231055985997,240.49993071611243,0.002980748897195026,0.017626480901309458,0.0,0.0,1.0,1.0,11.657987054873386,3.596806783557893,13.22408734025152,4.090822354628587,11.657987054873386,3.596806783557893,0.0,0.0
15.04999999985891,0.38785820394932824,0.2661520904548828,0.0,235.14328157973117,240.060836181953,0.0029546544136289216,0.01758189257991831,0.0,0.0,1.0,1.0,11.659293469709208,3.5947216816540863,13.22408734025152,4.087982491948767,11.659293469709208,3.5947216816540863,0.0,0.0
15.058333333192122,0.38763757713078917,0.26505575473275444,0.0,235.05503085231553,239.62230189310168,0.0029288636299772534,0.017537247999044513,0.0,0.0,1.0,1.0,11.660592731010675,3.5926354879513887,13.22408734025152,4.085144600711191,11.660592731010675,3.5926354879513887,0.0,0.0
15.066666666525334,0.3874188733327759,0.2639608464295346,0.0,234.96754933311024,239.18433857181373,0.0029033721408106275,0.017492547823706003,0.0,0.0,1.0,1.0,11.661884931171846,3.5905482356192553,13.22408734025152,4.082308679547293,11.661884931171846,3.5905482356192553,0.0,0.0
15.074999999858546,0.38720207027155285,0.2628673919738115,0.0,234.880828108621,238.74695678952446,0.0028781756171632426,0.017447792709747105,0.0,0.0,1.0,1.0,11.663170161217222,3.5884599573092957,13.22408734025152,4.079474727089429,11.663170161217222,3.5884599573092957,0.0,0.0
15.083333333191758,0.3869871459852275,0.26177541742348065,0.0,234.79485839409085,238.31016696939213,0.0028532698049888857,0.01740298330400277,0.0,0.0,1.0,1.0,11.664448510827937,3.586370685165232,13.22408734025152,4.076642741970924,11.664448510827937,3.586370685165232,0.0,0.0
15.09166666652497,0.38677407882819015,0.26068494847197654,0.0,234.7096315312759,237.8739793887905,0.0028286505236527057,0.017358120244459485,0.0,0.0,1.0,1.0,11.665720068367763,3.58428045083258,13.22408734025152,4.073812722826038,11.665720068367763,3.58428045083258,0.0,0.0
15.099999999858182,0.38656284746566283,0.25959601045438174,0.0,234.625138986265,237.43840418175256,0.0028043136644573903,0.017313204160412987,0.0,0.0,1.0,1.0,11.666984920908169,3.5821892854681563,13.22408734025152,4.070984668289993,11.666984920908169,3.5821892854681563,0.0,0.0
15.108333333191394,0.3863534308683587,0.25850862835341126,0.0,234.54137234734333,237.00345134136438,0.0027802551892031754,0.017268235672622638,0.0,0.0,1.0,1.0,11.668243154252815,3.5800972197493364,13.22408734025152,4.068158576998935,11.668243154252815,3.5800972197493364,0.0,0.0
15.116666666524607,0.3861458083072469,0.25742282680528444,0.0,234.45832332289862,236.56913072211364,0.0027564711287805486,0.017223215393462873,0.0,0.0,1.0,1.0,11.669494852961993,3.5780042838831614,13.22408734025152,4.065334447589982,11.669494852961993,3.5780042838831614,0.0,0.0
15.124999999857819,0.38593995934842423,0.2563386301054754,0.0,234.37598373936956,236.13545204219002,0.0027329575817952555,0.017178143927071426,0.0,0.0,1.0,1.0,11.670740100375811,3.57591050761512,13.22408734025152,4.062512278701215,11.670740100375811,3.57591050761512,0.0,0.0
15.13333333319103,0.3857358638480863,0.2552560622143546,0.0,234.29434553923437,235.70242488574172,0.0027097107132242016,0.017133021869494718,0.0,0.0,1.0,1.0,11.67197897863737,3.5738159202379065,13.22408734025152,4.059692068971606,11.67197897863737,3.5738159202379065,0.0,0.0
15.141666666524243,0.3855335019475997,0.2541751467627185,0.0,234.21340077903974,235.2700587050873,0.0026867267531019406,0.017087849808830304,0.0,0.0,1.0,1.0,11.673211568715159,3.5717205505998173,13.22408734025152,4.056873817041108,11.673211568715159,3.5717205505998173,0.0,0.0
15.149999999857455,0.3853328540686705,0.25309590705720997,0.0,234.13314162746806,234.83836282288388,0.0026640019952366223,0.01704262832536642,0.0,0.0,1.0,1.0,11.674437950425162,3.569624427113067,13.22408734025152,4.054057521550598,11.674437950425162,3.569624427113067,0.0,0.0
15.158333333190667,0.38513390090860977,0.25201836608563616,0.0,234.05356036344375,234.40734643425435,0.002641532795955065,0.01699735799171894,0.0,0.0,1.0,1.0,11.675658202452361,3.567527577761886,13.22408734025152,4.051243181141914,11.675658202452361,3.567527577761886,0.0,0.0
15.166666666523879,0.38493662343569,0.25094254652218023,0.0,233.97464937427586,233.97701860887196,0.0026193155728757122,0.01695203937296546,0.0,0.0,1.0,1.0,11.676872402371641,3.565430030110423,13.22408734025152,4.048430794457845,11.676872402371641,3.565430030110423,0.0,0.0
15.174999999857091,0.384741002884594,0.24986847073251392,0.0,233.89640115383745,233.54738829300544,0.0025973468037092007,0.016906673026776835,0.0,0.0,1.0,1.0,11.678080626668486,3.563331811310515,13.22408734025152,4.045620360142107,11.678080626668486,3.563331811310515,0.0,0.0
15.183333333190303,0.38454702075195246,0.2487961607788114,0.0,233.81880830078083,233.11846431152443,0.0025756230250856705,0.016861259503546184,0.0,0.0,1.0,1.0,11.679282950759049,3.5612329481092146,13.22408734025152,4.042811876839338,11.679282950759049,3.5612329481092146,0.0,0.0
15.191666666523515,0.3843546587919676,0.24772563842466405,0.0,233.7418635167869,232.6902553698655,0.0025541408314080083,0.01681579934651523,0.0,0.0,1.0,1.0,11.680479449009823,3.559133466856282,13.22408734025152,4.040005343195171,11.680479449009823,3.559133466856282,0.0,0.0
15.199999999856727,0.3841638990121232,0.24665692513990475,0.0,233.66555960484914,232.26277005596177,0.002532896873730729,0.016770293091898373,0.0,0.0,1.0,1.0,11.68167019475691,3.5570333935113334,13.22408734025152,4.037200757856127,11.68167019475691,3.5570333935113334,0.0,0.0
15.20833333318994,0.3839747236689771,0.24559004210533716,0.0,233.5898894675907,231.83601684213474,0.0025118878586635526,0.016724741269004265,0.0,0.0,1.0,1.0,11.68285526032489,3.554932753651024,13.22408734025152,4.034398119469671,11.68285526032489,3.554932753651024,0.0,0.0
15.216666666523151,0.3837871152640344,0.24452501021737416,0.0,233.51484610561363,231.41000408694953,0.00249111054729909,0.016679144400354985,0.0,0.0,1.0,1.0,11.684034717045218,3.5528315724759136,13.22408734025152,4.031597426684251,11.684034717045218,3.5528315724759136,0.0,0.0
15.224999999856363,0.38360105653970145,0.24346185009259125,0.0,233.44042261588044,230.98474003703637,0.002470561754164283,0.016633503001803142,0.0,0.0,1.0,1.0,11.685208635274227,3.5507298748172964,13.22408734025152,4.028798678149198,11.685208635274227,3.5507298748172964,0.0,0.0
15.233333333189575,0.3834165304753171,0.24240058207218873,0.0,233.36661219012672,230.56023282887537,0.0024502383461947742,0.016587817582646443,0.0,0.0,1.0,1.0,11.68637708441082,3.5486276851438205,13.22408734025152,4.02600187251483,11.68637708441082,3.5486276851438205,0.0,0.0
15.241666666522788,0.3832335202832597,0.24134122622637466,0.0,233.29340811330374,230.13649049054976,0.0024301372417316423,0.016542088645740395,0.0,0.0,1.0,1.0,11.68754013291369,3.546525027568006,13.22408734025152,4.0232070084323714,11.68754013291369,3.546525027568006,0.0,0.0
15.249999999856,0.3830520094051285,0.2402838023586595,0.0,233.22080376205128,229.71352094346366,0.002410255409540099,0.0164963166876086,0.0,0.0,1.0,1.0,11.68869784831828,3.5444219258526006,13.22408734025152,4.020414084553984,11.68869784831828,3.5444219258526006,0.0,0.0
15.258333333189212,0.3828719815079983,0.23922833001007449,0.0,233.14879260319918,229.29133200402967,0.002390589867849532,0.016450502198551174,0.0,0.0,1.0,1.0,11.68985029725318,3.5423184034167576,13.22408734025152,4.017623099532772,11.68985029725318,3.5423184034167576,0.0,0.0
15.266666666522424,0.38269342048074545,0.23817482846330743,0.0,233.07736819229805,228.86993138532284,0.0023711376834143964,0.01640464566275098,0.0,0.0,1.0,1.0,11.690997545456508,3.5402144833422136,13.22408734025152,4.014834052022776,11.690997545456508,3.5402144833422136,0.0,0.0
15.274999999855636,0.38251631043044276,0.23712331674676243,0.0,233.00652417217697,228.44932669870485,0.0023518959705953564,0.01635874755837796,0.0,0.0,1.0,1.0,11.692139657791683,3.538110188379195,13.22408734025152,4.012046940678964,11.692139657791683,3.538110188379195,0.0,0.0
15.283333333188848,0.3823406356788229,0.23607381363854513,0.0,232.93625427152904,228.0295254554179,0.0023328618904603303,0.01631280835769154,0.0,0.0,1.0,1.0,11.69327669826282,3.536005540952249,13.22408734025152,4.009261764157272,11.69327669826282,3.536005540952249,0.0,0.0
15.29166666652206,0.3821663807588085,0.23502633767036935,0.0,232.86655230352326,227.6105350681476,0.002314032649904784,0.016266828527141022,0.0,0.0,1.0,1.0,11.694408730030075,3.5339005631660068,13.22408734025152,4.006478521114505,11.694408730030075,3.5339005631660068,0.0,0.0
15.299999999855272,0.3819935304111085,0.2339809071313961,0.0,232.79741216444327,227.19236285255832,0.0022954055007911233,0.01622080852746427,0.0,0.0,1.0,1.0,11.695535815424407,3.531795276810714,13.22408734025152,4.0036972102084505,11.695535815424407,3.531795276810714,0.0,0.0
15.308333333188484,0.3818220695808762,0.2329375400719972,0.0,232.72882783235036,226.77501602879875,0.0022769777391062253,0.016174748813784418,0.0,0.0,1.0,1.0,11.696658015962162,3.5296897033677546,13.22408734025152,4.000917830097805,11.696658015962162,3.5296897033677546,0.0,0.0
15.316666666521696,0.3816519834144322,0.23189625430745203,0.0,232.66079336577275,226.3585017229807,0.002258746704137205,0.016128649835704965,0.0,0.0,1.0,1.0,11.697775392359214,3.5275838640149964,13.22408734025152,3.998140379442208,11.697775392359214,3.5275838640149964,0.0,0.0
15.324999999854908,0.38148325725604615,0.2308570674215752,0.0,232.59330290241832,225.94282696862996,0.002240709777664514,0.016082512037403067,0.0,0.0,1.0,1.0,11.698888004545259,3.5254777796320664,13.22408734025152,3.9953648569022366,11.698888004545259,3.5254777796320664,0.0,0.0
15.33333333318812,0.38131587664478067,0.22981999677027554,0.0,232.52635065791213,225.5279987081101,0.0022228643831724007,0.016036335857721025,0.0,0.0,1.0,1.0,11.699995911677027,3.523371470805444,13.22408734025152,3.992591261139372,11.699995911677027,3.523371470805444,0.0,0.0
15.341666666521332,0.3811498273113918,0.22878505948505481,0.0,232.4599309245566,225.11402379402182,0.0022052079850758883,0.015990121730256414,0.0,0.0,1.0,1.0,11.701099172151926,3.5212649578335444,13.22408734025152,3.9898195908160274,11.701099172151926,3.5212649578335444,0.0,0.0
15.349999999854544,0.3809850951752885,0.2277522724764359,0.0,232.39403807011527,224.70090899057425,0.0021877380879642256,0.01594387008345024,0.0,0.0,1.0,1.0,11.70219784362118,3.5191582607316554,13.22408734025152,3.987049844595596,11.70219784362118,3.5191582607316554,0.0,0.0
15.358333333187757,0.3808216663415472,0.2267216524373311,0.0,232.32866653661873,224.28866097493233,0.0021704522358602304,0.01589758134067369,0.0,0.0,1.0,1.0,11.70329198300251,3.5170513992366863,13.22408734025152,3.984282021142322,11.70329198300251,3.5170513992366863,0.0,0.0
15.366666666520969,0.38065952709798206,0.22569321584635202,0.0,232.26381083919267,223.87728633854067,0.002153348011495221,0.015851255920313424,0.0,0.0,1.0,1.0,11.70438164649278,3.5149443928119948,13.22408734025152,3.981516119121438,11.70438164649278,3.5149443928119948,0.0,0.0
15.37499999985418,0.38049866391226767,0.22466697897105495,0.0,232.19946556490692,223.46679158842187,0.0021364230355990148,0.015804894235855196,0.0,0.0,1.0,1.0,11.705466889580283,3.5128372606519696,13.22408734025152,3.9787521371990575,11.705466889580283,3.5128372606519696,0.0,0.0
15.383333333187393,0.3803390634291164,0.22364295787112917,0.0,232.13562537164643,223.05718314845154,0.002119674966204969,0.015758496695966052,0.0,0.0,1.0,1.0,11.706547767056886,3.5107300216866175,13.22408734025152,3.9759900740422585,11.706547767056886,3.5107300216866175,0.0,0.0
15.391666666520605,0.38018071246750595,0.22262116840152654,0.0,232.07228498700226,222.64846736061048,0.0021031014979694205,0.015712063704575056,0.0,0.0,1.0,1.0,11.707624333029738,3.508622694585955,13.22408734025152,3.9732299283190238,11.707624333029738,3.508622694585955,0.0,0.0
15.399999999853817,0.3800235980179578,0.22160162621553742,0.0,232.009439207183,222.24065048621486,0.002086700361505209,0.015665595660952727,0.0,0.0,1.0,1.0,11.708696640932839,3.5065152977643796,13.22408734025152,3.9704716986982587,11.708696640932839,3.5065152977643796,0.0,0.0
15.408333333187029,0.3798677072398652,0.22058434676780728,0.0,231.94708289594593,221.8337387071228,0.0020704693227291556,0.01561909295978891,0.0,0.0,1.0,1.0,11.709764743538553,3.50440784938499,13.22408734025152,3.9677153838498027,11.709764743538553,3.50440784938499,0.0,0.0
15.416666666520241,0.3797130274588692,0.2195693453173015,0.0,231.88521098354752,221.42773812692047,0.002054406182222934,0.015572555991269391,0.0,0.0,1.0,1.0,11.710828692968558,3.502300367363677,13.224087340251524,3.9649609824444143,11.710828692968558,3.502300367363677,0.0,0.0
15.424999999853453,0.3795595461642829,0.21855663693021748,0.0,231.823818465713,221.02265477208687,0.002038508774607186,0.015525985141151263,0.0,0.0,1.0,1.0,11.711888540704706,3.5001928693733095,13.224087340251527,3.962208493153774,11.711888540704706,3.5001928693733095,0.0,0.0
15.433333333186665,0.37940725100656114,0.21754623648284296,0.0,231.7629004026243,220.61849459313706,0.0020227749679284928,0.015479380790836857,0.0,0.0,1.0,1.0,11.71294433759978,3.4980853728477053,13.224087340251527,3.9594579146504825,11.71294433759978,3.4980853728477053,0.0,0.0
15.441666666519877,0.3792561297948167,0.21653815866436402,0.0,231.70245191792654,220.21526346574547,0.0020072026630589762,0.015432743317446481,0.0,0.0,1.0,1.0,11.713996133887893,3.4959778949855465,13.224087340251527,3.956709245608066,11.713996133887893,3.4959778949855465,0.0,0.0
15.44999999985309,0.37910617049438033,0.215532417979624,0.0,231.64246819775198,219.81296719184948,0.00199178979310812,0.015386073093889965,0.0,0.0,1.0,1.0,11.71504397919485,3.4938704527543045,13.22408734025153,3.9539624847009764,11.71504397919485,3.4938704527543045,0.0,0.0
15.458333333186301,0.37895736122440477,0.21452902875183197,0.0,231.58294448976176,219.41161150073265,0.001976534322846668,0.015339370488936903,0.0,0.0,1.0,1.0,11.716087922547995,3.491763062893944,13.224087340251536,3.951217630604575,11.716087922547995,3.491763062893944,0.0,0.0
15.466666666519513,0.37880969025551137,0.21352800512522432,0.0,231.5238761022044,219.0112020500896,0.0019614342481422474,0.015292635867285806,0.0,0.0,1.0,1.0,11.717128012386157,3.489655741920696,13.224087340251538,3.9484746819951413,11.717128012386157,3.489655741920696,0.0,0.0
15.474999999852725,0.3786631460074789,0.21252936106767853,0.0,231.46525840299142,218.6117444270713,0.0019464875954064106,0.015245869589632028,0.0,0.0,1.0,1.0,11.718164296569332,3.487548506130619,13.224087340251533,3.945733637549891,11.718164296569332,3.487548506130619,0.0,0.0
15.483333333185938,0.3785177170469728,0.21153311037328182,0.0,231.407086818789,218.2132441493126,0.0019316924210529402,0.015199072012734632,0.0,0.0,1.0,1.0,11.719196822387962,3.4854413716032298,13.224087340251527,3.942994495946943,11.719196822387962,3.4854413716032298,0.0,0.0
15.49166666651915,0.3783733920853156,0.210539266664854,0.0,231.34935683412613,217.8157066659415,0.0019170468109671217,0.015152243489482105,0.0,0.0,1.0,1.0,11.720225636572362,3.483334354204929,13.224087340251529,3.940257255865341,11.720225636572362,3.483334354204929,0.0,0.0
15.499999999852362,0.37823015997629594,0.2095478433964251,0.0,231.29206399051822,217.4191373585699,0.0019025488799856406,0.015105384368956982,0.0,0.0,1.0,1.0,11.72125078530173,3.4812274695924383,13.224087340251529,3.9375219159850334,11.72125078530173,3.4812274695924383,0.0,0.0
15.508333333185574,0.3780880097140162,0.2085588538556715,0.0,231.23520388560632,217.02354154226848,0.0018881967713870271,0.015058494996499474,0.0,0.0,1.0,1.0,11.722272314213017,3.4791207332161873,13.224087340251536,3.9347884749868998,11.722272314213017,3.4791207332161873,0.0,0.0
15.516666666518786,0.37794693043077854,0.2075723111663081,0.0,231.17877217231128,216.62892446652313,0.0018739886563922438,0.01501157571376999,0.0,0.0,1.0,1.0,11.72329026840962,3.477014160323528,13.224087340251547,3.932056931552728,11.72329026840962,3.477014160323528,0.0,0.0
15.524999999851998,0.3778069113950078,0.2065882282904388,0.0,231.12276455800298,216.2352913161754,0.001859922733675364,0.014964626858810708,0.0,0.0,1.0,1.0,11.72430469247012,3.47490776596201,13.224087340251552,3.929327284365219,11.72430469247012,3.47490776596201,0.0,0.0
15.53333333318521,0.3776679420092102,0.20560661803086797,0.0,231.06717680368396,215.84264721234706,0.0018459972288839234,0.014917648766106184,0.0,0.0,1.0,1.0,11.725315630456393,3.47280156498257,13.224087340251543,3.9265995321079985,11.725315630456393,3.47280156498257,0.0,0.0
15.541666666518422,0.37753001180796825,0.20462749303336894,0.0,231.01200472318718,215.45099721334745,0.0018322103941688665,0.014870641766642906,0.0,0.0,1.0,1.0,11.72632312592193,3.4706955720425077,13.224087340251556,3.9238736734656,11.72632312592193,3.4706955720425077,0.0,0.0
15.549999999851634,0.37739311045597057,0.20365086578891486,0.0,230.95724418238808,215.06034631556582,0.0018185605077238893,0.014823606187967964,0.0,0.0,1.0,1.0,11.72732722191997,3.4685898016086436,13.224087340251554,3.921149707123465,11.72732722191997,3.4685898016086436,0.0,0.0
15.558333333184846,0.37725722774607556,0.2026767486358703,0.0,230.90289109843008,214.67069945434798,0.0018050458733338069,0.014776542354246767,0.0,0.0,1.0,1.0,11.728327961011225,3.466484267960233,13.224087340251558,3.9184276317679583,11.728327961011225,3.466484267960233,0.0,0.0
15.566666666518058,0.37712235359740887,0.20170515376214615,0.0,230.84894143896338,214.28206150485835,0.0017916648199319042,0.014729450586319933,0.0,0.0,1.0,1.0,11.729325385271789,3.464378985191893,13.224087340251563,3.9157074460863495,11.729325385271789,3.464378985191893,0.0,0.0
15.57499999985127,0.3769884780534933,0.2007360932073155,0.0,230.79539122139718,213.89443728292608,0.0017784157011660076,0.014682331201759177,0.0,0.0,1.0,1.0,11.730319536300533,3.462273967216474,13.224087340251566,3.9129891487668123,11.730319536300533,3.462273967216474,0.0,0.0
15.583333333184482,0.37685559128041207,0.19976957886469582,0.0,230.74223651216468,213.50783154587822,0.001765296894973136,0.01463518451492249,0.0,0.0,1.0,1.0,11.73131045522668,3.4601692277678406,13.224087340251566,3.9102727384984393,11.73131045522668,3.4601692277678406,0.0,0.0
15.591666666517694,0.3767236835650018,0.19880562248339229,0.0,230.68947342600057,213.12224899335678,0.0017523068031623599,0.014588010837008307,0.0,0.0,1.0,1.0,11.732298182717017,3.4580647804036304,13.22408734025158,3.907558213971247,11.732298182717017,3.4580647804036304,0.0,0.0
15.599999999850906,0.3765927453130784,0.19784423567030854,0.0,230.63709812523123,212.73769426812328,0.0017394438510060406,0.014540810476108983,0.0,0.0,1.0,1.0,11.73328275898309,3.4559606385079924,13.224087340251586,3.9048455738761416,11.73328275898309,3.4559606385079924,0.0,0.0
15.608333333184119,0.3764627670476921,0.19688542989212277,0.0,230.5851068190767,212.35417195684897,0.001726706486838835,0.014493583737263439,0.0,0.0,1.0,1.0,11.734264223788148,3.4538568152941704,13.224087340251575,3.902134816904944,11.734264223788148,3.4538568152941704,0.0,0.0
15.61666666651733,0.37633373940741277,0.19592921647722827,0.0,230.53349576296498,211.97168659089118,0.00171409318166468,0.014446330922508951,0.0,0.0,1.0,1.0,11.735242616454041,3.451753323807132,13.224087340251575,3.8994259417503843,11.735242616454041,3.451753323807132,0.0,0.0
15.624999999850543,0.3762056531446438,0.19497560661764265,0.0,230.4822612578574,211.59024264705693,0.0017016024287712854,0.014399052330932227,0.0,0.0,1.0,1.0,11.736217975867916,3.449650176926096,13.224087340251577,3.896718947106089,11.736217975867916,3.449650176926096,0.0,0.0
15.633333333183755,0.376078499123966,0.19402461137088547,0.0,230.43139964958627,211.20984454835406,0.0016892327433522048,0.014351748258719784,0.0,0.0,1.0,1.0,11.737190340488842,3.44754738736701,13.224087340251584,3.8940138316666095,11.737190340488842,3.44754738736701,0.0,0.0
15.641666666516967,0.3759522683205077,0.19307624166182136,0.0,230.38090732820294,210.8304966647284,0.0016769826621361376,0.01430441899920748,0.0,0.0,1.0,1.0,11.738159748354349,3.4454449676850634,13.224087340251579,3.891310594127393,11.738159748354349,3.4454449676850634,0.0,0.0
15.649999999850179,0.37582695181834397,0.19213050828447376,0.0,230.33078072733744,210.45220331378937,0.001664850743023442,0.014257064842929405,0.0,0.0,1.0,1.0,11.739126237086543,3.4433429302769967,13.224087340251565,3.8886092331847975,11.739126237086543,3.4433429302769967,0.0,0.0
15.658333333183391,0.37570254080892174,0.19118742190380889,0.0,230.28101632356854,210.07496876152345,0.0016528355647295596,0.014209686077666091,0.0,0.0,1.0,1.0,11.740089843898547,3.441241287383533,13.224087340251566,3.885909747536085,11.740089843898547,3.441241287383533,0.0,0.0
15.666666666516603,0.3755790265895124,0.19024699305748624,0.0,230.23161063580483,209.69879722299436,0.0016409357264354184,0.01416228298849193,0.0,0.0,1.0,1.0,11.741050605600494,3.439140051091616,13.22408734025155,3.883212135879415,11.741050605600494,3.439140051091616,0.0,0.0
15.674999999849815,0.3754564005616892,0.1893092321575835,0.0,230.18256022467554,209.32369286303327,0.0016291498474443704,0.01411485585782204,0.0,0.0,1.0,1.0,11.742008558605518,3.437039233336704,13.224087340251549,3.880516396913852,11.742008558605518,3.437039233336704,0.0,0.0
15.683333333183027,0.3753346542298315,0.18837414949229003,0.0,230.13386169193245,208.9496597969159,0.0016174765668458394,0.014067404965458448,0.0,0.0,1.0,1.0,11.74296373893556,3.434938845905011,13.224087340251554,3.877822529339382,11.74296373893556,3.434938845905011,0.0,0.0
15.69166666651624,0.3752137791996525,0.18744175522757264,0.0,230.08551167986084,208.57670209102895,0.0016059145431852656,0.014019930588635567,0.0,0.0,1.0,1.0,11.743916182227133,3.4328389004356343,13.22408734025156,3.875130531856877,11.743916182227133,3.4328389004356343,0.0,0.0
15.699999999849451,0.3750937671767528,0.1865120594088134,0.0,230.03750687070098,208.20482376352524,0.0015944624541403838,0.013972433002065158,0.0,0.0,1.0,1.0,11.744865923736942,3.430739408422707,13.224087340251563,3.872440403168091,11.744865923736942,3.430739408422707,0.0,0.0
15.708333333182663,0.3749746099651974,0.18558507196242083,0.0,229.98984398607882,207.8340287849682,0.0015831189962036212,0.013924912477980634,0.0,0.0,1.0,1.0,11.74581299834743,3.4286403812174884,13.224087340251568,3.8697521419757233,11.74581299834743,3.4286403812174884,0.0,0.0
15.716666666515875,0.37485629946611615,0.18466080269741175,0.0,229.94251978644633,207.4643210789646,0.0015718828843705312,0.013877369286180694,0.0,0.0,1.0,1.0,11.746757440572146,3.4265418300304247,13.224087340251558,3.86706574698335,11.746757440572146,3.4265418300304247,0.0,0.0
15.724999999849087,0.37473882767632766,0.18373926130697066,0.0,229.89553107053092,207.09570452278814,0.0015607528518340624,0.01382980369407259,0.0,0.0,1.0,1.0,11.747699284561014,3.424443765933184,13.224087340251565,3.8643812168954406,11.747699284561014,3.424443765933184,0.0,0.0
15.7333333331823,0.3746221866869859,0.18282045736997865,0.0,229.84887467479422,206.72818294799134,0.001549727649684654,0.013782215966714537,0.0,0.0,1.0,1.0,11.748638564105512,3.4223461998605416,13.22408734025156,3.8616985504173704,11.748638564105512,3.4223461998605416,0.0,0.0
15.741666666515512,0.37450636868224874,0.18190440035252167,0.0,229.80254747289933,206.36176014100855,0.0015388060466158984,0.0137346063668579,0.0,0.0,1.0,1.0,11.749575312643854,3.420249142612412,13.224087340251566,3.859017746255416,11.749575312643854,3.420249142612412,0.0,0.0
15.749999999848724,0.37439136593796896,0.1809910996093697,0.0,229.75654637518744,205.99643984374777,0.0015279868286357657,0.013686975154988568,0.0,0.0,1.0,1.0,11.750509563265823,3.4181526048556976,13.224087340251565,3.8563388031167616,11.750509563265823,3.4181526048556976,0.0,0.0
15.758333333181936,0.37427717082040607,0.18008056438543285,0.0,229.7108683281623,205.63222575417302,0.00151726879878322,0.013639322589367918,0.0,0.0,1.0,1.0,11.751441348717798,3.416056597126146,13.224087340251574,3.8536617197094714,11.751441348717798,3.416056597126146,0.0,0.0
15.766666666515148,0.3741637757849597,0.1791728038171951,0.0,229.66551031398373,205.26912152687794,0.0015066507768501257,0.013591648926073356,0.0,0.0,1.0,1.0,11.752370701407381,3.413961129830173,13.224087340251565,3.850986494742507,11.752370701407381,3.413961129830173,0.0,0.0
15.77499999984836,0.37405117337492344,0.1782678269341205,0.0,229.62046934996923,204.90713077364808,0.0014961315991083358,0.013543954419038128,0.0,0.0,1.0,1.0,11.753297653408202,3.411866213246663,13.224087340251558,3.84831312692575,11.753297653408202,3.411866213246663,0.0,0.0
15.783333333181572,0.3739393562202586,0.17736564266004015,0.0,229.5757424881033,204.54625706401595,0.0014857101180418043,0.013496239320090917,0.0,0.0,1.0,1.0,11.754222236464395,3.4097718575287264,13.224087340251566,3.8456416149699404,11.754222236464395,3.4097718575287264,0.0,0.0
15.791666666514784,0.3738283170363887,0.17646625981451397,0.0,229.53132681455534,204.18650392580548,0.0014753852020837602,0.01344850387899478,0.0,0.0,1.0,1.0,11.755144481995266,3.4076780727054117,13.22408734025157,3.8429719575867516,11.755144481995266,3.4076780727054117,0.0,0.0
15.799999999847996,0.37371804862301267,0.1755696871141705,0.0,229.48721944920493,203.82787484566808,0.0014651557353586079,0.013400748343485704,0.0,0.0,1.0,1.0,11.756064421099502,3.40558486868338,13.224087340251575,3.8403041534887232,11.756064421099502,3.40558486868338,0.0,0.0
15.808333333181208,0.3736085438629376,0.1746759331740249,0.0,229.4434175451749,203.47037326960984,0.001455020617428728,0.01335297295931068,0.0,0.0,1.0,1.0,11.756982084559585,3.403492255248581,13.224087340251575,3.8376382013893,11.756982084559585,3.403492255248581,0.0,0.0
15.81666666651442,0.37349979572093067,0.17378500650877513,0.0,229.39991828837213,203.11400260350993,0.001444978763045846,0.013305177970265388,0.0,0.0,1.0,1.0,11.757897502845957,3.4014002420678087,13.224087340251566,3.8349741000028192,11.757897502845957,3.4014002420678087,0.0,0.0
15.824999999847632,0.37339179724258853,0.17289691553407746,0.0,229.35671889703528,202.75876621363085,0.0014350291019069761,0.013257363618231446,0.0,0.0,1.0,1.0,11.758810706121226,3.399308838690383,13.224087340251574,3.832311848044503,11.758810706121226,3.399308838690383,0.0,0.0
15.833333333180844,0.3732845415532259,0.17201166856779915,0.0,229.3138166212902,202.40466742711953,0.001425170578414881,0.01320953014321316,0.0,0.0,1.0,1.0,11.759721724244164,3.397218054549627,13.224087340251566,3.829651444230486,11.759721724244164,3.397218054549627,0.0,0.0
15.841666666514056,0.37317802185678145,0.1711292738312532,0.0,229.27120874271245,202.05170953250115,0.0014154021514428707,0.013161677783374029,0.0,0.0,1.0,1.0,11.760630586773562,3.395127898964442,13.22408734025157,3.826992887277769,11.760630586773562,3.395127898964442,0.0,0.0
15.849999999847268,0.3730722314347409,0.17024973945041133,0.0,229.22889257389622,201.6998957801644,0.001405722794103872,0.013113806775072756,0.0,0.0,1.0,1.0,11.761537322972321,3.3930383811407676,13.224087340251554,3.824336175904251,11.761537322972321,3.3930383811407676,0.0,0.0
15.85833333318048,0.37296716364507826,0.16937307345709707,0.0,229.18686545803118,201.3492293828387,0.0013961314935237988,0.013065917352898887,0.0,0.0,1.0,1.0,11.762441961811115,3.390949510173066,13.22408734025156,3.8216813088287354,11.762441961811115,3.390949510173066,0.0,0.0
15.866666666513693,0.37286281192121257,0.16849928379015955,0.0,229.1451247684849,200.9997135160637,0.0013866272506188875,0.013018009749708109,0.0,0.0,1.0,1.0,11.763344531972045,3.388861295045745,13.224087340251558,3.819028284770896,11.763344531972045,3.388861295045745,0.0,0.0
15.874999999846905,0.3727591697709822,0.16762837829662897,0.0,229.10366790839277,200.65135131865145,0.0013772090798771922,0.012970084196657232,0.0,0.0,1.0,1.0,11.764245061852424,3.386773744634563,13.224087340251556,3.816377102451313,11.764245061852424,3.386773744634563,0.0,0.0
15.883333333180117,0.37265623077563514,0.16676036473285194,0.0,229.0624923102539,200.30414589314066,0.0013678760091439673,0.012922140923238724,0.0,0.0,1.0,1.0,11.76514357956813,3.3846868677080146,13.224087340251547,3.813727760591448,11.76514357956813,3.3846868677080146,0.0,0.0
15.891666666513329,0.37255398858883476,0.1658952507656092,0.0,229.02159543553375,199.95810030624358,0.0013586270794109243,0.012874180157315031,0.0,0.0,1.0,1.0,11.76604011295727,3.3826006729286706,13.22408734025156,3.8110802579136296,11.76604011295727,3.3826006729286706,0.0,0.0
15.89999999984654,0.3724524369356823,0.16503304397321442,0.0,228.9809747742728,199.61321758928563,0.0013494613446093104,0.01282620212515249,0.0,0.0,1.0,1.0,11.766934689583424,3.3805151688545205,13.224087340251566,3.8084345931411,11.766934689583424,3.3805151688545205,0.0,0.0
15.908333333179753,0.3723515696117534,0.16417375184659544,0.0,228.94062784470123,199.26950073863804,0.0013403778714066589,0.01277820705145494,0.0,0.0,1.0,1.0,11.767827336739098,3.378430363940233,13.224087340251579,3.805790764997984,11.767827336739098,3.378430363940233,0.0,0.0
15.916666666512965,0.3722513804821509,0.16331738179035793,0.0,228.90055219286023,198.92695271614303,0.001331375739007215,0.012730195159397079,0.0,0.0,1.0,1.0,11.7687180814488,3.376346266538451,13.224087340251588,3.80314877220929,11.7687180814488,3.376346266538451,0.0,0.0
15.924999999846177,0.3721518634805716,0.1624639411238329,0.0,228.86074539222852,198.58557644953305,0.001322454038955903,0.012682166670657543,0.0,0.0,1.0,1.0,11.76960695047236,3.374262884901026,13.22408734025159,3.8005086135009063,11.76960695047236,3.374262884901026,0.0,0.0
15.93333333317939,0.3720530126083884,0.1616134370821037,0.0,228.8212050433552,198.24537483284138,0.0013136118749457956,0.01263412180545158,0.0,0.0,1.0,1.0,11.770493970307957,3.3721802271802335,13.224087340251579,3.797870287599603,11.770493970307957,3.3721802271802335,0.0,0.0
15.941666666512601,0.3719548219337458,0.16076587681702026,0.0,228.78192877349818,197.906350726808,0.0013048483626290255,0.012586060782563588,0.0,0.0,1.0,1.0,11.771379167195072,3.3700983014299086,13.224087340251586,3.7952337932330353,11.771379167195072,3.3700983014299086,0.0,0.0
15.949999999845813,0.3718572855906706,0.159921267398194,0.0,228.7429142362681,197.5685069592775,0.0012961626294310507,0.012537983819379322,0.0,0.0,1.0,1.0,11.77226256711757,3.368017115606738,13.224087340251593,3.792599129129752,11.77226256711757,3.368017115606738,0.0,0.0
15.958333333179025,0.37176039777819514,0.1590796158139785,0.0,228.7041591112779,197.23184632559128,0.0012875538143681377,0.012489891131917891,0.0,0.0,1.0,1.0,11.773144195806546,3.365936677571274,13.2240873402516,3.789966294019184,11.773144195806546,3.365936677571274,0.0,0.0
15.966666666512237,0.37166415275949527,0.1582409289724329,0.0,228.66566110379796,196.89637158897304,0.0012790210678682145,0.012441782934863492,0.0,0.0,1.0,1.0,11.774024078743034,3.3638569950890975,13.224087340251613,3.787335286631625,11.774024078743034,3.3638569950890975,0.0,0.0
15.97499999984545,0.3715685448610408,0.15740521370227067,0.0,228.62741794441618,196.56208548090814,0.0012705635515947366,0.012393659441596962,0.0,0.0,1.0,1.0,11.774902241160772,3.3617780758319333,13.224087340251616,3.7847061056982754,11.774902241160772,3.3617780758319333,0.0,0.0
15.983333333178662,0.3714735684717596,0.1565724767537913,0.0,228.5894273887037,196.2289907015164,0.0012621804382737436,0.01234552086422699,0.0,0.0,1.0,1.0,11.775778708049081,3.3596999273786614,13.224087340251604,3.7820787499511925,11.775778708049081,3.3596999273786614,0.0,0.0
15.991666666511874,0.37137921804221413,0.1557427247997987,0.0,228.5516872168855,195.89708991991935,0.0012538709115239056,0.012297367413621252,0.0,0.0,1.0,1.0,11.776653504155156,3.3576225572164047,13.22408734025161,3.779453218123348,11.776653504155156,3.3576225572164047,0.0,0.0
15.999999999845086,0.37128548808379097,0.15491596443650293,0.0,228.51419523351626,195.56638577460106,0.0012456341656896016,0.012249199299437267,0.0,0.0,1.0,1.0,11.777526653986799,3.3555459727415395,13.22408734025162,3.7768295089485466,11.777526653986799,3.3555459727415395,0.0,0.0
16.0083333331783,0.3711923731679022,0.15409220218440917,0.0,228.47694926716073,195.23688087376354,0.0012374694056768052,0.012201016730153122,0.0,0.0,1.0,1.0,11.778398181814804,3.3534701812606755,13.22408734025163,3.7742076211615085,11.778398181814804,3.3534701812606755,0.0,0.0
16.01666666651151,0.3710998679251997,0.1532714444891898,0.0,228.43994717007976,194.9085777956758,0.001229375846791973,0.012152819913097936,0.0,0.0,1.0,1.0,11.779268111675444,3.351395189991652,13.224087340251657,3.7715875534978083,11.779268111675444,3.351395189991652,0.0,0.0
16.024999999844724,0.37100796704480155,0.15245369772254458,0.0,228.40318681792047,194.5814790890177,0.0012213527145836583,0.012104609054482256,0.0,0.0,1.0,1.0,11.780136467372694,3.3493210060644705,13.224087340251668,3.7689693046939268,11.780136467372694,3.3493210060644705,0.0,0.0
16.033333333177936,0.3709166652735283,0.15163896818304504,0.0,228.3666661094112,194.25558727321788,0.001213399244686835,0.012056384359428202,0.0,0.0,1.0,1.0,11.781003272480634,3.3472476365222366,13.224087340251664,3.766352873487202,11.781003272480634,3.3472476365222366,0.0,0.0
16.041666666511148,0.370825957415154,0.1508272620969659,0.0,228.33038296606148,193.93090483878623,0.001205514682670049,0.012008146031999494,0.0,0.0,1.0,1.0,11.781868550345617,3.3451750883220663,13.224087340251673,3.7637382586158536,11.781868550345617,3.3451750883220663,0.0,0.0
16.04999999984436,0.3707358383296656,0.15001858561910267,0.0,228.2943353318661,193.60743424764095,0.0011976982838850633,0.011959894275231364,0.0,0.0,1.0,1.0,11.782732324088363,3.343103368335963,13.224087340251666,3.761125458818953,11.782732324088363,3.343103368335963,0.0,0.0
16.058333333177572,0.3706463029325356,0.14921294483357592,0.0,228.2585211730141,193.28517793343025,0.00118994931331922,0.011911629291160308,0.0,0.0,1.0,1.0,11.783594616606063,3.3410324833517206,13.224087340251648,3.7585144728364943,11.783594616606063,3.3410324833517206,0.0,0.0
16.066666666510784,0.3705573461940037,0.148410345754622,0.0,228.22293847760136,192.96413830184866,0.0011822670454502268,0.011863351280853694,0.0,0.0,1.0,1.0,11.784455450574484,3.338962440073709,13.224087340251657,3.7559052994093105,11.784455450574484,3.338962440073709,0.0,0.0
16.074999999843996,0.37046896313837213,0.14761079432737104,0.0,228.18758525534872,192.6443177309483,0.0011746507641035896,0.011815060444439317,0.0,0.0,1.0,1.0,11.785314848449795,3.3368932451237456,13.224087340251657,3.753297937279122,11.785314848449795,3.3368932451237456,0.0,0.0
16.083333333177208,0.37038114884330825,0.14681429642861246,0.0,228.15245953732315,192.32571857144487,0.0011670997623123261,0.011766756981134815,0.0,0.0,1.0,1.0,11.786172832470593,3.334824905041881,13.224087340251668,3.750692385188527,11.786172832470593,3.334824905041881,0.0,0.0
16.09166666651042,0.37029389843916,0.14602085786754723,0.0,228.11755937566386,192.00834314701876,0.0011596133421791777,0.01171844108927699,0.0,0.0,1.0,1.0,11.787029424659686,3.332757426287168,13.224087340251666,3.748088641880983,11.787029424659686,3.332757426287168,0.0,0.0
16.099999999843632,0.3702072071082808,0.14523048438652786,0.0,228.08288284331218,191.69219375461103,0.001152190814741192,0.011670112966351072,0.0,0.0,1.0,1.0,11.787884646825859,3.3306908152384733,13.224087340251671,3.745486706100832,11.787884646825859,3.3306908152384733,0.0,0.0
16.108333333176844,0.3701210700843642,0.14444318166178655,0.0,228.04842803374552,191.3772726647145,0.0011448314998364992,0.011621772809019874,0.0,0.0,1.0,1.0,11.788738520565705,3.32862507819513,13.224087340251678,3.742886576593271,11.788738520565705,3.32862507819513,0.0,0.0
16.116666666510056,0.3700354826517888,0.1436589553041505,0.0,228.0141930607154,191.06358212166006,0.0011375347259734796,0.011573420813152912,0.0,0.0,1.0,1.0,11.789591067265073,3.326560221377786,13.224087340251693,3.740288252104391,11.789591067265073,3.326560221377786,0.0,0.0
16.12499999984327,0.36995044014497297,0.14287781085974594,0.0,227.98017605798904,190.75112434389825,0.0011302998302020562,0.011525057173855472,0.0,0.0,1.0,1.0,11.790442308100866,3.324496250928993,13.224087340251714,3.737691731381137,11.790442308100866,3.324496250928993,0.0,0.0
16.13333333317648,0.369865937947739,0.14209975381069048,0.0,227.94637517909544,190.43990152427608,0.0011231261579872438,0.011476682085497635,0.0,0.0,1.0,1.0,11.791292264042536,3.3224331729139505,13.224087340251707,3.7350970131713206,11.791292264042536,3.3224331729139505,0.0,0.0
16.141666666509693,0.3697819714926864,0.1413247895757727,0.0,227.9127885970744,190.12991583030896,0.001116013063084751,0.01142829574174321,0.0,0.0,1.0,1.0,11.792140955853565,3.3203709933211694,13.224087340251689,3.7325040962236393,11.792140955853565,3.3203709933211694,0.0,0.0
16.149999999842905,0.36969853626057514,0.14055292351112286,0.0,227.8794145042299,189.82116940444902,0.0011089599074187583,0.01137989833557881,0.0,0.0,1.0,1.0,11.792988404092856,3.318309718063093,13.224087340251694,3.7299129792876564,11.792988404092856,3.318309718063093,0.0,0.0
16.158333333176117,0.3696156277797171,0.13978416091086845,0.0,227.84625111188672,189.51366436434725,0.0011019660609616847,0.011331490059342645,0.0,0.0,1.0,1.0,11.79383462911611,3.3162493529767394,13.224087340251696,3.7273236611137914,11.79383462911611,3.3162493529767394,0.0,0.0
16.16666666650933,0.3695332416253773,0.13901850700778315,0.0,227.8132966501508,189.20740280311315,0.001095030901616014,0.011283071104753635,0.0,0.0,1.0,1.0,11.794679651077216,3.3141899038243623,13.224087340251698,3.7247361404533423,11.794679651077216,3.3141899038243623,0.0,0.0
16.17499999984254,0.3694513734191832,0.13825596697392067,0.0,227.78054936767313,188.90238678956814,0.001088153815098098,0.011234641662940217,0.0,0.0,1.0,1.0,11.795523489929396,3.3121313762939044,13.224087340251693,3.7221504160584526,11.795523489929396,3.3121313762939044,0.0,0.0
16.183333333175753,0.36937001882854326,0.1374965459212412,0.0,227.74800753141716,188.59861836849635,0.001081334194823886,0.011186201924469468,0.0,0.0,1.0,1.0,11.79636616542651,3.310073775999748,13.224087340251696,3.7195664866821714,11.79636616542651,3.310073775999748,0.0,0.0
16.191666666508965,0.36928917356607344,0.13674024890222453,0.0,227.71566942642923,188.29609956088967,0.0010745714417965593,0.011137752079375994,0.0,0.0,1.0,1.0,11.797207697124195,3.3080171084831362,13.224087340251684,3.716984351078379,11.797207697124195,3.3080171084831362,0.0,0.0
16.199999999842177,0.36920883338903276,0.1359870809104745,0.0,227.68353335561295,187.99483236418968,0.0010678649644960537,0.01108929231719105,0.0,0.0,1.0,1.0,11.79804810438086,3.3059613792127682,13.224087340251703,3.71440400800183,11.79804810438086,3.3059613792127682,0.0,0.0
16.20833333317539,0.369128994098766,0.13523704688131194,0.0,227.65159763950624,187.69481875252467,0.0010612141787703848,0.011040822826971618,0.0,0.0,1.0,1.0,11.798887406358832,3.30390659358529,13.224087340251703,3.7118254562081456,11.798887406358832,3.30390659358529,0.0,0.0
16.2166666665086,0.3690496515401555,0.13449015169235767,0.0,227.61986061606206,187.39606067694297,0.0010546185077288132,0.010992343797329558,0.0,0.0,1.0,1.0,11.799725622025209,3.30185275692584,13.224087340251696,3.70924869445383,11.799725622025209,3.30185275692584,0.0,0.0
16.224999999841813,0.36897080160108087,0.13374640016410572,0.0,227.5883206404322,187.09856006564218,0.0010480773816367635,0.010943855416460877,0.0,0.0,1.0,1.0,11.800562770152915,3.2997998744884955,13.224087340251696,3.7066737214962164,11.800562770152915,3.2997998744884955,0.0,0.0
16.233333333175025,0.3688924402118853,0.13300579706048588,0.0,227.55697608475396,186.80231882419423,0.0010415902378124568,0.010895357872175018,0.0,0.0,1.0,1.0,11.801398869321522,3.2977479514567607,13.224087340251687,3.704100536093517,11.801398869321522,3.2977479514567607,0.0,0.0
16.241666666508237,0.36881456334485146,0.13226834708941693,0.0,227.52582533794043,186.50733883576666,0.0010351565205252858,0.0108468513519243,0.0,0.0,1.0,1.0,11.802233937918004,3.2956969929440034,13.2240873402517,3.701529137004801,11.802233937918004,3.2956969929440034,0.0,0.0
16.24999999984145,0.368737167013683,0.13153405490335013,0.0,227.49486680547307,186.21362196133992,0.0010287756808957929,0.010798336042833458,0.0,0.0,1.0,1.0,11.803067994137646,3.2936470039938848,13.224087340251705,3.698959522990006,11.803067994137646,3.2936470039938848,0.0,0.0
16.25833333317466,0.36866024727299507,0.1308029250998023,0.0,227.46409890919787,185.9211700399208,0.0010224471767973733,0.010749812131729274,0.0,0.0,1.0,1.0,11.803901055984479,3.2915979895808096,13.224087340251687,3.6963916928099336,11.803901055984479,3.2915979895808096,0.0,0.0
16.266666666507874,0.36858380021781123,0.13007496222187986,0.0,227.43352008712435,185.62998488875184,0.001016170472759546,0.01070127980517034,0.0,0.0,1.0,1.0,11.804733141272212,3.289549954610299,13.224087340251689,3.693825645226229,11.804733141272212,3.289549954610299,0.0,0.0
16.274999999841086,0.3685078219830678,0.12935017075879374,0.0,227.40312879322698,185.34006830351737,0.0010099450398727654,0.010652739249477008,0.0,0.0,1.0,1.0,11.805564267624703,3.287502903919359,13.224087340251678,3.6912613790014137,11.805564267624703,3.287502903919359,0.0,0.0
16.283333333174298,0.36843230874312555,0.1286285551463649,0.0,227.37292349725007,185.05142205854582,0.0010037703556948778,0.010604190650761496,0.0,0.0,1.0,1.0,11.806394452476448,3.2854568422768753,13.224087340251671,3.6886988928988673,11.806394452476448,3.2854568422768753,0.0,0.0
16.29166666650751,0.36835725671128783,0.1279101197675195,0.0,227.34290268451497,184.7640479070077,0.0009976459041590104,0.01055563419495809,0.0,0.0,1.0,1.0,11.807223713073258,3.2834117743839637,13.224087340251689,3.686138185682819,11.807223713073258,3.2834117743839637,0.0,0.0
16.299999999840722,0.3682826621393259,0.12719486895277698,0.0,227.31306485573023,184.47794758111067,0.0009915711754829985,0.010507070067853622,0.0,0.0,1.0,1.0,11.808052066472433,3.281367704874266,13.22408734025168,3.6835792561183607,11.808052066472433,3.281367704874266,0.0,0.0
16.308333333173934,0.36820852131701143,0.12648280698072695,0.0,227.2834085268044,184.19312279229064,0.0009855456660803003,0.010458498455118072,0.0,0.0,1.0,1.0,11.808879529543395,3.279324638314331,13.224087340251687,3.681022102971435,11.808879529543395,3.279324638314331,0.0,0.0
16.316666666507146,0.36813483057165436,0.12577393807849852,0.0,227.2539322286616,183.9095752313993,0.0009795688784723002,0.01040991954233541,0.0,0.0,1.0,1.0,11.8097061189678,3.277282579203869,13.224087340251678,3.6784667250088483,11.8097061189678,3.277282579203869,0.0,0.0
16.324999999840358,0.3680615862676485,0.125068266422221,0.0,227.22463450705928,183.6273065688883,0.0009736403212020527,0.010361333515034708,0.0,0.0,1.0,1.0,11.810531851239897,3.275241531976038,13.224087340251664,3.6759131209982656,11.810531851239897,3.275241531976038,0.0,0.0
16.33333333317357,0.3679887848060231,0.12436579613747395,0.0,227.19551392240908,183.34631845498944,0.0009677595087494241,0.010312740558721355,0.0,0.0,1.0,1.0,11.811356742666879,3.273201500997747,13.224087340251653,3.673361289708209,11.811356742666879,3.273201500997747,0.0,0.0
16.341666666506782,0.3679164226240006,0.12366653129973133,0.0,227.1665690496001,183.0666125198924,0.0009619259614476062,0.010264140858908677,0.0,0.0,1.0,1.0,11.812180809368776,3.2711624905698695,13.224087340251668,3.670811229908041,11.812180809368776,3.2711624905698695,0.0,0.0
16.349999999839994,0.3678444961945608,0.12297047593479445,0.0,227.13779847782416,182.78819037391764,0.0009561392054009232,0.010215534601149729,0.0,0.0,1.0,1.0,11.81300406727884,3.269124504927523,13.224087340251653,3.668262940367982,11.81300406727884,3.269124504927523,0.0,0.0
16.358333333173206,0.3677730020260111,0.1222776340192184,0.0,227.1092008104043,182.51105360768724,0.0009503987724040152,0.010166921971069392,0.0,0.0,1.0,1.0,11.813826532143423,3.2670875482402413,13.224087340251637,3.665716419859122,11.813826532143423,3.2670875482402413,0.0,0.0
16.36666666650642,0.3677019366615628,0.12158800948072886,0.0,227.08077466462498,182.23520379229143,0.000944704199862268,0.010118303154396779,0.0,0.0,1.0,1.0,11.81464821952203,3.265051624612239,13.224087340251646,3.6631716671533896,11.81464821952203,3.265051624612239,0.0,0.0
16.37499999983963,0.3676312966789131,0.12090160619863037,0.0,227.05251867156508,181.96064247945202,0.0009390550307135311,0.010069678336997892,0.0,0.0,1.0,1.0,11.815469144787397,3.2630167380825914,13.224087340251636,3.6606286810235824,11.815469144787397,3.2630167380825914,0.0,0.0
16.383333333172843,0.3675610786898329,0.12021842800420857,0.0,227.024431475933,181.6873712016833,0.0009334508133510614,0.010021047704908765,0.0,0.0,1.0,1.0,11.816289323125169,3.260982892625348,13.224087340251621,3.658087460243312,11.816289323125169,3.260982892625348,0.0,0.0
16.391666666506055,0.3674912793397609,0.11953847868112023,0.0,226.99651173590422,181.41539147244796,0.0009278911015477228,0.009972411444368699,0.0,0.0,1.0,1.0,11.817108769533881,3.2589500921497687,13.224087340251613,3.655548003587079,11.817108769533881,3.2589500921497687,0.0,0.0
16.399999999839267,0.3674218953074029,0.11886176196577891,0.0,226.96875812296102,181.14470478631145,0.0009223754543813937,0.009923769741854084,0.0,0.0,1.0,1.0,11.817927498824764,3.256918340500431,13.22408734025162,3.653010309830233,11.817927498824764,3.256918340500431,0.0,0.0
16.40833333317248,0.36735292330433644,0.1181882815477307,0.0,226.94116932173444,180.87531261909214,0.000916903436161483,0.00987512278411251,0.0,0.0,1.0,1.0,11.818745525621457,3.254887641457396,13.224087340251653,3.6504743777489512,11.818745525621457,3.254887641457396,0.0,0.0
16.41666666650569,0.3672843600746213,0.1175180410700219,0.0,226.91374402984837,180.60721642800863,0.0009114746163566955,0.009826470758197231,0.0,0.0,1.0,1.0,11.819562864359716,3.2528579987363138,13.224087340251659,3.6479402061202686,11.819562864359716,3.2528579987363138,0.0,0.0
16.424999999838903,0.3672162023944152,0.11685104412955938,0.0,226.88648095776594,180.34041765182363,0.0009060885695238695,0.009777813851502138,0.0,0.0,1.0,1.0,11.820379529286964,3.250829415988471,13.224087340251662,3.6454077937220952,11.820379529286964,3.250829415988471,0.0,0.0
16.433333333172115,0.36714844707159494,0.11618729427746258,0.0,226.85937882863783,180.0749177109849,0.0009007448752379728,0.009729152251797081,0.0,0.0,1.0,1.0,11.821195534461962,3.248801896800954,13.22408734025166,3.6428771393331476,11.821195534461962,3.248801896800954,0.0,0.0
16.441666666505327,0.36708109094538244,0.11552679501940744,0.0,226.83243637815283,179.81071800776286,0.0008954431180231858,0.009680486147263658,0.0,0.0,1.0,1.0,11.822010893754365,3.2467754446966595,13.22408734025168,3.6403482417330117,11.822010893754365,3.2467754446966595,0.0,0.0
16.44999999983854,0.36701413088597623,0.11486954981596323,0.0,226.80565235439036,179.54781992638516,0.0008901828872850516,0.009631815726531531,0.0,0.0,1.0,1.0,11.822825620844156,3.2447500631344233,13.224087340251666,3.6378210997021174,11.822825620844156,3.2447500631344233,0.0,0.0
16.45833333317175,0.36694756379418797,0.11421556208292116,0.0,226.77902551767505,179.28622483316835,0.0008849637772437118,0.009583141178715181,0.0,0.0,1.0,1.0,11.823639729221071,3.242725755508995,13.224087340251643,3.6352957120217546,11.823639729221071,3.242725755508995,0.0,0.0
16.466666666504963,0.3668813866010838,0.11356483519161478,0.0,226.75255464043337,179.0259340766458,0.0008797853868681736,0.009534462693451151,0.0,0.0,1.0,1.0,11.824453232183952,3.2407025251510997,13.22408734025164,3.632772077474036,11.824453232183952,3.2407025251510997,0.0,0.0
16.474999999838175,0.3668155962676303,0.11291737246923347,0.0,226.72623850705196,178.76694898769327,0.0008746473198115574,0.009485780460935886,0.0,0.0,1.0,1.0,11.825266142840107,3.238680375327419,13.224087340251637,3.6302501948419383,11.825266142840107,3.238680375327419,0.0,0.0
16.483333333171387,0.36675018978434587,0.11227317719912772,0.0,226.7000759137382,178.50927087965096,0.0008695491843474488,0.009437094671964064,0.0,0.0,1.0,1.0,11.82607847410454,3.236659309240643,13.224087340251634,3.6277300629092686,11.82607847410454,3.236659309240643,0.0,0.0
16.4916666665046,0.36668516417095665,0.11163225262110711,0.0,226.67406566838253,178.2529010484427,0.0008644905933071262,0.00938840551796757,0.0,0.0,1.0,1.0,11.826890238699272,3.2346393300294576,13.224087340251636,3.625211680460696,11.826890238699272,3.2346393300294576,0.0,0.0
16.49999999983781,0.36662051647605676,0.11099460193173066,0.0,226.64820659042257,177.99784077269214,0.0008594711640178596,0.009339713191055019,0.0,0.0,1.0,1.0,11.827701449152373,3.2326204407684247,13.22408734025162,3.6226950462816996,11.827701449152373,3.2326204407684247,0.0,0.0
16.508333333171024,0.3665562437767737,0.11036022828458918,0.0,226.62249751070934,177.74409131383555,0.0008544905182420908,0.009291017884051903,0.0,0.0,1.0,1.0,11.82851211779717,3.23060264446806,13.224087340251618,3.6201801591586413,11.82851211779717,3.23060264446806,0.0,0.0
16.516666666504236,0.36649234317843765,0.10972913479058055,0.0,226.5969372713749,177.4916539162321,0.0008495482821175804,0.009242319790541423,0.0,0.0,1.0,1.0,11.829322256771173,3.22858594407471,13.224087340251646,3.6176670178787105,11.829322256771173,3.22858594407471,0.0,0.0
16.524999999837448,0.3664288118142557,0.10910132451817733,0.0,226.57152472570215,177.2405298072708,0.0008446440860984851,0.009193619104905966,0.0,0.0,1.0,1.0,11.83013187801536,3.226570342470479,13.224087340251655,3.6151556212299427,11.83013187801536,3.226570342470479,0.0,0.0
16.53333333317066,0.36636564684499034,0.10847680049368656,0.0,226.546258737996,176.9907201974745,0.0008397775648973118,0.009144916022369281,0.0,0.0,1.0,1.0,11.830940993272847,3.2245558424731766,13.224087340251645,3.612645968001196,11.830940993272847,3.2245558424731766,0.0,0.0
16.541666666503872,0.3663028454586421,0.10785556570150219,0.0,226.52113818345669,176.74222628060076,0.0008349483574277909,0.009096210739039375,0.0,0.0,1.0,1.0,11.831749614087855,3.222542446836199,13.22408734025163,3.6101380569821946,11.831749614087855,3.222542446836199,0.0,0.0
16.549999999837084,0.366240404870137,0.10723762308435045,0.0,226.49616194805463,176.49504923374005,0.0008301561067486295,0.009047503451952203,0.0,0.0,1.0,1.0,11.832557751804744,3.220530158248439,13.22408734025163,3.607631886963479,11.832557751804744,3.220530158248439,0.0,0.0
16.558333333170296,0.3661783223210169,0.10662297554352689,0.0,226.4713289284066,176.24919021741061,0.000825400460008058,0.008998794359116083,0.0,0.0,1.0,1.0,11.833365417566734,3.2185189793341515,13.22408734025165,3.6051274567364437,11.833365417566734,3.2185189793341515,0.0,0.0
16.566666666503508,0.36611659507913574,0.10601162593912737,0.0,226.44663803165417,176.00465037565084,0.0008206810683893125,0.008950083659557032,0.0,0.0,1.0,1.0,11.834172622314448,3.216508912652796,13.224087340251636,3.6026247650933225,11.834172622314448,3.216508912652796,0.0,0.0
16.57499999983672,0.36605522043835875,0.10540357709026932,0.0,226.42208817534336,175.7614308361076,0.0008159975870569001,0.008901371553364758,0.0,0.0,1.0,1.0,11.834979376784851,3.214499960698915,13.22408734025163,3.6001238108271854,11.834979376784851,3.214499960698915,0.0,0.0
16.583333333169932,0.3659941957182653,0.10479883177530738,0.0,226.39767828730598,175.51953271012283,0.0008113496751036665,0.008852658241739692,0.0,0.0,1.0,1.0,11.83578569150996,3.2124921259019663,13.22408734025165,3.5976245927319384,11.83578569150996,3.2124921259019663,0.0,0.0
16.591666666503144,0.3659335182638568,0.1041973927320415,0.0,226.37340730554257,175.27895709281648,0.0008067369954987036,0.00880394392704091,0.0,0.0,1.0,1.0,11.83659157681521,3.2104854106261658,13.224087340251637,3.595127109602322,11.83659157681521,3.2104854106261658,0.0,0.0
16.599999999836356,0.3658731854452677,0.10359926265791612,0.0,226.34927417810695,175.0397050631663,0.0008021592150360122,0.0087552288128349,0.0,0.0,1.0,1.0,11.837397042818179,3.2084798171702467,13.224087340251625,3.592631360233916,11.837397042818179,3.2084798171702467,0.0,0.0
16.60833333316957,0.3658131946574808,0.10300444421021328,0.0,226.32527786299218,174.80177768408518,0.0007976160042839733,0.008706513103945405,0.0,0.0,1.0,1.0,11.838202099427031,3.206475347767322,13.224087340251625,3.5901373434231414,11.838202099427031,3.206475347767322,0.0,0.0
16.61666666650278,0.3657535433200456,0.10241294000623725,0.0,226.3014173280181,174.56517600249478,0.0007931070375355466,0.008657797006504205,0.0,0.0,1.0,1.0,11.839006756338978,3.204472004584615,13.224087340251641,3.5876450579672516,11.839006756338978,3.204472004584615,0.0,0.0
16.624999999835993,0.36569422887680103,0.10182475262349233,0.0,226.27769155072028,174.32990104939682,0.0007886319927592363,0.008609080728003015,0.0,0.0,1.0,1.0,11.839811023038695,3.2024697897232732,13.224087340251648,3.5851545026643405,11.839811023038695,3.2024697897232732,0.0,0.0
16.633333333169205,0.3656352487956016,0.1012398845998523,0.0,226.2540995182405,174.0959538399408,0.00078419055155078,0.008560364477346413,0.0,0.0,1.0,1.0,11.840614908796622,3.200468705218103,13.224087340251632,3.5826656763133187,11.840614908796622,3.200468705218103,0.0,0.0
16.641666666502417,0.3655766005680474,0.1006583384337229,0.0,226.23064022721883,173.86333537348904,0.0007797823990856154,0.008511648464905932,0.0,0.0,1.0,1.0,11.841418422667365,3.198468753037358,13.224087340251627,3.5801785777139563,11.841418422667365,3.198468753037358,0.0,0.0
16.64999999983563,0.3655182817092168,0.10008011658419673,0.0,226.20731268368658,173.63204663367856,0.0007754072240719602,0.008462932902575339,0.0,0.0,1.0,1.0,11.842221573487977,3.196469935082453,13.224087340251643,3.577693205666823,11.842221573487977,3.196469935082453,0.0,0.0
16.65833333316884,0.36546028975740374,0.0995058917170008,0.0,226.18411590296134,173.4023566868002,0.0007710647187046846,0.008393604454058724,0.0,0.0,1.0,1.0,11.843024368331452,3.1944722527619023,13.22408734025165,3.5752095589733472,11.843024368331452,3.1944722527619023,0.0,0.0
16.666666666502053,0.365402622273858,0.09893674978837498,0.0,226.16104890954304,173.17469991534986,0.0007667545786198396,0.008321694040780815,0.0,0.0,1.0,1.0,11.843826804660866,3.192475704831469,13.224087340251627,3.5727276364357947,11.843826804660866,3.192475704831469,0.0,0.0
16.674999999835265,0.36534527684252827,0.09837264738475132,0.0,226.13811073701117,172.94905895390042,0.0007624765028498221,0.008250624172083576,0.0,0.0,1.0,1.0,11.844628876389773,3.190480289071833,13.224087340251625,3.570247436857232,11.844628876389773,3.190480289071833,0.0,0.0
16.683333333168477,0.36528825106980956,0.09781352432737178,0.0,226.11530042792367,172.7254097309486,0.0007582301937792662,0.008180382433749704,0.0,0.0,1.0,1.0,11.845430577496609,3.18848600328633,13.224087340251643,3.567768959041586,11.845430577496609,3.18848600328633,0.0,0.0
16.69166666650169,0.36523154258429313,0.09725932133800545,0.0,226.09261703371712,172.50372853520207,0.0007540153571015591,0.00811095663252731,0.0,0.0,1.0,1.0,11.846231902030716,3.1864928453025576,13.224087340251643,3.565292201793601,11.846231902030716,3.1864928453025576,0.0,0.0
16.6999999998349,0.3651751490365204,0.09670998002279604,0.0,226.070059614608,172.2839920091183,0.0007498317017760032,0.008042334791537185,0.0,0.0,1.0,1.0,11.847032844111782,3.184500812972125,13.224087340251629,3.5628171639188517,11.847032844111782,3.184500812972125,0.0,0.0
16.708333333168113,0.36511906809873884,0.0961654428564466,0.0,226.0476272394954,172.0661771425785,0.0007456789399856214,0.007974505145789068,0.0,0.0,1.0,1.0,11.847833397929154,3.182509904170417,13.2240873402516,3.5603438442237483,11.847833397929154,3.182509904170417,0.0,0.0
16.716666666501325,0.36506329746466265,0.09562565316673358,0.0,226.0253189858649,171.8502612666933,0.0007415567870955488,0.007907456137804058,0.0,0.0,1.0,1.0,11.848633557741149,3.1805201167963015,13.224087340251616,3.557872241515512,11.848633557741149,3.1805201167963015,0.0,0.0
16.724999999834537,0.3650078348492351,0.09509055511934228,0.0,226.0031339396939,171.6362220477368,0.0007374649616121088,0.007841176413340274,0.0,0.0,1.0,1.0,11.849433317874464,3.178531448771888,13.224087340251623,3.5554023546022253,11.849433317874464,3.178531448771888,0.0,0.0
16.73333333316775,0.3649526779883942,0.09456009370301487,0.0,225.98107119535754,171.42403748120583,0.0007334031851423787,0.00777565481721895,0.0,0.0,1.0,1.0,11.850232672723598,3.1765438980423086,13.224087340251637,3.552934182292766,11.850232672723598,3.1765438980423086,0.0,0.0
16.74166666650096,0.36489782463884246,0.09403421471500678,0.0,225.95912985553684,171.2136858860026,0.0007293711823544763,0.007710880389248647,0.0,0.0,1.0,1.0,11.851031616750053,3.1745574625754727,13.224087340251616,3.550467723396852,11.851031616750053,3.1745574625754727,0.0,0.0
16.749999999834174,0.3648432725778181,0.09351286474684041,0.0,225.93730903112709,171.00514589873603,0.000725368680938335,0.007646842360244542,0.0,0.0,1.0,1.0,11.851830144481744,3.1725721403617717,13.224087340251613,3.548002976725024,11.851830144481744,3.1725721403617717,0.0,0.0
16.758333333167386,0.36478901960287036,0.09299599117035189,0.0,225.915607841148,170.79839646814062,0.0007213954115670952,0.0075835301481406575,0.0,0.0,1.0,1.0,11.85262825051255,3.170587929413902,13.224087340251618,3.545539941088652,11.85262825051255,3.170587929413902,0.0,0.0
16.766666666500598,0.3647350635316366,0.09248354212402324,0.0,225.89402541265449,170.59341684960918,0.0007174511078590151,0.0075209333541924545,0.0,0.0,1.0,1.0,11.853425929501523,3.168604827766584,13.224087340251637,3.5430786152999296,11.853425929501523,3.168604827766584,0.0,0.0
16.77499999983381,0.3646814022016234,0.09197546649959207,0.0,225.87256088064922,170.3901865998367,0.000713535506340002,0.0074590417592673205,0.0,0.0,1.0,1.0,11.854223176172246,3.166622833476346,13.224087340251646,3.5406189981718708,11.854223176172246,3.166622833476346,0.0,0.0
16.783333333167022,0.3646280334699895,0.09147171392893483,0.0,225.85121338799567,170.1886855715738,0.0007096483464066354,0.007397845320220944,0.0,0.0,1.0,1.0,11.855019985312447,3.1646419446212883,13.224087340251634,3.5381610885183097,11.855019985312447,3.1646419446212883,0.0,0.0
16.791666666500234,0.3645749552133324,0.09097223477121522,0.0,225.8299820853328,169.98889390848598,0.0007057893702897523,0.007337334166357086,0.0,0.0,1.0,1.0,11.855816351773116,3.16266215930083,13.224087340251614,3.535704885153928,11.855816351773116,3.16266215930083,0.0,0.0
16.799999999833446,0.3645221653274763,0.0904769801002924,0.0,225.80886613099037,169.79079204011683,0.0007019583230185363,0.007277498595968739,0.0,0.0,1.0,1.0,11.856612270468062,3.1606834756355036,13.2240873402516,3.5332503868942093,11.856612270468062,3.1606834756355036,0.0,0.0
16.808333333166658,0.36446966172726436,0.08998590169238288,0.0,225.7878646909056,169.59436067695304,0.0006981549523851471,0.007218329072958454,0.0,0.0,1.0,1.0,11.857407736373395,3.1587058917667465,13.224087340251613,3.5307975925554733,11.857407736373395,3.1587058917667465,0.0,0.0
16.81666666649987,0.3644174423463522,0.0894989520139708,0.0,225.76697693854075,169.3995808055882,0.0006943790089098496,0.007159816223535982,0.0,0.0,1.0,1.0,11.858202744526723,3.156729405856602,13.224087340251618,3.5283465009548323,11.858202744526723,3.156729405856602,0.0,0.0
16.824999999833082,0.3643655051370053,0.0890160842099596,0.0,225.74620205480198,169.20643368398373,0.0006906302458066642,0.007101950832990997,0.0,0.0,1.0,1.0,11.858997290026737,3.1547540160875958,13.224087340251643,3.5258971109102557,11.858997290026737,3.1547540160875958,0.0,0.0
16.833333333166294,0.36431384806989725,0.08853725209206094,0.0,225.72553922795876,169.01490083682427,0.00068690841894946,0.007044723842539197,0.0,0.0,1.0,1.0,11.859791368032594,3.152779720662425,13.224087340251641,3.5234494212405134,11.859791368032594,3.152779720662425,0.0,0.0
16.841666666499506,0.3642624691339126,0.08806241012741559,0.0,225.70498765356487,168.82496405096612,0.0006832132868386175,0.0069881263462398925,0.0,0.0,1.0,1.0,11.860584973763329,3.1508065178037836,13.224087340251637,3.521003430765184,11.860584973763329,3.1508065178037836,0.0,0.0
16.84999999983272,0.36421136633595,0.08759151342743901,0.0,225.68454653437988,168.63660537097547,0.0006795446105680586,0.006932149587983046,0.0,0.0,1.0,1.0,11.861378102497332,3.1488344057541777,13.224087340251621,3.5185591383046995,11.861378102497332,3.1488344057541777,0.0,0.0
16.85833333316593,0.36416053770073004,0.08712451773688853,0.0,225.66421508029188,168.4498070947553,0.0006759021537928648,0.006876784958544228,0.0,0.0,1.0,1.0,11.86217074957167,3.146863382775623,13.224087340251614,3.5161165426802916,11.86217074957167,3.146863382775623,0.0,0.0
16.866666666499142,0.36410998127060357,0.08666137942314699,0.0,225.64399250824127,168.26455176925867,0.0006722856826972812,0.006822023992705756,0.0,0.0,1.0,1.0,11.862962910381654,3.144893447149522,13.224087340251618,3.513675642713999,11.862962910381654,3.144893447149522,0.0,0.0
16.874999999832355,0.3640596951053634,0.08620205546571667,0.0,225.6238780421452,168.08082218628655,0.0006686949659631824,0.006767858366442215,0.0,0.0,1.0,1.0,11.863754580380228,3.142924597176376,13.224087340251618,3.5112364372287046,11.863754580380228,3.142924597176376,0.0,0.0
16.883333333165567,0.36400967728205835,0.08574650344592005,0.0,225.6038709128232,167.8986013783679,0.0006651297747390303,0.006714279894168831,0.0,0.0,1.0,1.0,11.86454575507737,3.1409568311756475,13.224087340251614,3.5087989250480867,11.86454575507737,3.1409568311756475,0.0,0.0
16.89166666649878,0.3639599258948091,0.08529468153680232,0.0,225.58397035792348,167.71787261472082,0.0006615898826092107,0.006661280526051146,0.0,0.0,1.0,1.0,11.865336430039726,3.1389901474855137,13.224087340251618,3.506363104996654,11.865336430039726,3.1389901474855137,0.0,0.0
16.89999999983199,0.36391043905462694,0.08484654849323076,0.0,225.56417562185064,167.53861939729217,0.0006580750655638707,0.006608852345374356,0.0,0.0,1.0,1.0,11.866126600889883,3.1370245444626597,13.224087340251657,3.5039289758997136,11.866126600889883,3.1370245444626597,0.0,0.0
16.908333333165203,0.36386121488923434,0.0844020636421875,0.0,225.5444859556936,167.36082545687486,0.0006545851019691246,0.006556987565970957,0.0,0.0,1.0,1.0,11.86691626330588,3.135060020482083,13.224087340251657,3.501496536583403,11.86691626330588,3.135060020482083,0.0,0.0
16.916666666498415,0.36381225154288765,0.08396118687325045,0.0,225.52490061715494,167.18447474930005,0.0006511197725377129,0.00650567852970513,0.0,0.0,1.0,1.0,11.867705413020728,3.133096573936924,13.224087340251664,3.4990657858746737,11.867705413020728,3.133096573936924,0.0,0.0
16.924999999831627,0.3637635471762025,0.08352387862925847,0.0,225.50541887048087,167.00955145170326,0.0006476788603000561,0.006454917704012508,0.0,0.0,1.0,1.0,11.868494045821887,3.1311342032382035,13.224087340251648,3.496636722601286,11.868494045821887,3.1311342032382035,0.0,0.0
16.93333333316484,0.36371509996598106,0.08309009989715758,0.0,225.48603998639229,166.8360399588629,0.0006442621505757618,0.006404697679494016,0.0,0.0,1.0,1.0,11.869282157550638,3.1291729068146794,13.224087340251623,3.4942093455918255,11.869282157550638,3.1291729068146794,0.0,0.0
16.94166666649805,0.36366690810504093,0.08265981219902298,0.0,225.4667632420162,166.66392487960906,0.0006408694309454459,0.006355011167562337,0.0,0.0,1.0,1.0,11.87006974410176,3.127212683112651,13.224087340251613,3.4917836536756655,11.87006974410176,3.127212683112651,0.0,0.0
16.949999999831263,0.3636189698020474,0.08223297758325324,0.0,225.44758792081882,166.49319103330117,0.0006375004912230498,0.00630585099813973,0.0,0.0,1.0,1.0,11.87085680142287,3.1252535305957276,13.224087340251621,3.4893596456830176,11.87085680142287,3.1252535305957276,0.0,0.0
16.958333333164475,0.36357128328134625,0.08180955861593366,0.0,225.42851331253837,166.32382344637335,0.0006341551234284507,0.006257210117406038,0.0,0.0,1.0,1.0,11.871643325513862,3.1232954477446597,13.22408734025162,3.486937320444896,11.871643325513862,3.1232954477446597,0.0,0.0
16.966666666497687,0.3635238467827997,0.08138951837236534,0.0,225.40953871311976,166.155807348946,0.0006308331217605193,0.006209081585595635,0.0,0.0,1.0,1.0,11.872429312426544,3.1213384330571703,13.224087340251629,3.4845166767931244,11.872429312426544,3.1213384330571703,0.0,0.0
16.9749999998309,0.363476658561624,0.08097282042875414,0.0,225.39066342464946,165.98912817150153,0.0006275342825705335,0.006161458574841955,0.0,0.0,1.0,1.0,11.873214758264107,3.1193824850477134,13.22408734025161,3.4820977135603477,11.873214758264107,3.1193824850477134,0.0,0.0
16.98333333316411,0.36342971688822845,0.08055942885405845,0.0,225.37188675529126,165.82377154162327,0.0006242584043359499,0.006114334367068611,0.0,0.0,1.0,1.0,11.873999659180667,3.117427602247367,13.224087340251604,3.4796804295800063,11.873999659180667,3.117427602247367,0.0,0.0
16.991666666497323,0.363383020048058,0.08014930820199136,0.0,225.35320801922308,165.6597232807964,0.0006210052876345703,0.0060677023519259635,0.0,0.0,1.0,1.0,11.874784011380614,3.115473783203575,13.224087340251593,3.4772648236863617,11.874784011380614,3.115473783203575,0.0,0.0
16.999999999830536,0.36333656634143574,0.07974242350317409,0.0,225.33462653657418,165.49696940126952,0.0006177747351190404,0.006021556024771998,0.0,0.0,1.0,1.0,11.875567811118309,3.1135210264800004,13.224087340251605,3.47485089471448,11.875567811118309,3.1135210264800004,0.0,0.0
17.008333333163748,0.3632903540834085,0.07933874025743717,0.0,225.31614163336326,165.33549610297476,0.0006145665514916793,0.005975888984696427,0.0,0.0,1.0,1.0,11.876351054697414,3.1115693306563537,13.224087340251625,3.472438641500232,11.876351054697414,3.1115693306563537,0.0,0.0
17.01666666649696,0.36324438160359407,0.07893822442626615,0.0,225.2977526414375,165.17528977050634,0.0006113805434797327,0.005930694932586984,0.0,0.0,1.0,1.0,11.877133738470688,3.1096186943281965,13.224087340251597,3.470028062880297,11.877133738470688,3.1096186943281965,0.0,0.0
17.02499999983017,0.36319864724603046,0.07854084242538939,0.0,225.27945889841206,165.01633697015563,0.0006082165198108869,0.005885967669236965,0.0,0.0,1.0,1.0,11.877915858839241,3.107669116106769,13.224087340251613,3.467619157692178,11.877915858839241,3.107669116106769,0.0,0.0
17.033333333163384,0.36315314936902643,0.07814656111750411,0.0,225.26125974761044,164.85862444700152,0.0006050742911891662,0.005841701093492921,0.0,0.0,1.0,1.0,11.878697412252224,3.1057205946188287,13.224087340251579,3.4652119247741657,11.878697412252224,3.1057205946188287,0.0,0.0
17.041666666496596,0.36310788634501423,0.07775534780513839,0.0,225.24315453800554,164.70213912205523,0.0006019536702711461,0.005797889200441659,0.0,0.0,1.0,1.0,11.879478395206311,3.1037731285064387,13.224087340251591,3.4628063629653716,11.879478395206311,3.1037731285064387,0.0,0.0
17.049999999829808,0.3630628565604046,0.0773671702236453,0.0,225.2251426241617,164.546868089458,0.0005988544716425189,0.005754526079635454,0.0,0.0,1.0,1.0,11.880258804245308,3.1018267164268507,13.224087340251561,3.460402471105699,11.880258804245308,3.1018267164268507,0.0,0.0
17.05833333316302,0.3630180584154419,0.07698199653432765,0.0,225.2072233661766,164.39279861373095,0.000595776511794908,0.005711605913354775,0.0,0.0,1.0,1.0,11.88103863595952,3.0998813570522934,13.224087340251568,3.458000248035869,11.88103863595952,3.0998813570522934,0.0,0.0
17.066666666496232,0.36297349032406295,0.07659979531768983,0.0,225.18939612962504,164.2399181270758,0.0005927196091030978,0.005669122974907472,0.0,0.0,1.0,1.0,11.881817886985464,3.097937049069841,13.224087340251565,3.4555996925973917,11.881817886985464,3.097937049069841,0.0,0.0
17.074999999829444,0.36292915071375625,0.07622053556681359,0.0,225.17166028550236,164.0882142267253,0.0005896835838025073,0.005627071626963605,0.0,0.0,1.0,1.0,11.882596554005445,3.095993791181218,13.22408734025158,3.453200803632594,11.882596554005445,3.095993791181218,0.0,0.0
17.083333333162656,0.36288503802542343,0.07584418668085671,0.0,225.15401521016923,163.93767467234255,0.0005866682579669961,0.0055854463199251515,0.0,0.0,1.0,1.0,11.883374633746946,3.094051582102633,13.224087340251609,3.4508035799846133,11.883374633746946,3.094051582102633,0.0,0.0
17.09166666649587,0.3628411507132419,0.07547071845866972,0.0,225.1364602852966,163.78828738346778,0.000583673455486954,0.005544241590329585,0.0,0.0,1.0,1.0,11.884152122982337,3.092110420564627,13.224087340251577,3.44840802049737,11.884152122982337,3.092110420564627,0.0,0.0
17.09999999982908,0.36279748724452987,0.07510010109253099,0.0,225.1189948978118,163.64004043701226,0.0005806990020477219,0.005503452059286841,0.0,0.0,1.0,1.0,11.884929018528346,3.0901703053119314,13.22408734025159,3.4460141240156146,11.884929018528346,3.0901703053119314,0.0,0.0
17.108333333162292,0.36275404609961215,0.07473230516199472,0.0,225.1016184398447,163.49292206479777,0.0005777447251082632,0.0054630724309485115,0.0,0.0,1.0,1.0,11.885705317245783,3.0882312351032755,13.224087340251584,3.4436218893848722,11.885705317245783,3.0882312351032755,0.0,0.0
17.116666666495505,0.362710825771688,0.07436730162785211,0.0,225.08433030867508,163.34692065114072,0.0005748104538801605,0.005423097491008852,0.0,0.0,1.0,1.0,11.886481016038827,3.0862932087112416,13.224087340251593,3.4412313154514806,11.886481016038827,3.0862932087112416,0.0,0.0
17.124999999828717,0.3626678247667007,0.07400506182620145,0.0,225.06712990668012,163.20202473048045,0.0005718960193068666,0.005383522105236619,0.0,0.0,1.0,1.0,11.887256111854876,3.084356224922113,13.224087340251588,3.4388424010625815,11.887256111854876,3.084356224922113,0.0,0.0
17.13333333316193,0.3626250416032079,0.0736455574626261,0.0,225.05001664128304,163.05822298505032,0.0005690012540432609,0.005344341218037212,0.0,0.0,1.0,1.0,11.888030601684008,3.0824202825357014,13.224087340251584,3.4364551450661063,11.888030601684008,3.0824202825357014,0.0,0.0
17.14166666649514,0.3625824748122548,0.07328876060647743,0.0,225.03298992490178,162.91550424259086,0.0005661259924354723,0.005305549851044242,0.0,0.0,1.0,1.0,11.888804482558548,3.0804853803652392,13.22408734025159,3.434069546310789,11.888804482558548,3.0804853803652392,0.0,0.0
17.149999999828353,0.3625401229372474,0.07293464368526104,0.0,225.01604917489882,162.7738574741043,0.0005632700705009658,0.005267143101740018,0.0,0.0,1.0,1.0,11.889577751552702,3.0785515172371554,13.224087340251584,3.4316856036461907,11.889577751552702,3.0785515172371554,0.0,0.0
17.158333333161565,0.3624979845338282,0.07258317947912331,0.0,224.99919381353112,162.6332717916492,0.0005604333259089022,0.005229116142104117,0.0,0.0,1.0,1.0,11.890350405782138,3.0766186919909853,13.22408734025158,3.4293033159226263,11.890350405782138,3.0766186919909853,0.0,0.0
17.166666666494777,0.3624560581697528,0.07223434111543788,0.0,224.982423267901,162.49373644617503,0.0005576155979607612,0.005191464217289589,0.0,0.0,1.0,1.0,11.891122442403551,3.0746869034792192,13.224087340251574,3.426922681991233,11.891122442403551,3.0746869034792192,0.0,0.0
17.17499999982799,0.36241434242476867,0.07188810206348784,0.0,224.9657369699073,162.35524082539501,0.0005548167275712307,0.00515418264432594,0.0,0.0,1.0,1.0,11.891893858614296,3.072756150567118,13.224087340251584,3.4245437007039654,11.891893858614296,3.072756150567118,0.0,0.0
17.1833333331612,0.3623728358904943,0.07154443612924331,0.0,224.94913435619756,162.2177744516972,0.0005520365572493352,0.005117266810848466,0.0,0.0,1.0,1.0,11.892664651651954,3.0708264321325904,13.224087340251577,3.4221663709135184,11.892664651651954,3.0708264321325904,0.0,0.0
17.191666666494413,0.36233153717030075,0.07120331745023199,0.0,224.93261486812017,162.08132698009268,0.0005492749310798368,0.005080712173853252,0.0,0.0,1.0,1.0,11.89343481879403,3.0688977470660497,13.2240873402516,3.419790691473425,11.89343481879403,3.0688977470660497,0.0,0.0
17.199999999827625,0.362290444879194,0.0708647204905005,0.0,224.91617795167744,161.9458881962001,0.0005465316947048573,0.005044514258477255,0.0,0.0,1.0,1.0,11.894204357357417,3.0669700942702565,13.224087340251609,3.4174166612380286,11.894204357357417,3.0669700942702565,0.0,0.0
17.208333333160837,0.3622495576436988,0.0705286200356653,0.0,224.89982305747938,161.811448014266,0.0005438066953057836,0.005008668656802965,0.0,0.0,1.0,1.0,11.894973264698079,3.0650434726602156,13.224087340251591,3.415044279062425,11.894973264698079,3.0650434726602156,0.0,0.0
17.21666666649405,0.362208874101744,0.07019499118805067,0.0,224.88354964069748,161.67799647522014,0.0005410997815853569,0.004973171026686975,0.0,0.0,1.0,1.0,11.895741538210745,3.063117881162987,13.224087340251566,3.4126735438025313,11.895741538210745,3.063117881162987,0.0,0.0
17.22499999982726,0.3621683929025491,0.06986380936191211,0.0,224.8673571610195,161.54552374476472,0.0005384108037500636,0.004938017090612003,0.0,0.0,1.0,1.0,11.89650917532839,3.0611933187175855,13.224087340251568,3.4103044543150496,11.89650917532839,3.0611933187175855,0.0,0.0
17.233333333160473,0.3621281127065118,0.06953505027874438,0.0,224.85124508260458,161.41402011149762,0.0005357396134927007,0.004903202634561864,0.0,0.0,1.0,1.0,11.897276173521965,3.0592697842748118,13.224087340251563,3.4079370094574886,11.897276173521965,3.0592697842748118,0.0,0.0
17.241666666493686,0.3620880321850979,0.06920868996267127,0.0,224.83521287403903,161.28347598506838,0.0005330860639752339,0.004868723506918797,0.0,0.0,1.0,1.0,11.898042530299936,3.0573472767971435,13.224087340251549,3.405571208088134,11.898042530299936,3.0573472767971435,0.0,0.0
17.249999999826898,0.36204815002073093,0.06888470473591614,0.0,224.81926000829225,161.15388189436632,0.0005304500098117946,0.0048345756173827055,0.0,0.0,1.0,1.0,11.898808243207956,3.055425795258587,13.224087340251543,3.4032070490660677,11.898808243207956,3.055425795258587,0.0,0.0
17.25833333316011,0.3620084649066845,0.068563071214351,0.0,224.80338596267364,161.02522848574029,0.000527831307052008,0.00480075493591175,0.0,0.0,1.0,1.0,11.899573309828579,3.0535053386445434,13.224087340251511,3.400844531251165,11.899573309828579,3.0535053386445434,0.0,0.0
17.26666666649332,0.3619689755469748,0.06824376630312382,0.0,224.78759021878977,160.8975065212494,0.0005252298131644437,0.00476725749168395,0.0,0.0,1.0,1.0,11.900337727780745,3.0515859059516806,13.224087340251527,3.3984836535041087,11.900337727780745,3.0515859059516806,0.0,0.0
17.274999999826534,0.36192968065625514,0.06792676719236108,0.0,224.77187226250192,160.7707068769443,0.0005226453870203402,0.004734079372079199,0.0,0.0,1.0,1.0,11.901101494719516,3.049667496187815,13.224087340251538,3.396124414686351,11.901101494719516,3.049667496187815,0.0,0.0
17.283333333159746,0.3618905789597111,0.06761205135294487,0.0,224.7562315838843,160.64482054117784,0.0005200778888775259,0.004701216721681268,0.0,0.0,1.0,1.0,11.901864608335709,3.047750108371752,13.224087340251527,3.3937668136601387,11.901864608335709,3.047750108371752,0.0,0.0
17.291666666492958,0.3618516691929574,0.06729959653236282,0.0,224.74066767718284,160.51983861294502,0.0005175271803645552,0.0046686657412994235,0.0,0.0,1.0,1.0,11.902627066355496,3.045833741533199,13.22408734025151,3.391410849288506,11.902627066355496,3.045833741533199,0.0,0.0
17.29999999982617,0.3618129501019354,0.06698938075063011,0.0,224.72518004077403,160.39575230025193,0.0005149931244650382,0.004636422687009194,0.0,0.0,1.0,1.0,11.903388866540086,3.043918394712614,13.224087340251502,3.3890565204352847,11.903388866540086,3.043918394712614,0.0,0.0
17.308333333159382,0.3617744204428124,0.06668138229628036,0.0,224.7097681771248,160.27255291851202,0.0005124755855022004,0.004604483869211757,0.0,0.0,1.0,1.0,11.904150006685445,3.0420040669610784,13.224087340251506,3.3867038259651117,11.904150006685445,3.0420040669610784,0.0,0.0
17.316666666492594,0.3617360789818813,0.0663755797224265,0.0,224.69443159275238,160.15023188897047,0.0005099744291236146,0.004572845651711753,0.0,0.0,1.0,1.0,11.90491048462185,3.040090757340177,13.22408734025153,3.384352764743376,11.90491048462185,3.040090757340177,0.0,0.0
17.324999999825806,0.361697924495462,0.06607195184288794,0.0,224.67916979818466,160.02878073715505,0.0005074895222861231,0.004541504450812896,0.0,0.0,1.0,1.0,11.9056702982135,3.0381784649218764,13.224087340251533,3.3820033356362726,11.9056702982135,3.0381784649218764,0.0,0.0
17.33333333315902,0.36165995576980425,0.06577047772838465,0.0,224.66398230792157,159.90819109135373,0.0005050207332410285,0.004510456734431182,0.0,0.0,1.0,1.0,11.906429445358386,3.036267188788406,13.224087340251502,3.3796555375107817,11.906429445358386,3.036267188788406,0.0,0.0
17.34166666649223,0.36162217160099047,0.06547113670279546,0.0,224.64886864039605,159.78845468111805,0.0005025679315193865,0.00447969902122519,0.0,0.0,1.0,1.0,11.907187923987834,3.034356928032167,13.224087340251497,3.377309369234654,11.907187923987834,3.034356928032167,0.0,0.0
17.349999999825442,0.36158457079484047,0.06517390833947967,0.0,224.63382831793604,159.66956333579174,0.0005001309879175268,0.0044492278797431065,0.0,0.0,1.0,1.0,11.907945732066098,3.0324476817555412,13.224087340251474,3.3749648296764683,11.907945732066098,3.0324476817555412,0.0,0.0
17.358333333158654,0.36154715216681715,0.06487877245766177,0.0,224.61886086672672,159.5515089830646,0.0004977097744827678,0.004419039927586235,0.0,0.0,1.0,1.0,11.908702867590085,3.0305394490708273,13.224087340251492,3.372621917705549,11.908702867590085,3.0305394490708273,0.0,0.0
17.366666666491867,0.3615099145419335,0.06458570911887634,0.0,224.60396581677324,159.43428364755042,0.0004953041644993169,0.004389131830588464,0.0,0.0,1.0,1.0,11.909459328589126,3.0286322291001215,13.224087340251481,3.3702806321920313,11.909459328589126,3.0286322291001215,0.0,0.0
17.37499999982508,0.3614728567546599,0.06429469862347384,0.0,224.5891427018638,159.3178794493894,0.000492914032474341,0.004359500302011531,0.0,0.0,1.0,1.0,11.910215113124574,3.0267260209752034,13.224087340251483,3.3679409720068114,11.910215113124574,3.0267260209752034,0.0,0.0
17.38333333315829,0.36143597764883306,0.06400572150718338,0.0,224.57439105953307,159.20228860287324,0.0004905392541241898,0.004330142101755462,0.0,0.0,1.0,1.0,11.910970219289378,3.024820823837383,13.224087340251447,3.36560293602159,11.910970219289378,3.024820823837383,0.0,0.0
17.391666666491503,0.3613992760775661,0.06371875853773547,0.0,224.5597104310263,159.08750341509406,0.00048817970636087283,0.004301054035584282,0.0,0.0,1.0,1.0,11.911724645208078,3.022916636837457,13.224087340251469,3.3632665231088406,11.911724645208078,3.022916636837457,0.0,0.0
17.399999999824715,0.3613627509031591,0.06343379071153915,0.0,224.5451003612635,158.97351628461553,0.0004858352672786252,0.004272232954366222,0.0,0.0,1.0,1.0,11.912478389036105,3.021013459135528,13.22408734025146,3.360931732141814,11.912478389036105,3.021013459135528,0.0,0.0
17.408333333157927,0.36132640099701097,0.0631507992504162,0.0,224.53056039880425,158.86031970016634,0.00048350581614069107,0.0042436757533284766,0.0,0.0,1.0,1.0,11.913231448959756,3.019111289900946,13.224087340251485,3.3585985619945613,11.913231448959756,3.019111289900946,0.0,0.0
17.41666666649114,0.3612902252395321,0.06286976559838843,0.0,224.5160900958127,158.74790623935525,0.00048119123336625976,0.00421537937132592,0.0,0.0,1.0,1.0,11.913983823195714,3.017210128312157,13.224087340251469,3.3562670115418847,11.913983823195714,3.017210128312157,0.0,0.0
17.42499999982435,0.3612542225200587,0.06259067141851919,0.0,224.50168900802333,158.63626856740754,0.0004788914005175987,0.004187340790123701,0.0,0.0,1.0,1.0,11.914735509990923,3.0153099735566338,13.224087340251451,3.353937079659401,11.914735509990923,3.0153099735566338,0.0,0.0
17.433333333157563,0.36121839173676695,0.062313498589806976,0.0,224.48735669470665,158.52539943592268,0.00047660620028729616,0.004159557033693313,0.0,0.0,1.0,1.0,11.915486507622093,3.013410824830723,13.224087340251469,3.351608765223488,11.915486507622093,3.013410824830723,0.0,0.0
17.441666666490775,0.36118273179658916,0.06203822920413,0.0,224.47309271863554,158.41529168165187,0.00047433551648571486,0.004132025167521814,0.0,0.0,1.0,1.0,11.916236814395452,3.0115126813395934,13.224087340251467,3.34928206711131,11.916236814395452,3.0115126813395934,0.0,0.0
17.449999999823987,0.36114724161513023,0.06176484556324173,0.0,224.45889664605195,158.30593822529656,0.0004720792340285877,0.0041047422979340635,0.0,0.0,1.0,1.0,11.916986428646629,3.0096155422971003,13.224087340251502,3.346956984200813,11.916986428646629,3.0096155422971003,0.0,0.0
17.4583333331572,0.3611119201165848,0.06149333017581557,0.0,224.44476804663378,158.1973320703261,0.00046983723892473847,0.00407770557142757,0.0,0.0,1.0,1.0,11.91773534874005,3.0077194069256765,13.224087340251499,3.3446335153707163,11.91773534874005,3.0077194069256765,0.0,0.0
17.46666666649041,0.3610767662336562,0.0612236657545381,0.0,224.43070649346234,158.08946630181512,0.000467609418264018,0.004050912174019745,0.0,0.0,1.0,1.0,11.918483573068832,3.0058242744562347,13.224087340251494,3.3423116595005213,11.918483573068832,3.0058242744562347,0.0,0.0
17.474999999823623,0.36104177890747624,0.06095583521324971,0.0,224.41671156299034,157.98233408529975,0.0004653956602053783,0.0040243593306072654,0.0,0.0,1.0,1.0,11.919231100054626,3.0039301441280903,13.224087340251515,3.339991415470508,11.919231100054626,3.0039301441280903,0.0,0.0
17.483333333156835,0.36100695708752434,0.06068982166413228,0.0,224.4027828350096,157.8759286656528,0.0004631958539650302,0.003998044304337356,0.0,0.0,1.0,1.0,11.919977928146984,3.002037015188826,13.224087340251502,3.3376727821617287,11.919977928146984,3.002037015188826,0.0,0.0
17.491666666490048,0.3609722997315496,0.06042560841494253,0.0,224.3889198926197,157.77024336597688,0.0004610098898048371,0.003971964395990677,0.0,0.0,1.0,1.0,11.920724055823385,3.0001448868941987,13.224087340251513,3.33535575845602,11.920724055823385,3.0001448868941987,0.0,0.0
17.49999999982326,0.36093780580549245,0.06016317896629036,0.0,224.37512232219686,157.665271586516,0.00045883765902082296,0.0039461169433756115,0.0,0.0,1.0,1.0,11.921469481588828,2.998253758508064,13.224087340251526,3.333040343235978,11.921469481588828,2.998253758508064,0.0,0.0
17.50833333315647,0.36090347428340763,0.0599025170089613,0.0,224.3613897133629,157.5610068035844,0.00045667905393179315,0.003920499320733696,0.0,0.0,1.0,1.0,11.922214203975546,2.9963636293022624,13.224087340251545,3.3307265353849984,11.922214203975546,2.9963636293022624,0.0,0.0
17.516666666489684,0.3608693041473875,0.059643606421282296,0.0,224.34772165895484,157.4574425685128,0.00045453396786813494,0.0038951089381559717,0.0,0.0,1.0,1.0,11.922958221542737,2.9944744985565115,13.224087340251527,3.3284143337872343,11.922958221542737,2.9944744985565115,0.0,0.0
17.524999999822896,0.36083529438748724,0.059386431266530176,0.0,224.33411775499474,157.35457250661196,0.0004524022951607631,0.003869943241010059,0.0,0.0,1.0,1.0,11.923701532876347,2.9925863655583336,13.224087340251534,3.3261037373276072,11.923701532876347,2.9925863655583336,0.0,0.0
17.533333333156108,0.3608014440016499,0.05913097579038162,0.0,224.32057760065982,157.2523903161525,0.0004502839311301819,0.0038449997093776677,0.0,0.0,1.0,1.0,11.924444136588697,2.9906992296029506,13.224087340251545,3.323794744891845,11.924444136588697,2.9906992296029506,0.0,0.0
17.54166666648932,0.3607677519956326,0.05887722441840453,0.0,224.30710079825292,157.1508897673617,0.00044817877207567903,0.003820275857502422,0.0,0.0,1.0,1.0,11.92518603131832,2.988813089993188,13.224087340251545,3.3214873553664197,11.92518603131832,2.988813089993188,0.0,0.0
17.549999999822532,0.36073421738293343,0.058625161753589186,0.0,224.29368695317322,157.05006470143556,0.00044608671526466916,0.0037957692332476795,0.0,0.0,1.0,1.0,11.925927215729633,2.9869279460393763,13.224087340251545,3.3191815676385925,11.925927215729633,2.9869279460393763,0.0,0.0
17.558333333155744,0.3607008391847194,0.05837477257391877,0.0,224.2803356738876,156.94990902956738,0.0004440076589221718,0.0037714774175641977,0.0,0.0,1.0,1.0,11.92666768851277,2.9850437970592827,13.224087340251518,3.3168773805963836,11.92666768851277,2.9850437970592827,0.0,0.0
17.566666666488956,0.3606676164297547,0.05812604182997946,0.0,224.26704657190174,156.85041673199166,0.0004419415022203992,0.0037473980239675075,0.0,0.0,1.0,1.0,11.927407448383082,2.9831606423780035,13.22408734025153,3.3145747931285796,11.927407448383082,2.9831606423780035,0.0,0.0
17.574999999822168,0.36063454815433077,0.05787895464260794,0.0,224.25381926173216,156.75158185704305,0.0004398881452685238,0.0037235286980246774,0.0,0.0,1.0,1.0,11.92814649408119,2.981278481327873,13.224087340251561,3.312273804124771,11.92814649408119,2.981278481327873,0.0,0.0
17.58333333315538,0.3606016334021954,0.057633496300576195,0.0,224.24065336087804,156.65339852023035,0.0004378474891024834,0.0036998671168503245,0.0,0.0,1.0,1.0,11.928884824372487,2.9793973132483624,13.224087340251563,3.30997441247529,11.928884824372487,2.9793973132483624,0.0,0.0
17.591666666488592,0.36056887122448467,0.05738965225831363,0.0,224.22754848979372,156.55586090332534,0.00043581943567501033,0.003676410988611744,0.0,0.0,1.0,1.0,11.929622438047042,2.97751713748605,13.224087340251574,3.3076766170712575,11.929622438047042,2.97751713748605,0.0,0.0
17.599999999821804,0.3605362606796534,0.05714740813366458,0.0,224.21450427186122,156.4589632534657,0.00043380388784570686,0.003653158052042872,0.0,0.0,1.0,1.0,11.930359333919247,2.975637953394447,13.224087340251547,3.305380416804545,11.930359333919247,2.975637953394447,0.0,0.0
17.608333333155016,0.3605038008334087,0.0569067497056816,0.0,224.20152033336336,156.36269988227252,0.00043180074937130495,0.0036301060759669854,0.0,0.0,1.0,1.0,11.93109551082759,2.973759760334003,13.224087340251542,3.3030858105678083,11.93109551082759,2.973759760334003,0.0,0.0
17.61666666648823,0.3604714907586421,0.056667662912453245,0.0,224.1885963034567,156.26706516498118,0.0004298099248959772,0.0036072528588279025,0.0,0.0,1.0,1.0,11.931830967634482,2.9718825576719174,13.22408734025154,3.300792797254466,11.931830967634482,2.9718825576719174,0.0,0.0
17.62499999982144,0.36043932953536395,0.05643013384896625,0.0,224.17573181414545,156.1720535395864,0.00042783131994184276,0.0035845962282295726,0.0,0.0,1.0,1.0,11.932565703225984,2.9700063447821745,13.224087340251538,3.298501375758693,11.932565703225984,2.9700063447821745,0.0,0.0
17.633333333154653,0.36040731625063754,0.05619414876500091,0.0,224.16292650025488,156.07765950600023,0.000425864840899526,0.003562134040483822,0.0,0.0,1.0,1.0,11.933299716511451,2.9681311210453525,13.224087340251542,3.2962115449754585,11.933299716511451,2.9681311210453525,0.0,0.0
17.641666666487865,0.3603754499985147,0.055959694063059784,0.0,224.15017999940574,155.98387762522378,0.0004239103950188681,0.0035398641801661734,0.0,0.0,1.0,1.0,11.93403300642341,2.966256885848599,13.224087340251515,3.2939233038004683,11.93403300642341,2.966256885848599,0.0,0.0
17.649999999821077,0.3603437298799711,0.055726756296328214,0.0,224.1374919519883,155.89070251853116,0.00042196789039972534,0.003517784559679467,0.0,0.0,1.0,1.0,11.934765571917314,2.9643836385855575,13.22408734025153,3.291636651130232,11.934765571917314,2.9643836385855575,0.0,0.0
17.65833333315429,0.36031215500284364,0.055495322166667076,0.0,224.1248620011373,155.7981288666667,0.000420037235982918,0.00349589311882525,0.0,0.0,1.0,1.0,11.935497411971276,2.9625113786562434,13.224087340251526,3.2893515858619966,11.935497411971276,2.9625113786562434,0.0,0.0
17.6666666664875,0.3602807244817669,0.05526537852263644,0.0,224.11228979270663,155.70615140905446,0.0004181183415412423,0.003474187824382693,0.0,0.0,1.0,1.0,11.93622852558576,2.960640105467002,13.224087340251522,3.287068106893768,11.93622852558576,2.960640105467002,0.0,0.0
17.674999999820713,0.36024943743811194,0.05503691235754975,0.0,224.09977497524463,155.61476494301976,0.00041621111767063977,0.0034526666696948973,0.0,0.0,1.0,1.0,11.936958911783622,2.9587698184304188,13.224087340251527,3.2847862131243444,11.936958911783622,2.9587698184304188,0.0,0.0
17.683333333153925,0.36021829299992403,0.05480991080755862,0.0,224.08731719996948,155.52396432302334,0.0004143154757814243,0.0034313276742625135,0.0,0.0,1.0,1.0,11.937688569609618,2.9569005169652085,13.224087340251508,3.282505903453274,11.937688569609618,2.9569005169652085,0.0,0.0
17.691666666487137,0.36018729030186253,0.05458436114976642,0.0,224.07491612074486,155.43374445990645,0.0004124313280896581,0.0034101688833444097,0.0,0.0,1.0,1.0,11.938417498130143,2.9550322004962015,13.22408734025148,3.2802271767808717,11.938417498130143,2.9550322004962015,0.0,0.0
17.69999999982035,0.3601564284851403,0.054360250800371636,0.0,224.062571394056,155.34410032014853,0.0004105585876086055,0.0033891883675653657,0.0,0.0,1.0,1.0,11.939145696433268,2.953164868454213,13.224087340251481,3.2779500320082184,11.939145696433268,2.953164868454213,0.0,0.0
17.70833333315356,0.3601257066974649,0.05413756731283927,0.0,224.05028267898584,155.25502692513558,0.00040869716814031555,0.0033683842225305932,0.0,0.0,1.0,1.0,11.939873163628368,2.951298520276,13.224087340251485,3.275674468037143,11.939873163628368,2.951298520276,0.0,0.0
17.716666666486773,0.36009512409297895,0.05391629837610054,0.0,224.03804963719145,155.1665193504401,0.00040684698426725894,0.0033477545684469493,0.0,0.0,1.0,1.0,11.94059989884583,2.9494331554041615,13.224087340251472,3.273400483770253,11.94059989884583,2.9494331554041615,0.0,0.0
17.724999999819985,0.36006467983220236,0.053696431812780186,0.0,224.02587193288082,155.07857272511194,0.00040500795134412737,0.003327297549750752,0.0,0.0,1.0,1.0,11.941325901236976,2.947568773287072,13.224087340251499,3.271128078110913,11.941325901236976,2.947568773287072,0.0,0.0
17.733333333153197,0.3600343730819746,0.05347795557745025,0.0,224.0137492327897,154.99118223097997,0.00040317998548968284,0.0033070113347419905,0.0,0.0,1.0,1.0,11.942051169973704,2.945705373378827,13.224087340251492,3.2688572499632493,11.942051169973704,2.945705373378827,0.0,0.0
17.74166666648641,0.36000420301539793,0.053260857754911274,0.0,224.00168120615905,154.9043431019644,0.0004013630035787355,0.003286894115224909,0.0,0.0,1.0,1.0,11.942775704248406,2.943842955139148,13.224087340251476,3.2665879982321453,11.942775704248406,2.943842955139148,0.0,0.0
17.74999999981962,0.3599741688117806,0.0530451265584988,0.0,223.9896675247121,154.8180506233994,0.00039955692323419593,0.0032669441061547334,0.0,0.0,1.0,1.0,11.943499503273731,2.94198151803333,13.224087340251488,3.264320321823259,11.943499503273731,2.94198151803333,0.0,0.0
17.758333333152834,0.3599442696565813,0.05283075032841651,0.0,223.97770786263237,154.7323001313665,0.0003977616628192304,0.003247159545290556,0.0,0.0,1.0,1.0,11.944222566282265,2.9401210615321416,13.224087340251511,3.262054219642978,11.944222566282265,2.9401210615321416,0.0,0.0
17.766666666486046,0.359914504741354,0.05261771753009355,0.0,223.96580189654145,154.6470870120373,0.0003959771414295345,0.003227538692854078,0.0,0.0,1.0,1.0,11.944944892526511,2.938261585111805,13.224087340251502,3.2597896905984736,11.944944892526511,2.938261585111805,0.0,0.0
17.774999999819258,0.3598848732636929,0.05240601675256741,0.0,223.953949305477,154.56240670102684,0.00039420327888563635,0.003208079831194281,0.0,0.0,1.0,1.0,11.94566648127847,2.9364030882538397,13.224087340251488,3.25752673359767,11.94566648127847,2.9364030882538397,0.0,0.0
17.78333333315247,0.3598553744271789,0.052195636706890675,0.0,223.94214977087142,154.47825468275616,0.0003924399957253704,0.0031887812644577603,0.0,0.0,1.0,1.0,11.946387331829614,2.9345455704450942,13.224087340251495,3.2552653475492574,11.946387331829614,2.9345455704450942,0.0,0.0
17.791666666485682,0.3598260074413257,0.051986566224562096,0.0,223.93040297653013,154.3946264898247,0.0003906872131963725,0.0031696413182647366,0.0,0.0,1.0,1.0,11.947107443490635,2.9326890311775866,13.224087340251504,3.2530055313626707,11.947107443490635,2.9326890311775866,0.0,0.0
17.799999999818894,0.3597967715215269,0.05177879425598118,0.0,223.91870860861061,154.31151770239234,0.00038894485324871453,0.0031506583393905736,0.0,0.0,1.0,1.0,11.947826815591164,2.9308334699485363,13.22408734025152,3.250747283948096,11.947826815591164,2.9308334699485363,0.0,0.0
17.808333333152106,0.3597676658890037,0.0515723098689255,0.0,223.90706635560136,154.22892394757008,0.0003872128385275994,0.0031318306954526546,0.0,0.0,1.0,1.0,11.948545447479685,2.9289788862602086,13.22408734025152,3.248490604216505,11.948545447479685,2.9289788862602086,0.0,0.0
17.816666666485318,0.3597386897707531,0.05136710224705113,0.0,223.8954759083011,154.14684089882033,0.0003854910923661414,0.0031131567746026058,0.0,0.0,1.0,1.0,11.949263338523286,2.9271252796199043,13.224087340251499,3.2462354910795925,11.949263338523286,2.9271252796199043,0.0,0.0
17.82499999981853,0.3597098423994962,0.05116316068841534,0.0,223.88393695979835,154.06526427536602,0.00038377953877825253,0.0030946349852237274,0.0,0.0,1.0,1.0,11.949980488107418,2.925272649539855,13.224087340251524,3.2439819434498274,11.949980488107418,2.925272649539855,0.0,0.0
17.833333333151742,0.35968112301362787,0.050960474604021117,0.0,223.872449205451,153.98418984160833,0.0003820781024515786,0.0030762637556334895,0.0,0.0,1.0,1.0,11.950696895635769,2.923420995537174,13.2240873402515,3.241729960240432,11.950696895635769,2.923420995537174,0.0,0.0
17.841666666484954,0.35965253085716614,0.050759033516383695,0.0,223.8610123428663,153.90361340655335,0.00038038670874056794,0.0030580415337910978,0.0,0.0,1.0,1.0,11.951412560530084,2.9215703171338117,13.224087340251506,3.2394795403653753,11.951412560530084,2.9215703171338117,0.0,0.0
17.849999999818166,0.3596240651797026,0.0505588270581178,0.0,223.8496260718809,153.82353082324698,0.0003787052836595673,0.0030399667870099076,0.0,0.0,1.0,1.0,11.952127482229892,2.919720613856458,13.224087340251485,3.237230682739392,11.952127482229892,2.919720613856458,0.0,0.0
17.85833333315138,0.3595957252363533,0.050359844970545894,0.0,223.83829009454118,153.74393798821825,0.00037703375387606106,0.0030220380016746772,0.0,0.0,1.0,1.0,11.952841660192496,2.9178718852365235,13.224087340251492,3.234983386277962,11.952841660192496,2.9178718852365235,0.0,0.0
17.86666666648459,0.3595675102877097,0.05016207710232729,0.0,223.82700411508375,153.6648308409308,0.00037537204670391207,0.003004253682963587,0.0,0.0,1.0,1.0,11.953555093892529,2.916024130810035,13.224087340251508,3.232737649897318,11.953555093892529,2.916024130810035,0.0,0.0
17.874999999817803,0.3595394195997907,0.04996081001153708,0.0,223.81576783991613,153.58620648191052,0.00037372009009674476,0.002986194424892282,0.0,0.0,1.0,1.0,11.954141928631882,2.9141459994688015,13.22408734025148,3.230493472514445,11.954141928631882,2.9141459994688015,0.0,0.0
17.883333333151015,0.35951145244399485,0.049738983948315864,0.0,223.8045809775978,153.50810693531753,0.0003720778126413999,0.002966328385014287,0.0,0.0,1.0,1.0,11.954141928631882,2.912122989673027,13.224087340251447,3.228250853047084,11.954141928631882,2.912122989673027,0.0,0.0
17.891666666484227,0.35948360809705293,0.04951862284146596,0.0,223.79344323882103,153.43055160765758,0.00037044514355142347,0.002946637355081387,0.0,0.0,1.0,1.0,11.954141928631882,2.910101384256524,13.224087340251439,3.2260097904137224,11.954141928631882,2.910101384256524,0.0,0.0
17.89999999981744,0.35945588584098137,0.049299713875317966,0.0,223.7823543363924,153.35353556472768,0.0003688220126606716,0.002927119418888154,0.0,0.0,1.0,1.0,11.954141928631882,2.9080811822443726,13.224087340251426,3.2237702835336037,11.954141928631882,2.9080811822443726,0.0,0.0
17.90833333315065,0.3594282849630359,0.04908224437361313,0.0,223.77131398521422,153.2770539273374,0.0003672083504169843,0.0029077726852836435,0.0,0.0,1.0,1.0,11.954141928631882,2.906062382662326,13.224087340251417,3.2215323313267046,11.954141928631882,2.906062382662326,0.0,0.0
17.916666666483863,0.35940080475566605,0.048866201797691196,0.0,223.76032190226627,153.20110187058094,0.0003656040878759265,0.0028885952877908006,0.0,0.0,1.0,1.0,11.954141928631882,2.9040449845368315,13.224087340251424,3.2192959327137842,11.954141928631882,2.9040449845368315,0.0,0.0
17.924999999817075,0.359373444516469,0.048651573744706064,0.0,223.74937780658746,153.12567462312114,0.0003640091566945793,0.0028695853842325026,0.0,0.0,1.0,1.0,11.954141928631882,2.902028986894996,13.224087340251433,3.2170610866163245,11.954141928631882,2.902028986894996,0.0,0.0
17.933333333150287,0.3593462035481456,0.048438347945867884,0.0,223.7384814192581,153.05076746648353,0.0003624234891254595,0.0028507411563640115,0.0,0.0,1.0,1.0,11.954141928631882,2.9000143887646006,13.224087340251415,3.214827791956562,11.954141928631882,2.9000143887646006,0.0,0.0
17.9416666664835,0.3593190811584554,0.04822651226471199,0.0,223.727632463382,152.97637573436194,0.00036084701801044396,0.0028320608095117844,0.0,0.0,1.0,1.0,11.954141928631882,2.8980011891741078,13.224087340251408,3.2125960476574926,11.954141928631882,2.8980011891741078,0.0,0.0
17.94999999981671,0.3592920766601729,0.048016054695393634,0.0,223.716830664069,152.9024948119342,0.00035927967677483425,0.0028135425722184814,0.0,0.0,1.0,1.0,11.954141928631882,2.895989387152648,13.224087340251405,3.2103658526428465,11.954141928631882,2.895989387152648,0.0,0.0
17.958333333149923,0.3592651893710437,0.047806963361008106,0.0,223.70607574841733,152.82912013518813,0.00035772139942140646,0.0027951846958940447,0.0,0.0,1.0,1.0,11.954141928631882,2.8939789817300334,13.224087340251403,3.208137205837103,11.954141928631882,2.8939789817300334,0.0,0.0
17.966666666483135,0.359238418613742,0.04759922651193642,0.0,223.69536744549666,152.75624719025836,0.0003561721205246181,0.0027769854544727815,0.0,0.0,1.0,1.0,11.954141928631882,2.891969971936743,13.224087340251426,3.2059101061654878,11.954141928631882,2.891969971936743,0.0,0.0
17.974999999816347,0.3592117637158273,0.047392832524215084,0.0,223.68470548633078,152.68387151277224,0.0003546317752248087,0.0027589431440762655,0.0,0.0,1.0,1.0,11.954141928631882,2.88996235680393,13.224087340251398,3.203684552553983,11.954141928631882,2.88996235680393,0.0,0.0
17.98333333314956,0.35918522400970276,0.047187769897930755,0.0,223.67408960388096,152.61198868720663,0.0003531002992225176,0.0027410560826820196,0.0,0.0,1.0,1.0,11.954141928631882,2.8879561353634267,13.22408734025139,3.20146054392931,11.954141928631882,2.8879561353634267,0.0,0.0
17.99166666648277,0.35915879883257273,0.046984027255638126,0.0,223.66351953302896,152.54059434625333,0.0003515776287728346,0.0027233226097977863,0.0,0.0,1.0,1.0,11.954141928631882,2.8859513066477347,13.224087340251394,3.1992380792189206,11.954141928631882,2.8859513066477347,0.0,0.0
17.999999999815984,0.359132487526402,0.04678159334080184,0.0,223.65299501056066,152.46968417019508,0.00035006370067982965,0.00270574108614138,0.0,0.0,1.0,1.0,11.954141928631882,2.8839478696900223,13.224087340251383,3.1970171573510333,11.954141928631882,2.8839478696900223,0.0,0.0
18.008333333149196,0.3591062894378745,0.04658045701626111,0.0,223.64251577514963,152.3992538862901,0.00034855845229105883,0.0026883098933259196,0.0,0.0,1.0,1.0,11.954141928631882,2.881945823524133,13.22408734025138,3.1947977772545966,11.954141928631882,2.881945823524133,0.0,0.0
18.016666666482408,0.35908020391835266,0.04638060726271677,0.0,223.63208156734092,152.32929926816598,0.00034706182149209176,0.0026710274335503747,0.0,0.0,1.0,1.0,11.954141928631882,2.8799451671845784,13.224087340251385,3.1925799378593007,11.954141928631882,2.8799451671845784,0.0,0.0
18.02499999981562,0.3590542303238378,0.04618203317724142,0.0,223.621692129535,152.25981613522316,0.0003455737467011669,0.002653892129295376,0.0,0.0,1.0,1.0,11.954141928631882,2.8779458997065395,13.224087340251357,3.190363638095603,11.954141928631882,2.8779458997065395,0.0,0.0
18.033333333148832,0.3590283680149298,0.04598472397181045,0.0,223.61134720597178,152.19080035204655,0.0003440941668638364,0.0026369024230240867,0.0,0.0,1.0,1.0,11.954141928631882,2.875948020125873,13.22408734025135,3.188148876894678,11.954141928631882,2.875948020125873,0.0,0.0
18.041666666482044,0.35900261635678765,0.04578866897185554,0.0,223.60104654271493,152.12224782782653,0.0003426230214477095,0.0026200567768881475,0.0,0.0,1.0,1.0,11.954141928631882,2.873951527479097,13.224087340251348,3.1859356531884484,11.954141928631882,2.873951527479097,0.0,0.0
18.049999999815256,0.35897697471909124,0.04559385761483851,0.0,223.59078988763636,152.0541545157878,0.0003411602504372784,0.0026033536724385004,0.0,0.0,1.0,1.0,11.954141928631882,2.871956420803407,13.224087340251321,3.1837239659095773,11.954141928631882,2.871956420803407,0.0,0.0
18.058333333148468,0.3589514424760022,0.04540027944884676,0.0,223.58057699040074,151.98651641262762,0.00033970579432875093,0.0025867916103411008,0.0,0.0,1.0,1.0,11.954141928631882,2.8699626991366656,13.2240873402513,3.18151381399148,11.954141928631882,2.8699626991366656,0.0,0.0
18.06666666648168,0.3589260190061257,0.04520792413120874,0.0,223.57040760245013,151.9193295579616,0.00033825959412497306,0.002570369110097336,0.0,0.0,1.0,1.0,11.954141928631882,2.8679703615173957,13.224087340251305,3.1793051963683046,11.954141928631882,2.8679703615173957,0.0,0.0
18.074999999814892,0.35890070369247284,0.04501678142712939,0.0,223.560281476989,151.8525900337778,0.00033682159133040116,0.0025540847097690967,0.0,0.0,1.0,1.0,11.954141928631882,2.8659794069847924,13.224087340251279,3.1770981119749364,11.954141928631882,2.8659794069847924,0.0,0.0
18.083333333148104,0.3588754959224234,0.044826841208346,0.0,223.5501983689692,151.78629396389928,0.00033539172794615473,0.0025379369657084496,0.0,0.0,1.0,1.0,11.954141928631882,2.863989834578715,13.224087340251273,3.174892559746997,11.954141928631882,2.863989834578715,0.0,0.0
18.091666666481316,0.35885039508768823,0.044638093451802995,0.0,223.54015803507517,151.720437513454,0.00033396994646506944,0.002521924452291768,0.0,0.0,1.0,1.0,11.954141928631882,2.862001643339695,13.224087340251272,3.1726885386208505,11.954141928631882,2.862001643339695,0.0,0.0
18.09999999981453,0.35882540058427315,0.04445052823834613,0.0,223.53016023370913,151.6550168883527,0.0003325561898668627,0.0025060457616582713,0.0,0.0,1.0,1.0,11.954141928631882,2.8600148323089183,13.224087340251277,3.1704860475336036,11.954141928631882,2.8600148323089183,0.0,0.0
18.10833333314774,0.3588005118124421,0.04426413575143542,0.0,223.52020472497668,151.59002833477456,0.0003311504016133286,0.002490299503452874,0.0,0.0,1.0,1.0,11.954141928631882,2.858029400528251,13.224087340251264,3.1682850854231055,11.954141928631882,2.858029400528251,0.0,0.0
18.116666666480953,0.35877572817668135,0.04407890627587665,0.0,223.5102912706724,151.52546813866022,0.0003297525256435817,0.0024746843045732837,0.0,0.0,1.0,1.0,11.954141928631882,2.8560453470402236,13.224087340251257,3.1660856512279243,11.954141928631882,2.8560453470402236,0.0,0.0
18.124999999814165,0.35875104908566435,0.04389483019657131,0.0,223.5004196342656,151.4613326252121,0.0003283625063693755,0.002459198808921273,0.0,0.0,1.0,1.0,11.954141928631882,2.85406267088802,13.224087340251259,3.1638877438873916,11.954141928631882,2.85406267088802,0.0,0.0
18.133333333147377,0.3587264739522155,0.04371189799728409,0.0,223.49058958088605,151.39761815840217,0.000326980288670443,0.002443841677158004,0.0,0.0,1.0,1.0,11.954141928631882,2.8520813711154926,13.22408734025126,3.16169136234155,11.954141928631882,2.8520813711154926,0.0,0.0
18.14166666648059,0.3587020021932761,0.043530100259428085,0.0,223.4808008773103,151.3343211404867,0.00032560581788992156,0.0024286115864633672,0.0,0.0,1.0,1.0,11.954141928631882,2.850101446767161,13.22408734025123,3.1594965055311843,11.954141928631882,2.850101446767161,0.0,0.0
18.1499999998138,0.3586776332298694,0.04334942766086775,0.0,223.4710532919476,151.27143801152823,0.00032423903982981613,0.002413507230299289,0.0,0.0,1.0,1.0,11.954141928631882,2.848122896888206,13.224087340251225,3.1573031723978167,11.954141928631882,2.848122896888206,0.0,0.0
18.158333333147013,0.35865336648706614,0.04316987097473841,0.0,223.4613465948263,151.2089652489241,0.00032287990074648243,0.0023985273181768556,0.0,0.0,1.0,1.0,11.954141928631882,2.8461457205244676,13.224087340251245,3.155111361883707,11.954141928631882,2.8461457205244676,0.0,0.0
18.166666666480225,0.35862920139395116,0.04299142106828265,0.0,223.45168055758032,151.14689936694225,0.0003215283473462353,0.0023836705754272506,0.0,0.0,1.0,1.0,11.954141928631882,2.8441699167224535,13.224087340251222,3.1529210729318646,11.954141928631882,2.8441699167224535,0.0,0.0
18.174999999813437,0.35860513738358923,0.04281406890170382,0.0,223.44205495343556,151.08523691626328,0.00032018432678090637,0.002368935742976441,0.0,0.0,1.0,1.0,11.954141928631882,2.84219548452933,13.224087340251193,3.150732304485991,11.954141928631882,2.84219548452933,0.0,0.0
18.18333333314665,0.35858117389299254,0.04263780552703485,0.0,223.4324695571969,151.02397448352934,0.0003188477866435646,0.002354321577123463,0.0,0.0,1.0,1.0,11.954141928631882,2.8402224229929365,13.22408734025121,3.148545055490563,11.954141928631882,2.8402224229929365,0.0,0.0
18.19166666647986,0.3585573103630871,0.04246262208702366,0.0,223.42292414523467,150.9631086908993,0.00031751867496417833,0.002339826849322335,0.0,0.0,1.0,1.0,11.954141928631882,2.8382507311617573,13.224087340251215,3.1463593248907644,11.954141928631882,2.8382507311617573,0.0,0.0
18.199999999813073,0.3585335462386802,0.042288509814034196,0.0,223.41341849547194,150.90263619561046,0.0003161969402053852,0.002325450345967482,0.0,0.0,1.0,1.0,11.954141928631882,2.83628040808494,13.224087340251204,3.1441751116325274,11.954141928631882,2.83628040808494,0.0,0.0
18.208333333146562,0.35850988096842834,0.04211546002896299,0.0,223.4039523873712,150.84255368954643,0.0003148825312582859,0.0023111908681826394,0.0,0.0,1.0,1.0,11.954141928631882,2.8343114528122877,13.224087340251218,3.1419924146624982,11.954141928631882,2.8343114528122877,0.0,0.0
18.216666666480382,0.35848631400480546,0.04194346414017067,0.0,223.39452560192206,150.78285789881127,0.00031357539743832955,0.002297047231613108,0.0,0.0,1.0,1.0,11.954141928631882,2.8323438643942858,13.224087340251197,3.1398112329280643,11.954141928631882,2.8323438643942858,0.0,0.0
18.2249999998142,0.35846284480407065,0.0417725136424288,0.0,223.38513792162811,150.72354558330937,0.00031227548848116284,0.0022830182662213947,0.0,0.0,1.0,1.0,11.954141928631882,2.830377641882048,13.22408734025118,3.1376315653773545,11.954141928631882,2.830377641882048,0.0,0.0
18.233333333148018,0.3584394728262375,0.04160260011588122,0.0,223.37578913049487,150.66461353633167,0.0003109827545386127,0.002269102816086093,0.0,0.0,1.0,1.0,11.954141928631882,2.8284127843273765,13.224087340251172,3.1354534109592187,11.954141928631882,2.8284127843273765,0.0,0.0
18.241666666481837,0.3584161975350426,0.041433715225020096,0.0,223.3664790140169,150.60605858414758,0.0003096971461746435,0.0022552997392040076,0.0,0.0,1.0,1.0,11.954141928631882,2.8264492907827155,13.224087340251167,3.133276768623221,11.954141928631882,2.8264492907827155,0.0,0.0
18.249999999815657,0.35839301839791454,0.041265850717676106,0.0,223.35720735916567,150.5478775856027,0.00030841861436138634,0.002241607907295413,0.0,0.0,1.0,1.0,11.954141928631882,2.8244871603011728,13.224087340251172,3.1311016373196807,11.954141928631882,2.8244871603011728,0.0,0.0
18.258333333149473,0.35836993488594404,0.04109899842402268,0.0,223.34797395437747,150.49006743172203,0.0003071471104752344,0.002228026205612432,0.0,0.0,1.0,1.0,11.954141928631882,2.82252639193649,13.224087340251153,3.128928015999622,11.954141928631882,2.82252639193649,0.0,0.0
18.266666666483292,0.35834694647385357,0.0409331502555942,0.0,223.33877858954128,150.43262504531918,0.0003058825862929443,0.0022145535327504568,0.0,0.0,1.0,1.0,11.954141928631882,2.8205669847431034,13.224087340251158,3.1267559036148245,11.954141928631882,2.8205669847431034,0.0,0.0
18.274999999817112,0.35832405263996725,0.04076829820431755,0.0,223.32962105598676,150.3755473806106,0.00030462499398779895,0.002201188800462551,0.0,0.0,1.0,1.0,11.954141928631882,2.8186089377760735,13.22408734025117,3.1245852991177587,11.954141928631882,2.8186089377760735,0.0,0.0
18.283333333150928,0.3583012528661813,0.04060443434155748,0.0,223.32050114647237,150.31883142283567,0.0003033742861257944,0.002187930933476816,0.0,0.0,1.0,1.0,11.954141928631882,2.816652250091139,13.224087340251193,3.122416201461663,11.954141928631882,2.816652250091139,0.0,0.0
18.291666666484748,0.358278546637935,0.04044155081717465,0.0,223.31141865517387,150.26247418788148,0.00030213041566191646,0.002174778869316619,0.0,0.0,1.0,1.0,11.954141928631882,2.8146969207446926,13.224087340251186,3.1202486096004804,11.954141928631882,2.8146969207446926,0.0,0.0
18.299999999818567,0.35825593344418166,0.04027963985859722,0.0,223.30237337767252,150.2064727219139,0.0003008933359363938,0.0021617315581236828,0.0,0.0,1.0,1.0,11.954141928631882,2.812742948793771,13.224087340251199,3.118082522488883,11.954141928631882,2.812742948793771,0.0,0.0
18.308333333152383,0.3582334127773594,0.04011869376990449,0.0,223.2933651109436,150.1508241010125,0.00029966300067104095,0.0021487879624839164,0.0,0.0,1.0,1.0,11.954141928631882,2.8107903332960618,13.224087340251197,3.1159179390822622,11.954141928631882,2.8107903332960618,0.0,0.0
18.316666666486203,0.35821098413336294,0.03995870493092405,0.0,223.28439365334503,150.0955254308116,0.00029843936396559985,0.0021359470572560615,0.0,0.0,1.0,1.0,11.954141928631882,2.808839073309923,13.224087340251183,3.1137548583367467,11.954141928631882,2.808839073309923,0.0,0.0
18.324999999820022,0.35818864701151554,0.03979966579634031,0.0,223.27545880460607,150.04057384614586,0.00029722238029416593,0.002123207829402931,0.0,0.0,1.0,1.0,11.954141928631884,2.806889167894357,13.224087340251172,3.1115932792091856,11.954141928631884,2.806889167894357,0.0,0.0
18.33333333315384,0.3581664009145411,0.03964156889481596,0.0,223.2665603658163,149.9859665107007,0.00029601200450163627,0.0021105692778253657,0.0,0.0,1.0,1.0,11.954141928631886,2.804940616109022,13.224087340251181,3.1094332006571412,11.954141928631886,2.804940616109022,0.0,0.0
18.341666666487658,0.35814424534853606,0.03948440682812499,0.0,223.2576981394143,149.93170061666783,0.0002948081918001616,0.002098030413198739,0.0,0.0,1.0,1.0,11.95414192863189,2.802993417014217,13.224087340251192,3.1072746216389153,11.95414192863189,2.802993417014217,0.0,0.0
18.349999999821478,0.3581221798229422,0.03932817227029791,0.0,223.24887192917674,149.87777338440532,0.0002936108977656834,0.0020855902578120486,0.0,0.0,1.0,1.0,11.954141928631884,2.8010475696709194,13.224087340251199,3.105117541113534,11.954141928631884,2.8010475696709194,0.0,0.0
18.358333333155294,0.35810020385051977,0.03917285796677808,0.0,223.24008154020777,149.8241820621025,0.00029242007833450224,0.0020732478454094697,0.0,0.0,1.0,1.0,11.954141928631882,2.7991030731407385,13.224087340251183,3.1029619580407273,11.954141928631882,2.7991030731407385,0.0,0.0
18.366666666489113,0.3580783169473201,0.03901845673359011,0.0,223.2313267789279,149.77092392544952,0.00029123568979985,0.0020610022210344227,0.0,0.0,1.0,1.0,11.954141928631877,2.7971599264859326,13.224087340251176,3.100807871380964,11.954141928631877,2.7971599264859326,0.0,0.0
18.374999999822933,0.35805651863265925,0.038864961456518826,0.0,223.22260745306357,149.71799627731104,0.0002900576888085298,0.0020488524408759936,0.0,0.0,1.0,1.0,11.954141928631882,2.795218128769408,13.224087340251181,3.0986552800954263,11.954141928631882,2.795218128769408,0.0,0.0
18.38333333315675,0.3580348084290918,0.03871236509029993,0.0,223.21392337163658,149.66539644740502,0.0002888860323576033,0.0020367975721177936,0.0,0.0,1.0,1.0,11.954141928631888,2.7932776790547478,13.224087340251211,3.096504183146025,11.954141928631888,2.7932776790547478,0.0,0.0
18.39166666649057,0.3580131858623843,0.03856066065782129,0.0,223.20527434495355,149.61312179198544,0.00028772067779106014,0.0020248366927891137,0.0,0.0,1.0,1.0,11.954141928631897,2.791338576406171,13.224087340251211,3.094354579495382,11.954141928631897,2.791338576406171,0.0,0.0
18.399999999824388,0.35799165046148945,0.03840984124933499,0.0,223.19666018459563,149.56116969352942,0.0002865615827965758,0.0020129688916183885,0.0,0.0,1.0,1.0,11.9541419286319,2.7894008198885345,13.224087340251197,3.092206468106844,11.9541419286319,2.7894008198885345,0.0,0.0
18.408333333158204,0.3579702017585206,0.03825990002168009,0.0,223.1880807034081,149.5095375604289,0.00028540870540228066,0.0020011932678889134,0.0,0.0,1.0,1.0,11.954141928631906,2.7874644085673586,13.224087340251208,3.090059847944474,11.954141928631906,2.7874644085673586,0.0,0.0
18.416666666492024,0.35794883928872656,0.038110830197515766,0.0,223.1795357154905,149.45822282668615,0.00028426200397357534,0.001989508931296782,0.0,0.0,1.0,1.0,11.954141928631895,2.7855293415088016,13.224087340251202,3.087914717973056,11.954141928631895,2.7855293415088016,0.0,0.0
18.424999999825843,0.3579275625904658,0.03796262506456454,0.0,223.17102503618617,149.4072229516136,0.00028312143720996745,0.0019779150018109804,0.0,0.0,1.0,1.0,11.9541419286319,2.78359561777968,13.22408734025118,3.085771077158111,11.9541419286319,2.78359561777968,0.0,0.0
18.43333333315966,0.3579063712051821,0.0378152779748659,0.0,223.16254848207268,149.3565354195376,0.0002819869641419485,0.0019664106095356507,0.0,0.0,1.0,1.0,11.954141928631895,2.7816632364474527,13.224087340251177,3.083628924465853,11.954141928631895,2.7816632364474527,0.0,0.0
18.44166666649348,0.3578852646773793,0.037668782344039836,0.0,223.15410587095158,149.30615773950666,0.0002808585441278965,0.00195499489457445,0.0,0.0,1.0,1.0,11.95414192863189,2.7797321965802384,13.224087340251174,3.081488258863222,11.95414192863189,2.7797321965802384,0.0,0.0
18.4499999998273,0.3578642425545973,0.037523131650559816,0.0,223.14569702183877,149.25608744500272,0.0002797361368510224,0.0019436670068969462,0.0,0.0,1.0,1.0,11.954141928631898,2.7778024972467628,13.224087340251158,3.0793490793178684,11.954141928631898,2.7778024972467628,0.0,0.0
18.458333333161114,0.35784330438738765,0.037378319435036035,0.0,223.1373217549549,149.20632209365738,0.0002786197023163555,0.0019324261062071031,0.0,0.0,1.0,1.0,11.954141928631906,2.7758741375164413,13.224087340251172,3.077211384798176,11.954141928631906,2.7758741375164413,0.0,0.0
18.466666666494934,0.3578224497292895,0.037234339299507556,0.0,223.12897989171566,149.15685926697105,0.0002775092008477461,0.0019212713618137018,0.0,0.0,1.0,1.0,11.9541419286319,2.773947116459331,13.224087340251184,3.075075174273234,11.9541419286319,2.773947116459331,0.0,0.0
18.474999999828754,0.3578016781368059,0.0370911849067444,0.0,223.12067125472223,149.10769657003647,0.00027640459308489863,0.0019102019525027891,0.0,0.0,1.0,1.0,11.95414192863191,2.7720214331461146,13.224087340251215,3.0729404467128276,11.95414192863191,2.7720214331461146,0.0,0.0
18.48333333316257,0.35778098916937984,0.03694884997955832,0.0,223.1123956677518,149.05883163126566,0.0002753058399804318,0.0018992170664119882,0.0,0.0,1.0,1.0,11.954141928631916,2.7700970866481303,13.224087340251197,3.070807201087511,11.954141928631916,2.7700970866481303,0.0,0.0
18.49166666649639,0.3577603823893715,0.03680732830012296,0.0,223.10415295574848,149.01026210212058,0.0002742129027970109,0.0018883159009067578,0.0,0.0,1.0,1.0,11.95414192863191,2.7681740760373614,13.224087340251206,3.068675436368503,11.95414192863191,2.7681740760373614,0.0,0.0
18.49999999983021,0.35773985736203456,0.03666661370930312,0.0,223.0959429448137,148.96198565684736,0.0002731257431044479,0.0018774976624585066,0.0,0.0,1.0,1.0,11.95414192863192,2.766252400386433,13.224087340251243,3.0665451515277606,11.95414192863192,2.766252400386433,0.0,0.0
18.508333333164025,0.3577194136554937,0.03652670010599233,0.0,223.08776546219732,148.91399999221414,0.00027204432277688555,0.0018667615665245174,0.0,0.0,1.0,1.0,11.954141928631918,2.7643320587686087,13.224087340251264,3.0644163455379396,11.954141928631918,2.7643320587686087,0.0,0.0
18.516666666497844,0.35769905084072146,0.03638758144645959,0.0,223.07962033628846,148.8663028272524,0.00027096860398997914,0.0018561068374296995,0.0,0.0,1.0,1.0,11.95414192863192,2.7624130502578086,13.224087340251268,3.062289017372415,11.95414192863192,2.7624130502578086,0.0,0.0
18.524999999831664,0.35767876849151603,0.036249251743704525,0.0,223.07150739660628,148.81889190300163,0.00026989854921811274,0.0018455327082501096,0.0,0.0,1.0,1.0,11.95414192863192,2.760495373928596,13.224087340251259,3.060163166005284,11.95414192863192,2.760495373928596,0.0,0.0
18.53333333316548,0.35765856618447894,0.03611170506682079,0.0,223.06342647379142,148.77176498225742,0.00026883412123166714,0.0018350384206982017,0.0,0.0,1.0,1.0,11.954141928631909,2.7585790288561514,13.224087340251247,3.058038790411341,11.954141928631909,2.7585790288561514,0.0,0.0
18.5416666664993,0.3576384434989928,0.035974935540368014,0.0,223.05537739959698,148.724919849323,0.00026777528309428786,0.001824623225009806,0.0,0.0,1.0,1.0,11.954141928631902,2.756664014116329,13.224087340251248,3.0559158895661036,11.954141928631902,2.756664014116329,0.0,0.0
18.54999999983312,0.3576184000171996,0.035838937343751716,0.0,223.04736000687967,148.67835430976388,0.0002667219981601921,0.0018142863798327768,0.0,0.0,1.0,1.0,11.954141928631913,2.7547503287855997,13.224087340251259,3.0537944624457896,11.954141928631913,2.7547503287855997,0.0,0.0
18.558333333166935,0.35759843532397884,0.03570370471061161,0.0,223.03937412959138,148.63206619016609,0.00026567423007152203,0.001804027152117327,0.0,0.0,1.0,1.0,11.954141928631909,2.7528379719411085,13.224087340251277,3.051674508027341,11.954141928631909,2.7528379719411085,0.0,0.0
18.566666666500755,0.357578549006926,0.035569231928217405,0.0,223.03141960277026,148.58605333789683,0.0002646319427556732,0.0017938448170079471,0.0,0.0,1.0,1.0,11.954141928631914,2.7509269426605982,13.224087340251291,3.0495560252884037,11.954141928631914,2.7509269426605982,0.0,0.0
18.574999999834574,0.35755874065633153,0.03543551333687268,0.0,223.0234962625325,148.54031362086926,0.0002635951004227284,0.0017837386577369617,0.0,0.0,1.0,1.0,11.954141928631909,2.7490172400224795,13.224087340251273,3.0474390132073266,11.954141928631909,2.7490172400224795,0.0,0.0
18.58333333316839,0.35753900986515963,0.03530254332932657,0.0,223.01560394606372,148.4948449273096,0.0002625636675628589,0.0017737079655196519,0.0,0.0,1.0,1.0,11.954141928631906,2.7471088631057943,13.224087340251272,3.045323470763185,11.954141928631906,2.7471088631057943,0.0,0.0
18.59166666650221,0.357519356229027,0.035170316350192694,0.0,223.00774249161066,148.44964516552773,0.00026153760894375035,0.0017637520394509117,0.0,0.0,1.0,1.0,11.954141928631898,2.745201810990233,13.224087340251277,3.043209396935745,11.954141928631898,2.745201810990233,0.0,0.0
18.59999999983603,0.35749977934618277,0.03503882689537598,0.0,222.99991173847297,148.4047122636905,0.0002605168896081261,0.0017538701864034533,0.0,0.0,1.0,1.0,11.954141928631897,2.7432960827561077,13.22408734025131,3.0410967907054887,11.954141928631897,2.7432960827561077,0.0,0.0
18.608333333169846,0.35748027881748723,0.03490806951150645,0.0,222.99211152699473,148.36004416959815,0.00025950147487118527,0.00174406172092749,0.0,0.0,1.0,1.0,11.954141928631897,2.74139167748438,13.224087340251293,3.0389856510536024,11.954141928631897,2.74139167748438,0.0,0.0
18.616666666503665,0.35746085424639196,0.03477803879538069,0.0,222.98434169855665,148.31563885046373,0.00025849133031816823,0.001734325965151905,0.0,0.0,1.0,1.0,11.954141928631902,2.739488594256649,13.224087340251305,3.0368759769619826,11.954141928631902,2.739488594256649,0.0,0.0
18.624999999837485,0.35744150523891965,0.034648729393409995,0.0,222.97660209556773,148.271494292695,0.00025748642180189595,0.0017246622486868524,0.0,0.0,1.0,1.0,11.954141928631904,2.7375868321551553,13.224087340251325,3.0347677674132436,11.954141928631904,2.7375868321551553,0.0,0.0
18.6333333331713,0.3574222314036441,0.03452013600107609,0.0,222.9688925614575,148.22760850167987,0.00025648671544034976,0.0017150699085278138,0.0,0.0,1.0,1.0,11.954141928631907,2.7356863902627753,13.224087340251323,3.0326610213906897,11.954141928631907,2.7356863902627753,0.0,0.0
18.64166666650512,0.35740303235167026,0.034392253362393294,0.0,222.96121294066796,148.18397950157362,0.0002554921776142702,0.0017055482889610217,0.0,0.0,1.0,1.0,11.954141928631902,2.733787267663012,13.224087340251359,3.0305557378783226,11.954141928631902,2.733787267663012,0.0,0.0
18.64999999983894,0.35738390769661466,0.034265076269378,0.0,222.95356307864571,148.14060533509004,0.0002545027749647705,0.0016960967414702888,0.0,0.0,1.0,1.0,11.954141928631893,2.7318894634400066,13.22408734025137,3.028451915860871,11.954141928631893,2.7318894634400066,0.0,0.0
18.658333333172756,0.35736485705458615,0.03413859956152449,0.0,222.9459428218343,148.09748406329416,0.0002535184743910051,0.0016867146246451804,0.0,0.0,1.0,1.0,11.954141928631904,2.7299929766785413,13.224087340251364,3.0263495543237657,11.954141928631904,2.7299929766785413,0.0,0.0
18.666666666506575,0.3573458800441663,0.03401281812528763,0.0,222.93835201766638,148.05461376539836,0.0002525392430478351,0.0016774013040905173,0.0,0.0,1.0,1.0,11.954141928631914,2.7280978064640347,13.224087340251378,3.0242486522531395,11.954141928631914,2.7280978064640347,0.0,0.0
18.674999999840395,0.3573269762863907,0.03388772689357221,0.0,222.93079051455612,148.01199253856097,0.000251565048343527,0.0016681561523372145,0.0,0.0,1.0,1.0,11.95414192863193,2.726203951882545,13.224087340251375,3.022149208635808,11.95414192863193,2.726203951882545,0.0,0.0
18.68333333317421,0.35730814540473,0.03376332084522842,0.0,222.92325816189185,147.96961849768724,0.0002505958579374838,0.0016589785487543783,0.0,0.0,1.0,1.0,11.954141928631941,2.7243114120207528,13.224087340251373,3.0200512224593137,11.954141928631941,2.7243114120207528,0.0,0.0
18.69166666650803,0.3572893870250705,0.03363959500455399,0.0,222.9157548100281,147.92748977523303,0.00024963163973796415,0.0016498678794626986,0.0,0.0,1.0,1.0,11.954141928631929,2.7224201859659813,13.224087340251375,3.017954692711913,11.954141928631929,2.7224201859659813,0.0,0.0
18.69999999984185,0.3572707007756967,0.03351654444080253,0.0,222.90828031027854,147.88560452101106,0.00024867236189988573,0.0016408235372490838,0.0,0.0,1.0,1.0,11.95414192863194,2.720530272806171,13.224087340251367,3.0158596183825357,11.95414192863194,2.720530272806171,0.0,0.0
18.708333333175666,0.35725208628727195,0.033394164267697944,0.0,222.90083451490864,147.84396090199948,0.00024771799282259735,0.0016318449214825187,0.0,0.0,1.0,1.0,11.954141928631945,2.718641671629926,13.22408734025139,3.013765998460819,11.954141928631945,2.718641671629926,0.0,0.0
18.716666666509486,0.3572335431928205,0.03327244964295505,0.0,222.89341727712807,147.802557102153,0.0002467685011476935,0.0016229314380311385,0.0,0.0,1.0,1.0,11.954141928631937,2.7167543815264628,13.224087340251387,3.0116738319371192,11.954141928631937,2.7167543815264628,0.0,0.0
18.724999999843305,0.3572150711277094,0.03315139576780617,0.0,222.88602845108363,147.7613913222163,0.00024582385575683903,0.001614082499180489,0.0,0.0,1.0,1.0,11.954141928631927,2.7148684015856355,13.22408734025138,3.009583117802477,11.954141928631927,2.7148684015856355,0.0,0.0
18.73333333317712,0.3571966697296308,0.03303099788653368,0.0,222.8786678918522,147.72046177954005,0.00024488402576966224,0.0016052975235529648,0.0,0.0,1.0,1.0,11.95414192863195,2.712983730897914,13.224087340251364,3.0074938550486445,11.95414192863195,2.712983730897914,0.0,0.0
18.74166666651094,0.3571783386385839,0.03291125128600831,0.0,222.8713354554334,147.67976670789898,0.00024394898054160257,0.0015965759360283902,0.0,0.0,1.0,1.0,11.954141928631943,2.7111003685544226,13.224087340251371,3.005406042668061,11.954141928631943,2.7111003685544226,0.0,0.0
18.74999999984476,0.35716007749685735,0.03279215129523342,0.0,222.8640309987428,147.63930435731243,0.0002430186896618232,0.0015879171676657453,0.0,0.0,1.0,1.0,11.954141928631932,2.7092183136469066,13.224087340251383,3.0033196796538766,11.954141928631932,2.7092183136469066,0.0,0.0
18.758333333178577,0.3571418859490121,0.03267369328489459,0.0,222.8567543796047,147.59907299386708,0.0002420931229511386,0.0015793206556259918,0.0,0.0,1.0,1.0,11.954141928631943,2.7073375652677485,13.224087340251405,3.0012347649999382,11.954141928631943,2.7073375652677485,0.0,0.0
18.766666666512396,0.3571237636418636,0.03255587266691512,0.0,222.8495054567453,147.55907089954206,0.00024117225045995085,0.0015707858430960076,0.0,0.0,1.0,1.0,11.954141928631943,2.7054581225099468,13.224087340251407,2.999151297700781,11.954141928631943,2.7054581225099468,0.0,0.0
18.774999999846216,0.3571057102244652,0.03243868489401691,0.0,222.84228408978595,147.519296372036,0.00024025604246621213,0.001562312179213602,0.0,0.0,1.0,1.0,11.954141928631923,2.703579984467128,13.22408734025141,2.99706927675165,11.954141928631923,2.703579984467128,0.0,0.0
18.783333333180032,0.35708772534809075,0.03232212545928676,0.0,222.83509013923617,147.4797477245965,0.0002393444694734263,0.001553899118993586,0.0,0.0,1.0,1.0,11.95414192863192,2.7017031502335747,13.224087340251385,2.9949887011484932,11.95414192863192,2.7017031502335747,0.0,0.0
18.79166666651385,0.35706980866621807,0.032206189895748145,0.0,222.82792346648708,147.44042328585178,0.0002384375022086399,0.0015455461232549,0.0,0.0,1.0,1.0,11.954141928631909,2.699827618904163,13.224087340251396,2.9929095698879307,11.954141928631909,2.699827618904163,0.0,0.0
18.79999999984767,0.3570519598345119,0.03209087377593813,0.0,222.82078393380462,147.40132139964405,0.00023753511162046876,0.0015372526585487587,0.0,0.0,1.0,1.0,11.954141928631923,2.6979533895744385,13.224087340251385,2.9908318819673068,11.954141928631923,2.6979533895744385,0.0,0.0
18.808333333181487,0.35703417851080754,0.0319761727114896,0.0,222.81367140432286,147.36244042486547,0.0002366372688771427,0.0015290181970878192,0.0,0.0,1.0,1.0,11.954141928631913,2.6960804613405394,13.224087340251355,2.988755636384644,11.954141928631913,2.6960804613405394,0.0,0.0
18.816666666515307,0.35701646435509476,0.0318620823527186,0.0,222.80658574203775,147.32377873529578,0.00023574394536459028,0.0015208422166763397,0.0,0.0,1.0,1.0,11.95414192863189,2.694208833299241,13.224087340251366,2.986680832138663,11.95414192863189,2.694208833299241,0.0,0.0
18.824999999849126,0.3569988170295011,0.031748598388216635,0.0,222.79952681180032,147.28533471944212,0.00023485511268450478,0.0015127242006413191,0.0,0.0,1.0,1.0,11.954141928631904,2.6923385045479673,13.224087340251348,2.984607468228796,11.954141928631904,2.6923385045479673,0.0,0.0
18.833333333182942,0.35698123619827593,0.03163571654444812,0.0,222.79249447931022,147.24710678038085,0.00023397074265244365,0.001504663637764605,0.0,0.0,1.0,1.0,11.95414192863188,2.690469474184721,13.22408734025133,2.982535543655152,11.95414192863188,2.690469474184721,0.0,0.0
18.841666666516762,0.3569637215277741,0.03152343258535271,0.0,222.7854886111095,147.20909333560127,0.0002330908072959581,0.0014966600222159575,0.0,0.0,1.0,1.0,11.95414192863188,2.688601741308169,13.22408734025132,2.980465057418531,11.95414192863188,2.688601741308169,0.0,0.0
18.84999999985058,0.3569462726864411,0.03141174231195251,0.0,222.77850907457628,147.1712928168514,0.0002322152788527503,0.0014887128534870455,0.0,0.0,1.0,1.0,11.954141928631858,2.686735305017588,13.224087340251323,2.978396008520453,11.954141928631858,2.686735305017588,0.0,0.0
18.858333333184397,0.3569288893447964,0.03130064156196388,0.0,222.77155573791842,147.13370366998535,0.00023134412976882082,0.001480821636326349,0.0,0.0,1.0,1.0,11.954141928631877,2.684870164412907,13.224087340251344,2.976328395963099,11.954141928631877,2.684870164412907,0.0,0.0
18.866666666518217,0.3569115711754183,0.031190126209414196,0.0,222.76462847016717,147.0963243548131,0.00023047733269664002,0.0014729858806749924,0.0,0.0,1.0,1.0,11.954141928631891,2.6830063185946433,13.224087340251339,2.974262218749347,11.954141928631891,2.6830063185946433,0.0,0.0
18.874999999852037,0.3568943178529283,0.031080192164263287,0.0,222.7577271411712,147.05915334495162,0.00022961486049335363,0.0014652051016034585,0.0,0.0,1.0,1.0,11.95414192863188,2.6811437666639626,13.224087340251335,2.9721974758827905,11.95414192863188,2.6811437666639626,0.0,0.0
18.883333333185853,0.3568771290539764,0.03097083537202922,0.0,222.7508516215904,147.02218912767816,0.00022875668621901013,0.0014574788192491836,0.0,0.0,1.0,1.0,11.954141928631865,2.6792825077226414,13.22408734025134,2.9701341663676963,11.954141928631865,2.6792825077226414,0.0,0.0
18.891666666519672,0.356860004457225,0.030862051813418688,0.0,222.74400178288985,146.9854302037852,0.00022790278313476316,0.0014498065587550003,0.0,0.0,1.0,1.0,11.954141928631852,2.677422540873084,13.224087340251346,2.968072289209037,11.954141928631852,2.677422540873084,0.0,0.0
18.89999999985349,0.3568429437433347,0.03075383750396221,0.0,222.73717749733373,146.94887508743716,0.00022705312470114645,0.00144218785020847,0.0,0.0,1.0,1.0,11.954141928631856,2.675563865218312,13.224087340251364,2.96601184341245,11.954141928631856,2.675563865218312,0.0,0.0
18.908333333187308,0.3568259465949491,0.03064618849365311,0.0,222.7303786379795,146.91252230602905,0.00022620768457633998,0.001434622228582011,0.0,0.0,1.0,1.0,11.954141928631868,2.6737064798619876,13.22408734025138,2.963952827984297,11.954141928631868,2.6737064798619876,0.0,0.0
18.916666666521127,0.35680901269667986,0.030539100866591493,0.0,222.72360507867182,146.8763704000465,0.00022536643661444163,0.0014271092336738851,0.0,0.0,1.0,1.0,11.954141928631863,2.6718503839083816,13.224087340251387,2.961895241931592,11.954141928631863,2.6718503839083816,0.0,0.0
18.924999999854947,0.35679214173509244,0.030432570740632027,0.0,222.71685669403684,146.84041792292803,0.00022452935486377937,0.0014196484100499804,0.0,0.0,1.0,1.0,11.95414192863188,2.669995576462395,13.224087340251408,2.959839084262068,11.95414192863188,2.669995576462395,0.0,0.0
18.933333333188763,0.35677533339869144,0.03032659426703608,0.0,222.71013335947646,146.8046634409283,0.0002236964135652348,0.001412239306986386,0.0,0.0,1.0,1.0,11.954141928631916,2.668142056629528,13.224087340251426,2.9577843539841315,11.954141928631916,2.668142056629528,0.0,0.0
18.941666666522583,0.3567585873779061,0.030221167630128176,0.0,222.7034349511623,146.76910553298376,0.00022286758715056197,0.001404881478412778,0.0,0.0,1.0,1.0,11.954141928631906,2.6662898235159322,13.22408734025142,2.9557310501068903,11.954141928631906,2.6662898235159322,0.0,0.0
18.949999999856402,0.3567419033650762,0.030116287046956434,0.0,222.69676134603034,146.73374279057933,0.00022204285024075927,0.001397574482856565,0.0,0.0,1.0,1.0,11.95414192863192,2.6644388762283575,13.22408734025141,2.9536791716401325,11.95414192863192,2.6644388762283575,0.0,0.0
18.958333333190218,0.3567252810544379,0.03001194876695702,0.0,222.69011242177504,146.6985738176172,0.00022122217764441708,0.0013903178833877948,0.0,0.0,1.0,1.0,11.95414192863191,2.6625892138741794,13.224087340251412,2.95162871759432,11.95414192863191,2.6625892138741794,0.0,0.0
18.966666666524038,0.35670872014210975,0.02990814907162274,0.0,222.68348805684374,146.66359723028668,0.00022040554435611936,0.0013831112475648304,0.0,0.0,1.0,1.0,11.954141928631914,2.6607408355614033,13.224087340251414,2.949579686980621,11.954141928631914,2.6607408355614033,0.0,0.0
18.974999999857857,0.3566922203260785,0.029804884274175415,0.0,222.67688813043125,146.6288116569362,0.00021959292555483043,0.0013759541473807398,0.0,0.0,1.0,1.0,11.954141928631932,2.6588937403986392,13.224087340251403,2.9475320788108976,11.954141928631932,2.6588937403986392,0.0,0.0
18.983333333191673,0.35667578130618577,0.029702150719242256,0.0,222.67031252247418,146.59421573794637,0.0002187842966023149,0.001368846159210437,0.0,0.0,1.0,1.0,11.95414192863192,2.6570479274951198,13.224087340251439,2.9454858920976656,11.95414192863192,2.6570479274951198,0.0,0.0
18.991666666525493,0.35665940278411445,0.02959994478253608,0.0,222.66376111364562,146.5598081256049,0.00021797963304158116,0.001361786863758538,0.0,0.0,1.0,1.0,11.954141928631923,2.6552033959607066,13.224087340251451,2.9434411258541595,11.954141928631923,2.6552033959607066,0.0,0.0
18.999999999859313,0.35664308446337456,0.02949826287053923,0.0,222.65723378534966,146.52558748398275,0.00021717891059530952,0.0013547758460079086,0.0,0.0,1.0,1.0,11.954141928631914,2.6533601449058715,13.224087340251467,2.9413977790942774,11.954141928631914,2.6533601449058715,0.0,0.0
19.00833333319313,0.3566268260492903,0.029397101420191283,0.0,222.65073041971598,146.4915524888121,0.00021638210516432158,0.001347812695168924,0.0,0.0,1.0,1.0,11.954141928631921,2.6515181734416933,13.224087340251492,2.939355850832611,11.954141928631921,2.6515181734416933,0.0,0.0
19.016666666526948,0.35661062724898696,0.02929645689858058,0.0,222.64425089959462,146.45770182736547,0.0002155891928260615,0.001340897004629415,0.0,0.0,1.0,1.0,11.954141928631932,2.6496774806798893,13.224087340251486,2.9373153400844236,11.954141928631932,2.6496774806798893,0.0,0.0
19.024999999860768,0.3565944877713769,0.029196325802639023,0.0,222.63779510855062,146.42403419833647,0.00021480014983307576,0.0013340283719052728,0.0,0.0,1.0,1.0,11.954141928631927,2.647838065732777,13.224087340251488,2.935276245865678,11.954141928631927,2.647838065732777,0.0,0.0
19.033333333194584,0.3565784073271474,0.029096704658840896,0.0,222.63136293085884,146.39054831172191,0.00021401495261153474,0.0013272063985917371,0.0,0.0,1.0,1.0,11.954141928631927,2.645999927713296,13.224087340251478,2.933238567193025,11.954141928631927,2.645999927713296,0.0,0.0
19.041666666528403,0.35656238562874715,0.02899759002290496,0.0,222.6249542514987,146.35724288870537,0.00021323357775974034,0.0013204306903153318,0.0,0.0,1.0,1.0,11.954141928631929,2.644163065735008,13.224087340251481,2.931202303083788,11.954141928631929,2.644163065735008,0.0,0.0
19.049999999862223,0.35654642239037343,0.02889897847950003,0.0,222.61856895614923,146.32411666154198,0.0002124560020466708,0.0013137008566864398,0.0,0.0,1.0,1.0,11.954141928631941,2.6423274789120716,13.224087340251499,2.9291674525559594,11.954141928631941,2.6423274789120716,0.0,0.0
19.05833333319604,0.3565305173279597,0.028800866641954186,0.0,222.61220693118375,146.29116837344492,0.00021168220241052555,0.0013070165112525267,0.0,0.0,1.0,1.0,11.954141928631955,2.640493166359282,13.224087340251469,2.9271340146282334,11.954141928631955,2.640493166359282,0.0,0.0
19.06666666652986,0.3565146701591626,0.028703251151967174,0.0,222.6058680636649,146.25839677847284,0.00021091215595729157,0.0013003772714519752,0.0,0.0,1.0,1.0,11.954141928631955,2.6386601271920362,13.22408734025148,2.925101988319978,11.954141928631955,2.6386601271920362,0.0,0.0
19.074999999863678,0.3564988806033496,0.02860612867932632,0.0,222.5995522413397,146.22580064141906,0.00021014583995931772,0.0012937827585685526,0.0,0.0,1.0,1.0,11.954141928631936,2.636828360526337,13.22408734025149,2.9230713726512443,11.954141928631936,2.636828360526337,0.0,0.0
19.083333333197494,0.35648314838158646,0.028509495921625643,0.0,222.59325935263442,146.19337873770164,0.00020938323185390825,0.0012872325976864673,0.0,0.0,1.0,1.0,11.95414192863193,2.6349978654788244,13.224087340251497,2.92104216664275,11.95414192863193,2.6349978654788244,0.0,0.0
19.091666666531314,0.356467473216625,0.02841334960398831,0.0,222.58698928664987,146.1611298532551,0.00020862430924192872,0.001280726417646041,0.0,0.0,1.0,1.0,11.954141928631934,2.6331686411667334,13.224087340251485,2.919014369315917,11.954141928631934,2.6331686411667334,0.0,0.0
19.099999999865133,0.356451854832891,0.028317686478792257,0.0,222.58074193315628,146.12905278442318,0.00020786904988641928,0.0012742638509999557,0.0,0.0,1.0,1.0,11.95414192863194,2.6313406867079165,13.224087340251494,2.916987979692822,11.95414192863194,2.6313406867079165,0.0,0.0
19.10833333319895,0.35643629295647183,0.02822250332539897,0.0,222.57451718258858,146.0971463378532,0.00020711743171123367,0.001267844533970086,0.0,0.0,1.0,1.0,11.95414192863194,2.6295140012208447,13.224087340251494,2.914962996796242,11.95414192863194,2.6295140012208447,0.0,0.0
19.11666666653277,0.35642078731510446,0.0281277969498856,0.0,222.56831492604164,146.06540933039096,0.00020636943279967276,0.0012614681064049176,0.0,0.0,1.0,1.0,11.954141928631906,2.627688583824594,13.224087340251502,2.9129394196496294,11.954141928631906,2.627688583824594,0.0,0.0
19.12499999986659,0.35640533763816384,0.02803356418477987,0.0,222.5621350552654,146.03384058897797,0.0002056250313931615,0.0012551342117374993,0.0,0.0,1.0,1.0,11.95414192863189,2.6258644336388492,13.224087340251513,2.9109172472771006,11.95414192863189,2.6258644336388492,0.0,0.0
19.133333333200405,0.35638994365665094,0.027939801888798247,0.0,222.55597746266025,146.00243895054874,0.00020488420588990296,0.0012488424969439773,0.0,0.0,1.0,1.0,11.954141928631884,2.624041549783916,13.224087340251522,2.908896478703437,11.954141928631884,2.624041549783916,0.0,0.0
19.141666666534224,0.35637460510318075,0.027846506946587052,0.0,222.54984204127217,145.9712032619299,0.00020414693484356147,0.00124259261250266,0.0,0.0,1.0,1.0,11.954141928631865,2.6222199313807075,13.224087340251499,2.9068771129541533,11.954141928631865,2.6222199313807075,0.0,0.0
19.149999999868044,0.3563593217119711,0.02775367626846654,0.0,222.5437286847883,145.94013237974065,0.00020341319696197036,0.0012363842123536285,0.0,0.0,1.0,1.0,11.954141928631852,2.620399577550737,13.224087340251481,2.9048591490553703,11.954141928631852,2.620399577550737,0.0,0.0
19.15833333320186,0.3563440932188309,0.02766130679017811,0.0,222.53763728753222,145.90922517029384,0.00020268297110583201,0.001230216953858883,0.0,0.0,1.0,1.0,11.95414192863186,2.61858048741614,13.224087340251495,2.902842586033936,11.95414192863186,2.61858048741614,0.0,0.0
19.16666666653568,0.35632891936114897,0.027569395472633988,0.0,222.53156774445944,145.87848050949856,0.00020195623628744633,0.0012240904977629942,0.0,0.0,1.0,1.0,11.95414192863188,2.6167626600996554,13.224087340251492,2.9008274229173585,11.95414192863188,2.6167626600996554,0.0,0.0
19.1749999998695,0.35631379987788225,0.02747793930167025,0.0,222.52551995115277,145.84789728276374,0.00020123297166943426,0.0012180045081542916,0.0,0.0,1.0,1.0,11.954141928631868,2.614946094724632,13.22408734025147,2.898813658733816,11.954141928631868,2.614946094724632,0.0,0.0
19.183333333203315,0.35629873450954525,0.027386935287802294,0.0,222.51949380381797,145.81747438490305,0.00020051315656349728,0.0012119586524265388,0.0,0.0,1.0,1.0,11.954141928631886,2.6131307904150387,13.224087340251467,2.896801292512161,11.954141928631886,2.6131307904150387,0.0,0.0
19.191666666537134,0.3562837229981982,0.027296380465983285,0.0,222.51348919927915,145.78721072004055,0.0001997967704291561,0.0012059526012411256,0.0,0.0,1.0,1.0,11.954141928631858,2.611316746295432,13.224087340251485,2.894790323281936,11.954141928631858,2.611316746295432,0.0,0.0
19.199999999870954,0.35626876508743655,0.027206271895365446,0.0,222.50750603497448,145.75710520151782,0.00019908379287253162,0.0011999860284897489,0.0,0.0,1.0,1.0,11.954141928631843,2.6095039614909865,13.224087340251494,2.8927807500733267,11.954141928631843,2.6095039614909865,0.0,0.0
19.20833333320477,0.3562538605223797,0.027116606659063715,0.0,222.5015442089517,145.7271567518018,0.00019837420364512493,0.001194058611257568,0.0,0.0,1.0,1.0,11.954141928631854,2.6076924351274835,13.22408734025146,2.890772571917219,11.954141928631854,2.6076924351274835,0.0,0.0
19.21666666653859,0.35623900904966016,0.02702738186392244,0.0,222.49560361986394,145.6973643023941,0.00019766798264260596,0.001188170029786853,0.0,0.0,1.0,1.0,11.954141928631879,2.6058821663313028,13.224087340251433,2.8887657878451667,11.954141928631879,2.6058821663313028,0.0,0.0
19.22499999987241,0.35622421041741315,0.026938594640284617,0.0,222.4896841669651,145.66772679374105,0.00019696510990362,0.0011823199674411019,0.0,0.0,1.0,1.0,11.95414192863191,2.6040731542294497,13.224087340251414,2.8867603968893816,11.95414192863191,2.6040731542294497,0.0,0.0
19.233333333206225,0.3562094643752654,0.026850242141763618,0.0,222.48378575010602,145.6382431751447,0.00019626556560860747,0.0011765081106696164,0.0,0.0,1.0,1.0,11.9541419286319,2.602265397949524,13.22408734025144,2.884756398082771,11.9541419286319,2.602265397949524,0.0,0.0
19.241666666540045,0.35619477067432487,0.026762321545017478,0.0,222.4779082697298,145.60891240467527,0.00019556933007861048,0.001170734148972528,0.0,0.0,1.0,1.0,11.9541419286319,2.6004588966197275,13.224087340251431,2.8827537904588882,11.9541419286319,2.6004588966197275,0.0,0.0
19.249999999873864,0.3561801290671703,0.02667483004952612,0.0,222.47205162686797,145.57973344908416,0.00019487638377414324,0.0011649977748663114,0.0,0.0,1.0,1.0,11.9541419286319,2.598653649368876,13.224087340251415,2.880752573051979,11.9541419286319,2.598653649368876,0.0,0.0
19.25833333320768,0.35616553930784056,0.02658776487737051,0.0,222.4662157231361,145.55070528371823,0.0001941867072940146,0.0011592986838496904,0.0,0.0,1.0,1.0,11.9541419286319,2.5968496553263867,13.224087340251442,2.878752744896933,11.9541419286319,2.5968496553263867,0.0,0.0
19.2666666665415,0.3561510011518246,0.026501123273014713,0.0,222.4604004607297,145.521826892435,0.00019350028137419176,0.001153636574370028,0.0,0.0,1.0,1.0,11.9541419286319,2.5950469136222742,13.224087340251451,2.8767543050293503,11.9541419286319,2.5950469136222742,0.0,0.0
19.27499999987532,0.3561365143560508,0.026414902503090237,0.0,222.4546057424202,145.49309726751864,0.0001928170868866792,0.0011480111477901187,0.0,0.0,1.0,1.0,11.9541419286319,2.5932454233871676,13.224087340251428,2.8747572524854643,11.9541419286319,2.5932454233871676,0.0,0.0
19.283333333209136,0.3561220786788773,0.026329099856182835,0.0,222.44883147155076,145.46451540959725,0.0001921371048383868,0.0011424221083554255,0.0,0.0,1.0,1.0,11.9541419286319,2.5914451837522856,13.224087340251414,2.8727615863022056,11.9541419286319,2.5914451837522856,0.0,0.0
19.291666666542955,0.35610769388008146,0.026243712642621656,0.0,222.44307755203243,145.43608032756077,0.00019146031637003497,0.001136869163161724,0.0,0.0,1.0,1.0,11.9541419286319,2.5896461938494797,13.224087340251373,2.8707673055171212,11.9541419286319,2.5896461938494797,0.0,0.0
19.299999999876775,0.35609335972085043,0.02615873819427073,0.0,222.43734388834002,145.40779103848,0.00019078670275504881,0.001131352022123164,0.0,0.0,1.0,1.0,11.9541419286319,2.587848452811159,13.224087340251385,2.8687744091684957,11.9541419286319,2.587848452811159,0.0,0.0
19.30833333321059,0.35607907596377036,0.026074173864322956,0.0,222.43163038550802,145.37964656752652,0.00019011624539845947,0.0011258703979407478,0.0,0.0,1.0,1.0,11.9541419286319,2.58605195977038,13.224087340251401,2.866782896295238,11.9541419286319,2.58605195977038,0.0,0.0
19.31666666654441,0.35606484237281755,0.025990017027096034,0.0,222.42593694912688,145.35164594789336,0.0001894489258358475,0.001120424006071189,0.0,0.0,1.0,1.0,11.9541419286319,2.584256713860764,13.224087340251398,2.864792765936932,11.9541419286319,2.584256713860764,0.0,0.0
19.32499999987823,0.3560506587133482,0.025906265077831003,0.0,222.42026348533912,145.32378822071684,0.0001887847257322634,0.001115012564696189,0.0,0.0,1.0,1.0,11.9541419286319,2.5824627142165655,13.224087340251415,2.862804017133837,11.9541419286319,2.5824627142165655,0.0,0.0
19.333333333212046,0.35603652475208847,0.025822915432492908,0.0,222.41460990083525,145.29607243499905,0.00018812362688116395,0.0011096357946920967,0.0,0.0,1.0,1.0,11.9541419286319,2.580669959972607,13.224087340251433,2.8608166489268787,11.9541419286319,2.580669959972607,0.0,0.0
19.341666666545866,0.35602244025712565,0.025739965527573686,0.0,222.40897610285012,145.2684976475314,0.00018746561120338046,0.0011042934195999539,0.0,0.0,1.0,1.0,11.9541419286319,2.578878450264352,13.224087340251417,2.8588306603576275,11.9541419286319,2.578878450264352,0.0,0.0
19.349999999879685,0.35600840499789793,0.02565741281989701,0.0,222.40336199915902,145.24106292281883,0.0001868106607460631,0.0010989851655959048,0.0,0.0,1.0,1.0,11.9541419286319,2.57708818422782,13.224087340251398,2.856846050468347,11.9541419286319,2.57708818422782,0.0,0.0
19.3583333332135,0.3559944187451853,0.025575254786425677,0.0,222.39776749807396,145.213767333005,0.00018615875768166303,0.001093710761462011,0.0,0.0,1.0,1.0,11.9541419286319,2.5752991609996565,13.2240873402514,2.854862818301949,11.9541419286319,2.5752991609996565,0.0,0.0
19.36666666654732,0.35598048127110016,0.025493488924070853,0.0,222.39219250843993,145.18660995779825,0.0001855098843069117,0.0010884699385574038,0.0,0.0,1.0,1.0,11.9541419286319,2.573511379717107,13.224087340251405,2.852880962902002,11.9541419286319,2.573511379717107,0.0,0.0
19.37499999988114,0.355966592349078,0.025412112749503474,0.0,222.38663693963107,145.1595898843986,0.00018486402304180875,0.0010832624307898192,0.0,0.0,1.0,1.0,11.9541419286319,2.5717248395180077,13.22408734025142,2.8509004833127527,11.9541419286319,2.5717248395180077,0.0,0.0
19.383333333214956,0.3559527517538683,0.025331123798967722,0.0,222.38110070154718,145.13270620742517,0.00018422115642862332,0.0010780879745874833,0.0,0.0,1.0,1.0,11.9541419286319,2.569939539540796,13.224087340251412,2.848921378579123,11.9541419286319,2.569939539540796,0.0,0.0
19.391666666548776,0.355938959261525,0.025250519628096716,0.0,222.37558370460985,145.10595802884478,0.00018358126713089557,0.0010729463088713607,0.0,0.0,1.0,1.0,11.9541419286319,2.5681554789245156,13.224087340251433,2.8469436477466785,11.9541419286319,2.5681554789245156,0.0,0.0
19.399999999882596,0.3559252146493981,0.025170297811729865,0.0,222.3700858597591,145.0793444579012,0.00018294433793247518,0.001067837175027734,0.0,0.0,1.0,1.0,11.9541419286319,2.5663726568087952,13.224087340251463,2.84496728986165,11.9541419286319,2.5663726568087952,0.0,0.0
19.40833333321641,0.3559115176961241,0.025090455943732475,0.0,222.36460707844952,145.0528646110451,0.00018231035173653232,0.0010627603168811362,0.0,0.0,1.0,1.0,11.9541419286319,2.5645910723338576,13.224087340251467,2.8429923039709326,11.9541419286319,2.5645910723338576,0.0,0.0
19.41666666655023,0.35589786818161756,0.02501099163681736,0.0,222.35914727264688,145.026517611865,0.00018167929156459286,0.001057715480667629,0.0,0.0,1.0,1.0,11.9541419286319,2.5628107246405403,13.224087340251469,2.841018689122085,11.9541419286319,2.5628107246405403,0.0,0.0
19.42499999988405,0.35588426588706146,0.024931902522368207,0.0,222.35370635482445,145.00030259101865,0.00018105114055558182,0.0010527024150084028,0.0,0.0,1.0,1.0,11.9541419286319,2.5610316128702526,13.224087340251511,2.8390464443633245,11.9541419286319,2.5610316128702526,0.0,0.0
19.433333333217867,0.3558707105948995,0.02485318625026517,0.0,222.34828423795966,144.97421868616578,0.0001804258819648925,0.0010477208708837196,0.0,0.0,1.0,1.0,11.9541419286319,2.5592537361650285,13.224087340251474,2.837075568743529,11.9541419286319,2.5592537361650285,0.0,0.0
19.441666666551686,0.3558572020888269,0.024774840488711966,0.0,222.3428808355306,144.94826504190073,0.00017980349916345108,0.0010427706016071612,0.0,0.0,1.0,1.0,11.9541419286319,2.5574770936674747,13.224087340251513,2.8351060613122434,11.9541419286319,2.5574770936674747,0.0,0.0
19.449999999885506,0.3558437401537811,0.024696862924065036,0.0,222.3374960615123,144.92244080968646,0.0001791839756367453,0.0010378513628002085,0.0,0.0,1.0,1.0,11.9541419286319,2.555701684520804,13.224087340251517,2.833137921119657,11.9541419286319,2.555701684520804,0.0,0.0
19.458333333219322,0.3558303245759346,0.02461925126066473,0.0,222.3321298303737,144.89674514778932,0.00017856729498396255,0.0010329629123671416,0.0,0.0,1.0,1.0,11.9541419286319,2.5539275078688237,13.22408734025152,2.8311711472166334,11.9541419286319,2.5539275078688237,0.0,0.0
19.46666666655314,0.3558169551426854,0.02454200322066797,0.0,222.326782057074,144.87117722121403,0.00017795344091704447,0.001028105010470241,0.0,0.0,1.0,1.0,11.9541419286319,2.5521545628559315,13.224087340251517,2.8292057386546836,11.9541419286319,2.5521545628559315,0.0,0.0
19.47499999988696,0.35580363164264883,0.0244651165438832,0.0,222.3214526570594,144.84573620163982,0.000177342397259787,0.0010232774195053104,0.0,0.0,1.0,1.0,11.9541419286319,2.550382848627127,13.224087340251517,2.8272416944859944,11.9541419286319,2.550382848627127,0.0,0.0
19.483333333220777,0.35579035386564917,0.02438858898760651,0.0,222.31614154625953,144.82042126735718,0.0001767341479469398,0.0010184799040774746,0.0,0.0,1.0,1.0,11.9541419286319,2.5486123643279894,13.224087340251518,2.8252790137633883,11.9541419286319,2.5486123643279894,0.0,0.0
19.491666666554597,0.35577712160271174,0.024312418326460077,0.0,222.31084864108453,144.79523160320517,0.00017612867702334586,0.0010137122309773106,0.0,0.0,1.0,1.0,11.9541419286319,2.546843109104712,13.224087340251522,2.823317695540366,11.9541419286319,2.546843109104712,0.0,0.0
19.499999999888416,0.35576393464605416,0.024236602352231875,0.0,222.30557385842152,144.77016640050957,0.00017552596864303476,0.0010089741691572344,0.0,0.0,1.0,1.0,11.9541419286319,2.545075082104058,13.22408734025154,2.821357738871067,11.9541419286319,2.545075082104058,0.0,0.0
19.508333333222232,0.3557507927890785,0.024161138873717562,0.0,222.3003171156313,144.74522485702144,0.00017492600706836423,0.0010042654897082174,0.0,0.0,1.0,1.0,11.9541419286319,2.5433082824733915,13.224087340251549,2.8193991428102954,11.9541419286319,2.5433082824733915,0.0,0.0
19.516666666556052,0.3557376958263632,0.024086025716563837,0.0,222.29507833054515,144.7204061768569,0.00017432877666914928,0.0009995859658367672,0.0,0.0,1.0,1.0,11.9541419286319,2.5415427093606646,13.22408734025155,2.8174419064135168,11.9541419286319,2.5415427093606646,0.0,0.0
19.52499999988987,0.35572464355365474,0.024011260723113347,0.0,222.28985742146176,144.69570957043692,0.0001737342619218223,0.0009949353728421861,0.0,0.0,1.0,1.0,11.9541419286319,2.5397783619144296,13.224087340251556,2.8154860287368497,11.9541419286319,2.5397783619144296,0.0,0.0
19.533333333223688,0.35571163576786,0.023936841752251425,0.0,222.28465430714388,144.67113425442818,0.0001731424474085643,0.0009903134880941181,0.0,0.0,1.0,1.0,11.9541419286319,2.538015239283836,13.224087340251556,2.813531508837064,11.9541419286319,2.538015239283836,0.0,0.0
19.541666666557507,0.3556986722670383,0.023862766679254507,0.0,222.27946890681517,144.64667945168443,0.0001725533178164835,0.0009857200910103722,0.0,0.0,1.0,1.0,11.9541419286319,2.5362533406186065,13.22408734025155,2.8115783457715913,11.9541419286319,2.5362533406186065,0.0,0.0
19.549999999891327,0.3556857528503933,0.02378903339564012,0.0,222.27430114015715,144.6223443911886,0.00017196685793677396,0.0009811549630350162,0.0,0.0,1.0,1.0,11.9541419286319,2.534492665069061,13.224087340251549,2.8096265385985086,11.9541419286319,2.534492665069061,0.0,0.0
19.558333333225143,0.35567287731826547,0.023715639809018172,0.0,222.26915092730604,144.59812830799518,0.0001713830526638899,0.0009766178876167147,0.0,0.0,1.0,1.0,11.9541419286319,2.5327332117861143,13.22408734025154,2.807676086376554,11.9541419286319,2.5327332117861143,0.0,0.0
19.566666666558962,0.35566004547212465,0.02364258384294448,0.0,222.26401818884972,144.5740304431739,0.00017080188699474474,0.000972108650187375,0.0,0.0,1.0,1.0,11.9541419286319,2.5309749799212615,13.224087340251517,2.8057269881651097,11.9541419286319,2.5309749799212615,0.0,0.0
19.574999999892782,0.3556472571145618,0.02356986343677511,0.0,222.2589028458246,144.5500500437532,0.0001702233460278761,0.0009676270381410068,0.0,0.0,1.0,1.0,11.9541419286319,2.529217968626594,13.224087340251513,2.8037792430242168,11.9541419286319,2.529217968626594,0.0,0.0
19.583333333226598,0.3556345120492817,0.023497476545522786,0.0,222.25380481971254,144.52618636266502,0.00016964741496266287,0.000963172840812869,0.0,0.0,1.0,1.0,11.9541419286319,2.527462177054794,13.22408734025149,2.8018328500145766,11.9541419286319,2.527462177054794,0.0,0.0
19.591666666560418,0.35562181008109556,0.023425421139714638,0.0,222.24872403243808,144.50243865868978,0.00016907407909852196,0.0009587458494588575,0.0,0.0,1.0,1.0,11.9541419286319,2.525707604359116,13.224087340251486,2.7998878081975294,11.9541419286319,2.525707604359116,0.0,0.0
19.599999999894237,0.3556091510159131,0.023353695205251386,0.0,222.2436604063651,144.47880619640196,0.0001685033238341178,0.0009543458572351406,0.0,0.0,1.0,1.0,11.9541419286319,2.523954249693422,13.224087340251533,2.7979441166350707,11.9541419286319,2.523954249693422,0.0,0.0
19.608333333228053,0.35559653466073576,0.023282296743268156,0.0,222.23861386429417,144.45528824611657,0.0001679351346665932,0.0009499726591780488,0.0,0.0,1.0,1.0,11.9541419286319,2.5222021122121463,13.224087340251538,2.796001774389851,11.9541419286319,2.5222021122121463,0.0,0.0
19.616666666561873,0.3555839608236489,0.023211223769996618,0.0,222.2335843294594,144.43188408383577,0.0001673694971907827,0.0009456260521841956,0.0,0.0,1.0,1.0,11.9541419286319,2.520451191070324,13.224087340251554,2.7940607805251703,11.9541419286319,2.520451191070324,0.0,0.0
19.624999999895692,0.35557142931381447,0.023140474316628697,0.0,222.22857172552565,144.4085929911964,0.00016680639709844828,0.0009413058349908496,0.0,0.0,1.0,1.0,11.9541419286319,2.51870148542357,13.224087340251565,2.7921211341049803,11.9541419286319,2.51870148542357,0.0,0.0
19.63333333322951,0.35555893994146415,0.02307004642918159,0.0,222.2235759765855,144.38541425541797,0.00016624582017752673,0.0009370118081565316,0.0,0.0,1.0,1.0,11.9541419286319,2.516952994428078,13.224087340251588,2.790182834193883,11.9541419286319,2.516952994428078,0.0,0.0
19.641666666563328,0.3555464925178918,0.022999938168364396,0.0,222.21859700715657,144.3623471692511,0.00016568775231137322,0.0009327437740418569,0.0,0.0,1.0,1.0,11.9541419286319,2.515205717240647,13.224087340251582,2.7882458798571257,11.9541419286319,2.515205717240647,0.0,0.0
19.649999999897148,0.35553408685544635,0.02293014760944586,0.0,222.21363474217839,144.33939103092663,0.000165132179478004,0.0009285015367905931,0.0,0.0,1.0,1.0,11.9541419286319,2.513459653018637,13.224087340251591,2.786310270160592,11.9541419286319,2.513459653018637,0.0,0.0
19.658333333230964,0.35552172276752525,0.02286067284212385,0.0,222.20868910700997,144.3165451441053,0.00016457908774937936,0.000924284902310962,0.0,0.0,1.0,1.0,11.9541419286319,2.5117148009200085,13.224087340251607,2.784376004170844,11.9541419286319,2.5117148009200085,0.0,0.0
19.666666666564783,0.3555094000685666,0.02279151197039582,0.0,222.20376002742648,144.29380881782777,0.00016402846329063685,0.0009200936782571452,0.0,0.0,1.0,1.0,11.9541419286319,2.509971160103299,13.224087340251623,2.782443080955067,11.9541419286319,2.509971160103299,0.0,0.0
19.674999999898603,0.35549711857404276,0.022722663112430923,0.0,222.19884742961696,144.2711813664654,0.00016348029235940025,0.0009159276740110267,0.0,0.0,1.0,1.0,11.9541419286319,2.508228729727644,13.224087340251614,2.7805114995811158,11.9541419286319,2.508228729727644,0.0,0.0
19.68333333323242,0.35548487810045326,0.022654124400443267,0.0,222.19395124018115,144.2486621096715,0.00016293456130503101,0.0009117867006641419,0.0,0.0,1.0,1.0,11.9541419286319,2.5064875089527496,13.22408734025163,2.7785812591174617,11.9541419286319,2.5064875089527496,0.0,0.0
19.69166666656624,0.3554726784653183,0.022585893980566624,0.0,222.18907138612718,144.22625037233286,0.00016239125656794607,0.0009076705709998528,0.0,0.0,1.0,1.0,11.9541419286319,2.5047474969389008,13.224087340251614,2.7766523586332545,11.9541419286319,2.5047474969389008,0.0,0.0
19.699999999900058,0.35546051948717117,0.02251797001273034,0.0,222.18420779486834,144.2039454845222,0.00016185036467885857,0.0009035790994757224,0.0,0.0,1.0,1.0,11.9541419286319,2.503008692846983,13.22408734025164,2.774724797198277,11.9541419286319,2.503008692846983,0.0,0.0
19.708333333233874,0.3554484009855525,0.022450350670536568,0.0,222.17936039422085,144.18174678145073,0.00016131187225814242,0.000899512102206108,0.0,0.0,1.0,1.0,11.9541419286319,2.501271095838451,13.224087340251653,2.772798573882945,11.9541419286319,2.501271095838451,0.0,0.0
19.716666666567694,0.3554363227810027,0.02238303414113883,0.0,222.17452911240093,144.15965360342148,0.00016077576601508932,0.0008954693969449575,0.0,0.0,1.0,1.0,11.9541419286319,2.4995347050753343,13.224087340251629,2.770873687758343,11.9541419286319,2.4995347050753343,0.0,0.0
19.724999999901513,0.3554242846950556,0.02231601862512175,0.0,222.1697138780221,144.1376652957831,0.00016024203274722654,0.0008914508030688111,0.0,0.0,1.0,1.0,11.9541419286319,2.4977995197202594,13.224087340251646,2.768950137896175,11.9541419286319,2.4977995197202594,0.0,0.0
19.73333333323533,0.35541228655023216,0.02224930233638198,0.0,222.16491462009273,144.11578120888385,0.000159710659339652,0.0008874561415599938,0.0,0.0,1.0,1.0,11.9541419286319,2.496065538936431,13.224087340251653,2.767027923368812,11.9541419286319,2.496065538936431,0.0,0.0
19.74166666656915,0.35540032817003364,0.02218288350201055,0.0,222.16013126801332,144.0940006980265,0.00015918163276434731,0.0008834852349900242,0.0,0.0,1.0,1.0,11.9541419286319,2.4943327618876427,13.224087340251641,2.7651070432492673,11.9541419286319,2.4943327618876427,0.0,0.0
19.74999999990297,0.35538840937893496,0.02211676036217621,0.0,222.15536375157384,144.07232312342342,0.00015865494007950083,0.0008795379075031994,0.0,0.0,1.0,1.0,11.9541419286319,2.492601187738246,13.224087340251657,2.763187496611178,11.9541419286319,2.492601187738246,0.0,0.0
19.758333333236784,0.35537653000237857,0.022050931170010148,0.0,222.1506120009513,144.05074785015216,0.00015813056842885109,0.000875613984800392,0.0,0.0,1.0,1.0,11.9541419286319,2.4908708156531914,13.224087340251689,2.7612692825288385,11.9541419286319,2.4908708156531914,0.0,0.0
19.766666666570604,0.35536468986676817,0.02198539419149169,0.0,222.14587594670712,144.02927424811173,0.00015760850504103463,0.0008717132941230167,0.0,0.0,1.0,1.0,11.9541419286319,2.489141644797997,13.22408734025171,2.7593524000771916,11.9541419286319,2.489141644797997,0.0,0.0
19.774999999904423,0.35535288879946175,0.021920147705335475,0.0,222.14115551978455,144.00790169197893,0.00015708873722890994,0.0008678356642372086,0.0,0.0,1.0,1.0,11.9541419286319,2.4874136743387782,13.22408734025173,2.757436848331801,11.9541419286319,2.4874136743387782,0.0,0.0
19.78333333323824,0.3553411266287658,0.021855190002879398,0.0,222.13645065150618,143.98662956116544,0.00015657125238893065,0.0008639809254181599,0.0,0.0,1.0,1.0,11.9541419286319,2.4856869034422147,13.224087340251742,2.755522626368902,11.9541419286319,2.4856869034422147,0.0,0.0
19.79166666657206,0.3553294031839293,0.02179051938797401,0.0,222.13176127357158,143.96545723977542,0.00015605603800050328,0.0008601489094346655,0.0,0.0,1.0,1.0,11.9541419286319,2.4839613312755526,13.224087340251721,2.7536097332653466,11.9541419286319,2.4839613312755526,0.0,0.0
19.79999999990588,0.35531771829513653,0.021726134176873073,0.0,222.12708731805446,143.94438411656327,0.0001555430816253275,0.0008563394495338405,0.0,0.0,1.0,1.0,11.9541419286319,2.4822369570066507,13.224087340251717,2.7516981680986308,11.9541419286319,2.4822369570066507,0.0,0.0
19.808333333239695,0.3553060717935021,0.021662032698124833,0.0,222.12242871740068,143.923409584892,0.00015503237090679892,0.0008525523804259996,0.0,0.0,1.0,1.0,11.9541419286319,2.4805137798039136,13.224087340251735,2.7497879299469075,11.9541419286319,2.4805137798039136,0.0,0.0
19.816666666573514,0.35529446351106414,0.021598213292464735,0.0,222.11778540442552,143.9025330426919,0.0001545238935693643,0.000848787538269733,0.0,0.0,1.0,1.0,11.9541419286319,2.4787917988363364,13.22408734025173,2.747879017888952,11.9541419286319,2.4787917988363364,0.0,0.0
19.824999999907334,0.3552828932807785,0.021534674312709286,0.0,222.11315731231127,143.88175389242005,0.0001540176374179072,0.0008450447606571524,0.0,0.0,1.0,1.0,11.9541419286319,2.477071013273492,13.22408734025172,2.7459714310041887,11.9541419286319,2.477071013273492,0.0,0.0
19.83333333324115,0.3552713609365124,0.02147141412365079,0.0,222.1085443746048,143.8610715410195,0.00015351359033711695,0.0008413238865993048,0.0,0.0,1.0,1.0,11.9541419286319,2.4753514222855304,13.224087340251709,2.7440651683726722,11.9541419286319,2.4753514222855304,0.0,0.0
19.84166666657497,0.355259866313039,0.021408431101953104,0.0,222.10394652521546,143.8404853998797,0.0001530117402909155,0.0008376247565117442,0.0,0.0,1.0,1.0,11.9541419286319,2.473633025043169,13.22408734025172,2.7421602290751115,11.9541419286319,2.473633025043169,0.0,0.0
19.84999999990879,0.3552484092460311,0.021345723636048704,0.0,222.0993636984123,143.81999488479659,0.00015251207532182315,0.0008339472122002957,0.0,0.0,1.0,1.0,11.9541419286319,2.471915820717714,13.224087340251733,2.74025661219283,11.9541419286319,2.471915820717714,0.0,0.0
19.858333333242605,0.3552369895720553,0.021283290126036643,0.0,222.09479582882196,143.79959941593384,0.00015201458355036754,0.0008302910968469633,0.0,0.0,1.0,1.0,11.9541419286319,2.470199808481023,13.224087340251716,2.7383543168078144,11.9541419286319,2.470199808481023,0.0,0.0
19.866666666576425,0.3552256071285663,0.02122112898358154,0.0,222.09024285142638,143.77929841778382,0.00015151925317449986,0.0008266562549960123,0.0,0.0,1.0,1.0,11.9541419286319,2.4684849875055677,13.224087340251755,2.7364533420026773,11.9541419286319,2.4684849875055677,0.0,0.0
19.874999999910244,0.35521426175390103,0.021159238631813435,0.0,222.08570470156027,143.75909131912934,0.00015102607246899184,0.0008230425325401934,0.0,0.0,1.0,1.0,11.9541419286319,2.4667713569643595,13.224087340251742,2.7345536868606564,11.9541419286319,2.4667713569643595,0.0,0.0
19.88333333324406,0.3552029532872731,0.021097617505229097,0.0,222.0811813149091,143.73897755300567,0.00015053502978487073,0.0008194497767071595,0.0,0.0,1.0,1.0,11.9541419286319,2.465058916030997,13.224087340251758,2.7326553504656466,11.9541419286319,2.465058916030997,0.0,0.0
19.89166666657788,0.35519168156876674,0.021036264049593793,0.0,222.07667262750655,143.718956556663,0.00015004611354883085,0.0008158778360460025,0.0,0.0,1.0,1.0,11.9541419286319,2.4633476638796585,13.224087340251781,2.7307583319021695,11.9541419286319,2.4633476638796585,0.0,0.0
19.8999999999117,0.3551804464393315,0.02097517672184442,0.0,222.07217857573244,143.69902777152933,0.00014955931226265932,0.0008123265604139683,0.0,0.0,1.0,1.0,11.9541419286319,2.4616375996850732,13.224087340251774,2.7288626302553785,11.9541419286319,2.4616375996850732,0.0,0.0
19.908333333245515,0.3551692477407763,0.020914353989993383,0.0,222.06769909631038,143.67919064317357,0.00014907461450266584,0.0008087958009633115,0.0,0.0,1.0,1.0,11.9541419286319,2.4599287226225806,13.224087340251808,2.7269682446110615,11.9541419286319,2.4599287226225806,0.0,0.0
19.916666666579335,0.35515808531576437,0.02085379433303359,0.0,222.0632341263056,143.65944462126905,0.00014859200891913986,0.0008052854101283083,0.0,0.0,1.0,1.0,11.9541419286319,2.4582210318680504,13.22408734025179,2.725075174055655,11.9541419286319,2.4582210318680504,0.0,0.0
19.924999999913155,0.35514695900780696,0.020793496240844245,0.0,222.05878360312263,143.63978915955764,0.0001481114842357576,0.000801795241612412,0.0,0.0,1.0,1.0,11.9541419286319,2.456514526597961,13.224087340251799,2.7231834176762115,11.9541419286319,2.456514526597961,0.0,0.0
19.93333333324697,0.3551358686612587,0.02073345821409779,0.0,222.05434746450334,143.620223715814,0.0001476330292490644,0.0007983251503755629,0.0,0.0,1.0,1.0,11.9541419286319,2.4548092059893314,13.22408734025177,2.721292974560425,11.9541419286319,2.4548092059893314,0.0,0.0
19.94166666658079,0.3551248141213116,0.02067367876416753,0.0,222.0499256485245,143.60074775181016,0.0001471566328279071,0.0007948749926216331,0.0,0.0,1.0,1.0,11.9541419286319,2.453105069219785,13.224087340251774,2.719403843796636,11.9541419286319,2.453105069219785,0.0,0.0
19.94999999991461,0.3551137952339897,0.020614156413036346,0.0,222.04551809359575,143.58136073328063,0.00014668228391288612,0.0007914446257860217,0.0,0.0,1.0,1.0,11.9541419286319,2.4514021154674785,13.224087340251778,2.7175160244737944,11.9541419286319,2.4514021154674785,0.0,0.0
19.958333333248426,0.35510281184614406,0.020554889693206266,0.0,222.04112473845748,143.56206212988775,0.00014620997151583226,0.0007880339085233873,0.0,0.0,1.0,1.0,11.9541419286319,2.4497003439111715,13.224087340251788,2.715629515681492,11.9541419286319,2.4497003439111715,0.0,0.0
19.966666666582245,0.35509186380544705,0.02049587714760891,0.0,222.03674552217868,143.54285141518753,0.00014573968471926434,0.0007846427006955208,0.0,0.0,1.0,1.0,11.9541419286319,2.4479997537301705,13.224087340251792,2.7137443165099615,11.9541419286319,2.4479997537301705,0.0,0.0
19.974999999916065,0.355080950960387,0.020437117329516825,0.0,222.03238038415466,143.5237280665955,0.00014527141267584455,0.0007812708633593549,0.0,0.0,1.0,1.0,11.9541419286319,2.4463003441043707,13.224087340251781,2.711860426050052,11.9541419286319,2.4463003441043707,0.0,0.0
19.98333333324988,0.3550700731602635,0.020378608802455744,0.0,222.02802926410527,143.50469156535343,0.00014480514460788217,0.0007779182587551123,0.0,0.0,1.0,1.0,11.9541419286319,2.4446021142142182,13.224087340251772,2.709977843393255,11.9541419286319,2.4446021142142182,0.0,0.0
19.9916666665837,0.3550592302551818,0.02032035014011775,0.0,222.0236921020726,143.48574139649583,0.00014434086980679345,0.0007745847502945878,0.0,0.0,1.0,1.0,11.9541419286319,2.4429050632407447,13.224087340251776,2.708096567631695,11.9541419286319,2.4429050632407447,0.0,0.0
19.99999999991752,0.3550484220960476,0.020262339926275,0.0,222.01936883841887,143.46687704881717,0.00014387857763258218,0.0007712702025495485,0.0,0.0,1.0,1.0,11.9541419286319,2.441209190365548,13.224087340251787,2.706216597858113,11.9541419286319,2.441209190365548,0.0,0.0
20.008333333251336,0.35503764853456193,0.02020457675469469,0.0,222.01505941382462,143.44809801483925,0.00014341825751334336,0.0007679744812402891,0.0,0.0,1.0,1.0,11.9541419286319,2.4395144947707847,13.22408734025181,2.7043379331658874,11.9541419286319,2.4395144947707847,0.0,0.0
20.016666666585156,0.35502690942321646,0.02014705922905479,0.0,222.01076376928643,143.42940379077905,0.00014295989894474114,0.0007646974532243045,0.0,0.0,1.0,1.0,11.9541419286319,2.437820975639187,13.22408734025181,2.7024605726490347,11.9541419286319,2.437820975639187,0.0,0.0
20.024999999918975,0.35501620461528793,0.020089785962860287,0.0,222.00648184611504,143.41079387651672,0.00014250349148951482,0.0007614389864850796,0.0,0.0,1.0,1.0,11.9541419286319,2.436128632154041,13.224087340251796,2.7005845154021815,11.9541419286319,2.436128632154041,0.0,0.0
20.03333333325279,0.35500553396483353,0.020032755579360562,0.0,222.00221358593325,143.39226777556388,0.00014204902477697487,0.0007581989501210187,0.0,0.0,1.0,1.0,11.9541419286319,2.43443746349922,13.224087340251806,2.6987097605205976,11.9541419286319,2.43443746349922,0.0,0.0
20.04166666658661,0.3549948973266856,0.01997596671146748,0.0,221.9979589306741,143.37382499503255,0.00014159648850250425,0.0007549772143344944,0.0,0.0,1.0,1.0,11.954141928631898,2.4327474688591573,13.224087340251826,2.6968363071001784,11.954141928631898,2.4327474688591573,0.0,0.0
20.04999999992043,0.35498429455644703,0.01991941800167433,0.0,221.99371782257867,143.35546504560406,0.0001411458724270822,0.000751773650421022,0.0,0.0,1.0,1.0,11.954141928631897,2.4310586474188245,13.224087340251822,2.6949641542374474,11.954141928631897,2.4310586474188245,0.0,0.0
20.058333333254247,0.354973725510486,0.01986310810197542,0.0,221.98949020419425,143.33718744149817,0.0001406971663767782,0.0007485881307585471,0.0,0.0,1.0,1.0,11.954141928631895,2.4293709983638143,13.22408734025184,2.6930933010295477,11.954141928631895,2.4293709983638143,0.0,0.0
20.066666666588066,0.35496319004593146,0.01980703567378663,0.0,221.98527601837245,143.3189917004432,0.00014025036024228752,0.0007454205287968621,0.0,0.0,1.0,1.0,11.954141928631891,2.4276845208802467,13.224087340251847,2.6912237465742543,11.954141928631891,2.4276845208802467,0.0,0.0
20.074999999921886,0.3549526880206681,0.019751199387866597,0.0,221.9810752082671,143.3008773436454,0.00013980544397843885,0.0007422707190471328,0.0,0.0,1.0,1.0,11.954141928631888,2.4259992141547944,13.22408734025185,2.6893554899699748,11.954141928631888,2.4259992141547944,0.0,0.0
20.083333333255702,0.35494221929333136,0.019695597924238764,0.0,221.9768877173324,143.2828438957596,0.0001393624076037243,0.0007391385770715488,0.0,0.0,1.0,1.0,11.954141928631882,2.424315077374734,13.224087340251856,2.6874885303157328,11.954141928631882,2.424315077374734,0.0,0.0
20.09166666658952,0.35493178372330336,0.019640229972114075,0.0,221.9727134893212,143.26489088485957,0.00013892124119984484,0.0007360239794730803,0.0,0.0,1.0,1.0,11.954141928631882,2.422632109727885,13.224087340251884,2.685622866711177,11.954141928631882,2.422632109727885,0.0,0.0
20.09999999992334,0.35492138117070743,0.019585094229814602,0.0,221.96855246828284,143.24701784240875,0.00013848193491121727,0.0007329268038853607,0.0,0.0,1.0,1.0,11.954141928631875,2.420950310402631,13.224087340251907,2.683758498256595,11.954141928631875,2.420950310402631,0.0,0.0
20.108333333257157,0.35491101149640375,0.019530189404697706,0.0,221.96440459856134,143.22922430323155,0.00013804447894452223,0.0007298469289626669,0.0,0.0,1.0,1.0,11.954141928631872,2.419269678587913,13.224087340251922,2.681895424052885,11.954141928631872,2.419269678587913,0.0,0.0
20.116666666590977,0.3549006745619847,0.019475514213081066,0.0,221.96026982479373,143.21150980548464,0.0001376088635682581,0.0007267842343700238,0.0,0.0,1.0,1.0,11.954141928631882,2.4175902134732503,13.224087340251934,2.6800336432015666,11.954141928631882,2.4175902134732503,0.0,0.0
20.124999999924796,0.35489037022977027,0.01942106738016835,0.0,221.95614809190795,143.1938738906286,0.00013717507911227412,0.0007237386007734063,0.0,0.0,1.0,1.0,11.954141928631882,2.415911914248708,13.22408734025195,2.6781731548047993,11.954141928631882,2.415911914248708,0.0,0.0
20.133333333258612,0.3548800983628033,0.019366847639975752,0.0,221.9520393451212,143.17631610339987,0.00013674311596731733,0.0007207099098300646,0.0,0.0,1.0,1.0,11.954141928631884,2.4142347801049273,13.224087340251913,2.6763139579653563,11.954141928631884,2.4142347801049273,0.0,0.0
20.14166666659243,0.35486985882484523,0.01931285373525898,0.0,221.94794352993796,143.1588359917831,0.00013631296458459485,0.0007176980441789356,0.0,0.0,1.0,1.0,11.954141928631884,2.412558810233106,13.224087340251897,2.67445605178663,11.954141928631884,2.412558810233106,0.0,0.0
20.14999999992625,0.3548596514803711,0.019259084417441234,0.0,221.9438605921483,143.14143310698347,0.00013588461547531887,0.0007147028874311825,0.0,0.0,1.0,1.0,11.954141928631891,2.4108840038250046,13.22408734025189,2.6725994353726437,11.954141928631891,2.4108840038250046,0.0,0.0
20.158333333260067,0.35484947619456575,0.01920553844654163,0.0,221.93979047782616,143.12410700339962,0.0001354580592102884,0.000711724324160819,0.0,0.0,1.0,1.0,11.954141928631893,2.409210360072947,13.224087340251893,2.670744107828032,11.954141928631893,2.409210360072947,0.0,0.0
20.166666666593887,0.35483933283331864,0.01915221459110447,0.0,221.93573313332732,143.10685723859655,0.00013503328641942264,0.000708762239895448,0.0,0.0,1.0,1.0,11.954141928631891,2.4075378781698054,13.224087340251907,2.6688900682580603,11.954141928631891,2.4075378781698054,0.0,0.0
20.174999999927707,0.35482922126322003,0.01909911162812915,0.0,221.93168850528787,143.08968337327894,0.00013461028779135798,0.0007058165211071006,0.0,0.0,1.0,1.0,11.954141928631897,2.4058665573090243,13.22408734025191,2.6670373157686145,11.954141928631897,2.4058665573090243,0.0,0.0
20.183333333261523,0.35481914135155607,0.019046228343000692,0.0,221.92765654062228,143.07258497126494,0.0001341890540729984,0.0007028870552031694,0.0,0.0,1.0,1.0,11.954141928631888,2.404196396684611,13.22408734025191,2.665185849466199,11.954141928631888,2.404196396684611,0.0,0.0
20.191666666595342,0.35480909296630486,0.01899356352942095,0.0,221.9236371865218,143.05556159945957,0.00013376957606909634,0.000699973730517446,0.0,0.0,1.0,1.0,11.954141928631886,2.4025273954911266,13.224087340251911,2.663335668457941,11.954141928631886,2.4025273954911266,0.0,0.0
20.19999999992916,0.3547990759761322,0.018941115989340587,0.0,221.91963039045274,143.03861282782907,0.00013335184464184809,0.0006970764363012586,0.0,0.0,1.0,1.0,11.954141928631897,2.4008595529236847,13.22408734025189,2.6614867718515764,11.954141928631897,2.4008595529236847,0.0,0.0
20.208333333262978,0.35478909025038663,0.018888884532891507,0.0,221.91563610015453,143.02173822937527,0.0001329358507104463,0.0006941950627146991,0.0,0.0,1.0,1.0,11.954141928631904,2.3991928681779613,13.224087340251886,2.6596391587554726,11.954141928631904,2.3991928681779613,0.0,0.0
20.216666666596797,0.354779135659096,0.018836867978320116,0.0,221.91165426363827,143.00493738010994,0.00013252158525068936,0.0006913295008179523,0.0,0.0,1.0,1.0,11.9541419286319,2.397527340450204,13.224087340251883,2.657792828278617,11.9541419286319,2.397527340450204,0.0,0.0
20.224999999930617,0.35476921207296275,0.01878506515192107,0.0,221.90768482918494,142.98820985902978,0.0001321090392945543,0.0006884796425627141,0.0,0.0,1.0,1.0,11.954141928631888,2.3958629689372057,13.22408734025183,2.6559477795306012,11.954141928631888,2.3958629689372057,0.0,0.0
20.233333333264433,0.3547593193633596,0.01873347488797174,0.0,221.9037277453437,142.97155524809145,0.00013169820392979669,0.0006856453807837096,0.0,0.0,1.0,1.0,11.954141928631886,2.39419975283632,13.224087340251849,2.6541040116216608,11.954141928631886,2.39419975283632,0.0,0.0
20.241666666598253,0.35474945740232583,0.01868209602866727,0.0,221.8997829609302,142.95497313218675,0.000131289070299553,0.0006828266091902941,0.0,0.0,1.0,1.0,11.954141928631888,2.392537691345455,13.224087340251854,2.652261523662614,11.954141928631888,2.392537691345455,0.0,0.0
20.249999999932072,0.354739626062563,0.018630927424056278,0.0,221.89585042502506,142.93846309911842,0.00013088162960192513,0.0006800232223581568,0.0,0.0,1.0,1.0,11.954141928631893,2.3908767836630673,13.224087340251875,2.6504203147649297,11.954141928631893,2.3908767836630673,0.0,0.0
20.258333333265888,0.35472982521743046,0.018579967931977054,0.0,221.89193008697202,142.92202473957562,0.00013047587308959055,0.000677235115721099,0.0,0.0,1.0,1.0,11.95414192863189,2.389217028988199,13.224087340251907,2.6485803840406703,11.95414192863189,2.389217028988199,0.0,0.0
20.266666666599708,0.3547200547409418,0.018529216417994557,0.0,221.88802189637659,142.90565764711013,0.00013007179206941152,0.0006744621855629184,0.0,0.0,1.0,1.0,11.954141928631882,2.3875584265204224,13.224087340251886,2.6467417306025287,11.954141928631882,2.3875584265204224,0.0,0.0
20.274999999933527,0.35471031450776047,0.018478671755337867,0.0,221.88412580310407,142.8893614181126,0.0001296693779020344,0.0006717043290093705,0.0,0.0,1.0,1.0,11.954141928631895,2.3859009754598612,13.224087340251874,2.644904353563806,11.954141928631895,2.3859009754598612,0.0,0.0
20.283333333267343,0.3547006043931959,0.018428332824838124,0.0,221.8802417572782,142.87313565178883,0.0001292686220015064,0.0006689614440202102,0.0,0.0,1.0,1.0,11.954141928631906,2.38424467500721,13.224087340251847,2.643068252038425,11.954141928631906,2.38424467500721,0.0,0.0
20.291666666601163,0.3546909242731994,0.018378198514867383,0.0,221.87636970927963,142.8569799501367,0.00012886951583489847,0.0006662334293813406,0.0,0.0,1.0,1.0,11.954141928631906,2.382589524363723,13.224087340251856,2.6412334251409106,11.954141928631906,2.382589524363723,0.0,0.0
20.299999999934982,0.35468127402436056,0.018328267721277665,0.0,221.8725096097441,142.84089391792295,0.00012847205092191772,0.0006635201846970218,0.0,0.0,1.0,1.0,11.954141928631907,2.3809355227311992,13.224087340251863,2.639399871986426,11.954141928631907,2.3809355227311992,0.0,0.0
20.3083333332688,0.3546716535239026,0.018278539347340913,0.0,221.8686614095609,142.82487716266039,0.0001280762188345186,0.0006608216103821834,0.0,0.0,1.0,1.0,11.954141928631884,2.3792826693119844,13.224087340251854,2.6375675916907193,11.954141928631884,2.3792826693119844,0.0,0.0
20.316666666602618,0.35466206264967903,0.018229012303689188,0.0,221.8648250598715,142.8089292945851,0.00012768201119653724,0.0006581376076548026,0.0,0.0,1.0,1.0,11.954141928631888,2.3776309633089854,13.224087340251879,2.6357365833701794,11.954141928631888,2.3776309633089854,0.0,0.0
20.324999999936438,0.35465250128016973,0.018179685508255675,0.0,221.86100051206776,142.7930499266343,0.00012728941968332606,0.0006554680785283758,0.0,0.0,1.0,1.0,11.95414192863189,2.3759804039256776,13.224087340251888,2.6339068461417927,11.95414192863189,2.3759804039256776,0.0,0.0
20.333333333270254,0.3546429692944769,0.01813055788621615,0.0,221.85718771779062,142.77723867442376,0.0001268984360213783,0.0006528129258044667,0.0,0.0,1.0,1.0,11.954141928631904,2.37433099036606,13.224087340251883,2.632078379123165,11.954141928631904,2.37433099036606,0.0,0.0
20.341666666604073,0.3546334665723216,0.018081628369931015,0.0,221.8533866289285,142.76149515622615,0.00012650905198795595,0.0006501720530653345,0.0,0.0,1.0,1.0,11.954141928631895,2.372682721834698,13.224087340251844,2.630251181432507,11.954141928631895,2.372682721834698,0.0,0.0
20.349999999937893,0.35462399299403924,0.018032895898887746,0.0,221.84959719761557,142.74581899294904,0.00012612125941073742,0.000647545364666635,0.0,0.0,1.0,1.0,11.954141928631897,2.3710355975367152,13.224087340251833,2.6284252521886544,11.954141928631897,2.3710355975367152,0.0,0.0
20.35833333327171,0.3546145484405767,0.017984359419644155,0.0,221.84581937623054,142.73020980811333,0.00012573505016744377,0.0006449327657302151,0.0,0.0,1.0,1.0,11.954141928631916,2.369389616677783,13.22408734025179,2.6266005905110417,11.954141928631916,2.369389616677783,0.0,0.0
20.36666666660553,0.3546051327934878,0.017936017885771868,0.0,221.84205311739498,142.71466722783197,0.0001253504161854922,0.0006423341621369615,0.0,0.0,1.0,1.0,11.954141928631918,2.367744778464122,13.224087340251812,2.624777195519722,11.954141928631918,2.367744778464122,0.0,0.0
20.374999999939348,0.3545957459349303,0.0178878702578005,0.0,221.83829837397198,142.69919088078865,0.00012496734944164963,0.0006397494605197441,0.0,0.0,1.0,1.0,11.954141928631904,2.3661010821024924,13.224087340251819,2.6229550663353565,11.954141928631904,2.3661010821024924,0.0,0.0
20.383333333273164,0.35458638774766155,0.017839915503162305,0.0,221.8345550990645,142.6837803982169,0.0001245858419616538,0.0006371785682564248,0.0,0.0,1.0,1.0,11.954141928631902,2.364458526800238,13.224087340251822,2.621134202079214,11.954141928631902,2.364458526800238,0.0,0.0
20.391666666606984,0.3545770581150354,0.017792152596137426,0.0,221.830823246014,142.66843541387937,0.00012420588581989729,0.0006346213934629462,0.0,0.0,1.0,1.0,11.954141928631925,2.3628171117652164,13.224087340251824,2.6193146018731905,11.954141928631925,2.3628171117652164,0.0,0.0
20.399999999940803,0.354567756920998,0.01774458051779945,0.0,221.82710276839907,142.65315556404704,0.00012382747313904906,0.0006320778449864844,0.0,0.0,1.0,1.0,11.95414192863193,2.3611768362058636,13.22408734025186,2.6174962648397613,11.95414192863193,2.3611768362058636,0.0,0.0
20.40833333327462,0.3545584840500847,0.017697198255961704,0.0,221.82339362003376,142.63794048747906,0.00012345059608974095,0.0006295478323986869,0.0,0.0,1.0,1.0,11.954141928631934,2.3595376993311477,13.224087340251868,2.6156791901020386,11.954141928631934,2.3595376993311477,0.0,0.0
20.41666666660844,0.35454923938741634,0.017650004805123846,0.0,221.8196957549664,142.62278982540244,0.00012307524689021156,0.0006270312659889691,0.0,0.0,1.0,1.0,11.95414192863192,2.357899700350598,13.22408734025185,2.613863376783723,11.95414192863192,2.357899700350598,0.0,0.0
20.42499999994226,0.35454002281869545,0.017602999166419057,0.0,221.81600912747803,142.60770322149196,0.00012270141780597609,0.0006245280567578898,0.0,0.0,1.0,1.0,11.954141928631934,2.3562628384742683,13.22408734025186,2.6120488240091446,11.954141928631934,2.3562628384742683,0.0,0.0
20.433333333276074,0.35453083423020276,0.017556180347561682,0.0,221.81233369208095,142.5926803218505,0.00012232910114947369,0.000622038116410592,0.0,0.0,1.0,1.0,11.95414192863192,2.354627112912789,13.224087340251833,2.6102355309032212,11.95414192863192,2.354627112912789,0.0,0.0
20.441666666609894,0.3545216735087942,0.017509547362795398,0.0,221.80866940351754,142.57772077498942,0.00012195828927976995,0.0006195613573503161,0.0,0.0,1.0,1.0,11.954141928631945,2.3529925228773263,13.224087340251835,2.608423496591487,11.954141928631945,2.3529925228773263,0.0,0.0
20.449999999943714,0.3545125405418967,0.017463099232841794,0.0,221.80501621675853,142.5628242318088,0.00012158897460219187,0.0006170976926719806,0.0,0.0,1.0,1.0,11.95414192863196,2.3513590675795983,13.224087340251828,2.6066127202000895,11.95414192863196,2.3513590675795983,0.0,0.0
20.45833333327753,0.3545034352175051,0.01741683498484944,0.0,221.8013740870019,142.54799034557865,0.00012122114956801783,0.000614647036155825,0.0,0.0,1.0,1.0,11.95414192863195,2.349726746231858,13.22408734025182,2.604803200855771,11.95414192863195,2.349726746231858,0.0,0.0
20.46666666661135,0.35449435742417873,0.017370753652343477,0.0,221.79774296967136,142.5332187719194,0.00012085480667415878,0.0006122093022611279,0.0,0.0,1.0,1.0,11.954141928631943,2.34809555804692,13.22408734025185,2.602994937685889,11.954141928631943,2.34809555804692,0.0,0.0
20.47499999994517,0.35448530705103815,0.01732485427517558,0.0,221.7941228204151,142.51850916878325,0.00012048993846282768,0.0006097844061199839,0.0,0.0,1.0,1.0,11.95414192863193,2.346465502238144,13.224087340251828,2.6011879298184,11.95414192863193,2.346465502238144,0.0,0.0
20.483333333278985,0.35447628398776104,0.017279135899474385,0.0,221.79051359510427,142.50386119643522,0.00012012653752122075,0.0006073722635311441,0.0,0.0,1.0,1.0,11.95414192863194,2.3448365780194274,13.224087340251828,2.599382176381865,11.95414192863194,2.3448365780194274,0.0,0.0
20.491666666612804,0.35446728812458,0.01723359757759648,0.0,221.78691524983185,142.4892745174348,0.00011976459648120911,0.0006049727909539312,0.0,0.0,1.0,1.0,11.954141928631945,2.3432087846052156,13.224087340251822,2.59757767650546,11.954141928631945,2.3432087846052156,0.0,0.0
20.499999999946624,0.35445831935227795,0.017188238368077733,0.0,221.78332774091103,142.47474879661738,0.00011940410801900857,0.0006025859055022074,0.0,0.0,1.0,1.0,11.954141928631948,2.341582121210509,13.224087340251813,2.5957744293189577,11.954141928631948,2.341582121210509,0.0,0.0
20.50833333328044,0.35444937756218586,0.017143057335585077,0.0,221.7797510248742,142.46028370107624,0.00011904506485488913,0.0006002115249384092,0.0,0.0,1.0,1.0,11.954141928631962,2.33995658705083,13.224087340251831,2.593972433952731,11.954141928631962,2.33995658705083,0.0,0.0
20.51666666661426,0.3544404626461789,0.017098053550868773,0.0,221.7761850584714,142.44587890014415,0.00011868745975285677,0.0005978495676676448,0.0,0.0,1.0,1.0,11.954141928631978,2.338332181342268,13.224087340251819,2.5921716895377718,11.954141928631978,2.338332181342268,0.0,0.0
20.52499999994808,0.3544315744966734,0.017053226090714975,0.0,221.77262979866924,142.4315340653759,0.00011833128552035031,0.0005954999527318464,0.0,0.0,1.0,1.0,11.954141928631962,2.336708903301453,13.224087340251842,2.5903721952056618,11.954141928631962,2.336708903301453,0.0,0.0
20.533333333281895,0.35442271300662337,0.017008574037899078,0.0,221.7690852026492,142.41724887053033,0.00011797653500792315,0.0005931625998040004,0.0,0.0,1.0,1.0,11.954141928631987,2.3350867521455525,13.224087340251847,2.588573950088588,11.954141928631987,2.3350867521455525,0.0,0.0
20.541666666615715,0.3544138780695173,0.016964096481138963,0.0,221.76555122780678,142.40302299155277,0.00011762320110895522,0.000590837429182413,0.0,0.0,1.0,1.0,11.954141928631996,2.333465727092282,13.224087340251865,2.5867769533193394,11.954141928631996,2.333465727092282,0.0,0.0
20.549999999949534,0.35440506957937545,0.0169197925150491,0.0,221.76202783175003,142.38885610655774,0.00011727127675936127,0.0005885243617850534,0.0,0.0,1.0,1.0,11.954141928631993,2.3318458273598965,13.224087340251888,2.584981204031314,11.954141928631993,2.3318458273598965,0.0,0.0
20.55833333328335,0.3543962874307459,0.016875661240094906,0.0,221.75851497229823,142.37474789581174,0.00011692075493727465,0.0005862233191439514,0.0,0.0,1.0,1.0,11.954141928631996,2.330227052167194,13.224087340251867,2.5831867013585033,11.954141928631996,2.330227052167194,0.0,0.0
20.56666666661717,0.35438753151870206,0.01683170176254741,0.0,221.7550126074807,142.36069804171598,0.00011657162866277176,0.0005839342233996434,0.0,0.0,1.0,1.0,11.954141928631994,2.3286094007335087,13.224087340251865,2.5813934444354945,11.954141928631994,2.3286094007335087,0.0,0.0
20.57499999995099,0.3543788017388392,0.016787913194438484,0.0,221.75152069553553,142.3467062287897,0.00011622389099756444,0.0005816569972956878,0.0,0.0,1.0,1.0,11.954141928632007,2.326992872278739,13.224087340251838,2.5796014323974985,11.954141928632007,2.326992872278739,0.0,0.0
20.583333333284806,0.35437009798727126,0.016744294653516532,0.0,221.74803919490836,142.33277214365327,0.00011587753504472287,0.0005793915641732362,0.0,0.0,1.0,1.0,11.954141928632007,2.3253774660233018,13.224087340251847,2.5778106643803067,11.954141928632007,2.3253774660233018,0.0,0.0
20.591666666618625,0.35436142016062805,0.016700845263202268,0.0,221.7445680642511,142.31889547501163,0.00011553255394837863,0.0005771378479656464,0.0,0.0,1.0,1.0,11.954141928632,2.323763181188169,13.224087340251874,2.576021139520303,11.954141928632,2.323763181188169,0.0,0.0
20.599999999952445,0.3543527681560521,0.016657564152545264,0.0,221.7411072624207,142.30507591363775,0.00011518894089345147,0.00057489577319317,0.0,0.0,1.0,1.0,11.954141928632009,2.3221500169948355,13.224087340251884,2.574232856954497,11.954141928632009,2.3221500169948355,0.0,0.0
20.60833333328626,0.3543441418711954,0.016614450456180558,0.0,221.73765674847803,142.29131315235645,0.00011484668910535094,0.0005726652649576749,0.0,0.0,1.0,1.0,11.954141928631975,2.32053797266536,13.224087340251897,2.572445815820482,11.954141928631975,2.32053797266536,0.0,0.0
20.61666666662008,0.35433554120421656,0.01657150331428591,0.0,221.73421648168647,142.27760688602814,0.00011450579184971129,0.0005704462489374397,0.0,0.0,1.0,1.0,11.954141928631977,2.3189270474223274,13.224087340251888,2.5706600152564585,11.954141928631977,2.3189270474223274,0.0,0.0
20.6249999999539,0.35432696605377767,0.016528721872539363,0.0,221.73078642151094,142.2639568115329,0.00011416624243209929,0.000568238651381993,0.0,0.0,1.0,1.0,11.954141928631982,2.3173172404888667,13.224087340251904,2.5688754544012053,11.954141928631982,2.3173172404888667,0.0,0.0
20.633333333287716,0.35431841631904165,0.016486105282077026,0.0,221.7273665276165,142.2503626277544,0.00011382803419774987,0.0005660423991069997,0.0,0.0,1.0,1.0,11.954141928631985,2.3157085510886404,13.224087340251867,2.5670921323941154,11.954141928631985,2.3157085510886404,0.0,0.0
20.641666666621536,0.3543098918996689,0.01644365269945141,0.0,221.7239567598674,142.23682403556455,0.00011349116053129061,0.0005638574194892095,0.0,0.0,1.0,1.0,11.954141928631996,2.3141009784458495,13.224087340251865,2.565310048375188,11.954141928631996,2.3141009784458495,0.0,0.0
20.649999999955355,0.3543013926958144,0.016401363286590157,0.0,221.7205570783256,142.22334073780752,0.00011315561485645939,0.0005616836404614522,0.0,0.0,1.0,1.0,11.954141928632005,2.312494521785245,13.224087340251872,2.5635292014849997,11.954141928632005,2.312494521785245,0.0,0.0
20.65833333328917,0.3542929186081251,0.01635923621075495,0.0,221.7171674432499,142.20991243928464,0.00011282139063584825,0.0005595209905076837,0.0,0.0,1.0,1.0,11.954141928632014,2.310889180332113,13.224087340251856,2.5617495908647263,11.954141928632014,2.310889180332113,0.0,0.0
20.66666666662299,0.3542844695377367,0.016317270644501013,0.0,221.71378781509452,142.19653884673875,0.00011248848137062553,0.0005573693986580855,0.0,0.0,1.0,1.0,11.95414192863201,2.3092849533122646,13.22408734025186,2.5599712156561467,11.95414192863201,2.3092849533122646,0.0,0.0
20.67499999995681,0.35427604538627067,0.01627546576563677,0.0,221.71041815450815,142.18321966883948,0.00011215688060027372,0.0005552287944842074,0.0,0.0,1.0,1.0,11.954141928632009,2.3076818399520533,13.22408734025186,2.55819407500164,11.954141928632009,2.3076818399520533,0.0,0.0
20.683333333290626,0.35426764605583205,0.016233820757183937,0.0,221.7070584223327,142.1699546161678,0.00011182658190233855,0.000553099108094165,0.0,0.0,1.0,1.0,11.95414192863203,2.306079839478383,13.224087340251868,2.5564181680441713,11.95414192863203,2.306079839478383,0.0,0.0
20.691666666624446,0.35425927144900565,0.01619233480733807,0.0,221.70370857960214,142.15674340120137,0.00011149757889213957,0.0005509802701278848,0.0,0.0,1.0,1.0,11.954141928632026,2.3044789511186843,13.224087340251858,2.554643493927303,11.954141928632026,2.3044789511186843,0.0,0.0
20.699999999958266,0.3542509214688541,0.016151007109429263,0.0,221.7003685875415,142.14358573829978,0.00011116986522254374,0.0005488722117523949,0.0,0.0,1.0,1.0,11.95414192863201,2.3028791741009256,13.224087340251884,2.552870051795194,11.95414192863201,2.3028791741009256,0.0,0.0
20.70833333329208,0.3542425960189144,0.016109836861883386,0.0,221.69703840756563,142.13048134368978,0.00011084343458368094,0.0005467748646571689,0.0,0.0,1.0,1.0,11.954141928631996,2.3012805076536034,13.224087340251886,2.5510978407925986,11.954141928631996,2.3012805076536034,0.0,0.0
20.7166666666259,0.35423429500319553,0.01606882326818352,0.0,221.69371800127806,142.11742993545104,0.00011051828070270784,0.000544688161049507,0.0,0.0,1.0,1.0,11.954141928632009,2.2996829510057633,13.224087340251863,2.5493268600648578,11.954141928632009,2.2996829510057633,0.0,0.0
20.72499999995972,0.35422601832617545,0.01602796553683174,0.0,221.69040733047004,142.10443123350146,0.00011019439734354246,0.000542612033649972,0.0,0.0,1.0,1.0,11.95414192863202,2.298086503386982,13.224087340251854,2.54755710875791,11.95414192863202,2.298086503386982,0.0,0.0
20.733333333293537,0.3542177658927986,0.015987262881311477,0.0,221.6871063571193,142.09148495958328,0.00010987177830661945,0.0005405464156878737,0.0,0.0,1.0,1.0,11.954141928631994,2.2964911640273566,13.224087340251897,2.5457885860182903,11.954141928631994,2.2964911640273566,0.0,0.0
20.741666666627356,0.3542095376084728,0.01594671452004979,0.0,221.683815043389,142.07859083724875,0.00010955041742864244,0.0005384912408967848,0.0,0.0,1.0,1.0,11.954141928631996,2.2948969321575468,13.22408734025189,2.5440212909931215,11.954141928631996,2.2948969321575468,0.0,0.0
20.749999999961176,0.354201333379067,0.015906319676380284,0.0,221.68053335162668,142.06574859184624,0.0001092303085823287,0.0005364464435101155,0.0,0.0,1.0,1.0,11.95414192863198,2.293303807008722,13.224087340251863,2.542255222830124,11.95414192863198,2.293303807008722,0.0,0.0
20.758333333294992,0.3541931531109083,0.015866077578506266,0.0,221.6772612443632,142.05295795050637,0.00010891144567617481,0.0005344119582567259,0.0,0.0,1.0,1.0,11.954141928631957,2.291711787812585,13.224087340251874,2.5404903806776042,11.954141928631957,2.291711787812585,0.0,0.0
20.76666666662881,0.35418499671077913,0.015825987459464227,0.0,221.6739986843115,142.04021864212822,0.00010859382265419716,0.0005323877203565845,0.0,0.0,1.0,1.0,11.954141928631966,2.2901208738013907,13.224087340251836,2.5387267636844597,11.954141928631966,2.2901208738013907,0.0,0.0
20.77499999996263,0.354176864085915,0.01578604855708757,0.0,221.67074563436586,142.02753039736592,0.0001082774334957129,0.0005303736655164688,0.0,0.0,1.0,1.0,11.95414192863196,2.2885310642079206,13.22408734025182,2.5369643710001784,11.95414192863196,2.2885310642079206,0.0,0.0
20.783333333296447,0.35416875514400153,0.01574626011397082,0.0,221.66750205760047,142.01489294861491,0.00010796227221507648,0.00052836972992571,0.0,0.0,1.0,1.0,11.954141928631959,2.286942358265468,13.224087340251799,2.535203201774851,11.954141928631959,2.286942358265468,0.0,0.0
20.791666666630267,0.35416066979317207,0.015706621377433984,0.0,221.6642679172687,142.00230602999878,0.00010764833286146178,0.0005263758502519808,0.0,0.0,1.0,1.0,11.954141928631948,2.2853547552078917,13.224087340251788,2.533443255159136,11.954141928631948,2.2853547552078917,0.0,0.0
20.799999999964086,0.35415260794200476,0.015667131599487204,0.0,221.66104317680177,141.98976937735583,0.0001073356095186085,0.0005243919636371173,0.0,0.0,1.0,1.0,11.954141928631948,2.283768254269558,13.224087340251765,2.5316845303042954,11.954141928631948,2.283768254269558,0.0,0.0
20.808333333297902,0.35414456949952045,0.015627790036795975,0.0,221.65782779980802,141.9772827282262,0.00010702409630460761,0.0005224180076929991,0.0,0.0,1.0,1.0,11.954141928631964,2.2821828546853644,13.224087340251751,2.5299270263621882,11.954141928631964,2.2821828546853644,0.0,0.0
20.816666666631722,0.3541365543751796,0.015588595950646314,0.0,221.6546217500717,141.96484582183857,0.00010671378737165016,0.0005204539204974517,0.0,0.0,1.0,1.0,11.95414192863199,2.2805985556907697,13.224087340251762,2.528170742485249,11.95414192863199,2.2805985556907697,0.0,0.0
20.82499999996554,0.35412856247888025,0.01554954860691046,0.0,221.65142499155195,141.95245839909748,0.00010640467690581263,0.0005184996405902006,0.0,0.0,1.0,1.0,11.954141928631984,2.2790153565217266,13.224087340251764,2.5264156778264963,11.954141928631984,2.2790153565217266,0.0,0.0
20.833333333299358,0.35412059372095495,0.015510647276012823,0.0,221.64823748838182,141.94012020257048,0.00010609675912681246,0.0005165551069688636,0.0,0.0,1.0,1.0,11.954141928631966,2.277433256414735,13.224087340251774,2.5246618315395533,11.954141928631966,2.277433256414735,0.0,0.0
20.841666666633177,0.3541126480121687,0.015471891232896202,0.0,221.64505920486732,141.9278309764753,0.00010579002828779775,0.000514620259084981,0.0,0.0,1.0,1.0,11.954141928631959,2.2758522546068294,13.224087340251769,2.5229092027786186,11.954141928631959,2.2758522546068294,0.0,0.0
20.849999999966997,0.35410472526371606,0.015433279756988326,0.0,221.64189010548628,141.91559046666765,0.00010548447867510271,0.0005126950368400887,0.0,0.0,1.0,1.0,11.954141928631966,2.274272350335549,13.224087340251772,2.5211577906984903,11.954141928631966,2.274272350335549,0.0,0.0
20.858333333300813,0.35409682538721904,0.015394812132168655,0.0,221.63873015488747,141.90339842062843,0.00010518010460804179,0.0005107793805818239,0.0,0.0,1.0,1.0,11.954141928631968,2.272693542839011,13.224087340251733,2.519407594454528,11.954141928631968,2.272693542839011,0.0,0.0
20.866666666634632,0.3540889482947245,0.0153564876467354,0.0,221.63557931788964,141.8912545874515,0.00010487690043868217,0.0005088732311000718,0.0,0.0,1.0,1.0,11.954141928631964,2.2711158313558073,13.224087340251732,2.5176586132027095,11.954141928631964,2.2711158313558073,0.0,0.0
20.874999999968452,0.3540810938987015,0.015318305593373056,0.0,221.63243755948045,141.87915871783153,0.00010457486055162087,0.0005069765296231568,0.0,0.0,1.0,1.0,11.954141928631989,2.269539215125091,13.22408734025173,2.515910846099577,11.954141928631989,2.269539215125091,0.0,0.0
20.883333333302268,0.3540732621120392,0.015280265269119938,0.0,221.62930484481552,141.8671105640518,0.00010427397936376586,0.00050508921781406,0.0,0.0,1.0,1.0,11.95414192863199,2.267963693386536,13.224087340251767,2.5141642923022594,11.95414192863199,2.267963693386536,0.0,0.0
20.891666666636088,0.3540654528480442,0.015242365975336146,0.0,221.62618113921752,141.8551098799722,0.00010397425132412357,0.0005032112377666807,0.0,0.0,1.0,1.0,11.954141928631966,2.2663892653803304,13.22408734025177,2.512418950968482,11.954141928631966,2.2663892653803304,0.0,0.0
20.899999999969907,0.3540576660204382,0.01520460701767179,0.0,221.62306640817513,141.84315642101726,0.00010367567091358436,0.0005013425320021336,0.0,0.0,1.0,1.0,11.954141928631964,2.264815930347223,13.224087340251772,2.5106748212565413,11.954141928631964,2.264815930347223,0.0,0.0
20.908333333303723,0.3540499015433558,0.01516698770603549,0.0,221.6199606173422,141.83124994416448,0.00010337823264470152,0.0004994830434650827,0.0,0.0,1.0,1.0,11.954141928631966,2.2632436875284485,13.224087340251794,2.5089319023253362,11.954141928631966,2.2632436875284485,0.0,0.0
20.916666666637543,0.3540421593313417,0.015129507354563096,0.0,221.61686373253653,141.81939020793249,0.00010308193106148287,0.0004976327155201082,0.0,0.0,1.0,1.0,11.954141928631982,2.2616725361657997,13.224087340251822,2.507190193334333,11.954141928631982,2.2616725361657997,0.0,0.0
20.924999999971362,0.3540344392993489,0.015092165281586732,0.0,221.61377571973944,141.8075769723695,0.0001027867607391932,0.0004957914919481131,0.0,0.0,1.0,1.0,11.954141928631957,2.260102475501583,13.224087340251824,2.5054496934435893,11.954141928631957,2.260102475501583,0.0,0.0
20.93333333330518,0.35402674136273593,0.015054960809604024,0.0,221.61069654509424,141.79580999904184,0.0001024927162841223,0.0004939593169427583,0.0,0.0,1.0,1.0,11.954141928631962,2.258533504778635,13.224087340251822,2.5037104018137355,11.954141928631962,2.258533504778635,0.0,0.0
20.941666666638998,0.3540190654372647,0.015017893265247755,0.0,221.60762617490573,141.78408905102245,0.00010219979233339684,0.0004921361351069444,0.0,0.0,1.0,1.0,11.954141928631973,2.256965623240302,13.224087340251835,2.5019723176060036,11.954141928631973,2.256965623240302,0.0,0.0
20.949999999972817,0.3540114114390981,0.01498096197925556,0.0,221.60456457563907,141.77241389287968,0.00010190798355476006,0.0004903218914493123,0.0,0.0,1.0,1.0,11.95414192863199,2.255398830130486,13.224087340251833,2.500235439982197,11.95414192863199,2.255398830130486,0.0,0.0
20.958333333306634,0.354003779284798,0.014944166286440077,0.0,221.60151171391905,141.76078429066607,0.0001016172846463928,0.0004885165313807918,0.0,0.0,1.0,1.0,11.954141928631998,2.2538331246935916,13.224087340251856,2.498499768104695,11.954141928631998,2.2538331246935916,0.0,0.0
20.966666666640453,0.3539961688913227,0.01490750552565916,0.0,221.59846755652893,141.74920001190722,0.00010132769033667833,0.00048672000071117206,0.0,0.0,1.0,1.0,11.954141928631993,2.2522685061745498,13.22408734025184,2.496765301136466,11.954141928631993,2.2522685061745498,0.0,0.0
20.974999999974273,0.3539885801760245,0.014870979039786531,0.0,221.5954320704097,141.73766082559064,0.00010103919538402739,0.00048493224564571523,0.0,0.0,1.0,1.0,11.95414192863198,2.2507049738188347,13.224087340251842,2.4950320382410576,11.95414192863198,2.2507049738188347,0.0,0.0
20.98333333330809,0.3539810130566482,0.014834586175682608,0.0,221.59240522265912,141.72616650215522,0.00010075179457666714,0.0004831532127817993,0.0,0.0,1.0,1.0,11.954141928631968,2.249142526872409,13.22408734025184,2.4932999785825967,11.954141928631968,2.249142526872409,0.0,0.0
20.99166666664191,0.35397346745132796,0.014798326284165473,0.0,221.58938698053103,141.71471681347998,0.00010046548273244921,0.000481382849105587,0.0,0.0,1.0,1.0,11.95414192863196,2.2475811645817756,13.22408734025184,2.4915691213257927,11.95414192863196,2.2475811645817756,0.0,0.0
20.999999999975728,0.3539659432785855,0.01476219871998225,0.0,221.58637731143406,141.7033115328736,0.00010018025469864131,0.0004796211019887385,0.0,0.0,1.0,1.0,11.95414192863195,2.2460208861939766,13.224087340251824,2.489839465635937,11.95414192863195,2.2460208861939766,0.0,0.0
21.008333333309544,0.35395844045732805,0.014726202841780672,0.0,221.5833761829311,141.69195043506366,9.989610535174781e-05,0.00047786791918514806,0.0,0.0,1.0,1.0,11.954141928631975,2.2444616909565642,13.224087340251828,2.488111010678889,11.954141928631975,2.2444616909565642,0.0,0.0
21.016666666643363,0.35395095890684586,0.014690338012080768,0.0,221.5803835627382,141.68063329618616,9.961302959730556e-05,0.00047612324882771056,0.0,0.0,1.0,1.0,11.954141928631982,2.2429035781176045,13.22408734025183,2.4863837556211066,11.954141928631982,2.2429035781176045,0.0,0.0
21.024999999977183,0.3539434985468104,0.014654603597247044,0.0,221.57739941872404,141.6693598937751,9.933102236970688e-05,0.0004743870394251303,0.0,0.0,1.0,1.0,11.954141928631982,2.241346546925702,13.224087340251812,2.4846576996296146,11.954141928631982,2.241346546925702,0.0,0.0
21.033333333311,0.3539360592972719,0.014618998967460582,0.0,221.5744237189086,141.658130006752,9.905007863198801e-05,0.00047265923985874506,0.0,0.0,1.0,1.0,11.95414192863198,2.2397905966299674,13.224087340251826,2.482932841872017,11.95414192863198,2.2397905966299674,0.0,0.0
21.04166666664482,0.35392864107865696,0.014583523496691677,0.0,221.57145643146265,141.6469434154157,9.877019337564988e-05,0.0004709397993793942,0.0,0.0,1.0,1.0,11.954141928631985,2.238235726480045,13.224087340251861,2.481209181516499,11.954141928631985,2.238235726480045,0.0,0.0
21.04999999997864,0.3539212438117674,0.014548176562672464,0.0,221.56849752470683,141.63579990143222,9.849136162048882e-05,0.00046922866760430737,0.0,0.0,1.0,1.0,11.954141928631977,2.236681935726084,13.224087340251877,2.4794867177318087,11.954141928631977,2.236681935726084,0.0,0.0
21.058333333312454,0.353913867417777,0.014512957546869912,0.0,221.56554696711063,141.62469924782454,9.821357841437224e-05,0.0004675257945140302,0.0,0.0,1.0,1.0,11.954141928631984,2.2351292236187663,13.22408734025188,2.4777654496872934,11.954141928631984,2.2351292236187663,0.0,0.0
21.066666666646274,0.35390651181822985,0.014477865834458994,0.0,221.5626047272918,141.61364123896266,9.793683883308571e-05,0.00046583113044937195,0.0,0.0,1.0,1.0,11.954141928631982,2.2335775894093044,13.224087340251877,2.4760453765528574,11.954141928631982,2.2335775894093044,0.0,0.0
21.074999999980093,0.3538991769350387,0.014442900814296096,0.0,221.55967077401533,141.6026256605537,9.766113798013745e-05,0.00046414462610839006,0.0,0.0,1.0,1.0,11.954141928631985,2.232027032349414,13.224087340251906,2.4743264974989967,11.954141928631985,2.232027032349414,0.0,0.0
21.08333333331391,0.3538918626904821,0.01440806187889263,0.0,221.5567450761927,141.59165229963202,9.73864709865719e-05,0.0004624662325433981,0.0,0.0,1.0,1.0,11.954141928631973,2.2304775516913327,13.224087340251913,2.4726088116967726,11.954141928631973,2.2304775516913327,0.0,0.0
21.09166666664773,0.35388456900720316,0.014373348424388907,0.0,221.5538276028811,141.5807209445494,9.711283301081216e-05,0.00046079590115800483,0.0,0.0,1.0,1.0,11.954141928631953,2.2289291466878125,13.224087340251858,2.4708923183178313,11.954141928631953,2.2289291466878125,0.0,0.0
21.09999999998155,0.3538772958082067,0.014338759850528186,0.0,221.55091832328253,141.56983138496548,9.684021923844295e-05,0.00045913358370418077,0.0,0.0,1.0,1.0,11.954141928631943,2.22738181659214,13.224087340251865,2.4691770165343825,11.954141928631943,2.22738181659214,0.0,0.0
21.108333333315365,0.35387004301685787,0.01430429556063097,0.0,221.548017206743,141.55898341183808,9.656862488207157e-05,0.0004574792322793537,0.0,0.0,1.0,1.0,11.95414192863196,2.2258355606581057,13.224087340251852,2.4674629055192145,11.95414192863196,2.2258355606581057,0.0,0.0
21.116666666649184,0.3538628105568796,0.014269954961569456,0.0,221.54512422275172,141.54817681741375,9.629804518111867e-05,0.00045583279932352673,0.0,0.0,1.0,1.0,11.954141928631953,2.2242903781400223,13.224087340251833,2.465749984445712,11.954141928631953,2.2242903781400223,0.0,0.0
21.124999999983004,0.3538555983523512,0.01423573746374224,0.0,221.54223934094034,141.53741139521827,9.602847540166528e-05,0.00045419423761643125,0.0,0.0,1.0,1.0,11.954141928631955,2.2227462682927395,13.224087340251835,2.464038252487786,11.954141928631955,2.2227462682927395,0.0,0.0
21.13333333331682,0.3538484063277057,0.014201642481049295,0.0,221.53936253108213,141.52668694004728,9.575991083627231e-05,0.0004525635002747028,0.0,0.0,1.0,1.0,11.954141928631962,2.221203230371575,13.224087340251852,2.4623277088199593,11.954141928631962,2.221203230371575,0.0,0.0
21.14166666665064,0.35384123440772836,0.014167669430867046,0.0,221.53649376309122,141.51600324795726,9.549234680380098e-05,0.0004509405407490845,0.0,0.0,1.0,1.0,11.954141928631945,2.219661263632425,13.224087340251844,2.4606183526173075,11.954141928631945,2.219661263632425,0.0,0.0
21.14999999998446,0.3538340825175546,0.014133817734023698,0.0,221.5336330070217,141.50536011625587,9.522577864925598e-05,0.00044932531282165555,0.0,0.0,1.0,1.0,11.954141928631978,2.218120367331652,13.224087340251844,2.4589101830555067,11.954141928631978,2.218120367331652,0.0,0.0
21.158333333318275,0.3538269505826678,0.014100086814774818,0.0,221.530780233067,141.4947573434933,9.496020174359794e-05,0.00044771777060309016,0.0,0.0,1.0,1.0,11.954141928631964,2.216580540726163,13.224087340251856,2.4572031993107832,11.954141928631964,2.216580540726163,0.0,0.0
21.166666666652095,0.35381983852889776,0.014066476100778946,0.0,221.52793541155896,141.4841947294529,9.46956114835903e-05,0.0004461178685299331,0.0,0.0,1.0,1.0,11.954141928631936,2.2150417830733864,13.22408734025185,2.4554974005599335,11.954141928631936,2.2150417830733864,0.0,0.0
21.174999999985914,0.3538127462824184,0.014032985023073633,0.0,221.5250985129672,141.47367207514242,9.443200329161979e-05,0.000444525561361912,0.0,0.0,1.0,1.0,11.95414192863195,2.2135040936312094,13.22408734025184,2.4537927859803306,11.95414192863195,2.2135040936312094,0.0,0.0
21.18333333331973,0.35380567376974603,0.013999613016051581,0.0,221.52226950789827,141.463189182785,9.416937261553935e-05,0.00044294080417927104,0.0,0.0,1.0,1.0,11.954141928631918,2.211967471658118,13.224087340251854,2.452089354749923,11.954141928631918,2.211967471658118,0.0,0.0
21.19166666665355,0.3537986209177373,0.013966359517436909,0.0,221.51944836709478,141.4527458558104,9.390771492849136e-05,0.00044136355238012564,0.0,0.0,1.0,1.0,11.954141928631891,2.210431916413061,13.224087340251877,2.4503871060472124,11.954141928631891,2.210431916413061,0.0,0.0
21.19999999998737,0.35379158765358776,0.013933223968261695,0.0,221.51663506143495,141.4423418988463,9.364702572876248e-05,0.0004397937616778463,0.0,0.0,1.0,1.0,11.954141928631886,2.2088974271555037,13.224087340251874,2.448686039051296,11.954141928631886,2.2088974271555037,0.0,0.0
21.208333333321185,0.3537845739048293,0.01390020581284274,0.0,221.5138295619316,141.43197711770958,9.33873005396031e-05,0.0004382313880984677,0.0,0.0,1.0,1.0,11.95414192863192,2.207364003145443,13.224087340251863,2.446986152941831,11.95414192863192,2.207364003145443,0.0,0.0
21.216666666655005,0.35377757959932904,0.013867304498758368,0.0,221.51103183973146,141.42165131939765,9.31285349090785e-05,0.00043667638797811534,0.0,0.0,1.0,1.0,11.95414192863192,2.2058316436433762,13.224087340251863,2.4452874468990355,11.95414192863192,2.2058316436433762,0.0,0.0
21.224999999988825,0.3537706046652866,0.013834519476825624,0.0,221.5082418661145,141.41136431208014,9.287072440989426e-05,0.00043512871796046757,0.0,0.0,1.0,1.0,11.95414192863194,2.2043003479103205,13.224087340251874,2.443589920103707,11.95414192863194,2.2043003479103205,0.0,0.0
21.23333333332264,0.353763649031233,0.013801850201077506,0.0,221.50545961249304,141.40111590509028,9.261386463925051e-05,0.00043358833499423076,0.0,0.0,1.0,1.0,11.954141928631953,2.202770115207811,13.224087340251872,2.4418935717372063,11.954141928631953,2.202770115207811,0.0,0.0
21.24166666665646,0.35375671262602837,0.013769296128740421,0.0,221.50268505041123,141.3909059089165,9.235795121867929e-05,0.00043205519633064286,0.0,0.0,1.0,1.0,11.954141928631941,2.201240944797881,13.224087340251872,2.440198400981463,11.954141928631941,2.201240944797881,0.0,0.0
21.24999999999028,0.35374979537886075,0.01373685672021188,0.0,221.49991815154416,141.38073413519425,9.210297979389322e-05,0.0004305292595210012,0.0,0.0,1.0,1.0,11.95414192863194,2.1997128359430875,13.224087340251872,2.438504407018985,11.95414192863194,2.1997128359430875,0.0,0.0
21.258333333324096,0.35374289721924335,0.013704531439038279,0.0,221.4971588876972,141.37060039669765,9.184894603461168e-05,0.00042901048241420994,0.0,0.0,1.0,1.0,11.954141928631955,2.1981857879064997,13.224087340251861,2.436811589032826,11.954141928631955,2.1981857879064997,0.0,0.0
21.266666666657915,0.35373601807701327,0.01367231975189293,0.0,221.49440723080517,141.36050450733146,9.159584563442558e-05,0.0004274988231543534,0.0,0.0,1.0,1.0,11.954141928631973,2.196659799951676,13.224087340251847,2.4351199462066275,11.954141928631973,2.196659799951676,0.0,0.0
21.274999999991735,0.3537291578823301,0.01364022112855429,0.0,221.4916631529319,141.35044628212268,9.134367431064216e-05,0.0004259942401782913,0.0,0.0,1.0,1.0,11.954141928631962,2.1951348713427263,13.224087340251819,2.4334294777245846,11.954141928631962,2.1951348713427263,0.0,0.0
21.28333333332555,0.3537223165656734,0.013608235041884272,0.0,221.4889266262692,141.34042553721287,9.109242780412352e-05,0.00042449669221327456,0.0,0.0,1.0,1.0,11.954141928631977,2.193611001344239,13.22408734025182,2.4317401827714593,11.954141928631977,2.193611001344239,0.0,0.0
21.29166666665937,0.35371549405784136,0.01357636096780683,0.0,221.4861976231364,141.33044208984992,9.08421018791392e-05,0.00042300613827458565,0.0,0.0,1.0,1.0,11.954141928631968,2.192088189221323,13.224087340251817,2.4300520605325975,11.954141928631968,2.192088189221323,0.0,0.0
21.29999999999319,0.3537086902899491,0.01354459838528664,0.0,221.4834761159795,141.32049575838025,9.059269232322315e-05,0.00042152253766319784,0.0,0.0,1.0,1.0,11.954141928631985,2.190566434239604,13.22408734025184,2.4283651101938886,11.954141928631985,2.190566434239604,0.0,0.0
21.308333333327006,0.3537019051934267,0.013512946776308045,0.0,221.48076207737054,141.310586362241,9.034419494701053e-05,0.0004200458499634614,0.0,0.0,1.0,1.0,11.954141928631977,2.189045735665214,13.2240873402518,2.426679330941795,11.954141928631977,2.189045735665214,0.0,0.0
21.316666666660826,0.35369513870001745,0.013481405625854054,0.0,221.47805548000684,141.30071372195218,9.00966055841074e-05,0.0004185760350408042,0.0,0.0,1.0,1.0,11.954141928631966,2.1875260927647813,13.224087340251774,2.424994721963346,11.954141928631966,2.1875260927647813,0.0,0.0
21.324999999994645,0.35368839074177655,0.013449974421885575,0.0,221.4753562967105,141.29087765910896,8.984992009092741e-05,0.00041711305303945736,0.0,0.0,1.0,1.0,11.954141928631964,2.1860075048054486,13.224087340251751,2.4233112824461305,11.954141928631964,2.1860075048054486,0.0,0.0
21.33333333332846,0.3536816612510689,0.013418652655320886,0.0,221.4726645004274,141.28107799637408,8.960413434656007e-05,0.00041565686438020525,0.0,0.0,1.0,1.0,11.954141928631964,2.184489971054891,13.224087340251723,2.4216290115783083,11.954141928631964,2.184489971054891,0.0,0.0
21.34166666666228,0.35367495016056766,0.013387439820015121,0.0,221.46998006422692,141.2713145574702,8.935924425261509e-05,0.00041420742975814876,0.0,0.0,1.0,1.0,11.954141928631964,2.182973490781273,13.224087340251728,2.419947908548597,11.954141928631964,2.182973490781273,0.0,0.0
21.3499999999961,0.35366825740325264,0.013356335412740006,0.0,221.4673029613009,141.26158716717248,8.911524573309044e-05,0.00041276471014049435,0.0,0.0,1.0,1.0,11.954141928631964,2.1814580632532548,13.2240873402517,2.4182679725462792,11.954141928631964,2.1814580632532548,0.0,0.0
21.358333333329917,0.35366158291240823,0.013325338933163795,0.0,221.46463316496317,141.25189565130097,8.887213473421226e-05,0.0004113286667643621,0.0,0.0,1.0,1.0,11.954141928631964,2.1799436877400247,13.224087340251668,2.416589202761202,11.954141928631964,2.1799436877400247,0.0,0.0
21.366666666663736,0.35365492662162246,0.013294449883831258,0.0,221.46197064864884,141.2422398367134,8.862990722431842e-05,0.0004098992611346142,0.0,0.0,1.0,1.0,11.954141928631964,2.1784303635112767,13.224087340251668,2.414911598383776,11.954141928631964,2.1784303635112767,0.0,0.0
21.374999999997556,0.3536482884647845,0.013263667770143952,0.0,221.45931538591367,141.23261955129755,8.838855919368838e-05,0.0004084764550217024,0.0,0.0,1.0,1.0,11.954141928631964,2.1769180898371974,13.22408734025168,2.4132351586049694,11.954141928631964,2.1769180898371974,0.0,0.0
21.38333333333137,0.3536416683760835,0.013232992100340553,0.0,221.45666735043326,141.22303462396437,8.814808665442918e-05,0.0004070602104595366,0.0,0.0,1.0,1.0,11.954141928631964,2.17540686598848,13.224087340251673,2.4115598826163125,11.954141928631964,2.17540686598848,0.0,0.0
21.39166666666519,0.3536350662900073,0.01320242238547738,0.0,221.45402651600278,141.2134848846404,8.790848564033486e-05,0.00040565048974337055,0.0,0.0,1.0,1.0,11.954141928631964,2.1738966912363415,13.224087340251682,2.4098857696098976,11.954141928631964,2.1738966912363415,0.0,0.0
21.39999999999901,0.35362848214133974,0.013171958139409095,0.0,221.45139285653576,141.20397016426077,8.76697522067212e-05,0.0004042472554277105,0.0,0.0,1.0,1.0,11.954141928631964,2.172387564852494,13.224087340251684,2.408212818778378,11.954141928631964,2.172387564852494,0.0,0.0
21.408333333332827,0.3536219158651601,0.013141598878769553,0.0,221.4487663460639,141.19449029476215,8.74318824303256e-05,0.0004028504703242408,0.0,0.0,1.0,1.0,11.954141928631964,2.1708794861091687,13.2240873402517,2.4065410293149725,11.954141928631964,2.1708794861091687,0.0,0.0
21.416666666666647,0.35361536739684124,0.013111344122952746,0.0,221.44614695873636,141.1850451090756,8.719487240915533e-05,0.00040146009749976615,0.0,0.0,1.0,1.0,11.954141928631964,2.1693724542790758,13.224087340251701,2.4048704004134507,11.954141928631964,2.1693724542790758,0.0,0.0
21.425000000000466,0.35360883667204746,0.01308119339409396,0.0,221.44353466881884,141.17563444111954,8.695871826234125e-05,0.00040007610027417695,0.0,0.0,1.0,1.0,11.954141928631964,2.167866468635447,13.224087340251655,2.4032009312681515,11.954141928631964,2.167866468635447,0.0,0.0
21.433333333334282,0.35360232362673344,0.013051146217051087,0.0,221.44092945069323,141.16625812579304,8.672341613002653e-05,0.0003986984422184317,0.0,0.0,1.0,1.0,11.954141928631964,2.166361528452035,13.22408734025166,2.401532621073967,11.954141928631964,2.166361528452035,0.0,0.0
21.4416666666681,0.3535958281971429,0.01302120211938606,0.0,221.43833127885702,141.1569159989687,8.648896217322651e-05,0.00039732708715255666,0.0,0.0,1.0,1.0,11.954141928631964,2.164857633003059,13.224087340251648,2.3998654690263477,11.954141928631964,2.164857633003059,0.0,0.0
21.45000000000192,0.35358935031980626,0.012991360631346394,0.0,221.43574012792237,141.14760789748604,8.625535257368556e-05,0.0003959619991436629,0.0,0.0,1.0,1.0,11.954141928631964,2.1633547815632648,13.224087340251616,2.398199474321299,11.954141928631964,2.1633547815632648,0.0,0.0
21.458333333335737,0.35358288993154,0.012961621285846986,0.0,221.43315597261588,141.1383336591445,8.602258353377021e-05,0.0003946031425039851,0.0,0.0,1.0,1.0,11.954141928631964,2.1618529734078944,13.224087340251598,2.3965346361553967,11.954141928631964,2.1618529734078944,0.0,0.0
21.466666666669557,0.35357644696944424,0.012931983618451916,0.0,221.43057878777756,141.129093122697,8.579065127631218e-05,0.00039325048178893355,0.0,0.0,1.0,1.0,11.954141928631964,2.1603522078127115,13.224087340251597,2.3948709537257566,11.954141928631964,2.1603522078127115,0.0,0.0
21.475000000003376,0.35357002137090177,0.012902447167356562,0.0,221.42800854836057,141.11988612784302,8.555955204449462e-05,0.0003919039817951692,0.0,0.0,1.0,1.0,11.954141928631964,2.158852484053953,13.22408734025157,2.3932084262300823,11.954141928631964,2.158852484053953,0.0,0.0
21.483333333337193,0.3535636130735764,0.012873011473369684,0.0,221.42544522943044,141.11071251522227,8.53292821017283e-05,0.0003905636075586896,0.0,0.0,1.0,1.0,11.954141928631964,2.1573538014083846,13.22408734025157,2.3915470528666023,11.954141928631964,2.1573538014083846,0.0,0.0
21.491666666671012,0.3535572220154114,0.012843676079895713,0.0,221.42288880616442,141.10157212640797,8.509983773151317e-05,0.00038922932435293454,0.0,0.0,1.0,1.0,11.954141928631964,2.155856159153243,13.224087340251582,2.3898868328341156,11.954141928631964,2.155856159153243,0.0,0.0
21.50000000000483,0.3535508481346281,0.012814440532917304,0.0,221.4203392538511,141.0924648039003,8.48712152373235e-05,0.00038790109768691597,0.0,0.0,1.0,1.0,11.954141928631964,2.1543595565663076,13.224087340251588,2.388227765331974,11.954141928631964,2.1543595565663076,0.0,0.0
21.508333333338648,0.3535444913697242,0.01278530438097777,0.0,221.41779654788954,141.08339039112013,8.464341094247256e-05,0.00038657889330335007,0.0,0.0,1.0,1.0,11.954141928631964,2.152863992925825,13.224087340251598,2.3865698495600953,11.954141928631964,2.152863992925825,0.0,0.0
21.516666666672467,0.35353815165947244,0.012756267175163892,0.0,221.41526066378884,141.0743487324026,8.441642118999308e-05,0.00038526267717682035,0.0,0.0,1.0,1.0,11.954141928631964,2.1513694675105612,13.224087340251607,2.384913084718943,11.954141928631964,2.1513694675105612,0.0,0.0
21.525000000006287,0.353531828942919,0.012727328469088788,0.0,221.41273157716748,141.0653396729906,8.419024234251383e-05,0.0003839524155119506,0.0,0.0,1.0,1.0,11.954141928631964,2.149875979599779,13.224087340251623,2.3832574700095233,11.954141928631964,2.149875979599779,0.0,0.0
21.533333333340103,0.35352552315938246,0.012698487818874827,0.0,221.41020926375285,141.05636305902874,8.396487078214323e-05,0.000382648074741593,0.0,0.0,1.0,1.0,11.954141928631964,2.148383528473232,13.224087340251607,2.3816030046334244,11.954141928631964,2.148383528473232,0.0,0.0
21.541666666673922,0.35351923424845166,0.012669744783136804,0.0,221.40769369938053,141.0474187375569,8.374030291033715e-05,0.00038134962152503636,0.0,0.0,1.0,1.0,11.954141928631964,2.1468921134111927,13.22408734025163,2.379949687792771,11.954141928631964,2.1468921134111927,0.0,0.0
21.550000000007742,0.3535129621499849,0.012641098922965145,0.0,221.40518485999382,141.0385065565042,8.351653514779037e-05,0.0003800570227462265,0.0,0.0,1.0,1.0,11.954141928631964,2.145401733694407,13.224087340251605,2.3782975186902453,11.954141928631964,2.145401733694407,0.0,0.0
21.558333333341558,0.35350670680410806,0.012612549801909354,0.0,221.4026827216431,141.0296263646827,8.329356393429968e-05,0.00037877024551200835,0.0,0.0,1.0,1.0,11.954141928631964,2.1439123886041553,13.224087340251597,2.3766464965290792,11.954141928631964,2.1439123886041553,0.0,0.0
21.566666666675378,0.35350046815121317,0.012584096985961465,0.0,221.40018726048513,141.0207780117815,8.307138572865933e-05,0.00037748925715037527,0.0,0.0,1.0,1.0,11.954141928631964,2.1424240774221834,13.22408734025159,2.374996620513071,11.954141928631964,2.1424240774221834,0.0,0.0
21.575000000009197,0.3534942461319574,0.012555740043539725,0.0,221.39769845278283,141.0119613483605,8.284999700854015e-05,0.00037621402520874366,0.0,0.0,1.0,1.0,11.954141928631964,2.1409367994307584,13.22408734025159,2.3733478898465648,11.954141928631964,2.1409367994307584,0.0,0.0
21.583333333343013,0.35348804068726114,0.012527478545472382,0.0,221.3952162749043,141.00317622584464,8.262939427036305e-05,0.0003749445174522358,0.0,0.0,1.0,1.0,11.954141928631964,2.139450553912618,13.224087340251598,2.371700303734449,11.954141928631964,2.139450553912618,0.0,0.0
21.591666666676833,0.35348185175830715,0.012499312064981491,0.0,221.39274070332272,140.99442249651773,8.240957402920215e-05,0.00037368070186197873,0.0,0.0,1.0,1.0,11.954141928631964,2.1379653401510224,13.224087340251593,2.3700538613821633,11.954141928631964,2.1379653401510224,0.0,0.0
21.600000000010652,0.35347567928653856,0.012471240177667077,0.0,221.39027171461527,140.98570001351663,8.21905328186494e-05,0.00037242254663342436,0.0,0.0,1.0,1.0,11.954141928631964,2.1364811574297304,13.22408734025159,2.3684085619957163,11.954141928631964,2.1364811574297304,0.0,0.0
21.60833333334447,0.35346952321365804,0.012443262461491092,0.0,221.38780928546308,140.9770086308255,8.197226719071161e-05,0.00037117002017467344,0.0,0.0,1.0,1.0,11.954141928631964,2.1349980050329895,13.224087340251607,2.3667644047816583,11.954141928631964,2.1349980050329895,0.0,0.0
21.616666666678288,0.3534633834816259,0.012415378496761864,0.0,221.38535339265022,140.96834820326987,8.175477371568229e-05,0.0003699230911048272,0.0,0.0,1.0,1.0,11.954141928631964,2.133515882245544,13.224087340251579,2.365121388947082,11.954141928631964,2.133515882245544,0.0,0.0
21.625000000012108,0.35345726003265926,0.012387587866118393,0.0,221.38290401306358,140.95971858651086,8.153804898205241e-05,0.0003686817282523447,0.0,0.0,1.0,1.0,11.954141928631964,2.1320347883526365,13.224087340251577,2.3634795136996405,11.954141928631964,2.1320347883526365,0.0,0.0
21.633333333345924,0.3534511528092304,0.012359890154514901,0.0,221.38046112369202,140.95111963703968,8.132208959638025e-05,0.00036744590065341794,0.0,0.0,1.0,1.0,11.954141928631964,2.130554722640004,13.224087340251588,2.3618387782475336,11.954141928631964,2.130554722640004,0.0,0.0
21.641666666679743,0.35344506175406504,0.012332284949205402,0.0,221.37802470162586,140.9425512121717,8.110689218317362e-05,0.00036621557755035886,0.0,0.0,1.0,1.0,11.954141928631964,2.1290756843938836,13.224087340251568,2.3601991817995196,11.954141928631964,2.1290756843938836,0.0,0.0
21.650000000013563,0.3534389868101419,0.012304771839728548,0.0,221.3755947240566,140.93401317004097,8.089245338480405e-05,0.0003649907283900068,0.0,0.0,1.0,1.0,11.954141928631964,2.127597672901003,13.224087340251561,2.3585607235648864,11.954141928631964,2.127597672901003,0.0,0.0
21.65833333334738,0.3534329279206907,0.012277350417892423,0.0,221.37317116827614,140.92550536959465,8.067876986137512e-05,0.0003637713228221427,0.0,0.0,1.0,1.0,11.954141928631964,2.126120687448588,13.224087340251563,2.3569234027534853,11.954141928631964,2.126120687448588,0.0,0.0
21.6666666666812,0.3534268850291909,0.012250020277759496,0.0,221.3707540116762,140.91702767058737,8.046583829061906e-05,0.0003625573306979183,0.0,0.0,1.0,1.0,11.954141928631964,2.124644727324356,13.224087340251542,2.3552872185757154,11.954141928631964,2.124644727324356,0.0,0.0
21.675000000015018,0.35342085807937024,0.01222278101563188,0.0,221.36834323174796,140.90857993357585,8.025365536778382e-05,0.00036134872206830906,0.0,0.0,1.0,1.0,11.954141928631964,2.1231697918165184,13.224087340251527,2.3536521702425257,11.954141928631964,2.1231697918165184,0.0,0.0
21.683333333348834,0.35341484701520415,0.01219563223003631,0.0,221.36593880608152,140.90016201991344,8.0042217805545e-05,0.00036014546718256236,0.0,0.0,1.0,1.0,11.954141928631964,2.1216958802137924,13.224087340251527,2.3520182569654082,11.954141928631964,2.1216958802137924,0.0,0.0
21.691666666682654,0.3534088517809137,0.0121685735217097,0.0,221.36354071236534,140.89177379174467,7.983152233387353e-05,0.00035894753648667976,0.0,0.0,1.0,1.0,11.954141928631964,2.1202229918053708,13.224087340251543,2.3503854779563964,11.954141928631964,2.1202229918053708,0.0,0.0
21.700000000016473,0.35340287232096457,0.012141604493584387,0.0,221.3611489283857,140.88341511199988,7.96215656999428e-05,0.00035775490062189456,0.0,0.0,1.0,1.0,11.954141928631964,2.1187511258809564,13.224087340251556,2.3487538324280837,11.954141928631964,2.1187511258809564,0.0,0.0
21.70833333335029,0.3533969085800657,0.012114724750773886,0.0,221.35876343202614,140.87508584438993,7.94123446680243e-05,0.00035656753042317946,0.0,0.0,1.0,1.0,11.954141928631964,2.117280281730737,13.224087340251568,2.347123319593603,11.954141928631964,2.117280281730737,0.0,0.0
21.71666666668411,0.3533909605031683,0.012087933900558403,0.0,221.3563842012672,140.86678585340098,7.920385601937926e-05,0.00035538539691775165,0.0,0.0,1.0,1.0,11.954141928631964,2.115810458645385,13.224087340251572,2.3454939386666243,11.954141928631964,2.115810458645385,0.0,0.0
21.72500000001793,0.35338502803546423,0.01206123155237062,0.0,221.35401121418556,140.8585150042891,7.899609655215333e-05,0.0003542084713236003,0.0,0.0,1.0,1.0,11.954141928631964,2.114341655916083,13.224087340251584,2.3438656888613885,11.954141928631964,2.114341655916083,0.0,0.0
21.733333333351744,0.35337911112238474,0.012034617317781647,0.0,221.35164444895375,140.8502731630752,7.878906308127583e-05,0.0003530367250480262,0.0,0.0,1.0,1.0,11.954141928631964,2.1128738728344834,13.2240873402516,2.342238569392659,11.954141928631964,2.1128738728344834,0.0,0.0
21.741666666685564,0.35337320970959935,0.012008090810486956,0.0,221.34928388383958,140.8420601965399,7.85827524383505e-05,0.0003518701296861907,0.0,0.0,1.0,1.0,11.954141928631964,2.1114071086927635,13.224087340251588,2.3406125794757515,11.954141928631964,2.1114071086927635,0.0,0.0
21.750000000019384,0.3533673237430146,0.011981651646292474,0.0,221.3469294972057,140.8338759722183,7.837716147156645e-05,0.00035070865701968,0.0,0.0,1.0,1.0,11.954141928631964,2.1099413627835704,13.224087340251598,2.3389877183265284,11.954141928631964,2.1099413627835704,0.0,0.0
21.7583333333532,0.3533614531687731,0.011955299443100819,0.0,221.34458126750908,140.8257203583949,7.817228704559347e-05,0.0003495522790150814,0.0,0.0,1.0,1.0,11.954141928631964,2.108476634400028,13.224087340251614,2.337363985161402,11.954141928631964,2.108476634400028,0.0,0.0
21.76666666668702,0.3533555979332516,0.011929033820897595,0.0,221.3422391733005,140.81759322409872,7.796812604147165e-05,0.0003484009678225723,0.0,0.0,1.0,1.0,11.954141928631964,2.1070129228357786,13.224087340251616,2.3357413791973105,11.954141928631964,2.1070129228357786,0.0,0.0
21.77500000002084,0.3533497579830603,0.011902854401737788,0.0,221.339903193224,140.80949443909816,7.77646753565155e-05,0.00034725469577452,0.0,0.0,1.0,1.0,11.954141928631964,2.1055502273849425,13.224087340251577,2.33411989965175,11.954141928631964,2.1055502273849425,0.0,0.0
21.783333333354655,0.35334393326504154,0.011876760809732276,0.0,221.33757330601648,140.8014238738961,7.756193190422929e-05,0.0003461134353840948,0.0,0.0,1.0,1.0,11.954141928631964,2.1040885473421262,13.224087340251574,2.332499545742764,11.954141928631964,2.1040885473421262,0.0,0.0
21.791666666688474,0.35333812372626844,0.011850752671034494,0.0,221.33524949050724,140.793381399725,7.735989261418519e-05,0.00034497715934389604,0.0,0.0,1.0,1.0,11.954141928631964,2.1026278820024364,13.224087340251588,2.330880316688932,11.954141928631964,2.1026278820024364,0.0,0.0
21.800000000022294,0.3533323293140439,0.011824829613827094,0.0,221.3329317256174,140.7853668885419,7.71585544319442e-05,0.0003438458405245879,0.0,0.0,1.0,1.0,11.954141928631964,2.101168230661453,13.224087340251591,2.3292622117093664,11.954141928631964,2.101168230661453,0.0,0.0
21.80833333335611,0.3533265499758992,0.011798991268308783,0.0,221.33061999035954,140.77738021302372,7.695791431895158e-05,0.00034271945197354844,0.0,0.0,1.0,1.0,11.954141928631964,2.099709592615267,13.224087340251607,2.32764523002374,11.954141928631964,2.099709592615267,0.0,0.0
21.81666666668993,0.3533207856595929,0.01177323726668128,0.0,221.32831426383703,140.7694212465624,7.675796925243936e-05,0.0003415979669135309,0.0,0.0,1.0,1.0,11.954141928631964,2.0982519671604414,13.22408734025162,2.3260293708522557,11.954141928631964,2.0982519671604414,0.0,0.0
21.82500000002375,0.3533150363131099,0.01174756724313623,0.0,221.3260145252438,140.76148986326015,7.655871622533504e-05,0.00034048135874133276,0.0,0.0,1.0,1.0,11.954141928631964,2.0967953535940316,13.224087340251621,2.324414633415655,11.954141928631964,2.0967953535940316,0.0,0.0
21.833333333357565,0.3533093018846598,0.01172198083384246,0.0,221.32372075386377,140.7535859379246,7.636015224616405e-05,0.00033936960102648385,0.0,0.0,1.0,1.0,11.954141928631964,2.095339751213577,13.224087340251609,2.3228010169352338,11.954141928631964,2.095339751213577,0.0,0.0
21.841666666691385,0.3533035823226762,0.011696477676933078,0.0,221.32143292907034,140.74570934606433,7.616227433896217e-05,0.0003382626675099373,0.0,0.0,1.0,1.0,11.954141928631964,2.093885159317122,13.224087340251609,2.3211885206328207,11.954141928631964,2.093885159317122,0.0,0.0
21.850000000025204,0.3532978775758152,0.011671057412492775,0.0,221.31915103032594,140.737859963884,7.596507954316337e-05,0.00033716053210277496,0.0,0.0,1.0,1.0,11.954141928631964,2.0924315772031776,13.224087340251636,2.3195771437307835,11.954141928631964,2.0924315772031776,0.0,0.0
21.85833333335902,0.3532921875929542,0.011645719682545382,0.0,221.31687503718155,140.7300376682798,7.576856491352547e-05,0.000336063168884931,0.0,0.0,1.0,1.0,11.954141928631964,2.090979004170743,13.224087340251641,2.3179668854520252,11.954141928631964,2.090979004170743,0.0,0.0
21.86666666669284,0.3532865123231912,0.011620464131041163,0.0,221.31460492927636,140.72224233683494,7.557272752003533e-05,0.00033497055210391204,0.0,0.0,1.0,1.0,11.954141928631964,2.0895274395193266,13.22408734025162,2.3163577450199937,11.954141928631964,2.0895274395193266,0.0,0.0
21.87500000002666,0.35328085171584317,0.01159529040384453,0.0,221.31234068633714,140.7144738478149,7.537756444780251e-05,0.0003338826561735404,0.0,0.0,1.0,1.0,11.954141928631964,2.088076882548885,13.224087340251636,2.314749721658682,11.954141928631964,2.088076882548885,0.0,0.0
21.883333333360476,0.35327520572044524,0.011570198148721728,0.0,221.31008228817797,140.70673208016322,7.518307279698825e-05,0.00033279945567270535,0.0,0.0,1.0,1.0,11.954141928631964,2.0866273325598983,13.224087340251598,2.3131428145926165,11.954141928631964,2.0866273325598983,0.0,0.0
21.891666666694295,0.3532695742867495,0.011545187015328529,0.0,221.30782971469964,140.69901691349665,7.498924968270097e-05,0.000331720925344119,0.0,0.0,1.0,1.0,11.954141928631964,2.085178788853319,13.224087340251604,2.3115370230468537,11.954141928631964,2.085178788853319,0.0,0.0
21.900000000028115,0.35326395736472366,0.011520256655198229,0.0,221.3055829458893,140.691328228101,7.479609223491257e-05,0.00033064704009309453,0.0,0.0,1.0,1.0,11.954141928631964,2.0837312507305814,13.22408734025159,2.309932346247,11.954141928631964,2.0837312507305814,0.0,0.0
21.90833333336193,0.3532583549045504,0.011495406721729487,0.0,221.30334196182002,140.68366590492658,7.460359759836713e-05,0.00032957777498632127,0.0,0.0,1.0,1.0,11.954141928631964,2.0822847174935974,13.224087340251588,2.308328783419189,11.954141928631964,2.0822847174935974,0.0,0.0
21.91666666669575,0.35325276685662577,0.011470636870174404,0.0,221.30110674265015,140.67602982558384,7.441176293249228e-05,0.00032851310525065975,0.0,0.0,1.0,1.0,11.954141928631964,2.08083918844478,13.224087340251582,2.3067263337901065,11.954141928631964,2.08083918844478,0.0,0.0
21.92500000002957,0.35324719317155834,0.01144594675762675,0.0,221.2988772686232,140.66841987233903,7.422058541131247e-05,0.0003274530062719462,0.0,0.0,1.0,1.0,11.954141928631964,2.0793946628870184,13.224087340251574,2.3051249965869625,11.954141928631964,2.0793946628870184,0.0,0.0
21.933333333363386,0.35324163380016826,0.011421336043010029,0.0,221.29665352006717,140.6608359281099,7.403006222335819e-05,0.00032639745359379997,0.0,0.0,1.0,1.0,11.954141928631964,2.077951140123683,13.224087340251558,2.303524771037506,11.954141928631964,2.077951140123683,0.0,0.0
21.941666666697206,0.35323608869348583,0.01139680438706596,0.0,221.2944354773942,140.6532778764614,7.384019057158677e-05,0.00032534642291645295,0.0,0.0,1.0,1.0,11.954141928631964,2.0765086194586333,13.224087340251566,2.3019256563700248,11.954141928631964,2.0765086194586333,0.0,0.0
21.950000000031025,0.3532305578027505,0.011372351452342761,0.0,221.29222312110005,140.64574560160148,7.365096767328176e-05,0.00032429989009557733,0.0,0.0,1.0,1.0,11.954141928631964,2.0750671001962044,13.224087340251552,2.3003276518133453,11.954141928631964,2.0750671001962044,0.0,0.0
21.95833333336484,0.35322504107941,0.011347976903183666,0.0,221.29001643176386,140.63823898837666,7.3462390759985e-05,0.00032325783114112893,0.0,0.0,1.0,1.0,11.954141928631964,2.073626581641231,13.224087340251584,2.298730756596821,11.954141928631964,2.073626581641231,0.0,0.0
21.96666666669866,0.3532195384751194,0.011323680405715584,0.0,221.2878153900476,140.6307579222683,7.327445707739948e-05,0.0003222202222162053,0.0,0.0,1.0,1.0,11.954141928631964,2.072187063099005,13.22408734025159,2.297134969950347,11.954141928631964,2.072187063099005,0.0,0.0
21.97500000003248,0.3532140499417394,0.011299461627837546,0.0,221.2856199766956,140.62330228938788,7.308716388531279e-05,0.00032118703963589755,0.0,0.0,1.0,1.0,11.954141928631964,2.070748543875323,13.224087340251597,2.2955402911043388,11.954141928631964,2.070748543875323,0.0,0.0
21.983333333366296,0.35320857543133594,0.01127532023920973,0.0,221.28343017253425,140.6158719764733,7.290050845750259e-05,0.0003201582598661744,0.0,0.0,1.0,1.0,11.954141928631964,2.069311023276457,13.224087340251598,2.293946719289766,11.954141928631964,2.069311023276457,0.0,0.0
21.991666666700116,0.3532031148961788,0.011251255911242052,0.0,221.28124595847137,140.60846687088466,7.271448808165962e-05,0.0003191338595227547,0.0,0.0,1.0,1.0,11.954141928631964,2.0678745006091583,13.224087340251591,2.2923542537381296,11.954141928631964,2.0678745006091583,0.0,0.0
22.000000000033936,0.35319766828874083,0.011227268317083141,0.0,221.27906731549618,140.60108686060013,7.252910005931493e-05,0.0003181138153700005,0.0,0.0,1.0,1.0,11.954141928631964,2.066438975180652,13.224087340251561,2.2907628936814404,11.954141928631964,2.066438975180652,0.0,0.0
22.00833333336775,0.3531922355616965,0.0112033571316094,0.0,221.27689422467844,140.59373183421195,7.234434170573329e-05,0.0003170981043198207,0.0,0.0,1.0,1.0,11.954141928631964,2.0650044462986585,13.224087340251566,2.289172638352278,11.954141928631964,2.0650044462986585,0.0,0.0
22.01666666670157,0.3531868166679212,0.01117952203141397,0.0,221.27472666716832,140.5864016809226,7.216021034985522e-05,0.0003160867034305765,0.0,0.0,1.0,1.0,11.954141928631964,2.0635709132713727,13.224087340251554,2.2875834869837313,11.954141928631964,2.0635709132713727,0.0,0.0
22.02500000003539,0.35318141156049015,0.011155762694795998,0.0,221.27256462419592,140.57909629054052,7.197670333420155e-05,0.0003150795899060044,0.0,0.0,1.0,1.0,11.954141928631964,2.0621383754074603,13.224087340251538,2.2859954388094215,11.954141928631964,2.0621383754074603,0.0,0.0
22.033333333369207,0.3531760201926776,0.011132078801749695,0.0,221.2704080770709,140.57181555347645,7.179381801480384e-05,0.0003140767410941375,0.0,0.0,1.0,1.0,11.954141928631964,2.060706832016081,13.224087340251529,2.284408493063514,11.954141928631964,2.060706832016081,0.0,0.0
22.041666666703026,0.35317064251795527,0.01110847003395382,0.0,221.26825700718194,140.5645593607394,7.161155176111433e-05,0.0003130781344862491,0.0,0.0,1.0,1.0,11.954141928631964,2.059276282406872,13.22408734025155,2.282822648980696,11.954141928631964,2.059276282406872,0.0,0.0
22.050000000036846,0.35316527848999174,0.01108493607476102,0.0,221.26611139599657,140.55732760393278,7.142990195593045e-05,0.0003120837477157976,0.0,0.0,1.0,1.0,11.954141928631964,2.057846725889945,13.224087340251563,2.281237905796197,11.954141928631964,2.057846725889945,0.0,0.0
22.058333333370662,0.35315992806265145,0.011061476609187187,0.0,221.26397122506043,140.55012017525047,7.124886599531305e-05,0.00031109355855737524,0.0,0.0,1.0,1.0,11.954141928631964,2.056418161775887,13.22408734025155,2.2796542627457574,11.954141928631964,2.056418161775887,0.0,0.0
22.06666666670448,0.3531545911899936,0.011038091323901177,0.0,221.26183647599728,140.54293696747325,7.106844128851806e-05,0.00031010754492567983,0.0,0.0,1.0,1.0,11.954141928631964,2.054990589375776,13.224087340251561,2.2780717190656654,11.954141928631964,2.054990589375776,0.0,0.0
22.0750000000383,0.35314926782627126,0.011014779907214322,0.0,221.25970713050836,140.5357778739647,7.088862525790694e-05,0.00030912568487448286,0.0,0.0,1.0,1.0,11.954141928631964,2.053564008001163,13.224087340251565,2.2764902739927413,11.954141928631964,2.053564008001163,0.0,0.0
22.083333333372117,0.3531439579259303,0.01099154204907008,0.0,221.25758317037196,140.52864278866758,7.07094153388753e-05,0.0003081479565956069,0.0,0.0,1.0,1.0,11.954141928631964,2.0521384169640653,13.224087340251565,2.2749099267643245,11.954141928631964,2.0521384169640653,0.0,0.0
22.091666666705937,0.3531386614436084,0.010968377441033954,0.0,221.25546457744323,140.5215316061002,7.053080897977522e-05,0.00030717433841792217,0.0,0.0,1.0,1.0,11.954141928631964,2.050713815576999,13.224087340251618,2.273330676618279,11.954141928631964,2.050713815576999,0.0,0.0
22.100000000039756,0.3531333783341342,0.010945285776283158,0.0,221.25335133365354,140.5144442213525,7.035280364183513e-05,0.0003062048088063359,0.0,0.0,1.0,1.0,11.954141928631964,2.0492902031529394,13.224087340251598,2.27175252279301,11.954141928631964,2.0492902031529394,0.0,0.0
22.108333333373572,0.35312810855252624,0.010922266749596721,0.0,221.25124342101037,140.5073805300825,7.017539679909316e-05,0.0003052393463608076,0.0,0.0,1.0,1.0,11.954141928631964,2.0478675790053456,13.224087340251607,2.2701754645274583,11.954141928631964,2.0478675790053456,0.0,0.0
22.116666666707392,0.353122852053992,0.010899320057345329,0.0,221.24914082159665,140.50034042851257,6.999858593831096e-05,0.00030427792981535496,0.0,0.0,1.0,1.0,11.954141928631964,2.0464459424481536,13.224087340251607,2.2685995010610727,11.954141928631964,2.0464459424481536,0.0,0.0
22.12500000004121,0.35311760879392695,0.010876445397481466,0.0,221.24704351757066,140.4933238134259,6.982236855890315e-05,0.0003033205380370818,0.0,0.0,1.0,1.0,11.954141928631964,2.045025292795777,13.22408734025161,2.2670246316338387,11.954141928631964,2.045025292795777,0.0,0.0
22.133333333375028,0.3531123787279137,0.010853642469529514,0.0,221.24495149116532,140.4863305821628,6.964674217286765e-05,0.0003023671500252051,0.0,0.0,1.0,1.0,11.954141928631964,2.0436056293631095,13.22408734025163,2.265450855486275,11.954141928631964,2.0436056293631095,0.0,0.0
22.141666666708847,0.3531071618117211,0.010830910974576034,0.0,221.24286472468827,140.47936063261724,6.947170430471283e-05,0.00030141774491009813,0.0,0.0,1.0,1.0,11.954141928631964,2.042186951465506,13.224087340251636,2.2638781718594245,11.954141928631964,2.042186951465506,0.0,0.0
22.150000000042667,0.35310195800130284,0.010808250615259942,0.0,221.240783200521,140.47241386323321,6.929725249136892e-05,0.0003004723019523326,0.0,0.0,1.0,1.0,11.954141928631964,2.040769258418793,13.224087340251627,2.2623065799948443,11.954141928631964,2.040769258418793,0.0,0.0
22.158333333376483,0.3530967672527972,0.010785661095762941,0.0,221.23870690111875,140.46549017300123,6.912338428212891e-05,0.00029953080054173555,0.0,0.0,1.0,1.0,11.954141928631964,2.0393525495393057,13.224087340251625,2.260736079134645,11.954141928631964,2.0393525495393057,0.0,0.0
22.166666666710302,0.3530915895225258,0.010763142121799896,0.0,221.23663580901015,140.45858946145484,6.895009723858008e-05,0.00029859322019645156,0.0,0.0,1.0,1.0,11.954141928631964,2.037936824143818,13.224087340251623,2.2591666685214435,11.954141928631964,2.037936824143818,0.0,0.0
22.175000000044122,0.35308642476699237,0.010740693400609352,0.0,221.23456990679682,140.45171162866714,6.877738893451751e-05,0.0002976595405620128,0.0,0.0,1.0,1.0,11.954141928631964,2.036522081549596,13.2240873402516,2.2575983473983823,11.954141928631964,2.036522081549596,0.0,0.0
22.183333333377938,0.3530812729428825,0.010718314640944093,0.0,221.23250917715285,140.44485657524737,6.860525695588375e-05,0.00029672974141041735,0.0,0.0,1.0,1.0,11.954141928631964,2.0351083210743766,13.2240873402516,2.2560311150091374,11.954141928631964,2.0351083210743766,0.0,0.0
22.191666666711757,0.3530761340070621,0.010696005553061697,0.0,221.2304536028247,140.43802420233754,6.843369890069495e-05,0.00029580380263921234,0.0,0.0,1.0,1.0,11.954141928631964,2.033695542036375,13.224087340251621,2.2544649705979016,11.954141928631964,2.033695542036375,0.0,0.0
22.200000000045577,0.3530710079165771,0.010673765848715348,0.0,221.2284031666307,140.43121441160886,6.82627123789701e-05,0.0002948817042705903,0.0,0.0,1.0,1.0,11.954141928631964,2.032283743754273,13.224087340251634,2.252899913409394,11.954141928631964,2.032283743754273,0.0,0.0
22.208333333379393,0.35306589462865184,0.010651595241144543,0.0,221.2263578514606,140.4244271052586,6.809229501265936e-05,0.00029396342645048924,0.0,0.0,1.0,1.0,11.954141928631964,2.030872925547224,13.224087340251629,2.2513359426888777,11.954141928631964,2.030872925547224,0.0,0.0
22.216666666713213,0.3530607941006888,0.010629493445065844,0.0,221.2243176402754,140.4176621860065,6.79224444355778e-05,0.0002930489494476961,0.0,0.0,1.0,1.0,11.954141928631964,2.0294630867348538,13.224087340251645,2.2497730576821158,11.954141928631964,2.0294630867348538,0.0,0.0
22.225000000047032,0.35305570629026756,0.010607460176663898,0.0,221.22228251610687,140.41091955709177,6.775315829333985e-05,0.0002921382536529677,0.0,0.0,1.0,1.0,11.954141928631964,2.0280542266372708,13.224087340251621,2.2482112576353903,11.954141928631964,2.0280542266372708,0.0,0.0
22.23333333338085,0.3530506311551437,0.010585495153582298,0.0,221.22025246205732,140.4041991222695,6.75844342432805e-05,0.00029123131957814956,0.0,0.0,1.0,1.0,11.954141928631964,2.0266463445750413,13.2240873402516,2.246650541795532,11.954141928631964,2.0266463445750413,0.0,0.0
22.241666666714668,0.353045568653248,0.010563598094914662,0.0,221.21822746129905,140.3975007858075,6.741626995439516e-05,0.0002903281278553069,0.0,0.0,1.0,1.0,11.954141928631964,2.0252394398692055,13.224087340251588,2.2450909094098646,11.954141928631964,2.0252394398692055,0.0,0.0
22.250000000048487,0.3530405187426857,0.010541768721195742,0.0,221.21620749707415,140.39082445248314,6.724866310726496e-05,0.0002894286592358634,0.0,0.0,1.0,1.0,11.954141928631964,2.02383351184129,13.224087340251574,2.2435323597262635,11.954141928631964,2.02383351184129,0.0,0.0
22.258333333382303,0.35303548138173574,0.010520006754392528,0.0,221.21419255269416,140.38417002758,6.708161139400278e-05,0.0002885328945897427,0.0,0.0,1.0,1.0,11.954141928631964,2.022428559813286,13.224087340251597,2.241974891993114,11.954141928631964,2.022428559813286,0.0,0.0
22.266666666716123,0.3530304565288495,0.010498311917895397,0.0,221.21218261153965,140.3775374168847,6.691511251817356e-05,0.0002876408149045161,0.0,0.0,1.0,1.0,11.954141928631964,2.0210245831076397,13.224087340251584,2.2404185054593193,11.954141928631964,2.0210245831076397,0.0,0.0
22.275000000049943,0.3530254441426501,0.010476683936509511,0.0,221.2101776570599,140.37092652668386,6.674916419472895e-05,0.00028675240128456627,0.0,0.0,1.0,1.0,11.954141928631964,2.0196215810472857,13.22408734025158,2.2388631993743053,11.954141928631964,2.0196215810472857,0.0,0.0
22.28333333338376,0.3530204441819318,0.010455122536446145,0.0,221.20817767277256,140.36433726376072,6.658376414994831e-05,0.00028586763495025094,0.0,0.0,1.0,1.0,11.954141928631964,2.018219552955624,13.22408734025159,2.237308972988025,11.954141928631964,2.018219552955624,0.0,0.0
22.29166666671758,0.35301545660565886,0.010433627445313978,0.0,221.2061826422634,140.35776953539215,6.641891012137304e-05,0.0002849864972370699,0.0,0.0,1.0,1.0,11.954141928631964,2.0168184981565225,13.224087340251607,2.2357558255509415,11.954141928631964,2.0168184981565225,0.0,0.0
22.300000000051398,0.3530104813729649,0.010412198392110716,0.0,221.20419254918585,140.35122324934562,6.625459985773445e-05,0.00028410896959485,0.0,0.0,1.0,1.0,11.954141928631964,2.015418415974302,13.224087340251566,2.234203756314049,11.954141928631964,2.015418415974302,0.0,0.0
22.308333333385214,0.3530055184431519,0.010390835107214464,0.0,221.20220737726063,140.34469831387594,6.609083111889217e-05,0.0002832350335869236,0.0,0.0,1.0,1.0,11.954141928631964,2.014019305733787,13.224087340251554,2.2326527645288614,11.954141928631964,2.014019305733787,0.0,0.0
22.316666666719033,0.35300056777568944,0.010369537322375387,0.0,221.20022711027565,140.3381946377223,6.592760167577631e-05,0.0002823646708893239,0.0,0.0,1.0,1.0,11.954141928631964,2.012621166760248,13.224087340251579,2.2311028494474088,11.954141928631964,2.012621166760248,0.0,0.0
22.325000000052853,0.35299562933021383,0.01034830477070736,0.0,221.1982517320854,140.3317121301052,6.57649093103145e-05,0.0002814978632899829,0.0,0.0,1.0,1.0,11.954141928631964,2.011223998379434,13.224087340251607,2.2295540103222318,11.954141928631964,2.011223998379434,0.0,0.0
22.33333333338667,0.3529907030665274,0.010327137186679668,0.0,221.1962812266108,140.32525070072353,6.560275181537368e-05,0.00028063459268793615,0.0,0.0,1.0,1.0,11.954141928631964,2.009827799917543,13.2240873402516,2.2280062464063928,11.954141928631964,2.009827799917543,0.0,0.0
22.34166666672049,0.3529857889445974,0.010306034306108705,0.0,221.19431557783884,140.3188102597514,6.544112699469326e-05,0.0002797748410925309,0.0,0.0,1.0,1.0,11.954141928631964,2.008432570701281,13.224087340251602,2.226459556953491,11.954141928631964,2.008432570701281,0.0,0.0
22.350000000054308,0.35298088692455576,0.010284995866149862,0.0,221.19235476982217,140.31239071783529,6.528003266282999e-05,0.0002789185906226474,0.0,0.0,1.0,1.0,11.954141928631964,2.0070383100577582,13.22408734025163,2.2249139412176286,11.954141928631964,2.0070383100577582,0.0,0.0
22.358333333388124,0.3529759969666976,0.010264021605289378,0.0,221.1903987866789,140.30599198609113,6.511946664509074e-05,0.00027806582350592,0.0,0.0,1.0,1.0,11.954141928631964,2.005645017314604,13.224087340251632,2.223369398453418,11.954141928631964,2.005645017314604,0.0,0.0
22.366666666721944,0.3529711190314809,0.010243111263336293,0.0,221.18844761259223,140.29961397610123,6.495942677747076e-05,0.00027721652207797,0.0,0.0,1.0,1.0,11.954141928631964,2.0042526917999037,13.224087340251637,2.221825927916012,11.954141928631964,2.0042526917999037,0.0,0.0
22.375000000055763,0.3529662530795255,0.010222264581414417,0.0,221.18650123181004,140.29325659991156,6.479991090659306e-05,0.0002763706687816394,0.0,0.0,1.0,1.0,11.954141928631964,2.0028613328422025,13.224087340251627,2.2202835288610507,11.954141928631964,2.0028613328422025,0.0,0.0
22.38333333338958,0.3529613990716122,0.010201481301954352,0.0,221.18455962864476,140.28691977002865,6.464091688964744e-05,0.0002755282461662327,0.0,0.0,1.0,1.0,11.954141928631964,2.00147093977051,13.224087340251685,2.218742200544723,11.954141928631964,2.00147093977051,0.0,0.0
22.3916666667234,0.3529565569686825,0.01018076116868566,0.0,221.18262278747287,140.2806033994169,6.448244259433389e-05,0.0002746892368867692,0.0,0.0,1.0,1.0,11.954141928631964,2.000081511914321,13.224087340251701,2.2172019422237104,11.954141928631964,2.000081511914321,0.0,0.0
22.40000000005722,0.352951726731837,0.010160103926628979,0.0,221.18069069273466,140.27430740149558,6.432448589879119e-05,0.0002738536237032338,0.0,0.0,1.0,1.0,11.954141928631964,1.9986930486035568,13.224087340251707,2.215662753155222,11.954141928631964,1.9986930486035568,0.0,0.0
22.408333333391035,0.35294690832233516,0.010139509322088283,0.0,221.17876332893394,140.26803169013624,6.416704469154999e-05,0.0002730213894798414,0.0,0.0,1.0,1.0,11.954141928631964,1.997305549168634,13.224087340251696,2.2141246325969792,11.954141928631964,1.997305549168634,0.0,0.0
22.416666666724854,0.3529421017015946,0.010118977102643074,0.0,221.17684068063772,140.26177617965962,6.401011687147173e-05,0.0002721925171842992,0.0,0.0,1.0,1.0,11.954141928631964,1.995919012940431,13.224087340251703,2.2125875798072183,11.954141928631964,1.995919012940431,0.0,0.0
22.425000000058674,0.35293730683119,0.010098507017140762,0.0,221.17492273247586,140.25554078483307,6.385370034767964e-05,0.0002713669898870816,0.0,0.0,1.0,1.0,11.954141928631964,1.9945334392502805,13.224087340251716,2.211051594044686,11.954141928631964,1.9945334392502805,0.0,0.0
22.43333333339249,0.35293252367285255,0.010078098815689027,0.0,221.17300946914088,140.2493254208677,6.3697793039518e-05,0.00027054479076070817,0.0,0.0,1.0,1.0,11.954141928631964,1.99314882743,13.22408734025171,2.209516674568652,11.954141928631964,1.99314882743,0.0,0.0
22.44166666672631,0.3529277521884689,0.010057752249648265,0.0,221.17110087538742,140.24313000341567,6.354239287646837e-05,0.0002697259030790284,0.0,0.0,1.0,1.0,11.954141928631964,1.9917651768118478,13.22408734025169,2.2079828206388994,11.954141928631964,1.9917651768118478,0.0,0.0
22.45000000006013,0.3529229923400808,0.010037467071624067,0.0,221.16919693603217,140.23695444856736,6.338749779811548e-05,0.0002689103102165104,0.0,0.0,1.0,1.0,11.954141928631962,1.9903824867285433,13.22408734025172,2.206450031515717,11.954141928631962,1.9903824867285433,0.0,0.0
22.458333333393945,0.35291824408988415,0.010017243035459712,0.0,221.1672976359535,140.23079867284883,6.323310575408479e-05,0.0002680979956475357,0.0,0.0,1.0,1.0,11.95414192863196,1.9890007565132912,13.224087340251723,2.2049183064599127,11.95414192863196,1.9890007565132912,0.0,0.0
22.466666666727765,0.35291350740022814,0.009997079896228816,0.0,221.16540296009111,140.2246625932191,6.307921470397374e-05,0.00026728894294570217,0.0,0.0,1.0,1.0,11.954141928631962,1.9876199854997476,13.224087340251714,2.2033876447328105,11.954141928631962,1.9876199854997476,0.0,0.0
22.475000000061584,0.35290878223361477,0.009976977410227924,0.0,221.16351289344578,140.21854612706727,6.292582261730851e-05,0.0002664831357831292,0.0,0.0,1.0,1.0,11.95414192863196,1.986240173022036,13.224087340251705,2.2018580455962447,11.95414192863196,1.986240173022036,0.0,0.0
22.4833333333954,0.3529040685526978,0.009956935334969224,0.0,221.16162742107898,140.21244919221024,6.277292747347676e-05,0.0002656805579297701,0.0,0.0,1.0,1.0,11.954141928631964,1.9848613184147383,13.224087340251689,2.200329508312568,11.954141928631964,1.9848613184147383,0.0,0.0
22.49166666672922,0.3528993663202823,0.009936953429173324,0.0,221.15974652811278,140.2063717068897,6.262052726168667e-05,0.0002648811932527321,0.0,0.0,1.0,1.0,11.954141928631962,1.9834834210128824,13.224087340251666,2.198802032144627,11.954141928631962,1.9834834210128824,0.0,0.0
22.50000000006304,0.3528946754993238,0.009917031452761958,0.0,221.15787019972936,140.20031358976982,6.246861998089736e-05,0.00026408502571559524,0.0,0.0,1.0,1.0,11.954141928631966,1.982106480151984,13.224087340251655,2.1972756163557894,11.954141928631966,1.982106480151984,0.0,0.0
22.508333333396855,0.35288999605292715,0.009897169166850883,0.0,221.15599842117072,140.19427475993442,6.231720363976046e-05,0.0002632920393777432,0.0,0.0,1.0,1.0,11.954141928631966,1.980730495168013,13.224087340251668,2.1957502602099503,11.954141928631966,1.980730495168013,0.0,0.0
22.516666666730675,0.3528853279443468,0.009877366333742798,0.0,221.15413117773858,140.18825513688464,6.216627625658773e-05,0.0002625022183936983,0.0,0.0,1.0,1.0,11.95414192863197,1.9793554653973988,13.224087340251696,2.1942259629714886,11.95414192863197,1.9793554653973988,0.0,0.0
22.525000000064495,0.35288067113698496,0.009857622716920209,0.0,221.15226845479384,140.18225464053612,6.201583585926983e-05,0.0002617155470124576,0.0,0.0,1.0,1.0,11.95414192863197,1.9779813901770251,13.224087340251675,2.1927027239053185,11.95414192863197,1.9779813901770251,0.0,0.0
22.53333333339831,0.3528760255943917,0.009837938081038498,0.0,221.15041023775655,140.17627319121672,6.186588048524524e-05,0.00026093200957684026,0.0,0.0,1.0,1.0,11.954141928631966,1.9766082688442195,13.224087340251659,2.191180542276841,11.954141928631966,1.9766082688442195,0.0,0.0
22.54166666673213,0.3528713912802638,0.00981831219191892,0.0,221.1485565121054,140.17031070966382,6.171640818142576e-05,0.0002601515905228351,0.0,0.0,1.0,1.0,11.954141928631964,1.975236100736816,13.224087340251652,2.1896594173519865,11.954141928631964,1.975236100736816,0.0,0.0
22.55000000006595,0.35286676815844414,0.009798744816541655,0.0,221.14670726337752,140.1643671170219,6.156741700416038e-05,0.0002593742743789545,0.0,0.0,1.0,1.0,11.954141928631968,1.9738648851930845,13.224087340251662,2.1881393483971863,11.954141928631968,1.9738648851930845,0.0,0.0
22.558333333399766,0.3528621561929211,0.009779235723039036,0.0,221.1448624771683,140.15844233483992,6.141890501917119e-05,0.00025860004576559736,0.0,0.0,1.0,1.0,11.954141928631966,1.972494621551746,13.224087340251687,2.1866203346793815,11.954141928631966,1.972494621551746,0.0,0.0
22.566666666733585,0.3528575553478278,0.009759784680688626,0.0,221.143022139131,140.15253628506917,6.127087030151147e-05,0.00025782888939441,0.0,0.0,1.0,1.0,11.954141928631977,1.97112530915198,13.22408734025168,2.18510237546603,11.954141928631977,1.97112530915198,0.0,0.0
22.575000000067405,0.3528529655874414,0.009740391459906541,0.0,221.1411862349764,140.14664889006042,6.112331093549726e-05,0.0002570607900676594,0.0,0.0,1.0,1.0,11.954141928631978,1.9697569473334304,13.224087340251687,2.183585470025082,11.954141928631978,1.9697569473334304,0.0,0.0
22.58333333340122,0.35284838687618214,0.00972105583224065,0.0,221.1393547504727,140.14078007256177,6.0976225014667964e-05,0.00025629573267760535,0.0,0.0,1.0,1.0,11.954141928631975,1.9683895354362115,13.224087340251703,2.1820696176250074,11.954141928631975,1.9683895354362115,0.0,0.0
22.59166666673504,0.35284381917861307,0.009701777570363947,0.0,221.13752767144507,140.13492975571617,6.0829610641726315e-05,0.00025553370220588183,0.0,0.0,1.0,1.0,11.954141928631964,1.9670230728008813,13.224087340251703,2.1805548175347806,11.954141928631964,1.9670230728008813,0.0,0.0
22.60000000006886,0.35283926245943925,0.009682556448067897,0.0,221.13570498377555,140.129097863059,6.068346592850018e-05,0.0002547746837228812,0.0,0.0,1.0,1.0,11.954141928631959,1.9656575587684662,13.224087340251737,2.1790410690238917,11.954141928631959,1.9656575587684662,0.0,0.0
22.608333333402676,0.3528347166835069,0.009663392240255832,0.0,221.13388667340263,140.12328431851563,6.0537788995878546e-05,0.00025401866238714254,0.0,0.0,1.0,1.0,11.954141928631959,1.9642929926804182,13.224087340251755,2.1775283713623237,11.954141928631959,1.9642929926804182,0.0,0.0
22.616666666736496,0.35283018181580306,0.009644284722936457,0.0,221.13207272632107,140.1174890463992,6.03925779737657e-05,0.00025326562344474735,0.0,0.0,1.0,1.0,11.95414192863195,1.962929373878691,13.22408734025175,2.176016723820573,11.95414192863195,1.962929373878691,0.0,0.0
22.625000000070315,0.3528256578214543,0.009625233673217291,0.0,221.1302631285816,140.1117119714081,6.0247831001027404e-05,0.0002525155522287172,0.0,0.0,1.0,1.0,11.954141928631946,1.961566701705673,13.224087340251753,2.1745061256696463,11.954141928631946,1.961566701705673,0.0,0.0
22.63333333340413,0.3528211446657269,0.009606238869298279,0.0,221.12845786629063,140.1059530186238,6.010354622544907e-05,0.0002517684341584188,0.0,0.0,1.0,1.0,11.954141928631941,1.9602049755042201,13.22408734025178,2.1729965761810512,11.954141928631941,1.9602049755042201,0.0,0.0
22.64166666673795,0.3528166423140253,0.009587300090465352,0.0,221.12665692560998,140.10021211350846,5.995972180367797e-05,0.00025102425473897154,0.0,0.0,1.0,1.0,11.95414192863194,1.9588441946176147,13.224087340251772,2.171488074626802,11.95414192863194,1.9588441946176147,0.0,0.0
22.65000000007177,0.3528121507318921,0.00956841711708402,0.0,221.1248602927567,140.0944891819026,5.9816355901173574e-05,0.000250282999560659,0.0,0.0,1.0,1.0,11.95414192863194,1.9574843583896304,13.224087340251733,2.1699806202794267,11.95414192863194,1.9574843583896304,0.0,0.0
22.658333333405587,0.3528076698850071,0.00954958973059312,0.0,221.1230679540027,140.08878415002283,5.967344669216634e-05,0.00024954465429834845,0.0,0.0,1.0,1.0,11.954141928631937,1.956125466164486,13.224087340251739,2.1684742124119443,11.954141928631937,1.956125466164486,0.0,0.0
22.666666666739406,0.3528031997391867,0.00953081771349852,0.0,221.12127989567455,140.0830969444597,5.9530992359600426e-05,0.00024880920471091316,0.0,0.0,1.0,1.0,11.954141928631943,1.9547675172868482,13.224087340251739,2.1669688502978834,11.954141928631943,1.9547675172868482,0.0,0.0
22.675000000073226,0.3527987402603834,0.009512100849366864,0.0,221.1194961041532,140.07742749217525,5.93889910950928e-05,0.0002480766366406576,0.0,0.0,1.0,1.0,11.954141928631941,1.9534105111018276,13.22408734025172,2.165464533211283,11.954141928631941,1.9534105111018276,0.0,0.0
22.68333333340704,0.3527942914146847,0.00949343892281936,0.0,221.11771656587374,140.07177572050097,5.924744109887468e-05,0.00024734693601274763,0.0,0.0,1.0,1.0,11.95414192863195,1.9520544469550165,13.2240873402517,2.163961260426679,11.95414192863195,1.9520544469550165,0.0,0.0
22.69166666674086,0.35278985316831296,0.009474831719525699,0.0,221.11594126732504,140.0661415571354,5.910634057975179e-05,0.0002466200888346493,0.0,0.0,1.0,1.0,11.954141928631946,1.9506993241924564,13.224087340251717,2.162459031219113,11.954141928631946,1.9506993241924564,0.0,0.0
22.70000000007468,0.35278542548762454,0.009456279026197884,0.0,221.11417019504967,140.06052493014218,5.896568775505861e-05,0.0002458960811955657,0.0,0.0,1.0,1.0,11.954141928631952,1.9493451421606371,13.22408734025174,2.1609578448641336,11.954141928631952,1.9493451421606371,0.0,0.0
22.708333333408497,0.3527810083391092,0.009437780630584211,0.0,221.11240333564353,140.05492576794748,5.882548085060226e-05,0.00024517489926588335,0.0,0.0,1.0,1.0,11.954141928631955,1.947991900206474,13.224087340251753,2.1594577006377818,11.954141928631955,1.947991900206474,0.0,0.0
22.716666666742316,0.3527766016893893,0.009419336321463157,0.0,221.11064067575558,140.0493439993382,5.8685718100618877e-05,0.00024445652929661705,0.0,0.0,1.0,1.0,11.954141928631952,1.946639597677387,13.224087340251778,2.157958597816618,11.954141928631952,1.946639597677387,0.0,0.0
22.725000000076136,0.3527722055052195,0.009400945888637493,0.0,221.10888220208764,140.04377955345961,5.8546397747735455e-05,0.00024374095761886736,0.0,0.0,1.0,1.0,11.954141928631946,1.9452882339212196,13.224087340251742,2.1564605356776894,11.954141928631946,1.9452882339212196,0.0,0.0
22.733333333409952,0.35276781975348587,0.009382609122928256,0.0,221.1071279013942,140.03823235981324,5.840751804291255e-05,0.00024302817064327306,0.0,0.0,1.0,1.0,11.954141928631945,1.9439378082862722,13.224087340251716,2.154963513498548,11.954141928631945,1.9439378082862722,0.0,0.0
22.74166666674377,0.35276344440120533,0.009364325816168929,0.0,221.10537776048199,140.03270234825473,5.826907724540298e-05,0.00024231815485947685,0.0,0.0,1.0,1.0,11.954141928631952,1.9425883201212852,13.224087340251742,2.1534675305572604,11.954141928631952,1.9425883201212852,0.0,0.0
22.75000000007759,0.3527590794155251,0.009346095761199498,0.0,221.1036317662099,140.0271894489919,5.8131073622700977e-05,0.00024161089683558725,0.0,0.0,1.0,1.0,11.954141928631953,1.9412397687754808,13.22408734025173,2.151972586132374,11.954141928631953,1.9412397687754808,0.0,0.0
22.758333333411407,0.352754724763722,0.00932791875186069,0.0,221.10188990548866,140.0216935925823,5.799350545050922e-05,0.00024090638321765015,0.0,0.0,1.0,1.0,11.954141928631946,1.9398921535985139,13.224087340251758,2.150478679502949,11.954141928631946,1.9398921535985139,0.0,0.0
22.766666666745227,0.35275038041320195,0.009309794582988121,0.0,221.10015216528063,140.0162147099315,5.785637101268043e-05,0.00024020460072912095,0.0,0.0,1.0,1.0,11.954141928631943,1.9385454739404822,13.224087340251772,2.148985809948547,11.954141928631943,1.9385454739404822,0.0,0.0
22.775000000079046,0.35274604633149903,0.009291723050406576,0.0,221.09841853259948,140.01075273229068,5.771966860117159e-05,0.00023950553617034217,0.0,0.0,1.0,1.0,11.95414192863195,1.9371997291519512,13.224087340251781,2.1474939767492254,11.95414192863195,1.9371997291519512,0.0,0.0
22.783333333412862,0.35274172248627544,0.009273703950924353,0.0,221.09668899451003,140.0053075912549,5.7583396516014895e-05,0.00023880917641802758,0.0,0.0,1.0,1.0,11.954141928631948,1.9358549185839369,13.224087340251792,2.146003179185547,11.954141928631948,1.9358549185839369,0.0,0.0
22.791666666746682,0.35273740884532034,0.009255737082327506,0.0,221.09496353812798,139.9998792187608,5.744755306525731e-05,0.0002381155084247449,0.0,0.0,1.0,1.0,11.954141928631941,1.9345110415879045,13.224087340251781,2.144513416538565,11.954141928631941,1.9345110415879045,0.0,0.0
22.8000000000805,0.35273310537654934,0.009237822243374256,0.0,221.0932421506196,139.99446754708472,5.731213656491794e-05,0.00023742451921840638,0.0,0.0,1.0,1.0,11.954141928631955,1.9331680975157404,13.224087340251783,2.143024688089837,11.954141928631955,1.9331680975157404,0.0,0.0
22.808333333414318,0.35272881204800455,0.009219959233789389,0.0,221.09152481920168,139.9890725088406,5.717714533895945e-05,0.00023673619590176262,0.0,0.0,1.0,1.0,11.954141928631964,1.9318260857198286,13.224087340251753,2.1415369931214205,11.954141928631964,1.9318260857198286,0.0,0.0
22.816666666748137,0.3527245288278531,0.009202147854258718,0.0,221.0898115311411,139.983694036978,5.704257771922734e-05,0.0002360505256519001,0.0,0.0,1.0,1.0,11.95414192863196,1.9304850055529854,13.224087340251756,2.1400503309158725,11.95414192863196,1.9304850055529854,0.0,0.0
22.825000000081957,0.35272025568438703,0.009184387906423537,0.0,221.08810227375469,139.97833206478015,5.6908432045415684e-05,0.0002353674957197422,0.0,0.0,1.0,1.0,11.954141928631968,1.9291448563684441,13.224087340251769,2.1385647007562394,11.954141928631968,1.9291448563684441,0.0,0.0
22.833333333415773,0.3527159925860227,0.009166679192875124,0.0,221.08639703440895,139.97298652586198,5.677470666501799e-05,0.00023468709342955318,0.0,0.0,1.0,1.0,11.954141928631945,1.9278056375199335,13.224087340251762,2.137080101926079,11.954141928631945,1.9278056375199335,0.0,0.0
22.841666666749592,0.3527117395013,0.009149021517149362,0.0,221.08469580051985,139.96765735416815,5.664139993329075e-05,0.0002340093061784498,0.0,0.0,1.0,1.0,11.954141928631936,1.926467348361618,13.22408734025174,2.135596533709435,11.954141928631936,1.926467348361618,0.0,0.0
22.850000000083412,0.3527074963988819,0.009131414683721244,0.0,221.0829985595526,139.96234448397098,5.650851021320727e-05,0.00023333412143591062,0.0,0.0,1.0,1.0,11.954141928631953,1.9251299882480852,13.224087340251735,2.13411399539085,11.954141928631953,1.9251299882480852,0.0,0.0
22.858333333417228,0.3527032632475539,0.009113858497999566,0.0,221.08130529902144,139.95704784986876,5.637603587541531e-05,0.00023266152674329495,0.0,0.0,1.0,1.0,11.954141928631957,1.9237935565343949,13.224087340251751,2.132632486255364,11.954141928631957,1.9237935565343949,0.0,0.0
22.866666666751048,0.3526990400162233,0.009096352766321546,0.0,221.0796160064892,139.95176738678362,5.624397529819752e-05,0.0002319915097133612,0.0,0.0,1.0,1.0,11.954141928631945,1.9224580525760604,13.224087340251769,2.1311520055885276,11.954141928631945,1.9224580525760604,0.0,0.0
22.875000000084867,0.35269482667391905,0.00907889729594754,0.0,221.07793066956748,139.94650302995973,5.611232686742754e-05,0.00023132405802979108,0.0,0.0,1.0,1.0,11.954141928631937,1.9211234757290214,13.224087340251744,2.129672552676359,11.954141928631937,1.9211234757290214,0.0,0.0
22.883333333418683,0.35269062318979044,0.009061491895055762,0.0,221.07624927591604,139.9412547149614,5.598108897652993e-05,0.0002306591594467171,0.0,0.0,1.0,1.0,11.954141928631934,1.91978982534966,13.224087340251756,2.128194126805396,11.954141928631934,1.91978982534966,0.0,0.0
22.891666666752503,0.3526864295331073,0.009044136372737077,0.0,221.07457181324278,139.93602237767107,5.585026002643921e-05,0.0002299968017882532,0.0,0.0,1.0,1.0,11.954141928631941,1.9184571007948437,13.22408734025175,2.1267167272626586,11.954141928631941,1.9184571007948437,0.0,0.0
22.900000000086322,0.352682245673259,0.009026830538989778,0.0,221.07289826930347,139.93080595428768,5.5719838425558384e-05,0.00022933697294802953,0.0,0.0,1.0,1.0,11.954141928631941,1.9171253014218612,13.224087340251769,2.1252403533356614,11.954141928631941,1.9171253014218612,0.0,0.0
22.90833333342014,0.35267807157975406,0.009009574204714434,0.0,221.07122863190148,139.92560538132463,5.558982258971393e-05,0.00022867966088873008,0.0,0.0,1.0,1.0,11.954141928631952,1.9157944265884237,13.224087340251748,2.123765004312436,11.954141928631952,1.9157944265884237,0.0,0.0
22.916666666753958,0.35267390722221925,0.008992367181708752,0.0,221.06956288888756,139.920420595608,5.546021094212244e-05,0.000228024853641634,0.0,0.0,1.0,1.0,11.954141928631953,1.9144644756527383,13.224087340251737,2.1222906794814755,11.954141928631953,1.9144644756527383,0.0,0.0
22.925000000087778,0.3526697525703998,0.008975209282662476,0.0,221.06790102815978,139.9152515342747,5.5331001913347786e-05,0.00022737253930616046,0.0,0.0,1.0,1.0,11.954141928631952,1.9131354479734324,13.224087340251732,2.120817378131789,11.954141928631952,1.9131354479734324,0.0,0.0
22.933333333421594,0.35266560759415794,0.008958100321152362,0.0,221.06624303766304,139.91009813477064,5.52021939412635e-05,0.00022672270604941793,0.0,0.0,1.0,1.0,11.954141928631946,1.9118073429095497,13.224087340251746,2.119345099552869,11.954141928631946,1.9118073429095497,0.0,0.0
22.941666666755413,0.352661472263473,0.008941040111637098,0.0,221.06458890538906,139.90496033484902,5.507378547100178e-05,0.0002260753421057552,0.0,0.0,1.0,1.0,11.954141928631945,1.9104801598206376,13.224087340251726,2.117873843034703,11.954141928631945,1.9104801598206376,0.0,0.0
22.950000000089233,0.3526573465484407,0.008924028469452356,0.0,221.06293861937613,139.89983807256843,5.4945774954936915e-05,0.00022543043577631677,0.0,0.0,1.0,1.0,11.95414192863195,1.9091538980666545,13.224087340251721,2.116403607867777,11.95414192863195,1.9091538980666545,0.0,0.0
22.95833333342305,0.35265323041927243,0.008907065210805832,0.0,221.0612921677088,139.8947312862911,5.48181608526207e-05,0.00022478797542860258,0.0,0.0,1.0,1.0,11.95414192863194,1.9078285570079854,13.224087340251739,2.11493439334307,11.95414192863194,1.9078285570079854,0.0,0.0
22.96666666675687,0.3526491238462949,0.008890150152772244,0.0,221.05964953851782,139.88963991468108,5.4690941630756746e-05,0.0002241479494960271,0.0,0.0,1.0,1.0,11.954141928631934,1.9065041360055026,13.224087340251723,2.1134661987520396,11.954141928631934,1.9065041360055026,0.0,0.0
22.975000000090688,0.3526450267999495,0.008873283113288496,0.0,221.05801071997968,139.88456389670264,5.456411576316201e-05,0.00022351034647748603,0.0,0.0,1.0,1.0,11.954141928631932,1.905180634420504,13.22408734025172,2.1119990233866424,11.954141928631932,1.905180634420504,0.0,0.0
22.983333333424504,0.35264093925079193,0.008856463911148828,0.0,221.05637570031664,139.8795031716184,5.443768173072764e-05,0.0002228751549369264,0.0,0.0,1.0,1.0,11.954141928631934,1.9038580516146957,13.224087340251712,2.1105328665393355,11.954141928631934,1.9038580516146957,0.0,0.0
22.991666666758324,0.3526368611694915,0.008839692365999942,0.0,221.05474446779644,139.87445767898762,5.4311638021378245e-05,0.00022224236350291526,0.0,0.0,1.0,1.0,11.954141928631959,1.902536386950285,13.224087340251717,2.1090677275030605,11.954141928631959,1.902536386950285,0.0,0.0
23.000000000092143,0.35263279252683055,0.008822968298336217,0.0,221.05311701073208,139.86942735866438,5.4185983130033855e-05,0.00022161196086821686,0.0,0.0,1.0,1.0,11.954141928631977,1.9012156397899012,13.224087340251698,2.107603605571241,11.954141928631977,1.9012156397899012,0.0,0.0
23.00833333342596,0.3526287332937042,0.00880629152949495,0.0,221.05149331748154,139.86441215079614,5.4060715558570365e-05,0.0002209839357893701,0.0,0.0,1.0,1.0,11.954141928631957,1.8998958094965788,13.224087340251701,2.1061405000378035,11.954141928631957,1.8998958094965788,0.0,0.0
23.01666666675978,0.35262468344111975,0.008789661881651584,0.0,221.04987337644775,139.85941199582172,5.393583381579635e-05,0.0002203582770862684,0.0,0.0,1.0,1.0,11.954141928631984,1.8985768954338558,13.224087340251689,2.1046784101971725,11.954141928631984,1.8985768954338558,0.0,0.0
23.0250000000936,0.3526206429401956,0.008773079177815033,0.0,221.0482571760781,139.85442683446982,5.3811336417387305e-05,0.00021973497364174602,0.0,0.0,1.0,1.0,11.95414192863199,1.897258896965682,13.224087340251671,2.103217335344245,11.95414192863199,1.897258896965682,0.0,0.0
23.033333333427414,0.35261661176216186,0.008756543241823019,0.0,221.0466447048646,139.84945660775733,5.368722188588151e-05,0.0002191140144011656,0.0,0.0,1.0,1.0,11.954141928631993,1.8959418134564159,13.224087340251666,2.1017572747744078,11.954141928631993,1.8959418134564159,0.0,0.0
23.041666666761234,0.3526125898783587,0.008740053898337354,0.0,221.04503595134335,139.84450125698757,5.356348875062053e-05,0.00021849538837200616,0.0,0.0,1.0,1.0,11.954141928631989,1.8946256442709224,13.224087340251698,2.100298227783539,11.954141928631989,1.8946256442709224,0.0,0.0
23.050000000095054,0.35260857726023664,0.008723610972839434,0.0,221.04343090409452,139.83956072374863,5.344013554772063e-05,0.00021787908462346094,0.0,0.0,1.0,1.0,11.954141928631978,1.8933103887744716,13.224087340251696,2.09884019366802,11.954141928631978,1.8933103887744716,0.0,0.0
23.05833333342887,0.3526045738793557,0.008707214291625555,0.0,221.04182955174213,139.83463494991196,5.331716082003657e-05,0.00021726509228603,0.0,0.0,1.0,1.0,11.954141928631978,1.8919960463327552,13.2240873402517,2.0973831717247013,11.954141928631978,1.8919960463327552,0.0,0.0
23.06666666676269,0.3526005797073846,0.008690863681802405,0.0,221.04023188295372,139.8297238776304,5.319456311711799e-05,0.0002166534005511222,0.0,0.0,1.0,1.0,11.954141928631971,1.89068261631195,13.224087340251724,2.095927161250931,11.954141928631971,1.89068261631195,0.0,0.0
23.07500000009651,0.3525965947161011,0.008674558971282519,0.0,221.0386378864403,139.8248274493368,5.307234099518968e-05,0.00021604399867065707,0.0,0.0,1.0,1.0,11.954141928631977,1.8893700980786485,13.224087340251765,2.094472161544542,11.954141928631977,1.8893700980786485,0.0,0.0
23.083333333430325,0.3525926188773906,0.008658299988779794,0.0,221.0370475509561,139.81994560774228,5.2950493017097124e-05,0.00021543687595667043,0.0,0.0,1.0,1.0,11.954141928632014,1.8880584909998714,13.224087340251792,2.09301817190386,11.954141928632014,1.8880584909998714,0.0,0.0
23.091666666764144,0.3525886521632461,0.00864208656380503,0.0,221.0354608652983,139.81507829583475,5.2829017752282776e-05,0.00021483202178092389,0.0,0.0,1.0,1.0,11.954141928632033,1.8867477944431128,13.22408734025177,2.091565191627688,11.954141928632033,1.8867477944431128,0.0,0.0
23.100000000097964,0.35258469454576785,0.008625918526661482,0.0,221.033877818307,139.81022545687725,5.270791377675321e-05,0.00021422942557451522,0.0,0.0,1.0,1.0,11.954141928632026,1.885438007776264,13.224087340251783,2.0901132200153216,11.954141928632026,1.885438007776264,0.0,0.0
23.10833333343178,0.3525807459971625,0.008609795708440424,0.0,221.03229839886487,139.8053870344063,5.2587179673030126e-05,0.00021362907682749257,0.0,0.0,1.0,1.0,11.954141928632025,1.884129130367687,13.224087340251797,2.0886622563665482,11.954141928632025,1.884129130367687,0.0,0.0
23.1166666667656,0.35257680648974277,0.008593717941016802,0.0,221.03072259589698,139.80056297223044,5.2466814030129635e-05,0.00021303096508847234,0.0,0.0,1.0,1.0,11.954141928632033,1.8828211615861856,13.224087340251774,2.0872122999816374,11.954141928632033,1.8828211615861856,0.0,0.0
23.12500000009942,0.352572875995927,0.008577685057044896,0.0,221.02915039837066,139.79575321442874,5.234681544351953e-05,0.00021243507996425957,0.0,0.0,1.0,1.0,11.954141928632037,1.8815141008009493,13.224087340251758,2.0857633501613475,11.954141928632037,1.8815141008009493,0.0,0.0
23.133333333433235,0.3525689544882387,0.008561696889953944,0.0,221.02758179529533,139.79095770534903,5.2227182515089454e-05,0.0002118414111194698,0.0,0.0,1.0,1.0,11.95414192863203,1.8802079473816808,13.22408734025175,2.084315406206902,11.95414192863203,1.8802079473816808,0.0,0.0
23.141666666767055,0.35256504193930577,0.008545753273943893,0.0,221.02601677572218,139.78617638960657,5.210791385311359e-05,0.00021124994827615546,0.0,0.0,1.0,1.0,11.954141928632026,1.8789027006984793,13.224087340251742,2.082868467420041,11.954141928632026,1.8789027006984793,0.0,0.0
23.150000000100874,0.3525611383218605,0.0085298540439811,0.0,221.02445532874404,139.78140921208234,5.198900807221676e-05,0.00021066068121343374,0.0,0.0,1.0,1.0,11.954141928632046,1.877598360121865,13.224087340251705,2.0814225331029674,11.954141928632046,1.877598360121865,0.0,0.0
23.15833333343469,0.35255724360873864,0.008513999035794084,0.0,221.0228974434953,139.7766561179218,5.1870463793342466e-05,0.00021007359976711753,0.0,0.0,1.0,1.0,11.95414192863206,1.8762949250228413,13.224087340251716,2.079977602558377,11.95414192863206,1.8762949250228413,0.0,0.0
23.16666666676851,0.35255335777287927,0.008498188085869364,0.0,221.02134310915156,139.77191705253298,5.175227964371938e-05,0.0002094886938293505,0.0,0.0,1.0,1.0,11.95414192863204,1.874992394772799,13.224087340251709,2.0785336750894423,11.95414192863204,1.874992394772799,0.0,0.0
23.17500000010233,0.3525494807873242,0.008482421031447224,0.0,221.01979231492953,139.76719196158547,5.163445425682612e-05,0.0002089059533482431,0.0,0.0,1.0,1.0,11.954141928632032,1.8736907687436022,13.224087340251744,2.077090749999826,11.954141928632032,1.8736907687436022,0.0,0.0
23.183333333436146,0.35254561262521733,0.008466697710517534,0.0,221.0182450500868,139.76248079100844,5.151698627235629e-05,0.00020832536832750989,0.0,0.0,1.0,1.0,11.954141928632037,1.8723900463075507,13.224087340251742,2.075648826593676,11.954141928632037,1.8723900463075507,0.0,0.0
23.191666666769965,0.3525417532598045,0.008451017961815676,0.0,221.01670130392168,139.75778348698958,5.139987433619377e-05,0.00020774692882611425,0.0,0.0,1.0,1.0,11.954141928632037,1.871090226837329,13.224087340251733,2.0742079041756156,11.954141928632037,1.871090226837329,0.0,0.0
23.200000000103785,0.3525379026644329,0.008435381624818425,0.0,221.01516106577304,139.75309999597334,5.12831171003678e-05,0.00020717062495791242,0.0,0.0,1.0,1.0,11.954141928632039,1.8697913097061336,13.224087340251756,2.0727679820507663,11.954141928632039,1.8697913097061336,0.0,0.0
23.2083333334376,0.35253406081255056,0.008419788539739822,0.0,221.0136243250201,139.74843026465967,5.116671322303604e-05,0.00020659644689129879,0.0,0.0,1.0,1.0,11.954141928632014,1.8684932942875434,13.224087340251732,2.071329059524706,11.954141928632014,1.8684932942875434,0.0,0.0
23.21666666677142,0.35253022767770587,0.008404238547527162,0.0,221.0120910710822,139.74377424000238,5.105066136843329e-05,0.00020602438484885723,0.0,0.0,1.0,1.0,11.954141928632012,1.8671961799555739,13.224087340251737,2.069891135903521,11.954141928632012,1.8671961799555739,0.0,0.0
23.22500000010524,0.3525264032335471,0.008388731489856971,0.0,221.0105612934187,139.7391318692079,5.0934960206855613e-05,0.0002054544291070132,0.0,0.0,1.0,1.0,11.95414192863202,1.8658999660847193,13.22408734025175,2.068454210493766,11.95414192863202,1.8658999660847193,0.0,0.0
23.233333333439056,0.35252258745382214,0.00837326720913097,0.0,221.0090349815287,139.7345030997338,5.081960841461593e-05,0.00020488656999568814,0.0,0.0,1.0,1.0,11.954141928632044,1.864604652049843,13.224087340251764,2.06701828260248,11.954141928632044,1.864604652049843,0.0,0.0
23.241666666772876,0.352518780312378,0.008357845548472102,0.0,221.00751212495106,139.72988787928713,5.0704604674024286e-05,0.0002043207978979563,0.0,0.0,1.0,1.0,11.954141928632055,1.8633102372263017,13.224087340251764,2.06558335153718,11.954141928632055,1.8633102372263017,0.0,0.0
23.250000000106695,0.3525149817831601,0.008342466351720632,0.0,221.00599271326388,139.72528615582345,5.058994767334618e-05,0.00020375710324970647,0.0,0.0,1.0,1.0,11.95414192863207,1.8620167209898464,13.224087340251762,2.064149416605865,11.95414192863207,1.8620167209898464,0.0,0.0
23.25833333344051,0.3525111918402122,0.008327129463430139,0.0,221.0044767360847,139.72069787754506,5.047563610677967e-05,0.00020319547653930203,0.0,0.0,1.0,1.0,11.954141928632069,1.860724102716667,13.224087340251792,2.0627164771170157,11.954141928632069,1.860724102716667,0.0,0.0
23.26666666677433,0.3525074104576756,0.008311834728863678,0.0,221.0029641830701,139.71612299289978,5.036166867441315e-05,0.0002026359083072471,0.0,0.0,1.0,1.0,11.954141928632072,1.8594323817834233,13.22408734025183,2.0612845323795863,11.954141928632072,1.8594323817834233,0.0,0.0
23.27500000010815,0.352503637609789,0.008296581993989883,0.0,221.00145504391546,139.7115614505795,5.0248044082201e-05,0.00020207838914585376,0.0,0.0,1.0,1.0,11.954141928632085,1.8581415575671434,13.224087340251849,2.059853581703031,11.954141928632085,1.8581415575671434,0.0,0.0
23.283333333441966,0.35249987327088783,0.008281371105479118,0.0,220.99994930835499,139.7070131995188,5.013476104193919e-05,0.00020152290969891145,0.0,0.0,1.0,1.0,11.95414192863209,1.8568516294453539,13.22408734025185,2.058423624397261,11.95414192863209,1.8568516294453539,0.0,0.0
23.291666666775786,0.3524961174154041,0.008266201910699648,0.0,220.9984469661615,139.70247818889374,5.0021818271221886e-05,0.0002009694606613595,0.0,0.0,1.0,1.0,11.954141928632096,1.8555625967959684,13.224087340251836,2.0569946597726823,11.954141928632096,1.8555625967959684,0.0,0.0
23.300000000109605,0.35249237001786554,0.008251074257713814,0.0,220.99694800714607,139.6979563681202,4.990921449341731e-05,0.00020041803277895967,0.0,0.0,1.0,1.0,11.95414192863213,1.8542744589973406,13.224087340251854,2.05556668714016,11.95414192863213,1.8542744589973406,0.0,0.0
23.30833333344342,0.3524886310528957,0.008235987995274318,0.0,220.99545242115812,139.6934476868529,4.979694843764211e-05,0.00019986861684797634,0.0,0.0,1.0,1.0,11.954141928632104,1.8529872154282858,13.224087340251861,2.054139705811058,11.954141928632104,1.8529872154282858,0.0,0.0
23.31666666677724,0.35248490049521286,0.008220942972820378,0.0,220.993960198085,139.68895209498376,4.968501883871829e-05,0.00019932120371485228,0.0,0.0,1.0,1.0,11.954141928632113,1.8517008654679898,13.224087340251868,2.0527137150972137,11.954141928632113,1.8517008654679898,0.0,0.0
23.32500000011106,0.3524811783196304,0.00820593904047408,0.0,220.99247132785203,139.68446954264073,4.957342443715939e-05,0.00019877578427589246,0.0,0.0,1.0,1.0,11.954141928632124,1.850415408496143,13.22408734025184,2.051288714310933,11.954141928632124,1.850415408496143,0.0,0.0
23.333333333444877,0.35247746450105555,0.0081909760490366,0.0,220.99098580042207,139.67999998018638,4.9462163979122756e-05,0.00019823234947694617,0.0,0.0,1.0,1.0,11.954141928632124,1.849130843892813,13.224087340251831,2.049864702765008,11.954141928632124,1.849130843892813,0.0,0.0
23.341666666778696,0.3524737590144897,0.008176053849984584,0.0,220.98950360579573,139.67554335821666,4.9351236216400846e-05,0.00019769089031309458,0.0,0.0,1.0,1.0,11.954141928632135,1.8478471710385125,13.224087340251808,2.0484416797727003,11.954141928632135,1.8478471710385125,0.0,0.0
23.350000000112516,0.3524700618350273,0.008161172295466439,0.0,220.9880247340108,139.6710996275596,4.924063990636876e-05,0.00019715139782833832,0.0,0.0,1.0,1.0,11.954141928632172,1.8465643893142094,13.22408734025178,2.0470196446477464,11.954141928632172,1.8465643893142094,0.0,0.0
23.358333333446332,0.35246637293785604,0.008146331238298742,0.0,220.98654917514227,139.66666873927397,4.9130373811974165e-05,0.00019661386311528844,0.0,0.0,1.0,1.0,11.954141928632177,1.8452824981012397,13.224087340251751,2.0455985967043873,11.954141928632177,1.8452824981012397,0.0,0.0
23.36666666678015,0.3524626922982562,0.008131530531962545,0.0,220.98507691930234,139.66225064464794,4.9020436701703175e-05,0.00019607827731485768,0.0,0.0,1.0,1.0,11.954141928632174,1.8440014967814427,13.224087340251756,2.044178535257305,11.954141928632174,1.8440014967814427,0.0,0.0
23.37500000011397,0.3524590198916,0.008116770030599867,0.0,220.98360795663987,139.65784529519792,4.891082734953994e-05,0.00019554463161595783,0.0,0.0,1.0,1.0,11.954141928632176,1.8427213847370238,13.224087340251762,2.0427594596216596,11.954141928632176,1.8427213847370238,0.0,0.0
23.383333333447787,0.3524553556933517,0.008102049589010105,0.0,220.98214227734053,139.65345264266728,4.880154453495839e-05,0.00019501291725519616,0.0,0.0,1.0,1.0,11.9541419286322,1.8414421613506682,13.224087340251728,2.0413413691131135,11.9541419286322,1.8414421613506682,0.0,0.0
23.391666666781607,0.35245169967906664,0.008087369062646435,0.0,220.98067987162653,139.64907263902492,4.869258704287695e-05,0.00019448312551657377,0.0,0.0,1.0,1.0,11.95414192863224,1.8401638260054558,13.224087340251746,2.0399242630477836,11.95414192863224,1.8401638260054558,0.0,0.0
23.400000000115426,0.3524480518243913,0.008072728307612378,0.0,220.97922072975638,139.6447052364643,4.85839536636358e-05,0.0001939552477311891,0.0,0.0,1.0,1.0,11.954141928632232,1.8388863780849034,13.224087340251756,2.038508140742266,11.954141928632232,1.8388863780849034,0.0,0.0
23.408333333449242,0.35244441210506233,0.008058127180658205,0.0,220.97776484202478,139.6403503874019,4.847564319296327e-05,0.00019342927527693957,0.0,0.0,1.0,1.0,11.954141928632238,1.8376098169729747,13.224087340251785,2.0370930015136244,11.954141928632238,1.8376098169729747,0.0,0.0
23.416666666783062,0.35244078049690686,0.008043565539177492,0.0,220.97631219876263,139.63600804447617,4.83676544319649e-05,0.00019290519957822818,0.0,0.0,1.0,1.0,11.954141928632245,1.8363341420540096,13.224087340251797,2.0356788446794076,11.954141928632245,1.8363341420540096,0.0,0.0
23.42500000011688,0.3524371569758417,0.008029043241203697,0.0,220.97486279033654,139.63167816054627,4.825998618707681e-05,0.0001923830121056727,0.0,0.0,1.0,1.0,11.954141928632247,1.8350593527128554,13.22408734025181,2.0342656695576444,11.954141928632247,1.8350593527128554,0.0,0.0
23.433333333450697,0.3524335415178727,0.008014560145406665,0.0,220.97341660714895,139.62736068869071,4.815263727004096e-05,0.00019186270437581375,0.0,0.0,1.0,1.0,11.954141928632257,1.8337854483346994,13.224087340251778,2.0328534754668204,11.954141928632257,1.8337854483346994,0.0,0.0
23.441666666784517,0.352429934099095,0.008000116111089256,0.0,220.97197363963787,139.62305558220646,4.804560649789419e-05,0.0001913442679508286,0.0,0.0,1.0,1.0,11.954141928632257,1.832512428305227,13.224087340251781,2.0314422617258887,11.954141928632257,1.832512428305227,0.0,0.0
23.450000000118337,0.3524263346956919,0.007985710998183933,0.0,220.97053387827663,139.6187627946073,4.7938892692913135e-05,0.0001908276944382445,0.0,0.0,1.0,1.0,11.954141928632255,1.8312402920104969,13.224087340251753,2.030032027654303,11.954141928632255,1.8312402920104969,0.0,0.0
23.458333333452153,0.352422743283935,0.007971344667249386,0.0,220.96909731357388,139.61448227962302,4.783249468261183e-05,0.0001903129754906548,0.0,0.0,1.0,1.0,11.954141928632241,1.8299690388370329,13.22408734025174,2.028622772571962,11.954141928632241,1.8299690388370329,0.0,0.0
23.466666666785972,0.35241915984018385,0.007957016979467175,0.0,220.9676639360734,139.61021399119792,4.7726411299704856e-05,0.0001898001028054372,0.0,0.0,1.0,1.0,11.954141928632243,1.8286986681717763,13.224087340251732,2.027214495799257,11.954141928632243,1.8286986681717763,0.0,0.0
23.475000000119792,0.3524155843408851,0.0079427277966384,0.0,220.9662337363539,139.6059578834899,4.7620641382080396e-05,0.00018928906812447404,0.0,0.0,1.0,1.0,11.954141928632236,1.8274291794020598,13.224087340251693,2.0258071966570363,11.954141928632236,1.8274291794020598,0.0,0.0
23.483333333453608,0.3524120167625724,0.007928476981180432,0.0,220.96480670502882,139.60171391086908,4.751518377276939e-05,0.00018877986323387585,0.0,0.0,1.0,1.0,11.954141928632238,1.8261605719157115,13.224087340251703,2.02440087446663,11.954141928632238,1.8261605719157115,0.0,0.0
23.491666666787427,0.3524084570818659,0.007914264396123569,0.0,220.96338283274622,139.59748202791673,4.741003731992552e-05,0.00018827247996370394,0.0,0.0,1.0,1.0,11.954141928632225,1.8248928451008894,13.224087340251709,2.0229955285498336,11.954141928632225,1.8248928451008894,0.0,0.0
23.500000000121247,0.35240490527547214,0.007900089905107766,0.0,220.9619621101887,139.59326218942405,4.73052008767968e-05,0.00018776691018769623,0.0,0.0,1.0,1.0,11.954141928632225,1.8236259983462764,13.224087340251714,2.021591158228912,11.954141928632225,1.8236259983462764,0.0,0.0
23.508333333455063,0.35240136132018324,0.007885953372379444,0.0,220.96054452807317,139.58905435039108,4.720067330169761e-05,0.0001872631458229974,0.0,0.0,1.0,1.0,11.954141928632225,1.8223600310408925,13.224087340251703,2.020187762826609,11.954141928632225,1.8223600310408925,0.0,0.0
23.516666666788883,0.35239782519287705,0.007871854662788202,0.0,220.95913007715066,139.5848584660255,4.7096453457987106e-05,0.0001867611788298876,0.0,0.0,1.0,1.0,11.954141928632247,1.821094942574256,13.224087340251687,2.01878534166613,11.954141928632247,1.821094942574256,0.0,0.0
23.525000000122702,0.35239429687051615,0.007857793641783621,0.0,220.95771874820633,139.58067449174152,4.699254021403732e-05,0.0001862610012115139,0.0,0.0,1.0,1.0,11.954141928632255,1.8198307323362473,13.224087340251666,2.0173838940711444,11.954141928632255,1.8198307323362473,0.0,0.0
23.53333333345652,0.3523907763301482,0.007843770175412103,0.0,220.95631053205912,139.57650238315873,4.6888932443212556e-05,0.0001857626050136258,0.0,0.0,1.0,1.0,11.954141928632243,1.818567399717214,13.224087340251652,2.0159834193658135,11.954141928632243,1.818567399717214,0.0,0.0
23.541666666790338,0.3523872635489047,0.007829784130313662,0.0,220.95490541956173,139.57234209610104,4.678562902383929e-05,0.00018526598232430946,0.0,0.0,1.0,1.0,11.954141928632255,1.8173049441079034,13.224087340251659,2.014583916874745,11.954141928632255,1.8173049441079034,0.0,0.0
23.550000000124157,0.3523837585040016,0.00781583537371881,0.0,220.9535034016005,139.5681935865954,4.66826288391883e-05,0.00018477112527372647,0.0,0.0,1.0,1.0,11.954141928632238,1.8160433648994805,13.224087340251627,2.0131853859230344,11.954141928632238,1.8160433648994805,0.0,0.0
23.558333333457973,0.3523802611727381,0.007801923773445414,0.0,220.95210446909508,139.56405681087094,4.6579930777436465e-05,0.00018427802603385282,0.0,0.0,1.0,1.0,11.954141928632252,1.8147826614835756,13.224087340251664,2.011787825836223,11.954141928632252,1.8147826614835756,0.0,0.0
23.566666666791793,0.35237677153249647,0.007788049197895557,0.0,220.95070861299845,139.55993172535756,4.6477533731650045e-05,0.00018378667681821976,0.0,0.0,1.0,1.0,11.954141928632227,1.8135228332521731,13.224087340251621,2.010391235940338,11.954141928632227,1.8135228332521731,0.0,0.0
23.575000000125613,0.35237328956074215,0.007774211516052477,0.0,220.94931582429672,139.5558182866851,4.637543659976206e-05,0.0001832970698816574,0.0,0.0,1.0,1.0,11.95414192863222,1.812263879597755,13.224087340251627,2.0089956155618722,11.95414192863222,1.812263879597755,0.0,0.0
23.58333333345943,0.352369815235023,0.007760410597477521,0.0,220.94792609400906,139.55171645168218,4.627363828454355e-05,0.0001828091975200408,0.0,0.0,1.0,1.0,11.954141928632206,1.8110057999131461,13.224087340251614,2.007600964027784,11.954141928632206,1.8110057999131461,0.0,0.0
23.591666666793248,0.3523663485329686,0.00774664631230702,0.0,220.9465394131873,139.54762617737498,4.617213769357214e-05,0.0001823230520700346,0.0,0.0,1.0,1.0,11.95414192863221,1.809748593591681,13.224087340251584,2.006207280665495,11.95414192863221,1.809748593591681,0.0,0.0
23.600000000127068,0.352362889432291,0.007732918531249325,0.0,220.94515577291625,139.54354742098633,4.607093373922877e-05,0.00018183862590884347,0.0,0.0,1.0,1.0,11.954141928632213,1.8084922600270195,13.224087340251572,2.0048145648028903,11.954141928632213,1.8084922600270195,0.0,0.0
23.608333333460884,0.3523594379107829,0.007719227125581706,0.0,220.94377516431302,139.53948013993462,4.597002533864286e-05,0.0001813559114539601,0.0,0.0,1.0,1.0,11.954141928632184,1.807236798613338,13.224087340251565,2.0034228157683445,11.954141928632184,1.807236798613338,0.0,0.0
23.616666666794703,0.35235599394631845,0.007705571967147453,0.0,220.94239757852725,139.53542429183258,4.58694114136916e-05,0.00018087490116292,0.0,0.0,1.0,1.0,11.954141928632191,1.8059822087451407,13.22408734025157,2.002032032890677,11.954141928632191,1.8059822087451407,0.0,0.0
23.625000000128523,0.35235255751685257,0.007691952928352841,0.0,220.94102300674086,139.53137983448647,4.576909089097298e-05,0.00018039558753305397,0.0,0.0,1.0,1.0,11.9541419286322,1.804728489817442,13.22408734025156,2.0006422154991683,11.9541419286322,1.804728489817442,0.0,0.0
23.63333333346234,0.3523491286004201,0.007678369882164166,0.0,220.93965144016792,139.52734672589483,4.5669062701766996e-05,0.00017991796310124327,0.0,0.0,1.0,1.0,11.954141928632195,1.8034756412255972,13.224087340251558,1.9992533629235836,11.954141928632195,1.8034756412255972,0.0,0.0
23.64166666679616,0.35234570717513625,0.007664822702104812,0.0,220.93828287005437,139.52332492424748,4.55693257820244e-05,0.00017944202044367722,0.0,0.0,1.0,1.0,11.95414192863217,1.802223662365438,13.224087340251552,1.997865474494143,11.95414192863217,1.802223662365438,0.0,0.0
23.650000000129978,0.3523422932191956,0.007651311262252352,0.0,220.93691728767809,139.51931438792462,4.5469879072344236e-05,0.00017896775217561312,0.0,0.0,1.0,1.0,11.954141928632158,1.800972552633182,13.224087340251561,1.9964785495415254,11.954141928632158,1.800972552633182,0.0,0.0
23.658333333463794,0.352338886710872,0.0076378354372355715,0.0,220.93555468434866,139.5153150754956,4.5370721517940854e-05,0.0001784951509511344,0.0,0.0,1.0,1.0,11.954141928632144,1.7997223114254826,13.224087340251561,1.9950925873968994,11.954141928632144,1.7997223114254826,0.0,0.0
23.666666666797614,0.3523354876285185,0.007624395102231663,0.0,220.93419505140727,139.51132694571805,4.5271852068628945e-05,0.00017802420946291597,0.0,0.0,1.0,1.0,11.95414192863215,1.7984729381394082,13.22408734025154,1.993707587391869,11.95414192863215,1.7984729381394082,0.0,0.0
23.675000000131433,0.35233209595056664,0.007610990132963304,0.0,220.9328383802265,139.50734995753677,4.517326967879881e-05,0.00017755492044198626,0.0,0.0,1.0,1.0,11.954141928632131,1.7972244321724442,13.224087340251534,1.9923235488585114,11.954141928632131,1.7972244321724442,0.0,0.0
23.68333333346525,0.3523287116555261,0.007597620405695789,0.0,220.9314846622103,139.50338407008272,4.507497330738705e-05,0.0001770872766574925,0.0,0.0,1.0,1.0,11.954141928632145,1.7959767929224928,13.224087340251584,1.9909404711293717,11.954141928632145,1.7959767929224928,0.0,0.0
23.69166666679907,0.35232533472198446,0.0075842857972342435,0.0,220.93013388879365,139.49942924267216,4.497696191785835e-05,0.0001766212709164697,0.0,0.0,1.0,1.0,11.954141928632149,1.7947300197878757,13.224087340251552,1.9895583535374588,11.954141928632149,1.7947300197878757,0.0,0.0
23.70000000013289,0.35232196512860703,0.007570986184920769,0.0,220.92878605144267,139.49548543480546,4.4879234478185297e-05,0.00017615689606360817,0.0,0.0,1.0,1.0,11.954141928632136,1.7934841121673377,13.224087340251566,1.9881771954162402,11.954141928632136,1.7934841121673377,0.0,0.0
23.708333333466705,0.3523186028541362,0.007557721446631654,0.0,220.92744114165436,139.4915526061662,4.4781789960815935e-05,0.0001756941449810247,0.0,0.0,1.0,1.0,11.954141928632131,1.7922390694600248,13.224087340251607,1.9867969960996512,11.954141928632131,1.7922390694600248,0.0,0.0
23.716666666800524,0.3523152478773914,0.007544491460774577,0.0,220.92609915095642,139.48763071662017,4.468462734266317e-05,0.00017523301058803404,0.0,0.0,1.0,1.0,11.95414192863212,1.7909948910655298,13.2240873402516,1.9854177549220835,11.95414192863212,1.7909948910655298,0.0,0.0
23.725000000134344,0.3523119001772683,0.0075312961062858645,0.0,220.9247600709072,139.48371972621447,4.458774560507182e-05,0.00017477348584092338,0.0,0.0,1.0,1.0,11.954141928632135,1.7897515763838245,13.224087340251598,1.984039471218394,11.954141928632135,1.7897515763838245,0.0,0.0
23.73333333346816,0.35230855973273933,0.007518135262627673,0.0,220.9234238930956,139.4798195951764,4.4491143733803395e-05,0.00017431556373272578,0.0,0.0,1.0,1.0,11.954141928632126,1.788509124815335,13.224087340251625,1.9826621443239008,11.954141928632126,1.788509124815335,0.0,0.0
23.74166666680198,0.35230522652285234,0.007505008809785343,0.0,220.92209060914078,139.47593028391256,4.4394820719009676e-05,0.00017385923729299925,0.0,0.0,1.0,1.0,11.954141928632133,1.7872675357608692,13.224087340251625,1.9812857735743827,11.954141928632133,1.7872675357608692,0.0,0.0
23.7500000001358,0.3523019005267311,0.00749191662826462,0.0,220.9207602106923,139.4720517530079,4.429877555521521e-05,0.00017340449958760384,0.0,0.0,1.0,1.0,11.954141928632124,1.7860268086216802,13.224087340251627,1.9799103583060838,11.954141928632124,1.7860268086216802,0.0,0.0
23.758333333469615,0.3522985817235744,0.0074788585990889864,0.0,220.91943268942964,139.46818396322467,4.420300724128794e-05,0.000172951343718482,0.0,0.0,1.0,1.0,11.954141928632119,1.7847869427994068,13.224087340251616,1.978535897855706,11.954141928632119,1.7847869427994068,0.0,0.0
23.766666666803435,0.3522952700926561,0.00746583460379693,0.0,220.9181080370623,139.46432687550177,4.41075147804226e-05,0.00017249976282343883,0.0,0.0,1.0,1.0,11.954141928632133,1.7835479376961407,13.224087340251637,1.9771623915604062,11.954141928632133,1.7835479376961407,0.0,0.0
23.775000000137254,0.3522919656133246,0.00745284452443934,0.0,220.91678624532972,139.46048045095336,4.4012297180121086e-05,0.00017204975007592674,0.0,0.0,1.0,1.0,11.95414192863214,1.7823097927143485,13.224087340251627,1.975789838757819,11.95414192863214,1.7823097927143485,0.0,0.0
23.78333333347107,0.3522886682650025,0.007439888243576769,0.0,220.91546730600083,139.45664465086827,4.391735345215852e-05,0.00017160129868482762,0.0,0.0,1.0,1.0,11.954141928632172,1.7810725072569529,13.224087340251646,1.9744182387860094,11.954141928632172,1.7810725072569529,0.0,0.0
23.79166666680489,0.35228537802718624,0.007426965644276895,0.0,220.91415121087437,139.45281943670892,4.382268261257563e-05,0.0001711544018942416,0.0,0.0,1.0,1.0,11.954141928632174,1.7798360807272424,13.224087340251673,1.9730475909835317,11.954141928632174,1.7798360807272424,0.0,0.0
23.80000000013871,0.3522820948794465,0.007414076610111811,0.0,220.91283795177847,139.4490047701104,4.372828368166103e-05,0.00017070905298327167,0.0,0.0,1.0,1.0,11.9541419286322,1.7786005125289754,13.224087340251673,1.9716778946893792,11.9541419286322,1.7786005125289754,0.0,0.0
23.808333333472525,0.3522788188014266,0.0074012210251554805,0.0,220.9115275205705,139.44520061287963,4.363415568390544e-05,0.0001702652452658144,0.0,0.0,1.0,1.0,11.95414192863221,1.7773658020662728,13.224087340251671,1.970309149243016,11.95414192863221,1.7773658020662728,0.0,0.0
23.816666666806345,0.35227554977284314,0.0073883987739811275,0.0,220.9102199091371,139.44140692699435,4.354029764800557e-05,0.00016982297209034946,0.0,0.0,1.0,1.0,11.9541419286322,1.7761319487437084,13.224087340251694,1.9689413539843599,11.9541419286322,1.7761319487437084,0.0,0.0
23.825000000140165,0.35227228777348535,0.00737560974165864,0.0,220.908915109394,139.43762367460226,4.344670860683139e-05,0.00016938222683973107,0.0,0.0,1.0,1.0,11.954141928632204,1.7748989519662355,13.224087340251703,1.9675745082537879,11.954141928632204,1.7748989519662355,0.0,0.0
23.83333333347398,0.35226903278321503,0.007362853813752044,0.0,220.90761311328586,139.43385081802015,4.335338759740853e-05,0.0001689430029309816,0.0,0.0,1.0,1.0,11.954141928632236,1.773666811139256,13.224087340251693,1.9662086113921269,11.954141928632236,1.773666811139256,0.0,0.0
23.8416666668078,0.35226578478196574,0.00735013087631693,0.0,220.90631391278617,139.43008831973293,4.326033366089609e-05,0.0001685052938150858,0.0,0.0,1.0,1.0,11.954141928632222,1.7724355256685516,13.2240873402517,1.9648436627406813,11.954141928632222,1.7724355256685516,0.0,0.0
23.85000000014162,0.3522625437497431,0.007337440815897954,0.0,220.9050174998971,139.42633614239267,4.3167545842566034e-05,0.00016806909297678726,0.0,0.0,1.0,1.0,11.954141928632234,1.7712050949603404,13.22408734025171,1.9634796616411958,11.954141928632234,1.7712050949603404,0.0,0.0
23.858333333475436,0.352259309666624,0.00732478351952629,0.0,220.90372386664944,139.42259424881797,4.307502319178274e-05,0.00016763439393438492,0.0,0.0,1.0,1.0,11.954141928632227,1.769975518421235,13.224087340251735,1.9621166074358716,11.954141928632227,1.769975518421235,0.0,0.0
23.866666666809255,0.3522560825127565,0.007312158874717183,0.0,220.90243300510244,139.41886260199288,4.298276476198485e-05,0.0001672011902395336,0.0,0.0,1.0,1.0,11.954141928632227,1.7687467954582747,13.22408734025176,1.9607544994673756,11.954141928632227,1.7687467954582747,0.0,0.0
23.875000000143075,0.35225286226835945,0.007299566769467418,0.0,220.90114490734362,139.415141165066,4.28907696106579e-05,0.00016676947547704203,0.0,0.0,1.0,1.0,11.954141928632248,1.7675189254789057,13.224087340251742,1.9593933370788277,11.954141928632248,1.7675189254789057,0.0,0.0
23.88333333347689,0.35224964891372235,0.007287007092252865,0.0,220.89985956548878,139.4114299013497,4.2799036799323464e-05,0.00016633924326467562,0.0,0.0,1.0,1.0,11.95414192863226,1.7662919078909802,13.22408734025172,1.9580331196138054,11.95414192863226,1.7662919078909802,0.0,0.0
23.89166666681071,0.35224644242920483,0.007274479732026032,0.0,220.8985769716818,139.40772877431922,4.270756539351263e-05,0.00016591048725295913,0.0,0.0,1.0,1.0,11.954141928632271,1.7650657421027713,13.224087340251693,1.9566738464163325,11.954141928632271,1.7650657421027713,0.0,0.0
23.90000000014453,0.35224324279523656,0.0072619845782136245,0.0,220.89729711809449,139.40403774761194,4.2616354462749036e-05,0.0001654832011249805,0.0,0.0,1.0,1.0,11.954141928632252,1.7638404275229433,13.224087340251689,1.955315516830902,11.954141928632252,1.7638404275229433,0.0,0.0
23.908333333478346,0.35224004999231684,0.0072495215207141,0.0,220.89601999692658,139.40035678502625,4.2525403080528025e-05,0.00016505737859619636,0.0,0.0,1.0,1.0,11.95414192863223,1.762615963560597,13.224087340251716,1.9539581302024502,11.95414192863223,1.762615963560597,0.0,0.0
23.916666666812166,0.3522368640010143,0.007237090449895326,0.0,220.89474560040557,139.39668585052092,4.243471032429974e-05,0.00016463301341424052,0.0,0.0,1.0,1.0,11.954141928632248,1.7613923496252195,13.224087340251724,1.9526016858763748,11.954141928632248,1.7613923496252195,0.0,0.0
23.925000000145985,0.35223368480196643,0.007224691256592076,0.0,220.89347392078645,139.3930249082142,4.2344275275439006e-05,0.00016421009935872936,0.0,0.0,1.0,1.0,11.954141928632225,1.7601695851267436,13.22408734025171,1.951246183198526,11.954141928632225,1.7601695851267436,0.0,0.0
23.9333333334798,0.35223051237587966,0.007212323832103732,0.0,220.89220495035173,139.3893739223829,4.225409701923415e-05,0.00016378863024107314,0.0,0.0,1.0,1.0,11.954141928632188,1.7589476694754542,13.224087340251723,1.9498916215152136,11.954141928632188,1.7589476694754542,0.0,0.0
23.94166666681362,0.35222734670352895,0.00719998806819189,0.0,220.89093868141143,139.3857328574618,4.2164174644879015e-05,0.000163368599904287,0.0,0.0,1.0,1.0,11.954141928632156,1.7577266020821216,13.224087340251694,1.948538000173188,11.954141928632156,1.7577266020821216,0.0,0.0
23.95000000014744,0.35222418776575715,0.007187683857078021,0.0,220.88967510630272,139.3821016780424,4.207450724542484e-05,0.00016295000222280202,0.0,0.0,1.0,1.0,11.954141928632158,1.7565063823578235,13.224087340251685,1.9471853185196628,11.954141928632158,1.7565063823578235,0.0,0.0
23.958333333481256,0.3522210355434753,0.007175411091441094,0.0,220.88841421738996,139.37848034887259,4.198509391778905e-05,0.00016253283110227897,0.0,0.0,1.0,1.0,11.954141928632161,1.7552870097141684,13.224087340251671,1.9458335759023089,11.954141928632161,1.7552870097141684,0.0,0.0
23.966666666815076,0.3522178900176617,0.007163169664415297,0.0,220.88715600706453,139.37486883485545,4.189593376271988e-05,0.00016211708047942345,0.0,0.0,1.0,1.0,11.954141928632163,1.7540684835630522,13.22408734025165,1.9444827716692372,11.954141928632163,1.7540684835630522,0.0,0.0
23.975000000148896,0.35221475116936224,0.007150959469587682,0.0,220.88590046774476,139.3712671010486,4.1807025884782356e-05,0.00016170274432180027,0.0,0.0,1.0,1.0,11.954141928632177,1.7528508033168912,13.224087340251621,1.9431329051690258,11.954141928632177,1.7528508033168912,0.0,0.0
23.98333333348271,0.35221161897968983,0.007138780400995916,0.0,220.8846475918758,139.36767511266336,4.1718369392343586e-05,0.00016128981662765288,0.0,0.0,1.0,1.0,11.954141928632179,1.751633968388407,13.22408734025161,1.941783975750693,11.954141928632179,1.751633968388407,0.0,0.0
23.99166666681653,0.35220849342982374,0.007126632353125949,0.0,220.88339737192933,139.364092835064,4.162996339754161e-05,0.00016087829142571948,0.0,0.0,1.0,1.0,11.954141928632161,1.7504179781908122,13.224087340251629,1.9404359827637123,11.954141928632161,1.7504179781908122,0.0,0.0
24.00000000015035,0.3522053745010101,0.007114515220909763,0.0,220.8821498004039,139.36052023376683,4.154180701628336e-05,0.00016046816277505354,0.0,0.0,1.0,1.0,11.954141928632147,1.7492028321376667,13.22408734025161,1.939088925558008,11.954141928632147,1.7492028321376667,0.0,0.0
